settimana,regione,canale,campagna,spesa,impressioni,clic,conversioni_piattaforma
2024-01-01,Abruzzo,Indeed,AZ_IT_INDEED_DISPLAY_RETE,13.36,2320,12,1
2024-01-01,Abruzzo,Indeed,AZ_IT_INDEED_RETARGETING_CANDIDATI,9.58,1061,18,1
2024-01-01,Abruzzo,Indeed,AZ_IT_INDEED_SPONSORED_JOBS,72.30,3416,133,4
2024-01-01,Basilicata,Indeed,AZ_IT_INDEED_DISPLAY_RETE,4.01,655,3,0
2024-01-01,Basilicata,Indeed,AZ_IT_INDEED_RETARGETING_CANDIDATI,4.61,523,10,0
2024-01-01,Basilicata,Indeed,AZ_IT_INDEED_SPONSORED_JOBS,18.37,837,32,1
2024-01-01,Calabria,Indeed,AZ_IT_INDEED_DISPLAY_RETE,15.57,2692,12,1
2024-01-01,Calabria,Indeed,AZ_IT_INDEED_RETARGETING_CANDIDATI,19.53,1997,33,1
2024-01-01,Calabria,Indeed,AZ_IT_INDEED_SPONSORED_JOBS,107.56,4907,213,8
2024-01-01,Campania,Indeed,AZ_IT_INDEED_DISPLAY_RETE,62.55,10502,48,2
2024-01-01,Campania,Indeed,AZ_IT_INDEED_RETARGETING_CANDIDATI,23.76,2597,48,2
2024-01-01,Campania,Indeed,AZ_IT_INDEED_SPONSORED_JOBS,157.00,6771,285,10
2024-01-01,Emilia-Romagna,Indeed,AZ_IT_INDEED_DISPLAY_RETE,25.28,4186,21,1
2024-01-01,Emilia-Romagna,Indeed,AZ_IT_INDEED_RETARGETING_CANDIDATI,37.89,4493,82,2
2024-01-01,Emilia-Romagna,Indeed,AZ_IT_INDEED_SPONSORED_JOBS,229.10,10224,443,13
2024-01-01,Friuli-Venezia Giulia,Indeed,AZ_IT_INDEED_DISPLAY_RETE,10.75,1764,10,0
2024-01-01,Friuli-Venezia Giulia,Indeed,AZ_IT_INDEED_RETARGETING_CANDIDATI,6.87,798,16,1
2024-01-01,Friuli-Venezia Giulia,Indeed,AZ_IT_INDEED_SPONSORED_JOBS,45.79,2196,87,4
2024-01-01,Lazio,Indeed,AZ_IT_INDEED_DISPLAY_RETE,64.31,10642,57,2
2024-01-01,Lazio,Indeed,AZ_IT_INDEED_RETARGETING_CANDIDATI,55.12,5852,109,4
2024-01-01,Lazio,Indeed,AZ_IT_INDEED_SPONSORED_JOBS,184.75,8001,326,15
2024-01-01,Liguria,Indeed,AZ_IT_INDEED_DISPLAY_RETE,12.69,2105,11,0
2024-01-01,Liguria,Indeed,AZ_IT_INDEED_RETARGETING_CANDIDATI,9.56,1012,20,1
2024-01-01,Liguria,Indeed,AZ_IT_INDEED_SPONSORED_JOBS,40.16,1810,78,2
2024-01-01,Lombardia,Indeed,AZ_IT_INDEED_DISPLAY_RETE,107.06,17099,95,4
2024-01-01,Lombardia,Indeed,AZ_IT_INDEED_RETARGETING_CANDIDATI,60.34,6402,108,5
2024-01-01,Lombardia,Indeed,AZ_IT_INDEED_SPONSORED_JOBS,436.32,19675,761,35
2024-01-01,Marche,Indeed,AZ_IT_INDEED_DISPLAY_RETE,12.83,2126,10,1
2024-01-01,Marche,Indeed,AZ_IT_INDEED_RETARGETING_CANDIDATI,9.86,1068,20,1
2024-01-01,Marche,Indeed,AZ_IT_INDEED_SPONSORED_JOBS,32.97,1508,66,5
2024-01-01,Molise,Indeed,AZ_IT_INDEED_DISPLAY_RETE,2.78,464,2,0
2024-01-01,Molise,Indeed,AZ_IT_INDEED_RETARGETING_CANDIDATI,2.97,330,6,0
2024-01-01,Molise,Indeed,AZ_IT_INDEED_SPONSORED_JOBS,7.45,342,14,1
2024-01-01,Piemonte,Indeed,AZ_IT_INDEED_DISPLAY_RETE,42.80,6865,32,2
2024-01-01,Piemonte,Indeed,AZ_IT_INDEED_RETARGETING_CANDIDATI,34.26,3906,73,4
2024-01-01,Piemonte,Indeed,AZ_IT_INDEED_SPONSORED_JOBS,122.54,5472,245,15
2024-01-01,Puglia,Indeed,AZ_IT_INDEED_DISPLAY_RETE,53.18,8739,44,3
2024-01-01,Puglia,Indeed,AZ_IT_INDEED_RETARGETING_CANDIDATI,40.25,4618,78,4
2024-01-01,Puglia,Indeed,AZ_IT_INDEED_SPONSORED_JOBS,96.73,4505,197,10
2024-01-01,Sardegna,Indeed,AZ_IT_INDEED_DISPLAY_RETE,12.09,1990,9,0
2024-01-01,Sardegna,Indeed,AZ_IT_INDEED_RETARGETING_CANDIDATI,13.12,1539,27,1
2024-01-01,Sardegna,Indeed,AZ_IT_INDEED_SPONSORED_JOBS,88.47,3940,143,5
2024-01-01,Sicilia,Indeed,AZ_IT_INDEED_DISPLAY_RETE,51.91,8304,44,1
2024-01-01,Sicilia,Indeed,AZ_IT_INDEED_RETARGETING_CANDIDATI,29.94,3465,65,2
2024-01-01,Sicilia,Indeed,AZ_IT_INDEED_SPONSORED_JOBS,180.29,8324,328,10
2024-01-01,Toscana,Indeed,AZ_IT_INDEED_DISPLAY_RETE,41.77,7213,31,1
2024-01-01,Toscana,Indeed,AZ_IT_INDEED_RETARGETING_CANDIDATI,41.89,4328,82,4
2024-01-01,Toscana,Indeed,AZ_IT_INDEED_SPONSORED_JOBS,144.82,6266,215,11
2024-01-01,Trentino-Alto Adige,Indeed,AZ_IT_INDEED_DISPLAY_RETE,8.52,1420,7,0
2024-01-01,Trentino-Alto Adige,Indeed,AZ_IT_INDEED_RETARGETING_CANDIDATI,13.18,1444,24,1
2024-01-01,Trentino-Alto Adige,Indeed,AZ_IT_INDEED_SPONSORED_JOBS,44.10,1955,69,4
2024-01-01,Umbria,Indeed,AZ_IT_INDEED_DISPLAY_RETE,5.54,877,5,0
2024-01-01,Umbria,Indeed,AZ_IT_INDEED_RETARGETING_CANDIDATI,7.64,814,13,0
2024-01-01,Umbria,Indeed,AZ_IT_INDEED_SPONSORED_JOBS,28.83,1249,48,2
2024-01-01,Valle d'Aosta,Indeed,AZ_IT_INDEED_DISPLAY_RETE,1.12,190,1,0
2024-01-01,Valle d'Aosta,Indeed,AZ_IT_INDEED_RETARGETING_CANDIDATI,0.84,100,2,0
2024-01-01,Valle d'Aosta,Indeed,AZ_IT_INDEED_SPONSORED_JOBS,5.87,268,12,0
2024-01-01,Veneto,Indeed,AZ_IT_INDEED_DISPLAY_RETE,54.96,8967,45,3
2024-01-01,Veneto,Indeed,AZ_IT_INDEED_RETARGETING_CANDIDATI,61.24,6730,130,6
2024-01-01,Veneto,Indeed,AZ_IT_INDEED_SPONSORED_JOBS,167.81,7686,315,20
2024-01-08,Abruzzo,Indeed,AZ_IT_INDEED_DISPLAY_RETE,13.44,2150,11,0
2024-01-08,Abruzzo,Indeed,AZ_IT_INDEED_RETARGETING_CANDIDATI,13.79,1499,29,1
2024-01-08,Abruzzo,Indeed,AZ_IT_INDEED_SPONSORED_JOBS,80.86,3625,153,6
2024-01-08,Basilicata,Indeed,AZ_IT_INDEED_DISPLAY_RETE,4.24,704,4,0
2024-01-08,Basilicata,Indeed,AZ_IT_INDEED_RETARGETING_CANDIDATI,5.73,652,13,0
2024-01-08,Basilicata,Indeed,AZ_IT_INDEED_SPONSORED_JOBS,20.30,928,37,1
2024-01-08,Calabria,Indeed,AZ_IT_INDEED_DISPLAY_RETE,17.20,3017,18,1
2024-01-08,Calabria,Indeed,AZ_IT_INDEED_RETARGETING_CANDIDATI,25.56,2820,51,2
2024-01-08,Calabria,Indeed,AZ_IT_INDEED_SPONSORED_JOBS,120.93,5291,212,9
2024-01-08,Campania,Indeed,AZ_IT_INDEED_DISPLAY_RETE,68.48,11405,58,2
2024-01-08,Campania,Indeed,AZ_IT_INDEED_RETARGETING_CANDIDATI,35.57,4086,66,3
2024-01-08,Campania,Indeed,AZ_IT_INDEED_SPONSORED_JOBS,168.55,7932,340,13
2024-01-08,Emilia-Romagna,Indeed,AZ_IT_INDEED_DISPLAY_RETE,35.54,5813,30,1
2024-01-08,Emilia-Romagna,Indeed,AZ_IT_INDEED_RETARGETING_CANDIDATI,58.50,6385,127,3
2024-01-08,Emilia-Romagna,Indeed,AZ_IT_INDEED_SPONSORED_JOBS,243.64,11353,460,15
2024-01-08,Friuli-Venezia Giulia,Indeed,AZ_IT_INDEED_DISPLAY_RETE,12.32,2096,10,1
2024-01-08,Friuli-Venezia Giulia,Indeed,AZ_IT_INDEED_RETARGETING_CANDIDATI,9.09,1039,19,1
2024-01-08,Friuli-Venezia Giulia,Indeed,AZ_IT_INDEED_SPONSORED_JOBS,54.09,2385,96,5
2024-01-08,Lazio,Indeed,AZ_IT_INDEED_DISPLAY_RETE,80.53,13106,66,3
2024-01-08,Lazio,Indeed,AZ_IT_INDEED_RETARGETING_CANDIDATI,80.11,8231,166,6
2024-01-08,Lazio,Indeed,AZ_IT_INDEED_SPONSORED_JOBS,224.01,9799,416,18
2024-01-08,Liguria,Indeed,AZ_IT_INDEED_DISPLAY_RETE,17.92,3125,14,1
2024-01-08,Liguria,Indeed,AZ_IT_INDEED_RETARGETING_CANDIDATI,12.40,1485,25,1
2024-01-08,Liguria,Indeed,AZ_IT_INDEED_SPONSORED_JOBS,44.52,1990,75,3
2024-01-08,Lombardia,Indeed,AZ_IT_INDEED_DISPLAY_RETE,129.24,21486,109,6
2024-01-08,Lombardia,Indeed,AZ_IT_INDEED_RETARGETING_CANDIDATI,89.79,10205,196,9
2024-01-08,Lombardia,Indeed,AZ_IT_INDEED_SPONSORED_JOBS,475.84,21740,902,53
2024-01-08,Marche,Indeed,AZ_IT_INDEED_DISPLAY_RETE,16.05,2728,14,1
2024-01-08,Marche,Indeed,AZ_IT_INDEED_RETARGETING_CANDIDATI,14.01,1574,26,3
2024-01-08,Marche,Indeed,AZ_IT_INDEED_SPONSORED_JOBS,43.36,1975,82,7
2024-01-08,Molise,Indeed,AZ_IT_INDEED_DISPLAY_RETE,3.25,514,3,0
2024-01-08,Molise,Indeed,AZ_IT_INDEED_RETARGETING_CANDIDATI,4.35,476,9,1
2024-01-08,Molise,Indeed,AZ_IT_INDEED_SPONSORED_JOBS,7.48,328,12,1
2024-01-08,Piemonte,Indeed,AZ_IT_INDEED_DISPLAY_RETE,48.18,8038,44,3
2024-01-08,Piemonte,Indeed,AZ_IT_INDEED_RETARGETING_CANDIDATI,44.95,4992,80,6
2024-01-08,Piemonte,Indeed,AZ_IT_INDEED_SPONSORED_JOBS,163.94,7344,278,17
2024-01-08,Puglia,Indeed,AZ_IT_INDEED_DISPLAY_RETE,56.59,9121,50,3
2024-01-08,Puglia,Indeed,AZ_IT_INDEED_RETARGETING_CANDIDATI,56.97,6323,114,7
2024-01-08,Puglia,Indeed,AZ_IT_INDEED_SPONSORED_JOBS,92.39,4234,166,12
2024-01-08,Sardegna,Indeed,AZ_IT_INDEED_DISPLAY_RETE,15.22,2513,14,0
2024-01-08,Sardegna,Indeed,AZ_IT_INDEED_RETARGETING_CANDIDATI,20.04,2215,40,1
2024-01-08,Sardegna,Indeed,AZ_IT_INDEED_SPONSORED_JOBS,90.65,4064,161,7
2024-01-08,Sicilia,Indeed,AZ_IT_INDEED_DISPLAY_RETE,56.01,9394,43,1
2024-01-08,Sicilia,Indeed,AZ_IT_INDEED_RETARGETING_CANDIDATI,36.61,4105,71,2
2024-01-08,Sicilia,Indeed,AZ_IT_INDEED_SPONSORED_JOBS,176.52,8035,341,10
2024-01-08,Toscana,Indeed,AZ_IT_INDEED_DISPLAY_RETE,45.90,7546,40,2
2024-01-08,Toscana,Indeed,AZ_IT_INDEED_RETARGETING_CANDIDATI,57.60,6379,115,5
2024-01-08,Toscana,Indeed,AZ_IT_INDEED_SPONSORED_JOBS,159.66,7461,286,15
2024-01-08,Trentino-Alto Adige,Indeed,AZ_IT_INDEED_DISPLAY_RETE,10.17,1670,9,1
2024-01-08,Trentino-Alto Adige,Indeed,AZ_IT_INDEED_RETARGETING_CANDIDATI,16.62,1845,31,2
2024-01-08,Trentino-Alto Adige,Indeed,AZ_IT_INDEED_SPONSORED_JOBS,52.90,2356,90,5
2024-01-08,Umbria,Indeed,AZ_IT_INDEED_DISPLAY_RETE,7.09,1230,7,0
2024-01-08,Umbria,Indeed,AZ_IT_INDEED_RETARGETING_CANDIDATI,10.22,1122,20,1
2024-01-08,Umbria,Indeed,AZ_IT_INDEED_SPONSORED_JOBS,36.34,1694,73,2
2024-01-08,Valle d'Aosta,Indeed,AZ_IT_INDEED_DISPLAY_RETE,1.33,206,1,0
2024-01-08,Valle d'Aosta,Indeed,AZ_IT_INDEED_RETARGETING_CANDIDATI,1.02,113,2,0
2024-01-08,Valle d'Aosta,Indeed,AZ_IT_INDEED_SPONSORED_JOBS,7.13,323,14,1
2024-01-08,Veneto,Indeed,AZ_IT_INDEED_DISPLAY_RETE,59.91,10212,51,3
2024-01-08,Veneto,Indeed,AZ_IT_INDEED_RETARGETING_CANDIDATI,84.38,9448,160,10
2024-01-08,Veneto,Indeed,AZ_IT_INDEED_SPONSORED_JOBS,162.36,7342,322,17
2024-01-15,Abruzzo,Indeed,AZ_IT_INDEED_DISPLAY_RETE,16.29,2697,13,1
2024-01-15,Abruzzo,Indeed,AZ_IT_INDEED_RETARGETING_CANDIDATI,13.58,1516,27,1
2024-01-15,Abruzzo,Indeed,AZ_IT_INDEED_SPONSORED_JOBS,67.97,2960,112,6
2024-01-15,Basilicata,Indeed,AZ_IT_INDEED_DISPLAY_RETE,5.11,835,5,0
2024-01-15,Basilicata,Indeed,AZ_IT_INDEED_RETARGETING_CANDIDATI,5.14,571,11,0
2024-01-15,Basilicata,Indeed,AZ_IT_INDEED_SPONSORED_JOBS,20.70,962,37,1
2024-01-15,Calabria,Indeed,AZ_IT_INDEED_DISPLAY_RETE,23.09,3784,19,1
2024-01-15,Calabria,Indeed,AZ_IT_INDEED_RETARGETING_CANDIDATI,21.15,2333,39,2
2024-01-15,Calabria,Indeed,AZ_IT_INDEED_SPONSORED_JOBS,110.15,5296,191,8
2024-01-15,Campania,Indeed,AZ_IT_INDEED_DISPLAY_RETE,88.40,14846,83,3
2024-01-15,Campania,Indeed,AZ_IT_INDEED_RETARGETING_CANDIDATI,42.98,4860,88,4
2024-01-15,Campania,Indeed,AZ_IT_INDEED_SPONSORED_JOBS,170.72,7512,252,15
2024-01-15,Emilia-Romagna,Indeed,AZ_IT_INDEED_DISPLAY_RETE,38.27,6473,30,1
2024-01-15,Emilia-Romagna,Indeed,AZ_IT_INDEED_RETARGETING_CANDIDATI,55.03,6000,100,3
2024-01-15,Emilia-Romagna,Indeed,AZ_IT_INDEED_SPONSORED_JOBS,244.43,10791,404,15
2024-01-15,Friuli-Venezia Giulia,Indeed,AZ_IT_INDEED_DISPLAY_RETE,15.26,2496,13,1
2024-01-15,Friuli-Venezia Giulia,Indeed,AZ_IT_INDEED_RETARGETING_CANDIDATI,8.00,843,17,1
2024-01-15,Friuli-Venezia Giulia,Indeed,AZ_IT_INDEED_SPONSORED_JOBS,43.93,2089,82,4
2024-01-15,Lazio,Indeed,AZ_IT_INDEED_DISPLAY_RETE,100.30,16851,85,4
2024-01-15,Lazio,Indeed,AZ_IT_INDEED_RETARGETING_CANDIDATI,66.59,7382,137,5
2024-01-15,Lazio,Indeed,AZ_IT_INDEED_SPONSORED_JOBS,208.37,9650,401,23
2024-01-15,Liguria,Indeed,AZ_IT_INDEED_DISPLAY_RETE,22.86,3579,16,1
2024-01-15,Liguria,Indeed,AZ_IT_INDEED_RETARGETING_CANDIDATI,10.33,1179,19,1
2024-01-15,Liguria,Indeed,AZ_IT_INDEED_SPONSORED_JOBS,47.88,2131,92,5
2024-01-15,Lombardia,Indeed,AZ_IT_INDEED_DISPLAY_RETE,136.69,23438,123,6
2024-01-15,Lombardia,Indeed,AZ_IT_INDEED_RETARGETING_CANDIDATI,78.16,8819,179,8
2024-01-15,Lombardia,Indeed,AZ_IT_INDEED_SPONSORED_JOBS,461.85,22048,897,45
2024-01-15,Marche,Indeed,AZ_IT_INDEED_DISPLAY_RETE,19.05,3195,17,2
2024-01-15,Marche,Indeed,AZ_IT_INDEED_RETARGETING_CANDIDATI,11.30,1287,24,2
2024-01-15,Marche,Indeed,AZ_IT_INDEED_SPONSORED_JOBS,48.62,2179,98,8
2024-01-15,Molise,Indeed,AZ_IT_INDEED_DISPLAY_RETE,4.23,674,3,0
2024-01-15,Molise,Indeed,AZ_IT_INDEED_RETARGETING_CANDIDATI,3.90,428,7,1
2024-01-15,Molise,Indeed,AZ_IT_INDEED_SPONSORED_JOBS,6.77,308,12,1
2024-01-15,Piemonte,Indeed,AZ_IT_INDEED_DISPLAY_RETE,55.46,9552,48,3
2024-01-15,Piemonte,Indeed,AZ_IT_INDEED_RETARGETING_CANDIDATI,42.80,4821,102,6
2024-01-15,Piemonte,Indeed,AZ_IT_INDEED_SPONSORED_JOBS,148.57,6821,306,18
2024-01-15,Puglia,Indeed,AZ_IT_INDEED_DISPLAY_RETE,62.02,10447,49,3
2024-01-15,Puglia,Indeed,AZ_IT_INDEED_RETARGETING_CANDIDATI,44.99,5313,95,5
2024-01-15,Puglia,Indeed,AZ_IT_INDEED_SPONSORED_JOBS,109.47,5090,196,13
2024-01-15,Sardegna,Indeed,AZ_IT_INDEED_DISPLAY_RETE,16.40,2750,15,1
2024-01-15,Sardegna,Indeed,AZ_IT_INDEED_RETARGETING_CANDIDATI,19.22,2061,33,1
2024-01-15,Sardegna,Indeed,AZ_IT_INDEED_SPONSORED_JOBS,78.47,3614,153,6
2024-01-15,Sicilia,Indeed,AZ_IT_INDEED_DISPLAY_RETE,71.23,11569,51,2
2024-01-15,Sicilia,Indeed,AZ_IT_INDEED_RETARGETING_CANDIDATI,30.14,3400,67,2
2024-01-15,Sicilia,Indeed,AZ_IT_INDEED_SPONSORED_JOBS,181.14,8743,364,12
2024-01-15,Toscana,Indeed,AZ_IT_INDEED_DISPLAY_RETE,53.20,8549,37,2
2024-01-15,Toscana,Indeed,AZ_IT_INDEED_RETARGETING_CANDIDATI,58.22,6400,118,5
2024-01-15,Toscana,Indeed,AZ_IT_INDEED_SPONSORED_JOBS,148.15,7011,311,14
2024-01-15,Trentino-Alto Adige,Indeed,AZ_IT_INDEED_DISPLAY_RETE,13.23,2152,11,1
2024-01-15,Trentino-Alto Adige,Indeed,AZ_IT_INDEED_RETARGETING_CANDIDATI,13.23,1528,30,2
2024-01-15,Trentino-Alto Adige,Indeed,AZ_IT_INDEED_SPONSORED_JOBS,49.01,2333,106,6
2024-01-15,Umbria,Indeed,AZ_IT_INDEED_DISPLAY_RETE,7.82,1413,7,0
2024-01-15,Umbria,Indeed,AZ_IT_INDEED_RETARGETING_CANDIDATI,11.07,1231,22,1
2024-01-15,Umbria,Indeed,AZ_IT_INDEED_SPONSORED_JOBS,36.82,1641,62,2
2024-01-15,Valle d'Aosta,Indeed,AZ_IT_INDEED_DISPLAY_RETE,1.79,296,2,0
2024-01-15,Valle d'Aosta,Indeed,AZ_IT_INDEED_RETARGETING_CANDIDATI,0.88,97,2,0
2024-01-15,Valle d'Aosta,Indeed,AZ_IT_INDEED_SPONSORED_JOBS,6.31,289,10,0
2024-01-15,Veneto,Indeed,AZ_IT_INDEED_DISPLAY_RETE,72.16,12266,63,4
2024-01-15,Veneto,Indeed,AZ_IT_INDEED_RETARGETING_CANDIDATI,79.64,8480,140,11
2024-01-15,Veneto,Indeed,AZ_IT_INDEED_SPONSORED_JOBS,157.14,7504,303,18
2024-01-22,Abruzzo,Indeed,AZ_IT_INDEED_DISPLAY_RETE,19.24,3279,18,1
2024-01-22,Abruzzo,Indeed,AZ_IT_INDEED_RETARGETING_CANDIDATI,21.73,2347,40,1
2024-01-22,Abruzzo,Indeed,AZ_IT_INDEED_SPONSORED_JOBS,102.33,4596,194,6
2024-01-22,Basilicata,Indeed,AZ_IT_INDEED_DISPLAY_RETE,7.20,1265,6,0
2024-01-22,Basilicata,Indeed,AZ_IT_INDEED_RETARGETING_CANDIDATI,6.73,740,13,0
2024-01-22,Basilicata,Indeed,AZ_IT_INDEED_SPONSORED_JOBS,29.13,1309,54,1
2024-01-22,Calabria,Indeed,AZ_IT_INDEED_DISPLAY_RETE,25.44,4301,21,1
2024-01-22,Calabria,Indeed,AZ_IT_INDEED_RETARGETING_CANDIDATI,33.97,3881,62,2
2024-01-22,Calabria,Indeed,AZ_IT_INDEED_SPONSORED_JOBS,172.83,8073,398,10
2024-01-22,Campania,Indeed,AZ_IT_INDEED_DISPLAY_RETE,103.16,16555,94,3
2024-01-22,Campania,Indeed,AZ_IT_INDEED_RETARGETING_CANDIDATI,56.94,6622,113,4
2024-01-22,Campania,Indeed,AZ_IT_INDEED_SPONSORED_JOBS,229.28,10568,450,16
2024-01-22,Emilia-Romagna,Indeed,AZ_IT_INDEED_DISPLAY_RETE,53.76,8854,46,2
2024-01-22,Emilia-Romagna,Indeed,AZ_IT_INDEED_RETARGETING_CANDIDATI,68.19,7548,134,4
2024-01-22,Emilia-Romagna,Indeed,AZ_IT_INDEED_SPONSORED_JOBS,298.43,13557,577,18
2024-01-22,Friuli-Venezia Giulia,Indeed,AZ_IT_INDEED_DISPLAY_RETE,19.79,3222,16,1
2024-01-22,Friuli-Venezia Giulia,Indeed,AZ_IT_INDEED_RETARGETING_CANDIDATI,12.13,1334,24,1
2024-01-22,Friuli-Venezia Giulia,Indeed,AZ_IT_INDEED_SPONSORED_JOBS,72.17,3307,123,6
2024-01-22,Lazio,Indeed,AZ_IT_INDEED_DISPLAY_RETE,137.00,23134,115,5
2024-01-22,Lazio,Indeed,AZ_IT_INDEED_RETARGETING_CANDIDATI,102.01,11460,160,7
2024-01-22,Lazio,Indeed,AZ_IT_INDEED_SPONSORED_JOBS,304.99,13106,517,24
2024-01-22,Liguria,Indeed,AZ_IT_INDEED_DISPLAY_RETE,32.48,5543,26,1
2024-01-22,Liguria,Indeed,AZ_IT_INDEED_RETARGETING_CANDIDATI,15.23,1704,28,1
2024-01-22,Liguria,Indeed,AZ_IT_INDEED_SPONSORED_JOBS,71.64,3224,137,5
2024-01-22,Lombardia,Indeed,AZ_IT_INDEED_DISPLAY_RETE,156.16,26662,147,7
2024-01-22,Lombardia,Indeed,AZ_IT_INDEED_RETARGETING_CANDIDATI,115.17,12734,226,11
2024-01-22,Lombardia,Indeed,AZ_IT_INDEED_SPONSORED_JOBS,539.14,23882,1001,48
2024-01-22,Marche,Indeed,AZ_IT_INDEED_DISPLAY_RETE,23.71,4053,19,2
2024-01-22,Marche,Indeed,AZ_IT_INDEED_RETARGETING_CANDIDATI,16.87,1873,32,3
2024-01-22,Marche,Indeed,AZ_IT_INDEED_SPONSORED_JOBS,57.41,2735,113,9
2024-01-22,Molise,Indeed,AZ_IT_INDEED_DISPLAY_RETE,5.56,988,5,0
2024-01-22,Molise,Indeed,AZ_IT_INDEED_RETARGETING_CANDIDATI,4.83,542,10,1
2024-01-22,Molise,Indeed,AZ_IT_INDEED_SPONSORED_JOBS,11.52,521,23,1
2024-01-22,Piemonte,Indeed,AZ_IT_INDEED_DISPLAY_RETE,76.00,13052,67,4
2024-01-22,Piemonte,Indeed,AZ_IT_INDEED_RETARGETING_CANDIDATI,67.03,7714,133,8
2024-01-22,Piemonte,Indeed,AZ_IT_INDEED_SPONSORED_JOBS,215.87,9837,384,25
2024-01-22,Puglia,Indeed,AZ_IT_INDEED_DISPLAY_RETE,69.33,11050,48,3
2024-01-22,Puglia,Indeed,AZ_IT_INDEED_RETARGETING_CANDIDATI,70.00,7616,136,6
2024-01-22,Puglia,Indeed,AZ_IT_INDEED_SPONSORED_JOBS,171.55,8055,340,16
2024-01-22,Sardegna,Indeed,AZ_IT_INDEED_DISPLAY_RETE,24.40,3984,19,1
2024-01-22,Sardegna,Indeed,AZ_IT_INDEED_RETARGETING_CANDIDATI,26.10,2788,52,1
2024-01-22,Sardegna,Indeed,AZ_IT_INDEED_SPONSORED_JOBS,107.66,5122,200,7
2024-01-22,Sicilia,Indeed,AZ_IT_INDEED_DISPLAY_RETE,97.38,17074,86,3
2024-01-22,Sicilia,Indeed,AZ_IT_INDEED_RETARGETING_CANDIDATI,45.95,5135,99,3
2024-01-22,Sicilia,Indeed,AZ_IT_INDEED_SPONSORED_JOBS,248.43,11383,560,13
2024-01-22,Toscana,Indeed,AZ_IT_INDEED_DISPLAY_RETE,77.68,12779,61,3
2024-01-22,Toscana,Indeed,AZ_IT_INDEED_RETARGETING_CANDIDATI,80.62,8715,157,5
2024-01-22,Toscana,Indeed,AZ_IT_INDEED_SPONSORED_JOBS,249.90,11069,430,19
2024-01-22,Trentino-Alto Adige,Indeed,AZ_IT_INDEED_DISPLAY_RETE,18.91,3177,15,1
2024-01-22,Trentino-Alto Adige,Indeed,AZ_IT_INDEED_RETARGETING_CANDIDATI,17.46,2023,32,1
2024-01-22,Trentino-Alto Adige,Indeed,AZ_IT_INDEED_SPONSORED_JOBS,71.91,3215,151,7
2024-01-22,Umbria,Indeed,AZ_IT_INDEED_DISPLAY_RETE,10.34,1695,9,0
2024-01-22,Umbria,Indeed,AZ_IT_INDEED_RETARGETING_CANDIDATI,15.78,1773,35,1
2024-01-22,Umbria,Indeed,AZ_IT_INDEED_SPONSORED_JOBS,59.18,2714,109,3
2024-01-22,Valle d'Aosta,Indeed,AZ_IT_INDEED_DISPLAY_RETE,2.05,328,2,0
2024-01-22,Valle d'Aosta,Indeed,AZ_IT_INDEED_RETARGETING_CANDIDATI,1.47,163,3,0
2024-01-22,Valle d'Aosta,Indeed,AZ_IT_INDEED_SPONSORED_JOBS,8.28,380,15,1
2024-01-22,Veneto,Indeed,AZ_IT_INDEED_DISPLAY_RETE,93.93,15812,81,4
2024-01-22,Veneto,Indeed,AZ_IT_INDEED_RETARGETING_CANDIDATI,91.28,10133,169,8
2024-01-22,Veneto,Indeed,AZ_IT_INDEED_SPONSORED_JOBS,232.37,10306,422,27
2024-01-29,Abruzzo,Indeed,AZ_IT_INDEED_DISPLAY_RETE,18.24,3150,14,1
2024-01-29,Abruzzo,Indeed,AZ_IT_INDEED_RETARGETING_CANDIDATI,15.78,1776,33,1
2024-01-29,Abruzzo,Indeed,AZ_IT_INDEED_SPONSORED_JOBS,67.66,2885,109,5
2024-01-29,Basilicata,Indeed,AZ_IT_INDEED_DISPLAY_RETE,7.60,1259,6,0
2024-01-29,Basilicata,Indeed,AZ_IT_INDEED_RETARGETING_CANDIDATI,5.59,632,11,0
2024-01-29,Basilicata,Indeed,AZ_IT_INDEED_SPONSORED_JOBS,24.50,1059,41,2
2024-01-29,Calabria,Indeed,AZ_IT_INDEED_DISPLAY_RETE,28.73,4473,21,1
2024-01-29,Calabria,Indeed,AZ_IT_INDEED_RETARGETING_CANDIDATI,25.05,2992,52,2
2024-01-29,Calabria,Indeed,AZ_IT_INDEED_SPONSORED_JOBS,115.10,5046,231,9
2024-01-29,Campania,Indeed,AZ_IT_INDEED_DISPLAY_RETE,102.36,16973,78,3
2024-01-29,Campania,Indeed,AZ_IT_INDEED_RETARGETING_CANDIDATI,42.41,4563,86,4
2024-01-29,Campania,Indeed,AZ_IT_INDEED_SPONSORED_JOBS,198.33,8956,379,15
2024-01-29,Emilia-Romagna,Indeed,AZ_IT_INDEED_DISPLAY_RETE,53.75,8893,40,2
2024-01-29,Emilia-Romagna,Indeed,AZ_IT_INDEED_RETARGETING_CANDIDATI,57.95,6629,121,4
2024-01-29,Emilia-Romagna,Indeed,AZ_IT_INDEED_SPONSORED_JOBS,187.17,8427,368,13
2024-01-29,Friuli-Venezia Giulia,Indeed,AZ_IT_INDEED_DISPLAY_RETE,22.11,3684,19,1
2024-01-29,Friuli-Venezia Giulia,Indeed,AZ_IT_INDEED_RETARGETING_CANDIDATI,11.78,1398,26,1
2024-01-29,Friuli-Venezia Giulia,Indeed,AZ_IT_INDEED_SPONSORED_JOBS,53.40,2306,91,5
2024-01-29,Lazio,Indeed,AZ_IT_INDEED_DISPLAY_RETE,143.40,23495,112,6
2024-01-29,Lazio,Indeed,AZ_IT_INDEED_RETARGETING_CANDIDATI,83.14,9347,173,7
2024-01-29,Lazio,Indeed,AZ_IT_INDEED_SPONSORED_JOBS,225.39,10170,437,19
2024-01-29,Liguria,Indeed,AZ_IT_INDEED_DISPLAY_RETE,28.82,4579,24,1
2024-01-29,Liguria,Indeed,AZ_IT_INDEED_RETARGETING_CANDIDATI,17.00,1894,37,1
2024-01-29,Liguria,Indeed,AZ_IT_INDEED_SPONSORED_JOBS,56.80,2711,112,4
2024-01-29,Lombardia,Indeed,AZ_IT_INDEED_DISPLAY_RETE,192.58,31326,169,11
2024-01-29,Lombardia,Indeed,AZ_IT_INDEED_RETARGETING_CANDIDATI,118.81,13062,246,14
2024-01-29,Lombardia,Indeed,AZ_IT_INDEED_SPONSORED_JOBS,396.54,18217,710,48
2024-01-29,Marche,Indeed,AZ_IT_INDEED_DISPLAY_RETE,26.80,4339,18,3
2024-01-29,Marche,Indeed,AZ_IT_INDEED_RETARGETING_CANDIDATI,15.39,1707,31,3
2024-01-29,Marche,Indeed,AZ_IT_INDEED_SPONSORED_JOBS,43.23,2083,104,9
2024-01-29,Molise,Indeed,AZ_IT_INDEED_DISPLAY_RETE,6.14,1048,6,0
2024-01-29,Molise,Indeed,AZ_IT_INDEED_RETARGETING_CANDIDATI,4.00,444,8,1
2024-01-29,Molise,Indeed,AZ_IT_INDEED_SPONSORED_JOBS,8.79,400,15,1
2024-01-29,Piemonte,Indeed,AZ_IT_INDEED_DISPLAY_RETE,87.01,14516,76,6
2024-01-29,Piemonte,Indeed,AZ_IT_INDEED_RETARGETING_CANDIDATI,48.71,5606,100,6
2024-01-29,Piemonte,Indeed,AZ_IT_INDEED_SPONSORED_JOBS,166.70,7571,312,22
2024-01-29,Puglia,Indeed,AZ_IT_INDEED_DISPLAY_RETE,57.02,9716,51,3
2024-01-29,Puglia,Indeed,AZ_IT_INDEED_RETARGETING_CANDIDATI,58.99,6807,120,7
2024-01-29,Puglia,Indeed,AZ_IT_INDEED_SPONSORED_JOBS,142.09,6513,278,15
2024-01-29,Sardegna,Indeed,AZ_IT_INDEED_DISPLAY_RETE,23.71,3911,20,1
2024-01-29,Sardegna,Indeed,AZ_IT_INDEED_RETARGETING_CANDIDATI,22.21,2431,44,2
2024-01-29,Sardegna,Indeed,AZ_IT_INDEED_SPONSORED_JOBS,77.94,3736,157,6
2024-01-29,Sicilia,Indeed,AZ_IT_INDEED_DISPLAY_RETE,96.73,15849,78,3
2024-01-29,Sicilia,Indeed,AZ_IT_INDEED_RETARGETING_CANDIDATI,40.99,4734,77,3
2024-01-29,Sicilia,Indeed,AZ_IT_INDEED_SPONSORED_JOBS,173.02,8235,327,12
2024-01-29,Toscana,Indeed,AZ_IT_INDEED_DISPLAY_RETE,80.70,13304,60,3
2024-01-29,Toscana,Indeed,AZ_IT_INDEED_RETARGETING_CANDIDATI,77.24,8634,156,7
2024-01-29,Toscana,Indeed,AZ_IT_INDEED_SPONSORED_JOBS,170.66,7934,311,13
2024-01-29,Trentino-Alto Adige,Indeed,AZ_IT_INDEED_DISPLAY_RETE,15.82,2572,13,1
2024-01-29,Trentino-Alto Adige,Indeed,AZ_IT_INDEED_RETARGETING_CANDIDATI,18.63,2086,41,2
2024-01-29,Trentino-Alto Adige,Indeed,AZ_IT_INDEED_SPONSORED_JOBS,45.06,2075,87,6
2024-01-29,Umbria,Indeed,AZ_IT_INDEED_DISPLAY_RETE,9.25,1568,6,0
2024-01-29,Umbria,Indeed,AZ_IT_INDEED_RETARGETING_CANDIDATI,14.58,1666,30,1
2024-01-29,Umbria,Indeed,AZ_IT_INDEED_SPONSORED_JOBS,43.92,1945,76,2
2024-01-29,Valle d'Aosta,Indeed,AZ_IT_INDEED_DISPLAY_RETE,2.46,388,2,0
2024-01-29,Valle d'Aosta,Indeed,AZ_IT_INDEED_RETARGETING_CANDIDATI,1.17,130,2,0
2024-01-29,Valle d'Aosta,Indeed,AZ_IT_INDEED_SPONSORED_JOBS,5.53,241,11,0
2024-01-29,Veneto,Indeed,AZ_IT_INDEED_DISPLAY_RETE,95.63,15792,75,4
2024-01-29,Veneto,Indeed,AZ_IT_INDEED_RETARGETING_CANDIDATI,84.24,9404,149,10
2024-01-29,Veneto,Indeed,AZ_IT_INDEED_SPONSORED_JOBS,198.61,8907,371,22
2024-02-05,Abruzzo,Indeed,AZ_IT_INDEED_DISPLAY_RETE,22.19,3655,19,1
2024-02-05,Abruzzo,Indeed,AZ_IT_INDEED_RETARGETING_CANDIDATI,16.95,1904,31,1
2024-02-05,Abruzzo,Indeed,AZ_IT_INDEED_SPONSORED_JOBS,86.77,4125,167,6
2024-02-05,Basilicata,Indeed,AZ_IT_INDEED_DISPLAY_RETE,7.20,1189,5,0
2024-02-05,Basilicata,Indeed,AZ_IT_INDEED_RETARGETING_CANDIDATI,7.68,891,15,0
2024-02-05,Basilicata,Indeed,AZ_IT_INDEED_SPONSORED_JOBS,29.65,1420,59,1
2024-02-05,Calabria,Indeed,AZ_IT_INDEED_DISPLAY_RETE,26.78,4519,24,1
2024-02-05,Calabria,Indeed,AZ_IT_INDEED_RETARGETING_CANDIDATI,27.95,2932,51,2
2024-02-05,Calabria,Indeed,AZ_IT_INDEED_SPONSORED_JOBS,129.67,5610,239,11
2024-02-05,Campania,Indeed,AZ_IT_INDEED_DISPLAY_RETE,97.79,15444,77,3
2024-02-05,Campania,Indeed,AZ_IT_INDEED_RETARGETING_CANDIDATI,48.63,5438,95,3
2024-02-05,Campania,Indeed,AZ_IT_INDEED_SPONSORED_JOBS,279.53,13220,592,17
2024-02-05,Emilia-Romagna,Indeed,AZ_IT_INDEED_DISPLAY_RETE,54.62,9213,50,2
2024-02-05,Emilia-Romagna,Indeed,AZ_IT_INDEED_RETARGETING_CANDIDATI,63.44,6843,119,4
2024-02-05,Emilia-Romagna,Indeed,AZ_IT_INDEED_SPONSORED_JOBS,311.05,14914,629,16
2024-02-05,Friuli-Venezia Giulia,Indeed,AZ_IT_INDEED_DISPLAY_RETE,24.40,4088,22,1
2024-02-05,Friuli-Venezia Giulia,Indeed,AZ_IT_INDEED_RETARGETING_CANDIDATI,13.64,1573,28,1
2024-02-05,Friuli-Venezia Giulia,Indeed,AZ_IT_INDEED_SPONSORED_JOBS,76.80,3622,151,6
2024-02-05,Lazio,Indeed,AZ_IT_INDEED_DISPLAY_RETE,144.13,24333,107,5
2024-02-05,Lazio,Indeed,AZ_IT_INDEED_RETARGETING_CANDIDATI,91.49,9824,191,6
2024-02-05,Lazio,Indeed,AZ_IT_INDEED_SPONSORED_JOBS,299.18,13414,585,22
2024-02-05,Liguria,Indeed,AZ_IT_INDEED_DISPLAY_RETE,24.86,4204,21,1
2024-02-05,Liguria,Indeed,AZ_IT_INDEED_RETARGETING_CANDIDATI,22.96,2639,50,2
2024-02-05,Liguria,Indeed,AZ_IT_INDEED_SPONSORED_JOBS,71.55,3333,123,5
2024-02-05,Lombardia,Indeed,AZ_IT_INDEED_DISPLAY_RETE,225.01,37238,181,9
2024-02-05,Lombardia,Indeed,AZ_IT_INDEED_RETARGETING_CANDIDATI,114.38,12510,251,8
2024-02-05,Lombardia,Indeed,AZ_IT_INDEED_SPONSORED_JOBS,564.01,24451,965,55
2024-02-05,Marche,Indeed,AZ_IT_INDEED_DISPLAY_RETE,20.68,3462,16,2
2024-02-05,Marche,Indeed,AZ_IT_INDEED_RETARGETING_CANDIDATI,19.77,2331,37,3
2024-02-05,Marche,Indeed,AZ_IT_INDEED_SPONSORED_JOBS,64.74,2819,114,10
2024-02-05,Molise,Indeed,AZ_IT_INDEED_DISPLAY_RETE,4.59,797,4,0
2024-02-05,Molise,Indeed,AZ_IT_INDEED_RETARGETING_CANDIDATI,4.38,473,9,0
2024-02-05,Molise,Indeed,AZ_IT_INDEED_SPONSORED_JOBS,11.63,569,22,1
2024-02-05,Piemonte,Indeed,AZ_IT_INDEED_DISPLAY_RETE,95.77,15125,75,5
2024-02-05,Piemonte,Indeed,AZ_IT_INDEED_RETARGETING_CANDIDATI,51.82,5794,102,6
2024-02-05,Piemonte,Indeed,AZ_IT_INDEED_SPONSORED_JOBS,195.28,8756,377,23
2024-02-05,Puglia,Indeed,AZ_IT_INDEED_DISPLAY_RETE,82.24,14305,73,4
2024-02-05,Puglia,Indeed,AZ_IT_INDEED_RETARGETING_CANDIDATI,69.37,7822,147,6
2024-02-05,Puglia,Indeed,AZ_IT_INDEED_SPONSORED_JOBS,163.37,7172,295,16
2024-02-05,Sardegna,Indeed,AZ_IT_INDEED_DISPLAY_RETE,18.22,3239,16,0
2024-02-05,Sardegna,Indeed,AZ_IT_INDEED_RETARGETING_CANDIDATI,25.67,2839,49,2
2024-02-05,Sardegna,Indeed,AZ_IT_INDEED_SPONSORED_JOBS,109.20,4911,186,6
2024-02-05,Sicilia,Indeed,AZ_IT_INDEED_DISPLAY_RETE,96.91,16575,84,3
2024-02-05,Sicilia,Indeed,AZ_IT_INDEED_RETARGETING_CANDIDATI,47.98,5118,93,2
2024-02-05,Sicilia,Indeed,AZ_IT_INDEED_SPONSORED_JOBS,266.82,12808,480,15
2024-02-05,Toscana,Indeed,AZ_IT_INDEED_DISPLAY_RETE,96.94,16053,78,3
2024-02-05,Toscana,Indeed,AZ_IT_INDEED_RETARGETING_CANDIDATI,84.30,9473,165,5
2024-02-05,Toscana,Indeed,AZ_IT_INDEED_SPONSORED_JOBS,244.05,11481,471,17
2024-02-05,Trentino-Alto Adige,Indeed,AZ_IT_INDEED_DISPLAY_RETE,15.05,2509,14,1
2024-02-05,Trentino-Alto Adige,Indeed,AZ_IT_INDEED_RETARGETING_CANDIDATI,20.70,2178,40,2
2024-02-05,Trentino-Alto Adige,Indeed,AZ_IT_INDEED_SPONSORED_JOBS,59.93,2670,115,5
2024-02-05,Umbria,Indeed,AZ_IT_INDEED_DISPLAY_RETE,11.33,1947,10,0
2024-02-05,Umbria,Indeed,AZ_IT_INDEED_RETARGETING_CANDIDATI,15.96,1790,35,1
2024-02-05,Umbria,Indeed,AZ_IT_INDEED_SPONSORED_JOBS,55.47,2517,104,3
2024-02-05,Valle d'Aosta,Indeed,AZ_IT_INDEED_DISPLAY_RETE,2.39,407,2,0
2024-02-05,Valle d'Aosta,Indeed,AZ_IT_INDEED_RETARGETING_CANDIDATI,1.21,135,2,0
2024-02-05,Valle d'Aosta,Indeed,AZ_IT_INDEED_SPONSORED_JOBS,8.73,403,20,1
2024-02-05,Veneto,Indeed,AZ_IT_INDEED_DISPLAY_RETE,106.63,17975,91,5
2024-02-05,Veneto,Indeed,AZ_IT_INDEED_RETARGETING_CANDIDATI,98.50,10770,188,8
2024-02-05,Veneto,Indeed,AZ_IT_INDEED_SPONSORED_JOBS,269.95,12522,507,26
2024-02-12,Abruzzo,Indeed,AZ_IT_INDEED_DISPLAY_RETE,20.72,3348,17,1
2024-02-12,Abruzzo,Indeed,AZ_IT_INDEED_RETARGETING_CANDIDATI,16.09,1655,33,1
2024-02-12,Abruzzo,Indeed,AZ_IT_INDEED_SPONSORED_JOBS,94.32,4354,171,7
2024-02-12,Basilicata,Indeed,AZ_IT_INDEED_DISPLAY_RETE,5.79,1008,5,0
2024-02-12,Basilicata,Indeed,AZ_IT_INDEED_RETARGETING_CANDIDATI,7.09,738,14,0
2024-02-12,Basilicata,Indeed,AZ_IT_INDEED_SPONSORED_JOBS,36.68,1620,73,2
2024-02-12,Calabria,Indeed,AZ_IT_INDEED_DISPLAY_RETE,19.85,3375,17,1
2024-02-12,Calabria,Indeed,AZ_IT_INDEED_RETARGETING_CANDIDATI,27.52,2975,56,2
2024-02-12,Calabria,Indeed,AZ_IT_INDEED_SPONSORED_JOBS,129.13,5831,245,9
2024-02-12,Campania,Indeed,AZ_IT_INDEED_DISPLAY_RETE,70.65,11940,61,2
2024-02-12,Campania,Indeed,AZ_IT_INDEED_RETARGETING_CANDIDATI,41.86,4617,78,2
2024-02-12,Campania,Indeed,AZ_IT_INDEED_SPONSORED_JOBS,326.38,14349,644,16
2024-02-12,Emilia-Romagna,Indeed,AZ_IT_INDEED_DISPLAY_RETE,42.89,7378,38,1
2024-02-12,Emilia-Romagna,Indeed,AZ_IT_INDEED_RETARGETING_CANDIDATI,63.03,7101,121,3
2024-02-12,Emilia-Romagna,Indeed,AZ_IT_INDEED_SPONSORED_JOBS,424.70,19866,896,23
2024-02-12,Friuli-Venezia Giulia,Indeed,AZ_IT_INDEED_DISPLAY_RETE,15.72,2613,14,0
2024-02-12,Friuli-Venezia Giulia,Indeed,AZ_IT_INDEED_RETARGETING_CANDIDATI,13.96,1558,28,1
2024-02-12,Friuli-Venezia Giulia,Indeed,AZ_IT_INDEED_SPONSORED_JOBS,106.62,4835,193,6
2024-02-12,Lazio,Indeed,AZ_IT_INDEED_DISPLAY_RETE,114.77,19353,97,3
2024-02-12,Lazio,Indeed,AZ_IT_INDEED_RETARGETING_CANDIDATI,83.12,8860,158,5
2024-02-12,Lazio,Indeed,AZ_IT_INDEED_SPONSORED_JOBS,390.69,17946,706,25
2024-02-12,Liguria,Indeed,AZ_IT_INDEED_DISPLAY_RETE,15.71,2579,13,0
2024-02-12,Liguria,Indeed,AZ_IT_INDEED_RETARGETING_CANDIDATI,16.71,1940,32,1
2024-02-12,Liguria,Indeed,AZ_IT_INDEED_SPONSORED_JOBS,84.85,3782,163,5
2024-02-12,Lombardia,Indeed,AZ_IT_INDEED_DISPLAY_RETE,198.72,32928,185,9
2024-02-12,Lombardia,Indeed,AZ_IT_INDEED_RETARGETING_CANDIDATI,91.71,10549,183,8
2024-02-12,Lombardia,Indeed,AZ_IT_INDEED_SPONSORED_JOBS,716.17,33194,1284,56
2024-02-12,Marche,Indeed,AZ_IT_INDEED_DISPLAY_RETE,16.36,2777,14,1
2024-02-12,Marche,Indeed,AZ_IT_INDEED_RETARGETING_CANDIDATI,15.33,1696,36,2
2024-02-12,Marche,Indeed,AZ_IT_INDEED_SPONSORED_JOBS,76.96,3571,142,12
2024-02-12,Molise,Indeed,AZ_IT_INDEED_DISPLAY_RETE,3.76,628,2,0
2024-02-12,Molise,Indeed,AZ_IT_INDEED_RETARGETING_CANDIDATI,3.35,382,7,0
2024-02-12,Molise,Indeed,AZ_IT_INDEED_SPONSORED_JOBS,15.99,696,25,2
2024-02-12,Piemonte,Indeed,AZ_IT_INDEED_DISPLAY_RETE,67.84,11369,52,3
2024-02-12,Piemonte,Indeed,AZ_IT_INDEED_RETARGETING_CANDIDATI,49.76,5388,86,5
2024-02-12,Piemonte,Indeed,AZ_IT_INDEED_SPONSORED_JOBS,257.32,11981,486,24
2024-02-12,Puglia,Indeed,AZ_IT_INDEED_DISPLAY_RETE,77.90,12905,64,4
2024-02-12,Puglia,Indeed,AZ_IT_INDEED_RETARGETING_CANDIDATI,61.94,6818,137,6
2024-02-12,Puglia,Indeed,AZ_IT_INDEED_SPONSORED_JOBS,165.43,7262,329,18
2024-02-12,Sardegna,Indeed,AZ_IT_INDEED_DISPLAY_RETE,16.29,2567,13,0
2024-02-12,Sardegna,Indeed,AZ_IT_INDEED_RETARGETING_CANDIDATI,22.01,2296,40,1
2024-02-12,Sardegna,Indeed,AZ_IT_INDEED_SPONSORED_JOBS,142.36,6342,261,8
2024-02-12,Sicilia,Indeed,AZ_IT_INDEED_DISPLAY_RETE,85.78,14854,81,3
2024-02-12,Sicilia,Indeed,AZ_IT_INDEED_RETARGETING_CANDIDATI,36.36,3950,80,2
2024-02-12,Sicilia,Indeed,AZ_IT_INDEED_SPONSORED_JOBS,257.60,12038,437,15
2024-02-12,Toscana,Indeed,AZ_IT_INDEED_DISPLAY_RETE,66.01,10735,47,2
2024-02-12,Toscana,Indeed,AZ_IT_INDEED_RETARGETING_CANDIDATI,58.17,6395,123,4
2024-02-12,Toscana,Indeed,AZ_IT_INDEED_SPONSORED_JOBS,291.19,12985,610,21
2024-02-12,Trentino-Alto Adige,Indeed,AZ_IT_INDEED_DISPLAY_RETE,13.91,2381,11,1
2024-02-12,Trentino-Alto Adige,Indeed,AZ_IT_INDEED_RETARGETING_CANDIDATI,18.25,2075,30,2
2024-02-12,Trentino-Alto Adige,Indeed,AZ_IT_INDEED_SPONSORED_JOBS,91.03,4155,163,8
2024-02-12,Umbria,Indeed,AZ_IT_INDEED_DISPLAY_RETE,9.59,1600,8,0
2024-02-12,Umbria,Indeed,AZ_IT_INDEED_RETARGETING_CANDIDATI,16.86,1920,30,1
2024-02-12,Umbria,Indeed,AZ_IT_INDEED_SPONSORED_JOBS,54.97,2493,103,2
2024-02-12,Valle d'Aosta,Indeed,AZ_IT_INDEED_DISPLAY_RETE,1.86,313,2,0
2024-02-12,Valle d'Aosta,Indeed,AZ_IT_INDEED_RETARGETING_CANDIDATI,1.23,132,2,0
2024-02-12,Valle d'Aosta,Indeed,AZ_IT_INDEED_SPONSORED_JOBS,10.33,450,19,1
2024-02-12,Veneto,Indeed,AZ_IT_INDEED_DISPLAY_RETE,80.78,13382,67,3
2024-02-12,Veneto,Indeed,AZ_IT_INDEED_RETARGETING_CANDIDATI,96.65,10443,194,9
2024-02-12,Veneto,Indeed,AZ_IT_INDEED_SPONSORED_JOBS,325.44,15429,671,32
2024-02-19,Abruzzo,Indeed,AZ_IT_INDEED_DISPLAY_RETE,17.79,2932,14,1
2024-02-19,Abruzzo,Indeed,AZ_IT_INDEED_RETARGETING_CANDIDATI,13.25,1456,27,1
2024-02-19,Abruzzo,Indeed,AZ_IT_INDEED_SPONSORED_JOBS,94.47,4480,190,7
2024-02-19,Basilicata,Indeed,AZ_IT_INDEED_DISPLAY_RETE,4.91,795,4,0
2024-02-19,Basilicata,Indeed,AZ_IT_INDEED_RETARGETING_CANDIDATI,5.84,675,13,0
2024-02-19,Basilicata,Indeed,AZ_IT_INDEED_SPONSORED_JOBS,39.30,1812,74,2
2024-02-19,Calabria,Indeed,AZ_IT_INDEED_DISPLAY_RETE,19.01,3294,18,1
2024-02-19,Calabria,Indeed,AZ_IT_INDEED_RETARGETING_CANDIDATI,25.25,2885,51,2
2024-02-19,Calabria,Indeed,AZ_IT_INDEED_SPONSORED_JOBS,134.40,6058,248,10
2024-02-19,Campania,Indeed,AZ_IT_INDEED_DISPLAY_RETE,57.46,9795,48,1
2024-02-19,Campania,Indeed,AZ_IT_INDEED_RETARGETING_CANDIDATI,37.01,4153,67,2
2024-02-19,Campania,Indeed,AZ_IT_INDEED_SPONSORED_JOBS,302.74,13810,539,19
2024-02-19,Emilia-Romagna,Indeed,AZ_IT_INDEED_DISPLAY_RETE,28.58,4832,24,1
2024-02-19,Emilia-Romagna,Indeed,AZ_IT_INDEED_RETARGETING_CANDIDATI,52.39,5897,103,3
2024-02-19,Emilia-Romagna,Indeed,AZ_IT_INDEED_SPONSORED_JOBS,358.80,16975,645,21
2024-02-19,Friuli-Venezia Giulia,Indeed,AZ_IT_INDEED_DISPLAY_RETE,12.95,2209,11,0
2024-02-19,Friuli-Venezia Giulia,Indeed,AZ_IT_INDEED_RETARGETING_CANDIDATI,11.27,1256,20,1
2024-02-19,Friuli-Venezia Giulia,Indeed,AZ_IT_INDEED_SPONSORED_JOBS,93.03,4166,167,7
2024-02-19,Lazio,Indeed,AZ_IT_INDEED_DISPLAY_RETE,85.41,14424,73,3
2024-02-19,Lazio,Indeed,AZ_IT_INDEED_RETARGETING_CANDIDATI,84.62,9515,167,6
2024-02-19,Lazio,Indeed,AZ_IT_INDEED_SPONSORED_JOBS,328.97,14772,671,19
2024-02-19,Liguria,Indeed,AZ_IT_INDEED_DISPLAY_RETE,14.34,2309,14,0
2024-02-19,Liguria,Indeed,AZ_IT_INDEED_RETARGETING_CANDIDATI,17.36,1879,37,1
2024-02-19,Liguria,Indeed,AZ_IT_INDEED_SPONSORED_JOBS,92.53,4181,159,6
2024-02-19,Lombardia,Indeed,AZ_IT_INDEED_DISPLAY_RETE,157.47,26728,131,5
2024-02-19,Lombardia,Indeed,AZ_IT_INDEED_RETARGETING_CANDIDATI,98.94,10799,215,8
2024-02-19,Lombardia,Indeed,AZ_IT_INDEED_SPONSORED_JOBS,699.16,29724,1106,64
2024-02-19,Marche,Indeed,AZ_IT_INDEED_DISPLAY_RETE,14.17,2333,12,1
2024-02-19,Marche,Indeed,AZ_IT_INDEED_RETARGETING_CANDIDATI,11.78,1276,22,2
2024-02-19,Marche,Indeed,AZ_IT_INDEED_SPONSORED_JOBS,72.69,3376,140,11
2024-02-19,Molise,Indeed,AZ_IT_INDEED_DISPLAY_RETE,2.78,471,2,0
2024-02-19,Molise,Indeed,AZ_IT_INDEED_RETARGETING_CANDIDATI,3.23,371,7,0
2024-02-19,Molise,Indeed,AZ_IT_INDEED_SPONSORED_JOBS,15.61,714,31,2
2024-02-19,Piemonte,Indeed,AZ_IT_INDEED_DISPLAY_RETE,53.71,8785,43,2
2024-02-19,Piemonte,Indeed,AZ_IT_INDEED_RETARGETING_CANDIDATI,47.90,5597,91,5
2024-02-19,Piemonte,Indeed,AZ_IT_INDEED_SPONSORED_JOBS,232.76,10853,424,25
2024-02-19,Puglia,Indeed,AZ_IT_INDEED_DISPLAY_RETE,64.66,10110,47,3
2024-02-19,Puglia,Indeed,AZ_IT_INDEED_RETARGETING_CANDIDATI,50.65,5626,108,6
2024-02-19,Puglia,Indeed,AZ_IT_INDEED_SPONSORED_JOBS,155.95,6995,267,15
2024-02-19,Sardegna,Indeed,AZ_IT_INDEED_DISPLAY_RETE,15.91,2616,13,0
2024-02-19,Sardegna,Indeed,AZ_IT_INDEED_RETARGETING_CANDIDATI,17.60,2050,35,1
2024-02-19,Sardegna,Indeed,AZ_IT_INDEED_SPONSORED_JOBS,106.20,4622,194,6
2024-02-19,Sicilia,Indeed,AZ_IT_INDEED_DISPLAY_RETE,65.69,10795,49,2
2024-02-19,Sicilia,Indeed,AZ_IT_INDEED_RETARGETING_CANDIDATI,39.27,4460,78,2
2024-02-19,Sicilia,Indeed,AZ_IT_INDEED_SPONSORED_JOBS,251.40,11485,476,12
2024-02-19,Toscana,Indeed,AZ_IT_INDEED_DISPLAY_RETE,53.34,9269,46,2
2024-02-19,Toscana,Indeed,AZ_IT_INDEED_RETARGETING_CANDIDATI,67.70,7499,141,4
2024-02-19,Toscana,Indeed,AZ_IT_INDEED_SPONSORED_JOBS,295.73,12986,589,17
2024-02-19,Trentino-Alto Adige,Indeed,AZ_IT_INDEED_DISPLAY_RETE,11.76,2005,11,0
2024-02-19,Trentino-Alto Adige,Indeed,AZ_IT_INDEED_RETARGETING_CANDIDATI,13.93,1456,25,1
2024-02-19,Trentino-Alto Adige,Indeed,AZ_IT_INDEED_SPONSORED_JOBS,80.78,3738,166,8
2024-02-19,Umbria,Indeed,AZ_IT_INDEED_DISPLAY_RETE,7.09,1289,7,0
2024-02-19,Umbria,Indeed,AZ_IT_INDEED_RETARGETING_CANDIDATI,12.51,1485,28,1
2024-02-19,Umbria,Indeed,AZ_IT_INDEED_SPONSORED_JOBS,48.15,2234,83,3
2024-02-19,Valle d'Aosta,Indeed,AZ_IT_INDEED_DISPLAY_RETE,1.68,280,1,0
2024-02-19,Valle d'Aosta,Indeed,AZ_IT_INDEED_RETARGETING_CANDIDATI,0.93,107,2,0
2024-02-19,Valle d'Aosta,Indeed,AZ_IT_INDEED_SPONSORED_JOBS,10.28,498,19,1
2024-02-19,Veneto,Indeed,AZ_IT_INDEED_DISPLAY_RETE,67.68,11249,64,3
2024-02-19,Veneto,Indeed,AZ_IT_INDEED_RETARGETING_CANDIDATI,89.19,9889,183,9
2024-02-19,Veneto,Indeed,AZ_IT_INDEED_SPONSORED_JOBS,260.41,12348,407,27
2024-02-26,Abruzzo,Indeed,AZ_IT_INDEED_DISPLAY_RETE,20.81,3455,16,1
2024-02-26,Abruzzo,Indeed,AZ_IT_INDEED_RETARGETING_CANDIDATI,18.65,2076,37,1
2024-02-26,Abruzzo,Indeed,AZ_IT_INDEED_SPONSORED_JOBS,94.35,4328,180,7
2024-02-26,Basilicata,Indeed,AZ_IT_INDEED_DISPLAY_RETE,3.99,666,4,0
2024-02-26,Basilicata,Indeed,AZ_IT_INDEED_RETARGETING_CANDIDATI,6.34,736,14,0
2024-02-26,Basilicata,Indeed,AZ_IT_INDEED_SPONSORED_JOBS,37.55,1696,66,2
2024-02-26,Calabria,Indeed,AZ_IT_INDEED_DISPLAY_RETE,17.38,2909,14,0
2024-02-26,Calabria,Indeed,AZ_IT_INDEED_RETARGETING_CANDIDATI,28.71,3159,54,2
2024-02-26,Calabria,Indeed,AZ_IT_INDEED_SPONSORED_JOBS,169.35,7909,369,9
2024-02-26,Campania,Indeed,AZ_IT_INDEED_DISPLAY_RETE,57.10,9335,48,2
2024-02-26,Campania,Indeed,AZ_IT_INDEED_RETARGETING_CANDIDATI,56.57,6016,114,3
2024-02-26,Campania,Indeed,AZ_IT_INDEED_SPONSORED_JOBS,293.42,13473,533,16
2024-02-26,Emilia-Romagna,Indeed,AZ_IT_INDEED_DISPLAY_RETE,28.35,4700,22,1
2024-02-26,Emilia-Romagna,Indeed,AZ_IT_INDEED_RETARGETING_CANDIDATI,62.17,7200,129,3
2024-02-26,Emilia-Romagna,Indeed,AZ_IT_INDEED_SPONSORED_JOBS,332.76,14928,598,19
2024-02-26,Friuli-Venezia Giulia,Indeed,AZ_IT_INDEED_DISPLAY_RETE,14.19,2325,12,0
2024-02-26,Friuli-Venezia Giulia,Indeed,AZ_IT_INDEED_RETARGETING_CANDIDATI,13.47,1470,27,1
2024-02-26,Friuli-Venezia Giulia,Indeed,AZ_IT_INDEED_SPONSORED_JOBS,85.31,3642,142,7
2024-02-26,Lazio,Indeed,AZ_IT_INDEED_DISPLAY_RETE,75.65,12625,69,2
2024-02-26,Lazio,Indeed,AZ_IT_INDEED_RETARGETING_CANDIDATI,89.43,9804,168,5
2024-02-26,Lazio,Indeed,AZ_IT_INDEED_SPONSORED_JOBS,365.19,17761,733,24
2024-02-26,Liguria,Indeed,AZ_IT_INDEED_DISPLAY_RETE,12.76,2238,11,0
2024-02-26,Liguria,Indeed,AZ_IT_INDEED_RETARGETING_CANDIDATI,18.82,1985,40,1
2024-02-26,Liguria,Indeed,AZ_IT_INDEED_SPONSORED_JOBS,94.86,4455,200,6
2024-02-26,Lombardia,Indeed,AZ_IT_INDEED_DISPLAY_RETE,152.10,26283,145,6
2024-02-26,Lombardia,Indeed,AZ_IT_INDEED_RETARGETING_CANDIDATI,118.01,13678,255,9
2024-02-26,Lombardia,Indeed,AZ_IT_INDEED_SPONSORED_JOBS,728.32,33779,1181,53
2024-02-26,Marche,Indeed,AZ_IT_INDEED_DISPLAY_RETE,12.86,2344,12,1
2024-02-26,Marche,Indeed,AZ_IT_INDEED_RETARGETING_CANDIDATI,15.53,1773,29,2
2024-02-26,Marche,Indeed,AZ_IT_INDEED_SPONSORED_JOBS,65.86,3002,133,9
2024-02-26,Molise,Indeed,AZ_IT_INDEED_DISPLAY_RETE,2.94,493,2,0
2024-02-26,Molise,Indeed,AZ_IT_INDEED_RETARGETING_CANDIDATI,3.47,365,7,0
2024-02-26,Molise,Indeed,AZ_IT_INDEED_SPONSORED_JOBS,16.21,779,28,1
2024-02-26,Piemonte,Indeed,AZ_IT_INDEED_DISPLAY_RETE,46.92,8137,45,2
2024-02-26,Piemonte,Indeed,AZ_IT_INDEED_RETARGETING_CANDIDATI,57.03,6518,133,6
2024-02-26,Piemonte,Indeed,AZ_IT_INDEED_SPONSORED_JOBS,277.71,12973,521,24
2024-02-26,Puglia,Indeed,AZ_IT_INDEED_DISPLAY_RETE,55.72,9228,44,2
2024-02-26,Puglia,Indeed,AZ_IT_INDEED_RETARGETING_CANDIDATI,56.24,6386,107,5
2024-02-26,Puglia,Indeed,AZ_IT_INDEED_SPONSORED_JOBS,186.84,8147,309,18
2024-02-26,Sardegna,Indeed,AZ_IT_INDEED_DISPLAY_RETE,14.33,2430,11,0
2024-02-26,Sardegna,Indeed,AZ_IT_INDEED_RETARGETING_CANDIDATI,17.17,1980,33,1
2024-02-26,Sardegna,Indeed,AZ_IT_INDEED_SPONSORED_JOBS,125.76,5678,216,7
2024-02-26,Sicilia,Indeed,AZ_IT_INDEED_DISPLAY_RETE,65.36,10837,48,1
2024-02-26,Sicilia,Indeed,AZ_IT_INDEED_RETARGETING_CANDIDATI,41.68,4551,90,2
2024-02-26,Sicilia,Indeed,AZ_IT_INDEED_SPONSORED_JOBS,323.76,15065,558,15
2024-02-26,Toscana,Indeed,AZ_IT_INDEED_DISPLAY_RETE,48.85,8691,45,2
2024-02-26,Toscana,Indeed,AZ_IT_INDEED_RETARGETING_CANDIDATI,75.65,7955,137,5
2024-02-26,Toscana,Indeed,AZ_IT_INDEED_SPONSORED_JOBS,258.83,12203,514,18
2024-02-26,Trentino-Alto Adige,Indeed,AZ_IT_INDEED_DISPLAY_RETE,10.67,1778,8,0
2024-02-26,Trentino-Alto Adige,Indeed,AZ_IT_INDEED_RETARGETING_CANDIDATI,16.15,1765,34,1
2024-02-26,Trentino-Alto Adige,Indeed,AZ_IT_INDEED_SPONSORED_JOBS,75.22,3393,135,7
2024-02-26,Umbria,Indeed,AZ_IT_INDEED_DISPLAY_RETE,7.02,1150,6,0
2024-02-26,Umbria,Indeed,AZ_IT_INDEED_RETARGETING_CANDIDATI,15.35,1629,30,1
2024-02-26,Umbria,Indeed,AZ_IT_INDEED_SPONSORED_JOBS,44.57,2121,90,2
2024-02-26,Valle d'Aosta,Indeed,AZ_IT_INDEED_DISPLAY_RETE,1.37,231,1,0
2024-02-26,Valle d'Aosta,Indeed,AZ_IT_INDEED_RETARGETING_CANDIDATI,1.15,132,2,0
2024-02-26,Valle d'Aosta,Indeed,AZ_IT_INDEED_SPONSORED_JOBS,9.73,425,18,1
2024-02-26,Veneto,Indeed,AZ_IT_INDEED_DISPLAY_RETE,67.00,11029,60,3
2024-02-26,Veneto,Indeed,AZ_IT_INDEED_RETARGETING_CANDIDATI,98.80,10167,184,11
2024-02-26,Veneto,Indeed,AZ_IT_INDEED_SPONSORED_JOBS,245.54,11085,446,22
2024-03-04,Abruzzo,Indeed,AZ_IT_INDEED_DISPLAY_RETE,29.98,5317,28,1
2024-03-04,Abruzzo,Indeed,AZ_IT_INDEED_RETARGETING_CANDIDATI,18.39,2027,39,1
2024-03-04,Abruzzo,Indeed,AZ_IT_INDEED_SPONSORED_JOBS,144.31,6523,280,7
2024-03-04,Basilicata,Indeed,AZ_IT_INDEED_DISPLAY_RETE,5.08,857,4,0
2024-03-04,Basilicata,Indeed,AZ_IT_INDEED_RETARGETING_CANDIDATI,7.97,860,16,0
2024-03-04,Basilicata,Indeed,AZ_IT_INDEED_SPONSORED_JOBS,50.63,2369,98,2
2024-03-04,Calabria,Indeed,AZ_IT_INDEED_DISPLAY_RETE,22.49,3990,21,1
2024-03-04,Calabria,Indeed,AZ_IT_INDEED_RETARGETING_CANDIDATI,33.02,3600,60,2
2024-03-04,Calabria,Indeed,AZ_IT_INDEED_SPONSORED_JOBS,220.07,10404,412,10
2024-03-04,Campania,Indeed,AZ_IT_INDEED_DISPLAY_RETE,64.32,10819,53,1
2024-03-04,Campania,Indeed,AZ_IT_INDEED_RETARGETING_CANDIDATI,63.86,7032,123,3
2024-03-04,Campania,Indeed,AZ_IT_INDEED_SPONSORED_JOBS,322.71,15246,665,19
2024-03-04,Emilia-Romagna,Indeed,AZ_IT_INDEED_DISPLAY_RETE,38.74,6517,31,1
2024-03-04,Emilia-Romagna,Indeed,AZ_IT_INDEED_RETARGETING_CANDIDATI,65.41,7358,142,3
2024-03-04,Emilia-Romagna,Indeed,AZ_IT_INDEED_SPONSORED_JOBS,378.56,16506,747,19
2024-03-04,Friuli-Venezia Giulia,Indeed,AZ_IT_INDEED_DISPLAY_RETE,18.29,3079,14,1
2024-03-04,Friuli-Venezia Giulia,Indeed,AZ_IT_INDEED_RETARGETING_CANDIDATI,16.24,1806,37,1
2024-03-04,Friuli-Venezia Giulia,Indeed,AZ_IT_INDEED_SPONSORED_JOBS,102.90,4702,210,7
2024-03-04,Lazio,Indeed,AZ_IT_INDEED_DISPLAY_RETE,96.98,16328,84,2
2024-03-04,Lazio,Indeed,AZ_IT_INDEED_RETARGETING_CANDIDATI,99.01,10983,208,5
2024-03-04,Lazio,Indeed,AZ_IT_INDEED_SPONSORED_JOBS,568.34,24671,891,27
2024-03-04,Liguria,Indeed,AZ_IT_INDEED_DISPLAY_RETE,15.20,2589,13,0
2024-03-04,Liguria,Indeed,AZ_IT_INDEED_RETARGETING_CANDIDATI,26.73,2945,62,1
2024-03-04,Liguria,Indeed,AZ_IT_INDEED_SPONSORED_JOBS,134.09,6108,252,5
2024-03-04,Lombardia,Indeed,AZ_IT_INDEED_DISPLAY_RETE,166.60,28245,150,6
2024-03-04,Lombardia,Indeed,AZ_IT_INDEED_RETARGETING_CANDIDATI,127.40,14702,261,8
2024-03-04,Lombardia,Indeed,AZ_IT_INDEED_SPONSORED_JOBS,1006.34,48073,2151,66
2024-03-04,Marche,Indeed,AZ_IT_INDEED_DISPLAY_RETE,16.61,2713,13,1
2024-03-04,Marche,Indeed,AZ_IT_INDEED_RETARGETING_CANDIDATI,17.47,1983,38,3
2024-03-04,Marche,Indeed,AZ_IT_INDEED_SPONSORED_JOBS,68.30,3296,124,10
2024-03-04,Molise,Indeed,AZ_IT_INDEED_DISPLAY_RETE,3.68,616,3,0
2024-03-04,Molise,Indeed,AZ_IT_INDEED_RETARGETING_CANDIDATI,4.87,530,10,0
2024-03-04,Molise,Indeed,AZ_IT_INDEED_SPONSORED_JOBS,18.83,869,35,2
2024-03-04,Piemonte,Indeed,AZ_IT_INDEED_DISPLAY_RETE,55.72,9232,51,2
2024-03-04,Piemonte,Indeed,AZ_IT_INDEED_RETARGETING_CANDIDATI,57.63,6134,125,4
2024-03-04,Piemonte,Indeed,AZ_IT_INDEED_SPONSORED_JOBS,328.92,15096,586,24
2024-03-04,Puglia,Indeed,AZ_IT_INDEED_DISPLAY_RETE,75.26,12389,71,3
2024-03-04,Puglia,Indeed,AZ_IT_INDEED_RETARGETING_CANDIDATI,63.42,7082,128,5
2024-03-04,Puglia,Indeed,AZ_IT_INDEED_SPONSORED_JOBS,216.18,9785,409,20
2024-03-04,Sardegna,Indeed,AZ_IT_INDEED_DISPLAY_RETE,18.78,2990,15,0
2024-03-04,Sardegna,Indeed,AZ_IT_INDEED_RETARGETING_CANDIDATI,18.49,2062,40,1
2024-03-04,Sardegna,Indeed,AZ_IT_INDEED_SPONSORED_JOBS,158.23,7195,355,8
2024-03-04,Sicilia,Indeed,AZ_IT_INDEED_DISPLAY_RETE,69.71,11174,58,1
2024-03-04,Sicilia,Indeed,AZ_IT_INDEED_RETARGETING_CANDIDATI,46.58,5052,90,2
2024-03-04,Sicilia,Indeed,AZ_IT_INDEED_SPONSORED_JOBS,349.70,16604,680,15
2024-03-04,Toscana,Indeed,AZ_IT_INDEED_DISPLAY_RETE,72.00,11901,52,2
2024-03-04,Toscana,Indeed,AZ_IT_INDEED_RETARGETING_CANDIDATI,68.71,7467,128,4
2024-03-04,Toscana,Indeed,AZ_IT_INDEED_SPONSORED_JOBS,308.53,13673,554,18
2024-03-04,Trentino-Alto Adige,Indeed,AZ_IT_INDEED_DISPLAY_RETE,14.69,2431,11,1
2024-03-04,Trentino-Alto Adige,Indeed,AZ_IT_INDEED_RETARGETING_CANDIDATI,20.21,2272,46,2
2024-03-04,Trentino-Alto Adige,Indeed,AZ_IT_INDEED_SPONSORED_JOBS,89.63,4045,192,7
2024-03-04,Umbria,Indeed,AZ_IT_INDEED_DISPLAY_RETE,8.15,1419,7,0
2024-03-04,Umbria,Indeed,AZ_IT_INDEED_RETARGETING_CANDIDATI,17.39,2060,37,1
2024-03-04,Umbria,Indeed,AZ_IT_INDEED_SPONSORED_JOBS,58.16,2647,110,3
2024-03-04,Valle d'Aosta,Indeed,AZ_IT_INDEED_DISPLAY_RETE,1.67,273,1,0
2024-03-04,Valle d'Aosta,Indeed,AZ_IT_INDEED_RETARGETING_CANDIDATI,1.22,141,3,0
2024-03-04,Valle d'Aosta,Indeed,AZ_IT_INDEED_SPONSORED_JOBS,8.92,397,16,1
2024-03-04,Veneto,Indeed,AZ_IT_INDEED_DISPLAY_RETE,75.71,12075,58,3
2024-03-04,Veneto,Indeed,AZ_IT_INDEED_RETARGETING_CANDIDATI,122.73,13309,225,10
2024-03-04,Veneto,Indeed,AZ_IT_INDEED_SPONSORED_JOBS,341.84,15785,572,32
2024-03-11,Abruzzo,Indeed,AZ_IT_INDEED_DISPLAY_RETE,31.72,5094,24,1
2024-03-11,Abruzzo,Indeed,AZ_IT_INDEED_RETARGETING_CANDIDATI,21.64,2410,46,1
2024-03-11,Abruzzo,Indeed,AZ_IT_INDEED_SPONSORED_JOBS,203.38,9681,427,8
2024-03-11,Basilicata,Indeed,AZ_IT_INDEED_DISPLAY_RETE,6.16,1025,5,0
2024-03-11,Basilicata,Indeed,AZ_IT_INDEED_RETARGETING_CANDIDATI,9.40,1056,17,0
2024-03-11,Basilicata,Indeed,AZ_IT_INDEED_SPONSORED_JOBS,64.10,2970,112,2
2024-03-11,Calabria,Indeed,AZ_IT_INDEED_DISPLAY_RETE,29.42,5028,27,0
2024-03-11,Calabria,Indeed,AZ_IT_INDEED_RETARGETING_CANDIDATI,32.52,3676,60,1
2024-03-11,Calabria,Indeed,AZ_IT_INDEED_SPONSORED_JOBS,345.51,15383,622,14
2024-03-11,Campania,Indeed,AZ_IT_INDEED_DISPLAY_RETE,106.13,18234,92,2
2024-03-11,Campania,Indeed,AZ_IT_INDEED_RETARGETING_CANDIDATI,70.42,8223,160,3
2024-03-11,Campania,Indeed,AZ_IT_INDEED_SPONSORED_JOBS,407.35,18108,765,19
2024-03-11,Emilia-Romagna,Indeed,AZ_IT_INDEED_DISPLAY_RETE,50.29,8349,43,1
2024-03-11,Emilia-Romagna,Indeed,AZ_IT_INDEED_RETARGETING_CANDIDATI,67.00,7385,134,3
2024-03-11,Emilia-Romagna,Indeed,AZ_IT_INDEED_SPONSORED_JOBS,480.10,20999,899,20
2024-03-11,Friuli-Venezia Giulia,Indeed,AZ_IT_INDEED_DISPLAY_RETE,24.59,4345,22,1
2024-03-11,Friuli-Venezia Giulia,Indeed,AZ_IT_INDEED_RETARGETING_CANDIDATI,18.13,1961,34,1
2024-03-11,Friuli-Venezia Giulia,Indeed,AZ_IT_INDEED_SPONSORED_JOBS,156.31,7084,257,7
2024-03-11,Lazio,Indeed,AZ_IT_INDEED_DISPLAY_RETE,130.72,21479,111,2
2024-03-11,Lazio,Indeed,AZ_IT_INDEED_RETARGETING_CANDIDATI,116.26,12982,215,5
2024-03-11,Lazio,Indeed,AZ_IT_INDEED_SPONSORED_JOBS,703.72,31196,1182,27
2024-03-11,Liguria,Indeed,AZ_IT_INDEED_DISPLAY_RETE,21.50,3458,17,0
2024-03-11,Liguria,Indeed,AZ_IT_INDEED_RETARGETING_CANDIDATI,25.62,2772,52,1
2024-03-11,Liguria,Indeed,AZ_IT_INDEED_SPONSORED_JOBS,176.47,8082,336,8
2024-03-11,Lombardia,Indeed,AZ_IT_INDEED_DISPLAY_RETE,223.33,36801,189,6
2024-03-11,Lombardia,Indeed,AZ_IT_INDEED_RETARGETING_CANDIDATI,159.36,17740,339,10
2024-03-11,Lombardia,Indeed,AZ_IT_INDEED_SPONSORED_JOBS,1152.29,51284,1869,69
2024-03-11,Marche,Indeed,AZ_IT_INDEED_DISPLAY_RETE,26.63,4290,22,1
2024-03-11,Marche,Indeed,AZ_IT_INDEED_RETARGETING_CANDIDATI,21.85,2380,44,3
2024-03-11,Marche,Indeed,AZ_IT_INDEED_SPONSORED_JOBS,98.89,4306,185,12
2024-03-11,Molise,Indeed,AZ_IT_INDEED_DISPLAY_RETE,4.98,821,4,0
2024-03-11,Molise,Indeed,AZ_IT_INDEED_RETARGETING_CANDIDATI,5.16,585,9,0
2024-03-11,Molise,Indeed,AZ_IT_INDEED_SPONSORED_JOBS,23.53,1008,37,2
2024-03-11,Piemonte,Indeed,AZ_IT_INDEED_DISPLAY_RETE,80.08,13258,69,3
2024-03-11,Piemonte,Indeed,AZ_IT_INDEED_RETARGETING_CANDIDATI,60.35,6976,136,5
2024-03-11,Piemonte,Indeed,AZ_IT_INDEED_SPONSORED_JOBS,419.60,19432,780,34
2024-03-11,Puglia,Indeed,AZ_IT_INDEED_DISPLAY_RETE,105.46,18446,93,4
2024-03-11,Puglia,Indeed,AZ_IT_INDEED_RETARGETING_CANDIDATI,65.70,7057,130,4
2024-03-11,Puglia,Indeed,AZ_IT_INDEED_SPONSORED_JOBS,284.46,12391,490,20
2024-03-11,Sardegna,Indeed,AZ_IT_INDEED_DISPLAY_RETE,23.28,3766,19,0
2024-03-11,Sardegna,Indeed,AZ_IT_INDEED_RETARGETING_CANDIDATI,22.56,2431,42,1
2024-03-11,Sardegna,Indeed,AZ_IT_INDEED_SPONSORED_JOBS,214.66,9902,428,8
2024-03-11,Sicilia,Indeed,AZ_IT_INDEED_DISPLAY_RETE,109.65,19408,90,2
2024-03-11,Sicilia,Indeed,AZ_IT_INDEED_RETARGETING_CANDIDATI,49.16,5296,96,2
2024-03-11,Sicilia,Indeed,AZ_IT_INDEED_SPONSORED_JOBS,471.44,21010,830,17
2024-03-11,Toscana,Indeed,AZ_IT_INDEED_DISPLAY_RETE,105.42,17769,87,2
2024-03-11,Toscana,Indeed,AZ_IT_INDEED_RETARGETING_CANDIDATI,80.29,8836,147,4
2024-03-11,Toscana,Indeed,AZ_IT_INDEED_SPONSORED_JOBS,442.83,20286,873,22
2024-03-11,Trentino-Alto Adige,Indeed,AZ_IT_INDEED_DISPLAY_RETE,19.47,3436,17,1
2024-03-11,Trentino-Alto Adige,Indeed,AZ_IT_INDEED_RETARGETING_CANDIDATI,23.70,2706,51,1
2024-03-11,Trentino-Alto Adige,Indeed,AZ_IT_INDEED_SPONSORED_JOBS,104.40,4739,210,8
2024-03-11,Umbria,Indeed,AZ_IT_INDEED_DISPLAY_RETE,13.11,2245,9,0
2024-03-11,Umbria,Indeed,AZ_IT_INDEED_RETARGETING_CANDIDATI,21.61,2294,41,1
2024-03-11,Umbria,Indeed,AZ_IT_INDEED_SPONSORED_JOBS,97.79,4465,182,3
2024-03-11,Valle d'Aosta,Indeed,AZ_IT_INDEED_DISPLAY_RETE,2.22,364,2,0
2024-03-11,Valle d'Aosta,Indeed,AZ_IT_INDEED_RETARGETING_CANDIDATI,1.18,133,3,0
2024-03-11,Valle d'Aosta,Indeed,AZ_IT_INDEED_SPONSORED_JOBS,13.28,621,26,1
2024-03-11,Veneto,Indeed,AZ_IT_INDEED_DISPLAY_RETE,88.88,14683,73,3
2024-03-11,Veneto,Indeed,AZ_IT_INDEED_RETARGETING_CANDIDATI,111.57,13018,242,7
2024-03-11,Veneto,Indeed,AZ_IT_INDEED_SPONSORED_JOBS,459.65,20449,797,31
2024-03-18,Abruzzo,Indeed,AZ_IT_INDEED_DISPLAY_RETE,30.07,4993,26,1
2024-03-18,Abruzzo,Indeed,AZ_IT_INDEED_RETARGETING_CANDIDATI,17.21,1860,34,1
2024-03-18,Abruzzo,Indeed,AZ_IT_INDEED_SPONSORED_JOBS,158.84,7542,285,8
2024-03-18,Basilicata,Indeed,AZ_IT_INDEED_DISPLAY_RETE,5.73,946,5,0
2024-03-18,Basilicata,Indeed,AZ_IT_INDEED_RETARGETING_CANDIDATI,6.68,728,14,0
2024-03-18,Basilicata,Indeed,AZ_IT_INDEED_SPONSORED_JOBS,51.19,2380,89,2
2024-03-18,Calabria,Indeed,AZ_IT_INDEED_DISPLAY_RETE,26.11,4564,22,0
2024-03-18,Calabria,Indeed,AZ_IT_INDEED_RETARGETING_CANDIDATI,25.63,2795,53,1
2024-03-18,Calabria,Indeed,AZ_IT_INDEED_SPONSORED_JOBS,268.67,12088,499,12
2024-03-18,Campania,Indeed,AZ_IT_INDEED_DISPLAY_RETE,86.40,14255,71,2
2024-03-18,Campania,Indeed,AZ_IT_INDEED_RETARGETING_CANDIDATI,53.91,6252,103,3
2024-03-18,Campania,Indeed,AZ_IT_INDEED_SPONSORED_JOBS,320.85,14482,570,17
2024-03-18,Emilia-Romagna,Indeed,AZ_IT_INDEED_DISPLAY_RETE,43.83,6899,30,1
2024-03-18,Emilia-Romagna,Indeed,AZ_IT_INDEED_RETARGETING_CANDIDATI,62.36,6956,134,3
2024-03-18,Emilia-Romagna,Indeed,AZ_IT_INDEED_SPONSORED_JOBS,429.58,19593,827,22
2024-03-18,Friuli-Venezia Giulia,Indeed,AZ_IT_INDEED_DISPLAY_RETE,20.78,3440,16,1
2024-03-18,Friuli-Venezia Giulia,Indeed,AZ_IT_INDEED_RETARGETING_CANDIDATI,13.71,1563,25,1
2024-03-18,Friuli-Venezia Giulia,Indeed,AZ_IT_INDEED_SPONSORED_JOBS,101.65,4561,183,6
2024-03-18,Lazio,Indeed,AZ_IT_INDEED_DISPLAY_RETE,138.58,22948,116,4
2024-03-18,Lazio,Indeed,AZ_IT_INDEED_RETARGETING_CANDIDATI,89.63,9779,174,5
2024-03-18,Lazio,Indeed,AZ_IT_INDEED_SPONSORED_JOBS,562.47,24231,958,27
2024-03-18,Liguria,Indeed,AZ_IT_INDEED_DISPLAY_RETE,18.69,3093,14,0
2024-03-18,Liguria,Indeed,AZ_IT_INDEED_RETARGETING_CANDIDATI,20.74,2366,47,1
2024-03-18,Liguria,Indeed,AZ_IT_INDEED_SPONSORED_JOBS,126.57,5583,226,6
2024-03-18,Lombardia,Indeed,AZ_IT_INDEED_DISPLAY_RETE,213.02,35594,176,8
2024-03-18,Lombardia,Indeed,AZ_IT_INDEED_RETARGETING_CANDIDATI,122.37,13546,248,10
2024-03-18,Lombardia,Indeed,AZ_IT_INDEED_SPONSORED_JOBS,789.05,34805,1214,56
2024-03-18,Marche,Indeed,AZ_IT_INDEED_DISPLAY_RETE,28.24,4747,22,2
2024-03-18,Marche,Indeed,AZ_IT_INDEED_RETARGETING_CANDIDATI,16.40,1915,34,2
2024-03-18,Marche,Indeed,AZ_IT_INDEED_SPONSORED_JOBS,91.06,4114,179,12
2024-03-18,Molise,Indeed,AZ_IT_INDEED_DISPLAY_RETE,4.47,780,4,0
2024-03-18,Molise,Indeed,AZ_IT_INDEED_RETARGETING_CANDIDATI,4.01,457,8,0
2024-03-18,Molise,Indeed,AZ_IT_INDEED_SPONSORED_JOBS,17.48,766,31,2
2024-03-18,Piemonte,Indeed,AZ_IT_INDEED_DISPLAY_RETE,72.95,12363,64,3
2024-03-18,Piemonte,Indeed,AZ_IT_INDEED_RETARGETING_CANDIDATI,51.11,5963,99,4
2024-03-18,Piemonte,Indeed,AZ_IT_INDEED_SPONSORED_JOBS,362.61,16891,673,30
2024-03-18,Puglia,Indeed,AZ_IT_INDEED_DISPLAY_RETE,83.77,13076,59,3
2024-03-18,Puglia,Indeed,AZ_IT_INDEED_RETARGETING_CANDIDATI,59.95,6881,139,5
2024-03-18,Puglia,Indeed,AZ_IT_INDEED_SPONSORED_JOBS,243.21,11097,506,21
2024-03-18,Sardegna,Indeed,AZ_IT_INDEED_DISPLAY_RETE,19.07,3072,15,0
2024-03-18,Sardegna,Indeed,AZ_IT_INDEED_RETARGETING_CANDIDATI,20.53,2222,36,1
2024-03-18,Sardegna,Indeed,AZ_IT_INDEED_SPONSORED_JOBS,154.07,6916,277,8
2024-03-18,Sicilia,Indeed,AZ_IT_INDEED_DISPLAY_RETE,88.96,14677,65,2
2024-03-18,Sicilia,Indeed,AZ_IT_INDEED_RETARGETING_CANDIDATI,37.59,4385,72,2
2024-03-18,Sicilia,Indeed,AZ_IT_INDEED_SPONSORED_JOBS,407.47,18065,771,19
2024-03-18,Toscana,Indeed,AZ_IT_INDEED_DISPLAY_RETE,65.13,11082,53,2
2024-03-18,Toscana,Indeed,AZ_IT_INDEED_RETARGETING_CANDIDATI,64.93,7573,120,4
2024-03-18,Toscana,Indeed,AZ_IT_INDEED_SPONSORED_JOBS,334.33,15205,537,20
2024-03-18,Trentino-Alto Adige,Indeed,AZ_IT_INDEED_DISPLAY_RETE,16.27,2741,12,1
2024-03-18,Trentino-Alto Adige,Indeed,AZ_IT_INDEED_RETARGETING_CANDIDATI,16.66,1776,36,1
2024-03-18,Trentino-Alto Adige,Indeed,AZ_IT_INDEED_SPONSORED_JOBS,84.78,3962,155,7
2024-03-18,Umbria,Indeed,AZ_IT_INDEED_DISPLAY_RETE,10.15,1639,8,0
2024-03-18,Umbria,Indeed,AZ_IT_INDEED_RETARGETING_CANDIDATI,17.51,1941,34,1
2024-03-18,Umbria,Indeed,AZ_IT_INDEED_SPONSORED_JOBS,68.69,2946,130,3
2024-03-18,Valle d'Aosta,Indeed,AZ_IT_INDEED_DISPLAY_RETE,1.99,339,2,0
2024-03-18,Valle d'Aosta,Indeed,AZ_IT_INDEED_RETARGETING_CANDIDATI,1.05,114,2,0
2024-03-18,Valle d'Aosta,Indeed,AZ_IT_INDEED_SPONSORED_JOBS,10.42,452,20,1
2024-03-18,Veneto,Indeed,AZ_IT_INDEED_DISPLAY_RETE,100.61,17075,84,4
2024-03-18,Veneto,Indeed,AZ_IT_INDEED_RETARGETING_CANDIDATI,94.49,10618,199,7
2024-03-18,Veneto,Indeed,AZ_IT_INDEED_SPONSORED_JOBS,390.70,17208,739,33
2024-03-25,Abruzzo,Indeed,AZ_IT_INDEED_DISPLAY_RETE,23.26,4004,20,1
2024-03-25,Abruzzo,Indeed,AZ_IT_INDEED_RETARGETING_CANDIDATI,16.25,1816,34,1
2024-03-25,Abruzzo,Indeed,AZ_IT_INDEED_SPONSORED_JOBS,119.44,5215,202,7
2024-03-25,Basilicata,Indeed,AZ_IT_INDEED_DISPLAY_RETE,5.04,828,4,0
2024-03-25,Basilicata,Indeed,AZ_IT_INDEED_RETARGETING_CANDIDATI,5.39,609,11,0
2024-03-25,Basilicata,Indeed,AZ_IT_INDEED_SPONSORED_JOBS,45.89,1995,83,2
2024-03-25,Calabria,Indeed,AZ_IT_INDEED_DISPLAY_RETE,20.53,3496,17,1
2024-03-25,Calabria,Indeed,AZ_IT_INDEED_RETARGETING_CANDIDATI,25.02,2728,50,1
2024-03-25,Calabria,Indeed,AZ_IT_INDEED_SPONSORED_JOBS,210.43,9567,381,13
2024-03-25,Campania,Indeed,AZ_IT_INDEED_DISPLAY_RETE,76.98,12936,67,2
2024-03-25,Campania,Indeed,AZ_IT_INDEED_RETARGETING_CANDIDATI,53.41,5672,111,3
2024-03-25,Campania,Indeed,AZ_IT_INDEED_SPONSORED_JOBS,305.52,13870,582,17
2024-03-25,Emilia-Romagna,Indeed,AZ_IT_INDEED_DISPLAY_RETE,39.75,6323,30,1
2024-03-25,Emilia-Romagna,Indeed,AZ_IT_INDEED_RETARGETING_CANDIDATI,63.49,6810,123,3
2024-03-25,Emilia-Romagna,Indeed,AZ_IT_INDEED_SPONSORED_JOBS,354.69,15938,694,18
2024-03-25,Friuli-Venezia Giulia,Indeed,AZ_IT_INDEED_DISPLAY_RETE,15.58,2662,12,0
2024-03-25,Friuli-Venezia Giulia,Indeed,AZ_IT_INDEED_RETARGETING_CANDIDATI,11.97,1359,23,1
2024-03-25,Friuli-Venezia Giulia,Indeed,AZ_IT_INDEED_SPONSORED_JOBS,87.08,3982,165,6
2024-03-25,Lazio,Indeed,AZ_IT_INDEED_DISPLAY_RETE,109.62,18309,78,3
2024-03-25,Lazio,Indeed,AZ_IT_INDEED_RETARGETING_CANDIDATI,88.72,9611,188,5
2024-03-25,Lazio,Indeed,AZ_IT_INDEED_SPONSORED_JOBS,458.86,20805,916,28
2024-03-25,Liguria,Indeed,AZ_IT_INDEED_DISPLAY_RETE,14.61,2482,11,0
2024-03-25,Liguria,Indeed,AZ_IT_INDEED_RETARGETING_CANDIDATI,20.60,2185,41,1
2024-03-25,Liguria,Indeed,AZ_IT_INDEED_SPONSORED_JOBS,107.22,4762,210,6
2024-03-25,Lombardia,Indeed,AZ_IT_INDEED_DISPLAY_RETE,162.12,25237,121,7
2024-03-25,Lombardia,Indeed,AZ_IT_INDEED_RETARGETING_CANDIDATI,126.62,13704,209,9
2024-03-25,Lombardia,Indeed,AZ_IT_INDEED_SPONSORED_JOBS,726.82,32605,1226,67
2024-03-25,Marche,Indeed,AZ_IT_INDEED_DISPLAY_RETE,21.08,3498,15,2
2024-03-25,Marche,Indeed,AZ_IT_INDEED_RETARGETING_CANDIDATI,15.32,1746,30,3
2024-03-25,Marche,Indeed,AZ_IT_INDEED_SPONSORED_JOBS,68.79,3147,112,10
2024-03-25,Molise,Indeed,AZ_IT_INDEED_DISPLAY_RETE,3.72,608,3,0
2024-03-25,Molise,Indeed,AZ_IT_INDEED_RETARGETING_CANDIDATI,4.48,484,9,0
2024-03-25,Molise,Indeed,AZ_IT_INDEED_SPONSORED_JOBS,17.62,772,34,1
2024-03-25,Piemonte,Indeed,AZ_IT_INDEED_DISPLAY_RETE,71.70,12378,63,3
2024-03-25,Piemonte,Indeed,AZ_IT_INDEED_RETARGETING_CANDIDATI,48.08,5417,107,4
2024-03-25,Piemonte,Indeed,AZ_IT_INDEED_SPONSORED_JOBS,310.51,14238,587,29
2024-03-25,Puglia,Indeed,AZ_IT_INDEED_DISPLAY_RETE,74.05,12247,58,3
2024-03-25,Puglia,Indeed,AZ_IT_INDEED_RETARGETING_CANDIDATI,61.90,6881,124,5
2024-03-25,Puglia,Indeed,AZ_IT_INDEED_SPONSORED_JOBS,218.33,8967,404,15
2024-03-25,Sardegna,Indeed,AZ_IT_INDEED_DISPLAY_RETE,14.32,2390,12,0
2024-03-25,Sardegna,Indeed,AZ_IT_INDEED_RETARGETING_CANDIDATI,20.69,2308,39,1
2024-03-25,Sardegna,Indeed,AZ_IT_INDEED_SPONSORED_JOBS,146.86,6668,280,7
2024-03-25,Sicilia,Indeed,AZ_IT_INDEED_DISPLAY_RETE,67.69,11213,54,2
2024-03-25,Sicilia,Indeed,AZ_IT_INDEED_RETARGETING_CANDIDATI,32.86,3693,62,2
2024-03-25,Sicilia,Indeed,AZ_IT_INDEED_SPONSORED_JOBS,316.45,14520,662,16
2024-03-25,Toscana,Indeed,AZ_IT_INDEED_DISPLAY_RETE,56.37,9505,52,2
2024-03-25,Toscana,Indeed,AZ_IT_INDEED_RETARGETING_CANDIDATI,64.35,6835,123,4
2024-03-25,Toscana,Indeed,AZ_IT_INDEED_SPONSORED_JOBS,302.57,13354,577,20
2024-03-25,Trentino-Alto Adige,Indeed,AZ_IT_INDEED_DISPLAY_RETE,15.73,2625,12,1
2024-03-25,Trentino-Alto Adige,Indeed,AZ_IT_INDEED_RETARGETING_CANDIDATI,18.38,2059,40,1
2024-03-25,Trentino-Alto Adige,Indeed,AZ_IT_INDEED_SPONSORED_JOBS,87.91,4123,174,7
2024-03-25,Umbria,Indeed,AZ_IT_INDEED_DISPLAY_RETE,8.13,1333,7,0
2024-03-25,Umbria,Indeed,AZ_IT_INDEED_RETARGETING_CANDIDATI,14.05,1543,31,1
2024-03-25,Umbria,Indeed,AZ_IT_INDEED_SPONSORED_JOBS,67.81,3188,127,3
2024-03-25,Valle d'Aosta,Indeed,AZ_IT_INDEED_DISPLAY_RETE,1.47,248,1,0
2024-03-25,Valle d'Aosta,Indeed,AZ_IT_INDEED_RETARGETING_CANDIDATI,1.09,120,2,0
2024-03-25,Valle d'Aosta,Indeed,AZ_IT_INDEED_SPONSORED_JOBS,10.30,471,19,1
2024-03-25,Veneto,Indeed,AZ_IT_INDEED_DISPLAY_RETE,78.64,13104,60,3
2024-03-25,Veneto,Indeed,AZ_IT_INDEED_RETARGETING_CANDIDATI,109.78,12019,219,10
2024-03-25,Veneto,Indeed,AZ_IT_INDEED_SPONSORED_JOBS,323.99,15442,554,27
2024-04-01,Abruzzo,Indeed,AZ_IT_INDEED_DISPLAY_RETE,24.86,4090,20,0
2024-04-01,Abruzzo,Indeed,AZ_IT_INDEED_RETARGETING_CANDIDATI,20.82,2293,40,1
2024-04-01,Abruzzo,Indeed,AZ_IT_INDEED_SPONSORED_JOBS,160.24,7108,304,8
2024-04-01,Basilicata,Indeed,AZ_IT_INDEED_DISPLAY_RETE,7.41,1221,6,0
2024-04-01,Basilicata,Indeed,AZ_IT_INDEED_RETARGETING_CANDIDATI,7.05,791,14,0
2024-04-01,Basilicata,Indeed,AZ_IT_INDEED_SPONSORED_JOBS,47.54,2218,86,2
2024-04-01,Calabria,Indeed,AZ_IT_INDEED_DISPLAY_RETE,22.97,3924,21,0
2024-04-01,Calabria,Indeed,AZ_IT_INDEED_RETARGETING_CANDIDATI,28.54,3242,55,1
2024-04-01,Calabria,Indeed,AZ_IT_INDEED_SPONSORED_JOBS,233.90,11082,446,13
2024-04-01,Campania,Indeed,AZ_IT_INDEED_DISPLAY_RETE,82.58,13909,70,2
2024-04-01,Campania,Indeed,AZ_IT_INDEED_RETARGETING_CANDIDATI,64.40,7342,119,2
2024-04-01,Campania,Indeed,AZ_IT_INDEED_SPONSORED_JOBS,282.71,12410,507,20
2024-04-01,Emilia-Romagna,Indeed,AZ_IT_INDEED_DISPLAY_RETE,48.14,7703,34,1
2024-04-01,Emilia-Romagna,Indeed,AZ_IT_INDEED_RETARGETING_CANDIDATI,71.06,8701,161,2
2024-04-01,Emilia-Romagna,Indeed,AZ_IT_INDEED_SPONSORED_JOBS,417.46,19019,750,22
2024-04-01,Friuli-Venezia Giulia,Indeed,AZ_IT_INDEED_DISPLAY_RETE,17.34,2888,14,0
2024-04-01,Friuli-Venezia Giulia,Indeed,AZ_IT_INDEED_RETARGETING_CANDIDATI,12.01,1338,23,0
2024-04-01,Friuli-Venezia Giulia,Indeed,AZ_IT_INDEED_SPONSORED_JOBS,101.15,4394,182,6
2024-04-01,Lazio,Indeed,AZ_IT_INDEED_DISPLAY_RETE,126.98,22144,116,2
2024-04-01,Lazio,Indeed,AZ_IT_INDEED_RETARGETING_CANDIDATI,101.44,11683,222,4
2024-04-01,Lazio,Indeed,AZ_IT_INDEED_SPONSORED_JOBS,512.38,23873,811,37
2024-04-01,Liguria,Indeed,AZ_IT_INDEED_DISPLAY_RETE,18.11,2960,17,0
2024-04-01,Liguria,Indeed,AZ_IT_INDEED_RETARGETING_CANDIDATI,19.17,2093,38,1
2024-04-01,Liguria,Indeed,AZ_IT_INDEED_SPONSORED_JOBS,121.67,5807,238,7
2024-04-01,Lombardia,Indeed,AZ_IT_INDEED_DISPLAY_RETE,210.68,35267,166,5
2024-04-01,Lombardia,Indeed,AZ_IT_INDEED_RETARGETING_CANDIDATI,138.50,14968,300,6
2024-04-01,Lombardia,Indeed,AZ_IT_INDEED_SPONSORED_JOBS,808.44,36144,1550,69
2024-04-01,Marche,Indeed,AZ_IT_INDEED_DISPLAY_RETE,30.92,5009,28,1
2024-04-01,Marche,Indeed,AZ_IT_INDEED_RETARGETING_CANDIDATI,17.28,1892,37,1
2024-04-01,Marche,Indeed,AZ_IT_INDEED_SPONSORED_JOBS,88.17,4004,144,14
2024-04-01,Molise,Indeed,AZ_IT_INDEED_DISPLAY_RETE,4.46,735,4,0
2024-04-01,Molise,Indeed,AZ_IT_INDEED_RETARGETING_CANDIDATI,4.62,501,10,0
2024-04-01,Molise,Indeed,AZ_IT_INDEED_SPONSORED_JOBS,18.80,841,33,2
2024-04-01,Piemonte,Indeed,AZ_IT_INDEED_DISPLAY_RETE,71.75,11894,52,2
2024-04-01,Piemonte,Indeed,AZ_IT_INDEED_RETARGETING_CANDIDATI,74.12,8513,144,4
2024-04-01,Piemonte,Indeed,AZ_IT_INDEED_SPONSORED_JOBS,335.52,16391,738,30
2024-04-01,Puglia,Indeed,AZ_IT_INDEED_DISPLAY_RETE,80.27,13626,76,2
2024-04-01,Puglia,Indeed,AZ_IT_INDEED_RETARGETING_CANDIDATI,62.77,7344,144,3
2024-04-01,Puglia,Indeed,AZ_IT_INDEED_SPONSORED_JOBS,214.49,9484,386,22
2024-04-01,Sardegna,Indeed,AZ_IT_INDEED_DISPLAY_RETE,16.84,2763,13,0
2024-04-01,Sardegna,Indeed,AZ_IT_INDEED_RETARGETING_CANDIDATI,24.29,2750,50,1
2024-04-01,Sardegna,Indeed,AZ_IT_INDEED_SPONSORED_JOBS,150.54,6656,259,7
2024-04-01,Sicilia,Indeed,AZ_IT_INDEED_DISPLAY_RETE,90.21,15729,83,1
2024-04-01,Sicilia,Indeed,AZ_IT_INDEED_RETARGETING_CANDIDATI,41.36,4592,86,1
2024-04-01,Sicilia,Indeed,AZ_IT_INDEED_SPONSORED_JOBS,330.46,15272,660,17
2024-04-01,Toscana,Indeed,AZ_IT_INDEED_DISPLAY_RETE,71.58,11573,54,1
2024-04-01,Toscana,Indeed,AZ_IT_INDEED_RETARGETING_CANDIDATI,71.02,7907,143,3
2024-04-01,Toscana,Indeed,AZ_IT_INDEED_SPONSORED_JOBS,358.94,16272,613,27
2024-04-01,Trentino-Alto Adige,Indeed,AZ_IT_INDEED_DISPLAY_RETE,19.05,3204,17,0
2024-04-01,Trentino-Alto Adige,Indeed,AZ_IT_INDEED_RETARGETING_CANDIDATI,19.29,2166,40,1
2024-04-01,Trentino-Alto Adige,Indeed,AZ_IT_INDEED_SPONSORED_JOBS,134.03,6551,249,9
2024-04-01,Umbria,Indeed,AZ_IT_INDEED_DISPLAY_RETE,9.77,1556,8,0
2024-04-01,Umbria,Indeed,AZ_IT_INDEED_RETARGETING_CANDIDATI,14.84,1737,30,0
2024-04-01,Umbria,Indeed,AZ_IT_INDEED_SPONSORED_JOBS,78.25,3769,144,3
2024-04-01,Valle d'Aosta,Indeed,AZ_IT_INDEED_DISPLAY_RETE,1.81,302,1,0
2024-04-01,Valle d'Aosta,Indeed,AZ_IT_INDEED_RETARGETING_CANDIDATI,1.32,151,3,0
2024-04-01,Valle d'Aosta,Indeed,AZ_IT_INDEED_SPONSORED_JOBS,13.13,608,27,1
2024-04-01,Veneto,Indeed,AZ_IT_INDEED_DISPLAY_RETE,97.43,16769,79,2
2024-04-01,Veneto,Indeed,AZ_IT_INDEED_RETARGETING_CANDIDATI,150.63,17674,301,7
2024-04-01,Veneto,Indeed,AZ_IT_INDEED_SPONSORED_JOBS,418.34,19547,742,39
2024-04-08,Abruzzo,Indeed,AZ_IT_INDEED_DISPLAY_RETE,19.65,3308,16,0
2024-04-08,Abruzzo,Indeed,AZ_IT_INDEED_RETARGETING_CANDIDATI,24.62,2716,49,1
2024-04-08,Abruzzo,Indeed,AZ_IT_INDEED_SPONSORED_JOBS,96.42,4479,183,7
2024-04-08,Basilicata,Indeed,AZ_IT_INDEED_DISPLAY_RETE,6.08,976,5,0
2024-04-08,Basilicata,Indeed,AZ_IT_INDEED_RETARGETING_CANDIDATI,8.01,886,17,0
2024-04-08,Basilicata,Indeed,AZ_IT_INDEED_SPONSORED_JOBS,41.15,1929,86,2
2024-04-08,Calabria,Indeed,AZ_IT_INDEED_DISPLAY_RETE,19.53,3454,15,0
2024-04-08,Calabria,Indeed,AZ_IT_INDEED_RETARGETING_CANDIDATI,28.14,3157,56,1
2024-04-08,Calabria,Indeed,AZ_IT_INDEED_SPONSORED_JOBS,182.28,8416,320,13
2024-04-08,Campania,Indeed,AZ_IT_INDEED_DISPLAY_RETE,64.16,11029,50,1
2024-04-08,Campania,Indeed,AZ_IT_INDEED_RETARGETING_CANDIDATI,64.84,7026,135,3
2024-04-08,Campania,Indeed,AZ_IT_INDEED_SPONSORED_JOBS,250.56,11044,396,21
2024-04-08,Emilia-Romagna,Indeed,AZ_IT_INDEED_DISPLAY_RETE,34.30,5660,32,1
2024-04-08,Emilia-Romagna,Indeed,AZ_IT_INDEED_RETARGETING_CANDIDATI,72.33,8256,145,3
2024-04-08,Emilia-Romagna,Indeed,AZ_IT_INDEED_SPONSORED_JOBS,286.75,12712,600,19
2024-04-08,Friuli-Venezia Giulia,Indeed,AZ_IT_INDEED_DISPLAY_RETE,14.83,2480,12,0
2024-04-08,Friuli-Venezia Giulia,Indeed,AZ_IT_INDEED_RETARGETING_CANDIDATI,13.20,1441,26,1
2024-04-08,Friuli-Venezia Giulia,Indeed,AZ_IT_INDEED_SPONSORED_JOBS,79.38,3713,154,7
2024-04-08,Lazio,Indeed,AZ_IT_INDEED_DISPLAY_RETE,88.79,14876,76,2
2024-04-08,Lazio,Indeed,AZ_IT_INDEED_RETARGETING_CANDIDATI,91.59,9789,192,4
2024-04-08,Lazio,Indeed,AZ_IT_INDEED_SPONSORED_JOBS,411.05,18403,719,26
2024-04-08,Liguria,Indeed,AZ_IT_INDEED_DISPLAY_RETE,14.37,2284,11,0
2024-04-08,Liguria,Indeed,AZ_IT_INDEED_RETARGETING_CANDIDATI,17.37,2061,36,1
2024-04-08,Liguria,Indeed,AZ_IT_INDEED_SPONSORED_JOBS,89.23,4219,171,6
2024-04-08,Lombardia,Indeed,AZ_IT_INDEED_DISPLAY_RETE,148.54,24216,130,4
2024-04-08,Lombardia,Indeed,AZ_IT_INDEED_RETARGETING_CANDIDATI,152.07,17575,340,9
2024-04-08,Lombardia,Indeed,AZ_IT_INDEED_SPONSORED_JOBS,575.41,26725,1154,56
2024-04-08,Marche,Indeed,AZ_IT_INDEED_DISPLAY_RETE,16.43,2739,14,1
2024-04-08,Marche,Indeed,AZ_IT_INDEED_RETARGETING_CANDIDATI,17.39,1965,37,2
2024-04-08,Marche,Indeed,AZ_IT_INDEED_SPONSORED_JOBS,54.72,2399,87,10
2024-04-08,Molise,Indeed,AZ_IT_INDEED_DISPLAY_RETE,3.69,641,3,0
2024-04-08,Molise,Indeed,AZ_IT_INDEED_RETARGETING_CANDIDATI,4.76,543,11,0
2024-04-08,Molise,Indeed,AZ_IT_INDEED_SPONSORED_JOBS,14.35,630,25,2
2024-04-08,Piemonte,Indeed,AZ_IT_INDEED_DISPLAY_RETE,50.68,8280,39,2
2024-04-08,Piemonte,Indeed,AZ_IT_INDEED_RETARGETING_CANDIDATI,73.09,8316,144,4
2024-04-08,Piemonte,Indeed,AZ_IT_INDEED_SPONSORED_JOBS,257.32,11238,487,26
2024-04-08,Puglia,Indeed,AZ_IT_INDEED_DISPLAY_RETE,60.27,9985,46,2
2024-04-08,Puglia,Indeed,AZ_IT_INDEED_RETARGETING_CANDIDATI,57.35,6350,112,4
2024-04-08,Puglia,Indeed,AZ_IT_INDEED_SPONSORED_JOBS,151.61,7053,320,20
2024-04-08,Sardegna,Indeed,AZ_IT_INDEED_DISPLAY_RETE,13.79,2362,11,0
2024-04-08,Sardegna,Indeed,AZ_IT_INDEED_RETARGETING_CANDIDATI,28.10,3284,60,1
2024-04-08,Sardegna,Indeed,AZ_IT_INDEED_SPONSORED_JOBS,122.32,5754,261,8
2024-04-08,Sicilia,Indeed,AZ_IT_INDEED_DISPLAY_RETE,63.98,10878,56,1
2024-04-08,Sicilia,Indeed,AZ_IT_INDEED_RETARGETING_CANDIDATI,39.68,4594,81,1
2024-04-08,Sicilia,Indeed,AZ_IT_INDEED_SPONSORED_JOBS,236.08,10606,438,13
2024-04-08,Toscana,Indeed,AZ_IT_INDEED_DISPLAY_RETE,56.57,9828,48,1
2024-04-08,Toscana,Indeed,AZ_IT_INDEED_RETARGETING_CANDIDATI,63.53,7234,135,3
2024-04-08,Toscana,Indeed,AZ_IT_INDEED_SPONSORED_JOBS,231.99,10544,479,21
2024-04-08,Trentino-Alto Adige,Indeed,AZ_IT_INDEED_DISPLAY_RETE,16.22,2763,13,0
2024-04-08,Trentino-Alto Adige,Indeed,AZ_IT_INDEED_RETARGETING_CANDIDATI,21.78,2318,42,1
2024-04-08,Trentino-Alto Adige,Indeed,AZ_IT_INDEED_SPONSORED_JOBS,92.56,4248,153,8
2024-04-08,Umbria,Indeed,AZ_IT_INDEED_DISPLAY_RETE,7.14,1203,6,0
2024-04-08,Umbria,Indeed,AZ_IT_INDEED_RETARGETING_CANDIDATI,20.19,2152,36,1
2024-04-08,Umbria,Indeed,AZ_IT_INDEED_SPONSORED_JOBS,47.32,2207,91,3
2024-04-08,Valle d'Aosta,Indeed,AZ_IT_INDEED_DISPLAY_RETE,1.35,227,1,0
2024-04-08,Valle d'Aosta,Indeed,AZ_IT_INDEED_RETARGETING_CANDIDATI,1.19,135,2,0
2024-04-08,Valle d'Aosta,Indeed,AZ_IT_INDEED_SPONSORED_JOBS,9.64,434,14,1
2024-04-08,Veneto,Indeed,AZ_IT_INDEED_DISPLAY_RETE,66.85,11580,56,2
2024-04-08,Veneto,Indeed,AZ_IT_INDEED_RETARGETING_CANDIDATI,153.32,17711,358,11
2024-04-08,Veneto,Indeed,AZ_IT_INDEED_SPONSORED_JOBS,256.20,11797,533,26
2024-04-15,Abruzzo,Indeed,AZ_IT_INDEED_DISPLAY_RETE,22.84,3735,19,1
2024-04-15,Abruzzo,Indeed,AZ_IT_INDEED_RETARGETING_CANDIDATI,29.43,3164,55,1
2024-04-15,Abruzzo,Indeed,AZ_IT_INDEED_SPONSORED_JOBS,82.80,3756,159,7
2024-04-15,Basilicata,Indeed,AZ_IT_INDEED_DISPLAY_RETE,6.00,1023,5,0
2024-04-15,Basilicata,Indeed,AZ_IT_INDEED_RETARGETING_CANDIDATI,6.65,764,14,0
2024-04-15,Basilicata,Indeed,AZ_IT_INDEED_SPONSORED_JOBS,36.30,1573,73,2
2024-04-15,Calabria,Indeed,AZ_IT_INDEED_DISPLAY_RETE,21.45,3529,18,0
2024-04-15,Calabria,Indeed,AZ_IT_INDEED_RETARGETING_CANDIDATI,29.06,3176,55,1
2024-04-15,Calabria,Indeed,AZ_IT_INDEED_SPONSORED_JOBS,182.63,8642,339,10
2024-04-15,Campania,Indeed,AZ_IT_INDEED_DISPLAY_RETE,75.75,12488,60,2
2024-04-15,Campania,Indeed,AZ_IT_INDEED_RETARGETING_CANDIDATI,66.35,7473,128,3
2024-04-15,Campania,Indeed,AZ_IT_INDEED_SPONSORED_JOBS,192.58,8837,327,17
2024-04-15,Emilia-Romagna,Indeed,AZ_IT_INDEED_DISPLAY_RETE,40.20,6746,37,1
2024-04-15,Emilia-Romagna,Indeed,AZ_IT_INDEED_RETARGETING_CANDIDATI,65.98,7300,142,3
2024-04-15,Emilia-Romagna,Indeed,AZ_IT_INDEED_SPONSORED_JOBS,301.96,13647,591,20
2024-04-15,Friuli-Venezia Giulia,Indeed,AZ_IT_INDEED_DISPLAY_RETE,16.28,2715,14,0
2024-04-15,Friuli-Venezia Giulia,Indeed,AZ_IT_INDEED_RETARGETING_CANDIDATI,14.68,1611,30,1
2024-04-15,Friuli-Venezia Giulia,Indeed,AZ_IT_INDEED_SPONSORED_JOBS,83.48,3708,150,7
2024-04-15,Lazio,Indeed,AZ_IT_INDEED_DISPLAY_RETE,106.11,17387,86,2
2024-04-15,Lazio,Indeed,AZ_IT_INDEED_RETARGETING_CANDIDATI,100.34,11094,187,4
2024-04-15,Lazio,Indeed,AZ_IT_INDEED_SPONSORED_JOBS,384.38,17101,756,27
2024-04-15,Liguria,Indeed,AZ_IT_INDEED_DISPLAY_RETE,16.00,2655,13,0
2024-04-15,Liguria,Indeed,AZ_IT_INDEED_RETARGETING_CANDIDATI,16.65,1881,34,1
2024-04-15,Liguria,Indeed,AZ_IT_INDEED_SPONSORED_JOBS,81.86,3560,154,5
2024-04-15,Lombardia,Indeed,AZ_IT_INDEED_DISPLAY_RETE,174.11,28978,136,5
2024-04-15,Lombardia,Indeed,AZ_IT_INDEED_RETARGETING_CANDIDATI,121.56,14097,261,8
2024-04-15,Lombardia,Indeed,AZ_IT_INDEED_SPONSORED_JOBS,582.77,25596,1027,65
2024-04-15,Marche,Indeed,AZ_IT_INDEED_DISPLAY_RETE,17.67,2994,16,1
2024-04-15,Marche,Indeed,AZ_IT_INDEED_RETARGETING_CANDIDATI,15.93,1741,35,2
2024-04-15,Marche,Indeed,AZ_IT_INDEED_SPONSORED_JOBS,47.18,2084,85,9
2024-04-15,Molise,Indeed,AZ_IT_INDEED_DISPLAY_RETE,4.33,722,4,0
2024-04-15,Molise,Indeed,AZ_IT_INDEED_RETARGETING_CANDIDATI,4.61,508,8,0
2024-04-15,Molise,Indeed,AZ_IT_INDEED_SPONSORED_JOBS,12.64,565,23,1
2024-04-15,Piemonte,Indeed,AZ_IT_INDEED_DISPLAY_RETE,57.36,9681,55,2
2024-04-15,Piemonte,Indeed,AZ_IT_INDEED_RETARGETING_CANDIDATI,68.78,7775,151,5
2024-04-15,Piemonte,Indeed,AZ_IT_INDEED_SPONSORED_JOBS,238.38,11265,463,27
2024-04-15,Puglia,Indeed,AZ_IT_INDEED_DISPLAY_RETE,68.78,11589,59,2
2024-04-15,Puglia,Indeed,AZ_IT_INDEED_RETARGETING_CANDIDATI,72.45,8181,144,4
2024-04-15,Puglia,Indeed,AZ_IT_INDEED_SPONSORED_JOBS,208.64,9653,382,20
2024-04-15,Sardegna,Indeed,AZ_IT_INDEED_DISPLAY_RETE,18.89,3095,16,0
2024-04-15,Sardegna,Indeed,AZ_IT_INDEED_RETARGETING_CANDIDATI,24.16,2609,53,1
2024-04-15,Sardegna,Indeed,AZ_IT_INDEED_SPONSORED_JOBS,125.95,5567,238,7
2024-04-15,Sicilia,Indeed,AZ_IT_INDEED_DISPLAY_RETE,70.88,11942,50,1
2024-04-15,Sicilia,Indeed,AZ_IT_INDEED_RETARGETING_CANDIDATI,42.54,4392,88,1
2024-04-15,Sicilia,Indeed,AZ_IT_INDEED_SPONSORED_JOBS,223.36,9667,348,14
2024-04-15,Toscana,Indeed,AZ_IT_INDEED_DISPLAY_RETE,58.17,8977,47,2
2024-04-15,Toscana,Indeed,AZ_IT_INDEED_RETARGETING_CANDIDATI,79.68,8530,173,5
2024-04-15,Toscana,Indeed,AZ_IT_INDEED_SPONSORED_JOBS,198.78,8787,311,18
2024-04-15,Trentino-Alto Adige,Indeed,AZ_IT_INDEED_DISPLAY_RETE,17.59,3101,17,0
2024-04-15,Trentino-Alto Adige,Indeed,AZ_IT_INDEED_RETARGETING_CANDIDATI,21.89,2392,42,1
2024-04-15,Trentino-Alto Adige,Indeed,AZ_IT_INDEED_SPONSORED_JOBS,81.99,3888,154,8
2024-04-15,Umbria,Indeed,AZ_IT_INDEED_DISPLAY_RETE,8.28,1470,8,0
2024-04-15,Umbria,Indeed,AZ_IT_INDEED_RETARGETING_CANDIDATI,17.90,1986,33,1
2024-04-15,Umbria,Indeed,AZ_IT_INDEED_SPONSORED_JOBS,45.85,2125,83,3
2024-04-15,Valle d'Aosta,Indeed,AZ_IT_INDEED_DISPLAY_RETE,2.19,367,2,0
2024-04-15,Valle d'Aosta,Indeed,AZ_IT_INDEED_RETARGETING_CANDIDATI,1.18,134,2,0
2024-04-15,Valle d'Aosta,Indeed,AZ_IT_INDEED_SPONSORED_JOBS,9.07,410,16,1
2024-04-15,Veneto,Indeed,AZ_IT_INDEED_DISPLAY_RETE,65.02,10636,47,2
2024-04-15,Veneto,Indeed,AZ_IT_INDEED_RETARGETING_CANDIDATI,122.53,13045,221,8
2024-04-15,Veneto,Indeed,AZ_IT_INDEED_SPONSORED_JOBS,226.65,10297,459,28
2024-04-22,Abruzzo,Indeed,AZ_IT_INDEED_DISPLAY_RETE,28.07,4747,25,1
2024-04-22,Abruzzo,Indeed,AZ_IT_INDEED_RETARGETING_CANDIDATI,23.96,2646,48,1
2024-04-22,Abruzzo,Indeed,AZ_IT_INDEED_SPONSORED_JOBS,75.54,3552,147,7
2024-04-22,Basilicata,Indeed,AZ_IT_INDEED_DISPLAY_RETE,9.61,1538,8,0
2024-04-22,Basilicata,Indeed,AZ_IT_INDEED_RETARGETING_CANDIDATI,8.79,1021,17,0
2024-04-22,Basilicata,Indeed,AZ_IT_INDEED_SPONSORED_JOBS,38.01,1727,75,2
2024-04-22,Calabria,Indeed,AZ_IT_INDEED_DISPLAY_RETE,29.07,5044,23,1
2024-04-22,Calabria,Indeed,AZ_IT_INDEED_RETARGETING_CANDIDATI,27.54,3009,53,1
2024-04-22,Calabria,Indeed,AZ_IT_INDEED_SPONSORED_JOBS,171.00,8301,353,12
2024-04-22,Campania,Indeed,AZ_IT_INDEED_DISPLAY_RETE,102.52,17358,89,3
2024-04-22,Campania,Indeed,AZ_IT_INDEED_RETARGETING_CANDIDATI,67.61,7775,154,4
2024-04-22,Campania,Indeed,AZ_IT_INDEED_SPONSORED_JOBS,209.47,9545,433,18
2024-04-22,Emilia-Romagna,Indeed,AZ_IT_INDEED_DISPLAY_RETE,48.30,7881,39,1
2024-04-22,Emilia-Romagna,Indeed,AZ_IT_INDEED_RETARGETING_CANDIDATI,61.77,7046,129,2
2024-04-22,Emilia-Romagna,Indeed,AZ_IT_INDEED_SPONSORED_JOBS,274.37,12123,475,18
2024-04-22,Friuli-Venezia Giulia,Indeed,AZ_IT_INDEED_DISPLAY_RETE,20.95,3368,16,1
2024-04-22,Friuli-Venezia Giulia,Indeed,AZ_IT_INDEED_RETARGETING_CANDIDATI,14.98,1731,29,1
2024-04-22,Friuli-Venezia Giulia,Indeed,AZ_IT_INDEED_SPONSORED_JOBS,89.43,3819,163,6
2024-04-22,Lazio,Indeed,AZ_IT_INDEED_DISPLAY_RETE,134.06,20740,96,3
2024-04-22,Lazio,Indeed,AZ_IT_INDEED_RETARGETING_CANDIDATI,110.70,12065,226,5
2024-04-22,Lazio,Indeed,AZ_IT_INDEED_SPONSORED_JOBS,334.28,15396,622,25
2024-04-22,Liguria,Indeed,AZ_IT_INDEED_DISPLAY_RETE,17.73,2996,14,0
2024-04-22,Liguria,Indeed,AZ_IT_INDEED_RETARGETING_CANDIDATI,17.17,1908,33,1
2024-04-22,Liguria,Indeed,AZ_IT_INDEED_SPONSORED_JOBS,89.87,4059,153,5
2024-04-22,Lombardia,Indeed,AZ_IT_INDEED_DISPLAY_RETE,241.50,38354,181,7
2024-04-22,Lombardia,Indeed,AZ_IT_INDEED_RETARGETING_CANDIDATI,113.50,12446,243,8
2024-04-22,Lombardia,Indeed,AZ_IT_INDEED_SPONSORED_JOBS,613.31,27094,1016,62
2024-04-22,Marche,Indeed,AZ_IT_INDEED_DISPLAY_RETE,21.79,3588,16,1
2024-04-22,Marche,Indeed,AZ_IT_INDEED_RETARGETING_CANDIDATI,17.17,1980,38,2
2024-04-22,Marche,Indeed,AZ_IT_INDEED_SPONSORED_JOBS,50.78,2356,95,11
2024-04-22,Molise,Indeed,AZ_IT_INDEED_DISPLAY_RETE,6.27,1043,6,0
2024-04-22,Molise,Indeed,AZ_IT_INDEED_RETARGETING_CANDIDATI,5.10,567,11,0
2024-04-22,Molise,Indeed,AZ_IT_INDEED_SPONSORED_JOBS,12.54,575,25,2
2024-04-22,Piemonte,Indeed,AZ_IT_INDEED_DISPLAY_RETE,65.81,10794,60,3
2024-04-22,Piemonte,Indeed,AZ_IT_INDEED_RETARGETING_CANDIDATI,72.08,8010,162,5
2024-04-22,Piemonte,Indeed,AZ_IT_INDEED_SPONSORED_JOBS,226.95,10174,400,23
2024-04-22,Puglia,Indeed,AZ_IT_INDEED_DISPLAY_RETE,94.30,15070,81,3
2024-04-22,Puglia,Indeed,AZ_IT_INDEED_RETARGETING_CANDIDATI,69.69,7175,128,4
2024-04-22,Puglia,Indeed,AZ_IT_INDEED_SPONSORED_JOBS,180.72,8290,328,20
2024-04-22,Sardegna,Indeed,AZ_IT_INDEED_DISPLAY_RETE,25.89,4321,21,1
2024-04-22,Sardegna,Indeed,AZ_IT_INDEED_RETARGETING_CANDIDATI,21.06,2227,46,1
2024-04-22,Sardegna,Indeed,AZ_IT_INDEED_SPONSORED_JOBS,118.39,5359,209,8
2024-04-22,Sicilia,Indeed,AZ_IT_INDEED_DISPLAY_RETE,86.41,14412,68,2
2024-04-22,Sicilia,Indeed,AZ_IT_INDEED_RETARGETING_CANDIDATI,43.64,5000,93,2
2024-04-22,Sicilia,Indeed,AZ_IT_INDEED_SPONSORED_JOBS,219.33,10246,385,14
2024-04-22,Toscana,Indeed,AZ_IT_INDEED_DISPLAY_RETE,82.77,13739,60,2
2024-04-22,Toscana,Indeed,AZ_IT_INDEED_RETARGETING_CANDIDATI,69.44,7931,151,4
2024-04-22,Toscana,Indeed,AZ_IT_INDEED_SPONSORED_JOBS,215.34,9815,389,20
2024-04-22,Trentino-Alto Adige,Indeed,AZ_IT_INDEED_DISPLAY_RETE,20.96,3672,19,1
2024-04-22,Trentino-Alto Adige,Indeed,AZ_IT_INDEED_RETARGETING_CANDIDATI,21.19,2369,36,1
2024-04-22,Trentino-Alto Adige,Indeed,AZ_IT_INDEED_SPONSORED_JOBS,87.54,3934,174,8
2024-04-22,Umbria,Indeed,AZ_IT_INDEED_DISPLAY_RETE,9.92,1748,9,0
2024-04-22,Umbria,Indeed,AZ_IT_INDEED_RETARGETING_CANDIDATI,15.01,1808,32,0
2024-04-22,Umbria,Indeed,AZ_IT_INDEED_SPONSORED_JOBS,60.46,2851,119,3
2024-04-22,Valle d'Aosta,Indeed,AZ_IT_INDEED_DISPLAY_RETE,2.36,392,2,0
2024-04-22,Valle d'Aosta,Indeed,AZ_IT_INDEED_RETARGETING_CANDIDATI,1.11,123,2,0
2024-04-22,Valle d'Aosta,Indeed,AZ_IT_INDEED_SPONSORED_JOBS,9.75,429,17,1
2024-04-22,Veneto,Indeed,AZ_IT_INDEED_DISPLAY_RETE,86.79,14833,74,3
2024-04-22,Veneto,Indeed,AZ_IT_INDEED_RETARGETING_CANDIDATI,123.38,14016,233,8
2024-04-22,Veneto,Indeed,AZ_IT_INDEED_SPONSORED_JOBS,260.33,11334,452,24
2024-04-29,Abruzzo,Indeed,AZ_IT_INDEED_DISPLAY_RETE,19.04,3129,16,1
2024-04-29,Abruzzo,Indeed,AZ_IT_INDEED_RETARGETING_CANDIDATI,26.45,2992,50,1
2024-04-29,Abruzzo,Indeed,AZ_IT_INDEED_SPONSORED_JOBS,74.50,3326,140,7
2024-04-29,Basilicata,Indeed,AZ_IT_INDEED_DISPLAY_RETE,6.28,999,5,0
2024-04-29,Basilicata,Indeed,AZ_IT_INDEED_RETARGETING_CANDIDATI,7.92,908,18,0
2024-04-29,Basilicata,Indeed,AZ_IT_INDEED_SPONSORED_JOBS,40.23,1731,68,2
2024-04-29,Calabria,Indeed,AZ_IT_INDEED_DISPLAY_RETE,19.80,3339,19,0
2024-04-29,Calabria,Indeed,AZ_IT_INDEED_RETARGETING_CANDIDATI,28.60,3257,61,1
2024-04-29,Calabria,Indeed,AZ_IT_INDEED_SPONSORED_JOBS,174.99,7587,330,12
2024-04-29,Campania,Indeed,AZ_IT_INDEED_DISPLAY_RETE,75.49,12054,51,2
2024-04-29,Campania,Indeed,AZ_IT_INDEED_RETARGETING_CANDIDATI,62.98,6762,128,3
2024-04-29,Campania,Indeed,AZ_IT_INDEED_SPONSORED_JOBS,206.56,9322,415,17
2024-04-29,Emilia-Romagna,Indeed,AZ_IT_INDEED_DISPLAY_RETE,37.74,6496,32,1
2024-04-29,Emilia-Romagna,Indeed,AZ_IT_INDEED_RETARGETING_CANDIDATI,70.79,7620,157,2
2024-04-29,Emilia-Romagna,Indeed,AZ_IT_INDEED_SPONSORED_JOBS,344.07,15667,590,19
2024-04-29,Friuli-Venezia Giulia,Indeed,AZ_IT_INDEED_DISPLAY_RETE,14.94,2486,12,0
2024-04-29,Friuli-Venezia Giulia,Indeed,AZ_IT_INDEED_RETARGETING_CANDIDATI,13.73,1522,28,1
2024-04-29,Friuli-Venezia Giulia,Indeed,AZ_IT_INDEED_SPONSORED_JOBS,77.60,3499,140,6
2024-04-29,Lazio,Indeed,AZ_IT_INDEED_DISPLAY_RETE,79.95,13201,70,2
2024-04-29,Lazio,Indeed,AZ_IT_INDEED_RETARGETING_CANDIDATI,101.07,11470,227,4
2024-04-29,Lazio,Indeed,AZ_IT_INDEED_SPONSORED_JOBS,348.50,16080,678,27
2024-04-29,Liguria,Indeed,AZ_IT_INDEED_DISPLAY_RETE,12.40,2005,10,0
2024-04-29,Liguria,Indeed,AZ_IT_INDEED_RETARGETING_CANDIDATI,18.26,2145,39,1
2024-04-29,Liguria,Indeed,AZ_IT_INDEED_SPONSORED_JOBS,80.38,3602,161,6
2024-04-29,Lombardia,Indeed,AZ_IT_INDEED_DISPLAY_RETE,160.56,26751,126,4
2024-04-29,Lombardia,Indeed,AZ_IT_INDEED_RETARGETING_CANDIDATI,128.24,14567,251,7
2024-04-29,Lombardia,Indeed,AZ_IT_INDEED_SPONSORED_JOBS,680.84,29185,978,65
2024-04-29,Marche,Indeed,AZ_IT_INDEED_DISPLAY_RETE,17.07,2813,14,1
2024-04-29,Marche,Indeed,AZ_IT_INDEED_RETARGETING_CANDIDATI,15.48,1702,31,2
2024-04-29,Marche,Indeed,AZ_IT_INDEED_SPONSORED_JOBS,65.66,3052,120,11
2024-04-29,Molise,Indeed,AZ_IT_INDEED_DISPLAY_RETE,4.62,733,4,0
2024-04-29,Molise,Indeed,AZ_IT_INDEED_RETARGETING_CANDIDATI,5.99,662,12,1
2024-04-29,Molise,Indeed,AZ_IT_INDEED_SPONSORED_JOBS,11.85,537,18,2
2024-04-29,Piemonte,Indeed,AZ_IT_INDEED_DISPLAY_RETE,53.65,8880,45,2
2024-04-29,Piemonte,Indeed,AZ_IT_INDEED_RETARGETING_CANDIDATI,78.24,8926,143,4
2024-04-29,Piemonte,Indeed,AZ_IT_INDEED_SPONSORED_JOBS,231.84,10759,464,28
2024-04-29,Puglia,Indeed,AZ_IT_INDEED_DISPLAY_RETE,68.23,11368,59,2
2024-04-29,Puglia,Indeed,AZ_IT_INDEED_RETARGETING_CANDIDATI,77.48,8533,157,5
2024-04-29,Puglia,Indeed,AZ_IT_INDEED_SPONSORED_JOBS,200.08,9265,380,22
2024-04-29,Sardegna,Indeed,AZ_IT_INDEED_DISPLAY_RETE,18.59,3142,17,0
2024-04-29,Sardegna,Indeed,AZ_IT_INDEED_RETARGETING_CANDIDATI,23.95,2719,51,1
2024-04-29,Sardegna,Indeed,AZ_IT_INDEED_SPONSORED_JOBS,140.05,6573,289,10
2024-04-29,Sicilia,Indeed,AZ_IT_INDEED_DISPLAY_RETE,62.80,10301,50,1
2024-04-29,Sicilia,Indeed,AZ_IT_INDEED_RETARGETING_CANDIDATI,48.27,5048,86,2
2024-04-29,Sicilia,Indeed,AZ_IT_INDEED_SPONSORED_JOBS,247.25,10940,441,14
2024-04-29,Toscana,Indeed,AZ_IT_INDEED_DISPLAY_RETE,61.34,10189,57,1
2024-04-29,Toscana,Indeed,AZ_IT_INDEED_RETARGETING_CANDIDATI,70.27,7543,123,4
2024-04-29,Toscana,Indeed,AZ_IT_INDEED_SPONSORED_JOBS,211.22,9259,374,21
2024-04-29,Trentino-Alto Adige,Indeed,AZ_IT_INDEED_DISPLAY_RETE,15.00,2466,12,0
2024-04-29,Trentino-Alto Adige,Indeed,AZ_IT_INDEED_RETARGETING_CANDIDATI,20.16,2276,43,1
2024-04-29,Trentino-Alto Adige,Indeed,AZ_IT_INDEED_SPONSORED_JOBS,84.61,3835,161,7
2024-04-29,Umbria,Indeed,AZ_IT_INDEED_DISPLAY_RETE,7.84,1288,6,0
2024-04-29,Umbria,Indeed,AZ_IT_INDEED_RETARGETING_CANDIDATI,15.30,1811,33,1
2024-04-29,Umbria,Indeed,AZ_IT_INDEED_SPONSORED_JOBS,58.28,2637,109,3
2024-04-29,Valle d'Aosta,Indeed,AZ_IT_INDEED_DISPLAY_RETE,1.66,273,2,0
2024-04-29,Valle d'Aosta,Indeed,AZ_IT_INDEED_RETARGETING_CANDIDATI,1.08,118,2,0
2024-04-29,Valle d'Aosta,Indeed,AZ_IT_INDEED_SPONSORED_JOBS,9.46,446,18,1
2024-04-29,Veneto,Indeed,AZ_IT_INDEED_DISPLAY_RETE,64.92,10903,54,2
2024-04-29,Veneto,Indeed,AZ_IT_INDEED_RETARGETING_CANDIDATI,154.82,17508,319,11
2024-04-29,Veneto,Indeed,AZ_IT_INDEED_SPONSORED_JOBS,253.23,11687,508,28
2024-05-06,Abruzzo,Indeed,AZ_IT_INDEED_DISPLAY_RETE,21.38,3525,18,0
2024-05-06,Abruzzo,Indeed,AZ_IT_INDEED_RETARGETING_CANDIDATI,18.76,2174,33,1
2024-05-06,Abruzzo,Indeed,AZ_IT_INDEED_SPONSORED_JOBS,83.65,3819,169,8
2024-05-06,Basilicata,Indeed,AZ_IT_INDEED_DISPLAY_RETE,5.55,916,4,0
2024-05-06,Basilicata,Indeed,AZ_IT_INDEED_RETARGETING_CANDIDATI,6.85,772,14,0
2024-05-06,Basilicata,Indeed,AZ_IT_INDEED_SPONSORED_JOBS,35.37,1549,65,2
2024-05-06,Calabria,Indeed,AZ_IT_INDEED_DISPLAY_RETE,25.79,4426,20,1
2024-05-06,Calabria,Indeed,AZ_IT_INDEED_RETARGETING_CANDIDATI,25.96,2886,55,1
2024-05-06,Calabria,Indeed,AZ_IT_INDEED_SPONSORED_JOBS,137.63,6123,275,10
2024-05-06,Campania,Indeed,AZ_IT_INDEED_DISPLAY_RETE,91.45,15258,82,2
2024-05-06,Campania,Indeed,AZ_IT_INDEED_RETARGETING_CANDIDATI,56.04,6492,106,3
2024-05-06,Campania,Indeed,AZ_IT_INDEED_SPONSORED_JOBS,217.06,9388,425,18
2024-05-06,Emilia-Romagna,Indeed,AZ_IT_INDEED_DISPLAY_RETE,45.89,7848,37,1
2024-05-06,Emilia-Romagna,Indeed,AZ_IT_INDEED_RETARGETING_CANDIDATI,60.57,6489,104,2
2024-05-06,Emilia-Romagna,Indeed,AZ_IT_INDEED_SPONSORED_JOBS,362.86,16089,632,22
2024-05-06,Friuli-Venezia Giulia,Indeed,AZ_IT_INDEED_DISPLAY_RETE,18.49,2937,15,0
2024-05-06,Friuli-Venezia Giulia,Indeed,AZ_IT_INDEED_RETARGETING_CANDIDATI,11.39,1187,22,1
2024-05-06,Friuli-Venezia Giulia,Indeed,AZ_IT_INDEED_SPONSORED_JOBS,74.28,3395,139,6
2024-05-06,Lazio,Indeed,AZ_IT_INDEED_DISPLAY_RETE,89.07,15569,85,2
2024-05-06,Lazio,Indeed,AZ_IT_INDEED_RETARGETING_CANDIDATI,101.48,10812,210,5
2024-05-06,Lazio,Indeed,AZ_IT_INDEED_SPONSORED_JOBS,303.31,13973,588,26
2024-05-06,Liguria,Indeed,AZ_IT_INDEED_DISPLAY_RETE,14.53,2443,11,0
2024-05-06,Liguria,Indeed,AZ_IT_INDEED_RETARGETING_CANDIDATI,24.04,2532,45,1
2024-05-06,Liguria,Indeed,AZ_IT_INDEED_SPONSORED_JOBS,94.26,4367,159,6
2024-05-06,Lombardia,Indeed,AZ_IT_INDEED_DISPLAY_RETE,169.00,28052,164,5
2024-05-06,Lombardia,Indeed,AZ_IT_INDEED_RETARGETING_CANDIDATI,140.38,15192,281,8
2024-05-06,Lombardia,Indeed,AZ_IT_INDEED_SPONSORED_JOBS,634.21,29490,1217,66
2024-05-06,Marche,Indeed,AZ_IT_INDEED_DISPLAY_RETE,19.35,3297,15,1
2024-05-06,Marche,Indeed,AZ_IT_INDEED_RETARGETING_CANDIDATI,14.70,1627,27,2
2024-05-06,Marche,Indeed,AZ_IT_INDEED_SPONSORED_JOBS,64.02,2960,120,12
2024-05-06,Molise,Indeed,AZ_IT_INDEED_DISPLAY_RETE,4.84,846,4,0
2024-05-06,Molise,Indeed,AZ_IT_INDEED_RETARGETING_CANDIDATI,4.35,475,8,0
2024-05-06,Molise,Indeed,AZ_IT_INDEED_SPONSORED_JOBS,10.74,479,19,1
2024-05-06,Piemonte,Indeed,AZ_IT_INDEED_DISPLAY_RETE,55.72,9046,49,2
2024-05-06,Piemonte,Indeed,AZ_IT_INDEED_RETARGETING_CANDIDATI,55.68,5736,107,4
2024-05-06,Piemonte,Indeed,AZ_IT_INDEED_SPONSORED_JOBS,200.90,8922,372,25
2024-05-06,Puglia,Indeed,AZ_IT_INDEED_DISPLAY_RETE,61.23,9600,49,2
2024-05-06,Puglia,Indeed,AZ_IT_INDEED_RETARGETING_CANDIDATI,72.90,8037,147,5
2024-05-06,Puglia,Indeed,AZ_IT_INDEED_SPONSORED_JOBS,182.82,8634,330,17
2024-05-06,Sardegna,Indeed,AZ_IT_INDEED_DISPLAY_RETE,17.31,2904,15,0
2024-05-06,Sardegna,Indeed,AZ_IT_INDEED_RETARGETING_CANDIDATI,21.43,2375,44,1
2024-05-06,Sardegna,Indeed,AZ_IT_INDEED_SPONSORED_JOBS,108.27,4864,178,8
2024-05-06,Sicilia,Indeed,AZ_IT_INDEED_DISPLAY_RETE,68.96,10950,52,1
2024-05-06,Sicilia,Indeed,AZ_IT_INDEED_RETARGETING_CANDIDATI,44.31,5025,94,2
2024-05-06,Sicilia,Indeed,AZ_IT_INDEED_SPONSORED_JOBS,220.19,9905,338,15
2024-05-06,Toscana,Indeed,AZ_IT_INDEED_DISPLAY_RETE,74.27,12001,59,2
2024-05-06,Toscana,Indeed,AZ_IT_INDEED_RETARGETING_CANDIDATI,67.59,7762,163,3
2024-05-06,Toscana,Indeed,AZ_IT_INDEED_SPONSORED_JOBS,201.22,9114,328,17
2024-05-06,Trentino-Alto Adige,Indeed,AZ_IT_INDEED_DISPLAY_RETE,13.45,2380,12,0
2024-05-06,Trentino-Alto Adige,Indeed,AZ_IT_INDEED_RETARGETING_CANDIDATI,16.41,1860,27,1
2024-05-06,Trentino-Alto Adige,Indeed,AZ_IT_INDEED_SPONSORED_JOBS,83.56,3628,136,8
2024-05-06,Umbria,Indeed,AZ_IT_INDEED_DISPLAY_RETE,9.51,1532,8,0
2024-05-06,Umbria,Indeed,AZ_IT_INDEED_RETARGETING_CANDIDATI,13.90,1421,27,1
2024-05-06,Umbria,Indeed,AZ_IT_INDEED_SPONSORED_JOBS,44.90,2030,83,3
2024-05-06,Valle d'Aosta,Indeed,AZ_IT_INDEED_DISPLAY_RETE,1.67,268,1,0
2024-05-06,Valle d'Aosta,Indeed,AZ_IT_INDEED_RETARGETING_CANDIDATI,1.10,120,2,0
2024-05-06,Valle d'Aosta,Indeed,AZ_IT_INDEED_SPONSORED_JOBS,9.43,409,17,1
2024-05-06,Veneto,Indeed,AZ_IT_INDEED_DISPLAY_RETE,70.46,11991,62,2
2024-05-06,Veneto,Indeed,AZ_IT_INDEED_RETARGETING_CANDIDATI,154.91,16945,287,10
2024-05-06,Veneto,Indeed,AZ_IT_INDEED_SPONSORED_JOBS,263.56,12206,479,25
2024-05-13,Abruzzo,Indeed,AZ_IT_INDEED_DISPLAY_RETE,15.30,2608,13,0
2024-05-13,Abruzzo,Indeed,AZ_IT_INDEED_RETARGETING_CANDIDATI,13.91,1493,28,1
2024-05-13,Abruzzo,Indeed,AZ_IT_INDEED_SPONSORED_JOBS,81.13,3639,155,6
2024-05-13,Basilicata,Indeed,AZ_IT_INDEED_DISPLAY_RETE,4.00,695,3,0
2024-05-13,Basilicata,Indeed,AZ_IT_INDEED_RETARGETING_CANDIDATI,4.86,566,10,0
2024-05-13,Basilicata,Indeed,AZ_IT_INDEED_SPONSORED_JOBS,33.16,1481,62,2
2024-05-13,Calabria,Indeed,AZ_IT_INDEED_DISPLAY_RETE,18.71,2982,16,0
2024-05-13,Calabria,Indeed,AZ_IT_INDEED_RETARGETING_CANDIDATI,16.68,1829,35,1
2024-05-13,Calabria,Indeed,AZ_IT_INDEED_SPONSORED_JOBS,116.68,4998,192,10
2024-05-13,Campania,Indeed,AZ_IT_INDEED_DISPLAY_RETE,47.56,7850,39,1
2024-05-13,Campania,Indeed,AZ_IT_INDEED_RETARGETING_CANDIDATI,35.66,3842,70,2
2024-05-13,Campania,Indeed,AZ_IT_INDEED_SPONSORED_JOBS,169.43,7775,297,13
2024-05-13,Emilia-Romagna,Indeed,AZ_IT_INDEED_DISPLAY_RETE,41.01,6971,35,1
2024-05-13,Emilia-Romagna,Indeed,AZ_IT_INDEED_RETARGETING_CANDIDATI,44.71,5042,85,2
2024-05-13,Emilia-Romagna,Indeed,AZ_IT_INDEED_SPONSORED_JOBS,245.53,11962,532,21
2024-05-13,Friuli-Venezia Giulia,Indeed,AZ_IT_INDEED_DISPLAY_RETE,14.21,2337,12,0
2024-05-13,Friuli-Venezia Giulia,Indeed,AZ_IT_INDEED_RETARGETING_CANDIDATI,9.02,955,16,1
2024-05-13,Friuli-Venezia Giulia,Indeed,AZ_IT_INDEED_SPONSORED_JOBS,62.17,2777,110,6
2024-05-13,Lazio,Indeed,AZ_IT_INDEED_DISPLAY_RETE,62.41,10827,56,1
2024-05-13,Lazio,Indeed,AZ_IT_INDEED_RETARGETING_CANDIDATI,72.54,7825,135,3
2024-05-13,Lazio,Indeed,AZ_IT_INDEED_SPONSORED_JOBS,290.43,13182,606,23
2024-05-13,Liguria,Indeed,AZ_IT_INDEED_DISPLAY_RETE,12.21,2007,10,0
2024-05-13,Liguria,Indeed,AZ_IT_INDEED_RETARGETING_CANDIDATI,13.58,1527,29,1
2024-05-13,Liguria,Indeed,AZ_IT_INDEED_SPONSORED_JOBS,70.54,3358,125,6
2024-05-13,Lombardia,Indeed,AZ_IT_INDEED_DISPLAY_RETE,136.70,22570,113,4
2024-05-13,Lombardia,Indeed,AZ_IT_INDEED_RETARGETING_CANDIDATI,93.38,10073,194,6
2024-05-13,Lombardia,Indeed,AZ_IT_INDEED_SPONSORED_JOBS,589.68,28709,1154,68
2024-05-13,Marche,Indeed,AZ_IT_INDEED_DISPLAY_RETE,19.27,3179,15,1
2024-05-13,Marche,Indeed,AZ_IT_INDEED_RETARGETING_CANDIDATI,9.23,1077,17,1
2024-05-13,Marche,Indeed,AZ_IT_INDEED_SPONSORED_JOBS,52.76,2311,85,11
2024-05-13,Molise,Indeed,AZ_IT_INDEED_DISPLAY_RETE,3.61,622,3,0
2024-05-13,Molise,Indeed,AZ_IT_INDEED_RETARGETING_CANDIDATI,3.23,366,6,0
2024-05-13,Molise,Indeed,AZ_IT_INDEED_SPONSORED_JOBS,9.62,453,16,1
2024-05-13,Piemonte,Indeed,AZ_IT_INDEED_DISPLAY_RETE,42.52,7168,37,2
2024-05-13,Piemonte,Indeed,AZ_IT_INDEED_RETARGETING_CANDIDATI,41.92,4669,82,3
2024-05-13,Piemonte,Indeed,AZ_IT_INDEED_SPONSORED_JOBS,190.56,7941,309,26
2024-05-13,Puglia,Indeed,AZ_IT_INDEED_DISPLAY_RETE,45.20,7448,40,2
2024-05-13,Puglia,Indeed,AZ_IT_INDEED_RETARGETING_CANDIDATI,47.87,5363,99,3
2024-05-13,Puglia,Indeed,AZ_IT_INDEED_SPONSORED_JOBS,147.93,6089,262,17
2024-05-13,Sardegna,Indeed,AZ_IT_INDEED_DISPLAY_RETE,11.19,1820,10,0
2024-05-13,Sardegna,Indeed,AZ_IT_INDEED_RETARGETING_CANDIDATI,13.04,1388,24,1
2024-05-13,Sardegna,Indeed,AZ_IT_INDEED_SPONSORED_JOBS,83.17,3577,140,6
2024-05-13,Sicilia,Indeed,AZ_IT_INDEED_DISPLAY_RETE,58.86,9845,47,1
2024-05-13,Sicilia,Indeed,AZ_IT_INDEED_RETARGETING_CANDIDATI,25.84,2868,46,1
2024-05-13,Sicilia,Indeed,AZ_IT_INDEED_SPONSORED_JOBS,227.68,10234,436,13
2024-05-13,Toscana,Indeed,AZ_IT_INDEED_DISPLAY_RETE,51.76,8724,47,1
2024-05-13,Toscana,Indeed,AZ_IT_INDEED_RETARGETING_CANDIDATI,42.99,4599,81,2
2024-05-13,Toscana,Indeed,AZ_IT_INDEED_SPONSORED_JOBS,190.66,8147,313,21
2024-05-13,Trentino-Alto Adige,Indeed,AZ_IT_INDEED_DISPLAY_RETE,10.72,1799,8,0
2024-05-13,Trentino-Alto Adige,Indeed,AZ_IT_INDEED_RETARGETING_CANDIDATI,11.34,1306,26,1
2024-05-13,Trentino-Alto Adige,Indeed,AZ_IT_INDEED_SPONSORED_JOBS,60.39,2853,128,8
2024-05-13,Umbria,Indeed,AZ_IT_INDEED_DISPLAY_RETE,6.91,1152,6,0
2024-05-13,Umbria,Indeed,AZ_IT_INDEED_RETARGETING_CANDIDATI,8.39,991,15,0
2024-05-13,Umbria,Indeed,AZ_IT_INDEED_SPONSORED_JOBS,39.42,1794,69,3
2024-05-13,Valle d'Aosta,Indeed,AZ_IT_INDEED_DISPLAY_RETE,0.97,164,1,0
2024-05-13,Valle d'Aosta,Indeed,AZ_IT_INDEED_RETARGETING_CANDIDATI,0.62,66,1,0
2024-05-13,Valle d'Aosta,Indeed,AZ_IT_INDEED_SPONSORED_JOBS,7.91,366,17,1
2024-05-13,Veneto,Indeed,AZ_IT_INDEED_DISPLAY_RETE,46.75,7644,42,2
2024-05-13,Veneto,Indeed,AZ_IT_INDEED_RETARGETING_CANDIDATI,105.19,11509,205,7
2024-05-13,Veneto,Indeed,AZ_IT_INDEED_SPONSORED_JOBS,204.56,9202,378,25
2024-05-20,Abruzzo,Indeed,AZ_IT_INDEED_DISPLAY_RETE,12.40,2077,11,0
2024-05-20,Abruzzo,Indeed,AZ_IT_INDEED_RETARGETING_CANDIDATI,9.30,1038,18,0
2024-05-20,Abruzzo,Indeed,AZ_IT_INDEED_SPONSORED_JOBS,73.05,3261,124,6
2024-05-20,Basilicata,Indeed,AZ_IT_INDEED_DISPLAY_RETE,4.51,749,4,0
2024-05-20,Basilicata,Indeed,AZ_IT_INDEED_RETARGETING_CANDIDATI,3.99,460,8,0
2024-05-20,Basilicata,Indeed,AZ_IT_INDEED_SPONSORED_JOBS,24.12,1093,42,1
2024-05-20,Calabria,Indeed,AZ_IT_INDEED_DISPLAY_RETE,17.90,2890,15,0
2024-05-20,Calabria,Indeed,AZ_IT_INDEED_RETARGETING_CANDIDATI,14.69,1731,30,1
2024-05-20,Calabria,Indeed,AZ_IT_INDEED_SPONSORED_JOBS,124.82,6005,252,10
2024-05-20,Campania,Indeed,AZ_IT_INDEED_DISPLAY_RETE,55.00,9177,44,1
2024-05-20,Campania,Indeed,AZ_IT_INDEED_RETARGETING_CANDIDATI,26.18,2908,53,1
2024-05-20,Campania,Indeed,AZ_IT_INDEED_SPONSORED_JOBS,164.56,7525,283,14
2024-05-20,Emilia-Romagna,Indeed,AZ_IT_INDEED_DISPLAY_RETE,40.80,6804,37,1
2024-05-20,Emilia-Romagna,Indeed,AZ_IT_INDEED_RETARGETING_CANDIDATI,34.48,4000,73,2
2024-05-20,Emilia-Romagna,Indeed,AZ_IT_INDEED_SPONSORED_JOBS,195.01,8907,371,14
2024-05-20,Friuli-Venezia Giulia,Indeed,AZ_IT_INDEED_DISPLAY_RETE,17.58,2817,12,1
2024-05-20,Friuli-Venezia Giulia,Indeed,AZ_IT_INDEED_RETARGETING_CANDIDATI,8.06,899,17,1
2024-05-20,Friuli-Venezia Giulia,Indeed,AZ_IT_INDEED_SPONSORED_JOBS,47.15,2075,81,6
2024-05-20,Lazio,Indeed,AZ_IT_INDEED_DISPLAY_RETE,67.49,11558,60,2
2024-05-20,Lazio,Indeed,AZ_IT_INDEED_RETARGETING_CANDIDATI,46.95,5156,97,2
2024-05-20,Lazio,Indeed,AZ_IT_INDEED_SPONSORED_JOBS,250.85,11059,418,23
2024-05-20,Liguria,Indeed,AZ_IT_INDEED_DISPLAY_RETE,13.00,2137,10,0
2024-05-20,Liguria,Indeed,AZ_IT_INDEED_RETARGETING_CANDIDATI,11.93,1265,21,1
2024-05-20,Liguria,Indeed,AZ_IT_INDEED_SPONSORED_JOBS,51.32,2285,88,4
2024-05-20,Lombardia,Indeed,AZ_IT_INDEED_DISPLAY_RETE,127.89,21341,107,5
2024-05-20,Lombardia,Indeed,AZ_IT_INDEED_RETARGETING_CANDIDATI,69.43,7555,141,4
2024-05-20,Lombardia,Indeed,AZ_IT_INDEED_SPONSORED_JOBS,473.25,21908,797,54
2024-05-20,Marche,Indeed,AZ_IT_INDEED_DISPLAY_RETE,16.87,2749,16,1
2024-05-20,Marche,Indeed,AZ_IT_INDEED_RETARGETING_CANDIDATI,7.23,803,15,1
2024-05-20,Marche,Indeed,AZ_IT_INDEED_SPONSORED_JOBS,42.92,1970,81,10
2024-05-20,Molise,Indeed,AZ_IT_INDEED_DISPLAY_RETE,3.54,587,3,0
2024-05-20,Molise,Indeed,AZ_IT_INDEED_RETARGETING_CANDIDATI,2.68,294,5,0
2024-05-20,Molise,Indeed,AZ_IT_INDEED_SPONSORED_JOBS,8.41,360,15,1
2024-05-20,Piemonte,Indeed,AZ_IT_INDEED_DISPLAY_RETE,46.33,8218,39,2
2024-05-20,Piemonte,Indeed,AZ_IT_INDEED_RETARGETING_CANDIDATI,31.72,3812,75,2
2024-05-20,Piemonte,Indeed,AZ_IT_INDEED_SPONSORED_JOBS,172.34,7939,307,25
2024-05-20,Puglia,Indeed,AZ_IT_INDEED_DISPLAY_RETE,52.22,8827,39,2
2024-05-20,Puglia,Indeed,AZ_IT_INDEED_RETARGETING_CANDIDATI,36.88,4132,71,3
2024-05-20,Puglia,Indeed,AZ_IT_INDEED_SPONSORED_JOBS,127.22,5908,228,15
2024-05-20,Sardegna,Indeed,AZ_IT_INDEED_DISPLAY_RETE,10.85,1795,8,0
2024-05-20,Sardegna,Indeed,AZ_IT_INDEED_RETARGETING_CANDIDATI,11.67,1287,25,1
2024-05-20,Sardegna,Indeed,AZ_IT_INDEED_SPONSORED_JOBS,78.65,3638,133,6
2024-05-20,Sicilia,Indeed,AZ_IT_INDEED_DISPLAY_RETE,56.35,9058,48,1
2024-05-20,Sicilia,Indeed,AZ_IT_INDEED_RETARGETING_CANDIDATI,23.83,2526,47,1
2024-05-20,Sicilia,Indeed,AZ_IT_INDEED_SPONSORED_JOBS,186.88,8640,337,11
2024-05-20,Toscana,Indeed,AZ_IT_INDEED_DISPLAY_RETE,53.85,8876,43,2
2024-05-20,Toscana,Indeed,AZ_IT_INDEED_RETARGETING_CANDIDATI,34.32,3769,67,2
2024-05-20,Toscana,Indeed,AZ_IT_INDEED_SPONSORED_JOBS,160.33,7418,312,17
2024-05-20,Trentino-Alto Adige,Indeed,AZ_IT_INDEED_DISPLAY_RETE,10.30,1692,8,0
2024-05-20,Trentino-Alto Adige,Indeed,AZ_IT_INDEED_RETARGETING_CANDIDATI,9.80,1070,18,1
2024-05-20,Trentino-Alto Adige,Indeed,AZ_IT_INDEED_SPONSORED_JOBS,46.79,2150,83,6
2024-05-20,Umbria,Indeed,AZ_IT_INDEED_DISPLAY_RETE,7.21,1215,6,0
2024-05-20,Umbria,Indeed,AZ_IT_INDEED_RETARGETING_CANDIDATI,8.60,953,16,0
2024-05-20,Umbria,Indeed,AZ_IT_INDEED_SPONSORED_JOBS,27.75,1211,50,2
2024-05-20,Valle d'Aosta,Indeed,AZ_IT_INDEED_DISPLAY_RETE,1.21,198,1,0
2024-05-20,Valle d'Aosta,Indeed,AZ_IT_INDEED_RETARGETING_CANDIDATI,0.49,57,1,0
2024-05-20,Valle d'Aosta,Indeed,AZ_IT_INDEED_SPONSORED_JOBS,6.40,299,13,1
2024-05-20,Veneto,Indeed,AZ_IT_INDEED_DISPLAY_RETE,51.90,8842,50,2
2024-05-20,Veneto,Indeed,AZ_IT_INDEED_RETARGETING_CANDIDATI,71.04,8053,163,6
2024-05-20,Veneto,Indeed,AZ_IT_INDEED_SPONSORED_JOBS,158.04,7555,282,23
2024-05-27,Abruzzo,Indeed,AZ_IT_INDEED_DISPLAY_RETE,14.35,2376,12,0
2024-05-27,Abruzzo,Indeed,AZ_IT_INDEED_RETARGETING_CANDIDATI,8.05,903,17,0
2024-05-27,Abruzzo,Indeed,AZ_IT_INDEED_SPONSORED_JOBS,74.80,3529,166,6
2024-05-27,Basilicata,Indeed,AZ_IT_INDEED_DISPLAY_RETE,4.87,777,4,0
2024-05-27,Basilicata,Indeed,AZ_IT_INDEED_RETARGETING_CANDIDATI,4.63,511,10,0
2024-05-27,Basilicata,Indeed,AZ_IT_INDEED_SPONSORED_JOBS,20.76,952,41,1
2024-05-27,Calabria,Indeed,AZ_IT_INDEED_DISPLAY_RETE,17.67,3039,17,0
2024-05-27,Calabria,Indeed,AZ_IT_INDEED_RETARGETING_CANDIDATI,14.80,1626,30,1
2024-05-27,Calabria,Indeed,AZ_IT_INDEED_SPONSORED_JOBS,114.21,5180,206,12
2024-05-27,Campania,Indeed,AZ_IT_INDEED_DISPLAY_RETE,74.80,12321,61,2
2024-05-27,Campania,Indeed,AZ_IT_INDEED_RETARGETING_CANDIDATI,25.92,2907,51,1
2024-05-27,Campania,Indeed,AZ_IT_INDEED_SPONSORED_JOBS,159.73,7124,255,15
2024-05-27,Emilia-Romagna,Indeed,AZ_IT_INDEED_DISPLAY_RETE,40.02,6512,32,1
2024-05-27,Emilia-Romagna,Indeed,AZ_IT_INDEED_RETARGETING_CANDIDATI,35.70,4037,76,1
2024-05-27,Emilia-Romagna,Indeed,AZ_IT_INDEED_SPONSORED_JOBS,285.54,12249,464,17
2024-05-27,Friuli-Venezia Giulia,Indeed,AZ_IT_INDEED_DISPLAY_RETE,18.90,3145,16,1
2024-05-27,Friuli-Venezia Giulia,Indeed,AZ_IT_INDEED_RETARGETING_CANDIDATI,7.96,902,15,1
2024-05-27,Friuli-Venezia Giulia,Indeed,AZ_IT_INDEED_SPONSORED_JOBS,47.87,2239,104,5
2024-05-27,Lazio,Indeed,AZ_IT_INDEED_DISPLAY_RETE,82.65,13934,63,2
2024-05-27,Lazio,Indeed,AZ_IT_INDEED_RETARGETING_CANDIDATI,48.96,5583,111,2
2024-05-27,Lazio,Indeed,AZ_IT_INDEED_SPONSORED_JOBS,252.59,10971,462,22
2024-05-27,Liguria,Indeed,AZ_IT_INDEED_DISPLAY_RETE,11.93,1957,10,0
2024-05-27,Liguria,Indeed,AZ_IT_INDEED_RETARGETING_CANDIDATI,12.77,1457,23,1
2024-05-27,Liguria,Indeed,AZ_IT_INDEED_SPONSORED_JOBS,56.69,2549,100,5
2024-05-27,Lombardia,Indeed,AZ_IT_INDEED_DISPLAY_RETE,124.29,21110,105,4
2024-05-27,Lombardia,Indeed,AZ_IT_INDEED_RETARGETING_CANDIDATI,64.40,6868,114,4
2024-05-27,Lombardia,Indeed,AZ_IT_INDEED_SPONSORED_JOBS,528.69,23757,939,46
2024-05-27,Marche,Indeed,AZ_IT_INDEED_DISPLAY_RETE,18.39,2981,15,1
2024-05-27,Marche,Indeed,AZ_IT_INDEED_RETARGETING_CANDIDATI,6.77,759,14,1
2024-05-27,Marche,Indeed,AZ_IT_INDEED_SPONSORED_JOBS,41.19,1943,87,9
2024-05-27,Molise,Indeed,AZ_IT_INDEED_DISPLAY_RETE,4.61,795,4,0
2024-05-27,Molise,Indeed,AZ_IT_INDEED_RETARGETING_CANDIDATI,2.99,344,6,0
2024-05-27,Molise,Indeed,AZ_IT_INDEED_SPONSORED_JOBS,7.21,334,14,1
2024-05-27,Piemonte,Indeed,AZ_IT_INDEED_DISPLAY_RETE,56.87,9021,46,3
2024-05-27,Piemonte,Indeed,AZ_IT_INDEED_RETARGETING_CANDIDATI,30.89,3379,66,3
2024-05-27,Piemonte,Indeed,AZ_IT_INDEED_SPONSORED_JOBS,147.80,6595,262,19
2024-05-27,Puglia,Indeed,AZ_IT_INDEED_DISPLAY_RETE,65.02,10660,54,3
2024-05-27,Puglia,Indeed,AZ_IT_INDEED_RETARGETING_CANDIDATI,29.81,3230,63,2
2024-05-27,Puglia,Indeed,AZ_IT_INDEED_SPONSORED_JOBS,120.58,5462,197,15
2024-05-27,Sardegna,Indeed,AZ_IT_INDEED_DISPLAY_RETE,12.58,2164,11,0
2024-05-27,Sardegna,Indeed,AZ_IT_INDEED_RETARGETING_CANDIDATI,8.55,899,13,0
2024-05-27,Sardegna,Indeed,AZ_IT_INDEED_SPONSORED_JOBS,93.26,4213,170,6
2024-05-27,Sicilia,Indeed,AZ_IT_INDEED_DISPLAY_RETE,74.21,12158,63,2
2024-05-27,Sicilia,Indeed,AZ_IT_INDEED_RETARGETING_CANDIDATI,20.33,2196,37,1
2024-05-27,Sicilia,Indeed,AZ_IT_INDEED_SPONSORED_JOBS,168.89,7821,333,11
2024-05-27,Toscana,Indeed,AZ_IT_INDEED_DISPLAY_RETE,62.26,10252,50,2
2024-05-27,Toscana,Indeed,AZ_IT_INDEED_RETARGETING_CANDIDATI,32.98,3640,62,2
2024-05-27,Toscana,Indeed,AZ_IT_INDEED_SPONSORED_JOBS,178.16,7853,332,18
2024-05-27,Trentino-Alto Adige,Indeed,AZ_IT_INDEED_DISPLAY_RETE,8.61,1368,6,0
2024-05-27,Trentino-Alto Adige,Indeed,AZ_IT_INDEED_RETARGETING_CANDIDATI,9.36,1075,21,1
2024-05-27,Trentino-Alto Adige,Indeed,AZ_IT_INDEED_SPONSORED_JOBS,47.35,2171,82,5
2024-05-27,Umbria,Indeed,AZ_IT_INDEED_DISPLAY_RETE,7.39,1266,6,0
2024-05-27,Umbria,Indeed,AZ_IT_INDEED_RETARGETING_CANDIDATI,8.33,885,14,0
2024-05-27,Umbria,Indeed,AZ_IT_INDEED_SPONSORED_JOBS,30.99,1400,57,2
2024-05-27,Valle d'Aosta,Indeed,AZ_IT_INDEED_DISPLAY_RETE,1.31,218,1,0
2024-05-27,Valle d'Aosta,Indeed,AZ_IT_INDEED_RETARGETING_CANDIDATI,0.46,53,1,0
2024-05-27,Valle d'Aosta,Indeed,AZ_IT_INDEED_SPONSORED_JOBS,5.78,282,12,1
2024-05-27,Veneto,Indeed,AZ_IT_INDEED_DISPLAY_RETE,52.51,8939,47,2
2024-05-27,Veneto,Indeed,AZ_IT_INDEED_RETARGETING_CANDIDATI,66.09,7362,123,5
2024-05-27,Veneto,Indeed,AZ_IT_INDEED_SPONSORED_JOBS,183.38,8138,366,24
2024-06-03,Abruzzo,Indeed,AZ_IT_INDEED_DISPLAY_RETE,13.88,2337,12,0
2024-06-03,Abruzzo,Indeed,AZ_IT_INDEED_PPA_STAGIONALI,22.77,1107,39,1
2024-06-03,Abruzzo,Indeed,AZ_IT_INDEED_RETARGETING_CANDIDATI,8.64,917,17,0
2024-06-03,Abruzzo,Indeed,AZ_IT_INDEED_SPONSORED_JOBS,83.77,3948,157,6
2024-06-03,Basilicata,Indeed,AZ_IT_INDEED_DISPLAY_RETE,4.92,777,4,0
2024-06-03,Basilicata,Indeed,AZ_IT_INDEED_PPA_STAGIONALI,6.36,318,12,0
2024-06-03,Basilicata,Indeed,AZ_IT_INDEED_RETARGETING_CANDIDATI,4.81,544,11,0
2024-06-03,Basilicata,Indeed,AZ_IT_INDEED_SPONSORED_JOBS,21.19,951,44,1
2024-06-03,Calabria,Indeed,AZ_IT_INDEED_DISPLAY_RETE,15.83,2491,13,0
2024-06-03,Calabria,Indeed,AZ_IT_INDEED_PPA_STAGIONALI,27.49,1377,54,1
2024-06-03,Calabria,Indeed,AZ_IT_INDEED_RETARGETING_CANDIDATI,17.38,1969,31,1
2024-06-03,Calabria,Indeed,AZ_IT_INDEED_SPONSORED_JOBS,118.67,5379,228,9
2024-06-03,Campania,Indeed,AZ_IT_INDEED_DISPLAY_RETE,59.18,9680,57,1
2024-06-03,Campania,Indeed,AZ_IT_INDEED_PPA_STAGIONALI,117.39,5852,223,5
2024-06-03,Campania,Indeed,AZ_IT_INDEED_RETARGETING_CANDIDATI,33.04,3696,62,1
2024-06-03,Campania,Indeed,AZ_IT_INDEED_SPONSORED_JOBS,176.26,8338,327,12
2024-06-03,Emilia-Romagna,Indeed,AZ_IT_INDEED_DISPLAY_RETE,36.70,6442,35,1
2024-06-03,Emilia-Romagna,Indeed,AZ_IT_INDEED_PPA_STAGIONALI,77.89,3769,151,3
2024-06-03,Emilia-Romagna,Indeed,AZ_IT_INDEED_RETARGETING_CANDIDATI,42.52,4784,87,1
2024-06-03,Emilia-Romagna,Indeed,AZ_IT_INDEED_SPONSORED_JOBS,294.22,13594,516,17
2024-06-03,Friuli-Venezia Giulia,Indeed,AZ_IT_INDEED_DISPLAY_RETE,15.76,2601,12,0
2024-06-03,Friuli-Venezia Giulia,Indeed,AZ_IT_INDEED_PPA_STAGIONALI,23.06,1187,48,1
2024-06-03,Friuli-Venezia Giulia,Indeed,AZ_IT_INDEED_RETARGETING_CANDIDATI,6.87,780,15,0
2024-06-03,Friuli-Venezia Giulia,Indeed,AZ_IT_INDEED_SPONSORED_JOBS,68.89,3121,108,5
2024-06-03,Lazio,Indeed,AZ_IT_INDEED_DISPLAY_RETE,75.69,13259,66,2
2024-06-03,Lazio,Indeed,AZ_IT_INDEED_PPA_STAGIONALI,85.26,4302,166,4
2024-06-03,Lazio,Indeed,AZ_IT_INDEED_RETARGETING_CANDIDATI,54.13,6046,125,3
2024-06-03,Lazio,Indeed,AZ_IT_INDEED_SPONSORED_JOBS,262.32,11798,448,22
2024-06-03,Liguria,Indeed,AZ_IT_INDEED_DISPLAY_RETE,10.28,1641,8,0
2024-06-03,Liguria,Indeed,AZ_IT_INDEED_PPA_STAGIONALI,16.41,827,29,1
2024-06-03,Liguria,Indeed,AZ_IT_INDEED_RETARGETING_CANDIDATI,12.28,1402,26,1
2024-06-03,Liguria,Indeed,AZ_IT_INDEED_SPONSORED_JOBS,48.86,2314,105,4
2024-06-03,Lombardia,Indeed,AZ_IT_INDEED_DISPLAY_RETE,130.55,22159,116,4
2024-06-03,Lombardia,Indeed,AZ_IT_INDEED_PPA_STAGIONALI,165.10,8263,316,11
2024-06-03,Lombardia,Indeed,AZ_IT_INDEED_RETARGETING_CANDIDATI,66.30,7095,134,4
2024-06-03,Lombardia,Indeed,AZ_IT_INDEED_SPONSORED_JOBS,523.29,23533,932,46
2024-06-03,Marche,Indeed,AZ_IT_INDEED_DISPLAY_RETE,13.54,2301,12,1
2024-06-03,Marche,Indeed,AZ_IT_INDEED_PPA_STAGIONALI,28.08,1360,56,3
2024-06-03,Marche,Indeed,AZ_IT_INDEED_RETARGETING_CANDIDATI,7.84,880,16,1
2024-06-03,Marche,Indeed,AZ_IT_INDEED_SPONSORED_JOBS,47.08,2117,77,7
2024-06-03,Molise,Indeed,AZ_IT_INDEED_DISPLAY_RETE,3.32,532,3,0
2024-06-03,Molise,Indeed,AZ_IT_INDEED_PPA_STAGIONALI,3.98,189,7,0
2024-06-03,Molise,Indeed,AZ_IT_INDEED_RETARGETING_CANDIDATI,3.50,393,8,0
2024-06-03,Molise,Indeed,AZ_IT_INDEED_SPONSORED_JOBS,8.78,391,15,1
2024-06-03,Piemonte,Indeed,AZ_IT_INDEED_DISPLAY_RETE,54.20,8524,37,2
2024-06-03,Piemonte,Indeed,AZ_IT_INDEED_PPA_STAGIONALI,67.54,3383,115,5
2024-06-03,Piemonte,Indeed,AZ_IT_INDEED_RETARGETING_CANDIDATI,35.85,4114,71,3
2024-06-03,Piemonte,Indeed,AZ_IT_INDEED_SPONSORED_JOBS,162.17,7772,319,20
2024-06-03,Puglia,Indeed,AZ_IT_INDEED_DISPLAY_RETE,62.31,10836,51,2
2024-06-03,Puglia,Indeed,AZ_IT_INDEED_PPA_STAGIONALI,76.52,3751,154,6
2024-06-03,Puglia,Indeed,AZ_IT_INDEED_RETARGETING_CANDIDATI,33.49,3799,68,2
2024-06-03,Puglia,Indeed,AZ_IT_INDEED_SPONSORED_JOBS,114.91,5026,200,14
2024-06-03,Sardegna,Indeed,AZ_IT_INDEED_DISPLAY_RETE,11.34,1837,9,0
2024-06-03,Sardegna,Indeed,AZ_IT_INDEED_PPA_STAGIONALI,17.63,866,32,1
2024-06-03,Sardegna,Indeed,AZ_IT_INDEED_RETARGETING_CANDIDATI,10.37,1139,17,0
2024-06-03,Sardegna,Indeed,AZ_IT_INDEED_SPONSORED_JOBS,97.73,4481,188,6
2024-06-03,Sicilia,Indeed,AZ_IT_INDEED_DISPLAY_RETE,59.61,10292,52,1
2024-06-03,Sicilia,Indeed,AZ_IT_INDEED_PPA_STAGIONALI,94.98,4846,195,3
2024-06-03,Sicilia,Indeed,AZ_IT_INDEED_RETARGETING_CANDIDATI,20.55,2325,44,1
2024-06-03,Sicilia,Indeed,AZ_IT_INDEED_SPONSORED_JOBS,186.77,8575,342,11
2024-06-03,Toscana,Indeed,AZ_IT_INDEED_DISPLAY_RETE,48.02,7828,36,1
2024-06-03,Toscana,Indeed,AZ_IT_INDEED_PPA_STAGIONALI,40.47,2012,74,2
2024-06-03,Toscana,Indeed,AZ_IT_INDEED_RETARGETING_CANDIDATI,39.47,4276,86,2
2024-06-03,Toscana,Indeed,AZ_IT_INDEED_SPONSORED_JOBS,190.56,8351,327,17
2024-06-03,Trentino-Alto Adige,Indeed,AZ_IT_INDEED_DISPLAY_RETE,7.98,1372,7,0
2024-06-03,Trentino-Alto Adige,Indeed,AZ_IT_INDEED_PPA_STAGIONALI,17.05,869,34,1
2024-06-03,Trentino-Alto Adige,Indeed,AZ_IT_INDEED_RETARGETING_CANDIDATI,9.61,1038,20,1
2024-06-03,Trentino-Alto Adige,Indeed,AZ_IT_INDEED_SPONSORED_JOBS,49.32,2223,90,5
2024-06-03,Umbria,Indeed,AZ_IT_INDEED_DISPLAY_RETE,6.24,1034,5,0
2024-06-03,Umbria,Indeed,AZ_IT_INDEED_PPA_STAGIONALI,12.81,628,23,0
2024-06-03,Umbria,Indeed,AZ_IT_INDEED_RETARGETING_CANDIDATI,7.97,883,15,0
2024-06-03,Umbria,Indeed,AZ_IT_INDEED_SPONSORED_JOBS,38.68,1739,65,2
2024-06-03,Valle d'Aosta,Indeed,AZ_IT_INDEED_DISPLAY_RETE,1.13,193,1,0
2024-06-03,Valle d'Aosta,Indeed,AZ_IT_INDEED_PPA_STAGIONALI,2.26,112,4,0
2024-06-03,Valle d'Aosta,Indeed,AZ_IT_INDEED_RETARGETING_CANDIDATI,0.49,53,1,0
2024-06-03,Valle d'Aosta,Indeed,AZ_IT_INDEED_SPONSORED_JOBS,6.55,292,12,0
2024-06-03,Veneto,Indeed,AZ_IT_INDEED_DISPLAY_RETE,45.24,7702,43,2
2024-06-03,Veneto,Indeed,AZ_IT_INDEED_PPA_STAGIONALI,74.80,3725,146,4
2024-06-03,Veneto,Indeed,AZ_IT_INDEED_RETARGETING_CANDIDATI,85.08,9383,189,5
2024-06-03,Veneto,Indeed,AZ_IT_INDEED_SPONSORED_JOBS,202.29,9225,351,23
2024-06-10,Abruzzo,Indeed,AZ_IT_INDEED_DISPLAY_RETE,14.03,2441,13,0
2024-06-10,Abruzzo,Indeed,AZ_IT_INDEED_PPA_STAGIONALI,22.53,1065,38,1
2024-06-10,Abruzzo,Indeed,AZ_IT_INDEED_RETARGETING_CANDIDATI,10.10,1144,19,0
2024-06-10,Abruzzo,Indeed,AZ_IT_INDEED_SPONSORED_JOBS,79.74,3659,148,6
2024-06-10,Basilicata,Indeed,AZ_IT_INDEED_DISPLAY_RETE,4.68,813,4,0
2024-06-10,Basilicata,Indeed,AZ_IT_INDEED_PPA_STAGIONALI,5.77,282,9,0
2024-06-10,Basilicata,Indeed,AZ_IT_INDEED_RETARGETING_CANDIDATI,5.68,648,11,0
2024-06-10,Basilicata,Indeed,AZ_IT_INDEED_SPONSORED_JOBS,20.72,934,39,1
2024-06-10,Calabria,Indeed,AZ_IT_INDEED_DISPLAY_RETE,22.88,3894,22,0
2024-06-10,Calabria,Indeed,AZ_IT_INDEED_PPA_STAGIONALI,30.82,1603,64,1
2024-06-10,Calabria,Indeed,AZ_IT_INDEED_RETARGETING_CANDIDATI,26.14,2812,45,1
2024-06-10,Calabria,Indeed,AZ_IT_INDEED_SPONSORED_JOBS,158.35,7631,304,11
2024-06-10,Campania,Indeed,AZ_IT_INDEED_DISPLAY_RETE,59.48,9823,52,1
2024-06-10,Campania,Indeed,AZ_IT_INDEED_PPA_STAGIONALI,119.88,5874,214,5
2024-06-10,Campania,Indeed,AZ_IT_INDEED_RETARGETING_CANDIDATI,40.79,4250,79,2
2024-06-10,Campania,Indeed,AZ_IT_INDEED_SPONSORED_JOBS,152.22,6783,277,12
2024-06-10,Emilia-Romagna,Indeed,AZ_IT_INDEED_DISPLAY_RETE,47.91,7560,39,1
2024-06-10,Emilia-Romagna,Indeed,AZ_IT_INDEED_PPA_STAGIONALI,89.68,4505,175,4
2024-06-10,Emilia-Romagna,Indeed,AZ_IT_INDEED_RETARGETING_CANDIDATI,50.85,5487,111,2
2024-06-10,Emilia-Romagna,Indeed,AZ_IT_INDEED_SPONSORED_JOBS,282.35,12934,554,14
2024-06-10,Friuli-Venezia Giulia,Indeed,AZ_IT_INDEED_DISPLAY_RETE,14.41,2389,10,0
2024-06-10,Friuli-Venezia Giulia,Indeed,AZ_IT_INDEED_PPA_STAGIONALI,23.00,1124,43,1
2024-06-10,Friuli-Venezia Giulia,Indeed,AZ_IT_INDEED_RETARGETING_CANDIDATI,8.96,985,18,0
2024-06-10,Friuli-Venezia Giulia,Indeed,AZ_IT_INDEED_SPONSORED_JOBS,57.91,2642,102,5
2024-06-10,Lazio,Indeed,AZ_IT_INDEED_DISPLAY_RETE,69.34,11464,61,2
2024-06-10,Lazio,Indeed,AZ_IT_INDEED_PPA_STAGIONALI,89.85,4394,175,5
2024-06-10,Lazio,Indeed,AZ_IT_INDEED_RETARGETING_CANDIDATI,72.12,8566,169,4
2024-06-10,Lazio,Indeed,AZ_IT_INDEED_SPONSORED_JOBS,199.60,9239,422,19
2024-06-10,Liguria,Indeed,AZ_IT_INDEED_DISPLAY_RETE,11.44,1993,10,0
2024-06-10,Liguria,Indeed,AZ_IT_INDEED_PPA_STAGIONALI,14.39,724,29,1
2024-06-10,Liguria,Indeed,AZ_IT_INDEED_RETARGETING_CANDIDATI,12.35,1343,23,1
2024-06-10,Liguria,Indeed,AZ_IT_INDEED_SPONSORED_JOBS,50.84,2326,87,4
2024-06-10,Lombardia,Indeed,AZ_IT_INDEED_DISPLAY_RETE,135.91,23568,121,4
2024-06-10,Lombardia,Indeed,AZ_IT_INDEED_PPA_STAGIONALI,166.27,8016,315,10
2024-06-10,Lombardia,Indeed,AZ_IT_INDEED_RETARGETING_CANDIDATI,81.51,9529,170,5
2024-06-10,Lombardia,Indeed,AZ_IT_INDEED_SPONSORED_JOBS,516.47,22887,1016,55
2024-06-10,Marche,Indeed,AZ_IT_INDEED_DISPLAY_RETE,14.94,2499,13,1
2024-06-10,Marche,Indeed,AZ_IT_INDEED_PPA_STAGIONALI,26.28,1345,53,3
2024-06-10,Marche,Indeed,AZ_IT_INDEED_RETARGETING_CANDIDATI,8.68,986,18,1
2024-06-10,Marche,Indeed,AZ_IT_INDEED_SPONSORED_JOBS,52.90,2452,103,10
2024-06-10,Molise,Indeed,AZ_IT_INDEED_DISPLAY_RETE,3.10,525,3,0
2024-06-10,Molise,Indeed,AZ_IT_INDEED_PPA_STAGIONALI,4.24,217,9,0
2024-06-10,Molise,Indeed,AZ_IT_INDEED_RETARGETING_CANDIDATI,3.52,390,7,0
2024-06-10,Molise,Indeed,AZ_IT_INDEED_SPONSORED_JOBS,8.85,402,17,1
2024-06-10,Piemonte,Indeed,AZ_IT_INDEED_DISPLAY_RETE,52.54,9225,46,2
2024-06-10,Piemonte,Indeed,AZ_IT_INDEED_PPA_STAGIONALI,70.32,3578,131,6
2024-06-10,Piemonte,Indeed,AZ_IT_INDEED_RETARGETING_CANDIDATI,36.65,4053,68,3
2024-06-10,Piemonte,Indeed,AZ_IT_INDEED_SPONSORED_JOBS,176.85,8276,362,23
2024-06-10,Puglia,Indeed,AZ_IT_INDEED_DISPLAY_RETE,81.89,13354,59,2
2024-06-10,Puglia,Indeed,AZ_IT_INDEED_PPA_STAGIONALI,87.31,4087,149,5
2024-06-10,Puglia,Indeed,AZ_IT_INDEED_RETARGETING_CANDIDATI,53.94,6205,107,3
2024-06-10,Puglia,Indeed,AZ_IT_INDEED_SPONSORED_JOBS,140.86,6554,268,15
2024-06-10,Sardegna,Indeed,AZ_IT_INDEED_DISPLAY_RETE,16.26,2732,13,0
2024-06-10,Sardegna,Indeed,AZ_IT_INDEED_PPA_STAGIONALI,20.59,1030,41,1
2024-06-10,Sardegna,Indeed,AZ_IT_INDEED_RETARGETING_CANDIDATI,15.96,1743,31,1
2024-06-10,Sardegna,Indeed,AZ_IT_INDEED_SPONSORED_JOBS,122.64,5676,235,8
2024-06-10,Sicilia,Indeed,AZ_IT_INDEED_DISPLAY_RETE,73.23,11932,60,1
2024-06-10,Sicilia,Indeed,AZ_IT_INDEED_PPA_STAGIONALI,150.53,7950,266,5
2024-06-10,Sicilia,Indeed,AZ_IT_INDEED_RETARGETING_CANDIDATI,33.26,3908,68,1
2024-06-10,Sicilia,Indeed,AZ_IT_INDEED_SPONSORED_JOBS,221.31,10342,425,12
2024-06-10,Toscana,Indeed,AZ_IT_INDEED_DISPLAY_RETE,41.91,7139,31,1
2024-06-10,Toscana,Indeed,AZ_IT_INDEED_PPA_STAGIONALI,38.87,1835,64,2
2024-06-10,Toscana,Indeed,AZ_IT_INDEED_RETARGETING_CANDIDATI,41.28,4669,92,2
2024-06-10,Toscana,Indeed,AZ_IT_INDEED_SPONSORED_JOBS,188.92,8443,366,16
2024-06-10,Trentino-Alto Adige,Indeed,AZ_IT_INDEED_DISPLAY_RETE,9.45,1552,9,0
2024-06-10,Trentino-Alto Adige,Indeed,AZ_IT_INDEED_PPA_STAGIONALI,21.77,1141,38,2
2024-06-10,Trentino-Alto Adige,Indeed,AZ_IT_INDEED_RETARGETING_CANDIDATI,15.63,1721,26,1
2024-06-10,Trentino-Alto Adige,Indeed,AZ_IT_INDEED_SPONSORED_JOBS,48.71,2221,97,5
2024-06-10,Umbria,Indeed,AZ_IT_INDEED_DISPLAY_RETE,7.37,1163,6,0
2024-06-10,Umbria,Indeed,AZ_IT_INDEED_PPA_STAGIONALI,13.54,626,26,1
2024-06-10,Umbria,Indeed,AZ_IT_INDEED_RETARGETING_CANDIDATI,9.01,1006,18,0
2024-06-10,Umbria,Indeed,AZ_IT_INDEED_SPONSORED_JOBS,31.12,1462,60,2
2024-06-10,Valle d'Aosta,Indeed,AZ_IT_INDEED_DISPLAY_RETE,1.53,264,1,0
2024-06-10,Valle d'Aosta,Indeed,AZ_IT_INDEED_PPA_STAGIONALI,2.13,108,4,0
2024-06-10,Valle d'Aosta,Indeed,AZ_IT_INDEED_RETARGETING_CANDIDATI,0.65,74,1,0
2024-06-10,Valle d'Aosta,Indeed,AZ_IT_INDEED_SPONSORED_JOBS,5.68,260,10,1
2024-06-10,Veneto,Indeed,AZ_IT_INDEED_DISPLAY_RETE,52.83,8787,39,2
2024-06-10,Veneto,Indeed,AZ_IT_INDEED_PPA_STAGIONALI,84.44,4013,161,7
2024-06-10,Veneto,Indeed,AZ_IT_INDEED_RETARGETING_CANDIDATI,86.06,10077,194,6
2024-06-10,Veneto,Indeed,AZ_IT_INDEED_SPONSORED_JOBS,200.56,8907,338,23
2024-06-17,Abruzzo,Indeed,AZ_IT_INDEED_DISPLAY_RETE,20.50,3561,17,0
2024-06-17,Abruzzo,Indeed,AZ_IT_INDEED_PPA_STAGIONALI,30.56,1537,59,1
2024-06-17,Abruzzo,Indeed,AZ_IT_INDEED_RETARGETING_CANDIDATI,11.72,1319,22,0
2024-06-17,Abruzzo,Indeed,AZ_IT_INDEED_SPONSORED_JOBS,129.80,5717,237,7
2024-06-17,Basilicata,Indeed,AZ_IT_INDEED_DISPLAY_RETE,6.66,1152,6,0
2024-06-17,Basilicata,Indeed,AZ_IT_INDEED_PPA_STAGIONALI,8.03,415,15,0
2024-06-17,Basilicata,Indeed,AZ_IT_INDEED_RETARGETING_CANDIDATI,6.27,687,12,0
2024-06-17,Basilicata,Indeed,AZ_IT_INDEED_SPONSORED_JOBS,33.40,1554,61,1
2024-06-17,Calabria,Indeed,AZ_IT_INDEED_DISPLAY_RETE,32.61,5487,24,1
2024-06-17,Calabria,Indeed,AZ_IT_INDEED_PPA_STAGIONALI,45.88,2205,82,2
2024-06-17,Calabria,Indeed,AZ_IT_INDEED_RETARGETING_CANDIDATI,32.16,3602,71,1
2024-06-17,Calabria,Indeed,AZ_IT_INDEED_SPONSORED_JOBS,222.84,9962,357,11
2024-06-17,Campania,Indeed,AZ_IT_INDEED_DISPLAY_RETE,88.85,14163,72,2
2024-06-17,Campania,Indeed,AZ_IT_INDEED_PPA_STAGIONALI,154.74,8230,321,6
2024-06-17,Campania,Indeed,AZ_IT_INDEED_RETARGETING_CANDIDATI,48.06,5163,82,2
2024-06-17,Campania,Indeed,AZ_IT_INDEED_SPONSORED_JOBS,251.42,11411,463,15
2024-06-17,Emilia-Romagna,Indeed,AZ_IT_INDEED_DISPLAY_RETE,75.69,12779,69,1
2024-06-17,Emilia-Romagna,Indeed,AZ_IT_INDEED_PPA_STAGIONALI,116.98,5650,225,3
2024-06-17,Emilia-Romagna,Indeed,AZ_IT_INDEED_RETARGETING_CANDIDATI,77.60,8821,174,2
2024-06-17,Emilia-Romagna,Indeed,AZ_IT_INDEED_SPONSORED_JOBS,433.80,20553,844,20
2024-06-17,Friuli-Venezia Giulia,Indeed,AZ_IT_INDEED_DISPLAY_RETE,22.36,3685,18,1
2024-06-17,Friuli-Venezia Giulia,Indeed,AZ_IT_INDEED_PPA_STAGIONALI,29.69,1500,53,1
2024-06-17,Friuli-Venezia Giulia,Indeed,AZ_IT_INDEED_RETARGETING_CANDIDATI,12.79,1394,26,1
2024-06-17,Friuli-Venezia Giulia,Indeed,AZ_IT_INDEED_SPONSORED_JOBS,86.90,3850,166,5
2024-06-17,Lazio,Indeed,AZ_IT_INDEED_DISPLAY_RETE,99.93,17805,90,2
2024-06-17,Lazio,Indeed,AZ_IT_INDEED_PPA_STAGIONALI,93.77,4540,181,4
2024-06-17,Lazio,Indeed,AZ_IT_INDEED_RETARGETING_CANDIDATI,94.13,10320,180,4
2024-06-17,Lazio,Indeed,AZ_IT_INDEED_SPONSORED_JOBS,347.30,16348,668,21
2024-06-17,Liguria,Indeed,AZ_IT_INDEED_DISPLAY_RETE,19.43,3296,16,0
2024-06-17,Liguria,Indeed,AZ_IT_INDEED_PPA_STAGIONALI,20.25,1050,43,1
2024-06-17,Liguria,Indeed,AZ_IT_INDEED_RETARGETING_CANDIDATI,19.59,2238,34,1
2024-06-17,Liguria,Indeed,AZ_IT_INDEED_SPONSORED_JOBS,85.12,3753,142,6
2024-06-17,Lombardia,Indeed,AZ_IT_INDEED_DISPLAY_RETE,156.47,27255,128,3
2024-06-17,Lombardia,Indeed,AZ_IT_INDEED_PPA_STAGIONALI,204.68,10762,432,10
2024-06-17,Lombardia,Indeed,AZ_IT_INDEED_RETARGETING_CANDIDATI,97.17,11087,226,4
2024-06-17,Lombardia,Indeed,AZ_IT_INDEED_SPONSORED_JOBS,880.21,41449,1817,68
2024-06-17,Marche,Indeed,AZ_IT_INDEED_DISPLAY_RETE,26.57,4465,22,1
2024-06-17,Marche,Indeed,AZ_IT_INDEED_PPA_STAGIONALI,30.64,1514,52,3
2024-06-17,Marche,Indeed,AZ_IT_INDEED_RETARGETING_CANDIDATI,12.85,1392,24,1
2024-06-17,Marche,Indeed,AZ_IT_INDEED_SPONSORED_JOBS,84.75,3872,135,12
2024-06-17,Molise,Indeed,AZ_IT_INDEED_DISPLAY_RETE,4.24,736,4,0
2024-06-17,Molise,Indeed,AZ_IT_INDEED_PPA_STAGIONALI,5.84,306,12,0
2024-06-17,Molise,Indeed,AZ_IT_INDEED_RETARGETING_CANDIDATI,4.49,502,9,0
2024-06-17,Molise,Indeed,AZ_IT_INDEED_SPONSORED_JOBS,13.35,576,21,2
2024-06-17,Piemonte,Indeed,AZ_IT_INDEED_DISPLAY_RETE,80.11,13624,71,2
2024-06-17,Piemonte,Indeed,AZ_IT_INDEED_PPA_STAGIONALI,93.99,4737,179,7
2024-06-17,Piemonte,Indeed,AZ_IT_INDEED_RETARGETING_CANDIDATI,50.77,5659,103,3
2024-06-17,Piemonte,Indeed,AZ_IT_INDEED_SPONSORED_JOBS,260.82,11422,458,25
2024-06-17,Puglia,Indeed,AZ_IT_INDEED_DISPLAY_RETE,122.40,20214,95,3
2024-06-17,Puglia,Indeed,AZ_IT_INDEED_PPA_STAGIONALI,125.56,6222,262,6
2024-06-17,Puglia,Indeed,AZ_IT_INDEED_RETARGETING_CANDIDATI,63.40,6916,143,3
2024-06-17,Puglia,Indeed,AZ_IT_INDEED_SPONSORED_JOBS,246.47,10914,436,20
2024-06-17,Sardegna,Indeed,AZ_IT_INDEED_DISPLAY_RETE,26.07,4501,22,0
2024-06-17,Sardegna,Indeed,AZ_IT_INDEED_PPA_STAGIONALI,23.48,1135,43,1
2024-06-17,Sardegna,Indeed,AZ_IT_INDEED_RETARGETING_CANDIDATI,21.84,2445,41,1
2024-06-17,Sardegna,Indeed,AZ_IT_INDEED_SPONSORED_JOBS,186.26,8500,341,8
2024-06-17,Sicilia,Indeed,AZ_IT_INDEED_DISPLAY_RETE,121.56,19324,93,1
2024-06-17,Sicilia,Indeed,AZ_IT_INDEED_PPA_STAGIONALI,177.54,8672,355,4
2024-06-17,Sicilia,Indeed,AZ_IT_INDEED_RETARGETING_CANDIDATI,43.47,4831,93,1
2024-06-17,Sicilia,Indeed,AZ_IT_INDEED_SPONSORED_JOBS,388.37,18249,702,16
2024-06-17,Toscana,Indeed,AZ_IT_INDEED_DISPLAY_RETE,75.67,13183,64,2
2024-06-17,Toscana,Indeed,AZ_IT_INDEED_PPA_STAGIONALI,49.82,2559,107,2
2024-06-17,Toscana,Indeed,AZ_IT_INDEED_RETARGETING_CANDIDATI,50.20,5539,113,2
2024-06-17,Toscana,Indeed,AZ_IT_INDEED_SPONSORED_JOBS,297.42,13677,596,20
2024-06-17,Trentino-Alto Adige,Indeed,AZ_IT_INDEED_DISPLAY_RETE,16.35,2856,15,0
2024-06-17,Trentino-Alto Adige,Indeed,AZ_IT_INDEED_PPA_STAGIONALI,33.05,1614,65,2
2024-06-17,Trentino-Alto Adige,Indeed,AZ_IT_INDEED_RETARGETING_CANDIDATI,20.51,2343,39,1
2024-06-17,Trentino-Alto Adige,Indeed,AZ_IT_INDEED_SPONSORED_JOBS,87.59,3878,156,8
2024-06-17,Umbria,Indeed,AZ_IT_INDEED_DISPLAY_RETE,11.18,1897,8,0
2024-06-17,Umbria,Indeed,AZ_IT_INDEED_PPA_STAGIONALI,16.60,847,31,0
2024-06-17,Umbria,Indeed,AZ_IT_INDEED_RETARGETING_CANDIDATI,10.03,1071,19,0
2024-06-17,Umbria,Indeed,AZ_IT_INDEED_SPONSORED_JOBS,53.56,2540,94,3
2024-06-17,Valle d'Aosta,Indeed,AZ_IT_INDEED_DISPLAY_RETE,2.11,347,2,0
2024-06-17,Valle d'Aosta,Indeed,AZ_IT_INDEED_PPA_STAGIONALI,3.17,157,6,0
2024-06-17,Valle d'Aosta,Indeed,AZ_IT_INDEED_RETARGETING_CANDIDATI,1.01,111,2,0
2024-06-17,Valle d'Aosta,Indeed,AZ_IT_INDEED_SPONSORED_JOBS,7.79,353,15,0
2024-06-17,Veneto,Indeed,AZ_IT_INDEED_DISPLAY_RETE,91.91,14816,76,3
2024-06-17,Veneto,Indeed,AZ_IT_INDEED_PPA_STAGIONALI,127.51,6676,239,7
2024-06-17,Veneto,Indeed,AZ_IT_INDEED_RETARGETING_CANDIDATI,109.52,11956,226,6
2024-06-17,Veneto,Indeed,AZ_IT_INDEED_SPONSORED_JOBS,298.26,13185,508,26
2024-06-24,Abruzzo,Indeed,AZ_IT_INDEED_DISPLAY_RETE,26.00,4447,24,0
2024-06-24,Abruzzo,Indeed,AZ_IT_INDEED_PPA_STAGIONALI,26.67,1307,48,1
2024-06-24,Abruzzo,Indeed,AZ_IT_INDEED_RETARGETING_CANDIDATI,13.64,1456,27,0
2024-06-24,Abruzzo,Indeed,AZ_IT_INDEED_SPONSORED_JOBS,163.99,7428,283,9
2024-06-24,Basilicata,Indeed,AZ_IT_INDEED_DISPLAY_RETE,7.91,1343,6,0
2024-06-24,Basilicata,Indeed,AZ_IT_INDEED_PPA_STAGIONALI,6.68,318,13,0
2024-06-24,Basilicata,Indeed,AZ_IT_INDEED_RETARGETING_CANDIDATI,7.09,792,15,0
2024-06-24,Basilicata,Indeed,AZ_IT_INDEED_SPONSORED_JOBS,47.23,2147,87,2
2024-06-24,Calabria,Indeed,AZ_IT_INDEED_DISPLAY_RETE,39.58,6215,33,1
2024-06-24,Calabria,Indeed,AZ_IT_INDEED_PPA_STAGIONALI,33.07,1590,61,1
2024-06-24,Calabria,Indeed,AZ_IT_INDEED_RETARGETING_CANDIDATI,37.36,4044,73,1
2024-06-24,Calabria,Indeed,AZ_IT_INDEED_SPONSORED_JOBS,268.44,11889,539,10
2024-06-24,Campania,Indeed,AZ_IT_INDEED_DISPLAY_RETE,113.64,18716,87,2
2024-06-24,Campania,Indeed,AZ_IT_INDEED_PPA_STAGIONALI,130.22,6604,249,6
2024-06-24,Campania,Indeed,AZ_IT_INDEED_RETARGETING_CANDIDATI,60.12,6562,121,2
2024-06-24,Campania,Indeed,AZ_IT_INDEED_SPONSORED_JOBS,271.44,12691,438,17
2024-06-24,Emilia-Romagna,Indeed,AZ_IT_INDEED_DISPLAY_RETE,90.37,14342,76,1
2024-06-24,Emilia-Romagna,Indeed,AZ_IT_INDEED_PPA_STAGIONALI,125.98,6289,267,4
2024-06-24,Emilia-Romagna,Indeed,AZ_IT_INDEED_RETARGETING_CANDIDATI,99.15,11239,185,2
2024-06-24,Emilia-Romagna,Indeed,AZ_IT_INDEED_SPONSORED_JOBS,548.98,24683,889,21
2024-06-24,Friuli-Venezia Giulia,Indeed,AZ_IT_INDEED_DISPLAY_RETE,26.05,4334,23,1
2024-06-24,Friuli-Venezia Giulia,Indeed,AZ_IT_INDEED_PPA_STAGIONALI,27.86,1393,58,1
2024-06-24,Friuli-Venezia Giulia,Indeed,AZ_IT_INDEED_RETARGETING_CANDIDATI,13.49,1428,24,0
2024-06-24,Friuli-Venezia Giulia,Indeed,AZ_IT_INDEED_SPONSORED_JOBS,84.00,3723,142,6
2024-06-24,Lazio,Indeed,AZ_IT_INDEED_DISPLAY_RETE,123.93,20318,114,2
2024-06-24,Lazio,Indeed,AZ_IT_INDEED_PPA_STAGIONALI,76.38,3895,137,2
2024-06-24,Lazio,Indeed,AZ_IT_INDEED_RETARGETING_CANDIDATI,103.19,11660,209,4
2024-06-24,Lazio,Indeed,AZ_IT_INDEED_SPONSORED_JOBS,456.95,21151,962,25
2024-06-24,Liguria,Indeed,AZ_IT_INDEED_DISPLAY_RETE,23.82,3976,20,0
2024-06-24,Liguria,Indeed,AZ_IT_INDEED_PPA_STAGIONALI,15.43,744,28,1
2024-06-24,Liguria,Indeed,AZ_IT_INDEED_RETARGETING_CANDIDATI,25.75,2985,52,1
2024-06-24,Liguria,Indeed,AZ_IT_INDEED_SPONSORED_JOBS,104.58,4810,180,6
2024-06-24,Lombardia,Indeed,AZ_IT_INDEED_DISPLAY_RETE,209.67,33821,145,5
2024-06-24,Lombardia,Indeed,AZ_IT_INDEED_PPA_STAGIONALI,201.06,9851,364,9
2024-06-24,Lombardia,Indeed,AZ_IT_INDEED_RETARGETING_CANDIDATI,97.59,10947,206,4
2024-06-24,Lombardia,Indeed,AZ_IT_INDEED_SPONSORED_JOBS,944.26,43935,1917,66
2024-06-24,Marche,Indeed,AZ_IT_INDEED_DISPLAY_RETE,33.95,5889,28,1
2024-06-24,Marche,Indeed,AZ_IT_INDEED_PPA_STAGIONALI,23.08,1139,43,2
2024-06-24,Marche,Indeed,AZ_IT_INDEED_RETARGETING_CANDIDATI,13.31,1514,24,1
2024-06-24,Marche,Indeed,AZ_IT_INDEED_SPONSORED_JOBS,100.20,4659,201,12
2024-06-24,Molise,Indeed,AZ_IT_INDEED_DISPLAY_RETE,5.69,901,5,0
2024-06-24,Molise,Indeed,AZ_IT_INDEED_PPA_STAGIONALI,4.64,233,10,0
2024-06-24,Molise,Indeed,AZ_IT_INDEED_RETARGETING_CANDIDATI,5.79,695,13,0
2024-06-24,Molise,Indeed,AZ_IT_INDEED_SPONSORED_JOBS,17.07,760,33,2
2024-06-24,Piemonte,Indeed,AZ_IT_INDEED_DISPLAY_RETE,92.42,15837,80,2
2024-06-24,Piemonte,Indeed,AZ_IT_INDEED_PPA_STAGIONALI,71.50,3482,139,4
2024-06-24,Piemonte,Indeed,AZ_IT_INDEED_RETARGETING_CANDIDATI,58.32,6530,124,3
2024-06-24,Piemonte,Indeed,AZ_IT_INDEED_SPONSORED_JOBS,323.02,14632,557,30
2024-06-24,Puglia,Indeed,AZ_IT_INDEED_DISPLAY_RETE,134.78,23217,107,3
2024-06-24,Puglia,Indeed,AZ_IT_INDEED_PPA_STAGIONALI,91.01,4487,152,4
2024-06-24,Puglia,Indeed,AZ_IT_INDEED_RETARGETING_CANDIDATI,81.94,9219,140,3
2024-06-24,Puglia,Indeed,AZ_IT_INDEED_SPONSORED_JOBS,325.54,13799,565,20
2024-06-24,Sardegna,Indeed,AZ_IT_INDEED_DISPLAY_RETE,37.24,5968,31,0
2024-06-24,Sardegna,Indeed,AZ_IT_INDEED_PPA_STAGIONALI,22.00,1082,44,1
2024-06-24,Sardegna,Indeed,AZ_IT_INDEED_RETARGETING_CANDIDATI,30.15,3457,70,1
2024-06-24,Sardegna,Indeed,AZ_IT_INDEED_SPONSORED_JOBS,194.01,8855,378,8
2024-06-24,Sicilia,Indeed,AZ_IT_INDEED_DISPLAY_RETE,127.71,21000,124,2
2024-06-24,Sicilia,Indeed,AZ_IT_INDEED_PPA_STAGIONALI,145.91,6954,256,4
2024-06-24,Sicilia,Indeed,AZ_IT_INDEED_RETARGETING_CANDIDATI,44.46,4868,100,1
2024-06-24,Sicilia,Indeed,AZ_IT_INDEED_SPONSORED_JOBS,414.99,18999,794,16
2024-06-24,Toscana,Indeed,AZ_IT_INDEED_DISPLAY_RETE,78.88,13171,66,1
2024-06-24,Toscana,Indeed,AZ_IT_INDEED_PPA_STAGIONALI,39.72,1955,77,2
2024-06-24,Toscana,Indeed,AZ_IT_INDEED_RETARGETING_CANDIDATI,71.35,7758,150,2
2024-06-24,Toscana,Indeed,AZ_IT_INDEED_SPONSORED_JOBS,328.68,14849,725,19
2024-06-24,Trentino-Alto Adige,Indeed,AZ_IT_INDEED_DISPLAY_RETE,21.15,3335,18,0
2024-06-24,Trentino-Alto Adige,Indeed,AZ_IT_INDEED_PPA_STAGIONALI,29.11,1474,59,1
2024-06-24,Trentino-Alto Adige,Indeed,AZ_IT_INDEED_RETARGETING_CANDIDATI,24.83,2758,49,1
2024-06-24,Trentino-Alto Adige,Indeed,AZ_IT_INDEED_SPONSORED_JOBS,130.36,5755,266,8
2024-06-24,Umbria,Indeed,AZ_IT_INDEED_DISPLAY_RETE,14.10,2334,12,0
2024-06-24,Umbria,Indeed,AZ_IT_INDEED_PPA_STAGIONALI,13.44,649,26,0
2024-06-24,Umbria,Indeed,AZ_IT_INDEED_RETARGETING_CANDIDATI,11.00,1212,21,0
2024-06-24,Umbria,Indeed,AZ_IT_INDEED_SPONSORED_JOBS,54.53,2557,113,3
2024-06-24,Valle d'Aosta,Indeed,AZ_IT_INDEED_DISPLAY_RETE,2.36,376,2,0
2024-06-24,Valle d'Aosta,Indeed,AZ_IT_INDEED_PPA_STAGIONALI,2.52,120,4,0
2024-06-24,Valle d'Aosta,Indeed,AZ_IT_INDEED_RETARGETING_CANDIDATI,1.12,120,2,0
2024-06-24,Valle d'Aosta,Indeed,AZ_IT_INDEED_SPONSORED_JOBS,9.42,412,18,1
2024-06-24,Veneto,Indeed,AZ_IT_INDEED_DISPLAY_RETE,99.24,16441,74,3
2024-06-24,Veneto,Indeed,AZ_IT_INDEED_PPA_STAGIONALI,96.18,4757,186,5
2024-06-24,Veneto,Indeed,AZ_IT_INDEED_RETARGETING_CANDIDATI,126.88,13557,244,7
2024-06-24,Veneto,Indeed,AZ_IT_INDEED_SPONSORED_JOBS,332.43,15792,679,31
2024-07-01,Abruzzo,Indeed,AZ_IT_INDEED_DISPLAY_RETE,20.97,3430,17,0
2024-07-01,Abruzzo,Indeed,AZ_IT_INDEED_PPA_STAGIONALI,27.62,1352,54,1
2024-07-01,Abruzzo,Indeed,AZ_IT_INDEED_RETARGETING_CANDIDATI,13.74,1463,26,1
2024-07-01,Abruzzo,Indeed,AZ_IT_INDEED_SPONSORED_JOBS,116.39,5049,222,7
2024-07-01,Basilicata,Indeed,AZ_IT_INDEED_DISPLAY_RETE,4.85,814,4,0
2024-07-01,Basilicata,Indeed,AZ_IT_INDEED_PPA_STAGIONALI,5.50,259,10,0
2024-07-01,Basilicata,Indeed,AZ_IT_INDEED_RETARGETING_CANDIDATI,5.52,605,11,0
2024-07-01,Basilicata,Indeed,AZ_IT_INDEED_SPONSORED_JOBS,31.93,1440,66,2
2024-07-01,Calabria,Indeed,AZ_IT_INDEED_DISPLAY_RETE,30.55,5031,24,0
2024-07-01,Calabria,Indeed,AZ_IT_INDEED_PPA_STAGIONALI,32.86,1548,57,1
2024-07-01,Calabria,Indeed,AZ_IT_INDEED_RETARGETING_CANDIDATI,34.20,3678,66,1
2024-07-01,Calabria,Indeed,AZ_IT_INDEED_SPONSORED_JOBS,209.74,8882,342,10
2024-07-01,Campania,Indeed,AZ_IT_INDEED_DISPLAY_RETE,90.32,15202,76,2
2024-07-01,Campania,Indeed,AZ_IT_INDEED_PPA_STAGIONALI,111.58,5736,203,6
2024-07-01,Campania,Indeed,AZ_IT_INDEED_RETARGETING_CANDIDATI,48.45,5475,103,2
2024-07-01,Campania,Indeed,AZ_IT_INDEED_SPONSORED_JOBS,252.52,11218,496,16
2024-07-01,Emilia-Romagna,Indeed,AZ_IT_INDEED_DISPLAY_RETE,68.43,11160,52,1
2024-07-01,Emilia-Romagna,Indeed,AZ_IT_INDEED_PPA_STAGIONALI,115.53,5640,241,4
2024-07-01,Emilia-Romagna,Indeed,AZ_IT_INDEED_RETARGETING_CANDIDATI,72.02,8348,146,3
2024-07-01,Emilia-Romagna,Indeed,AZ_IT_INDEED_SPONSORED_JOBS,357.21,16354,680,17
2024-07-01,Friuli-Venezia Giulia,Indeed,AZ_IT_INDEED_DISPLAY_RETE,18.51,2771,14,0
2024-07-01,Friuli-Venezia Giulia,Indeed,AZ_IT_INDEED_PPA_STAGIONALI,27.37,1403,49,2
2024-07-01,Friuli-Venezia Giulia,Indeed,AZ_IT_INDEED_RETARGETING_CANDIDATI,10.43,1176,20,1
2024-07-01,Friuli-Venezia Giulia,Indeed,AZ_IT_INDEED_SPONSORED_JOBS,61.82,2837,124,5
2024-07-01,Lazio,Indeed,AZ_IT_INDEED_DISPLAY_RETE,98.64,16293,82,2
2024-07-01,Lazio,Indeed,AZ_IT_INDEED_PPA_STAGIONALI,65.34,3325,118,3
2024-07-01,Lazio,Indeed,AZ_IT_INDEED_RETARGETING_CANDIDATI,89.18,9697,189,5
2024-07-01,Lazio,Indeed,AZ_IT_INDEED_SPONSORED_JOBS,352.89,15924,655,22
2024-07-01,Liguria,Indeed,AZ_IT_INDEED_DISPLAY_RETE,22.35,3561,17,0
2024-07-01,Liguria,Indeed,AZ_IT_INDEED_PPA_STAGIONALI,14.02,735,28,1
2024-07-01,Liguria,Indeed,AZ_IT_INDEED_RETARGETING_CANDIDATI,18.47,2185,37,1
2024-07-01,Liguria,Indeed,AZ_IT_INDEED_SPONSORED_JOBS,87.13,3901,154,6
2024-07-01,Lombardia,Indeed,AZ_IT_INDEED_DISPLAY_RETE,156.42,26806,123,4
2024-07-01,Lombardia,Indeed,AZ_IT_INDEED_PPA_STAGIONALI,165.31,8325,294,10
2024-07-01,Lombardia,Indeed,AZ_IT_INDEED_RETARGETING_CANDIDATI,85.48,9331,166,6
2024-07-01,Lombardia,Indeed,AZ_IT_INDEED_SPONSORED_JOBS,697.68,33958,1346,60
2024-07-01,Marche,Indeed,AZ_IT_INDEED_DISPLAY_RETE,22.55,3618,16,1
2024-07-01,Marche,Indeed,AZ_IT_INDEED_PPA_STAGIONALI,25.31,1241,53,2
2024-07-01,Marche,Indeed,AZ_IT_INDEED_RETARGETING_CANDIDATI,11.69,1283,23,1
2024-07-01,Marche,Indeed,AZ_IT_INDEED_SPONSORED_JOBS,74.37,3372,139,11
2024-07-01,Molise,Indeed,AZ_IT_INDEED_DISPLAY_RETE,5.08,872,5,0
2024-07-01,Molise,Indeed,AZ_IT_INDEED_PPA_STAGIONALI,4.77,243,8,0
2024-07-01,Molise,Indeed,AZ_IT_INDEED_RETARGETING_CANDIDATI,3.89,429,8,0
2024-07-01,Molise,Indeed,AZ_IT_INDEED_SPONSORED_JOBS,13.45,663,28,2
2024-07-01,Piemonte,Indeed,AZ_IT_INDEED_DISPLAY_RETE,62.84,10651,49,2
2024-07-01,Piemonte,Indeed,AZ_IT_INDEED_PPA_STAGIONALI,60.20,2813,108,4
2024-07-01,Piemonte,Indeed,AZ_IT_INDEED_RETARGETING_CANDIDATI,47.61,5443,97,5
2024-07-01,Piemonte,Indeed,AZ_IT_INDEED_SPONSORED_JOBS,207.25,9854,391,24
2024-07-01,Puglia,Indeed,AZ_IT_INDEED_DISPLAY_RETE,91.16,15259,77,2
2024-07-01,Puglia,Indeed,AZ_IT_INDEED_PPA_STAGIONALI,86.45,4441,180,5
2024-07-01,Puglia,Indeed,AZ_IT_INDEED_RETARGETING_CANDIDATI,67.79,7349,129,4
2024-07-01,Puglia,Indeed,AZ_IT_INDEED_SPONSORED_JOBS,221.43,9863,362,19
2024-07-01,Sardegna,Indeed,AZ_IT_INDEED_DISPLAY_RETE,29.73,5133,27,0
2024-07-01,Sardegna,Indeed,AZ_IT_INDEED_PPA_STAGIONALI,29.15,1537,53,1
2024-07-01,Sardegna,Indeed,AZ_IT_INDEED_RETARGETING_CANDIDATI,24.73,2889,53,1
2024-07-01,Sardegna,Indeed,AZ_IT_INDEED_SPONSORED_JOBS,117.20,5250,225,7
2024-07-01,Sicilia,Indeed,AZ_IT_INDEED_DISPLAY_RETE,105.17,16215,87,1
2024-07-01,Sicilia,Indeed,AZ_IT_INDEED_PPA_STAGIONALI,130.09,6270,225,4
2024-07-01,Sicilia,Indeed,AZ_IT_INDEED_RETARGETING_CANDIDATI,44.83,4698,79,2
2024-07-01,Sicilia,Indeed,AZ_IT_INDEED_SPONSORED_JOBS,324.02,15443,627,14
2024-07-01,Toscana,Indeed,AZ_IT_INDEED_DISPLAY_RETE,51.39,8532,49,1
2024-07-01,Toscana,Indeed,AZ_IT_INDEED_PPA_STAGIONALI,37.66,1868,72,2
2024-07-01,Toscana,Indeed,AZ_IT_INDEED_RETARGETING_CANDIDATI,55.13,5999,106,2
2024-07-01,Toscana,Indeed,AZ_IT_INDEED_SPONSORED_JOBS,288.29,12557,439,21
2024-07-01,Trentino-Alto Adige,Indeed,AZ_IT_INDEED_DISPLAY_RETE,16.89,2811,13,0
2024-07-01,Trentino-Alto Adige,Indeed,AZ_IT_INDEED_PPA_STAGIONALI,26.85,1346,49,2
2024-07-01,Trentino-Alto Adige,Indeed,AZ_IT_INDEED_RETARGETING_CANDIDATI,21.93,2503,45,1
2024-07-01,Trentino-Alto Adige,Indeed,AZ_IT_INDEED_SPONSORED_JOBS,89.10,4220,153,6
2024-07-01,Umbria,Indeed,AZ_IT_INDEED_DISPLAY_RETE,10.29,1692,8,0
2024-07-01,Umbria,Indeed,AZ_IT_INDEED_PPA_STAGIONALI,12.53,619,24,1
2024-07-01,Umbria,Indeed,AZ_IT_INDEED_RETARGETING_CANDIDATI,10.00,1192,19,0
2024-07-01,Umbria,Indeed,AZ_IT_INDEED_SPONSORED_JOBS,42.43,1922,80,3
2024-07-01,Valle d'Aosta,Indeed,AZ_IT_INDEED_DISPLAY_RETE,1.72,286,1,0
2024-07-01,Valle d'Aosta,Indeed,AZ_IT_INDEED_PPA_STAGIONALI,2.43,121,5,0
2024-07-01,Valle d'Aosta,Indeed,AZ_IT_INDEED_RETARGETING_CANDIDATI,0.97,113,2,0
2024-07-01,Valle d'Aosta,Indeed,AZ_IT_INDEED_SPONSORED_JOBS,7.03,296,13,0
2024-07-01,Veneto,Indeed,AZ_IT_INDEED_DISPLAY_RETE,70.65,11693,59,2
2024-07-01,Veneto,Indeed,AZ_IT_INDEED_PPA_STAGIONALI,96.16,4691,180,6
2024-07-01,Veneto,Indeed,AZ_IT_INDEED_RETARGETING_CANDIDATI,91.54,10360,214,6
2024-07-01,Veneto,Indeed,AZ_IT_INDEED_SPONSORED_JOBS,294.33,12924,570,23
2024-07-08,Abruzzo,Indeed,AZ_IT_INDEED_DISPLAY_RETE,20.87,3333,16,0
2024-07-08,Abruzzo,Indeed,AZ_IT_INDEED_PPA_STAGIONALI,23.76,1166,46,1
2024-07-08,Abruzzo,Indeed,AZ_IT_INDEED_RETARGETING_CANDIDATI,15.03,1630,31,1
2024-07-08,Abruzzo,Indeed,AZ_IT_INDEED_SPONSORED_JOBS,115.16,5197,205,6
2024-07-08,Basilicata,Indeed,AZ_IT_INDEED_DISPLAY_RETE,6.24,1055,5,0
2024-07-08,Basilicata,Indeed,AZ_IT_INDEED_PPA_STAGIONALI,6.46,351,13,0
2024-07-08,Basilicata,Indeed,AZ_IT_INDEED_RETARGETING_CANDIDATI,7.37,804,14,0
2024-07-08,Basilicata,Indeed,AZ_IT_INDEED_SPONSORED_JOBS,32.82,1469,57,2
2024-07-08,Calabria,Indeed,AZ_IT_INDEED_DISPLAY_RETE,42.10,6905,32,1
2024-07-08,Calabria,Indeed,AZ_IT_INDEED_PPA_STAGIONALI,34.25,1718,65,1
2024-07-08,Calabria,Indeed,AZ_IT_INDEED_RETARGETING_CANDIDATI,35.26,4011,71,2
2024-07-08,Calabria,Indeed,AZ_IT_INDEED_SPONSORED_JOBS,188.76,8395,357,11
2024-07-08,Campania,Indeed,AZ_IT_INDEED_DISPLAY_RETE,102.25,17181,79,2
2024-07-08,Campania,Indeed,AZ_IT_INDEED_PPA_STAGIONALI,110.68,5104,191,6
2024-07-08,Campania,Indeed,AZ_IT_INDEED_RETARGETING_CANDIDATI,49.07,5585,93,3
2024-07-08,Campania,Indeed,AZ_IT_INDEED_SPONSORED_JOBS,239.30,10394,400,16
2024-07-08,Emilia-Romagna,Indeed,AZ_IT_INDEED_DISPLAY_RETE,83.34,13907,65,1
2024-07-08,Emilia-Romagna,Indeed,AZ_IT_INDEED_PPA_STAGIONALI,110.61,5433,193,4
2024-07-08,Emilia-Romagna,Indeed,AZ_IT_INDEED_RETARGETING_CANDIDATI,83.24,9141,182,3
2024-07-08,Emilia-Romagna,Indeed,AZ_IT_INDEED_SPONSORED_JOBS,336.28,15269,589,19
2024-07-08,Friuli-Venezia Giulia,Indeed,AZ_IT_INDEED_DISPLAY_RETE,19.11,3275,15,0
2024-07-08,Friuli-Venezia Giulia,Indeed,AZ_IT_INDEED_PPA_STAGIONALI,27.96,1379,55,2
2024-07-08,Friuli-Venezia Giulia,Indeed,AZ_IT_INDEED_RETARGETING_CANDIDATI,12.88,1414,23,1
2024-07-08,Friuli-Venezia Giulia,Indeed,AZ_IT_INDEED_SPONSORED_JOBS,66.28,3151,131,6
2024-07-08,Lazio,Indeed,AZ_IT_INDEED_DISPLAY_RETE,102.06,17921,92,2
2024-07-08,Lazio,Indeed,AZ_IT_INDEED_PPA_STAGIONALI,68.60,3597,121,4
2024-07-08,Lazio,Indeed,AZ_IT_INDEED_RETARGETING_CANDIDATI,98.68,11331,217,5
2024-07-08,Lazio,Indeed,AZ_IT_INDEED_SPONSORED_JOBS,362.72,17231,719,25
2024-07-08,Liguria,Indeed,AZ_IT_INDEED_DISPLAY_RETE,21.82,3445,17,0
2024-07-08,Liguria,Indeed,AZ_IT_INDEED_PPA_STAGIONALI,16.11,841,29,1
2024-07-08,Liguria,Indeed,AZ_IT_INDEED_RETARGETING_CANDIDATI,17.09,1945,34,1
2024-07-08,Liguria,Indeed,AZ_IT_INDEED_SPONSORED_JOBS,78.90,3716,158,5
2024-07-08,Lombardia,Indeed,AZ_IT_INDEED_DISPLAY_RETE,189.32,32600,164,4
2024-07-08,Lombardia,Indeed,AZ_IT_INDEED_PPA_STAGIONALI,163.29,8188,326,10
2024-07-08,Lombardia,Indeed,AZ_IT_INDEED_RETARGETING_CANDIDATI,91.61,10303,203,7
2024-07-08,Lombardia,Indeed,AZ_IT_INDEED_SPONSORED_JOBS,659.42,29814,1230,58
2024-07-08,Marche,Indeed,AZ_IT_INDEED_DISPLAY_RETE,25.01,4252,19,1
2024-07-08,Marche,Indeed,AZ_IT_INDEED_PPA_STAGIONALI,27.58,1331,46,3
2024-07-08,Marche,Indeed,AZ_IT_INDEED_RETARGETING_CANDIDATI,16.35,1779,34,2
2024-07-08,Marche,Indeed,AZ_IT_INDEED_SPONSORED_JOBS,74.69,3519,134,11
2024-07-08,Molise,Indeed,AZ_IT_INDEED_DISPLAY_RETE,4.65,783,4,0
2024-07-08,Molise,Indeed,AZ_IT_INDEED_PPA_STAGIONALI,4.70,237,10,0
2024-07-08,Molise,Indeed,AZ_IT_INDEED_RETARGETING_CANDIDATI,4.89,551,11,0
2024-07-08,Molise,Indeed,AZ_IT_INDEED_SPONSORED_JOBS,12.01,520,21,1
2024-07-08,Piemonte,Indeed,AZ_IT_INDEED_DISPLAY_RETE,71.65,12287,60,2
2024-07-08,Piemonte,Indeed,AZ_IT_INDEED_PPA_STAGIONALI,58.88,2865,98,5
2024-07-08,Piemonte,Indeed,AZ_IT_INDEED_RETARGETING_CANDIDATI,48.76,5349,97,4
2024-07-08,Piemonte,Indeed,AZ_IT_INDEED_SPONSORED_JOBS,246.99,11434,471,25
2024-07-08,Puglia,Indeed,AZ_IT_INDEED_DISPLAY_RETE,104.36,18307,100,2
2024-07-08,Puglia,Indeed,AZ_IT_INDEED_PPA_STAGIONALI,77.61,3915,165,4
2024-07-08,Puglia,Indeed,AZ_IT_INDEED_RETARGETING_CANDIDATI,77.34,8593,173,5
2024-07-08,Puglia,Indeed,AZ_IT_INDEED_SPONSORED_JOBS,224.39,10687,476,19
2024-07-08,Sardegna,Indeed,AZ_IT_INDEED_DISPLAY_RETE,31.66,5183,30,0
2024-07-08,Sardegna,Indeed,AZ_IT_INDEED_PPA_STAGIONALI,28.57,1470,59,1
2024-07-08,Sardegna,Indeed,AZ_IT_INDEED_RETARGETING_CANDIDATI,33.48,3745,60,1
2024-07-08,Sardegna,Indeed,AZ_IT_INDEED_SPONSORED_JOBS,130.10,6046,259,7
2024-07-08,Sicilia,Indeed,AZ_IT_INDEED_DISPLAY_RETE,120.90,22159,114,1
2024-07-08,Sicilia,Indeed,AZ_IT_INDEED_PPA_STAGIONALI,111.57,5478,185,3
2024-07-08,Sicilia,Indeed,AZ_IT_INDEED_RETARGETING_CANDIDATI,54.05,6114,97,2
2024-07-08,Sicilia,Indeed,AZ_IT_INDEED_SPONSORED_JOBS,333.06,14402,596,15
2024-07-08,Toscana,Indeed,AZ_IT_INDEED_DISPLAY_RETE,68.60,10995,58,1
2024-07-08,Toscana,Indeed,AZ_IT_INDEED_PPA_STAGIONALI,39.65,1994,76,2
2024-07-08,Toscana,Indeed,AZ_IT_INDEED_RETARGETING_CANDIDATI,61.79,6463,104,4
2024-07-08,Toscana,Indeed,AZ_IT_INDEED_SPONSORED_JOBS,210.17,9297,398,16
2024-07-08,Trentino-Alto Adige,Indeed,AZ_IT_INDEED_DISPLAY_RETE,18.01,2973,15,0
2024-07-08,Trentino-Alto Adige,Indeed,AZ_IT_INDEED_PPA_STAGIONALI,25.12,1284,44,1
2024-07-08,Trentino-Alto Adige,Indeed,AZ_IT_INDEED_RETARGETING_CANDIDATI,20.82,2386,42,1
2024-07-08,Trentino-Alto Adige,Indeed,AZ_IT_INDEED_SPONSORED_JOBS,98.41,4386,196,6
2024-07-08,Umbria,Indeed,AZ_IT_INDEED_DISPLAY_RETE,13.32,2262,12,0
2024-07-08,Umbria,Indeed,AZ_IT_INDEED_PPA_STAGIONALI,11.31,574,21,0
2024-07-08,Umbria,Indeed,AZ_IT_INDEED_RETARGETING_CANDIDATI,12.06,1380,24,1
2024-07-08,Umbria,Indeed,AZ_IT_INDEED_SPONSORED_JOBS,50.45,2219,83,3
2024-07-08,Valle d'Aosta,Indeed,AZ_IT_INDEED_DISPLAY_RETE,1.66,272,1,0
2024-07-08,Valle d'Aosta,Indeed,AZ_IT_INDEED_PPA_STAGIONALI,2.30,109,4,0
2024-07-08,Valle d'Aosta,Indeed,AZ_IT_INDEED_RETARGETING_CANDIDATI,1.23,140,2,0
2024-07-08,Valle d'Aosta,Indeed,AZ_IT_INDEED_SPONSORED_JOBS,7.97,359,15,1
2024-07-08,Veneto,Indeed,AZ_IT_INDEED_DISPLAY_RETE,90.95,15115,76,2
2024-07-08,Veneto,Indeed,AZ_IT_INDEED_PPA_STAGIONALI,100.37,5008,163,7
2024-07-08,Veneto,Indeed,AZ_IT_INDEED_RETARGETING_CANDIDATI,137.74,15488,311,11
2024-07-08,Veneto,Indeed,AZ_IT_INDEED_SPONSORED_JOBS,248.71,11271,409,19
2024-07-15,Abruzzo,Indeed,AZ_IT_INDEED_DISPLAY_RETE,19.04,3226,16,0
2024-07-15,Abruzzo,Indeed,AZ_IT_INDEED_PPA_STAGIONALI,19.02,867,31,1
2024-07-15,Abruzzo,Indeed,AZ_IT_INDEED_RETARGETING_CANDIDATI,14.14,1511,26,1
2024-07-15,Abruzzo,Indeed,AZ_IT_INDEED_SPONSORED_JOBS,106.91,4826,198,7
2024-07-15,Basilicata,Indeed,AZ_IT_INDEED_DISPLAY_RETE,4.40,738,4,0
2024-07-15,Basilicata,Indeed,AZ_IT_INDEED_PPA_STAGIONALI,4.21,212,8,0
2024-07-15,Basilicata,Indeed,AZ_IT_INDEED_RETARGETING_CANDIDATI,5.95,680,13,0
2024-07-15,Basilicata,Indeed,AZ_IT_INDEED_SPONSORED_JOBS,29.57,1308,52,1
2024-07-15,Calabria,Indeed,AZ_IT_INDEED_DISPLAY_RETE,35.56,6236,32,1
2024-07-15,Calabria,Indeed,AZ_IT_INDEED_PPA_STAGIONALI,26.82,1375,51,1
2024-07-15,Calabria,Indeed,AZ_IT_INDEED_RETARGETING_CANDIDATI,27.69,3027,55,1
2024-07-15,Calabria,Indeed,AZ_IT_INDEED_SPONSORED_JOBS,205.91,9670,434,12
2024-07-15,Campania,Indeed,AZ_IT_INDEED_DISPLAY_RETE,74.06,12857,65,1
2024-07-15,Campania,Indeed,AZ_IT_INDEED_PPA_STAGIONALI,91.90,4655,159,5
2024-07-15,Campania,Indeed,AZ_IT_INDEED_RETARGETING_CANDIDATI,34.87,3798,74,2
2024-07-15,Campania,Indeed,AZ_IT_INDEED_SPONSORED_JOBS,240.11,10854,481,15
2024-07-15,Emilia-Romagna,Indeed,AZ_IT_INDEED_DISPLAY_RETE,59.61,9785,50,1
2024-07-15,Emilia-Romagna,Indeed,AZ_IT_INDEED_PPA_STAGIONALI,81.01,4090,150,3
2024-07-15,Emilia-Romagna,Indeed,AZ_IT_INDEED_RETARGETING_CANDIDATI,62.64,7374,136,3
2024-07-15,Emilia-Romagna,Indeed,AZ_IT_INDEED_SPONSORED_JOBS,329.84,14351,672,18
2024-07-15,Friuli-Venezia Giulia,Indeed,AZ_IT_INDEED_DISPLAY_RETE,16.37,2755,15,0
2024-07-15,Friuli-Venezia Giulia,Indeed,AZ_IT_INDEED_PPA_STAGIONALI,19.75,996,38,1
2024-07-15,Friuli-Venezia Giulia,Indeed,AZ_IT_INDEED_RETARGETING_CANDIDATI,8.21,921,17,1
2024-07-15,Friuli-Venezia Giulia,Indeed,AZ_IT_INDEED_SPONSORED_JOBS,68.03,3051,123,5
2024-07-15,Lazio,Indeed,AZ_IT_INDEED_DISPLAY_RETE,82.80,14197,71,2
2024-07-15,Lazio,Indeed,AZ_IT_INDEED_PPA_STAGIONALI,53.27,2710,108,2
2024-07-15,Lazio,Indeed,AZ_IT_INDEED_RETARGETING_CANDIDATI,82.09,9057,160,4
2024-07-15,Lazio,Indeed,AZ_IT_INDEED_SPONSORED_JOBS,356.26,15921,664,24
2024-07-15,Liguria,Indeed,AZ_IT_INDEED_DISPLAY_RETE,15.71,2455,13,0
2024-07-15,Liguria,Indeed,AZ_IT_INDEED_PPA_STAGIONALI,12.94,630,28,1
2024-07-15,Liguria,Indeed,AZ_IT_INDEED_RETARGETING_CANDIDATI,14.23,1559,26,1
2024-07-15,Liguria,Indeed,AZ_IT_INDEED_SPONSORED_JOBS,86.84,3732,152,5
2024-07-15,Lombardia,Indeed,AZ_IT_INDEED_DISPLAY_RETE,141.54,23748,117,3
2024-07-15,Lombardia,Indeed,AZ_IT_INDEED_PPA_STAGIONALI,112.91,5536,227,7
2024-07-15,Lombardia,Indeed,AZ_IT_INDEED_RETARGETING_CANDIDATI,76.71,8573,137,4
2024-07-15,Lombardia,Indeed,AZ_IT_INDEED_SPONSORED_JOBS,659.78,29644,1327,54
2024-07-15,Marche,Indeed,AZ_IT_INDEED_DISPLAY_RETE,19.02,3134,17,1
2024-07-15,Marche,Indeed,AZ_IT_INDEED_PPA_STAGIONALI,19.52,979,35,2
2024-07-15,Marche,Indeed,AZ_IT_INDEED_RETARGETING_CANDIDATI,10.90,1185,22,2
2024-07-15,Marche,Indeed,AZ_IT_INDEED_SPONSORED_JOBS,59.07,2788,114,9
2024-07-15,Molise,Indeed,AZ_IT_INDEED_DISPLAY_RETE,3.45,574,3,0
2024-07-15,Molise,Indeed,AZ_IT_INDEED_PPA_STAGIONALI,3.02,157,6,0
2024-07-15,Molise,Indeed,AZ_IT_INDEED_RETARGETING_CANDIDATI,3.87,399,8,0
2024-07-15,Molise,Indeed,AZ_IT_INDEED_SPONSORED_JOBS,9.58,432,17,1
2024-07-15,Piemonte,Indeed,AZ_IT_INDEED_DISPLAY_RETE,59.85,10542,56,2
2024-07-15,Piemonte,Indeed,AZ_IT_INDEED_PPA_STAGIONALI,52.22,2652,103,4
2024-07-15,Piemonte,Indeed,AZ_IT_INDEED_RETARGETING_CANDIDATI,40.06,4301,74,4
2024-07-15,Piemonte,Indeed,AZ_IT_INDEED_SPONSORED_JOBS,256.02,11572,418,29
2024-07-15,Puglia,Indeed,AZ_IT_INDEED_DISPLAY_RETE,76.12,13015,69,2
2024-07-15,Puglia,Indeed,AZ_IT_INDEED_PPA_STAGIONALI,54.35,2776,115,4
2024-07-15,Puglia,Indeed,AZ_IT_INDEED_RETARGETING_CANDIDATI,63.76,7084,127,5
2024-07-15,Puglia,Indeed,AZ_IT_INDEED_SPONSORED_JOBS,180.44,8337,372,17
2024-07-15,Sardegna,Indeed,AZ_IT_INDEED_DISPLAY_RETE,21.60,3651,20,0
2024-07-15,Sardegna,Indeed,AZ_IT_INDEED_PPA_STAGIONALI,18.64,924,39,1
2024-07-15,Sardegna,Indeed,AZ_IT_INDEED_RETARGETING_CANDIDATI,23.91,2718,45,1
2024-07-15,Sardegna,Indeed,AZ_IT_INDEED_SPONSORED_JOBS,114.06,5092,214,7
2024-07-15,Sicilia,Indeed,AZ_IT_INDEED_DISPLAY_RETE,88.83,14490,68,1
2024-07-15,Sicilia,Indeed,AZ_IT_INDEED_PPA_STAGIONALI,85.13,4269,143,3
2024-07-15,Sicilia,Indeed,AZ_IT_INDEED_RETARGETING_CANDIDATI,47.38,5367,96,2
2024-07-15,Sicilia,Indeed,AZ_IT_INDEED_SPONSORED_JOBS,294.52,12949,538,15
2024-07-15,Toscana,Indeed,AZ_IT_INDEED_DISPLAY_RETE,43.91,7580,35,1
2024-07-15,Toscana,Indeed,AZ_IT_INDEED_PPA_STAGIONALI,30.87,1540,63,2
2024-07-15,Toscana,Indeed,AZ_IT_INDEED_RETARGETING_CANDIDATI,40.54,4592,81,3
2024-07-15,Toscana,Indeed,AZ_IT_INDEED_SPONSORED_JOBS,196.37,9113,414,18
2024-07-15,Trentino-Alto Adige,Indeed,AZ_IT_INDEED_DISPLAY_RETE,14.71,2371,13,0
2024-07-15,Trentino-Alto Adige,Indeed,AZ_IT_INDEED_PPA_STAGIONALI,18.41,886,31,1
2024-07-15,Trentino-Alto Adige,Indeed,AZ_IT_INDEED_RETARGETING_CANDIDATI,16.85,1822,31,1
2024-07-15,Trentino-Alto Adige,Indeed,AZ_IT_INDEED_SPONSORED_JOBS,78.08,3547,147,7
2024-07-15,Umbria,Indeed,AZ_IT_INDEED_DISPLAY_RETE,9.62,1597,7,0
2024-07-15,Umbria,Indeed,AZ_IT_INDEED_PPA_STAGIONALI,8.37,422,16,0
2024-07-15,Umbria,Indeed,AZ_IT_INDEED_RETARGETING_CANDIDATI,10.87,1216,20,0
2024-07-15,Umbria,Indeed,AZ_IT_INDEED_SPONSORED_JOBS,47.87,2064,76,3
2024-07-15,Valle d'Aosta,Indeed,AZ_IT_INDEED_DISPLAY_RETE,1.64,276,1,0
2024-07-15,Valle d'Aosta,Indeed,AZ_IT_INDEED_PPA_STAGIONALI,1.35,67,3,0
2024-07-15,Valle d'Aosta,Indeed,AZ_IT_INDEED_RETARGETING_CANDIDATI,0.96,109,2,0
2024-07-15,Valle d'Aosta,Indeed,AZ_IT_INDEED_SPONSORED_JOBS,6.89,317,12,0
2024-07-15,Veneto,Indeed,AZ_IT_INDEED_DISPLAY_RETE,78.18,13139,71,2
2024-07-15,Veneto,Indeed,AZ_IT_INDEED_PPA_STAGIONALI,73.26,3759,135,5
2024-07-15,Veneto,Indeed,AZ_IT_INDEED_RETARGETING_CANDIDATI,102.20,11599,224,9
2024-07-15,Veneto,Indeed,AZ_IT_INDEED_SPONSORED_JOBS,253.75,11643,498,25
2024-07-22,Abruzzo,Indeed,AZ_IT_INDEED_DISPLAY_RETE,17.76,2928,14,0
2024-07-22,Abruzzo,Indeed,AZ_IT_INDEED_PPA_STAGIONALI,24.51,1170,43,1
2024-07-22,Abruzzo,Indeed,AZ_IT_INDEED_RETARGETING_CANDIDATI,14.29,1562,31,1
2024-07-22,Abruzzo,Indeed,AZ_IT_INDEED_SPONSORED_JOBS,85.16,3668,158,6
2024-07-22,Basilicata,Indeed,AZ_IT_INDEED_DISPLAY_RETE,4.38,715,3,0
2024-07-22,Basilicata,Indeed,AZ_IT_INDEED_PPA_STAGIONALI,5.62,277,12,0
2024-07-22,Basilicata,Indeed,AZ_IT_INDEED_RETARGETING_CANDIDATI,4.66,528,10,0
2024-07-22,Basilicata,Indeed,AZ_IT_INDEED_SPONSORED_JOBS,28.31,1194,57,1
2024-07-22,Calabria,Indeed,AZ_IT_INDEED_DISPLAY_RETE,28.06,4929,23,0
2024-07-22,Calabria,Indeed,AZ_IT_INDEED_PPA_STAGIONALI,27.29,1289,55,1
2024-07-22,Calabria,Indeed,AZ_IT_INDEED_RETARGETING_CANDIDATI,22.38,2496,42,1
2024-07-22,Calabria,Indeed,AZ_IT_INDEED_SPONSORED_JOBS,175.72,7827,323,11
2024-07-22,Campania,Indeed,AZ_IT_INDEED_DISPLAY_RETE,74.62,11977,61,1
2024-07-22,Campania,Indeed,AZ_IT_INDEED_PPA_STAGIONALI,114.36,5785,227,6
2024-07-22,Campania,Indeed,AZ_IT_INDEED_RETARGETING_CANDIDATI,32.93,3622,62,2
2024-07-22,Campania,Indeed,AZ_IT_INDEED_SPONSORED_JOBS,200.41,9804,456,14
2024-07-22,Emilia-Romagna,Indeed,AZ_IT_INDEED_DISPLAY_RETE,49.25,8444,43,1
2024-07-22,Emilia-Romagna,Indeed,AZ_IT_INDEED_PPA_STAGIONALI,97.67,5003,165,5
2024-07-22,Emilia-Romagna,Indeed,AZ_IT_INDEED_RETARGETING_CANDIDATI,60.72,6532,120,4
2024-07-22,Emilia-Romagna,Indeed,AZ_IT_INDEED_SPONSORED_JOBS,243.24,11844,449,15
2024-07-22,Friuli-Venezia Giulia,Indeed,AZ_IT_INDEED_DISPLAY_RETE,14.09,2330,13,0
2024-07-22,Friuli-Venezia Giulia,Indeed,AZ_IT_INDEED_PPA_STAGIONALI,22.89,1158,39,1
2024-07-22,Friuli-Venezia Giulia,Indeed,AZ_IT_INDEED_RETARGETING_CANDIDATI,7.97,880,15,1
2024-07-22,Friuli-Venezia Giulia,Indeed,AZ_IT_INDEED_SPONSORED_JOBS,51.73,2458,96,5
2024-07-22,Lazio,Indeed,AZ_IT_INDEED_DISPLAY_RETE,69.96,11338,58,2
2024-07-22,Lazio,Indeed,AZ_IT_INDEED_PPA_STAGIONALI,72.42,3834,147,4
2024-07-22,Lazio,Indeed,AZ_IT_INDEED_RETARGETING_CANDIDATI,79.47,8660,172,5
2024-07-22,Lazio,Indeed,AZ_IT_INDEED_SPONSORED_JOBS,279.90,12434,473,20
2024-07-22,Liguria,Indeed,AZ_IT_INDEED_DISPLAY_RETE,14.97,2473,14,0
2024-07-22,Liguria,Indeed,AZ_IT_INDEED_PPA_STAGIONALI,17.21,875,34,1
2024-07-22,Liguria,Indeed,AZ_IT_INDEED_RETARGETING_CANDIDATI,15.31,1650,30,1
2024-07-22,Liguria,Indeed,AZ_IT_INDEED_SPONSORED_JOBS,73.32,3250,136,5
2024-07-22,Lombardia,Indeed,AZ_IT_INDEED_DISPLAY_RETE,140.22,23212,125,3
2024-07-22,Lombardia,Indeed,AZ_IT_INDEED_PPA_STAGIONALI,178.97,8713,337,11
2024-07-22,Lombardia,Indeed,AZ_IT_INDEED_RETARGETING_CANDIDATI,69.52,7646,129,5
2024-07-22,Lombardia,Indeed,AZ_IT_INDEED_SPONSORED_JOBS,520.21,22724,1014,41
2024-07-22,Marche,Indeed,AZ_IT_INDEED_DISPLAY_RETE,15.88,2556,14,1
2024-07-22,Marche,Indeed,AZ_IT_INDEED_PPA_STAGIONALI,27.88,1445,51,3
2024-07-22,Marche,Indeed,AZ_IT_INDEED_RETARGETING_CANDIDATI,10.86,1191,22,1
2024-07-22,Marche,Indeed,AZ_IT_INDEED_SPONSORED_JOBS,45.52,1992,81,9
2024-07-22,Molise,Indeed,AZ_IT_INDEED_DISPLAY_RETE,3.12,543,3,0
2024-07-22,Molise,Indeed,AZ_IT_INDEED_PPA_STAGIONALI,3.81,202,8,0
2024-07-22,Molise,Indeed,AZ_IT_INDEED_RETARGETING_CANDIDATI,3.64,431,8,0
2024-07-22,Molise,Indeed,AZ_IT_INDEED_SPONSORED_JOBS,8.69,402,15,1
2024-07-22,Piemonte,Indeed,AZ_IT_INDEED_DISPLAY_RETE,60.36,10149,56,2
2024-07-22,Piemonte,Indeed,AZ_IT_INDEED_PPA_STAGIONALI,79.15,4039,165,7
2024-07-22,Piemonte,Indeed,AZ_IT_INDEED_RETARGETING_CANDIDATI,40.39,4608,86,4
2024-07-22,Piemonte,Indeed,AZ_IT_INDEED_SPONSORED_JOBS,158.17,7564,325,19
2024-07-22,Puglia,Indeed,AZ_IT_INDEED_DISPLAY_RETE,72.34,11689,56,2
2024-07-22,Puglia,Indeed,AZ_IT_INDEED_PPA_STAGIONALI,84.03,4109,154,7
2024-07-22,Puglia,Indeed,AZ_IT_INDEED_RETARGETING_CANDIDATI,54.04,5890,112,5
2024-07-22,Puglia,Indeed,AZ_IT_INDEED_SPONSORED_JOBS,135.09,6094,249,12
2024-07-22,Sardegna,Indeed,AZ_IT_INDEED_DISPLAY_RETE,18.35,2990,15,0
2024-07-22,Sardegna,Indeed,AZ_IT_INDEED_PPA_STAGIONALI,23.49,1152,41,1
2024-07-22,Sardegna,Indeed,AZ_IT_INDEED_RETARGETING_CANDIDATI,19.54,2243,41,1
2024-07-22,Sardegna,Indeed,AZ_IT_INDEED_SPONSORED_JOBS,99.40,4444,191,7
2024-07-22,Sicilia,Indeed,AZ_IT_INDEED_DISPLAY_RETE,81.23,12795,61,1
2024-07-22,Sicilia,Indeed,AZ_IT_INDEED_PPA_STAGIONALI,93.97,4749,181,4
2024-07-22,Sicilia,Indeed,AZ_IT_INDEED_RETARGETING_CANDIDATI,41.01,4615,92,2
2024-07-22,Sicilia,Indeed,AZ_IT_INDEED_SPONSORED_JOBS,237.97,10517,430,13
2024-07-22,Toscana,Indeed,AZ_IT_INDEED_DISPLAY_RETE,48.71,8195,42,1
2024-07-22,Toscana,Indeed,AZ_IT_INDEED_PPA_STAGIONALI,36.41,1799,71,2
2024-07-22,Toscana,Indeed,AZ_IT_INDEED_RETARGETING_CANDIDATI,44.98,4795,93,3
2024-07-22,Toscana,Indeed,AZ_IT_INDEED_SPONSORED_JOBS,170.74,7710,316,17
2024-07-22,Trentino-Alto Adige,Indeed,AZ_IT_INDEED_DISPLAY_RETE,15.88,2616,12,0
2024-07-22,Trentino-Alto Adige,Indeed,AZ_IT_INDEED_PPA_STAGIONALI,19.35,999,37,1
2024-07-22,Trentino-Alto Adige,Indeed,AZ_IT_INDEED_RETARGETING_CANDIDATI,12.95,1442,25,1
2024-07-22,Trentino-Alto Adige,Indeed,AZ_IT_INDEED_SPONSORED_JOBS,67.28,2979,140,6
2024-07-22,Umbria,Indeed,AZ_IT_INDEED_DISPLAY_RETE,8.41,1338,6,0
2024-07-22,Umbria,Indeed,AZ_IT_INDEED_PPA_STAGIONALI,10.05,499,19,0
2024-07-22,Umbria,Indeed,AZ_IT_INDEED_RETARGETING_CANDIDATI,10.32,1155,20,0
2024-07-22,Umbria,Indeed,AZ_IT_INDEED_SPONSORED_JOBS,39.75,1730,66,2
2024-07-22,Valle d'Aosta,Indeed,AZ_IT_INDEED_DISPLAY_RETE,1.40,227,1,0
2024-07-22,Valle d'Aosta,Indeed,AZ_IT_INDEED_PPA_STAGIONALI,1.79,92,3,0
2024-07-22,Valle d'Aosta,Indeed,AZ_IT_INDEED_RETARGETING_CANDIDATI,0.77,85,2,0
2024-07-22,Valle d'Aosta,Indeed,AZ_IT_INDEED_SPONSORED_JOBS,5.58,255,11,0
2024-07-22,Veneto,Indeed,AZ_IT_INDEED_DISPLAY_RETE,61.23,10010,46,2
2024-07-22,Veneto,Indeed,AZ_IT_INDEED_PPA_STAGIONALI,72.55,3703,126,5
2024-07-22,Veneto,Indeed,AZ_IT_INDEED_RETARGETING_CANDIDATI,94.68,9952,179,7
2024-07-22,Veneto,Indeed,AZ_IT_INDEED_SPONSORED_JOBS,233.25,10346,447,22
2024-07-29,Abruzzo,Indeed,AZ_IT_INDEED_DISPLAY_RETE,16.37,2658,15,0
2024-07-29,Abruzzo,Indeed,AZ_IT_INDEED_PPA_STAGIONALI,26.99,1293,48,1
2024-07-29,Abruzzo,Indeed,AZ_IT_INDEED_RETARGETING_CANDIDATI,12.41,1291,22,1
2024-07-29,Abruzzo,Indeed,AZ_IT_INDEED_SPONSORED_JOBS,77.87,3484,154,5
2024-07-29,Basilicata,Indeed,AZ_IT_INDEED_DISPLAY_RETE,4.59,823,4,0
2024-07-29,Basilicata,Indeed,AZ_IT_INDEED_PPA_STAGIONALI,6.05,302,12,0
2024-07-29,Basilicata,Indeed,AZ_IT_INDEED_RETARGETING_CANDIDATI,4.91,557,9,0
2024-07-29,Basilicata,Indeed,AZ_IT_INDEED_SPONSORED_JOBS,29.48,1341,51,1
2024-07-29,Calabria,Indeed,AZ_IT_INDEED_DISPLAY_RETE,31.52,5409,28,1
2024-07-29,Calabria,Indeed,AZ_IT_INDEED_PPA_STAGIONALI,26.30,1356,50,1
2024-07-29,Calabria,Indeed,AZ_IT_INDEED_RETARGETING_CANDIDATI,25.14,2800,50,1
2024-07-29,Calabria,Indeed,AZ_IT_INDEED_SPONSORED_JOBS,186.54,7952,336,8
2024-07-29,Campania,Indeed,AZ_IT_INDEED_DISPLAY_RETE,73.84,11832,58,1
2024-07-29,Campania,Indeed,AZ_IT_INDEED_PPA_STAGIONALI,118.80,5915,257,5
2024-07-29,Campania,Indeed,AZ_IT_INDEED_RETARGETING_CANDIDATI,25.07,2728,47,1
2024-07-29,Campania,Indeed,AZ_IT_INDEED_SPONSORED_JOBS,218.46,9473,377,13
2024-07-29,Emilia-Romagna,Indeed,AZ_IT_INDEED_DISPLAY_RETE,51.30,8707,40,1
2024-07-29,Emilia-Romagna,Indeed,AZ_IT_INDEED_PPA_STAGIONALI,88.02,4446,147,4
2024-07-29,Emilia-Romagna,Indeed,AZ_IT_INDEED_RETARGETING_CANDIDATI,52.27,5993,108,2
2024-07-29,Emilia-Romagna,Indeed,AZ_IT_INDEED_SPONSORED_JOBS,259.67,11849,485,17
2024-07-29,Friuli-Venezia Giulia,Indeed,AZ_IT_INDEED_DISPLAY_RETE,14.64,2426,12,0
2024-07-29,Friuli-Venezia Giulia,Indeed,AZ_IT_INDEED_PPA_STAGIONALI,29.08,1462,57,2
2024-07-29,Friuli-Venezia Giulia,Indeed,AZ_IT_INDEED_RETARGETING_CANDIDATI,7.77,864,13,0
2024-07-29,Friuli-Venezia Giulia,Indeed,AZ_IT_INDEED_SPONSORED_JOBS,57.31,2514,100,5
2024-07-29,Lazio,Indeed,AZ_IT_INDEED_DISPLAY_RETE,79.94,13396,73,1
2024-07-29,Lazio,Indeed,AZ_IT_INDEED_PPA_STAGIONALI,69.05,3366,133,3
2024-07-29,Lazio,Indeed,AZ_IT_INDEED_RETARGETING_CANDIDATI,67.13,7193,139,4
2024-07-29,Lazio,Indeed,AZ_IT_INDEED_SPONSORED_JOBS,330.37,15039,596,20
2024-07-29,Liguria,Indeed,AZ_IT_INDEED_DISPLAY_RETE,18.55,3057,16,0
2024-07-29,Liguria,Indeed,AZ_IT_INDEED_PPA_STAGIONALI,14.88,783,27,1
2024-07-29,Liguria,Indeed,AZ_IT_INDEED_RETARGETING_CANDIDATI,11.84,1322,23,1
2024-07-29,Liguria,Indeed,AZ_IT_INDEED_SPONSORED_JOBS,74.16,3297,150,6
2024-07-29,Lombardia,Indeed,AZ_IT_INDEED_DISPLAY_RETE,143.06,24302,123,3
2024-07-29,Lombardia,Indeed,AZ_IT_INDEED_PPA_STAGIONALI,169.49,8283,314,12
2024-07-29,Lombardia,Indeed,AZ_IT_INDEED_RETARGETING_CANDIDATI,70.56,8043,148,5
2024-07-29,Lombardia,Indeed,AZ_IT_INDEED_SPONSORED_JOBS,560.05,25670,1131,56
2024-07-29,Marche,Indeed,AZ_IT_INDEED_DISPLAY_RETE,17.15,2974,17,1
2024-07-29,Marche,Indeed,AZ_IT_INDEED_PPA_STAGIONALI,27.82,1352,43,4
2024-07-29,Marche,Indeed,AZ_IT_INDEED_RETARGETING_CANDIDATI,9.10,945,14,1
2024-07-29,Marche,Indeed,AZ_IT_INDEED_SPONSORED_JOBS,46.86,2028,75,8
2024-07-29,Molise,Indeed,AZ_IT_INDEED_DISPLAY_RETE,3.29,550,3,0
2024-07-29,Molise,Indeed,AZ_IT_INDEED_PPA_STAGIONALI,3.81,197,7,0
2024-07-29,Molise,Indeed,AZ_IT_INDEED_RETARGETING_CANDIDATI,3.77,432,8,0
2024-07-29,Molise,Indeed,AZ_IT_INDEED_SPONSORED_JOBS,9.43,418,17,1
2024-07-29,Piemonte,Indeed,AZ_IT_INDEED_DISPLAY_RETE,71.71,11613,58,2
2024-07-29,Piemonte,Indeed,AZ_IT_INDEED_PPA_STAGIONALI,66.87,3289,121,5
2024-07-29,Piemonte,Indeed,AZ_IT_INDEED_RETARGETING_CANDIDATI,37.19,4274,76,4
2024-07-29,Piemonte,Indeed,AZ_IT_INDEED_SPONSORED_JOBS,172.75,8230,336,21
2024-07-29,Puglia,Indeed,AZ_IT_INDEED_DISPLAY_RETE,81.69,13635,72,2
2024-07-29,Puglia,Indeed,AZ_IT_INDEED_PPA_STAGIONALI,85.35,4277,167,5
2024-07-29,Puglia,Indeed,AZ_IT_INDEED_RETARGETING_CANDIDATI,50.06,5655,101,4
2024-07-29,Puglia,Indeed,AZ_IT_INDEED_SPONSORED_JOBS,158.49,7284,328,16
2024-07-29,Sardegna,Indeed,AZ_IT_INDEED_DISPLAY_RETE,18.18,3103,15,0
2024-07-29,Sardegna,Indeed,AZ_IT_INDEED_PPA_STAGIONALI,22.65,1147,45,1
2024-07-29,Sardegna,Indeed,AZ_IT_INDEED_RETARGETING_CANDIDATI,20.56,2280,42,1
2024-07-29,Sardegna,Indeed,AZ_IT_INDEED_SPONSORED_JOBS,97.23,4543,172,6
2024-07-29,Sicilia,Indeed,AZ_IT_INDEED_DISPLAY_RETE,84.30,14435,65,1
2024-07-29,Sicilia,Indeed,AZ_IT_INDEED_PPA_STAGIONALI,100.54,5181,194,4
2024-07-29,Sicilia,Indeed,AZ_IT_INDEED_RETARGETING_CANDIDATI,34.31,3842,66,1
2024-07-29,Sicilia,Indeed,AZ_IT_INDEED_SPONSORED_JOBS,250.54,11391,446,14
2024-07-29,Toscana,Indeed,AZ_IT_INDEED_DISPLAY_RETE,57.54,9510,55,1
2024-07-29,Toscana,Indeed,AZ_IT_INDEED_PPA_STAGIONALI,45.46,2130,74,2
2024-07-29,Toscana,Indeed,AZ_IT_INDEED_RETARGETING_CANDIDATI,39.36,4250,79,3
2024-07-29,Toscana,Indeed,AZ_IT_INDEED_SPONSORED_JOBS,184.98,8087,315,18
2024-07-29,Trentino-Alto Adige,Indeed,AZ_IT_INDEED_DISPLAY_RETE,19.90,3173,17,0
2024-07-29,Trentino-Alto Adige,Indeed,AZ_IT_INDEED_PPA_STAGIONALI,21.14,1053,36,1
2024-07-29,Trentino-Alto Adige,Indeed,AZ_IT_INDEED_RETARGETING_CANDIDATI,13.05,1412,21,1
2024-07-29,Trentino-Alto Adige,Indeed,AZ_IT_INDEED_SPONSORED_JOBS,78.78,3501,124,7
2024-07-29,Umbria,Indeed,AZ_IT_INDEED_DISPLAY_RETE,8.45,1457,6,0
2024-07-29,Umbria,Indeed,AZ_IT_INDEED_PPA_STAGIONALI,10.16,503,18,0
2024-07-29,Umbria,Indeed,AZ_IT_INDEED_RETARGETING_CANDIDATI,10.09,1170,21,0
2024-07-29,Umbria,Indeed,AZ_IT_INDEED_SPONSORED_JOBS,44.38,1978,70,3
2024-07-29,Valle d'Aosta,Indeed,AZ_IT_INDEED_DISPLAY_RETE,1.72,285,2,0
2024-07-29,Valle d'Aosta,Indeed,AZ_IT_INDEED_PPA_STAGIONALI,1.91,95,4,0
2024-07-29,Valle d'Aosta,Indeed,AZ_IT_INDEED_RETARGETING_CANDIDATI,0.70,77,1,0
2024-07-29,Valle d'Aosta,Indeed,AZ_IT_INDEED_SPONSORED_JOBS,7.23,322,13,1
2024-07-29,Veneto,Indeed,AZ_IT_INDEED_DISPLAY_RETE,70.72,11930,65,2
2024-07-29,Veneto,Indeed,AZ_IT_INDEED_PPA_STAGIONALI,79.69,4077,158,6
2024-07-29,Veneto,Indeed,AZ_IT_INDEED_RETARGETING_CANDIDATI,72.69,7979,159,6
2024-07-29,Veneto,Indeed,AZ_IT_INDEED_SPONSORED_JOBS,237.83,11235,437,26
2024-08-05,Abruzzo,Indeed,AZ_IT_INDEED_DISPLAY_RETE,15.14,2672,14,0
2024-08-05,Abruzzo,Indeed,AZ_IT_INDEED_PPA_STAGIONALI,20.68,1080,35,1
2024-08-05,Abruzzo,Indeed,AZ_IT_INDEED_RETARGETING_CANDIDATI,10.97,1245,23,1
2024-08-05,Abruzzo,Indeed,AZ_IT_INDEED_SPONSORED_JOBS,66.14,2986,124,6
2024-08-05,Basilicata,Indeed,AZ_IT_INDEED_DISPLAY_RETE,3.19,541,3,0
2024-08-05,Basilicata,Indeed,AZ_IT_INDEED_PPA_STAGIONALI,3.80,191,8,0
2024-08-05,Basilicata,Indeed,AZ_IT_INDEED_RETARGETING_CANDIDATI,4.39,459,7,0
2024-08-05,Basilicata,Indeed,AZ_IT_INDEED_SPONSORED_JOBS,28.16,1226,45,1
2024-08-05,Calabria,Indeed,AZ_IT_INDEED_DISPLAY_RETE,25.81,4389,23,0
2024-08-05,Calabria,Indeed,AZ_IT_INDEED_PPA_STAGIONALI,22.87,1117,43,1
2024-08-05,Calabria,Indeed,AZ_IT_INDEED_RETARGETING_CANDIDATI,21.85,2385,42,1
2024-08-05,Calabria,Indeed,AZ_IT_INDEED_SPONSORED_JOBS,151.38,6740,254,12
2024-08-05,Campania,Indeed,AZ_IT_INDEED_DISPLAY_RETE,58.15,9647,46,1
2024-08-05,Campania,Indeed,AZ_IT_INDEED_PPA_STAGIONALI,88.02,4432,163,4
2024-08-05,Campania,Indeed,AZ_IT_INDEED_RETARGETING_CANDIDATI,25.83,2828,49,1
2024-08-05,Campania,Indeed,AZ_IT_INDEED_SPONSORED_JOBS,169.83,7813,311,13
2024-08-05,Emilia-Romagna,Indeed,AZ_IT_INDEED_DISPLAY_RETE,36.27,6176,32,1
2024-08-05,Emilia-Romagna,Indeed,AZ_IT_INDEED_PPA_STAGIONALI,67.13,3415,123,3
2024-08-05,Emilia-Romagna,Indeed,AZ_IT_INDEED_RETARGETING_CANDIDATI,52.75,5866,105,3
2024-08-05,Emilia-Romagna,Indeed,AZ_IT_INDEED_SPONSORED_JOBS,254.91,11060,406,13
2024-08-05,Friuli-Venezia Giulia,Indeed,AZ_IT_INDEED_DISPLAY_RETE,11.91,1857,10,0
2024-08-05,Friuli-Venezia Giulia,Indeed,AZ_IT_INDEED_PPA_STAGIONALI,18.66,941,35,1
2024-08-05,Friuli-Venezia Giulia,Indeed,AZ_IT_INDEED_RETARGETING_CANDIDATI,7.13,806,14,0
2024-08-05,Friuli-Venezia Giulia,Indeed,AZ_IT_INDEED_SPONSORED_JOBS,57.64,2706,109,5
2024-08-05,Lazio,Indeed,AZ_IT_INDEED_DISPLAY_RETE,57.31,8905,49,1
2024-08-05,Lazio,Indeed,AZ_IT_INDEED_PPA_STAGIONALI,64.80,3343,138,4
2024-08-05,Lazio,Indeed,AZ_IT_INDEED_RETARGETING_CANDIDATI,61.69,6837,124,4
2024-08-05,Lazio,Indeed,AZ_IT_INDEED_SPONSORED_JOBS,273.32,12965,520,23
2024-08-05,Liguria,Indeed,AZ_IT_INDEED_DISPLAY_RETE,13.32,2233,10,0
2024-08-05,Liguria,Indeed,AZ_IT_INDEED_PPA_STAGIONALI,11.60,568,23,1
2024-08-05,Liguria,Indeed,AZ_IT_INDEED_RETARGETING_CANDIDATI,11.54,1283,22,1
2024-08-05,Liguria,Indeed,AZ_IT_INDEED_SPONSORED_JOBS,77.88,3450,137,5
2024-08-05,Lombardia,Indeed,AZ_IT_INDEED_DISPLAY_RETE,114.25,18154,100,3
2024-08-05,Lombardia,Indeed,AZ_IT_INDEED_PPA_STAGIONALI,124.84,6126,231,8
2024-08-05,Lombardia,Indeed,AZ_IT_INDEED_RETARGETING_CANDIDATI,67.37,7157,143,4
2024-08-05,Lombardia,Indeed,AZ_IT_INDEED_SPONSORED_JOBS,540.02,24933,924,47
2024-08-05,Marche,Indeed,AZ_IT_INDEED_DISPLAY_RETE,12.24,2144,10,1
2024-08-05,Marche,Indeed,AZ_IT_INDEED_PPA_STAGIONALI,21.79,1095,45,3
2024-08-05,Marche,Indeed,AZ_IT_INDEED_RETARGETING_CANDIDATI,8.42,861,15,1
2024-08-05,Marche,Indeed,AZ_IT_INDEED_SPONSORED_JOBS,51.13,2390,106,8
2024-08-05,Molise,Indeed,AZ_IT_INDEED_DISPLAY_RETE,3.09,531,3,0
2024-08-05,Molise,Indeed,AZ_IT_INDEED_PPA_STAGIONALI,3.42,177,7,0
2024-08-05,Molise,Indeed,AZ_IT_INDEED_RETARGETING_CANDIDATI,3.26,359,7,0
2024-08-05,Molise,Indeed,AZ_IT_INDEED_SPONSORED_JOBS,10.74,473,18,1
2024-08-05,Piemonte,Indeed,AZ_IT_INDEED_DISPLAY_RETE,49.60,8675,44,2
2024-08-05,Piemonte,Indeed,AZ_IT_INDEED_PPA_STAGIONALI,56.77,2986,112,5
2024-08-05,Piemonte,Indeed,AZ_IT_INDEED_RETARGETING_CANDIDATI,38.46,4160,68,4
2024-08-05,Piemonte,Indeed,AZ_IT_INDEED_SPONSORED_JOBS,184.23,8268,335,23
2024-08-05,Puglia,Indeed,AZ_IT_INDEED_DISPLAY_RETE,60.53,9977,57,2
2024-08-05,Puglia,Indeed,AZ_IT_INDEED_PPA_STAGIONALI,74.81,3801,156,5
2024-08-05,Puglia,Indeed,AZ_IT_INDEED_RETARGETING_CANDIDATI,43.79,4825,84,3
2024-08-05,Puglia,Indeed,AZ_IT_INDEED_SPONSORED_JOBS,146.92,6623,268,13
2024-08-05,Sardegna,Indeed,AZ_IT_INDEED_DISPLAY_RETE,15.27,2569,12,0
2024-08-05,Sardegna,Indeed,AZ_IT_INDEED_PPA_STAGIONALI,18.48,933,39,1
2024-08-05,Sardegna,Indeed,AZ_IT_INDEED_RETARGETING_CANDIDATI,15.55,1750,33,1
2024-08-05,Sardegna,Indeed,AZ_IT_INDEED_SPONSORED_JOBS,89.59,4117,169,6
2024-08-05,Sicilia,Indeed,AZ_IT_INDEED_DISPLAY_RETE,69.93,11628,57,1
2024-08-05,Sicilia,Indeed,AZ_IT_INDEED_PPA_STAGIONALI,91.06,4424,182,4
2024-08-05,Sicilia,Indeed,AZ_IT_INDEED_RETARGETING_CANDIDATI,34.66,3698,60,2
2024-08-05,Sicilia,Indeed,AZ_IT_INDEED_SPONSORED_JOBS,219.36,10406,385,12
2024-08-05,Toscana,Indeed,AZ_IT_INDEED_DISPLAY_RETE,45.51,7513,40,1
2024-08-05,Toscana,Indeed,AZ_IT_INDEED_PPA_STAGIONALI,33.51,1712,68,2
2024-08-05,Toscana,Indeed,AZ_IT_INDEED_RETARGETING_CANDIDATI,35.79,4141,81,2
2024-08-05,Toscana,Indeed,AZ_IT_INDEED_SPONSORED_JOBS,178.03,8027,335,19
2024-08-05,Trentino-Alto Adige,Indeed,AZ_IT_INDEED_DISPLAY_RETE,15.02,2428,12,0
2024-08-05,Trentino-Alto Adige,Indeed,AZ_IT_INDEED_PPA_STAGIONALI,19.99,966,38,1
2024-08-05,Trentino-Alto Adige,Indeed,AZ_IT_INDEED_RETARGETING_CANDIDATI,13.05,1475,27,1
2024-08-05,Trentino-Alto Adige,Indeed,AZ_IT_INDEED_SPONSORED_JOBS,70.53,3058,119,7
2024-08-05,Umbria,Indeed,AZ_IT_INDEED_DISPLAY_RETE,7.56,1249,6,0
2024-08-05,Umbria,Indeed,AZ_IT_INDEED_PPA_STAGIONALI,9.54,493,18,0
2024-08-05,Umbria,Indeed,AZ_IT_INDEED_RETARGETING_CANDIDATI,7.72,854,16,0
2024-08-05,Umbria,Indeed,AZ_IT_INDEED_SPONSORED_JOBS,36.94,1589,68,2
2024-08-05,Valle d'Aosta,Indeed,AZ_IT_INDEED_DISPLAY_RETE,1.28,208,1,0
2024-08-05,Valle d'Aosta,Indeed,AZ_IT_INDEED_PPA_STAGIONALI,1.53,77,3,0
2024-08-05,Valle d'Aosta,Indeed,AZ_IT_INDEED_RETARGETING_CANDIDATI,0.62,70,1,0
2024-08-05,Valle d'Aosta,Indeed,AZ_IT_INDEED_SPONSORED_JOBS,7.17,318,14,1
2024-08-05,Veneto,Indeed,AZ_IT_INDEED_DISPLAY_RETE,51.77,8755,40,1
2024-08-05,Veneto,Indeed,AZ_IT_INDEED_PPA_STAGIONALI,54.65,2744,106,4
2024-08-05,Veneto,Indeed,AZ_IT_INDEED_RETARGETING_CANDIDATI,71.31,7781,136,5
2024-08-05,Veneto,Indeed,AZ_IT_INDEED_SPONSORED_JOBS,231.33,10420,428,23
2024-08-12,Abruzzo,Indeed,AZ_IT_INDEED_DISPLAY_RETE,16.51,2705,13,0
2024-08-12,Abruzzo,Indeed,AZ_IT_INDEED_PPA_STAGIONALI,17.86,928,35,1
2024-08-12,Abruzzo,Indeed,AZ_IT_INDEED_RETARGETING_CANDIDATI,11.35,1238,21,1
2024-08-12,Abruzzo,Indeed,AZ_IT_INDEED_SPONSORED_JOBS,57.67,2714,107,5
2024-08-12,Basilicata,Indeed,AZ_IT_INDEED_DISPLAY_RETE,3.40,589,4,0
2024-08-12,Basilicata,Indeed,AZ_IT_INDEED_PPA_STAGIONALI,3.68,185,7,0
2024-08-12,Basilicata,Indeed,AZ_IT_INDEED_RETARGETING_CANDIDATI,4.94,517,9,0
2024-08-12,Basilicata,Indeed,AZ_IT_INDEED_SPONSORED_JOBS,24.25,1044,48,1
2024-08-12,Calabria,Indeed,AZ_IT_INDEED_DISPLAY_RETE,15.97,2596,12,0
2024-08-12,Calabria,Indeed,AZ_IT_INDEED_PPA_STAGIONALI,18.26,903,31,1
2024-08-12,Calabria,Indeed,AZ_IT_INDEED_RETARGETING_CANDIDATI,19.79,2040,36,1
2024-08-12,Calabria,Indeed,AZ_IT_INDEED_SPONSORED_JOBS,96.60,4364,184,9
2024-08-12,Campania,Indeed,AZ_IT_INDEED_DISPLAY_RETE,53.73,8885,46,1
2024-08-12,Campania,Indeed,AZ_IT_INDEED_PPA_STAGIONALI,75.81,3823,153,4
2024-08-12,Campania,Indeed,AZ_IT_INDEED_RETARGETING_CANDIDATI,29.48,3267,54,2
2024-08-12,Campania,Indeed,AZ_IT_INDEED_SPONSORED_JOBS,159.57,7571,293,13
2024-08-12,Emilia-Romagna,Indeed,AZ_IT_INDEED_DISPLAY_RETE,28.43,4791,24,1
2024-08-12,Emilia-Romagna,Indeed,AZ_IT_INDEED_PPA_STAGIONALI,51.11,2491,93,3
2024-08-12,Emilia-Romagna,Indeed,AZ_IT_INDEED_RETARGETING_CANDIDATI,41.89,4416,82,2
2024-08-12,Emilia-Romagna,Indeed,AZ_IT_INDEED_SPONSORED_JOBS,182.94,8410,317,13
2024-08-12,Friuli-Venezia Giulia,Indeed,AZ_IT_INDEED_DISPLAY_RETE,14.01,2330,10,0
2024-08-12,Friuli-Venezia Giulia,Indeed,AZ_IT_INDEED_PPA_STAGIONALI,17.60,886,31,1
2024-08-12,Friuli-Venezia Giulia,Indeed,AZ_IT_INDEED_RETARGETING_CANDIDATI,7.54,855,15,0
2024-08-12,Friuli-Venezia Giulia,Indeed,AZ_IT_INDEED_SPONSORED_JOBS,57.62,2520,106,5
2024-08-12,Lazio,Indeed,AZ_IT_INDEED_DISPLAY_RETE,56.54,9257,44,1
2024-08-12,Lazio,Indeed,AZ_IT_INDEED_PPA_STAGIONALI,54.10,2692,97,3
2024-08-12,Lazio,Indeed,AZ_IT_INDEED_RETARGETING_CANDIDATI,62.87,6932,123,4
2024-08-12,Lazio,Indeed,AZ_IT_INDEED_SPONSORED_JOBS,250.25,11426,457,16
2024-08-12,Liguria,Indeed,AZ_IT_INDEED_DISPLAY_RETE,11.48,1957,9,0
2024-08-12,Liguria,Indeed,AZ_IT_INDEED_PPA_STAGIONALI,10.46,512,18,1
2024-08-12,Liguria,Indeed,AZ_IT_INDEED_RETARGETING_CANDIDATI,13.63,1489,26,1
2024-08-12,Liguria,Indeed,AZ_IT_INDEED_SPONSORED_JOBS,60.79,2756,104,4
2024-08-12,Lombardia,Indeed,AZ_IT_INDEED_DISPLAY_RETE,123.52,20382,110,3
2024-08-12,Lombardia,Indeed,AZ_IT_INDEED_PPA_STAGIONALI,115.01,6165,229,8
2024-08-12,Lombardia,Indeed,AZ_IT_INDEED_RETARGETING_CANDIDATI,76.54,8318,158,6
2024-08-12,Lombardia,Indeed,AZ_IT_INDEED_SPONSORED_JOBS,479.96,22610,932,53
2024-08-12,Marche,Indeed,AZ_IT_INDEED_DISPLAY_RETE,15.56,2679,13,1
2024-08-12,Marche,Indeed,AZ_IT_INDEED_PPA_STAGIONALI,15.14,753,29,2
2024-08-12,Marche,Indeed,AZ_IT_INDEED_RETARGETING_CANDIDATI,9.08,945,17,1
2024-08-12,Marche,Indeed,AZ_IT_INDEED_SPONSORED_JOBS,43.05,1997,75,8
2024-08-12,Molise,Indeed,AZ_IT_INDEED_DISPLAY_RETE,2.62,436,2,0
2024-08-12,Molise,Indeed,AZ_IT_INDEED_PPA_STAGIONALI,2.89,142,6,0
2024-08-12,Molise,Indeed,AZ_IT_INDEED_RETARGETING_CANDIDATI,3.83,432,8,0
2024-08-12,Molise,Indeed,AZ_IT_INDEED_SPONSORED_JOBS,8.45,387,16,1
2024-08-12,Piemonte,Indeed,AZ_IT_INDEED_DISPLAY_RETE,58.68,9960,48,2
2024-08-12,Piemonte,Indeed,AZ_IT_INDEED_PPA_STAGIONALI,43.65,2072,69,4
2024-08-12,Piemonte,Indeed,AZ_IT_INDEED_RETARGETING_CANDIDATI,47.16,5322,95,5
2024-08-12,Piemonte,Indeed,AZ_IT_INDEED_SPONSORED_JOBS,158.93,7335,306,22
2024-08-12,Puglia,Indeed,AZ_IT_INDEED_DISPLAY_RETE,42.56,7186,38,1
2024-08-12,Puglia,Indeed,AZ_IT_INDEED_PPA_STAGIONALI,54.76,2677,103,4
2024-08-12,Puglia,Indeed,AZ_IT_INDEED_RETARGETING_CANDIDATI,38.01,4066,76,4
2024-08-12,Puglia,Indeed,AZ_IT_INDEED_SPONSORED_JOBS,92.14,4187,161,10
2024-08-12,Sardegna,Indeed,AZ_IT_INDEED_DISPLAY_RETE,9.89,1566,8,0
2024-08-12,Sardegna,Indeed,AZ_IT_INDEED_PPA_STAGIONALI,11.89,608,21,1
2024-08-12,Sardegna,Indeed,AZ_IT_INDEED_RETARGETING_CANDIDATI,11.93,1345,28,1
2024-08-12,Sardegna,Indeed,AZ_IT_INDEED_SPONSORED_JOBS,68.07,3018,127,5
2024-08-12,Sicilia,Indeed,AZ_IT_INDEED_DISPLAY_RETE,46.76,8225,42,1
2024-08-12,Sicilia,Indeed,AZ_IT_INDEED_PPA_STAGIONALI,60.73,2896,107,3
2024-08-12,Sicilia,Indeed,AZ_IT_INDEED_RETARGETING_CANDIDATI,27.40,2922,57,2
2024-08-12,Sicilia,Indeed,AZ_IT_INDEED_SPONSORED_JOBS,161.22,7476,290,11
2024-08-12,Toscana,Indeed,AZ_IT_INDEED_DISPLAY_RETE,43.97,6988,37,1
2024-08-12,Toscana,Indeed,AZ_IT_INDEED_PPA_STAGIONALI,31.62,1527,60,2
2024-08-12,Toscana,Indeed,AZ_IT_INDEED_RETARGETING_CANDIDATI,40.48,4284,72,3
2024-08-12,Toscana,Indeed,AZ_IT_INDEED_SPONSORED_JOBS,175.92,7822,320,13
2024-08-12,Trentino-Alto Adige,Indeed,AZ_IT_INDEED_DISPLAY_RETE,10.54,1812,9,0
2024-08-12,Trentino-Alto Adige,Indeed,AZ_IT_INDEED_PPA_STAGIONALI,10.81,556,21,1
2024-08-12,Trentino-Alto Adige,Indeed,AZ_IT_INDEED_RETARGETING_CANDIDATI,11.18,1290,25,1
2024-08-12,Trentino-Alto Adige,Indeed,AZ_IT_INDEED_SPONSORED_JOBS,49.76,2283,83,6
2024-08-12,Umbria,Indeed,AZ_IT_INDEED_DISPLAY_RETE,6.87,1131,6,0
2024-08-12,Umbria,Indeed,AZ_IT_INDEED_PPA_STAGIONALI,7.17,354,12,0
2024-08-12,Umbria,Indeed,AZ_IT_INDEED_RETARGETING_CANDIDATI,10.14,1066,20,0
2024-08-12,Umbria,Indeed,AZ_IT_INDEED_SPONSORED_JOBS,30.73,1424,59,2
2024-08-12,Valle d'Aosta,Indeed,AZ_IT_INDEED_DISPLAY_RETE,1.19,198,1,0
2024-08-12,Valle d'Aosta,Indeed,AZ_IT_INDEED_PPA_STAGIONALI,1.53,75,3,0
2024-08-12,Valle d'Aosta,Indeed,AZ_IT_INDEED_RETARGETING_CANDIDATI,0.82,86,2,0
2024-08-12,Valle d'Aosta,Indeed,AZ_IT_INDEED_SPONSORED_JOBS,4.65,203,9,0
2024-08-12,Veneto,Indeed,AZ_IT_INDEED_DISPLAY_RETE,44.68,7307,34,1
2024-08-12,Veneto,Indeed,AZ_IT_INDEED_PPA_STAGIONALI,50.30,2521,106,4
2024-08-12,Veneto,Indeed,AZ_IT_INDEED_RETARGETING_CANDIDATI,80.86,8755,167,7
2024-08-12,Veneto,Indeed,AZ_IT_INDEED_SPONSORED_JOBS,180.24,8124,298,21
2024-08-19,Abruzzo,Indeed,AZ_IT_INDEED_DISPLAY_RETE,19.88,3410,16,0
2024-08-19,Abruzzo,Indeed,AZ_IT_INDEED_PPA_STAGIONALI,21.42,1110,45,1
2024-08-19,Abruzzo,Indeed,AZ_IT_INDEED_RETARGETING_CANDIDATI,11.66,1315,25,1
2024-08-19,Abruzzo,Indeed,AZ_IT_INDEED_SPONSORED_JOBS,66.56,3162,136,5
2024-08-19,Basilicata,Indeed,AZ_IT_INDEED_DISPLAY_RETE,4.09,666,3,0
2024-08-19,Basilicata,Indeed,AZ_IT_INDEED_PPA_STAGIONALI,5.16,250,11,0
2024-08-19,Basilicata,Indeed,AZ_IT_INDEED_RETARGETING_CANDIDATI,5.74,630,12,0
2024-08-19,Basilicata,Indeed,AZ_IT_INDEED_SPONSORED_JOBS,29.25,1380,54,1
2024-08-19,Calabria,Indeed,AZ_IT_INDEED_DISPLAY_RETE,21.27,3426,18,0
2024-08-19,Calabria,Indeed,AZ_IT_INDEED_PPA_STAGIONALI,23.49,1243,47,1
2024-08-19,Calabria,Indeed,AZ_IT_INDEED_RETARGETING_CANDIDATI,22.59,2587,45,2
2024-08-19,Calabria,Indeed,AZ_IT_INDEED_SPONSORED_JOBS,111.68,5133,223,9
2024-08-19,Campania,Indeed,AZ_IT_INDEED_DISPLAY_RETE,69.86,12115,61,1
2024-08-19,Campania,Indeed,AZ_IT_INDEED_PPA_STAGIONALI,102.69,5148,186,6
2024-08-19,Campania,Indeed,AZ_IT_INDEED_RETARGETING_CANDIDATI,46.51,5354,91,2
2024-08-19,Campania,Indeed,AZ_IT_INDEED_SPONSORED_JOBS,156.74,7074,325,12
2024-08-19,Emilia-Romagna,Indeed,AZ_IT_INDEED_DISPLAY_RETE,35.46,6154,34,1
2024-08-19,Emilia-Romagna,Indeed,AZ_IT_INDEED_PPA_STAGIONALI,74.04,3696,136,3
2024-08-19,Emilia-Romagna,Indeed,AZ_IT_INDEED_RETARGETING_CANDIDATI,49.70,5508,105,2
2024-08-19,Emilia-Romagna,Indeed,AZ_IT_INDEED_SPONSORED_JOBS,208.74,9394,387,15
2024-08-19,Friuli-Venezia Giulia,Indeed,AZ_IT_INDEED_DISPLAY_RETE,15.19,2523,13,0
2024-08-19,Friuli-Venezia Giulia,Indeed,AZ_IT_INDEED_PPA_STAGIONALI,28.98,1477,57,2
2024-08-19,Friuli-Venezia Giulia,Indeed,AZ_IT_INDEED_RETARGETING_CANDIDATI,8.55,936,17,1
2024-08-19,Friuli-Venezia Giulia,Indeed,AZ_IT_INDEED_SPONSORED_JOBS,46.26,2057,87,4
2024-08-19,Lazio,Indeed,AZ_IT_INDEED_DISPLAY_RETE,59.92,9630,46,1
2024-08-19,Lazio,Indeed,AZ_IT_INDEED_PPA_STAGIONALI,71.12,3325,124,5
2024-08-19,Lazio,Indeed,AZ_IT_INDEED_RETARGETING_CANDIDATI,98.88,11274,199,5
2024-08-19,Lazio,Indeed,AZ_IT_INDEED_SPONSORED_JOBS,265.62,12026,505,20
2024-08-19,Liguria,Indeed,AZ_IT_INDEED_DISPLAY_RETE,15.53,2552,13,0
2024-08-19,Liguria,Indeed,AZ_IT_INDEED_PPA_STAGIONALI,12.73,642,26,1
2024-08-19,Liguria,Indeed,AZ_IT_INDEED_RETARGETING_CANDIDATI,16.86,1935,35,1
2024-08-19,Liguria,Indeed,AZ_IT_INDEED_SPONSORED_JOBS,66.50,3134,137,6
2024-08-19,Lombardia,Indeed,AZ_IT_INDEED_DISPLAY_RETE,147.62,24293,130,4
2024-08-19,Lombardia,Indeed,AZ_IT_INDEED_PPA_STAGIONALI,158.97,7993,315,11
2024-08-19,Lombardia,Indeed,AZ_IT_INDEED_RETARGETING_CANDIDATI,101.96,10904,191,8
2024-08-19,Lombardia,Indeed,AZ_IT_INDEED_SPONSORED_JOBS,461.20,20529,828,44
2024-08-19,Marche,Indeed,AZ_IT_INDEED_DISPLAY_RETE,18.82,3230,17,1
2024-08-19,Marche,Indeed,AZ_IT_INDEED_PPA_STAGIONALI,23.05,1216,42,3
2024-08-19,Marche,Indeed,AZ_IT_INDEED_RETARGETING_CANDIDATI,13.06,1493,25,2
2024-08-19,Marche,Indeed,AZ_IT_INDEED_SPONSORED_JOBS,48.94,2135,92,9
2024-08-19,Molise,Indeed,AZ_IT_INDEED_DISPLAY_RETE,3.04,531,3,0
2024-08-19,Molise,Indeed,AZ_IT_INDEED_PPA_STAGIONALI,3.92,210,8,0
2024-08-19,Molise,Indeed,AZ_IT_INDEED_RETARGETING_CANDIDATI,5.00,547,11,0
2024-08-19,Molise,Indeed,AZ_IT_INDEED_SPONSORED_JOBS,10.06,470,18,1
2024-08-19,Piemonte,Indeed,AZ_IT_INDEED_DISPLAY_RETE,64.67,10964,52,2
2024-08-19,Piemonte,Indeed,AZ_IT_INDEED_PPA_STAGIONALI,65.20,3278,126,5
2024-08-19,Piemonte,Indeed,AZ_IT_INDEED_RETARGETING_CANDIDATI,49.69,5502,100,5
2024-08-19,Piemonte,Indeed,AZ_IT_INDEED_SPONSORED_JOBS,173.85,7801,345,21
2024-08-19,Puglia,Indeed,AZ_IT_INDEED_DISPLAY_RETE,47.76,7917,40,1
2024-08-19,Puglia,Indeed,AZ_IT_INDEED_PPA_STAGIONALI,83.01,4165,176,7
2024-08-19,Puglia,Indeed,AZ_IT_INDEED_RETARGETING_CANDIDATI,45.67,5219,82,4
2024-08-19,Puglia,Indeed,AZ_IT_INDEED_SPONSORED_JOBS,107.16,4718,179,11
2024-08-19,Sardegna,Indeed,AZ_IT_INDEED_DISPLAY_RETE,11.73,1890,9,0
2024-08-19,Sardegna,Indeed,AZ_IT_INDEED_PPA_STAGIONALI,15.53,773,31,1
2024-08-19,Sardegna,Indeed,AZ_IT_INDEED_RETARGETING_CANDIDATI,19.31,2094,40,1
2024-08-19,Sardegna,Indeed,AZ_IT_INDEED_SPONSORED_JOBS,53.32,2421,96,5
2024-08-19,Sicilia,Indeed,AZ_IT_INDEED_DISPLAY_RETE,68.57,11617,62,1
2024-08-19,Sicilia,Indeed,AZ_IT_INDEED_PPA_STAGIONALI,87.27,4359,179,4
2024-08-19,Sicilia,Indeed,AZ_IT_INDEED_RETARGETING_CANDIDATI,33.57,3852,71,1
2024-08-19,Sicilia,Indeed,AZ_IT_INDEED_SPONSORED_JOBS,176.63,7933,311,12
2024-08-19,Toscana,Indeed,AZ_IT_INDEED_DISPLAY_RETE,50.41,8581,46,1
2024-08-19,Toscana,Indeed,AZ_IT_INDEED_PPA_STAGIONALI,49.49,2446,92,2
2024-08-19,Toscana,Indeed,AZ_IT_INDEED_RETARGETING_CANDIDATI,55.62,5950,111,4
2024-08-19,Toscana,Indeed,AZ_IT_INDEED_SPONSORED_JOBS,193.31,8783,370,15
2024-08-19,Trentino-Alto Adige,Indeed,AZ_IT_INDEED_DISPLAY_RETE,12.48,1994,10,0
2024-08-19,Trentino-Alto Adige,Indeed,AZ_IT_INDEED_PPA_STAGIONALI,19.86,1023,35,2
2024-08-19,Trentino-Alto Adige,Indeed,AZ_IT_INDEED_RETARGETING_CANDIDATI,17.45,1941,38,1
2024-08-19,Trentino-Alto Adige,Indeed,AZ_IT_INDEED_SPONSORED_JOBS,51.37,2365,102,5
2024-08-19,Umbria,Indeed,AZ_IT_INDEED_DISPLAY_RETE,6.91,1145,6,0
2024-08-19,Umbria,Indeed,AZ_IT_INDEED_PPA_STAGIONALI,10.67,556,23,0
2024-08-19,Umbria,Indeed,AZ_IT_INDEED_RETARGETING_CANDIDATI,15.22,1616,29,1
2024-08-19,Umbria,Indeed,AZ_IT_INDEED_SPONSORED_JOBS,36.58,1677,71,2
2024-08-19,Valle d'Aosta,Indeed,AZ_IT_INDEED_DISPLAY_RETE,1.34,227,1,0
2024-08-19,Valle d'Aosta,Indeed,AZ_IT_INDEED_PPA_STAGIONALI,1.73,90,4,0
2024-08-19,Valle d'Aosta,Indeed,AZ_IT_INDEED_RETARGETING_CANDIDATI,1.12,123,2,0
2024-08-19,Valle d'Aosta,Indeed,AZ_IT_INDEED_SPONSORED_JOBS,5.45,250,10,0
2024-08-19,Veneto,Indeed,AZ_IT_INDEED_DISPLAY_RETE,50.68,8358,42,2
2024-08-19,Veneto,Indeed,AZ_IT_INDEED_PPA_STAGIONALI,79.37,4124,175,6
2024-08-19,Veneto,Indeed,AZ_IT_INDEED_RETARGETING_CANDIDATI,101.59,11635,190,8
2024-08-19,Veneto,Indeed,AZ_IT_INDEED_SPONSORED_JOBS,193.62,8816,398,21
2024-08-26,Abruzzo,Indeed,AZ_IT_INDEED_DISPLAY_RETE,18.41,3072,15,0
2024-08-26,Abruzzo,Indeed,AZ_IT_INDEED_PPA_STAGIONALI,18.42,935,34,1
2024-08-26,Abruzzo,Indeed,AZ_IT_INDEED_RETARGETING_CANDIDATI,9.30,976,17,1
2024-08-26,Abruzzo,Indeed,AZ_IT_INDEED_SPONSORED_JOBS,68.42,2936,130,6
2024-08-26,Basilicata,Indeed,AZ_IT_INDEED_DISPLAY_RETE,4.11,705,3,0
2024-08-26,Basilicata,Indeed,AZ_IT_INDEED_PPA_STAGIONALI,4.34,222,9,0
2024-08-26,Basilicata,Indeed,AZ_IT_INDEED_RETARGETING_CANDIDATI,3.72,394,8,0
2024-08-26,Basilicata,Indeed,AZ_IT_INDEED_SPONSORED_JOBS,26.54,1207,50,2
2024-08-26,Calabria,Indeed,AZ_IT_INDEED_DISPLAY_RETE,19.96,3332,18,1
2024-08-26,Calabria,Indeed,AZ_IT_INDEED_PPA_STAGIONALI,18.42,941,36,1
2024-08-26,Calabria,Indeed,AZ_IT_INDEED_RETARGETING_CANDIDATI,17.30,1978,36,1
2024-08-26,Calabria,Indeed,AZ_IT_INDEED_SPONSORED_JOBS,104.14,4539,178,9
2024-08-26,Campania,Indeed,AZ_IT_INDEED_DISPLAY_RETE,73.35,11388,59,2
2024-08-26,Campania,Indeed,AZ_IT_INDEED_PPA_STAGIONALI,75.68,3616,131,4
2024-08-26,Campania,Indeed,AZ_IT_INDEED_RETARGETING_CANDIDATI,33.65,3679,64,2
2024-08-26,Campania,Indeed,AZ_IT_INDEED_SPONSORED_JOBS,152.04,6744,250,12
2024-08-26,Emilia-Romagna,Indeed,AZ_IT_INDEED_DISPLAY_RETE,43.76,7547,40,1
2024-08-26,Emilia-Romagna,Indeed,AZ_IT_INDEED_PPA_STAGIONALI,64.74,3210,108,3
2024-08-26,Emilia-Romagna,Indeed,AZ_IT_INDEED_RETARGETING_CANDIDATI,31.57,3478,64,2
2024-08-26,Emilia-Romagna,Indeed,AZ_IT_INDEED_SPONSORED_JOBS,198.11,8792,378,16
2024-08-26,Friuli-Venezia Giulia,Indeed,AZ_IT_INDEED_DISPLAY_RETE,15.95,2695,14,0
2024-08-26,Friuli-Venezia Giulia,Indeed,AZ_IT_INDEED_PPA_STAGIONALI,21.24,1043,39,2
2024-08-26,Friuli-Venezia Giulia,Indeed,AZ_IT_INDEED_RETARGETING_CANDIDATI,8.50,966,16,1
2024-08-26,Friuli-Venezia Giulia,Indeed,AZ_IT_INDEED_SPONSORED_JOBS,49.23,2271,91,5
2024-08-26,Lazio,Indeed,AZ_IT_INDEED_DISPLAY_RETE,62.68,9955,45,1
2024-08-26,Lazio,Indeed,AZ_IT_INDEED_PPA_STAGIONALI,63.87,3183,114,4
2024-08-26,Lazio,Indeed,AZ_IT_INDEED_RETARGETING_CANDIDATI,67.87,7693,133,4
2024-08-26,Lazio,Indeed,AZ_IT_INDEED_SPONSORED_JOBS,233.58,10021,438,16
2024-08-26,Liguria,Indeed,AZ_IT_INDEED_DISPLAY_RETE,13.78,2361,12,0
2024-08-26,Liguria,Indeed,AZ_IT_INDEED_PPA_STAGIONALI,9.86,491,20,1
2024-08-26,Liguria,Indeed,AZ_IT_INDEED_RETARGETING_CANDIDATI,10.93,1168,22,1
2024-08-26,Liguria,Indeed,AZ_IT_INDEED_SPONSORED_JOBS,68.73,3097,136,5
2024-08-26,Lombardia,Indeed,AZ_IT_INDEED_DISPLAY_RETE,133.30,21643,108,4
2024-08-26,Lombardia,Indeed,AZ_IT_INDEED_PPA_STAGIONALI,128.29,6533,255,9
2024-08-26,Lombardia,Indeed,AZ_IT_INDEED_RETARGETING_CANDIDATI,80.53,8924,141,6
2024-08-26,Lombardia,Indeed,AZ_IT_INDEED_SPONSORED_JOBS,464.75,21010,835,54
2024-08-26,Marche,Indeed,AZ_IT_INDEED_DISPLAY_RETE,18.61,3185,15,1
2024-08-26,Marche,Indeed,AZ_IT_INDEED_PPA_STAGIONALI,16.52,815,30,2
2024-08-26,Marche,Indeed,AZ_IT_INDEED_RETARGETING_CANDIDATI,9.22,1027,18,1
2024-08-26,Marche,Indeed,AZ_IT_INDEED_SPONSORED_JOBS,50.05,2322,95,8
2024-08-26,Molise,Indeed,AZ_IT_INDEED_DISPLAY_RETE,3.64,582,3,0
2024-08-26,Molise,Indeed,AZ_IT_INDEED_PPA_STAGIONALI,3.48,162,7,0
2024-08-26,Molise,Indeed,AZ_IT_INDEED_RETARGETING_CANDIDATI,3.17,350,6,0
2024-08-26,Molise,Indeed,AZ_IT_INDEED_SPONSORED_JOBS,8.83,401,16,1
2024-08-26,Piemonte,Indeed,AZ_IT_INDEED_DISPLAY_RETE,68.36,11595,53,3
2024-08-26,Piemonte,Indeed,AZ_IT_INDEED_PPA_STAGIONALI,61.20,3089,125,6
2024-08-26,Piemonte,Indeed,AZ_IT_INDEED_RETARGETING_CANDIDATI,32.89,3576,66,4
2024-08-26,Piemonte,Indeed,AZ_IT_INDEED_SPONSORED_JOBS,141.85,6536,295,21
2024-08-26,Puglia,Indeed,AZ_IT_INDEED_DISPLAY_RETE,64.07,10757,51,2
2024-08-26,Puglia,Indeed,AZ_IT_INDEED_PPA_STAGIONALI,56.20,2788,107,5
2024-08-26,Puglia,Indeed,AZ_IT_INDEED_RETARGETING_CANDIDATI,36.83,4136,70,3
2024-08-26,Puglia,Indeed,AZ_IT_INDEED_SPONSORED_JOBS,93.20,4240,169,12
2024-08-26,Sardegna,Indeed,AZ_IT_INDEED_DISPLAY_RETE,12.92,2089,10,0
2024-08-26,Sardegna,Indeed,AZ_IT_INDEED_PPA_STAGIONALI,10.54,535,20,1
2024-08-26,Sardegna,Indeed,AZ_IT_INDEED_RETARGETING_CANDIDATI,15.09,1647,31,1
2024-08-26,Sardegna,Indeed,AZ_IT_INDEED_SPONSORED_JOBS,55.99,2669,114,5
2024-08-26,Sicilia,Indeed,AZ_IT_INDEED_DISPLAY_RETE,65.71,10970,58,1
2024-08-26,Sicilia,Indeed,AZ_IT_INDEED_PPA_STAGIONALI,76.78,3703,132,4
2024-08-26,Sicilia,Indeed,AZ_IT_INDEED_RETARGETING_CANDIDATI,24.07,2684,48,1
2024-08-26,Sicilia,Indeed,AZ_IT_INDEED_SPONSORED_JOBS,151.70,6788,280,11
2024-08-26,Toscana,Indeed,AZ_IT_INDEED_DISPLAY_RETE,51.24,8937,49,1
2024-08-26,Toscana,Indeed,AZ_IT_INDEED_PPA_STAGIONALI,42.58,2158,83,3
2024-08-26,Toscana,Indeed,AZ_IT_INDEED_RETARGETING_CANDIDATI,40.38,4479,88,3
2024-08-26,Toscana,Indeed,AZ_IT_INDEED_SPONSORED_JOBS,148.61,7210,328,14
2024-08-26,Trentino-Alto Adige,Indeed,AZ_IT_INDEED_DISPLAY_RETE,10.70,1888,9,0
2024-08-26,Trentino-Alto Adige,Indeed,AZ_IT_INDEED_PPA_STAGIONALI,14.48,706,27,1
2024-08-26,Trentino-Alto Adige,Indeed,AZ_IT_INDEED_RETARGETING_CANDIDATI,10.43,1173,22,1
2024-08-26,Trentino-Alto Adige,Indeed,AZ_IT_INDEED_SPONSORED_JOBS,49.98,2228,87,5
2024-08-26,Umbria,Indeed,AZ_IT_INDEED_DISPLAY_RETE,7.26,1200,6,0
2024-08-26,Umbria,Indeed,AZ_IT_INDEED_PPA_STAGIONALI,7.83,372,15,0
2024-08-26,Umbria,Indeed,AZ_IT_INDEED_RETARGETING_CANDIDATI,9.39,989,18,0
2024-08-26,Umbria,Indeed,AZ_IT_INDEED_SPONSORED_JOBS,35.94,1668,63,2
2024-08-26,Valle d'Aosta,Indeed,AZ_IT_INDEED_DISPLAY_RETE,1.38,237,1,0
2024-08-26,Valle d'Aosta,Indeed,AZ_IT_INDEED_PPA_STAGIONALI,1.33,66,3,0
2024-08-26,Valle d'Aosta,Indeed,AZ_IT_INDEED_RETARGETING_CANDIDATI,0.79,89,2,0
2024-08-26,Valle d'Aosta,Indeed,AZ_IT_INDEED_SPONSORED_JOBS,5.36,254,9,0
2024-08-26,Veneto,Indeed,AZ_IT_INDEED_DISPLAY_RETE,49.46,7858,43,1
2024-08-26,Veneto,Indeed,AZ_IT_INDEED_PPA_STAGIONALI,58.08,2752,102,4
2024-08-26,Veneto,Indeed,AZ_IT_INDEED_RETARGETING_CANDIDATI,78.92,9158,165,7
2024-08-26,Veneto,Indeed,AZ_IT_INDEED_SPONSORED_JOBS,213.34,9619,399,24
2024-09-02,Abruzzo,Indeed,AZ_IT_INDEED_DISPLAY_RETE,25.56,4431,25,0
2024-09-02,Abruzzo,Indeed,AZ_IT_INDEED_RETARGETING_CANDIDATI,16.09,1848,34,1
2024-09-02,Abruzzo,Indeed,AZ_IT_INDEED_SPONSORED_JOBS,92.48,4184,174,7
2024-09-02,Basilicata,Indeed,AZ_IT_INDEED_DISPLAY_RETE,5.10,876,5,0
2024-09-02,Basilicata,Indeed,AZ_IT_INDEED_RETARGETING_CANDIDATI,6.48,706,12,0
2024-09-02,Basilicata,Indeed,AZ_IT_INDEED_SPONSORED_JOBS,34.50,1501,61,1
2024-09-02,Calabria,Indeed,AZ_IT_INDEED_DISPLAY_RETE,23.63,4138,22,0
2024-09-02,Calabria,Indeed,AZ_IT_INDEED_RETARGETING_CANDIDATI,28.56,3206,54,2
2024-09-02,Calabria,Indeed,AZ_IT_INDEED_SPONSORED_JOBS,145.87,7289,318,10
2024-09-02,Campania,Indeed,AZ_IT_INDEED_DISPLAY_RETE,77.16,12663,63,2
2024-09-02,Campania,Indeed,AZ_IT_INDEED_RETARGETING_CANDIDATI,50.95,5577,90,3
2024-09-02,Campania,Indeed,AZ_IT_INDEED_SPONSORED_JOBS,229.54,10345,469,16
2024-09-02,Emilia-Romagna,Indeed,AZ_IT_INDEED_DISPLAY_RETE,54.79,8990,46,1
2024-09-02,Emilia-Romagna,Indeed,AZ_IT_INDEED_RETARGETING_CANDIDATI,60.87,6620,115,4
2024-09-02,Emilia-Romagna,Indeed,AZ_IT_INDEED_SPONSORED_JOBS,243.31,11510,446,17
2024-09-02,Friuli-Venezia Giulia,Indeed,AZ_IT_INDEED_DISPLAY_RETE,23.65,4081,21,1
2024-09-02,Friuli-Venezia Giulia,Indeed,AZ_IT_INDEED_RETARGETING_CANDIDATI,13.63,1522,27,1
2024-09-02,Friuli-Venezia Giulia,Indeed,AZ_IT_INDEED_SPONSORED_JOBS,57.70,2562,103,5
2024-09-02,Lazio,Indeed,AZ_IT_INDEED_DISPLAY_RETE,90.63,15262,75,2
2024-09-02,Lazio,Indeed,AZ_IT_INDEED_RETARGETING_CANDIDATI,110.44,12183,210,6
2024-09-02,Lazio,Indeed,AZ_IT_INDEED_SPONSORED_JOBS,335.80,14597,528,24
2024-09-02,Liguria,Indeed,AZ_IT_INDEED_DISPLAY_RETE,20.18,3366,16,0
2024-09-02,Liguria,Indeed,AZ_IT_INDEED_RETARGETING_CANDIDATI,16.88,1765,32,1
2024-09-02,Liguria,Indeed,AZ_IT_INDEED_SPONSORED_JOBS,89.35,3978,164,6
2024-09-02,Lombardia,Indeed,AZ_IT_INDEED_DISPLAY_RETE,161.87,27647,119,4
2024-09-02,Lombardia,Indeed,AZ_IT_INDEED_RETARGETING_CANDIDATI,137.69,15729,280,9
2024-09-02,Lombardia,Indeed,AZ_IT_INDEED_SPONSORED_JOBS,668.97,30529,1196,62
2024-09-02,Marche,Indeed,AZ_IT_INDEED_DISPLAY_RETE,24.23,4123,18,1
2024-09-02,Marche,Indeed,AZ_IT_INDEED_RETARGETING_CANDIDATI,14.48,1629,29,2
2024-09-02,Marche,Indeed,AZ_IT_INDEED_SPONSORED_JOBS,62.98,2869,114,12
2024-09-02,Molise,Indeed,AZ_IT_INDEED_DISPLAY_RETE,4.27,713,4,0
2024-09-02,Molise,Indeed,AZ_IT_INDEED_RETARGETING_CANDIDATI,4.86,554,11,0
2024-09-02,Molise,Indeed,AZ_IT_INDEED_SPONSORED_JOBS,13.82,615,25,1
2024-09-02,Piemonte,Indeed,AZ_IT_INDEED_DISPLAY_RETE,72.66,12464,62,3
2024-09-02,Piemonte,Indeed,AZ_IT_INDEED_RETARGETING_CANDIDATI,52.00,5878,117,5
2024-09-02,Piemonte,Indeed,AZ_IT_INDEED_SPONSORED_JOBS,215.48,9649,409,29
2024-09-02,Puglia,Indeed,AZ_IT_INDEED_DISPLAY_RETE,81.42,13768,71,3
2024-09-02,Puglia,Indeed,AZ_IT_INDEED_RETARGETING_CANDIDATI,58.10,6674,108,6
2024-09-02,Puglia,Indeed,AZ_IT_INDEED_SPONSORED_JOBS,108.01,4925,198,16
2024-09-02,Sardegna,Indeed,AZ_IT_INDEED_DISPLAY_RETE,19.76,3294,17,0
2024-09-02,Sardegna,Indeed,AZ_IT_INDEED_RETARGETING_CANDIDATI,23.04,2598,43,2
2024-09-02,Sardegna,Indeed,AZ_IT_INDEED_SPONSORED_JOBS,75.10,3329,155,6
2024-09-02,Sicilia,Indeed,AZ_IT_INDEED_DISPLAY_RETE,77.44,12355,65,1
2024-09-02,Sicilia,Indeed,AZ_IT_INDEED_RETARGETING_CANDIDATI,40.53,4353,79,2
2024-09-02,Sicilia,Indeed,AZ_IT_INDEED_SPONSORED_JOBS,178.90,8008,326,12
2024-09-02,Toscana,Indeed,AZ_IT_INDEED_DISPLAY_RETE,66.93,11019,55,2
2024-09-02,Toscana,Indeed,AZ_IT_INDEED_RETARGETING_CANDIDATI,64.49,6920,121,4
2024-09-02,Toscana,Indeed,AZ_IT_INDEED_SPONSORED_JOBS,207.57,9118,336,16
2024-09-02,Trentino-Alto Adige,Indeed,AZ_IT_INDEED_DISPLAY_RETE,12.01,2019,11,0
2024-09-02,Trentino-Alto Adige,Indeed,AZ_IT_INDEED_RETARGETING_CANDIDATI,19.56,2145,35,2
2024-09-02,Trentino-Alto Adige,Indeed,AZ_IT_INDEED_SPONSORED_JOBS,68.67,3192,124,8
2024-09-02,Umbria,Indeed,AZ_IT_INDEED_DISPLAY_RETE,8.43,1344,7,0
2024-09-02,Umbria,Indeed,AZ_IT_INDEED_RETARGETING_CANDIDATI,16.26,1759,33,1
2024-09-02,Umbria,Indeed,AZ_IT_INDEED_SPONSORED_JOBS,56.64,2471,105,3
2024-09-02,Valle d'Aosta,Indeed,AZ_IT_INDEED_DISPLAY_RETE,2.34,374,2,0
2024-09-02,Valle d'Aosta,Indeed,AZ_IT_INDEED_RETARGETING_CANDIDATI,1.33,138,2,0
2024-09-02,Valle d'Aosta,Indeed,AZ_IT_INDEED_SPONSORED_JOBS,7.05,317,14,1
2024-09-02,Veneto,Indeed,AZ_IT_INDEED_DISPLAY_RETE,65.26,10412,57,2
2024-09-02,Veneto,Indeed,AZ_IT_INDEED_RETARGETING_CANDIDATI,143.25,15419,290,10
2024-09-02,Veneto,Indeed,AZ_IT_INDEED_SPONSORED_JOBS,253.17,11683,477,29
2024-09-09,Abruzzo,Indeed,AZ_IT_INDEED_DISPLAY_RETE,33.74,5613,28,0
2024-09-09,Abruzzo,Indeed,AZ_IT_INDEED_RETARGETING_CANDIDATI,24.40,2802,54,1
2024-09-09,Abruzzo,Indeed,AZ_IT_INDEED_SPONSORED_JOBS,135.90,6286,257,8
2024-09-09,Basilicata,Indeed,AZ_IT_INDEED_DISPLAY_RETE,8.62,1434,7,0
2024-09-09,Basilicata,Indeed,AZ_IT_INDEED_RETARGETING_CANDIDATI,10.53,1132,22,0
2024-09-09,Basilicata,Indeed,AZ_IT_INDEED_SPONSORED_JOBS,45.06,1977,82,2
2024-09-09,Calabria,Indeed,AZ_IT_INDEED_DISPLAY_RETE,32.25,5161,26,0
2024-09-09,Calabria,Indeed,AZ_IT_INDEED_RETARGETING_CANDIDATI,43.30,4845,83,2
2024-09-09,Calabria,Indeed,AZ_IT_INDEED_SPONSORED_JOBS,214.02,9951,426,12
2024-09-09,Campania,Indeed,AZ_IT_INDEED_DISPLAY_RETE,127.64,20640,108,2
2024-09-09,Campania,Indeed,AZ_IT_INDEED_RETARGETING_CANDIDATI,64.46,6979,126,3
2024-09-09,Campania,Indeed,AZ_IT_INDEED_SPONSORED_JOBS,356.76,16437,670,22
2024-09-09,Emilia-Romagna,Indeed,AZ_IT_INDEED_DISPLAY_RETE,85.49,14752,83,1
2024-09-09,Emilia-Romagna,Indeed,AZ_IT_INDEED_RETARGETING_CANDIDATI,100.20,11139,216,4
2024-09-09,Emilia-Romagna,Indeed,AZ_IT_INDEED_SPONSORED_JOBS,403.54,18702,697,24
2024-09-09,Friuli-Venezia Giulia,Indeed,AZ_IT_INDEED_DISPLAY_RETE,31.33,5312,25,1
2024-09-09,Friuli-Venezia Giulia,Indeed,AZ_IT_INDEED_RETARGETING_CANDIDATI,18.99,2086,32,1
2024-09-09,Friuli-Venezia Giulia,Indeed,AZ_IT_INDEED_SPONSORED_JOBS,100.06,4531,176,8
2024-09-09,Lazio,Indeed,AZ_IT_INDEED_DISPLAY_RETE,166.01,28123,151,3
2024-09-09,Lazio,Indeed,AZ_IT_INDEED_RETARGETING_CANDIDATI,159.34,17291,287,7
2024-09-09,Lazio,Indeed,AZ_IT_INDEED_SPONSORED_JOBS,430.84,19842,777,27
2024-09-09,Liguria,Indeed,AZ_IT_INDEED_DISPLAY_RETE,25.55,4089,23,0
2024-09-09,Liguria,Indeed,AZ_IT_INDEED_RETARGETING_CANDIDATI,25.41,2856,53,1
2024-09-09,Liguria,Indeed,AZ_IT_INDEED_SPONSORED_JOBS,129.09,5972,224,7
2024-09-09,Lombardia,Indeed,AZ_IT_INDEED_DISPLAY_RETE,243.59,41173,226,4
2024-09-09,Lombardia,Indeed,AZ_IT_INDEED_RETARGETING_CANDIDATI,192.05,21005,418,10
2024-09-09,Lombardia,Indeed,AZ_IT_INDEED_SPONSORED_JOBS,939.73,45887,1713,62
2024-09-09,Marche,Indeed,AZ_IT_INDEED_DISPLAY_RETE,39.41,6482,31,1
2024-09-09,Marche,Indeed,AZ_IT_INDEED_RETARGETING_CANDIDATI,28.83,3089,46,3
2024-09-09,Marche,Indeed,AZ_IT_INDEED_SPONSORED_JOBS,108.60,4681,195,12
2024-09-09,Molise,Indeed,AZ_IT_INDEED_DISPLAY_RETE,7.20,1147,6,0
2024-09-09,Molise,Indeed,AZ_IT_INDEED_RETARGETING_CANDIDATI,5.74,636,11,0
2024-09-09,Molise,Indeed,AZ_IT_INDEED_SPONSORED_JOBS,19.55,899,37,2
2024-09-09,Piemonte,Indeed,AZ_IT_INDEED_DISPLAY_RETE,103.96,16666,85,2
2024-09-09,Piemonte,Indeed,AZ_IT_INDEED_RETARGETING_CANDIDATI,90.90,10547,185,7
2024-09-09,Piemonte,Indeed,AZ_IT_INDEED_SPONSORED_JOBS,305.67,14196,607,32
2024-09-09,Puglia,Indeed,AZ_IT_INDEED_DISPLAY_RETE,110.16,18923,87,3
2024-09-09,Puglia,Indeed,AZ_IT_INDEED_RETARGETING_CANDIDATI,109.90,11940,217,8
2024-09-09,Puglia,Indeed,AZ_IT_INDEED_SPONSORED_JOBS,193.92,8893,407,18
2024-09-09,Sardegna,Indeed,AZ_IT_INDEED_DISPLAY_RETE,29.69,4691,22,0
2024-09-09,Sardegna,Indeed,AZ_IT_INDEED_RETARGETING_CANDIDATI,28.06,3108,63,1
2024-09-09,Sardegna,Indeed,AZ_IT_INDEED_SPONSORED_JOBS,129.00,6042,260,7
2024-09-09,Sicilia,Indeed,AZ_IT_INDEED_DISPLAY_RETE,100.08,17973,81,1
2024-09-09,Sicilia,Indeed,AZ_IT_INDEED_RETARGETING_CANDIDATI,59.59,6768,130,2
2024-09-09,Sicilia,Indeed,AZ_IT_INDEED_SPONSORED_JOBS,303.49,14192,606,16
2024-09-09,Toscana,Indeed,AZ_IT_INDEED_DISPLAY_RETE,99.49,15627,79,2
2024-09-09,Toscana,Indeed,AZ_IT_INDEED_RETARGETING_CANDIDATI,106.49,11836,220,5
2024-09-09,Toscana,Indeed,AZ_IT_INDEED_SPONSORED_JOBS,315.69,14504,530,19
2024-09-09,Trentino-Alto Adige,Indeed,AZ_IT_INDEED_DISPLAY_RETE,20.81,3578,18,0
2024-09-09,Trentino-Alto Adige,Indeed,AZ_IT_INDEED_RETARGETING_CANDIDATI,26.77,2842,46,2
2024-09-09,Trentino-Alto Adige,Indeed,AZ_IT_INDEED_SPONSORED_JOBS,93.95,4258,181,8
2024-09-09,Umbria,Indeed,AZ_IT_INDEED_DISPLAY_RETE,12.38,2081,10,0
2024-09-09,Umbria,Indeed,AZ_IT_INDEED_RETARGETING_CANDIDATI,21.99,2352,42,1
2024-09-09,Umbria,Indeed,AZ_IT_INDEED_SPONSORED_JOBS,72.67,3099,126,3
2024-09-09,Valle d'Aosta,Indeed,AZ_IT_INDEED_DISPLAY_RETE,3.25,554,3,0
2024-09-09,Valle d'Aosta,Indeed,AZ_IT_INDEED_RETARGETING_CANDIDATI,2.05,215,4,0
2024-09-09,Valle d'Aosta,Indeed,AZ_IT_INDEED_SPONSORED_JOBS,11.40,552,24,1
2024-09-09,Veneto,Indeed,AZ_IT_INDEED_DISPLAY_RETE,105.13,17863,83,2
2024-09-09,Veneto,Indeed,AZ_IT_INDEED_RETARGETING_CANDIDATI,161.88,17861,296,12
2024-09-09,Veneto,Indeed,AZ_IT_INDEED_SPONSORED_JOBS,344.01,14556,542,32
2024-09-16,Abruzzo,Indeed,AZ_IT_INDEED_DISPLAY_RETE,24.11,4142,21,0
2024-09-16,Abruzzo,Indeed,AZ_IT_INDEED_RETARGETING_CANDIDATI,23.53,2507,44,1
2024-09-16,Abruzzo,Indeed,AZ_IT_INDEED_SPONSORED_JOBS,118.86,5511,239,7
2024-09-16,Basilicata,Indeed,AZ_IT_INDEED_DISPLAY_RETE,7.26,1208,6,0
2024-09-16,Basilicata,Indeed,AZ_IT_INDEED_RETARGETING_CANDIDATI,10.00,1085,19,0
2024-09-16,Basilicata,Indeed,AZ_IT_INDEED_SPONSORED_JOBS,42.88,1972,77,2
2024-09-16,Calabria,Indeed,AZ_IT_INDEED_DISPLAY_RETE,24.70,4160,21,0
2024-09-16,Calabria,Indeed,AZ_IT_INDEED_RETARGETING_CANDIDATI,41.56,4651,80,2
2024-09-16,Calabria,Indeed,AZ_IT_INDEED_SPONSORED_JOBS,182.81,7993,303,12
2024-09-16,Campania,Indeed,AZ_IT_INDEED_DISPLAY_RETE,100.36,16891,79,2
2024-09-16,Campania,Indeed,AZ_IT_INDEED_RETARGETING_CANDIDATI,62.95,6949,131,3
2024-09-16,Campania,Indeed,AZ_IT_INDEED_SPONSORED_JOBS,310.70,15105,704,22
2024-09-16,Emilia-Romagna,Indeed,AZ_IT_INDEED_DISPLAY_RETE,65.73,11137,54,1
2024-09-16,Emilia-Romagna,Indeed,AZ_IT_INDEED_RETARGETING_CANDIDATI,92.04,9695,185,4
2024-09-16,Emilia-Romagna,Indeed,AZ_IT_INDEED_SPONSORED_JOBS,356.00,16649,683,19
2024-09-16,Friuli-Venezia Giulia,Indeed,AZ_IT_INDEED_DISPLAY_RETE,29.12,4877,26,1
2024-09-16,Friuli-Venezia Giulia,Indeed,AZ_IT_INDEED_RETARGETING_CANDIDATI,16.14,1783,30,1
2024-09-16,Friuli-Venezia Giulia,Indeed,AZ_IT_INDEED_SPONSORED_JOBS,84.80,3897,158,7
2024-09-16,Lazio,Indeed,AZ_IT_INDEED_DISPLAY_RETE,148.22,25508,121,2
2024-09-16,Lazio,Indeed,AZ_IT_INDEED_RETARGETING_CANDIDATI,111.56,12353,206,6
2024-09-16,Lazio,Indeed,AZ_IT_INDEED_SPONSORED_JOBS,427.37,18705,735,28
2024-09-16,Liguria,Indeed,AZ_IT_INDEED_DISPLAY_RETE,26.09,4187,22,0
2024-09-16,Liguria,Indeed,AZ_IT_INDEED_RETARGETING_CANDIDATI,22.21,2574,46,1
2024-09-16,Liguria,Indeed,AZ_IT_INDEED_SPONSORED_JOBS,94.61,4507,180,7
2024-09-16,Lombardia,Indeed,AZ_IT_INDEED_DISPLAY_RETE,200.04,34004,167,5
2024-09-16,Lombardia,Indeed,AZ_IT_INDEED_RETARGETING_CANDIDATI,155.26,17309,319,8
2024-09-16,Lombardia,Indeed,AZ_IT_INDEED_SPONSORED_JOBS,713.44,34057,1351,68
2024-09-16,Marche,Indeed,AZ_IT_INDEED_DISPLAY_RETE,29.71,4882,24,1
2024-09-16,Marche,Indeed,AZ_IT_INDEED_RETARGETING_CANDIDATI,22.48,2563,52,3
2024-09-16,Marche,Indeed,AZ_IT_INDEED_SPONSORED_JOBS,84.32,3859,155,15
2024-09-16,Molise,Indeed,AZ_IT_INDEED_DISPLAY_RETE,6.07,1014,5,0
2024-09-16,Molise,Indeed,AZ_IT_INDEED_RETARGETING_CANDIDATI,5.06,593,11,0
2024-09-16,Molise,Indeed,AZ_IT_INDEED_SPONSORED_JOBS,14.11,678,27,2
2024-09-16,Piemonte,Indeed,AZ_IT_INDEED_DISPLAY_RETE,89.38,15904,80,3
2024-09-16,Piemonte,Indeed,AZ_IT_INDEED_RETARGETING_CANDIDATI,74.60,8588,151,7
2024-09-16,Piemonte,Indeed,AZ_IT_INDEED_SPONSORED_JOBS,298.35,13678,548,31
2024-09-16,Puglia,Indeed,AZ_IT_INDEED_DISPLAY_RETE,103.08,17853,85,3
2024-09-16,Puglia,Indeed,AZ_IT_INDEED_RETARGETING_CANDIDATI,94.91,10189,173,9
2024-09-16,Puglia,Indeed,AZ_IT_INDEED_SPONSORED_JOBS,169.17,7796,294,17
2024-09-16,Sardegna,Indeed,AZ_IT_INDEED_DISPLAY_RETE,25.99,4115,19,0
2024-09-16,Sardegna,Indeed,AZ_IT_INDEED_RETARGETING_CANDIDATI,26.11,2881,52,2
2024-09-16,Sardegna,Indeed,AZ_IT_INDEED_SPONSORED_JOBS,103.29,4696,192,7
2024-09-16,Sicilia,Indeed,AZ_IT_INDEED_DISPLAY_RETE,101.30,16672,72,2
2024-09-16,Sicilia,Indeed,AZ_IT_INDEED_RETARGETING_CANDIDATI,49.49,5968,105,3
2024-09-16,Sicilia,Indeed,AZ_IT_INDEED_SPONSORED_JOBS,266.96,12432,517,15
2024-09-16,Toscana,Indeed,AZ_IT_INDEED_DISPLAY_RETE,80.56,13135,66,1
2024-09-16,Toscana,Indeed,AZ_IT_INDEED_RETARGETING_CANDIDATI,97.34,10534,200,5
2024-09-16,Toscana,Indeed,AZ_IT_INDEED_SPONSORED_JOBS,320.89,14857,639,20
2024-09-16,Trentino-Alto Adige,Indeed,AZ_IT_INDEED_DISPLAY_RETE,19.92,3385,17,1
2024-09-16,Trentino-Alto Adige,Indeed,AZ_IT_INDEED_RETARGETING_CANDIDATI,22.99,2548,47,2
2024-09-16,Trentino-Alto Adige,Indeed,AZ_IT_INDEED_SPONSORED_JOBS,75.57,3386,149,6
2024-09-16,Umbria,Indeed,AZ_IT_INDEED_DISPLAY_RETE,10.53,1818,10,0
2024-09-16,Umbria,Indeed,AZ_IT_INDEED_RETARGETING_CANDIDATI,16.27,1858,33,1
2024-09-16,Umbria,Indeed,AZ_IT_INDEED_SPONSORED_JOBS,57.73,2538,101,3
2024-09-16,Valle d'Aosta,Indeed,AZ_IT_INDEED_DISPLAY_RETE,3.28,530,3,0
2024-09-16,Valle d'Aosta,Indeed,AZ_IT_INDEED_RETARGETING_CANDIDATI,1.69,190,3,0
2024-09-16,Valle d'Aosta,Indeed,AZ_IT_INDEED_SPONSORED_JOBS,10.50,475,20,1
2024-09-16,Veneto,Indeed,AZ_IT_INDEED_DISPLAY_RETE,89.24,14770,77,2
2024-09-16,Veneto,Indeed,AZ_IT_INDEED_RETARGETING_CANDIDATI,156.06,17085,317,10
2024-09-16,Veneto,Indeed,AZ_IT_INDEED_SPONSORED_JOBS,351.37,16338,701,28
2024-09-23,Abruzzo,Indeed,AZ_IT_INDEED_DISPLAY_RETE,33.25,5562,27,1
2024-09-23,Abruzzo,Indeed,AZ_IT_INDEED_RETARGETING_CANDIDATI,22.69,2593,46,1
2024-09-23,Abruzzo,Indeed,AZ_IT_INDEED_SPONSORED_JOBS,120.88,5471,214,8
2024-09-23,Basilicata,Indeed,AZ_IT_INDEED_DISPLAY_RETE,10.24,1676,8,0
2024-09-23,Basilicata,Indeed,AZ_IT_INDEED_RETARGETING_CANDIDATI,10.46,1114,21,0
2024-09-23,Basilicata,Indeed,AZ_IT_INDEED_SPONSORED_JOBS,45.46,2010,83,1
2024-09-23,Calabria,Indeed,AZ_IT_INDEED_DISPLAY_RETE,43.80,7325,39,1
2024-09-23,Calabria,Indeed,AZ_IT_INDEED_RETARGETING_CANDIDATI,38.06,4177,68,2
2024-09-23,Calabria,Indeed,AZ_IT_INDEED_SPONSORED_JOBS,186.69,8474,354,11
2024-09-23,Campania,Indeed,AZ_IT_INDEED_DISPLAY_RETE,148.02,25251,124,3
2024-09-23,Campania,Indeed,AZ_IT_INDEED_RETARGETING_CANDIDATI,63.69,7173,132,3
2024-09-23,Campania,Indeed,AZ_IT_INDEED_SPONSORED_JOBS,337.13,14796,527,22
2024-09-23,Emilia-Romagna,Indeed,AZ_IT_INDEED_DISPLAY_RETE,78.42,13267,62,1
2024-09-23,Emilia-Romagna,Indeed,AZ_IT_INDEED_RETARGETING_CANDIDATI,95.53,10277,195,4
2024-09-23,Emilia-Romagna,Indeed,AZ_IT_INDEED_SPONSORED_JOBS,415.65,18592,758,23
2024-09-23,Friuli-Venezia Giulia,Indeed,AZ_IT_INDEED_DISPLAY_RETE,38.51,6317,35,1
2024-09-23,Friuli-Venezia Giulia,Indeed,AZ_IT_INDEED_RETARGETING_CANDIDATI,19.30,2228,40,1
2024-09-23,Friuli-Venezia Giulia,Indeed,AZ_IT_INDEED_SPONSORED_JOBS,107.15,4608,190,8
2024-09-23,Lazio,Indeed,AZ_IT_INDEED_DISPLAY_RETE,157.84,27533,135,2
2024-09-23,Lazio,Indeed,AZ_IT_INDEED_RETARGETING_CANDIDATI,128.83,14602,278,6
2024-09-23,Lazio,Indeed,AZ_IT_INDEED_SPONSORED_JOBS,507.16,23151,899,27
2024-09-23,Liguria,Indeed,AZ_IT_INDEED_DISPLAY_RETE,31.29,4870,23,1
2024-09-23,Liguria,Indeed,AZ_IT_INDEED_RETARGETING_CANDIDATI,22.89,2641,49,1
2024-09-23,Liguria,Indeed,AZ_IT_INDEED_SPONSORED_JOBS,110.31,5135,223,7
2024-09-23,Lombardia,Indeed,AZ_IT_INDEED_DISPLAY_RETE,252.27,39338,224,5
2024-09-23,Lombardia,Indeed,AZ_IT_INDEED_RETARGETING_CANDIDATI,169.58,19951,344,10
2024-09-23,Lombardia,Indeed,AZ_IT_INDEED_SPONSORED_JOBS,862.90,39283,1799,56
2024-09-23,Marche,Indeed,AZ_IT_INDEED_DISPLAY_RETE,35.70,5867,28,1
2024-09-23,Marche,Indeed,AZ_IT_INDEED_RETARGETING_CANDIDATI,22.53,2524,42,2
2024-09-23,Marche,Indeed,AZ_IT_INDEED_SPONSORED_JOBS,94.14,4332,181,14
2024-09-23,Molise,Indeed,AZ_IT_INDEED_DISPLAY_RETE,8.31,1398,7,0
2024-09-23,Molise,Indeed,AZ_IT_INDEED_RETARGETING_CANDIDATI,6.39,681,13,1
2024-09-23,Molise,Indeed,AZ_IT_INDEED_SPONSORED_JOBS,14.22,650,24,2
2024-09-23,Piemonte,Indeed,AZ_IT_INDEED_DISPLAY_RETE,129.60,20913,114,3
2024-09-23,Piemonte,Indeed,AZ_IT_INDEED_RETARGETING_CANDIDATI,81.99,9213,159,5
2024-09-23,Piemonte,Indeed,AZ_IT_INDEED_SPONSORED_JOBS,328.15,15136,609,31
2024-09-23,Puglia,Indeed,AZ_IT_INDEED_DISPLAY_RETE,144.72,25872,148,4
2024-09-23,Puglia,Indeed,AZ_IT_INDEED_RETARGETING_CANDIDATI,84.26,9448,169,7
2024-09-23,Puglia,Indeed,AZ_IT_INDEED_SPONSORED_JOBS,169.09,7827,300,20
2024-09-23,Sardegna,Indeed,AZ_IT_INDEED_DISPLAY_RETE,30.89,5172,26,1
2024-09-23,Sardegna,Indeed,AZ_IT_INDEED_RETARGETING_CANDIDATI,28.13,3230,56,1
2024-09-23,Sardegna,Indeed,AZ_IT_INDEED_SPONSORED_JOBS,142.14,6583,307,9
2024-09-23,Sicilia,Indeed,AZ_IT_INDEED_DISPLAY_RETE,117.25,19447,109,1
2024-09-23,Sicilia,Indeed,AZ_IT_INDEED_RETARGETING_CANDIDATI,55.26,5997,116,2
2024-09-23,Sicilia,Indeed,AZ_IT_INDEED_SPONSORED_JOBS,367.84,17303,681,14
2024-09-23,Toscana,Indeed,AZ_IT_INDEED_DISPLAY_RETE,110.20,18920,94,2
2024-09-23,Toscana,Indeed,AZ_IT_INDEED_RETARGETING_CANDIDATI,83.47,8915,135,4
2024-09-23,Toscana,Indeed,AZ_IT_INDEED_SPONSORED_JOBS,318.30,13771,570,19
2024-09-23,Trentino-Alto Adige,Indeed,AZ_IT_INDEED_DISPLAY_RETE,26.56,4222,20,1
2024-09-23,Trentino-Alto Adige,Indeed,AZ_IT_INDEED_RETARGETING_CANDIDATI,24.52,2697,52,2
2024-09-23,Trentino-Alto Adige,Indeed,AZ_IT_INDEED_SPONSORED_JOBS,91.71,4267,188,8
2024-09-23,Umbria,Indeed,AZ_IT_INDEED_DISPLAY_RETE,12.13,2109,10,0
2024-09-23,Umbria,Indeed,AZ_IT_INDEED_RETARGETING_CANDIDATI,22.70,2630,46,1
2024-09-23,Umbria,Indeed,AZ_IT_INDEED_SPONSORED_JOBS,71.09,3210,123,3
2024-09-23,Valle d'Aosta,Indeed,AZ_IT_INDEED_DISPLAY_RETE,3.65,586,3,0
2024-09-23,Valle d'Aosta,Indeed,AZ_IT_INDEED_RETARGETING_CANDIDATI,1.63,182,4,0
2024-09-23,Valle d'Aosta,Indeed,AZ_IT_INDEED_SPONSORED_JOBS,13.55,607,24,1
2024-09-23,Veneto,Indeed,AZ_IT_INDEED_DISPLAY_RETE,108.84,17445,91,3
2024-09-23,Veneto,Indeed,AZ_IT_INDEED_RETARGETING_CANDIDATI,126.82,14000,268,9
2024-09-23,Veneto,Indeed,AZ_IT_INDEED_SPONSORED_JOBS,378.54,16208,719,33
2024-09-30,Abruzzo,Indeed,AZ_IT_INDEED_DISPLAY_RETE,24.05,4023,21,0
2024-09-30,Abruzzo,Indeed,AZ_IT_INDEED_RETARGETING_CANDIDATI,17.03,1887,32,1
2024-09-30,Abruzzo,Indeed,AZ_IT_INDEED_SPONSORED_JOBS,99.28,4298,190,7
2024-09-30,Basilicata,Indeed,AZ_IT_INDEED_DISPLAY_RETE,8.81,1445,7,0
2024-09-30,Basilicata,Indeed,AZ_IT_INDEED_RETARGETING_CANDIDATI,9.83,1093,22,0
2024-09-30,Basilicata,Indeed,AZ_IT_INDEED_SPONSORED_JOBS,41.88,1875,71,1
2024-09-30,Calabria,Indeed,AZ_IT_INDEED_DISPLAY_RETE,34.22,5834,28,1
2024-09-30,Calabria,Indeed,AZ_IT_INDEED_RETARGETING_CANDIDATI,26.55,3052,52,1
2024-09-30,Calabria,Indeed,AZ_IT_INDEED_SPONSORED_JOBS,196.86,8725,332,13
2024-09-30,Campania,Indeed,AZ_IT_INDEED_DISPLAY_RETE,117.90,19413,100,2
2024-09-30,Campania,Indeed,AZ_IT_INDEED_RETARGETING_CANDIDATI,56.82,6355,119,4
2024-09-30,Campania,Indeed,AZ_IT_INDEED_SPONSORED_JOBS,282.53,13226,563,20
2024-09-30,Emilia-Romagna,Indeed,AZ_IT_INDEED_DISPLAY_RETE,95.52,16345,76,1
2024-09-30,Emilia-Romagna,Indeed,AZ_IT_INDEED_RETARGETING_CANDIDATI,87.99,10321,192,3
2024-09-30,Emilia-Romagna,Indeed,AZ_IT_INDEED_SPONSORED_JOBS,541.32,25149,1069,24
2024-09-30,Friuli-Venezia Giulia,Indeed,AZ_IT_INDEED_DISPLAY_RETE,25.32,4299,20,0
2024-09-30,Friuli-Venezia Giulia,Indeed,AZ_IT_INDEED_RETARGETING_CANDIDATI,14.26,1585,33,1
2024-09-30,Friuli-Venezia Giulia,Indeed,AZ_IT_INDEED_SPONSORED_JOBS,98.41,4675,184,7
2024-09-30,Lazio,Indeed,AZ_IT_INDEED_DISPLAY_RETE,127.37,21460,104,2
2024-09-30,Lazio,Indeed,AZ_IT_INDEED_RETARGETING_CANDIDATI,98.32,10912,183,6
2024-09-30,Lazio,Indeed,AZ_IT_INDEED_SPONSORED_JOBS,457.73,20710,864,25
2024-09-30,Liguria,Indeed,AZ_IT_INDEED_DISPLAY_RETE,27.88,4649,23,0
2024-09-30,Liguria,Indeed,AZ_IT_INDEED_RETARGETING_CANDIDATI,16.98,1938,29,1
2024-09-30,Liguria,Indeed,AZ_IT_INDEED_SPONSORED_JOBS,94.41,4376,165,6
2024-09-30,Lombardia,Indeed,AZ_IT_INDEED_DISPLAY_RETE,329.88,54319,267,6
2024-09-30,Lombardia,Indeed,AZ_IT_INDEED_RETARGETING_CANDIDATI,154.08,17141,283,10
2024-09-30,Lombardia,Indeed,AZ_IT_INDEED_SPONSORED_JOBS,983.59,42597,1805,61
2024-09-30,Marche,Indeed,AZ_IT_INDEED_DISPLAY_RETE,35.09,5813,32,1
2024-09-30,Marche,Indeed,AZ_IT_INDEED_RETARGETING_CANDIDATI,18.81,2249,41,3
2024-09-30,Marche,Indeed,AZ_IT_INDEED_SPONSORED_JOBS,88.55,4314,179,13
2024-09-30,Molise,Indeed,AZ_IT_INDEED_DISPLAY_RETE,7.05,1176,7,0
2024-09-30,Molise,Indeed,AZ_IT_INDEED_RETARGETING_CANDIDATI,5.59,609,10,1
2024-09-30,Molise,Indeed,AZ_IT_INDEED_SPONSORED_JOBS,11.64,557,20,2
2024-09-30,Piemonte,Indeed,AZ_IT_INDEED_DISPLAY_RETE,154.46,26379,135,2
2024-09-30,Piemonte,Indeed,AZ_IT_INDEED_RETARGETING_CANDIDATI,87.27,9613,156,7
2024-09-30,Piemonte,Indeed,AZ_IT_INDEED_SPONSORED_JOBS,380.23,16853,672,28
2024-09-30,Puglia,Indeed,AZ_IT_INDEED_DISPLAY_RETE,117.85,19739,92,3
2024-09-30,Puglia,Indeed,AZ_IT_INDEED_RETARGETING_CANDIDATI,59.36,6255,110,7
2024-09-30,Puglia,Indeed,AZ_IT_INDEED_SPONSORED_JOBS,163.60,7793,312,19
2024-09-30,Sardegna,Indeed,AZ_IT_INDEED_DISPLAY_RETE,29.05,4749,24,0
2024-09-30,Sardegna,Indeed,AZ_IT_INDEED_RETARGETING_CANDIDATI,21.51,2484,48,1
2024-09-30,Sardegna,Indeed,AZ_IT_INDEED_SPONSORED_JOBS,126.08,5533,236,7
2024-09-30,Sicilia,Indeed,AZ_IT_INDEED_DISPLAY_RETE,97.81,16667,81,1
2024-09-30,Sicilia,Indeed,AZ_IT_INDEED_RETARGETING_CANDIDATI,42.88,5034,72,2
2024-09-30,Sicilia,Indeed,AZ_IT_INDEED_SPONSORED_JOBS,267.11,11896,451,17
2024-09-30,Toscana,Indeed,AZ_IT_INDEED_DISPLAY_RETE,88.08,14473,58,2
2024-09-30,Toscana,Indeed,AZ_IT_INDEED_RETARGETING_CANDIDATI,70.35,7903,144,5
2024-09-30,Toscana,Indeed,AZ_IT_INDEED_SPONSORED_JOBS,266.76,12129,535,18
2024-09-30,Trentino-Alto Adige,Indeed,AZ_IT_INDEED_DISPLAY_RETE,22.72,3952,22,1
2024-09-30,Trentino-Alto Adige,Indeed,AZ_IT_INDEED_RETARGETING_CANDIDATI,18.08,2098,38,2
2024-09-30,Trentino-Alto Adige,Indeed,AZ_IT_INDEED_SPONSORED_JOBS,75.05,3322,136,8
2024-09-30,Umbria,Indeed,AZ_IT_INDEED_DISPLAY_RETE,11.65,1973,9,0
2024-09-30,Umbria,Indeed,AZ_IT_INDEED_RETARGETING_CANDIDATI,15.49,1647,31,1
2024-09-30,Umbria,Indeed,AZ_IT_INDEED_SPONSORED_JOBS,64.42,2982,131,3
2024-09-30,Valle d'Aosta,Indeed,AZ_IT_INDEED_DISPLAY_RETE,2.65,461,3,0
2024-09-30,Valle d'Aosta,Indeed,AZ_IT_INDEED_RETARGETING_CANDIDATI,1.18,134,2,0
2024-09-30,Valle d'Aosta,Indeed,AZ_IT_INDEED_SPONSORED_JOBS,11.02,518,19,1
2024-09-30,Veneto,Indeed,AZ_IT_INDEED_DISPLAY_RETE,116.37,19385,97,2
2024-09-30,Veneto,Indeed,AZ_IT_INDEED_RETARGETING_CANDIDATI,144.74,16369,330,9
2024-09-30,Veneto,Indeed,AZ_IT_INDEED_SPONSORED_JOBS,493.20,21464,895,28
2024-10-07,Abruzzo,Indeed,AZ_IT_INDEED_DISPLAY_RETE,17.31,2941,16,0
2024-10-07,Abruzzo,Indeed,AZ_IT_INDEED_PPA_STAGIONALI,25.56,1328,53,1
2024-10-07,Abruzzo,Indeed,AZ_IT_INDEED_RETARGETING_CANDIDATI,20.12,2371,43,1
2024-10-07,Abruzzo,Indeed,AZ_IT_INDEED_SPONSORED_JOBS,99.68,4547,188,6
2024-10-07,Basilicata,Indeed,AZ_IT_INDEED_DISPLAY_RETE,5.75,957,5,0
2024-10-07,Basilicata,Indeed,AZ_IT_INDEED_PPA_STAGIONALI,9.20,443,17,0
2024-10-07,Basilicata,Indeed,AZ_IT_INDEED_RETARGETING_CANDIDATI,10.44,1184,22,0
2024-10-07,Basilicata,Indeed,AZ_IT_INDEED_SPONSORED_JOBS,33.76,1489,62,1
2024-10-07,Calabria,Indeed,AZ_IT_INDEED_DISPLAY_RETE,25.20,4126,22,0
2024-10-07,Calabria,Indeed,AZ_IT_INDEED_PPA_STAGIONALI,31.56,1656,67,1
2024-10-07,Calabria,Indeed,AZ_IT_INDEED_RETARGETING_CANDIDATI,28.90,3274,57,1
2024-10-07,Calabria,Indeed,AZ_IT_INDEED_SPONSORED_JOBS,189.08,8665,363,9
2024-10-07,Campania,Indeed,AZ_IT_INDEED_DISPLAY_RETE,69.56,11838,61,1
2024-10-07,Campania,Indeed,AZ_IT_INDEED_PPA_STAGIONALI,162.09,8277,319,8
2024-10-07,Campania,Indeed,AZ_IT_INDEED_RETARGETING_CANDIDATI,56.39,6211,121,3
2024-10-07,Campania,Indeed,AZ_IT_INDEED_SPONSORED_JOBS,218.72,10031,418,13
2024-10-07,Emilia-Romagna,Indeed,AZ_IT_INDEED_DISPLAY_RETE,86.41,14153,72,1
2024-10-07,Emilia-Romagna,Indeed,AZ_IT_INDEED_PPA_STAGIONALI,112.95,5701,241,4
2024-10-07,Emilia-Romagna,Indeed,AZ_IT_INDEED_RETARGETING_CANDIDATI,80.95,9267,196,3
2024-10-07,Emilia-Romagna,Indeed,AZ_IT_INDEED_SPONSORED_JOBS,486.66,21698,750,20
2024-10-07,Friuli-Venezia Giulia,Indeed,AZ_IT_INDEED_DISPLAY_RETE,16.94,2774,14,0
2024-10-07,Friuli-Venezia Giulia,Indeed,AZ_IT_INDEED_PPA_STAGIONALI,33.71,1671,65,2
2024-10-07,Friuli-Venezia Giulia,Indeed,AZ_IT_INDEED_RETARGETING_CANDIDATI,13.09,1398,25,1
2024-10-07,Friuli-Venezia Giulia,Indeed,AZ_IT_INDEED_SPONSORED_JOBS,69.77,3156,144,5
2024-10-07,Lazio,Indeed,AZ_IT_INDEED_DISPLAY_RETE,82.87,13101,60,1
2024-10-07,Lazio,Indeed,AZ_IT_INDEED_PPA_STAGIONALI,97.39,4792,164,4
2024-10-07,Lazio,Indeed,AZ_IT_INDEED_RETARGETING_CANDIDATI,98.29,10806,198,5
2024-10-07,Lazio,Indeed,AZ_IT_INDEED_SPONSORED_JOBS,425.66,19408,759,26
2024-10-07,Liguria,Indeed,AZ_IT_INDEED_DISPLAY_RETE,17.34,3007,14,0
2024-10-07,Liguria,Indeed,AZ_IT_INDEED_PPA_STAGIONALI,17.95,925,36,1
2024-10-07,Liguria,Indeed,AZ_IT_INDEED_RETARGETING_CANDIDATI,19.85,2191,41,1
2024-10-07,Liguria,Indeed,AZ_IT_INDEED_SPONSORED_JOBS,74.15,3301,130,5
2024-10-07,Lombardia,Indeed,AZ_IT_INDEED_DISPLAY_RETE,235.32,38784,168,4
2024-10-07,Lombardia,Indeed,AZ_IT_INDEED_PPA_STAGIONALI,333.72,16036,578,17
2024-10-07,Lombardia,Indeed,AZ_IT_INDEED_RETARGETING_CANDIDATI,151.94,15922,315,8
2024-10-07,Lombardia,Indeed,AZ_IT_INDEED_SPONSORED_JOBS,810.30,34982,1440,60
2024-10-07,Marche,Indeed,AZ_IT_INDEED_DISPLAY_RETE,21.64,3563,17,1
2024-10-07,Marche,Indeed,AZ_IT_INDEED_PPA_STAGIONALI,32.20,1716,64,4
2024-10-07,Marche,Indeed,AZ_IT_INDEED_RETARGETING_CANDIDATI,16.53,1872,36,2
2024-10-07,Marche,Indeed,AZ_IT_INDEED_SPONSORED_JOBS,65.50,3047,129,9
2024-10-07,Molise,Indeed,AZ_IT_INDEED_DISPLAY_RETE,4.77,782,4,0
2024-10-07,Molise,Indeed,AZ_IT_INDEED_PPA_STAGIONALI,4.59,236,9,0
2024-10-07,Molise,Indeed,AZ_IT_INDEED_RETARGETING_CANDIDATI,5.22,554,10,1
2024-10-07,Molise,Indeed,AZ_IT_INDEED_SPONSORED_JOBS,9.75,453,17,1
2024-10-07,Piemonte,Indeed,AZ_IT_INDEED_DISPLAY_RETE,101.34,16693,87,2
2024-10-07,Piemonte,Indeed,AZ_IT_INDEED_PPA_STAGIONALI,106.78,5425,215,6
2024-10-07,Piemonte,Indeed,AZ_IT_INDEED_RETARGETING_CANDIDATI,93.85,10789,202,7
2024-10-07,Piemonte,Indeed,AZ_IT_INDEED_SPONSORED_JOBS,346.25,16080,590,27
2024-10-07,Puglia,Indeed,AZ_IT_INDEED_DISPLAY_RETE,81.02,13218,56,2
2024-10-07,Puglia,Indeed,AZ_IT_INDEED_PPA_STAGIONALI,81.03,4098,153,6
2024-10-07,Puglia,Indeed,AZ_IT_INDEED_RETARGETING_CANDIDATI,65.11,7021,134,6
2024-10-07,Puglia,Indeed,AZ_IT_INDEED_SPONSORED_JOBS,120.05,5294,239,12
2024-10-07,Sardegna,Indeed,AZ_IT_INDEED_DISPLAY_RETE,19.77,3185,16,0
2024-10-07,Sardegna,Indeed,AZ_IT_INDEED_PPA_STAGIONALI,18.92,927,39,1
2024-10-07,Sardegna,Indeed,AZ_IT_INDEED_RETARGETING_CANDIDATI,22.22,2464,48,1
2024-10-07,Sardegna,Indeed,AZ_IT_INDEED_SPONSORED_JOBS,109.70,4952,198,6
2024-10-07,Sicilia,Indeed,AZ_IT_INDEED_DISPLAY_RETE,79.16,13435,68,1
2024-10-07,Sicilia,Indeed,AZ_IT_INDEED_PPA_STAGIONALI,102.70,5167,199,4
2024-10-07,Sicilia,Indeed,AZ_IT_INDEED_RETARGETING_CANDIDATI,43.87,4995,97,2
2024-10-07,Sicilia,Indeed,AZ_IT_INDEED_SPONSORED_JOBS,238.52,10311,432,12
2024-10-07,Toscana,Indeed,AZ_IT_INDEED_DISPLAY_RETE,75.03,12269,63,2
2024-10-07,Toscana,Indeed,AZ_IT_INDEED_PPA_STAGIONALI,56.34,2694,101,4
2024-10-07,Toscana,Indeed,AZ_IT_INDEED_RETARGETING_CANDIDATI,66.67,7894,137,5
2024-10-07,Toscana,Indeed,AZ_IT_INDEED_SPONSORED_JOBS,198.22,9574,365,13
2024-10-07,Trentino-Alto Adige,Indeed,AZ_IT_INDEED_DISPLAY_RETE,15.62,2681,12,0
2024-10-07,Trentino-Alto Adige,Indeed,AZ_IT_INDEED_PPA_STAGIONALI,21.87,1059,43,2
2024-10-07,Trentino-Alto Adige,Indeed,AZ_IT_INDEED_RETARGETING_CANDIDATI,17.35,1899,41,1
2024-10-07,Trentino-Alto Adige,Indeed,AZ_IT_INDEED_SPONSORED_JOBS,61.72,2694,123,5
2024-10-07,Umbria,Indeed,AZ_IT_INDEED_DISPLAY_RETE,8.00,1338,7,0
2024-10-07,Umbria,Indeed,AZ_IT_INDEED_PPA_STAGIONALI,11.77,560,22,0
2024-10-07,Umbria,Indeed,AZ_IT_INDEED_RETARGETING_CANDIDATI,14.42,1571,29,1
2024-10-07,Umbria,Indeed,AZ_IT_INDEED_SPONSORED_JOBS,46.44,2190,95,3
2024-10-07,Valle d'Aosta,Indeed,AZ_IT_INDEED_DISPLAY_RETE,2.10,328,2,0
2024-10-07,Valle d'Aosta,Indeed,AZ_IT_INDEED_PPA_STAGIONALI,2.65,133,5,0
2024-10-07,Valle d'Aosta,Indeed,AZ_IT_INDEED_RETARGETING_CANDIDATI,1.10,126,2,0
2024-10-07,Valle d'Aosta,Indeed,AZ_IT_INDEED_SPONSORED_JOBS,8.47,376,15,1
2024-10-07,Veneto,Indeed,AZ_IT_INDEED_DISPLAY_RETE,95.15,16147,78,2
2024-10-07,Veneto,Indeed,AZ_IT_INDEED_PPA_STAGIONALI,135.76,6698,237,6
2024-10-07,Veneto,Indeed,AZ_IT_INDEED_RETARGETING_CANDIDATI,145.08,16244,313,9
2024-10-07,Veneto,Indeed,AZ_IT_INDEED_SPONSORED_JOBS,420.37,19281,875,29
2024-10-14,Abruzzo,Indeed,AZ_IT_INDEED_DISPLAY_RETE,19.74,3291,15,0
2024-10-14,Abruzzo,Indeed,AZ_IT_INDEED_PPA_STAGIONALI,28.51,1417,61,1
2024-10-14,Abruzzo,Indeed,AZ_IT_INDEED_RETARGETING_CANDIDATI,18.38,2081,39,1
2024-10-14,Abruzzo,Indeed,AZ_IT_INDEED_SPONSORED_JOBS,83.35,3760,161,5
2024-10-14,Basilicata,Indeed,AZ_IT_INDEED_DISPLAY_RETE,6.24,1043,5,0
2024-10-14,Basilicata,Indeed,AZ_IT_INDEED_PPA_STAGIONALI,9.91,499,19,0
2024-10-14,Basilicata,Indeed,AZ_IT_INDEED_RETARGETING_CANDIDATI,9.22,1037,20,0
2024-10-14,Basilicata,Indeed,AZ_IT_INDEED_SPONSORED_JOBS,31.45,1413,61,2
2024-10-14,Calabria,Indeed,AZ_IT_INDEED_DISPLAY_RETE,24.78,4215,19,0
2024-10-14,Calabria,Indeed,AZ_IT_INDEED_PPA_STAGIONALI,34.82,1806,69,2
2024-10-14,Calabria,Indeed,AZ_IT_INDEED_RETARGETING_CANDIDATI,28.28,3139,54,2
2024-10-14,Calabria,Indeed,AZ_IT_INDEED_SPONSORED_JOBS,158.09,7274,317,10
2024-10-14,Campania,Indeed,AZ_IT_INDEED_DISPLAY_RETE,90.49,14710,74,1
2024-10-14,Campania,Indeed,AZ_IT_INDEED_PPA_STAGIONALI,174.19,8314,346,7
2024-10-14,Campania,Indeed,AZ_IT_INDEED_RETARGETING_CANDIDATI,52.40,5791,105,3
2024-10-14,Campania,Indeed,AZ_IT_INDEED_SPONSORED_JOBS,239.61,10711,428,14
2024-10-14,Emilia-Romagna,Indeed,AZ_IT_INDEED_DISPLAY_RETE,91.87,15896,70,1
2024-10-14,Emilia-Romagna,Indeed,AZ_IT_INDEED_PPA_STAGIONALI,108.13,5637,216,3
2024-10-14,Emilia-Romagna,Indeed,AZ_IT_INDEED_RETARGETING_CANDIDATI,83.32,9732,176,3
2024-10-14,Emilia-Romagna,Indeed,AZ_IT_INDEED_SPONSORED_JOBS,403.84,17468,807,18
2024-10-14,Friuli-Venezia Giulia,Indeed,AZ_IT_INDEED_DISPLAY_RETE,19.11,3149,15,0
2024-10-14,Friuli-Venezia Giulia,Indeed,AZ_IT_INDEED_PPA_STAGIONALI,33.69,1690,63,2
2024-10-14,Friuli-Venezia Giulia,Indeed,AZ_IT_INDEED_RETARGETING_CANDIDATI,11.10,1185,23,1
2024-10-14,Friuli-Venezia Giulia,Indeed,AZ_IT_INDEED_SPONSORED_JOBS,58.09,2627,121,5
2024-10-14,Lazio,Indeed,AZ_IT_INDEED_DISPLAY_RETE,93.36,16336,80,1
2024-10-14,Lazio,Indeed,AZ_IT_INDEED_PPA_STAGIONALI,98.22,4842,185,5
2024-10-14,Lazio,Indeed,AZ_IT_INDEED_RETARGETING_CANDIDATI,78.02,8301,151,4
2024-10-14,Lazio,Indeed,AZ_IT_INDEED_SPONSORED_JOBS,358.97,16862,778,25
2024-10-14,Liguria,Indeed,AZ_IT_INDEED_DISPLAY_RETE,16.15,2595,12,0
2024-10-14,Liguria,Indeed,AZ_IT_INDEED_PPA_STAGIONALI,18.78,946,35,1
2024-10-14,Liguria,Indeed,AZ_IT_INDEED_RETARGETING_CANDIDATI,16.80,1816,33,1
2024-10-14,Liguria,Indeed,AZ_IT_INDEED_SPONSORED_JOBS,72.88,3315,114,5
2024-10-14,Lombardia,Indeed,AZ_IT_INDEED_DISPLAY_RETE,270.26,43646,209,5
2024-10-14,Lombardia,Indeed,AZ_IT_INDEED_PPA_STAGIONALI,251.14,12709,483,16
2024-10-14,Lombardia,Indeed,AZ_IT_INDEED_RETARGETING_CANDIDATI,156.91,18351,337,12
2024-10-14,Lombardia,Indeed,AZ_IT_INDEED_SPONSORED_JOBS,702.54,31033,1276,54
2024-10-14,Marche,Indeed,AZ_IT_INDEED_DISPLAY_RETE,23.03,3860,19,1
2024-10-14,Marche,Indeed,AZ_IT_INDEED_PPA_STAGIONALI,27.98,1448,56,3
2024-10-14,Marche,Indeed,AZ_IT_INDEED_RETARGETING_CANDIDATI,18.66,2203,44,2
2024-10-14,Marche,Indeed,AZ_IT_INDEED_SPONSORED_JOBS,62.46,3075,129,10
2024-10-14,Molise,Indeed,AZ_IT_INDEED_DISPLAY_RETE,5.44,917,5,0
2024-10-14,Molise,Indeed,AZ_IT_INDEED_PPA_STAGIONALI,4.72,235,9,0
2024-10-14,Molise,Indeed,AZ_IT_INDEED_RETARGETING_CANDIDATI,4.76,544,8,1
2024-10-14,Molise,Indeed,AZ_IT_INDEED_SPONSORED_JOBS,7.89,359,14,1
2024-10-14,Piemonte,Indeed,AZ_IT_INDEED_DISPLAY_RETE,91.87,15276,82,2
2024-10-14,Piemonte,Indeed,AZ_IT_INDEED_PPA_STAGIONALI,120.71,5803,219,8
2024-10-14,Piemonte,Indeed,AZ_IT_INDEED_RETARGETING_CANDIDATI,90.84,9542,177,6
2024-10-14,Piemonte,Indeed,AZ_IT_INDEED_SPONSORED_JOBS,273.76,12126,498,21
2024-10-14,Puglia,Indeed,AZ_IT_INDEED_DISPLAY_RETE,81.25,13602,75,2
2024-10-14,Puglia,Indeed,AZ_IT_INDEED_PPA_STAGIONALI,70.44,3377,129,6
2024-10-14,Puglia,Indeed,AZ_IT_INDEED_RETARGETING_CANDIDATI,54.03,6130,108,6
2024-10-14,Puglia,Indeed,AZ_IT_INDEED_SPONSORED_JOBS,116.85,5654,231,12
2024-10-14,Sardegna,Indeed,AZ_IT_INDEED_DISPLAY_RETE,19.98,3424,18,0
2024-10-14,Sardegna,Indeed,AZ_IT_INDEED_PPA_STAGIONALI,19.24,983,38,1
2024-10-14,Sardegna,Indeed,AZ_IT_INDEED_RETARGETING_CANDIDATI,18.50,2053,32,1
2024-10-14,Sardegna,Indeed,AZ_IT_INDEED_SPONSORED_JOBS,104.80,4516,203,7
2024-10-14,Sicilia,Indeed,AZ_IT_INDEED_DISPLAY_RETE,72.12,11920,65,1
2024-10-14,Sicilia,Indeed,AZ_IT_INDEED_PPA_STAGIONALI,112.07,5689,254,4
2024-10-14,Sicilia,Indeed,AZ_IT_INDEED_RETARGETING_CANDIDATI,42.85,4632,77,2
2024-10-14,Sicilia,Indeed,AZ_IT_INDEED_SPONSORED_JOBS,239.19,10568,470,12
2024-10-14,Toscana,Indeed,AZ_IT_INDEED_DISPLAY_RETE,64.80,10451,56,1
2024-10-14,Toscana,Indeed,AZ_IT_INDEED_PPA_STAGIONALI,53.76,2834,112,3
2024-10-14,Toscana,Indeed,AZ_IT_INDEED_RETARGETING_CANDIDATI,76.45,8875,148,5
2024-10-14,Toscana,Indeed,AZ_IT_INDEED_SPONSORED_JOBS,208.11,9749,410,15
2024-10-14,Trentino-Alto Adige,Indeed,AZ_IT_INDEED_DISPLAY_RETE,17.13,2974,15,0
2024-10-14,Trentino-Alto Adige,Indeed,AZ_IT_INDEED_PPA_STAGIONALI,25.18,1205,38,2
2024-10-14,Trentino-Alto Adige,Indeed,AZ_IT_INDEED_RETARGETING_CANDIDATI,16.79,1946,34,1
2024-10-14,Trentino-Alto Adige,Indeed,AZ_IT_INDEED_SPONSORED_JOBS,57.80,2553,108,5
2024-10-14,Umbria,Indeed,AZ_IT_INDEED_DISPLAY_RETE,11.67,2012,10,0
2024-10-14,Umbria,Indeed,AZ_IT_INDEED_PPA_STAGIONALI,13.77,698,26,1
2024-10-14,Umbria,Indeed,AZ_IT_INDEED_RETARGETING_CANDIDATI,12.06,1316,22,1
2024-10-14,Umbria,Indeed,AZ_IT_INDEED_SPONSORED_JOBS,46.49,2159,89,3
2024-10-14,Valle d'Aosta,Indeed,AZ_IT_INDEED_DISPLAY_RETE,2.43,417,2,0
2024-10-14,Valle d'Aosta,Indeed,AZ_IT_INDEED_PPA_STAGIONALI,2.30,118,4,0
2024-10-14,Valle d'Aosta,Indeed,AZ_IT_INDEED_RETARGETING_CANDIDATI,1.05,121,2,0
2024-10-14,Valle d'Aosta,Indeed,AZ_IT_INDEED_SPONSORED_JOBS,7.90,368,17,1
2024-10-14,Veneto,Indeed,AZ_IT_INDEED_DISPLAY_RETE,87.81,14099,71,1
2024-10-14,Veneto,Indeed,AZ_IT_INDEED_PPA_STAGIONALI,132.51,6687,249,7
2024-10-14,Veneto,Indeed,AZ_IT_INDEED_RETARGETING_CANDIDATI,132.14,14447,274,9
2024-10-14,Veneto,Indeed,AZ_IT_INDEED_SPONSORED_JOBS,352.03,16995,715,28
2024-10-21,Abruzzo,Indeed,AZ_IT_INDEED_DISPLAY_RETE,17.36,2819,13,0
2024-10-21,Abruzzo,Indeed,AZ_IT_INDEED_PPA_STAGIONALI,22.49,1119,42,1
2024-10-21,Abruzzo,Indeed,AZ_IT_INDEED_RETARGETING_CANDIDATI,17.07,1905,35,1
2024-10-21,Abruzzo,Indeed,AZ_IT_INDEED_SPONSORED_JOBS,78.18,3667,169,6
2024-10-21,Basilicata,Indeed,AZ_IT_INDEED_DISPLAY_RETE,4.76,805,4,0
2024-10-21,Basilicata,Indeed,AZ_IT_INDEED_PPA_STAGIONALI,8.23,408,14,0
2024-10-21,Basilicata,Indeed,AZ_IT_INDEED_RETARGETING_CANDIDATI,7.00,747,13,0
2024-10-21,Basilicata,Indeed,AZ_IT_INDEED_SPONSORED_JOBS,31.68,1420,62,1
2024-10-21,Calabria,Indeed,AZ_IT_INDEED_DISPLAY_RETE,21.74,3818,21,0
2024-10-21,Calabria,Indeed,AZ_IT_INDEED_PPA_STAGIONALI,31.07,1539,66,1
2024-10-21,Calabria,Indeed,AZ_IT_INDEED_RETARGETING_CANDIDATI,28.74,3124,57,2
2024-10-21,Calabria,Indeed,AZ_IT_INDEED_SPONSORED_JOBS,171.05,7603,325,11
2024-10-21,Campania,Indeed,AZ_IT_INDEED_DISPLAY_RETE,74.36,12944,69,1
2024-10-21,Campania,Indeed,AZ_IT_INDEED_PPA_STAGIONALI,119.38,6014,232,6
2024-10-21,Campania,Indeed,AZ_IT_INDEED_RETARGETING_CANDIDATI,43.24,4604,86,3
2024-10-21,Campania,Indeed,AZ_IT_INDEED_SPONSORED_JOBS,222.35,9787,359,15
2024-10-21,Emilia-Romagna,Indeed,AZ_IT_INDEED_DISPLAY_RETE,64.69,10728,53,1
2024-10-21,Emilia-Romagna,Indeed,AZ_IT_INDEED_PPA_STAGIONALI,112.18,5811,237,4
2024-10-21,Emilia-Romagna,Indeed,AZ_IT_INDEED_RETARGETING_CANDIDATI,70.11,7695,150,4
2024-10-21,Emilia-Romagna,Indeed,AZ_IT_INDEED_SPONSORED_JOBS,363.21,15957,711,22
2024-10-21,Friuli-Venezia Giulia,Indeed,AZ_IT_INDEED_DISPLAY_RETE,17.13,2785,15,0
2024-10-21,Friuli-Venezia Giulia,Indeed,AZ_IT_INDEED_PPA_STAGIONALI,23.06,1110,40,1
2024-10-21,Friuli-Venezia Giulia,Indeed,AZ_IT_INDEED_RETARGETING_CANDIDATI,12.26,1293,22,1
2024-10-21,Friuli-Venezia Giulia,Indeed,AZ_IT_INDEED_SPONSORED_JOBS,66.72,3068,111,5
2024-10-21,Lazio,Indeed,AZ_IT_INDEED_DISPLAY_RETE,82.16,13255,61,2
2024-10-21,Lazio,Indeed,AZ_IT_INDEED_PPA_STAGIONALI,78.22,3867,147,4
2024-10-21,Lazio,Indeed,AZ_IT_INDEED_RETARGETING_CANDIDATI,67.29,8091,163,4
2024-10-21,Lazio,Indeed,AZ_IT_INDEED_SPONSORED_JOBS,320.73,13801,559,23
2024-10-21,Liguria,Indeed,AZ_IT_INDEED_DISPLAY_RETE,14.81,2447,13,0
2024-10-21,Liguria,Indeed,AZ_IT_INDEED_PPA_STAGIONALI,13.49,705,28,1
2024-10-21,Liguria,Indeed,AZ_IT_INDEED_RETARGETING_CANDIDATI,18.24,1994,36,1
2024-10-21,Liguria,Indeed,AZ_IT_INDEED_SPONSORED_JOBS,75.19,3434,127,5
2024-10-21,Lombardia,Indeed,AZ_IT_INDEED_DISPLAY_RETE,214.99,38795,190,4
2024-10-21,Lombardia,Indeed,AZ_IT_INDEED_PPA_STAGIONALI,204.16,9813,342,14
2024-10-21,Lombardia,Indeed,AZ_IT_INDEED_RETARGETING_CANDIDATI,130.23,14638,266,9
2024-10-21,Lombardia,Indeed,AZ_IT_INDEED_SPONSORED_JOBS,744.85,31898,1398,59
2024-10-21,Marche,Indeed,AZ_IT_INDEED_DISPLAY_RETE,18.72,3023,14,1
2024-10-21,Marche,Indeed,AZ_IT_INDEED_PPA_STAGIONALI,19.41,983,44,2
2024-10-21,Marche,Indeed,AZ_IT_INDEED_RETARGETING_CANDIDATI,14.41,1630,28,2
2024-10-21,Marche,Indeed,AZ_IT_INDEED_SPONSORED_JOBS,61.80,2831,113,10
2024-10-21,Molise,Indeed,AZ_IT_INDEED_DISPLAY_RETE,4.27,712,3,0
2024-10-21,Molise,Indeed,AZ_IT_INDEED_PPA_STAGIONALI,3.93,181,7,0
2024-10-21,Molise,Indeed,AZ_IT_INDEED_RETARGETING_CANDIDATI,4.73,501,8,0
2024-10-21,Molise,Indeed,AZ_IT_INDEED_SPONSORED_JOBS,9.27,414,18,1
2024-10-21,Piemonte,Indeed,AZ_IT_INDEED_DISPLAY_RETE,88.97,14475,73,2
2024-10-21,Piemonte,Indeed,AZ_IT_INDEED_PPA_STAGIONALI,83.57,4118,159,5
2024-10-21,Piemonte,Indeed,AZ_IT_INDEED_RETARGETING_CANDIDATI,79.33,8962,145,6
2024-10-21,Piemonte,Indeed,AZ_IT_INDEED_SPONSORED_JOBS,278.93,12919,452,28
2024-10-21,Puglia,Indeed,AZ_IT_INDEED_DISPLAY_RETE,71.04,11940,60,2
2024-10-21,Puglia,Indeed,AZ_IT_INDEED_PPA_STAGIONALI,57.11,2777,101,5
2024-10-21,Puglia,Indeed,AZ_IT_INDEED_RETARGETING_CANDIDATI,47.11,5127,104,5
2024-10-21,Puglia,Indeed,AZ_IT_INDEED_SPONSORED_JOBS,117.51,4908,214,12
2024-10-21,Sardegna,Indeed,AZ_IT_INDEED_DISPLAY_RETE,18.18,2863,15,0
2024-10-21,Sardegna,Indeed,AZ_IT_INDEED_PPA_STAGIONALI,18.65,964,37,1
2024-10-21,Sardegna,Indeed,AZ_IT_INDEED_RETARGETING_CANDIDATI,16.85,1886,37,1
2024-10-21,Sardegna,Indeed,AZ_IT_INDEED_SPONSORED_JOBS,93.32,4362,189,6
2024-10-21,Sicilia,Indeed,AZ_IT_INDEED_DISPLAY_RETE,52.99,8521,40,1
2024-10-21,Sicilia,Indeed,AZ_IT_INDEED_PPA_STAGIONALI,94.43,4557,147,4
2024-10-21,Sicilia,Indeed,AZ_IT_INDEED_RETARGETING_CANDIDATI,33.95,3770,71,2
2024-10-21,Sicilia,Indeed,AZ_IT_INDEED_SPONSORED_JOBS,228.01,10367,395,11
2024-10-21,Toscana,Indeed,AZ_IT_INDEED_DISPLAY_RETE,56.40,9121,55,1
2024-10-21,Toscana,Indeed,AZ_IT_INDEED_PPA_STAGIONALI,53.26,2574,101,3
2024-10-21,Toscana,Indeed,AZ_IT_INDEED_RETARGETING_CANDIDATI,58.32,6428,107,4
2024-10-21,Toscana,Indeed,AZ_IT_INDEED_SPONSORED_JOBS,202.70,9084,358,16
2024-10-21,Trentino-Alto Adige,Indeed,AZ_IT_INDEED_DISPLAY_RETE,12.59,2022,10,0
2024-10-21,Trentino-Alto Adige,Indeed,AZ_IT_INDEED_PPA_STAGIONALI,22.42,1091,46,1
2024-10-21,Trentino-Alto Adige,Indeed,AZ_IT_INDEED_RETARGETING_CANDIDATI,15.74,1710,31,1
2024-10-21,Trentino-Alto Adige,Indeed,AZ_IT_INDEED_SPONSORED_JOBS,73.31,3385,152,8
2024-10-21,Umbria,Indeed,AZ_IT_INDEED_DISPLAY_RETE,9.16,1487,8,0
2024-10-21,Umbria,Indeed,AZ_IT_INDEED_PPA_STAGIONALI,12.23,602,21,0
2024-10-21,Umbria,Indeed,AZ_IT_INDEED_RETARGETING_CANDIDATI,10.88,1256,20,1
2024-10-21,Umbria,Indeed,AZ_IT_INDEED_SPONSORED_JOBS,45.62,2101,88,3
2024-10-21,Valle d'Aosta,Indeed,AZ_IT_INDEED_DISPLAY_RETE,2.07,345,2,0
2024-10-21,Valle d'Aosta,Indeed,AZ_IT_INDEED_PPA_STAGIONALI,1.81,89,3,0
2024-10-21,Valle d'Aosta,Indeed,AZ_IT_INDEED_RETARGETING_CANDIDATI,1.15,133,2,0
2024-10-21,Valle d'Aosta,Indeed,AZ_IT_INDEED_SPONSORED_JOBS,7.58,330,14,1
2024-10-21,Veneto,Indeed,AZ_IT_INDEED_DISPLAY_RETE,70.92,12311,55,1
2024-10-21,Veneto,Indeed,AZ_IT_INDEED_PPA_STAGIONALI,104.48,5131,183,6
2024-10-21,Veneto,Indeed,AZ_IT_INDEED_RETARGETING_CANDIDATI,122.66,13893,222,9
2024-10-21,Veneto,Indeed,AZ_IT_INDEED_SPONSORED_JOBS,312.83,14287,514,25
2024-10-28,Abruzzo,Indeed,AZ_IT_INDEED_DISPLAY_RETE,16.11,2665,15,0
2024-10-28,Abruzzo,Indeed,AZ_IT_INDEED_PPA_STAGIONALI,24.65,1243,51,1
2024-10-28,Abruzzo,Indeed,AZ_IT_INDEED_RETARGETING_CANDIDATI,10.84,1219,21,1
2024-10-28,Abruzzo,Indeed,AZ_IT_INDEED_SPONSORED_JOBS,72.16,3352,136,6
2024-10-28,Basilicata,Indeed,AZ_IT_INDEED_DISPLAY_RETE,4.09,666,3,0
2024-10-28,Basilicata,Indeed,AZ_IT_INDEED_PPA_STAGIONALI,7.09,343,14,0
2024-10-28,Basilicata,Indeed,AZ_IT_INDEED_RETARGETING_CANDIDATI,4.86,526,9,0
2024-10-28,Basilicata,Indeed,AZ_IT_INDEED_SPONSORED_JOBS,27.14,1175,52,1
2024-10-28,Calabria,Indeed,AZ_IT_INDEED_DISPLAY_RETE,20.74,3506,19,0
2024-10-28,Calabria,Indeed,AZ_IT_INDEED_PPA_STAGIONALI,30.44,1542,56,2
2024-10-28,Calabria,Indeed,AZ_IT_INDEED_RETARGETING_CANDIDATI,18.96,2138,37,1
2024-10-28,Calabria,Indeed,AZ_IT_INDEED_SPONSORED_JOBS,144.45,6606,257,9
2024-10-28,Campania,Indeed,AZ_IT_INDEED_DISPLAY_RETE,66.59,11430,59,1
2024-10-28,Campania,Indeed,AZ_IT_INDEED_PPA_STAGIONALI,132.55,6475,246,6
2024-10-28,Campania,Indeed,AZ_IT_INDEED_RETARGETING_CANDIDATI,30.93,3396,57,2
2024-10-28,Campania,Indeed,AZ_IT_INDEED_SPONSORED_JOBS,206.74,9737,381,12
2024-10-28,Emilia-Romagna,Indeed,AZ_IT_INDEED_DISPLAY_RETE,53.92,8663,42,1
2024-10-28,Emilia-Romagna,Indeed,AZ_IT_INDEED_PPA_STAGIONALI,116.35,5450,210,4
2024-10-28,Emilia-Romagna,Indeed,AZ_IT_INDEED_RETARGETING_CANDIDATI,48.17,5069,90,2
2024-10-28,Emilia-Romagna,Indeed,AZ_IT_INDEED_SPONSORED_JOBS,391.05,17866,732,19
2024-10-28,Friuli-Venezia Giulia,Indeed,AZ_IT_INDEED_DISPLAY_RETE,14.44,2346,12,0
2024-10-28,Friuli-Venezia Giulia,Indeed,AZ_IT_INDEED_PPA_STAGIONALI,20.73,1031,36,1
2024-10-28,Friuli-Venezia Giulia,Indeed,AZ_IT_INDEED_RETARGETING_CANDIDATI,8.62,943,18,1
2024-10-28,Friuli-Venezia Giulia,Indeed,AZ_IT_INDEED_SPONSORED_JOBS,68.10,3052,118,5
2024-10-28,Lazio,Indeed,AZ_IT_INDEED_DISPLAY_RETE,77.59,12646,63,1
2024-10-28,Lazio,Indeed,AZ_IT_INDEED_PPA_STAGIONALI,87.06,4412,155,5
2024-10-28,Lazio,Indeed,AZ_IT_INDEED_RETARGETING_CANDIDATI,52.63,5821,114,3
2024-10-28,Lazio,Indeed,AZ_IT_INDEED_SPONSORED_JOBS,286.96,12508,564,22
2024-10-28,Liguria,Indeed,AZ_IT_INDEED_DISPLAY_RETE,16.17,2671,14,0
2024-10-28,Liguria,Indeed,AZ_IT_INDEED_PPA_STAGIONALI,13.46,654,24,1
2024-10-28,Liguria,Indeed,AZ_IT_INDEED_RETARGETING_CANDIDATI,14.54,1663,28,1
2024-10-28,Liguria,Indeed,AZ_IT_INDEED_SPONSORED_JOBS,69.06,3036,131,5
2024-10-28,Lombardia,Indeed,AZ_IT_INDEED_DISPLAY_RETE,191.86,31768,167,3
2024-10-28,Lombardia,Indeed,AZ_IT_INDEED_PPA_STAGIONALI,204.48,10249,366,10
2024-10-28,Lombardia,Indeed,AZ_IT_INDEED_RETARGETING_CANDIDATI,118.51,13253,248,8
2024-10-28,Lombardia,Indeed,AZ_IT_INDEED_SPONSORED_JOBS,741.33,33288,1366,55
2024-10-28,Marche,Indeed,AZ_IT_INDEED_DISPLAY_RETE,17.29,2893,15,1
2024-10-28,Marche,Indeed,AZ_IT_INDEED_PPA_STAGIONALI,27.85,1372,52,3
2024-10-28,Marche,Indeed,AZ_IT_INDEED_RETARGETING_CANDIDATI,9.77,1081,20,1
2024-10-28,Marche,Indeed,AZ_IT_INDEED_SPONSORED_JOBS,54.92,2554,120,10
2024-10-28,Molise,Indeed,AZ_IT_INDEED_DISPLAY_RETE,4.00,660,3,0
2024-10-28,Molise,Indeed,AZ_IT_INDEED_PPA_STAGIONALI,4.09,201,7,0
2024-10-28,Molise,Indeed,AZ_IT_INDEED_RETARGETING_CANDIDATI,3.26,361,7,0
2024-10-28,Molise,Indeed,AZ_IT_INDEED_SPONSORED_JOBS,8.77,406,17,1
2024-10-28,Piemonte,Indeed,AZ_IT_INDEED_DISPLAY_RETE,75.44,12780,61,2
2024-10-28,Piemonte,Indeed,AZ_IT_INDEED_PPA_STAGIONALI,110.46,5622,216,9
2024-10-28,Piemonte,Indeed,AZ_IT_INDEED_RETARGETING_CANDIDATI,70.30,8036,154,6
2024-10-28,Piemonte,Indeed,AZ_IT_INDEED_SPONSORED_JOBS,210.63,9459,402,22
2024-10-28,Puglia,Indeed,AZ_IT_INDEED_DISPLAY_RETE,54.61,9012,42,2
2024-10-28,Puglia,Indeed,AZ_IT_INDEED_PPA_STAGIONALI,56.10,2859,108,4
2024-10-28,Puglia,Indeed,AZ_IT_INDEED_RETARGETING_CANDIDATI,31.17,3360,61,3
2024-10-28,Puglia,Indeed,AZ_IT_INDEED_SPONSORED_JOBS,110.72,4908,189,12
2024-10-28,Sardegna,Indeed,AZ_IT_INDEED_DISPLAY_RETE,15.47,2454,13,0
2024-10-28,Sardegna,Indeed,AZ_IT_INDEED_PPA_STAGIONALI,17.56,847,34,1
2024-10-28,Sardegna,Indeed,AZ_IT_INDEED_RETARGETING_CANDIDATI,14.89,1662,30,1
2024-10-28,Sardegna,Indeed,AZ_IT_INDEED_SPONSORED_JOBS,83.70,3735,153,6
2024-10-28,Sicilia,Indeed,AZ_IT_INDEED_DISPLAY_RETE,58.31,9875,47,1
2024-10-28,Sicilia,Indeed,AZ_IT_INDEED_PPA_STAGIONALI,91.63,4445,172,3
2024-10-28,Sicilia,Indeed,AZ_IT_INDEED_RETARGETING_CANDIDATI,28.14,3235,61,1
2024-10-28,Sicilia,Indeed,AZ_IT_INDEED_SPONSORED_JOBS,241.55,11360,489,12
2024-10-28,Toscana,Indeed,AZ_IT_INDEED_DISPLAY_RETE,49.32,8004,44,1
2024-10-28,Toscana,Indeed,AZ_IT_INDEED_PPA_STAGIONALI,48.39,2471,81,3
2024-10-28,Toscana,Indeed,AZ_IT_INDEED_RETARGETING_CANDIDATI,36.99,4125,84,3
2024-10-28,Toscana,Indeed,AZ_IT_INDEED_SPONSORED_JOBS,224.80,9750,419,17
2024-10-28,Trentino-Alto Adige,Indeed,AZ_IT_INDEED_DISPLAY_RETE,10.45,1717,8,0
2024-10-28,Trentino-Alto Adige,Indeed,AZ_IT_INDEED_PPA_STAGIONALI,20.94,1013,37,2
2024-10-28,Trentino-Alto Adige,Indeed,AZ_IT_INDEED_RETARGETING_CANDIDATI,10.67,1180,19,1
2024-10-28,Trentino-Alto Adige,Indeed,AZ_IT_INDEED_SPONSORED_JOBS,56.13,2553,98,5
2024-10-28,Umbria,Indeed,AZ_IT_INDEED_DISPLAY_RETE,8.28,1412,7,0
2024-10-28,Umbria,Indeed,AZ_IT_INDEED_PPA_STAGIONALI,10.70,520,20,0
2024-10-28,Umbria,Indeed,AZ_IT_INDEED_RETARGETING_CANDIDATI,10.15,1121,20,0
2024-10-28,Umbria,Indeed,AZ_IT_INDEED_SPONSORED_JOBS,47.22,2111,79,2
2024-10-28,Valle d'Aosta,Indeed,AZ_IT_INDEED_DISPLAY_RETE,1.99,335,2,0
2024-10-28,Valle d'Aosta,Indeed,AZ_IT_INDEED_PPA_STAGIONALI,2.06,102,4,0
2024-10-28,Valle d'Aosta,Indeed,AZ_IT_INDEED_RETARGETING_CANDIDATI,0.84,88,2,0
2024-10-28,Valle d'Aosta,Indeed,AZ_IT_INDEED_SPONSORED_JOBS,8.30,384,16,1
2024-10-28,Veneto,Indeed,AZ_IT_INDEED_DISPLAY_RETE,69.43,11379,62,1
2024-10-28,Veneto,Indeed,AZ_IT_INDEED_PPA_STAGIONALI,107.35,5270,217,7
2024-10-28,Veneto,Indeed,AZ_IT_INDEED_RETARGETING_CANDIDATI,91.26,10200,170,7
2024-10-28,Veneto,Indeed,AZ_IT_INDEED_SPONSORED_JOBS,287.99,12993,548,25
2024-11-04,Abruzzo,Indeed,AZ_IT_INDEED_DISPLAY_RETE,15.13,2609,13,0
2024-11-04,Abruzzo,Indeed,AZ_IT_INDEED_PPA_STAGIONALI,27.96,1376,57,1
2024-11-04,Abruzzo,Indeed,AZ_IT_INDEED_RETARGETING_CANDIDATI,10.42,1115,21,1
2024-11-04,Abruzzo,Indeed,AZ_IT_INDEED_SPONSORED_JOBS,75.10,3281,116,5
2024-11-04,Basilicata,Indeed,AZ_IT_INDEED_DISPLAY_RETE,4.74,815,5,0
2024-11-04,Basilicata,Indeed,AZ_IT_INDEED_PPA_STAGIONALI,7.31,363,14,0
2024-11-04,Basilicata,Indeed,AZ_IT_INDEED_RETARGETING_CANDIDATI,4.22,470,8,0
2024-11-04,Basilicata,Indeed,AZ_IT_INDEED_SPONSORED_JOBS,38.73,1842,87,1
2024-11-04,Calabria,Indeed,AZ_IT_INDEED_DISPLAY_RETE,21.74,3478,15,0
2024-11-04,Calabria,Indeed,AZ_IT_INDEED_PPA_STAGIONALI,39.98,1984,81,2
2024-11-04,Calabria,Indeed,AZ_IT_INDEED_RETARGETING_CANDIDATI,20.00,2184,38,1
2024-11-04,Calabria,Indeed,AZ_IT_INDEED_SPONSORED_JOBS,164.47,7515,315,10
2024-11-04,Campania,Indeed,AZ_IT_INDEED_DISPLAY_RETE,70.14,10671,45,1
2024-11-04,Campania,Indeed,AZ_IT_INDEED_PPA_STAGIONALI,133.76,6729,290,6
2024-11-04,Campania,Indeed,AZ_IT_INDEED_RETARGETING_CANDIDATI,36.85,4337,80,2
2024-11-04,Campania,Indeed,AZ_IT_INDEED_SPONSORED_JOBS,266.19,12142,428,16
2024-11-04,Emilia-Romagna,Indeed,AZ_IT_INDEED_DISPLAY_RETE,55.39,9218,41,1
2024-11-04,Emilia-Romagna,Indeed,AZ_IT_INDEED_PPA_STAGIONALI,134.25,6729,271,5
2024-11-04,Emilia-Romagna,Indeed,AZ_IT_INDEED_RETARGETING_CANDIDATI,55.67,6129,116,2
2024-11-04,Emilia-Romagna,Indeed,AZ_IT_INDEED_SPONSORED_JOBS,434.71,18903,799,19
2024-11-04,Friuli-Venezia Giulia,Indeed,AZ_IT_INDEED_DISPLAY_RETE,14.75,2443,11,0
2024-11-04,Friuli-Venezia Giulia,Indeed,AZ_IT_INDEED_PPA_STAGIONALI,26.36,1386,54,1
2024-11-04,Friuli-Venezia Giulia,Indeed,AZ_IT_INDEED_RETARGETING_CANDIDATI,8.53,885,15,0
2024-11-04,Friuli-Venezia Giulia,Indeed,AZ_IT_INDEED_SPONSORED_JOBS,88.29,3968,145,6
2024-11-04,Lazio,Indeed,AZ_IT_INDEED_DISPLAY_RETE,91.96,15714,72,2
2024-11-04,Lazio,Indeed,AZ_IT_INDEED_PPA_STAGIONALI,80.90,4120,163,4
2024-11-04,Lazio,Indeed,AZ_IT_INDEED_RETARGETING_CANDIDATI,60.17,6673,122,4
2024-11-04,Lazio,Indeed,AZ_IT_INDEED_SPONSORED_JOBS,356.84,15839,603,20
2024-11-04,Liguria,Indeed,AZ_IT_INDEED_DISPLAY_RETE,16.82,2922,14,0
2024-11-04,Liguria,Indeed,AZ_IT_INDEED_PPA_STAGIONALI,13.18,658,22,1
2024-11-04,Liguria,Indeed,AZ_IT_INDEED_RETARGETING_CANDIDATI,13.88,1478,29,1
2024-11-04,Liguria,Indeed,AZ_IT_INDEED_SPONSORED_JOBS,77.78,3521,149,5
2024-11-04,Lombardia,Indeed,AZ_IT_INDEED_DISPLAY_RETE,188.71,32917,158,3
2024-11-04,Lombardia,Indeed,AZ_IT_INDEED_PPA_STAGIONALI,203.81,10692,394,10
2024-11-04,Lombardia,Indeed,AZ_IT_INDEED_RETARGETING_CANDIDATI,120.91,13603,248,8
2024-11-04,Lombardia,Indeed,AZ_IT_INDEED_SPONSORED_JOBS,825.65,35357,1323,57
2024-11-04,Marche,Indeed,AZ_IT_INDEED_DISPLAY_RETE,17.75,3138,15,1
2024-11-04,Marche,Indeed,AZ_IT_INDEED_PPA_STAGIONALI,27.55,1341,42,3
2024-11-04,Marche,Indeed,AZ_IT_INDEED_RETARGETING_CANDIDATI,8.83,1008,18,1
2024-11-04,Marche,Indeed,AZ_IT_INDEED_SPONSORED_JOBS,57.89,2637,101,8
2024-11-04,Molise,Indeed,AZ_IT_INDEED_DISPLAY_RETE,3.75,606,3,0
2024-11-04,Molise,Indeed,AZ_IT_INDEED_PPA_STAGIONALI,4.17,220,8,0
2024-11-04,Molise,Indeed,AZ_IT_INDEED_RETARGETING_CANDIDATI,2.92,315,6,0
2024-11-04,Molise,Indeed,AZ_IT_INDEED_SPONSORED_JOBS,10.46,487,21,1
2024-11-04,Piemonte,Indeed,AZ_IT_INDEED_DISPLAY_RETE,74.01,12876,64,2
2024-11-04,Piemonte,Indeed,AZ_IT_INDEED_PPA_STAGIONALI,113.78,6125,219,7
2024-11-04,Piemonte,Indeed,AZ_IT_INDEED_RETARGETING_CANDIDATI,60.44,6781,105,5
2024-11-04,Piemonte,Indeed,AZ_IT_INDEED_SPONSORED_JOBS,259.24,11571,471,25
2024-11-04,Puglia,Indeed,AZ_IT_INDEED_DISPLAY_RETE,54.47,8625,45,1
2024-11-04,Puglia,Indeed,AZ_IT_INDEED_PPA_STAGIONALI,72.41,3714,125,5
2024-11-04,Puglia,Indeed,AZ_IT_INDEED_RETARGETING_CANDIDATI,31.09,3480,55,3
2024-11-04,Puglia,Indeed,AZ_IT_INDEED_SPONSORED_JOBS,141.88,6492,258,13
2024-11-04,Sardegna,Indeed,AZ_IT_INDEED_DISPLAY_RETE,16.15,2481,12,0
2024-11-04,Sardegna,Indeed,AZ_IT_INDEED_PPA_STAGIONALI,16.14,803,32,1
2024-11-04,Sardegna,Indeed,AZ_IT_INDEED_RETARGETING_CANDIDATI,17.37,1870,36,1
2024-11-04,Sardegna,Indeed,AZ_IT_INDEED_SPONSORED_JOBS,96.27,4233,172,7
2024-11-04,Sicilia,Indeed,AZ_IT_INDEED_DISPLAY_RETE,60.28,9658,47,1
2024-11-04,Sicilia,Indeed,AZ_IT_INDEED_PPA_STAGIONALI,84.59,4352,157,3
2024-11-04,Sicilia,Indeed,AZ_IT_INDEED_RETARGETING_CANDIDATI,28.25,3093,63,1
2024-11-04,Sicilia,Indeed,AZ_IT_INDEED_SPONSORED_JOBS,307.17,14646,672,15
2024-11-04,Toscana,Indeed,AZ_IT_INDEED_DISPLAY_RETE,49.59,8285,44,1
2024-11-04,Toscana,Indeed,AZ_IT_INDEED_PPA_STAGIONALI,45.45,2356,89,2
2024-11-04,Toscana,Indeed,AZ_IT_INDEED_RETARGETING_CANDIDATI,41.26,4777,96,3
2024-11-04,Toscana,Indeed,AZ_IT_INDEED_SPONSORED_JOBS,282.80,12441,541,19
2024-11-04,Trentino-Alto Adige,Indeed,AZ_IT_INDEED_DISPLAY_RETE,11.46,1933,10,0
2024-11-04,Trentino-Alto Adige,Indeed,AZ_IT_INDEED_PPA_STAGIONALI,19.62,953,37,1
2024-11-04,Trentino-Alto Adige,Indeed,AZ_IT_INDEED_RETARGETING_CANDIDATI,12.13,1341,27,1
2024-11-04,Trentino-Alto Adige,Indeed,AZ_IT_INDEED_SPONSORED_JOBS,68.14,3075,114,6
2024-11-04,Umbria,Indeed,AZ_IT_INDEED_DISPLAY_RETE,8.56,1409,7,0
2024-11-04,Umbria,Indeed,AZ_IT_INDEED_PPA_STAGIONALI,9.79,501,17,0
2024-11-04,Umbria,Indeed,AZ_IT_INDEED_RETARGETING_CANDIDATI,9.47,1041,18,0
2024-11-04,Umbria,Indeed,AZ_IT_INDEED_SPONSORED_JOBS,62.04,2748,125,3
2024-11-04,Valle d'Aosta,Indeed,AZ_IT_INDEED_DISPLAY_RETE,2.01,333,2,0
2024-11-04,Valle d'Aosta,Indeed,AZ_IT_INDEED_PPA_STAGIONALI,2.06,102,4,0
2024-11-04,Valle d'Aosta,Indeed,AZ_IT_INDEED_RETARGETING_CANDIDATI,0.72,81,1,0
2024-11-04,Valle d'Aosta,Indeed,AZ_IT_INDEED_SPONSORED_JOBS,10.39,458,18,1
2024-11-04,Veneto,Indeed,AZ_IT_INDEED_DISPLAY_RETE,69.75,11681,57,1
2024-11-04,Veneto,Indeed,AZ_IT_INDEED_PPA_STAGIONALI,115.09,5613,214,6
2024-11-04,Veneto,Indeed,AZ_IT_INDEED_RETARGETING_CANDIDATI,93.33,10274,169,7
2024-11-04,Veneto,Indeed,AZ_IT_INDEED_SPONSORED_JOBS,332.18,15796,644,28
2024-11-11,Abruzzo,Indeed,AZ_IT_INDEED_DISPLAY_RETE,16.40,2730,14,0
2024-11-11,Abruzzo,Indeed,AZ_IT_INDEED_PPA_STAGIONALI,22.02,1112,44,1
2024-11-11,Abruzzo,Indeed,AZ_IT_INDEED_RETARGETING_CANDIDATI,10.49,1160,19,1
2024-11-11,Abruzzo,Indeed,AZ_IT_INDEED_SPONSORED_JOBS,73.71,3494,134,5
2024-11-11,Basilicata,Indeed,AZ_IT_INDEED_DISPLAY_RETE,4.89,788,4,0
2024-11-11,Basilicata,Indeed,AZ_IT_INDEED_PPA_STAGIONALI,5.46,274,10,0
2024-11-11,Basilicata,Indeed,AZ_IT_INDEED_RETARGETING_CANDIDATI,4.61,519,10,0
2024-11-11,Basilicata,Indeed,AZ_IT_INDEED_SPONSORED_JOBS,31.91,1427,57,2
2024-11-11,Calabria,Indeed,AZ_IT_INDEED_DISPLAY_RETE,20.55,3439,16,0
2024-11-11,Calabria,Indeed,AZ_IT_INDEED_PPA_STAGIONALI,29.41,1411,58,2
2024-11-11,Calabria,Indeed,AZ_IT_INDEED_RETARGETING_CANDIDATI,18.04,2014,34,1
2024-11-11,Calabria,Indeed,AZ_IT_INDEED_SPONSORED_JOBS,162.91,8158,339,10
2024-11-11,Campania,Indeed,AZ_IT_INDEED_DISPLAY_RETE,57.30,9973,46,1
2024-11-11,Campania,Indeed,AZ_IT_INDEED_PPA_STAGIONALI,89.59,4668,178,5
2024-11-11,Campania,Indeed,AZ_IT_INDEED_RETARGETING_CANDIDATI,35.56,4267,74,2
2024-11-11,Campania,Indeed,AZ_IT_INDEED_SPONSORED_JOBS,197.63,9274,382,14
2024-11-11,Emilia-Romagna,Indeed,AZ_IT_INDEED_DISPLAY_RETE,54.18,8979,45,1
2024-11-11,Emilia-Romagna,Indeed,AZ_IT_INDEED_PPA_STAGIONALI,113.60,5712,220,4
2024-11-11,Emilia-Romagna,Indeed,AZ_IT_INDEED_RETARGETING_CANDIDATI,56.81,6623,117,3
2024-11-11,Emilia-Romagna,Indeed,AZ_IT_INDEED_SPONSORED_JOBS,314.19,14707,676,18
2024-11-11,Friuli-Venezia Giulia,Indeed,AZ_IT_INDEED_DISPLAY_RETE,14.78,2363,11,0
2024-11-11,Friuli-Venezia Giulia,Indeed,AZ_IT_INDEED_PPA_STAGIONALI,21.45,1099,41,1
2024-11-11,Friuli-Venezia Giulia,Indeed,AZ_IT_INDEED_RETARGETING_CANDIDATI,8.19,912,17,1
2024-11-11,Friuli-Venezia Giulia,Indeed,AZ_IT_INDEED_SPONSORED_JOBS,70.04,3182,120,5
2024-11-11,Lazio,Indeed,AZ_IT_INDEED_DISPLAY_RETE,98.14,17212,81,2
2024-11-11,Lazio,Indeed,AZ_IT_INDEED_PPA_STAGIONALI,71.48,3674,126,4
2024-11-11,Lazio,Indeed,AZ_IT_INDEED_RETARGETING_CANDIDATI,72.24,8098,146,5
2024-11-11,Lazio,Indeed,AZ_IT_INDEED_SPONSORED_JOBS,280.84,13214,536,22
2024-11-11,Liguria,Indeed,AZ_IT_INDEED_DISPLAY_RETE,17.84,2980,15,0
2024-11-11,Liguria,Indeed,AZ_IT_INDEED_PPA_STAGIONALI,11.57,566,22,1
2024-11-11,Liguria,Indeed,AZ_IT_INDEED_RETARGETING_CANDIDATI,14.12,1518,26,1
2024-11-11,Liguria,Indeed,AZ_IT_INDEED_SPONSORED_JOBS,62.59,2854,100,5
2024-11-11,Lombardia,Indeed,AZ_IT_INDEED_DISPLAY_RETE,197.49,32659,174,4
2024-11-11,Lombardia,Indeed,AZ_IT_INDEED_PPA_STAGIONALI,152.99,8151,323,8
2024-11-11,Lombardia,Indeed,AZ_IT_INDEED_RETARGETING_CANDIDATI,115.85,12638,228,9
2024-11-11,Lombardia,Indeed,AZ_IT_INDEED_SPONSORED_JOBS,710.38,31316,1233,59
2024-11-11,Marche,Indeed,AZ_IT_INDEED_DISPLAY_RETE,21.57,3768,19,1
2024-11-11,Marche,Indeed,AZ_IT_INDEED_PPA_STAGIONALI,21.68,1153,43,3
2024-11-11,Marche,Indeed,AZ_IT_INDEED_RETARGETING_CANDIDATI,10.65,1183,23,2
2024-11-11,Marche,Indeed,AZ_IT_INDEED_SPONSORED_JOBS,47.44,2154,95,8
2024-11-11,Molise,Indeed,AZ_IT_INDEED_DISPLAY_RETE,3.82,622,3,0
2024-11-11,Molise,Indeed,AZ_IT_INDEED_PPA_STAGIONALI,3.95,192,7,0
2024-11-11,Molise,Indeed,AZ_IT_INDEED_RETARGETING_CANDIDATI,3.18,364,6,0
2024-11-11,Molise,Indeed,AZ_IT_INDEED_SPONSORED_JOBS,9.03,405,18,1
2024-11-11,Piemonte,Indeed,AZ_IT_INDEED_DISPLAY_RETE,70.40,11841,59,2
2024-11-11,Piemonte,Indeed,AZ_IT_INDEED_PPA_STAGIONALI,95.64,4790,177,6
2024-11-11,Piemonte,Indeed,AZ_IT_INDEED_RETARGETING_CANDIDATI,46.22,5192,87,4
2024-11-11,Piemonte,Indeed,AZ_IT_INDEED_SPONSORED_JOBS,226.95,9929,453,25
2024-11-11,Puglia,Indeed,AZ_IT_INDEED_DISPLAY_RETE,60.18,9506,44,2
2024-11-11,Puglia,Indeed,AZ_IT_INDEED_PPA_STAGIONALI,56.61,2849,112,4
2024-11-11,Puglia,Indeed,AZ_IT_INDEED_RETARGETING_CANDIDATI,39.87,4464,75,4
2024-11-11,Puglia,Indeed,AZ_IT_INDEED_SPONSORED_JOBS,127.87,5986,239,14
2024-11-11,Sardegna,Indeed,AZ_IT_INDEED_DISPLAY_RETE,15.10,2461,12,0
2024-11-11,Sardegna,Indeed,AZ_IT_INDEED_PPA_STAGIONALI,15.43,757,30,1
2024-11-11,Sardegna,Indeed,AZ_IT_INDEED_RETARGETING_CANDIDATI,14.55,1599,33,1
2024-11-11,Sardegna,Indeed,AZ_IT_INDEED_SPONSORED_JOBS,80.02,3655,147,6
2024-11-11,Sicilia,Indeed,AZ_IT_INDEED_DISPLAY_RETE,64.52,10280,56,1
2024-11-11,Sicilia,Indeed,AZ_IT_INDEED_PPA_STAGIONALI,82.27,4069,165,3
2024-11-11,Sicilia,Indeed,AZ_IT_INDEED_RETARGETING_CANDIDATI,29.11,3114,53,1
2024-11-11,Sicilia,Indeed,AZ_IT_INDEED_SPONSORED_JOBS,222.52,10090,386,11
2024-11-11,Toscana,Indeed,AZ_IT_INDEED_DISPLAY_RETE,45.17,7489,36,1
2024-11-11,Toscana,Indeed,AZ_IT_INDEED_PPA_STAGIONALI,42.19,2262,92,2
2024-11-11,Toscana,Indeed,AZ_IT_INDEED_RETARGETING_CANDIDATI,39.66,4316,78,3
2024-11-11,Toscana,Indeed,AZ_IT_INDEED_SPONSORED_JOBS,236.83,11327,458,18
2024-11-11,Trentino-Alto Adige,Indeed,AZ_IT_INDEED_DISPLAY_RETE,11.13,1884,11,0
2024-11-11,Trentino-Alto Adige,Indeed,AZ_IT_INDEED_PPA_STAGIONALI,17.84,880,31,1
2024-11-11,Trentino-Alto Adige,Indeed,AZ_IT_INDEED_RETARGETING_CANDIDATI,12.17,1331,21,1
2024-11-11,Trentino-Alto Adige,Indeed,AZ_IT_INDEED_SPONSORED_JOBS,65.34,2984,132,5
2024-11-11,Umbria,Indeed,AZ_IT_INDEED_DISPLAY_RETE,6.94,1151,6,0
2024-11-11,Umbria,Indeed,AZ_IT_INDEED_PPA_STAGIONALI,9.86,522,20,0
2024-11-11,Umbria,Indeed,AZ_IT_INDEED_RETARGETING_CANDIDATI,8.71,985,21,0
2024-11-11,Umbria,Indeed,AZ_IT_INDEED_SPONSORED_JOBS,56.90,2682,116,3
2024-11-11,Valle d'Aosta,Indeed,AZ_IT_INDEED_DISPLAY_RETE,1.77,299,1,0
2024-11-11,Valle d'Aosta,Indeed,AZ_IT_INDEED_PPA_STAGIONALI,1.70,88,3,0
2024-11-11,Valle d'Aosta,Indeed,AZ_IT_INDEED_RETARGETING_CANDIDATI,0.75,88,2,0
2024-11-11,Valle d'Aosta,Indeed,AZ_IT_INDEED_SPONSORED_JOBS,8.12,357,14,1
2024-11-11,Veneto,Indeed,AZ_IT_INDEED_DISPLAY_RETE,68.87,11476,66,1
2024-11-11,Veneto,Indeed,AZ_IT_INDEED_PPA_STAGIONALI,102.44,5196,193,5
2024-11-11,Veneto,Indeed,AZ_IT_INDEED_RETARGETING_CANDIDATI,109.67,11874,221,8
2024-11-11,Veneto,Indeed,AZ_IT_INDEED_SPONSORED_JOBS,324.94,14419,578,28
2024-11-18,Abruzzo,Indeed,AZ_IT_INDEED_DISPLAY_RETE,28.51,4607,25,0
2024-11-18,Abruzzo,Indeed,AZ_IT_INDEED_PPA_STAGIONALI,20.74,1079,36,1
2024-11-18,Abruzzo,Indeed,AZ_IT_INDEED_RETARGETING_CANDIDATI,14.12,1576,28,1
2024-11-18,Abruzzo,Indeed,AZ_IT_INDEED_SPONSORED_JOBS,85.28,3876,156,6
2024-11-18,Basilicata,Indeed,AZ_IT_INDEED_DISPLAY_RETE,7.44,1274,6,0
2024-11-18,Basilicata,Indeed,AZ_IT_INDEED_PPA_STAGIONALI,6.20,319,12,0
2024-11-18,Basilicata,Indeed,AZ_IT_INDEED_RETARGETING_CANDIDATI,6.18,723,12,0
2024-11-18,Basilicata,Indeed,AZ_IT_INDEED_SPONSORED_JOBS,37.66,1717,68,2
2024-11-18,Calabria,Indeed,AZ_IT_INDEED_DISPLAY_RETE,26.25,4460,22,0
2024-11-18,Calabria,Indeed,AZ_IT_INDEED_PPA_STAGIONALI,29.61,1509,64,1
2024-11-18,Calabria,Indeed,AZ_IT_INDEED_RETARGETING_CANDIDATI,23.06,2550,48,1
2024-11-18,Calabria,Indeed,AZ_IT_INDEED_SPONSORED_JOBS,179.54,8234,343,9
2024-11-18,Campania,Indeed,AZ_IT_INDEED_DISPLAY_RETE,78.09,13277,56,1
2024-11-18,Campania,Indeed,AZ_IT_INDEED_PPA_STAGIONALI,104.80,5407,210,4
2024-11-18,Campania,Indeed,AZ_IT_INDEED_RETARGETING_CANDIDATI,58.52,6672,115,3
2024-11-18,Campania,Indeed,AZ_IT_INDEED_SPONSORED_JOBS,267.66,12532,540,16
2024-11-18,Emilia-Romagna,Indeed,AZ_IT_INDEED_DISPLAY_RETE,70.37,11509,60,1
2024-11-18,Emilia-Romagna,Indeed,AZ_IT_INDEED_PPA_STAGIONALI,128.81,6351,238,5
2024-11-18,Emilia-Romagna,Indeed,AZ_IT_INDEED_RETARGETING_CANDIDATI,79.86,8522,164,4
2024-11-18,Emilia-Romagna,Indeed,AZ_IT_INDEED_SPONSORED_JOBS,351.87,17730,844,17
2024-11-18,Friuli-Venezia Giulia,Indeed,AZ_IT_INDEED_DISPLAY_RETE,18.85,2990,14,0
2024-11-18,Friuli-Venezia Giulia,Indeed,AZ_IT_INDEED_PPA_STAGIONALI,20.65,1028,37,1
2024-11-18,Friuli-Venezia Giulia,Indeed,AZ_IT_INDEED_RETARGETING_CANDIDATI,11.42,1347,29,1
2024-11-18,Friuli-Venezia Giulia,Indeed,AZ_IT_INDEED_SPONSORED_JOBS,71.16,3078,126,6
2024-11-18,Lazio,Indeed,AZ_IT_INDEED_DISPLAY_RETE,115.50,19269,96,2
2024-11-18,Lazio,Indeed,AZ_IT_INDEED_PPA_STAGIONALI,87.61,4203,167,4
2024-11-18,Lazio,Indeed,AZ_IT_INDEED_RETARGETING_CANDIDATI,90.20,9827,188,5
2024-11-18,Lazio,Indeed,AZ_IT_INDEED_SPONSORED_JOBS,334.27,14915,641,23
2024-11-18,Liguria,Indeed,AZ_IT_INDEED_DISPLAY_RETE,22.89,3922,18,0
2024-11-18,Liguria,Indeed,AZ_IT_INDEED_PPA_STAGIONALI,13.47,689,29,1
2024-11-18,Liguria,Indeed,AZ_IT_INDEED_RETARGETING_CANDIDATI,18.44,1999,34,1
2024-11-18,Liguria,Indeed,AZ_IT_INDEED_SPONSORED_JOBS,62.28,2865,109,5
2024-11-18,Lombardia,Indeed,AZ_IT_INDEED_DISPLAY_RETE,251.16,41300,224,4
2024-11-18,Lombardia,Indeed,AZ_IT_INDEED_PPA_STAGIONALI,183.74,9025,357,10
2024-11-18,Lombardia,Indeed,AZ_IT_INDEED_RETARGETING_CANDIDATI,130.83,15322,271,8
2024-11-18,Lombardia,Indeed,AZ_IT_INDEED_SPONSORED_JOBS,837.99,40321,1666,61
2024-11-18,Marche,Indeed,AZ_IT_INDEED_DISPLAY_RETE,24.43,3990,19,1
2024-11-18,Marche,Indeed,AZ_IT_INDEED_PPA_STAGIONALI,20.75,993,35,3
2024-11-18,Marche,Indeed,AZ_IT_INDEED_RETARGETING_CANDIDATI,16.06,1835,29,3
2024-11-18,Marche,Indeed,AZ_IT_INDEED_SPONSORED_JOBS,43.75,1975,80,8
2024-11-18,Molise,Indeed,AZ_IT_INDEED_DISPLAY_RETE,5.80,976,5,0
2024-11-18,Molise,Indeed,AZ_IT_INDEED_PPA_STAGIONALI,3.76,192,7,0
2024-11-18,Molise,Indeed,AZ_IT_INDEED_RETARGETING_CANDIDATI,4.17,452,7,0
2024-11-18,Molise,Indeed,AZ_IT_INDEED_SPONSORED_JOBS,9.85,447,19,1
2024-11-18,Piemonte,Indeed,AZ_IT_INDEED_DISPLAY_RETE,95.11,15035,74,2
2024-11-18,Piemonte,Indeed,AZ_IT_INDEED_PPA_STAGIONALI,105.82,5256,184,7
2024-11-18,Piemonte,Indeed,AZ_IT_INDEED_RETARGETING_CANDIDATI,70.58,7949,130,6
2024-11-18,Piemonte,Indeed,AZ_IT_INDEED_SPONSORED_JOBS,269.21,12086,513,24
2024-11-18,Puglia,Indeed,AZ_IT_INDEED_DISPLAY_RETE,77.40,12155,67,2
2024-11-18,Puglia,Indeed,AZ_IT_INDEED_PPA_STAGIONALI,59.22,3111,136,5
2024-11-18,Puglia,Indeed,AZ_IT_INDEED_RETARGETING_CANDIDATI,60.23,6808,123,6
2024-11-18,Puglia,Indeed,AZ_IT_INDEED_SPONSORED_JOBS,125.82,5810,250,15
2024-11-18,Sardegna,Indeed,AZ_IT_INDEED_DISPLAY_RETE,24.12,4109,22,0
2024-11-18,Sardegna,Indeed,AZ_IT_INDEED_PPA_STAGIONALI,18.47,949,37,1
2024-11-18,Sardegna,Indeed,AZ_IT_INDEED_RETARGETING_CANDIDATI,25.69,2753,51,1
2024-11-18,Sardegna,Indeed,AZ_IT_INDEED_SPONSORED_JOBS,98.45,4471,182,6
2024-11-18,Sicilia,Indeed,AZ_IT_INDEED_DISPLAY_RETE,108.12,18098,91,2
2024-11-18,Sicilia,Indeed,AZ_IT_INDEED_PPA_STAGIONALI,94.37,4922,197,4
2024-11-18,Sicilia,Indeed,AZ_IT_INDEED_RETARGETING_CANDIDATI,36.98,3975,73,2
2024-11-18,Sicilia,Indeed,AZ_IT_INDEED_SPONSORED_JOBS,197.70,9206,368,12
2024-11-18,Toscana,Indeed,AZ_IT_INDEED_DISPLAY_RETE,71.33,12037,59,1
2024-11-18,Toscana,Indeed,AZ_IT_INDEED_PPA_STAGIONALI,39.05,1950,76,2
2024-11-18,Toscana,Indeed,AZ_IT_INDEED_RETARGETING_CANDIDATI,61.41,7020,131,4
2024-11-18,Toscana,Indeed,AZ_IT_INDEED_SPONSORED_JOBS,244.87,11539,433,17
2024-11-18,Trentino-Alto Adige,Indeed,AZ_IT_INDEED_DISPLAY_RETE,16.49,2759,13,0
2024-11-18,Trentino-Alto Adige,Indeed,AZ_IT_INDEED_PPA_STAGIONALI,18.50,935,37,1
2024-11-18,Trentino-Alto Adige,Indeed,AZ_IT_INDEED_RETARGETING_CANDIDATI,16.26,1842,34,1
2024-11-18,Trentino-Alto Adige,Indeed,AZ_IT_INDEED_SPONSORED_JOBS,76.91,3456,144,6
2024-11-18,Umbria,Indeed,AZ_IT_INDEED_DISPLAY_RETE,9.24,1473,6,0
2024-11-18,Umbria,Indeed,AZ_IT_INDEED_PPA_STAGIONALI,10.11,521,19,0
2024-11-18,Umbria,Indeed,AZ_IT_INDEED_RETARGETING_CANDIDATI,10.66,1144,22,0
2024-11-18,Umbria,Indeed,AZ_IT_INDEED_SPONSORED_JOBS,64.11,2997,122,3
2024-11-18,Valle d'Aosta,Indeed,AZ_IT_INDEED_DISPLAY_RETE,2.54,414,2,0
2024-11-18,Valle d'Aosta,Indeed,AZ_IT_INDEED_PPA_STAGIONALI,1.96,91,3,0
2024-11-18,Valle d'Aosta,Indeed,AZ_IT_INDEED_RETARGETING_CANDIDATI,1.41,156,3,0
2024-11-18,Valle d'Aosta,Indeed,AZ_IT_INDEED_SPONSORED_JOBS,10.19,452,20,1
2024-11-18,Veneto,Indeed,AZ_IT_INDEED_DISPLAY_RETE,97.04,16007,82,2
2024-11-18,Veneto,Indeed,AZ_IT_INDEED_PPA_STAGIONALI,104.58,4989,174,6
2024-11-18,Veneto,Indeed,AZ_IT_INDEED_RETARGETING_CANDIDATI,143.80,16330,278,9
2024-11-18,Veneto,Indeed,AZ_IT_INDEED_SPONSORED_JOBS,333.05,15238,618,26
2024-11-25,Abruzzo,Indeed,AZ_IT_INDEED_DISPLAY_RETE,27.45,4643,25,0
2024-11-25,Abruzzo,Indeed,AZ_IT_INDEED_PPA_STAGIONALI,25.04,1251,47,1
2024-11-25,Abruzzo,Indeed,AZ_IT_INDEED_RETARGETING_CANDIDATI,15.63,1745,33,1
2024-11-25,Abruzzo,Indeed,AZ_IT_INDEED_SPONSORED_JOBS,80.04,3564,141,5
2024-11-25,Basilicata,Indeed,AZ_IT_INDEED_DISPLAY_RETE,8.05,1321,7,0
2024-11-25,Basilicata,Indeed,AZ_IT_INDEED_PPA_STAGIONALI,7.40,352,13,0
2024-11-25,Basilicata,Indeed,AZ_IT_INDEED_RETARGETING_CANDIDATI,6.60,727,12,0
2024-11-25,Basilicata,Indeed,AZ_IT_INDEED_SPONSORED_JOBS,32.32,1396,60,1
2024-11-25,Calabria,Indeed,AZ_IT_INDEED_DISPLAY_RETE,28.16,4759,24,0
2024-11-25,Calabria,Indeed,AZ_IT_INDEED_PPA_STAGIONALI,32.49,1587,58,2
2024-11-25,Calabria,Indeed,AZ_IT_INDEED_RETARGETING_CANDIDATI,25.96,2819,47,1
2024-11-25,Calabria,Indeed,AZ_IT_INDEED_SPONSORED_JOBS,177.65,8297,307,10
2024-11-25,Campania,Indeed,AZ_IT_INDEED_DISPLAY_RETE,92.31,15009,75,1
2024-11-25,Campania,Indeed,AZ_IT_INDEED_PPA_STAGIONALI,134.13,6834,262,5
2024-11-25,Campania,Indeed,AZ_IT_INDEED_RETARGETING_CANDIDATI,80.41,9072,187,4
2024-11-25,Campania,Indeed,AZ_IT_INDEED_SPONSORED_JOBS,240.58,10599,443,14
2024-11-25,Emilia-Romagna,Indeed,AZ_IT_INDEED_DISPLAY_RETE,99.30,17286,84,1
2024-11-25,Emilia-Romagna,Indeed,AZ_IT_INDEED_PPA_STAGIONALI,143.02,7237,243,5
2024-11-25,Emilia-Romagna,Indeed,AZ_IT_INDEED_RETARGETING_CANDIDATI,84.19,9332,156,3
2024-11-25,Emilia-Romagna,Indeed,AZ_IT_INDEED_SPONSORED_JOBS,346.75,15410,604,17
2024-11-25,Friuli-Venezia Giulia,Indeed,AZ_IT_INDEED_DISPLAY_RETE,26.75,4476,22,1
2024-11-25,Friuli-Venezia Giulia,Indeed,AZ_IT_INDEED_PPA_STAGIONALI,28.35,1448,50,2
2024-11-25,Friuli-Venezia Giulia,Indeed,AZ_IT_INDEED_RETARGETING_CANDIDATI,11.45,1269,24,1
2024-11-25,Friuli-Venezia Giulia,Indeed,AZ_IT_INDEED_SPONSORED_JOBS,67.08,3016,113,5
2024-11-25,Lazio,Indeed,AZ_IT_INDEED_DISPLAY_RETE,128.59,21680,113,2
2024-11-25,Lazio,Indeed,AZ_IT_INDEED_PPA_STAGIONALI,106.10,5137,210,5
2024-11-25,Lazio,Indeed,AZ_IT_INDEED_RETARGETING_CANDIDATI,95.91,10692,200,6
2024-11-25,Lazio,Indeed,AZ_IT_INDEED_SPONSORED_JOBS,338.80,16277,674,22
2024-11-25,Liguria,Indeed,AZ_IT_INDEED_DISPLAY_RETE,24.78,4190,20,0
2024-11-25,Liguria,Indeed,AZ_IT_INDEED_PPA_STAGIONALI,16.12,829,34,1
2024-11-25,Liguria,Indeed,AZ_IT_INDEED_RETARGETING_CANDIDATI,19.02,2171,36,2
2024-11-25,Liguria,Indeed,AZ_IT_INDEED_SPONSORED_JOBS,59.79,2850,97,4
2024-11-25,Lombardia,Indeed,AZ_IT_INDEED_DISPLAY_RETE,280.68,43255,219,4
2024-11-25,Lombardia,Indeed,AZ_IT_INDEED_PPA_STAGIONALI,262.29,12813,540,14
2024-11-25,Lombardia,Indeed,AZ_IT_INDEED_RETARGETING_CANDIDATI,154.26,16123,345,9
2024-11-25,Lombardia,Indeed,AZ_IT_INDEED_SPONSORED_JOBS,861.35,37177,1586,63
2024-11-25,Marche,Indeed,AZ_IT_INDEED_DISPLAY_RETE,33.98,5724,29,2
2024-11-25,Marche,Indeed,AZ_IT_INDEED_PPA_STAGIONALI,24.53,1249,47,4
2024-11-25,Marche,Indeed,AZ_IT_INDEED_RETARGETING_CANDIDATI,17.70,1937,34,3
2024-11-25,Marche,Indeed,AZ_IT_INDEED_SPONSORED_JOBS,47.27,2069,85,8
2024-11-25,Molise,Indeed,AZ_IT_INDEED_DISPLAY_RETE,7.56,1256,6,0
2024-11-25,Molise,Indeed,AZ_IT_INDEED_PPA_STAGIONALI,4.50,230,9,0
2024-11-25,Molise,Indeed,AZ_IT_INDEED_RETARGETING_CANDIDATI,4.42,496,9,0
2024-11-25,Molise,Indeed,AZ_IT_INDEED_SPONSORED_JOBS,10.84,521,20,1
2024-11-25,Piemonte,Indeed,AZ_IT_INDEED_DISPLAY_RETE,111.37,18379,91,3
2024-11-25,Piemonte,Indeed,AZ_IT_INDEED_PPA_STAGIONALI,118.96,6335,259,8
2024-11-25,Piemonte,Indeed,AZ_IT_INDEED_RETARGETING_CANDIDATI,79.19,8852,155,7
2024-11-25,Piemonte,Indeed,AZ_IT_INDEED_SPONSORED_JOBS,250.50,12133,530,22
2024-11-25,Puglia,Indeed,AZ_IT_INDEED_DISPLAY_RETE,104.29,17567,95,3
2024-11-25,Puglia,Indeed,AZ_IT_INDEED_PPA_STAGIONALI,72.32,3810,129,5
2024-11-25,Puglia,Indeed,AZ_IT_INDEED_RETARGETING_CANDIDATI,70.24,8264,154,7
2024-11-25,Puglia,Indeed,AZ_IT_INDEED_SPONSORED_JOBS,127.45,5876,250,12
2024-11-25,Sardegna,Indeed,AZ_IT_INDEED_DISPLAY_RETE,27.61,4535,24,0
2024-11-25,Sardegna,Indeed,AZ_IT_INDEED_PPA_STAGIONALI,19.94,1020,38,1
2024-11-25,Sardegna,Indeed,AZ_IT_INDEED_RETARGETING_CANDIDATI,23.83,2674,46,1
2024-11-25,Sardegna,Indeed,AZ_IT_INDEED_SPONSORED_JOBS,105.01,4793,179,8
2024-11-25,Sicilia,Indeed,AZ_IT_INDEED_DISPLAY_RETE,126.72,21940,112,2
2024-11-25,Sicilia,Indeed,AZ_IT_INDEED_PPA_STAGIONALI,109.61,5435,213,5
2024-11-25,Sicilia,Indeed,AZ_IT_INDEED_RETARGETING_CANDIDATI,43.78,5049,82,2
2024-11-25,Sicilia,Indeed,AZ_IT_INDEED_SPONSORED_JOBS,176.65,8014,342,11
2024-11-25,Toscana,Indeed,AZ_IT_INDEED_DISPLAY_RETE,90.21,15843,83,1
2024-11-25,Toscana,Indeed,AZ_IT_INDEED_PPA_STAGIONALI,43.30,2177,81,3
2024-11-25,Toscana,Indeed,AZ_IT_INDEED_RETARGETING_CANDIDATI,63.06,7184,135,4
2024-11-25,Toscana,Indeed,AZ_IT_INDEED_SPONSORED_JOBS,245.67,11093,471,17
2024-11-25,Trentino-Alto Adige,Indeed,AZ_IT_INDEED_DISPLAY_RETE,19.76,3308,16,0
2024-11-25,Trentino-Alto Adige,Indeed,AZ_IT_INDEED_PPA_STAGIONALI,18.91,958,39,1
2024-11-25,Trentino-Alto Adige,Indeed,AZ_IT_INDEED_RETARGETING_CANDIDATI,17.22,1978,32,1
2024-11-25,Trentino-Alto Adige,Indeed,AZ_IT_INDEED_SPONSORED_JOBS,66.98,2931,116,7
2024-11-25,Umbria,Indeed,AZ_IT_INDEED_DISPLAY_RETE,11.26,1920,10,0
2024-11-25,Umbria,Indeed,AZ_IT_INDEED_PPA_STAGIONALI,11.68,574,22,0
2024-11-25,Umbria,Indeed,AZ_IT_INDEED_RETARGETING_CANDIDATI,10.72,1184,19,1
2024-11-25,Umbria,Indeed,AZ_IT_INDEED_SPONSORED_JOBS,57.67,2687,108,3
2024-11-25,Valle d'Aosta,Indeed,AZ_IT_INDEED_DISPLAY_RETE,3.30,544,3,0
2024-11-25,Valle d'Aosta,Indeed,AZ_IT_INDEED_PPA_STAGIONALI,2.29,117,4,0
2024-11-25,Valle d'Aosta,Indeed,AZ_IT_INDEED_RETARGETING_CANDIDATI,1.20,129,2,0
2024-11-25,Valle d'Aosta,Indeed,AZ_IT_INDEED_SPONSORED_JOBS,9.46,418,19,1
2024-11-25,Veneto,Indeed,AZ_IT_INDEED_DISPLAY_RETE,123.89,19949,96,2
2024-11-25,Veneto,Indeed,AZ_IT_INDEED_PPA_STAGIONALI,108.78,5573,206,6
2024-11-25,Veneto,Indeed,AZ_IT_INDEED_RETARGETING_CANDIDATI,177.69,20904,438,13
2024-11-25,Veneto,Indeed,AZ_IT_INDEED_SPONSORED_JOBS,314.25,14564,614,24
2024-12-02,Abruzzo,Indeed,AZ_IT_INDEED_DISPLAY_RETE,23.95,4038,20,0
2024-12-02,Abruzzo,Indeed,AZ_IT_INDEED_PPA_STAGIONALI,27.19,1393,50,1
2024-12-02,Abruzzo,Indeed,AZ_IT_INDEED_RETARGETING_CANDIDATI,17.08,1903,33,1
2024-12-02,Abruzzo,Indeed,AZ_IT_INDEED_SPONSORED_JOBS,92.23,4196,157,6
2024-12-02,Basilicata,Indeed,AZ_IT_INDEED_DISPLAY_RETE,7.88,1269,6,0
2024-12-02,Basilicata,Indeed,AZ_IT_INDEED_PPA_STAGIONALI,8.28,401,16,0
2024-12-02,Basilicata,Indeed,AZ_IT_INDEED_RETARGETING_CANDIDATI,6.94,767,15,0
2024-12-02,Basilicata,Indeed,AZ_IT_INDEED_SPONSORED_JOBS,31.76,1491,62,2
2024-12-02,Calabria,Indeed,AZ_IT_INDEED_DISPLAY_RETE,25.74,4200,22,0
2024-12-02,Calabria,Indeed,AZ_IT_INDEED_PPA_STAGIONALI,37.47,1874,75,2
2024-12-02,Calabria,Indeed,AZ_IT_INDEED_RETARGETING_CANDIDATI,31.21,3359,60,2
2024-12-02,Calabria,Indeed,AZ_IT_INDEED_SPONSORED_JOBS,157.10,6994,256,8
2024-12-02,Campania,Indeed,AZ_IT_INDEED_DISPLAY_RETE,83.33,13877,71,1
2024-12-02,Campania,Indeed,AZ_IT_INDEED_PPA_STAGIONALI,154.35,7949,318,7
2024-12-02,Campania,Indeed,AZ_IT_INDEED_RETARGETING_CANDIDATI,73.02,8277,150,3
2024-12-02,Campania,Indeed,AZ_IT_INDEED_SPONSORED_JOBS,256.45,11211,476,13
2024-12-02,Emilia-Romagna,Indeed,AZ_IT_INDEED_DISPLAY_RETE,57.03,9470,44,1
2024-12-02,Emilia-Romagna,Indeed,AZ_IT_INDEED_PPA_STAGIONALI,100.42,5142,206,4
2024-12-02,Emilia-Romagna,Indeed,AZ_IT_INDEED_RETARGETING_CANDIDATI,63.12,6440,118,3
2024-12-02,Emilia-Romagna,Indeed,AZ_IT_INDEED_SPONSORED_JOBS,327.38,14429,568,18
2024-12-02,Friuli-Venezia Giulia,Indeed,AZ_IT_INDEED_DISPLAY_RETE,20.06,3339,17,0
2024-12-02,Friuli-Venezia Giulia,Indeed,AZ_IT_INDEED_PPA_STAGIONALI,37.65,1876,76,2
2024-12-02,Friuli-Venezia Giulia,Indeed,AZ_IT_INDEED_RETARGETING_CANDIDATI,11.45,1212,21,1
2024-12-02,Friuli-Venezia Giulia,Indeed,AZ_IT_INDEED_SPONSORED_JOBS,73.48,3338,132,6
2024-12-02,Lazio,Indeed,AZ_IT_INDEED_DISPLAY_RETE,112.86,19425,106,2
2024-12-02,Lazio,Indeed,AZ_IT_INDEED_PPA_STAGIONALI,95.01,4748,210,5
2024-12-02,Lazio,Indeed,AZ_IT_INDEED_RETARGETING_CANDIDATI,103.57,10920,197,7
2024-12-02,Lazio,Indeed,AZ_IT_INDEED_SPONSORED_JOBS,303.98,13753,527,22
2024-12-02,Liguria,Indeed,AZ_IT_INDEED_DISPLAY_RETE,19.55,3355,16,0
2024-12-02,Liguria,Indeed,AZ_IT_INDEED_PPA_STAGIONALI,17.23,852,32,1
2024-12-02,Liguria,Indeed,AZ_IT_INDEED_RETARGETING_CANDIDATI,20.79,2227,42,1
2024-12-02,Liguria,Indeed,AZ_IT_INDEED_SPONSORED_JOBS,69.44,3035,122,5
2024-12-02,Lombardia,Indeed,AZ_IT_INDEED_DISPLAY_RETE,175.94,30174,161,4
2024-12-02,Lombardia,Indeed,AZ_IT_INDEED_PPA_STAGIONALI,166.79,8496,323,11
2024-12-02,Lombardia,Indeed,AZ_IT_INDEED_RETARGETING_CANDIDATI,119.94,13194,241,9
2024-12-02,Lombardia,Indeed,AZ_IT_INDEED_SPONSORED_JOBS,657.63,29414,1226,60
2024-12-02,Marche,Indeed,AZ_IT_INDEED_DISPLAY_RETE,22.06,3697,21,1
2024-12-02,Marche,Indeed,AZ_IT_INDEED_PPA_STAGIONALI,25.94,1235,47,3
2024-12-02,Marche,Indeed,AZ_IT_INDEED_RETARGETING_CANDIDATI,21.16,2399,41,3
2024-12-02,Marche,Indeed,AZ_IT_INDEED_SPONSORED_JOBS,53.21,2424,95,8
2024-12-02,Molise,Indeed,AZ_IT_INDEED_DISPLAY_RETE,5.97,957,5,0
2024-12-02,Molise,Indeed,AZ_IT_INDEED_PPA_STAGIONALI,4.51,219,8,0
2024-12-02,Molise,Indeed,AZ_IT_INDEED_RETARGETING_CANDIDATI,4.31,476,9,0
2024-12-02,Molise,Indeed,AZ_IT_INDEED_SPONSORED_JOBS,10.80,502,19,1
2024-12-02,Piemonte,Indeed,AZ_IT_INDEED_DISPLAY_RETE,67.00,11058,60,2
2024-12-02,Piemonte,Indeed,AZ_IT_INDEED_PPA_STAGIONALI,104.87,5157,201,9
2024-12-02,Piemonte,Indeed,AZ_IT_INDEED_RETARGETING_CANDIDATI,62.63,7160,111,6
2024-12-02,Piemonte,Indeed,AZ_IT_INDEED_SPONSORED_JOBS,196.86,8942,369,20
2024-12-02,Puglia,Indeed,AZ_IT_INDEED_DISPLAY_RETE,101.58,16601,77,3
2024-12-02,Puglia,Indeed,AZ_IT_INDEED_PPA_STAGIONALI,91.73,4667,197,7
2024-12-02,Puglia,Indeed,AZ_IT_INDEED_RETARGETING_CANDIDATI,66.61,7899,149,6
2024-12-02,Puglia,Indeed,AZ_IT_INDEED_SPONSORED_JOBS,127.03,5896,237,9
2024-12-02,Sardegna,Indeed,AZ_IT_INDEED_DISPLAY_RETE,20.29,3394,17,0
2024-12-02,Sardegna,Indeed,AZ_IT_INDEED_PPA_STAGIONALI,22.39,1169,49,1
2024-12-02,Sardegna,Indeed,AZ_IT_INDEED_RETARGETING_CANDIDATI,21.97,2459,46,1
2024-12-02,Sardegna,Indeed,AZ_IT_INDEED_SPONSORED_JOBS,137.36,6252,252,6
2024-12-02,Sicilia,Indeed,AZ_IT_INDEED_DISPLAY_RETE,97.05,16717,86,1
2024-12-02,Sicilia,Indeed,AZ_IT_INDEED_PPA_STAGIONALI,112.52,5693,220,4
2024-12-02,Sicilia,Indeed,AZ_IT_INDEED_RETARGETING_CANDIDATI,43.25,4956,90,2
2024-12-02,Sicilia,Indeed,AZ_IT_INDEED_SPONSORED_JOBS,248.49,11311,442,14
2024-12-02,Toscana,Indeed,AZ_IT_INDEED_DISPLAY_RETE,72.92,12277,59,1
2024-12-02,Toscana,Indeed,AZ_IT_INDEED_PPA_STAGIONALI,37.85,1826,74,2
2024-12-02,Toscana,Indeed,AZ_IT_INDEED_RETARGETING_CANDIDATI,69.14,7869,153,4
2024-12-02,Toscana,Indeed,AZ_IT_INDEED_SPONSORED_JOBS,229.23,10576,405,19
2024-12-02,Trentino-Alto Adige,Indeed,AZ_IT_INDEED_DISPLAY_RETE,16.24,2695,13,0
2024-12-02,Trentino-Alto Adige,Indeed,AZ_IT_INDEED_PPA_STAGIONALI,20.23,1005,34,1
2024-12-02,Trentino-Alto Adige,Indeed,AZ_IT_INDEED_RETARGETING_CANDIDATI,16.19,1821,34,1
2024-12-02,Trentino-Alto Adige,Indeed,AZ_IT_INDEED_SPONSORED_JOBS,72.87,3194,130,6
2024-12-02,Umbria,Indeed,AZ_IT_INDEED_DISPLAY_RETE,8.25,1403,7,0
2024-12-02,Umbria,Indeed,AZ_IT_INDEED_PPA_STAGIONALI,10.78,524,21,0
2024-12-02,Umbria,Indeed,AZ_IT_INDEED_RETARGETING_CANDIDATI,11.38,1216,18,1
2024-12-02,Umbria,Indeed,AZ_IT_INDEED_SPONSORED_JOBS,54.40,2613,113,2
2024-12-02,Valle d'Aosta,Indeed,AZ_IT_INDEED_DISPLAY_RETE,2.48,413,2,0
2024-12-02,Valle d'Aosta,Indeed,AZ_IT_INDEED_PPA_STAGIONALI,2.29,114,5,0
2024-12-02,Valle d'Aosta,Indeed,AZ_IT_INDEED_RETARGETING_CANDIDATI,0.99,110,2,0
2024-12-02,Valle d'Aosta,Indeed,AZ_IT_INDEED_SPONSORED_JOBS,9.47,431,18,1
2024-12-02,Veneto,Indeed,AZ_IT_INDEED_DISPLAY_RETE,83.44,13834,72,2
2024-12-02,Veneto,Indeed,AZ_IT_INDEED_PPA_STAGIONALI,87.84,4272,127,5
2024-12-02,Veneto,Indeed,AZ_IT_INDEED_RETARGETING_CANDIDATI,145.15,15709,283,12
2024-12-02,Veneto,Indeed,AZ_IT_INDEED_SPONSORED_JOBS,272.60,12358,496,25
2024-12-09,Abruzzo,Indeed,AZ_IT_INDEED_DISPLAY_RETE,16.51,2809,17,0
2024-12-09,Abruzzo,Indeed,AZ_IT_INDEED_PPA_STAGIONALI,24.11,1192,48,1
2024-12-09,Abruzzo,Indeed,AZ_IT_INDEED_RETARGETING_CANDIDATI,13.64,1536,28,1
2024-12-09,Abruzzo,Indeed,AZ_IT_INDEED_SPONSORED_JOBS,56.54,2589,96,4
2024-12-09,Basilicata,Indeed,AZ_IT_INDEED_DISPLAY_RETE,5.08,859,4,0
2024-12-09,Basilicata,Indeed,AZ_IT_INDEED_PPA_STAGIONALI,6.60,322,13,0
2024-12-09,Basilicata,Indeed,AZ_IT_INDEED_RETARGETING_CANDIDATI,5.83,655,12,0
2024-12-09,Basilicata,Indeed,AZ_IT_INDEED_SPONSORED_JOBS,21.81,1025,41,1
2024-12-09,Calabria,Indeed,AZ_IT_INDEED_DISPLAY_RETE,17.98,2938,13,0
2024-12-09,Calabria,Indeed,AZ_IT_INDEED_PPA_STAGIONALI,29.28,1555,59,1
2024-12-09,Calabria,Indeed,AZ_IT_INDEED_RETARGETING_CANDIDATI,20.80,2280,41,2
2024-12-09,Calabria,Indeed,AZ_IT_INDEED_SPONSORED_JOBS,91.52,4212,166,8
2024-12-09,Campania,Indeed,AZ_IT_INDEED_DISPLAY_RETE,57.49,9171,43,1
2024-12-09,Campania,Indeed,AZ_IT_INDEED_PPA_STAGIONALI,118.90,6019,241,7
2024-12-09,Campania,Indeed,AZ_IT_INDEED_RETARGETING_CANDIDATI,49.61,5631,93,4
2024-12-09,Campania,Indeed,AZ_IT_INDEED_SPONSORED_JOBS,146.46,6785,280,11
2024-12-09,Emilia-Romagna,Indeed,AZ_IT_INDEED_DISPLAY_RETE,38.35,6425,32,1
2024-12-09,Emilia-Romagna,Indeed,AZ_IT_INDEED_PPA_STAGIONALI,84.52,4117,153,4
2024-12-09,Emilia-Romagna,Indeed,AZ_IT_INDEED_RETARGETING_CANDIDATI,49.10,5400,93,4
2024-12-09,Emilia-Romagna,Indeed,AZ_IT_INDEED_SPONSORED_JOBS,147.97,6744,277,12
2024-12-09,Friuli-Venezia Giulia,Indeed,AZ_IT_INDEED_DISPLAY_RETE,16.75,2763,12,0
2024-12-09,Friuli-Venezia Giulia,Indeed,AZ_IT_INDEED_PPA_STAGIONALI,31.93,1595,68,2
2024-12-09,Friuli-Venezia Giulia,Indeed,AZ_IT_INDEED_RETARGETING_CANDIDATI,9.08,1021,19,1
2024-12-09,Friuli-Venezia Giulia,Indeed,AZ_IT_INDEED_SPONSORED_JOBS,44.46,1955,93,4
2024-12-09,Lazio,Indeed,AZ_IT_INDEED_DISPLAY_RETE,85.04,13985,71,2
2024-12-09,Lazio,Indeed,AZ_IT_INDEED_PPA_STAGIONALI,87.89,4628,189,6
2024-12-09,Lazio,Indeed,AZ_IT_INDEED_RETARGETING_CANDIDATI,73.17,7845,141,7
2024-12-09,Lazio,Indeed,AZ_IT_INDEED_SPONSORED_JOBS,157.84,6616,264,13
2024-12-09,Liguria,Indeed,AZ_IT_INDEED_DISPLAY_RETE,15.62,2562,14,0
2024-12-09,Liguria,Indeed,AZ_IT_INDEED_PPA_STAGIONALI,13.70,703,28,1
2024-12-09,Liguria,Indeed,AZ_IT_INDEED_RETARGETING_CANDIDATI,14.17,1501,27,1
2024-12-09,Liguria,Indeed,AZ_IT_INDEED_SPONSORED_JOBS,39.05,1819,79,4
2024-12-09,Lombardia,Indeed,AZ_IT_INDEED_DISPLAY_RETE,124.62,20699,115,3
2024-12-09,Lombardia,Indeed,AZ_IT_INDEED_PPA_STAGIONALI,147.19,7326,254,12
2024-12-09,Lombardia,Indeed,AZ_IT_INDEED_RETARGETING_CANDIDATI,92.98,10797,203,8
2024-12-09,Lombardia,Indeed,AZ_IT_INDEED_SPONSORED_JOBS,440.13,20611,894,44
2024-12-09,Marche,Indeed,AZ_IT_INDEED_DISPLAY_RETE,17.75,2961,15,1
2024-12-09,Marche,Indeed,AZ_IT_INDEED_PPA_STAGIONALI,28.51,1402,51,4
2024-12-09,Marche,Indeed,AZ_IT_INDEED_RETARGETING_CANDIDATI,14.02,1609,29,2
2024-12-09,Marche,Indeed,AZ_IT_INDEED_SPONSORED_JOBS,37.08,1625,70,6
2024-12-09,Molise,Indeed,AZ_IT_INDEED_DISPLAY_RETE,4.44,728,4,0
2024-12-09,Molise,Indeed,AZ_IT_INDEED_PPA_STAGIONALI,3.71,187,6,0
2024-12-09,Molise,Indeed,AZ_IT_INDEED_RETARGETING_CANDIDATI,3.35,377,7,0
2024-12-09,Molise,Indeed,AZ_IT_INDEED_SPONSORED_JOBS,5.99,261,11,1
2024-12-09,Piemonte,Indeed,AZ_IT_INDEED_DISPLAY_RETE,49.32,8015,43,2
2024-12-09,Piemonte,Indeed,AZ_IT_INDEED_PPA_STAGIONALI,87.87,4326,165,9
2024-12-09,Piemonte,Indeed,AZ_IT_INDEED_RETARGETING_CANDIDATI,42.72,4626,85,4
2024-12-09,Piemonte,Indeed,AZ_IT_INDEED_SPONSORED_JOBS,143.00,6272,303,18
2024-12-09,Puglia,Indeed,AZ_IT_INDEED_DISPLAY_RETE,84.83,13408,80,3
2024-12-09,Puglia,Indeed,AZ_IT_INDEED_PPA_STAGIONALI,79.19,4098,160,7
2024-12-09,Puglia,Indeed,AZ_IT_INDEED_RETARGETING_CANDIDATI,48.21,5207,86,6
2024-12-09,Puglia,Indeed,AZ_IT_INDEED_SPONSORED_JOBS,87.02,3880,150,10
2024-12-09,Sardegna,Indeed,AZ_IT_INDEED_DISPLAY_RETE,13.32,2222,11,0
2024-12-09,Sardegna,Indeed,AZ_IT_INDEED_PPA_STAGIONALI,18.83,1014,38,1
2024-12-09,Sardegna,Indeed,AZ_IT_INDEED_RETARGETING_CANDIDATI,18.56,1980,35,1
2024-12-09,Sardegna,Indeed,AZ_IT_INDEED_SPONSORED_JOBS,76.93,3397,144,5
2024-12-09,Sicilia,Indeed,AZ_IT_INDEED_DISPLAY_RETE,61.18,10422,49,1
2024-12-09,Sicilia,Indeed,AZ_IT_INDEED_PPA_STAGIONALI,90.02,4528,169,5
2024-12-09,Sicilia,Indeed,AZ_IT_INDEED_RETARGETING_CANDIDATI,35.96,3980,70,2
2024-12-09,Sicilia,Indeed,AZ_IT_INDEED_SPONSORED_JOBS,128.84,5870,253,9
2024-12-09,Toscana,Indeed,AZ_IT_INDEED_DISPLAY_RETE,47.76,7991,39,1
2024-12-09,Toscana,Indeed,AZ_IT_INDEED_PPA_STAGIONALI,29.90,1500,56,2
2024-12-09,Toscana,Indeed,AZ_IT_INDEED_RETARGETING_CANDIDATI,53.72,6045,109,5
2024-12-09,Toscana,Indeed,AZ_IT_INDEED_SPONSORED_JOBS,159.25,7262,263,13
2024-12-09,Trentino-Alto Adige,Indeed,AZ_IT_INDEED_DISPLAY_RETE,11.46,1828,9,0
2024-12-09,Trentino-Alto Adige,Indeed,AZ_IT_INDEED_PPA_STAGIONALI,19.31,932,33,2
2024-12-09,Trentino-Alto Adige,Indeed,AZ_IT_INDEED_RETARGETING_CANDIDATI,13.02,1426,24,1
2024-12-09,Trentino-Alto Adige,Indeed,AZ_IT_INDEED_SPONSORED_JOBS,45.38,2062,76,5
2024-12-09,Umbria,Indeed,AZ_IT_INDEED_DISPLAY_RETE,6.97,1132,6,0
2024-12-09,Umbria,Indeed,AZ_IT_INDEED_PPA_STAGIONALI,10.03,525,20,1
2024-12-09,Umbria,Indeed,AZ_IT_INDEED_RETARGETING_CANDIDATI,8.21,954,19,1
2024-12-09,Umbria,Indeed,AZ_IT_INDEED_SPONSORED_JOBS,28.59,1276,57,2
2024-12-09,Valle d'Aosta,Indeed,AZ_IT_INDEED_DISPLAY_RETE,1.56,252,1,0
2024-12-09,Valle d'Aosta,Indeed,AZ_IT_INDEED_PPA_STAGIONALI,1.82,93,4,0
2024-12-09,Valle d'Aosta,Indeed,AZ_IT_INDEED_RETARGETING_CANDIDATI,0.97,101,2,0
2024-12-09,Valle d'Aosta,Indeed,AZ_IT_INDEED_SPONSORED_JOBS,4.27,188,8,0
2024-12-09,Veneto,Indeed,AZ_IT_INDEED_DISPLAY_RETE,49.76,8068,40,1
2024-12-09,Veneto,Indeed,AZ_IT_INDEED_PPA_STAGIONALI,80.51,3819,128,7
2024-12-09,Veneto,Indeed,AZ_IT_INDEED_RETARGETING_CANDIDATI,127.47,14511,266,14
2024-12-09,Veneto,Indeed,AZ_IT_INDEED_SPONSORED_JOBS,143.07,6200,234,17
2024-12-16,Abruzzo,Indeed,AZ_IT_INDEED_DISPLAY_RETE,15.32,2496,12,0
2024-12-16,Abruzzo,Indeed,AZ_IT_INDEED_PPA_STAGIONALI,19.36,979,41,1
2024-12-16,Abruzzo,Indeed,AZ_IT_INDEED_RETARGETING_CANDIDATI,9.73,1077,20,1
2024-12-16,Abruzzo,Indeed,AZ_IT_INDEED_SPONSORED_JOBS,45.57,2031,90,4
2024-12-16,Basilicata,Indeed,AZ_IT_INDEED_DISPLAY_RETE,4.60,752,4,0
2024-12-16,Basilicata,Indeed,AZ_IT_INDEED_PPA_STAGIONALI,4.73,237,9,0
2024-12-16,Basilicata,Indeed,AZ_IT_INDEED_RETARGETING_CANDIDATI,4.39,489,9,0
2024-12-16,Basilicata,Indeed,AZ_IT_INDEED_SPONSORED_JOBS,16.83,778,31,1
2024-12-16,Calabria,Indeed,AZ_IT_INDEED_DISPLAY_RETE,18.45,3286,18,0
2024-12-16,Calabria,Indeed,AZ_IT_INDEED_PPA_STAGIONALI,20.01,1005,37,1
2024-12-16,Calabria,Indeed,AZ_IT_INDEED_RETARGETING_CANDIDATI,17.34,1760,28,2
2024-12-16,Calabria,Indeed,AZ_IT_INDEED_SPONSORED_JOBS,87.04,3754,164,9
2024-12-16,Campania,Indeed,AZ_IT_INDEED_DISPLAY_RETE,46.45,7610,37,1
2024-12-16,Campania,Indeed,AZ_IT_INDEED_PPA_STAGIONALI,89.02,4400,178,5
2024-12-16,Campania,Indeed,AZ_IT_INDEED_RETARGETING_CANDIDATI,37.28,4050,74,3
2024-12-16,Campania,Indeed,AZ_IT_INDEED_SPONSORED_JOBS,102.32,4630,212,8
2024-12-16,Emilia-Romagna,Indeed,AZ_IT_INDEED_DISPLAY_RETE,36.88,5783,34,1
2024-12-16,Emilia-Romagna,Indeed,AZ_IT_INDEED_PPA_STAGIONALI,77.06,3868,159,4
2024-12-16,Emilia-Romagna,Indeed,AZ_IT_INDEED_RETARGETING_CANDIDATI,36.40,3898,64,2
2024-12-16,Emilia-Romagna,Indeed,AZ_IT_INDEED_SPONSORED_JOBS,130.15,5714,231,11
2024-12-16,Friuli-Venezia Giulia,Indeed,AZ_IT_INDEED_DISPLAY_RETE,15.33,2631,12,0
2024-12-16,Friuli-Venezia Giulia,Indeed,AZ_IT_INDEED_PPA_STAGIONALI,24.17,1170,50,2
2024-12-16,Friuli-Venezia Giulia,Indeed,AZ_IT_INDEED_RETARGETING_CANDIDATI,7.34,847,16,1
2024-12-16,Friuli-Venezia Giulia,Indeed,AZ_IT_INDEED_SPONSORED_JOBS,38.85,1693,60,4
2024-12-16,Lazio,Indeed,AZ_IT_INDEED_DISPLAY_RETE,81.79,13677,63,2
2024-12-16,Lazio,Indeed,AZ_IT_INDEED_PPA_STAGIONALI,70.89,3558,149,6
2024-12-16,Lazio,Indeed,AZ_IT_INDEED_RETARGETING_CANDIDATI,60.55,6603,112,6
2024-12-16,Lazio,Indeed,AZ_IT_INDEED_SPONSORED_JOBS,124.41,5805,225,12
2024-12-16,Liguria,Indeed,AZ_IT_INDEED_DISPLAY_RETE,16.00,2735,13,0
2024-12-16,Liguria,Indeed,AZ_IT_INDEED_PPA_STAGIONALI,11.53,591,20,1
2024-12-16,Liguria,Indeed,AZ_IT_INDEED_RETARGETING_CANDIDATI,10.31,1080,20,1
2024-12-16,Liguria,Indeed,AZ_IT_INDEED_SPONSORED_JOBS,35.90,1688,59,4
2024-12-16,Lombardia,Indeed,AZ_IT_INDEED_DISPLAY_RETE,115.43,19188,104,4
2024-12-16,Lombardia,Indeed,AZ_IT_INDEED_PPA_STAGIONALI,113.00,5623,220,11
2024-12-16,Lombardia,Indeed,AZ_IT_INDEED_RETARGETING_CANDIDATI,69.44,7790,159,7
2024-12-16,Lombardia,Indeed,AZ_IT_INDEED_SPONSORED_JOBS,331.57,15262,586,42
2024-12-16,Marche,Indeed,AZ_IT_INDEED_DISPLAY_RETE,16.63,2882,14,1
2024-12-16,Marche,Indeed,AZ_IT_INDEED_PPA_STAGIONALI,20.75,1016,41,3
2024-12-16,Marche,Indeed,AZ_IT_INDEED_RETARGETING_CANDIDATI,11.37,1301,25,2
2024-12-16,Marche,Indeed,AZ_IT_INDEED_SPONSORED_JOBS,27.15,1187,53,6
2024-12-16,Molise,Indeed,AZ_IT_INDEED_DISPLAY_RETE,3.98,666,3,0
2024-12-16,Molise,Indeed,AZ_IT_INDEED_PPA_STAGIONALI,3.06,160,6,0
2024-12-16,Molise,Indeed,AZ_IT_INDEED_RETARGETING_CANDIDATI,3.06,347,6,0
2024-12-16,Molise,Indeed,AZ_IT_INDEED_SPONSORED_JOBS,4.07,189,7,1
2024-12-16,Piemonte,Indeed,AZ_IT_INDEED_DISPLAY_RETE,49.05,8408,47,2
2024-12-16,Piemonte,Indeed,AZ_IT_INDEED_PPA_STAGIONALI,64.17,3321,113,7
2024-12-16,Piemonte,Indeed,AZ_IT_INDEED_RETARGETING_CANDIDATI,36.99,4105,75,5
2024-12-16,Piemonte,Indeed,AZ_IT_INDEED_SPONSORED_JOBS,113.44,5259,199,18
2024-12-16,Puglia,Indeed,AZ_IT_INDEED_DISPLAY_RETE,73.31,12554,51,3
2024-12-16,Puglia,Indeed,AZ_IT_INDEED_PPA_STAGIONALI,51.80,2511,91,6
2024-12-16,Puglia,Indeed,AZ_IT_INDEED_RETARGETING_CANDIDATI,40.46,4597,83,6
2024-12-16,Puglia,Indeed,AZ_IT_INDEED_SPONSORED_JOBS,65.77,3162,144,11
2024-12-16,Sardegna,Indeed,AZ_IT_INDEED_DISPLAY_RETE,12.25,2019,10,0
2024-12-16,Sardegna,Indeed,AZ_IT_INDEED_PPA_STAGIONALI,13.23,654,24,1
2024-12-16,Sardegna,Indeed,AZ_IT_INDEED_RETARGETING_CANDIDATI,13.59,1464,26,1
2024-12-16,Sardegna,Indeed,AZ_IT_INDEED_SPONSORED_JOBS,54.25,2421,98,5
2024-12-16,Sicilia,Indeed,AZ_IT_INDEED_DISPLAY_RETE,64.34,10786,53,1
2024-12-16,Sicilia,Indeed,AZ_IT_INDEED_PPA_STAGIONALI,72.29,3622,146,4
2024-12-16,Sicilia,Indeed,AZ_IT_INDEED_RETARGETING_CANDIDATI,27.10,3038,61,2
2024-12-16,Sicilia,Indeed,AZ_IT_INDEED_SPONSORED_JOBS,120.51,5527,230,9
2024-12-16,Toscana,Indeed,AZ_IT_INDEED_DISPLAY_RETE,46.33,7991,47,1
2024-12-16,Toscana,Indeed,AZ_IT_INDEED_PPA_STAGIONALI,25.77,1301,48,2
2024-12-16,Toscana,Indeed,AZ_IT_INDEED_RETARGETING_CANDIDATI,43.06,4851,87,5
2024-12-16,Toscana,Indeed,AZ_IT_INDEED_SPONSORED_JOBS,116.22,5130,194,11
2024-12-16,Trentino-Alto Adige,Indeed,AZ_IT_INDEED_DISPLAY_RETE,12.41,2099,10,0
2024-12-16,Trentino-Alto Adige,Indeed,AZ_IT_INDEED_PPA_STAGIONALI,15.00,765,30,1
2024-12-16,Trentino-Alto Adige,Indeed,AZ_IT_INDEED_RETARGETING_CANDIDATI,9.46,1051,22,1
2024-12-16,Trentino-Alto Adige,Indeed,AZ_IT_INDEED_SPONSORED_JOBS,35.36,1512,67,5
2024-12-16,Umbria,Indeed,AZ_IT_INDEED_DISPLAY_RETE,7.77,1334,6,0
2024-12-16,Umbria,Indeed,AZ_IT_INDEED_PPA_STAGIONALI,8.01,397,15,0
2024-12-16,Umbria,Indeed,AZ_IT_INDEED_RETARGETING_CANDIDATI,7.11,780,13,0
2024-12-16,Umbria,Indeed,AZ_IT_INDEED_SPONSORED_JOBS,27.43,1176,48,2
2024-12-16,Valle d'Aosta,Indeed,AZ_IT_INDEED_DISPLAY_RETE,1.62,290,2,0
2024-12-16,Valle d'Aosta,Indeed,AZ_IT_INDEED_PPA_STAGIONALI,1.69,82,3,0
2024-12-16,Valle d'Aosta,Indeed,AZ_IT_INDEED_RETARGETING_CANDIDATI,0.75,81,1,0
2024-12-16,Valle d'Aosta,Indeed,AZ_IT_INDEED_SPONSORED_JOBS,3.64,166,7,0
2024-12-16,Veneto,Indeed,AZ_IT_INDEED_DISPLAY_RETE,46.07,7565,39,1
2024-12-16,Veneto,Indeed,AZ_IT_INDEED_PPA_STAGIONALI,60.37,3046,118,6
2024-12-16,Veneto,Indeed,AZ_IT_INDEED_RETARGETING_CANDIDATI,103.23,11257,203,10
2024-12-16,Veneto,Indeed,AZ_IT_INDEED_SPONSORED_JOBS,109.19,4842,178,15
2024-12-23,Abruzzo,Indeed,AZ_IT_INDEED_DISPLAY_RETE,14.60,2410,13,0
2024-12-23,Abruzzo,Indeed,AZ_IT_INDEED_RETARGETING_CANDIDATI,11.93,1369,25,1
2024-12-23,Abruzzo,Indeed,AZ_IT_INDEED_SPONSORED_JOBS,67.89,3128,140,6
2024-12-23,Basilicata,Indeed,AZ_IT_INDEED_DISPLAY_RETE,4.60,731,4,0
2024-12-23,Basilicata,Indeed,AZ_IT_INDEED_RETARGETING_CANDIDATI,5.16,561,11,0
2024-12-23,Basilicata,Indeed,AZ_IT_INDEED_SPONSORED_JOBS,22.56,1043,44,1
2024-12-23,Calabria,Indeed,AZ_IT_INDEED_DISPLAY_RETE,17.57,2835,14,0
2024-12-23,Calabria,Indeed,AZ_IT_INDEED_RETARGETING_CANDIDATI,15.13,1662,33,1
2024-12-23,Calabria,Indeed,AZ_IT_INDEED_SPONSORED_JOBS,106.11,4816,187,9
2024-12-23,Campania,Indeed,AZ_IT_INDEED_DISPLAY_RETE,49.25,8032,38,1
2024-12-23,Campania,Indeed,AZ_IT_INDEED_RETARGETING_CANDIDATI,38.71,4386,78,3
2024-12-23,Campania,Indeed,AZ_IT_INDEED_SPONSORED_JOBS,127.82,5529,220,12
2024-12-23,Emilia-Romagna,Indeed,AZ_IT_INDEED_DISPLAY_RETE,40.62,6840,35,1
2024-12-23,Emilia-Romagna,Indeed,AZ_IT_INDEED_RETARGETING_CANDIDATI,36.91,3933,70,3
2024-12-23,Emilia-Romagna,Indeed,AZ_IT_INDEED_SPONSORED_JOBS,173.46,7636,301,13
2024-12-23,Friuli-Venezia Giulia,Indeed,AZ_IT_INDEED_DISPLAY_RETE,13.26,2195,11,0
2024-12-23,Friuli-Venezia Giulia,Indeed,AZ_IT_INDEED_RETARGETING_CANDIDATI,6.76,732,13,1
2024-12-23,Friuli-Venezia Giulia,Indeed,AZ_IT_INDEED_SPONSORED_JOBS,54.08,2471,103,5
2024-12-23,Lazio,Indeed,AZ_IT_INDEED_DISPLAY_RETE,68.46,11214,57,2
2024-12-23,Lazio,Indeed,AZ_IT_INDEED_RETARGETING_CANDIDATI,56.37,5917,113,5
2024-12-23,Lazio,Indeed,AZ_IT_INDEED_SPONSORED_JOBS,176.77,8100,335,18
2024-12-23,Liguria,Indeed,AZ_IT_INDEED_DISPLAY_RETE,13.91,2304,13,0
2024-12-23,Liguria,Indeed,AZ_IT_INDEED_RETARGETING_CANDIDATI,9.31,1100,18,1
2024-12-23,Liguria,Indeed,AZ_IT_INDEED_SPONSORED_JOBS,49.85,2286,104,4
2024-12-23,Lombardia,Indeed,AZ_IT_INDEED_DISPLAY_RETE,125.60,20568,114,3
2024-12-23,Lombardia,Indeed,AZ_IT_INDEED_RETARGETING_CANDIDATI,67.35,7408,129,8
2024-12-23,Lombardia,Indeed,AZ_IT_INDEED_SPONSORED_JOBS,393.87,18334,644,48
2024-12-23,Marche,Indeed,AZ_IT_INDEED_DISPLAY_RETE,18.76,3099,15,1
2024-12-23,Marche,Indeed,AZ_IT_INDEED_RETARGETING_CANDIDATI,11.15,1262,26,2
2024-12-23,Marche,Indeed,AZ_IT_INDEED_SPONSORED_JOBS,41.49,1869,80,8
2024-12-23,Molise,Indeed,AZ_IT_INDEED_DISPLAY_RETE,4.44,707,3,0
2024-12-23,Molise,Indeed,AZ_IT_INDEED_RETARGETING_CANDIDATI,2.61,309,5,1
2024-12-23,Molise,Indeed,AZ_IT_INDEED_SPONSORED_JOBS,5.32,243,9,1
2024-12-23,Piemonte,Indeed,AZ_IT_INDEED_DISPLAY_RETE,49.37,8565,47,2
2024-12-23,Piemonte,Indeed,AZ_IT_INDEED_RETARGETING_CANDIDATI,33.00,3516,67,5
2024-12-23,Piemonte,Indeed,AZ_IT_INDEED_SPONSORED_JOBS,131.08,6047,291,22
2024-12-23,Puglia,Indeed,AZ_IT_INDEED_DISPLAY_RETE,59.30,9809,52,2
2024-12-23,Puglia,Indeed,AZ_IT_INDEED_RETARGETING_CANDIDATI,37.36,4137,81,5
2024-12-23,Puglia,Indeed,AZ_IT_INDEED_SPONSORED_JOBS,84.85,3962,179,13
2024-12-23,Sardegna,Indeed,AZ_IT_INDEED_DISPLAY_RETE,12.87,2107,11,0
2024-12-23,Sardegna,Indeed,AZ_IT_INDEED_RETARGETING_CANDIDATI,15.04,1641,32,1
2024-12-23,Sardegna,Indeed,AZ_IT_INDEED_SPONSORED_JOBS,61.02,2767,113,5
2024-12-23,Sicilia,Indeed,AZ_IT_INDEED_DISPLAY_RETE,64.77,10712,56,1
2024-12-23,Sicilia,Indeed,AZ_IT_INDEED_RETARGETING_CANDIDATI,21.21,2333,41,2
2024-12-23,Sicilia,Indeed,AZ_IT_INDEED_SPONSORED_JOBS,162.21,7348,310,12
2024-12-23,Toscana,Indeed,AZ_IT_INDEED_DISPLAY_RETE,39.84,6464,30,1
2024-12-23,Toscana,Indeed,AZ_IT_INDEED_RETARGETING_CANDIDATI,44.01,4896,94,4
2024-12-23,Toscana,Indeed,AZ_IT_INDEED_SPONSORED_JOBS,156.98,7188,296,16
2024-12-23,Trentino-Alto Adige,Indeed,AZ_IT_INDEED_DISPLAY_RETE,10.20,1757,9,0
2024-12-23,Trentino-Alto Adige,Indeed,AZ_IT_INDEED_RETARGETING_CANDIDATI,9.78,1133,21,1
2024-12-23,Trentino-Alto Adige,Indeed,AZ_IT_INDEED_SPONSORED_JOBS,48.21,2190,86,6
2024-12-23,Umbria,Indeed,AZ_IT_INDEED_DISPLAY_RETE,6.61,1054,5,0
2024-12-23,Umbria,Indeed,AZ_IT_INDEED_RETARGETING_CANDIDATI,7.87,890,17,0
2024-12-23,Umbria,Indeed,AZ_IT_INDEED_SPONSORED_JOBS,36.12,1625,63,2
2024-12-23,Valle d'Aosta,Indeed,AZ_IT_INDEED_DISPLAY_RETE,1.73,289,1,0
2024-12-23,Valle d'Aosta,Indeed,AZ_IT_INDEED_RETARGETING_CANDIDATI,0.58,68,1,0
2024-12-23,Valle d'Aosta,Indeed,AZ_IT_INDEED_SPONSORED_JOBS,4.31,192,8,0
2024-12-23,Veneto,Indeed,AZ_IT_INDEED_DISPLAY_RETE,49.03,8566,45,2
2024-12-23,Veneto,Indeed,AZ_IT_INDEED_RETARGETING_CANDIDATI,82.02,9137,161,10
2024-12-23,Veneto,Indeed,AZ_IT_INDEED_SPONSORED_JOBS,156.55,6736,224,23
2024-12-30,Abruzzo,Indeed,AZ_IT_INDEED_DISPLAY_RETE,18.32,2982,16,0
2024-12-30,Abruzzo,Indeed,AZ_IT_INDEED_RETARGETING_CANDIDATI,14.37,1570,28,1
2024-12-30,Abruzzo,Indeed,AZ_IT_INDEED_SPONSORED_JOBS,89.34,4118,184,6
2024-12-30,Basilicata,Indeed,AZ_IT_INDEED_DISPLAY_RETE,6.04,942,4,0
2024-12-30,Basilicata,Indeed,AZ_IT_INDEED_RETARGETING_CANDIDATI,5.52,634,13,0
2024-12-30,Basilicata,Indeed,AZ_IT_INDEED_SPONSORED_JOBS,26.51,1219,56,1
2024-12-30,Calabria,Indeed,AZ_IT_INDEED_DISPLAY_RETE,25.00,4149,23,1
2024-12-30,Calabria,Indeed,AZ_IT_INDEED_RETARGETING_CANDIDATI,25.31,2761,45,2
2024-12-30,Calabria,Indeed,AZ_IT_INDEED_SPONSORED_JOBS,142.73,6527,263,10
2024-12-30,Campania,Indeed,AZ_IT_INDEED_DISPLAY_RETE,64.46,10680,57,2
2024-12-30,Campania,Indeed,AZ_IT_INDEED_RETARGETING_CANDIDATI,49.95,5563,100,4
2024-12-30,Campania,Indeed,AZ_IT_INDEED_SPONSORED_JOBS,160.76,7384,333,13
2024-12-30,Emilia-Romagna,Indeed,AZ_IT_INDEED_DISPLAY_RETE,51.36,8523,40,1
2024-12-30,Emilia-Romagna,Indeed,AZ_IT_INDEED_RETARGETING_CANDIDATI,54.15,6119,113,4
2024-12-30,Emilia-Romagna,Indeed,AZ_IT_INDEED_SPONSORED_JOBS,214.59,9687,383,18
2024-12-30,Friuli-Venezia Giulia,Indeed,AZ_IT_INDEED_DISPLAY_RETE,17.61,2879,14,1
2024-12-30,Friuli-Venezia Giulia,Indeed,AZ_IT_INDEED_RETARGETING_CANDIDATI,9.90,1130,20,1
2024-12-30,Friuli-Venezia Giulia,Indeed,AZ_IT_INDEED_SPONSORED_JOBS,54.97,2634,104,5
2024-12-30,Lazio,Indeed,AZ_IT_INDEED_DISPLAY_RETE,100.01,16791,85,3
2024-12-30,Lazio,Indeed,AZ_IT_INDEED_RETARGETING_CANDIDATI,64.51,7153,130,5
2024-12-30,Lazio,Indeed,AZ_IT_INDEED_SPONSORED_JOBS,225.49,10503,436,18
2024-12-30,Liguria,Indeed,AZ_IT_INDEED_DISPLAY_RETE,17.92,3061,15,0
2024-12-30,Liguria,Indeed,AZ_IT_INDEED_RETARGETING_CANDIDATI,11.59,1316,21,1
2024-12-30,Liguria,Indeed,AZ_IT_INDEED_SPONSORED_JOBS,69.27,3327,141,6
2024-12-30,Lombardia,Indeed,AZ_IT_INDEED_DISPLAY_RETE,142.06,23256,106,5
2024-12-30,Lombardia,Indeed,AZ_IT_INDEED_RETARGETING_CANDIDATI,99.83,10869,200,10
2024-12-30,Lombardia,Indeed,AZ_IT_INDEED_SPONSORED_JOBS,456.53,20302,783,47
2024-12-30,Marche,Indeed,AZ_IT_INDEED_DISPLAY_RETE,22.38,3754,18,1
2024-12-30,Marche,Indeed,AZ_IT_INDEED_RETARGETING_CANDIDATI,12.39,1362,23,2
2024-12-30,Marche,Indeed,AZ_IT_INDEED_SPONSORED_JOBS,57.39,2599,109,12
2024-12-30,Molise,Indeed,AZ_IT_INDEED_DISPLAY_RETE,5.25,857,4,0
2024-12-30,Molise,Indeed,AZ_IT_INDEED_RETARGETING_CANDIDATI,3.72,419,8,1
2024-12-30,Molise,Indeed,AZ_IT_INDEED_SPONSORED_JOBS,7.19,326,14,1
2024-12-30,Piemonte,Indeed,AZ_IT_INDEED_DISPLAY_RETE,64.15,11365,53,3
2024-12-30,Piemonte,Indeed,AZ_IT_INDEED_RETARGETING_CANDIDATI,40.87,4544,81,5
2024-12-30,Piemonte,Indeed,AZ_IT_INDEED_SPONSORED_JOBS,183.28,8679,299,23
2024-12-30,Puglia,Indeed,AZ_IT_INDEED_DISPLAY_RETE,68.67,11805,59,3
2024-12-30,Puglia,Indeed,AZ_IT_INDEED_RETARGETING_CANDIDATI,45.55,4956,98,5
2024-12-30,Puglia,Indeed,AZ_IT_INDEED_SPONSORED_JOBS,108.08,4600,185,13
2024-12-30,Sardegna,Indeed,AZ_IT_INDEED_DISPLAY_RETE,14.91,2627,14,0
2024-12-30,Sardegna,Indeed,AZ_IT_INDEED_RETARGETING_CANDIDATI,18.43,2101,32,2
2024-12-30,Sardegna,Indeed,AZ_IT_INDEED_SPONSORED_JOBS,61.27,2831,114,5
2024-12-30,Sicilia,Indeed,AZ_IT_INDEED_DISPLAY_RETE,91.23,15606,80,2
2024-12-30,Sicilia,Indeed,AZ_IT_INDEED_RETARGETING_CANDIDATI,27.41,3064,47,2
2024-12-30,Sicilia,Indeed,AZ_IT_INDEED_SPONSORED_JOBS,176.23,8049,316,14
2024-12-30,Toscana,Indeed,AZ_IT_INDEED_DISPLAY_RETE,58.76,9413,46,2
2024-12-30,Toscana,Indeed,AZ_IT_INDEED_RETARGETING_CANDIDATI,45.66,4847,83,4
2024-12-30,Toscana,Indeed,AZ_IT_INDEED_SPONSORED_JOBS,168.46,7897,310,18
2024-12-30,Trentino-Alto Adige,Indeed,AZ_IT_INDEED_DISPLAY_RETE,13.89,2263,11,1
2024-12-30,Trentino-Alto Adige,Indeed,AZ_IT_INDEED_RETARGETING_CANDIDATI,13.21,1487,28,1
2024-12-30,Trentino-Alto Adige,Indeed,AZ_IT_INDEED_SPONSORED_JOBS,52.37,2341,99,6
2024-12-30,Umbria,Indeed,AZ_IT_INDEED_DISPLAY_RETE,7.86,1337,6,0
2024-12-30,Umbria,Indeed,AZ_IT_INDEED_RETARGETING_CANDIDATI,13.66,1542,28,1
2024-12-30,Umbria,Indeed,AZ_IT_INDEED_SPONSORED_JOBS,36.25,1562,57,2
2024-12-30,Valle d'Aosta,Indeed,AZ_IT_INDEED_DISPLAY_RETE,2.19,361,2,0
2024-12-30,Valle d'Aosta,Indeed,AZ_IT_INDEED_RETARGETING_CANDIDATI,0.89,99,2,0
2024-12-30,Valle d'Aosta,Indeed,AZ_IT_INDEED_SPONSORED_JOBS,5.12,246,11,0
2024-12-30,Veneto,Indeed,AZ_IT_INDEED_DISPLAY_RETE,63.21,10747,50,2
2024-12-30,Veneto,Indeed,AZ_IT_INDEED_RETARGETING_CANDIDATI,93.08,10420,206,10
2024-12-30,Veneto,Indeed,AZ_IT_INDEED_SPONSORED_JOBS,206.08,9364,380,22
2025-01-06,Abruzzo,Indeed,AZ_IT_INDEED_DISPLAY_RETE,16.84,2790,16,0
2025-01-06,Abruzzo,Indeed,AZ_IT_INDEED_RETARGETING_CANDIDATI,13.24,1524,26,1
2025-01-06,Abruzzo,Indeed,AZ_IT_INDEED_SPONSORED_JOBS,84.49,3950,176,6
2025-01-06,Basilicata,Indeed,AZ_IT_INDEED_DISPLAY_RETE,6.65,1136,6,0
2025-01-06,Basilicata,Indeed,AZ_IT_INDEED_RETARGETING_CANDIDATI,5.46,575,10,0
2025-01-06,Basilicata,Indeed,AZ_IT_INDEED_SPONSORED_JOBS,21.89,986,39,1
2025-01-06,Calabria,Indeed,AZ_IT_INDEED_DISPLAY_RETE,20.62,3639,19,1
2025-01-06,Calabria,Indeed,AZ_IT_INDEED_RETARGETING_CANDIDATI,24.06,2743,51,2
2025-01-06,Calabria,Indeed,AZ_IT_INDEED_SPONSORED_JOBS,105.79,4973,218,9
2025-01-06,Campania,Indeed,AZ_IT_INDEED_DISPLAY_RETE,71.66,11468,55,2
2025-01-06,Campania,Indeed,AZ_IT_INDEED_RETARGETING_CANDIDATI,41.68,4290,79,4
2025-01-06,Campania,Indeed,AZ_IT_INDEED_SPONSORED_JOBS,105.11,4889,208,10
2025-01-06,Emilia-Romagna,Indeed,AZ_IT_INDEED_DISPLAY_RETE,56.62,8979,47,1
2025-01-06,Emilia-Romagna,Indeed,AZ_IT_INDEED_RETARGETING_CANDIDATI,58.27,6333,108,4
2025-01-06,Emilia-Romagna,Indeed,AZ_IT_INDEED_SPONSORED_JOBS,212.28,10003,359,15
2025-01-06,Friuli-Venezia Giulia,Indeed,AZ_IT_INDEED_DISPLAY_RETE,18.69,3089,13,1
2025-01-06,Friuli-Venezia Giulia,Indeed,AZ_IT_INDEED_RETARGETING_CANDIDATI,9.08,954,17,1
2025-01-06,Friuli-Venezia Giulia,Indeed,AZ_IT_INDEED_SPONSORED_JOBS,49.12,2211,89,5
2025-01-06,Lazio,Indeed,AZ_IT_INDEED_DISPLAY_RETE,111.29,18516,95,4
2025-01-06,Lazio,Indeed,AZ_IT_INDEED_RETARGETING_CANDIDATI,68.72,7964,136,7
2025-01-06,Lazio,Indeed,AZ_IT_INDEED_SPONSORED_JOBS,186.01,8799,425,17
2025-01-06,Liguria,Indeed,AZ_IT_INDEED_DISPLAY_RETE,20.86,3421,17,1
2025-01-06,Liguria,Indeed,AZ_IT_INDEED_RETARGETING_CANDIDATI,15.14,1666,27,1
2025-01-06,Liguria,Indeed,AZ_IT_INDEED_SPONSORED_JOBS,54.68,2525,110,4
2025-01-06,Lombardia,Indeed,AZ_IT_INDEED_DISPLAY_RETE,144.60,24375,145,6
2025-01-06,Lombardia,Indeed,AZ_IT_INDEED_RETARGETING_CANDIDATI,93.09,10336,179,10
2025-01-06,Lombardia,Indeed,AZ_IT_INDEED_SPONSORED_JOBS,360.55,15498,586,41
2025-01-06,Marche,Indeed,AZ_IT_INDEED_DISPLAY_RETE,22.47,3707,18,2
2025-01-06,Marche,Indeed,AZ_IT_INDEED_RETARGETING_CANDIDATI,15.08,1660,26,3
2025-01-06,Marche,Indeed,AZ_IT_INDEED_SPONSORED_JOBS,36.93,1748,69,8
2025-01-06,Molise,Indeed,AZ_IT_INDEED_DISPLAY_RETE,5.03,819,4,0
2025-01-06,Molise,Indeed,AZ_IT_INDEED_RETARGETING_CANDIDATI,3.85,426,8,1
2025-01-06,Molise,Indeed,AZ_IT_INDEED_SPONSORED_JOBS,5.99,277,12,1
2025-01-06,Piemonte,Indeed,AZ_IT_INDEED_DISPLAY_RETE,67.82,11394,61,3
2025-01-06,Piemonte,Indeed,AZ_IT_INDEED_RETARGETING_CANDIDATI,40.76,4510,80,6
2025-01-06,Piemonte,Indeed,AZ_IT_INDEED_SPONSORED_JOBS,152.11,6853,288,22
2025-01-06,Puglia,Indeed,AZ_IT_INDEED_DISPLAY_RETE,76.83,13107,66,3
2025-01-06,Puglia,Indeed,AZ_IT_INDEED_RETARGETING_CANDIDATI,45.27,5164,94,5
2025-01-06,Puglia,Indeed,AZ_IT_INDEED_SPONSORED_JOBS,91.99,4165,153,14
2025-01-06,Sardegna,Indeed,AZ_IT_INDEED_DISPLAY_RETE,17.69,2968,13,1
2025-01-06,Sardegna,Indeed,AZ_IT_INDEED_RETARGETING_CANDIDATI,16.54,1852,36,2
2025-01-06,Sardegna,Indeed,AZ_IT_INDEED_SPONSORED_JOBS,53.43,2356,85,5
2025-01-06,Sicilia,Indeed,AZ_IT_INDEED_DISPLAY_RETE,99.80,17581,98,3
2025-01-06,Sicilia,Indeed,AZ_IT_INDEED_RETARGETING_CANDIDATI,25.79,2800,50,2
2025-01-06,Sicilia,Indeed,AZ_IT_INDEED_SPONSORED_JOBS,150.41,6868,296,10
2025-01-06,Toscana,Indeed,AZ_IT_INDEED_DISPLAY_RETE,56.67,9350,43,2
2025-01-06,Toscana,Indeed,AZ_IT_INDEED_RETARGETING_CANDIDATI,34.27,3612,61,3
2025-01-06,Toscana,Indeed,AZ_IT_INDEED_SPONSORED_JOBS,129.92,6004,241,13
2025-01-06,Trentino-Alto Adige,Indeed,AZ_IT_INDEED_DISPLAY_RETE,15.46,2507,12,1
2025-01-06,Trentino-Alto Adige,Indeed,AZ_IT_INDEED_RETARGETING_CANDIDATI,12.00,1381,24,1
2025-01-06,Trentino-Alto Adige,Indeed,AZ_IT_INDEED_SPONSORED_JOBS,47.14,2150,95,7
2025-01-06,Umbria,Indeed,AZ_IT_INDEED_DISPLAY_RETE,7.82,1314,7,0
2025-01-06,Umbria,Indeed,AZ_IT_INDEED_RETARGETING_CANDIDATI,10.18,1147,19,1
2025-01-06,Umbria,Indeed,AZ_IT_INDEED_SPONSORED_JOBS,26.36,1207,51,2
2025-01-06,Valle d'Aosta,Indeed,AZ_IT_INDEED_DISPLAY_RETE,2.21,349,2,0
2025-01-06,Valle d'Aosta,Indeed,AZ_IT_INDEED_RETARGETING_CANDIDATI,0.81,89,2,0
2025-01-06,Valle d'Aosta,Indeed,AZ_IT_INDEED_SPONSORED_JOBS,4.30,192,7,0
2025-01-06,Veneto,Indeed,AZ_IT_INDEED_DISPLAY_RETE,81.81,14443,77,3
2025-01-06,Veneto,Indeed,AZ_IT_INDEED_RETARGETING_CANDIDATI,105.18,12045,229,14
2025-01-06,Veneto,Indeed,AZ_IT_INDEED_SPONSORED_JOBS,175.98,7779,318,22
2025-01-13,Abruzzo,Indeed,AZ_IT_INDEED_DISPLAY_RETE,17.77,3111,14,0
2025-01-13,Abruzzo,Indeed,AZ_IT_INDEED_RETARGETING_CANDIDATI,12.20,1444,28,1
2025-01-13,Abruzzo,Indeed,AZ_IT_INDEED_SPONSORED_JOBS,98.92,4502,179,7
2025-01-13,Basilicata,Indeed,AZ_IT_INDEED_DISPLAY_RETE,4.63,803,4,0
2025-01-13,Basilicata,Indeed,AZ_IT_INDEED_RETARGETING_CANDIDATI,6.14,683,13,0
2025-01-13,Basilicata,Indeed,AZ_IT_INDEED_SPONSORED_JOBS,26.08,1195,50,2
2025-01-13,Calabria,Indeed,AZ_IT_INDEED_DISPLAY_RETE,16.31,2530,12,0
2025-01-13,Calabria,Indeed,AZ_IT_INDEED_RETARGETING_CANDIDATI,20.91,2416,39,1
2025-01-13,Calabria,Indeed,AZ_IT_INDEED_SPONSORED_JOBS,122.20,5487,211,9
2025-01-13,Campania,Indeed,AZ_IT_INDEED_DISPLAY_RETE,66.12,10880,57,2
2025-01-13,Campania,Indeed,AZ_IT_INDEED_RETARGETING_CANDIDATI,42.21,4696,82,3
2025-01-13,Campania,Indeed,AZ_IT_INDEED_SPONSORED_JOBS,157.73,7272,266,14
2025-01-13,Emilia-Romagna,Indeed,AZ_IT_INDEED_DISPLAY_RETE,42.85,7135,38,1
2025-01-13,Emilia-Romagna,Indeed,AZ_IT_INDEED_RETARGETING_CANDIDATI,50.71,5937,127,3
2025-01-13,Emilia-Romagna,Indeed,AZ_IT_INDEED_SPONSORED_JOBS,291.01,13572,550,16
2025-01-13,Friuli-Venezia Giulia,Indeed,AZ_IT_INDEED_DISPLAY_RETE,17.47,2920,14,1
2025-01-13,Friuli-Venezia Giulia,Indeed,AZ_IT_INDEED_RETARGETING_CANDIDATI,8.35,931,18,1
2025-01-13,Friuli-Venezia Giulia,Indeed,AZ_IT_INDEED_SPONSORED_JOBS,65.73,3075,119,6
2025-01-13,Lazio,Indeed,AZ_IT_INDEED_DISPLAY_RETE,96.86,16470,82,3
2025-01-13,Lazio,Indeed,AZ_IT_INDEED_RETARGETING_CANDIDATI,77.10,8459,158,7
2025-01-13,Lazio,Indeed,AZ_IT_INDEED_SPONSORED_JOBS,224.77,10068,440,22
2025-01-13,Liguria,Indeed,AZ_IT_INDEED_DISPLAY_RETE,17.56,3020,15,0
2025-01-13,Liguria,Indeed,AZ_IT_INDEED_RETARGETING_CANDIDATI,17.71,2048,37,1
2025-01-13,Liguria,Indeed,AZ_IT_INDEED_SPONSORED_JOBS,62.78,2712,109,5
2025-01-13,Lombardia,Indeed,AZ_IT_INDEED_DISPLAY_RETE,117.56,20549,95,4
2025-01-13,Lombardia,Indeed,AZ_IT_INDEED_RETARGETING_CANDIDATI,82.91,9251,181,7
2025-01-13,Lombardia,Indeed,AZ_IT_INDEED_SPONSORED_JOBS,429.01,19755,825,46
2025-01-13,Marche,Indeed,AZ_IT_INDEED_DISPLAY_RETE,19.73,3363,18,1
2025-01-13,Marche,Indeed,AZ_IT_INDEED_RETARGETING_CANDIDATI,11.80,1312,23,2
2025-01-13,Marche,Indeed,AZ_IT_INDEED_SPONSORED_JOBS,52.88,2383,95,11
2025-01-13,Molise,Indeed,AZ_IT_INDEED_DISPLAY_RETE,4.24,703,3,0
2025-01-13,Molise,Indeed,AZ_IT_INDEED_RETARGETING_CANDIDATI,3.57,407,7,1
2025-01-13,Molise,Indeed,AZ_IT_INDEED_SPONSORED_JOBS,8.07,367,15,1
2025-01-13,Piemonte,Indeed,AZ_IT_INDEED_DISPLAY_RETE,57.17,9516,48,2
2025-01-13,Piemonte,Indeed,AZ_IT_INDEED_RETARGETING_CANDIDATI,41.99,4654,85,5
2025-01-13,Piemonte,Indeed,AZ_IT_INDEED_SPONSORED_JOBS,176.84,7922,339,24
2025-01-13,Puglia,Indeed,AZ_IT_INDEED_DISPLAY_RETE,54.38,9262,48,2
2025-01-13,Puglia,Indeed,AZ_IT_INDEED_RETARGETING_CANDIDATI,46.59,4906,88,5
2025-01-13,Puglia,Indeed,AZ_IT_INDEED_SPONSORED_JOBS,120.38,5740,239,16
2025-01-13,Sardegna,Indeed,AZ_IT_INDEED_DISPLAY_RETE,17.28,2777,12,0
2025-01-13,Sardegna,Indeed,AZ_IT_INDEED_RETARGETING_CANDIDATI,15.79,1737,30,1
2025-01-13,Sardegna,Indeed,AZ_IT_INDEED_SPONSORED_JOBS,76.48,3433,125,6
2025-01-13,Sicilia,Indeed,AZ_IT_INDEED_DISPLAY_RETE,69.61,11544,58,2
2025-01-13,Sicilia,Indeed,AZ_IT_INDEED_RETARGETING_CANDIDATI,25.16,2745,47,2
2025-01-13,Sicilia,Indeed,AZ_IT_INDEED_SPONSORED_JOBS,179.89,8637,343,12
2025-01-13,Toscana,Indeed,AZ_IT_INDEED_DISPLAY_RETE,42.94,7506,35,1
2025-01-13,Toscana,Indeed,AZ_IT_INDEED_RETARGETING_CANDIDATI,47.47,5138,99,3
2025-01-13,Toscana,Indeed,AZ_IT_INDEED_SPONSORED_JOBS,171.31,7969,373,16
2025-01-13,Trentino-Alto Adige,Indeed,AZ_IT_INDEED_DISPLAY_RETE,13.61,2314,12,0
2025-01-13,Trentino-Alto Adige,Indeed,AZ_IT_INDEED_RETARGETING_CANDIDATI,10.79,1237,25,1
2025-01-13,Trentino-Alto Adige,Indeed,AZ_IT_INDEED_SPONSORED_JOBS,57.67,2704,114,5
2025-01-13,Umbria,Indeed,AZ_IT_INDEED_DISPLAY_RETE,7.75,1333,7,0
2025-01-13,Umbria,Indeed,AZ_IT_INDEED_RETARGETING_CANDIDATI,9.80,1073,20,1
2025-01-13,Umbria,Indeed,AZ_IT_INDEED_SPONSORED_JOBS,40.99,1856,74,2
2025-01-13,Valle d'Aosta,Indeed,AZ_IT_INDEED_DISPLAY_RETE,1.61,272,1,0
2025-01-13,Valle d'Aosta,Indeed,AZ_IT_INDEED_RETARGETING_CANDIDATI,0.90,99,2,0
2025-01-13,Valle d'Aosta,Indeed,AZ_IT_INDEED_SPONSORED_JOBS,5.84,259,10,1
2025-01-13,Veneto,Indeed,AZ_IT_INDEED_DISPLAY_RETE,60.58,10398,53,2
2025-01-13,Veneto,Indeed,AZ_IT_INDEED_RETARGETING_CANDIDATI,86.98,9643,172,8
2025-01-13,Veneto,Indeed,AZ_IT_INDEED_SPONSORED_JOBS,224.21,10406,469,25
2025-01-20,Abruzzo,Indeed,AZ_IT_INDEED_DISPLAY_RETE,13.79,2335,12,0
2025-01-20,Abruzzo,Indeed,AZ_IT_INDEED_RETARGETING_CANDIDATI,9.91,1112,19,1
2025-01-20,Abruzzo,Indeed,AZ_IT_INDEED_SPONSORED_JOBS,63.56,2919,124,5
2025-01-20,Basilicata,Indeed,AZ_IT_INDEED_DISPLAY_RETE,4.26,751,3,0
2025-01-20,Basilicata,Indeed,AZ_IT_INDEED_RETARGETING_CANDIDATI,4.87,549,9,0
2025-01-20,Basilicata,Indeed,AZ_IT_INDEED_SPONSORED_JOBS,19.38,868,32,1
2025-01-20,Calabria,Indeed,AZ_IT_INDEED_DISPLAY_RETE,15.65,2576,13,0
2025-01-20,Calabria,Indeed,AZ_IT_INDEED_RETARGETING_CANDIDATI,16.91,1889,35,1
2025-01-20,Calabria,Indeed,AZ_IT_INDEED_SPONSORED_JOBS,100.79,4679,219,8
2025-01-20,Campania,Indeed,AZ_IT_INDEED_DISPLAY_RETE,55.59,9062,43,2
2025-01-20,Campania,Indeed,AZ_IT_INDEED_RETARGETING_CANDIDATI,33.41,3729,67,3
2025-01-20,Campania,Indeed,AZ_IT_INDEED_SPONSORED_JOBS,116.78,5402,226,12
2025-01-20,Emilia-Romagna,Indeed,AZ_IT_INDEED_DISPLAY_RETE,33.18,5242,28,1
2025-01-20,Emilia-Romagna,Indeed,AZ_IT_INDEED_RETARGETING_CANDIDATI,37.71,4044,79,2
2025-01-20,Emilia-Romagna,Indeed,AZ_IT_INDEED_SPONSORED_JOBS,210.53,9076,379,15
2025-01-20,Friuli-Venezia Giulia,Indeed,AZ_IT_INDEED_DISPLAY_RETE,12.26,2042,9,0
2025-01-20,Friuli-Venezia Giulia,Indeed,AZ_IT_INDEED_RETARGETING_CANDIDATI,6.96,784,15,1
2025-01-20,Friuli-Venezia Giulia,Indeed,AZ_IT_INDEED_SPONSORED_JOBS,46.68,2161,98,4
2025-01-20,Lazio,Indeed,AZ_IT_INDEED_DISPLAY_RETE,68.05,11655,60,2
2025-01-20,Lazio,Indeed,AZ_IT_INDEED_RETARGETING_CANDIDATI,54.72,5902,93,5
2025-01-20,Lazio,Indeed,AZ_IT_INDEED_SPONSORED_JOBS,199.07,9311,386,18
2025-01-20,Liguria,Indeed,AZ_IT_INDEED_DISPLAY_RETE,12.33,2132,10,0
2025-01-20,Liguria,Indeed,AZ_IT_INDEED_RETARGETING_CANDIDATI,10.94,1258,25,1
2025-01-20,Liguria,Indeed,AZ_IT_INDEED_SPONSORED_JOBS,40.12,1740,73,4
2025-01-20,Lombardia,Indeed,AZ_IT_INDEED_DISPLAY_RETE,98.32,16409,79,4
2025-01-20,Lombardia,Indeed,AZ_IT_INDEED_RETARGETING_CANDIDATI,61.64,6793,119,6
2025-01-20,Lombardia,Indeed,AZ_IT_INDEED_SPONSORED_JOBS,403.93,19438,712,48
2025-01-20,Marche,Indeed,AZ_IT_INDEED_DISPLAY_RETE,13.62,2363,13,1
2025-01-20,Marche,Indeed,AZ_IT_INDEED_RETARGETING_CANDIDATI,9.28,991,17,2
2025-01-20,Marche,Indeed,AZ_IT_INDEED_SPONSORED_JOBS,32.51,1540,63,7
2025-01-20,Molise,Indeed,AZ_IT_INDEED_DISPLAY_RETE,2.96,498,2,0
2025-01-20,Molise,Indeed,AZ_IT_INDEED_RETARGETING_CANDIDATI,2.96,331,6,0
2025-01-20,Molise,Indeed,AZ_IT_INDEED_SPONSORED_JOBS,7.67,331,12,1
2025-01-20,Piemonte,Indeed,AZ_IT_INDEED_DISPLAY_RETE,41.13,6617,34,2
2025-01-20,Piemonte,Indeed,AZ_IT_INDEED_RETARGETING_CANDIDATI,38.13,4335,77,5
2025-01-20,Piemonte,Indeed,AZ_IT_INDEED_SPONSORED_JOBS,133.63,6009,237,17
2025-01-20,Puglia,Indeed,AZ_IT_INDEED_DISPLAY_RETE,42.09,7205,33,2
2025-01-20,Puglia,Indeed,AZ_IT_INDEED_RETARGETING_CANDIDATI,42.55,4681,76,6
2025-01-20,Puglia,Indeed,AZ_IT_INDEED_SPONSORED_JOBS,96.31,4261,178,13
2025-01-20,Sardegna,Indeed,AZ_IT_INDEED_DISPLAY_RETE,12.31,2016,11,0
2025-01-20,Sardegna,Indeed,AZ_IT_INDEED_RETARGETING_CANDIDATI,10.74,1217,23,1
2025-01-20,Sardegna,Indeed,AZ_IT_INDEED_SPONSORED_JOBS,60.04,2632,91,5
2025-01-20,Sicilia,Indeed,AZ_IT_INDEED_DISPLAY_RETE,53.90,8867,45,1
2025-01-20,Sicilia,Indeed,AZ_IT_INDEED_RETARGETING_CANDIDATI,19.98,2315,40,1
2025-01-20,Sicilia,Indeed,AZ_IT_INDEED_SPONSORED_JOBS,139.47,6399,268,10
2025-01-20,Toscana,Indeed,AZ_IT_INDEED_DISPLAY_RETE,37.20,6443,38,1
2025-01-20,Toscana,Indeed,AZ_IT_INDEED_RETARGETING_CANDIDATI,37.08,4161,69,4
2025-01-20,Toscana,Indeed,AZ_IT_INDEED_SPONSORED_JOBS,119.51,5457,237,12
2025-01-20,Trentino-Alto Adige,Indeed,AZ_IT_INDEED_DISPLAY_RETE,13.43,2326,12,1
2025-01-20,Trentino-Alto Adige,Indeed,AZ_IT_INDEED_RETARGETING_CANDIDATI,9.29,992,19,1
2025-01-20,Trentino-Alto Adige,Indeed,AZ_IT_INDEED_SPONSORED_JOBS,45.53,2013,72,7
2025-01-20,Umbria,Indeed,AZ_IT_INDEED_DISPLAY_RETE,6.62,1118,6,0
2025-01-20,Umbria,Indeed,AZ_IT_INDEED_RETARGETING_CANDIDATI,7.89,876,14,0
2025-01-20,Umbria,Indeed,AZ_IT_INDEED_SPONSORED_JOBS,31.69,1406,55,2
2025-01-20,Valle d'Aosta,Indeed,AZ_IT_INDEED_DISPLAY_RETE,1.35,220,1,0
2025-01-20,Valle d'Aosta,Indeed,AZ_IT_INDEED_RETARGETING_CANDIDATI,0.75,82,2,0
2025-01-20,Valle d'Aosta,Indeed,AZ_IT_INDEED_SPONSORED_JOBS,4.85,220,8,0
2025-01-20,Veneto,Indeed,AZ_IT_INDEED_DISPLAY_RETE,52.91,8533,48,2
2025-01-20,Veneto,Indeed,AZ_IT_INDEED_RETARGETING_CANDIDATI,72.52,7589,132,7
2025-01-20,Veneto,Indeed,AZ_IT_INDEED_SPONSORED_JOBS,191.60,8817,375,23
2025-01-27,Abruzzo,Indeed,AZ_IT_INDEED_DISPLAY_RETE,14.99,2536,13,1
2025-01-27,Abruzzo,Indeed,AZ_IT_INDEED_RETARGETING_CANDIDATI,11.71,1248,24,1
2025-01-27,Abruzzo,Indeed,AZ_IT_INDEED_SPONSORED_JOBS,48.20,2136,85,5
2025-01-27,Basilicata,Indeed,AZ_IT_INDEED_DISPLAY_RETE,3.61,607,3,0
2025-01-27,Basilicata,Indeed,AZ_IT_INDEED_RETARGETING_CANDIDATI,4.35,510,10,0
2025-01-27,Basilicata,Indeed,AZ_IT_INDEED_SPONSORED_JOBS,18.47,841,37,1
2025-01-27,Calabria,Indeed,AZ_IT_INDEED_DISPLAY_RETE,16.95,2797,12,1
2025-01-27,Calabria,Indeed,AZ_IT_INDEED_RETARGETING_CANDIDATI,18.44,2026,39,1
2025-01-27,Calabria,Indeed,AZ_IT_INDEED_SPONSORED_JOBS,79.27,3663,136,8
2025-01-27,Campania,Indeed,AZ_IT_INDEED_DISPLAY_RETE,55.34,9370,47,2
2025-01-27,Campania,Indeed,AZ_IT_INDEED_RETARGETING_CANDIDATI,35.33,3903,60,3
2025-01-27,Campania,Indeed,AZ_IT_INDEED_SPONSORED_JOBS,126.75,5920,246,11
2025-01-27,Emilia-Romagna,Indeed,AZ_IT_INDEED_DISPLAY_RETE,32.64,5465,26,1
2025-01-27,Emilia-Romagna,Indeed,AZ_IT_INDEED_RETARGETING_CANDIDATI,41.28,4418,76,3
2025-01-27,Emilia-Romagna,Indeed,AZ_IT_INDEED_SPONSORED_JOBS,191.76,8794,339,12
2025-01-27,Friuli-Venezia Giulia,Indeed,AZ_IT_INDEED_DISPLAY_RETE,10.91,1790,9,0
2025-01-27,Friuli-Venezia Giulia,Indeed,AZ_IT_INDEED_RETARGETING_CANDIDATI,7.56,890,16,1
2025-01-27,Friuli-Venezia Giulia,Indeed,AZ_IT_INDEED_SPONSORED_JOBS,40.48,1849,76,4
2025-01-27,Lazio,Indeed,AZ_IT_INDEED_DISPLAY_RETE,61.41,9909,54,2
2025-01-27,Lazio,Indeed,AZ_IT_INDEED_RETARGETING_CANDIDATI,69.88,7858,145,5
2025-01-27,Lazio,Indeed,AZ_IT_INDEED_SPONSORED_JOBS,202.30,9130,366,19
2025-01-27,Liguria,Indeed,AZ_IT_INDEED_DISPLAY_RETE,12.54,2088,12,0
2025-01-27,Liguria,Indeed,AZ_IT_INDEED_RETARGETING_CANDIDATI,12.08,1328,26,1
2025-01-27,Liguria,Indeed,AZ_IT_INDEED_SPONSORED_JOBS,41.33,1856,80,4
2025-01-27,Lombardia,Indeed,AZ_IT_INDEED_DISPLAY_RETE,111.07,18316,84,5
2025-01-27,Lombardia,Indeed,AZ_IT_INDEED_RETARGETING_CANDIDATI,61.73,7021,111,7
2025-01-27,Lombardia,Indeed,AZ_IT_INDEED_SPONSORED_JOBS,313.10,14308,598,39
2025-01-27,Marche,Indeed,AZ_IT_INDEED_DISPLAY_RETE,14.22,2346,13,1
2025-01-27,Marche,Indeed,AZ_IT_INDEED_RETARGETING_CANDIDATI,8.98,1037,19,2
2025-01-27,Marche,Indeed,AZ_IT_INDEED_SPONSORED_JOBS,32.26,1471,65,6
2025-01-27,Molise,Indeed,AZ_IT_INDEED_DISPLAY_RETE,2.93,487,2,0
2025-01-27,Molise,Indeed,AZ_IT_INDEED_RETARGETING_CANDIDATI,2.97,309,5,0
2025-01-27,Molise,Indeed,AZ_IT_INDEED_SPONSORED_JOBS,6.14,283,12,1
2025-01-27,Piemonte,Indeed,AZ_IT_INDEED_DISPLAY_RETE,46.81,7803,43,2
2025-01-27,Piemonte,Indeed,AZ_IT_INDEED_RETARGETING_CANDIDATI,35.75,4119,73,5
2025-01-27,Piemonte,Indeed,AZ_IT_INDEED_SPONSORED_JOBS,121.19,5382,207,19
2025-01-27,Puglia,Indeed,AZ_IT_INDEED_DISPLAY_RETE,48.91,8021,40,2
2025-01-27,Puglia,Indeed,AZ_IT_INDEED_RETARGETING_CANDIDATI,51.20,5538,92,5
2025-01-27,Puglia,Indeed,AZ_IT_INDEED_SPONSORED_JOBS,93.44,4329,185,13
2025-01-27,Sardegna,Indeed,AZ_IT_INDEED_DISPLAY_RETE,13.29,2257,13,0
2025-01-27,Sardegna,Indeed,AZ_IT_INDEED_RETARGETING_CANDIDATI,14.20,1500,32,1
2025-01-27,Sardegna,Indeed,AZ_IT_INDEED_SPONSORED_JOBS,55.78,2420,99,5
2025-01-27,Sicilia,Indeed,AZ_IT_INDEED_DISPLAY_RETE,59.45,9812,47,2
2025-01-27,Sicilia,Indeed,AZ_IT_INDEED_RETARGETING_CANDIDATI,22.76,2683,51,2
2025-01-27,Sicilia,Indeed,AZ_IT_INDEED_SPONSORED_JOBS,125.68,5830,235,10
2025-01-27,Toscana,Indeed,AZ_IT_INDEED_DISPLAY_RETE,43.41,7306,39,1
2025-01-27,Toscana,Indeed,AZ_IT_INDEED_RETARGETING_CANDIDATI,43.54,4888,87,4
2025-01-27,Toscana,Indeed,AZ_IT_INDEED_SPONSORED_JOBS,128.76,5815,244,13
2025-01-27,Trentino-Alto Adige,Indeed,AZ_IT_INDEED_DISPLAY_RETE,10.52,1708,8,0
2025-01-27,Trentino-Alto Adige,Indeed,AZ_IT_INDEED_RETARGETING_CANDIDATI,9.97,1086,19,1
2025-01-27,Trentino-Alto Adige,Indeed,AZ_IT_INDEED_SPONSORED_JOBS,40.30,1770,69,5
2025-01-27,Umbria,Indeed,AZ_IT_INDEED_DISPLAY_RETE,6.90,1133,5,0
2025-01-27,Umbria,Indeed,AZ_IT_INDEED_RETARGETING_CANDIDATI,8.55,1003,19,1
2025-01-27,Umbria,Indeed,AZ_IT_INDEED_SPONSORED_JOBS,27.02,1187,55,2
2025-01-27,Valle d'Aosta,Indeed,AZ_IT_INDEED_DISPLAY_RETE,1.28,216,1,0
2025-01-27,Valle d'Aosta,Indeed,AZ_IT_INDEED_RETARGETING_CANDIDATI,0.74,81,1,0
2025-01-27,Valle d'Aosta,Indeed,AZ_IT_INDEED_SPONSORED_JOBS,3.81,176,8,0
2025-01-27,Veneto,Indeed,AZ_IT_INDEED_DISPLAY_RETE,63.80,10203,50,3
2025-01-27,Veneto,Indeed,AZ_IT_INDEED_RETARGETING_CANDIDATI,83.00,8942,165,11
2025-01-27,Veneto,Indeed,AZ_IT_INDEED_SPONSORED_JOBS,161.16,7353,309,20
2025-02-03,Abruzzo,Indeed,AZ_IT_INDEED_DISPLAY_RETE,27.02,4676,23,1
2025-02-03,Abruzzo,Indeed,AZ_IT_INDEED_RETARGETING_CANDIDATI,15.60,1780,33,1
2025-02-03,Abruzzo,Indeed,AZ_IT_INDEED_SPONSORED_JOBS,86.71,3966,166,6
2025-02-03,Basilicata,Indeed,AZ_IT_INDEED_DISPLAY_RETE,6.32,1072,6,0
2025-02-03,Basilicata,Indeed,AZ_IT_INDEED_RETARGETING_CANDIDATI,5.91,625,11,0
2025-02-03,Basilicata,Indeed,AZ_IT_INDEED_SPONSORED_JOBS,35.67,1612,66,2
2025-02-03,Calabria,Indeed,AZ_IT_INDEED_DISPLAY_RETE,26.75,4464,23,1
2025-02-03,Calabria,Indeed,AZ_IT_INDEED_RETARGETING_CANDIDATI,24.23,2695,51,2
2025-02-03,Calabria,Indeed,AZ_IT_INDEED_SPONSORED_JOBS,118.32,5313,210,8
2025-02-03,Campania,Indeed,AZ_IT_INDEED_DISPLAY_RETE,74.60,12626,62,2
2025-02-03,Campania,Indeed,AZ_IT_INDEED_RETARGETING_CANDIDATI,52.13,5543,95,4
2025-02-03,Campania,Indeed,AZ_IT_INDEED_SPONSORED_JOBS,215.74,9842,418,15
2025-02-03,Emilia-Romagna,Indeed,AZ_IT_INDEED_DISPLAY_RETE,49.21,7905,41,1
2025-02-03,Emilia-Romagna,Indeed,AZ_IT_INDEED_RETARGETING_CANDIDATI,51.54,5535,92,3
2025-02-03,Emilia-Romagna,Indeed,AZ_IT_INDEED_SPONSORED_JOBS,313.53,14237,566,18
2025-02-03,Friuli-Venezia Giulia,Indeed,AZ_IT_INDEED_DISPLAY_RETE,18.10,3049,15,1
2025-02-03,Friuli-Venezia Giulia,Indeed,AZ_IT_INDEED_RETARGETING_CANDIDATI,9.86,1115,20,1
2025-02-03,Friuli-Venezia Giulia,Indeed,AZ_IT_INDEED_SPONSORED_JOBS,63.39,2815,129,6
2025-02-03,Lazio,Indeed,AZ_IT_INDEED_DISPLAY_RETE,110.39,17463,91,2
2025-02-03,Lazio,Indeed,AZ_IT_INDEED_RETARGETING_CANDIDATI,85.09,9180,177,5
2025-02-03,Lazio,Indeed,AZ_IT_INDEED_SPONSORED_JOBS,381.93,16486,744,27
2025-02-03,Liguria,Indeed,AZ_IT_INDEED_DISPLAY_RETE,20.07,3438,16,1
2025-02-03,Liguria,Indeed,AZ_IT_INDEED_RETARGETING_CANDIDATI,17.98,2046,34,1
2025-02-03,Liguria,Indeed,AZ_IT_INDEED_SPONSORED_JOBS,64.25,2859,119,5
2025-02-03,Lombardia,Indeed,AZ_IT_INDEED_DISPLAY_RETE,216.06,35022,181,6
2025-02-03,Lombardia,Indeed,AZ_IT_INDEED_RETARGETING_CANDIDATI,105.76,10988,229,9
2025-02-03,Lombardia,Indeed,AZ_IT_INDEED_SPONSORED_JOBS,641.56,29296,1279,58
2025-02-03,Marche,Indeed,AZ_IT_INDEED_DISPLAY_RETE,22.19,3788,17,1
2025-02-03,Marche,Indeed,AZ_IT_INDEED_RETARGETING_CANDIDATI,12.06,1331,22,2
2025-02-03,Marche,Indeed,AZ_IT_INDEED_SPONSORED_JOBS,53.04,2471,91,11
2025-02-03,Molise,Indeed,AZ_IT_INDEED_DISPLAY_RETE,6.11,988,5,0
2025-02-03,Molise,Indeed,AZ_IT_INDEED_RETARGETING_CANDIDATI,4.72,516,9,1
2025-02-03,Molise,Indeed,AZ_IT_INDEED_SPONSORED_JOBS,10.91,466,19,1
2025-02-03,Piemonte,Indeed,AZ_IT_INDEED_DISPLAY_RETE,69.06,11526,53,3
2025-02-03,Piemonte,Indeed,AZ_IT_INDEED_RETARGETING_CANDIDATI,56.27,6206,130,6
2025-02-03,Piemonte,Indeed,AZ_IT_INDEED_SPONSORED_JOBS,187.97,8415,303,24
2025-02-03,Puglia,Indeed,AZ_IT_INDEED_DISPLAY_RETE,86.35,14428,66,3
2025-02-03,Puglia,Indeed,AZ_IT_INDEED_RETARGETING_CANDIDATI,57.63,6319,103,7
2025-02-03,Puglia,Indeed,AZ_IT_INDEED_SPONSORED_JOBS,125.63,5747,237,16
2025-02-03,Sardegna,Indeed,AZ_IT_INDEED_DISPLAY_RETE,21.08,3519,19,1
2025-02-03,Sardegna,Indeed,AZ_IT_INDEED_RETARGETING_CANDIDATI,19.49,2190,36,1
2025-02-03,Sardegna,Indeed,AZ_IT_INDEED_SPONSORED_JOBS,91.32,4166,161,6
2025-02-03,Sicilia,Indeed,AZ_IT_INDEED_DISPLAY_RETE,93.32,15826,76,2
2025-02-03,Sicilia,Indeed,AZ_IT_INDEED_RETARGETING_CANDIDATI,30.58,3441,68,2
2025-02-03,Sicilia,Indeed,AZ_IT_INDEED_SPONSORED_JOBS,219.52,9993,436,15
2025-02-03,Toscana,Indeed,AZ_IT_INDEED_DISPLAY_RETE,70.88,11439,63,2
2025-02-03,Toscana,Indeed,AZ_IT_INDEED_RETARGETING_CANDIDATI,58.37,6407,128,4
2025-02-03,Toscana,Indeed,AZ_IT_INDEED_SPONSORED_JOBS,193.63,8662,357,16
2025-02-03,Trentino-Alto Adige,Indeed,AZ_IT_INDEED_DISPLAY_RETE,16.13,2540,13,1
2025-02-03,Trentino-Alto Adige,Indeed,AZ_IT_INDEED_RETARGETING_CANDIDATI,12.27,1341,21,1
2025-02-03,Trentino-Alto Adige,Indeed,AZ_IT_INDEED_SPONSORED_JOBS,62.24,2763,110,6
2025-02-03,Umbria,Indeed,AZ_IT_INDEED_DISPLAY_RETE,11.29,1842,8,0
2025-02-03,Umbria,Indeed,AZ_IT_INDEED_RETARGETING_CANDIDATI,11.53,1297,22,1
2025-02-03,Umbria,Indeed,AZ_IT_INDEED_SPONSORED_JOBS,44.06,2029,81,3
2025-02-03,Valle d'Aosta,Indeed,AZ_IT_INDEED_DISPLAY_RETE,1.96,337,2,0
2025-02-03,Valle d'Aosta,Indeed,AZ_IT_INDEED_RETARGETING_CANDIDATI,0.99,112,2,0
2025-02-03,Valle d'Aosta,Indeed,AZ_IT_INDEED_SPONSORED_JOBS,5.75,263,9,1
2025-02-03,Veneto,Indeed,AZ_IT_INDEED_DISPLAY_RETE,98.58,16240,68,4
2025-02-03,Veneto,Indeed,AZ_IT_INDEED_RETARGETING_CANDIDATI,101.76,10554,182,11
2025-02-03,Veneto,Indeed,AZ_IT_INDEED_SPONSORED_JOBS,244.87,11105,483,28
2025-02-10,Abruzzo,Indeed,AZ_IT_INDEED_DISPLAY_RETE,21.29,3481,18,0
2025-02-10,Abruzzo,Indeed,AZ_IT_INDEED_RETARGETING_CANDIDATI,15.71,1673,31,1
2025-02-10,Abruzzo,Indeed,AZ_IT_INDEED_SPONSORED_JOBS,98.92,4766,214,7
2025-02-10,Basilicata,Indeed,AZ_IT_INDEED_DISPLAY_RETE,5.18,910,5,0
2025-02-10,Basilicata,Indeed,AZ_IT_INDEED_RETARGETING_CANDIDATI,6.59,704,13,0
2025-02-10,Basilicata,Indeed,AZ_IT_INDEED_SPONSORED_JOBS,36.65,1727,75,1
2025-02-10,Calabria,Indeed,AZ_IT_INDEED_DISPLAY_RETE,20.26,3271,17,0
2025-02-10,Calabria,Indeed,AZ_IT_INDEED_RETARGETING_CANDIDATI,25.02,2741,44,1
2025-02-10,Calabria,Indeed,AZ_IT_INDEED_SPONSORED_JOBS,165.53,7635,302,10
2025-02-10,Campania,Indeed,AZ_IT_INDEED_DISPLAY_RETE,74.53,12765,61,2
2025-02-10,Campania,Indeed,AZ_IT_INDEED_RETARGETING_CANDIDATI,42.09,4401,87,3
2025-02-10,Campania,Indeed,AZ_IT_INDEED_SPONSORED_JOBS,244.24,11409,439,19
2025-02-10,Emilia-Romagna,Indeed,AZ_IT_INDEED_DISPLAY_RETE,35.34,5709,29,1
2025-02-10,Emilia-Romagna,Indeed,AZ_IT_INDEED_RETARGETING_CANDIDATI,57.72,6499,106,3
2025-02-10,Emilia-Romagna,Indeed,AZ_IT_INDEED_SPONSORED_JOBS,269.97,12509,453,14
2025-02-10,Friuli-Venezia Giulia,Indeed,AZ_IT_INDEED_DISPLAY_RETE,15.96,2576,12,0
2025-02-10,Friuli-Venezia Giulia,Indeed,AZ_IT_INDEED_RETARGETING_CANDIDATI,10.00,1078,20,1
2025-02-10,Friuli-Venezia Giulia,Indeed,AZ_IT_INDEED_SPONSORED_JOBS,69.14,3117,124,6
2025-02-10,Lazio,Indeed,AZ_IT_INDEED_DISPLAY_RETE,106.06,18133,94,2
2025-02-10,Lazio,Indeed,AZ_IT_INDEED_RETARGETING_CANDIDATI,75.59,8575,129,4
2025-02-10,Lazio,Indeed,AZ_IT_INDEED_SPONSORED_JOBS,374.98,16475,566,25
2025-02-10,Liguria,Indeed,AZ_IT_INDEED_DISPLAY_RETE,18.24,3099,16,0
2025-02-10,Liguria,Indeed,AZ_IT_INDEED_RETARGETING_CANDIDATI,16.76,1823,30,1
2025-02-10,Liguria,Indeed,AZ_IT_INDEED_SPONSORED_JOBS,70.24,3285,115,5
2025-02-10,Lombardia,Indeed,AZ_IT_INDEED_DISPLAY_RETE,149.36,24272,116,4
2025-02-10,Lombardia,Indeed,AZ_IT_INDEED_RETARGETING_CANDIDATI,113.07,12887,215,8
2025-02-10,Lombardia,Indeed,AZ_IT_INDEED_SPONSORED_JOBS,806.18,36628,1603,65
2025-02-10,Marche,Indeed,AZ_IT_INDEED_DISPLAY_RETE,17.01,2659,13,1
2025-02-10,Marche,Indeed,AZ_IT_INDEED_RETARGETING_CANDIDATI,12.29,1350,28,2
2025-02-10,Marche,Indeed,AZ_IT_INDEED_SPONSORED_JOBS,62.96,2939,134,10
2025-02-10,Molise,Indeed,AZ_IT_INDEED_DISPLAY_RETE,4.47,742,3,0
2025-02-10,Molise,Indeed,AZ_IT_INDEED_RETARGETING_CANDIDATI,4.12,454,8,0
2025-02-10,Molise,Indeed,AZ_IT_INDEED_SPONSORED_JOBS,11.60,540,21,2
2025-02-10,Piemonte,Indeed,AZ_IT_INDEED_DISPLAY_RETE,52.24,8663,48,2
2025-02-10,Piemonte,Indeed,AZ_IT_INDEED_RETARGETING_CANDIDATI,52.33,5928,110,5
2025-02-10,Piemonte,Indeed,AZ_IT_INDEED_SPONSORED_JOBS,204.35,8870,376,23
2025-02-10,Puglia,Indeed,AZ_IT_INDEED_DISPLAY_RETE,62.98,11103,53,3
2025-02-10,Puglia,Indeed,AZ_IT_INDEED_RETARGETING_CANDIDATI,47.79,5229,99,5
2025-02-10,Puglia,Indeed,AZ_IT_INDEED_SPONSORED_JOBS,141.75,6564,260,16
2025-02-10,Sardegna,Indeed,AZ_IT_INDEED_DISPLAY_RETE,14.49,2325,13,0
2025-02-10,Sardegna,Indeed,AZ_IT_INDEED_RETARGETING_CANDIDATI,17.08,1802,34,1
2025-02-10,Sardegna,Indeed,AZ_IT_INDEED_SPONSORED_JOBS,98.53,4711,209,6
2025-02-10,Sicilia,Indeed,AZ_IT_INDEED_DISPLAY_RETE,79.88,13217,65,2
2025-02-10,Sicilia,Indeed,AZ_IT_INDEED_RETARGETING_CANDIDATI,34.54,3646,63,2
2025-02-10,Sicilia,Indeed,AZ_IT_INDEED_SPONSORED_JOBS,226.62,10246,427,13
2025-02-10,Toscana,Indeed,AZ_IT_INDEED_DISPLAY_RETE,63.06,10475,47,2
2025-02-10,Toscana,Indeed,AZ_IT_INDEED_RETARGETING_CANDIDATI,56.74,6485,114,4
2025-02-10,Toscana,Indeed,AZ_IT_INDEED_SPONSORED_JOBS,229.89,10559,452,16
2025-02-10,Trentino-Alto Adige,Indeed,AZ_IT_INDEED_DISPLAY_RETE,12.53,2083,10,1
2025-02-10,Trentino-Alto Adige,Indeed,AZ_IT_INDEED_RETARGETING_CANDIDATI,12.33,1316,25,1
2025-02-10,Trentino-Alto Adige,Indeed,AZ_IT_INDEED_SPONSORED_JOBS,57.21,2682,96,6
2025-02-10,Umbria,Indeed,AZ_IT_INDEED_DISPLAY_RETE,8.50,1390,7,0
2025-02-10,Umbria,Indeed,AZ_IT_INDEED_RETARGETING_CANDIDATI,11.48,1259,23,0
2025-02-10,Umbria,Indeed,AZ_IT_INDEED_SPONSORED_JOBS,51.78,2250,92,3
2025-02-10,Valle d'Aosta,Indeed,AZ_IT_INDEED_DISPLAY_RETE,1.48,242,1,0
2025-02-10,Valle d'Aosta,Indeed,AZ_IT_INDEED_RETARGETING_CANDIDATI,1.05,121,2,0
2025-02-10,Valle d'Aosta,Indeed,AZ_IT_INDEED_SPONSORED_JOBS,6.19,264,10,0
2025-02-10,Veneto,Indeed,AZ_IT_INDEED_DISPLAY_RETE,78.59,13031,68,2
2025-02-10,Veneto,Indeed,AZ_IT_INDEED_RETARGETING_CANDIDATI,130.28,14206,214,12
2025-02-10,Veneto,Indeed,AZ_IT_INDEED_SPONSORED_JOBS,285.55,12919,581,24
2025-02-17,Abruzzo,Indeed,AZ_IT_INDEED_DISPLAY_RETE,20.06,3373,16,0
2025-02-17,Abruzzo,Indeed,AZ_IT_INDEED_RETARGETING_CANDIDATI,11.03,1197,23,1
2025-02-17,Abruzzo,Indeed,AZ_IT_INDEED_SPONSORED_JOBS,97.72,4233,167,7
2025-02-17,Basilicata,Indeed,AZ_IT_INDEED_DISPLAY_RETE,5.01,857,4,0
2025-02-17,Basilicata,Indeed,AZ_IT_INDEED_RETARGETING_CANDIDATI,6.03,675,12,0
2025-02-17,Basilicata,Indeed,AZ_IT_INDEED_SPONSORED_JOBS,29.81,1410,57,1
2025-02-17,Calabria,Indeed,AZ_IT_INDEED_DISPLAY_RETE,23.37,3932,19,1
2025-02-17,Calabria,Indeed,AZ_IT_INDEED_RETARGETING_CANDIDATI,22.62,2612,53,1
2025-02-17,Calabria,Indeed,AZ_IT_INDEED_SPONSORED_JOBS,140.88,6569,234,11
2025-02-17,Campania,Indeed,AZ_IT_INDEED_DISPLAY_RETE,88.41,14489,71,2
2025-02-17,Campania,Indeed,AZ_IT_INDEED_RETARGETING_CANDIDATI,45.54,5308,111,3
2025-02-17,Campania,Indeed,AZ_IT_INDEED_SPONSORED_JOBS,237.69,11226,465,17
2025-02-17,Emilia-Romagna,Indeed,AZ_IT_INDEED_DISPLAY_RETE,41.87,7211,35,1
2025-02-17,Emilia-Romagna,Indeed,AZ_IT_INDEED_RETARGETING_CANDIDATI,52.14,5654,101,4
2025-02-17,Emilia-Romagna,Indeed,AZ_IT_INDEED_SPONSORED_JOBS,247.07,11216,463,19
2025-02-17,Friuli-Venezia Giulia,Indeed,AZ_IT_INDEED_DISPLAY_RETE,14.56,2449,12,1
2025-02-17,Friuli-Venezia Giulia,Indeed,AZ_IT_INDEED_RETARGETING_CANDIDATI,9.10,1027,19,1
2025-02-17,Friuli-Venezia Giulia,Indeed,AZ_IT_INDEED_SPONSORED_JOBS,59.67,2803,113,6
2025-02-17,Lazio,Indeed,AZ_IT_INDEED_DISPLAY_RETE,118.23,19870,108,3
2025-02-17,Lazio,Indeed,AZ_IT_INDEED_RETARGETING_CANDIDATI,71.43,7902,139,5
2025-02-17,Lazio,Indeed,AZ_IT_INDEED_SPONSORED_JOBS,310.89,14171,633,26
2025-02-17,Liguria,Indeed,AZ_IT_INDEED_DISPLAY_RETE,16.06,2612,13,0
2025-02-17,Liguria,Indeed,AZ_IT_INDEED_RETARGETING_CANDIDATI,18.05,2000,39,1
2025-02-17,Liguria,Indeed,AZ_IT_INDEED_SPONSORED_JOBS,85.30,3924,161,6
2025-02-17,Lombardia,Indeed,AZ_IT_INDEED_DISPLAY_RETE,142.68,24622,127,4
2025-02-17,Lombardia,Indeed,AZ_IT_INDEED_RETARGETING_CANDIDATI,84.46,9507,184,7
2025-02-17,Lombardia,Indeed,AZ_IT_INDEED_SPONSORED_JOBS,639.48,30937,1213,58
2025-02-17,Marche,Indeed,AZ_IT_INDEED_DISPLAY_RETE,18.09,3022,16,1
2025-02-17,Marche,Indeed,AZ_IT_INDEED_RETARGETING_CANDIDATI,12.31,1380,24,2
2025-02-17,Marche,Indeed,AZ_IT_INDEED_SPONSORED_JOBS,58.00,2537,98,9
2025-02-17,Molise,Indeed,AZ_IT_INDEED_DISPLAY_RETE,4.65,796,4,0
2025-02-17,Molise,Indeed,AZ_IT_INDEED_RETARGETING_CANDIDATI,4.01,431,8,0
2025-02-17,Molise,Indeed,AZ_IT_INDEED_SPONSORED_JOBS,11.16,534,23,2
2025-02-17,Piemonte,Indeed,AZ_IT_INDEED_DISPLAY_RETE,57.19,9419,43,3
2025-02-17,Piemonte,Indeed,AZ_IT_INDEED_RETARGETING_CANDIDATI,57.16,6149,110,6
2025-02-17,Piemonte,Indeed,AZ_IT_INDEED_SPONSORED_JOBS,219.60,9420,342,22
2025-02-17,Puglia,Indeed,AZ_IT_INDEED_DISPLAY_RETE,76.38,12443,56,2
2025-02-17,Puglia,Indeed,AZ_IT_INDEED_RETARGETING_CANDIDATI,41.62,4847,82,4
2025-02-17,Puglia,Indeed,AZ_IT_INDEED_SPONSORED_JOBS,159.01,7224,282,17
2025-02-17,Sardegna,Indeed,AZ_IT_INDEED_DISPLAY_RETE,16.52,2627,12,0
2025-02-17,Sardegna,Indeed,AZ_IT_INDEED_RETARGETING_CANDIDATI,15.57,1700,31,1
2025-02-17,Sardegna,Indeed,AZ_IT_INDEED_SPONSORED_JOBS,76.55,3538,144,7
2025-02-17,Sicilia,Indeed,AZ_IT_INDEED_DISPLAY_RETE,82.85,13849,72,1
2025-02-17,Sicilia,Indeed,AZ_IT_INDEED_RETARGETING_CANDIDATI,35.28,3985,75,2
2025-02-17,Sicilia,Indeed,AZ_IT_INDEED_SPONSORED_JOBS,238.69,10689,426,13
2025-02-17,Toscana,Indeed,AZ_IT_INDEED_DISPLAY_RETE,56.39,9116,40,2
2025-02-17,Toscana,Indeed,AZ_IT_INDEED_RETARGETING_CANDIDATI,52.62,6104,115,4
2025-02-17,Toscana,Indeed,AZ_IT_INDEED_SPONSORED_JOBS,206.86,9484,387,15
2025-02-17,Trentino-Alto Adige,Indeed,AZ_IT_INDEED_DISPLAY_RETE,15.80,2555,13,1
2025-02-17,Trentino-Alto Adige,Indeed,AZ_IT_INDEED_RETARGETING_CANDIDATI,10.56,1166,20,1
2025-02-17,Trentino-Alto Adige,Indeed,AZ_IT_INDEED_SPONSORED_JOBS,50.52,2322,103,6
2025-02-17,Umbria,Indeed,AZ_IT_INDEED_DISPLAY_RETE,8.84,1511,7,0
2025-02-17,Umbria,Indeed,AZ_IT_INDEED_RETARGETING_CANDIDATI,12.10,1400,25,1
2025-02-17,Umbria,Indeed,AZ_IT_INDEED_SPONSORED_JOBS,50.13,2321,93,3
2025-02-17,Valle d'Aosta,Indeed,AZ_IT_INDEED_DISPLAY_RETE,1.50,253,1,0
2025-02-17,Valle d'Aosta,Indeed,AZ_IT_INDEED_RETARGETING_CANDIDATI,0.98,106,2,0
2025-02-17,Valle d'Aosta,Indeed,AZ_IT_INDEED_SPONSORED_JOBS,5.77,261,10,1
2025-02-17,Veneto,Indeed,AZ_IT_INDEED_DISPLAY_RETE,73.90,11992,57,2
2025-02-17,Veneto,Indeed,AZ_IT_INDEED_RETARGETING_CANDIDATI,104.22,11938,217,9
2025-02-17,Veneto,Indeed,AZ_IT_INDEED_SPONSORED_JOBS,283.80,12638,574,28
2025-03-17,Abruzzo,Indeed,AZ_IT_INDEED_DISPLAY_RETE,17.53,3121,15,0
2025-03-17,Abruzzo,Indeed,AZ_IT_INDEED_RETARGETING_CANDIDATI,16.10,1767,32,1
2025-03-17,Abruzzo,Indeed,AZ_IT_INDEED_SPONSORED_JOBS,101.47,4606,190,6
2025-03-17,Basilicata,Indeed,AZ_IT_INDEED_DISPLAY_RETE,6.01,979,5,0
2025-03-17,Basilicata,Indeed,AZ_IT_INDEED_RETARGETING_CANDIDATI,7.32,832,16,0
2025-03-17,Basilicata,Indeed,AZ_IT_INDEED_SPONSORED_JOBS,44.59,2074,93,2
2025-03-17,Calabria,Indeed,AZ_IT_INDEED_DISPLAY_RETE,24.31,3982,19,0
2025-03-17,Calabria,Indeed,AZ_IT_INDEED_RETARGETING_CANDIDATI,25.58,2873,54,1
2025-03-17,Calabria,Indeed,AZ_IT_INDEED_SPONSORED_JOBS,182.97,8217,286,10
2025-03-17,Campania,Indeed,AZ_IT_INDEED_DISPLAY_RETE,73.43,12118,53,2
2025-03-17,Campania,Indeed,AZ_IT_INDEED_RETARGETING_CANDIDATI,60.97,6802,118,4
2025-03-17,Campania,Indeed,AZ_IT_INDEED_SPONSORED_JOBS,228.88,11096,496,15
2025-03-17,Emilia-Romagna,Indeed,AZ_IT_INDEED_DISPLAY_RETE,64.41,11266,52,1
2025-03-17,Emilia-Romagna,Indeed,AZ_IT_INDEED_RETARGETING_CANDIDATI,59.53,6667,115,3
2025-03-17,Emilia-Romagna,Indeed,AZ_IT_INDEED_SPONSORED_JOBS,363.22,16940,705,20
2025-03-17,Friuli-Venezia Giulia,Indeed,AZ_IT_INDEED_DISPLAY_RETE,18.71,3169,17,0
2025-03-17,Friuli-Venezia Giulia,Indeed,AZ_IT_INDEED_RETARGETING_CANDIDATI,12.99,1466,29,1
2025-03-17,Friuli-Venezia Giulia,Indeed,AZ_IT_INDEED_SPONSORED_JOBS,85.75,3848,152,5
2025-03-17,Lazio,Indeed,AZ_IT_INDEED_DISPLAY_RETE,112.46,19229,100,2
2025-03-17,Lazio,Indeed,AZ_IT_INDEED_RETARGETING_CANDIDATI,85.99,9489,165,5
2025-03-17,Lazio,Indeed,AZ_IT_INDEED_SPONSORED_JOBS,402.05,17349,685,20
2025-03-17,Liguria,Indeed,AZ_IT_INDEED_DISPLAY_RETE,19.43,3213,14,0
2025-03-17,Liguria,Indeed,AZ_IT_INDEED_RETARGETING_CANDIDATI,20.90,2430,38,1
2025-03-17,Liguria,Indeed,AZ_IT_INDEED_SPONSORED_JOBS,94.32,4387,202,6
2025-03-17,Lombardia,Indeed,AZ_IT_INDEED_DISPLAY_RETE,167.13,27157,131,4
2025-03-17,Lombardia,Indeed,AZ_IT_INDEED_RETARGETING_CANDIDATI,116.68,12678,217,9
2025-03-17,Lombardia,Indeed,AZ_IT_INDEED_SPONSORED_JOBS,701.24,31112,1201,49
2025-03-17,Marche,Indeed,AZ_IT_INDEED_DISPLAY_RETE,19.55,3164,17,1
2025-03-17,Marche,Indeed,AZ_IT_INDEED_RETARGETING_CANDIDATI,12.24,1333,26,1
2025-03-17,Marche,Indeed,AZ_IT_INDEED_SPONSORED_JOBS,73.77,3299,128,9
2025-03-17,Molise,Indeed,AZ_IT_INDEED_DISPLAY_RETE,3.07,507,2,0
2025-03-17,Molise,Indeed,AZ_IT_INDEED_RETARGETING_CANDIDATI,3.81,411,8,0
2025-03-17,Molise,Indeed,AZ_IT_INDEED_SPONSORED_JOBS,12.59,560,26,1
2025-03-17,Piemonte,Indeed,AZ_IT_INDEED_DISPLAY_RETE,70.34,12090,62,2
2025-03-17,Piemonte,Indeed,AZ_IT_INDEED_RETARGETING_CANDIDATI,63.08,6818,133,6
2025-03-17,Piemonte,Indeed,AZ_IT_INDEED_SPONSORED_JOBS,233.30,10211,427,24
2025-03-17,Puglia,Indeed,AZ_IT_INDEED_DISPLAY_RETE,77.54,12868,54,3
2025-03-17,Puglia,Indeed,AZ_IT_INDEED_RETARGETING_CANDIDATI,54.21,5791,101,4
2025-03-17,Puglia,Indeed,AZ_IT_INDEED_SPONSORED_JOBS,170.83,7650,325,17
2025-03-17,Sardegna,Indeed,AZ_IT_INDEED_DISPLAY_RETE,17.21,2903,13,0
2025-03-17,Sardegna,Indeed,AZ_IT_INDEED_RETARGETING_CANDIDATI,20.14,2154,38,1
2025-03-17,Sardegna,Indeed,AZ_IT_INDEED_SPONSORED_JOBS,121.10,5421,206,6
2025-03-17,Sicilia,Indeed,AZ_IT_INDEED_DISPLAY_RETE,75.51,11838,57,1
2025-03-17,Sicilia,Indeed,AZ_IT_INDEED_RETARGETING_CANDIDATI,44.95,4953,92,2
2025-03-17,Sicilia,Indeed,AZ_IT_INDEED_SPONSORED_JOBS,269.75,11962,455,14
2025-03-17,Toscana,Indeed,AZ_IT_INDEED_DISPLAY_RETE,54.26,8944,45,1
2025-03-17,Toscana,Indeed,AZ_IT_INDEED_RETARGETING_CANDIDATI,74.78,8235,154,4
2025-03-17,Toscana,Indeed,AZ_IT_INDEED_SPONSORED_JOBS,263.73,11769,542,18
2025-03-17,Trentino-Alto Adige,Indeed,AZ_IT_INDEED_DISPLAY_RETE,16.80,2746,14,1
2025-03-17,Trentino-Alto Adige,Indeed,AZ_IT_INDEED_RETARGETING_CANDIDATI,17.14,1871,29,1
2025-03-17,Trentino-Alto Adige,Indeed,AZ_IT_INDEED_SPONSORED_JOBS,67.64,3241,136,6
2025-03-17,Umbria,Indeed,AZ_IT_INDEED_DISPLAY_RETE,7.53,1265,5,0
2025-03-17,Umbria,Indeed,AZ_IT_INDEED_RETARGETING_CANDIDATI,13.56,1466,25,1
2025-03-17,Umbria,Indeed,AZ_IT_INDEED_SPONSORED_JOBS,59.08,2745,112,3
2025-03-17,Valle d'Aosta,Indeed,AZ_IT_INDEED_DISPLAY_RETE,2.09,367,2,0
2025-03-17,Valle d'Aosta,Indeed,AZ_IT_INDEED_RETARGETING_CANDIDATI,1.12,128,2,0
2025-03-17,Valle d'Aosta,Indeed,AZ_IT_INDEED_SPONSORED_JOBS,8.77,397,16,1
2025-03-17,Veneto,Indeed,AZ_IT_INDEED_DISPLAY_RETE,66.93,11492,61,2
2025-03-17,Veneto,Indeed,AZ_IT_INDEED_RETARGETING_CANDIDATI,165.13,19141,338,10
2025-03-17,Veneto,Indeed,AZ_IT_INDEED_SPONSORED_JOBS,369.65,15945,646,25
2025-03-24,Abruzzo,Indeed,AZ_IT_INDEED_DISPLAY_RETE,15.97,2624,12,0
2025-03-24,Abruzzo,Indeed,AZ_IT_INDEED_RETARGETING_CANDIDATI,22.39,2534,43,1
2025-03-24,Abruzzo,Indeed,AZ_IT_INDEED_SPONSORED_JOBS,101.46,4687,182,7
2025-03-24,Basilicata,Indeed,AZ_IT_INDEED_DISPLAY_RETE,5.76,922,5,0
2025-03-24,Basilicata,Indeed,AZ_IT_INDEED_RETARGETING_CANDIDATI,6.86,768,14,0
2025-03-24,Basilicata,Indeed,AZ_IT_INDEED_SPONSORED_JOBS,41.97,2013,85,2
2025-03-24,Calabria,Indeed,AZ_IT_INDEED_DISPLAY_RETE,23.43,3955,20,0
2025-03-24,Calabria,Indeed,AZ_IT_INDEED_RETARGETING_CANDIDATI,34.33,3979,69,2
2025-03-24,Calabria,Indeed,AZ_IT_INDEED_SPONSORED_JOBS,172.24,8236,322,13
2025-03-24,Campania,Indeed,AZ_IT_INDEED_DISPLAY_RETE,77.49,12974,68,2
2025-03-24,Campania,Indeed,AZ_IT_INDEED_RETARGETING_CANDIDATI,67.54,7560,118,4
2025-03-24,Campania,Indeed,AZ_IT_INDEED_SPONSORED_JOBS,225.68,10217,406,18
2025-03-24,Emilia-Romagna,Indeed,AZ_IT_INDEED_DISPLAY_RETE,54.65,9166,47,1
2025-03-24,Emilia-Romagna,Indeed,AZ_IT_INDEED_RETARGETING_CANDIDATI,69.98,7440,143,3
2025-03-24,Emilia-Romagna,Indeed,AZ_IT_INDEED_SPONSORED_JOBS,340.50,15638,662,19
2025-03-24,Friuli-Venezia Giulia,Indeed,AZ_IT_INDEED_DISPLAY_RETE,21.46,3519,18,1
2025-03-24,Friuli-Venezia Giulia,Indeed,AZ_IT_INDEED_RETARGETING_CANDIDATI,17.74,1910,34,1
2025-03-24,Friuli-Venezia Giulia,Indeed,AZ_IT_INDEED_SPONSORED_JOBS,86.90,3819,172,7
2025-03-24,Lazio,Indeed,AZ_IT_INDEED_DISPLAY_RETE,114.98,19583,95,3
2025-03-24,Lazio,Indeed,AZ_IT_INDEED_RETARGETING_CANDIDATI,107.57,11960,220,7
2025-03-24,Lazio,Indeed,AZ_IT_INDEED_SPONSORED_JOBS,352.69,16159,719,27
2025-03-24,Liguria,Indeed,AZ_IT_INDEED_DISPLAY_RETE,19.24,3185,16,0
2025-03-24,Liguria,Indeed,AZ_IT_INDEED_RETARGETING_CANDIDATI,26.25,2969,49,1
2025-03-24,Liguria,Indeed,AZ_IT_INDEED_SPONSORED_JOBS,96.46,4475,175,6
2025-03-24,Lombardia,Indeed,AZ_IT_INDEED_DISPLAY_RETE,164.22,26328,148,4
2025-03-24,Lombardia,Indeed,AZ_IT_INDEED_RETARGETING_CANDIDATI,135.17,15589,261,10
2025-03-24,Lombardia,Indeed,AZ_IT_INDEED_SPONSORED_JOBS,684.14,31569,1274,55
2025-03-24,Marche,Indeed,AZ_IT_INDEED_DISPLAY_RETE,25.61,4439,20,1
2025-03-24,Marche,Indeed,AZ_IT_INDEED_RETARGETING_CANDIDATI,17.48,2015,32,3
2025-03-24,Marche,Indeed,AZ_IT_INDEED_SPONSORED_JOBS,61.92,2914,105,10
2025-03-24,Molise,Indeed,AZ_IT_INDEED_DISPLAY_RETE,3.45,580,3,0
2025-03-24,Molise,Indeed,AZ_IT_INDEED_RETARGETING_CANDIDATI,5.56,634,12,0
2025-03-24,Molise,Indeed,AZ_IT_INDEED_SPONSORED_JOBS,13.10,607,26,1
2025-03-24,Piemonte,Indeed,AZ_IT_INDEED_DISPLAY_RETE,69.31,11971,61,2
2025-03-24,Piemonte,Indeed,AZ_IT_INDEED_RETARGETING_CANDIDATI,80.01,9153,162,8
2025-03-24,Piemonte,Indeed,AZ_IT_INDEED_SPONSORED_JOBS,238.46,10308,444,25
2025-03-24,Puglia,Indeed,AZ_IT_INDEED_DISPLAY_RETE,72.14,12319,56,3
2025-03-24,Puglia,Indeed,AZ_IT_INDEED_RETARGETING_CANDIDATI,69.57,7645,149,6
2025-03-24,Puglia,Indeed,AZ_IT_INDEED_SPONSORED_JOBS,176.58,7934,325,17
2025-03-24,Sardegna,Indeed,AZ_IT_INDEED_DISPLAY_RETE,19.66,3353,15,0
2025-03-24,Sardegna,Indeed,AZ_IT_INDEED_RETARGETING_CANDIDATI,26.59,2918,50,1
2025-03-24,Sardegna,Indeed,AZ_IT_INDEED_SPONSORED_JOBS,130.57,6112,273,7
2025-03-24,Sicilia,Indeed,AZ_IT_INDEED_DISPLAY_RETE,78.90,14052,82,1
2025-03-24,Sicilia,Indeed,AZ_IT_INDEED_RETARGETING_CANDIDATI,68.09,7456,125,3
2025-03-24,Sicilia,Indeed,AZ_IT_INDEED_SPONSORED_JOBS,310.96,13443,527,14
2025-03-24,Toscana,Indeed,AZ_IT_INDEED_DISPLAY_RETE,52.73,8997,45,1
2025-03-24,Toscana,Indeed,AZ_IT_INDEED_RETARGETING_CANDIDATI,99.94,11118,186,7
2025-03-24,Toscana,Indeed,AZ_IT_INDEED_SPONSORED_JOBS,252.73,11511,474,17
2025-03-24,Trentino-Alto Adige,Indeed,AZ_IT_INDEED_DISPLAY_RETE,17.07,2734,14,1
2025-03-24,Trentino-Alto Adige,Indeed,AZ_IT_INDEED_RETARGETING_CANDIDATI,20.74,2356,45,2
2025-03-24,Trentino-Alto Adige,Indeed,AZ_IT_INDEED_SPONSORED_JOBS,67.96,3050,115,8
2025-03-24,Umbria,Indeed,AZ_IT_INDEED_DISPLAY_RETE,8.71,1409,7,0
2025-03-24,Umbria,Indeed,AZ_IT_INDEED_RETARGETING_CANDIDATI,15.66,1906,40,1
2025-03-24,Umbria,Indeed,AZ_IT_INDEED_SPONSORED_JOBS,55.25,2418,98,2
2025-03-24,Valle d'Aosta,Indeed,AZ_IT_INDEED_DISPLAY_RETE,1.88,311,2,0
2025-03-24,Valle d'Aosta,Indeed,AZ_IT_INDEED_RETARGETING_CANDIDATI,1.21,133,2,0
2025-03-24,Valle d'Aosta,Indeed,AZ_IT_INDEED_SPONSORED_JOBS,8.49,397,16,1
2025-03-24,Veneto,Indeed,AZ_IT_INDEED_DISPLAY_RETE,73.95,11788,60,2
2025-03-24,Veneto,Indeed,AZ_IT_INDEED_RETARGETING_CANDIDATI,158.03,17217,323,11
2025-03-24,Veneto,Indeed,AZ_IT_INDEED_SPONSORED_JOBS,314.24,13947,595,24
2025-03-31,Abruzzo,Indeed,AZ_IT_INDEED_DISPLAY_RETE,22.35,3588,17,0
2025-03-31,Abruzzo,Indeed,AZ_IT_INDEED_RETARGETING_CANDIDATI,15.99,1812,31,1
2025-03-31,Abruzzo,Indeed,AZ_IT_INDEED_SPONSORED_JOBS,107.83,5213,208,7
2025-03-31,Basilicata,Indeed,AZ_IT_INDEED_DISPLAY_RETE,6.83,1182,6,0
2025-03-31,Basilicata,Indeed,AZ_IT_INDEED_RETARGETING_CANDIDATI,5.55,608,11,0
2025-03-31,Basilicata,Indeed,AZ_IT_INDEED_SPONSORED_JOBS,37.10,1676,74,2
2025-03-31,Calabria,Indeed,AZ_IT_INDEED_DISPLAY_RETE,26.79,4578,22,1
2025-03-31,Calabria,Indeed,AZ_IT_INDEED_RETARGETING_CANDIDATI,30.66,3539,58,1
2025-03-31,Calabria,Indeed,AZ_IT_INDEED_SPONSORED_JOBS,201.62,9460,341,12
2025-03-31,Campania,Indeed,AZ_IT_INDEED_DISPLAY_RETE,82.40,14070,69,2
2025-03-31,Campania,Indeed,AZ_IT_INDEED_RETARGETING_CANDIDATI,61.42,7119,129,3
2025-03-31,Campania,Indeed,AZ_IT_INDEED_SPONSORED_JOBS,256.78,12259,522,18
2025-03-31,Emilia-Romagna,Indeed,AZ_IT_INDEED_DISPLAY_RETE,54.63,8927,43,1
2025-03-31,Emilia-Romagna,Indeed,AZ_IT_INDEED_RETARGETING_CANDIDATI,58.97,6924,119,2
2025-03-31,Emilia-Romagna,Indeed,AZ_IT_INDEED_SPONSORED_JOBS,407.00,18683,617,20
2025-03-31,Friuli-Venezia Giulia,Indeed,AZ_IT_INDEED_DISPLAY_RETE,22.93,3719,17,1
2025-03-31,Friuli-Venezia Giulia,Indeed,AZ_IT_INDEED_RETARGETING_CANDIDATI,14.13,1592,27,1
2025-03-31,Friuli-Venezia Giulia,Indeed,AZ_IT_INDEED_SPONSORED_JOBS,81.66,3721,151,7
2025-03-31,Lazio,Indeed,AZ_IT_INDEED_DISPLAY_RETE,94.69,15645,82,2
2025-03-31,Lazio,Indeed,AZ_IT_INDEED_RETARGETING_CANDIDATI,101.43,11809,230,4
2025-03-31,Lazio,Indeed,AZ_IT_INDEED_SPONSORED_JOBS,443.34,20616,914,28
2025-03-31,Liguria,Indeed,AZ_IT_INDEED_DISPLAY_RETE,19.16,3288,15,0
2025-03-31,Liguria,Indeed,AZ_IT_INDEED_RETARGETING_CANDIDATI,22.71,2427,46,1
2025-03-31,Liguria,Indeed,AZ_IT_INDEED_SPONSORED_JOBS,107.74,5141,209,6
2025-03-31,Lombardia,Indeed,AZ_IT_INDEED_DISPLAY_RETE,159.73,26488,133,5
2025-03-31,Lombardia,Indeed,AZ_IT_INDEED_RETARGETING_CANDIDATI,121.43,14029,274,7
2025-03-31,Lombardia,Indeed,AZ_IT_INDEED_SPONSORED_JOBS,667.06,30617,1360,64
2025-03-31,Marche,Indeed,AZ_IT_INDEED_DISPLAY_RETE,22.72,3874,16,1
2025-03-31,Marche,Indeed,AZ_IT_INDEED_RETARGETING_CANDIDATI,17.09,1946,36,2
2025-03-31,Marche,Indeed,AZ_IT_INDEED_SPONSORED_JOBS,59.21,2635,100,10
2025-03-31,Molise,Indeed,AZ_IT_INDEED_DISPLAY_RETE,4.04,706,4,0
2025-03-31,Molise,Indeed,AZ_IT_INDEED_RETARGETING_CANDIDATI,5.10,571,10,0
2025-03-31,Molise,Indeed,AZ_IT_INDEED_SPONSORED_JOBS,14.01,609,25,2
2025-03-31,Piemonte,Indeed,AZ_IT_INDEED_DISPLAY_RETE,74.98,12380,62,3
2025-03-31,Piemonte,Indeed,AZ_IT_INDEED_RETARGETING_CANDIDATI,60.35,6672,123,5
2025-03-31,Piemonte,Indeed,AZ_IT_INDEED_SPONSORED_JOBS,263.60,12106,467,29
2025-03-31,Puglia,Indeed,AZ_IT_INDEED_DISPLAY_RETE,68.03,10950,54,3
2025-03-31,Puglia,Indeed,AZ_IT_INDEED_RETARGETING_CANDIDATI,63.07,6408,118,4
2025-03-31,Puglia,Indeed,AZ_IT_INDEED_SPONSORED_JOBS,195.44,8615,389,22
2025-03-31,Sardegna,Indeed,AZ_IT_INDEED_DISPLAY_RETE,16.58,2915,15,0
2025-03-31,Sardegna,Indeed,AZ_IT_INDEED_RETARGETING_CANDIDATI,26.74,3037,51,1
2025-03-31,Sardegna,Indeed,AZ_IT_INDEED_SPONSORED_JOBS,122.90,5741,221,8
2025-03-31,Sicilia,Indeed,AZ_IT_INDEED_DISPLAY_RETE,91.40,15468,79,1
2025-03-31,Sicilia,Indeed,AZ_IT_INDEED_RETARGETING_CANDIDATI,51.67,5651,115,2
2025-03-31,Sicilia,Indeed,AZ_IT_INDEED_SPONSORED_JOBS,380.03,17928,683,17
2025-03-31,Toscana,Indeed,AZ_IT_INDEED_DISPLAY_RETE,59.51,9648,50,2
2025-03-31,Toscana,Indeed,AZ_IT_INDEED_RETARGETING_CANDIDATI,85.59,9418,170,5
2025-03-31,Toscana,Indeed,AZ_IT_INDEED_SPONSORED_JOBS,233.22,10787,481,17
2025-03-31,Trentino-Alto Adige,Indeed,AZ_IT_INDEED_DISPLAY_RETE,16.50,2688,14,1
2025-03-31,Trentino-Alto Adige,Indeed,AZ_IT_INDEED_RETARGETING_CANDIDATI,21.15,2368,43,1
2025-03-31,Trentino-Alto Adige,Indeed,AZ_IT_INDEED_SPONSORED_JOBS,83.15,3773,141,9
2025-03-31,Umbria,Indeed,AZ_IT_INDEED_DISPLAY_RETE,8.33,1433,8,0
2025-03-31,Umbria,Indeed,AZ_IT_INDEED_RETARGETING_CANDIDATI,13.23,1486,27,1
2025-03-31,Umbria,Indeed,AZ_IT_INDEED_SPONSORED_JOBS,48.28,2235,86,3
2025-03-31,Valle d'Aosta,Indeed,AZ_IT_INDEED_DISPLAY_RETE,1.98,328,2,0
2025-03-31,Valle d'Aosta,Indeed,AZ_IT_INDEED_RETARGETING_CANDIDATI,0.97,106,2,0
2025-03-31,Valle d'Aosta,Indeed,AZ_IT_INDEED_SPONSORED_JOBS,8.49,386,16,1
2025-03-31,Veneto,Indeed,AZ_IT_INDEED_DISPLAY_RETE,70.39,11359,58,2
2025-03-31,Veneto,Indeed,AZ_IT_INDEED_RETARGETING_CANDIDATI,131.87,14293,253,10
2025-03-31,Veneto,Indeed,AZ_IT_INDEED_SPONSORED_JOBS,347.49,15671,651,27
2025-04-07,Abruzzo,Indeed,AZ_IT_INDEED_DISPLAY_RETE,19.69,3168,15,0
2025-04-07,Abruzzo,Indeed,AZ_IT_INDEED_RETARGETING_CANDIDATI,14.93,1613,32,1
2025-04-07,Abruzzo,Indeed,AZ_IT_INDEED_SPONSORED_JOBS,130.61,5859,228,7
2025-04-07,Basilicata,Indeed,AZ_IT_INDEED_DISPLAY_RETE,6.59,1122,6,0
2025-04-07,Basilicata,Indeed,AZ_IT_INDEED_RETARGETING_CANDIDATI,5.87,655,13,0
2025-04-07,Basilicata,Indeed,AZ_IT_INDEED_SPONSORED_JOBS,43.94,2004,81,2
2025-04-07,Calabria,Indeed,AZ_IT_INDEED_DISPLAY_RETE,25.48,4320,18,1
2025-04-07,Calabria,Indeed,AZ_IT_INDEED_RETARGETING_CANDIDATI,25.02,2880,45,1
2025-04-07,Calabria,Indeed,AZ_IT_INDEED_SPONSORED_JOBS,199.08,9054,417,12
2025-04-07,Campania,Indeed,AZ_IT_INDEED_DISPLAY_RETE,81.86,14321,65,2
2025-04-07,Campania,Indeed,AZ_IT_INDEED_RETARGETING_CANDIDATI,48.26,5392,96,3
2025-04-07,Campania,Indeed,AZ_IT_INDEED_SPONSORED_JOBS,237.38,11193,425,17
2025-04-07,Emilia-Romagna,Indeed,AZ_IT_INDEED_DISPLAY_RETE,55.51,8551,43,1
2025-04-07,Emilia-Romagna,Indeed,AZ_IT_INDEED_RETARGETING_CANDIDATI,56.16,6301,122,2
2025-04-07,Emilia-Romagna,Indeed,AZ_IT_INDEED_SPONSORED_JOBS,437.57,20233,828,21
2025-04-07,Friuli-Venezia Giulia,Indeed,AZ_IT_INDEED_DISPLAY_RETE,17.88,2990,14,1
2025-04-07,Friuli-Venezia Giulia,Indeed,AZ_IT_INDEED_RETARGETING_CANDIDATI,11.95,1320,25,1
2025-04-07,Friuli-Venezia Giulia,Indeed,AZ_IT_INDEED_SPONSORED_JOBS,83.07,3626,145,6
2025-04-07,Lazio,Indeed,AZ_IT_INDEED_DISPLAY_RETE,101.33,16469,86,2
2025-04-07,Lazio,Indeed,AZ_IT_INDEED_RETARGETING_CANDIDATI,108.93,11938,199,4
2025-04-07,Lazio,Indeed,AZ_IT_INDEED_SPONSORED_JOBS,503.51,23231,1017,28
2025-04-07,Liguria,Indeed,AZ_IT_INDEED_DISPLAY_RETE,19.70,3141,16,0
2025-04-07,Liguria,Indeed,AZ_IT_INDEED_RETARGETING_CANDIDATI,18.83,2052,36,1
2025-04-07,Liguria,Indeed,AZ_IT_INDEED_SPONSORED_JOBS,116.05,5290,198,8
2025-04-07,Lombardia,Indeed,AZ_IT_INDEED_DISPLAY_RETE,175.76,29153,147,5
2025-04-07,Lombardia,Indeed,AZ_IT_INDEED_RETARGETING_CANDIDATI,107.49,11804,235,7
2025-04-07,Lombardia,Indeed,AZ_IT_INDEED_SPONSORED_JOBS,748.84,34331,1338,61
2025-04-07,Marche,Indeed,AZ_IT_INDEED_DISPLAY_RETE,21.69,3654,18,2
2025-04-07,Marche,Indeed,AZ_IT_INDEED_RETARGETING_CANDIDATI,16.34,1738,28,2
2025-04-07,Marche,Indeed,AZ_IT_INDEED_SPONSORED_JOBS,58.58,2643,106,11
2025-04-07,Molise,Indeed,AZ_IT_INDEED_DISPLAY_RETE,4.02,690,4,0
2025-04-07,Molise,Indeed,AZ_IT_INDEED_RETARGETING_CANDIDATI,6.05,699,13,0
2025-04-07,Molise,Indeed,AZ_IT_INDEED_SPONSORED_JOBS,12.99,591,23,2
2025-04-07,Piemonte,Indeed,AZ_IT_INDEED_DISPLAY_RETE,73.45,12892,62,3
2025-04-07,Piemonte,Indeed,AZ_IT_INDEED_RETARGETING_CANDIDATI,55.55,6224,111,4
2025-04-07,Piemonte,Indeed,AZ_IT_INDEED_SPONSORED_JOBS,277.42,13235,558,27
2025-04-07,Puglia,Indeed,AZ_IT_INDEED_DISPLAY_RETE,73.63,11899,54,3
2025-04-07,Puglia,Indeed,AZ_IT_INDEED_RETARGETING_CANDIDATI,65.04,7273,127,4
2025-04-07,Puglia,Indeed,AZ_IT_INDEED_SPONSORED_JOBS,193.44,8697,373,17
2025-04-07,Sardegna,Indeed,AZ_IT_INDEED_DISPLAY_RETE,16.43,2759,15,0
2025-04-07,Sardegna,Indeed,AZ_IT_INDEED_RETARGETING_CANDIDATI,22.05,2479,44,1
2025-04-07,Sardegna,Indeed,AZ_IT_INDEED_SPONSORED_JOBS,149.34,6659,281,8
2025-04-07,Sicilia,Indeed,AZ_IT_INDEED_DISPLAY_RETE,91.35,14993,78,1
2025-04-07,Sicilia,Indeed,AZ_IT_INDEED_RETARGETING_CANDIDATI,40.41,4434,83,1
2025-04-07,Sicilia,Indeed,AZ_IT_INDEED_SPONSORED_JOBS,357.55,15913,570,17
2025-04-07,Toscana,Indeed,AZ_IT_INDEED_DISPLAY_RETE,42.49,6804,35,1
2025-04-07,Toscana,Indeed,AZ_IT_INDEED_RETARGETING_CANDIDATI,69.02,7743,146,3
2025-04-07,Toscana,Indeed,AZ_IT_INDEED_SPONSORED_JOBS,257.86,11347,453,19
2025-04-07,Trentino-Alto Adige,Indeed,AZ_IT_INDEED_DISPLAY_RETE,13.01,2246,13,0
2025-04-07,Trentino-Alto Adige,Indeed,AZ_IT_INDEED_RETARGETING_CANDIDATI,17.67,1925,35,1
2025-04-07,Trentino-Alto Adige,Indeed,AZ_IT_INDEED_SPONSORED_JOBS,96.45,4464,179,7
2025-04-07,Umbria,Indeed,AZ_IT_INDEED_DISPLAY_RETE,9.14,1569,7,0
2025-04-07,Umbria,Indeed,AZ_IT_INDEED_RETARGETING_CANDIDATI,15.17,1660,31,1
2025-04-07,Umbria,Indeed,AZ_IT_INDEED_SPONSORED_JOBS,49.03,2308,87,3
2025-04-07,Valle d'Aosta,Indeed,AZ_IT_INDEED_DISPLAY_RETE,1.91,321,2,0
2025-04-07,Valle d'Aosta,Indeed,AZ_IT_INDEED_RETARGETING_CANDIDATI,1.08,120,2,0
2025-04-07,Valle d'Aosta,Indeed,AZ_IT_INDEED_SPONSORED_JOBS,9.53,426,16,1
2025-04-07,Veneto,Indeed,AZ_IT_INDEED_DISPLAY_RETE,71.80,12156,62,3
2025-04-07,Veneto,Indeed,AZ_IT_INDEED_RETARGETING_CANDIDATI,130.62,14545,287,8
2025-04-07,Veneto,Indeed,AZ_IT_INDEED_SPONSORED_JOBS,309.58,14297,658,24
2025-04-14,Abruzzo,Indeed,AZ_IT_INDEED_DISPLAY_RETE,17.38,2863,13,0
2025-04-14,Abruzzo,Indeed,AZ_IT_INDEED_RETARGETING_CANDIDATI,10.76,1249,24,0
2025-04-14,Abruzzo,Indeed,AZ_IT_INDEED_SPONSORED_JOBS,101.49,4757,206,7
2025-04-14,Basilicata,Indeed,AZ_IT_INDEED_DISPLAY_RETE,4.75,800,4,0
2025-04-14,Basilicata,Indeed,AZ_IT_INDEED_RETARGETING_CANDIDATI,4.24,458,8,0
2025-04-14,Basilicata,Indeed,AZ_IT_INDEED_SPONSORED_JOBS,38.22,1749,65,2
2025-04-14,Calabria,Indeed,AZ_IT_INDEED_DISPLAY_RETE,24.83,4160,22,1
2025-04-14,Calabria,Indeed,AZ_IT_INDEED_RETARGETING_CANDIDATI,16.95,1829,34,1
2025-04-14,Calabria,Indeed,AZ_IT_INDEED_SPONSORED_JOBS,153.67,6989,299,11
2025-04-14,Campania,Indeed,AZ_IT_INDEED_DISPLAY_RETE,79.07,13085,61,3
2025-04-14,Campania,Indeed,AZ_IT_INDEED_RETARGETING_CANDIDATI,37.29,4089,79,2
2025-04-14,Campania,Indeed,AZ_IT_INDEED_SPONSORED_JOBS,161.75,7208,307,15
2025-04-14,Emilia-Romagna,Indeed,AZ_IT_INDEED_DISPLAY_RETE,54.17,9234,44,1
2025-04-14,Emilia-Romagna,Indeed,AZ_IT_INDEED_RETARGETING_CANDIDATI,45.35,5196,95,2
2025-04-14,Emilia-Romagna,Indeed,AZ_IT_INDEED_SPONSORED_JOBS,335.15,15519,600,19
2025-04-14,Friuli-Venezia Giulia,Indeed,AZ_IT_INDEED_DISPLAY_RETE,13.28,2175,11,0
2025-04-14,Friuli-Venezia Giulia,Indeed,AZ_IT_INDEED_RETARGETING_CANDIDATI,9.20,1031,17,0
2025-04-14,Friuli-Venezia Giulia,Indeed,AZ_IT_INDEED_SPONSORED_JOBS,74.22,3350,142,6
2025-04-14,Lazio,Indeed,AZ_IT_INDEED_DISPLAY_RETE,101.02,17363,81,3
2025-04-14,Lazio,Indeed,AZ_IT_INDEED_RETARGETING_CANDIDATI,63.78,7567,119,3
2025-04-14,Lazio,Indeed,AZ_IT_INDEED_SPONSORED_JOBS,331.10,15322,606,23
2025-04-14,Liguria,Indeed,AZ_IT_INDEED_DISPLAY_RETE,19.03,3293,17,0
2025-04-14,Liguria,Indeed,AZ_IT_INDEED_RETARGETING_CANDIDATI,12.33,1368,26,1
2025-04-14,Liguria,Indeed,AZ_IT_INDEED_SPONSORED_JOBS,76.66,3431,122,5
2025-04-14,Lombardia,Indeed,AZ_IT_INDEED_DISPLAY_RETE,165.83,28126,156,6
2025-04-14,Lombardia,Indeed,AZ_IT_INDEED_RETARGETING_CANDIDATI,93.95,10557,176,6
2025-04-14,Lombardia,Indeed,AZ_IT_INDEED_SPONSORED_JOBS,630.26,28928,1146,68
2025-04-14,Marche,Indeed,AZ_IT_INDEED_DISPLAY_RETE,19.38,3244,16,1
2025-04-14,Marche,Indeed,AZ_IT_INDEED_RETARGETING_CANDIDATI,12.09,1347,23,2
2025-04-14,Marche,Indeed,AZ_IT_INDEED_SPONSORED_JOBS,43.29,2032,77,9
2025-04-14,Molise,Indeed,AZ_IT_INDEED_DISPLAY_RETE,3.53,585,3,0
2025-04-14,Molise,Indeed,AZ_IT_INDEED_RETARGETING_CANDIDATI,4.28,479,8,0
2025-04-14,Molise,Indeed,AZ_IT_INDEED_SPONSORED_JOBS,9.02,416,16,1
2025-04-14,Piemonte,Indeed,AZ_IT_INDEED_DISPLAY_RETE,68.35,11254,57,3
2025-04-14,Piemonte,Indeed,AZ_IT_INDEED_RETARGETING_CANDIDATI,39.57,4297,72,4
2025-04-14,Piemonte,Indeed,AZ_IT_INDEED_SPONSORED_JOBS,186.19,8302,352,28
2025-04-14,Puglia,Indeed,AZ_IT_INDEED_DISPLAY_RETE,62.82,10581,57,3
2025-04-14,Puglia,Indeed,AZ_IT_INDEED_RETARGETING_CANDIDATI,48.66,5422,95,4
2025-04-14,Puglia,Indeed,AZ_IT_INDEED_SPONSORED_JOBS,136.34,5994,254,13
2025-04-14,Sardegna,Indeed,AZ_IT_INDEED_DISPLAY_RETE,16.47,2672,12,0
2025-04-14,Sardegna,Indeed,AZ_IT_INDEED_RETARGETING_CANDIDATI,14.61,1569,28,1
2025-04-14,Sardegna,Indeed,AZ_IT_INDEED_SPONSORED_JOBS,113.06,5150,216,7
2025-04-14,Sicilia,Indeed,AZ_IT_INDEED_DISPLAY_RETE,75.70,12249,62,1
2025-04-14,Sicilia,Indeed,AZ_IT_INDEED_RETARGETING_CANDIDATI,31.21,3504,60,1
2025-04-14,Sicilia,Indeed,AZ_IT_INDEED_SPONSORED_JOBS,247.86,11736,491,13
2025-04-14,Toscana,Indeed,AZ_IT_INDEED_DISPLAY_RETE,43.67,7075,34,1
2025-04-14,Toscana,Indeed,AZ_IT_INDEED_RETARGETING_CANDIDATI,48.13,5419,92,3
2025-04-14,Toscana,Indeed,AZ_IT_INDEED_SPONSORED_JOBS,214.29,9972,378,16
2025-04-14,Trentino-Alto Adige,Indeed,AZ_IT_INDEED_DISPLAY_RETE,11.59,1909,10,0
2025-04-14,Trentino-Alto Adige,Indeed,AZ_IT_INDEED_RETARGETING_CANDIDATI,12.01,1327,23,1
2025-04-14,Trentino-Alto Adige,Indeed,AZ_IT_INDEED_SPONSORED_JOBS,72.07,3470,134,7
2025-04-14,Umbria,Indeed,AZ_IT_INDEED_DISPLAY_RETE,8.26,1339,7,0
2025-04-14,Umbria,Indeed,AZ_IT_INDEED_RETARGETING_CANDIDATI,10.38,1130,20,0
2025-04-14,Umbria,Indeed,AZ_IT_INDEED_SPONSORED_JOBS,44.97,2212,98,3
2025-04-14,Valle d'Aosta,Indeed,AZ_IT_INDEED_DISPLAY_RETE,1.71,275,1,0
2025-04-14,Valle d'Aosta,Indeed,AZ_IT_INDEED_RETARGETING_CANDIDATI,0.63,69,1,0
2025-04-14,Valle d'Aosta,Indeed,AZ_IT_INDEED_SPONSORED_JOBS,8.07,366,17,1
2025-04-14,Veneto,Indeed,AZ_IT_INDEED_DISPLAY_RETE,74.31,12116,62,3
2025-04-14,Veneto,Indeed,AZ_IT_INDEED_RETARGETING_CANDIDATI,79.79,8615,157,7
2025-04-14,Veneto,Indeed,AZ_IT_INDEED_SPONSORED_JOBS,211.54,9799,401,22
2025-04-21,Abruzzo,Indeed,AZ_IT_INDEED_DISPLAY_RETE,21.61,3591,17,0
2025-04-21,Abruzzo,Indeed,AZ_IT_INDEED_RETARGETING_CANDIDATI,17.90,1946,32,1
2025-04-21,Abruzzo,Indeed,AZ_IT_INDEED_SPONSORED_JOBS,103.39,4699,197,7
2025-04-21,Basilicata,Indeed,AZ_IT_INDEED_DISPLAY_RETE,4.46,737,4,0
2025-04-21,Basilicata,Indeed,AZ_IT_INDEED_RETARGETING_CANDIDATI,6.81,814,16,0
2025-04-21,Basilicata,Indeed,AZ_IT_INDEED_SPONSORED_JOBS,45.58,2038,96,2
2025-04-21,Calabria,Indeed,AZ_IT_INDEED_DISPLAY_RETE,35.13,5896,30,1
2025-04-21,Calabria,Indeed,AZ_IT_INDEED_RETARGETING_CANDIDATI,26.86,3010,49,1
2025-04-21,Calabria,Indeed,AZ_IT_INDEED_SPONSORED_JOBS,179.29,8258,328,11
2025-04-21,Campania,Indeed,AZ_IT_INDEED_DISPLAY_RETE,86.67,14881,69,2
2025-04-21,Campania,Indeed,AZ_IT_INDEED_RETARGETING_CANDIDATI,45.45,5013,92,3
2025-04-21,Campania,Indeed,AZ_IT_INDEED_SPONSORED_JOBS,191.77,8783,364,16
2025-04-21,Emilia-Romagna,Indeed,AZ_IT_INDEED_DISPLAY_RETE,51.20,8603,45,1
2025-04-21,Emilia-Romagna,Indeed,AZ_IT_INDEED_RETARGETING_CANDIDATI,59.91,6512,116,2
2025-04-21,Emilia-Romagna,Indeed,AZ_IT_INDEED_SPONSORED_JOBS,333.67,15146,592,19
2025-04-21,Friuli-Venezia Giulia,Indeed,AZ_IT_INDEED_DISPLAY_RETE,19.08,3075,14,0
2025-04-21,Friuli-Venezia Giulia,Indeed,AZ_IT_INDEED_RETARGETING_CANDIDATI,13.91,1538,31,1
2025-04-21,Friuli-Venezia Giulia,Indeed,AZ_IT_INDEED_SPONSORED_JOBS,87.04,3915,137,6
2025-04-21,Lazio,Indeed,AZ_IT_INDEED_DISPLAY_RETE,125.76,21600,126,3
2025-04-21,Lazio,Indeed,AZ_IT_INDEED_RETARGETING_CANDIDATI,79.55,8995,157,4
2025-04-21,Lazio,Indeed,AZ_IT_INDEED_SPONSORED_JOBS,356.19,16257,639,25
2025-04-21,Liguria,Indeed,AZ_IT_INDEED_DISPLAY_RETE,20.90,3472,19,1
2025-04-21,Liguria,Indeed,AZ_IT_INDEED_RETARGETING_CANDIDATI,16.84,1901,34,1
2025-04-21,Liguria,Indeed,AZ_IT_INDEED_SPONSORED_JOBS,94.82,4263,179,6
2025-04-21,Lombardia,Indeed,AZ_IT_INDEED_DISPLAY_RETE,171.09,28730,145,5
2025-04-21,Lombardia,Indeed,AZ_IT_INDEED_RETARGETING_CANDIDATI,106.96,12228,221,7
2025-04-21,Lombardia,Indeed,AZ_IT_INDEED_SPONSORED_JOBS,676.48,30623,1116,62
2025-04-21,Marche,Indeed,AZ_IT_INDEED_DISPLAY_RETE,23.37,3938,20,1
2025-04-21,Marche,Indeed,AZ_IT_INDEED_RETARGETING_CANDIDATI,17.34,1985,37,2
2025-04-21,Marche,Indeed,AZ_IT_INDEED_SPONSORED_JOBS,60.70,2668,113,12
2025-04-21,Molise,Indeed,AZ_IT_INDEED_DISPLAY_RETE,4.25,712,3,0
2025-04-21,Molise,Indeed,AZ_IT_INDEED_RETARGETING_CANDIDATI,5.09,565,11,0
2025-04-21,Molise,Indeed,AZ_IT_INDEED_SPONSORED_JOBS,12.03,533,20,2
2025-04-21,Piemonte,Indeed,AZ_IT_INDEED_DISPLAY_RETE,79.01,13878,69,4
2025-04-21,Piemonte,Indeed,AZ_IT_INDEED_RETARGETING_CANDIDATI,64.06,6969,128,6
2025-04-21,Piemonte,Indeed,AZ_IT_INDEED_SPONSORED_JOBS,201.63,9017,354,25
2025-04-21,Puglia,Indeed,AZ_IT_INDEED_DISPLAY_RETE,76.04,12621,65,3
2025-04-21,Puglia,Indeed,AZ_IT_INDEED_RETARGETING_CANDIDATI,66.37,7321,153,5
2025-04-21,Puglia,Indeed,AZ_IT_INDEED_SPONSORED_JOBS,165.59,7572,306,18
2025-04-21,Sardegna,Indeed,AZ_IT_INDEED_DISPLAY_RETE,16.26,2790,14,0
2025-04-21,Sardegna,Indeed,AZ_IT_INDEED_RETARGETING_CANDIDATI,21.42,2436,43,1
2025-04-21,Sardegna,Indeed,AZ_IT_INDEED_SPONSORED_JOBS,103.96,4737,182,7
2025-04-21,Sicilia,Indeed,AZ_IT_INDEED_DISPLAY_RETE,84.87,14157,69,2
2025-04-21,Sicilia,Indeed,AZ_IT_INDEED_RETARGETING_CANDIDATI,45.83,4992,97,2
2025-04-21,Sicilia,Indeed,AZ_IT_INDEED_SPONSORED_JOBS,262.30,11712,481,16
2025-04-21,Toscana,Indeed,AZ_IT_INDEED_DISPLAY_RETE,55.21,9228,49,1
2025-04-21,Toscana,Indeed,AZ_IT_INDEED_RETARGETING_CANDIDATI,78.66,9291,170,4
2025-04-21,Toscana,Indeed,AZ_IT_INDEED_SPONSORED_JOBS,232.41,10406,423,18
2025-04-21,Trentino-Alto Adige,Indeed,AZ_IT_INDEED_DISPLAY_RETE,14.76,2438,12,1
2025-04-21,Trentino-Alto Adige,Indeed,AZ_IT_INDEED_RETARGETING_CANDIDATI,17.80,1937,35,1
2025-04-21,Trentino-Alto Adige,Indeed,AZ_IT_INDEED_SPONSORED_JOBS,64.69,2959,122,7
2025-04-21,Umbria,Indeed,AZ_IT_INDEED_DISPLAY_RETE,9.90,1576,8,0
2025-04-21,Umbria,Indeed,AZ_IT_INDEED_RETARGETING_CANDIDATI,16.00,1805,30,1
2025-04-21,Umbria,Indeed,AZ_IT_INDEED_SPONSORED_JOBS,42.07,1885,85,3
2025-04-21,Valle d'Aosta,Indeed,AZ_IT_INDEED_DISPLAY_RETE,1.73,293,1,0
2025-04-21,Valle d'Aosta,Indeed,AZ_IT_INDEED_RETARGETING_CANDIDATI,0.93,104,2,0
2025-04-21,Valle d'Aosta,Indeed,AZ_IT_INDEED_SPONSORED_JOBS,9.84,434,17,1
2025-04-21,Veneto,Indeed,AZ_IT_INDEED_DISPLAY_RETE,80.35,13678,69,3
2025-04-21,Veneto,Indeed,AZ_IT_INDEED_RETARGETING_CANDIDATI,108.35,12327,218,8
2025-04-21,Veneto,Indeed,AZ_IT_INDEED_SPONSORED_JOBS,247.76,11492,487,25
2025-04-28,Abruzzo,Indeed,AZ_IT_INDEED_DISPLAY_RETE,23.16,3540,18,1
2025-04-28,Abruzzo,Indeed,AZ_IT_INDEED_RETARGETING_CANDIDATI,17.56,1831,33,1
2025-04-28,Abruzzo,Indeed,AZ_IT_INDEED_SPONSORED_JOBS,101.87,4441,173,8
2025-04-28,Basilicata,Indeed,AZ_IT_INDEED_DISPLAY_RETE,5.37,894,4,0
2025-04-28,Basilicata,Indeed,AZ_IT_INDEED_RETARGETING_CANDIDATI,8.37,957,17,0
2025-04-28,Basilicata,Indeed,AZ_IT_INDEED_SPONSORED_JOBS,40.45,1781,73,2
2025-04-28,Calabria,Indeed,AZ_IT_INDEED_DISPLAY_RETE,36.75,6144,26,1
2025-04-28,Calabria,Indeed,AZ_IT_INDEED_RETARGETING_CANDIDATI,30.13,3311,62,1
2025-04-28,Calabria,Indeed,AZ_IT_INDEED_SPONSORED_JOBS,198.24,9314,408,11
2025-04-28,Campania,Indeed,AZ_IT_INDEED_DISPLAY_RETE,101.26,16870,82,3
2025-04-28,Campania,Indeed,AZ_IT_INDEED_RETARGETING_CANDIDATI,53.69,5813,113,3
2025-04-28,Campania,Indeed,AZ_IT_INDEED_SPONSORED_JOBS,179.54,7878,345,15
2025-04-28,Emilia-Romagna,Indeed,AZ_IT_INDEED_DISPLAY_RETE,74.00,12498,66,2
2025-04-28,Emilia-Romagna,Indeed,AZ_IT_INDEED_RETARGETING_CANDIDATI,69.61,7959,141,3
2025-04-28,Emilia-Romagna,Indeed,AZ_IT_INDEED_SPONSORED_JOBS,347.24,16492,654,18
2025-04-28,Friuli-Venezia Giulia,Indeed,AZ_IT_INDEED_DISPLAY_RETE,18.83,3101,16,1
2025-04-28,Friuli-Venezia Giulia,Indeed,AZ_IT_INDEED_RETARGETING_CANDIDATI,15.65,1645,29,1
2025-04-28,Friuli-Venezia Giulia,Indeed,AZ_IT_INDEED_SPONSORED_JOBS,98.87,4338,189,7
2025-04-28,Lazio,Indeed,AZ_IT_INDEED_DISPLAY_RETE,140.84,23604,119,4
2025-04-28,Lazio,Indeed,AZ_IT_INDEED_RETARGETING_CANDIDATI,92.16,10829,198,5
2025-04-28,Lazio,Indeed,AZ_IT_INDEED_SPONSORED_JOBS,331.28,14623,611,23
2025-04-28,Liguria,Indeed,AZ_IT_INDEED_DISPLAY_RETE,23.03,4038,19,1
2025-04-28,Liguria,Indeed,AZ_IT_INDEED_RETARGETING_CANDIDATI,20.97,2344,39,1
2025-04-28,Liguria,Indeed,AZ_IT_INDEED_SPONSORED_JOBS,81.72,3598,149,6
2025-04-28,Lombardia,Indeed,AZ_IT_INDEED_DISPLAY_RETE,185.66,29402,130,6
2025-04-28,Lombardia,Indeed,AZ_IT_INDEED_RETARGETING_CANDIDATI,110.94,12273,208,6
2025-04-28,Lombardia,Indeed,AZ_IT_INDEED_SPONSORED_JOBS,693.81,30298,1266,64
2025-04-28,Marche,Indeed,AZ_IT_INDEED_DISPLAY_RETE,25.76,4361,22,1
2025-04-28,Marche,Indeed,AZ_IT_INDEED_RETARGETING_CANDIDATI,21.29,2276,42,3
2025-04-28,Marche,Indeed,AZ_IT_INDEED_SPONSORED_JOBS,63.71,3017,124,13
2025-04-28,Molise,Indeed,AZ_IT_INDEED_DISPLAY_RETE,5.39,890,5,0
2025-04-28,Molise,Indeed,AZ_IT_INDEED_RETARGETING_CANDIDATI,4.55,502,9,0
2025-04-28,Molise,Indeed,AZ_IT_INDEED_SPONSORED_JOBS,10.49,494,19,1
2025-04-28,Piemonte,Indeed,AZ_IT_INDEED_DISPLAY_RETE,81.53,13383,67,4
2025-04-28,Piemonte,Indeed,AZ_IT_INDEED_RETARGETING_CANDIDATI,63.84,7343,140,6
2025-04-28,Piemonte,Indeed,AZ_IT_INDEED_SPONSORED_JOBS,200.58,8737,355,29
2025-04-28,Puglia,Indeed,AZ_IT_INDEED_DISPLAY_RETE,91.34,15821,88,3
2025-04-28,Puglia,Indeed,AZ_IT_INDEED_RETARGETING_CANDIDATI,78.42,8781,157,5
2025-04-28,Puglia,Indeed,AZ_IT_INDEED_SPONSORED_JOBS,185.77,8843,399,18
2025-04-28,Sardegna,Indeed,AZ_IT_INDEED_DISPLAY_RETE,19.49,3256,17,0
2025-04-28,Sardegna,Indeed,AZ_IT_INDEED_RETARGETING_CANDIDATI,25.64,2897,51,1
2025-04-28,Sardegna,Indeed,AZ_IT_INDEED_SPONSORED_JOBS,126.01,5518,216,7
2025-04-28,Sicilia,Indeed,AZ_IT_INDEED_DISPLAY_RETE,94.49,15657,77,2
2025-04-28,Sicilia,Indeed,AZ_IT_INDEED_RETARGETING_CANDIDATI,54.50,6239,121,2
2025-04-28,Sicilia,Indeed,AZ_IT_INDEED_SPONSORED_JOBS,247.12,12232,615,17
2025-04-28,Toscana,Indeed,AZ_IT_INDEED_DISPLAY_RETE,81.44,13629,63,2
2025-04-28,Toscana,Indeed,AZ_IT_INDEED_RETARGETING_CANDIDATI,75.29,8152,140,4
2025-04-28,Toscana,Indeed,AZ_IT_INDEED_SPONSORED_JOBS,230.37,10426,405,19
2025-04-28,Trentino-Alto Adige,Indeed,AZ_IT_INDEED_DISPLAY_RETE,15.43,2485,12,1
2025-04-28,Trentino-Alto Adige,Indeed,AZ_IT_INDEED_RETARGETING_CANDIDATI,14.82,1567,28,1
2025-04-28,Trentino-Alto Adige,Indeed,AZ_IT_INDEED_SPONSORED_JOBS,68.53,3059,133,8
2025-04-28,Umbria,Indeed,AZ_IT_INDEED_DISPLAY_RETE,11.52,1992,8,0
2025-04-28,Umbria,Indeed,AZ_IT_INDEED_RETARGETING_CANDIDATI,19.80,2134,37,1
2025-04-28,Umbria,Indeed,AZ_IT_INDEED_SPONSORED_JOBS,34.15,1576,58,2
2025-04-28,Valle d'Aosta,Indeed,AZ_IT_INDEED_DISPLAY_RETE,2.22,375,2,0
2025-04-28,Valle d'Aosta,Indeed,AZ_IT_INDEED_RETARGETING_CANDIDATI,1.16,129,2,0
2025-04-28,Valle d'Aosta,Indeed,AZ_IT_INDEED_SPONSORED_JOBS,8.56,379,16,1
2025-04-28,Veneto,Indeed,AZ_IT_INDEED_DISPLAY_RETE,91.26,14913,76,4
2025-04-28,Veneto,Indeed,AZ_IT_INDEED_RETARGETING_CANDIDATI,137.75,15197,286,10
2025-04-28,Veneto,Indeed,AZ_IT_INDEED_SPONSORED_JOBS,253.65,11041,400,24
2025-05-05,Abruzzo,Indeed,AZ_IT_INDEED_DISPLAY_RETE,30.60,5027,27,1
2025-05-05,Abruzzo,Indeed,AZ_IT_INDEED_RETARGETING_CANDIDATI,15.17,1672,30,1
2025-05-05,Abruzzo,Indeed,AZ_IT_INDEED_SPONSORED_JOBS,119.83,5376,234,7
2025-05-05,Basilicata,Indeed,AZ_IT_INDEED_DISPLAY_RETE,7.98,1332,7,0
2025-05-05,Basilicata,Indeed,AZ_IT_INDEED_RETARGETING_CANDIDATI,7.38,833,15,0
2025-05-05,Basilicata,Indeed,AZ_IT_INDEED_SPONSORED_JOBS,38.80,1768,73,2
2025-05-05,Calabria,Indeed,AZ_IT_INDEED_DISPLAY_RETE,38.01,6504,31,1
2025-05-05,Calabria,Indeed,AZ_IT_INDEED_RETARGETING_CANDIDATI,23.65,2594,46,1
2025-05-05,Calabria,Indeed,AZ_IT_INDEED_SPONSORED_JOBS,206.43,8775,385,13
2025-05-05,Campania,Indeed,AZ_IT_INDEED_DISPLAY_RETE,121.21,19656,99,4
2025-05-05,Campania,Indeed,AZ_IT_INDEED_RETARGETING_CANDIDATI,47.95,5159,95,3
2025-05-05,Campania,Indeed,AZ_IT_INDEED_SPONSORED_JOBS,188.32,8331,313,16
2025-05-05,Emilia-Romagna,Indeed,AZ_IT_INDEED_DISPLAY_RETE,97.38,15832,77,2
2025-05-05,Emilia-Romagna,Indeed,AZ_IT_INDEED_RETARGETING_CANDIDATI,67.89,7321,136,3
2025-05-05,Emilia-Romagna,Indeed,AZ_IT_INDEED_SPONSORED_JOBS,329.51,15856,659,20
2025-05-05,Friuli-Venezia Giulia,Indeed,AZ_IT_INDEED_DISPLAY_RETE,24.89,4217,22,1
2025-05-05,Friuli-Venezia Giulia,Indeed,AZ_IT_INDEED_RETARGETING_CANDIDATI,10.74,1216,23,1
2025-05-05,Friuli-Venezia Giulia,Indeed,AZ_IT_INDEED_SPONSORED_JOBS,77.47,3521,151,7
2025-05-05,Lazio,Indeed,AZ_IT_INDEED_DISPLAY_RETE,157.74,25849,141,4
2025-05-05,Lazio,Indeed,AZ_IT_INDEED_RETARGETING_CANDIDATI,107.75,12357,225,7
2025-05-05,Lazio,Indeed,AZ_IT_INDEED_SPONSORED_JOBS,286.04,12067,516,23
2025-05-05,Liguria,Indeed,AZ_IT_INDEED_DISPLAY_RETE,31.08,5125,25,1
2025-05-05,Liguria,Indeed,AZ_IT_INDEED_RETARGETING_CANDIDATI,16.70,1933,33,1
2025-05-05,Liguria,Indeed,AZ_IT_INDEED_SPONSORED_JOBS,70.80,3219,124,6
2025-05-05,Lombardia,Indeed,AZ_IT_INDEED_DISPLAY_RETE,243.36,40953,226,10
2025-05-05,Lombardia,Indeed,AZ_IT_INDEED_RETARGETING_CANDIDATI,98.74,10815,193,6
2025-05-05,Lombardia,Indeed,AZ_IT_INDEED_SPONSORED_JOBS,625.69,28747,1191,66
2025-05-05,Marche,Indeed,AZ_IT_INDEED_DISPLAY_RETE,35.15,5581,30,2
2025-05-05,Marche,Indeed,AZ_IT_INDEED_RETARGETING_CANDIDATI,17.06,1906,33,2
2025-05-05,Marche,Indeed,AZ_IT_INDEED_SPONSORED_JOBS,58.71,2667,105,10
2025-05-05,Molise,Indeed,AZ_IT_INDEED_DISPLAY_RETE,8.44,1443,7,0
2025-05-05,Molise,Indeed,AZ_IT_INDEED_RETARGETING_CANDIDATI,5.32,600,11,1
2025-05-05,Molise,Indeed,AZ_IT_INDEED_SPONSORED_JOBS,9.89,460,19,1
2025-05-05,Piemonte,Indeed,AZ_IT_INDEED_DISPLAY_RETE,107.15,17500,89,5
2025-05-05,Piemonte,Indeed,AZ_IT_INDEED_RETARGETING_CANDIDATI,56.83,6370,113,5
2025-05-05,Piemonte,Indeed,AZ_IT_INDEED_SPONSORED_JOBS,158.64,7149,259,24
2025-05-05,Puglia,Indeed,AZ_IT_INDEED_DISPLAY_RETE,112.43,19830,96,4
2025-05-05,Puglia,Indeed,AZ_IT_INDEED_RETARGETING_CANDIDATI,70.86,8006,142,6
2025-05-05,Puglia,Indeed,AZ_IT_INDEED_SPONSORED_JOBS,176.17,8252,373,21
2025-05-05,Sardegna,Indeed,AZ_IT_INDEED_DISPLAY_RETE,24.24,4266,21,1
2025-05-05,Sardegna,Indeed,AZ_IT_INDEED_RETARGETING_CANDIDATI,19.85,2251,45,1
2025-05-05,Sardegna,Indeed,AZ_IT_INDEED_SPONSORED_JOBS,103.79,4716,185,8
2025-05-05,Sicilia,Indeed,AZ_IT_INDEED_DISPLAY_RETE,117.56,20420,95,3
2025-05-05,Sicilia,Indeed,AZ_IT_INDEED_RETARGETING_CANDIDATI,44.49,4830,86,2
2025-05-05,Sicilia,Indeed,AZ_IT_INDEED_SPONSORED_JOBS,231.98,10582,449,17
2025-05-05,Toscana,Indeed,AZ_IT_INDEED_DISPLAY_RETE,99.91,16268,76,3
2025-05-05,Toscana,Indeed,AZ_IT_INDEED_RETARGETING_CANDIDATI,68.66,7487,118,4
2025-05-05,Toscana,Indeed,AZ_IT_INDEED_SPONSORED_JOBS,201.17,9239,348,16
2025-05-05,Trentino-Alto Adige,Indeed,AZ_IT_INDEED_DISPLAY_RETE,18.98,3064,16,1
2025-05-05,Trentino-Alto Adige,Indeed,AZ_IT_INDEED_RETARGETING_CANDIDATI,12.17,1370,28,1
2025-05-05,Trentino-Alto Adige,Indeed,AZ_IT_INDEED_SPONSORED_JOBS,72.26,3353,121,8
2025-05-05,Umbria,Indeed,AZ_IT_INDEED_DISPLAY_RETE,16.41,2715,13,1
2025-05-05,Umbria,Indeed,AZ_IT_INDEED_RETARGETING_CANDIDATI,14.44,1557,28,1
2025-05-05,Umbria,Indeed,AZ_IT_INDEED_SPONSORED_JOBS,31.71,1457,63,2
2025-05-05,Valle d'Aosta,Indeed,AZ_IT_INDEED_DISPLAY_RETE,2.85,486,2,0
2025-05-05,Valle d'Aosta,Indeed,AZ_IT_INDEED_RETARGETING_CANDIDATI,1.04,113,2,0
2025-05-05,Valle d'Aosta,Indeed,AZ_IT_INDEED_SPONSORED_JOBS,8.80,391,17,1
2025-05-05,Veneto,Indeed,AZ_IT_INDEED_DISPLAY_RETE,126.03,21522,115,5
2025-05-05,Veneto,Indeed,AZ_IT_INDEED_RETARGETING_CANDIDATI,129.35,14439,254,11
2025-05-05,Veneto,Indeed,AZ_IT_INDEED_SPONSORED_JOBS,235.69,11228,488,26
2025-05-12,Abruzzo,Indeed,AZ_IT_INDEED_DISPLAY_RETE,37.69,6249,33,1
2025-05-12,Abruzzo,Indeed,AZ_IT_INDEED_RETARGETING_CANDIDATI,18.16,1989,35,1
2025-05-12,Abruzzo,Indeed,AZ_IT_INDEED_SPONSORED_JOBS,130.31,5784,243,9
2025-05-12,Basilicata,Indeed,AZ_IT_INDEED_DISPLAY_RETE,10.09,1559,8,0
2025-05-12,Basilicata,Indeed,AZ_IT_INDEED_RETARGETING_CANDIDATI,8.86,995,19,0
2025-05-12,Basilicata,Indeed,AZ_IT_INDEED_SPONSORED_JOBS,46.50,2059,91,2
2025-05-12,Calabria,Indeed,AZ_IT_INDEED_DISPLAY_RETE,42.15,7057,34,1
2025-05-12,Calabria,Indeed,AZ_IT_INDEED_RETARGETING_CANDIDATI,26.46,2878,50,1
2025-05-12,Calabria,Indeed,AZ_IT_INDEED_SPONSORED_JOBS,232.72,9961,418,10
2025-05-12,Campania,Indeed,AZ_IT_INDEED_DISPLAY_RETE,155.61,24730,136,4
2025-05-12,Campania,Indeed,AZ_IT_INDEED_RETARGETING_CANDIDATI,62.89,6488,112,3
2025-05-12,Campania,Indeed,AZ_IT_INDEED_SPONSORED_JOBS,287.52,12969,497,19
2025-05-12,Emilia-Romagna,Indeed,AZ_IT_INDEED_DISPLAY_RETE,113.22,19024,87,2
2025-05-12,Emilia-Romagna,Indeed,AZ_IT_INDEED_RETARGETING_CANDIDATI,79.30,8888,158,3
2025-05-12,Emilia-Romagna,Indeed,AZ_IT_INDEED_SPONSORED_JOBS,414.68,18567,889,22
2025-05-12,Friuli-Venezia Giulia,Indeed,AZ_IT_INDEED_DISPLAY_RETE,30.98,5161,26,1
2025-05-12,Friuli-Venezia Giulia,Indeed,AZ_IT_INDEED_RETARGETING_CANDIDATI,12.27,1360,22,1
2025-05-12,Friuli-Venezia Giulia,Indeed,AZ_IT_INDEED_SPONSORED_JOBS,106.25,4839,187,7
2025-05-12,Lazio,Indeed,AZ_IT_INDEED_DISPLAY_RETE,162.79,26298,118,4
2025-05-12,Lazio,Indeed,AZ_IT_INDEED_RETARGETING_CANDIDATI,110.47,12737,223,6
2025-05-12,Lazio,Indeed,AZ_IT_INDEED_SPONSORED_JOBS,403.41,17881,776,27
2025-05-12,Liguria,Indeed,AZ_IT_INDEED_DISPLAY_RETE,39.48,6932,33,1
2025-05-12,Liguria,Indeed,AZ_IT_INDEED_RETARGETING_CANDIDATI,19.10,2099,40,1
2025-05-12,Liguria,Indeed,AZ_IT_INDEED_SPONSORED_JOBS,91.06,4344,184,6
2025-05-12,Lombardia,Indeed,AZ_IT_INDEED_DISPLAY_RETE,277.13,46306,221,9
2025-05-12,Lombardia,Indeed,AZ_IT_INDEED_RETARGETING_CANDIDATI,107.91,12020,221,6
2025-05-12,Lombardia,Indeed,AZ_IT_INDEED_SPONSORED_JOBS,773.03,34519,1520,70
2025-05-12,Marche,Indeed,AZ_IT_INDEED_DISPLAY_RETE,43.30,7370,38,3
2025-05-12,Marche,Indeed,AZ_IT_INDEED_RETARGETING_CANDIDATI,17.72,1945,36,2
2025-05-12,Marche,Indeed,AZ_IT_INDEED_SPONSORED_JOBS,61.67,2754,112,13
2025-05-12,Molise,Indeed,AZ_IT_INDEED_DISPLAY_RETE,9.39,1615,8,0
2025-05-12,Molise,Indeed,AZ_IT_INDEED_RETARGETING_CANDIDATI,5.69,619,11,0
2025-05-12,Molise,Indeed,AZ_IT_INDEED_SPONSORED_JOBS,15.52,704,30,2
2025-05-12,Piemonte,Indeed,AZ_IT_INDEED_DISPLAY_RETE,114.18,18595,91,5
2025-05-12,Piemonte,Indeed,AZ_IT_INDEED_RETARGETING_CANDIDATI,66.84,7319,117,5
2025-05-12,Piemonte,Indeed,AZ_IT_INDEED_SPONSORED_JOBS,217.53,9999,392,26
2025-05-12,Puglia,Indeed,AZ_IT_INDEED_DISPLAY_RETE,134.05,22518,109,6
2025-05-12,Puglia,Indeed,AZ_IT_INDEED_RETARGETING_CANDIDATI,82.35,8880,167,6
2025-05-12,Puglia,Indeed,AZ_IT_INDEED_SPONSORED_JOBS,172.14,8108,346,16
2025-05-12,Sardegna,Indeed,AZ_IT_INDEED_DISPLAY_RETE,28.40,4530,22,1
2025-05-12,Sardegna,Indeed,AZ_IT_INDEED_RETARGETING_CANDIDATI,23.40,2609,44,1
2025-05-12,Sardegna,Indeed,AZ_IT_INDEED_SPONSORED_JOBS,116.29,5369,200,7
2025-05-12,Sicilia,Indeed,AZ_IT_INDEED_DISPLAY_RETE,134.05,22265,112,3
2025-05-12,Sicilia,Indeed,AZ_IT_INDEED_RETARGETING_CANDIDATI,43.97,4900,79,2
2025-05-12,Sicilia,Indeed,AZ_IT_INDEED_SPONSORED_JOBS,245.67,11337,506,14
2025-05-12,Toscana,Indeed,AZ_IT_INDEED_DISPLAY_RETE,130.67,21307,105,3
2025-05-12,Toscana,Indeed,AZ_IT_INDEED_RETARGETING_CANDIDATI,76.96,8303,142,4
2025-05-12,Toscana,Indeed,AZ_IT_INDEED_SPONSORED_JOBS,238.44,10877,519,18
2025-05-12,Trentino-Alto Adige,Indeed,AZ_IT_INDEED_DISPLAY_RETE,21.50,3573,19,1
2025-05-12,Trentino-Alto Adige,Indeed,AZ_IT_INDEED_RETARGETING_CANDIDATI,16.69,1901,33,1
2025-05-12,Trentino-Alto Adige,Indeed,AZ_IT_INDEED_SPONSORED_JOBS,91.77,4069,180,8
2025-05-12,Umbria,Indeed,AZ_IT_INDEED_DISPLAY_RETE,18.21,3022,17,0
2025-05-12,Umbria,Indeed,AZ_IT_INDEED_RETARGETING_CANDIDATI,19.39,2107,35,1
2025-05-12,Umbria,Indeed,AZ_IT_INDEED_SPONSORED_JOBS,37.83,1688,59,3
2025-05-12,Valle d'Aosta,Indeed,AZ_IT_INDEED_DISPLAY_RETE,3.65,593,3,0
2025-05-12,Valle d'Aosta,Indeed,AZ_IT_INDEED_RETARGETING_CANDIDATI,1.22,136,2,0
2025-05-12,Valle d'Aosta,Indeed,AZ_IT_INDEED_SPONSORED_JOBS,11.97,508,20,1
2025-05-12,Veneto,Indeed,AZ_IT_INDEED_DISPLAY_RETE,142.69,24441,139,5
2025-05-12,Veneto,Indeed,AZ_IT_INDEED_RETARGETING_CANDIDATI,142.74,16254,336,11
2025-05-12,Veneto,Indeed,AZ_IT_INDEED_SPONSORED_JOBS,285.22,12843,563,30
2025-05-19,Abruzzo,Indeed,AZ_IT_INDEED_DISPLAY_RETE,30.39,5142,25,1
2025-05-19,Abruzzo,Indeed,AZ_IT_INDEED_RETARGETING_CANDIDATI,18.12,2091,38,1
2025-05-19,Abruzzo,Indeed,AZ_IT_INDEED_SPONSORED_JOBS,142.74,6613,250,7
2025-05-19,Basilicata,Indeed,AZ_IT_INDEED_DISPLAY_RETE,9.42,1565,8,0
2025-05-19,Basilicata,Indeed,AZ_IT_INDEED_RETARGETING_CANDIDATI,8.55,883,15,0
2025-05-19,Basilicata,Indeed,AZ_IT_INDEED_SPONSORED_JOBS,52.84,2383,89,2
2025-05-19,Calabria,Indeed,AZ_IT_INDEED_DISPLAY_RETE,35.13,6304,32,1
2025-05-19,Calabria,Indeed,AZ_IT_INDEED_RETARGETING_CANDIDATI,25.84,2945,53,1
2025-05-19,Calabria,Indeed,AZ_IT_INDEED_SPONSORED_JOBS,233.61,10756,445,9
2025-05-19,Campania,Indeed,AZ_IT_INDEED_DISPLAY_RETE,129.35,20828,118,3
2025-05-19,Campania,Indeed,AZ_IT_INDEED_RETARGETING_CANDIDATI,64.86,7258,139,3
2025-05-19,Campania,Indeed,AZ_IT_INDEED_SPONSORED_JOBS,358.06,17203,682,21
2025-05-19,Emilia-Romagna,Indeed,AZ_IT_INDEED_DISPLAY_RETE,74.51,11951,62,1
2025-05-19,Emilia-Romagna,Indeed,AZ_IT_INDEED_RETARGETING_CANDIDATI,75.54,8514,130,3
2025-05-19,Emilia-Romagna,Indeed,AZ_IT_INDEED_SPONSORED_JOBS,402.91,18372,725,21
2025-05-19,Friuli-Venezia Giulia,Indeed,AZ_IT_INDEED_DISPLAY_RETE,30.52,5310,28,1
2025-05-19,Friuli-Venezia Giulia,Indeed,AZ_IT_INDEED_RETARGETING_CANDIDATI,15.49,1695,30,1
2025-05-19,Friuli-Venezia Giulia,Indeed,AZ_IT_INDEED_SPONSORED_JOBS,135.12,6248,231,8
2025-05-19,Lazio,Indeed,AZ_IT_INDEED_DISPLAY_RETE,159.17,27255,139,4
2025-05-19,Lazio,Indeed,AZ_IT_INDEED_RETARGETING_CANDIDATI,105.71,11991,220,5
2025-05-19,Lazio,Indeed,AZ_IT_INDEED_SPONSORED_JOBS,440.38,20087,921,30
2025-05-19,Liguria,Indeed,AZ_IT_INDEED_DISPLAY_RETE,34.61,5966,29,1
2025-05-19,Liguria,Indeed,AZ_IT_INDEED_RETARGETING_CANDIDATI,21.24,2434,45,1
2025-05-19,Liguria,Indeed,AZ_IT_INDEED_SPONSORED_JOBS,110.28,4890,187,6
2025-05-19,Lombardia,Indeed,AZ_IT_INDEED_DISPLAY_RETE,232.59,40449,234,6
2025-05-19,Lombardia,Indeed,AZ_IT_INDEED_RETARGETING_CANDIDATI,107.90,12190,212,5
2025-05-19,Lombardia,Indeed,AZ_IT_INDEED_SPONSORED_JOBS,857.44,38725,1540,69
2025-05-19,Marche,Indeed,AZ_IT_INDEED_DISPLAY_RETE,32.21,5594,26,2
2025-05-19,Marche,Indeed,AZ_IT_INDEED_RETARGETING_CANDIDATI,17.74,2020,33,2
2025-05-19,Marche,Indeed,AZ_IT_INDEED_SPONSORED_JOBS,84.86,3731,157,13
2025-05-19,Molise,Indeed,AZ_IT_INDEED_DISPLAY_RETE,8.07,1313,7,0
2025-05-19,Molise,Indeed,AZ_IT_INDEED_RETARGETING_CANDIDATI,5.72,671,12,0
2025-05-19,Molise,Indeed,AZ_IT_INDEED_SPONSORED_JOBS,15.68,731,29,2
2025-05-19,Piemonte,Indeed,AZ_IT_INDEED_DISPLAY_RETE,105.81,17564,93,3
2025-05-19,Piemonte,Indeed,AZ_IT_INDEED_RETARGETING_CANDIDATI,77.81,9004,153,5
2025-05-19,Piemonte,Indeed,AZ_IT_INDEED_SPONSORED_JOBS,314.37,14688,582,30
2025-05-19,Puglia,Indeed,AZ_IT_INDEED_DISPLAY_RETE,139.07,23675,113,4
2025-05-19,Puglia,Indeed,AZ_IT_INDEED_RETARGETING_CANDIDATI,72.43,7884,116,4
2025-05-19,Puglia,Indeed,AZ_IT_INDEED_SPONSORED_JOBS,255.45,11579,506,22
2025-05-19,Sardegna,Indeed,AZ_IT_INDEED_DISPLAY_RETE,27.96,4474,22,1
2025-05-19,Sardegna,Indeed,AZ_IT_INDEED_RETARGETING_CANDIDATI,22.02,2497,45,1
2025-05-19,Sardegna,Indeed,AZ_IT_INDEED_SPONSORED_JOBS,124.13,5942,250,9
2025-05-19,Sicilia,Indeed,AZ_IT_INDEED_DISPLAY_RETE,112.59,18373,98,3
2025-05-19,Sicilia,Indeed,AZ_IT_INDEED_RETARGETING_CANDIDATI,45.10,5175,95,2
2025-05-19,Sicilia,Indeed,AZ_IT_INDEED_SPONSORED_JOBS,254.55,11492,482,16
2025-05-19,Toscana,Indeed,AZ_IT_INDEED_DISPLAY_RETE,98.59,17317,85,2
2025-05-19,Toscana,Indeed,AZ_IT_INDEED_RETARGETING_CANDIDATI,64.04,7178,127,3
2025-05-19,Toscana,Indeed,AZ_IT_INDEED_SPONSORED_JOBS,284.61,13275,528,20
2025-05-19,Trentino-Alto Adige,Indeed,AZ_IT_INDEED_DISPLAY_RETE,21.52,3461,16,1
2025-05-19,Trentino-Alto Adige,Indeed,AZ_IT_INDEED_RETARGETING_CANDIDATI,18.53,2098,42,1
2025-05-19,Trentino-Alto Adige,Indeed,AZ_IT_INDEED_SPONSORED_JOBS,105.16,4744,177,8
2025-05-19,Umbria,Indeed,AZ_IT_INDEED_DISPLAY_RETE,16.47,2786,16,0
2025-05-19,Umbria,Indeed,AZ_IT_INDEED_RETARGETING_CANDIDATI,17.39,1842,34,1
2025-05-19,Umbria,Indeed,AZ_IT_INDEED_SPONSORED_JOBS,51.82,2387,106,3
2025-05-19,Valle d'Aosta,Indeed,AZ_IT_INDEED_DISPLAY_RETE,3.45,576,3,0
2025-05-19,Valle d'Aosta,Indeed,AZ_IT_INDEED_RETARGETING_CANDIDATI,1.29,142,3,0
2025-05-19,Valle d'Aosta,Indeed,AZ_IT_INDEED_SPONSORED_JOBS,12.75,555,22,1
2025-05-19,Veneto,Indeed,AZ_IT_INDEED_DISPLAY_RETE,127.08,21477,105,4
2025-05-19,Veneto,Indeed,AZ_IT_INDEED_RETARGETING_CANDIDATI,131.53,14489,288,8
2025-05-19,Veneto,Indeed,AZ_IT_INDEED_SPONSORED_JOBS,374.89,16788,622,30
2025-05-26,Abruzzo,Indeed,AZ_IT_INDEED_DISPLAY_RETE,30.96,4969,27,0
2025-05-26,Abruzzo,Indeed,AZ_IT_INDEED_RETARGETING_CANDIDATI,23.75,2561,52,1
2025-05-26,Abruzzo,Indeed,AZ_IT_INDEED_SPONSORED_JOBS,168.67,7682,307,8
2025-05-26,Basilicata,Indeed,AZ_IT_INDEED_DISPLAY_RETE,9.31,1575,7,0
2025-05-26,Basilicata,Indeed,AZ_IT_INDEED_RETARGETING_CANDIDATI,11.37,1299,25,0
2025-05-26,Basilicata,Indeed,AZ_IT_INDEED_SPONSORED_JOBS,52.21,2434,99,2
2025-05-26,Calabria,Indeed,AZ_IT_INDEED_DISPLAY_RETE,33.35,5277,24,1
2025-05-26,Calabria,Indeed,AZ_IT_INDEED_RETARGETING_CANDIDATI,37.57,4023,70,1
2025-05-26,Calabria,Indeed,AZ_IT_INDEED_SPONSORED_JOBS,257.02,11699,432,13
2025-05-26,Campania,Indeed,AZ_IT_INDEED_DISPLAY_RETE,152.37,25148,124,3
2025-05-26,Campania,Indeed,AZ_IT_INDEED_RETARGETING_CANDIDATI,71.60,8173,151,3
2025-05-26,Campania,Indeed,AZ_IT_INDEED_SPONSORED_JOBS,458.93,21716,862,22
2025-05-26,Emilia-Romagna,Indeed,AZ_IT_INDEED_DISPLAY_RETE,80.47,13364,68,1
2025-05-26,Emilia-Romagna,Indeed,AZ_IT_INDEED_RETARGETING_CANDIDATI,101.70,11244,214,3
2025-05-26,Emilia-Romagna,Indeed,AZ_IT_INDEED_SPONSORED_JOBS,487.89,21936,898,24
2025-05-26,Friuli-Venezia Giulia,Indeed,AZ_IT_INDEED_DISPLAY_RETE,23.14,3884,17,0
2025-05-26,Friuli-Venezia Giulia,Indeed,AZ_IT_INDEED_RETARGETING_CANDIDATI,19.08,2192,33,1
2025-05-26,Friuli-Venezia Giulia,Indeed,AZ_IT_INDEED_SPONSORED_JOBS,142.15,6282,234,8
2025-05-26,Lazio,Indeed,AZ_IT_INDEED_DISPLAY_RETE,177.10,30597,148,4
2025-05-26,Lazio,Indeed,AZ_IT_INDEED_RETARGETING_CANDIDATI,131.96,14827,245,6
2025-05-26,Lazio,Indeed,AZ_IT_INDEED_SPONSORED_JOBS,482.43,23159,1023,32
2025-05-26,Liguria,Indeed,AZ_IT_INDEED_DISPLAY_RETE,33.87,5500,28,1
2025-05-26,Liguria,Indeed,AZ_IT_INDEED_RETARGETING_CANDIDATI,26.29,2933,55,1
2025-05-26,Liguria,Indeed,AZ_IT_INDEED_SPONSORED_JOBS,141.44,6136,229,8
2025-05-26,Lombardia,Indeed,AZ_IT_INDEED_DISPLAY_RETE,246.62,42244,205,5
2025-05-26,Lombardia,Indeed,AZ_IT_INDEED_RETARGETING_CANDIDATI,155.56,17258,308,7
2025-05-26,Lombardia,Indeed,AZ_IT_INDEED_SPONSORED_JOBS,1033.13,45926,1968,75
2025-05-26,Marche,Indeed,AZ_IT_INDEED_DISPLAY_RETE,34.89,6064,29,2
2025-05-26,Marche,Indeed,AZ_IT_INDEED_RETARGETING_CANDIDATI,20.36,2230,42,2
2025-05-26,Marche,Indeed,AZ_IT_INDEED_SPONSORED_JOBS,98.09,4458,185,12
2025-05-26,Molise,Indeed,AZ_IT_INDEED_DISPLAY_RETE,8.17,1331,6,0
2025-05-26,Molise,Indeed,AZ_IT_INDEED_RETARGETING_CANDIDATI,6.35,710,13,0
2025-05-26,Molise,Indeed,AZ_IT_INDEED_SPONSORED_JOBS,20.53,925,45,2
2025-05-26,Piemonte,Indeed,AZ_IT_INDEED_DISPLAY_RETE,120.38,19069,94,3
2025-05-26,Piemonte,Indeed,AZ_IT_INDEED_RETARGETING_CANDIDATI,103.74,10810,182,7
2025-05-26,Piemonte,Indeed,AZ_IT_INDEED_SPONSORED_JOBS,328.88,15006,618,26
2025-05-26,Puglia,Indeed,AZ_IT_INDEED_DISPLAY_RETE,139.41,23010,118,4
2025-05-26,Puglia,Indeed,AZ_IT_INDEED_RETARGETING_CANDIDATI,93.43,10283,182,5
2025-05-26,Puglia,Indeed,AZ_IT_INDEED_SPONSORED_JOBS,313.04,14271,528,23
2025-05-26,Sardegna,Indeed,AZ_IT_INDEED_DISPLAY_RETE,30.48,5258,26,1
2025-05-26,Sardegna,Indeed,AZ_IT_INDEED_RETARGETING_CANDIDATI,30.27,3426,62,1
2025-05-26,Sardegna,Indeed,AZ_IT_INDEED_SPONSORED_JOBS,161.25,7813,292,9
2025-05-26,Sicilia,Indeed,AZ_IT_INDEED_DISPLAY_RETE,120.59,20860,95,2
2025-05-26,Sicilia,Indeed,AZ_IT_INDEED_RETARGETING_CANDIDATI,58.28,6456,123,2
2025-05-26,Sicilia,Indeed,AZ_IT_INDEED_SPONSORED_JOBS,370.02,16699,669,16
2025-05-26,Toscana,Indeed,AZ_IT_INDEED_DISPLAY_RETE,113.51,18513,89,2
2025-05-26,Toscana,Indeed,AZ_IT_INDEED_RETARGETING_CANDIDATI,93.31,10642,203,4
2025-05-26,Toscana,Indeed,AZ_IT_INDEED_SPONSORED_JOBS,335.71,15425,522,22
2025-05-26,Trentino-Alto Adige,Indeed,AZ_IT_INDEED_DISPLAY_RETE,19.57,3278,17,0
2025-05-26,Trentino-Alto Adige,Indeed,AZ_IT_INDEED_RETARGETING_CANDIDATI,22.21,2409,38,1
2025-05-26,Trentino-Alto Adige,Indeed,AZ_IT_INDEED_SPONSORED_JOBS,135.13,6152,228,9
2025-05-26,Umbria,Indeed,AZ_IT_INDEED_DISPLAY_RETE,16.90,2879,14,0
2025-05-26,Umbria,Indeed,AZ_IT_INDEED_RETARGETING_CANDIDATI,22.36,2409,37,1
2025-05-26,Umbria,Indeed,AZ_IT_INDEED_SPONSORED_JOBS,51.78,2182,93,3
2025-05-26,Valle d'Aosta,Indeed,AZ_IT_INDEED_DISPLAY_RETE,3.05,523,2,0
2025-05-26,Valle d'Aosta,Indeed,AZ_IT_INDEED_RETARGETING_CANDIDATI,1.49,166,3,0
2025-05-26,Valle d'Aosta,Indeed,AZ_IT_INDEED_SPONSORED_JOBS,12.66,555,26,1
2025-05-26,Veneto,Indeed,AZ_IT_INDEED_DISPLAY_RETE,126.62,21575,123,4
2025-05-26,Veneto,Indeed,AZ_IT_INDEED_RETARGETING_CANDIDATI,189.24,20643,401,12
2025-05-26,Veneto,Indeed,AZ_IT_INDEED_SPONSORED_JOBS,401.64,17045,694,30
2025-06-02,Abruzzo,Indeed,AZ_IT_INDEED_DISPLAY_RETE,23.71,4121,22,0
2025-06-02,Abruzzo,Indeed,AZ_IT_INDEED_PPA_STAGIONALI,39.33,1932,68,3
2025-06-02,Abruzzo,Indeed,AZ_IT_INDEED_RETARGETING_CANDIDATI,16.22,1833,32,1
2025-06-02,Abruzzo,Indeed,AZ_IT_INDEED_SPONSORED_JOBS,102.68,4511,171,6
2025-06-02,Basilicata,Indeed,AZ_IT_INDEED_DISPLAY_RETE,6.29,1073,6,0
2025-06-02,Basilicata,Indeed,AZ_IT_INDEED_PPA_STAGIONALI,9.80,484,20,0
2025-06-02,Basilicata,Indeed,AZ_IT_INDEED_RETARGETING_CANDIDATI,6.47,709,15,0
2025-06-02,Basilicata,Indeed,AZ_IT_INDEED_SPONSORED_JOBS,41.16,1860,82,2
2025-06-02,Calabria,Indeed,AZ_IT_INDEED_DISPLAY_RETE,24.03,4001,19,1
2025-06-02,Calabria,Indeed,AZ_IT_INDEED_PPA_STAGIONALI,39.34,1980,78,2
2025-06-02,Calabria,Indeed,AZ_IT_INDEED_RETARGETING_CANDIDATI,22.56,2522,41,1
2025-06-02,Calabria,Indeed,AZ_IT_INDEED_SPONSORED_JOBS,148.37,6913,309,10
2025-06-02,Campania,Indeed,AZ_IT_INDEED_DISPLAY_RETE,109.42,18385,93,2
2025-06-02,Campania,Indeed,AZ_IT_INDEED_PPA_STAGIONALI,146.07,7730,286,7
2025-06-02,Campania,Indeed,AZ_IT_INDEED_RETARGETING_CANDIDATI,46.43,4786,80,2
2025-06-02,Campania,Indeed,AZ_IT_INDEED_SPONSORED_JOBS,312.97,14786,587,14
2025-06-02,Emilia-Romagna,Indeed,AZ_IT_INDEED_DISPLAY_RETE,50.14,8416,41,1
2025-06-02,Emilia-Romagna,Indeed,AZ_IT_INDEED_PPA_STAGIONALI,123.51,6354,255,6
2025-06-02,Emilia-Romagna,Indeed,AZ_IT_INDEED_RETARGETING_CANDIDATI,53.49,5886,101,2
2025-06-02,Emilia-Romagna,Indeed,AZ_IT_INDEED_SPONSORED_JOBS,329.51,16095,689,16
2025-06-02,Friuli-Venezia Giulia,Indeed,AZ_IT_INDEED_DISPLAY_RETE,19.18,3263,17,0
2025-06-02,Friuli-Venezia Giulia,Indeed,AZ_IT_INDEED_PPA_STAGIONALI,33.64,1716,62,2
2025-06-02,Friuli-Venezia Giulia,Indeed,AZ_IT_INDEED_RETARGETING_CANDIDATI,10.46,1152,19,0
2025-06-02,Friuli-Venezia Giulia,Indeed,AZ_IT_INDEED_SPONSORED_JOBS,80.85,3681,165,6
2025-06-02,Lazio,Indeed,AZ_IT_INDEED_DISPLAY_RETE,118.29,18878,98,2
2025-06-02,Lazio,Indeed,AZ_IT_INDEED_PPA_STAGIONALI,120.46,6072,234,6
2025-06-02,Lazio,Indeed,AZ_IT_INDEED_RETARGETING_CANDIDATI,90.70,9550,162,3
2025-06-02,Lazio,Indeed,AZ_IT_INDEED_SPONSORED_JOBS,416.98,18953,795,22
2025-06-02,Liguria,Indeed,AZ_IT_INDEED_DISPLAY_RETE,25.85,4232,18,1
2025-06-02,Liguria,Indeed,AZ_IT_INDEED_PPA_STAGIONALI,16.46,776,27,1
2025-06-02,Liguria,Indeed,AZ_IT_INDEED_RETARGETING_CANDIDATI,15.92,1781,33,1
2025-06-02,Liguria,Indeed,AZ_IT_INDEED_SPONSORED_JOBS,82.18,3569,139,5
2025-06-02,Lombardia,Indeed,AZ_IT_INDEED_DISPLAY_RETE,168.15,28327,154,4
2025-06-02,Lombardia,Indeed,AZ_IT_INDEED_PPA_STAGIONALI,220.04,10370,415,16
2025-06-02,Lombardia,Indeed,AZ_IT_INDEED_RETARGETING_CANDIDATI,98.54,10906,197,6
2025-06-02,Lombardia,Indeed,AZ_IT_INDEED_SPONSORED_JOBS,771.25,33969,1342,56
2025-06-02,Marche,Indeed,AZ_IT_INDEED_DISPLAY_RETE,25.42,4349,23,1
2025-06-02,Marche,Indeed,AZ_IT_INDEED_PPA_STAGIONALI,34.81,1701,66,4
2025-06-02,Marche,Indeed,AZ_IT_INDEED_RETARGETING_CANDIDATI,11.32,1226,21,1
2025-06-02,Marche,Indeed,AZ_IT_INDEED_SPONSORED_JOBS,74.35,3458,130,9
2025-06-02,Molise,Indeed,AZ_IT_INDEED_DISPLAY_RETE,5.67,971,5,0
2025-06-02,Molise,Indeed,AZ_IT_INDEED_PPA_STAGIONALI,6.44,311,12,1
2025-06-02,Molise,Indeed,AZ_IT_INDEED_RETARGETING_CANDIDATI,4.16,480,9,0
2025-06-02,Molise,Indeed,AZ_IT_INDEED_SPONSORED_JOBS,11.22,539,21,1
2025-06-02,Piemonte,Indeed,AZ_IT_INDEED_DISPLAY_RETE,69.01,10690,51,3
2025-06-02,Piemonte,Indeed,AZ_IT_INDEED_PPA_STAGIONALI,91.38,4343,171,9
2025-06-02,Piemonte,Indeed,AZ_IT_INDEED_RETARGETING_CANDIDATI,67.50,7276,125,5
2025-06-02,Piemonte,Indeed,AZ_IT_INDEED_SPONSORED_JOBS,206.75,9782,419,18
2025-06-02,Puglia,Indeed,AZ_IT_INDEED_DISPLAY_RETE,93.34,16126,82,2
2025-06-02,Puglia,Indeed,AZ_IT_INDEED_PPA_STAGIONALI,114.00,5866,199,6
2025-06-02,Puglia,Indeed,AZ_IT_INDEED_RETARGETING_CANDIDATI,57.06,6513,123,3
2025-06-02,Puglia,Indeed,AZ_IT_INDEED_SPONSORED_JOBS,219.88,9800,396,14
2025-06-02,Sardegna,Indeed,AZ_IT_INDEED_DISPLAY_RETE,22.35,3742,16,0
2025-06-02,Sardegna,Indeed,AZ_IT_INDEED_PPA_STAGIONALI,27.66,1374,55,2
2025-06-02,Sardegna,Indeed,AZ_IT_INDEED_RETARGETING_CANDIDATI,20.70,2293,42,1
2025-06-02,Sardegna,Indeed,AZ_IT_INDEED_SPONSORED_JOBS,113.91,4993,183,7
2025-06-02,Sicilia,Indeed,AZ_IT_INDEED_DISPLAY_RETE,83.93,13357,69,1
2025-06-02,Sicilia,Indeed,AZ_IT_INDEED_PPA_STAGIONALI,142.70,6954,250,6
2025-06-02,Sicilia,Indeed,AZ_IT_INDEED_RETARGETING_CANDIDATI,34.25,3913,73,1
2025-06-02,Sicilia,Indeed,AZ_IT_INDEED_SPONSORED_JOBS,270.11,11596,487,12
2025-06-02,Toscana,Indeed,AZ_IT_INDEED_DISPLAY_RETE,86.59,14142,70,2
2025-06-02,Toscana,Indeed,AZ_IT_INDEED_PPA_STAGIONALI,55.18,2653,113,4
2025-06-02,Toscana,Indeed,AZ_IT_INDEED_RETARGETING_CANDIDATI,71.90,8124,147,4
2025-06-02,Toscana,Indeed,AZ_IT_INDEED_SPONSORED_JOBS,234.57,10626,469,17
2025-06-02,Trentino-Alto Adige,Indeed,AZ_IT_INDEED_DISPLAY_RETE,13.43,2131,11,0
2025-06-02,Trentino-Alto Adige,Indeed,AZ_IT_INDEED_PPA_STAGIONALI,33.96,1736,66,2
2025-06-02,Trentino-Alto Adige,Indeed,AZ_IT_INDEED_RETARGETING_CANDIDATI,13.80,1444,26,1
2025-06-02,Trentino-Alto Adige,Indeed,AZ_IT_INDEED_SPONSORED_JOBS,91.51,4399,178,7
2025-06-02,Umbria,Indeed,AZ_IT_INDEED_DISPLAY_RETE,10.08,1698,8,0
2025-06-02,Umbria,Indeed,AZ_IT_INDEED_PPA_STAGIONALI,18.92,945,33,1
2025-06-02,Umbria,Indeed,AZ_IT_INDEED_RETARGETING_CANDIDATI,11.92,1284,23,0
2025-06-02,Umbria,Indeed,AZ_IT_INDEED_SPONSORED_JOBS,36.96,1652,67,2
2025-06-02,Valle d'Aosta,Indeed,AZ_IT_INDEED_DISPLAY_RETE,2.01,331,2,0
2025-06-02,Valle d'Aosta,Indeed,AZ_IT_INDEED_PPA_STAGIONALI,2.78,133,6,0
2025-06-02,Valle d'Aosta,Indeed,AZ_IT_INDEED_RETARGETING_CANDIDATI,0.81,88,2,0
2025-06-02,Valle d'Aosta,Indeed,AZ_IT_INDEED_SPONSORED_JOBS,9.45,421,19,1
2025-06-02,Veneto,Indeed,AZ_IT_INDEED_DISPLAY_RETE,80.63,13242,65,2
2025-06-02,Veneto,Indeed,AZ_IT_INDEED_PPA_STAGIONALI,108.62,5358,213,8
2025-06-02,Veneto,Indeed,AZ_IT_INDEED_RETARGETING_CANDIDATI,119.45,14202,246,8
2025-06-02,Veneto,Indeed,AZ_IT_INDEED_SPONSORED_JOBS,275.38,12409,551,25
2025-06-09,Abruzzo,Indeed,AZ_IT_INDEED_DISPLAY_RETE,28.77,5122,26,0
2025-06-09,Abruzzo,Indeed,AZ_IT_INDEED_PPA_STAGIONALI,39.77,2101,74,2
2025-06-09,Abruzzo,Indeed,AZ_IT_INDEED_RETARGETING_CANDIDATI,18.03,2065,39,1
2025-06-09,Abruzzo,Indeed,AZ_IT_INDEED_SPONSORED_JOBS,120.03,5405,230,6
2025-06-09,Basilicata,Indeed,AZ_IT_INDEED_DISPLAY_RETE,8.05,1365,7,0
2025-06-09,Basilicata,Indeed,AZ_IT_INDEED_PPA_STAGIONALI,9.30,479,19,0
2025-06-09,Basilicata,Indeed,AZ_IT_INDEED_RETARGETING_CANDIDATI,5.50,638,12,0
2025-06-09,Basilicata,Indeed,AZ_IT_INDEED_SPONSORED_JOBS,42.09,1916,86,2
2025-06-09,Calabria,Indeed,AZ_IT_INDEED_DISPLAY_RETE,33.98,5838,32,1
2025-06-09,Calabria,Indeed,AZ_IT_INDEED_PPA_STAGIONALI,50.10,2510,102,2
2025-06-09,Calabria,Indeed,AZ_IT_INDEED_RETARGETING_CANDIDATI,32.56,3495,73,1
2025-06-09,Calabria,Indeed,AZ_IT_INDEED_SPONSORED_JOBS,215.20,9031,401,11
2025-06-09,Campania,Indeed,AZ_IT_INDEED_DISPLAY_RETE,114.83,19009,93,2
2025-06-09,Campania,Indeed,AZ_IT_INDEED_PPA_STAGIONALI,151.78,7675,229,7
2025-06-09,Campania,Indeed,AZ_IT_INDEED_RETARGETING_CANDIDATI,45.32,5066,99,2
2025-06-09,Campania,Indeed,AZ_IT_INDEED_SPONSORED_JOBS,336.45,14822,603,16
2025-06-09,Emilia-Romagna,Indeed,AZ_IT_INDEED_DISPLAY_RETE,78.19,13052,63,1
2025-06-09,Emilia-Romagna,Indeed,AZ_IT_INDEED_PPA_STAGIONALI,181.04,8932,343,6
2025-06-09,Emilia-Romagna,Indeed,AZ_IT_INDEED_RETARGETING_CANDIDATI,78.80,8564,135,2
2025-06-09,Emilia-Romagna,Indeed,AZ_IT_INDEED_SPONSORED_JOBS,569.95,25573,1077,18
2025-06-09,Friuli-Venezia Giulia,Indeed,AZ_IT_INDEED_DISPLAY_RETE,24.20,4025,22,0
2025-06-09,Friuli-Venezia Giulia,Indeed,AZ_IT_INDEED_PPA_STAGIONALI,35.07,1740,66,2
2025-06-09,Friuli-Venezia Giulia,Indeed,AZ_IT_INDEED_RETARGETING_CANDIDATI,9.88,1150,20,0
2025-06-09,Friuli-Venezia Giulia,Indeed,AZ_IT_INDEED_SPONSORED_JOBS,97.80,4476,185,6
2025-06-09,Lazio,Indeed,AZ_IT_INDEED_DISPLAY_RETE,122.72,21048,101,2
2025-06-09,Lazio,Indeed,AZ_IT_INDEED_PPA_STAGIONALI,132.93,6420,245,7
2025-06-09,Lazio,Indeed,AZ_IT_INDEED_RETARGETING_CANDIDATI,94.73,10683,163,3
2025-06-09,Lazio,Indeed,AZ_IT_INDEED_SPONSORED_JOBS,439.27,19602,915,24
2025-06-09,Liguria,Indeed,AZ_IT_INDEED_DISPLAY_RETE,24.77,4247,22,0
2025-06-09,Liguria,Indeed,AZ_IT_INDEED_PPA_STAGIONALI,17.84,874,30,1
2025-06-09,Liguria,Indeed,AZ_IT_INDEED_RETARGETING_CANDIDATI,19.89,2195,41,1
2025-06-09,Liguria,Indeed,AZ_IT_INDEED_SPONSORED_JOBS,99.24,4534,192,6
2025-06-09,Lombardia,Indeed,AZ_IT_INDEED_DISPLAY_RETE,209.80,35108,164,4
2025-06-09,Lombardia,Indeed,AZ_IT_INDEED_PPA_STAGIONALI,221.40,11233,419,14
2025-06-09,Lombardia,Indeed,AZ_IT_INDEED_RETARGETING_CANDIDATI,94.96,10343,190,5
2025-06-09,Lombardia,Indeed,AZ_IT_INDEED_SPONSORED_JOBS,863.60,38470,1616,59
2025-06-09,Marche,Indeed,AZ_IT_INDEED_DISPLAY_RETE,29.79,4838,23,1
2025-06-09,Marche,Indeed,AZ_IT_INDEED_PPA_STAGIONALI,42.46,2214,75,5
2025-06-09,Marche,Indeed,AZ_IT_INDEED_RETARGETING_CANDIDATI,11.36,1287,23,1
2025-06-09,Marche,Indeed,AZ_IT_INDEED_SPONSORED_JOBS,76.59,3565,165,9
2025-06-09,Molise,Indeed,AZ_IT_INDEED_DISPLAY_RETE,6.88,1195,7,0
2025-06-09,Molise,Indeed,AZ_IT_INDEED_PPA_STAGIONALI,5.76,291,11,0
2025-06-09,Molise,Indeed,AZ_IT_INDEED_RETARGETING_CANDIDATI,5.06,568,10,0
2025-06-09,Molise,Indeed,AZ_IT_INDEED_SPONSORED_JOBS,14.53,666,28,2
2025-06-09,Piemonte,Indeed,AZ_IT_INDEED_DISPLAY_RETE,108.61,18174,96,4
2025-06-09,Piemonte,Indeed,AZ_IT_INDEED_PPA_STAGIONALI,96.53,4967,181,9
2025-06-09,Piemonte,Indeed,AZ_IT_INDEED_RETARGETING_CANDIDATI,62.21,6845,129,4
2025-06-09,Piemonte,Indeed,AZ_IT_INDEED_SPONSORED_JOBS,235.51,10754,431,20
2025-06-09,Puglia,Indeed,AZ_IT_INDEED_DISPLAY_RETE,127.05,20032,104,3
2025-06-09,Puglia,Indeed,AZ_IT_INDEED_PPA_STAGIONALI,155.52,7297,281,8
2025-06-09,Puglia,Indeed,AZ_IT_INDEED_RETARGETING_CANDIDATI,72.37,7860,136,3
2025-06-09,Puglia,Indeed,AZ_IT_INDEED_SPONSORED_JOBS,284.21,13220,460,17
2025-06-09,Sardegna,Indeed,AZ_IT_INDEED_DISPLAY_RETE,30.69,5497,30,0
2025-06-09,Sardegna,Indeed,AZ_IT_INDEED_PPA_STAGIONALI,34.74,1762,67,2
2025-06-09,Sardegna,Indeed,AZ_IT_INDEED_RETARGETING_CANDIDATI,24.40,2765,46,1
2025-06-09,Sardegna,Indeed,AZ_IT_INDEED_SPONSORED_JOBS,159.02,7347,292,8
2025-06-09,Sicilia,Indeed,AZ_IT_INDEED_DISPLAY_RETE,140.39,23666,120,1
2025-06-09,Sicilia,Indeed,AZ_IT_INDEED_PPA_STAGIONALI,224.75,11351,438,6
2025-06-09,Sicilia,Indeed,AZ_IT_INDEED_RETARGETING_CANDIDATI,52.98,5880,102,1
2025-06-09,Sicilia,Indeed,AZ_IT_INDEED_SPONSORED_JOBS,378.79,16908,703,13
2025-06-09,Toscana,Indeed,AZ_IT_INDEED_DISPLAY_RETE,95.85,16026,78,2
2025-06-09,Toscana,Indeed,AZ_IT_INDEED_PPA_STAGIONALI,53.95,2635,97,3
2025-06-09,Toscana,Indeed,AZ_IT_INDEED_RETARGETING_CANDIDATI,66.77,7273,135,2
2025-06-09,Toscana,Indeed,AZ_IT_INDEED_SPONSORED_JOBS,325.15,14408,631,19
2025-06-09,Trentino-Alto Adige,Indeed,AZ_IT_INDEED_DISPLAY_RETE,25.31,3986,19,1
2025-06-09,Trentino-Alto Adige,Indeed,AZ_IT_INDEED_PPA_STAGIONALI,44.99,2245,85,2
2025-06-09,Trentino-Alto Adige,Indeed,AZ_IT_INDEED_RETARGETING_CANDIDATI,18.28,2044,37,1
2025-06-09,Trentino-Alto Adige,Indeed,AZ_IT_INDEED_SPONSORED_JOBS,121.96,5763,236,7
2025-06-09,Umbria,Indeed,AZ_IT_INDEED_DISPLAY_RETE,11.63,1987,10,0
2025-06-09,Umbria,Indeed,AZ_IT_INDEED_PPA_STAGIONALI,21.22,1103,42,1
2025-06-09,Umbria,Indeed,AZ_IT_INDEED_RETARGETING_CANDIDATI,11.68,1327,25,0
2025-06-09,Umbria,Indeed,AZ_IT_INDEED_SPONSORED_JOBS,48.36,2325,90,2
2025-06-09,Valle d'Aosta,Indeed,AZ_IT_INDEED_DISPLAY_RETE,2.23,357,2,0
2025-06-09,Valle d'Aosta,Indeed,AZ_IT_INDEED_PPA_STAGIONALI,2.93,148,6,0
2025-06-09,Valle d'Aosta,Indeed,AZ_IT_INDEED_RETARGETING_CANDIDATI,0.91,101,2,0
2025-06-09,Valle d'Aosta,Indeed,AZ_IT_INDEED_SPONSORED_JOBS,11.90,560,24,1
2025-06-09,Veneto,Indeed,AZ_IT_INDEED_DISPLAY_RETE,104.68,18395,90,2
2025-06-09,Veneto,Indeed,AZ_IT_INDEED_PPA_STAGIONALI,118.25,5854,227,9
2025-06-09,Veneto,Indeed,AZ_IT_INDEED_RETARGETING_CANDIDATI,120.14,13612,260,6
2025-06-09,Veneto,Indeed,AZ_IT_INDEED_SPONSORED_JOBS,368.22,17303,622,28
2025-06-16,Abruzzo,Indeed,AZ_IT_INDEED_DISPLAY_RETE,35.83,5573,31,1
2025-06-16,Abruzzo,Indeed,AZ_IT_INDEED_PPA_STAGIONALI,53.60,2828,113,2
2025-06-16,Abruzzo,Indeed,AZ_IT_INDEED_RETARGETING_CANDIDATI,25.10,2716,53,1
2025-06-16,Abruzzo,Indeed,AZ_IT_INDEED_SPONSORED_JOBS,123.23,5427,243,5
2025-06-16,Basilicata,Indeed,AZ_IT_INDEED_DISPLAY_RETE,10.94,1870,10,0
2025-06-16,Basilicata,Indeed,AZ_IT_INDEED_PPA_STAGIONALI,9.41,471,19,0
2025-06-16,Basilicata,Indeed,AZ_IT_INDEED_RETARGETING_CANDIDATI,6.84,794,16,0
2025-06-16,Basilicata,Indeed,AZ_IT_INDEED_SPONSORED_JOBS,52.74,2385,108,2
2025-06-16,Calabria,Indeed,AZ_IT_INDEED_DISPLAY_RETE,45.87,7996,37,1
2025-06-16,Calabria,Indeed,AZ_IT_INDEED_PPA_STAGIONALI,77.43,4048,154,3
2025-06-16,Calabria,Indeed,AZ_IT_INDEED_RETARGETING_CANDIDATI,41.04,4445,82,1
2025-06-16,Calabria,Indeed,AZ_IT_INDEED_SPONSORED_JOBS,233.46,10515,378,10
2025-06-16,Campania,Indeed,AZ_IT_INDEED_DISPLAY_RETE,143.29,24064,133,2
2025-06-16,Campania,Indeed,AZ_IT_INDEED_PPA_STAGIONALI,213.00,10526,417,8
2025-06-16,Campania,Indeed,AZ_IT_INDEED_RETARGETING_CANDIDATI,70.26,7939,144,2
2025-06-16,Campania,Indeed,AZ_IT_INDEED_SPONSORED_JOBS,365.70,16454,635,15
2025-06-16,Emilia-Romagna,Indeed,AZ_IT_INDEED_DISPLAY_RETE,87.51,14644,69,1
2025-06-16,Emilia-Romagna,Indeed,AZ_IT_INDEED_PPA_STAGIONALI,227.47,11387,447,7
2025-06-16,Emilia-Romagna,Indeed,AZ_IT_INDEED_RETARGETING_CANDIDATI,100.45,11120,211,2
2025-06-16,Emilia-Romagna,Indeed,AZ_IT_INDEED_SPONSORED_JOBS,574.24,25464,1070,22
2025-06-16,Friuli-Venezia Giulia,Indeed,AZ_IT_INDEED_DISPLAY_RETE,28.21,4746,24,1
2025-06-16,Friuli-Venezia Giulia,Indeed,AZ_IT_INDEED_PPA_STAGIONALI,46.69,2438,82,2
2025-06-16,Friuli-Venezia Giulia,Indeed,AZ_IT_INDEED_RETARGETING_CANDIDATI,14.14,1527,27,0
2025-06-16,Friuli-Venezia Giulia,Indeed,AZ_IT_INDEED_SPONSORED_JOBS,107.83,4951,228,6
2025-06-16,Lazio,Indeed,AZ_IT_INDEED_DISPLAY_RETE,173.65,27419,137,3
2025-06-16,Lazio,Indeed,AZ_IT_INDEED_PPA_STAGIONALI,138.11,6703,266,6
2025-06-16,Lazio,Indeed,AZ_IT_INDEED_RETARGETING_CANDIDATI,114.56,12589,213,5
2025-06-16,Lazio,Indeed,AZ_IT_INDEED_SPONSORED_JOBS,507.30,23300,952,23
2025-06-16,Liguria,Indeed,AZ_IT_INDEED_DISPLAY_RETE,38.14,6252,33,1
2025-06-16,Liguria,Indeed,AZ_IT_INDEED_PPA_STAGIONALI,27.15,1454,59,1
2025-06-16,Liguria,Indeed,AZ_IT_INDEED_RETARGETING_CANDIDATI,23.84,2788,45,1
2025-06-16,Liguria,Indeed,AZ_IT_INDEED_SPONSORED_JOBS,108.03,4775,201,7
2025-06-16,Lombardia,Indeed,AZ_IT_INDEED_DISPLAY_RETE,314.22,52835,280,6
2025-06-16,Lombardia,Indeed,AZ_IT_INDEED_PPA_STAGIONALI,311.64,15232,596,19
2025-06-16,Lombardia,Indeed,AZ_IT_INDEED_RETARGETING_CANDIDATI,137.74,14860,254,5
2025-06-16,Lombardia,Indeed,AZ_IT_INDEED_SPONSORED_JOBS,960.24,42671,1781,51
2025-06-16,Marche,Indeed,AZ_IT_INDEED_DISPLAY_RETE,42.96,7348,34,2
2025-06-16,Marche,Indeed,AZ_IT_INDEED_PPA_STAGIONALI,48.33,2465,87,5
2025-06-16,Marche,Indeed,AZ_IT_INDEED_RETARGETING_CANDIDATI,15.62,1686,33,1
2025-06-16,Marche,Indeed,AZ_IT_INDEED_SPONSORED_JOBS,87.53,4002,146,10
2025-06-16,Molise,Indeed,AZ_IT_INDEED_DISPLAY_RETE,7.98,1366,7,0
2025-06-16,Molise,Indeed,AZ_IT_INDEED_PPA_STAGIONALI,7.90,401,14,1
2025-06-16,Molise,Indeed,AZ_IT_INDEED_RETARGETING_CANDIDATI,6.55,709,13,0
2025-06-16,Molise,Indeed,AZ_IT_INDEED_SPONSORED_JOBS,13.43,610,24,1
2025-06-16,Piemonte,Indeed,AZ_IT_INDEED_DISPLAY_RETE,133.81,21631,103,4
2025-06-16,Piemonte,Indeed,AZ_IT_INDEED_PPA_STAGIONALI,138.13,6674,239,10
2025-06-16,Piemonte,Indeed,AZ_IT_INDEED_RETARGETING_CANDIDATI,84.23,9638,156,5
2025-06-16,Piemonte,Indeed,AZ_IT_INDEED_SPONSORED_JOBS,247.20,11032,428,22
2025-06-16,Puglia,Indeed,AZ_IT_INDEED_DISPLAY_RETE,163.01,27807,142,3
2025-06-16,Puglia,Indeed,AZ_IT_INDEED_PPA_STAGIONALI,173.80,8291,322,7
2025-06-16,Puglia,Indeed,AZ_IT_INDEED_RETARGETING_CANDIDATI,81.33,9086,164,3
2025-06-16,Puglia,Indeed,AZ_IT_INDEED_SPONSORED_JOBS,317.69,14350,598,17
2025-06-16,Sardegna,Indeed,AZ_IT_INDEED_DISPLAY_RETE,37.03,6304,29,1
2025-06-16,Sardegna,Indeed,AZ_IT_INDEED_PPA_STAGIONALI,51.24,2464,99,2
2025-06-16,Sardegna,Indeed,AZ_IT_INDEED_RETARGETING_CANDIDATI,32.03,3515,66,1
2025-06-16,Sardegna,Indeed,AZ_IT_INDEED_SPONSORED_JOBS,147.49,6439,251,7
2025-06-16,Sicilia,Indeed,AZ_IT_INDEED_DISPLAY_RETE,178.37,27910,147,2
2025-06-16,Sicilia,Indeed,AZ_IT_INDEED_PPA_STAGIONALI,265.77,13209,430,9
2025-06-16,Sicilia,Indeed,AZ_IT_INDEED_RETARGETING_CANDIDATI,67.62,7448,143,2
2025-06-16,Sicilia,Indeed,AZ_IT_INDEED_SPONSORED_JOBS,367.94,17057,701,12
2025-06-16,Toscana,Indeed,AZ_IT_INDEED_DISPLAY_RETE,116.78,18567,88,2
2025-06-16,Toscana,Indeed,AZ_IT_INDEED_PPA_STAGIONALI,71.95,3672,135,3
2025-06-16,Toscana,Indeed,AZ_IT_INDEED_RETARGETING_CANDIDATI,89.20,9778,166,3
2025-06-16,Toscana,Indeed,AZ_IT_INDEED_SPONSORED_JOBS,380.88,17105,699,17
2025-06-16,Trentino-Alto Adige,Indeed,AZ_IT_INDEED_DISPLAY_RETE,30.01,5143,27,1
2025-06-16,Trentino-Alto Adige,Indeed,AZ_IT_INDEED_PPA_STAGIONALI,58.18,2884,109,3
2025-06-16,Trentino-Alto Adige,Indeed,AZ_IT_INDEED_RETARGETING_CANDIDATI,27.40,3026,54,1
2025-06-16,Trentino-Alto Adige,Indeed,AZ_IT_INDEED_SPONSORED_JOBS,123.00,5518,227,7
2025-06-16,Umbria,Indeed,AZ_IT_INDEED_DISPLAY_RETE,15.59,2598,13,0
2025-06-16,Umbria,Indeed,AZ_IT_INDEED_PPA_STAGIONALI,22.61,1112,43,1
2025-06-16,Umbria,Indeed,AZ_IT_INDEED_RETARGETING_CANDIDATI,15.03,1616,26,0
2025-06-16,Umbria,Indeed,AZ_IT_INDEED_SPONSORED_JOBS,58.36,2691,119,2
2025-06-16,Valle d'Aosta,Indeed,AZ_IT_INDEED_DISPLAY_RETE,3.07,530,3,0
2025-06-16,Valle d'Aosta,Indeed,AZ_IT_INDEED_PPA_STAGIONALI,3.61,177,6,0
2025-06-16,Valle d'Aosta,Indeed,AZ_IT_INDEED_RETARGETING_CANDIDATI,1.37,146,3,0
2025-06-16,Valle d'Aosta,Indeed,AZ_IT_INDEED_SPONSORED_JOBS,12.67,594,25,1
2025-06-16,Veneto,Indeed,AZ_IT_INDEED_DISPLAY_RETE,119.31,21058,106,3
2025-06-16,Veneto,Indeed,AZ_IT_INDEED_PPA_STAGIONALI,136.54,6785,257,9
2025-06-16,Veneto,Indeed,AZ_IT_INDEED_RETARGETING_CANDIDATI,164.95,18455,280,7
2025-06-16,Veneto,Indeed,AZ_IT_INDEED_SPONSORED_JOBS,398.70,18123,730,26
2025-06-23,Abruzzo,Indeed,AZ_IT_INDEED_DISPLAY_RETE,20.49,3546,18,0
2025-06-23,Abruzzo,Indeed,AZ_IT_INDEED_PPA_STAGIONALI,34.46,1705,65,2
2025-06-23,Abruzzo,Indeed,AZ_IT_INDEED_RETARGETING_CANDIDATI,18.58,2026,36,1
2025-06-23,Abruzzo,Indeed,AZ_IT_INDEED_SPONSORED_JOBS,102.59,4575,194,6
2025-06-23,Basilicata,Indeed,AZ_IT_INDEED_DISPLAY_RETE,6.48,1064,5,0
2025-06-23,Basilicata,Indeed,AZ_IT_INDEED_PPA_STAGIONALI,6.94,342,13,0
2025-06-23,Basilicata,Indeed,AZ_IT_INDEED_RETARGETING_CANDIDATI,6.03,678,12,0
2025-06-23,Basilicata,Indeed,AZ_IT_INDEED_SPONSORED_JOBS,42.43,1952,77,2
2025-06-23,Calabria,Indeed,AZ_IT_INDEED_DISPLAY_RETE,30.47,5016,25,0
2025-06-23,Calabria,Indeed,AZ_IT_INDEED_PPA_STAGIONALI,52.52,2545,99,2
2025-06-23,Calabria,Indeed,AZ_IT_INDEED_RETARGETING_CANDIDATI,32.42,3620,73,1
2025-06-23,Calabria,Indeed,AZ_IT_INDEED_SPONSORED_JOBS,271.53,12364,469,12
2025-06-23,Campania,Indeed,AZ_IT_INDEED_DISPLAY_RETE,83.33,13851,60,2
2025-06-23,Campania,Indeed,AZ_IT_INDEED_PPA_STAGIONALI,164.83,8037,302,8
2025-06-23,Campania,Indeed,AZ_IT_INDEED_RETARGETING_CANDIDATI,47.97,5517,109,2
2025-06-23,Campania,Indeed,AZ_IT_INDEED_SPONSORED_JOBS,260.04,11930,526,15
2025-06-23,Emilia-Romagna,Indeed,AZ_IT_INDEED_DISPLAY_RETE,68.66,11648,62,1
2025-06-23,Emilia-Romagna,Indeed,AZ_IT_INDEED_PPA_STAGIONALI,163.80,8394,325,6
2025-06-23,Emilia-Romagna,Indeed,AZ_IT_INDEED_RETARGETING_CANDIDATI,83.02,9268,156,2
2025-06-23,Emilia-Romagna,Indeed,AZ_IT_INDEED_SPONSORED_JOBS,445.63,20747,811,18
2025-06-23,Friuli-Venezia Giulia,Indeed,AZ_IT_INDEED_DISPLAY_RETE,23.77,4107,24,1
2025-06-23,Friuli-Venezia Giulia,Indeed,AZ_IT_INDEED_PPA_STAGIONALI,32.71,1602,58,2
2025-06-23,Friuli-Venezia Giulia,Indeed,AZ_IT_INDEED_RETARGETING_CANDIDATI,11.44,1294,23,1
2025-06-23,Friuli-Venezia Giulia,Indeed,AZ_IT_INDEED_SPONSORED_JOBS,80.42,3636,139,6
2025-06-23,Lazio,Indeed,AZ_IT_INDEED_DISPLAY_RETE,151.35,23941,121,3
2025-06-23,Lazio,Indeed,AZ_IT_INDEED_PPA_STAGIONALI,115.15,5898,223,5
2025-06-23,Lazio,Indeed,AZ_IT_INDEED_RETARGETING_CANDIDATI,91.65,10014,155,3
2025-06-23,Lazio,Indeed,AZ_IT_INDEED_SPONSORED_JOBS,419.74,19664,892,22
2025-06-23,Liguria,Indeed,AZ_IT_INDEED_DISPLAY_RETE,21.25,3557,19,0
2025-06-23,Liguria,Indeed,AZ_IT_INDEED_PPA_STAGIONALI,17.84,895,33,1
2025-06-23,Liguria,Indeed,AZ_IT_INDEED_RETARGETING_CANDIDATI,20.76,2190,37,1
2025-06-23,Liguria,Indeed,AZ_IT_INDEED_SPONSORED_JOBS,85.79,3832,167,4
2025-06-23,Lombardia,Indeed,AZ_IT_INDEED_DISPLAY_RETE,181.77,31154,147,4
2025-06-23,Lombardia,Indeed,AZ_IT_INDEED_PPA_STAGIONALI,228.98,12106,463,14
2025-06-23,Lombardia,Indeed,AZ_IT_INDEED_RETARGETING_CANDIDATI,100.72,11103,185,5
2025-06-23,Lombardia,Indeed,AZ_IT_INDEED_SPONSORED_JOBS,900.83,40104,1623,58
2025-06-23,Marche,Indeed,AZ_IT_INDEED_DISPLAY_RETE,22.97,3977,21,1
2025-06-23,Marche,Indeed,AZ_IT_INDEED_PPA_STAGIONALI,36.98,1858,71,4
2025-06-23,Marche,Indeed,AZ_IT_INDEED_RETARGETING_CANDIDATI,12.78,1398,26,1
2025-06-23,Marche,Indeed,AZ_IT_INDEED_SPONSORED_JOBS,83.95,3918,171,11
2025-06-23,Molise,Indeed,AZ_IT_INDEED_DISPLAY_RETE,5.29,916,5,0
2025-06-23,Molise,Indeed,AZ_IT_INDEED_PPA_STAGIONALI,6.52,332,12,1
2025-06-23,Molise,Indeed,AZ_IT_INDEED_RETARGETING_CANDIDATI,3.84,414,8,0
2025-06-23,Molise,Indeed,AZ_IT_INDEED_SPONSORED_JOBS,12.21,563,22,1
2025-06-23,Piemonte,Indeed,AZ_IT_INDEED_DISPLAY_RETE,73.22,11583,60,3
2025-06-23,Piemonte,Indeed,AZ_IT_INDEED_PPA_STAGIONALI,97.51,4721,175,8
2025-06-23,Piemonte,Indeed,AZ_IT_INDEED_RETARGETING_CANDIDATI,64.34,7328,122,4
2025-06-23,Piemonte,Indeed,AZ_IT_INDEED_SPONSORED_JOBS,205.63,9302,394,20
2025-06-23,Puglia,Indeed,AZ_IT_INDEED_DISPLAY_RETE,106.22,16787,87,2
2025-06-23,Puglia,Indeed,AZ_IT_INDEED_PPA_STAGIONALI,111.68,5354,200,8
2025-06-23,Puglia,Indeed,AZ_IT_INDEED_RETARGETING_CANDIDATI,61.75,6794,133,2
2025-06-23,Puglia,Indeed,AZ_IT_INDEED_SPONSORED_JOBS,303.63,13795,568,19
2025-06-23,Sardegna,Indeed,AZ_IT_INDEED_DISPLAY_RETE,25.17,4258,21,0
2025-06-23,Sardegna,Indeed,AZ_IT_INDEED_PPA_STAGIONALI,33.92,1793,67,2
2025-06-23,Sardegna,Indeed,AZ_IT_INDEED_RETARGETING_CANDIDATI,25.62,2875,59,1
2025-06-23,Sardegna,Indeed,AZ_IT_INDEED_SPONSORED_JOBS,129.10,5816,232,7
2025-06-23,Sicilia,Indeed,AZ_IT_INDEED_DISPLAY_RETE,125.75,22066,109,2
2025-06-23,Sicilia,Indeed,AZ_IT_INDEED_PPA_STAGIONALI,177.08,9097,298,7
2025-06-23,Sicilia,Indeed,AZ_IT_INDEED_RETARGETING_CANDIDATI,45.49,4880,84,1
2025-06-23,Sicilia,Indeed,AZ_IT_INDEED_SPONSORED_JOBS,337.22,15236,636,14
2025-06-23,Toscana,Indeed,AZ_IT_INDEED_DISPLAY_RETE,76.67,12887,62,2
2025-06-23,Toscana,Indeed,AZ_IT_INDEED_PPA_STAGIONALI,48.71,2341,97,3
2025-06-23,Toscana,Indeed,AZ_IT_INDEED_RETARGETING_CANDIDATI,68.70,7676,131,3
2025-06-23,Toscana,Indeed,AZ_IT_INDEED_SPONSORED_JOBS,306.34,13410,507,17
2025-06-23,Trentino-Alto Adige,Indeed,AZ_IT_INDEED_DISPLAY_RETE,20.46,3409,19,0
2025-06-23,Trentino-Alto Adige,Indeed,AZ_IT_INDEED_PPA_STAGIONALI,37.73,1923,72,3
2025-06-23,Trentino-Alto Adige,Indeed,AZ_IT_INDEED_RETARGETING_CANDIDATI,21.40,2445,47,1
2025-06-23,Trentino-Alto Adige,Indeed,AZ_IT_INDEED_SPONSORED_JOBS,95.46,4238,167,7
2025-06-23,Umbria,Indeed,AZ_IT_INDEED_DISPLAY_RETE,9.48,1525,8,0
2025-06-23,Umbria,Indeed,AZ_IT_INDEED_PPA_STAGIONALI,17.91,915,36,1
2025-06-23,Umbria,Indeed,AZ_IT_INDEED_RETARGETING_CANDIDATI,12.14,1429,25,0
2025-06-23,Umbria,Indeed,AZ_IT_INDEED_SPONSORED_JOBS,50.39,2280,80,2
2025-06-23,Valle d'Aosta,Indeed,AZ_IT_INDEED_DISPLAY_RETE,2.11,345,2,0
2025-06-23,Valle d'Aosta,Indeed,AZ_IT_INDEED_PPA_STAGIONALI,2.16,113,4,0
2025-06-23,Valle d'Aosta,Indeed,AZ_IT_INDEED_RETARGETING_CANDIDATI,1.06,112,2,0
2025-06-23,Valle d'Aosta,Indeed,AZ_IT_INDEED_SPONSORED_JOBS,12.37,536,21,1
2025-06-23,Veneto,Indeed,AZ_IT_INDEED_DISPLAY_RETE,88.52,14352,78,3
2025-06-23,Veneto,Indeed,AZ_IT_INDEED_PPA_STAGIONALI,77.92,3796,146,6
2025-06-23,Veneto,Indeed,AZ_IT_INDEED_RETARGETING_CANDIDATI,116.01,13004,237,6
2025-06-23,Veneto,Indeed,AZ_IT_INDEED_SPONSORED_JOBS,336.41,14301,597,27
2025-06-30,Abruzzo,Indeed,AZ_IT_INDEED_DISPLAY_RETE,14.93,2470,13,0
2025-06-30,Abruzzo,Indeed,AZ_IT_INDEED_PPA_STAGIONALI,21.30,1060,40,2
2025-06-30,Abruzzo,Indeed,AZ_IT_INDEED_RETARGETING_CANDIDATI,15.96,1698,32,1
2025-06-30,Abruzzo,Indeed,AZ_IT_INDEED_SPONSORED_JOBS,77.07,3334,123,5
2025-06-30,Basilicata,Indeed,AZ_IT_INDEED_DISPLAY_RETE,4.49,735,4,0
2025-06-30,Basilicata,Indeed,AZ_IT_INDEED_PPA_STAGIONALI,5.00,246,8,0
2025-06-30,Basilicata,Indeed,AZ_IT_INDEED_RETARGETING_CANDIDATI,4.51,483,10,0
2025-06-30,Basilicata,Indeed,AZ_IT_INDEED_SPONSORED_JOBS,31.72,1493,63,2
2025-06-30,Calabria,Indeed,AZ_IT_INDEED_DISPLAY_RETE,18.86,3201,16,0
2025-06-30,Calabria,Indeed,AZ_IT_INDEED_PPA_STAGIONALI,33.58,1690,71,2
2025-06-30,Calabria,Indeed,AZ_IT_INDEED_RETARGETING_CANDIDATI,30.80,3451,61,1
2025-06-30,Calabria,Indeed,AZ_IT_INDEED_SPONSORED_JOBS,191.91,9225,320,10
2025-06-30,Campania,Indeed,AZ_IT_INDEED_DISPLAY_RETE,54.69,9468,53,1
2025-06-30,Campania,Indeed,AZ_IT_INDEED_PPA_STAGIONALI,108.69,5370,223,7
2025-06-30,Campania,Indeed,AZ_IT_INDEED_RETARGETING_CANDIDATI,36.61,4118,77,1
2025-06-30,Campania,Indeed,AZ_IT_INDEED_SPONSORED_JOBS,201.91,9254,364,13
2025-06-30,Emilia-Romagna,Indeed,AZ_IT_INDEED_DISPLAY_RETE,44.63,7379,36,1
2025-06-30,Emilia-Romagna,Indeed,AZ_IT_INDEED_PPA_STAGIONALI,104.58,5341,209,6
2025-06-30,Emilia-Romagna,Indeed,AZ_IT_INDEED_RETARGETING_CANDIDATI,72.53,8243,135,2
2025-06-30,Emilia-Romagna,Indeed,AZ_IT_INDEED_SPONSORED_JOBS,328.18,14838,604,15
2025-06-30,Friuli-Venezia Giulia,Indeed,AZ_IT_INDEED_DISPLAY_RETE,14.39,2362,11,0
2025-06-30,Friuli-Venezia Giulia,Indeed,AZ_IT_INDEED_PPA_STAGIONALI,24.97,1197,48,2
2025-06-30,Friuli-Venezia Giulia,Indeed,AZ_IT_INDEED_RETARGETING_CANDIDATI,8.99,994,15,0
2025-06-30,Friuli-Venezia Giulia,Indeed,AZ_IT_INDEED_SPONSORED_JOBS,56.70,2666,109,5
2025-06-30,Lazio,Indeed,AZ_IT_INDEED_DISPLAY_RETE,107.57,17620,83,3
2025-06-30,Lazio,Indeed,AZ_IT_INDEED_PPA_STAGIONALI,76.37,3838,150,5
2025-06-30,Lazio,Indeed,AZ_IT_INDEED_RETARGETING_CANDIDATI,76.78,8835,171,3
2025-06-30,Lazio,Indeed,AZ_IT_INDEED_SPONSORED_JOBS,393.93,17316,721,25
2025-06-30,Liguria,Indeed,AZ_IT_INDEED_DISPLAY_RETE,13.72,2409,12,0
2025-06-30,Liguria,Indeed,AZ_IT_INDEED_PPA_STAGIONALI,12.08,579,21,1
2025-06-30,Liguria,Indeed,AZ_IT_INDEED_RETARGETING_CANDIDATI,13.83,1572,27,1
2025-06-30,Liguria,Indeed,AZ_IT_INDEED_SPONSORED_JOBS,58.79,2697,98,5
2025-06-30,Lombardia,Indeed,AZ_IT_INDEED_DISPLAY_RETE,128.71,20745,108,5
2025-06-30,Lombardia,Indeed,AZ_IT_INDEED_PPA_STAGIONALI,137.84,7134,238,12
2025-06-30,Lombardia,Indeed,AZ_IT_INDEED_RETARGETING_CANDIDATI,68.42,7585,143,4
2025-06-30,Lombardia,Indeed,AZ_IT_INDEED_SPONSORED_JOBS,563.72,25862,1073,47
2025-06-30,Marche,Indeed,AZ_IT_INDEED_DISPLAY_RETE,15.54,2603,12,1
2025-06-30,Marche,Indeed,AZ_IT_INDEED_PPA_STAGIONALI,29.09,1443,51,4
2025-06-30,Marche,Indeed,AZ_IT_INDEED_RETARGETING_CANDIDATI,12.03,1365,25,1
2025-06-30,Marche,Indeed,AZ_IT_INDEED_SPONSORED_JOBS,61.21,2761,119,9
2025-06-30,Molise,Indeed,AZ_IT_INDEED_DISPLAY_RETE,3.70,596,3,0
2025-06-30,Molise,Indeed,AZ_IT_INDEED_PPA_STAGIONALI,5.05,251,9,1
2025-06-30,Molise,Indeed,AZ_IT_INDEED_RETARGETING_CANDIDATI,3.68,405,8,0
2025-06-30,Molise,Indeed,AZ_IT_INDEED_SPONSORED_JOBS,9.53,409,16,1
2025-06-30,Piemonte,Indeed,AZ_IT_INDEED_DISPLAY_RETE,48.38,7605,39,2
2025-06-30,Piemonte,Indeed,AZ_IT_INDEED_PPA_STAGIONALI,73.27,3755,163,10
2025-06-30,Piemonte,Indeed,AZ_IT_INDEED_RETARGETING_CANDIDATI,44.24,5076,88,3
2025-06-30,Piemonte,Indeed,AZ_IT_INDEED_SPONSORED_JOBS,148.91,6994,282,17
2025-06-30,Puglia,Indeed,AZ_IT_INDEED_DISPLAY_RETE,61.95,10197,56,2
2025-06-30,Puglia,Indeed,AZ_IT_INDEED_PPA_STAGIONALI,82.47,4149,148,7
2025-06-30,Puglia,Indeed,AZ_IT_INDEED_RETARGETING_CANDIDATI,62.21,6965,131,3
2025-06-30,Puglia,Indeed,AZ_IT_INDEED_SPONSORED_JOBS,180.58,8067,297,15
2025-06-30,Sardegna,Indeed,AZ_IT_INDEED_DISPLAY_RETE,19.20,3209,18,0
2025-06-30,Sardegna,Indeed,AZ_IT_INDEED_PPA_STAGIONALI,25.81,1291,48,2
2025-06-30,Sardegna,Indeed,AZ_IT_INDEED_RETARGETING_CANDIDATI,16.69,1840,37,1
2025-06-30,Sardegna,Indeed,AZ_IT_INDEED_SPONSORED_JOBS,97.82,4352,189,5
2025-06-30,Sicilia,Indeed,AZ_IT_INDEED_DISPLAY_RETE,86.45,14017,67,2
2025-06-30,Sicilia,Indeed,AZ_IT_INDEED_PPA_STAGIONALI,136.66,6710,256,6
2025-06-30,Sicilia,Indeed,AZ_IT_INDEED_RETARGETING_CANDIDATI,38.00,4131,75,1
2025-06-30,Sicilia,Indeed,AZ_IT_INDEED_SPONSORED_JOBS,246.47,10695,400,10
2025-06-30,Toscana,Indeed,AZ_IT_INDEED_DISPLAY_RETE,55.06,8903,43,2
2025-06-30,Toscana,Indeed,AZ_IT_INDEED_PPA_STAGIONALI,33.73,1676,66,3
2025-06-30,Toscana,Indeed,AZ_IT_INDEED_RETARGETING_CANDIDATI,49.88,5506,107,2
2025-06-30,Toscana,Indeed,AZ_IT_INDEED_SPONSORED_JOBS,198.15,9166,404,13
2025-06-30,Trentino-Alto Adige,Indeed,AZ_IT_INDEED_DISPLAY_RETE,16.04,2576,12,1
2025-06-30,Trentino-Alto Adige,Indeed,AZ_IT_INDEED_PPA_STAGIONALI,25.99,1262,47,3
2025-06-30,Trentino-Alto Adige,Indeed,AZ_IT_INDEED_RETARGETING_CANDIDATI,16.22,1820,32,1
2025-06-30,Trentino-Alto Adige,Indeed,AZ_IT_INDEED_SPONSORED_JOBS,65.46,3008,142,7
2025-06-30,Umbria,Indeed,AZ_IT_INDEED_DISPLAY_RETE,6.17,1020,5,0
2025-06-30,Umbria,Indeed,AZ_IT_INDEED_PPA_STAGIONALI,13.22,641,24,1
2025-06-30,Umbria,Indeed,AZ_IT_INDEED_RETARGETING_CANDIDATI,11.15,1238,22,0
2025-06-30,Umbria,Indeed,AZ_IT_INDEED_SPONSORED_JOBS,39.16,1809,72,2
2025-06-30,Valle d'Aosta,Indeed,AZ_IT_INDEED_DISPLAY_RETE,1.46,242,1,0
2025-06-30,Valle d'Aosta,Indeed,AZ_IT_INDEED_PPA_STAGIONALI,1.62,82,4,0
2025-06-30,Valle d'Aosta,Indeed,AZ_IT_INDEED_RETARGETING_CANDIDATI,0.71,81,2,0
2025-06-30,Valle d'Aosta,Indeed,AZ_IT_INDEED_SPONSORED_JOBS,7.84,352,14,0
2025-06-30,Veneto,Indeed,AZ_IT_INDEED_DISPLAY_RETE,54.65,9503,44,2
2025-06-30,Veneto,Indeed,AZ_IT_INDEED_PPA_STAGIONALI,65.34,3136,115,7
2025-06-30,Veneto,Indeed,AZ_IT_INDEED_RETARGETING_CANDIDATI,92.77,10209,177,6
2025-06-30,Veneto,Indeed,AZ_IT_INDEED_SPONSORED_JOBS,246.06,11082,448,25
2025-07-07,Abruzzo,Indeed,AZ_IT_INDEED_DISPLAY_RETE,16.10,2755,15,0
2025-07-07,Abruzzo,Indeed,AZ_IT_INDEED_PPA_STAGIONALI,31.80,1580,70,2
2025-07-07,Abruzzo,Indeed,AZ_IT_INDEED_RETARGETING_CANDIDATI,12.01,1356,24,0
2025-07-07,Abruzzo,Indeed,AZ_IT_INDEED_SPONSORED_JOBS,94.55,4207,185,5
2025-07-07,Basilicata,Indeed,AZ_IT_INDEED_DISPLAY_RETE,5.50,915,5,0
2025-07-07,Basilicata,Indeed,AZ_IT_INDEED_PPA_STAGIONALI,8.67,437,16,0
2025-07-07,Basilicata,Indeed,AZ_IT_INDEED_RETARGETING_CANDIDATI,4.23,437,8,0
2025-07-07,Basilicata,Indeed,AZ_IT_INDEED_SPONSORED_JOBS,32.07,1468,56,1
2025-07-07,Calabria,Indeed,AZ_IT_INDEED_DISPLAY_RETE,24.90,3990,21,0
2025-07-07,Calabria,Indeed,AZ_IT_INDEED_PPA_STAGIONALI,48.55,2452,94,2
2025-07-07,Calabria,Indeed,AZ_IT_INDEED_RETARGETING_CANDIDATI,29.12,3209,54,1
2025-07-07,Calabria,Indeed,AZ_IT_INDEED_SPONSORED_JOBS,236.04,10724,374,10
2025-07-07,Campania,Indeed,AZ_IT_INDEED_DISPLAY_RETE,81.09,13029,66,2
2025-07-07,Campania,Indeed,AZ_IT_INDEED_PPA_STAGIONALI,124.23,5782,232,9
2025-07-07,Campania,Indeed,AZ_IT_INDEED_RETARGETING_CANDIDATI,35.27,3879,73,1
2025-07-07,Campania,Indeed,AZ_IT_INDEED_SPONSORED_JOBS,260.46,11725,519,15
2025-07-07,Emilia-Romagna,Indeed,AZ_IT_INDEED_DISPLAY_RETE,59.60,10083,52,1
2025-07-07,Emilia-Romagna,Indeed,AZ_IT_INDEED_PPA_STAGIONALI,126.58,6203,230,6
2025-07-07,Emilia-Romagna,Indeed,AZ_IT_INDEED_RETARGETING_CANDIDATI,64.93,6782,121,2
2025-07-07,Emilia-Romagna,Indeed,AZ_IT_INDEED_SPONSORED_JOBS,405.73,17755,729,17
2025-07-07,Friuli-Venezia Giulia,Indeed,AZ_IT_INDEED_DISPLAY_RETE,19.71,3508,19,1
2025-07-07,Friuli-Venezia Giulia,Indeed,AZ_IT_INDEED_PPA_STAGIONALI,35.05,1795,62,3
2025-07-07,Friuli-Venezia Giulia,Indeed,AZ_IT_INDEED_RETARGETING_CANDIDATI,7.46,854,16,0
2025-07-07,Friuli-Venezia Giulia,Indeed,AZ_IT_INDEED_SPONSORED_JOBS,60.27,2713,109,4
2025-07-07,Lazio,Indeed,AZ_IT_INDEED_DISPLAY_RETE,131.02,21688,105,3
2025-07-07,Lazio,Indeed,AZ_IT_INDEED_PPA_STAGIONALI,93.30,4746,184,6
2025-07-07,Lazio,Indeed,AZ_IT_INDEED_RETARGETING_CANDIDATI,78.83,8750,148,3
2025-07-07,Lazio,Indeed,AZ_IT_INDEED_SPONSORED_JOBS,433.78,18838,775,24
2025-07-07,Liguria,Indeed,AZ_IT_INDEED_DISPLAY_RETE,16.23,2565,13,0
2025-07-07,Liguria,Indeed,AZ_IT_INDEED_PPA_STAGIONALI,17.81,892,31,1
2025-07-07,Liguria,Indeed,AZ_IT_INDEED_RETARGETING_CANDIDATI,12.35,1391,24,0
2025-07-07,Liguria,Indeed,AZ_IT_INDEED_SPONSORED_JOBS,71.45,3186,123,4
2025-07-07,Lombardia,Indeed,AZ_IT_INDEED_DISPLAY_RETE,153.08,26033,139,5
2025-07-07,Lombardia,Indeed,AZ_IT_INDEED_PPA_STAGIONALI,221.94,10922,346,18
2025-07-07,Lombardia,Indeed,AZ_IT_INDEED_RETARGETING_CANDIDATI,77.16,8470,159,3
2025-07-07,Lombardia,Indeed,AZ_IT_INDEED_SPONSORED_JOBS,669.23,29662,1199,48
2025-07-07,Marche,Indeed,AZ_IT_INDEED_DISPLAY_RETE,21.35,3684,19,1
2025-07-07,Marche,Indeed,AZ_IT_INDEED_PPA_STAGIONALI,38.90,1934,76,6
2025-07-07,Marche,Indeed,AZ_IT_INDEED_RETARGETING_CANDIDATI,11.10,1263,22,1
2025-07-07,Marche,Indeed,AZ_IT_INDEED_SPONSORED_JOBS,70.06,3161,132,9
2025-07-07,Molise,Indeed,AZ_IT_INDEED_DISPLAY_RETE,4.11,692,3,0
2025-07-07,Molise,Indeed,AZ_IT_INDEED_PPA_STAGIONALI,6.94,351,12,1
2025-07-07,Molise,Indeed,AZ_IT_INDEED_RETARGETING_CANDIDATI,3.74,417,8,0
2025-07-07,Molise,Indeed,AZ_IT_INDEED_SPONSORED_JOBS,11.20,513,22,1
2025-07-07,Piemonte,Indeed,AZ_IT_INDEED_DISPLAY_RETE,60.98,10144,55,3
2025-07-07,Piemonte,Indeed,AZ_IT_INDEED_PPA_STAGIONALI,82.82,4095,165,9
2025-07-07,Piemonte,Indeed,AZ_IT_INDEED_RETARGETING_CANDIDATI,49.80,5637,101,3
2025-07-07,Piemonte,Indeed,AZ_IT_INDEED_SPONSORED_JOBS,204.27,9239,379,19
2025-07-07,Puglia,Indeed,AZ_IT_INDEED_DISPLAY_RETE,94.87,15448,65,3
2025-07-07,Puglia,Indeed,AZ_IT_INDEED_PPA_STAGIONALI,86.48,4389,170,6
2025-07-07,Puglia,Indeed,AZ_IT_INDEED_RETARGETING_CANDIDATI,57.11,6374,117,3
2025-07-07,Puglia,Indeed,AZ_IT_INDEED_SPONSORED_JOBS,218.55,9754,332,14
2025-07-07,Sardegna,Indeed,AZ_IT_INDEED_DISPLAY_RETE,24.05,3898,16,1
2025-07-07,Sardegna,Indeed,AZ_IT_INDEED_PPA_STAGIONALI,29.25,1504,60,2
2025-07-07,Sardegna,Indeed,AZ_IT_INDEED_RETARGETING_CANDIDATI,20.57,2318,48,1
2025-07-07,Sardegna,Indeed,AZ_IT_INDEED_SPONSORED_JOBS,129.07,5819,233,7
2025-07-07,Sicilia,Indeed,AZ_IT_INDEED_DISPLAY_RETE,91.32,15423,75,2
2025-07-07,Sicilia,Indeed,AZ_IT_INDEED_PPA_STAGIONALI,166.01,8216,341,7
2025-07-07,Sicilia,Indeed,AZ_IT_INDEED_RETARGETING_CANDIDATI,40.11,4471,85,1
2025-07-07,Sicilia,Indeed,AZ_IT_INDEED_SPONSORED_JOBS,288.30,13162,541,11
2025-07-07,Toscana,Indeed,AZ_IT_INDEED_DISPLAY_RETE,59.35,9624,43,2
2025-07-07,Toscana,Indeed,AZ_IT_INDEED_PPA_STAGIONALI,42.47,2159,86,3
2025-07-07,Toscana,Indeed,AZ_IT_INDEED_RETARGETING_CANDIDATI,49.20,5531,109,2
2025-07-07,Toscana,Indeed,AZ_IT_INDEED_SPONSORED_JOBS,252.77,11635,481,15
2025-07-07,Trentino-Alto Adige,Indeed,AZ_IT_INDEED_DISPLAY_RETE,23.15,3897,22,1
2025-07-07,Trentino-Alto Adige,Indeed,AZ_IT_INDEED_PPA_STAGIONALI,30.29,1491,61,2
2025-07-07,Trentino-Alto Adige,Indeed,AZ_IT_INDEED_RETARGETING_CANDIDATI,13.69,1525,26,0
2025-07-07,Trentino-Alto Adige,Indeed,AZ_IT_INDEED_SPONSORED_JOBS,95.15,4499,179,6
2025-07-07,Umbria,Indeed,AZ_IT_INDEED_DISPLAY_RETE,9.06,1473,8,0
2025-07-07,Umbria,Indeed,AZ_IT_INDEED_PPA_STAGIONALI,15.18,751,27,1
2025-07-07,Umbria,Indeed,AZ_IT_INDEED_RETARGETING_CANDIDATI,9.82,1040,19,0
2025-07-07,Umbria,Indeed,AZ_IT_INDEED_SPONSORED_JOBS,47.44,2310,108,2
2025-07-07,Valle d'Aosta,Indeed,AZ_IT_INDEED_DISPLAY_RETE,1.80,308,2,0
2025-07-07,Valle d'Aosta,Indeed,AZ_IT_INDEED_PPA_STAGIONALI,2.11,107,4,0
2025-07-07,Valle d'Aosta,Indeed,AZ_IT_INDEED_RETARGETING_CANDIDATI,0.76,81,2,0
2025-07-07,Valle d'Aosta,Indeed,AZ_IT_INDEED_SPONSORED_JOBS,8.53,405,16,0
2025-07-07,Veneto,Indeed,AZ_IT_INDEED_DISPLAY_RETE,74.30,12233,53,3
2025-07-07,Veneto,Indeed,AZ_IT_INDEED_PPA_STAGIONALI,96.21,5091,201,10
2025-07-07,Veneto,Indeed,AZ_IT_INDEED_RETARGETING_CANDIDATI,84.99,9300,174,4
2025-07-07,Veneto,Indeed,AZ_IT_INDEED_SPONSORED_JOBS,271.59,12342,521,23
2025-07-14,Abruzzo,Indeed,AZ_IT_INDEED_DISPLAY_RETE,19.41,3224,15,0
2025-07-14,Abruzzo,Indeed,AZ_IT_INDEED_PPA_STAGIONALI,27.93,1388,55,2
2025-07-14,Abruzzo,Indeed,AZ_IT_INDEED_RETARGETING_CANDIDATI,12.77,1466,26,0
2025-07-14,Abruzzo,Indeed,AZ_IT_INDEED_SPONSORED_JOBS,88.63,3915,155,6
2025-07-14,Basilicata,Indeed,AZ_IT_INDEED_DISPLAY_RETE,5.09,860,4,0
2025-07-14,Basilicata,Indeed,AZ_IT_INDEED_PPA_STAGIONALI,7.02,376,15,0
2025-07-14,Basilicata,Indeed,AZ_IT_INDEED_RETARGETING_CANDIDATI,4.76,528,9,0
2025-07-14,Basilicata,Indeed,AZ_IT_INDEED_SPONSORED_JOBS,29.38,1321,56,1
2025-07-14,Calabria,Indeed,AZ_IT_INDEED_DISPLAY_RETE,28.03,4839,24,1
2025-07-14,Calabria,Indeed,AZ_IT_INDEED_PPA_STAGIONALI,46.76,2300,94,3
2025-07-14,Calabria,Indeed,AZ_IT_INDEED_RETARGETING_CANDIDATI,25.28,2696,46,1
2025-07-14,Calabria,Indeed,AZ_IT_INDEED_SPONSORED_JOBS,194.22,8881,326,9
2025-07-14,Campania,Indeed,AZ_IT_INDEED_DISPLAY_RETE,74.66,12730,54,2
2025-07-14,Campania,Indeed,AZ_IT_INDEED_PPA_STAGIONALI,154.91,7991,310,8
2025-07-14,Campania,Indeed,AZ_IT_INDEED_RETARGETING_CANDIDATI,34.18,3764,66,1
2025-07-14,Campania,Indeed,AZ_IT_INDEED_SPONSORED_JOBS,200.55,9000,408,10
2025-07-14,Emilia-Romagna,Indeed,AZ_IT_INDEED_DISPLAY_RETE,64.17,10726,59,1
2025-07-14,Emilia-Romagna,Indeed,AZ_IT_INDEED_PPA_STAGIONALI,122.83,6333,210,6
2025-07-14,Emilia-Romagna,Indeed,AZ_IT_INDEED_RETARGETING_CANDIDATI,70.90,7775,134,2
2025-07-14,Emilia-Romagna,Indeed,AZ_IT_INDEED_SPONSORED_JOBS,358.83,16149,677,17
2025-07-14,Friuli-Venezia Giulia,Indeed,AZ_IT_INDEED_DISPLAY_RETE,21.04,3512,17,1
2025-07-14,Friuli-Venezia Giulia,Indeed,AZ_IT_INDEED_PPA_STAGIONALI,28.12,1459,61,3
2025-07-14,Friuli-Venezia Giulia,Indeed,AZ_IT_INDEED_RETARGETING_CANDIDATI,7.54,832,14,0
2025-07-14,Friuli-Venezia Giulia,Indeed,AZ_IT_INDEED_SPONSORED_JOBS,60.13,2786,110,4
2025-07-14,Lazio,Indeed,AZ_IT_INDEED_DISPLAY_RETE,132.38,21327,103,3
2025-07-14,Lazio,Indeed,AZ_IT_INDEED_PPA_STAGIONALI,74.64,3691,135,5
2025-07-14,Lazio,Indeed,AZ_IT_INDEED_RETARGETING_CANDIDATI,65.89,7481,140,3
2025-07-14,Lazio,Indeed,AZ_IT_INDEED_SPONSORED_JOBS,345.66,15617,622,20
2025-07-14,Liguria,Indeed,AZ_IT_INDEED_DISPLAY_RETE,16.76,2772,14,1
2025-07-14,Liguria,Indeed,AZ_IT_INDEED_PPA_STAGIONALI,15.59,792,31,1
2025-07-14,Liguria,Indeed,AZ_IT_INDEED_RETARGETING_CANDIDATI,11.95,1349,24,1
2025-07-14,Liguria,Indeed,AZ_IT_INDEED_SPONSORED_JOBS,67.15,3081,120,4
2025-07-14,Lombardia,Indeed,AZ_IT_INDEED_DISPLAY_RETE,171.43,29807,147,6
2025-07-14,Lombardia,Indeed,AZ_IT_INDEED_PPA_STAGIONALI,172.84,8690,346,15
2025-07-14,Lombardia,Indeed,AZ_IT_INDEED_RETARGETING_CANDIDATI,85.02,9739,182,4
2025-07-14,Lombardia,Indeed,AZ_IT_INDEED_SPONSORED_JOBS,602.13,27184,1086,55
2025-07-14,Marche,Indeed,AZ_IT_INDEED_DISPLAY_RETE,22.05,3689,16,1
2025-07-14,Marche,Indeed,AZ_IT_INDEED_PPA_STAGIONALI,33.96,1691,55,4
2025-07-14,Marche,Indeed,AZ_IT_INDEED_RETARGETING_CANDIDATI,10.62,1171,21,1
2025-07-14,Marche,Indeed,AZ_IT_INDEED_SPONSORED_JOBS,61.59,2631,108,9
2025-07-14,Molise,Indeed,AZ_IT_INDEED_DISPLAY_RETE,3.99,651,4,0
2025-07-14,Molise,Indeed,AZ_IT_INDEED_PPA_STAGIONALI,6.43,321,12,1
2025-07-14,Molise,Indeed,AZ_IT_INDEED_RETARGETING_CANDIDATI,3.16,355,7,0
2025-07-14,Molise,Indeed,AZ_IT_INDEED_SPONSORED_JOBS,9.03,386,15,1
2025-07-14,Piemonte,Indeed,AZ_IT_INDEED_DISPLAY_RETE,56.53,9639,46,3
2025-07-14,Piemonte,Indeed,AZ_IT_INDEED_PPA_STAGIONALI,70.88,3398,131,9
2025-07-14,Piemonte,Indeed,AZ_IT_INDEED_RETARGETING_CANDIDATI,45.29,5181,92,3
2025-07-14,Piemonte,Indeed,AZ_IT_INDEED_SPONSORED_JOBS,168.84,7762,334,17
2025-07-14,Puglia,Indeed,AZ_IT_INDEED_DISPLAY_RETE,105.97,17758,86,3
2025-07-14,Puglia,Indeed,AZ_IT_INDEED_PPA_STAGIONALI,78.45,3914,180,6
2025-07-14,Puglia,Indeed,AZ_IT_INDEED_RETARGETING_CANDIDATI,60.64,6724,126,3
2025-07-14,Puglia,Indeed,AZ_IT_INDEED_SPONSORED_JOBS,175.15,7940,376,15
2025-07-14,Sardegna,Indeed,AZ_IT_INDEED_DISPLAY_RETE,23.68,3722,20,1
2025-07-14,Sardegna,Indeed,AZ_IT_INDEED_PPA_STAGIONALI,28.20,1393,56,2
2025-07-14,Sardegna,Indeed,AZ_IT_INDEED_RETARGETING_CANDIDATI,18.78,1962,34,1
2025-07-14,Sardegna,Indeed,AZ_IT_INDEED_SPONSORED_JOBS,114.92,5246,211,6
2025-07-14,Sicilia,Indeed,AZ_IT_INDEED_DISPLAY_RETE,94.96,15419,69,2
2025-07-14,Sicilia,Indeed,AZ_IT_INDEED_PPA_STAGIONALI,134.60,6684,238,6
2025-07-14,Sicilia,Indeed,AZ_IT_INDEED_RETARGETING_CANDIDATI,42.45,4670,82,1
2025-07-14,Sicilia,Indeed,AZ_IT_INDEED_SPONSORED_JOBS,243.89,11178,386,11
2025-07-14,Toscana,Indeed,AZ_IT_INDEED_DISPLAY_RETE,63.59,10218,49,2
2025-07-14,Toscana,Indeed,AZ_IT_INDEED_PPA_STAGIONALI,34.83,1678,69,3
2025-07-14,Toscana,Indeed,AZ_IT_INDEED_RETARGETING_CANDIDATI,51.13,5978,107,3
2025-07-14,Toscana,Indeed,AZ_IT_INDEED_SPONSORED_JOBS,201.25,9207,368,17
2025-07-14,Trentino-Alto Adige,Indeed,AZ_IT_INDEED_DISPLAY_RETE,26.76,4321,23,1
2025-07-14,Trentino-Alto Adige,Indeed,AZ_IT_INDEED_PPA_STAGIONALI,31.05,1538,64,2
2025-07-14,Trentino-Alto Adige,Indeed,AZ_IT_INDEED_RETARGETING_CANDIDATI,14.70,1648,30,1
2025-07-14,Trentino-Alto Adige,Indeed,AZ_IT_INDEED_SPONSORED_JOBS,86.16,3910,159,6
2025-07-14,Umbria,Indeed,AZ_IT_INDEED_DISPLAY_RETE,7.46,1220,6,0
2025-07-14,Umbria,Indeed,AZ_IT_INDEED_PPA_STAGIONALI,11.31,570,21,1
2025-07-14,Umbria,Indeed,AZ_IT_INDEED_RETARGETING_CANDIDATI,9.13,1016,18,0
2025-07-14,Umbria,Indeed,AZ_IT_INDEED_SPONSORED_JOBS,36.06,1702,73,2
2025-07-14,Valle d'Aosta,Indeed,AZ_IT_INDEED_DISPLAY_RETE,2.18,370,2,0
2025-07-14,Valle d'Aosta,Indeed,AZ_IT_INDEED_PPA_STAGIONALI,1.98,96,4,0
2025-07-14,Valle d'Aosta,Indeed,AZ_IT_INDEED_RETARGETING_CANDIDATI,0.71,77,1,0
2025-07-14,Valle d'Aosta,Indeed,AZ_IT_INDEED_SPONSORED_JOBS,6.77,310,12,0
2025-07-14,Veneto,Indeed,AZ_IT_INDEED_DISPLAY_RETE,73.43,11884,58,3
2025-07-14,Veneto,Indeed,AZ_IT_INDEED_PPA_STAGIONALI,85.51,4317,170,9
2025-07-14,Veneto,Indeed,AZ_IT_INDEED_RETARGETING_CANDIDATI,96.37,10548,201,6
2025-07-14,Veneto,Indeed,AZ_IT_INDEED_SPONSORED_JOBS,217.95,9978,389,22
2025-07-21,Abruzzo,Indeed,AZ_IT_INDEED_DISPLAY_RETE,22.51,3602,17,0
2025-07-21,Abruzzo,Indeed,AZ_IT_INDEED_PPA_STAGIONALI,24.41,1225,48,2
2025-07-21,Abruzzo,Indeed,AZ_IT_INDEED_RETARGETING_CANDIDATI,14.29,1594,30,1
2025-07-21,Abruzzo,Indeed,AZ_IT_INDEED_SPONSORED_JOBS,109.03,4879,190,6
2025-07-21,Basilicata,Indeed,AZ_IT_INDEED_DISPLAY_RETE,5.42,923,4,0
2025-07-21,Basilicata,Indeed,AZ_IT_INDEED_PPA_STAGIONALI,6.84,338,13,0
2025-07-21,Basilicata,Indeed,AZ_IT_INDEED_RETARGETING_CANDIDATI,5.35,610,12,0
2025-07-21,Basilicata,Indeed,AZ_IT_INDEED_SPONSORED_JOBS,34.05,1494,56,2
2025-07-21,Calabria,Indeed,AZ_IT_INDEED_DISPLAY_RETE,27.72,4602,20,1
2025-07-21,Calabria,Indeed,AZ_IT_INDEED_PPA_STAGIONALI,35.52,1807,64,2
2025-07-21,Calabria,Indeed,AZ_IT_INDEED_RETARGETING_CANDIDATI,28.08,2984,54,1
2025-07-21,Calabria,Indeed,AZ_IT_INDEED_SPONSORED_JOBS,221.07,10702,384,11
2025-07-21,Campania,Indeed,AZ_IT_INDEED_DISPLAY_RETE,90.45,15460,76,2
2025-07-21,Campania,Indeed,AZ_IT_INDEED_PPA_STAGIONALI,137.09,7054,237,9
2025-07-21,Campania,Indeed,AZ_IT_INDEED_RETARGETING_CANDIDATI,39.64,4266,84,1
2025-07-21,Campania,Indeed,AZ_IT_INDEED_SPONSORED_JOBS,207.82,9678,399,13
2025-07-21,Emilia-Romagna,Indeed,AZ_IT_INDEED_DISPLAY_RETE,69.75,11671,50,1
2025-07-21,Emilia-Romagna,Indeed,AZ_IT_INDEED_PPA_STAGIONALI,104.79,5170,183,5
2025-07-21,Emilia-Romagna,Indeed,AZ_IT_INDEED_RETARGETING_CANDIDATI,65.30,7322,130,2
2025-07-21,Emilia-Romagna,Indeed,AZ_IT_INDEED_SPONSORED_JOBS,374.68,17157,631,18
2025-07-21,Friuli-Venezia Giulia,Indeed,AZ_IT_INDEED_DISPLAY_RETE,20.91,3874,18,1
2025-07-21,Friuli-Venezia Giulia,Indeed,AZ_IT_INDEED_PPA_STAGIONALI,25.70,1258,46,3
2025-07-21,Friuli-Venezia Giulia,Indeed,AZ_IT_INDEED_RETARGETING_CANDIDATI,9.18,1023,17,0
2025-07-21,Friuli-Venezia Giulia,Indeed,AZ_IT_INDEED_SPONSORED_JOBS,54.10,2442,98,4
2025-07-21,Lazio,Indeed,AZ_IT_INDEED_DISPLAY_RETE,122.31,20290,91,4
2025-07-21,Lazio,Indeed,AZ_IT_INDEED_PPA_STAGIONALI,69.71,3550,134,5
2025-07-21,Lazio,Indeed,AZ_IT_INDEED_RETARGETING_CANDIDATI,68.24,7157,130,3
2025-07-21,Lazio,Indeed,AZ_IT_INDEED_SPONSORED_JOBS,373.54,17295,741,25
2025-07-21,Liguria,Indeed,AZ_IT_INDEED_DISPLAY_RETE,16.38,2661,13,1
2025-07-21,Liguria,Indeed,AZ_IT_INDEED_PPA_STAGIONALI,14.73,723,29,1
2025-07-21,Liguria,Indeed,AZ_IT_INDEED_RETARGETING_CANDIDATI,13.09,1437,22,1
2025-07-21,Liguria,Indeed,AZ_IT_INDEED_SPONSORED_JOBS,72.24,3234,124,3
2025-07-21,Lombardia,Indeed,AZ_IT_INDEED_DISPLAY_RETE,189.04,31740,164,7
2025-07-21,Lombardia,Indeed,AZ_IT_INDEED_PPA_STAGIONALI,178.11,8584,307,16
2025-07-21,Lombardia,Indeed,AZ_IT_INDEED_RETARGETING_CANDIDATI,102.36,11818,216,6
2025-07-21,Lombardia,Indeed,AZ_IT_INDEED_SPONSORED_JOBS,564.08,26179,1158,53
2025-07-21,Marche,Indeed,AZ_IT_INDEED_DISPLAY_RETE,24.36,4021,19,2
2025-07-21,Marche,Indeed,AZ_IT_INDEED_PPA_STAGIONALI,28.94,1478,53,4
2025-07-21,Marche,Indeed,AZ_IT_INDEED_RETARGETING_CANDIDATI,12.16,1349,25,1
2025-07-21,Marche,Indeed,AZ_IT_INDEED_SPONSORED_JOBS,65.68,3119,121,9
2025-07-21,Molise,Indeed,AZ_IT_INDEED_DISPLAY_RETE,4.96,835,4,0
2025-07-21,Molise,Indeed,AZ_IT_INDEED_PPA_STAGIONALI,4.99,246,10,1
2025-07-21,Molise,Indeed,AZ_IT_INDEED_RETARGETING_CANDIDATI,3.21,347,5,0
2025-07-21,Molise,Indeed,AZ_IT_INDEED_SPONSORED_JOBS,9.66,438,16,1
2025-07-21,Piemonte,Indeed,AZ_IT_INDEED_DISPLAY_RETE,70.11,11573,62,3
2025-07-21,Piemonte,Indeed,AZ_IT_INDEED_PPA_STAGIONALI,64.02,3251,117,7
2025-07-21,Piemonte,Indeed,AZ_IT_INDEED_RETARGETING_CANDIDATI,48.88,5406,84,3
2025-07-21,Piemonte,Indeed,AZ_IT_INDEED_SPONSORED_JOBS,199.00,9466,376,22
2025-07-21,Puglia,Indeed,AZ_IT_INDEED_DISPLAY_RETE,112.57,19440,90,3
2025-07-21,Puglia,Indeed,AZ_IT_INDEED_PPA_STAGIONALI,77.89,3740,136,6
2025-07-21,Puglia,Indeed,AZ_IT_INDEED_RETARGETING_CANDIDATI,60.47,6976,117,3
2025-07-21,Puglia,Indeed,AZ_IT_INDEED_SPONSORED_JOBS,200.25,9030,379,14
2025-07-21,Sardegna,Indeed,AZ_IT_INDEED_DISPLAY_RETE,23.74,4106,20,1
2025-07-21,Sardegna,Indeed,AZ_IT_INDEED_PPA_STAGIONALI,27.92,1406,53,1
2025-07-21,Sardegna,Indeed,AZ_IT_INDEED_RETARGETING_CANDIDATI,20.10,2268,41,1
2025-07-21,Sardegna,Indeed,AZ_IT_INDEED_SPONSORED_JOBS,170.53,7337,317,8
2025-07-21,Sicilia,Indeed,AZ_IT_INDEED_DISPLAY_RETE,121.75,19928,108,2
2025-07-21,Sicilia,Indeed,AZ_IT_INDEED_PPA_STAGIONALI,124.56,6229,233,5
2025-07-21,Sicilia,Indeed,AZ_IT_INDEED_RETARGETING_CANDIDATI,45.28,4918,80,1
2025-07-21,Sicilia,Indeed,AZ_IT_INDEED_SPONSORED_JOBS,271.51,12646,532,13
2025-07-21,Toscana,Indeed,AZ_IT_INDEED_DISPLAY_RETE,68.27,11622,65,2
2025-07-21,Toscana,Indeed,AZ_IT_INDEED_PPA_STAGIONALI,41.24,2112,74,3
2025-07-21,Toscana,Indeed,AZ_IT_INDEED_RETARGETING_CANDIDATI,45.38,5117,100,2
2025-07-21,Toscana,Indeed,AZ_IT_INDEED_SPONSORED_JOBS,224.47,10172,468,15
2025-07-21,Trentino-Alto Adige,Indeed,AZ_IT_INDEED_DISPLAY_RETE,27.20,4655,25,1
2025-07-21,Trentino-Alto Adige,Indeed,AZ_IT_INDEED_PPA_STAGIONALI,27.04,1281,51,2
2025-07-21,Trentino-Alto Adige,Indeed,AZ_IT_INDEED_RETARGETING_CANDIDATI,15.15,1666,28,1
2025-07-21,Trentino-Alto Adige,Indeed,AZ_IT_INDEED_SPONSORED_JOBS,92.17,4293,178,6
2025-07-21,Umbria,Indeed,AZ_IT_INDEED_DISPLAY_RETE,8.47,1457,7,0
2025-07-21,Umbria,Indeed,AZ_IT_INDEED_PPA_STAGIONALI,12.86,618,25,1
2025-07-21,Umbria,Indeed,AZ_IT_INDEED_RETARGETING_CANDIDATI,9.71,1039,20,0
2025-07-21,Umbria,Indeed,AZ_IT_INDEED_SPONSORED_JOBS,39.92,1754,69,2
2025-07-21,Valle d'Aosta,Indeed,AZ_IT_INDEED_DISPLAY_RETE,2.49,398,2,0
2025-07-21,Valle d'Aosta,Indeed,AZ_IT_INDEED_PPA_STAGIONALI,1.57,81,3,0
2025-07-21,Valle d'Aosta,Indeed,AZ_IT_INDEED_RETARGETING_CANDIDATI,0.81,92,1,0
2025-07-21,Valle d'Aosta,Indeed,AZ_IT_INDEED_SPONSORED_JOBS,7.92,355,14,1
2025-07-21,Veneto,Indeed,AZ_IT_INDEED_DISPLAY_RETE,92.97,15690,82,4
2025-07-21,Veneto,Indeed,AZ_IT_INDEED_PPA_STAGIONALI,75.61,3769,165,7
2025-07-21,Veneto,Indeed,AZ_IT_INDEED_RETARGETING_CANDIDATI,85.72,9667,191,4
2025-07-21,Veneto,Indeed,AZ_IT_INDEED_SPONSORED_JOBS,268.41,12692,473,23
2025-07-28,Abruzzo,Indeed,AZ_IT_INDEED_DISPLAY_RETE,16.22,2618,14,0
2025-07-28,Abruzzo,Indeed,AZ_IT_INDEED_PPA_STAGIONALI,22.36,1079,39,2
2025-07-28,Abruzzo,Indeed,AZ_IT_INDEED_RETARGETING_CANDIDATI,11.52,1246,24,1
2025-07-28,Abruzzo,Indeed,AZ_IT_INDEED_SPONSORED_JOBS,69.56,3190,138,5
2025-07-28,Basilicata,Indeed,AZ_IT_INDEED_DISPLAY_RETE,5.07,833,4,0
2025-07-28,Basilicata,Indeed,AZ_IT_INDEED_PPA_STAGIONALI,6.49,328,12,0
2025-07-28,Basilicata,Indeed,AZ_IT_INDEED_RETARGETING_CANDIDATI,5.27,602,10,0
2025-07-28,Basilicata,Indeed,AZ_IT_INDEED_SPONSORED_JOBS,23.78,1130,42,1
2025-07-28,Calabria,Indeed,AZ_IT_INDEED_DISPLAY_RETE,24.83,4150,18,1
2025-07-28,Calabria,Indeed,AZ_IT_INDEED_PPA_STAGIONALI,38.08,1875,65,3
2025-07-28,Calabria,Indeed,AZ_IT_INDEED_RETARGETING_CANDIDATI,30.18,3129,57,1
2025-07-28,Calabria,Indeed,AZ_IT_INDEED_SPONSORED_JOBS,130.60,5824,221,9
2025-07-28,Campania,Indeed,AZ_IT_INDEED_DISPLAY_RETE,83.30,13625,60,2
2025-07-28,Campania,Indeed,AZ_IT_INDEED_PPA_STAGIONALI,162.74,7964,292,11
2025-07-28,Campania,Indeed,AZ_IT_INDEED_RETARGETING_CANDIDATI,38.76,4303,80,1
2025-07-28,Campania,Indeed,AZ_IT_INDEED_SPONSORED_JOBS,139.69,6799,276,9
2025-07-28,Emilia-Romagna,Indeed,AZ_IT_INDEED_DISPLAY_RETE,60.82,10140,55,1
2025-07-28,Emilia-Romagna,Indeed,AZ_IT_INDEED_PPA_STAGIONALI,107.87,5661,243,7
2025-07-28,Emilia-Romagna,Indeed,AZ_IT_INDEED_RETARGETING_CANDIDATI,78.36,9277,184,3
2025-07-28,Emilia-Romagna,Indeed,AZ_IT_INDEED_SPONSORED_JOBS,208.59,10129,387,13
2025-07-28,Friuli-Venezia Giulia,Indeed,AZ_IT_INDEED_DISPLAY_RETE,15.58,2663,14,1
2025-07-28,Friuli-Venezia Giulia,Indeed,AZ_IT_INDEED_PPA_STAGIONALI,27.16,1339,52,3
2025-07-28,Friuli-Venezia Giulia,Indeed,AZ_IT_INDEED_RETARGETING_CANDIDATI,8.65,1019,16,1
2025-07-28,Friuli-Venezia Giulia,Indeed,AZ_IT_INDEED_SPONSORED_JOBS,33.21,1544,65,3
2025-07-28,Lazio,Indeed,AZ_IT_INDEED_DISPLAY_RETE,79.52,13375,68,2
2025-07-28,Lazio,Indeed,AZ_IT_INDEED_PPA_STAGIONALI,69.22,3254,124,6
2025-07-28,Lazio,Indeed,AZ_IT_INDEED_RETARGETING_CANDIDATI,66.34,7303,147,3
2025-07-28,Lazio,Indeed,AZ_IT_INDEED_SPONSORED_JOBS,276.33,12618,528,20
2025-07-28,Liguria,Indeed,AZ_IT_INDEED_DISPLAY_RETE,14.16,2328,11,0
2025-07-28,Liguria,Indeed,AZ_IT_INDEED_PPA_STAGIONALI,14.13,699,25,1
2025-07-28,Liguria,Indeed,AZ_IT_INDEED_RETARGETING_CANDIDATI,12.25,1469,26,1
2025-07-28,Liguria,Indeed,AZ_IT_INDEED_SPONSORED_JOBS,49.09,2261,97,4
2025-07-28,Lombardia,Indeed,AZ_IT_INDEED_DISPLAY_RETE,122.89,20593,96,5
2025-07-28,Lombardia,Indeed,AZ_IT_INDEED_PPA_STAGIONALI,184.75,9014,309,21
2025-07-28,Lombardia,Indeed,AZ_IT_INDEED_RETARGETING_CANDIDATI,104.76,11846,247,7
2025-07-28,Lombardia,Indeed,AZ_IT_INDEED_SPONSORED_JOBS,406.01,19033,812,38
2025-07-28,Marche,Indeed,AZ_IT_INDEED_DISPLAY_RETE,19.87,3332,16,1
2025-07-28,Marche,Indeed,AZ_IT_INDEED_PPA_STAGIONALI,23.87,1109,46,5
2025-07-28,Marche,Indeed,AZ_IT_INDEED_RETARGETING_CANDIDATI,10.79,1192,24,1
2025-07-28,Marche,Indeed,AZ_IT_INDEED_SPONSORED_JOBS,42.52,1947,81,7
2025-07-28,Molise,Indeed,AZ_IT_INDEED_DISPLAY_RETE,3.82,648,3,0
2025-07-28,Molise,Indeed,AZ_IT_INDEED_PPA_STAGIONALI,4.10,209,8,1
2025-07-28,Molise,Indeed,AZ_IT_INDEED_RETARGETING_CANDIDATI,3.25,364,5,0
2025-07-28,Molise,Indeed,AZ_IT_INDEED_SPONSORED_JOBS,6.61,298,12,1
2025-07-28,Piemonte,Indeed,AZ_IT_INDEED_DISPLAY_RETE,52.25,8460,41,3
2025-07-28,Piemonte,Indeed,AZ_IT_INDEED_PPA_STAGIONALI,67.73,3513,126,8
2025-07-28,Piemonte,Indeed,AZ_IT_INDEED_RETARGETING_CANDIDATI,36.36,3987,75,2
2025-07-28,Piemonte,Indeed,AZ_IT_INDEED_SPONSORED_JOBS,149.24,6575,283,17
2025-07-28,Puglia,Indeed,AZ_IT_INDEED_DISPLAY_RETE,80.30,13273,77,3
2025-07-28,Puglia,Indeed,AZ_IT_INDEED_PPA_STAGIONALI,78.18,3949,141,9
2025-07-28,Puglia,Indeed,AZ_IT_INDEED_RETARGETING_CANDIDATI,66.25,7539,134,3
2025-07-28,Puglia,Indeed,AZ_IT_INDEED_SPONSORED_JOBS,125.75,5344,219,12
2025-07-28,Sardegna,Indeed,AZ_IT_INDEED_DISPLAY_RETE,21.18,3532,18,1
2025-07-28,Sardegna,Indeed,AZ_IT_INDEED_PPA_STAGIONALI,26.64,1324,52,2
2025-07-28,Sardegna,Indeed,AZ_IT_INDEED_RETARGETING_CANDIDATI,21.06,2319,44,1
2025-07-28,Sardegna,Indeed,AZ_IT_INDEED_SPONSORED_JOBS,81.25,3660,165,6
2025-07-28,Sicilia,Indeed,AZ_IT_INDEED_DISPLAY_RETE,95.02,16589,79,2
2025-07-28,Sicilia,Indeed,AZ_IT_INDEED_PPA_STAGIONALI,105.36,5194,211,7
2025-07-28,Sicilia,Indeed,AZ_IT_INDEED_RETARGETING_CANDIDATI,41.88,4695,88,2
2025-07-28,Sicilia,Indeed,AZ_IT_INDEED_SPONSORED_JOBS,184.55,7870,343,10
2025-07-28,Toscana,Indeed,AZ_IT_INDEED_DISPLAY_RETE,51.83,8437,40,2
2025-07-28,Toscana,Indeed,AZ_IT_INDEED_PPA_STAGIONALI,39.93,1984,68,4
2025-07-28,Toscana,Indeed,AZ_IT_INDEED_RETARGETING_CANDIDATI,45.54,5023,92,2
2025-07-28,Toscana,Indeed,AZ_IT_INDEED_SPONSORED_JOBS,155.41,7032,283,15
2025-07-28,Trentino-Alto Adige,Indeed,AZ_IT_INDEED_DISPLAY_RETE,18.36,3086,15,1
2025-07-28,Trentino-Alto Adige,Indeed,AZ_IT_INDEED_PPA_STAGIONALI,25.73,1319,50,3
2025-07-28,Trentino-Alto Adige,Indeed,AZ_IT_INDEED_RETARGETING_CANDIDATI,15.50,1637,31,1
2025-07-28,Trentino-Alto Adige,Indeed,AZ_IT_INDEED_SPONSORED_JOBS,50.83,2419,107,5
2025-07-28,Umbria,Indeed,AZ_IT_INDEED_DISPLAY_RETE,7.03,1155,5,0
2025-07-28,Umbria,Indeed,AZ_IT_INDEED_PPA_STAGIONALI,12.16,569,22,1
2025-07-28,Umbria,Indeed,AZ_IT_INDEED_RETARGETING_CANDIDATI,11.82,1290,22,0
2025-07-28,Umbria,Indeed,AZ_IT_INDEED_SPONSORED_JOBS,26.82,1217,55,2
2025-07-28,Valle d'Aosta,Indeed,AZ_IT_INDEED_DISPLAY_RETE,1.89,306,2,0
2025-07-28,Valle d'Aosta,Indeed,AZ_IT_INDEED_PPA_STAGIONALI,1.85,92,4,0
2025-07-28,Valle d'Aosta,Indeed,AZ_IT_INDEED_RETARGETING_CANDIDATI,0.77,86,1,0
2025-07-28,Valle d'Aosta,Indeed,AZ_IT_INDEED_SPONSORED_JOBS,5.73,253,12,0
2025-07-28,Veneto,Indeed,AZ_IT_INDEED_DISPLAY_RETE,70.71,11930,67,3
2025-07-28,Veneto,Indeed,AZ_IT_INDEED_PPA_STAGIONALI,76.81,3959,149,10
2025-07-28,Veneto,Indeed,AZ_IT_INDEED_RETARGETING_CANDIDATI,88.13,9771,184,6
2025-07-28,Veneto,Indeed,AZ_IT_INDEED_SPONSORED_JOBS,185.67,8310,368,22
2025-08-04,Abruzzo,Indeed,AZ_IT_INDEED_DISPLAY_RETE,17.67,2894,15,1
2025-08-04,Abruzzo,Indeed,AZ_IT_INDEED_PPA_STAGIONALI,18.54,889,30,1
2025-08-04,Abruzzo,Indeed,AZ_IT_INDEED_RETARGETING_CANDIDATI,10.81,1233,23,0
2025-08-04,Abruzzo,Indeed,AZ_IT_INDEED_SPONSORED_JOBS,75.08,3329,126,5
2025-08-04,Basilicata,Indeed,AZ_IT_INDEED_DISPLAY_RETE,6.08,1043,5,0
2025-08-04,Basilicata,Indeed,AZ_IT_INDEED_PPA_STAGIONALI,5.87,302,12,0
2025-08-04,Basilicata,Indeed,AZ_IT_INDEED_RETARGETING_CANDIDATI,5.88,665,13,0
2025-08-04,Basilicata,Indeed,AZ_IT_INDEED_SPONSORED_JOBS,25.13,1201,46,1
2025-08-04,Calabria,Indeed,AZ_IT_INDEED_DISPLAY_RETE,26.78,4356,21,1
2025-08-04,Calabria,Indeed,AZ_IT_INDEED_PPA_STAGIONALI,28.45,1490,60,2
2025-08-04,Calabria,Indeed,AZ_IT_INDEED_RETARGETING_CANDIDATI,32.88,3616,68,1
2025-08-04,Calabria,Indeed,AZ_IT_INDEED_SPONSORED_JOBS,154.88,6901,262,9
2025-08-04,Campania,Indeed,AZ_IT_INDEED_DISPLAY_RETE,90.48,15037,74,3
2025-08-04,Campania,Indeed,AZ_IT_INDEED_PPA_STAGIONALI,127.52,6262,214,8
2025-08-04,Campania,Indeed,AZ_IT_INDEED_RETARGETING_CANDIDATI,35.61,3909,68,1
2025-08-04,Campania,Indeed,AZ_IT_INDEED_SPONSORED_JOBS,168.67,7256,318,11
2025-08-04,Emilia-Romagna,Indeed,AZ_IT_INDEED_DISPLAY_RETE,56.30,9457,48,1
2025-08-04,Emilia-Romagna,Indeed,AZ_IT_INDEED_PPA_STAGIONALI,102.04,4892,188,6
2025-08-04,Emilia-Romagna,Indeed,AZ_IT_INDEED_RETARGETING_CANDIDATI,68.92,7707,142,3
2025-08-04,Emilia-Romagna,Indeed,AZ_IT_INDEED_SPONSORED_JOBS,276.88,13548,654,14
2025-08-04,Friuli-Venezia Giulia,Indeed,AZ_IT_INDEED_DISPLAY_RETE,17.45,2907,14,1
2025-08-04,Friuli-Venezia Giulia,Indeed,AZ_IT_INDEED_PPA_STAGIONALI,23.05,1130,44,2
2025-08-04,Friuli-Venezia Giulia,Indeed,AZ_IT_INDEED_RETARGETING_CANDIDATI,9.98,1100,22,1
2025-08-04,Friuli-Venezia Giulia,Indeed,AZ_IT_INDEED_SPONSORED_JOBS,43.49,1965,83,4
2025-08-04,Lazio,Indeed,AZ_IT_INDEED_DISPLAY_RETE,90.06,14376,73,2
2025-08-04,Lazio,Indeed,AZ_IT_INDEED_PPA_STAGIONALI,71.11,3591,126,5
2025-08-04,Lazio,Indeed,AZ_IT_INDEED_RETARGETING_CANDIDATI,69.88,7664,140,3
2025-08-04,Lazio,Indeed,AZ_IT_INDEED_SPONSORED_JOBS,342.90,15175,624,19
2025-08-04,Liguria,Indeed,AZ_IT_INDEED_DISPLAY_RETE,15.40,2465,12,1
2025-08-04,Liguria,Indeed,AZ_IT_INDEED_PPA_STAGIONALI,11.20,602,22,1
2025-08-04,Liguria,Indeed,AZ_IT_INDEED_RETARGETING_CANDIDATI,11.42,1239,19,1
2025-08-04,Liguria,Indeed,AZ_IT_INDEED_SPONSORED_JOBS,59.38,2700,115,5
2025-08-04,Lombardia,Indeed,AZ_IT_INDEED_DISPLAY_RETE,147.79,24993,134,5
2025-08-04,Lombardia,Indeed,AZ_IT_INDEED_PPA_STAGIONALI,197.03,9617,343,21
2025-08-04,Lombardia,Indeed,AZ_IT_INDEED_RETARGETING_CANDIDATI,107.29,11800,234,6
2025-08-04,Lombardia,Indeed,AZ_IT_INDEED_SPONSORED_JOBS,457.28,20638,880,43
2025-08-04,Marche,Indeed,AZ_IT_INDEED_DISPLAY_RETE,24.08,4164,18,2
2025-08-04,Marche,Indeed,AZ_IT_INDEED_PPA_STAGIONALI,20.17,986,38,4
2025-08-04,Marche,Indeed,AZ_IT_INDEED_RETARGETING_CANDIDATI,10.79,1219,20,1
2025-08-04,Marche,Indeed,AZ_IT_INDEED_SPONSORED_JOBS,44.05,2031,91,8
2025-08-04,Molise,Indeed,AZ_IT_INDEED_DISPLAY_RETE,4.11,659,3,0
2025-08-04,Molise,Indeed,AZ_IT_INDEED_PPA_STAGIONALI,2.84,141,5,0
2025-08-04,Molise,Indeed,AZ_IT_INDEED_RETARGETING_CANDIDATI,3.04,328,6,0
2025-08-04,Molise,Indeed,AZ_IT_INDEED_SPONSORED_JOBS,7.34,332,13,1
2025-08-04,Piemonte,Indeed,AZ_IT_INDEED_DISPLAY_RETE,55.66,8621,46,3
2025-08-04,Piemonte,Indeed,AZ_IT_INDEED_PPA_STAGIONALI,55.08,2764,93,7
2025-08-04,Piemonte,Indeed,AZ_IT_INDEED_RETARGETING_CANDIDATI,42.28,4771,80,3
2025-08-04,Piemonte,Indeed,AZ_IT_INDEED_SPONSORED_JOBS,183.74,7815,331,17
2025-08-04,Puglia,Indeed,AZ_IT_INDEED_DISPLAY_RETE,107.46,18131,88,4
2025-08-04,Puglia,Indeed,AZ_IT_INDEED_PPA_STAGIONALI,94.49,4721,185,8
2025-08-04,Puglia,Indeed,AZ_IT_INDEED_RETARGETING_CANDIDATI,79.81,9595,175,4
2025-08-04,Puglia,Indeed,AZ_IT_INDEED_SPONSORED_JOBS,142.55,6444,279,12
2025-08-04,Sardegna,Indeed,AZ_IT_INDEED_DISPLAY_RETE,23.17,3928,20,1
2025-08-04,Sardegna,Indeed,AZ_IT_INDEED_PPA_STAGIONALI,25.23,1198,49,2
2025-08-04,Sardegna,Indeed,AZ_IT_INDEED_RETARGETING_CANDIDATI,21.11,2311,40,1
2025-08-04,Sardegna,Indeed,AZ_IT_INDEED_SPONSORED_JOBS,73.39,3425,143,5
2025-08-04,Sicilia,Indeed,AZ_IT_INDEED_DISPLAY_RETE,122.70,20957,101,3
2025-08-04,Sicilia,Indeed,AZ_IT_INDEED_PPA_STAGIONALI,88.84,4277,159,5
2025-08-04,Sicilia,Indeed,AZ_IT_INDEED_RETARGETING_CANDIDATI,41.63,4595,87,1
2025-08-04,Sicilia,Indeed,AZ_IT_INDEED_SPONSORED_JOBS,209.02,9348,341,13
2025-08-04,Toscana,Indeed,AZ_IT_INDEED_DISPLAY_RETE,55.37,9338,42,2
2025-08-04,Toscana,Indeed,AZ_IT_INDEED_PPA_STAGIONALI,40.59,2078,68,4
2025-08-04,Toscana,Indeed,AZ_IT_INDEED_RETARGETING_CANDIDATI,41.25,4525,87,2
2025-08-04,Toscana,Indeed,AZ_IT_INDEED_SPONSORED_JOBS,193.25,8976,319,16
2025-08-04,Trentino-Alto Adige,Indeed,AZ_IT_INDEED_DISPLAY_RETE,22.99,3911,20,1
2025-08-04,Trentino-Alto Adige,Indeed,AZ_IT_INDEED_PPA_STAGIONALI,25.92,1346,47,3
2025-08-04,Trentino-Alto Adige,Indeed,AZ_IT_INDEED_RETARGETING_CANDIDATI,13.94,1565,25,1
2025-08-04,Trentino-Alto Adige,Indeed,AZ_IT_INDEED_SPONSORED_JOBS,58.73,2745,102,5
2025-08-04,Umbria,Indeed,AZ_IT_INDEED_DISPLAY_RETE,9.28,1637,8,0
2025-08-04,Umbria,Indeed,AZ_IT_INDEED_PPA_STAGIONALI,9.00,432,16,1
2025-08-04,Umbria,Indeed,AZ_IT_INDEED_RETARGETING_CANDIDATI,9.26,1020,16,0
2025-08-04,Umbria,Indeed,AZ_IT_INDEED_SPONSORED_JOBS,28.75,1353,60,2
2025-08-04,Valle d'Aosta,Indeed,AZ_IT_INDEED_DISPLAY_RETE,2.22,363,2,0
2025-08-04,Valle d'Aosta,Indeed,AZ_IT_INDEED_PPA_STAGIONALI,1.90,98,4,0
2025-08-04,Valle d'Aosta,Indeed,AZ_IT_INDEED_RETARGETING_CANDIDATI,0.75,83,1,0
2025-08-04,Valle d'Aosta,Indeed,AZ_IT_INDEED_SPONSORED_JOBS,6.11,269,12,0
2025-08-04,Veneto,Indeed,AZ_IT_INDEED_DISPLAY_RETE,83.36,14378,72,4
2025-08-04,Veneto,Indeed,AZ_IT_INDEED_PPA_STAGIONALI,66.48,3092,111,7
2025-08-04,Veneto,Indeed,AZ_IT_INDEED_RETARGETING_CANDIDATI,83.43,8847,170,5
2025-08-04,Veneto,Indeed,AZ_IT_INDEED_SPONSORED_JOBS,217.98,9631,364,19
2025-08-11,Abruzzo,Indeed,AZ_IT_INDEED_DISPLAY_RETE,18.00,3165,17,1
2025-08-11,Abruzzo,Indeed,AZ_IT_INDEED_PPA_STAGIONALI,21.09,1063,41,2
2025-08-11,Abruzzo,Indeed,AZ_IT_INDEED_RETARGETING_CANDIDATI,10.46,1154,21,1
2025-08-11,Abruzzo,Indeed,AZ_IT_INDEED_SPONSORED_JOBS,58.90,2679,116,4
2025-08-11,Basilicata,Indeed,AZ_IT_INDEED_DISPLAY_RETE,5.05,845,4,0
2025-08-11,Basilicata,Indeed,AZ_IT_INDEED_PPA_STAGIONALI,6.30,312,11,0
2025-08-11,Basilicata,Indeed,AZ_IT_INDEED_RETARGETING_CANDIDATI,5.37,576,11,0
2025-08-11,Basilicata,Indeed,AZ_IT_INDEED_SPONSORED_JOBS,19.37,833,29,1
2025-08-11,Calabria,Indeed,AZ_IT_INDEED_DISPLAY_RETE,18.29,3029,17,1
2025-08-11,Calabria,Indeed,AZ_IT_INDEED_PPA_STAGIONALI,25.48,1287,53,2
2025-08-11,Calabria,Indeed,AZ_IT_INDEED_RETARGETING_CANDIDATI,22.70,2467,41,1
2025-08-11,Calabria,Indeed,AZ_IT_INDEED_SPONSORED_JOBS,105.81,4654,183,9
2025-08-11,Campania,Indeed,AZ_IT_INDEED_DISPLAY_RETE,80.68,13211,63,2
2025-08-11,Campania,Indeed,AZ_IT_INDEED_PPA_STAGIONALI,114.69,5499,187,8
2025-08-11,Campania,Indeed,AZ_IT_INDEED_RETARGETING_CANDIDATI,31.88,3669,60,1
2025-08-11,Campania,Indeed,AZ_IT_INDEED_SPONSORED_JOBS,156.13,7160,301,11
2025-08-11,Emilia-Romagna,Indeed,AZ_IT_INDEED_DISPLAY_RETE,46.75,7482,34,1
2025-08-11,Emilia-Romagna,Indeed,AZ_IT_INDEED_PPA_STAGIONALI,71.76,3674,137,5
2025-08-11,Emilia-Romagna,Indeed,AZ_IT_INDEED_RETARGETING_CANDIDATI,48.20,5217,99,2
2025-08-11,Emilia-Romagna,Indeed,AZ_IT_INDEED_SPONSORED_JOBS,204.93,8732,379,13
2025-08-11,Friuli-Venezia Giulia,Indeed,AZ_IT_INDEED_DISPLAY_RETE,20.29,3072,14,1
2025-08-11,Friuli-Venezia Giulia,Indeed,AZ_IT_INDEED_PPA_STAGIONALI,23.67,1172,43,2
2025-08-11,Friuli-Venezia Giulia,Indeed,AZ_IT_INDEED_RETARGETING_CANDIDATI,9.82,1079,18,1
2025-08-11,Friuli-Venezia Giulia,Indeed,AZ_IT_INDEED_SPONSORED_JOBS,40.04,1722,67,3
2025-08-11,Lazio,Indeed,AZ_IT_INDEED_DISPLAY_RETE,83.11,14326,68,3
2025-08-11,Lazio,Indeed,AZ_IT_INDEED_PPA_STAGIONALI,78.68,3841,148,6
2025-08-11,Lazio,Indeed,AZ_IT_INDEED_RETARGETING_CANDIDATI,74.93,8473,156,4
2025-08-11,Lazio,Indeed,AZ_IT_INDEED_SPONSORED_JOBS,250.43,11557,470,21
2025-08-11,Liguria,Indeed,AZ_IT_INDEED_DISPLAY_RETE,13.36,2196,11,1
2025-08-11,Liguria,Indeed,AZ_IT_INDEED_PPA_STAGIONALI,12.39,611,21,1
2025-08-11,Liguria,Indeed,AZ_IT_INDEED_RETARGETING_CANDIDATI,12.69,1399,22,1
2025-08-11,Liguria,Indeed,AZ_IT_INDEED_SPONSORED_JOBS,51.42,2223,91,4
2025-08-11,Lombardia,Indeed,AZ_IT_INDEED_DISPLAY_RETE,134.19,22257,103,6
2025-08-11,Lombardia,Indeed,AZ_IT_INDEED_PPA_STAGIONALI,175.42,8961,343,18
2025-08-11,Lombardia,Indeed,AZ_IT_INDEED_RETARGETING_CANDIDATI,107.52,12155,215,7
2025-08-11,Lombardia,Indeed,AZ_IT_INDEED_SPONSORED_JOBS,434.23,21331,793,39
2025-08-11,Marche,Indeed,AZ_IT_INDEED_DISPLAY_RETE,18.29,2958,16,1
2025-08-11,Marche,Indeed,AZ_IT_INDEED_PPA_STAGIONALI,22.76,1135,41,4
2025-08-11,Marche,Indeed,AZ_IT_INDEED_RETARGETING_CANDIDATI,9.34,1091,19,1
2025-08-11,Marche,Indeed,AZ_IT_INDEED_SPONSORED_JOBS,39.73,1751,77,7
2025-08-11,Molise,Indeed,AZ_IT_INDEED_DISPLAY_RETE,3.64,604,2,0
2025-08-11,Molise,Indeed,AZ_IT_INDEED_PPA_STAGIONALI,2.67,135,5,0
2025-08-11,Molise,Indeed,AZ_IT_INDEED_RETARGETING_CANDIDATI,2.35,264,5,0
2025-08-11,Molise,Indeed,AZ_IT_INDEED_SPONSORED_JOBS,6.38,281,12,1
2025-08-11,Piemonte,Indeed,AZ_IT_INDEED_DISPLAY_RETE,52.42,9024,47,3
2025-08-11,Piemonte,Indeed,AZ_IT_INDEED_PPA_STAGIONALI,63.23,3226,118,10
2025-08-11,Piemonte,Indeed,AZ_IT_INDEED_RETARGETING_CANDIDATI,43.93,4698,75,3
2025-08-11,Piemonte,Indeed,AZ_IT_INDEED_SPONSORED_JOBS,130.53,5681,220,17
2025-08-11,Puglia,Indeed,AZ_IT_INDEED_DISPLAY_RETE,69.22,11314,55,3
2025-08-11,Puglia,Indeed,AZ_IT_INDEED_PPA_STAGIONALI,64.55,3156,129,9
2025-08-11,Puglia,Indeed,AZ_IT_INDEED_RETARGETING_CANDIDATI,61.57,7044,135,4
2025-08-11,Puglia,Indeed,AZ_IT_INDEED_SPONSORED_JOBS,93.50,4245,173,9
2025-08-11,Sardegna,Indeed,AZ_IT_INDEED_DISPLAY_RETE,16.07,2830,16,1
2025-08-11,Sardegna,Indeed,AZ_IT_INDEED_PPA_STAGIONALI,20.16,989,37,2
2025-08-11,Sardegna,Indeed,AZ_IT_INDEED_RETARGETING_CANDIDATI,13.41,1474,27,1
2025-08-11,Sardegna,Indeed,AZ_IT_INDEED_SPONSORED_JOBS,52.90,2389,105,4
2025-08-11,Sicilia,Indeed,AZ_IT_INDEED_DISPLAY_RETE,79.72,13201,65,2
2025-08-11,Sicilia,Indeed,AZ_IT_INDEED_PPA_STAGIONALI,75.79,4082,151,6
2025-08-11,Sicilia,Indeed,AZ_IT_INDEED_RETARGETING_CANDIDATI,30.56,3206,61,1
2025-08-11,Sicilia,Indeed,AZ_IT_INDEED_SPONSORED_JOBS,142.43,6545,253,9
2025-08-11,Toscana,Indeed,AZ_IT_INDEED_DISPLAY_RETE,43.88,7338,36,2
2025-08-11,Toscana,Indeed,AZ_IT_INDEED_PPA_STAGIONALI,41.56,1993,74,5
2025-08-11,Toscana,Indeed,AZ_IT_INDEED_RETARGETING_CANDIDATI,41.89,4494,76,3
2025-08-11,Toscana,Indeed,AZ_IT_INDEED_SPONSORED_JOBS,133.59,6023,227,12
2025-08-11,Trentino-Alto Adige,Indeed,AZ_IT_INDEED_DISPLAY_RETE,13.49,2316,12,1
2025-08-11,Trentino-Alto Adige,Indeed,AZ_IT_INDEED_PPA_STAGIONALI,20.07,939,35,3
2025-08-11,Trentino-Alto Adige,Indeed,AZ_IT_INDEED_RETARGETING_CANDIDATI,12.97,1432,27,1
2025-08-11,Trentino-Alto Adige,Indeed,AZ_IT_INDEED_SPONSORED_JOBS,36.65,1711,65,4
2025-08-11,Umbria,Indeed,AZ_IT_INDEED_DISPLAY_RETE,7.25,1241,6,0
2025-08-11,Umbria,Indeed,AZ_IT_INDEED_PPA_STAGIONALI,8.92,435,17,1
2025-08-11,Umbria,Indeed,AZ_IT_INDEED_RETARGETING_CANDIDATI,9.92,1124,19,0
2025-08-11,Umbria,Indeed,AZ_IT_INDEED_SPONSORED_JOBS,28.15,1270,61,2
2025-08-11,Valle d'Aosta,Indeed,AZ_IT_INDEED_DISPLAY_RETE,1.91,326,2,0
2025-08-11,Valle d'Aosta,Indeed,AZ_IT_INDEED_PPA_STAGIONALI,1.71,84,3,0
2025-08-11,Valle d'Aosta,Indeed,AZ_IT_INDEED_RETARGETING_CANDIDATI,0.76,83,2,0
2025-08-11,Valle d'Aosta,Indeed,AZ_IT_INDEED_SPONSORED_JOBS,5.13,231,10,0
2025-08-11,Veneto,Indeed,AZ_IT_INDEED_DISPLAY_RETE,57.37,10297,55,3
2025-08-11,Veneto,Indeed,AZ_IT_INDEED_PPA_STAGIONALI,74.33,3796,141,10
2025-08-11,Veneto,Indeed,AZ_IT_INDEED_RETARGETING_CANDIDATI,93.48,10469,167,5
2025-08-11,Veneto,Indeed,AZ_IT_INDEED_SPONSORED_JOBS,153.62,7026,268,17
2025-08-18,Abruzzo,Indeed,AZ_IT_INDEED_DISPLAY_RETE,19.42,3320,17,1
2025-08-18,Abruzzo,Indeed,AZ_IT_INDEED_PPA_STAGIONALI,22.27,1091,44,2
2025-08-18,Abruzzo,Indeed,AZ_IT_INDEED_RETARGETING_CANDIDATI,11.05,1212,19,0
2025-08-18,Abruzzo,Indeed,AZ_IT_INDEED_SPONSORED_JOBS,76.29,3261,135,5
2025-08-18,Basilicata,Indeed,AZ_IT_INDEED_DISPLAY_RETE,5.07,849,5,0
2025-08-18,Basilicata,Indeed,AZ_IT_INDEED_PPA_STAGIONALI,6.24,319,14,0
2025-08-18,Basilicata,Indeed,AZ_IT_INDEED_RETARGETING_CANDIDATI,4.73,555,10,0
2025-08-18,Basilicata,Indeed,AZ_IT_INDEED_SPONSORED_JOBS,22.75,998,42,1
2025-08-18,Calabria,Indeed,AZ_IT_INDEED_DISPLAY_RETE,18.52,3168,15,1
2025-08-18,Calabria,Indeed,AZ_IT_INDEED_PPA_STAGIONALI,28.23,1390,50,2
2025-08-18,Calabria,Indeed,AZ_IT_INDEED_RETARGETING_CANDIDATI,23.35,2539,46,1
2025-08-18,Calabria,Indeed,AZ_IT_INDEED_SPONSORED_JOBS,124.75,5956,245,9
2025-08-18,Campania,Indeed,AZ_IT_INDEED_DISPLAY_RETE,65.78,10693,51,2
2025-08-18,Campania,Indeed,AZ_IT_INDEED_PPA_STAGIONALI,117.95,5985,231,8
2025-08-18,Campania,Indeed,AZ_IT_INDEED_RETARGETING_CANDIDATI,27.95,3234,59,1
2025-08-18,Campania,Indeed,AZ_IT_INDEED_SPONSORED_JOBS,164.43,7069,278,10
2025-08-18,Emilia-Romagna,Indeed,AZ_IT_INDEED_DISPLAY_RETE,43.08,7222,38,1
2025-08-18,Emilia-Romagna,Indeed,AZ_IT_INDEED_PPA_STAGIONALI,84.94,4385,157,6
2025-08-18,Emilia-Romagna,Indeed,AZ_IT_INDEED_RETARGETING_CANDIDATI,43.90,4875,91,1
2025-08-18,Emilia-Romagna,Indeed,AZ_IT_INDEED_SPONSORED_JOBS,230.64,10754,398,13
2025-08-18,Friuli-Venezia Giulia,Indeed,AZ_IT_INDEED_DISPLAY_RETE,15.11,2686,13,1
2025-08-18,Friuli-Venezia Giulia,Indeed,AZ_IT_INDEED_PPA_STAGIONALI,22.41,1098,43,2
2025-08-18,Friuli-Venezia Giulia,Indeed,AZ_IT_INDEED_RETARGETING_CANDIDATI,8.67,975,16,0
2025-08-18,Friuli-Venezia Giulia,Indeed,AZ_IT_INDEED_SPONSORED_JOBS,54.72,2307,90,4
2025-08-18,Lazio,Indeed,AZ_IT_INDEED_DISPLAY_RETE,88.11,14512,69,2
2025-08-18,Lazio,Indeed,AZ_IT_INDEED_PPA_STAGIONALI,82.39,4222,175,5
2025-08-18,Lazio,Indeed,AZ_IT_INDEED_RETARGETING_CANDIDATI,87.51,8982,181,3
2025-08-18,Lazio,Indeed,AZ_IT_INDEED_SPONSORED_JOBS,308.99,13356,528,22
2025-08-18,Liguria,Indeed,AZ_IT_INDEED_DISPLAY_RETE,13.76,2345,12,0
2025-08-18,Liguria,Indeed,AZ_IT_INDEED_PPA_STAGIONALI,14.50,700,24,1
2025-08-18,Liguria,Indeed,AZ_IT_INDEED_RETARGETING_CANDIDATI,10.85,1264,23,0
2025-08-18,Liguria,Indeed,AZ_IT_INDEED_SPONSORED_JOBS,67.75,3005,130,5
2025-08-18,Lombardia,Indeed,AZ_IT_INDEED_DISPLAY_RETE,155.25,25436,131,6
2025-08-18,Lombardia,Indeed,AZ_IT_INDEED_PPA_STAGIONALI,157.14,7868,306,17
2025-08-18,Lombardia,Indeed,AZ_IT_INDEED_RETARGETING_CANDIDATI,83.46,9005,171,5
2025-08-18,Lombardia,Indeed,AZ_IT_INDEED_SPONSORED_JOBS,460.18,21167,878,39
2025-08-18,Marche,Indeed,AZ_IT_INDEED_DISPLAY_RETE,20.00,3248,17,1
2025-08-18,Marche,Indeed,AZ_IT_INDEED_PPA_STAGIONALI,21.18,1065,36,3
2025-08-18,Marche,Indeed,AZ_IT_INDEED_RETARGETING_CANDIDATI,10.48,1189,22,1
2025-08-18,Marche,Indeed,AZ_IT_INDEED_SPONSORED_JOBS,46.43,2099,89,8
2025-08-18,Molise,Indeed,AZ_IT_INDEED_DISPLAY_RETE,3.62,595,3,0
2025-08-18,Molise,Indeed,AZ_IT_INDEED_PPA_STAGIONALI,3.03,152,6,0
2025-08-18,Molise,Indeed,AZ_IT_INDEED_RETARGETING_CANDIDATI,2.42,264,5,0
2025-08-18,Molise,Indeed,AZ_IT_INDEED_SPONSORED_JOBS,6.50,299,11,1
2025-08-18,Piemonte,Indeed,AZ_IT_INDEED_DISPLAY_RETE,57.23,10026,52,3
2025-08-18,Piemonte,Indeed,AZ_IT_INDEED_PPA_STAGIONALI,65.09,3276,124,9
2025-08-18,Piemonte,Indeed,AZ_IT_INDEED_RETARGETING_CANDIDATI,43.06,4589,104,3
2025-08-18,Piemonte,Indeed,AZ_IT_INDEED_SPONSORED_JOBS,155.15,6932,279,15
2025-08-18,Puglia,Indeed,AZ_IT_INDEED_DISPLAY_RETE,73.91,12472,69,3
2025-08-18,Puglia,Indeed,AZ_IT_INDEED_PPA_STAGIONALI,63.48,3191,126,7
2025-08-18,Puglia,Indeed,AZ_IT_INDEED_RETARGETING_CANDIDATI,50.49,5762,96,3
2025-08-18,Puglia,Indeed,AZ_IT_INDEED_SPONSORED_JOBS,127.98,5783,255,13
2025-08-18,Sardegna,Indeed,AZ_IT_INDEED_DISPLAY_RETE,13.15,2174,12,0
2025-08-18,Sardegna,Indeed,AZ_IT_INDEED_PPA_STAGIONALI,20.26,921,32,2
2025-08-18,Sardegna,Indeed,AZ_IT_INDEED_RETARGETING_CANDIDATI,12.59,1376,25,1
2025-08-18,Sardegna,Indeed,AZ_IT_INDEED_SPONSORED_JOBS,58.53,2661,99,4
2025-08-18,Sicilia,Indeed,AZ_IT_INDEED_DISPLAY_RETE,71.03,11748,58,2
2025-08-18,Sicilia,Indeed,AZ_IT_INDEED_PPA_STAGIONALI,84.67,4253,148,5
2025-08-18,Sicilia,Indeed,AZ_IT_INDEED_RETARGETING_CANDIDATI,30.09,3332,59,1
2025-08-18,Sicilia,Indeed,AZ_IT_INDEED_SPONSORED_JOBS,151.07,7055,323,9
2025-08-18,Toscana,Indeed,AZ_IT_INDEED_DISPLAY_RETE,45.08,7460,38,1
2025-08-18,Toscana,Indeed,AZ_IT_INDEED_PPA_STAGIONALI,51.79,2459,89,5
2025-08-18,Toscana,Indeed,AZ_IT_INDEED_RETARGETING_CANDIDATI,45.74,5036,99,2
2025-08-18,Toscana,Indeed,AZ_IT_INDEED_SPONSORED_JOBS,151.35,7230,299,12
2025-08-18,Trentino-Alto Adige,Indeed,AZ_IT_INDEED_DISPLAY_RETE,13.87,2322,13,1
2025-08-18,Trentino-Alto Adige,Indeed,AZ_IT_INDEED_PPA_STAGIONALI,21.83,1071,41,3
2025-08-18,Trentino-Alto Adige,Indeed,AZ_IT_INDEED_RETARGETING_CANDIDATI,11.10,1166,22,1
2025-08-18,Trentino-Alto Adige,Indeed,AZ_IT_INDEED_SPONSORED_JOBS,43.42,1908,82,5
2025-08-18,Umbria,Indeed,AZ_IT_INDEED_DISPLAY_RETE,7.38,1197,6,0
2025-08-18,Umbria,Indeed,AZ_IT_INDEED_PPA_STAGIONALI,8.79,450,15,1
2025-08-18,Umbria,Indeed,AZ_IT_INDEED_RETARGETING_CANDIDATI,8.57,917,18,0
2025-08-18,Umbria,Indeed,AZ_IT_INDEED_SPONSORED_JOBS,35.69,1613,57,2
2025-08-18,Valle d'Aosta,Indeed,AZ_IT_INDEED_DISPLAY_RETE,1.73,293,1,0
2025-08-18,Valle d'Aosta,Indeed,AZ_IT_INDEED_PPA_STAGIONALI,1.90,96,4,0
2025-08-18,Valle d'Aosta,Indeed,AZ_IT_INDEED_RETARGETING_CANDIDATI,0.74,77,1,0
2025-08-18,Valle d'Aosta,Indeed,AZ_IT_INDEED_SPONSORED_JOBS,6.30,283,12,0
2025-08-18,Veneto,Indeed,AZ_IT_INDEED_DISPLAY_RETE,50.52,8692,50,3
2025-08-18,Veneto,Indeed,AZ_IT_INDEED_PPA_STAGIONALI,73.34,3825,138,8
2025-08-18,Veneto,Indeed,AZ_IT_INDEED_RETARGETING_CANDIDATI,83.13,8980,170,6
2025-08-18,Veneto,Indeed,AZ_IT_INDEED_SPONSORED_JOBS,148.07,6787,261,16
2025-08-25,Abruzzo,Indeed,AZ_IT_INDEED_DISPLAY_RETE,16.58,2756,15,0
2025-08-25,Abruzzo,Indeed,AZ_IT_INDEED_PPA_STAGIONALI,24.85,1256,45,1
2025-08-25,Abruzzo,Indeed,AZ_IT_INDEED_RETARGETING_CANDIDATI,14.39,1674,28,0
2025-08-25,Abruzzo,Indeed,AZ_IT_INDEED_SPONSORED_JOBS,91.96,4353,179,6
2025-08-25,Basilicata,Indeed,AZ_IT_INDEED_DISPLAY_RETE,5.04,806,4,0
2025-08-25,Basilicata,Indeed,AZ_IT_INDEED_PPA_STAGIONALI,6.52,318,11,0
2025-08-25,Basilicata,Indeed,AZ_IT_INDEED_RETARGETING_CANDIDATI,5.80,668,12,0
2025-08-25,Basilicata,Indeed,AZ_IT_INDEED_SPONSORED_JOBS,32.85,1496,56,1
2025-08-25,Calabria,Indeed,AZ_IT_INDEED_DISPLAY_RETE,18.02,3027,15,1
2025-08-25,Calabria,Indeed,AZ_IT_INDEED_PPA_STAGIONALI,24.31,1167,46,2
2025-08-25,Calabria,Indeed,AZ_IT_INDEED_RETARGETING_CANDIDATI,26.77,3145,61,1
2025-08-25,Calabria,Indeed,AZ_IT_INDEED_SPONSORED_JOBS,162.61,7260,319,10
2025-08-25,Campania,Indeed,AZ_IT_INDEED_DISPLAY_RETE,61.67,9897,47,2
2025-08-25,Campania,Indeed,AZ_IT_INDEED_PPA_STAGIONALI,110.60,5722,209,6
2025-08-25,Campania,Indeed,AZ_IT_INDEED_RETARGETING_CANDIDATI,36.21,4142,79,1
2025-08-25,Campania,Indeed,AZ_IT_INDEED_SPONSORED_JOBS,238.14,11152,423,13
2025-08-25,Emilia-Romagna,Indeed,AZ_IT_INDEED_DISPLAY_RETE,39.83,6350,35,1
2025-08-25,Emilia-Romagna,Indeed,AZ_IT_INDEED_PPA_STAGIONALI,87.67,4237,167,5
2025-08-25,Emilia-Romagna,Indeed,AZ_IT_INDEED_RETARGETING_CANDIDATI,48.83,5477,106,1
2025-08-25,Emilia-Romagna,Indeed,AZ_IT_INDEED_SPONSORED_JOBS,324.64,14640,620,14
2025-08-25,Friuli-Venezia Giulia,Indeed,AZ_IT_INDEED_DISPLAY_RETE,15.80,2690,13,0
2025-08-25,Friuli-Venezia Giulia,Indeed,AZ_IT_INDEED_PPA_STAGIONALI,25.25,1217,47,2
2025-08-25,Friuli-Venezia Giulia,Indeed,AZ_IT_INDEED_RETARGETING_CANDIDATI,11.65,1353,23,1
2025-08-25,Friuli-Venezia Giulia,Indeed,AZ_IT_INDEED_SPONSORED_JOBS,60.70,2745,115,5
2025-08-25,Lazio,Indeed,AZ_IT_INDEED_DISPLAY_RETE,87.01,13474,60,2
2025-08-25,Lazio,Indeed,AZ_IT_INDEED_PPA_STAGIONALI,75.83,3794,163,4
2025-08-25,Lazio,Indeed,AZ_IT_INDEED_RETARGETING_CANDIDATI,94.90,10392,197,4
2025-08-25,Lazio,Indeed,AZ_IT_INDEED_SPONSORED_JOBS,388.08,17950,750,22
2025-08-25,Liguria,Indeed,AZ_IT_INDEED_DISPLAY_RETE,13.05,2185,11,0
2025-08-25,Liguria,Indeed,AZ_IT_INDEED_PPA_STAGIONALI,16.78,868,30,1
2025-08-25,Liguria,Indeed,AZ_IT_INDEED_RETARGETING_CANDIDATI,11.98,1392,23,0
2025-08-25,Liguria,Indeed,AZ_IT_INDEED_SPONSORED_JOBS,82.21,3587,145,4
2025-08-25,Lombardia,Indeed,AZ_IT_INDEED_DISPLAY_RETE,173.80,29719,166,6
2025-08-25,Lombardia,Indeed,AZ_IT_INDEED_PPA_STAGIONALI,178.27,8921,337,15
2025-08-25,Lombardia,Indeed,AZ_IT_INDEED_RETARGETING_CANDIDATI,100.39,11180,202,5
2025-08-25,Lombardia,Indeed,AZ_IT_INDEED_SPONSORED_JOBS,653.07,28438,1211,53
2025-08-25,Marche,Indeed,AZ_IT_INDEED_DISPLAY_RETE,18.13,3217,15,1
2025-08-25,Marche,Indeed,AZ_IT_INDEED_PPA_STAGIONALI,21.23,1050,39,3
2025-08-25,Marche,Indeed,AZ_IT_INDEED_RETARGETING_CANDIDATI,11.00,1223,23,1
2025-08-25,Marche,Indeed,AZ_IT_INDEED_SPONSORED_JOBS,66.16,2915,119,9
2025-08-25,Molise,Indeed,AZ_IT_INDEED_DISPLAY_RETE,3.26,517,3,0
2025-08-25,Molise,Indeed,AZ_IT_INDEED_PPA_STAGIONALI,3.45,169,5,0
2025-08-25,Molise,Indeed,AZ_IT_INDEED_RETARGETING_CANDIDATI,3.36,374,7,0
2025-08-25,Molise,Indeed,AZ_IT_INDEED_SPONSORED_JOBS,9.79,441,18,1
2025-08-25,Piemonte,Indeed,AZ_IT_INDEED_DISPLAY_RETE,51.25,8447,40,3
2025-08-25,Piemonte,Indeed,AZ_IT_INDEED_PPA_STAGIONALI,75.41,3809,149,8
2025-08-25,Piemonte,Indeed,AZ_IT_INDEED_RETARGETING_CANDIDATI,56.93,6587,129,3
2025-08-25,Piemonte,Indeed,AZ_IT_INDEED_SPONSORED_JOBS,191.00,8949,386,17
2025-08-25,Puglia,Indeed,AZ_IT_INDEED_DISPLAY_RETE,68.29,11105,57,2
2025-08-25,Puglia,Indeed,AZ_IT_INDEED_PPA_STAGIONALI,72.20,3412,127,6
2025-08-25,Puglia,Indeed,AZ_IT_INDEED_RETARGETING_CANDIDATI,56.88,6710,108,3
2025-08-25,Puglia,Indeed,AZ_IT_INDEED_SPONSORED_JOBS,190.17,8468,397,16
2025-08-25,Sardegna,Indeed,AZ_IT_INDEED_DISPLAY_RETE,14.59,2468,13,0
2025-08-25,Sardegna,Indeed,AZ_IT_INDEED_PPA_STAGIONALI,17.33,829,33,1
2025-08-25,Sardegna,Indeed,AZ_IT_INDEED_RETARGETING_CANDIDATI,19.42,2076,36,1
2025-08-25,Sardegna,Indeed,AZ_IT_INDEED_SPONSORED_JOBS,83.90,3754,154,6
2025-08-25,Sicilia,Indeed,AZ_IT_INDEED_DISPLAY_RETE,76.30,12339,62,1
2025-08-25,Sicilia,Indeed,AZ_IT_INDEED_PPA_STAGIONALI,84.62,4124,158,5
2025-08-25,Sicilia,Indeed,AZ_IT_INDEED_RETARGETING_CANDIDATI,31.35,3588,59,1
2025-08-25,Sicilia,Indeed,AZ_IT_INDEED_SPONSORED_JOBS,208.78,9538,355,10
2025-08-25,Toscana,Indeed,AZ_IT_INDEED_DISPLAY_RETE,49.69,8833,46,1
2025-08-25,Toscana,Indeed,AZ_IT_INDEED_PPA_STAGIONALI,53.22,2596,98,5
2025-08-25,Toscana,Indeed,AZ_IT_INDEED_RETARGETING_CANDIDATI,60.04,6621,116,3
2025-08-25,Toscana,Indeed,AZ_IT_INDEED_SPONSORED_JOBS,178.44,7882,317,13
2025-08-25,Trentino-Alto Adige,Indeed,AZ_IT_INDEED_DISPLAY_RETE,13.44,2175,11,1
2025-08-25,Trentino-Alto Adige,Indeed,AZ_IT_INDEED_PPA_STAGIONALI,19.07,935,39,2
2025-08-25,Trentino-Alto Adige,Indeed,AZ_IT_INDEED_RETARGETING_CANDIDATI,12.98,1441,26,1
2025-08-25,Trentino-Alto Adige,Indeed,AZ_IT_INDEED_SPONSORED_JOBS,67.08,3005,129,6
2025-08-25,Umbria,Indeed,AZ_IT_INDEED_DISPLAY_RETE,6.52,1089,6,0
2025-08-25,Umbria,Indeed,AZ_IT_INDEED_PPA_STAGIONALI,10.26,527,19,1
2025-08-25,Umbria,Indeed,AZ_IT_INDEED_RETARGETING_CANDIDATI,9.66,1076,19,0
2025-08-25,Umbria,Indeed,AZ_IT_INDEED_SPONSORED_JOBS,49.31,2239,90,2
2025-08-25,Valle d'Aosta,Indeed,AZ_IT_INDEED_DISPLAY_RETE,1.74,296,2,0
2025-08-25,Valle d'Aosta,Indeed,AZ_IT_INDEED_PPA_STAGIONALI,1.95,101,4,0
2025-08-25,Valle d'Aosta,Indeed,AZ_IT_INDEED_RETARGETING_CANDIDATI,1.05,120,2,0
2025-08-25,Valle d'Aosta,Indeed,AZ_IT_INDEED_SPONSORED_JOBS,9.00,416,15,1
2025-08-25,Veneto,Indeed,AZ_IT_INDEED_DISPLAY_RETE,54.18,9177,45,2
2025-08-25,Veneto,Indeed,AZ_IT_INDEED_PPA_STAGIONALI,74.98,3640,142,7
2025-08-25,Veneto,Indeed,AZ_IT_INDEED_RETARGETING_CANDIDATI,97.32,10378,199,6
2025-08-25,Veneto,Indeed,AZ_IT_INDEED_SPONSORED_JOBS,210.99,9861,412,22
2025-09-01,Abruzzo,Indeed,AZ_IT_INDEED_DISPLAY_RETE,20.38,3373,16,1
2025-09-01,Abruzzo,Indeed,AZ_IT_INDEED_RETARGETING_CANDIDATI,21.31,2272,39,1
2025-09-01,Abruzzo,Indeed,AZ_IT_INDEED_SPONSORED_JOBS,100.65,4553,184,6
2025-09-01,Basilicata,Indeed,AZ_IT_INDEED_DISPLAY_RETE,5.64,892,4,0
2025-09-01,Basilicata,Indeed,AZ_IT_INDEED_RETARGETING_CANDIDATI,8.61,959,18,0
2025-09-01,Basilicata,Indeed,AZ_IT_INDEED_SPONSORED_JOBS,39.59,1783,70,1
2025-09-01,Calabria,Indeed,AZ_IT_INDEED_DISPLAY_RETE,20.44,3380,17,1
2025-09-01,Calabria,Indeed,AZ_IT_INDEED_RETARGETING_CANDIDATI,47.82,5081,102,2
2025-09-01,Calabria,Indeed,AZ_IT_INDEED_SPONSORED_JOBS,134.42,6070,254,11
2025-09-01,Campania,Indeed,AZ_IT_INDEED_DISPLAY_RETE,71.28,11323,52,2
2025-09-01,Campania,Indeed,AZ_IT_INDEED_RETARGETING_CANDIDATI,60.55,6765,136,3
2025-09-01,Campania,Indeed,AZ_IT_INDEED_SPONSORED_JOBS,249.18,11396,497,15
2025-09-01,Emilia-Romagna,Indeed,AZ_IT_INDEED_DISPLAY_RETE,46.77,7774,40,1
2025-09-01,Emilia-Romagna,Indeed,AZ_IT_INDEED_RETARGETING_CANDIDATI,82.22,9411,170,3
2025-09-01,Emilia-Romagna,Indeed,AZ_IT_INDEED_SPONSORED_JOBS,276.79,13135,523,16
2025-09-01,Friuli-Venezia Giulia,Indeed,AZ_IT_INDEED_DISPLAY_RETE,17.14,2884,15,1
2025-09-01,Friuli-Venezia Giulia,Indeed,AZ_IT_INDEED_RETARGETING_CANDIDATI,14.80,1666,31,1
2025-09-01,Friuli-Venezia Giulia,Indeed,AZ_IT_INDEED_SPONSORED_JOBS,69.58,3369,146,6
2025-09-01,Lazio,Indeed,AZ_IT_INDEED_DISPLAY_RETE,83.75,13741,71,2
2025-09-01,Lazio,Indeed,AZ_IT_INDEED_RETARGETING_CANDIDATI,118.11,13275,238,5
2025-09-01,Lazio,Indeed,AZ_IT_INDEED_SPONSORED_JOBS,422.30,20260,837,28
2025-09-01,Liguria,Indeed,AZ_IT_INDEED_DISPLAY_RETE,18.92,3110,16,1
2025-09-01,Liguria,Indeed,AZ_IT_INDEED_RETARGETING_CANDIDATI,18.47,2002,30,1
2025-09-01,Liguria,Indeed,AZ_IT_INDEED_SPONSORED_JOBS,75.38,3536,135,6
2025-09-01,Lombardia,Indeed,AZ_IT_INDEED_DISPLAY_RETE,165.46,26638,140,6
2025-09-01,Lombardia,Indeed,AZ_IT_INDEED_RETARGETING_CANDIDATI,137.81,16071,264,8
2025-09-01,Lombardia,Indeed,AZ_IT_INDEED_SPONSORED_JOBS,612.44,26984,956,53
2025-09-01,Marche,Indeed,AZ_IT_INDEED_DISPLAY_RETE,16.70,3006,14,1
2025-09-01,Marche,Indeed,AZ_IT_INDEED_RETARGETING_CANDIDATI,15.60,1800,31,2
2025-09-01,Marche,Indeed,AZ_IT_INDEED_SPONSORED_JOBS,64.58,2955,123,12
2025-09-01,Molise,Indeed,AZ_IT_INDEED_DISPLAY_RETE,3.65,618,3,0
2025-09-01,Molise,Indeed,AZ_IT_INDEED_RETARGETING_CANDIDATI,5.10,589,10,0
2025-09-01,Molise,Indeed,AZ_IT_INDEED_SPONSORED_JOBS,10.59,476,19,1
2025-09-01,Piemonte,Indeed,AZ_IT_INDEED_DISPLAY_RETE,53.98,8666,45,3
2025-09-01,Piemonte,Indeed,AZ_IT_INDEED_RETARGETING_CANDIDATI,89.13,10078,176,9
2025-09-01,Piemonte,Indeed,AZ_IT_INDEED_SPONSORED_JOBS,178.24,8068,314,22
2025-09-01,Puglia,Indeed,AZ_IT_INDEED_DISPLAY_RETE,95.39,15383,70,4
2025-09-01,Puglia,Indeed,AZ_IT_INDEED_RETARGETING_CANDIDATI,80.65,8697,148,5
2025-09-01,Puglia,Indeed,AZ_IT_INDEED_SPONSORED_JOBS,167.10,7992,314,15
2025-09-01,Sardegna,Indeed,AZ_IT_INDEED_DISPLAY_RETE,16.22,2740,14,1
2025-09-01,Sardegna,Indeed,AZ_IT_INDEED_RETARGETING_CANDIDATI,22.64,2418,43,1
2025-09-01,Sardegna,Indeed,AZ_IT_INDEED_SPONSORED_JOBS,86.60,4093,154,6
2025-09-01,Sicilia,Indeed,AZ_IT_INDEED_DISPLAY_RETE,89.49,14042,65,2
2025-09-01,Sicilia,Indeed,AZ_IT_INDEED_RETARGETING_CANDIDATI,56.13,6461,114,2
2025-09-01,Sicilia,Indeed,AZ_IT_INDEED_SPONSORED_JOBS,216.59,10095,422,14
2025-09-01,Toscana,Indeed,AZ_IT_INDEED_DISPLAY_RETE,57.33,9321,50,2
2025-09-01,Toscana,Indeed,AZ_IT_INDEED_RETARGETING_CANDIDATI,74.50,8158,139,3
2025-09-01,Toscana,Indeed,AZ_IT_INDEED_SPONSORED_JOBS,232.37,11391,433,18
2025-09-01,Trentino-Alto Adige,Indeed,AZ_IT_INDEED_DISPLAY_RETE,11.95,2044,10,1
2025-09-01,Trentino-Alto Adige,Indeed,AZ_IT_INDEED_RETARGETING_CANDIDATI,21.96,2338,40,1
2025-09-01,Trentino-Alto Adige,Indeed,AZ_IT_INDEED_SPONSORED_JOBS,69.75,3249,131,6
2025-09-01,Umbria,Indeed,AZ_IT_INDEED_DISPLAY_RETE,8.59,1473,7,0
2025-09-01,Umbria,Indeed,AZ_IT_INDEED_RETARGETING_CANDIDATI,15.20,1565,27,1
2025-09-01,Umbria,Indeed,AZ_IT_INDEED_SPONSORED_JOBS,44.77,2126,84,2
2025-09-01,Valle d'Aosta,Indeed,AZ_IT_INDEED_DISPLAY_RETE,1.66,279,1,0
2025-09-01,Valle d'Aosta,Indeed,AZ_IT_INDEED_RETARGETING_CANDIDATI,1.93,221,4,0
2025-09-01,Valle d'Aosta,Indeed,AZ_IT_INDEED_SPONSORED_JOBS,9.06,419,15,1
2025-09-01,Veneto,Indeed,AZ_IT_INDEED_DISPLAY_RETE,66.96,11155,58,3
2025-09-01,Veneto,Indeed,AZ_IT_INDEED_RETARGETING_CANDIDATI,171.29,19671,367,13
2025-09-01,Veneto,Indeed,AZ_IT_INDEED_SPONSORED_JOBS,228.39,10443,446,24
2025-09-08,Abruzzo,Indeed,AZ_IT_INDEED_DISPLAY_RETE,14.84,2592,14,0
2025-09-08,Abruzzo,Indeed,AZ_IT_INDEED_RETARGETING_CANDIDATI,17.54,2079,36,1
2025-09-08,Abruzzo,Indeed,AZ_IT_INDEED_SPONSORED_JOBS,105.65,5095,206,8
2025-09-08,Basilicata,Indeed,AZ_IT_INDEED_DISPLAY_RETE,4.80,773,4,0
2025-09-08,Basilicata,Indeed,AZ_IT_INDEED_RETARGETING_CANDIDATI,6.67,746,14,0
2025-09-08,Basilicata,Indeed,AZ_IT_INDEED_SPONSORED_JOBS,34.14,1515,72,1
2025-09-08,Calabria,Indeed,AZ_IT_INDEED_DISPLAY_RETE,17.65,2882,13,1
2025-09-08,Calabria,Indeed,AZ_IT_INDEED_RETARGETING_CANDIDATI,37.32,4159,72,2
2025-09-08,Calabria,Indeed,AZ_IT_INDEED_SPONSORED_JOBS,133.75,5785,223,9
2025-09-08,Campania,Indeed,AZ_IT_INDEED_DISPLAY_RETE,61.37,10744,56,2
2025-09-08,Campania,Indeed,AZ_IT_INDEED_RETARGETING_CANDIDATI,47.75,4984,88,2
2025-09-08,Campania,Indeed,AZ_IT_INDEED_SPONSORED_JOBS,251.66,11109,512,17
2025-09-08,Emilia-Romagna,Indeed,AZ_IT_INDEED_DISPLAY_RETE,39.89,6628,32,1
2025-09-08,Emilia-Romagna,Indeed,AZ_IT_INDEED_RETARGETING_CANDIDATI,64.81,7431,131,3
2025-09-08,Emilia-Romagna,Indeed,AZ_IT_INDEED_SPONSORED_JOBS,246.00,11029,454,18
2025-09-08,Friuli-Venezia Giulia,Indeed,AZ_IT_INDEED_DISPLAY_RETE,13.77,2331,11,1
2025-09-08,Friuli-Venezia Giulia,Indeed,AZ_IT_INDEED_RETARGETING_CANDIDATI,11.54,1275,25,1
2025-09-08,Friuli-Venezia Giulia,Indeed,AZ_IT_INDEED_SPONSORED_JOBS,59.45,2777,110,6
2025-09-08,Lazio,Indeed,AZ_IT_INDEED_DISPLAY_RETE,60.16,10059,51,2
2025-09-08,Lazio,Indeed,AZ_IT_INDEED_RETARGETING_CANDIDATI,84.43,9369,172,4
2025-09-08,Lazio,Indeed,AZ_IT_INDEED_SPONSORED_JOBS,379.29,17891,683,23
2025-09-08,Liguria,Indeed,AZ_IT_INDEED_DISPLAY_RETE,16.81,3037,18,1
2025-09-08,Liguria,Indeed,AZ_IT_INDEED_RETARGETING_CANDIDATI,16.22,1758,31,1
2025-09-08,Liguria,Indeed,AZ_IT_INDEED_SPONSORED_JOBS,74.06,3287,122,6
2025-09-08,Lombardia,Indeed,AZ_IT_INDEED_DISPLAY_RETE,155.85,25569,124,7
2025-09-08,Lombardia,Indeed,AZ_IT_INDEED_RETARGETING_CANDIDATI,98.30,10895,215,6
2025-09-08,Lombardia,Indeed,AZ_IT_INDEED_SPONSORED_JOBS,516.85,23065,903,53
2025-09-08,Marche,Indeed,AZ_IT_INDEED_DISPLAY_RETE,15.61,2677,13,1
2025-09-08,Marche,Indeed,AZ_IT_INDEED_RETARGETING_CANDIDATI,13.98,1569,28,2
2025-09-08,Marche,Indeed,AZ_IT_INDEED_SPONSORED_JOBS,47.85,2146,83,10
2025-09-08,Molise,Indeed,AZ_IT_INDEED_DISPLAY_RETE,2.84,448,2,0
2025-09-08,Molise,Indeed,AZ_IT_INDEED_RETARGETING_CANDIDATI,4.12,453,8,0
2025-09-08,Molise,Indeed,AZ_IT_INDEED_SPONSORED_JOBS,10.58,481,19,1
2025-09-08,Piemonte,Indeed,AZ_IT_INDEED_DISPLAY_RETE,47.67,8013,38,2
2025-09-08,Piemonte,Indeed,AZ_IT_INDEED_RETARGETING_CANDIDATI,59.91,6374,109,5
2025-09-08,Piemonte,Indeed,AZ_IT_INDEED_SPONSORED_JOBS,185.26,8422,328,22
2025-09-08,Puglia,Indeed,AZ_IT_INDEED_DISPLAY_RETE,72.13,12442,67,4
2025-09-08,Puglia,Indeed,AZ_IT_INDEED_RETARGETING_CANDIDATI,56.57,6442,103,4
2025-09-08,Puglia,Indeed,AZ_IT_INDEED_SPONSORED_JOBS,158.56,7286,317,21
2025-09-08,Sardegna,Indeed,AZ_IT_INDEED_DISPLAY_RETE,12.76,2184,12,0
2025-09-08,Sardegna,Indeed,AZ_IT_INDEED_RETARGETING_CANDIDATI,21.57,2430,42,1
2025-09-08,Sardegna,Indeed,AZ_IT_INDEED_SPONSORED_JOBS,96.52,4263,162,6
2025-09-08,Sicilia,Indeed,AZ_IT_INDEED_DISPLAY_RETE,76.29,12920,67,2
2025-09-08,Sicilia,Indeed,AZ_IT_INDEED_RETARGETING_CANDIDATI,38.16,4204,73,2
2025-09-08,Sicilia,Indeed,AZ_IT_INDEED_SPONSORED_JOBS,210.66,9268,360,12
2025-09-08,Toscana,Indeed,AZ_IT_INDEED_DISPLAY_RETE,53.95,9209,47,2
2025-09-08,Toscana,Indeed,AZ_IT_INDEED_RETARGETING_CANDIDATI,62.23,7208,120,3
2025-09-08,Toscana,Indeed,AZ_IT_INDEED_SPONSORED_JOBS,208.95,9251,372,17
2025-09-08,Trentino-Alto Adige,Indeed,AZ_IT_INDEED_DISPLAY_RETE,10.29,1681,8,0
2025-09-08,Trentino-Alto Adige,Indeed,AZ_IT_INDEED_RETARGETING_CANDIDATI,14.64,1614,28,1
2025-09-08,Trentino-Alto Adige,Indeed,AZ_IT_INDEED_SPONSORED_JOBS,69.45,3161,122,6
2025-09-08,Umbria,Indeed,AZ_IT_INDEED_DISPLAY_RETE,8.26,1411,8,0
2025-09-08,Umbria,Indeed,AZ_IT_INDEED_RETARGETING_CANDIDATI,12.83,1435,24,1
2025-09-08,Umbria,Indeed,AZ_IT_INDEED_SPONSORED_JOBS,43.60,1909,83,3
2025-09-08,Valle d'Aosta,Indeed,AZ_IT_INDEED_DISPLAY_RETE,1.37,242,1,0
2025-09-08,Valle d'Aosta,Indeed,AZ_IT_INDEED_RETARGETING_CANDIDATI,1.27,132,3,0
2025-09-08,Valle d'Aosta,Indeed,AZ_IT_INDEED_SPONSORED_JOBS,7.08,313,12,1
2025-09-08,Veneto,Indeed,AZ_IT_INDEED_DISPLAY_RETE,57.29,9367,52,3
2025-09-08,Veneto,Indeed,AZ_IT_INDEED_RETARGETING_CANDIDATI,126.05,13662,218,9
2025-09-08,Veneto,Indeed,AZ_IT_INDEED_SPONSORED_JOBS,231.45,10683,428,28
2025-09-15,Abruzzo,Indeed,AZ_IT_INDEED_DISPLAY_RETE,14.91,2609,12,0
2025-09-15,Abruzzo,Indeed,AZ_IT_INDEED_RETARGETING_CANDIDATI,14.95,1682,28,1
2025-09-15,Abruzzo,Indeed,AZ_IT_INDEED_SPONSORED_JOBS,107.04,5080,202,7
2025-09-15,Basilicata,Indeed,AZ_IT_INDEED_DISPLAY_RETE,5.06,847,5,0
2025-09-15,Basilicata,Indeed,AZ_IT_INDEED_RETARGETING_CANDIDATI,4.99,550,10,0
2025-09-15,Basilicata,Indeed,AZ_IT_INDEED_SPONSORED_JOBS,31.70,1458,58,1
2025-09-15,Calabria,Indeed,AZ_IT_INDEED_DISPLAY_RETE,16.96,2863,15,0
2025-09-15,Calabria,Indeed,AZ_IT_INDEED_RETARGETING_CANDIDATI,30.64,3465,55,1
2025-09-15,Calabria,Indeed,AZ_IT_INDEED_SPONSORED_JOBS,171.74,7552,356,9
2025-09-15,Campania,Indeed,AZ_IT_INDEED_DISPLAY_RETE,68.91,10640,58,2
2025-09-15,Campania,Indeed,AZ_IT_INDEED_RETARGETING_CANDIDATI,44.55,4629,84,2
2025-09-15,Campania,Indeed,AZ_IT_INDEED_SPONSORED_JOBS,234.26,10869,484,18
2025-09-15,Emilia-Romagna,Indeed,AZ_IT_INDEED_DISPLAY_RETE,35.39,5685,32,1
2025-09-15,Emilia-Romagna,Indeed,AZ_IT_INDEED_RETARGETING_CANDIDATI,50.99,5773,95,2
2025-09-15,Emilia-Romagna,Indeed,AZ_IT_INDEED_SPONSORED_JOBS,292.53,13068,554,17
2025-09-15,Friuli-Venezia Giulia,Indeed,AZ_IT_INDEED_DISPLAY_RETE,16.85,2806,13,1
2025-09-15,Friuli-Venezia Giulia,Indeed,AZ_IT_INDEED_RETARGETING_CANDIDATI,10.43,1153,21,1
2025-09-15,Friuli-Venezia Giulia,Indeed,AZ_IT_INDEED_SPONSORED_JOBS,58.58,2775,116,6
2025-09-15,Lazio,Indeed,AZ_IT_INDEED_DISPLAY_RETE,57.14,9858,50,2
2025-09-15,Lazio,Indeed,AZ_IT_INDEED_RETARGETING_CANDIDATI,80.43,9306,160,3
2025-09-15,Lazio,Indeed,AZ_IT_INDEED_SPONSORED_JOBS,398.08,18328,847,25
2025-09-15,Liguria,Indeed,AZ_IT_INDEED_DISPLAY_RETE,16.25,2666,12,0
2025-09-15,Liguria,Indeed,AZ_IT_INDEED_RETARGETING_CANDIDATI,15.98,1770,31,1
2025-09-15,Liguria,Indeed,AZ_IT_INDEED_SPONSORED_JOBS,87.31,3868,156,6
2025-09-15,Lombardia,Indeed,AZ_IT_INDEED_DISPLAY_RETE,137.05,22346,124,6
2025-09-15,Lombardia,Indeed,AZ_IT_INDEED_RETARGETING_CANDIDATI,92.57,10471,197,6
2025-09-15,Lombardia,Indeed,AZ_IT_INDEED_SPONSORED_JOBS,521.26,23779,952,52
2025-09-15,Marche,Indeed,AZ_IT_INDEED_DISPLAY_RETE,12.32,2023,9,1
2025-09-15,Marche,Indeed,AZ_IT_INDEED_RETARGETING_CANDIDATI,12.08,1366,25,2
2025-09-15,Marche,Indeed,AZ_IT_INDEED_SPONSORED_JOBS,52.80,2299,94,9
2025-09-15,Molise,Indeed,AZ_IT_INDEED_DISPLAY_RETE,3.10,549,2,0
2025-09-15,Molise,Indeed,AZ_IT_INDEED_RETARGETING_CANDIDATI,4.15,475,8,0
2025-09-15,Molise,Indeed,AZ_IT_INDEED_SPONSORED_JOBS,10.63,486,20,1
2025-09-15,Piemonte,Indeed,AZ_IT_INDEED_DISPLAY_RETE,51.61,8868,41,3
2025-09-15,Piemonte,Indeed,AZ_IT_INDEED_RETARGETING_CANDIDATI,54.54,6119,111,4
2025-09-15,Piemonte,Indeed,AZ_IT_INDEED_SPONSORED_JOBS,176.94,7979,333,24
2025-09-15,Puglia,Indeed,AZ_IT_INDEED_DISPLAY_RETE,69.63,11525,55,4
2025-09-15,Puglia,Indeed,AZ_IT_INDEED_RETARGETING_CANDIDATI,43.04,4784,85,3
2025-09-15,Puglia,Indeed,AZ_IT_INDEED_SPONSORED_JOBS,156.50,7562,311,19
2025-09-15,Sardegna,Indeed,AZ_IT_INDEED_DISPLAY_RETE,12.30,2051,10,0
2025-09-15,Sardegna,Indeed,AZ_IT_INDEED_RETARGETING_CANDIDATI,18.07,1997,35,1
2025-09-15,Sardegna,Indeed,AZ_IT_INDEED_SPONSORED_JOBS,96.21,4401,153,6
2025-09-15,Sicilia,Indeed,AZ_IT_INDEED_DISPLAY_RETE,70.08,10917,55,2
2025-09-15,Sicilia,Indeed,AZ_IT_INDEED_RETARGETING_CANDIDATI,38.03,4361,76,2
2025-09-15,Sicilia,Indeed,AZ_IT_INDEED_SPONSORED_JOBS,212.35,9670,403,14
2025-09-15,Toscana,Indeed,AZ_IT_INDEED_DISPLAY_RETE,54.37,8789,47,2
2025-09-15,Toscana,Indeed,AZ_IT_INDEED_RETARGETING_CANDIDATI,67.80,7464,126,4
2025-09-15,Toscana,Indeed,AZ_IT_INDEED_SPONSORED_JOBS,188.78,7967,337,15
2025-09-15,Trentino-Alto Adige,Indeed,AZ_IT_INDEED_DISPLAY_RETE,10.47,1693,8,0
2025-09-15,Trentino-Alto Adige,Indeed,AZ_IT_INDEED_RETARGETING_CANDIDATI,13.92,1520,28,1
2025-09-15,Trentino-Alto Adige,Indeed,AZ_IT_INDEED_SPONSORED_JOBS,74.51,3451,146,7
2025-09-15,Umbria,Indeed,AZ_IT_INDEED_DISPLAY_RETE,7.22,1195,6,0
2025-09-15,Umbria,Indeed,AZ_IT_INDEED_RETARGETING_CANDIDATI,10.44,1186,20,0
2025-09-15,Umbria,Indeed,AZ_IT_INDEED_SPONSORED_JOBS,43.32,2038,79,3
2025-09-15,Valle d'Aosta,Indeed,AZ_IT_INDEED_DISPLAY_RETE,1.39,240,1,0
2025-09-15,Valle d'Aosta,Indeed,AZ_IT_INDEED_RETARGETING_CANDIDATI,0.93,106,2,0
2025-09-15,Valle d'Aosta,Indeed,AZ_IT_INDEED_SPONSORED_JOBS,7.27,342,13,1
2025-09-15,Veneto,Indeed,AZ_IT_INDEED_DISPLAY_RETE,65.29,10780,58,3
2025-09-15,Veneto,Indeed,AZ_IT_INDEED_RETARGETING_CANDIDATI,111.32,12950,261,9
2025-09-15,Veneto,Indeed,AZ_IT_INDEED_SPONSORED_JOBS,219.02,9918,438,26
2025-09-22,Abruzzo,Indeed,AZ_IT_INDEED_DISPLAY_RETE,17.65,2841,14,0
2025-09-22,Abruzzo,Indeed,AZ_IT_INDEED_RETARGETING_CANDIDATI,14.49,1691,30,1
2025-09-22,Abruzzo,Indeed,AZ_IT_INDEED_SPONSORED_JOBS,128.96,5754,230,7
2025-09-22,Basilicata,Indeed,AZ_IT_INDEED_DISPLAY_RETE,5.68,935,5,0
2025-09-22,Basilicata,Indeed,AZ_IT_INDEED_RETARGETING_CANDIDATI,5.53,618,12,0
2025-09-22,Basilicata,Indeed,AZ_IT_INDEED_SPONSORED_JOBS,33.49,1579,63,2
2025-09-22,Calabria,Indeed,AZ_IT_INDEED_DISPLAY_RETE,19.06,3147,14,1
2025-09-22,Calabria,Indeed,AZ_IT_INDEED_RETARGETING_CANDIDATI,24.64,2791,49,1
2025-09-22,Calabria,Indeed,AZ_IT_INDEED_SPONSORED_JOBS,166.49,7548,296,10
2025-09-22,Campania,Indeed,AZ_IT_INDEED_DISPLAY_RETE,81.62,13529,68,2
2025-09-22,Campania,Indeed,AZ_IT_INDEED_RETARGETING_CANDIDATI,44.32,5239,91,2
2025-09-22,Campania,Indeed,AZ_IT_INDEED_SPONSORED_JOBS,268.99,12213,517,20
2025-09-22,Emilia-Romagna,Indeed,AZ_IT_INDEED_DISPLAY_RETE,49.02,8149,39,1
2025-09-22,Emilia-Romagna,Indeed,AZ_IT_INDEED_RETARGETING_CANDIDATI,50.54,5790,104,2
2025-09-22,Emilia-Romagna,Indeed,AZ_IT_INDEED_SPONSORED_JOBS,320.28,14413,628,20
2025-09-22,Friuli-Venezia Giulia,Indeed,AZ_IT_INDEED_DISPLAY_RETE,16.26,2750,14,1
2025-09-22,Friuli-Venezia Giulia,Indeed,AZ_IT_INDEED_RETARGETING_CANDIDATI,9.29,1082,18,0
2025-09-22,Friuli-Venezia Giulia,Indeed,AZ_IT_INDEED_SPONSORED_JOBS,77.75,3296,139,6
2025-09-22,Lazio,Indeed,AZ_IT_INDEED_DISPLAY_RETE,76.51,12364,64,2
2025-09-22,Lazio,Indeed,AZ_IT_INDEED_RETARGETING_CANDIDATI,92.22,10548,178,3
2025-09-22,Lazio,Indeed,AZ_IT_INDEED_SPONSORED_JOBS,504.03,22346,938,28
2025-09-22,Liguria,Indeed,AZ_IT_INDEED_DISPLAY_RETE,20.64,3590,19,0
2025-09-22,Liguria,Indeed,AZ_IT_INDEED_RETARGETING_CANDIDATI,17.28,1876,38,1
2025-09-22,Liguria,Indeed,AZ_IT_INDEED_SPONSORED_JOBS,109.61,4997,199,6
2025-09-22,Lombardia,Indeed,AZ_IT_INDEED_DISPLAY_RETE,156.25,25374,133,6
2025-09-22,Lombardia,Indeed,AZ_IT_INDEED_RETARGETING_CANDIDATI,91.28,10075,180,5
2025-09-22,Lombardia,Indeed,AZ_IT_INDEED_SPONSORED_JOBS,711.55,32925,1306,63
2025-09-22,Marche,Indeed,AZ_IT_INDEED_DISPLAY_RETE,15.59,2630,14,1
2025-09-22,Marche,Indeed,AZ_IT_INDEED_RETARGETING_CANDIDATI,10.85,1148,21,1
2025-09-22,Marche,Indeed,AZ_IT_INDEED_SPONSORED_JOBS,57.26,2600,104,9
2025-09-22,Molise,Indeed,AZ_IT_INDEED_DISPLAY_RETE,3.68,595,3,0
2025-09-22,Molise,Indeed,AZ_IT_INDEED_RETARGETING_CANDIDATI,4.22,466,9,0
2025-09-22,Molise,Indeed,AZ_IT_INDEED_SPONSORED_JOBS,13.83,639,27,2
2025-09-22,Piemonte,Indeed,AZ_IT_INDEED_DISPLAY_RETE,67.52,10912,53,3
2025-09-22,Piemonte,Indeed,AZ_IT_INDEED_RETARGETING_CANDIDATI,48.71,5321,90,4
2025-09-22,Piemonte,Indeed,AZ_IT_INDEED_SPONSORED_JOBS,208.62,8995,354,28
2025-09-22,Puglia,Indeed,AZ_IT_INDEED_DISPLAY_RETE,77.75,13395,72,4
2025-09-22,Puglia,Indeed,AZ_IT_INDEED_RETARGETING_CANDIDATI,48.87,5323,86,4
2025-09-22,Puglia,Indeed,AZ_IT_INDEED_SPONSORED_JOBS,157.95,6974,297,17
2025-09-22,Sardegna,Indeed,AZ_IT_INDEED_DISPLAY_RETE,17.43,2974,14,0
2025-09-22,Sardegna,Indeed,AZ_IT_INDEED_RETARGETING_CANDIDATI,18.39,2030,41,1
2025-09-22,Sardegna,Indeed,AZ_IT_INDEED_SPONSORED_JOBS,119.73,5818,249,8
2025-09-22,Sicilia,Indeed,AZ_IT_INDEED_DISPLAY_RETE,78.40,13543,66,2
2025-09-22,Sicilia,Indeed,AZ_IT_INDEED_RETARGETING_CANDIDATI,33.64,3643,67,1
2025-09-22,Sicilia,Indeed,AZ_IT_INDEED_SPONSORED_JOBS,240.87,11181,479,12
2025-09-22,Toscana,Indeed,AZ_IT_INDEED_DISPLAY_RETE,63.41,10902,57,2
2025-09-22,Toscana,Indeed,AZ_IT_INDEED_RETARGETING_CANDIDATI,62.94,6745,121,3
2025-09-22,Toscana,Indeed,AZ_IT_INDEED_SPONSORED_JOBS,224.56,10622,422,19
2025-09-22,Trentino-Alto Adige,Indeed,AZ_IT_INDEED_DISPLAY_RETE,13.26,2081,10,1
2025-09-22,Trentino-Alto Adige,Indeed,AZ_IT_INDEED_RETARGETING_CANDIDATI,15.14,1734,32,1
2025-09-22,Trentino-Alto Adige,Indeed,AZ_IT_INDEED_SPONSORED_JOBS,87.63,3951,152,8
2025-09-22,Umbria,Indeed,AZ_IT_INDEED_DISPLAY_RETE,9.07,1537,7,0
2025-09-22,Umbria,Indeed,AZ_IT_INDEED_RETARGETING_CANDIDATI,9.34,1019,19,0
2025-09-22,Umbria,Indeed,AZ_IT_INDEED_SPONSORED_JOBS,55.55,2603,107,3
2025-09-22,Valle d'Aosta,Indeed,AZ_IT_INDEED_DISPLAY_RETE,1.47,246,1,0
2025-09-22,Valle d'Aosta,Indeed,AZ_IT_INDEED_RETARGETING_CANDIDATI,0.97,107,2,0
2025-09-22,Valle d'Aosta,Indeed,AZ_IT_INDEED_SPONSORED_JOBS,8.46,396,16,1
2025-09-22,Veneto,Indeed,AZ_IT_INDEED_DISPLAY_RETE,75.65,12209,50,4
2025-09-22,Veneto,Indeed,AZ_IT_INDEED_RETARGETING_CANDIDATI,125.39,14449,276,7
2025-09-22,Veneto,Indeed,AZ_IT_INDEED_SPONSORED_JOBS,272.29,13177,516,29
2025-09-29,Abruzzo,Indeed,AZ_IT_INDEED_DISPLAY_RETE,11.31,1843,10,0
2025-09-29,Abruzzo,Indeed,AZ_IT_INDEED_RETARGETING_CANDIDATI,8.65,939,17,0
2025-09-29,Abruzzo,Indeed,AZ_IT_INDEED_SPONSORED_JOBS,88.78,4089,164,6
2025-09-29,Basilicata,Indeed,AZ_IT_INDEED_DISPLAY_RETE,2.40,387,2,0
2025-09-29,Basilicata,Indeed,AZ_IT_INDEED_RETARGETING_CANDIDATI,3.19,363,7,0
2025-09-29,Basilicata,Indeed,AZ_IT_INDEED_SPONSORED_JOBS,22.88,1007,43,1
2025-09-29,Calabria,Indeed,AZ_IT_INDEED_DISPLAY_RETE,11.24,1901,9,0
2025-09-29,Calabria,Indeed,AZ_IT_INDEED_RETARGETING_CANDIDATI,20.70,2213,44,1
2025-09-29,Calabria,Indeed,AZ_IT_INDEED_SPONSORED_JOBS,102.31,4544,175,9
2025-09-29,Campania,Indeed,AZ_IT_INDEED_DISPLAY_RETE,46.86,8050,43,1
2025-09-29,Campania,Indeed,AZ_IT_INDEED_RETARGETING_CANDIDATI,22.96,2561,41,1
2025-09-29,Campania,Indeed,AZ_IT_INDEED_SPONSORED_JOBS,171.89,7885,361,17
2025-09-29,Emilia-Romagna,Indeed,AZ_IT_INDEED_DISPLAY_RETE,40.22,6708,35,1
2025-09-29,Emilia-Romagna,Indeed,AZ_IT_INDEED_RETARGETING_CANDIDATI,45.11,5109,93,2
2025-09-29,Emilia-Romagna,Indeed,AZ_IT_INDEED_SPONSORED_JOBS,290.00,12151,516,18
2025-09-29,Friuli-Venezia Giulia,Indeed,AZ_IT_INDEED_DISPLAY_RETE,11.08,1745,8,0
2025-09-29,Friuli-Venezia Giulia,Indeed,AZ_IT_INDEED_RETARGETING_CANDIDATI,7.06,770,13,0
2025-09-29,Friuli-Venezia Giulia,Indeed,AZ_IT_INDEED_SPONSORED_JOBS,53.54,2464,98,5
2025-09-29,Lazio,Indeed,AZ_IT_INDEED_DISPLAY_RETE,61.16,10132,52,1
2025-09-29,Lazio,Indeed,AZ_IT_INDEED_RETARGETING_CANDIDATI,64.93,7440,118,2
2025-09-29,Lazio,Indeed,AZ_IT_INDEED_SPONSORED_JOBS,388.54,17959,773,28
2025-09-29,Liguria,Indeed,AZ_IT_INDEED_DISPLAY_RETE,11.57,1836,9,0
2025-09-29,Liguria,Indeed,AZ_IT_INDEED_RETARGETING_CANDIDATI,11.39,1285,22,0
2025-09-29,Liguria,Indeed,AZ_IT_INDEED_SPONSORED_JOBS,64.73,3073,118,5
2025-09-29,Lombardia,Indeed,AZ_IT_INDEED_DISPLAY_RETE,134.00,23873,108,4
2025-09-29,Lombardia,Indeed,AZ_IT_INDEED_RETARGETING_CANDIDATI,94.89,10656,177,4
2025-09-29,Lombardia,Indeed,AZ_IT_INDEED_SPONSORED_JOBS,649.59,27918,1157,56
2025-09-29,Marche,Indeed,AZ_IT_INDEED_DISPLAY_RETE,9.88,1698,8,1
2025-09-29,Marche,Indeed,AZ_IT_INDEED_RETARGETING_CANDIDATI,7.51,863,16,1
2025-09-29,Marche,Indeed,AZ_IT_INDEED_SPONSORED_JOBS,37.74,1659,70,8
2025-09-29,Molise,Indeed,AZ_IT_INDEED_DISPLAY_RETE,2.45,419,2,0
2025-09-29,Molise,Indeed,AZ_IT_INDEED_RETARGETING_CANDIDATI,2.58,294,5,0
2025-09-29,Molise,Indeed,AZ_IT_INDEED_SPONSORED_JOBS,9.37,427,18,1
2025-09-29,Piemonte,Indeed,AZ_IT_INDEED_DISPLAY_RETE,52.43,8343,44,2
2025-09-29,Piemonte,Indeed,AZ_IT_INDEED_RETARGETING_CANDIDATI,44.13,4902,96,3
2025-09-29,Piemonte,Indeed,AZ_IT_INDEED_SPONSORED_JOBS,213.37,9686,393,28
2025-09-29,Puglia,Indeed,AZ_IT_INDEED_DISPLAY_RETE,52.28,8971,53,2
2025-09-29,Puglia,Indeed,AZ_IT_INDEED_RETARGETING_CANDIDATI,34.16,3624,63,2
2025-09-29,Puglia,Indeed,AZ_IT_INDEED_SPONSORED_JOBS,118.97,5411,205,15
2025-09-29,Sardegna,Indeed,AZ_IT_INDEED_DISPLAY_RETE,11.71,1966,10,0
2025-09-29,Sardegna,Indeed,AZ_IT_INDEED_RETARGETING_CANDIDATI,12.39,1456,28,0
2025-09-29,Sardegna,Indeed,AZ_IT_INDEED_SPONSORED_JOBS,82.96,3881,159,7
2025-09-29,Sicilia,Indeed,AZ_IT_INDEED_DISPLAY_RETE,46.80,7752,37,1
2025-09-29,Sicilia,Indeed,AZ_IT_INDEED_RETARGETING_CANDIDATI,20.89,2285,39,1
2025-09-29,Sicilia,Indeed,AZ_IT_INDEED_SPONSORED_JOBS,170.76,7842,349,12
2025-09-29,Toscana,Indeed,AZ_IT_INDEED_DISPLAY_RETE,35.13,5931,27,1
2025-09-29,Toscana,Indeed,AZ_IT_INDEED_RETARGETING_CANDIDATI,40.42,4176,71,2
2025-09-29,Toscana,Indeed,AZ_IT_INDEED_SPONSORED_JOBS,125.27,5956,233,13
2025-09-29,Trentino-Alto Adige,Indeed,AZ_IT_INDEED_DISPLAY_RETE,8.28,1286,6,0
2025-09-29,Trentino-Alto Adige,Indeed,AZ_IT_INDEED_RETARGETING_CANDIDATI,8.70,1015,18,0
2025-09-29,Trentino-Alto Adige,Indeed,AZ_IT_INDEED_SPONSORED_JOBS,60.60,2854,111,6
2025-09-29,Umbria,Indeed,AZ_IT_INDEED_DISPLAY_RETE,5.05,845,4,0
2025-09-29,Umbria,Indeed,AZ_IT_INDEED_RETARGETING_CANDIDATI,6.64,752,13,0
2025-09-29,Umbria,Indeed,AZ_IT_INDEED_SPONSORED_JOBS,42.67,1901,77,3
2025-09-29,Valle d'Aosta,Indeed,AZ_IT_INDEED_DISPLAY_RETE,0.95,156,1,0
2025-09-29,Valle d'Aosta,Indeed,AZ_IT_INDEED_RETARGETING_CANDIDATI,0.68,75,1,0
2025-09-29,Valle d'Aosta,Indeed,AZ_IT_INDEED_SPONSORED_JOBS,5.53,254,11,0
2025-09-29,Veneto,Indeed,AZ_IT_INDEED_DISPLAY_RETE,52.39,8559,41,2
2025-09-29,Veneto,Indeed,AZ_IT_INDEED_RETARGETING_CANDIDATI,108.25,12008,204,6
2025-09-29,Veneto,Indeed,AZ_IT_INDEED_SPONSORED_JOBS,237.74,10991,416,28
2025-10-06,Abruzzo,Indeed,AZ_IT_INDEED_DISPLAY_RETE,13.82,2239,11,0
2025-10-06,Abruzzo,Indeed,AZ_IT_INDEED_PPA_STAGIONALI,22.37,1107,42,1
2025-10-06,Abruzzo,Indeed,AZ_IT_INDEED_RETARGETING_CANDIDATI,12.36,1411,25,0
2025-10-06,Abruzzo,Indeed,AZ_IT_INDEED_SPONSORED_JOBS,75.05,3606,141,6
2025-10-06,Basilicata,Indeed,AZ_IT_INDEED_DISPLAY_RETE,2.68,440,2,0
2025-10-06,Basilicata,Indeed,AZ_IT_INDEED_PPA_STAGIONALI,5.04,255,10,0
2025-10-06,Basilicata,Indeed,AZ_IT_INDEED_RETARGETING_CANDIDATI,3.75,445,8,0
2025-10-06,Basilicata,Indeed,AZ_IT_INDEED_SPONSORED_JOBS,26.58,1217,46,1
2025-10-06,Calabria,Indeed,AZ_IT_INDEED_DISPLAY_RETE,13.36,2204,12,0
2025-10-06,Calabria,Indeed,AZ_IT_INDEED_PPA_STAGIONALI,25.23,1309,51,2
2025-10-06,Calabria,Indeed,AZ_IT_INDEED_RETARGETING_CANDIDATI,23.16,2545,47,1
2025-10-06,Calabria,Indeed,AZ_IT_INDEED_SPONSORED_JOBS,102.46,4740,213,8
2025-10-06,Campania,Indeed,AZ_IT_INDEED_DISPLAY_RETE,39.36,6650,36,1
2025-10-06,Campania,Indeed,AZ_IT_INDEED_PPA_STAGIONALI,112.61,5452,200,7
2025-10-06,Campania,Indeed,AZ_IT_INDEED_RETARGETING_CANDIDATI,34.16,3704,72,1
2025-10-06,Campania,Indeed,AZ_IT_INDEED_SPONSORED_JOBS,174.70,7831,300,11
2025-10-06,Emilia-Romagna,Indeed,AZ_IT_INDEED_DISPLAY_RETE,38.22,6305,31,1
2025-10-06,Emilia-Romagna,Indeed,AZ_IT_INDEED_PPA_STAGIONALI,126.15,6279,223,7
2025-10-06,Emilia-Romagna,Indeed,AZ_IT_INDEED_RETARGETING_CANDIDATI,64.41,7109,129,2
2025-10-06,Emilia-Romagna,Indeed,AZ_IT_INDEED_SPONSORED_JOBS,262.05,12109,500,16
2025-10-06,Friuli-Venezia Giulia,Indeed,AZ_IT_INDEED_DISPLAY_RETE,13.38,2035,9,0
2025-10-06,Friuli-Venezia Giulia,Indeed,AZ_IT_INDEED_PPA_STAGIONALI,20.79,1057,40,1
2025-10-06,Friuli-Venezia Giulia,Indeed,AZ_IT_INDEED_RETARGETING_CANDIDATI,8.59,915,17,0
2025-10-06,Friuli-Venezia Giulia,Indeed,AZ_IT_INDEED_SPONSORED_JOBS,57.90,2548,100,4
2025-10-06,Lazio,Indeed,AZ_IT_INDEED_DISPLAY_RETE,65.03,10650,54,1
2025-10-06,Lazio,Indeed,AZ_IT_INDEED_PPA_STAGIONALI,63.38,3159,126,4
2025-10-06,Lazio,Indeed,AZ_IT_INDEED_RETARGETING_CANDIDATI,58.84,6511,129,2
2025-10-06,Lazio,Indeed,AZ_IT_INDEED_SPONSORED_JOBS,329.34,14679,618,23
2025-10-06,Liguria,Indeed,AZ_IT_INDEED_DISPLAY_RETE,13.71,2277,12,0
2025-10-06,Liguria,Indeed,AZ_IT_INDEED_PPA_STAGIONALI,14.41,716,27,1
2025-10-06,Liguria,Indeed,AZ_IT_INDEED_RETARGETING_CANDIDATI,11.40,1315,22,0
2025-10-06,Liguria,Indeed,AZ_IT_INDEED_SPONSORED_JOBS,66.30,3129,137,4
2025-10-06,Lombardia,Indeed,AZ_IT_INDEED_DISPLAY_RETE,138.89,23097,107,4
2025-10-06,Lombardia,Indeed,AZ_IT_INDEED_PPA_STAGIONALI,182.81,9357,368,14
2025-10-06,Lombardia,Indeed,AZ_IT_INDEED_RETARGETING_CANDIDATI,94.05,10510,197,4
2025-10-06,Lombardia,Indeed,AZ_IT_INDEED_SPONSORED_JOBS,617.17,28783,1165,50
2025-10-06,Marche,Indeed,AZ_IT_INDEED_DISPLAY_RETE,10.78,1892,9,1
2025-10-06,Marche,Indeed,AZ_IT_INDEED_PPA_STAGIONALI,22.03,1039,41,3
2025-10-06,Marche,Indeed,AZ_IT_INDEED_RETARGETING_CANDIDATI,9.08,1023,18,1
2025-10-06,Marche,Indeed,AZ_IT_INDEED_SPONSORED_JOBS,38.28,1811,78,6
2025-10-06,Molise,Indeed,AZ_IT_INDEED_DISPLAY_RETE,2.84,460,3,0
2025-10-06,Molise,Indeed,AZ_IT_INDEED_PPA_STAGIONALI,3.30,164,7,0
2025-10-06,Molise,Indeed,AZ_IT_INDEED_RETARGETING_CANDIDATI,3.52,403,7,0
2025-10-06,Molise,Indeed,AZ_IT_INDEED_SPONSORED_JOBS,8.81,428,18,1
2025-10-06,Piemonte,Indeed,AZ_IT_INDEED_DISPLAY_RETE,56.15,8949,42,2
2025-10-06,Piemonte,Indeed,AZ_IT_INDEED_PPA_STAGIONALI,91.43,4576,181,9
2025-10-06,Piemonte,Indeed,AZ_IT_INDEED_RETARGETING_CANDIDATI,49.23,5425,98,2
2025-10-06,Piemonte,Indeed,AZ_IT_INDEED_SPONSORED_JOBS,203.25,9502,396,18
2025-10-06,Puglia,Indeed,AZ_IT_INDEED_DISPLAY_RETE,48.80,8348,40,2
2025-10-06,Puglia,Indeed,AZ_IT_INDEED_PPA_STAGIONALI,71.11,3550,141,6
2025-10-06,Puglia,Indeed,AZ_IT_INDEED_RETARGETING_CANDIDATI,35.85,3847,55,2
2025-10-06,Puglia,Indeed,AZ_IT_INDEED_SPONSORED_JOBS,110.00,5038,219,11
2025-10-06,Sardegna,Indeed,AZ_IT_INDEED_DISPLAY_RETE,13.75,2301,11,0
2025-10-06,Sardegna,Indeed,AZ_IT_INDEED_PPA_STAGIONALI,14.12,689,27,1
2025-10-06,Sardegna,Indeed,AZ_IT_INDEED_RETARGETING_CANDIDATI,15.33,1694,30,1
2025-10-06,Sardegna,Indeed,AZ_IT_INDEED_SPONSORED_JOBS,73.77,3298,156,5
2025-10-06,Sicilia,Indeed,AZ_IT_INDEED_DISPLAY_RETE,57.74,9892,47,1
2025-10-06,Sicilia,Indeed,AZ_IT_INDEED_PPA_STAGIONALI,84.14,4316,140,4
2025-10-06,Sicilia,Indeed,AZ_IT_INDEED_RETARGETING_CANDIDATI,23.92,2647,45,1
2025-10-06,Sicilia,Indeed,AZ_IT_INDEED_SPONSORED_JOBS,184.89,8271,368,10
2025-10-06,Toscana,Indeed,AZ_IT_INDEED_DISPLAY_RETE,42.49,6596,32,1
2025-10-06,Toscana,Indeed,AZ_IT_INDEED_PPA_STAGIONALI,33.07,1667,60,2
2025-10-06,Toscana,Indeed,AZ_IT_INDEED_RETARGETING_CANDIDATI,49.31,5613,91,2
2025-10-06,Toscana,Indeed,AZ_IT_INDEED_SPONSORED_JOBS,147.17,6695,244,15
2025-10-06,Trentino-Alto Adige,Indeed,AZ_IT_INDEED_DISPLAY_RETE,8.53,1394,7,0
2025-10-06,Trentino-Alto Adige,Indeed,AZ_IT_INDEED_PPA_STAGIONALI,20.61,927,35,2
2025-10-06,Trentino-Alto Adige,Indeed,AZ_IT_INDEED_RETARGETING_CANDIDATI,9.71,1103,21,0
2025-10-06,Trentino-Alto Adige,Indeed,AZ_IT_INDEED_SPONSORED_JOBS,55.89,2537,94,6
2025-10-06,Umbria,Indeed,AZ_IT_INDEED_DISPLAY_RETE,3.94,667,3,0
2025-10-06,Umbria,Indeed,AZ_IT_INDEED_PPA_STAGIONALI,11.95,608,24,1
2025-10-06,Umbria,Indeed,AZ_IT_INDEED_RETARGETING_CANDIDATI,8.74,911,16,0
2025-10-06,Umbria,Indeed,AZ_IT_INDEED_SPONSORED_JOBS,44.06,2055,84,2
2025-10-06,Valle d'Aosta,Indeed,AZ_IT_INDEED_DISPLAY_RETE,0.97,159,1,0
2025-10-06,Valle d'Aosta,Indeed,AZ_IT_INDEED_PPA_STAGIONALI,1.68,83,3,0
2025-10-06,Valle d'Aosta,Indeed,AZ_IT_INDEED_RETARGETING_CANDIDATI,0.77,82,2,0
2025-10-06,Valle d'Aosta,Indeed,AZ_IT_INDEED_SPONSORED_JOBS,6.84,303,11,0
2025-10-06,Veneto,Indeed,AZ_IT_INDEED_DISPLAY_RETE,55.92,9697,49,2
2025-10-06,Veneto,Indeed,AZ_IT_INDEED_PPA_STAGIONALI,110.81,5684,231,10
2025-10-06,Veneto,Indeed,AZ_IT_INDEED_RETARGETING_CANDIDATI,111.24,12788,242,5
2025-10-06,Veneto,Indeed,AZ_IT_INDEED_SPONSORED_JOBS,238.56,10663,432,23
2025-10-13,Abruzzo,Indeed,AZ_IT_INDEED_DISPLAY_RETE,13.26,2138,10,0
2025-10-13,Abruzzo,Indeed,AZ_IT_INDEED_PPA_STAGIONALI,22.13,1150,48,2
2025-10-13,Abruzzo,Indeed,AZ_IT_INDEED_RETARGETING_CANDIDATI,10.91,1169,22,0
2025-10-13,Abruzzo,Indeed,AZ_IT_INDEED_SPONSORED_JOBS,67.80,3116,114,5
2025-10-13,Basilicata,Indeed,AZ_IT_INDEED_DISPLAY_RETE,3.05,536,2,0
2025-10-13,Basilicata,Indeed,AZ_IT_INDEED_PPA_STAGIONALI,4.51,226,10,0
2025-10-13,Basilicata,Indeed,AZ_IT_INDEED_RETARGETING_CANDIDATI,4.30,493,10,0
2025-10-13,Basilicata,Indeed,AZ_IT_INDEED_SPONSORED_JOBS,24.65,1071,44,1
2025-10-13,Calabria,Indeed,AZ_IT_INDEED_DISPLAY_RETE,15.87,2611,13,0
2025-10-13,Calabria,Indeed,AZ_IT_INDEED_PPA_STAGIONALI,20.31,992,39,2
2025-10-13,Calabria,Indeed,AZ_IT_INDEED_RETARGETING_CANDIDATI,19.52,2002,34,1
2025-10-13,Calabria,Indeed,AZ_IT_INDEED_SPONSORED_JOBS,94.73,4496,189,7
2025-10-13,Campania,Indeed,AZ_IT_INDEED_DISPLAY_RETE,41.39,6982,35,1
2025-10-13,Campania,Indeed,AZ_IT_INDEED_PPA_STAGIONALI,102.14,5245,190,7
2025-10-13,Campania,Indeed,AZ_IT_INDEED_RETARGETING_CANDIDATI,36.46,4270,70,1
2025-10-13,Campania,Indeed,AZ_IT_INDEED_SPONSORED_JOBS,138.90,6478,263,9
2025-10-13,Emilia-Romagna,Indeed,AZ_IT_INDEED_DISPLAY_RETE,38.48,6237,33,1
2025-10-13,Emilia-Romagna,Indeed,AZ_IT_INDEED_PPA_STAGIONALI,118.45,6184,241,6
2025-10-13,Emilia-Romagna,Indeed,AZ_IT_INDEED_RETARGETING_CANDIDATI,68.89,7669,159,2
2025-10-13,Emilia-Romagna,Indeed,AZ_IT_INDEED_SPONSORED_JOBS,317.19,14509,580,14
2025-10-13,Friuli-Venezia Giulia,Indeed,AZ_IT_INDEED_DISPLAY_RETE,12.83,2114,9,0
2025-10-13,Friuli-Venezia Giulia,Indeed,AZ_IT_INDEED_PPA_STAGIONALI,18.17,918,37,1
2025-10-13,Friuli-Venezia Giulia,Indeed,AZ_IT_INDEED_RETARGETING_CANDIDATI,9.10,1046,18,0
2025-10-13,Friuli-Venezia Giulia,Indeed,AZ_IT_INDEED_SPONSORED_JOBS,53.13,2341,91,4
2025-10-13,Lazio,Indeed,AZ_IT_INDEED_DISPLAY_RETE,68.27,11975,59,1
2025-10-13,Lazio,Indeed,AZ_IT_INDEED_PPA_STAGIONALI,72.94,3641,124,5
2025-10-13,Lazio,Indeed,AZ_IT_INDEED_RETARGETING_CANDIDATI,62.21,6950,123,2
2025-10-13,Lazio,Indeed,AZ_IT_INDEED_SPONSORED_JOBS,274.90,12445,513,22
2025-10-13,Liguria,Indeed,AZ_IT_INDEED_DISPLAY_RETE,16.39,2674,13,0
2025-10-13,Liguria,Indeed,AZ_IT_INDEED_PPA_STAGIONALI,13.54,696,29,1
2025-10-13,Liguria,Indeed,AZ_IT_INDEED_RETARGETING_CANDIDATI,12.30,1429,27,0
2025-10-13,Liguria,Indeed,AZ_IT_INDEED_SPONSORED_JOBS,59.93,2783,104,4
2025-10-13,Lombardia,Indeed,AZ_IT_INDEED_DISPLAY_RETE,144.14,23993,111,3
2025-10-13,Lombardia,Indeed,AZ_IT_INDEED_PPA_STAGIONALI,203.59,9917,364,16
2025-10-13,Lombardia,Indeed,AZ_IT_INDEED_RETARGETING_CANDIDATI,107.36,12463,224,3
2025-10-13,Lombardia,Indeed,AZ_IT_INDEED_SPONSORED_JOBS,722.88,32243,1237,52
2025-10-13,Marche,Indeed,AZ_IT_INDEED_DISPLAY_RETE,14.14,2453,13,1
2025-10-13,Marche,Indeed,AZ_IT_INDEED_PPA_STAGIONALI,19.22,964,37,3
2025-10-13,Marche,Indeed,AZ_IT_INDEED_RETARGETING_CANDIDATI,9.34,1035,18,1
2025-10-13,Marche,Indeed,AZ_IT_INDEED_SPONSORED_JOBS,35.69,1542,65,6
2025-10-13,Molise,Indeed,AZ_IT_INDEED_DISPLAY_RETE,2.98,484,2,0
2025-10-13,Molise,Indeed,AZ_IT_INDEED_PPA_STAGIONALI,2.94,145,5,0
2025-10-13,Molise,Indeed,AZ_IT_INDEED_RETARGETING_CANDIDATI,3.54,376,7,0
2025-10-13,Molise,Indeed,AZ_IT_INDEED_SPONSORED_JOBS,7.94,366,15,1
2025-10-13,Piemonte,Indeed,AZ_IT_INDEED_DISPLAY_RETE,64.01,10941,54,2
2025-10-13,Piemonte,Indeed,AZ_IT_INDEED_PPA_STAGIONALI,79.85,4061,166,10
2025-10-13,Piemonte,Indeed,AZ_IT_INDEED_RETARGETING_CANDIDATI,45.96,4846,79,2
2025-10-13,Piemonte,Indeed,AZ_IT_INDEED_SPONSORED_JOBS,189.90,8714,345,22
2025-10-13,Puglia,Indeed,AZ_IT_INDEED_DISPLAY_RETE,54.85,9056,42,2
2025-10-13,Puglia,Indeed,AZ_IT_INDEED_PPA_STAGIONALI,70.64,3510,116,8
2025-10-13,Puglia,Indeed,AZ_IT_INDEED_RETARGETING_CANDIDATI,36.45,3937,65,2
2025-10-13,Puglia,Indeed,AZ_IT_INDEED_SPONSORED_JOBS,111.99,5017,219,11
2025-10-13,Sardegna,Indeed,AZ_IT_INDEED_DISPLAY_RETE,17.06,2706,14,0
2025-10-13,Sardegna,Indeed,AZ_IT_INDEED_PPA_STAGIONALI,14.24,708,27,1
2025-10-13,Sardegna,Indeed,AZ_IT_INDEED_RETARGETING_CANDIDATI,15.62,1690,30,1
2025-10-13,Sardegna,Indeed,AZ_IT_INDEED_SPONSORED_JOBS,70.33,3422,140,6
2025-10-13,Sicilia,Indeed,AZ_IT_INDEED_DISPLAY_RETE,54.57,9344,41,1
2025-10-13,Sicilia,Indeed,AZ_IT_INDEED_PPA_STAGIONALI,78.42,3988,146,4
2025-10-13,Sicilia,Indeed,AZ_IT_INDEED_RETARGETING_CANDIDATI,23.52,2735,43,1
2025-10-13,Sicilia,Indeed,AZ_IT_INDEED_SPONSORED_JOBS,140.77,6242,247,8
2025-10-13,Toscana,Indeed,AZ_IT_INDEED_DISPLAY_RETE,45.69,8182,44,2
2025-10-13,Toscana,Indeed,AZ_IT_INDEED_PPA_STAGIONALI,37.38,1946,78,4
2025-10-13,Toscana,Indeed,AZ_IT_INDEED_RETARGETING_CANDIDATI,50.58,5533,88,2
2025-10-13,Toscana,Indeed,AZ_IT_INDEED_SPONSORED_JOBS,117.20,5550,238,15
2025-10-13,Trentino-Alto Adige,Indeed,AZ_IT_INDEED_DISPLAY_RETE,10.31,1781,8,0
2025-10-13,Trentino-Alto Adige,Indeed,AZ_IT_INDEED_PPA_STAGIONALI,16.27,829,31,2
2025-10-13,Trentino-Alto Adige,Indeed,AZ_IT_INDEED_RETARGETING_CANDIDATI,11.25,1265,25,1
2025-10-13,Trentino-Alto Adige,Indeed,AZ_IT_INDEED_SPONSORED_JOBS,53.98,2503,96,5
2025-10-13,Umbria,Indeed,AZ_IT_INDEED_DISPLAY_RETE,4.33,729,4,0
2025-10-13,Umbria,Indeed,AZ_IT_INDEED_PPA_STAGIONALI,10.62,544,22,1
2025-10-13,Umbria,Indeed,AZ_IT_INDEED_RETARGETING_CANDIDATI,8.69,922,15,0
2025-10-13,Umbria,Indeed,AZ_IT_INDEED_SPONSORED_JOBS,37.71,1733,55,2
2025-10-13,Valle d'Aosta,Indeed,AZ_IT_INDEED_DISPLAY_RETE,0.96,157,1,0
2025-10-13,Valle d'Aosta,Indeed,AZ_IT_INDEED_PPA_STAGIONALI,1.59,82,3,0
2025-10-13,Valle d'Aosta,Indeed,AZ_IT_INDEED_RETARGETING_CANDIDATI,0.82,91,2,0
2025-10-13,Valle d'Aosta,Indeed,AZ_IT_INDEED_SPONSORED_JOBS,5.76,280,13,0
2025-10-13,Veneto,Indeed,AZ_IT_INDEED_DISPLAY_RETE,52.83,8878,48,2
2025-10-13,Veneto,Indeed,AZ_IT_INDEED_PPA_STAGIONALI,114.79,5687,225,11
2025-10-13,Veneto,Indeed,AZ_IT_INDEED_RETARGETING_CANDIDATI,100.60,11196,213,5
2025-10-13,Veneto,Indeed,AZ_IT_INDEED_SPONSORED_JOBS,209.04,9834,370,20
2025-10-20,Abruzzo,Indeed,AZ_IT_INDEED_DISPLAY_RETE,14.88,2544,13,0
2025-10-20,Abruzzo,Indeed,AZ_IT_INDEED_PPA_STAGIONALI,27.41,1379,55,2
2025-10-20,Abruzzo,Indeed,AZ_IT_INDEED_RETARGETING_CANDIDATI,17.26,1917,37,1
2025-10-20,Abruzzo,Indeed,AZ_IT_INDEED_SPONSORED_JOBS,83.20,3707,170,6
2025-10-20,Basilicata,Indeed,AZ_IT_INDEED_DISPLAY_RETE,4.17,669,3,0
2025-10-20,Basilicata,Indeed,AZ_IT_INDEED_PPA_STAGIONALI,5.34,266,10,0
2025-10-20,Basilicata,Indeed,AZ_IT_INDEED_RETARGETING_CANDIDATI,6.34,677,13,0
2025-10-20,Basilicata,Indeed,AZ_IT_INDEED_SPONSORED_JOBS,26.57,1187,47,1
2025-10-20,Calabria,Indeed,AZ_IT_INDEED_DISPLAY_RETE,22.58,3499,17,1
2025-10-20,Calabria,Indeed,AZ_IT_INDEED_PPA_STAGIONALI,29.94,1497,59,2
2025-10-20,Calabria,Indeed,AZ_IT_INDEED_RETARGETING_CANDIDATI,25.84,2929,51,1
2025-10-20,Calabria,Indeed,AZ_IT_INDEED_SPONSORED_JOBS,113.71,5052,180,8
2025-10-20,Campania,Indeed,AZ_IT_INDEED_DISPLAY_RETE,58.64,9306,50,1
2025-10-20,Campania,Indeed,AZ_IT_INDEED_PPA_STAGIONALI,118.87,5879,199,8
2025-10-20,Campania,Indeed,AZ_IT_INDEED_RETARGETING_CANDIDATI,50.34,5733,97,2
2025-10-20,Campania,Indeed,AZ_IT_INDEED_SPONSORED_JOBS,166.93,7661,293,11
2025-10-20,Emilia-Romagna,Indeed,AZ_IT_INDEED_DISPLAY_RETE,53.70,8749,45,1
2025-10-20,Emilia-Romagna,Indeed,AZ_IT_INDEED_PPA_STAGIONALI,135.25,6730,245,6
2025-10-20,Emilia-Romagna,Indeed,AZ_IT_INDEED_RETARGETING_CANDIDATI,83.26,9176,162,2
2025-10-20,Emilia-Romagna,Indeed,AZ_IT_INDEED_SPONSORED_JOBS,329.70,14674,617,15
2025-10-20,Friuli-Venezia Giulia,Indeed,AZ_IT_INDEED_DISPLAY_RETE,16.15,2662,14,0
2025-10-20,Friuli-Venezia Giulia,Indeed,AZ_IT_INDEED_PPA_STAGIONALI,23.14,1148,42,2
2025-10-20,Friuli-Venezia Giulia,Indeed,AZ_IT_INDEED_RETARGETING_CANDIDATI,13.66,1422,26,1
2025-10-20,Friuli-Venezia Giulia,Indeed,AZ_IT_INDEED_SPONSORED_JOBS,52.64,2242,102,4
2025-10-20,Lazio,Indeed,AZ_IT_INDEED_DISPLAY_RETE,99.31,16314,76,2
2025-10-20,Lazio,Indeed,AZ_IT_INDEED_PPA_STAGIONALI,99.27,4855,193,9
2025-10-20,Lazio,Indeed,AZ_IT_INDEED_RETARGETING_CANDIDATI,93.13,10545,172,3
2025-10-20,Lazio,Indeed,AZ_IT_INDEED_SPONSORED_JOBS,271.47,12166,530,23
2025-10-20,Liguria,Indeed,AZ_IT_INDEED_DISPLAY_RETE,21.00,3491,18,1
2025-10-20,Liguria,Indeed,AZ_IT_INDEED_PPA_STAGIONALI,12.02,557,23,1
2025-10-20,Liguria,Indeed,AZ_IT_INDEED_RETARGETING_CANDIDATI,20.35,2281,43,1
2025-10-20,Liguria,Indeed,AZ_IT_INDEED_SPONSORED_JOBS,65.47,3059,134,5
2025-10-20,Lombardia,Indeed,AZ_IT_INDEED_DISPLAY_RETE,205.45,33200,164,5
2025-10-20,Lombardia,Indeed,AZ_IT_INDEED_PPA_STAGIONALI,243.84,12205,473,18
2025-10-20,Lombardia,Indeed,AZ_IT_INDEED_RETARGETING_CANDIDATI,129.83,15021,270,4
2025-10-20,Lombardia,Indeed,AZ_IT_INDEED_SPONSORED_JOBS,771.70,36527,1364,61
2025-10-20,Marche,Indeed,AZ_IT_INDEED_DISPLAY_RETE,21.78,3647,17,1
2025-10-20,Marche,Indeed,AZ_IT_INDEED_PPA_STAGIONALI,29.42,1539,57,5
2025-10-20,Marche,Indeed,AZ_IT_INDEED_RETARGETING_CANDIDATI,15.62,1681,29,1
2025-10-20,Marche,Indeed,AZ_IT_INDEED_SPONSORED_JOBS,43.52,2029,88,7
2025-10-20,Molise,Indeed,AZ_IT_INDEED_DISPLAY_RETE,3.88,640,3,0
2025-10-20,Molise,Indeed,AZ_IT_INDEED_PPA_STAGIONALI,3.23,164,6,0
2025-10-20,Molise,Indeed,AZ_IT_INDEED_RETARGETING_CANDIDATI,4.24,496,9,0
2025-10-20,Molise,Indeed,AZ_IT_INDEED_SPONSORED_JOBS,7.74,351,14,1
2025-10-20,Piemonte,Indeed,AZ_IT_INDEED_DISPLAY_RETE,90.05,14747,81,3
2025-10-20,Piemonte,Indeed,AZ_IT_INDEED_PPA_STAGIONALI,86.30,4295,167,10
2025-10-20,Piemonte,Indeed,AZ_IT_INDEED_RETARGETING_CANDIDATI,71.37,7806,154,4
2025-10-20,Piemonte,Indeed,AZ_IT_INDEED_SPONSORED_JOBS,207.62,9741,448,19
2025-10-20,Puglia,Indeed,AZ_IT_INDEED_DISPLAY_RETE,66.73,11114,58,2
2025-10-20,Puglia,Indeed,AZ_IT_INDEED_PPA_STAGIONALI,75.54,3627,137,8
2025-10-20,Puglia,Indeed,AZ_IT_INDEED_RETARGETING_CANDIDATI,70.80,8397,153,4
2025-10-20,Puglia,Indeed,AZ_IT_INDEED_SPONSORED_JOBS,106.19,5113,216,12
2025-10-20,Sardegna,Indeed,AZ_IT_INDEED_DISPLAY_RETE,17.86,2920,14,0
2025-10-20,Sardegna,Indeed,AZ_IT_INDEED_PPA_STAGIONALI,19.38,944,34,1
2025-10-20,Sardegna,Indeed,AZ_IT_INDEED_RETARGETING_CANDIDATI,18.84,2049,37,1
2025-10-20,Sardegna,Indeed,AZ_IT_INDEED_SPONSORED_JOBS,74.08,3422,144,6
2025-10-20,Sicilia,Indeed,AZ_IT_INDEED_DISPLAY_RETE,77.22,13416,65,2
2025-10-20,Sicilia,Indeed,AZ_IT_INDEED_PPA_STAGIONALI,95.56,4516,158,6
2025-10-20,Sicilia,Indeed,AZ_IT_INDEED_RETARGETING_CANDIDATI,37.73,4244,74,1
2025-10-20,Sicilia,Indeed,AZ_IT_INDEED_SPONSORED_JOBS,152.34,6937,257,9
2025-10-20,Toscana,Indeed,AZ_IT_INDEED_DISPLAY_RETE,59.25,9725,47,2
2025-10-20,Toscana,Indeed,AZ_IT_INDEED_PPA_STAGIONALI,41.73,2112,75,5
2025-10-20,Toscana,Indeed,AZ_IT_INDEED_RETARGETING_CANDIDATI,64.85,6824,108,3
2025-10-20,Toscana,Indeed,AZ_IT_INDEED_SPONSORED_JOBS,136.18,6518,279,13
2025-10-20,Trentino-Alto Adige,Indeed,AZ_IT_INDEED_DISPLAY_RETE,13.56,2252,11,0
2025-10-20,Trentino-Alto Adige,Indeed,AZ_IT_INDEED_PPA_STAGIONALI,19.15,935,33,2
2025-10-20,Trentino-Alto Adige,Indeed,AZ_IT_INDEED_RETARGETING_CANDIDATI,15.55,1716,29,1
2025-10-20,Trentino-Alto Adige,Indeed,AZ_IT_INDEED_SPONSORED_JOBS,58.86,2626,103,5
2025-10-20,Umbria,Indeed,AZ_IT_INDEED_DISPLAY_RETE,6.87,1198,6,0
2025-10-20,Umbria,Indeed,AZ_IT_INDEED_PPA_STAGIONALI,11.26,582,22,1
2025-10-20,Umbria,Indeed,AZ_IT_INDEED_RETARGETING_CANDIDATI,11.98,1324,24,0
2025-10-20,Umbria,Indeed,AZ_IT_INDEED_SPONSORED_JOBS,34.78,1619,69,2
2025-10-20,Valle d'Aosta,Indeed,AZ_IT_INDEED_DISPLAY_RETE,1.45,236,1,0
2025-10-20,Valle d'Aosta,Indeed,AZ_IT_INDEED_PPA_STAGIONALI,1.80,84,3,0
2025-10-20,Valle d'Aosta,Indeed,AZ_IT_INDEED_RETARGETING_CANDIDATI,0.92,103,2,0
2025-10-20,Valle d'Aosta,Indeed,AZ_IT_INDEED_SPONSORED_JOBS,7.28,301,12,0
2025-10-20,Veneto,Indeed,AZ_IT_INDEED_DISPLAY_RETE,77.03,13203,64,2
2025-10-20,Veneto,Indeed,AZ_IT_INDEED_PPA_STAGIONALI,106.47,5237,208,10
2025-10-20,Veneto,Indeed,AZ_IT_INDEED_RETARGETING_CANDIDATI,161.39,17740,304,6
2025-10-20,Veneto,Indeed,AZ_IT_INDEED_SPONSORED_JOBS,264.36,11889,470,22
2025-10-27,Abruzzo,Indeed,AZ_IT_INDEED_DISPLAY_RETE,10.75,1764,9,0
2025-10-27,Abruzzo,Indeed,AZ_IT_INDEED_PPA_STAGIONALI,16.98,874,28,2
2025-10-27,Abruzzo,Indeed,AZ_IT_INDEED_RETARGETING_CANDIDATI,12.07,1334,22,1
2025-10-27,Abruzzo,Indeed,AZ_IT_INDEED_SPONSORED_JOBS,47.92,2034,86,5
2025-10-27,Basilicata,Indeed,AZ_IT_INDEED_DISPLAY_RETE,3.34,591,3,0
2025-10-27,Basilicata,Indeed,AZ_IT_INDEED_PPA_STAGIONALI,3.06,147,5,0
2025-10-27,Basilicata,Indeed,AZ_IT_INDEED_RETARGETING_CANDIDATI,4.23,485,9,0
2025-10-27,Basilicata,Indeed,AZ_IT_INDEED_SPONSORED_JOBS,19.69,916,38,1
2025-10-27,Calabria,Indeed,AZ_IT_INDEED_DISPLAY_RETE,17.15,2817,15,1
2025-10-27,Calabria,Indeed,AZ_IT_INDEED_PPA_STAGIONALI,14.16,680,26,1
2025-10-27,Calabria,Indeed,AZ_IT_INDEED_RETARGETING_CANDIDATI,20.95,2280,43,1
2025-10-27,Calabria,Indeed,AZ_IT_INDEED_SPONSORED_JOBS,75.90,3370,126,8
2025-10-27,Campania,Indeed,AZ_IT_INDEED_DISPLAY_RETE,52.16,8391,48,1
2025-10-27,Campania,Indeed,AZ_IT_INDEED_PPA_STAGIONALI,69.33,3403,131,5
2025-10-27,Campania,Indeed,AZ_IT_INDEED_RETARGETING_CANDIDATI,36.87,4045,76,1
2025-10-27,Campania,Indeed,AZ_IT_INDEED_SPONSORED_JOBS,125.30,5813,264,13
2025-10-27,Emilia-Romagna,Indeed,AZ_IT_INDEED_DISPLAY_RETE,45.86,7900,46,1
2025-10-27,Emilia-Romagna,Indeed,AZ_IT_INDEED_PPA_STAGIONALI,53.86,2599,99,4
2025-10-27,Emilia-Romagna,Indeed,AZ_IT_INDEED_RETARGETING_CANDIDATI,57.93,6517,129,2
2025-10-27,Emilia-Romagna,Indeed,AZ_IT_INDEED_SPONSORED_JOBS,198.41,8869,358,15
2025-10-27,Friuli-Venezia Giulia,Indeed,AZ_IT_INDEED_DISPLAY_RETE,11.68,2077,11,0
2025-10-27,Friuli-Venezia Giulia,Indeed,AZ_IT_INDEED_PPA_STAGIONALI,11.07,546,22,1
2025-10-27,Friuli-Venezia Giulia,Indeed,AZ_IT_INDEED_RETARGETING_CANDIDATI,9.44,1052,17,0
2025-10-27,Friuli-Venezia Giulia,Indeed,AZ_IT_INDEED_SPONSORED_JOBS,42.90,1923,84,5
2025-10-27,Lazio,Indeed,AZ_IT_INDEED_DISPLAY_RETE,74.00,12541,72,2
2025-10-27,Lazio,Indeed,AZ_IT_INDEED_PPA_STAGIONALI,50.76,2363,99,5
2025-10-27,Lazio,Indeed,AZ_IT_INDEED_RETARGETING_CANDIDATI,68.37,7563,145,3
2025-10-27,Lazio,Indeed,AZ_IT_INDEED_SPONSORED_JOBS,216.64,9657,393,19
2025-10-27,Liguria,Indeed,AZ_IT_INDEED_DISPLAY_RETE,11.26,1858,9,0
2025-10-27,Liguria,Indeed,AZ_IT_INDEED_PPA_STAGIONALI,6.83,353,14,1
2025-10-27,Liguria,Indeed,AZ_IT_INDEED_RETARGETING_CANDIDATI,13.75,1531,28,1
2025-10-27,Liguria,Indeed,AZ_IT_INDEED_SPONSORED_JOBS,43.56,2015,78,4
2025-10-27,Lombardia,Indeed,AZ_IT_INDEED_DISPLAY_RETE,169.76,27126,127,5
2025-10-27,Lombardia,Indeed,AZ_IT_INDEED_PPA_STAGIONALI,132.57,6777,260,13
2025-10-27,Lombardia,Indeed,AZ_IT_INDEED_RETARGETING_CANDIDATI,100.04,10663,197,5
2025-10-27,Lombardia,Indeed,AZ_IT_INDEED_SPONSORED_JOBS,526.39,24192,978,47
2025-10-27,Marche,Indeed,AZ_IT_INDEED_DISPLAY_RETE,17.77,2986,15,1
2025-10-27,Marche,Indeed,AZ_IT_INDEED_PPA_STAGIONALI,13.61,668,26,3
2025-10-27,Marche,Indeed,AZ_IT_INDEED_RETARGETING_CANDIDATI,11.06,1301,26,1
2025-10-27,Marche,Indeed,AZ_IT_INDEED_SPONSORED_JOBS,27.52,1219,52,7
2025-10-27,Molise,Indeed,AZ_IT_INDEED_DISPLAY_RETE,3.51,616,3,0
2025-10-27,Molise,Indeed,AZ_IT_INDEED_PPA_STAGIONALI,1.80,85,3,0
2025-10-27,Molise,Indeed,AZ_IT_INDEED_RETARGETING_CANDIDATI,2.95,323,5,0
2025-10-27,Molise,Indeed,AZ_IT_INDEED_SPONSORED_JOBS,5.48,249,12,1
2025-10-27,Piemonte,Indeed,AZ_IT_INDEED_DISPLAY_RETE,62.46,10624,53,3
2025-10-27,Piemonte,Indeed,AZ_IT_INDEED_PPA_STAGIONALI,47.39,2302,95,6
2025-10-27,Piemonte,Indeed,AZ_IT_INDEED_RETARGETING_CANDIDATI,48.31,5221,93,3
2025-10-27,Piemonte,Indeed,AZ_IT_INDEED_SPONSORED_JOBS,148.78,6629,291,19
2025-10-27,Puglia,Indeed,AZ_IT_INDEED_DISPLAY_RETE,47.01,7758,39,3
2025-10-27,Puglia,Indeed,AZ_IT_INDEED_PPA_STAGIONALI,34.57,1764,67,5
2025-10-27,Puglia,Indeed,AZ_IT_INDEED_RETARGETING_CANDIDATI,43.44,4859,85,3
2025-10-27,Puglia,Indeed,AZ_IT_INDEED_SPONSORED_JOBS,67.10,3009,119,10
2025-10-27,Sardegna,Indeed,AZ_IT_INDEED_DISPLAY_RETE,15.06,2478,13,0
2025-10-27,Sardegna,Indeed,AZ_IT_INDEED_PPA_STAGIONALI,9.03,461,17,1
2025-10-27,Sardegna,Indeed,AZ_IT_INDEED_RETARGETING_CANDIDATI,12.47,1337,22,1
2025-10-27,Sardegna,Indeed,AZ_IT_INDEED_SPONSORED_JOBS,63.47,2846,104,6
2025-10-27,Sicilia,Indeed,AZ_IT_INDEED_DISPLAY_RETE,67.70,11388,56,2
2025-10-27,Sicilia,Indeed,AZ_IT_INDEED_PPA_STAGIONALI,58.85,2882,113,4
2025-10-27,Sicilia,Indeed,AZ_IT_INDEED_RETARGETING_CANDIDATI,27.32,3000,53,1
2025-10-27,Sicilia,Indeed,AZ_IT_INDEED_SPONSORED_JOBS,116.40,5207,214,9
2025-10-27,Toscana,Indeed,AZ_IT_INDEED_DISPLAY_RETE,44.83,7250,35,2
2025-10-27,Toscana,Indeed,AZ_IT_INDEED_PPA_STAGIONALI,20.01,1013,37,2
2025-10-27,Toscana,Indeed,AZ_IT_INDEED_RETARGETING_CANDIDATI,48.45,5581,103,2
2025-10-27,Toscana,Indeed,AZ_IT_INDEED_SPONSORED_JOBS,117.95,5478,225,14
2025-10-27,Trentino-Alto Adige,Indeed,AZ_IT_INDEED_DISPLAY_RETE,11.05,1857,10,0
2025-10-27,Trentino-Alto Adige,Indeed,AZ_IT_INDEED_PPA_STAGIONALI,10.03,478,20,1
2025-10-27,Trentino-Alto Adige,Indeed,AZ_IT_INDEED_RETARGETING_CANDIDATI,12.07,1342,24,1
2025-10-27,Trentino-Alto Adige,Indeed,AZ_IT_INDEED_SPONSORED_JOBS,39.13,1817,80,5
2025-10-27,Umbria,Indeed,AZ_IT_INDEED_DISPLAY_RETE,6.23,1071,5,0
2025-10-27,Umbria,Indeed,AZ_IT_INDEED_PPA_STAGIONALI,5.35,266,9,0
2025-10-27,Umbria,Indeed,AZ_IT_INDEED_RETARGETING_CANDIDATI,9.04,982,16,0
2025-10-27,Umbria,Indeed,AZ_IT_INDEED_SPONSORED_JOBS,23.60,1023,46,2
2025-10-27,Valle d'Aosta,Indeed,AZ_IT_INDEED_DISPLAY_RETE,1.08,182,1,0
2025-10-27,Valle d'Aosta,Indeed,AZ_IT_INDEED_PPA_STAGIONALI,0.93,45,2,0
2025-10-27,Valle d'Aosta,Indeed,AZ_IT_INDEED_RETARGETING_CANDIDATI,0.78,83,1,0
2025-10-27,Valle d'Aosta,Indeed,AZ_IT_INDEED_SPONSORED_JOBS,4.92,222,10,0
2025-10-27,Veneto,Indeed,AZ_IT_INDEED_DISPLAY_RETE,69.10,11568,56,3
2025-10-27,Veneto,Indeed,AZ_IT_INDEED_PPA_STAGIONALI,49.08,2476,101,5
2025-10-27,Veneto,Indeed,AZ_IT_INDEED_RETARGETING_CANDIDATI,101.14,11351,188,5
2025-10-27,Veneto,Indeed,AZ_IT_INDEED_SPONSORED_JOBS,207.55,10181,445,20
2025-11-03,Abruzzo,Indeed,AZ_IT_INDEED_DISPLAY_RETE,12.83,2069,11,0
2025-11-03,Abruzzo,Indeed,AZ_IT_INDEED_PPA_STAGIONALI,14.03,691,29,1
2025-11-03,Abruzzo,Indeed,AZ_IT_INDEED_RETARGETING_CANDIDATI,10.43,1127,19,0
2025-11-03,Abruzzo,Indeed,AZ_IT_INDEED_SPONSORED_JOBS,53.18,2514,102,5
2025-11-03,Basilicata,Indeed,AZ_IT_INDEED_DISPLAY_RETE,3.37,570,3,0
2025-11-03,Basilicata,Indeed,AZ_IT_INDEED_PPA_STAGIONALI,3.19,158,7,0
2025-11-03,Basilicata,Indeed,AZ_IT_INDEED_RETARGETING_CANDIDATI,3.86,417,7,0
2025-11-03,Basilicata,Indeed,AZ_IT_INDEED_SPONSORED_JOBS,23.11,1120,49,1
2025-11-03,Calabria,Indeed,AZ_IT_INDEED_DISPLAY_RETE,19.07,3090,14,1
2025-11-03,Calabria,Indeed,AZ_IT_INDEED_PPA_STAGIONALI,14.74,735,27,1
2025-11-03,Calabria,Indeed,AZ_IT_INDEED_RETARGETING_CANDIDATI,13.86,1556,31,1
2025-11-03,Calabria,Indeed,AZ_IT_INDEED_SPONSORED_JOBS,88.88,3924,164,9
2025-11-03,Campania,Indeed,AZ_IT_INDEED_DISPLAY_RETE,50.50,8616,39,1
2025-11-03,Campania,Indeed,AZ_IT_INDEED_PPA_STAGIONALI,70.64,3336,126,6
2025-11-03,Campania,Indeed,AZ_IT_INDEED_RETARGETING_CANDIDATI,25.15,2866,50,1
2025-11-03,Campania,Indeed,AZ_IT_INDEED_SPONSORED_JOBS,117.40,5283,247,7
2025-11-03,Emilia-Romagna,Indeed,AZ_IT_INDEED_DISPLAY_RETE,37.96,6476,30,1
2025-11-03,Emilia-Romagna,Indeed,AZ_IT_INDEED_PPA_STAGIONALI,72.52,3622,141,4
2025-11-03,Emilia-Romagna,Indeed,AZ_IT_INDEED_RETARGETING_CANDIDATI,42.31,4597,80,1
2025-11-03,Emilia-Romagna,Indeed,AZ_IT_INDEED_SPONSORED_JOBS,229.08,10159,423,14
2025-11-03,Friuli-Venezia Giulia,Indeed,AZ_IT_INDEED_DISPLAY_RETE,11.50,1836,8,0
2025-11-03,Friuli-Venezia Giulia,Indeed,AZ_IT_INDEED_PPA_STAGIONALI,12.57,649,25,1
2025-11-03,Friuli-Venezia Giulia,Indeed,AZ_IT_INDEED_RETARGETING_CANDIDATI,7.29,773,14,0
2025-11-03,Friuli-Venezia Giulia,Indeed,AZ_IT_INDEED_SPONSORED_JOBS,48.59,2213,90,4
2025-11-03,Lazio,Indeed,AZ_IT_INDEED_DISPLAY_RETE,61.47,9977,51,2
2025-11-03,Lazio,Indeed,AZ_IT_INDEED_PPA_STAGIONALI,48.02,2405,98,4
2025-11-03,Lazio,Indeed,AZ_IT_INDEED_RETARGETING_CANDIDATI,41.99,4613,79,2
2025-11-03,Lazio,Indeed,AZ_IT_INDEED_SPONSORED_JOBS,238.33,10932,472,20
2025-11-03,Liguria,Indeed,AZ_IT_INDEED_DISPLAY_RETE,11.99,1988,10,0
2025-11-03,Liguria,Indeed,AZ_IT_INDEED_PPA_STAGIONALI,5.96,307,12,0
2025-11-03,Liguria,Indeed,AZ_IT_INDEED_RETARGETING_CANDIDATI,10.83,1226,24,0
2025-11-03,Liguria,Indeed,AZ_IT_INDEED_SPONSORED_JOBS,49.10,2269,103,4
2025-11-03,Lombardia,Indeed,AZ_IT_INDEED_DISPLAY_RETE,177.78,29068,152,6
2025-11-03,Lombardia,Indeed,AZ_IT_INDEED_PPA_STAGIONALI,117.49,5799,260,11
2025-11-03,Lombardia,Indeed,AZ_IT_INDEED_RETARGETING_CANDIDATI,83.79,9403,176,4
2025-11-03,Lombardia,Indeed,AZ_IT_INDEED_SPONSORED_JOBS,587.03,26352,1142,57
2025-11-03,Marche,Indeed,AZ_IT_INDEED_DISPLAY_RETE,14.12,2314,12,1
2025-11-03,Marche,Indeed,AZ_IT_INDEED_PPA_STAGIONALI,16.94,853,35,4
2025-11-03,Marche,Indeed,AZ_IT_INDEED_RETARGETING_CANDIDATI,10.15,1105,20,1
2025-11-03,Marche,Indeed,AZ_IT_INDEED_SPONSORED_JOBS,31.40,1401,59,6
2025-11-03,Molise,Indeed,AZ_IT_INDEED_DISPLAY_RETE,3.46,589,3,0
2025-11-03,Molise,Indeed,AZ_IT_INDEED_PPA_STAGIONALI,2.17,109,5,0
2025-11-03,Molise,Indeed,AZ_IT_INDEED_RETARGETING_CANDIDATI,2.75,309,6,0
2025-11-03,Molise,Indeed,AZ_IT_INDEED_SPONSORED_JOBS,6.97,309,13,1
2025-11-03,Piemonte,Indeed,AZ_IT_INDEED_DISPLAY_RETE,65.03,11055,56,3
2025-11-03,Piemonte,Indeed,AZ_IT_INDEED_PPA_STAGIONALI,53.13,2706,97,6
2025-11-03,Piemonte,Indeed,AZ_IT_INDEED_RETARGETING_CANDIDATI,38.08,4142,78,3
2025-11-03,Piemonte,Indeed,AZ_IT_INDEED_SPONSORED_JOBS,167.64,7592,292,21
2025-11-03,Puglia,Indeed,AZ_IT_INDEED_DISPLAY_RETE,43.13,7343,39,2
2025-11-03,Puglia,Indeed,AZ_IT_INDEED_PPA_STAGIONALI,37.71,1938,78,4
2025-11-03,Puglia,Indeed,AZ_IT_INDEED_RETARGETING_CANDIDATI,31.59,3394,60,2
2025-11-03,Puglia,Indeed,AZ_IT_INDEED_SPONSORED_JOBS,90.63,4200,186,11
2025-11-03,Sardegna,Indeed,AZ_IT_INDEED_DISPLAY_RETE,13.26,2255,11,0
2025-11-03,Sardegna,Indeed,AZ_IT_INDEED_PPA_STAGIONALI,8.68,416,17,1
2025-11-03,Sardegna,Indeed,AZ_IT_INDEED_RETARGETING_CANDIDATI,11.47,1330,25,1
2025-11-03,Sardegna,Indeed,AZ_IT_INDEED_SPONSORED_JOBS,61.24,2849,127,5
2025-11-03,Sicilia,Indeed,AZ_IT_INDEED_DISPLAY_RETE,61.93,10874,56,1
2025-11-03,Sicilia,Indeed,AZ_IT_INDEED_PPA_STAGIONALI,59.88,2924,119,4
2025-11-03,Sicilia,Indeed,AZ_IT_INDEED_RETARGETING_CANDIDATI,25.00,2875,53,1
2025-11-03,Sicilia,Indeed,AZ_IT_INDEED_SPONSORED_JOBS,139.42,6587,230,9
2025-11-03,Toscana,Indeed,AZ_IT_INDEED_DISPLAY_RETE,43.34,7173,37,1
2025-11-03,Toscana,Indeed,AZ_IT_INDEED_PPA_STAGIONALI,21.29,1080,36,2
2025-11-03,Toscana,Indeed,AZ_IT_INDEED_RETARGETING_CANDIDATI,39.50,4267,74,2
2025-11-03,Toscana,Indeed,AZ_IT_INDEED_SPONSORED_JOBS,142.35,6548,252,14
2025-11-03,Trentino-Alto Adige,Indeed,AZ_IT_INDEED_DISPLAY_RETE,10.17,1730,9,0
2025-11-03,Trentino-Alto Adige,Indeed,AZ_IT_INDEED_PPA_STAGIONALI,11.87,600,22,1
2025-11-03,Trentino-Alto Adige,Indeed,AZ_IT_INDEED_RETARGETING_CANDIDATI,8.19,924,17,0
2025-11-03,Trentino-Alto Adige,Indeed,AZ_IT_INDEED_SPONSORED_JOBS,49.69,2315,100,5
2025-11-03,Umbria,Indeed,AZ_IT_INDEED_DISPLAY_RETE,5.70,885,4,0
2025-11-03,Umbria,Indeed,AZ_IT_INDEED_PPA_STAGIONALI,5.66,283,10,0
2025-11-03,Umbria,Indeed,AZ_IT_INDEED_RETARGETING_CANDIDATI,7.22,769,15,0
2025-11-03,Umbria,Indeed,AZ_IT_INDEED_SPONSORED_JOBS,26.86,1170,46,2
2025-11-03,Valle d'Aosta,Indeed,AZ_IT_INDEED_DISPLAY_RETE,1.00,159,1,0
2025-11-03,Valle d'Aosta,Indeed,AZ_IT_INDEED_PPA_STAGIONALI,0.94,51,2,0
2025-11-03,Valle d'Aosta,Indeed,AZ_IT_INDEED_RETARGETING_CANDIDATI,0.58,67,1,0
2025-11-03,Valle d'Aosta,Indeed,AZ_IT_INDEED_SPONSORED_JOBS,6.09,286,12,1
2025-11-03,Veneto,Indeed,AZ_IT_INDEED_DISPLAY_RETE,61.32,10422,54,2
2025-11-03,Veneto,Indeed,AZ_IT_INDEED_PPA_STAGIONALI,55.82,2799,104,6
2025-11-03,Veneto,Indeed,AZ_IT_INDEED_RETARGETING_CANDIDATI,73.47,8320,141,3
2025-11-03,Veneto,Indeed,AZ_IT_INDEED_SPONSORED_JOBS,241.60,11369,434,25
2025-11-10,Abruzzo,Indeed,AZ_IT_INDEED_DISPLAY_RETE,9.67,1613,8,0
2025-11-10,Abruzzo,Indeed,AZ_IT_INDEED_PPA_STAGIONALI,14.04,708,33,1
2025-11-10,Abruzzo,Indeed,AZ_IT_INDEED_RETARGETING_CANDIDATI,9.81,1096,22,0
2025-11-10,Abruzzo,Indeed,AZ_IT_INDEED_SPONSORED_JOBS,57.56,2759,106,5
2025-11-10,Basilicata,Indeed,AZ_IT_INDEED_DISPLAY_RETE,2.96,494,2,0
2025-11-10,Basilicata,Indeed,AZ_IT_INDEED_PPA_STAGIONALI,3.70,178,7,0
2025-11-10,Basilicata,Indeed,AZ_IT_INDEED_RETARGETING_CANDIDATI,3.38,360,6,0
2025-11-10,Basilicata,Indeed,AZ_IT_INDEED_SPONSORED_JOBS,17.40,842,32,1
2025-11-10,Calabria,Indeed,AZ_IT_INDEED_DISPLAY_RETE,11.44,1898,9,0
2025-11-10,Calabria,Indeed,AZ_IT_INDEED_PPA_STAGIONALI,16.17,831,32,1
2025-11-10,Calabria,Indeed,AZ_IT_INDEED_RETARGETING_CANDIDATI,17.05,1955,35,1
2025-11-10,Calabria,Indeed,AZ_IT_INDEED_SPONSORED_JOBS,85.37,3751,153,7
2025-11-10,Campania,Indeed,AZ_IT_INDEED_DISPLAY_RETE,39.88,6229,30,1
2025-11-10,Campania,Indeed,AZ_IT_INDEED_PPA_STAGIONALI,79.16,3969,158,5
2025-11-10,Campania,Indeed,AZ_IT_INDEED_RETARGETING_CANDIDATI,22.38,2511,45,1
2025-11-10,Campania,Indeed,AZ_IT_INDEED_SPONSORED_JOBS,111.46,5213,214,7
2025-11-10,Emilia-Romagna,Indeed,AZ_IT_INDEED_DISPLAY_RETE,36.05,5833,31,1
2025-11-10,Emilia-Romagna,Indeed,AZ_IT_INDEED_PPA_STAGIONALI,67.00,3356,129,5
2025-11-10,Emilia-Romagna,Indeed,AZ_IT_INDEED_RETARGETING_CANDIDATI,32.86,3708,76,1
2025-11-10,Emilia-Romagna,Indeed,AZ_IT_INDEED_SPONSORED_JOBS,211.90,9543,358,14
2025-11-10,Friuli-Venezia Giulia,Indeed,AZ_IT_INDEED_DISPLAY_RETE,7.21,1200,6,0
2025-11-10,Friuli-Venezia Giulia,Indeed,AZ_IT_INDEED_PPA_STAGIONALI,15.96,844,36,1
2025-11-10,Friuli-Venezia Giulia,Indeed,AZ_IT_INDEED_RETARGETING_CANDIDATI,6.72,772,14,0
2025-11-10,Friuli-Venezia Giulia,Indeed,AZ_IT_INDEED_SPONSORED_JOBS,45.38,2036,77,4
2025-11-10,Lazio,Indeed,AZ_IT_INDEED_DISPLAY_RETE,50.95,8826,49,1
2025-11-10,Lazio,Indeed,AZ_IT_INDEED_PPA_STAGIONALI,52.42,2608,103,4
2025-11-10,Lazio,Indeed,AZ_IT_INDEED_RETARGETING_CANDIDATI,49.91,5645,108,2
2025-11-10,Lazio,Indeed,AZ_IT_INDEED_SPONSORED_JOBS,232.76,10480,417,18
2025-11-10,Liguria,Indeed,AZ_IT_INDEED_DISPLAY_RETE,9.05,1519,7,0
2025-11-10,Liguria,Indeed,AZ_IT_INDEED_PPA_STAGIONALI,7.15,369,14,1
2025-11-10,Liguria,Indeed,AZ_IT_INDEED_RETARGETING_CANDIDATI,10.29,1100,21,0
2025-11-10,Liguria,Indeed,AZ_IT_INDEED_SPONSORED_JOBS,45.15,2026,81,3
2025-11-10,Lombardia,Indeed,AZ_IT_INDEED_DISPLAY_RETE,130.24,21597,93,5
2025-11-10,Lombardia,Indeed,AZ_IT_INDEED_PPA_STAGIONALI,141.07,7287,272,14
2025-11-10,Lombardia,Indeed,AZ_IT_INDEED_RETARGETING_CANDIDATI,75.02,8617,142,4
2025-11-10,Lombardia,Indeed,AZ_IT_INDEED_SPONSORED_JOBS,429.65,19472,755,42
2025-11-10,Marche,Indeed,AZ_IT_INDEED_DISPLAY_RETE,10.75,1787,8,1
2025-11-10,Marche,Indeed,AZ_IT_INDEED_PPA_STAGIONALI,18.05,897,37,3
2025-11-10,Marche,Indeed,AZ_IT_INDEED_RETARGETING_CANDIDATI,8.07,876,18,1
2025-11-10,Marche,Indeed,AZ_IT_INDEED_SPONSORED_JOBS,28.14,1265,54,5
2025-11-10,Molise,Indeed,AZ_IT_INDEED_DISPLAY_RETE,2.82,460,2,0
2025-11-10,Molise,Indeed,AZ_IT_INDEED_PPA_STAGIONALI,2.49,119,5,0
2025-11-10,Molise,Indeed,AZ_IT_INDEED_RETARGETING_CANDIDATI,2.20,243,4,0
2025-11-10,Molise,Indeed,AZ_IT_INDEED_SPONSORED_JOBS,8.39,387,15,1
2025-11-10,Piemonte,Indeed,AZ_IT_INDEED_DISPLAY_RETE,47.46,8262,42,2
2025-11-10,Piemonte,Indeed,AZ_IT_INDEED_PPA_STAGIONALI,59.67,2926,116,9
2025-11-10,Piemonte,Indeed,AZ_IT_INDEED_RETARGETING_CANDIDATI,35.91,3948,71,2
2025-11-10,Piemonte,Indeed,AZ_IT_INDEED_SPONSORED_JOBS,138.42,6434,267,18
2025-11-10,Puglia,Indeed,AZ_IT_INDEED_DISPLAY_RETE,33.74,5580,29,2
2025-11-10,Puglia,Indeed,AZ_IT_INDEED_PPA_STAGIONALI,41.79,2159,79,5
2025-11-10,Puglia,Indeed,AZ_IT_INDEED_RETARGETING_CANDIDATI,27.75,2959,55,2
2025-11-10,Puglia,Indeed,AZ_IT_INDEED_SPONSORED_JOBS,82.39,3884,164,11
2025-11-10,Sardegna,Indeed,AZ_IT_INDEED_DISPLAY_RETE,9.50,1662,8,0
2025-11-10,Sardegna,Indeed,AZ_IT_INDEED_PPA_STAGIONALI,9.60,474,17,1
2025-11-10,Sardegna,Indeed,AZ_IT_INDEED_RETARGETING_CANDIDATI,11.01,1195,25,0
2025-11-10,Sardegna,Indeed,AZ_IT_INDEED_SPONSORED_JOBS,59.27,2742,105,5
2025-11-10,Sicilia,Indeed,AZ_IT_INDEED_DISPLAY_RETE,47.79,7888,39,1
2025-11-10,Sicilia,Indeed,AZ_IT_INDEED_PPA_STAGIONALI,64.11,3085,123,4
2025-11-10,Sicilia,Indeed,AZ_IT_INDEED_RETARGETING_CANDIDATI,22.87,2457,44,1
2025-11-10,Sicilia,Indeed,AZ_IT_INDEED_SPONSORED_JOBS,136.89,6217,264,9
2025-11-10,Toscana,Indeed,AZ_IT_INDEED_DISPLAY_RETE,31.98,5318,26,1
2025-11-10,Toscana,Indeed,AZ_IT_INDEED_PPA_STAGIONALI,22.23,1116,47,3
2025-11-10,Toscana,Indeed,AZ_IT_INDEED_RETARGETING_CANDIDATI,36.95,3977,73,2
2025-11-10,Toscana,Indeed,AZ_IT_INDEED_SPONSORED_JOBS,115.82,5384,223,14
2025-11-10,Trentino-Alto Adige,Indeed,AZ_IT_INDEED_DISPLAY_RETE,8.11,1347,7,0
2025-11-10,Trentino-Alto Adige,Indeed,AZ_IT_INDEED_PPA_STAGIONALI,11.33,548,22,1
2025-11-10,Trentino-Alto Adige,Indeed,AZ_IT_INDEED_RETARGETING_CANDIDATI,7.40,819,16,0
2025-11-10,Trentino-Alto Adige,Indeed,AZ_IT_INDEED_SPONSORED_JOBS,47.18,2214,91,5
2025-11-10,Umbria,Indeed,AZ_IT_INDEED_DISPLAY_RETE,4.92,826,4,0
2025-11-10,Umbria,Indeed,AZ_IT_INDEED_PPA_STAGIONALI,5.86,285,11,0
2025-11-10,Umbria,Indeed,AZ_IT_INDEED_RETARGETING_CANDIDATI,6.87,782,14,0
2025-11-10,Umbria,Indeed,AZ_IT_INDEED_SPONSORED_JOBS,27.75,1286,50,2
2025-11-10,Valle d'Aosta,Indeed,AZ_IT_INDEED_DISPLAY_RETE,0.83,133,1,0
2025-11-10,Valle d'Aosta,Indeed,AZ_IT_INDEED_PPA_STAGIONALI,0.90,43,2,0
2025-11-10,Valle d'Aosta,Indeed,AZ_IT_INDEED_RETARGETING_CANDIDATI,0.62,73,1,0
2025-11-10,Valle d'Aosta,Indeed,AZ_IT_INDEED_SPONSORED_JOBS,5.21,241,11,0
2025-11-10,Veneto,Indeed,AZ_IT_INDEED_DISPLAY_RETE,45.46,7582,38,2
2025-11-10,Veneto,Indeed,AZ_IT_INDEED_PPA_STAGIONALI,53.84,2771,91,6
2025-11-10,Veneto,Indeed,AZ_IT_INDEED_RETARGETING_CANDIDATI,63.55,7179,133,3
2025-11-10,Veneto,Indeed,AZ_IT_INDEED_SPONSORED_JOBS,187.70,9249,336,21
2025-11-17,Abruzzo,Indeed,AZ_IT_INDEED_DISPLAY_RETE,7.97,1303,7,0
2025-11-17,Abruzzo,Indeed,AZ_IT_INDEED_PPA_STAGIONALI,14.23,738,30,1
2025-11-17,Abruzzo,Indeed,AZ_IT_INDEED_RETARGETING_CANDIDATI,8.37,977,19,0
2025-11-17,Abruzzo,Indeed,AZ_IT_INDEED_SPONSORED_JOBS,62.95,2816,114,5
2025-11-17,Basilicata,Indeed,AZ_IT_INDEED_DISPLAY_RETE,3.34,555,3,0
2025-11-17,Basilicata,Indeed,AZ_IT_INDEED_PPA_STAGIONALI,3.28,157,6,0
2025-11-17,Basilicata,Indeed,AZ_IT_INDEED_RETARGETING_CANDIDATI,3.25,348,7,0
2025-11-17,Basilicata,Indeed,AZ_IT_INDEED_SPONSORED_JOBS,20.61,964,37,1
2025-11-17,Calabria,Indeed,AZ_IT_INDEED_DISPLAY_RETE,12.35,2035,9,0
2025-11-17,Calabria,Indeed,AZ_IT_INDEED_PPA_STAGIONALI,16.44,827,34,1
2025-11-17,Calabria,Indeed,AZ_IT_INDEED_RETARGETING_CANDIDATI,14.65,1714,31,1
2025-11-17,Calabria,Indeed,AZ_IT_INDEED_SPONSORED_JOBS,103.39,4731,188,8
2025-11-17,Campania,Indeed,AZ_IT_INDEED_DISPLAY_RETE,37.04,5858,33,1
2025-11-17,Campania,Indeed,AZ_IT_INDEED_PPA_STAGIONALI,83.66,4246,163,5
2025-11-17,Campania,Indeed,AZ_IT_INDEED_RETARGETING_CANDIDATI,26.31,2895,56,1
2025-11-17,Campania,Indeed,AZ_IT_INDEED_SPONSORED_JOBS,160.75,6957,257,8
2025-11-17,Emilia-Romagna,Indeed,AZ_IT_INDEED_DISPLAY_RETE,34.63,5707,29,1
2025-11-17,Emilia-Romagna,Indeed,AZ_IT_INDEED_PPA_STAGIONALI,67.84,3321,145,4
2025-11-17,Emilia-Romagna,Indeed,AZ_IT_INDEED_RETARGETING_CANDIDATI,29.93,3547,67,1
2025-11-17,Emilia-Romagna,Indeed,AZ_IT_INDEED_SPONSORED_JOBS,266.02,11493,447,14
2025-11-17,Friuli-Venezia Giulia,Indeed,AZ_IT_INDEED_DISPLAY_RETE,9.59,1642,9,0
2025-11-17,Friuli-Venezia Giulia,Indeed,AZ_IT_INDEED_PPA_STAGIONALI,15.29,746,31,1
2025-11-17,Friuli-Venezia Giulia,Indeed,AZ_IT_INDEED_RETARGETING_CANDIDATI,4.68,505,9,0
2025-11-17,Friuli-Venezia Giulia,Indeed,AZ_IT_INDEED_SPONSORED_JOBS,55.25,2374,90,4
2025-11-17,Lazio,Indeed,AZ_IT_INDEED_DISPLAY_RETE,47.17,7820,40,1
2025-11-17,Lazio,Indeed,AZ_IT_INDEED_PPA_STAGIONALI,52.39,2748,108,3
2025-11-17,Lazio,Indeed,AZ_IT_INDEED_RETARGETING_CANDIDATI,52.78,6053,104,2
2025-11-17,Lazio,Indeed,AZ_IT_INDEED_SPONSORED_JOBS,264.76,12069,443,20
2025-11-17,Liguria,Indeed,AZ_IT_INDEED_DISPLAY_RETE,10.19,1670,8,0
2025-11-17,Liguria,Indeed,AZ_IT_INDEED_PPA_STAGIONALI,6.19,298,11,0
2025-11-17,Liguria,Indeed,AZ_IT_INDEED_RETARGETING_CANDIDATI,8.41,900,16,0
2025-11-17,Liguria,Indeed,AZ_IT_INDEED_SPONSORED_JOBS,62.57,2712,115,4
2025-11-17,Lombardia,Indeed,AZ_IT_INDEED_DISPLAY_RETE,147.01,22953,116,4
2025-11-17,Lombardia,Indeed,AZ_IT_INDEED_PPA_STAGIONALI,144.61,7360,269,12
2025-11-17,Lombardia,Indeed,AZ_IT_INDEED_RETARGETING_CANDIDATI,67.57,7253,142,3
2025-11-17,Lombardia,Indeed,AZ_IT_INDEED_SPONSORED_JOBS,464.76,21104,821,46
2025-11-17,Marche,Indeed,AZ_IT_INDEED_DISPLAY_RETE,10.36,1706,7,1
2025-11-17,Marche,Indeed,AZ_IT_INDEED_PPA_STAGIONALI,18.77,951,36,3
2025-11-17,Marche,Indeed,AZ_IT_INDEED_RETARGETING_CANDIDATI,7.92,939,16,1
2025-11-17,Marche,Indeed,AZ_IT_INDEED_SPONSORED_JOBS,24.71,1130,46,5
2025-11-17,Molise,Indeed,AZ_IT_INDEED_DISPLAY_RETE,2.32,390,2,0
2025-11-17,Molise,Indeed,AZ_IT_INDEED_PPA_STAGIONALI,2.78,149,6,0
2025-11-17,Molise,Indeed,AZ_IT_INDEED_RETARGETING_CANDIDATI,2.47,267,5,0
2025-11-17,Molise,Indeed,AZ_IT_INDEED_SPONSORED_JOBS,8.95,402,17,1
2025-11-17,Piemonte,Indeed,AZ_IT_INDEED_DISPLAY_RETE,48.71,8423,43,2
2025-11-17,Piemonte,Indeed,AZ_IT_INDEED_PPA_STAGIONALI,58.47,3022,103,6
2025-11-17,Piemonte,Indeed,AZ_IT_INDEED_RETARGETING_CANDIDATI,33.82,3786,68,2
2025-11-17,Piemonte,Indeed,AZ_IT_INDEED_SPONSORED_JOBS,175.27,7920,331,25
2025-11-17,Puglia,Indeed,AZ_IT_INDEED_DISPLAY_RETE,33.92,5124,29,1
2025-11-17,Puglia,Indeed,AZ_IT_INDEED_PPA_STAGIONALI,47.79,2277,95,5
2025-11-17,Puglia,Indeed,AZ_IT_INDEED_RETARGETING_CANDIDATI,26.32,2822,54,1
2025-11-17,Puglia,Indeed,AZ_IT_INDEED_SPONSORED_JOBS,98.84,4625,187,10
2025-11-17,Sardegna,Indeed,AZ_IT_INDEED_DISPLAY_RETE,9.62,1666,8,0
2025-11-17,Sardegna,Indeed,AZ_IT_INDEED_PPA_STAGIONALI,10.69,515,19,1
2025-11-17,Sardegna,Indeed,AZ_IT_INDEED_RETARGETING_CANDIDATI,9.26,1030,17,0
2025-11-17,Sardegna,Indeed,AZ_IT_INDEED_SPONSORED_JOBS,65.82,2918,114,5
2025-11-17,Sicilia,Indeed,AZ_IT_INDEED_DISPLAY_RETE,42.93,7285,38,1
2025-11-17,Sicilia,Indeed,AZ_IT_INDEED_PPA_STAGIONALI,69.38,3396,127,4
2025-11-17,Sicilia,Indeed,AZ_IT_INDEED_RETARGETING_CANDIDATI,21.78,2567,50,1
2025-11-17,Sicilia,Indeed,AZ_IT_INDEED_SPONSORED_JOBS,140.85,6426,256,9
2025-11-17,Toscana,Indeed,AZ_IT_INDEED_DISPLAY_RETE,30.24,5016,27,1
2025-11-17,Toscana,Indeed,AZ_IT_INDEED_PPA_STAGIONALI,23.28,1166,39,2
2025-11-17,Toscana,Indeed,AZ_IT_INDEED_RETARGETING_CANDIDATI,40.22,4507,77,2
2025-11-17,Toscana,Indeed,AZ_IT_INDEED_SPONSORED_JOBS,139.29,5917,245,13
2025-11-17,Trentino-Alto Adige,Indeed,AZ_IT_INDEED_DISPLAY_RETE,8.49,1383,7,0
2025-11-17,Trentino-Alto Adige,Indeed,AZ_IT_INDEED_PPA_STAGIONALI,13.65,647,24,1
2025-11-17,Trentino-Alto Adige,Indeed,AZ_IT_INDEED_RETARGETING_CANDIDATI,7.05,771,14,0
2025-11-17,Trentino-Alto Adige,Indeed,AZ_IT_INDEED_SPONSORED_JOBS,49.88,2288,101,5
2025-11-17,Umbria,Indeed,AZ_IT_INDEED_DISPLAY_RETE,4.00,685,3,0
2025-11-17,Umbria,Indeed,AZ_IT_INDEED_PPA_STAGIONALI,5.99,303,12,0
2025-11-17,Umbria,Indeed,AZ_IT_INDEED_RETARGETING_CANDIDATI,6.15,676,13,0
2025-11-17,Umbria,Indeed,AZ_IT_INDEED_SPONSORED_JOBS,33.40,1580,54,2
2025-11-17,Valle d'Aosta,Indeed,AZ_IT_INDEED_DISPLAY_RETE,0.90,151,1,0
2025-11-17,Valle d'Aosta,Indeed,AZ_IT_INDEED_PPA_STAGIONALI,1.06,54,2,0
2025-11-17,Valle d'Aosta,Indeed,AZ_IT_INDEED_RETARGETING_CANDIDATI,0.58,64,1,0
2025-11-17,Valle d'Aosta,Indeed,AZ_IT_INDEED_SPONSORED_JOBS,6.31,294,12,1
2025-11-17,Veneto,Indeed,AZ_IT_INDEED_DISPLAY_RETE,45.11,7179,31,1
2025-11-17,Veneto,Indeed,AZ_IT_INDEED_PPA_STAGIONALI,59.47,2934,104,5
2025-11-17,Veneto,Indeed,AZ_IT_INDEED_RETARGETING_CANDIDATI,72.05,8017,156,3
2025-11-17,Veneto,Indeed,AZ_IT_INDEED_SPONSORED_JOBS,255.85,11563,434,24
2025-11-24,Abruzzo,Indeed,AZ_IT_INDEED_DISPLAY_RETE,12.14,2077,12,0
2025-11-24,Abruzzo,Indeed,AZ_IT_INDEED_PPA_STAGIONALI,15.00,776,29,1
2025-11-24,Abruzzo,Indeed,AZ_IT_INDEED_RETARGETING_CANDIDATI,10.06,1132,20,0
2025-11-24,Abruzzo,Indeed,AZ_IT_INDEED_SPONSORED_JOBS,67.78,3048,120,6
2025-11-24,Basilicata,Indeed,AZ_IT_INDEED_DISPLAY_RETE,3.64,613,4,0
2025-11-24,Basilicata,Indeed,AZ_IT_INDEED_PPA_STAGIONALI,4.73,240,9,0
2025-11-24,Basilicata,Indeed,AZ_IT_INDEED_RETARGETING_CANDIDATI,3.63,413,7,0
2025-11-24,Basilicata,Indeed,AZ_IT_INDEED_SPONSORED_JOBS,21.67,1037,42,1
2025-11-24,Calabria,Indeed,AZ_IT_INDEED_DISPLAY_RETE,19.73,3429,17,1
2025-11-24,Calabria,Indeed,AZ_IT_INDEED_PPA_STAGIONALI,19.08,988,40,2
2025-11-24,Calabria,Indeed,AZ_IT_INDEED_RETARGETING_CANDIDATI,18.34,1999,41,1
2025-11-24,Calabria,Indeed,AZ_IT_INDEED_SPONSORED_JOBS,110.86,5144,209,8
2025-11-24,Campania,Indeed,AZ_IT_INDEED_DISPLAY_RETE,53.46,9014,45,1
2025-11-24,Campania,Indeed,AZ_IT_INDEED_PPA_STAGIONALI,81.23,4380,182,5
2025-11-24,Campania,Indeed,AZ_IT_INDEED_RETARGETING_CANDIDATI,30.00,3393,56,1
2025-11-24,Campania,Indeed,AZ_IT_INDEED_SPONSORED_JOBS,140.16,6395,250,10
2025-11-24,Emilia-Romagna,Indeed,AZ_IT_INDEED_DISPLAY_RETE,51.43,9009,46,1
2025-11-24,Emilia-Romagna,Indeed,AZ_IT_INDEED_PPA_STAGIONALI,74.42,3619,137,4
2025-11-24,Emilia-Romagna,Indeed,AZ_IT_INDEED_RETARGETING_CANDIDATI,37.41,3948,80,1
2025-11-24,Emilia-Romagna,Indeed,AZ_IT_INDEED_SPONSORED_JOBS,244.59,11356,502,15
2025-11-24,Friuli-Venezia Giulia,Indeed,AZ_IT_INDEED_DISPLAY_RETE,11.51,2005,11,0
2025-11-24,Friuli-Venezia Giulia,Indeed,AZ_IT_INDEED_PPA_STAGIONALI,19.09,969,34,2
2025-11-24,Friuli-Venezia Giulia,Indeed,AZ_IT_INDEED_RETARGETING_CANDIDATI,5.61,627,12,0
2025-11-24,Friuli-Venezia Giulia,Indeed,AZ_IT_INDEED_SPONSORED_JOBS,61.71,2763,118,5
2025-11-24,Lazio,Indeed,AZ_IT_INDEED_DISPLAY_RETE,62.19,10234,52,1
2025-11-24,Lazio,Indeed,AZ_IT_INDEED_PPA_STAGIONALI,71.10,3493,128,4
2025-11-24,Lazio,Indeed,AZ_IT_INDEED_RETARGETING_CANDIDATI,44.95,4883,93,1
2025-11-24,Lazio,Indeed,AZ_IT_INDEED_SPONSORED_JOBS,278.53,12626,500,22
2025-11-24,Liguria,Indeed,AZ_IT_INDEED_DISPLAY_RETE,13.48,2343,11,0
2025-11-24,Liguria,Indeed,AZ_IT_INDEED_PPA_STAGIONALI,7.66,391,16,1
2025-11-24,Liguria,Indeed,AZ_IT_INDEED_RETARGETING_CANDIDATI,9.13,1010,19,0
2025-11-24,Liguria,Indeed,AZ_IT_INDEED_SPONSORED_JOBS,51.10,2275,103,4
2025-11-24,Lombardia,Indeed,AZ_IT_INDEED_DISPLAY_RETE,182.17,29533,154,6
2025-11-24,Lombardia,Indeed,AZ_IT_INDEED_PPA_STAGIONALI,173.45,8568,300,17
2025-11-24,Lombardia,Indeed,AZ_IT_INDEED_RETARGETING_CANDIDATI,69.87,7884,133,3
2025-11-24,Lombardia,Indeed,AZ_IT_INDEED_SPONSORED_JOBS,473.60,22136,861,43
2025-11-24,Marche,Indeed,AZ_IT_INDEED_DISPLAY_RETE,14.64,2325,12,1
2025-11-24,Marche,Indeed,AZ_IT_INDEED_PPA_STAGIONALI,19.59,969,39,3
2025-11-24,Marche,Indeed,AZ_IT_INDEED_RETARGETING_CANDIDATI,8.36,967,17,1
2025-11-24,Marche,Indeed,AZ_IT_INDEED_SPONSORED_JOBS,35.09,1552,60,6
2025-11-24,Molise,Indeed,AZ_IT_INDEED_DISPLAY_RETE,3.07,505,3,0
2025-11-24,Molise,Indeed,AZ_IT_INDEED_PPA_STAGIONALI,2.48,120,5,0
2025-11-24,Molise,Indeed,AZ_IT_INDEED_RETARGETING_CANDIDATI,2.43,267,5,0
2025-11-24,Molise,Indeed,AZ_IT_INDEED_SPONSORED_JOBS,7.77,348,14,1
2025-11-24,Piemonte,Indeed,AZ_IT_INDEED_DISPLAY_RETE,64.75,11282,58,3
2025-11-24,Piemonte,Indeed,AZ_IT_INDEED_PPA_STAGIONALI,74.13,3764,153,9
2025-11-24,Piemonte,Indeed,AZ_IT_INDEED_RETARGETING_CANDIDATI,34.37,3860,63,2
2025-11-24,Piemonte,Indeed,AZ_IT_INDEED_SPONSORED_JOBS,151.70,6990,275,21
2025-11-24,Puglia,Indeed,AZ_IT_INDEED_DISPLAY_RETE,47.55,8023,38,2
2025-11-24,Puglia,Indeed,AZ_IT_INDEED_PPA_STAGIONALI,46.56,2448,95,5
2025-11-24,Puglia,Indeed,AZ_IT_INDEED_RETARGETING_CANDIDATI,33.19,3710,74,2
2025-11-24,Puglia,Indeed,AZ_IT_INDEED_SPONSORED_JOBS,94.43,3966,167,10
2025-11-24,Sardegna,Indeed,AZ_IT_INDEED_DISPLAY_RETE,12.62,2116,10,0
2025-11-24,Sardegna,Indeed,AZ_IT_INDEED_PPA_STAGIONALI,13.61,659,27,1
2025-11-24,Sardegna,Indeed,AZ_IT_INDEED_RETARGETING_CANDIDATI,8.98,945,19,0
2025-11-24,Sardegna,Indeed,AZ_IT_INDEED_SPONSORED_JOBS,64.05,2845,114,5
2025-11-24,Sicilia,Indeed,AZ_IT_INDEED_DISPLAY_RETE,55.64,9521,41,1
2025-11-24,Sicilia,Indeed,AZ_IT_INDEED_PPA_STAGIONALI,79.84,3749,147,4
2025-11-24,Sicilia,Indeed,AZ_IT_INDEED_RETARGETING_CANDIDATI,29.97,3356,57,1
2025-11-24,Sicilia,Indeed,AZ_IT_INDEED_SPONSORED_JOBS,162.52,7190,301,11
2025-11-24,Toscana,Indeed,AZ_IT_INDEED_DISPLAY_RETE,39.60,6401,31,1
2025-11-24,Toscana,Indeed,AZ_IT_INDEED_PPA_STAGIONALI,27.08,1382,51,3
2025-11-24,Toscana,Indeed,AZ_IT_INDEED_RETARGETING_CANDIDATI,37.16,4382,84,2
2025-11-24,Toscana,Indeed,AZ_IT_INDEED_SPONSORED_JOBS,153.19,7005,269,14
2025-11-24,Trentino-Alto Adige,Indeed,AZ_IT_INDEED_DISPLAY_RETE,12.17,2007,10,0
2025-11-24,Trentino-Alto Adige,Indeed,AZ_IT_INDEED_PPA_STAGIONALI,15.75,818,32,2
2025-11-24,Trentino-Alto Adige,Indeed,AZ_IT_INDEED_RETARGETING_CANDIDATI,8.14,930,19,0
2025-11-24,Trentino-Alto Adige,Indeed,AZ_IT_INDEED_SPONSORED_JOBS,45.83,2095,97,5
2025-11-24,Umbria,Indeed,AZ_IT_INDEED_DISPLAY_RETE,5.29,887,4,0
2025-11-24,Umbria,Indeed,AZ_IT_INDEED_PPA_STAGIONALI,7.91,426,15,0
2025-11-24,Umbria,Indeed,AZ_IT_INDEED_RETARGETING_CANDIDATI,6.18,679,14,0
2025-11-24,Umbria,Indeed,AZ_IT_INDEED_SPONSORED_JOBS,32.60,1570,62,2
2025-11-24,Valle d'Aosta,Indeed,AZ_IT_INDEED_DISPLAY_RETE,1.10,185,1,0
2025-11-24,Valle d'Aosta,Indeed,AZ_IT_INDEED_PPA_STAGIONALI,1.11,55,2,0
2025-11-24,Valle d'Aosta,Indeed,AZ_IT_INDEED_RETARGETING_CANDIDATI,0.58,63,1,0
2025-11-24,Valle d'Aosta,Indeed,AZ_IT_INDEED_SPONSORED_JOBS,6.13,271,12,0
2025-11-24,Veneto,Indeed,AZ_IT_INDEED_DISPLAY_RETE,64.34,10726,60,2
2025-11-24,Veneto,Indeed,AZ_IT_INDEED_PPA_STAGIONALI,74.24,3698,139,8
2025-11-24,Veneto,Indeed,AZ_IT_INDEED_RETARGETING_CANDIDATI,89.67,9795,190,5
2025-11-24,Veneto,Indeed,AZ_IT_INDEED_SPONSORED_JOBS,265.46,11520,427,23
2025-12-01,Abruzzo,Indeed,AZ_IT_INDEED_DISPLAY_RETE,13.62,2157,10,0
2025-12-01,Abruzzo,Indeed,AZ_IT_INDEED_PPA_STAGIONALI,19.56,996,36,1
2025-12-01,Abruzzo,Indeed,AZ_IT_INDEED_RETARGETING_CANDIDATI,9.49,1075,20,0
2025-12-01,Abruzzo,Indeed,AZ_IT_INDEED_SPONSORED_JOBS,66.12,3115,144,6
2025-12-01,Basilicata,Indeed,AZ_IT_INDEED_DISPLAY_RETE,5.25,855,5,0
2025-12-01,Basilicata,Indeed,AZ_IT_INDEED_PPA_STAGIONALI,5.31,259,9,0
2025-12-01,Basilicata,Indeed,AZ_IT_INDEED_RETARGETING_CANDIDATI,3.63,405,8,0
2025-12-01,Basilicata,Indeed,AZ_IT_INDEED_SPONSORED_JOBS,24.10,1074,44,1
2025-12-01,Calabria,Indeed,AZ_IT_INDEED_DISPLAY_RETE,17.01,2813,13,0
2025-12-01,Calabria,Indeed,AZ_IT_INDEED_PPA_STAGIONALI,26.84,1313,46,2
2025-12-01,Calabria,Indeed,AZ_IT_INDEED_RETARGETING_CANDIDATI,19.44,2065,39,1
2025-12-01,Calabria,Indeed,AZ_IT_INDEED_SPONSORED_JOBS,132.86,6063,244,10
2025-12-01,Campania,Indeed,AZ_IT_INDEED_DISPLAY_RETE,55.16,8873,44,1
2025-12-01,Campania,Indeed,AZ_IT_INDEED_PPA_STAGIONALI,97.94,5030,188,8
2025-12-01,Campania,Indeed,AZ_IT_INDEED_RETARGETING_CANDIDATI,36.12,4095,74,1
2025-12-01,Campania,Indeed,AZ_IT_INDEED_SPONSORED_JOBS,149.12,6674,225,10
2025-12-01,Emilia-Romagna,Indeed,AZ_IT_INDEED_DISPLAY_RETE,35.24,5672,27,1
2025-12-01,Emilia-Romagna,Indeed,AZ_IT_INDEED_PPA_STAGIONALI,83.63,4010,145,5
2025-12-01,Emilia-Romagna,Indeed,AZ_IT_INDEED_RETARGETING_CANDIDATI,29.86,3373,70,1
2025-12-01,Emilia-Romagna,Indeed,AZ_IT_INDEED_SPONSORED_JOBS,198.05,9167,340,13
2025-12-01,Friuli-Venezia Giulia,Indeed,AZ_IT_INDEED_DISPLAY_RETE,11.93,2012,9,0
2025-12-01,Friuli-Venezia Giulia,Indeed,AZ_IT_INDEED_PPA_STAGIONALI,24.90,1207,46,2
2025-12-01,Friuli-Venezia Giulia,Indeed,AZ_IT_INDEED_RETARGETING_CANDIDATI,5.11,568,10,0
2025-12-01,Friuli-Venezia Giulia,Indeed,AZ_IT_INDEED_SPONSORED_JOBS,62.10,2852,109,4
2025-12-01,Lazio,Indeed,AZ_IT_INDEED_DISPLAY_RETE,69.08,10969,60,2
2025-12-01,Lazio,Indeed,AZ_IT_INDEED_PPA_STAGIONALI,93.28,4458,161,7
2025-12-01,Lazio,Indeed,AZ_IT_INDEED_RETARGETING_CANDIDATI,47.43,5304,109,2
2025-12-01,Lazio,Indeed,AZ_IT_INDEED_SPONSORED_JOBS,257.35,11566,436,17
2025-12-01,Liguria,Indeed,AZ_IT_INDEED_DISPLAY_RETE,12.24,1957,9,0
2025-12-01,Liguria,Indeed,AZ_IT_INDEED_PPA_STAGIONALI,10.91,534,19,1
2025-12-01,Liguria,Indeed,AZ_IT_INDEED_RETARGETING_CANDIDATI,9.73,1054,20,0
2025-12-01,Liguria,Indeed,AZ_IT_INDEED_SPONSORED_JOBS,50.05,2277,97,3
2025-12-01,Lombardia,Indeed,AZ_IT_INDEED_DISPLAY_RETE,132.49,21631,119,5
2025-12-01,Lombardia,Indeed,AZ_IT_INDEED_PPA_STAGIONALI,164.30,8130,305,15
2025-12-01,Lombardia,Indeed,AZ_IT_INDEED_RETARGETING_CANDIDATI,57.08,6630,111,3
2025-12-01,Lombardia,Indeed,AZ_IT_INDEED_SPONSORED_JOBS,412.24,18463,732,43
2025-12-01,Marche,Indeed,AZ_IT_INDEED_DISPLAY_RETE,13.41,2335,12,1
2025-12-01,Marche,Indeed,AZ_IT_INDEED_PPA_STAGIONALI,22.03,1093,37,4
2025-12-01,Marche,Indeed,AZ_IT_INDEED_RETARGETING_CANDIDATI,9.22,980,18,1
2025-12-01,Marche,Indeed,AZ_IT_INDEED_SPONSORED_JOBS,40.11,1826,75,7
2025-12-01,Molise,Indeed,AZ_IT_INDEED_DISPLAY_RETE,2.93,506,3,0
2025-12-01,Molise,Indeed,AZ_IT_INDEED_PPA_STAGIONALI,3.80,189,7,0
2025-12-01,Molise,Indeed,AZ_IT_INDEED_RETARGETING_CANDIDATI,2.77,308,6,0
2025-12-01,Molise,Indeed,AZ_IT_INDEED_SPONSORED_JOBS,7.98,358,15,1
2025-12-01,Piemonte,Indeed,AZ_IT_INDEED_DISPLAY_RETE,51.84,8200,39,2
2025-12-01,Piemonte,Indeed,AZ_IT_INDEED_PPA_STAGIONALI,57.03,2916,120,8
2025-12-01,Piemonte,Indeed,AZ_IT_INDEED_RETARGETING_CANDIDATI,26.74,2973,50,2
2025-12-01,Piemonte,Indeed,AZ_IT_INDEED_SPONSORED_JOBS,121.07,5745,182,16
2025-12-01,Puglia,Indeed,AZ_IT_INDEED_DISPLAY_RETE,46.46,7629,44,2
2025-12-01,Puglia,Indeed,AZ_IT_INDEED_PPA_STAGIONALI,64.60,3213,128,6
2025-12-01,Puglia,Indeed,AZ_IT_INDEED_RETARGETING_CANDIDATI,34.81,3824,70,2
2025-12-01,Puglia,Indeed,AZ_IT_INDEED_SPONSORED_JOBS,96.52,4351,174,10
2025-12-01,Sardegna,Indeed,AZ_IT_INDEED_DISPLAY_RETE,12.37,2116,11,0
2025-12-01,Sardegna,Indeed,AZ_IT_INDEED_PPA_STAGIONALI,15.55,758,29,1
2025-12-01,Sardegna,Indeed,AZ_IT_INDEED_RETARGETING_CANDIDATI,10.37,1154,17,0
2025-12-01,Sardegna,Indeed,AZ_IT_INDEED_SPONSORED_JOBS,70.79,3174,148,6
2025-12-01,Sicilia,Indeed,AZ_IT_INDEED_DISPLAY_RETE,62.14,10835,51,1
2025-12-01,Sicilia,Indeed,AZ_IT_INDEED_PPA_STAGIONALI,77.44,3734,127,5
2025-12-01,Sicilia,Indeed,AZ_IT_INDEED_RETARGETING_CANDIDATI,33.52,3614,61,1
2025-12-01,Sicilia,Indeed,AZ_IT_INDEED_SPONSORED_JOBS,148.13,6369,280,10
2025-12-01,Toscana,Indeed,AZ_IT_INDEED_DISPLAY_RETE,50.36,8173,40,1
2025-12-01,Toscana,Indeed,AZ_IT_INDEED_PPA_STAGIONALI,35.15,1738,61,3
2025-12-01,Toscana,Indeed,AZ_IT_INDEED_RETARGETING_CANDIDATI,42.13,4602,75,2
2025-12-01,Toscana,Indeed,AZ_IT_INDEED_SPONSORED_JOBS,172.46,7584,320,13
2025-12-01,Trentino-Alto Adige,Indeed,AZ_IT_INDEED_DISPLAY_RETE,12.77,2154,11,0
2025-12-01,Trentino-Alto Adige,Indeed,AZ_IT_INDEED_PPA_STAGIONALI,17.61,931,35,2
2025-12-01,Trentino-Alto Adige,Indeed,AZ_IT_INDEED_RETARGETING_CANDIDATI,8.25,890,15,0
2025-12-01,Trentino-Alto Adige,Indeed,AZ_IT_INDEED_SPONSORED_JOBS,55.30,2559,106,5
2025-12-01,Umbria,Indeed,AZ_IT_INDEED_DISPLAY_RETE,5.71,926,5,0
2025-12-01,Umbria,Indeed,AZ_IT_INDEED_PPA_STAGIONALI,9.80,494,19,1
2025-12-01,Umbria,Indeed,AZ_IT_INDEED_RETARGETING_CANDIDATI,6.19,684,13,0
2025-12-01,Umbria,Indeed,AZ_IT_INDEED_SPONSORED_JOBS,29.18,1320,59,2
2025-12-01,Valle d'Aosta,Indeed,AZ_IT_INDEED_DISPLAY_RETE,1.08,186,1,0
2025-12-01,Valle d'Aosta,Indeed,AZ_IT_INDEED_PPA_STAGIONALI,1.73,91,3,0
2025-12-01,Valle d'Aosta,Indeed,AZ_IT_INDEED_RETARGETING_CANDIDATI,0.59,69,1,0
2025-12-01,Valle d'Aosta,Indeed,AZ_IT_INDEED_SPONSORED_JOBS,6.44,290,12,0
2025-12-01,Veneto,Indeed,AZ_IT_INDEED_DISPLAY_RETE,45.77,7533,37,2
2025-12-01,Veneto,Indeed,AZ_IT_INDEED_PPA_STAGIONALI,58.43,2739,108,6
2025-12-01,Veneto,Indeed,AZ_IT_INDEED_RETARGETING_CANDIDATI,69.20,7810,136,4
2025-12-01,Veneto,Indeed,AZ_IT_INDEED_SPONSORED_JOBS,210.83,9794,396,18
2025-12-08,Abruzzo,Indeed,AZ_IT_INDEED_DISPLAY_RETE,14.77,2447,11,0
2025-12-08,Abruzzo,Indeed,AZ_IT_INDEED_RETARGETING_CANDIDATI,10.08,1077,18,0
2025-12-08,Abruzzo,Indeed,AZ_IT_INDEED_SPONSORED_JOBS,77.60,3665,154,6
2025-12-08,Basilicata,Indeed,AZ_IT_INDEED_DISPLAY_RETE,5.14,819,4,0
2025-12-08,Basilicata,Indeed,AZ_IT_INDEED_RETARGETING_CANDIDATI,3.73,411,8,0
2025-12-08,Basilicata,Indeed,AZ_IT_INDEED_SPONSORED_JOBS,22.53,998,43,1
2025-12-08,Calabria,Indeed,AZ_IT_INDEED_DISPLAY_RETE,19.43,3320,17,0
2025-12-08,Calabria,Indeed,AZ_IT_INDEED_RETARGETING_CANDIDATI,17.69,1964,40,1
2025-12-08,Calabria,Indeed,AZ_IT_INDEED_SPONSORED_JOBS,132.26,5970,266,10
2025-12-08,Campania,Indeed,AZ_IT_INDEED_DISPLAY_RETE,64.03,10796,45,2
2025-12-08,Campania,Indeed,AZ_IT_INDEED_RETARGETING_CANDIDATI,38.50,4193,79,1
2025-12-08,Campania,Indeed,AZ_IT_INDEED_SPONSORED_JOBS,157.03,6690,246,14
2025-12-08,Emilia-Romagna,Indeed,AZ_IT_INDEED_DISPLAY_RETE,40.07,6726,38,1
2025-12-08,Emilia-Romagna,Indeed,AZ_IT_INDEED_RETARGETING_CANDIDATI,28.44,3117,59,1
2025-12-08,Emilia-Romagna,Indeed,AZ_IT_INDEED_SPONSORED_JOBS,212.77,9948,410,19
2025-12-08,Friuli-Venezia Giulia,Indeed,AZ_IT_INDEED_DISPLAY_RETE,14.90,2450,12,0
2025-12-08,Friuli-Venezia Giulia,Indeed,AZ_IT_INDEED_RETARGETING_CANDIDATI,6.88,794,15,0
2025-12-08,Friuli-Venezia Giulia,Indeed,AZ_IT_INDEED_SPONSORED_JOBS,55.18,2722,119,5
2025-12-08,Lazio,Indeed,AZ_IT_INDEED_DISPLAY_RETE,85.60,14047,74,2
2025-12-08,Lazio,Indeed,AZ_IT_INDEED_RETARGETING_CANDIDATI,53.35,5627,103,2
2025-12-08,Lazio,Indeed,AZ_IT_INDEED_SPONSORED_JOBS,323.27,14539,570,24
2025-12-08,Liguria,Indeed,AZ_IT_INDEED_DISPLAY_RETE,14.95,2533,12,0
2025-12-08,Liguria,Indeed,AZ_IT_INDEED_RETARGETING_CANDIDATI,10.06,1132,18,0
2025-12-08,Liguria,Indeed,AZ_IT_INDEED_SPONSORED_JOBS,59.30,2665,107,5
2025-12-08,Lombardia,Indeed,AZ_IT_INDEED_DISPLAY_RETE,156.91,25667,140,6
2025-12-08,Lombardia,Indeed,AZ_IT_INDEED_RETARGETING_CANDIDATI,63.96,6720,131,3
2025-12-08,Lombardia,Indeed,AZ_IT_INDEED_SPONSORED_JOBS,419.07,19002,866,49
2025-12-08,Marche,Indeed,AZ_IT_INDEED_DISPLAY_RETE,21.38,3652,17,2
2025-12-08,Marche,Indeed,AZ_IT_INDEED_RETARGETING_CANDIDATI,10.61,1190,21,1
2025-12-08,Marche,Indeed,AZ_IT_INDEED_SPONSORED_JOBS,41.19,1885,78,9
2025-12-08,Molise,Indeed,AZ_IT_INDEED_DISPLAY_RETE,3.69,637,4,0
2025-12-08,Molise,Indeed,AZ_IT_INDEED_RETARGETING_CANDIDATI,2.99,324,5,0
2025-12-08,Molise,Indeed,AZ_IT_INDEED_SPONSORED_JOBS,9.87,453,18,2
2025-12-08,Piemonte,Indeed,AZ_IT_INDEED_DISPLAY_RETE,65.36,10752,54,4
2025-12-08,Piemonte,Indeed,AZ_IT_INDEED_RETARGETING_CANDIDATI,29.56,3347,63,2
2025-12-08,Piemonte,Indeed,AZ_IT_INDEED_SPONSORED_JOBS,140.84,6456,237,22
2025-12-08,Puglia,Indeed,AZ_IT_INDEED_DISPLAY_RETE,60.30,10057,45,3
2025-12-08,Puglia,Indeed,AZ_IT_INDEED_RETARGETING_CANDIDATI,35.61,4190,86,2
2025-12-08,Puglia,Indeed,AZ_IT_INDEED_SPONSORED_JOBS,122.17,5321,216,15
2025-12-08,Sardegna,Indeed,AZ_IT_INDEED_DISPLAY_RETE,14.17,2229,11,0
2025-12-08,Sardegna,Indeed,AZ_IT_INDEED_RETARGETING_CANDIDATI,11.42,1267,25,0
2025-12-08,Sardegna,Indeed,AZ_IT_INDEED_SPONSORED_JOBS,82.66,3751,147,7
2025-12-08,Sicilia,Indeed,AZ_IT_INDEED_DISPLAY_RETE,77.11,12772,65,2
2025-12-08,Sicilia,Indeed,AZ_IT_INDEED_RETARGETING_CANDIDATI,33.16,3832,62,1
2025-12-08,Sicilia,Indeed,AZ_IT_INDEED_SPONSORED_JOBS,145.49,6740,300,13
2025-12-08,Toscana,Indeed,AZ_IT_INDEED_DISPLAY_RETE,52.16,8649,42,2
2025-12-08,Toscana,Indeed,AZ_IT_INDEED_RETARGETING_CANDIDATI,37.50,4253,76,2
2025-12-08,Toscana,Indeed,AZ_IT_INDEED_SPONSORED_JOBS,160.91,7052,273,16
2025-12-08,Trentino-Alto Adige,Indeed,AZ_IT_INDEED_DISPLAY_RETE,12.49,2100,11,1
2025-12-08,Trentino-Alto Adige,Indeed,AZ_IT_INDEED_RETARGETING_CANDIDATI,8.82,994,17,0
2025-12-08,Trentino-Alto Adige,Indeed,AZ_IT_INDEED_SPONSORED_JOBS,50.28,2192,95,7
2025-12-08,Umbria,Indeed,AZ_IT_INDEED_DISPLAY_RETE,7.80,1327,6,0
2025-12-08,Umbria,Indeed,AZ_IT_INDEED_RETARGETING_CANDIDATI,7.27,782,13,0
2025-12-08,Umbria,Indeed,AZ_IT_INDEED_SPONSORED_JOBS,34.85,1558,64,2
2025-12-08,Valle d'Aosta,Indeed,AZ_IT_INDEED_DISPLAY_RETE,1.67,282,1,0
2025-12-08,Valle d'Aosta,Indeed,AZ_IT_INDEED_RETARGETING_CANDIDATI,0.66,76,1,0
2025-12-08,Valle d'Aosta,Indeed,AZ_IT_INDEED_SPONSORED_JOBS,7.97,364,14,1
2025-12-08,Veneto,Indeed,AZ_IT_INDEED_DISPLAY_RETE,54.23,9336,44,2
2025-12-08,Veneto,Indeed,AZ_IT_INDEED_RETARGETING_CANDIDATI,71.27,8021,143,4
2025-12-08,Veneto,Indeed,AZ_IT_INDEED_SPONSORED_JOBS,218.84,10133,406,29
2025-12-15,Abruzzo,Indeed,AZ_IT_INDEED_DISPLAY_RETE,10.23,1706,9,0
2025-12-15,Abruzzo,Indeed,AZ_IT_INDEED_RETARGETING_CANDIDATI,6.80,732,12,0
2025-12-15,Abruzzo,Indeed,AZ_IT_INDEED_SPONSORED_JOBS,55.81,2596,116,5
2025-12-15,Basilicata,Indeed,AZ_IT_INDEED_DISPLAY_RETE,2.67,432,2,0
2025-12-15,Basilicata,Indeed,AZ_IT_INDEED_RETARGETING_CANDIDATI,2.14,231,4,0
2025-12-15,Basilicata,Indeed,AZ_IT_INDEED_SPONSORED_JOBS,19.16,848,37,1
2025-12-15,Calabria,Indeed,AZ_IT_INDEED_DISPLAY_RETE,14.22,2456,11,0
2025-12-15,Calabria,Indeed,AZ_IT_INDEED_RETARGETING_CANDIDATI,9.62,1051,19,0
2025-12-15,Calabria,Indeed,AZ_IT_INDEED_SPONSORED_JOBS,96.97,4159,173,8
2025-12-15,Campania,Indeed,AZ_IT_INDEED_DISPLAY_RETE,39.20,6308,33,1
2025-12-15,Campania,Indeed,AZ_IT_INDEED_RETARGETING_CANDIDATI,26.38,2854,48,1
2025-12-15,Campania,Indeed,AZ_IT_INDEED_SPONSORED_JOBS,118.90,5659,222,9
2025-12-15,Emilia-Romagna,Indeed,AZ_IT_INDEED_DISPLAY_RETE,25.56,4145,22,1
2025-12-15,Emilia-Romagna,Indeed,AZ_IT_INDEED_RETARGETING_CANDIDATI,20.71,2291,36,1
2025-12-15,Emilia-Romagna,Indeed,AZ_IT_INDEED_SPONSORED_JOBS,166.29,7839,337,14
2025-12-15,Friuli-Venezia Giulia,Indeed,AZ_IT_INDEED_DISPLAY_RETE,8.96,1489,7,0
2025-12-15,Friuli-Venezia Giulia,Indeed,AZ_IT_INDEED_RETARGETING_CANDIDATI,4.51,510,9,0
2025-12-15,Friuli-Venezia Giulia,Indeed,AZ_IT_INDEED_SPONSORED_JOBS,44.69,2004,83,5
2025-12-15,Lazio,Indeed,AZ_IT_INDEED_DISPLAY_RETE,51.73,8324,39,2
2025-12-15,Lazio,Indeed,AZ_IT_INDEED_RETARGETING_CANDIDATI,30.23,3337,53,1
2025-12-15,Lazio,Indeed,AZ_IT_INDEED_SPONSORED_JOBS,214.72,9983,396,18
2025-12-15,Liguria,Indeed,AZ_IT_INDEED_DISPLAY_RETE,8.03,1325,7,0
2025-12-15,Liguria,Indeed,AZ_IT_INDEED_RETARGETING_CANDIDATI,5.71,639,12,0
2025-12-15,Liguria,Indeed,AZ_IT_INDEED_SPONSORED_JOBS,41.06,1882,72,4
2025-12-15,Lombardia,Indeed,AZ_IT_INDEED_DISPLAY_RETE,85.34,13555,65,3
2025-12-15,Lombardia,Indeed,AZ_IT_INDEED_RETARGETING_CANDIDATI,44.45,4755,86,3
2025-12-15,Lombardia,Indeed,AZ_IT_INDEED_SPONSORED_JOBS,366.86,16586,651,37
2025-12-15,Marche,Indeed,AZ_IT_INDEED_DISPLAY_RETE,12.06,1976,10,1
2025-12-15,Marche,Indeed,AZ_IT_INDEED_RETARGETING_CANDIDATI,7.49,858,17,1
2025-12-15,Marche,Indeed,AZ_IT_INDEED_SPONSORED_JOBS,25.60,1226,46,6
2025-12-15,Molise,Indeed,AZ_IT_INDEED_DISPLAY_RETE,2.34,372,2,0
2025-12-15,Molise,Indeed,AZ_IT_INDEED_RETARGETING_CANDIDATI,1.75,200,3,0
2025-12-15,Molise,Indeed,AZ_IT_INDEED_SPONSORED_JOBS,6.20,276,11,1
2025-12-15,Piemonte,Indeed,AZ_IT_INDEED_DISPLAY_RETE,42.17,7139,34,2
2025-12-15,Piemonte,Indeed,AZ_IT_INDEED_RETARGETING_CANDIDATI,21.42,2529,50,2
2025-12-15,Piemonte,Indeed,AZ_IT_INDEED_SPONSORED_JOBS,111.88,4871,237,18
2025-12-15,Puglia,Indeed,AZ_IT_INDEED_DISPLAY_RETE,36.94,6185,28,2
2025-12-15,Puglia,Indeed,AZ_IT_INDEED_RETARGETING_CANDIDATI,26.31,2832,47,2
2025-12-15,Puglia,Indeed,AZ_IT_INDEED_SPONSORED_JOBS,97.30,4442,158,14
2025-12-15,Sardegna,Indeed,AZ_IT_INDEED_DISPLAY_RETE,11.16,1795,9,0
2025-12-15,Sardegna,Indeed,AZ_IT_INDEED_RETARGETING_CANDIDATI,7.54,809,14,0
2025-12-15,Sardegna,Indeed,AZ_IT_INDEED_SPONSORED_JOBS,62.23,2779,121,4
2025-12-15,Sicilia,Indeed,AZ_IT_INDEED_DISPLAY_RETE,47.56,7613,37,1
2025-12-15,Sicilia,Indeed,AZ_IT_INDEED_RETARGETING_CANDIDATI,22.31,2381,42,1
2025-12-15,Sicilia,Indeed,AZ_IT_INDEED_SPONSORED_JOBS,111.41,5091,216,11
2025-12-15,Toscana,Indeed,AZ_IT_INDEED_DISPLAY_RETE,34.15,5595,30,1
2025-12-15,Toscana,Indeed,AZ_IT_INDEED_RETARGETING_CANDIDATI,24.73,2849,46,1
2025-12-15,Toscana,Indeed,AZ_IT_INDEED_SPONSORED_JOBS,131.67,5932,216,14
2025-12-15,Trentino-Alto Adige,Indeed,AZ_IT_INDEED_DISPLAY_RETE,7.25,1196,7,0
2025-12-15,Trentino-Alto Adige,Indeed,AZ_IT_INDEED_RETARGETING_CANDIDATI,6.23,663,12,0
2025-12-15,Trentino-Alto Adige,Indeed,AZ_IT_INDEED_SPONSORED_JOBS,35.39,1574,68,5
2025-12-15,Umbria,Indeed,AZ_IT_INDEED_DISPLAY_RETE,5.28,900,4,0
2025-12-15,Umbria,Indeed,AZ_IT_INDEED_RETARGETING_CANDIDATI,5.99,657,12,0
2025-12-15,Umbria,Indeed,AZ_IT_INDEED_SPONSORED_JOBS,28.37,1281,60,2
2025-12-15,Valle d'Aosta,Indeed,AZ_IT_INDEED_DISPLAY_RETE,1.05,167,1,0
2025-12-15,Valle d'Aosta,Indeed,AZ_IT_INDEED_RETARGETING_CANDIDATI,0.47,50,1,0
2025-12-15,Valle d'Aosta,Indeed,AZ_IT_INDEED_SPONSORED_JOBS,5.19,225,9,0
2025-12-15,Veneto,Indeed,AZ_IT_INDEED_DISPLAY_RETE,40.68,6973,36,2
2025-12-15,Veneto,Indeed,AZ_IT_INDEED_RETARGETING_CANDIDATI,46.71,5201,94,4
2025-12-15,Veneto,Indeed,AZ_IT_INDEED_SPONSORED_JOBS,140.92,6111,267,19
2025-12-22,Abruzzo,Indeed,AZ_IT_INDEED_DISPLAY_RETE,8.80,1446,8,0
2025-12-22,Abruzzo,Indeed,AZ_IT_INDEED_RETARGETING_CANDIDATI,6.83,764,13,0
2025-12-22,Abruzzo,Indeed,AZ_IT_INDEED_SPONSORED_JOBS,66.49,2999,122,6
2025-12-22,Basilicata,Indeed,AZ_IT_INDEED_DISPLAY_RETE,2.12,348,2,0
2025-12-22,Basilicata,Indeed,AZ_IT_INDEED_RETARGETING_CANDIDATI,2.82,317,5,0
2025-12-22,Basilicata,Indeed,AZ_IT_INDEED_SPONSORED_JOBS,25.78,1186,50,1
2025-12-22,Calabria,Indeed,AZ_IT_INDEED_DISPLAY_RETE,12.89,2067,10,0
2025-12-22,Calabria,Indeed,AZ_IT_INDEED_RETARGETING_CANDIDATI,11.43,1267,22,0
2025-12-22,Calabria,Indeed,AZ_IT_INDEED_SPONSORED_JOBS,104.72,4520,161,9
2025-12-22,Campania,Indeed,AZ_IT_INDEED_DISPLAY_RETE,41.65,6869,34,1
2025-12-22,Campania,Indeed,AZ_IT_INDEED_RETARGETING_CANDIDATI,26.65,2860,44,1
2025-12-22,Campania,Indeed,AZ_IT_INDEED_SPONSORED_JOBS,153.44,7069,290,12
2025-12-22,Emilia-Romagna,Indeed,AZ_IT_INDEED_DISPLAY_RETE,27.08,4342,24,1
2025-12-22,Emilia-Romagna,Indeed,AZ_IT_INDEED_RETARGETING_CANDIDATI,23.77,2681,46,1
2025-12-22,Emilia-Romagna,Indeed,AZ_IT_INDEED_SPONSORED_JOBS,156.20,6997,287,11
2025-12-22,Friuli-Venezia Giulia,Indeed,AZ_IT_INDEED_DISPLAY_RETE,8.83,1474,7,0
2025-12-22,Friuli-Venezia Giulia,Indeed,AZ_IT_INDEED_RETARGETING_CANDIDATI,5.26,586,11,0
2025-12-22,Friuli-Venezia Giulia,Indeed,AZ_IT_INDEED_SPONSORED_JOBS,43.08,1981,79,4
2025-12-22,Lazio,Indeed,AZ_IT_INDEED_DISPLAY_RETE,61.71,10619,55,2
2025-12-22,Lazio,Indeed,AZ_IT_INDEED_RETARGETING_CANDIDATI,31.82,3541,60,1
2025-12-22,Lazio,Indeed,AZ_IT_INDEED_SPONSORED_JOBS,215.30,9855,445,20
2025-12-22,Liguria,Indeed,AZ_IT_INDEED_DISPLAY_RETE,8.20,1453,7,0
2025-12-22,Liguria,Indeed,AZ_IT_INDEED_RETARGETING_CANDIDATI,6.32,684,13,0
2025-12-22,Liguria,Indeed,AZ_IT_INDEED_SPONSORED_JOBS,47.82,2237,91,4
2025-12-22,Lombardia,Indeed,AZ_IT_INDEED_DISPLAY_RETE,83.12,13819,75,3
2025-12-22,Lombardia,Indeed,AZ_IT_INDEED_RETARGETING_CANDIDATI,43.06,4842,87,2
2025-12-22,Lombardia,Indeed,AZ_IT_INDEED_SPONSORED_JOBS,433.90,19636,796,43
2025-12-22,Marche,Indeed,AZ_IT_INDEED_DISPLAY_RETE,11.46,1923,10,1
2025-12-22,Marche,Indeed,AZ_IT_INDEED_RETARGETING_CANDIDATI,7.76,884,17,1
2025-12-22,Marche,Indeed,AZ_IT_INDEED_SPONSORED_JOBS,28.37,1226,49,6
2025-12-22,Molise,Indeed,AZ_IT_INDEED_DISPLAY_RETE,2.02,339,2,0
2025-12-22,Molise,Indeed,AZ_IT_INDEED_RETARGETING_CANDIDATI,1.78,192,3,0
2025-12-22,Molise,Indeed,AZ_IT_INDEED_SPONSORED_JOBS,6.52,315,13,1
2025-12-22,Piemonte,Indeed,AZ_IT_INDEED_DISPLAY_RETE,38.10,6683,33,2
2025-12-22,Piemonte,Indeed,AZ_IT_INDEED_RETARGETING_CANDIDATI,21.72,2316,39,1
2025-12-22,Piemonte,Indeed,AZ_IT_INDEED_SPONSORED_JOBS,140.94,6426,261,21
2025-12-22,Puglia,Indeed,AZ_IT_INDEED_DISPLAY_RETE,33.51,5587,26,1
2025-12-22,Puglia,Indeed,AZ_IT_INDEED_RETARGETING_CANDIDATI,27.30,3102,61,2
2025-12-22,Puglia,Indeed,AZ_IT_INDEED_SPONSORED_JOBS,96.17,4391,176,12
2025-12-22,Sardegna,Indeed,AZ_IT_INDEED_DISPLAY_RETE,10.60,1719,9,0
2025-12-22,Sardegna,Indeed,AZ_IT_INDEED_RETARGETING_CANDIDATI,7.50,788,14,0
2025-12-22,Sardegna,Indeed,AZ_IT_INDEED_SPONSORED_JOBS,78.64,3560,150,6
2025-12-22,Sicilia,Indeed,AZ_IT_INDEED_DISPLAY_RETE,42.94,7112,37,1
2025-12-22,Sicilia,Indeed,AZ_IT_INDEED_RETARGETING_CANDIDATI,22.32,2405,47,1
2025-12-22,Sicilia,Indeed,AZ_IT_INDEED_SPONSORED_JOBS,125.10,5926,252,9
2025-12-22,Toscana,Indeed,AZ_IT_INDEED_DISPLAY_RETE,31.81,5100,24,1
2025-12-22,Toscana,Indeed,AZ_IT_INDEED_RETARGETING_CANDIDATI,25.77,2798,49,1
2025-12-22,Toscana,Indeed,AZ_IT_INDEED_SPONSORED_JOBS,161.55,7074,320,15
2025-12-22,Trentino-Alto Adige,Indeed,AZ_IT_INDEED_DISPLAY_RETE,7.04,1233,6,0
2025-12-22,Trentino-Alto Adige,Indeed,AZ_IT_INDEED_RETARGETING_CANDIDATI,7.69,832,11,0
2025-12-22,Trentino-Alto Adige,Indeed,AZ_IT_INDEED_SPONSORED_JOBS,44.70,1948,77,5
2025-12-22,Umbria,Indeed,AZ_IT_INDEED_DISPLAY_RETE,5.07,857,4,0
2025-12-22,Umbria,Indeed,AZ_IT_INDEED_RETARGETING_CANDIDATI,7.00,795,16,0
2025-12-22,Umbria,Indeed,AZ_IT_INDEED_SPONSORED_JOBS,31.71,1411,54,2
2025-12-22,Valle d'Aosta,Indeed,AZ_IT_INDEED_DISPLAY_RETE,1.11,191,1,0
2025-12-22,Valle d'Aosta,Indeed,AZ_IT_INDEED_RETARGETING_CANDIDATI,0.58,67,1,0
2025-12-22,Valle d'Aosta,Indeed,AZ_IT_INDEED_SPONSORED_JOBS,5.72,263,11,0
2025-12-22,Veneto,Indeed,AZ_IT_INDEED_DISPLAY_RETE,35.57,5800,28,2
2025-12-22,Veneto,Indeed,AZ_IT_INDEED_RETARGETING_CANDIDATI,45.02,5153,84,3
2025-12-22,Veneto,Indeed,AZ_IT_INDEED_SPONSORED_JOBS,164.30,7306,303,22
