livello_sigma,mondo,estrazione,g_pct,p_R1,euro_mossi
0.0,42,1,-1.96412,0.955,534836.34
0.0,42,2,-1.96412,0.955,534836.34
0.0,42,3,-1.96412,0.955,534836.34
0.0,42,4,-1.96412,0.955,534836.34
0.0,42,5,-1.96412,0.955,534836.34
0.0,42,6,-1.96412,0.955,534836.34
0.0,42,7,-1.96412,0.955,534836.34
0.0,42,8,-1.96412,0.955,534836.34
0.0,42,9,-1.96412,0.955,534836.34
0.0,42,10,-1.96412,0.955,534836.34
0.0,42,11,-1.96412,0.955,534836.34
0.0,42,12,-1.96412,0.955,534836.34
0.0,42,13,-1.96412,0.955,534836.34
0.0,42,14,-1.96412,0.955,534836.34
0.0,42,15,-1.96412,0.955,534836.34
0.0,42,16,-1.96412,0.955,534836.34
0.0,42,17,-1.96412,0.955,534836.34
0.0,42,18,-1.96412,0.955,534836.34
0.0,42,19,-1.96412,0.955,534836.34
0.0,42,20,-1.96412,0.955,534836.34
0.0,42,21,-1.96412,0.955,534836.34
0.0,42,22,-1.96412,0.955,534836.34
0.0,42,23,-1.96412,0.955,534836.34
0.0,42,24,-1.96412,0.955,534836.34
0.0,42,25,-1.96412,0.955,534836.34
0.0,42,26,-1.96412,0.955,534836.34
0.0,42,27,-1.96412,0.955,534836.34
0.0,42,28,-1.96412,0.955,534836.34
0.0,42,29,-1.96412,0.955,534836.34
0.0,42,30,-1.96412,0.955,534836.34
0.0,42,31,-1.96412,0.955,534836.34
0.0,42,32,-1.96412,0.955,534836.34
0.0,42,33,-1.96412,0.955,534836.34
0.0,42,34,-1.96412,0.955,534836.34
0.0,42,35,-1.96412,0.955,534836.34
0.0,42,36,-1.96412,0.955,534836.34
0.0,42,37,-1.96412,0.955,534836.34
0.0,42,38,-1.96412,0.955,534836.34
0.0,42,39,-1.96412,0.955,534836.34
0.0,42,40,-1.96412,0.955,534836.34
0.0,42,41,-1.96412,0.955,534836.34
0.0,42,42,-1.96412,0.955,534836.34
0.0,42,43,-1.96412,0.955,534836.34
0.0,42,44,-1.96412,0.955,534836.34
0.0,42,45,-1.96412,0.955,534836.34
0.0,42,46,-1.96412,0.955,534836.34
0.0,42,47,-1.96412,0.955,534836.34
0.0,42,48,-1.96412,0.955,534836.34
0.0,42,49,-1.96412,0.955,534836.34
0.0,42,50,-1.96412,0.955,534836.34
0.0,42,51,-1.96412,0.955,534836.34
0.0,42,52,-1.96412,0.955,534836.34
0.0,42,53,-1.96412,0.955,534836.34
0.0,42,54,-1.96412,0.955,534836.34
0.0,42,55,-1.96412,0.955,534836.34
0.0,42,56,-1.96412,0.955,534836.34
0.0,42,57,-1.96412,0.955,534836.34
0.0,42,58,-1.96412,0.955,534836.34
0.0,42,59,-1.96412,0.955,534836.34
0.0,42,60,-1.96412,0.955,534836.34
0.0,42,61,-1.96412,0.955,534836.34
0.0,42,62,-1.96412,0.955,534836.34
0.0,42,63,-1.96412,0.955,534836.34
0.0,42,64,-1.96412,0.955,534836.34
0.0,42,65,-1.96412,0.955,534836.34
0.0,42,66,-1.96412,0.955,534836.34
0.0,42,67,-1.96412,0.955,534836.34
0.0,42,68,-1.96412,0.955,534836.34
0.0,42,69,-1.96412,0.955,534836.34
0.0,42,70,-1.96412,0.955,534836.34
0.0,42,71,-1.96412,0.955,534836.34
0.0,42,72,-1.96412,0.955,534836.34
0.0,42,73,-1.96412,0.955,534836.34
0.0,42,74,-1.96412,0.955,534836.34
0.0,42,75,-1.96412,0.955,534836.34
0.0,42,76,-1.96412,0.955,534836.34
0.0,42,77,-1.96412,0.955,534836.34
0.0,42,78,-1.96412,0.955,534836.34
0.0,42,79,-1.96412,0.955,534836.34
0.0,42,80,-1.96412,0.955,534836.34
0.0,42,81,-1.96412,0.955,534836.34
0.0,42,82,-1.96412,0.955,534836.34
0.0,42,83,-1.96412,0.955,534836.34
0.0,42,84,-1.96412,0.955,534836.34
0.0,42,85,-1.96412,0.955,534836.34
0.0,42,86,-1.96412,0.955,534836.34
0.0,42,87,-1.96412,0.955,534836.34
0.0,42,88,-1.96412,0.955,534836.34
0.0,42,89,-1.96412,0.955,534836.34
0.0,42,90,-1.96412,0.955,534836.34
0.0,42,91,-1.96412,0.955,534836.34
0.0,42,92,-1.96412,0.955,534836.34
0.0,42,93,-1.96412,0.955,534836.34
0.0,42,94,-1.96412,0.955,534836.34
0.0,42,95,-1.96412,0.955,534836.34
0.0,42,96,-1.96412,0.955,534836.34
0.0,42,97,-1.96412,0.955,534836.34
0.0,42,98,-1.96412,0.955,534836.34
0.0,42,99,-1.96412,0.955,534836.34
0.0,42,100,-1.96412,0.955,534836.34
0.0,42,101,-1.96412,0.955,534836.34
0.0,42,102,-1.96412,0.955,534836.34
0.0,42,103,-1.96412,0.955,534836.34
0.0,42,104,-1.96412,0.955,534836.34
0.0,42,105,-1.96412,0.955,534836.34
0.0,42,106,-1.96412,0.955,534836.34
0.0,42,107,-1.96412,0.955,534836.34
0.0,42,108,-1.96412,0.955,534836.34
0.0,42,109,-1.96412,0.955,534836.34
0.0,42,110,-1.96412,0.955,534836.34
0.0,42,111,-1.96412,0.955,534836.34
0.0,42,112,-1.96412,0.955,534836.34
0.0,42,113,-1.96412,0.955,534836.34
0.0,42,114,-1.96412,0.955,534836.34
0.0,42,115,-1.96412,0.955,534836.34
0.0,42,116,-1.96412,0.955,534836.34
0.0,42,117,-1.96412,0.955,534836.34
0.0,42,118,-1.96412,0.955,534836.34
0.0,42,119,-1.96412,0.955,534836.34
0.0,42,120,-1.96412,0.955,534836.34
0.0,42,121,-1.96412,0.955,534836.34
0.0,42,122,-1.96412,0.955,534836.34
0.0,42,123,-1.96412,0.955,534836.34
0.0,42,124,-1.96412,0.955,534836.34
0.0,42,125,-1.96412,0.955,534836.34
0.0,42,126,-1.96412,0.955,534836.34
0.0,42,127,-1.96412,0.955,534836.34
0.0,42,128,-1.96412,0.955,534836.34
0.0,42,129,-1.96412,0.955,534836.34
0.0,42,130,-1.96412,0.955,534836.34
0.0,42,131,-1.96412,0.955,534836.34
0.0,42,132,-1.96412,0.955,534836.34
0.0,42,133,-1.96412,0.955,534836.34
0.0,42,134,-1.96412,0.955,534836.34
0.0,42,135,-1.96412,0.955,534836.34
0.0,42,136,-1.96412,0.955,534836.34
0.0,42,137,-1.96412,0.955,534836.34
0.0,42,138,-1.96412,0.955,534836.34
0.0,42,139,-1.96412,0.955,534836.34
0.0,42,140,-1.96412,0.955,534836.34
0.0,42,141,-1.96412,0.955,534836.34
0.0,42,142,-1.96412,0.955,534836.34
0.0,42,143,-1.96412,0.955,534836.34
0.0,42,144,-1.96412,0.955,534836.34
0.0,42,145,-1.96412,0.955,534836.34
0.0,42,146,-1.96412,0.955,534836.34
0.0,42,147,-1.96412,0.955,534836.34
0.0,42,148,-1.96412,0.955,534836.34
0.0,42,149,-1.96412,0.955,534836.34
0.0,42,150,-1.96412,0.955,534836.34
0.0,42,151,-1.96412,0.955,534836.34
0.0,42,152,-1.96412,0.955,534836.34
0.0,42,153,-1.96412,0.955,534836.34
0.0,42,154,-1.96412,0.955,534836.34
0.0,42,155,-1.96412,0.955,534836.34
0.0,42,156,-1.96412,0.955,534836.34
0.0,42,157,-1.96412,0.955,534836.34
0.0,42,158,-1.96412,0.955,534836.34
0.0,42,159,-1.96412,0.955,534836.34
0.0,42,160,-1.96412,0.955,534836.34
0.0,42,161,-1.96412,0.955,534836.34
0.0,42,162,-1.96412,0.955,534836.34
0.0,42,163,-1.96412,0.955,534836.34
0.0,42,164,-1.96412,0.955,534836.34
0.0,42,165,-1.96412,0.955,534836.34
0.0,42,166,-1.96412,0.955,534836.34
0.0,42,167,-1.96412,0.955,534836.34
0.0,42,168,-1.96412,0.955,534836.34
0.0,42,169,-1.96412,0.955,534836.34
0.0,42,170,-1.96412,0.955,534836.34
0.0,42,171,-1.96412,0.955,534836.34
0.0,42,172,-1.96412,0.955,534836.34
0.0,42,173,-1.96412,0.955,534836.34
0.0,42,174,-1.96412,0.955,534836.34
0.0,42,175,-1.96412,0.955,534836.34
0.0,42,176,-1.96412,0.955,534836.34
0.0,42,177,-1.96412,0.955,534836.34
0.0,42,178,-1.96412,0.955,534836.34
0.0,42,179,-1.96412,0.955,534836.34
0.0,42,180,-1.96412,0.955,534836.34
0.0,42,181,-1.96412,0.955,534836.34
0.0,42,182,-1.96412,0.955,534836.34
0.0,42,183,-1.96412,0.955,534836.34
0.0,42,184,-1.96412,0.955,534836.34
0.0,42,185,-1.96412,0.955,534836.34
0.0,42,186,-1.96412,0.955,534836.34
0.0,42,187,-1.96412,0.955,534836.34
0.0,42,188,-1.96412,0.955,534836.34
0.0,42,189,-1.96412,0.955,534836.34
0.0,42,190,-1.96412,0.955,534836.34
0.0,42,191,-1.96412,0.955,534836.34
0.0,42,192,-1.96412,0.955,534836.34
0.0,42,193,-1.96412,0.955,534836.34
0.0,42,194,-1.96412,0.955,534836.34
0.0,42,195,-1.96412,0.955,534836.34
0.0,42,196,-1.96412,0.955,534836.34
0.0,42,197,-1.96412,0.955,534836.34
0.0,42,198,-1.96412,0.955,534836.34
0.0,42,199,-1.96412,0.955,534836.34
0.0,42,200,-1.96412,0.955,534836.34
0.0,101,1,-1.6963,0.93,541216.62
0.0,101,2,-1.6963,0.93,541216.62
0.0,101,3,-1.6963,0.93,541216.62
0.0,101,4,-1.6963,0.93,541216.62
0.0,101,5,-1.6963,0.93,541216.62
0.0,101,6,-1.6963,0.93,541216.62
0.0,101,7,-1.6963,0.93,541216.62
0.0,101,8,-1.6963,0.93,541216.62
0.0,101,9,-1.6963,0.93,541216.62
0.0,101,10,-1.6963,0.93,541216.62
0.0,101,11,-1.6963,0.93,541216.62
0.0,101,12,-1.6963,0.93,541216.62
0.0,101,13,-1.6963,0.93,541216.62
0.0,101,14,-1.6963,0.93,541216.62
0.0,101,15,-1.6963,0.93,541216.62
0.0,101,16,-1.6963,0.93,541216.62
0.0,101,17,-1.6963,0.93,541216.62
0.0,101,18,-1.6963,0.93,541216.62
0.0,101,19,-1.6963,0.93,541216.62
0.0,101,20,-1.6963,0.93,541216.62
0.0,101,21,-1.6963,0.93,541216.62
0.0,101,22,-1.6963,0.93,541216.62
0.0,101,23,-1.6963,0.93,541216.62
0.0,101,24,-1.6963,0.93,541216.62
0.0,101,25,-1.6963,0.93,541216.62
0.0,101,26,-1.6963,0.93,541216.62
0.0,101,27,-1.6963,0.93,541216.62
0.0,101,28,-1.6963,0.93,541216.62
0.0,101,29,-1.6963,0.93,541216.62
0.0,101,30,-1.6963,0.93,541216.62
0.0,101,31,-1.6963,0.93,541216.62
0.0,101,32,-1.6963,0.93,541216.62
0.0,101,33,-1.6963,0.93,541216.62
0.0,101,34,-1.6963,0.93,541216.62
0.0,101,35,-1.6963,0.93,541216.62
0.0,101,36,-1.6963,0.93,541216.62
0.0,101,37,-1.6963,0.93,541216.62
0.0,101,38,-1.6963,0.93,541216.62
0.0,101,39,-1.6963,0.93,541216.62
0.0,101,40,-1.6963,0.93,541216.62
0.0,101,41,-1.6963,0.93,541216.62
0.0,101,42,-1.6963,0.93,541216.62
0.0,101,43,-1.6963,0.93,541216.62
0.0,101,44,-1.6963,0.93,541216.62
0.0,101,45,-1.6963,0.93,541216.62
0.0,101,46,-1.6963,0.93,541216.62
0.0,101,47,-1.6963,0.93,541216.62
0.0,101,48,-1.6963,0.93,541216.62
0.0,101,49,-1.6963,0.93,541216.62
0.0,101,50,-1.6963,0.93,541216.62
0.0,101,51,-1.6963,0.93,541216.62
0.0,101,52,-1.6963,0.93,541216.62
0.0,101,53,-1.6963,0.93,541216.62
0.0,101,54,-1.6963,0.93,541216.62
0.0,101,55,-1.6963,0.93,541216.62
0.0,101,56,-1.6963,0.93,541216.62
0.0,101,57,-1.6963,0.93,541216.62
0.0,101,58,-1.6963,0.93,541216.62
0.0,101,59,-1.6963,0.93,541216.62
0.0,101,60,-1.6963,0.93,541216.62
0.0,101,61,-1.6963,0.93,541216.62
0.0,101,62,-1.6963,0.93,541216.62
0.0,101,63,-1.6963,0.93,541216.62
0.0,101,64,-1.6963,0.93,541216.62
0.0,101,65,-1.6963,0.93,541216.62
0.0,101,66,-1.6963,0.93,541216.62
0.0,101,67,-1.6963,0.93,541216.62
0.0,101,68,-1.6963,0.93,541216.62
0.0,101,69,-1.6963,0.93,541216.62
0.0,101,70,-1.6963,0.93,541216.62
0.0,101,71,-1.6963,0.93,541216.62
0.0,101,72,-1.6963,0.93,541216.62
0.0,101,73,-1.6963,0.93,541216.62
0.0,101,74,-1.6963,0.93,541216.62
0.0,101,75,-1.6963,0.93,541216.62
0.0,101,76,-1.6963,0.93,541216.62
0.0,101,77,-1.6963,0.93,541216.62
0.0,101,78,-1.6963,0.93,541216.62
0.0,101,79,-1.6963,0.93,541216.62
0.0,101,80,-1.6963,0.93,541216.62
0.0,101,81,-1.6963,0.93,541216.62
0.0,101,82,-1.6963,0.93,541216.62
0.0,101,83,-1.6963,0.93,541216.62
0.0,101,84,-1.6963,0.93,541216.62
0.0,101,85,-1.6963,0.93,541216.62
0.0,101,86,-1.6963,0.93,541216.62
0.0,101,87,-1.6963,0.93,541216.62
0.0,101,88,-1.6963,0.93,541216.62
0.0,101,89,-1.6963,0.93,541216.62
0.0,101,90,-1.6963,0.93,541216.62
0.0,101,91,-1.6963,0.93,541216.62
0.0,101,92,-1.6963,0.93,541216.62
0.0,101,93,-1.6963,0.93,541216.62
0.0,101,94,-1.6963,0.93,541216.62
0.0,101,95,-1.6963,0.93,541216.62
0.0,101,96,-1.6963,0.93,541216.62
0.0,101,97,-1.6963,0.93,541216.62
0.0,101,98,-1.6963,0.93,541216.62
0.0,101,99,-1.6963,0.93,541216.62
0.0,101,100,-1.6963,0.93,541216.62
0.0,101,101,-1.6963,0.93,541216.62
0.0,101,102,-1.6963,0.93,541216.62
0.0,101,103,-1.6963,0.93,541216.62
0.0,101,104,-1.6963,0.93,541216.62
0.0,101,105,-1.6963,0.93,541216.62
0.0,101,106,-1.6963,0.93,541216.62
0.0,101,107,-1.6963,0.93,541216.62
0.0,101,108,-1.6963,0.93,541216.62
0.0,101,109,-1.6963,0.93,541216.62
0.0,101,110,-1.6963,0.93,541216.62
0.0,101,111,-1.6963,0.93,541216.62
0.0,101,112,-1.6963,0.93,541216.62
0.0,101,113,-1.6963,0.93,541216.62
0.0,101,114,-1.6963,0.93,541216.62
0.0,101,115,-1.6963,0.93,541216.62
0.0,101,116,-1.6963,0.93,541216.62
0.0,101,117,-1.6963,0.93,541216.62
0.0,101,118,-1.6963,0.93,541216.62
0.0,101,119,-1.6963,0.93,541216.62
0.0,101,120,-1.6963,0.93,541216.62
0.0,101,121,-1.6963,0.93,541216.62
0.0,101,122,-1.6963,0.93,541216.62
0.0,101,123,-1.6963,0.93,541216.62
0.0,101,124,-1.6963,0.93,541216.62
0.0,101,125,-1.6963,0.93,541216.62
0.0,101,126,-1.6963,0.93,541216.62
0.0,101,127,-1.6963,0.93,541216.62
0.0,101,128,-1.6963,0.93,541216.62
0.0,101,129,-1.6963,0.93,541216.62
0.0,101,130,-1.6963,0.93,541216.62
0.0,101,131,-1.6963,0.93,541216.62
0.0,101,132,-1.6963,0.93,541216.62
0.0,101,133,-1.6963,0.93,541216.62
0.0,101,134,-1.6963,0.93,541216.62
0.0,101,135,-1.6963,0.93,541216.62
0.0,101,136,-1.6963,0.93,541216.62
0.0,101,137,-1.6963,0.93,541216.62
0.0,101,138,-1.6963,0.93,541216.62
0.0,101,139,-1.6963,0.93,541216.62
0.0,101,140,-1.6963,0.93,541216.62
0.0,101,141,-1.6963,0.93,541216.62
0.0,101,142,-1.6963,0.93,541216.62
0.0,101,143,-1.6963,0.93,541216.62
0.0,101,144,-1.6963,0.93,541216.62
0.0,101,145,-1.6963,0.93,541216.62
0.0,101,146,-1.6963,0.93,541216.62
0.0,101,147,-1.6963,0.93,541216.62
0.0,101,148,-1.6963,0.93,541216.62
0.0,101,149,-1.6963,0.93,541216.62
0.0,101,150,-1.6963,0.93,541216.62
0.0,101,151,-1.6963,0.93,541216.62
0.0,101,152,-1.6963,0.93,541216.62
0.0,101,153,-1.6963,0.93,541216.62
0.0,101,154,-1.6963,0.93,541216.62
0.0,101,155,-1.6963,0.93,541216.62
0.0,101,156,-1.6963,0.93,541216.62
0.0,101,157,-1.6963,0.93,541216.62
0.0,101,158,-1.6963,0.93,541216.62
0.0,101,159,-1.6963,0.93,541216.62
0.0,101,160,-1.6963,0.93,541216.62
0.0,101,161,-1.6963,0.93,541216.62
0.0,101,162,-1.6963,0.93,541216.62
0.0,101,163,-1.6963,0.93,541216.62
0.0,101,164,-1.6963,0.93,541216.62
0.0,101,165,-1.6963,0.93,541216.62
0.0,101,166,-1.6963,0.93,541216.62
0.0,101,167,-1.6963,0.93,541216.62
0.0,101,168,-1.6963,0.93,541216.62
0.0,101,169,-1.6963,0.93,541216.62
0.0,101,170,-1.6963,0.93,541216.62
0.0,101,171,-1.6963,0.93,541216.62
0.0,101,172,-1.6963,0.93,541216.62
0.0,101,173,-1.6963,0.93,541216.62
0.0,101,174,-1.6963,0.93,541216.62
0.0,101,175,-1.6963,0.93,541216.62
0.0,101,176,-1.6963,0.93,541216.62
0.0,101,177,-1.6963,0.93,541216.62
0.0,101,178,-1.6963,0.93,541216.62
0.0,101,179,-1.6963,0.93,541216.62
0.0,101,180,-1.6963,0.93,541216.62
0.0,101,181,-1.6963,0.93,541216.62
0.0,101,182,-1.6963,0.93,541216.62
0.0,101,183,-1.6963,0.93,541216.62
0.0,101,184,-1.6963,0.93,541216.62
0.0,101,185,-1.6963,0.93,541216.62
0.0,101,186,-1.6963,0.93,541216.62
0.0,101,187,-1.6963,0.93,541216.62
0.0,101,188,-1.6963,0.93,541216.62
0.0,101,189,-1.6963,0.93,541216.62
0.0,101,190,-1.6963,0.93,541216.62
0.0,101,191,-1.6963,0.93,541216.62
0.0,101,192,-1.6963,0.93,541216.62
0.0,101,193,-1.6963,0.93,541216.62
0.0,101,194,-1.6963,0.93,541216.62
0.0,101,195,-1.6963,0.93,541216.62
0.0,101,196,-1.6963,0.93,541216.62
0.0,101,197,-1.6963,0.93,541216.62
0.0,101,198,-1.6963,0.93,541216.62
0.0,101,199,-1.6963,0.93,541216.62
0.0,101,200,-1.6963,0.93,541216.62
0.0,102,1,-1.63753,0.71,524271.0
0.0,102,2,-1.63753,0.71,524271.0
0.0,102,3,-1.63753,0.71,524271.0
0.0,102,4,-1.63753,0.71,524271.0
0.0,102,5,-1.63753,0.71,524271.0
0.0,102,6,-1.63753,0.71,524271.0
0.0,102,7,-1.63753,0.71,524271.0
0.0,102,8,-1.63753,0.71,524271.0
0.0,102,9,-1.63753,0.71,524271.0
0.0,102,10,-1.63753,0.71,524271.0
0.0,102,11,-1.63753,0.71,524271.0
0.0,102,12,-1.63753,0.71,524271.0
0.0,102,13,-1.63753,0.71,524271.0
0.0,102,14,-1.63753,0.71,524271.0
0.0,102,15,-1.63753,0.71,524271.0
0.0,102,16,-1.63753,0.71,524271.0
0.0,102,17,-1.63753,0.71,524271.0
0.0,102,18,-1.63753,0.71,524271.0
0.0,102,19,-1.63753,0.71,524271.0
0.0,102,20,-1.63753,0.71,524271.0
0.0,102,21,-1.63753,0.71,524271.0
0.0,102,22,-1.63753,0.71,524271.0
0.0,102,23,-1.63753,0.71,524271.0
0.0,102,24,-1.63753,0.71,524271.0
0.0,102,25,-1.63753,0.71,524271.0
0.0,102,26,-1.63753,0.71,524271.0
0.0,102,27,-1.63753,0.71,524271.0
0.0,102,28,-1.63753,0.71,524271.0
0.0,102,29,-1.63753,0.71,524271.0
0.0,102,30,-1.63753,0.71,524271.0
0.0,102,31,-1.63753,0.71,524271.0
0.0,102,32,-1.63753,0.71,524271.0
0.0,102,33,-1.63753,0.71,524271.0
0.0,102,34,-1.63753,0.71,524271.0
0.0,102,35,-1.63753,0.71,524271.0
0.0,102,36,-1.63753,0.71,524271.0
0.0,102,37,-1.63753,0.71,524271.0
0.0,102,38,-1.63753,0.71,524271.0
0.0,102,39,-1.63753,0.71,524271.0
0.0,102,40,-1.63753,0.71,524271.0
0.0,102,41,-1.63753,0.71,524271.0
0.0,102,42,-1.63753,0.71,524271.0
0.0,102,43,-1.63753,0.71,524271.0
0.0,102,44,-1.63753,0.71,524271.0
0.0,102,45,-1.63753,0.71,524271.0
0.0,102,46,-1.63753,0.71,524271.0
0.0,102,47,-1.63753,0.71,524271.0
0.0,102,48,-1.63753,0.71,524271.0
0.0,102,49,-1.63753,0.71,524271.0
0.0,102,50,-1.63753,0.71,524271.0
0.0,102,51,-1.63753,0.71,524271.0
0.0,102,52,-1.63753,0.71,524271.0
0.0,102,53,-1.63753,0.71,524271.0
0.0,102,54,-1.63753,0.71,524271.0
0.0,102,55,-1.63753,0.71,524271.0
0.0,102,56,-1.63753,0.71,524271.0
0.0,102,57,-1.63753,0.71,524271.0
0.0,102,58,-1.63753,0.71,524271.0
0.0,102,59,-1.63753,0.71,524271.0
0.0,102,60,-1.63753,0.71,524271.0
0.0,102,61,-1.63753,0.71,524271.0
0.0,102,62,-1.63753,0.71,524271.0
0.0,102,63,-1.63753,0.71,524271.0
0.0,102,64,-1.63753,0.71,524271.0
0.0,102,65,-1.63753,0.71,524271.0
0.0,102,66,-1.63753,0.71,524271.0
0.0,102,67,-1.63753,0.71,524271.0
0.0,102,68,-1.63753,0.71,524271.0
0.0,102,69,-1.63753,0.71,524271.0
0.0,102,70,-1.63753,0.71,524271.0
0.0,102,71,-1.63753,0.71,524271.0
0.0,102,72,-1.63753,0.71,524271.0
0.0,102,73,-1.63753,0.71,524271.0
0.0,102,74,-1.63753,0.71,524271.0
0.0,102,75,-1.63753,0.71,524271.0
0.0,102,76,-1.63753,0.71,524271.0
0.0,102,77,-1.63753,0.71,524271.0
0.0,102,78,-1.63753,0.71,524271.0
0.0,102,79,-1.63753,0.71,524271.0
0.0,102,80,-1.63753,0.71,524271.0
0.0,102,81,-1.63753,0.71,524271.0
0.0,102,82,-1.63753,0.71,524271.0
0.0,102,83,-1.63753,0.71,524271.0
0.0,102,84,-1.63753,0.71,524271.0
0.0,102,85,-1.63753,0.71,524271.0
0.0,102,86,-1.63753,0.71,524271.0
0.0,102,87,-1.63753,0.71,524271.0
0.0,102,88,-1.63753,0.71,524271.0
0.0,102,89,-1.63753,0.71,524271.0
0.0,102,90,-1.63753,0.71,524271.0
0.0,102,91,-1.63753,0.71,524271.0
0.0,102,92,-1.63753,0.71,524271.0
0.0,102,93,-1.63753,0.71,524271.0
0.0,102,94,-1.63753,0.71,524271.0
0.0,102,95,-1.63753,0.71,524271.0
0.0,102,96,-1.63753,0.71,524271.0
0.0,102,97,-1.63753,0.71,524271.0
0.0,102,98,-1.63753,0.71,524271.0
0.0,102,99,-1.63753,0.71,524271.0
0.0,102,100,-1.63753,0.71,524271.0
0.0,102,101,-1.63753,0.71,524271.0
0.0,102,102,-1.63753,0.71,524271.0
0.0,102,103,-1.63753,0.71,524271.0
0.0,102,104,-1.63753,0.71,524271.0
0.0,102,105,-1.63753,0.71,524271.0
0.0,102,106,-1.63753,0.71,524271.0
0.0,102,107,-1.63753,0.71,524271.0
0.0,102,108,-1.63753,0.71,524271.0
0.0,102,109,-1.63753,0.71,524271.0
0.0,102,110,-1.63753,0.71,524271.0
0.0,102,111,-1.63753,0.71,524271.0
0.0,102,112,-1.63753,0.71,524271.0
0.0,102,113,-1.63753,0.71,524271.0
0.0,102,114,-1.63753,0.71,524271.0
0.0,102,115,-1.63753,0.71,524271.0
0.0,102,116,-1.63753,0.71,524271.0
0.0,102,117,-1.63753,0.71,524271.0
0.0,102,118,-1.63753,0.71,524271.0
0.0,102,119,-1.63753,0.71,524271.0
0.0,102,120,-1.63753,0.71,524271.0
0.0,102,121,-1.63753,0.71,524271.0
0.0,102,122,-1.63753,0.71,524271.0
0.0,102,123,-1.63753,0.71,524271.0
0.0,102,124,-1.63753,0.71,524271.0
0.0,102,125,-1.63753,0.71,524271.0
0.0,102,126,-1.63753,0.71,524271.0
0.0,102,127,-1.63753,0.71,524271.0
0.0,102,128,-1.63753,0.71,524271.0
0.0,102,129,-1.63753,0.71,524271.0
0.0,102,130,-1.63753,0.71,524271.0
0.0,102,131,-1.63753,0.71,524271.0
0.0,102,132,-1.63753,0.71,524271.0
0.0,102,133,-1.63753,0.71,524271.0
0.0,102,134,-1.63753,0.71,524271.0
0.0,102,135,-1.63753,0.71,524271.0
0.0,102,136,-1.63753,0.71,524271.0
0.0,102,137,-1.63753,0.71,524271.0
0.0,102,138,-1.63753,0.71,524271.0
0.0,102,139,-1.63753,0.71,524271.0
0.0,102,140,-1.63753,0.71,524271.0
0.0,102,141,-1.63753,0.71,524271.0
0.0,102,142,-1.63753,0.71,524271.0
0.0,102,143,-1.63753,0.71,524271.0
0.0,102,144,-1.63753,0.71,524271.0
0.0,102,145,-1.63753,0.71,524271.0
0.0,102,146,-1.63753,0.71,524271.0
0.0,102,147,-1.63753,0.71,524271.0
0.0,102,148,-1.63753,0.71,524271.0
0.0,102,149,-1.63753,0.71,524271.0
0.0,102,150,-1.63753,0.71,524271.0
0.0,102,151,-1.63753,0.71,524271.0
0.0,102,152,-1.63753,0.71,524271.0
0.0,102,153,-1.63753,0.71,524271.0
0.0,102,154,-1.63753,0.71,524271.0
0.0,102,155,-1.63753,0.71,524271.0
0.0,102,156,-1.63753,0.71,524271.0
0.0,102,157,-1.63753,0.71,524271.0
0.0,102,158,-1.63753,0.71,524271.0
0.0,102,159,-1.63753,0.71,524271.0
0.0,102,160,-1.63753,0.71,524271.0
0.0,102,161,-1.63753,0.71,524271.0
0.0,102,162,-1.63753,0.71,524271.0
0.0,102,163,-1.63753,0.71,524271.0
0.0,102,164,-1.63753,0.71,524271.0
0.0,102,165,-1.63753,0.71,524271.0
0.0,102,166,-1.63753,0.71,524271.0
0.0,102,167,-1.63753,0.71,524271.0
0.0,102,168,-1.63753,0.71,524271.0
0.0,102,169,-1.63753,0.71,524271.0
0.0,102,170,-1.63753,0.71,524271.0
0.0,102,171,-1.63753,0.71,524271.0
0.0,102,172,-1.63753,0.71,524271.0
0.0,102,173,-1.63753,0.71,524271.0
0.0,102,174,-1.63753,0.71,524271.0
0.0,102,175,-1.63753,0.71,524271.0
0.0,102,176,-1.63753,0.71,524271.0
0.0,102,177,-1.63753,0.71,524271.0
0.0,102,178,-1.63753,0.71,524271.0
0.0,102,179,-1.63753,0.71,524271.0
0.0,102,180,-1.63753,0.71,524271.0
0.0,102,181,-1.63753,0.71,524271.0
0.0,102,182,-1.63753,0.71,524271.0
0.0,102,183,-1.63753,0.71,524271.0
0.0,102,184,-1.63753,0.71,524271.0
0.0,102,185,-1.63753,0.71,524271.0
0.0,102,186,-1.63753,0.71,524271.0
0.0,102,187,-1.63753,0.71,524271.0
0.0,102,188,-1.63753,0.71,524271.0
0.0,102,189,-1.63753,0.71,524271.0
0.0,102,190,-1.63753,0.71,524271.0
0.0,102,191,-1.63753,0.71,524271.0
0.0,102,192,-1.63753,0.71,524271.0
0.0,102,193,-1.63753,0.71,524271.0
0.0,102,194,-1.63753,0.71,524271.0
0.0,102,195,-1.63753,0.71,524271.0
0.0,102,196,-1.63753,0.71,524271.0
0.0,102,197,-1.63753,0.71,524271.0
0.0,102,198,-1.63753,0.71,524271.0
0.0,102,199,-1.63753,0.71,524271.0
0.0,102,200,-1.63753,0.71,524271.0
0.0,103,1,-1.27394,1.0,565771.9
0.0,103,2,-1.27394,1.0,565771.9
0.0,103,3,-1.27394,1.0,565771.9
0.0,103,4,-1.27394,1.0,565771.9
0.0,103,5,-1.27394,1.0,565771.9
0.0,103,6,-1.27394,1.0,565771.9
0.0,103,7,-1.27394,1.0,565771.9
0.0,103,8,-1.27394,1.0,565771.9
0.0,103,9,-1.27394,1.0,565771.9
0.0,103,10,-1.27394,1.0,565771.9
0.0,103,11,-1.27394,1.0,565771.9
0.0,103,12,-1.27394,1.0,565771.9
0.0,103,13,-1.27394,1.0,565771.9
0.0,103,14,-1.27394,1.0,565771.9
0.0,103,15,-1.27394,1.0,565771.9
0.0,103,16,-1.27394,1.0,565771.9
0.0,103,17,-1.27394,1.0,565771.9
0.0,103,18,-1.27394,1.0,565771.9
0.0,103,19,-1.27394,1.0,565771.9
0.0,103,20,-1.27394,1.0,565771.9
0.0,103,21,-1.27394,1.0,565771.9
0.0,103,22,-1.27394,1.0,565771.9
0.0,103,23,-1.27394,1.0,565771.9
0.0,103,24,-1.27394,1.0,565771.9
0.0,103,25,-1.27394,1.0,565771.9
0.0,103,26,-1.27394,1.0,565771.9
0.0,103,27,-1.27394,1.0,565771.9
0.0,103,28,-1.27394,1.0,565771.9
0.0,103,29,-1.27394,1.0,565771.9
0.0,103,30,-1.27394,1.0,565771.9
0.0,103,31,-1.27394,1.0,565771.9
0.0,103,32,-1.27394,1.0,565771.9
0.0,103,33,-1.27394,1.0,565771.9
0.0,103,34,-1.27394,1.0,565771.9
0.0,103,35,-1.27394,1.0,565771.9
0.0,103,36,-1.27394,1.0,565771.9
0.0,103,37,-1.27394,1.0,565771.9
0.0,103,38,-1.27394,1.0,565771.9
0.0,103,39,-1.27394,1.0,565771.9
0.0,103,40,-1.27394,1.0,565771.9
0.0,103,41,-1.27394,1.0,565771.9
0.0,103,42,-1.27394,1.0,565771.9
0.0,103,43,-1.27394,1.0,565771.9
0.0,103,44,-1.27394,1.0,565771.9
0.0,103,45,-1.27394,1.0,565771.9
0.0,103,46,-1.27394,1.0,565771.9
0.0,103,47,-1.27394,1.0,565771.9
0.0,103,48,-1.27394,1.0,565771.9
0.0,103,49,-1.27394,1.0,565771.9
0.0,103,50,-1.27394,1.0,565771.9
0.0,103,51,-1.27394,1.0,565771.9
0.0,103,52,-1.27394,1.0,565771.9
0.0,103,53,-1.27394,1.0,565771.9
0.0,103,54,-1.27394,1.0,565771.9
0.0,103,55,-1.27394,1.0,565771.9
0.0,103,56,-1.27394,1.0,565771.9
0.0,103,57,-1.27394,1.0,565771.9
0.0,103,58,-1.27394,1.0,565771.9
0.0,103,59,-1.27394,1.0,565771.9
0.0,103,60,-1.27394,1.0,565771.9
0.0,103,61,-1.27394,1.0,565771.9
0.0,103,62,-1.27394,1.0,565771.9
0.0,103,63,-1.27394,1.0,565771.9
0.0,103,64,-1.27394,1.0,565771.9
0.0,103,65,-1.27394,1.0,565771.9
0.0,103,66,-1.27394,1.0,565771.9
0.0,103,67,-1.27394,1.0,565771.9
0.0,103,68,-1.27394,1.0,565771.9
0.0,103,69,-1.27394,1.0,565771.9
0.0,103,70,-1.27394,1.0,565771.9
0.0,103,71,-1.27394,1.0,565771.9
0.0,103,72,-1.27394,1.0,565771.9
0.0,103,73,-1.27394,1.0,565771.9
0.0,103,74,-1.27394,1.0,565771.9
0.0,103,75,-1.27394,1.0,565771.9
0.0,103,76,-1.27394,1.0,565771.9
0.0,103,77,-1.27394,1.0,565771.9
0.0,103,78,-1.27394,1.0,565771.9
0.0,103,79,-1.27394,1.0,565771.9
0.0,103,80,-1.27394,1.0,565771.9
0.0,103,81,-1.27394,1.0,565771.9
0.0,103,82,-1.27394,1.0,565771.9
0.0,103,83,-1.27394,1.0,565771.9
0.0,103,84,-1.27394,1.0,565771.9
0.0,103,85,-1.27394,1.0,565771.9
0.0,103,86,-1.27394,1.0,565771.9
0.0,103,87,-1.27394,1.0,565771.9
0.0,103,88,-1.27394,1.0,565771.9
0.0,103,89,-1.27394,1.0,565771.9
0.0,103,90,-1.27394,1.0,565771.9
0.0,103,91,-1.27394,1.0,565771.9
0.0,103,92,-1.27394,1.0,565771.9
0.0,103,93,-1.27394,1.0,565771.9
0.0,103,94,-1.27394,1.0,565771.9
0.0,103,95,-1.27394,1.0,565771.9
0.0,103,96,-1.27394,1.0,565771.9
0.0,103,97,-1.27394,1.0,565771.9
0.0,103,98,-1.27394,1.0,565771.9
0.0,103,99,-1.27394,1.0,565771.9
0.0,103,100,-1.27394,1.0,565771.9
0.0,103,101,-1.27394,1.0,565771.9
0.0,103,102,-1.27394,1.0,565771.9
0.0,103,103,-1.27394,1.0,565771.9
0.0,103,104,-1.27394,1.0,565771.9
0.0,103,105,-1.27394,1.0,565771.9
0.0,103,106,-1.27394,1.0,565771.9
0.0,103,107,-1.27394,1.0,565771.9
0.0,103,108,-1.27394,1.0,565771.9
0.0,103,109,-1.27394,1.0,565771.9
0.0,103,110,-1.27394,1.0,565771.9
0.0,103,111,-1.27394,1.0,565771.9
0.0,103,112,-1.27394,1.0,565771.9
0.0,103,113,-1.27394,1.0,565771.9
0.0,103,114,-1.27394,1.0,565771.9
0.0,103,115,-1.27394,1.0,565771.9
0.0,103,116,-1.27394,1.0,565771.9
0.0,103,117,-1.27394,1.0,565771.9
0.0,103,118,-1.27394,1.0,565771.9
0.0,103,119,-1.27394,1.0,565771.9
0.0,103,120,-1.27394,1.0,565771.9
0.0,103,121,-1.27394,1.0,565771.9
0.0,103,122,-1.27394,1.0,565771.9
0.0,103,123,-1.27394,1.0,565771.9
0.0,103,124,-1.27394,1.0,565771.9
0.0,103,125,-1.27394,1.0,565771.9
0.0,103,126,-1.27394,1.0,565771.9
0.0,103,127,-1.27394,1.0,565771.9
0.0,103,128,-1.27394,1.0,565771.9
0.0,103,129,-1.27394,1.0,565771.9
0.0,103,130,-1.27394,1.0,565771.9
0.0,103,131,-1.27394,1.0,565771.9
0.0,103,132,-1.27394,1.0,565771.9
0.0,103,133,-1.27394,1.0,565771.9
0.0,103,134,-1.27394,1.0,565771.9
0.0,103,135,-1.27394,1.0,565771.9
0.0,103,136,-1.27394,1.0,565771.9
0.0,103,137,-1.27394,1.0,565771.9
0.0,103,138,-1.27394,1.0,565771.9
0.0,103,139,-1.27394,1.0,565771.9
0.0,103,140,-1.27394,1.0,565771.9
0.0,103,141,-1.27394,1.0,565771.9
0.0,103,142,-1.27394,1.0,565771.9
0.0,103,143,-1.27394,1.0,565771.9
0.0,103,144,-1.27394,1.0,565771.9
0.0,103,145,-1.27394,1.0,565771.9
0.0,103,146,-1.27394,1.0,565771.9
0.0,103,147,-1.27394,1.0,565771.9
0.0,103,148,-1.27394,1.0,565771.9
0.0,103,149,-1.27394,1.0,565771.9
0.0,103,150,-1.27394,1.0,565771.9
0.0,103,151,-1.27394,1.0,565771.9
0.0,103,152,-1.27394,1.0,565771.9
0.0,103,153,-1.27394,1.0,565771.9
0.0,103,154,-1.27394,1.0,565771.9
0.0,103,155,-1.27394,1.0,565771.9
0.0,103,156,-1.27394,1.0,565771.9
0.0,103,157,-1.27394,1.0,565771.9
0.0,103,158,-1.27394,1.0,565771.9
0.0,103,159,-1.27394,1.0,565771.9
0.0,103,160,-1.27394,1.0,565771.9
0.0,103,161,-1.27394,1.0,565771.9
0.0,103,162,-1.27394,1.0,565771.9
0.0,103,163,-1.27394,1.0,565771.9
0.0,103,164,-1.27394,1.0,565771.9
0.0,103,165,-1.27394,1.0,565771.9
0.0,103,166,-1.27394,1.0,565771.9
0.0,103,167,-1.27394,1.0,565771.9
0.0,103,168,-1.27394,1.0,565771.9
0.0,103,169,-1.27394,1.0,565771.9
0.0,103,170,-1.27394,1.0,565771.9
0.0,103,171,-1.27394,1.0,565771.9
0.0,103,172,-1.27394,1.0,565771.9
0.0,103,173,-1.27394,1.0,565771.9
0.0,103,174,-1.27394,1.0,565771.9
0.0,103,175,-1.27394,1.0,565771.9
0.0,103,176,-1.27394,1.0,565771.9
0.0,103,177,-1.27394,1.0,565771.9
0.0,103,178,-1.27394,1.0,565771.9
0.0,103,179,-1.27394,1.0,565771.9
0.0,103,180,-1.27394,1.0,565771.9
0.0,103,181,-1.27394,1.0,565771.9
0.0,103,182,-1.27394,1.0,565771.9
0.0,103,183,-1.27394,1.0,565771.9
0.0,103,184,-1.27394,1.0,565771.9
0.0,103,185,-1.27394,1.0,565771.9
0.0,103,186,-1.27394,1.0,565771.9
0.0,103,187,-1.27394,1.0,565771.9
0.0,103,188,-1.27394,1.0,565771.9
0.0,103,189,-1.27394,1.0,565771.9
0.0,103,190,-1.27394,1.0,565771.9
0.0,103,191,-1.27394,1.0,565771.9
0.0,103,192,-1.27394,1.0,565771.9
0.0,103,193,-1.27394,1.0,565771.9
0.0,103,194,-1.27394,1.0,565771.9
0.0,103,195,-1.27394,1.0,565771.9
0.0,103,196,-1.27394,1.0,565771.9
0.0,103,197,-1.27394,1.0,565771.9
0.0,103,198,-1.27394,1.0,565771.9
0.0,103,199,-1.27394,1.0,565771.9
0.0,103,200,-1.27394,1.0,565771.9
0.0,105,1,-1.25654,0.895,556338.99
0.0,105,2,-1.25654,0.895,556338.99
0.0,105,3,-1.25654,0.895,556338.99
0.0,105,4,-1.25654,0.895,556338.99
0.0,105,5,-1.25654,0.895,556338.99
0.0,105,6,-1.25654,0.895,556338.99
0.0,105,7,-1.25654,0.895,556338.99
0.0,105,8,-1.25654,0.895,556338.99
0.0,105,9,-1.25654,0.895,556338.99
0.0,105,10,-1.25654,0.895,556338.99
0.0,105,11,-1.25654,0.895,556338.99
0.0,105,12,-1.25654,0.895,556338.99
0.0,105,13,-1.25654,0.895,556338.99
0.0,105,14,-1.25654,0.895,556338.99
0.0,105,15,-1.25654,0.895,556338.99
0.0,105,16,-1.25654,0.895,556338.99
0.0,105,17,-1.25654,0.895,556338.99
0.0,105,18,-1.25654,0.895,556338.99
0.0,105,19,-1.25654,0.895,556338.99
0.0,105,20,-1.25654,0.895,556338.99
0.0,105,21,-1.25654,0.895,556338.99
0.0,105,22,-1.25654,0.895,556338.99
0.0,105,23,-1.25654,0.895,556338.99
0.0,105,24,-1.25654,0.895,556338.99
0.0,105,25,-1.25654,0.895,556338.99
0.0,105,26,-1.25654,0.895,556338.99
0.0,105,27,-1.25654,0.895,556338.99
0.0,105,28,-1.25654,0.895,556338.99
0.0,105,29,-1.25654,0.895,556338.99
0.0,105,30,-1.25654,0.895,556338.99
0.0,105,31,-1.25654,0.895,556338.99
0.0,105,32,-1.25654,0.895,556338.99
0.0,105,33,-1.25654,0.895,556338.99
0.0,105,34,-1.25654,0.895,556338.99
0.0,105,35,-1.25654,0.895,556338.99
0.0,105,36,-1.25654,0.895,556338.99
0.0,105,37,-1.25654,0.895,556338.99
0.0,105,38,-1.25654,0.895,556338.99
0.0,105,39,-1.25654,0.895,556338.99
0.0,105,40,-1.25654,0.895,556338.99
0.0,105,41,-1.25654,0.895,556338.99
0.0,105,42,-1.25654,0.895,556338.99
0.0,105,43,-1.25654,0.895,556338.99
0.0,105,44,-1.25654,0.895,556338.99
0.0,105,45,-1.25654,0.895,556338.99
0.0,105,46,-1.25654,0.895,556338.99
0.0,105,47,-1.25654,0.895,556338.99
0.0,105,48,-1.25654,0.895,556338.99
0.0,105,49,-1.25654,0.895,556338.99
0.0,105,50,-1.25654,0.895,556338.99
0.0,105,51,-1.25654,0.895,556338.99
0.0,105,52,-1.25654,0.895,556338.99
0.0,105,53,-1.25654,0.895,556338.99
0.0,105,54,-1.25654,0.895,556338.99
0.0,105,55,-1.25654,0.895,556338.99
0.0,105,56,-1.25654,0.895,556338.99
0.0,105,57,-1.25654,0.895,556338.99
0.0,105,58,-1.25654,0.895,556338.99
0.0,105,59,-1.25654,0.895,556338.99
0.0,105,60,-1.25654,0.895,556338.99
0.0,105,61,-1.25654,0.895,556338.99
0.0,105,62,-1.25654,0.895,556338.99
0.0,105,63,-1.25654,0.895,556338.99
0.0,105,64,-1.25654,0.895,556338.99
0.0,105,65,-1.25654,0.895,556338.99
0.0,105,66,-1.25654,0.895,556338.99
0.0,105,67,-1.25654,0.895,556338.99
0.0,105,68,-1.25654,0.895,556338.99
0.0,105,69,-1.25654,0.895,556338.99
0.0,105,70,-1.25654,0.895,556338.99
0.0,105,71,-1.25654,0.895,556338.99
0.0,105,72,-1.25654,0.895,556338.99
0.0,105,73,-1.25654,0.895,556338.99
0.0,105,74,-1.25654,0.895,556338.99
0.0,105,75,-1.25654,0.895,556338.99
0.0,105,76,-1.25654,0.895,556338.99
0.0,105,77,-1.25654,0.895,556338.99
0.0,105,78,-1.25654,0.895,556338.99
0.0,105,79,-1.25654,0.895,556338.99
0.0,105,80,-1.25654,0.895,556338.99
0.0,105,81,-1.25654,0.895,556338.99
0.0,105,82,-1.25654,0.895,556338.99
0.0,105,83,-1.25654,0.895,556338.99
0.0,105,84,-1.25654,0.895,556338.99
0.0,105,85,-1.25654,0.895,556338.99
0.0,105,86,-1.25654,0.895,556338.99
0.0,105,87,-1.25654,0.895,556338.99
0.0,105,88,-1.25654,0.895,556338.99
0.0,105,89,-1.25654,0.895,556338.99
0.0,105,90,-1.25654,0.895,556338.99
0.0,105,91,-1.25654,0.895,556338.99
0.0,105,92,-1.25654,0.895,556338.99
0.0,105,93,-1.25654,0.895,556338.99
0.0,105,94,-1.25654,0.895,556338.99
0.0,105,95,-1.25654,0.895,556338.99
0.0,105,96,-1.25654,0.895,556338.99
0.0,105,97,-1.25654,0.895,556338.99
0.0,105,98,-1.25654,0.895,556338.99
0.0,105,99,-1.25654,0.895,556338.99
0.0,105,100,-1.25654,0.895,556338.99
0.0,105,101,-1.25654,0.895,556338.99
0.0,105,102,-1.25654,0.895,556338.99
0.0,105,103,-1.25654,0.895,556338.99
0.0,105,104,-1.25654,0.895,556338.99
0.0,105,105,-1.25654,0.895,556338.99
0.0,105,106,-1.25654,0.895,556338.99
0.0,105,107,-1.25654,0.895,556338.99
0.0,105,108,-1.25654,0.895,556338.99
0.0,105,109,-1.25654,0.895,556338.99
0.0,105,110,-1.25654,0.895,556338.99
0.0,105,111,-1.25654,0.895,556338.99
0.0,105,112,-1.25654,0.895,556338.99
0.0,105,113,-1.25654,0.895,556338.99
0.0,105,114,-1.25654,0.895,556338.99
0.0,105,115,-1.25654,0.895,556338.99
0.0,105,116,-1.25654,0.895,556338.99
0.0,105,117,-1.25654,0.895,556338.99
0.0,105,118,-1.25654,0.895,556338.99
0.0,105,119,-1.25654,0.895,556338.99
0.0,105,120,-1.25654,0.895,556338.99
0.0,105,121,-1.25654,0.895,556338.99
0.0,105,122,-1.25654,0.895,556338.99
0.0,105,123,-1.25654,0.895,556338.99
0.0,105,124,-1.25654,0.895,556338.99
0.0,105,125,-1.25654,0.895,556338.99
0.0,105,126,-1.25654,0.895,556338.99
0.0,105,127,-1.25654,0.895,556338.99
0.0,105,128,-1.25654,0.895,556338.99
0.0,105,129,-1.25654,0.895,556338.99
0.0,105,130,-1.25654,0.895,556338.99
0.0,105,131,-1.25654,0.895,556338.99
0.0,105,132,-1.25654,0.895,556338.99
0.0,105,133,-1.25654,0.895,556338.99
0.0,105,134,-1.25654,0.895,556338.99
0.0,105,135,-1.25654,0.895,556338.99
0.0,105,136,-1.25654,0.895,556338.99
0.0,105,137,-1.25654,0.895,556338.99
0.0,105,138,-1.25654,0.895,556338.99
0.0,105,139,-1.25654,0.895,556338.99
0.0,105,140,-1.25654,0.895,556338.99
0.0,105,141,-1.25654,0.895,556338.99
0.0,105,142,-1.25654,0.895,556338.99
0.0,105,143,-1.25654,0.895,556338.99
0.0,105,144,-1.25654,0.895,556338.99
0.0,105,145,-1.25654,0.895,556338.99
0.0,105,146,-1.25654,0.895,556338.99
0.0,105,147,-1.25654,0.895,556338.99
0.0,105,148,-1.25654,0.895,556338.99
0.0,105,149,-1.25654,0.895,556338.99
0.0,105,150,-1.25654,0.895,556338.99
0.0,105,151,-1.25654,0.895,556338.99
0.0,105,152,-1.25654,0.895,556338.99
0.0,105,153,-1.25654,0.895,556338.99
0.0,105,154,-1.25654,0.895,556338.99
0.0,105,155,-1.25654,0.895,556338.99
0.0,105,156,-1.25654,0.895,556338.99
0.0,105,157,-1.25654,0.895,556338.99
0.0,105,158,-1.25654,0.895,556338.99
0.0,105,159,-1.25654,0.895,556338.99
0.0,105,160,-1.25654,0.895,556338.99
0.0,105,161,-1.25654,0.895,556338.99
0.0,105,162,-1.25654,0.895,556338.99
0.0,105,163,-1.25654,0.895,556338.99
0.0,105,164,-1.25654,0.895,556338.99
0.0,105,165,-1.25654,0.895,556338.99
0.0,105,166,-1.25654,0.895,556338.99
0.0,105,167,-1.25654,0.895,556338.99
0.0,105,168,-1.25654,0.895,556338.99
0.0,105,169,-1.25654,0.895,556338.99
0.0,105,170,-1.25654,0.895,556338.99
0.0,105,171,-1.25654,0.895,556338.99
0.0,105,172,-1.25654,0.895,556338.99
0.0,105,173,-1.25654,0.895,556338.99
0.0,105,174,-1.25654,0.895,556338.99
0.0,105,175,-1.25654,0.895,556338.99
0.0,105,176,-1.25654,0.895,556338.99
0.0,105,177,-1.25654,0.895,556338.99
0.0,105,178,-1.25654,0.895,556338.99
0.0,105,179,-1.25654,0.895,556338.99
0.0,105,180,-1.25654,0.895,556338.99
0.0,105,181,-1.25654,0.895,556338.99
0.0,105,182,-1.25654,0.895,556338.99
0.0,105,183,-1.25654,0.895,556338.99
0.0,105,184,-1.25654,0.895,556338.99
0.0,105,185,-1.25654,0.895,556338.99
0.0,105,186,-1.25654,0.895,556338.99
0.0,105,187,-1.25654,0.895,556338.99
0.0,105,188,-1.25654,0.895,556338.99
0.0,105,189,-1.25654,0.895,556338.99
0.0,105,190,-1.25654,0.895,556338.99
0.0,105,191,-1.25654,0.895,556338.99
0.0,105,192,-1.25654,0.895,556338.99
0.0,105,193,-1.25654,0.895,556338.99
0.0,105,194,-1.25654,0.895,556338.99
0.0,105,195,-1.25654,0.895,556338.99
0.0,105,196,-1.25654,0.895,556338.99
0.0,105,197,-1.25654,0.895,556338.99
0.0,105,198,-1.25654,0.895,556338.99
0.0,105,199,-1.25654,0.895,556338.99
0.0,105,200,-1.25654,0.895,556338.99
0.0,107,1,-1.56878,0.885,558938.13
0.0,107,2,-1.56878,0.885,558938.13
0.0,107,3,-1.56878,0.885,558938.13
0.0,107,4,-1.56878,0.885,558938.13
0.0,107,5,-1.56878,0.885,558938.13
0.0,107,6,-1.56878,0.885,558938.13
0.0,107,7,-1.56878,0.885,558938.13
0.0,107,8,-1.56878,0.885,558938.13
0.0,107,9,-1.56878,0.885,558938.13
0.0,107,10,-1.56878,0.885,558938.13
0.0,107,11,-1.56878,0.885,558938.13
0.0,107,12,-1.56878,0.885,558938.13
0.0,107,13,-1.56878,0.885,558938.13
0.0,107,14,-1.56878,0.885,558938.13
0.0,107,15,-1.56878,0.885,558938.13
0.0,107,16,-1.56878,0.885,558938.13
0.0,107,17,-1.56878,0.885,558938.13
0.0,107,18,-1.56878,0.885,558938.13
0.0,107,19,-1.56878,0.885,558938.13
0.0,107,20,-1.56878,0.885,558938.13
0.0,107,21,-1.56878,0.885,558938.13
0.0,107,22,-1.56878,0.885,558938.13
0.0,107,23,-1.56878,0.885,558938.13
0.0,107,24,-1.56878,0.885,558938.13
0.0,107,25,-1.56878,0.885,558938.13
0.0,107,26,-1.56878,0.885,558938.13
0.0,107,27,-1.56878,0.885,558938.13
0.0,107,28,-1.56878,0.885,558938.13
0.0,107,29,-1.56878,0.885,558938.13
0.0,107,30,-1.56878,0.885,558938.13
0.0,107,31,-1.56878,0.885,558938.13
0.0,107,32,-1.56878,0.885,558938.13
0.0,107,33,-1.56878,0.885,558938.13
0.0,107,34,-1.56878,0.885,558938.13
0.0,107,35,-1.56878,0.885,558938.13
0.0,107,36,-1.56878,0.885,558938.13
0.0,107,37,-1.56878,0.885,558938.13
0.0,107,38,-1.56878,0.885,558938.13
0.0,107,39,-1.56878,0.885,558938.13
0.0,107,40,-1.56878,0.885,558938.13
0.0,107,41,-1.56878,0.885,558938.13
0.0,107,42,-1.56878,0.885,558938.13
0.0,107,43,-1.56878,0.885,558938.13
0.0,107,44,-1.56878,0.885,558938.13
0.0,107,45,-1.56878,0.885,558938.13
0.0,107,46,-1.56878,0.885,558938.13
0.0,107,47,-1.56878,0.885,558938.13
0.0,107,48,-1.56878,0.885,558938.13
0.0,107,49,-1.56878,0.885,558938.13
0.0,107,50,-1.56878,0.885,558938.13
0.0,107,51,-1.56878,0.885,558938.13
0.0,107,52,-1.56878,0.885,558938.13
0.0,107,53,-1.56878,0.885,558938.13
0.0,107,54,-1.56878,0.885,558938.13
0.0,107,55,-1.56878,0.885,558938.13
0.0,107,56,-1.56878,0.885,558938.13
0.0,107,57,-1.56878,0.885,558938.13
0.0,107,58,-1.56878,0.885,558938.13
0.0,107,59,-1.56878,0.885,558938.13
0.0,107,60,-1.56878,0.885,558938.13
0.0,107,61,-1.56878,0.885,558938.13
0.0,107,62,-1.56878,0.885,558938.13
0.0,107,63,-1.56878,0.885,558938.13
0.0,107,64,-1.56878,0.885,558938.13
0.0,107,65,-1.56878,0.885,558938.13
0.0,107,66,-1.56878,0.885,558938.13
0.0,107,67,-1.56878,0.885,558938.13
0.0,107,68,-1.56878,0.885,558938.13
0.0,107,69,-1.56878,0.885,558938.13
0.0,107,70,-1.56878,0.885,558938.13
0.0,107,71,-1.56878,0.885,558938.13
0.0,107,72,-1.56878,0.885,558938.13
0.0,107,73,-1.56878,0.885,558938.13
0.0,107,74,-1.56878,0.885,558938.13
0.0,107,75,-1.56878,0.885,558938.13
0.0,107,76,-1.56878,0.885,558938.13
0.0,107,77,-1.56878,0.885,558938.13
0.0,107,78,-1.56878,0.885,558938.13
0.0,107,79,-1.56878,0.885,558938.13
0.0,107,80,-1.56878,0.885,558938.13
0.0,107,81,-1.56878,0.885,558938.13
0.0,107,82,-1.56878,0.885,558938.13
0.0,107,83,-1.56878,0.885,558938.13
0.0,107,84,-1.56878,0.885,558938.13
0.0,107,85,-1.56878,0.885,558938.13
0.0,107,86,-1.56878,0.885,558938.13
0.0,107,87,-1.56878,0.885,558938.13
0.0,107,88,-1.56878,0.885,558938.13
0.0,107,89,-1.56878,0.885,558938.13
0.0,107,90,-1.56878,0.885,558938.13
0.0,107,91,-1.56878,0.885,558938.13
0.0,107,92,-1.56878,0.885,558938.13
0.0,107,93,-1.56878,0.885,558938.13
0.0,107,94,-1.56878,0.885,558938.13
0.0,107,95,-1.56878,0.885,558938.13
0.0,107,96,-1.56878,0.885,558938.13
0.0,107,97,-1.56878,0.885,558938.13
0.0,107,98,-1.56878,0.885,558938.13
0.0,107,99,-1.56878,0.885,558938.13
0.0,107,100,-1.56878,0.885,558938.13
0.0,107,101,-1.56878,0.885,558938.13
0.0,107,102,-1.56878,0.885,558938.13
0.0,107,103,-1.56878,0.885,558938.13
0.0,107,104,-1.56878,0.885,558938.13
0.0,107,105,-1.56878,0.885,558938.13
0.0,107,106,-1.56878,0.885,558938.13
0.0,107,107,-1.56878,0.885,558938.13
0.0,107,108,-1.56878,0.885,558938.13
0.0,107,109,-1.56878,0.885,558938.13
0.0,107,110,-1.56878,0.885,558938.13
0.0,107,111,-1.56878,0.885,558938.13
0.0,107,112,-1.56878,0.885,558938.13
0.0,107,113,-1.56878,0.885,558938.13
0.0,107,114,-1.56878,0.885,558938.13
0.0,107,115,-1.56878,0.885,558938.13
0.0,107,116,-1.56878,0.885,558938.13
0.0,107,117,-1.56878,0.885,558938.13
0.0,107,118,-1.56878,0.885,558938.13
0.0,107,119,-1.56878,0.885,558938.13
0.0,107,120,-1.56878,0.885,558938.13
0.0,107,121,-1.56878,0.885,558938.13
0.0,107,122,-1.56878,0.885,558938.13
0.0,107,123,-1.56878,0.885,558938.13
0.0,107,124,-1.56878,0.885,558938.13
0.0,107,125,-1.56878,0.885,558938.13
0.0,107,126,-1.56878,0.885,558938.13
0.0,107,127,-1.56878,0.885,558938.13
0.0,107,128,-1.56878,0.885,558938.13
0.0,107,129,-1.56878,0.885,558938.13
0.0,107,130,-1.56878,0.885,558938.13
0.0,107,131,-1.56878,0.885,558938.13
0.0,107,132,-1.56878,0.885,558938.13
0.0,107,133,-1.56878,0.885,558938.13
0.0,107,134,-1.56878,0.885,558938.13
0.0,107,135,-1.56878,0.885,558938.13
0.0,107,136,-1.56878,0.885,558938.13
0.0,107,137,-1.56878,0.885,558938.13
0.0,107,138,-1.56878,0.885,558938.13
0.0,107,139,-1.56878,0.885,558938.13
0.0,107,140,-1.56878,0.885,558938.13
0.0,107,141,-1.56878,0.885,558938.13
0.0,107,142,-1.56878,0.885,558938.13
0.0,107,143,-1.56878,0.885,558938.13
0.0,107,144,-1.56878,0.885,558938.13
0.0,107,145,-1.56878,0.885,558938.13
0.0,107,146,-1.56878,0.885,558938.13
0.0,107,147,-1.56878,0.885,558938.13
0.0,107,148,-1.56878,0.885,558938.13
0.0,107,149,-1.56878,0.885,558938.13
0.0,107,150,-1.56878,0.885,558938.13
0.0,107,151,-1.56878,0.885,558938.13
0.0,107,152,-1.56878,0.885,558938.13
0.0,107,153,-1.56878,0.885,558938.13
0.0,107,154,-1.56878,0.885,558938.13
0.0,107,155,-1.56878,0.885,558938.13
0.0,107,156,-1.56878,0.885,558938.13
0.0,107,157,-1.56878,0.885,558938.13
0.0,107,158,-1.56878,0.885,558938.13
0.0,107,159,-1.56878,0.885,558938.13
0.0,107,160,-1.56878,0.885,558938.13
0.0,107,161,-1.56878,0.885,558938.13
0.0,107,162,-1.56878,0.885,558938.13
0.0,107,163,-1.56878,0.885,558938.13
0.0,107,164,-1.56878,0.885,558938.13
0.0,107,165,-1.56878,0.885,558938.13
0.0,107,166,-1.56878,0.885,558938.13
0.0,107,167,-1.56878,0.885,558938.13
0.0,107,168,-1.56878,0.885,558938.13
0.0,107,169,-1.56878,0.885,558938.13
0.0,107,170,-1.56878,0.885,558938.13
0.0,107,171,-1.56878,0.885,558938.13
0.0,107,172,-1.56878,0.885,558938.13
0.0,107,173,-1.56878,0.885,558938.13
0.0,107,174,-1.56878,0.885,558938.13
0.0,107,175,-1.56878,0.885,558938.13
0.0,107,176,-1.56878,0.885,558938.13
0.0,107,177,-1.56878,0.885,558938.13
0.0,107,178,-1.56878,0.885,558938.13
0.0,107,179,-1.56878,0.885,558938.13
0.0,107,180,-1.56878,0.885,558938.13
0.0,107,181,-1.56878,0.885,558938.13
0.0,107,182,-1.56878,0.885,558938.13
0.0,107,183,-1.56878,0.885,558938.13
0.0,107,184,-1.56878,0.885,558938.13
0.0,107,185,-1.56878,0.885,558938.13
0.0,107,186,-1.56878,0.885,558938.13
0.0,107,187,-1.56878,0.885,558938.13
0.0,107,188,-1.56878,0.885,558938.13
0.0,107,189,-1.56878,0.885,558938.13
0.0,107,190,-1.56878,0.885,558938.13
0.0,107,191,-1.56878,0.885,558938.13
0.0,107,192,-1.56878,0.885,558938.13
0.0,107,193,-1.56878,0.885,558938.13
0.0,107,194,-1.56878,0.885,558938.13
0.0,107,195,-1.56878,0.885,558938.13
0.0,107,196,-1.56878,0.885,558938.13
0.0,107,197,-1.56878,0.885,558938.13
0.0,107,198,-1.56878,0.885,558938.13
0.0,107,199,-1.56878,0.885,558938.13
0.0,107,200,-1.56878,0.885,558938.13
0.1,42,1,0.99557,0.935,440977.07
0.1,42,2,-1.96412,0.955,534836.34
0.1,42,3,0.99557,0.935,440977.07
0.1,42,4,-1.96412,0.955,534836.34
0.1,42,5,-1.96412,0.955,534836.34
0.1,42,6,0.99557,0.935,440977.07
0.1,42,7,-1.96412,0.955,534836.34
0.1,42,8,-1.96412,0.955,534836.34
0.1,42,9,-1.96412,0.955,534836.34
0.1,42,10,-1.96412,0.955,534836.34
0.1,42,11,-1.96412,0.955,534836.34
0.1,42,12,0.99557,0.935,440977.07
0.1,42,13,-1.96412,0.955,534836.34
0.1,42,14,-1.96412,0.955,534836.34
0.1,42,15,-1.96412,0.955,534836.34
0.1,42,16,-1.96412,0.955,534836.34
0.1,42,17,0.99557,0.935,440977.07
0.1,42,18,-1.96412,0.955,534836.34
0.1,42,19,0.99557,0.935,440977.07
0.1,42,20,-1.96412,0.955,534836.34
0.1,42,21,-1.96412,0.955,534836.34
0.1,42,22,-1.96412,0.955,534836.34
0.1,42,23,0.99557,0.935,440977.07
0.1,42,24,-1.96412,0.955,534836.34
0.1,42,25,-1.96412,0.955,534836.34
0.1,42,26,-1.96412,0.955,534836.34
0.1,42,27,-1.96412,0.955,534836.34
0.1,42,28,-1.96412,0.955,534836.34
0.1,42,29,0.99557,0.935,440977.07
0.1,42,30,-1.96412,0.955,534836.34
0.1,42,31,-1.96412,0.955,534836.34
0.1,42,32,-1.96412,0.955,534836.34
0.1,42,33,-1.96412,0.955,534836.34
0.1,42,34,-1.96412,0.955,534836.34
0.1,42,35,-1.96412,0.955,534836.34
0.1,42,36,-1.96412,0.955,534836.34
0.1,42,37,-1.96412,0.955,534836.34
0.1,42,38,-1.96412,0.955,534836.34
0.1,42,39,-1.96412,0.955,534836.34
0.1,42,40,-1.96412,0.955,534836.34
0.1,42,41,-1.96412,0.955,534836.34
0.1,42,42,-1.96412,0.955,534836.34
0.1,42,43,0.99557,0.935,440977.07
0.1,42,44,-1.96412,0.955,534836.34
0.1,42,45,-1.96412,0.955,534836.34
0.1,42,46,-1.96412,0.955,534836.34
0.1,42,47,0.99557,0.935,440977.07
0.1,42,48,-1.96412,0.955,534836.34
0.1,42,49,-1.96412,0.955,534836.34
0.1,42,50,-1.96412,0.955,534836.34
0.1,42,51,-1.96412,0.955,534836.34
0.1,42,52,0.99557,0.935,440977.07
0.1,42,53,-1.96412,0.955,534836.34
0.1,42,54,-1.96412,0.955,534836.34
0.1,42,55,-1.96412,0.955,534836.34
0.1,42,56,-1.96412,0.955,534836.34
0.1,42,57,0.99557,0.935,440977.07
0.1,42,58,-1.96412,0.955,534836.34
0.1,42,59,-1.96412,0.955,534836.34
0.1,42,60,-1.96412,0.955,534836.34
0.1,42,61,0.99557,0.935,440977.07
0.1,42,62,-1.96412,0.955,534836.34
0.1,42,63,-1.96412,0.955,534836.34
0.1,42,64,-1.96412,0.955,534836.34
0.1,42,65,-1.96412,0.955,534836.34
0.1,42,66,-1.96412,0.955,534836.34
0.1,42,67,-1.96412,0.955,534836.34
0.1,42,68,0.99557,0.935,440977.07
0.1,42,69,0.99557,0.935,440977.07
0.1,42,70,0.99557,0.935,440977.07
0.1,42,71,-1.96412,0.955,534836.34
0.1,42,72,0.99557,0.935,440977.07
0.1,42,73,0.99557,0.935,440977.07
0.1,42,74,-1.96412,0.955,534836.34
0.1,42,75,0.99557,0.935,440977.07
0.1,42,76,-1.96412,0.955,534836.34
0.1,42,77,-1.96412,0.955,534836.34
0.1,42,78,-1.96412,0.955,534836.34
0.1,42,79,-1.96412,0.955,534836.34
0.1,42,80,-1.96412,0.955,534836.34
0.1,42,81,-1.96412,0.955,534836.34
0.1,42,82,0.99557,0.935,440977.07
0.1,42,83,-1.96412,0.955,534836.34
0.1,42,84,-1.96412,0.955,534836.34
0.1,42,85,0.99557,0.935,440977.07
0.1,42,86,-1.96412,0.955,534836.34
0.1,42,87,-1.96412,0.955,534836.34
0.1,42,88,-1.96412,0.955,534836.34
0.1,42,89,-1.96412,0.955,534836.34
0.1,42,90,0.99557,0.935,440977.07
0.1,42,91,-1.96412,0.955,534836.34
0.1,42,92,0.99557,0.935,440977.07
0.1,42,93,-1.96412,0.955,534836.34
0.1,42,94,-1.96412,0.955,534836.34
0.1,42,95,-1.89093,0.955,534836.34
0.1,42,96,-1.96412,0.955,534836.34
0.1,42,97,-1.96412,0.955,534836.34
0.1,42,98,-1.96412,0.955,534836.34
0.1,42,99,-1.96412,0.955,534836.34
0.1,42,100,-1.96412,0.955,534836.34
0.1,42,101,0.99557,0.935,440977.07
0.1,42,102,-1.96412,0.955,534836.34
0.1,42,103,0.99557,0.935,440977.07
0.1,42,104,-1.96412,0.955,534836.34
0.1,42,105,-1.96412,0.955,534836.34
0.1,42,106,-1.96412,0.955,534836.34
0.1,42,107,-1.96412,0.955,534836.34
0.1,42,108,-1.96412,0.955,534836.34
0.1,42,109,0.99557,0.935,440977.07
0.1,42,110,-1.96412,0.955,534836.34
0.1,42,111,0.99557,0.935,440977.07
0.1,42,112,-1.96412,0.955,534836.34
0.1,42,113,0.99557,0.935,440977.07
0.1,42,114,-1.96412,0.955,534836.34
0.1,42,115,0.99557,0.935,440977.07
0.1,42,116,0.99557,0.935,440977.07
0.1,42,117,0.99557,0.935,440977.07
0.1,42,118,-1.96412,0.955,534836.34
0.1,42,119,0.99557,0.935,440977.07
0.1,42,120,-1.96412,0.955,534836.34
0.1,42,121,0.99557,0.935,440977.07
0.1,42,122,0.99557,0.935,440977.07
0.1,42,123,-1.96412,0.955,534836.34
0.1,42,124,0.99557,0.935,440977.07
0.1,42,125,-1.96412,0.955,534836.34
0.1,42,126,-1.96412,0.955,534836.34
0.1,42,127,0.99557,0.935,440977.07
0.1,42,128,0.99557,0.935,440977.07
0.1,42,129,-1.96412,0.955,534836.34
0.1,42,130,0.99557,0.935,440977.07
0.1,42,131,-1.96412,0.955,534836.34
0.1,42,132,-1.96412,0.955,534836.34
0.1,42,133,-1.96412,0.955,534836.34
0.1,42,134,-1.96412,0.955,534836.34
0.1,42,135,-1.96412,0.955,534836.34
0.1,42,136,0.99557,0.935,440977.07
0.1,42,137,0.99557,0.935,440977.07
0.1,42,138,-1.96412,0.955,534836.34
0.1,42,139,-1.96412,0.955,534836.34
0.1,42,140,-1.96412,0.955,534836.34
0.1,42,141,-1.96412,0.955,534836.34
0.1,42,142,-1.96412,0.955,534836.34
0.1,42,143,-1.96412,0.955,534836.34
0.1,42,144,-1.96412,0.955,534836.34
0.1,42,145,-1.96412,0.955,534836.34
0.1,42,146,-1.96412,0.955,534836.34
0.1,42,147,-1.96412,0.955,534836.34
0.1,42,148,-1.96412,0.955,534836.34
0.1,42,149,-1.96412,0.955,534836.34
0.1,42,150,-1.96412,0.955,534836.34
0.1,42,151,0.99557,0.935,440977.07
0.1,42,152,0.99557,0.935,440977.07
0.1,42,153,-1.96412,0.955,534836.34
0.1,42,154,-1.96412,0.955,534836.34
0.1,42,155,0.99557,0.935,440977.07
0.1,42,156,-1.96412,0.955,534836.34
0.1,42,157,-1.96412,0.955,534836.34
0.1,42,158,-1.96412,0.955,534836.34
0.1,42,159,0.99557,0.935,440977.07
0.1,42,160,-1.96412,0.955,534836.34
0.1,42,161,-1.96412,0.955,534836.34
0.1,42,162,-1.96412,0.955,534836.34
0.1,42,163,-1.96412,0.955,534836.34
0.1,42,164,-1.96412,0.955,534836.34
0.1,42,165,-1.96412,0.955,534836.34
0.1,42,166,-1.96412,0.955,534836.34
0.1,42,167,-1.96412,0.955,534836.34
0.1,42,168,-1.96412,0.955,534836.34
0.1,42,169,-1.96412,0.955,534836.34
0.1,42,170,-1.96412,0.955,534836.34
0.1,42,171,-1.96412,0.955,534836.34
0.1,42,172,-1.96412,0.955,534836.34
0.1,42,173,-1.96412,0.955,534836.34
0.1,42,174,-1.96412,0.955,534836.34
0.1,42,175,-1.96412,0.955,534836.34
0.1,42,176,-1.96412,0.955,534836.34
0.1,42,177,0.99557,0.935,440977.07
0.1,42,178,-1.96412,0.955,534836.34
0.1,42,179,-1.96412,0.955,534836.34
0.1,42,180,-1.96412,0.955,534836.34
0.1,42,181,-1.96412,0.955,534836.34
0.1,42,182,-1.96412,0.955,534836.34
0.1,42,183,-1.96412,0.955,534836.34
0.1,42,184,-1.96412,0.955,534836.34
0.1,42,185,-1.96412,0.955,534836.34
0.1,42,186,0.99557,0.935,440977.07
0.1,42,187,-1.96412,0.955,534836.34
0.1,42,188,-1.96412,0.955,534836.34
0.1,42,189,-1.96412,0.955,534836.34
0.1,42,190,-1.96412,0.955,534836.34
0.1,42,191,-1.96412,0.955,534836.34
0.1,42,192,-1.96412,0.955,534836.34
0.1,42,193,-1.96412,0.955,534836.34
0.1,42,194,-1.96412,0.955,534836.34
0.1,42,195,-1.96412,0.955,534836.34
0.1,42,196,-1.96412,0.955,534836.34
0.1,42,197,-1.96412,0.955,534836.34
0.1,42,198,-1.96412,0.955,534836.34
0.1,42,199,-1.96412,0.955,534836.34
0.1,42,200,-1.96412,0.955,534836.34
0.1,101,1,-1.6963,0.93,541216.62
0.1,101,2,-1.6963,0.93,541216.62
0.1,101,3,-1.6963,0.93,541216.62
0.1,101,4,-1.6963,0.93,541216.62
0.1,101,5,-1.6963,0.93,541216.62
0.1,101,6,-1.6963,0.93,541216.62
0.1,101,7,-1.6963,0.93,541216.62
0.1,101,8,1.11186,0.92,438852.21
0.1,101,9,1.11186,0.92,438852.21
0.1,101,10,-1.6963,0.93,541216.62
0.1,101,11,-1.6963,0.93,541216.62
0.1,101,12,-1.6963,0.93,541216.62
0.1,101,13,-1.6963,0.93,541216.62
0.1,101,14,1.11186,0.92,438852.21
0.1,101,15,1.11186,0.92,438852.21
0.1,101,16,-1.6963,0.93,541216.62
0.1,101,17,-1.6963,0.93,541216.62
0.1,101,18,1.11186,0.92,438852.21
0.1,101,19,1.11186,0.92,438852.21
0.1,101,20,1.11186,0.92,438852.21
0.1,101,21,1.11186,0.92,438852.21
0.1,101,22,-1.6963,0.93,541216.62
0.1,101,23,-1.6963,0.93,541216.62
0.1,101,24,-1.6963,0.93,541216.62
0.1,101,25,-1.6963,0.93,541216.62
0.1,101,26,-1.6963,0.93,541216.62
0.1,101,27,1.11186,0.92,438852.21
0.1,101,28,-1.6963,0.93,541216.62
0.1,101,29,-1.6963,0.93,541216.62
0.1,101,30,-1.6963,0.93,541216.62
0.1,101,31,-1.6963,0.93,541216.62
0.1,101,32,-1.6963,0.93,541216.62
0.1,101,33,-1.6963,0.93,541216.62
0.1,101,34,-1.6963,0.93,541216.62
0.1,101,35,-1.6963,0.93,541216.62
0.1,101,36,-1.6963,0.93,541216.62
0.1,101,37,1.11186,0.92,438852.21
0.1,101,38,-1.6963,0.93,541216.62
0.1,101,39,-1.6963,0.93,541216.62
0.1,101,40,-1.6963,0.93,541216.62
0.1,101,41,-1.6963,0.93,541216.62
0.1,101,42,-1.6963,0.93,541216.62
0.1,101,43,-1.6963,0.93,541216.62
0.1,101,44,-1.6963,0.93,541216.62
0.1,101,45,-1.6963,0.93,541216.62
0.1,101,46,-1.6963,0.93,541216.62
0.1,101,47,-1.6963,0.93,541216.62
0.1,101,48,1.11186,0.92,438852.21
0.1,101,49,-1.6963,0.93,541216.62
0.1,101,50,-1.6963,0.93,541216.62
0.1,101,51,-1.6963,0.93,541216.62
0.1,101,52,-1.77043,0.93,541216.62
0.1,101,53,-1.6963,0.93,541216.62
0.1,101,54,-1.6963,0.93,541216.62
0.1,101,55,-1.6963,0.93,541216.62
0.1,101,56,-1.6963,0.93,541216.62
0.1,101,57,-1.6963,0.93,541216.62
0.1,101,58,-1.6963,0.93,541216.62
0.1,101,59,1.11186,0.92,438852.21
0.1,101,60,1.11186,0.92,438852.21
0.1,101,61,-1.6963,0.93,541216.62
0.1,101,62,1.11186,0.92,438852.21
0.1,101,63,-1.6963,0.93,541216.62
0.1,101,64,-1.6963,0.93,541216.62
0.1,101,65,-1.6963,0.93,541216.62
0.1,101,66,-1.6963,0.93,541216.62
0.1,101,67,-1.6963,0.93,541216.62
0.1,101,68,-1.6963,0.93,541216.62
0.1,101,69,-1.6963,0.93,541216.62
0.1,101,70,-1.6963,0.93,541216.62
0.1,101,71,-1.6963,0.93,541216.62
0.1,101,72,-1.6963,0.93,541216.62
0.1,101,73,-1.6963,0.93,541216.62
0.1,101,74,-1.6963,0.93,541216.62
0.1,101,75,1.11186,0.92,438852.21
0.1,101,76,-1.6963,0.93,541216.62
0.1,101,77,-1.6963,0.93,541216.62
0.1,101,78,1.11186,0.92,438852.21
0.1,101,79,-1.6963,0.93,541216.62
0.1,101,80,-1.6963,0.93,541216.62
0.1,101,81,-1.77043,0.93,541216.62
0.1,101,82,-1.6963,0.93,541216.62
0.1,101,83,-1.6963,0.93,541216.62
0.1,101,84,-1.6963,0.93,541216.62
0.1,101,85,1.11186,0.92,438852.21
0.1,101,86,-1.6963,0.93,541216.62
0.1,101,87,-1.6963,0.93,541216.62
0.1,101,88,1.11186,0.92,438852.21
0.1,101,89,-1.6963,0.93,541216.62
0.1,101,90,-1.6963,0.93,541216.62
0.1,101,91,1.11186,0.92,438852.21
0.1,101,92,1.11186,0.92,438852.21
0.1,101,93,-1.6963,0.93,541216.62
0.1,101,94,-1.6963,0.93,541216.62
0.1,101,95,-1.6963,0.93,541216.62
0.1,101,96,-1.6963,0.93,541216.62
0.1,101,97,-1.6963,0.93,541216.62
0.1,101,98,1.11186,0.92,438852.21
0.1,101,99,-1.6963,0.93,541216.62
0.1,101,100,-1.6963,0.93,541216.62
0.1,101,101,-1.6963,0.93,541216.62
0.1,101,102,-1.6963,0.93,541216.62
0.1,101,103,-1.6963,0.93,541216.62
0.1,101,104,-1.6963,0.93,541216.62
0.1,101,105,-1.6963,0.93,541216.62
0.1,101,106,1.11186,0.92,438852.21
0.1,101,107,-1.6963,0.93,541216.62
0.1,101,108,-1.6963,0.93,541216.62
0.1,101,109,-1.6963,0.93,541216.62
0.1,101,110,1.11186,0.92,438852.21
0.1,101,111,-1.6963,0.93,541216.62
0.1,101,112,1.11186,0.92,438852.21
0.1,101,113,-1.6963,0.93,541216.62
0.1,101,114,-1.6963,0.93,541216.62
0.1,101,115,-1.77043,0.93,541216.62
0.1,101,116,1.11186,0.92,438852.21
0.1,101,117,-1.6963,0.93,541216.62
0.1,101,118,-1.6963,0.93,541216.62
0.1,101,119,-1.6963,0.93,541216.62
0.1,101,120,-1.77043,0.93,541216.62
0.1,101,121,1.11186,0.92,438852.21
0.1,101,122,-1.6963,0.93,541216.62
0.1,101,123,-1.6963,0.93,541216.62
0.1,101,124,-1.6963,0.93,541216.62
0.1,101,125,-1.6963,0.93,541216.62
0.1,101,126,1.11186,0.92,438852.21
0.1,101,127,-1.6963,0.93,541216.62
0.1,101,128,-1.6963,0.93,541216.62
0.1,101,129,-1.6963,0.93,541216.62
0.1,101,130,-1.6963,0.93,541216.62
0.1,101,131,-1.6963,0.93,541216.62
0.1,101,132,-1.6963,0.93,541216.62
0.1,101,133,-1.6963,0.93,541216.62
0.1,101,134,-1.6963,0.93,541216.62
0.1,101,135,-1.6963,0.93,541216.62
0.1,101,136,-1.6963,0.93,541216.62
0.1,101,137,-1.6963,0.93,541216.62
0.1,101,138,1.11186,0.92,438852.21
0.1,101,139,-1.6963,0.93,541216.62
0.1,101,140,-1.6963,0.93,541216.62
0.1,101,141,-1.6963,0.93,541216.62
0.1,101,142,-1.6963,0.93,541216.62
0.1,101,143,-1.6963,0.93,541216.62
0.1,101,144,-1.6963,0.93,541216.62
0.1,101,145,-1.6963,0.93,541216.62
0.1,101,146,-1.6963,0.93,541216.62
0.1,101,147,1.11186,0.92,438852.21
0.1,101,148,1.11186,0.92,438852.21
0.1,101,149,-1.6963,0.93,541216.62
0.1,101,150,-1.6963,0.93,541216.62
0.1,101,151,-1.6963,0.93,541216.62
0.1,101,152,-1.6963,0.93,541216.62
0.1,101,153,-1.6963,0.93,541216.62
0.1,101,154,-1.6963,0.93,541216.62
0.1,101,155,-1.6963,0.93,541216.62
0.1,101,156,-1.6963,0.93,541216.62
0.1,101,157,-1.6963,0.93,541216.62
0.1,101,158,-1.6963,0.93,541216.62
0.1,101,159,-1.6963,0.93,541216.62
0.1,101,160,1.11186,0.92,438852.21
0.1,101,161,-1.6963,0.93,541216.62
0.1,101,162,1.11186,0.92,438852.21
0.1,101,163,-1.6963,0.93,541216.62
0.1,101,164,-1.6963,0.93,541216.62
0.1,101,165,-1.6963,0.93,541216.62
0.1,101,166,-1.6963,0.93,541216.62
0.1,101,167,-1.6963,0.93,541216.62
0.1,101,168,1.11186,0.92,438852.21
0.1,101,169,-1.6963,0.93,541216.62
0.1,101,170,-1.6963,0.93,541216.62
0.1,101,171,-1.6963,0.93,541216.62
0.1,101,172,-1.6963,0.93,541216.62
0.1,101,173,-1.6963,0.93,541216.62
0.1,101,174,-1.6963,0.93,541216.62
0.1,101,175,-1.6963,0.93,541216.62
0.1,101,176,-1.6963,0.93,541216.62
0.1,101,177,-1.6963,0.93,541216.62
0.1,101,178,-1.6963,0.93,541216.62
0.1,101,179,-1.6963,0.93,541216.62
0.1,101,180,-1.6963,0.93,541216.62
0.1,101,181,1.11186,0.92,438852.21
0.1,101,182,-1.6963,0.93,541216.62
0.1,101,183,1.11186,0.92,438852.21
0.1,101,184,-1.6963,0.93,541216.62
0.1,101,185,-1.6963,0.93,541216.62
0.1,101,186,-1.6963,0.93,541216.62
0.1,101,187,1.11186,0.92,438852.21
0.1,101,188,-1.6963,0.93,541216.62
0.1,101,189,1.11186,0.92,438852.21
0.1,101,190,-1.6963,0.93,541216.62
0.1,101,191,-1.6963,0.93,541216.62
0.1,101,192,-1.6963,0.93,541216.62
0.1,101,193,1.11186,0.92,438852.21
0.1,101,194,1.11186,0.92,438852.21
0.1,101,195,-1.6963,0.93,541216.62
0.1,101,196,-1.6963,0.93,541216.62
0.1,101,197,1.11186,0.92,438852.21
0.1,101,198,1.11186,0.92,438852.21
0.1,101,199,-1.6963,0.93,541216.62
0.1,101,200,1.11186,0.92,438852.21
0.1,102,1,-1.63753,0.71,524271.0
0.1,102,2,-1.63753,0.71,524271.0
0.1,102,3,-1.63753,0.71,524271.0
0.1,102,4,1.33893,0.95,435493.78
0.1,102,5,1.33893,0.95,435493.78
0.1,102,6,-1.63753,0.71,524271.0
0.1,102,7,-1.63753,0.71,524271.0
0.1,102,8,-1.63753,0.71,524271.0
0.1,102,9,1.33893,0.95,435493.78
0.1,102,10,1.33893,0.95,435493.78
0.1,102,11,-1.63753,0.71,524271.0
0.1,102,12,1.33893,0.95,435493.78
0.1,102,13,-1.63753,0.71,524271.0
0.1,102,14,-1.63753,0.71,524271.0
0.1,102,15,-1.63753,0.71,524271.0
0.1,102,16,-1.63753,0.71,524271.0
0.1,102,17,-1.63753,0.71,524271.0
0.1,102,18,-1.63753,0.71,524271.0
0.1,102,19,-1.63753,0.71,524271.0
0.1,102,20,-1.63753,0.71,524271.0
0.1,102,21,1.33893,0.95,435493.78
0.1,102,22,-1.63753,0.71,524271.0
0.1,102,23,1.33893,0.95,435493.78
0.1,102,24,-1.63753,0.71,524271.0
0.1,102,25,1.33893,0.95,435493.78
0.1,102,26,-1.63753,0.71,524271.0
0.1,102,27,-1.63753,0.71,524271.0
0.1,102,28,-1.63753,0.71,524271.0
0.1,102,29,-1.63753,0.71,524271.0
0.1,102,30,-1.63753,0.71,524271.0
0.1,102,31,-1.63753,0.71,524271.0
0.1,102,32,1.33893,0.95,435493.78
0.1,102,33,-1.63753,0.71,524271.0
0.1,102,34,-1.63753,0.71,524271.0
0.1,102,35,-1.63753,0.71,524271.0
0.1,102,36,-1.63753,0.71,524271.0
0.1,102,37,-1.63753,0.71,524271.0
0.1,102,38,-1.63753,0.71,524271.0
0.1,102,39,1.33893,0.95,435493.78
0.1,102,40,-1.63753,0.71,524271.0
0.1,102,41,1.33893,0.95,435493.78
0.1,102,42,-1.63753,0.71,524271.0
0.1,102,43,-1.63753,0.71,524271.0
0.1,102,44,-1.63753,0.71,524271.0
0.1,102,45,-1.63753,0.71,524271.0
0.1,102,46,1.33893,0.95,435493.78
0.1,102,47,1.33893,0.95,435493.78
0.1,102,48,-1.63753,0.71,524271.0
0.1,102,49,1.33893,0.95,435493.78
0.1,102,50,-1.63753,0.71,524271.0
0.1,102,51,-1.63753,0.71,524271.0
0.1,102,52,-1.63753,0.71,524271.0
0.1,102,53,-1.63753,0.71,524271.0
0.1,102,54,-1.63753,0.71,524271.0
0.1,102,55,1.33893,0.95,435493.78
0.1,102,56,1.33893,0.95,435493.78
0.1,102,57,-1.63753,0.71,524271.0
0.1,102,58,-1.63753,0.71,524271.0
0.1,102,59,-1.63753,0.71,524271.0
0.1,102,60,-1.63753,0.71,524271.0
0.1,102,61,-1.63753,0.71,524271.0
0.1,102,62,1.33893,0.95,435493.78
0.1,102,63,-1.63753,0.71,524271.0
0.1,102,64,1.33893,0.95,435493.78
0.1,102,65,-1.63753,0.71,524271.0
0.1,102,66,1.33893,0.95,435493.78
0.1,102,67,-1.63753,0.71,524271.0
0.1,102,68,-1.63753,0.71,524271.0
0.1,102,69,1.33893,0.95,435493.78
0.1,102,70,-1.63753,0.71,524271.0
0.1,102,71,1.33893,0.95,435493.78
0.1,102,72,1.33893,0.95,435493.78
0.1,102,73,-1.63753,0.71,524271.0
0.1,102,74,-1.63753,0.71,524271.0
0.1,102,75,1.33893,0.95,435493.78
0.1,102,76,1.33893,0.95,435493.78
0.1,102,77,1.33893,0.95,435493.78
0.1,102,78,-1.63753,0.71,524271.0
0.1,102,79,-1.63753,0.71,524271.0
0.1,102,80,-1.63753,0.71,524271.0
0.1,102,81,-1.63753,0.71,524271.0
0.1,102,82,-1.63753,0.71,524271.0
0.1,102,83,1.33893,0.95,435493.78
0.1,102,84,-1.63753,0.71,524271.0
0.1,102,85,-1.63753,0.71,524271.0
0.1,102,86,-1.63753,0.71,524271.0
0.1,102,87,-1.63753,0.71,524271.0
0.1,102,88,-1.63753,0.71,524271.0
0.1,102,89,-1.63753,0.71,524271.0
0.1,102,90,-1.63753,0.71,524271.0
0.1,102,91,-1.63753,0.71,524271.0
0.1,102,92,-1.63753,0.71,524271.0
0.1,102,93,-1.63753,0.71,524271.0
0.1,102,94,-1.63753,0.71,524271.0
0.1,102,95,-1.63753,0.71,524271.0
0.1,102,96,-1.63753,0.71,524271.0
0.1,102,97,-1.63753,0.71,524271.0
0.1,102,98,-1.63753,0.71,524271.0
0.1,102,99,1.33893,0.95,435493.78
0.1,102,100,-1.63753,0.71,524271.0
0.1,102,101,-1.63753,0.71,524271.0
0.1,102,102,-1.63753,0.71,524271.0
0.1,102,103,-1.63753,0.71,524271.0
0.1,102,104,-1.63753,0.71,524271.0
0.1,102,105,-1.63753,0.71,524271.0
0.1,102,106,-1.63753,0.71,524271.0
0.1,102,107,-1.63753,0.71,524271.0
0.1,102,108,1.33893,0.95,435493.78
0.1,102,109,1.33893,0.95,435493.78
0.1,102,110,-1.63753,0.71,524271.0
0.1,102,111,-1.63753,0.71,524271.0
0.1,102,112,1.33893,0.95,435493.78
0.1,102,113,-1.63753,0.71,524271.0
0.1,102,114,-1.63753,0.71,524271.0
0.1,102,115,-1.63753,0.71,524271.0
0.1,102,116,-1.63753,0.71,524271.0
0.1,102,117,1.33893,0.95,435493.78
0.1,102,118,-1.63753,0.71,524271.0
0.1,102,119,-1.63753,0.71,524271.0
0.1,102,120,-1.63753,0.71,524271.0
0.1,102,121,-1.63753,0.71,524271.0
0.1,102,122,-1.63753,0.71,524271.0
0.1,102,123,-1.63753,0.71,524271.0
0.1,102,124,-1.63753,0.71,524271.0
0.1,102,125,-1.63753,0.71,524271.0
0.1,102,126,-1.63753,0.71,524271.0
0.1,102,127,-1.63753,0.71,524271.0
0.1,102,128,-1.63753,0.71,524271.0
0.1,102,129,-1.63753,0.71,524271.0
0.1,102,130,-1.63753,0.71,524271.0
0.1,102,131,-1.63753,0.71,524271.0
0.1,102,132,-1.63753,0.71,524271.0
0.1,102,133,-1.63753,0.71,524271.0
0.1,102,134,-1.63753,0.71,524271.0
0.1,102,135,1.33893,0.95,435493.78
0.1,102,136,1.33893,0.95,435493.78
0.1,102,137,1.33893,0.95,435493.78
0.1,102,138,-1.63753,0.71,524271.0
0.1,102,139,-1.63753,0.71,524271.0
0.1,102,140,-1.63753,0.71,524271.0
0.1,102,141,-1.63753,0.71,524271.0
0.1,102,142,1.33893,0.95,435493.78
0.1,102,143,-1.63753,0.71,524271.0
0.1,102,144,-1.63753,0.71,524271.0
0.1,102,145,-1.63753,0.71,524271.0
0.1,102,146,-1.63753,0.71,524271.0
0.1,102,147,-1.63753,0.71,524271.0
0.1,102,148,-1.63753,0.71,524271.0
0.1,102,149,1.33893,0.95,435493.78
0.1,102,150,-1.63753,0.71,524271.0
0.1,102,151,-1.63753,0.71,524271.0
0.1,102,152,1.33893,0.95,435493.78
0.1,102,153,-1.63753,0.71,524271.0
0.1,102,154,1.33893,0.95,435493.78
0.1,102,155,1.33893,0.95,435493.78
0.1,102,156,-1.63753,0.71,524271.0
0.1,102,157,-1.63753,0.71,524271.0
0.1,102,158,-1.63753,0.71,524271.0
0.1,102,159,-1.63753,0.71,524271.0
0.1,102,160,1.33893,0.95,435493.78
0.1,102,161,-1.63753,0.71,524271.0
0.1,102,162,-1.63753,0.71,524271.0
0.1,102,163,-1.63753,0.71,524271.0
0.1,102,164,1.33893,0.95,435493.78
0.1,102,165,1.33893,0.95,435493.78
0.1,102,166,-1.63753,0.71,524271.0
0.1,102,167,-1.63753,0.71,524271.0
0.1,102,168,1.33893,0.95,435493.78
0.1,102,169,-1.63753,0.71,524271.0
0.1,102,170,1.33893,0.95,435493.78
0.1,102,171,-1.63753,0.71,524271.0
0.1,102,172,-1.63753,0.71,524271.0
0.1,102,173,-1.63753,0.71,524271.0
0.1,102,174,1.33893,0.95,435493.78
0.1,102,175,1.33893,0.95,435493.78
0.1,102,176,-1.63753,0.71,524271.0
0.1,102,177,-1.63753,0.71,524271.0
0.1,102,178,-1.63753,0.71,524271.0
0.1,102,179,-1.63753,0.71,524271.0
0.1,102,180,-1.63753,0.71,524271.0
0.1,102,181,1.33893,0.95,435493.78
0.1,102,182,1.33893,0.95,435493.78
0.1,102,183,1.33893,0.95,435493.78
0.1,102,184,-1.63753,0.71,524271.0
0.1,102,185,-1.63753,0.71,524271.0
0.1,102,186,1.33893,0.95,435493.78
0.1,102,187,-1.63753,0.71,524271.0
0.1,102,188,-1.63753,0.71,524271.0
0.1,102,189,-1.63753,0.71,524271.0
0.1,102,190,-1.63753,0.71,524271.0
0.1,102,191,-1.63753,0.71,524271.0
0.1,102,192,1.33893,0.95,435493.78
0.1,102,193,1.33893,0.95,435493.78
0.1,102,194,-1.63753,0.71,524271.0
0.1,102,195,-1.63753,0.71,524271.0
0.1,102,196,-1.63753,0.71,524271.0
0.1,102,197,-1.63753,0.71,524271.0
0.1,102,198,-1.63753,0.71,524271.0
0.1,102,199,-1.63753,0.71,524271.0
0.1,102,200,-1.63753,0.71,524271.0
0.1,103,1,-1.27394,1.0,565771.9
0.1,103,2,-1.27394,1.0,565771.9
0.1,103,3,-1.27394,1.0,565771.9
0.1,103,4,0.58521,0.965,438633.01
0.1,103,5,0.58521,0.965,438633.01
0.1,103,6,-1.27394,1.0,565771.9
0.1,103,7,-1.27394,1.0,565771.9
0.1,103,8,-1.27394,1.0,565771.9
0.1,103,9,-1.27394,1.0,565771.9
0.1,103,10,0.58521,0.965,438633.01
0.1,103,11,-1.27394,1.0,565771.9
0.1,103,12,-1.27394,1.0,565771.9
0.1,103,13,-1.27394,1.0,565771.9
0.1,103,14,-1.27394,1.0,565771.9
0.1,103,15,-1.27394,1.0,565771.9
0.1,103,16,-1.27394,1.0,565771.9
0.1,103,17,0.58521,0.965,438633.01
0.1,103,18,-1.27394,1.0,565771.9
0.1,103,19,-1.27394,1.0,565771.9
0.1,103,20,-1.27394,1.0,565771.9
0.1,103,21,-1.27394,1.0,565771.9
0.1,103,22,-1.27394,1.0,565771.9
0.1,103,23,-1.27394,1.0,565771.9
0.1,103,24,-1.27394,1.0,565771.9
0.1,103,25,-1.27394,1.0,565771.9
0.1,103,26,-1.27394,1.0,565771.9
0.1,103,27,0.58521,0.965,438633.01
0.1,103,28,-1.27394,1.0,565771.9
0.1,103,29,-1.27394,1.0,565771.9
0.1,103,30,-1.27394,1.0,565771.9
0.1,103,31,0.58521,0.965,438633.01
0.1,103,32,-1.27394,1.0,565771.9
0.1,103,33,-1.27394,1.0,565771.9
0.1,103,34,-1.27394,1.0,565771.9
0.1,103,35,-1.27394,1.0,565771.9
0.1,103,36,-1.27394,1.0,565771.9
0.1,103,37,-1.27394,1.0,565771.9
0.1,103,38,-1.27394,1.0,565771.9
0.1,103,39,-1.27394,1.0,565771.9
0.1,103,40,-1.27394,1.0,565771.9
0.1,103,41,-1.27394,1.0,565771.9
0.1,103,42,-1.27394,1.0,565771.9
0.1,103,43,-1.27394,1.0,565771.9
0.1,103,44,-1.27394,1.0,565771.9
0.1,103,45,0.58521,0.965,438633.01
0.1,103,46,-1.27394,1.0,565771.9
0.1,103,47,-1.27394,1.0,565771.9
0.1,103,48,-1.27394,1.0,565771.9
0.1,103,49,-1.27394,1.0,565771.9
0.1,103,50,-1.27394,1.0,565771.9
0.1,103,51,-1.27394,1.0,565771.9
0.1,103,52,-1.27394,1.0,565771.9
0.1,103,53,-1.27394,1.0,565771.9
0.1,103,54,-1.27394,1.0,565771.9
0.1,103,55,-1.27394,1.0,565771.9
0.1,103,56,-1.27394,1.0,565771.9
0.1,103,57,-1.27394,1.0,565771.9
0.1,103,58,-1.27394,1.0,565771.9
0.1,103,59,0.58521,0.965,438633.01
0.1,103,60,-1.27394,1.0,565771.9
0.1,103,61,-1.27394,1.0,565771.9
0.1,103,62,-1.27394,1.0,565771.9
0.1,103,63,-1.27394,1.0,565771.9
0.1,103,64,-1.27394,1.0,565771.9
0.1,103,65,-1.27394,1.0,565771.9
0.1,103,66,-1.27394,1.0,565771.9
0.1,103,67,0.58521,0.965,438633.01
0.1,103,68,-1.27394,1.0,565771.9
0.1,103,69,-1.27394,1.0,565771.9
0.1,103,70,-1.27394,1.0,565771.9
0.1,103,71,-1.27394,1.0,565771.9
0.1,103,72,-1.27394,1.0,565771.9
0.1,103,73,-1.27394,1.0,565771.9
0.1,103,74,-1.27394,1.0,565771.9
0.1,103,75,-1.27394,1.0,565771.9
0.1,103,76,-1.27394,1.0,565771.9
0.1,103,77,-1.27394,1.0,565771.9
0.1,103,78,-1.27394,1.0,565771.9
0.1,103,79,-1.27394,1.0,565771.9
0.1,103,80,-1.27394,1.0,565771.9
0.1,103,81,-1.27394,1.0,565771.9
0.1,103,82,0.58521,0.965,438633.01
0.1,103,83,-1.27394,1.0,565771.9
0.1,103,84,-1.27394,1.0,565771.9
0.1,103,85,-1.27394,1.0,565771.9
0.1,103,86,-1.27394,1.0,565771.9
0.1,103,87,-1.27394,1.0,565771.9
0.1,103,88,-1.27394,1.0,565771.9
0.1,103,89,-1.27394,1.0,565771.9
0.1,103,90,0.58521,0.965,438633.01
0.1,103,91,-1.27394,1.0,565771.9
0.1,103,92,-1.27394,1.0,565771.9
0.1,103,93,-1.27394,1.0,565771.9
0.1,103,94,-1.27394,1.0,565771.9
0.1,103,95,-1.27394,1.0,565771.9
0.1,103,96,-1.27394,1.0,565771.9
0.1,103,97,-1.27394,1.0,565771.9
0.1,103,98,-1.27394,1.0,565771.9
0.1,103,99,-1.27394,1.0,565771.9
0.1,103,100,-1.27394,1.0,565771.9
0.1,103,101,-1.27394,1.0,565771.9
0.1,103,102,-1.27394,1.0,565771.9
0.1,103,103,0.58521,0.965,438633.01
0.1,103,104,-1.27394,1.0,565771.9
0.1,103,105,-1.27394,1.0,565771.9
0.1,103,106,-1.27394,1.0,565771.9
0.1,103,107,-1.27394,1.0,565771.9
0.1,103,108,-1.27394,1.0,565771.9
0.1,103,109,-1.27394,1.0,565771.9
0.1,103,110,-1.27394,1.0,565771.9
0.1,103,111,-1.27394,1.0,565771.9
0.1,103,112,-1.27394,1.0,565771.9
0.1,103,113,-1.27394,1.0,565771.9
0.1,103,114,-1.27394,1.0,565771.9
0.1,103,115,-1.27394,1.0,565771.9
0.1,103,116,-1.27394,1.0,565771.9
0.1,103,117,-1.27394,1.0,565771.9
0.1,103,118,-1.27394,1.0,565771.9
0.1,103,119,-1.27394,1.0,565771.9
0.1,103,120,-1.27394,1.0,565771.9
0.1,103,121,-1.27394,1.0,565771.9
0.1,103,122,-1.27394,1.0,565771.9
0.1,103,123,-1.27394,1.0,565771.9
0.1,103,124,-1.27394,1.0,565771.9
0.1,103,125,-1.27394,1.0,565771.9
0.1,103,126,-1.27394,1.0,565771.9
0.1,103,127,-1.27394,1.0,565771.9
0.1,103,128,-1.27394,1.0,565771.9
0.1,103,129,-1.27394,1.0,565771.9
0.1,103,130,-1.27394,1.0,565771.9
0.1,103,131,-1.27394,1.0,565771.9
0.1,103,132,-1.27394,1.0,565771.9
0.1,103,133,-1.27394,1.0,565771.9
0.1,103,134,-1.27394,1.0,565771.9
0.1,103,135,0.58521,0.965,438633.01
0.1,103,136,-1.27394,1.0,565771.9
0.1,103,137,-1.27394,1.0,565771.9
0.1,103,138,0.58521,0.965,438633.01
0.1,103,139,-1.27394,1.0,565771.9
0.1,103,140,-1.27394,1.0,565771.9
0.1,103,141,-1.27394,1.0,565771.9
0.1,103,142,-1.27394,1.0,565771.9
0.1,103,143,-1.27394,1.0,565771.9
0.1,103,144,-1.27394,1.0,565771.9
0.1,103,145,-1.27394,1.0,565771.9
0.1,103,146,-1.27394,1.0,565771.9
0.1,103,147,-1.27394,1.0,565771.9
0.1,103,148,-1.27394,1.0,565771.9
0.1,103,149,-1.27394,1.0,565771.9
0.1,103,150,-1.27394,1.0,565771.9
0.1,103,151,-1.27394,1.0,565771.9
0.1,103,152,-1.27394,1.0,565771.9
0.1,103,153,-1.27394,1.0,565771.9
0.1,103,154,-1.27394,1.0,565771.9
0.1,103,155,0.58521,0.965,438633.01
0.1,103,156,-1.27394,1.0,565771.9
0.1,103,157,-1.27394,1.0,565771.9
0.1,103,158,-1.27394,1.0,565771.9
0.1,103,159,-1.27394,1.0,565771.9
0.1,103,160,0.58521,0.965,438633.01
0.1,103,161,-1.27394,1.0,565771.9
0.1,103,162,-1.27394,1.0,565771.9
0.1,103,163,-1.27394,1.0,565771.9
0.1,103,164,-1.27394,1.0,565771.9
0.1,103,165,-1.27394,1.0,565771.9
0.1,103,166,-1.27394,1.0,565771.9
0.1,103,167,-1.27394,1.0,565771.9
0.1,103,168,-1.27394,1.0,565771.9
0.1,103,169,-1.27394,1.0,565771.9
0.1,103,170,-1.27394,1.0,565771.9
0.1,103,171,-1.27394,1.0,565771.9
0.1,103,172,-1.27394,1.0,565771.9
0.1,103,173,-1.27394,1.0,565771.9
0.1,103,174,-1.27394,1.0,565771.9
0.1,103,175,-1.27394,1.0,565771.9
0.1,103,176,-1.27394,1.0,565771.9
0.1,103,177,-1.27394,1.0,565771.9
0.1,103,178,-1.27394,1.0,565771.9
0.1,103,179,-1.27394,1.0,565771.9
0.1,103,180,-1.27394,1.0,565771.9
0.1,103,181,-1.27394,1.0,565771.9
0.1,103,182,-1.27394,1.0,565771.9
0.1,103,183,-1.27394,1.0,565771.9
0.1,103,184,-1.27394,1.0,565771.9
0.1,103,185,-1.27394,1.0,565771.9
0.1,103,186,-1.27394,1.0,565771.9
0.1,103,187,-1.27394,1.0,565771.9
0.1,103,188,-1.27394,1.0,565771.9
0.1,103,189,-1.27394,1.0,565771.9
0.1,103,190,-1.27394,1.0,565771.9
0.1,103,191,-1.27394,1.0,565771.9
0.1,103,192,-1.27394,1.0,565771.9
0.1,103,193,-1.27394,1.0,565771.9
0.1,103,194,-1.27394,1.0,565771.9
0.1,103,195,-1.27394,1.0,565771.9
0.1,103,196,-1.27394,1.0,565771.9
0.1,103,197,-1.27394,1.0,565771.9
0.1,103,198,-1.27394,1.0,565771.9
0.1,103,199,-1.27394,1.0,565771.9
0.1,103,200,-1.27394,1.0,565771.9
0.1,105,1,-1.25654,0.895,556338.99
0.1,105,2,-1.25654,0.895,556338.99
0.1,105,3,-1.25654,0.895,556338.99
0.1,105,4,-1.25654,0.895,556338.99
0.1,105,5,-1.25654,0.895,556338.99
0.1,105,6,1.22787,0.955,453285.27
0.1,105,7,-1.25654,0.895,556338.99
0.1,105,8,-1.25654,0.895,556338.99
0.1,105,9,-1.25654,0.895,556338.99
0.1,105,10,-1.25654,0.895,556338.99
0.1,105,11,-1.25654,0.895,556338.99
0.1,105,12,-1.25654,0.895,556338.99
0.1,105,13,-1.25654,0.895,556338.99
0.1,105,14,-1.25654,0.895,556338.99
0.1,105,15,-1.25654,0.895,556338.99
0.1,105,16,-1.25654,0.895,556338.99
0.1,105,17,-1.25654,0.895,556338.99
0.1,105,18,-1.25654,0.895,556338.99
0.1,105,19,1.22787,0.955,453285.27
0.1,105,20,-1.25654,0.895,556338.99
0.1,105,21,-1.25654,0.895,556338.99
0.1,105,22,-1.25654,0.895,556338.99
0.1,105,23,-1.25654,0.895,556338.99
0.1,105,24,1.22787,0.955,453285.27
0.1,105,25,1.22787,0.955,453285.27
0.1,105,26,-1.25654,0.895,556338.99
0.1,105,27,-1.25654,0.895,556338.99
0.1,105,28,-1.25654,0.895,556338.99
0.1,105,29,-1.25654,0.895,556338.99
0.1,105,30,1.22787,0.955,453285.27
0.1,105,31,-1.25654,0.895,556338.99
0.1,105,32,-1.25654,0.895,556338.99
0.1,105,33,-1.25654,0.895,556338.99
0.1,105,34,1.22787,0.955,453285.27
0.1,105,35,-1.25654,0.895,556338.99
0.1,105,36,1.22787,0.955,453285.27
0.1,105,37,-1.25654,0.895,556338.99
0.1,105,38,1.22787,0.955,453285.27
0.1,105,39,-1.25654,0.895,556338.99
0.1,105,40,-1.25654,0.895,556338.99
0.1,105,41,-1.25654,0.895,556338.99
0.1,105,42,1.22787,0.955,453285.27
0.1,105,43,-1.25654,0.895,556338.99
0.1,105,44,-1.25654,0.895,556338.99
0.1,105,45,-1.25654,0.895,556338.99
0.1,105,46,-1.25654,0.895,556338.99
0.1,105,47,-1.25654,0.895,556338.99
0.1,105,48,-1.25654,0.895,556338.99
0.1,105,49,-1.25654,0.895,556338.99
0.1,105,50,-1.25654,0.895,556338.99
0.1,105,51,-1.25654,0.895,556338.99
0.1,105,52,-1.25654,0.895,556338.99
0.1,105,53,-1.25654,0.895,556338.99
0.1,105,54,-1.25654,0.895,556338.99
0.1,105,55,-1.25654,0.895,556338.99
0.1,105,56,-1.25654,0.895,556338.99
0.1,105,57,-1.25654,0.895,556338.99
0.1,105,58,-1.25654,0.895,556338.99
0.1,105,59,-1.25654,0.895,556338.99
0.1,105,60,-1.25654,0.895,556338.99
0.1,105,61,-1.25654,0.895,556338.99
0.1,105,62,-1.25654,0.895,556338.99
0.1,105,63,-1.25654,0.895,556338.99
0.1,105,64,-1.25654,0.895,556338.99
0.1,105,65,-1.25654,0.895,556338.99
0.1,105,66,1.22787,0.955,453285.27
0.1,105,67,-1.25654,0.895,556338.99
0.1,105,68,-1.25654,0.895,556338.99
0.1,105,69,-1.25654,0.895,556338.99
0.1,105,70,1.22787,0.955,453285.27
0.1,105,71,-1.25654,0.895,556338.99
0.1,105,72,-1.25654,0.895,556338.99
0.1,105,73,-1.25654,0.895,556338.99
0.1,105,74,-1.25654,0.895,556338.99
0.1,105,75,1.22787,0.955,453285.27
0.1,105,76,-1.25654,0.895,556338.99
0.1,105,77,-1.25654,0.895,556338.99
0.1,105,78,-1.25654,0.895,556338.99
0.1,105,79,-1.25654,0.895,556338.99
0.1,105,80,-1.25654,0.895,556338.99
0.1,105,81,1.22787,0.955,453285.27
0.1,105,82,1.22787,0.955,453285.27
0.1,105,83,-1.25654,0.895,556338.99
0.1,105,84,-1.25654,0.895,556338.99
0.1,105,85,1.22787,0.955,453285.27
0.1,105,86,-1.25654,0.895,556338.99
0.1,105,87,1.22787,0.955,453285.27
0.1,105,88,-1.25654,0.895,556338.99
0.1,105,89,1.22787,0.955,453285.27
0.1,105,90,-1.25654,0.895,556338.99
0.1,105,91,-1.25654,0.895,556338.99
0.1,105,92,1.22787,0.955,453285.27
0.1,105,93,-1.25654,0.895,556338.99
0.1,105,94,1.22787,0.955,453285.27
0.1,105,95,-1.25654,0.895,556338.99
0.1,105,96,-1.25654,0.895,556338.99
0.1,105,97,-1.25654,0.895,556338.99
0.1,105,98,-1.25654,0.895,556338.99
0.1,105,99,-1.25654,0.895,556338.99
0.1,105,100,-1.25654,0.895,556338.99
0.1,105,101,-1.25654,0.895,556338.99
0.1,105,102,-1.25654,0.895,556338.99
0.1,105,103,-1.25654,0.895,556338.99
0.1,105,104,-1.25654,0.895,556338.99
0.1,105,105,1.22787,0.955,453285.27
0.1,105,106,-1.25654,0.895,556338.99
0.1,105,107,1.22787,0.955,453285.27
0.1,105,108,1.22787,0.955,453285.27
0.1,105,109,-1.25654,0.895,556338.99
0.1,105,110,1.22787,0.955,453285.27
0.1,105,111,-1.25654,0.895,556338.99
0.1,105,112,1.22787,0.955,453285.27
0.1,105,113,-1.25654,0.895,556338.99
0.1,105,114,-1.25654,0.895,556338.99
0.1,105,115,-1.25654,0.895,556338.99
0.1,105,116,1.22787,0.955,453285.27
0.1,105,117,-1.25654,0.895,556338.99
0.1,105,118,-1.25654,0.895,556338.99
0.1,105,119,-1.25654,0.895,556338.99
0.1,105,120,-1.25654,0.895,556338.99
0.1,105,121,-1.25654,0.895,556338.99
0.1,105,122,-1.25654,0.895,556338.99
0.1,105,123,-1.25654,0.895,556338.99
0.1,105,124,-1.25654,0.895,556338.99
0.1,105,125,-1.25654,0.895,556338.99
0.1,105,126,-1.25654,0.895,556338.99
0.1,105,127,-1.25654,0.895,556338.99
0.1,105,128,-1.25654,0.895,556338.99
0.1,105,129,-1.25654,0.895,556338.99
0.1,105,130,-1.25654,0.895,556338.99
0.1,105,131,-1.25654,0.895,556338.99
0.1,105,132,-1.25654,0.895,556338.99
0.1,105,133,-1.25654,0.895,556338.99
0.1,105,134,-1.25654,0.895,556338.99
0.1,105,135,-1.25654,0.895,556338.99
0.1,105,136,-1.25654,0.895,556338.99
0.1,105,137,-1.25654,0.895,556338.99
0.1,105,138,-1.25654,0.895,556338.99
0.1,105,139,-1.25654,0.895,556338.99
0.1,105,140,-1.25654,0.895,556338.99
0.1,105,141,-1.25654,0.895,556338.99
0.1,105,142,1.22787,0.955,453285.27
0.1,105,143,-1.25654,0.895,556338.99
0.1,105,144,1.22787,0.955,453285.27
0.1,105,145,-1.25654,0.895,556338.99
0.1,105,146,1.22787,0.955,453285.27
0.1,105,147,1.22787,0.955,453285.27
0.1,105,148,-1.25654,0.895,556338.99
0.1,105,149,-1.25654,0.895,556338.99
0.1,105,150,-1.25654,0.895,556338.99
0.1,105,151,-1.25654,0.895,556338.99
0.1,105,152,1.22787,0.955,453285.27
0.1,105,153,-1.25654,0.895,556338.99
0.1,105,154,1.22787,0.955,453285.27
0.1,105,155,1.22787,0.955,453285.27
0.1,105,156,-1.25654,0.895,556338.99
0.1,105,157,-1.25654,0.895,556338.99
0.1,105,158,-1.25654,0.895,556338.99
0.1,105,159,-1.25654,0.895,556338.99
0.1,105,160,-1.25654,0.895,556338.99
0.1,105,161,1.22787,0.955,453285.27
0.1,105,162,-1.25654,0.895,556338.99
0.1,105,163,-1.25654,0.895,556338.99
0.1,105,164,1.22787,0.955,453285.27
0.1,105,165,1.22787,0.955,453285.27
0.1,105,166,-1.25654,0.895,556338.99
0.1,105,167,-1.25654,0.895,556338.99
0.1,105,168,1.22787,0.955,453285.27
0.1,105,169,-1.25654,0.895,556338.99
0.1,105,170,-1.25654,0.895,556338.99
0.1,105,171,-1.25654,0.895,556338.99
0.1,105,172,-1.25654,0.895,556338.99
0.1,105,173,1.22787,0.955,453285.27
0.1,105,174,-1.25654,0.895,556338.99
0.1,105,175,1.22787,0.955,453285.27
0.1,105,176,-1.25654,0.895,556338.99
0.1,105,177,-1.25654,0.895,556338.99
0.1,105,178,-1.25654,0.895,556338.99
0.1,105,179,-1.25654,0.895,556338.99
0.1,105,180,-1.25654,0.895,556338.99
0.1,105,181,-1.25654,0.895,556338.99
0.1,105,182,-1.25654,0.895,556338.99
0.1,105,183,-1.25654,0.895,556338.99
0.1,105,184,-1.25654,0.895,556338.99
0.1,105,185,1.22787,0.955,453285.27
0.1,105,186,-1.25654,0.895,556338.99
0.1,105,187,-1.25654,0.895,556338.99
0.1,105,188,-1.25654,0.895,556338.99
0.1,105,189,-1.25654,0.895,556338.99
0.1,105,190,-1.25654,0.895,556338.99
0.1,105,191,1.22787,0.955,453285.27
0.1,105,192,1.22787,0.955,453285.27
0.1,105,193,-1.25654,0.895,556338.99
0.1,105,194,-1.25654,0.895,556338.99
0.1,105,195,-1.25654,0.895,556338.99
0.1,105,196,-1.25654,0.895,556338.99
0.1,105,197,-1.25654,0.895,556338.99
0.1,105,198,-1.25654,0.895,556338.99
0.1,105,199,-1.25654,0.895,556338.99
0.1,105,200,-1.25654,0.895,556338.99
0.1,107,1,-1.56878,0.885,558938.13
0.1,107,2,-1.56878,0.885,558938.13
0.1,107,3,-1.56878,0.885,558938.13
0.1,107,4,-1.56878,0.885,558938.13
0.1,107,5,-1.56878,0.885,558938.13
0.1,107,6,-1.56878,0.885,558938.13
0.1,107,7,1.18093,0.955,454868.37
0.1,107,8,-1.54818,0.885,558938.13
0.1,107,9,1.18093,0.955,454868.37
0.1,107,10,-1.56878,0.885,558938.13
0.1,107,11,-1.56878,0.885,558938.13
0.1,107,12,-1.56878,0.885,558938.13
0.1,107,13,-1.56878,0.885,558938.13
0.1,107,14,1.18093,0.955,454868.37
0.1,107,15,1.18093,0.955,454868.37
0.1,107,16,1.18093,0.955,454868.37
0.1,107,17,-1.56878,0.885,558938.13
0.1,107,18,-1.56878,0.885,558938.13
0.1,107,19,-1.56878,0.885,558938.13
0.1,107,20,-1.56878,0.885,558938.13
0.1,107,21,-1.56878,0.885,558938.13
0.1,107,22,1.18093,0.955,454868.37
0.1,107,23,-1.56878,0.885,558938.13
0.1,107,24,-1.56878,0.885,558938.13
0.1,107,25,-1.56878,0.885,558938.13
0.1,107,26,-1.56878,0.885,558938.13
0.1,107,27,-1.56878,0.885,558938.13
0.1,107,28,-1.56878,0.885,558938.13
0.1,107,29,-1.56878,0.885,558938.13
0.1,107,30,-1.56878,0.885,558938.13
0.1,107,31,-1.56878,0.885,558938.13
0.1,107,32,-1.56878,0.885,558938.13
0.1,107,33,-1.56878,0.885,558938.13
0.1,107,34,-1.56878,0.885,558938.13
0.1,107,35,-1.56878,0.885,558938.13
0.1,107,36,-1.56878,0.885,558938.13
0.1,107,37,-1.56878,0.885,558938.13
0.1,107,38,-1.56878,0.885,558938.13
0.1,107,39,-1.56878,0.885,558938.13
0.1,107,40,-1.56878,0.885,558938.13
0.1,107,41,-1.56878,0.885,558938.13
0.1,107,42,-1.56878,0.885,558938.13
0.1,107,43,-1.56878,0.885,558938.13
0.1,107,44,-1.56878,0.885,558938.13
0.1,107,45,1.18093,0.955,454868.37
0.1,107,46,-1.56878,0.885,558938.13
0.1,107,47,1.18093,0.955,454868.37
0.1,107,48,-1.56878,0.885,558938.13
0.1,107,49,-1.56878,0.885,558938.13
0.1,107,50,-1.56878,0.885,558938.13
0.1,107,51,-1.56878,0.885,558938.13
0.1,107,52,1.18093,0.955,454868.37
0.1,107,53,-1.56878,0.885,558938.13
0.1,107,54,-1.56878,0.885,558938.13
0.1,107,55,1.18093,0.955,454868.37
0.1,107,56,-1.56878,0.885,558938.13
0.1,107,57,-1.56878,0.885,558938.13
0.1,107,58,-1.56878,0.885,558938.13
0.1,107,59,1.18093,0.955,454868.37
0.1,107,60,1.18093,0.955,454868.37
0.1,107,61,-1.56878,0.885,558938.13
0.1,107,62,-1.56878,0.885,558938.13
0.1,107,63,-1.56878,0.885,558938.13
0.1,107,64,-1.56878,0.885,558938.13
0.1,107,65,-1.56878,0.885,558938.13
0.1,107,66,-1.56878,0.885,558938.13
0.1,107,67,-1.56878,0.885,558938.13
0.1,107,68,-1.56878,0.885,558938.13
0.1,107,69,-1.56878,0.885,558938.13
0.1,107,70,-1.56878,0.885,558938.13
0.1,107,71,1.18093,0.955,454868.37
0.1,107,72,-1.56878,0.885,558938.13
0.1,107,73,-1.56878,0.885,558938.13
0.1,107,74,-1.56878,0.885,558938.13
0.1,107,75,1.18093,0.955,454868.37
0.1,107,76,-1.56878,0.885,558938.13
0.1,107,77,1.18093,0.955,454868.37
0.1,107,78,-1.56878,0.885,558938.13
0.1,107,79,1.18093,0.955,454868.37
0.1,107,80,-1.56878,0.885,558938.13
0.1,107,81,-1.56878,0.885,558938.13
0.1,107,82,-1.56878,0.885,558938.13
0.1,107,83,-1.56878,0.885,558938.13
0.1,107,84,-1.56878,0.885,558938.13
0.1,107,85,-1.56878,0.885,558938.13
0.1,107,86,-1.56878,0.885,558938.13
0.1,107,87,-1.56878,0.885,558938.13
0.1,107,88,1.18093,0.955,454868.37
0.1,107,89,-1.56878,0.885,558938.13
0.1,107,90,-1.56878,0.885,558938.13
0.1,107,91,-1.56878,0.885,558938.13
0.1,107,92,1.18093,0.955,454868.37
0.1,107,93,-1.56878,0.885,558938.13
0.1,107,94,-1.56878,0.885,558938.13
0.1,107,95,1.18093,0.955,454868.37
0.1,107,96,-1.56878,0.885,558938.13
0.1,107,97,1.18093,0.955,454868.37
0.1,107,98,-1.56878,0.885,558938.13
0.1,107,99,-1.56878,0.885,558938.13
0.1,107,100,-1.56878,0.885,558938.13
0.1,107,101,-1.56878,0.885,558938.13
0.1,107,102,-1.56878,0.885,558938.13
0.1,107,103,-1.56878,0.885,558938.13
0.1,107,104,1.18093,0.955,454868.37
0.1,107,105,-1.56878,0.885,558938.13
0.1,107,106,1.18093,0.955,454868.37
0.1,107,107,-1.56878,0.885,558938.13
0.1,107,108,-1.56878,0.885,558938.13
0.1,107,109,-1.56878,0.885,558938.13
0.1,107,110,1.18093,0.955,454868.37
0.1,107,111,1.18093,0.955,454868.37
0.1,107,112,-1.56878,0.885,558938.13
0.1,107,113,-1.56878,0.885,558938.13
0.1,107,114,-1.56878,0.885,558938.13
0.1,107,115,-1.56878,0.885,558938.13
0.1,107,116,-1.56878,0.885,558938.13
0.1,107,117,-1.56878,0.885,558938.13
0.1,107,118,-1.56878,0.885,558938.13
0.1,107,119,-1.56878,0.885,558938.13
0.1,107,120,-1.56878,0.885,558938.13
0.1,107,121,1.18093,0.955,454868.37
0.1,107,122,1.18093,0.955,454868.37
0.1,107,123,1.18093,0.955,454868.37
0.1,107,124,-1.56878,0.885,558938.13
0.1,107,125,-1.56878,0.885,558938.13
0.1,107,126,1.18093,0.955,454868.37
0.1,107,127,-1.56878,0.885,558938.13
0.1,107,128,1.18093,0.955,454868.37
0.1,107,129,-1.56878,0.885,558938.13
0.1,107,130,-1.56878,0.885,558938.13
0.1,107,131,-1.56878,0.885,558938.13
0.1,107,132,1.18093,0.955,454868.37
0.1,107,133,-1.56878,0.885,558938.13
0.1,107,134,1.18093,0.955,454868.37
0.1,107,135,-1.56878,0.885,558938.13
0.1,107,136,-1.56878,0.885,558938.13
0.1,107,137,-1.56878,0.885,558938.13
0.1,107,138,-1.56878,0.885,558938.13
0.1,107,139,-1.56878,0.885,558938.13
0.1,107,140,-1.56878,0.885,558938.13
0.1,107,141,-1.56878,0.885,558938.13
0.1,107,142,-1.56878,0.885,558938.13
0.1,107,143,-1.56878,0.885,558938.13
0.1,107,144,-1.56878,0.885,558938.13
0.1,107,145,-1.56878,0.885,558938.13
0.1,107,146,1.18093,0.955,454868.37
0.1,107,147,-1.56878,0.885,558938.13
0.1,107,148,-1.56878,0.885,558938.13
0.1,107,149,-1.56878,0.885,558938.13
0.1,107,150,-1.56878,0.885,558938.13
0.1,107,151,-1.56878,0.885,558938.13
0.1,107,152,-1.56878,0.885,558938.13
0.1,107,153,-1.56878,0.885,558938.13
0.1,107,154,-1.56878,0.885,558938.13
0.1,107,155,-1.56878,0.885,558938.13
0.1,107,156,1.18093,0.955,454868.37
0.1,107,157,-1.56878,0.885,558938.13
0.1,107,158,1.18093,0.955,454868.37
0.1,107,159,-1.56878,0.885,558938.13
0.1,107,160,1.18093,0.955,454868.37
0.1,107,161,-1.56878,0.885,558938.13
0.1,107,162,-1.56878,0.885,558938.13
0.1,107,163,-1.56878,0.885,558938.13
0.1,107,164,1.18093,0.955,454868.37
0.1,107,165,1.18093,0.955,454868.37
0.1,107,166,-1.56878,0.885,558938.13
0.1,107,167,-1.56878,0.885,558938.13
0.1,107,168,-1.56878,0.885,558938.13
0.1,107,169,-1.56878,0.885,558938.13
0.1,107,170,1.18093,0.955,454868.37
0.1,107,171,-1.56878,0.885,558938.13
0.1,107,172,-1.56878,0.885,558938.13
0.1,107,173,-1.56878,0.885,558938.13
0.1,107,174,1.18093,0.955,454868.37
0.1,107,175,-1.56878,0.885,558938.13
0.1,107,176,-1.56878,0.885,558938.13
0.1,107,177,-1.56878,0.885,558938.13
0.1,107,178,-1.56878,0.885,558938.13
0.1,107,179,-1.56878,0.885,558938.13
0.1,107,180,1.18093,0.955,454868.37
0.1,107,181,-1.56878,0.885,558938.13
0.1,107,182,-1.56878,0.885,558938.13
0.1,107,183,-1.56878,0.885,558938.13
0.1,107,184,-1.56878,0.885,558938.13
0.1,107,185,-1.56878,0.885,558938.13
0.1,107,186,-1.56878,0.885,558938.13
0.1,107,187,1.18093,0.955,454868.37
0.1,107,188,1.18093,0.955,454868.37
0.1,107,189,1.18093,0.955,454868.37
0.1,107,190,-1.56878,0.885,558938.13
0.1,107,191,1.18093,0.955,454868.37
0.1,107,192,-1.56878,0.885,558938.13
0.1,107,193,-1.56878,0.885,558938.13
0.1,107,194,-1.56878,0.885,558938.13
0.1,107,195,-1.56878,0.885,558938.13
0.1,107,196,-1.56878,0.885,558938.13
0.1,107,197,-1.56878,0.885,558938.13
0.1,107,198,-1.56878,0.885,558938.13
0.1,107,199,-1.56878,0.885,558938.13
0.1,107,200,1.18093,0.955,454868.37
0.25,42,1,0.99557,0.935,440977.07
0.25,42,2,-1.96412,0.955,534836.34
0.25,42,3,-1.96412,0.955,534836.34
0.25,42,4,0.99557,0.935,440977.07
0.25,42,5,-1.96412,0.955,534836.34
0.25,42,6,-1.96412,0.955,534836.34
0.25,42,7,-2.28051,0.955,544929.45
0.25,42,8,-1.96412,0.955,534836.34
0.25,42,9,0.99557,0.935,440977.07
0.25,42,10,-1.96412,0.955,534836.34
0.25,42,11,-1.96412,0.955,534836.34
0.25,42,12,-1.96412,0.955,534836.34
0.25,42,13,-2.28051,0.955,544929.45
0.25,42,14,-2.28051,0.955,544929.45
0.25,42,15,-1.96412,0.955,534836.34
0.25,42,16,-1.96412,0.955,534836.34
0.25,42,17,0.99557,0.935,440977.07
0.25,42,18,0.10711,0.935,491390.02
0.25,42,19,-1.96412,0.955,534836.34
0.25,42,20,-1.96412,0.955,534836.34
0.25,42,21,-1.96412,0.955,534836.34
0.25,42,22,0.99557,0.935,440977.07
0.25,42,23,-1.96412,0.955,534836.34
0.25,42,24,0.79772,0.935,461550.46
0.25,42,25,-1.89093,0.955,534836.34
0.25,42,26,0.99557,0.935,440977.07
0.25,42,27,-2.31364,0.955,534836.34
0.25,42,28,0.99557,0.935,440977.07
0.25,42,29,2.01868,0.935,494329.37
0.25,42,30,1.79264,0.935,473755.99
0.25,42,31,-1.89093,0.955,534836.34
0.25,42,32,-2.25533,0.955,534836.34
0.25,42,33,-1.96412,0.955,534836.34
0.25,42,34,-1.96412,0.955,534836.34
0.25,42,35,-1.89093,0.955,534836.34
0.25,42,36,0.79772,0.935,461550.46
0.25,42,37,-0.76344,0.875,400470.11
0.25,42,38,-1.96412,0.955,534836.34
0.25,42,39,0.10711,0.935,491390.02
0.25,42,40,-2.28051,0.955,544929.45
0.25,42,41,0.99557,0.935,440977.07
0.25,42,42,0.99557,0.935,440977.07
0.25,42,43,0.99557,0.935,440977.07
0.25,42,44,0.99557,0.935,440977.07
0.25,42,45,-1.96412,0.955,534836.34
0.25,42,46,2.01868,0.935,494329.37
0.25,42,47,-1.96412,0.955,534836.34
0.25,42,48,0.79772,0.935,461550.46
0.25,42,49,0.99557,0.935,440977.07
0.25,42,50,0.99557,0.935,440977.07
0.25,42,51,-2.31364,0.955,534836.34
0.25,42,52,-1.89093,0.955,534836.34
0.25,42,53,0.99557,0.935,440977.07
0.25,42,54,0.99557,0.935,440977.07
0.25,42,55,0.99557,0.935,440977.07
0.25,42,56,-1.96412,0.955,534836.34
0.25,42,57,0.99557,0.935,440977.07
0.25,42,58,-1.96412,0.955,534836.34
0.25,42,59,-1.89093,0.955,534836.34
0.25,42,60,0.99557,0.935,440977.07
0.25,42,61,-1.96412,0.955,534836.34
0.25,42,62,0.99557,0.935,440977.07
0.25,42,63,0.99557,0.935,440977.07
0.25,42,64,-1.6454,0.77,431430.23
0.25,42,65,0.99557,0.935,440977.07
0.25,42,66,0.99557,0.935,440977.07
0.25,42,67,0.99557,0.935,440977.07
0.25,42,68,2.01868,0.935,494329.37
0.25,42,69,-2.28051,0.955,544929.45
0.25,42,70,0.99557,0.935,440977.07
0.25,42,71,0.99557,0.935,440977.07
0.25,42,72,2.01868,0.935,494329.37
0.25,42,73,-1.96412,0.955,534836.34
0.25,42,74,-2.31364,0.955,534836.34
0.25,42,75,0.99557,0.935,440977.07
0.25,42,76,-2.33671,0.955,544929.45
0.25,42,77,-0.76344,0.875,400470.11
0.25,42,78,-1.96412,0.955,534836.34
0.25,42,79,-1.89093,0.955,534836.34
0.25,42,80,-1.96412,0.955,534836.34
0.25,42,81,0.99557,0.935,440977.07
0.25,42,82,0.99557,0.935,440977.07
0.25,42,83,0.99557,0.935,440977.07
0.25,42,84,-1.96412,0.955,534836.34
0.25,42,85,-1.96412,0.955,534836.34
0.25,42,86,-1.96412,0.955,534836.34
0.25,42,87,-1.89093,0.955,534836.34
0.25,42,88,1.79264,0.935,473755.99
0.25,42,89,0.99557,0.935,440977.07
0.25,42,90,0.79772,0.935,461550.46
0.25,42,91,-2.28051,0.955,544929.45
0.25,42,92,-1.96412,0.955,534836.34
0.25,42,93,0.99557,0.935,440977.07
0.25,42,94,-1.96412,0.955,534836.34
0.25,42,95,-2.28051,0.955,544929.45
0.25,42,96,0.99557,0.935,440977.07
0.25,42,97,-2.33671,0.955,544929.45
0.25,42,98,2.01868,0.935,494329.37
0.25,42,99,-1.96412,0.955,534836.34
0.25,42,100,0.79772,0.935,461550.46
0.25,42,101,-1.96412,0.955,534836.34
0.25,42,102,0.99557,0.935,440977.07
0.25,42,103,-2.28051,0.955,544929.45
0.25,42,104,0.99557,0.935,440977.07
0.25,42,105,-1.96412,0.955,534836.34
0.25,42,106,-1.96412,0.955,534836.34
0.25,42,107,-1.96412,0.955,534836.34
0.25,42,108,-2.31364,0.955,534836.34
0.25,42,109,-1.96412,0.955,534836.34
0.25,42,110,0.20725,0.935,482936.01
0.25,42,111,-2.28051,0.955,544929.45
0.25,42,112,0.99557,0.935,440977.07
0.25,42,113,-2.31364,0.955,534836.34
0.25,42,114,-1.96412,0.955,534836.34
0.25,42,115,0.99557,0.935,440977.07
0.25,42,116,-1.96412,0.955,534836.34
0.25,42,117,-1.96412,0.955,534836.34
0.25,42,118,2.01868,0.935,494329.37
0.25,42,119,1.39308,0.935,494329.37
0.25,42,120,-1.96412,0.955,534836.34
0.25,42,121,-1.89093,0.955,534836.34
0.25,42,122,-2.25533,0.955,534836.34
0.25,42,123,-1.96412,0.955,534836.34
0.25,42,124,-2.82124,0.735,502970.51
0.25,42,125,-1.96412,0.955,534836.34
0.25,42,126,-1.89093,0.955,534836.34
0.25,42,127,-1.96412,0.955,534836.34
0.25,42,128,-1.96412,0.955,534836.34
0.25,42,129,-2.31364,0.955,534836.34
0.25,42,130,-1.96412,0.955,534836.34
0.25,42,131,-1.96412,0.955,534836.34
0.25,42,132,0.99557,0.935,440977.07
0.25,42,133,0.99557,0.935,440977.07
0.25,42,134,-1.96412,0.955,534836.34
0.25,42,135,-1.96412,0.955,534836.34
0.25,42,136,-1.96412,0.955,534836.34
0.25,42,137,-1.96412,0.955,534836.34
0.25,42,138,0.99557,0.935,440977.07
0.25,42,139,-1.89093,0.955,534836.34
0.25,42,140,0.99557,0.935,440977.07
0.25,42,141,0.99557,0.935,440977.07
0.25,42,142,-1.96412,0.955,534836.34
0.25,42,143,-1.96412,0.955,534836.34
0.25,42,144,-1.96412,0.955,534836.34
0.25,42,145,0.99557,0.935,440977.07
0.25,42,146,-1.96412,0.955,534836.34
0.25,42,147,0.99557,0.935,440977.07
0.25,42,148,0.99557,0.935,440977.07
0.25,42,149,-1.96412,0.955,534836.34
0.25,42,150,-2.31364,0.955,534836.34
0.25,42,151,0.79772,0.935,461550.46
0.25,42,152,-1.96412,0.955,534836.34
0.25,42,153,0.99557,0.935,440977.07
0.25,42,154,-1.6454,0.77,431430.23
0.25,42,155,0.99557,0.935,440977.07
0.25,42,156,-2.33671,0.955,544929.45
0.25,42,157,0.99557,0.935,440977.07
0.25,42,158,0.20725,0.935,482936.01
0.25,42,159,-1.96412,0.955,534836.34
0.25,42,160,-2.28051,0.955,544929.45
0.25,42,161,0.99557,0.935,440977.07
0.25,42,162,0.69147,0.935,494329.37
0.25,42,163,-1.89093,0.955,534836.34
0.25,42,164,-1.96412,0.955,534836.34
0.25,42,165,-1.96412,0.955,534836.34
0.25,42,166,-1.96412,0.955,534836.34
0.25,42,167,-1.96412,0.955,534836.34
0.25,42,168,-1.96412,0.955,534836.34
0.25,42,169,-2.33671,0.955,544929.45
0.25,42,170,0.79772,0.935,461550.46
0.25,42,171,0.99557,0.935,440977.07
0.25,42,172,-1.96412,0.955,534836.34
0.25,42,173,0.99557,0.935,440977.07
0.25,42,174,0.99557,0.935,440977.07
0.25,42,175,-2.31364,0.955,534836.34
0.25,42,176,-2.31364,0.955,534836.34
0.25,42,177,0.99557,0.935,440977.07
0.25,42,178,0.99557,0.935,440977.07
0.25,42,179,0.99557,0.935,440977.07
0.25,42,180,-2.67531,0.735,431430.23
0.25,42,181,-1.96412,0.955,534836.34
0.25,42,182,-1.96412,0.955,534836.34
0.25,42,183,0.99557,0.935,440977.07
0.25,42,184,-2.67531,0.735,431430.23
0.25,42,185,0.99557,0.935,440977.07
0.25,42,186,-1.89093,0.955,534836.34
0.25,42,187,2.01868,0.935,494329.37
0.25,42,188,2.01868,0.935,494329.37
0.25,42,189,-1.96412,0.955,534836.34
0.25,42,190,-1.96412,0.955,534836.34
0.25,42,191,-1.96412,0.955,534836.34
0.25,42,192,-1.96412,0.955,534836.34
0.25,42,193,0.99557,0.935,440977.07
0.25,42,194,-0.11955,1.0,511963.41
0.25,42,195,-1.96412,0.955,534836.34
0.25,42,196,-0.76344,0.875,400470.11
0.25,42,197,-1.96412,0.955,534836.34
0.25,42,198,0.99557,0.935,440977.07
0.25,42,199,0.99557,0.935,440977.07
0.25,42,200,0.99557,0.935,440977.07
0.25,101,1,-1.6963,0.93,541216.62
0.25,101,2,-1.77043,0.93,541216.62
0.25,101,3,-1.6963,0.93,541216.62
0.25,101,4,-1.6963,0.93,541216.62
0.25,101,5,-1.6963,0.93,541216.62
0.25,101,6,0.5238,0.92,486069.94
0.25,101,7,1.68514,0.92,502724.38
0.25,101,8,-1.6963,0.93,541216.62
0.25,101,9,0.52878,0.92,495753.56
0.25,101,10,-1.74724,0.93,541216.62
0.25,101,11,0.735,0.885,505123.92
0.25,101,12,-0.1596,1.0,542971.29
0.25,101,13,-1.6963,0.93,541216.62
0.25,101,14,-1.6963,0.93,541216.62
0.25,101,15,-1.6963,0.93,541216.62
0.25,101,16,-1.79418,0.93,541216.62
0.25,101,17,1.11186,0.92,438852.21
0.25,101,18,0.5238,0.92,486069.94
0.25,101,19,1.11186,0.92,438852.21
0.25,101,20,-1.95581,0.755,494639.27
0.25,101,21,-1.6963,0.93,541216.62
0.25,101,22,-1.77043,0.93,541216.62
0.25,101,23,-1.6963,0.93,541216.62
0.25,101,24,-1.6963,0.93,541216.62
0.25,101,25,-1.6963,0.93,541216.62
0.25,101,26,1.11186,0.92,438852.21
0.25,101,27,-1.6963,0.93,541216.62
0.25,101,28,-1.6963,0.93,541216.62
0.25,101,29,0.5238,0.92,486069.94
0.25,101,30,1.11186,0.92,438852.21
0.25,101,31,1.11186,0.92,438852.21
0.25,101,32,-1.74724,0.93,541216.62
0.25,101,33,-1.6963,0.93,541216.62
0.25,101,34,0.23947,0.84,505123.92
0.25,101,35,0.5238,0.92,486069.94
0.25,101,36,-1.6963,0.93,541216.62
0.25,101,37,1.11186,0.92,438852.21
0.25,101,38,-1.6963,0.93,541216.62
0.25,101,39,-1.6963,0.93,541216.62
0.25,101,40,1.11186,0.92,438852.21
0.25,101,41,-1.77043,0.93,541216.62
0.25,101,42,-1.6963,0.93,541216.62
0.25,101,43,0.5238,0.92,486069.94
0.25,101,44,0.52878,0.92,495753.56
0.25,101,45,-1.77043,0.93,541216.62
0.25,101,46,-1.15733,0.755,381305.98
0.25,101,47,-1.92152,0.72,532486.65
0.25,101,48,0.52878,0.92,495753.56
0.25,101,49,-1.6963,0.93,541216.62
0.25,101,50,1.11186,0.92,438852.21
0.25,101,51,-1.95581,0.755,494639.27
0.25,101,52,0.85302,0.92,457906.19
0.25,101,53,-1.79418,0.93,541216.62
0.25,101,54,1.11186,0.92,438852.21
0.25,101,55,1.11186,0.92,438852.21
0.25,101,56,1.14969,0.92,486069.94
0.25,101,57,-1.6963,0.93,541216.62
0.25,101,58,1.11186,0.92,438852.21
0.25,101,59,-0.96686,0.83,400359.96
0.25,101,60,-1.77043,0.93,541216.62
0.25,101,61,-1.6963,0.93,541216.62
0.25,101,62,-1.6963,0.93,541216.62
0.25,101,63,-1.74724,0.93,541216.62
0.25,101,64,-1.6963,0.93,541216.62
0.25,101,65,-1.6772,0.93,541216.62
0.25,101,66,-1.6963,0.93,541216.62
0.25,101,67,-1.77043,0.93,541216.62
0.25,101,68,-1.74724,0.93,541216.62
0.25,101,69,-1.79418,0.93,541216.62
0.25,101,70,-1.95581,0.755,494639.27
0.25,101,71,1.68514,0.92,502724.38
0.25,101,72,-0.08841,0.885,426769.04
0.25,101,73,-1.6963,0.93,541216.62
0.25,101,74,-1.97099,0.755,436019.03
0.25,101,75,1.11186,0.92,438852.21
0.25,101,76,-1.6963,0.93,541216.62
0.25,101,77,1.11186,0.92,438852.21
0.25,101,78,-1.6963,0.93,541216.62
0.25,101,79,-1.77043,0.93,541216.62
0.25,101,80,-1.92152,0.72,532486.65
0.25,101,81,-1.6963,0.93,541216.62
0.25,101,82,1.11186,0.92,438852.21
0.25,101,83,0.23947,0.84,505123.92
0.25,101,84,-2.03548,0.655,504322.9
0.25,101,85,-1.79418,0.93,541216.62
0.25,101,86,1.11186,0.92,438852.21
0.25,101,87,1.11186,0.92,438852.21
0.25,101,88,-1.74724,0.93,541216.62
0.25,101,89,-1.79418,0.93,541216.62
0.25,101,90,0.23947,0.84,505123.92
0.25,101,91,0.5238,0.92,486069.94
0.25,101,92,-0.06672,0.84,530731.98
0.25,101,93,-1.6963,0.93,541216.62
0.25,101,94,-1.6963,0.93,541216.62
0.25,101,95,-1.6963,0.93,541216.62
0.25,101,96,-0.96686,0.83,400359.96
0.25,101,97,1.11186,0.92,438852.21
0.25,101,98,-1.92152,0.72,532486.65
0.25,101,99,-1.77043,0.93,541216.62
0.25,101,100,-1.6963,0.93,541216.62
0.25,101,101,0.5238,0.92,486069.94
0.25,101,102,-1.6963,0.93,541216.62
0.25,101,103,1.11186,0.92,438852.21
0.25,101,104,-1.6963,0.93,541216.62
0.25,101,105,-1.6963,0.93,541216.62
0.25,101,106,-1.6963,0.93,541216.62
0.25,101,107,-1.79418,0.93,541216.62
0.25,101,108,1.11186,0.92,438852.21
0.25,101,109,-1.74724,0.93,541216.62
0.25,101,110,1.11186,0.92,438852.21
0.25,101,111,-1.6963,0.93,541216.62
0.25,101,112,-1.74724,0.93,541216.62
0.25,101,113,1.11186,0.92,438852.21
0.25,101,114,1.11186,0.92,438852.21
0.25,101,115,1.09748,0.92,495753.56
0.25,101,116,-1.79418,0.93,541216.62
0.25,101,117,1.11186,0.92,438852.21
0.25,101,118,-1.6963,0.93,541216.62
0.25,101,119,1.14969,0.92,486069.94
0.25,101,120,0.64234,0.885,514807.54
0.25,101,121,-1.74724,0.93,541216.62
0.25,101,122,1.11186,0.92,438852.21
0.25,101,123,-1.6963,0.93,541216.62
0.25,101,124,-1.6963,0.93,541216.62
0.25,101,125,-1.79418,0.93,541216.62
0.25,101,126,-1.6772,0.93,541216.62
0.25,101,127,1.11186,0.92,438852.21
0.25,101,128,-1.97099,0.755,436019.03
0.25,101,129,1.68514,0.92,502724.38
0.25,101,130,-1.6963,0.93,541216.62
0.25,101,131,1.11186,0.92,438852.21
0.25,101,132,-1.6963,0.93,541216.62
0.25,101,133,-1.6963,0.93,541216.62
0.25,101,134,-1.77043,0.93,541216.62
0.25,101,135,-2.03548,0.655,504322.9
0.25,101,136,-1.79418,0.93,541216.62
0.25,101,137,-1.77043,0.93,541216.62
0.25,101,138,-1.6963,0.93,541216.62
0.25,101,139,1.11186,0.92,438852.21
0.25,101,140,-1.74724,0.93,541216.62
0.25,101,141,-1.6963,0.93,541216.62
0.25,101,142,1.11186,0.92,438852.21
0.25,101,143,-1.74724,0.93,541216.62
0.25,101,144,-1.6963,0.93,541216.62
0.25,101,145,-1.77043,0.93,541216.62
0.25,101,146,-1.6963,0.93,541216.62
0.25,101,147,-1.6963,0.93,541216.62
0.25,101,148,-1.77043,0.93,541216.62
0.25,101,149,-0.13501,1.0,542971.29
0.25,101,150,-1.6963,0.93,541216.62
0.25,101,151,-1.6963,0.93,541216.62
0.25,101,152,-1.6963,0.93,541216.62
0.25,101,153,-1.6963,0.93,541216.62
0.25,101,154,1.11186,0.92,438852.21
0.25,101,155,0.52878,0.92,495753.56
0.25,101,156,-1.74724,0.93,541216.62
0.25,101,157,0.23947,0.84,505123.92
0.25,101,158,-1.77043,0.93,541216.62
0.25,101,159,0.52878,0.92,495753.56
0.25,101,160,-1.92152,0.72,532486.65
0.25,101,161,-1.6963,0.93,541216.62
0.25,101,162,-1.6963,0.93,541216.62
0.25,101,163,-1.6963,0.93,541216.62
0.25,101,164,-1.6963,0.93,541216.62
0.25,101,165,-1.6963,0.93,541216.62
0.25,101,166,1.11186,0.92,438852.21
0.25,101,167,-1.6963,0.93,541216.62
0.25,101,168,-1.6963,0.93,541216.62
0.25,101,169,-1.6963,0.93,541216.62
0.25,101,170,-1.6963,0.93,541216.62
0.25,101,171,0.5238,0.92,486069.94
0.25,101,172,-1.74724,0.93,541216.62
0.25,101,173,-1.6963,0.93,541216.62
0.25,101,174,-1.6963,0.93,541216.62
0.25,101,175,-1.6963,0.93,541216.62
0.25,101,176,-1.6963,0.93,541216.62
0.25,101,177,1.11186,0.92,438852.21
0.25,101,178,1.11186,0.92,438852.21
0.25,101,179,-1.6963,0.93,541216.62
0.25,101,180,-1.74724,0.93,541216.62
0.25,101,181,0.85302,0.92,457906.19
0.25,101,182,-1.79418,0.93,541216.62
0.25,101,183,-1.6963,0.93,541216.62
0.25,101,184,-1.6963,0.93,541216.62
0.25,101,185,-1.77043,0.93,541216.62
0.25,101,186,-1.79418,0.93,541216.62
0.25,101,187,-1.6963,0.93,541216.62
0.25,101,188,0.52878,0.92,495753.56
0.25,101,189,-1.74724,0.93,541216.62
0.25,101,190,-1.6963,0.93,541216.62
0.25,101,191,1.11186,0.92,438852.21
0.25,101,192,-1.77043,0.93,541216.62
0.25,101,193,-1.79418,0.93,541216.62
0.25,101,194,-2.82002,0.715,436019.03
0.25,101,195,-1.6772,0.93,541216.62
0.25,101,196,-0.08486,1.0,542971.29
0.25,101,197,0.52878,0.92,495753.56
0.25,101,198,1.11186,0.92,438852.21
0.25,101,199,-1.74724,0.93,541216.62
0.25,101,200,1.11186,0.92,438852.21
0.25,102,1,-1.63753,0.71,524271.0
0.25,102,2,1.33893,0.95,435493.78
0.25,102,3,-2.00555,0.715,490469.95
0.25,102,4,0.61014,0.895,487338.07
0.25,102,5,-1.63753,0.71,524271.0
0.25,102,6,-1.63753,0.71,524271.0
0.25,102,7,-1.63753,0.71,524271.0
0.25,102,8,-1.63753,0.71,524271.0
0.25,102,9,-1.63753,0.71,524271.0
0.25,102,10,-1.61025,0.71,524271.0
0.25,102,11,-1.63753,0.71,524271.0
0.25,102,12,1.33893,0.95,435493.78
0.25,102,13,1.33893,0.95,435493.78
0.25,102,14,-1.71227,0.71,524271.0
0.25,102,15,-1.63753,0.71,524271.0
0.25,102,16,-1.63753,0.71,524271.0
0.25,102,17,1.33893,0.95,435493.78
0.25,102,18,1.33893,0.95,435493.78
0.25,102,19,-1.74115,0.645,514241.09
0.25,102,20,-1.63753,0.71,524271.0
0.25,102,21,1.33893,0.95,435493.78
0.25,102,22,-1.74115,0.645,514241.09
0.25,102,23,1.33893,0.95,435493.78
0.25,102,24,1.33893,0.95,435493.78
0.25,102,25,-1.63753,0.71,524271.0
0.25,102,26,1.48945,0.95,474131.11
0.25,102,27,-1.63753,0.71,524271.0
0.25,102,28,-1.63753,0.71,524271.0
0.25,102,29,1.33893,0.95,435493.78
0.25,102,30,-1.71227,0.71,524271.0
0.25,102,31,-1.74115,0.645,514241.09
0.25,102,32,-1.63753,0.71,524271.0
0.25,102,33,-1.72148,0.71,524271.0
0.25,102,34,-1.63753,0.71,524271.0
0.25,102,35,1.33893,0.95,435493.78
0.25,102,36,-1.72148,0.71,524271.0
0.25,102,37,1.33893,0.95,435493.78
0.25,102,38,1.33893,0.95,435493.78
0.25,102,39,1.33893,0.95,435493.78
0.25,102,40,-1.71227,0.71,524271.0
0.25,102,41,0.61014,0.895,487338.07
0.25,102,42,-1.63753,0.71,524271.0
0.25,102,43,1.33893,0.95,435493.78
0.25,102,44,0.71621,0.895,479851.04
0.25,102,45,-1.63753,0.71,524271.0
0.25,102,46,-1.63753,0.71,524271.0
0.25,102,47,-1.63753,0.71,524271.0
0.25,102,48,-1.71227,0.71,524271.0
0.25,102,49,-1.61025,0.71,524271.0
0.25,102,50,-1.63753,0.71,524271.0
0.25,102,51,-1.63753,0.71,524271.0
0.25,102,52,1.33893,0.95,435493.78
0.25,102,53,1.33893,0.95,435493.78
0.25,102,54,-1.71227,0.71,524271.0
0.25,102,55,-1.63753,0.71,524271.0
0.25,102,56,-1.71227,0.71,524271.0
0.25,102,57,1.39354,0.95,479851.04
0.25,102,58,1.33893,0.95,435493.78
0.25,102,59,1.33893,0.95,435493.78
0.25,102,60,-1.63753,0.71,524271.0
0.25,102,61,0.762,0.885,507924.18
0.25,102,62,-1.63753,0.71,524271.0
0.25,102,63,-2.01418,0.715,469883.84
0.25,102,64,-1.72148,0.71,524271.0
0.25,102,65,1.18298,0.95,456079.9
0.25,102,66,1.33893,0.95,435493.78
0.25,102,67,-1.72148,0.71,524271.0
0.25,102,68,-1.63753,0.71,524271.0
0.25,102,69,-1.63753,0.71,524271.0
0.25,102,70,-1.63753,0.71,524271.0
0.25,102,71,1.33893,0.95,435493.78
0.25,102,72,1.33893,0.95,435493.78
0.25,102,73,1.33893,0.95,435493.78
0.25,102,74,-1.63753,0.71,524271.0
0.25,102,75,0.71621,0.895,479851.04
0.25,102,76,1.33893,0.95,435493.78
0.25,102,77,1.33893,0.95,435493.78
0.25,102,78,1.33893,0.95,435493.78
0.25,102,79,-1.63753,0.71,524271.0
0.25,102,80,-1.63753,0.71,524271.0
0.25,102,81,1.33893,0.95,435493.78
0.25,102,82,1.33893,0.95,435493.78
0.25,102,83,-1.63753,0.71,524271.0
0.25,102,84,-1.63753,0.71,524271.0
0.25,102,85,1.33893,0.95,435493.78
0.25,102,86,1.33893,0.95,435493.78
0.25,102,87,0.71621,0.895,479851.04
0.25,102,88,-1.72148,0.71,524271.0
0.25,102,89,-1.72148,0.71,524271.0
0.25,102,90,1.33893,0.95,435493.78
0.25,102,91,0.53111,0.885,500437.15
0.25,102,92,-1.74115,0.645,514241.09
0.25,102,93,1.33893,0.95,435493.78
0.25,102,94,-1.63753,0.71,524271.0
0.25,102,95,-1.63753,0.71,524271.0
0.25,102,96,1.33893,0.95,435493.78
0.25,102,97,-2.01418,0.715,469883.84
0.25,102,98,0.61014,0.895,487338.07
0.25,102,99,1.33893,0.95,435493.78
0.25,102,100,-1.63753,0.71,524271.0
0.25,102,101,-1.63753,0.71,524271.0
0.25,102,102,0.71621,0.895,479851.04
0.25,102,103,1.33893,0.95,435493.78
0.25,102,104,1.33893,0.95,435493.78
0.25,102,105,0.61014,0.895,487338.07
0.25,102,106,-1.71227,0.71,524271.0
0.25,102,107,1.33893,0.95,435493.78
0.25,102,108,-1.70727,0.71,524271.0
0.25,102,109,1.33893,0.95,435493.78
0.25,102,110,-1.72148,0.71,524271.0
0.25,102,111,-1.63753,0.71,524271.0
0.25,102,112,-1.63753,0.71,524271.0
0.25,102,113,-1.61025,0.71,524271.0
0.25,102,114,-1.70727,0.71,524271.0
0.25,102,115,-1.63753,0.71,524271.0
0.25,102,116,2.20541,0.95,474131.11
0.25,102,117,-1.63753,0.71,524271.0
0.25,102,118,-1.70727,0.71,524271.0
0.25,102,119,-1.72148,0.71,524271.0
0.25,102,120,1.33893,0.95,435493.78
0.25,102,121,1.33893,0.95,435493.78
0.25,102,122,1.33893,0.95,435493.78
0.25,102,123,-1.70727,0.71,524271.0
0.25,102,124,0.71621,0.895,479851.04
0.25,102,125,1.33893,0.95,435493.78
0.25,102,126,1.33893,0.95,435493.78
0.25,102,127,-1.70727,0.71,524271.0
0.25,102,128,-1.63753,0.71,524271.0
0.25,102,129,1.18298,0.95,456079.9
0.25,102,130,-1.63753,0.71,524271.0
0.25,102,131,-1.63753,0.71,524271.0
0.25,102,132,-1.63753,0.71,524271.0
0.25,102,133,1.33893,0.95,435493.78
0.25,102,134,-1.72148,0.71,524271.0
0.25,102,135,-1.71227,0.71,524271.0
0.25,102,136,1.33893,0.95,435493.78
0.25,102,137,1.33893,0.95,435493.78
0.25,102,138,-1.63753,0.71,524271.0
0.25,102,139,0.2377,0.885,507924.18
0.25,102,140,-1.61025,0.71,524271.0
0.25,102,141,-1.61025,0.71,524271.0
0.25,102,142,1.33893,0.95,435493.78
0.25,102,143,-1.63753,0.71,524271.0
0.25,102,144,1.33893,0.95,435493.78
0.25,102,145,-1.72148,0.71,524271.0
0.25,102,146,-1.63753,0.71,524271.0
0.25,102,147,-2.00555,0.715,490469.95
0.25,102,148,-1.61025,0.71,524271.0
0.25,102,149,1.33893,0.95,435493.78
0.25,102,150,0.42017,0.885,507924.18
0.25,102,151,-1.63753,0.71,524271.0
0.25,102,152,1.33893,0.95,435493.78
0.25,102,153,-1.71227,0.71,524271.0
0.25,102,154,-1.63753,0.71,524271.0
0.25,102,155,1.33893,0.95,435493.78
0.25,102,156,1.33893,0.95,435493.78
0.25,102,157,-1.72148,0.71,524271.0
0.25,102,158,0.71621,0.895,479851.04
0.25,102,159,-1.72148,0.71,524271.0
0.25,102,160,1.33893,0.95,435493.78
0.25,102,161,-1.63753,0.71,524271.0
0.25,102,162,-1.63753,0.71,524271.0
0.25,102,163,1.33893,0.95,435493.78
0.25,102,164,-1.71227,0.71,524271.0
0.25,102,165,-2.37805,0.675,433188.49
0.25,102,166,1.18298,0.95,456079.9
0.25,102,167,0.42017,0.885,507924.18
0.25,102,168,2.20541,0.95,474131.11
0.25,102,169,1.33893,0.95,435493.78
0.25,102,170,-1.63753,0.71,524271.0
0.25,102,171,-1.72148,0.71,524271.0
0.25,102,172,1.33893,0.95,435493.78
0.25,102,173,-1.72148,0.71,524271.0
0.25,102,174,-1.71227,0.71,524271.0
0.25,102,175,-0.00929,0.885,527402.88
0.25,102,176,-1.70727,0.71,524271.0
0.25,102,177,-1.72148,0.71,524271.0
0.25,102,178,1.33893,0.95,435493.78
0.25,102,179,1.21169,0.95,487338.07
0.25,102,180,-1.72148,0.71,524271.0
0.25,102,181,-1.61025,0.71,524271.0
0.25,102,182,-0.00929,0.885,527402.88
0.25,102,183,1.33893,0.95,435493.78
0.25,102,184,-2.00555,0.715,490469.95
0.25,102,185,-1.63753,0.71,524271.0
0.25,102,186,1.18298,0.95,456079.9
0.25,102,187,-1.74115,0.645,514241.09
0.25,102,188,1.33893,0.95,435493.78
0.25,102,189,1.18298,0.95,456079.9
0.25,102,190,1.33893,0.95,435493.78
0.25,102,191,-1.63753,0.71,524271.0
0.25,102,192,1.33893,0.95,435493.78
0.25,102,193,1.18298,0.95,456079.9
0.25,102,194,1.33893,0.95,435493.78
0.25,102,195,0.2377,0.885,507924.18
0.25,102,196,-1.63753,0.71,524271.0
0.25,102,197,-1.63753,0.71,524271.0
0.25,102,198,-1.63753,0.71,524271.0
0.25,102,199,-1.63753,0.71,524271.0
0.25,102,200,-1.63753,0.71,524271.0
0.25,103,1,-1.35295,1.0,565771.9
0.25,103,2,-1.27394,1.0,565771.9
0.25,103,3,-1.27394,1.0,565771.9
0.25,103,4,-1.27394,1.0,565771.9
0.25,103,5,0.58521,0.965,438633.01
0.25,103,6,-1.27394,1.0,565771.9
0.25,103,7,0.58521,0.965,438633.01
0.25,103,8,-1.27394,1.0,565771.9
0.25,103,9,-1.27394,1.0,565771.9
0.25,103,10,-1.27394,1.0,565771.9
0.25,103,11,0.58521,0.965,438633.01
0.25,103,12,-1.27394,1.0,565771.9
0.25,103,13,-1.27394,1.0,565771.9
0.25,103,14,0.58521,0.965,438633.01
0.25,103,15,-1.27394,1.0,565771.9
0.25,103,16,0.58521,0.965,438633.01
0.25,103,17,-1.35295,1.0,565771.9
0.25,103,18,-1.27394,1.0,565771.9
0.25,103,19,0.58521,0.965,438633.01
0.25,103,20,-1.27394,1.0,565771.9
0.25,103,21,-1.35295,1.0,565771.9
0.25,103,22,-1.27394,1.0,565771.9
0.25,103,23,-1.35295,1.0,565771.9
0.25,103,24,-1.27394,1.0,565771.9
0.25,103,25,-1.35295,1.0,565771.9
0.25,103,26,0.58521,0.965,438633.01
0.25,103,27,0.58521,0.965,438633.01
0.25,103,28,-1.27394,1.0,565771.9
0.25,103,29,-1.27394,1.0,565771.9
0.25,103,30,-1.27394,1.0,565771.9
0.25,103,31,-1.35295,1.0,565771.9
0.25,103,32,-1.38018,1.0,544431.46
0.25,103,33,-1.27394,1.0,565771.9
0.25,103,34,-1.27394,1.0,565771.9
0.25,103,35,-1.27394,1.0,565771.9
0.25,103,36,0.58521,0.965,438633.01
0.25,103,37,-1.27394,1.0,565771.9
0.25,103,38,-1.27394,1.0,565771.9
0.25,103,39,0.58521,0.965,438633.01
0.25,103,40,-1.27394,1.0,565771.9
0.25,103,41,0.58521,0.965,438633.01
0.25,103,42,-1.27394,1.0,565771.9
0.25,103,43,-1.35295,1.0,565771.9
0.25,103,44,-1.35295,1.0,565771.9
0.25,103,45,-1.27394,1.0,565771.9
0.25,103,46,-1.35295,1.0,565771.9
0.25,103,47,-1.35295,1.0,565771.9
0.25,103,48,-1.35295,1.0,565771.9
0.25,103,49,-1.27394,1.0,565771.9
0.25,103,50,-1.27394,1.0,565771.9
0.25,103,51,-1.27394,1.0,565771.9
0.25,103,52,0.58521,0.965,438633.01
0.25,103,53,0.58521,0.965,438633.01
0.25,103,54,-1.27394,1.0,565771.9
0.25,103,55,-1.27394,1.0,565771.9
0.25,103,56,-1.27394,1.0,565771.9
0.25,103,57,-1.27394,1.0,565771.9
0.25,103,58,-1.27394,1.0,565771.9
0.25,103,59,-1.27394,1.0,565771.9
0.25,103,60,0.58521,0.965,438633.01
0.25,103,61,-1.27394,1.0,565771.9
0.25,103,62,-1.35295,1.0,565771.9
0.25,103,63,0.58521,0.965,438633.01
0.25,103,64,-1.27394,1.0,565771.9
0.25,103,65,0.58521,0.965,438633.01
0.25,103,66,-1.35295,1.0,565771.9
0.25,103,67,-1.27394,1.0,565771.9
0.25,103,68,-0.87706,0.855,407170.49
0.25,103,69,-1.27394,1.0,565771.9
0.25,103,70,0.58521,0.965,438633.01
0.25,103,71,0.05221,0.93,506863.87
0.25,103,72,-1.27394,1.0,565771.9
0.25,103,73,0.58521,0.965,438633.01
0.25,103,74,-1.27394,1.0,565771.9
0.25,103,75,-1.27394,1.0,565771.9
0.25,103,76,0.58521,0.965,438633.01
0.25,103,77,-1.27394,1.0,565771.9
0.25,103,78,-1.27394,1.0,565771.9
0.25,103,79,-1.27394,1.0,565771.9
0.25,103,80,0.58521,0.965,438633.01
0.25,103,81,0.58521,0.965,438633.01
0.25,103,82,-1.27394,1.0,565771.9
0.25,103,83,0.16436,1.0,544093.78
0.25,103,84,-2.24163,0.715,461661.0
0.25,103,85,0.58521,0.965,438633.01
0.25,103,86,-1.35295,1.0,565771.9
0.25,103,87,-1.27394,1.0,565771.9
0.25,103,88,0.58521,0.965,438633.01
0.25,103,89,-1.27394,1.0,565771.9
0.25,103,90,0.58521,0.965,438633.01
0.25,103,91,-1.27394,1.0,565771.9
0.25,103,92,0.58521,0.965,438633.01
0.25,103,93,-1.27394,1.0,565771.9
0.25,103,94,-1.27394,1.0,565771.9
0.25,103,95,0.58521,0.965,438633.01
0.25,103,96,-1.27394,1.0,565771.9
0.25,103,97,0.58521,0.965,438633.01
0.25,103,98,-1.27394,1.0,565771.9
0.25,103,99,0.58521,0.965,438633.01
0.25,103,100,-1.27394,1.0,565771.9
0.25,103,101,0.58521,0.965,438633.01
0.25,103,102,-1.27394,1.0,565771.9
0.25,103,103,0.58521,0.965,438633.01
0.25,103,104,-1.27394,1.0,565771.9
0.25,103,105,-1.27394,1.0,565771.9
0.25,103,106,-1.35295,1.0,565771.9
0.25,103,107,0.58521,0.965,438633.01
0.25,103,108,0.58521,0.965,438633.01
0.25,103,109,-1.27394,1.0,565771.9
0.25,103,110,-1.27394,1.0,565771.9
0.25,103,111,0.58521,0.965,438633.01
0.25,103,112,-1.27394,1.0,565771.9
0.25,103,113,-0.2257,0.93,495853.49
0.25,103,114,-1.27394,1.0,565771.9
0.25,103,115,0.58521,0.965,438633.01
0.25,103,116,0.58521,0.965,438633.01
0.25,103,117,-1.27394,1.0,565771.9
0.25,103,118,-1.27394,1.0,565771.9
0.25,103,119,-1.27394,1.0,565771.9
0.25,103,120,-1.27394,1.0,565771.9
0.25,103,121,-1.35295,1.0,565771.9
0.25,103,122,-1.27394,1.0,565771.9
0.25,103,123,-1.27394,1.0,565771.9
0.25,103,124,-1.27394,1.0,565771.9
0.25,103,125,-1.27394,1.0,565771.9
0.25,103,126,-1.27394,1.0,565771.9
0.25,103,127,-1.27394,1.0,565771.9
0.25,103,128,-0.87706,0.855,407170.49
0.25,103,129,-1.27394,1.0,565771.9
0.25,103,130,-1.27394,1.0,565771.9
0.25,103,131,-1.27394,1.0,565771.9
0.25,103,132,0.34416,0.965,459973.45
0.25,103,133,-1.27394,1.0,565771.9
0.25,103,134,-1.27394,1.0,565771.9
0.25,103,135,-1.27394,1.0,565771.9
0.25,103,136,-1.27394,1.0,565771.9
0.25,103,137,0.58521,0.965,438633.01
0.25,103,138,-1.27394,1.0,565771.9
0.25,103,139,-1.27394,1.0,565771.9
0.25,103,140,-1.27394,1.0,565771.9
0.25,103,141,-1.27394,1.0,565771.9
0.25,103,142,-1.27394,1.0,565771.9
0.25,103,143,-1.27394,1.0,565771.9
0.25,103,144,-1.27394,1.0,565771.9
0.25,103,145,0.58521,0.965,438633.01
0.25,103,146,0.58521,0.965,438633.01
0.25,103,147,-1.27394,1.0,565771.9
0.25,103,148,-1.27394,1.0,565771.9
0.25,103,149,-1.27394,1.0,565771.9
0.25,103,150,-1.27394,1.0,565771.9
0.25,103,151,-1.35295,1.0,565771.9
0.25,103,152,-2.14539,0.715,440966.6
0.25,103,153,0.58521,0.965,438633.01
0.25,103,154,-1.27394,1.0,565771.9
0.25,103,155,-1.27394,1.0,565771.9
0.25,103,156,-1.27394,1.0,565771.9
0.25,103,157,-1.27394,1.0,565771.9
0.25,103,158,0.58521,0.965,438633.01
0.25,103,159,-1.27394,1.0,565771.9
0.25,103,160,0.58521,0.965,438633.01
0.25,103,161,0.58521,0.965,438633.01
0.25,103,162,-1.35295,1.0,565771.9
0.25,103,163,-1.27394,1.0,565771.9
0.25,103,164,-1.27394,1.0,565771.9
0.25,103,165,-1.27394,1.0,565771.9
0.25,103,166,0.58521,0.965,438633.01
0.25,103,167,-1.27394,1.0,565771.9
0.25,103,168,-1.27394,1.0,565771.9
0.25,103,169,-1.35295,1.0,565771.9
0.25,103,170,-1.27394,1.0,565771.9
0.25,103,171,0.58521,0.965,438633.01
0.25,103,172,-1.27394,1.0,565771.9
0.25,103,173,-1.27394,1.0,565771.9
0.25,103,174,-1.27394,1.0,565771.9
0.25,103,175,-1.27394,1.0,565771.9
0.25,103,176,-1.27394,1.0,565771.9
0.25,103,177,-1.27394,1.0,565771.9
0.25,103,178,-1.05154,1.0,542743.91
0.25,103,179,-0.2257,0.93,495853.49
0.25,103,180,-1.27394,1.0,565771.9
0.25,103,181,-2.14539,0.715,440966.6
0.25,103,182,-1.27394,1.0,565771.9
0.25,103,183,-1.27394,1.0,565771.9
0.25,103,184,-1.27394,1.0,565771.9
0.25,103,185,0.58521,0.965,438633.01
0.25,103,186,-1.27394,1.0,565771.9
0.25,103,187,-1.27394,1.0,565771.9
0.25,103,188,0.64433,1.0,544093.78
0.25,103,189,0.58521,0.965,438633.01
0.25,103,190,-1.27394,1.0,565771.9
0.25,103,191,-1.27394,1.0,565771.9
0.25,103,192,-1.35295,1.0,565771.9
0.25,103,193,-1.27394,1.0,565771.9
0.25,103,194,0.58521,0.965,438633.01
0.25,103,195,0.64433,1.0,544093.78
0.25,103,196,-1.35295,1.0,565771.9
0.25,103,197,-1.27394,1.0,565771.9
0.25,103,198,-1.27394,1.0,565771.9
0.25,103,199,0.64433,1.0,544093.78
0.25,103,200,-1.27394,1.0,565771.9
0.25,105,1,1.22787,0.955,453285.27
0.25,105,2,-1.25654,0.895,556338.99
0.25,105,3,-1.25654,0.895,556338.99
0.25,105,4,1.22787,0.955,453285.27
0.25,105,5,1.22787,0.955,453285.27
0.25,105,6,1.22787,0.955,453285.27
0.25,105,7,0.37229,0.925,507755.74
0.25,105,8,1.22787,0.955,453285.27
0.25,105,9,-1.25654,0.895,556338.99
0.25,105,10,-1.25654,0.895,556338.99
0.25,105,11,-1.25654,0.895,556338.99
0.25,105,12,-1.71055,0.74,501868.52
0.25,105,13,-1.25654,0.895,556338.99
0.25,105,14,-1.25654,0.895,556338.99
0.25,105,15,1.22787,0.955,453285.27
0.25,105,16,-1.25654,0.895,556338.99
0.25,105,17,-1.25654,0.895,556338.99
0.25,105,18,1.68572,0.955,513444.05
0.25,105,19,0.67528,0.955,493767.93
0.25,105,20,1.22787,0.955,453285.27
0.25,105,21,-1.25654,0.895,556338.99
0.25,105,22,-1.25654,0.895,556338.99
0.25,105,23,-1.25654,0.895,556338.99
0.25,105,24,-1.25654,0.895,556338.99
0.25,105,25,0.95508,0.955,472961.39
0.25,105,26,-1.25654,0.895,556338.99
0.25,105,27,-1.25654,0.895,556338.99
0.25,105,28,0.404,0.925,496781.98
0.25,105,29,-1.25654,0.895,556338.99
0.25,105,30,-1.25654,0.895,556338.99
0.25,105,31,-1.25654,0.895,556338.99
0.25,105,32,-1.25654,0.895,556338.99
0.25,105,33,-1.25654,0.895,556338.99
0.25,105,34,1.22787,0.955,453285.27
0.25,105,35,-1.25654,0.895,556338.99
0.25,105,36,-1.25654,0.895,556338.99
0.25,105,37,-1.38517,0.79,536662.87
0.25,105,38,-1.25654,0.895,556338.99
0.25,105,39,-1.25654,0.895,556338.99
0.25,105,40,-1.34069,0.895,556338.99
0.25,105,41,-1.25654,0.895,556338.99
0.25,105,42,1.22787,0.955,453285.27
0.25,105,43,1.22787,0.955,453285.27
0.25,105,44,-1.25654,0.895,556338.99
0.25,105,45,-1.25654,0.895,556338.99
0.25,105,46,-1.25654,0.895,556338.99
0.25,105,47,-1.25654,0.895,556338.99
0.25,105,48,-1.25654,0.895,556338.99
0.25,105,49,-1.25654,0.895,556338.99
0.25,105,50,-1.25654,0.895,556338.99
0.25,105,51,-1.25654,0.895,556338.99
0.25,105,52,0.404,0.925,496781.98
0.25,105,53,1.68572,0.955,513444.05
0.25,105,54,1.22787,0.955,453285.27
0.25,105,55,1.22787,0.955,453285.27
0.25,105,56,0.95508,0.955,472961.39
0.25,105,57,1.22787,0.955,453285.27
0.25,105,58,0.404,0.925,496781.98
0.25,105,59,-1.25654,0.895,556338.99
0.25,105,60,-1.25654,0.895,556338.99
0.25,105,61,1.22787,0.955,453285.27
0.25,105,62,1.22787,0.955,453285.27
0.25,105,63,1.22787,0.955,453285.27
0.25,105,64,-1.25654,0.895,556338.99
0.25,105,65,-1.25654,0.895,556338.99
0.25,105,66,-1.25654,0.895,556338.99
0.25,105,67,1.22787,0.955,453285.27
0.25,105,68,-1.25654,0.895,556338.99
0.25,105,69,-1.25654,0.895,556338.99
0.25,105,70,1.68572,0.955,513444.05
0.25,105,71,-1.25654,0.895,556338.99
0.25,105,72,1.22787,0.955,453285.27
0.25,105,73,1.22787,0.955,453285.27
0.25,105,74,1.52063,0.955,493767.93
0.25,105,75,-0.64525,0.78,402177.0
0.25,105,76,1.22787,0.955,453285.27
0.25,105,77,-1.25654,0.895,556338.99
0.25,105,78,1.22787,0.955,453285.27
0.25,105,79,-1.25654,0.895,556338.99
0.25,105,80,0.37229,0.925,507755.74
0.25,105,81,-1.25654,0.895,556338.99
0.25,105,82,-1.25654,0.895,556338.99
0.25,105,83,-1.25654,0.895,556338.99
0.25,105,84,-1.25654,0.895,556338.99
0.25,105,85,-1.25654,0.895,556338.99
0.25,105,86,-1.25654,0.895,556338.99
0.25,105,87,-1.25654,0.895,556338.99
0.25,105,88,-1.25654,0.895,556338.99
0.25,105,89,1.22787,0.955,453285.27
0.25,105,90,0.07164,0.895,527431.86
0.25,105,91,-1.25654,0.895,556338.99
0.25,105,92,1.22787,0.955,453285.27
0.25,105,93,-1.25654,0.895,556338.99
0.25,105,94,-1.25654,0.895,556338.99
0.25,105,95,-1.25654,0.895,556338.99
0.25,105,96,-1.25654,0.895,556338.99
0.25,105,97,-1.25654,0.895,556338.99
0.25,105,98,-1.25654,0.895,556338.99
0.25,105,99,-1.25654,0.895,556338.99
0.25,105,100,-1.25654,0.895,556338.99
0.25,105,101,-1.25654,0.895,556338.99
0.25,105,102,-0.51291,0.895,551252.45
0.25,105,103,-1.25654,0.895,556338.99
0.25,105,104,-1.25654,0.895,556338.99
0.25,105,105,-1.25654,0.895,556338.99
0.25,105,106,1.22787,0.955,453285.27
0.25,105,107,1.22787,0.955,453285.27
0.25,105,108,-1.25654,0.895,556338.99
0.25,105,109,1.22787,0.955,453285.27
0.25,105,110,-0.51291,0.895,551252.45
0.25,105,111,0.10892,0.895,516458.1
0.25,105,112,-1.25654,0.895,556338.99
0.25,105,113,1.22787,0.955,453285.27
0.25,105,114,-1.25654,0.895,556338.99
0.25,105,115,-1.25654,0.895,556338.99
0.25,105,116,-1.25654,0.895,556338.99
0.25,105,117,-1.25654,0.895,556338.99
0.25,105,118,-1.25654,0.895,556338.99
0.25,105,119,0.404,0.925,496781.98
0.25,105,120,-1.25654,0.895,556338.99
0.25,105,121,1.22787,0.955,453285.27
0.25,105,122,-1.25654,0.895,556338.99
0.25,105,123,-1.25654,0.895,556338.99
0.25,105,124,-1.25654,0.895,556338.99
0.25,105,125,0.404,0.925,496781.98
0.25,105,126,1.22787,0.955,453285.27
0.25,105,127,-1.34069,0.895,556338.99
0.25,105,128,-1.25654,0.895,556338.99
0.25,105,129,1.22787,0.955,453285.27
0.25,105,130,-1.25654,0.895,556338.99
0.25,105,131,-1.34069,0.895,556338.99
0.25,105,132,-1.25654,0.895,556338.99
0.25,105,133,-1.34069,0.895,556338.99
0.25,105,134,1.22787,0.955,453285.27
0.25,105,135,-1.34069,0.895,556338.99
0.25,105,136,0.95508,0.955,472961.39
0.25,105,137,-1.25654,0.895,556338.99
0.25,105,138,1.22787,0.955,453285.27
0.25,105,139,-1.34069,0.895,556338.99
0.25,105,140,-1.25654,0.895,556338.99
0.25,105,141,0.88447,0.955,507755.74
0.25,105,142,1.22787,0.955,453285.27
0.25,105,143,0.10892,0.895,516458.1
0.25,105,144,-1.25654,0.895,556338.99
0.25,105,145,-1.25654,0.895,556338.99
0.25,105,146,0.37229,0.925,507755.74
0.25,105,147,1.22787,0.955,453285.27
0.25,105,148,-1.25654,0.895,556338.99
0.25,105,149,0.95508,0.955,472961.39
0.25,105,150,1.22787,0.955,453285.27
0.25,105,151,-1.25654,0.895,556338.99
0.25,105,152,1.22787,0.955,453285.27
0.25,105,153,-1.25654,0.895,556338.99
0.25,105,154,1.22787,0.955,453285.27
0.25,105,155,1.22787,0.955,453285.27
0.25,105,156,0.67528,0.955,493767.93
0.25,105,157,-1.25654,0.895,556338.99
0.25,105,158,-1.25654,0.895,556338.99
0.25,105,159,-1.25654,0.895,556338.99
0.25,105,160,-1.34069,0.895,556338.99
0.25,105,161,-1.25654,0.895,556338.99
0.25,105,162,-1.25654,0.895,556338.99
0.25,105,163,1.22787,0.955,453285.27
0.25,105,164,-1.25654,0.895,556338.99
0.25,105,165,-1.25654,0.895,556338.99
0.25,105,166,-1.25654,0.895,556338.99
0.25,105,167,1.22787,0.955,453285.27
0.25,105,168,-1.25654,0.895,556338.99
0.25,105,169,1.22787,0.955,453285.27
0.25,105,170,-1.25654,0.895,556338.99
0.25,105,171,-1.25654,0.895,556338.99
0.25,105,172,-1.25654,0.895,556338.99
0.25,105,173,-1.25654,0.895,556338.99
0.25,105,174,-1.25654,0.895,556338.99
0.25,105,175,-1.25654,0.895,556338.99
0.25,105,176,1.22787,0.955,453285.27
0.25,105,177,0.96241,0.955,496781.98
0.25,105,178,1.22787,0.955,453285.27
0.25,105,179,-1.25654,0.895,556338.99
0.25,105,180,-1.25654,0.895,556338.99
0.25,105,181,-2.49731,0.695,440556.86
0.25,105,182,-1.25654,0.895,556338.99
0.25,105,183,1.22787,0.955,453285.27
0.25,105,184,-1.25654,0.895,556338.99
0.25,105,185,1.22787,0.955,453285.27
0.25,105,186,1.22787,0.955,453285.27
0.25,105,187,0.404,0.925,496781.98
0.25,105,188,1.22787,0.955,453285.27
0.25,105,189,-1.25654,0.895,556338.99
0.25,105,190,-1.25654,0.895,556338.99
0.25,105,191,1.22787,0.955,453285.27
0.25,105,192,1.22787,0.955,453285.27
0.25,105,193,0.95508,0.955,472961.39
0.25,105,194,-1.25654,0.895,556338.99
0.25,105,195,-1.25654,0.895,556338.99
0.25,105,196,-1.25654,0.895,556338.99
0.25,105,197,-1.25654,0.895,556338.99
0.25,105,198,-1.25654,0.895,556338.99
0.25,105,199,1.22787,0.955,453285.27
0.25,105,200,0.37229,0.925,507755.74
0.25,107,1,1.18093,0.955,454868.37
0.25,107,2,-1.56878,0.885,558938.13
0.25,107,3,-1.56878,0.885,558938.13
0.25,107,4,-1.12455,0.765,393036.35
0.25,107,5,-1.56878,0.885,558938.13
0.25,107,6,-1.56878,0.885,558938.13
0.25,107,7,-1.56878,0.885,558938.13
0.25,107,8,-1.54818,0.885,558938.13
0.25,107,9,1.69972,0.955,517301.15
0.25,107,10,-1.56878,0.885,558938.13
0.25,107,11,-1.84132,0.885,555524.66
0.25,107,12,-1.71116,0.885,558938.13
0.25,107,13,0.47075,0.955,501158.48
0.25,107,14,1.18093,0.955,454868.37
0.25,107,15,-0.42318,1.0,557747.2
0.25,107,16,-1.56878,0.885,558938.13
0.25,107,17,-1.56878,0.885,558938.13
0.25,107,18,-1.56878,0.885,558938.13
0.25,107,19,1.18093,0.955,454868.37
0.25,107,20,-1.56878,0.885,558938.13
0.25,107,21,-1.56878,0.885,558938.13
0.25,107,22,-1.56878,0.885,558938.13
0.25,107,23,-1.54818,0.885,558938.13
0.25,107,24,1.18093,0.955,454868.37
0.25,107,25,-1.56878,0.885,558938.13
0.25,107,26,-1.56878,0.885,558938.13
0.25,107,27,-1.56878,0.885,558938.13
0.25,107,28,-1.56878,0.885,558938.13
0.25,107,29,1.18093,0.955,454868.37
0.25,107,30,-1.56878,0.885,558938.13
0.25,107,31,1.18093,0.955,454868.37
0.25,107,32,-1.71116,0.885,558938.13
0.25,107,33,1.18093,0.955,454868.37
0.25,107,34,1.18093,0.955,454868.37
0.25,107,35,1.18093,0.955,454868.37
0.25,107,36,0.47075,0.955,501158.48
0.25,107,37,-0.33098,1.0,556715.59
0.25,107,38,-2.10222,0.765,529429.59
0.25,107,39,-1.56878,0.885,558938.13
0.25,107,40,-1.71116,0.885,558938.13
0.25,107,41,-1.71116,0.885,558938.13
0.25,107,42,-1.71116,0.885,558938.13
0.25,107,43,0.44457,0.955,511457.09
0.25,107,44,-1.56878,0.885,558938.13
0.25,107,45,-1.56878,0.885,558938.13
0.25,107,46,-1.56878,0.885,558938.13
0.25,107,47,1.18093,0.955,454868.37
0.25,107,48,1.18093,0.955,454868.37
0.25,107,49,-1.54818,0.885,558938.13
0.25,107,50,0.66954,0.955,497106.1
0.25,107,51,-1.56878,0.885,558938.13
0.25,107,52,-1.56878,0.885,558938.13
0.25,107,53,-1.56878,0.885,558938.13
0.25,107,54,-1.56878,0.885,558938.13
0.25,107,55,0.44457,0.955,511457.09
0.25,107,56,-1.56878,0.885,558938.13
0.25,107,57,-1.72739,0.885,558938.13
0.25,107,58,-1.56878,0.885,558938.13
0.25,107,59,-1.56878,0.885,558938.13
0.25,107,60,-1.72739,0.885,558938.13
0.25,107,61,-2.55867,0.715,450273.04
0.25,107,62,-1.56878,0.885,558938.13
0.25,107,63,1.18093,0.955,454868.37
0.25,107,64,-1.56878,0.885,558938.13
0.25,107,65,-1.71116,0.885,558938.13
0.25,107,66,1.18093,0.955,454868.37
0.25,107,67,-1.56878,0.885,558938.13
0.25,107,68,-1.54818,0.885,558938.13
0.25,107,69,-1.56878,0.885,558938.13
0.25,107,70,-1.84132,0.885,555524.66
0.25,107,71,-1.56878,0.885,558938.13
0.25,107,72,1.18093,0.955,454868.37
0.25,107,73,-1.56878,0.885,558938.13
0.25,107,74,1.18093,0.955,454868.37
0.25,107,75,-1.56878,0.885,558938.13
0.25,107,76,-1.56878,0.885,558938.13
0.25,107,77,-0.94158,0.77,413231.39
0.25,107,78,-1.56878,0.885,558938.13
0.25,107,79,0.44457,0.955,511457.09
0.25,107,80,-1.72739,0.885,558938.13
0.25,107,81,1.18093,0.955,454868.37
0.25,107,82,1.18093,0.955,454868.37
0.25,107,83,-1.56878,0.885,558938.13
0.25,107,84,-0.94158,0.77,413231.39
0.25,107,85,-1.71116,0.885,558938.13
0.25,107,86,1.18093,0.955,454868.37
0.25,107,87,-1.72739,0.885,558938.13
0.25,107,88,-1.71116,0.885,558938.13
0.25,107,89,-1.56878,0.885,558938.13
0.25,107,90,1.18093,0.955,454868.37
0.25,107,91,-1.67158,0.885,558938.13
0.25,107,92,-1.71116,0.885,558938.13
0.25,107,93,1.18093,0.955,454868.37
0.25,107,94,1.18093,0.955,454868.37
0.25,107,95,1.69972,0.955,517301.15
0.25,107,96,-1.72739,0.885,558938.13
0.25,107,97,-1.56878,0.885,558938.13
0.25,107,98,-1.56878,0.885,558938.13
0.25,107,99,-1.72739,0.885,558938.13
0.25,107,100,-2.10222,0.765,529429.59
0.25,107,101,-1.71116,0.885,558938.13
0.25,107,102,-1.12455,0.765,393036.35
0.25,107,103,1.18093,0.955,454868.37
0.25,107,104,-1.56878,0.885,558938.13
0.25,107,105,1.18093,0.955,454868.37
0.25,107,106,-1.56878,0.885,558938.13
0.25,107,107,1.18093,0.955,454868.37
0.25,107,108,1.18093,0.955,454868.37
0.25,107,109,-1.56878,0.885,558938.13
0.25,107,110,-1.69344,0.765,450273.04
0.25,107,111,1.18093,0.955,454868.37
0.25,107,112,-1.56878,0.885,558938.13
0.25,107,113,-2.17796,0.765,498935.94
0.25,107,114,-1.56878,0.885,558938.13
0.25,107,115,-1.56878,0.885,558938.13
0.25,107,116,1.18093,0.955,454868.37
0.25,107,117,1.69972,0.955,517301.15
0.25,107,118,-1.56878,0.885,558938.13
0.25,107,119,-1.56878,0.885,558938.13
0.25,107,120,1.18093,0.955,454868.37
0.25,107,121,-1.56878,0.885,558938.13
0.25,107,122,0.98068,0.955,511457.09
0.25,107,123,1.18093,0.955,454868.37
0.25,107,124,1.18093,0.955,454868.37
0.25,107,125,1.18093,0.955,454868.37
0.25,107,126,0.44457,0.955,511457.09
0.25,107,127,-1.56878,0.885,558938.13
0.25,107,128,1.18093,0.955,454868.37
0.25,107,129,-1.56878,0.885,558938.13
0.25,107,130,-1.56878,0.885,558938.13
0.25,107,131,-1.71116,0.885,558938.13
0.25,107,132,-1.56878,0.885,558938.13
0.25,107,133,-2.10222,0.765,529429.59
0.25,107,134,-1.56878,0.885,558938.13
0.25,107,135,1.69972,0.955,517301.15
0.25,107,136,0.47075,0.955,501158.48
0.25,107,137,0.47075,0.955,501158.48
0.25,107,138,-1.67158,0.885,558938.13
0.25,107,139,-1.56878,0.885,558938.13
0.25,107,140,1.18093,0.955,454868.37
0.25,107,141,-1.54818,0.885,558938.13
0.25,107,142,-1.56878,0.885,558938.13
0.25,107,143,-1.56878,0.885,558938.13
0.25,107,144,-1.56878,0.885,558938.13
0.25,107,145,1.18093,0.955,454868.37
0.25,107,146,1.18093,0.955,454868.37
0.25,107,147,-1.54818,0.885,558938.13
0.25,107,148,-1.56878,0.885,558938.13
0.25,107,149,1.18093,0.955,454868.37
0.25,107,150,-1.54818,0.885,558938.13
0.25,107,151,-1.56878,0.885,558938.13
0.25,107,152,-1.67158,0.885,558938.13
0.25,107,153,-1.56878,0.885,558938.13
0.25,107,154,1.18093,0.955,454868.37
0.25,107,155,0.16221,0.91,531652.13
0.25,107,156,-1.84132,0.885,555524.66
0.25,107,157,1.18093,0.955,454868.37
0.25,107,158,0.44457,0.955,511457.09
0.25,107,159,-1.56878,0.885,558938.13
0.25,107,160,1.18093,0.955,454868.37
0.25,107,161,1.18093,0.955,454868.37
0.25,107,162,-1.71116,0.885,558938.13
0.25,107,163,-1.71116,0.885,558938.13
0.25,107,164,1.69972,0.955,517301.15
0.25,107,165,1.18093,0.955,454868.37
0.25,107,166,-1.71116,0.885,558938.13
0.25,107,167,0.16221,0.91,531652.13
0.25,107,168,-1.56878,0.885,558938.13
0.25,107,169,1.69972,0.955,517301.15
0.25,107,170,1.18093,0.955,454868.37
0.25,107,171,1.18093,0.955,454868.37
0.25,107,172,-1.72739,0.885,558938.13
0.25,107,173,-1.72739,0.885,558938.13
0.25,107,174,-1.72739,0.885,558938.13
0.25,107,175,-1.56878,0.885,558938.13
0.25,107,176,-1.56878,0.885,558938.13
0.25,107,177,0.92884,0.955,475063.42
0.25,107,178,-1.71116,0.885,558938.13
0.25,107,179,1.18093,0.955,454868.37
0.25,107,180,-1.56878,0.885,558938.13
0.25,107,181,-1.49337,0.765,373489.27
0.25,107,182,-1.67158,0.885,558938.13
0.25,107,183,-0.3347,1.0,557747.2
0.25,107,184,-1.56878,0.885,558938.13
0.25,107,185,-1.56878,0.885,558938.13
0.25,107,186,1.18093,0.955,454868.37
0.25,107,187,1.18093,0.955,454868.37
0.25,107,188,-1.56878,0.885,558938.13
0.25,107,189,1.18093,0.955,454868.37
0.25,107,190,-0.94158,0.77,413231.39
0.25,107,191,-1.71116,0.885,558938.13
0.25,107,192,-1.56878,0.885,558938.13
0.25,107,193,-1.72739,0.885,558938.13
0.25,107,194,1.18093,0.955,454868.37
0.25,107,195,-1.56878,0.885,558938.13
0.25,107,196,1.18093,0.955,454868.37
0.25,107,197,-1.56878,0.885,558938.13
0.25,107,198,1.18093,0.955,454868.37
0.25,107,199,-1.56878,0.885,558938.13
0.25,107,200,-1.56878,0.885,558938.13
0.5,42,1,-1.96412,0.955,534836.34
0.5,42,2,0.99557,0.935,440977.07
0.5,42,3,0.44935,1.0,511963.41
0.5,42,4,0.20725,0.935,482936.01
0.5,42,5,0.14673,0.935,431797.05
0.5,42,6,-2.82124,0.735,502970.51
0.5,42,7,-1.6454,0.77,431430.23
0.5,42,8,0.79772,0.935,461550.46
0.5,42,9,2.01868,0.935,494329.37
0.5,42,10,-1.96412,0.955,534836.34
0.5,42,11,-1.96412,0.955,534836.34
0.5,42,12,-2.31364,0.955,534836.34
0.5,42,13,1.79264,0.935,473755.99
0.5,42,14,-0.73301,0.875,410856.85
0.5,42,15,0.20725,0.935,482936.01
0.5,42,16,-3.49431,0.955,515089.89
0.5,42,17,-1.96412,0.955,534836.34
0.5,42,18,-1.96412,0.955,534836.34
0.5,42,19,-1.6454,0.77,431430.23
0.5,42,20,0.99557,0.935,440977.07
0.5,42,21,-2.79485,0.955,515089.89
0.5,42,22,-1.96412,0.955,534836.34
0.5,42,23,1.39308,0.935,494329.37
0.5,42,24,0.99557,0.935,440977.07
0.5,42,25,-3.76403,0.66,502970.51
0.5,42,26,-2.28051,0.955,544929.45
0.5,42,27,0.99557,0.935,440977.07
0.5,42,28,-2.28051,0.955,544929.45
0.5,42,29,-2.33671,0.955,544929.45
0.5,42,30,0.99557,0.935,440977.07
0.5,42,31,-2.31364,0.955,534836.34
0.5,42,32,-2.31364,0.955,534836.34
0.5,42,33,0.99557,0.935,440977.07
0.5,42,34,-1.6454,0.77,431430.23
0.5,42,35,0.79772,0.935,461550.46
0.5,42,36,-0.11955,1.0,511963.41
0.5,42,37,2.01868,0.935,494329.37
0.5,42,38,-1.89093,0.955,534836.34
0.5,42,39,-3.90373,0.955,546416.83
0.5,42,40,-3.29128,0.955,523543.9
0.5,42,41,0.99557,0.935,440977.07
0.5,42,42,-2.33671,0.955,544929.45
0.5,42,43,0.99557,0.935,440977.07
0.5,42,44,0.10711,0.935,491390.02
0.5,42,45,0.99557,0.935,440977.07
0.5,42,46,-1.96412,0.955,534836.34
0.5,42,47,-2.31364,0.955,534836.34
0.5,42,48,-1.89093,0.955,534836.34
0.5,42,49,-3.76106,0.52,423343.04
0.5,42,50,-1.96412,0.955,534836.34
0.5,42,51,0.79772,0.935,461550.46
0.5,42,52,0.20725,0.935,482936.01
0.5,42,53,-2.33671,0.955,544929.45
0.5,42,54,-2.28051,0.955,544929.45
0.5,42,55,0.9025,0.935,491390.02
0.5,42,56,0.99557,0.935,440977.07
0.5,42,57,-1.6454,0.77,431430.23
0.5,42,58,0.99557,0.935,440977.07
0.5,42,59,-1.96412,0.955,534836.34
0.5,42,60,-1.6454,0.77,431430.23
0.5,42,61,-1.96412,0.955,534836.34
0.5,42,62,-2.31364,0.955,534836.34
0.5,42,63,-1.96412,0.955,534836.34
0.5,42,64,-1.96412,0.955,534836.34
0.5,42,65,-2.28051,0.955,544929.45
0.5,42,66,1.076,0.935,482936.01
0.5,42,67,0.99557,0.935,440977.07
0.5,42,68,-1.96412,0.955,534836.34
0.5,42,69,0.9025,0.935,491390.02
0.5,42,70,0.20725,0.935,482936.01
0.5,42,71,-2.76094,0.955,523543.9
0.5,42,72,0.79772,0.935,461550.46
0.5,42,73,1.076,0.935,482936.01
0.5,42,74,-2.33671,0.955,544929.45
0.5,42,75,-0.76344,0.875,400470.11
0.5,42,76,0.20725,0.935,482936.01
0.5,42,77,-2.28051,0.955,544929.45
0.5,42,78,-1.96412,0.955,534836.34
0.5,42,79,-0.76344,0.875,400470.11
0.5,42,80,-1.96412,0.955,534836.34
0.5,42,81,-1.96412,0.955,534836.34
0.5,42,82,0.99557,0.935,440977.07
0.5,42,83,0.99557,0.935,440977.07
0.5,42,84,0.79772,0.935,461550.46
0.5,42,85,0.44935,1.0,511963.41
0.5,42,86,-1.96412,0.955,534836.34
0.5,42,87,0.99557,0.935,440977.07
0.5,42,88,-1.96412,0.955,534836.34
0.5,42,89,2.01868,0.935,494329.37
0.5,42,90,2.01868,0.935,494329.37
0.5,42,91,-1.6454,0.77,431430.23
0.5,42,92,-2.18249,0.735,410856.85
0.5,42,93,-1.6454,0.77,431430.23
0.5,42,94,0.99557,0.935,440977.07
0.5,42,95,-2.25533,0.955,534836.34
0.5,42,96,0.99557,0.935,440977.07
0.5,42,97,-0.76344,0.875,400470.11
0.5,42,98,0.10711,0.935,491390.02
0.5,42,99,-1.96412,0.955,534836.34
0.5,42,100,-1.96412,0.955,534836.34
0.5,42,101,-2.31364,0.955,534836.34
0.5,42,102,-3.01322,0.66,410856.85
0.5,42,103,1.39308,0.935,494329.37
0.5,42,104,1.79264,0.935,473755.99
0.5,42,105,0.99557,0.935,440977.07
0.5,42,106,-2.31364,0.955,534836.34
0.5,42,107,-2.31364,0.955,534836.34
0.5,42,108,0.69147,0.935,494329.37
0.5,42,109,0.20725,0.935,482936.01
0.5,42,110,0.79772,0.935,461550.46
0.5,42,111,-0.01461,0.91,503509.4
0.5,42,112,-2.67531,0.735,431430.23
0.5,42,113,-3.92649,0.505,431797.05
0.5,42,114,-3.81803,0.955,546416.83
0.5,42,115,-0.01461,0.91,503509.4
0.5,42,116,0.10711,0.935,491390.02
0.5,42,117,0.99557,0.935,440977.07
0.5,42,118,0.79772,0.935,461550.46
0.5,42,119,-1.4078,0.735,360443.9
0.5,42,120,-0.76344,0.875,400470.11
0.5,42,121,-2.28051,0.955,544929.45
0.5,42,122,-2.76094,0.955,523543.9
0.5,42,123,0.99557,0.935,440977.07
0.5,42,124,0.99557,0.935,440977.07
0.5,42,125,0.99557,0.935,440977.07
0.5,42,126,-1.96412,0.955,534836.34
0.5,42,127,0.79772,0.935,461550.46
0.5,42,128,2.01868,0.935,494329.37
0.5,42,129,0.10711,0.935,491390.02
0.5,42,130,0.10711,0.935,491390.02
0.5,42,131,-2.28051,0.955,544929.45
0.5,42,132,0.99557,0.935,440977.07
0.5,42,133,-1.96412,0.955,534836.34
0.5,42,134,-2.28051,0.955,544929.45
0.5,42,135,0.10711,0.935,491390.02
0.5,42,136,0.99557,0.935,440977.07
0.5,42,137,-2.79485,0.955,515089.89
0.5,42,138,0.99557,0.935,440977.07
0.5,42,139,-2.31364,0.955,534836.34
0.5,42,140,-3.29128,0.955,523543.9
0.5,42,141,0.99557,0.935,440977.07
0.5,42,142,-2.67531,0.735,431430.23
0.5,42,143,0.99557,0.935,440977.07
0.5,42,144,-2.25533,0.955,534836.34
0.5,42,145,0.44935,1.0,511963.41
0.5,42,146,-1.96412,0.955,534836.34
0.5,42,147,0.99557,0.935,440977.07
0.5,42,148,-2.31364,0.955,534836.34
0.5,42,149,1.79264,0.935,473755.99
0.5,42,150,-1.96412,0.955,534836.34
0.5,42,151,-1.96412,0.955,534836.34
0.5,42,152,-1.96412,0.955,534836.34
0.5,42,153,-1.96412,0.955,534836.34
0.5,42,154,-1.96412,0.955,534836.34
0.5,42,155,0.10711,0.935,491390.02
0.5,42,156,-2.25533,0.955,534836.34
0.5,42,157,-4.42394,0.66,503509.39
0.5,42,158,-1.47894,0.735,368897.91
0.5,42,159,-0.90754,0.955,546416.83
0.5,42,160,-1.89093,0.955,534836.34
0.5,42,161,0.20725,0.935,482936.01
0.5,42,162,0.99557,0.935,440977.07
0.5,42,163,-1.89093,0.955,534836.34
0.5,42,164,-0.76344,0.875,400470.11
0.5,42,165,-1.89093,0.955,534836.34
0.5,42,166,-2.31364,0.955,534836.34
0.5,42,167,1.076,0.935,482936.01
0.5,42,168,-2.28051,0.955,544929.45
0.5,42,169,1.79264,0.935,473755.99
0.5,42,170,-1.96412,0.955,534836.34
0.5,42,171,0.69147,0.935,494329.37
0.5,42,172,-2.25533,0.955,534836.34
0.5,42,173,2.01868,0.935,494329.37
0.5,42,174,0.99557,0.935,440977.07
0.5,42,175,0.99557,0.935,440977.07
0.5,42,176,-1.96412,0.955,534836.34
0.5,42,177,-2.31364,0.955,534836.34
0.5,42,178,0.69147,0.935,494329.37
0.5,42,179,-2.31364,0.955,534836.34
0.5,42,180,-2.44089,0.955,544929.45
0.5,42,181,-2.25384,0.735,389471.3
0.5,42,182,0.79772,0.935,461550.46
0.5,42,183,1.39308,0.935,494329.37
0.5,42,184,1.076,0.935,482936.01
0.5,42,185,1.076,0.935,482936.01
0.5,42,186,-2.31364,0.955,534836.34
0.5,42,187,1.39308,0.935,494329.37
0.5,42,188,-2.28051,0.955,544929.45
0.5,42,189,-2.25533,0.955,534836.34
0.5,42,190,0.99557,0.935,440977.07
0.5,42,191,0.99557,0.935,440977.07
0.5,42,192,-0.11955,1.0,511963.41
0.5,42,193,1.39308,0.935,494329.37
0.5,42,194,0.99557,0.935,440977.07
0.5,42,195,-1.75514,0.735,410856.85
0.5,42,196,-2.79485,0.955,515089.89
0.5,42,197,-1.55916,0.735,381017.29
0.5,42,198,-2.31364,0.955,534836.34
0.5,42,199,0.324,0.935,443916.43
0.5,42,200,-1.96412,0.955,534836.34
0.5,101,1,-0.37187,0.84,530731.98
0.5,101,2,-1.74724,0.93,541216.62
0.5,101,3,-2.09761,0.755,475585.29
0.5,101,4,-0.1596,1.0,542971.29
0.5,101,5,1.11186,0.92,438852.21
0.5,101,6,-1.6963,0.93,541216.62
0.5,101,7,0.23926,0.84,514807.54
0.5,101,8,-1.74724,0.93,541216.62
0.5,101,9,-1.77043,0.93,541216.62
0.5,101,10,0.23926,0.84,514807.54
0.5,101,11,1.68514,0.92,502724.38
0.5,101,12,-1.6963,0.93,541216.62
0.5,101,13,-1.92152,0.72,532486.65
0.5,101,14,-2.09761,0.755,475585.29
0.5,101,15,1.14969,0.92,486069.94
0.5,101,16,-1.95581,0.755,494639.27
0.5,101,17,-1.77043,0.93,541216.62
0.5,101,18,-1.95581,0.755,494639.27
0.5,101,19,-1.77043,0.93,541216.62
0.5,101,20,-1.74724,0.93,541216.62
0.5,101,21,-0.96686,0.83,400359.96
0.5,101,22,-1.38538,0.755,360063.7
0.5,101,23,-1.77043,0.93,541216.62
0.5,101,24,-1.6963,0.93,541216.62
0.5,101,25,0.52878,0.92,495753.56
0.5,101,26,-0.08486,1.0,542971.29
0.5,101,27,-2.09761,0.755,475585.29
0.5,101,28,-2.95219,0.655,504322.9
0.5,101,29,-1.6963,0.93,541216.62
0.5,101,30,0.52878,0.92,495753.56
0.5,101,31,1.11186,0.92,438852.21
0.5,101,32,-1.6772,0.93,541216.62
0.5,101,33,0.52878,0.92,495753.56
0.5,101,34,-1.56686,0.755,388801.31
0.5,101,35,-1.6963,0.93,541216.62
0.5,101,36,-2.03548,0.655,504322.9
0.5,101,37,0.97002,0.92,502724.38
0.5,101,38,1.11186,0.92,438852.21
0.5,101,39,-0.26726,0.885,483670.4
0.5,101,40,-1.77043,0.93,541216.62
0.5,101,41,-1.79418,0.93,541216.62
0.5,101,42,-0.58216,0.855,416965.05
0.5,101,43,1.14969,0.92,486069.94
0.5,101,44,-1.6963,0.93,541216.62
0.5,101,45,-2.22389,0.655,532486.65
0.5,101,46,-1.79418,0.93,541216.62
0.5,101,47,-0.13501,1.0,542971.29
0.5,101,48,1.11186,0.92,438852.21
0.5,101,49,0.5238,0.92,486069.94
0.5,101,50,-1.6963,0.93,541216.62
0.5,101,51,1.11186,0.92,438852.21
0.5,101,52,0.85302,0.92,457906.19
0.5,101,53,-2.22389,0.655,532486.65
0.5,101,54,-2.82002,0.715,436019.03
0.5,101,55,1.68514,0.92,502724.38
0.5,101,56,-1.15733,0.755,381305.98
0.5,101,57,-1.74724,0.93,541216.62
0.5,101,58,-1.77043,0.93,541216.62
0.5,101,59,-1.77043,0.93,541216.62
0.5,101,60,0.85302,0.92,457906.19
0.5,101,61,-1.6772,0.93,541216.62
0.5,101,62,-0.13501,1.0,542971.29
0.5,101,63,-1.6963,0.93,541216.62
0.5,101,64,-0.96686,0.83,400359.96
0.5,101,65,-1.77043,0.93,541216.62
0.5,101,66,-1.77043,0.93,541216.62
0.5,101,67,-1.97099,0.755,436019.03
0.5,101,68,-2.95219,0.655,504322.9
0.5,101,69,1.11186,0.92,438852.21
0.5,101,70,0.85302,0.92,457906.19
0.5,101,71,-2.98316,0.93,541216.62
0.5,101,72,-4.42293,0.61,514807.55
0.5,101,73,-1.6963,0.93,541216.62
0.5,101,74,-1.95581,0.755,494639.27
0.5,101,75,-1.6772,0.93,541216.62
0.5,101,76,0.68537,0.92,483670.4
0.5,101,77,-1.6963,0.93,541216.62
0.5,101,78,-1.6963,0.93,541216.62
0.5,101,79,-1.6772,0.93,541216.62
0.5,101,80,1.11186,0.92,438852.21
0.5,101,81,-1.95581,0.755,494639.27
0.5,101,82,-1.95581,0.755,494639.27
0.5,101,83,-2.03548,0.655,504322.9
0.5,101,84,-1.77043,0.93,541216.62
0.5,101,85,-3.08445,0.715,494639.27
0.5,101,86,-1.60134,0.755,379117.68
0.5,101,87,-2.17258,0.755,485268.92
0.5,101,88,-1.60134,0.755,379117.68
0.5,101,89,-1.84059,0.755,416965.05
0.5,101,90,-1.79418,0.93,541216.62
0.5,101,91,-1.95581,0.755,494639.27
0.5,101,92,-1.79418,0.93,541216.62
0.5,101,93,-1.6963,0.93,541216.62
0.5,101,94,-0.08486,1.0,542971.29
0.5,101,95,-1.74724,0.93,541216.62
0.5,101,96,1.11186,0.92,438852.21
0.5,101,97,-1.6772,0.93,541216.62
0.5,101,98,0.29157,0.885,455506.65
0.5,101,99,-1.6963,0.93,541216.62
0.5,101,100,-1.6963,0.93,541216.62
0.5,101,101,1.11186,0.92,438852.21
0.5,101,102,-2.82002,0.715,436019.03
0.5,101,103,-2.25235,0.755,447421.55
0.5,101,104,-1.6963,0.93,541216.62
0.5,101,105,0.5238,0.92,486069.94
0.5,101,106,-1.77043,0.93,541216.62
0.5,101,107,-1.77043,0.93,541216.62
0.5,101,108,1.68514,0.92,502724.38
0.5,101,109,-1.97099,0.755,436019.03
0.5,101,110,0.26756,0.885,445823.02
0.5,101,111,-1.6963,0.93,541216.62
0.5,101,112,1.11186,0.92,438852.21
0.5,101,113,-1.6772,0.93,541216.62
0.5,101,114,-0.08486,1.0,542971.29
0.5,101,115,0.23947,0.84,505123.92
0.5,101,116,-1.6963,0.93,541216.62
0.5,101,117,0.97002,0.92,502724.38
0.5,101,118,-0.13501,1.0,542971.29
0.5,101,119,-2.418,0.715,428367.57
0.5,101,120,-1.74724,0.93,541216.62
0.5,101,121,-2.09761,0.755,475585.29
0.5,101,122,-1.77043,0.93,541216.62
0.5,101,123,-1.97099,0.755,436019.03
0.5,101,124,-2.03548,0.655,504322.9
0.5,101,125,-1.97099,0.755,436019.03
0.5,101,126,-1.77043,0.93,541216.62
0.5,101,127,-1.6963,0.93,541216.62
0.5,101,128,-2.34236,0.715,388801.31
0.5,101,129,1.68514,0.92,502724.38
0.5,101,130,-1.6963,0.93,541216.62
0.5,101,131,-0.08486,1.0,542971.29
0.5,101,132,-1.03691,0.855,475585.29
0.5,101,133,0.735,0.885,505123.92
0.5,101,134,1.11186,0.92,438852.21
0.5,101,135,1.09748,0.92,495753.56
0.5,101,136,-1.95581,0.755,494639.27
0.5,101,137,-1.6963,0.93,541216.62
0.5,101,138,-1.6772,0.93,541216.62
0.5,101,139,-1.6963,0.93,541216.62
0.5,101,140,-1.77043,0.93,541216.62
0.5,101,141,0.26756,0.885,445823.02
0.5,101,142,-1.6963,0.93,541216.62
0.5,101,143,-1.79418,0.93,541216.62
0.5,101,144,-0.08486,1.0,542971.29
0.5,101,145,-2.25235,0.755,447421.55
0.5,101,146,-1.92152,0.72,532486.65
0.5,101,147,-3.18739,0.715,416965.05
0.5,101,148,-1.95581,0.755,494639.27
0.5,101,149,-2.03548,0.655,504322.9
0.5,101,150,-1.6963,0.93,541216.62
0.5,101,151,-1.79418,0.93,541216.62
0.5,101,152,-0.37187,0.84,530731.98
0.5,101,153,0.97002,0.92,502724.38
0.5,101,154,-1.34563,0.755,369747.33
0.5,101,155,1.68514,0.92,502724.38
0.5,101,156,-1.79418,0.93,541216.62
0.5,101,157,-1.6772,0.93,541216.62
0.5,101,158,-1.79418,0.93,541216.62
0.5,101,159,-1.77043,0.93,541216.62
0.5,101,160,-1.74724,0.93,541216.62
0.5,101,161,0.97002,0.92,502724.38
0.5,101,162,-2.95219,0.655,504322.9
0.5,101,163,1.11186,0.92,438852.21
0.5,101,164,-1.92152,0.72,532486.65
0.5,101,165,-2.17258,0.755,485268.92
0.5,101,166,-1.77043,0.93,541216.62
0.5,101,167,1.11186,0.92,438852.21
0.5,101,168,-1.95581,0.755,494639.27
0.5,101,169,-1.86096,0.755,447421.55
0.5,101,170,-1.6963,0.93,541216.62
0.5,101,171,-2.82002,0.715,436019.03
0.5,101,172,0.5238,0.92,486069.94
0.5,101,173,-1.03691,0.855,475585.29
0.5,101,174,-1.6963,0.93,541216.62
0.5,101,175,0.52878,0.92,495753.56
0.5,101,176,-1.79418,0.93,541216.62
0.5,101,177,-1.95581,0.755,494639.27
0.5,101,178,-0.13501,1.0,542971.29
0.5,101,179,-1.6772,0.93,541216.62
0.5,101,180,-1.97099,0.755,436019.03
0.5,101,181,-1.77043,0.93,541216.62
0.5,101,182,-0.08486,1.0,542971.29
0.5,101,183,1.09748,0.92,495753.56
0.5,101,184,-1.77043,0.93,541216.62
0.5,101,185,0.85302,0.92,457906.19
0.5,101,186,-0.0549,0.84,530731.98
0.5,101,187,-1.74724,0.93,541216.62
0.5,101,188,-2.95219,0.655,504322.9
0.5,101,189,-1.6772,0.93,541216.62
0.5,101,190,-2.34236,0.715,388801.31
0.5,101,191,0.735,0.885,505123.92
0.5,101,192,-1.92152,0.72,532486.65
0.5,101,193,-1.6963,0.93,541216.62
0.5,101,194,-1.92152,0.72,532486.65
0.5,101,195,-1.6963,0.93,541216.62
0.5,101,196,-3.18739,0.715,416965.05
0.5,101,197,1.11186,0.92,438852.21
0.5,101,198,-1.77043,0.93,541216.62
0.5,101,199,-2.17258,0.755,485268.92
0.5,101,200,-1.97099,0.755,436019.03
0.5,102,1,-2.00555,0.715,490469.95
0.5,102,2,-2.04754,0.715,482982.92
0.5,102,3,-2.42292,0.675,412602.38
0.5,102,4,-1.71227,0.71,524271.0
0.5,102,5,0.61014,0.895,487338.07
0.5,102,6,-1.71227,0.71,524271.0
0.5,102,7,-1.72148,0.71,524271.0
0.5,102,8,0.71621,0.895,479851.04
0.5,102,9,-1.61025,0.71,524271.0
0.5,102,10,-1.71227,0.71,524271.0
0.5,102,11,-1.63753,0.71,524271.0
0.5,102,12,-1.63753,0.71,524271.0
0.5,102,13,-0.075,0.885,527402.88
0.5,102,14,-1.71227,0.71,524271.0
0.5,102,15,-2.99764,0.675,490469.95
0.5,102,16,0.97554,0.95,500437.15
0.5,102,17,-2.04754,0.715,482982.92
0.5,102,18,-0.01768,0.885,527402.88
0.5,102,19,-4.18012,0.58,506816.77
0.5,102,20,0.42017,0.885,507924.18
0.5,102,21,-1.71227,0.71,524271.0
0.5,102,22,0.71621,0.895,479851.04
0.5,102,23,-1.61025,0.71,524271.0
0.5,102,24,0.44857,0.895,409187.74
0.5,102,25,-1.70727,0.71,524271.0
0.5,102,26,0.42017,0.885,507924.18
0.5,102,27,-1.63753,0.71,524271.0
0.5,102,28,-3.20682,0.675,433188.49
0.5,102,29,-1.63753,0.71,524271.0
0.5,102,30,-1.63753,0.71,524271.0
0.5,102,31,-1.71227,0.71,524271.0
0.5,102,32,0.42017,0.885,507924.18
0.5,102,33,1.18298,0.95,456079.9
0.5,102,34,-2.00555,0.715,490469.95
0.5,102,35,0.30144,0.895,401700.71
0.5,102,36,-0.52902,0.78,385353.9
0.5,102,37,-2.00555,0.715,490469.95
0.5,102,38,-1.61025,0.71,524271.0
0.5,102,39,-3.20682,0.675,433188.49
0.5,102,40,-1.72148,0.71,524271.0
0.5,102,41,2.20541,0.95,474131.11
0.5,102,42,0.2377,0.885,507924.18
0.5,102,43,-1.71227,0.71,524271.0
0.5,102,44,-1.63753,0.71,524271.0
0.5,102,45,0.2377,0.885,507924.18
0.5,102,46,0.61014,0.895,487338.07
0.5,102,47,-0.11611,0.885,527402.88
0.5,102,48,-1.63753,0.71,524271.0
0.5,102,49,2.20541,0.95,474131.11
0.5,102,50,0.762,0.885,507924.18
0.5,102,51,1.33893,0.95,435493.78
0.5,102,52,-1.63753,0.71,524271.0
0.5,102,53,2.0227,0.95,456079.9
0.5,102,54,-3.20682,0.675,433188.49
0.5,102,55,-2.00555,0.715,490469.95
0.5,102,56,-1.63753,0.71,524271.0
0.5,102,57,1.33893,0.95,435493.78
0.5,102,58,-0.67076,0.855,433188.49
0.5,102,59,-1.74115,0.645,514241.09
0.5,102,60,-1.71227,0.71,524271.0
0.5,102,61,-1.74115,0.645,514241.09
0.5,102,62,-1.63753,0.71,524271.0
0.5,102,63,-1.63753,0.71,524271.0
0.5,102,64,-2.13042,0.645,514241.09
0.5,102,65,-0.60541,0.78,364767.78
0.5,102,66,-1.70727,0.71,524271.0
0.5,102,67,2.20541,0.95,474131.11
0.5,102,68,-1.61025,0.71,524271.0
0.5,102,69,-2.37805,0.675,433188.49
0.5,102,70,0.97554,0.95,500437.15
0.5,102,71,1.18298,0.95,456079.9
0.5,102,72,1.18298,0.95,456079.9
0.5,102,73,-0.02991,0.895,453545.0
0.5,102,74,0.53111,0.885,500437.15
0.5,102,75,0.72383,0.895,429773.86
0.5,102,76,-4.18012,0.58,506816.77
0.5,102,77,-0.52902,0.78,385353.9
0.5,102,78,0.42017,0.885,507924.18
0.5,102,79,-1.61025,0.71,524271.0
0.5,102,80,1.18298,0.95,456079.9
0.5,102,81,1.33893,0.95,435493.78
0.5,102,82,-1.71227,0.71,524271.0
0.5,102,83,-1.70727,0.71,524271.0
0.5,102,84,0.53111,0.885,500437.15
0.5,102,85,1.33893,0.95,435493.78
0.5,102,86,-1.71227,0.71,524271.0
0.5,102,87,0.53111,0.885,500437.15
0.5,102,88,1.33893,0.95,435493.78
0.5,102,89,1.33893,0.95,435493.78
0.5,102,90,0.30144,0.895,401700.71
0.5,102,91,-1.63753,0.71,524271.0
0.5,102,92,-1.61025,0.71,524271.0
0.5,102,93,-1.63753,0.71,524271.0
0.5,102,94,-1.63753,0.71,524271.0
0.5,102,95,0.53111,0.885,500437.15
0.5,102,96,-0.52902,0.78,385353.9
0.5,102,97,-1.61025,0.71,524271.0
0.5,102,98,1.48945,0.95,474131.11
0.5,102,99,-1.71227,0.71,524271.0
0.5,102,100,1.33893,0.95,435493.78
0.5,102,101,-1.58406,0.715,412602.38
0.5,102,102,1.33893,0.95,435493.78
0.5,102,103,-2.40322,0.675,418039.56
0.5,102,104,-1.63753,0.71,524271.0
0.5,102,105,2.20541,0.95,474131.11
0.5,102,106,-2.04754,0.715,482982.92
0.5,102,107,-1.72148,0.71,524271.0
0.5,102,108,1.48945,0.95,474131.11
0.5,102,109,-0.20436,0.885,506816.77
0.5,102,110,-1.71227,0.71,524271.0
0.5,102,111,2.20541,0.95,474131.11
0.5,102,112,-1.63753,0.71,524271.0
0.5,102,113,1.48945,0.95,474131.11
0.5,102,114,1.48945,0.95,474131.11
0.5,102,115,-1.71227,0.71,524271.0
0.5,102,116,1.33893,0.95,435493.78
0.5,102,117,1.33893,0.95,435493.78
0.5,102,118,0.3053,0.885,506816.77
0.5,102,119,-4.24987,0.56,409187.74
0.5,102,120,2.20541,0.95,474131.11
0.5,102,121,1.18298,0.95,456079.9
0.5,102,122,-4.35178,0.58,506816.77
0.5,102,123,-1.72148,0.71,524271.0
0.5,102,124,2.20541,0.95,474131.11
0.5,102,125,1.33893,0.95,435493.78
0.5,102,126,-1.71227,0.71,524271.0
0.5,102,127,-1.61025,0.71,524271.0
0.5,102,128,-1.61025,0.71,524271.0
0.5,102,129,-2.37805,0.675,433188.49
0.5,102,130,1.33893,0.95,435493.78
0.5,102,131,-2.00555,0.715,490469.95
0.5,102,132,1.33893,0.95,435493.78
0.5,102,133,-1.63753,0.71,524271.0
0.5,102,134,-1.72148,0.71,524271.0
0.5,102,135,-2.37805,0.675,433188.49
0.5,102,136,-0.52902,0.78,385353.9
0.5,102,137,1.33893,0.95,435493.78
0.5,102,138,-1.70727,0.71,524271.0
0.5,102,139,-2.13042,0.645,514241.09
0.5,102,140,-1.61025,0.71,524271.0
0.5,102,141,1.48945,0.95,474131.11
0.5,102,142,-1.63753,0.71,524271.0
0.5,102,143,-1.63753,0.71,524271.0
0.5,102,144,-1.74115,0.645,514241.09
0.5,102,145,-1.74115,0.645,514241.09
0.5,102,146,0.53111,0.885,500437.15
0.5,102,147,-1.74115,0.645,514241.09
0.5,102,148,-2.04754,0.715,482982.92
0.5,102,149,-4.35178,0.58,506816.77
0.5,102,150,-1.72148,0.71,524271.0
0.5,102,151,1.33893,0.95,435493.78
0.5,102,152,-1.71227,0.71,524271.0
0.5,102,153,-1.61025,0.71,524271.0
0.5,102,154,1.21169,0.95,487338.07
0.5,102,155,-2.06077,0.715,462396.81
0.5,102,156,-1.63753,0.71,524271.0
0.5,102,157,1.18298,0.95,456079.9
0.5,102,158,1.33893,0.95,435493.78
0.5,102,159,2.20541,0.95,474131.11
0.5,102,160,-1.63753,0.71,524271.0
0.5,102,161,-0.00929,0.885,527402.88
0.5,102,162,-1.63753,0.71,524271.0
0.5,102,163,-1.16886,0.715,388831.24
0.5,102,164,0.71621,0.895,479851.04
0.5,102,165,1.33893,0.95,435493.78
0.5,102,166,-4.82538,0.58,527402.88
0.5,102,167,-1.70727,0.71,524271.0
0.5,102,168,-2.82696,0.675,381344.21
0.5,102,169,-1.70727,0.71,524271.0
0.5,102,170,2.20541,0.95,474131.11
0.5,102,171,1.33893,0.95,435493.78
0.5,102,172,-2.04754,0.715,482982.92
0.5,102,173,-1.61025,0.71,524271.0
0.5,102,174,0.71621,0.895,479851.04
0.5,102,175,-1.71227,0.71,524271.0
0.5,102,176,-1.63753,0.71,524271.0
0.5,102,177,-1.63753,0.71,524271.0
0.5,102,178,-2.04754,0.715,482982.92
0.5,102,179,1.33893,0.95,435493.78
0.5,102,180,1.33893,0.95,435493.78
0.5,102,181,-1.74115,0.645,514241.09
0.5,102,182,-1.72148,0.71,524271.0
0.5,102,183,-0.98051,0.715,360758.1
0.5,102,184,-1.63753,0.71,524271.0
0.5,102,185,1.33893,0.95,435493.78
0.5,102,186,-2.00555,0.715,490469.95
0.5,102,187,-1.74115,0.645,514241.09
0.5,102,188,-1.63753,0.71,524271.0
0.5,102,189,0.61014,0.895,487338.07
0.5,102,190,-1.63753,0.71,524271.0
0.5,102,191,-1.63753,0.71,524271.0
0.5,102,192,0.2377,0.885,507924.18
0.5,102,193,-2.04754,0.715,482982.92
0.5,102,194,-1.63753,0.71,524271.0
0.5,102,195,-2.00555,0.715,490469.95
0.5,102,196,1.18298,0.95,456079.9
0.5,102,197,-1.61025,0.71,524271.0
0.5,102,198,1.39354,0.95,479851.04
0.5,102,199,1.18298,0.95,456079.9
0.5,102,200,0.71621,0.895,479851.04
0.5,103,1,-2.46103,0.715,439982.89
0.5,103,2,0.58521,0.965,438633.01
0.5,103,3,-1.27394,1.0,565771.9
0.5,103,4,-1.27394,1.0,565771.9
0.5,103,5,-1.61179,0.715,440966.6
0.5,103,6,-1.27394,1.0,565771.9
0.5,103,7,-3.06741,0.715,497541.04
0.5,103,8,-1.86603,0.815,497541.04
0.5,103,9,0.58521,0.965,438633.01
0.5,103,10,0.31497,0.965,497203.36
0.5,103,11,-2.73703,0.715,508551.42
0.5,103,12,-1.34384,1.0,564084.34
0.5,103,13,-1.27394,1.0,565771.9
0.5,103,14,0.16436,1.0,544093.78
0.5,103,15,-1.35295,1.0,565771.9
0.5,103,16,-1.77498,0.715,419626.16
0.5,103,17,0.58521,0.965,438633.01
0.5,103,18,0.31497,0.965,497203.36
0.5,103,19,-1.61179,0.715,440966.6
0.5,103,20,0.58521,0.965,438633.01
0.5,103,21,0.58521,0.965,438633.01
0.5,103,22,-1.27394,1.0,565771.9
0.5,103,23,-1.72006,0.815,508551.42
0.5,103,24,-0.87706,0.855,407170.49
0.5,103,25,-1.27394,1.0,565771.9
0.5,103,26,-1.38018,1.0,544431.46
0.5,103,27,-1.27394,1.0,565771.9
0.5,103,28,-3.55404,0.645,497203.36
0.5,103,29,-1.35295,1.0,565771.9
0.5,103,30,-1.35295,1.0,565771.9
0.5,103,31,-1.35295,1.0,565771.9
0.5,103,32,-1.52348,0.715,372735.74
0.5,103,33,-1.27394,1.0,565771.9
0.5,103,34,-1.38018,1.0,544431.46
0.5,103,35,-1.27394,1.0,565771.9
0.5,103,36,0.64433,1.0,544093.78
0.5,103,37,0.64433,1.0,544093.78
0.5,103,38,-0.17854,0.93,485523.43
0.5,103,39,-0.2257,0.93,495853.49
0.5,103,40,0.58521,0.965,438633.01
0.5,103,41,0.58521,0.965,438633.01
0.5,103,42,0.68463,0.965,522753.34
0.5,103,43,-1.35295,1.0,565771.9
0.5,103,44,0.58521,0.965,438633.01
0.5,103,45,0.58521,0.965,438633.01
0.5,103,46,-1.61179,0.715,440966.6
0.5,103,47,-0.2257,0.93,495853.49
0.5,103,48,-0.48776,0.93,497203.36
0.5,103,49,-3.30194,0.885,544431.46
0.5,103,50,-1.34384,1.0,564084.34
0.5,103,51,-1.73945,0.855,518881.48
0.5,103,52,0.58521,0.965,438633.01
0.5,103,53,0.16436,1.0,544093.78
0.5,103,54,-1.61179,0.715,440966.6
0.5,103,55,-1.72006,0.815,508551.42
0.5,103,56,-1.35295,1.0,565771.9
0.5,103,57,-1.66343,0.715,440966.59
0.5,103,58,-1.72006,0.815,508551.42
0.5,103,59,-1.35295,1.0,565771.9
0.5,103,60,-1.35295,1.0,565771.9
0.5,103,61,-1.35295,1.0,565771.9
0.5,103,62,-1.72006,0.815,508551.42
0.5,103,63,-0.44285,0.93,506863.87
0.5,103,64,-0.17854,0.93,485523.43
0.5,103,65,-1.27394,1.0,565771.9
0.5,103,66,0.64433,1.0,544093.78
0.5,103,67,-1.27394,1.0,565771.9
0.5,103,68,-1.35295,1.0,565771.9
0.5,103,69,-1.27394,1.0,565771.9
0.5,103,70,-2.58469,0.715,518881.48
0.5,103,71,-3.55404,0.645,497203.36
0.5,103,72,-1.27394,1.0,565771.9
0.5,103,73,-1.27394,1.0,565771.9
0.5,103,74,-2.14539,0.715,440966.6
0.5,103,75,-0.75754,1.0,542743.91
0.5,103,76,-1.27394,1.0,565771.9
0.5,103,77,-1.80555,1.0,544431.46
0.5,103,78,-1.27394,1.0,565771.9
0.5,103,79,-0.4951,0.93,517193.92
0.5,103,80,-0.44285,0.93,506863.87
0.5,103,81,-0.87706,0.855,407170.49
0.5,103,82,-1.72006,0.815,508551.42
0.5,103,83,0.16436,1.0,544093.78
0.5,103,84,-1.27394,1.0,565771.9
0.5,103,85,-1.27394,1.0,565771.9
0.5,103,86,0.34416,0.965,459973.45
0.5,103,87,-2.14539,0.715,440966.6
0.5,103,88,-1.86603,0.815,497541.04
0.5,103,89,-1.38018,1.0,544431.46
0.5,103,90,0.64433,1.0,544093.78
0.5,103,91,-1.27394,1.0,565771.9
0.5,103,92,-1.27394,1.0,565771.9
0.5,103,93,-1.27394,1.0,565771.9
0.5,103,94,-1.27394,1.0,565771.9
0.5,103,95,-0.17854,0.93,485523.43
0.5,103,96,-1.35295,1.0,565771.9
0.5,103,97,-2.39486,0.715,440320.57
0.5,103,98,-1.27394,1.0,565771.9
0.5,103,99,-1.27394,1.0,565771.9
0.5,103,100,-1.27394,1.0,565771.9
0.5,103,101,0.28145,0.93,495853.49
0.5,103,102,-1.52348,0.715,372735.74
0.5,103,103,-1.35295,1.0,565771.9
0.5,103,104,-0.2257,0.93,495853.49
0.5,103,105,0.34416,0.965,459973.45
0.5,103,106,-1.27394,1.0,565771.9
0.5,103,107,-1.27394,1.0,565771.9
0.5,103,108,-2.14539,0.715,440966.6
0.5,103,109,-0.44285,0.93,506863.87
0.5,103,110,-2.14539,0.715,440966.6
0.5,103,111,-0.52308,0.93,486873.31
0.5,103,112,0.16436,1.0,544093.78
0.5,103,113,-2.73703,0.715,508551.42
0.5,103,114,-1.72006,0.815,508551.42
0.5,103,115,-2.73703,0.715,508551.42
0.5,103,116,-1.27394,1.0,565771.9
0.5,103,117,-1.35295,1.0,565771.9
0.5,103,118,-0.75754,1.0,542743.91
0.5,103,119,-0.2257,0.93,495853.49
0.5,103,120,-0.73229,0.93,475862.92
0.5,103,121,-1.38018,1.0,544431.46
0.5,103,122,-1.27394,1.0,565771.9
0.5,103,123,-0.48776,0.93,497203.36
0.5,103,124,0.58521,0.965,438633.01
0.5,103,125,-1.73945,0.855,518881.48
0.5,103,126,-1.27394,1.0,565771.9
0.5,103,127,-1.50601,0.715,362405.69
0.5,103,128,-0.17854,0.93,485523.43
0.5,103,129,-1.27394,1.0,565771.9
0.5,103,130,-1.38018,1.0,544431.46
0.5,103,131,0.31497,0.965,497203.36
0.5,103,132,-1.35295,1.0,565771.9
0.5,103,133,-1.34662,0.815,439982.89
0.5,103,134,-1.27394,1.0,565771.9
0.5,103,135,-1.35295,1.0,565771.9
0.5,103,136,-2.73703,0.715,508551.42
0.5,103,137,-1.73163,0.715,394076.17
0.5,103,138,-0.52308,0.93,486873.31
0.5,103,139,-1.27394,1.0,565771.9
0.5,103,140,0.28145,0.93,495853.49
0.5,103,141,-1.73945,0.855,518881.48
0.5,103,142,0.64433,1.0,544093.78
0.5,103,143,-1.35295,1.0,565771.9
0.5,103,144,-0.87706,0.855,407170.49
0.5,103,145,0.58521,0.965,438633.01
0.5,103,146,-2.14539,0.715,440966.6
0.5,103,147,0.28145,0.93,495853.49
0.5,103,148,-2.14539,0.715,440966.6
0.5,103,149,0.68463,0.965,522753.34
0.5,103,150,-1.27394,1.0,565771.9
0.5,103,151,-0.75754,1.0,542743.91
0.5,103,152,0.58521,0.965,438633.01
0.5,103,153,-1.34384,1.0,564084.34
0.5,103,154,-1.35295,1.0,565771.9
0.5,103,155,-1.61179,0.715,440966.6
0.5,103,156,0.64433,1.0,544093.78
0.5,103,157,-0.4951,0.93,517193.92
0.5,103,158,-3.09153,0.67,465532.87
0.5,103,159,-0.87706,0.855,407170.49
0.5,103,160,-2.73703,0.715,508551.42
0.5,103,161,-0.2257,0.93,495853.49
0.5,103,162,-1.73945,0.855,518881.48
0.5,103,163,0.58521,0.965,438633.01
0.5,103,164,-1.38018,1.0,544431.46
0.5,103,165,-2.14539,0.715,440966.6
0.5,103,166,0.05221,0.93,506863.87
0.5,103,167,-1.27394,1.0,565771.9
0.5,103,168,-1.61179,0.715,440966.6
0.5,103,169,-0.4951,0.93,517193.92
0.5,103,170,0.58521,0.965,438633.01
0.5,103,171,-1.27394,1.0,565771.9
0.5,103,172,-1.27394,1.0,565771.9
0.5,103,173,-2.14539,0.715,440966.6
0.5,103,174,-0.2257,0.93,495853.49
0.5,103,175,-2.14539,0.715,440966.6
0.5,103,176,-1.27394,1.0,565771.9
0.5,103,177,-1.27394,1.0,565771.9
0.5,103,178,-1.72006,0.815,508551.42
0.5,103,179,-1.35295,1.0,565771.9
0.5,103,180,-0.17854,0.93,485523.43
0.5,103,181,-1.27394,1.0,565771.9
0.5,103,182,-1.27394,1.0,565771.9
0.5,103,183,-3.09153,0.67,465532.87
0.5,103,184,-2.46103,0.715,439982.89
0.5,103,185,-0.87706,0.855,407170.49
0.5,103,186,-3.34481,0.715,506863.87
0.5,103,187,-2.14539,0.715,440966.6
0.5,103,188,-1.73945,0.855,518881.48
0.5,103,189,-1.27394,1.0,565771.9
0.5,103,190,-0.2257,0.93,495853.49
0.5,103,191,-1.26546,1.0,564084.34
0.5,103,192,-0.78134,0.93,465532.87
0.5,103,193,-1.27394,1.0,565771.9
0.5,103,194,-1.73945,0.855,518881.48
0.5,103,195,0.58521,0.965,438633.01
0.5,103,196,0.58521,0.965,438633.01
0.5,103,197,-1.27394,1.0,565771.9
0.5,103,198,0.34416,0.965,459973.45
0.5,103,199,-1.27394,1.0,565771.9
0.5,103,200,0.31497,0.965,497203.36
0.5,105,1,0.21316,0.925,513444.05
0.5,105,2,-1.34069,0.895,556338.99
0.5,105,3,0.95508,0.955,472961.39
0.5,105,4,0.88447,0.955,507755.74
0.5,105,5,-1.38517,0.79,536662.87
0.5,105,6,0.95508,0.955,472961.39
0.5,105,7,0.37229,0.925,507755.74
0.5,105,8,-1.34069,0.895,556338.99
0.5,105,9,-0.51291,0.895,551252.45
0.5,105,10,-1.25654,0.895,556338.99
0.5,105,11,-0.60643,0.895,551252.44
0.5,105,12,0.94843,0.955,513444.05
0.5,105,13,-0.22278,0.925,450271.22
0.5,105,14,1.68572,0.955,513444.05
0.5,105,15,-0.39434,0.895,551252.45
0.5,105,16,-0.64525,0.78,402177.0
0.5,105,17,0.56762,0.895,516458.1
0.5,105,18,0.96241,0.955,496781.98
0.5,105,19,-1.25654,0.895,556338.99
0.5,105,20,1.22787,0.955,453285.27
0.5,105,21,0.95508,0.955,472961.39
0.5,105,22,1.22787,0.955,453285.27
0.5,105,23,-0.64525,0.78,402177.0
0.5,105,24,-1.25654,0.895,556338.99
0.5,105,25,-0.64525,0.78,402177.0
0.5,105,26,-1.25654,0.895,556338.99
0.5,105,27,-3.62196,0.635,450271.22
0.5,105,28,1.22787,0.955,453285.27
0.5,105,29,-2.49731,0.695,440556.86
0.5,105,30,-1.76028,0.74,512842.29
0.5,105,31,-1.34069,0.895,556338.99
0.5,105,32,-1.25654,0.895,556338.99
0.5,105,33,1.22787,0.955,453285.27
0.5,105,34,1.22787,0.955,453285.27
0.5,105,35,-1.25654,0.895,556338.99
0.5,105,36,-1.25654,0.895,556338.99
0.5,105,37,1.22787,0.955,453285.27
0.5,105,38,-1.25654,0.895,556338.99
0.5,105,39,-1.73554,0.74,440556.86
0.5,105,40,0.95508,0.955,472961.39
0.5,105,41,-0.48617,0.895,549962.74
0.5,105,42,-1.87214,0.65,536662.87
0.5,105,43,-1.25654,0.895,556338.99
0.5,105,44,-1.25654,0.895,556338.99
0.5,105,45,-1.73554,0.74,440556.86
0.5,105,46,-1.25654,0.895,556338.99
0.5,105,47,1.22787,0.955,453285.27
0.5,105,48,-1.25654,0.895,556338.99
0.5,105,49,-1.73554,0.74,440556.86
0.5,105,50,-1.25654,0.895,556338.99
0.5,105,51,-0.51291,0.895,551252.45
0.5,105,52,1.22787,0.955,453285.27
0.5,105,53,0.88447,0.955,507755.74
0.5,105,54,1.22787,0.955,453285.27
0.5,105,55,-1.34069,0.895,556338.99
0.5,105,56,0.404,0.925,496781.98
0.5,105,57,0.94843,0.955,513444.05
0.5,105,58,-1.25654,0.895,556338.99
0.5,105,59,-1.76028,0.74,512842.29
0.5,105,60,1.22787,0.955,453285.27
0.5,105,61,0.94843,0.955,513444.05
0.5,105,62,1.68572,0.955,513444.05
0.5,105,63,-1.25654,0.895,556338.99
0.5,105,64,-1.25654,0.895,556338.99
0.5,105,65,-0.77026,0.895,549962.74
0.5,105,66,1.22787,0.955,453285.27
0.5,105,67,-0.64525,0.78,402177.0
0.5,105,68,-1.25654,0.895,556338.99
0.5,105,69,-1.25654,0.895,556338.99
0.5,105,70,-1.25654,0.895,556338.99
0.5,105,71,-1.25654,0.895,556338.99
0.5,105,72,-4.18367,0.6,551252.44
0.5,105,73,-0.64525,0.78,402177.0
0.5,105,74,-3.91264,0.6,549962.74
0.5,105,75,1.22787,0.955,453285.27
0.5,105,76,0.37229,0.925,507755.74
0.5,105,77,-1.73554,0.74,440556.86
0.5,105,78,0.404,0.925,496781.98
0.5,105,79,-1.25654,0.895,556338.99
0.5,105,80,-1.34069,0.895,556338.99
0.5,105,81,-2.57299,0.695,377384.03
0.5,105,82,-1.34069,0.895,556338.99
0.5,105,83,-1.76028,0.74,512842.29
0.5,105,84,-1.71055,0.74,501868.52
0.5,105,85,-1.34069,0.895,556338.99
0.5,105,86,-1.34069,0.895,556338.99
0.5,105,87,1.68572,0.955,513444.05
0.5,105,88,1.22787,0.955,453285.27
0.5,105,89,-0.93128,0.78,420880.74
0.5,105,90,0.404,0.925,496781.98
0.5,105,91,-1.76028,0.74,512842.29
0.5,105,92,-0.60643,0.895,551252.44
0.5,105,93,-1.25654,0.895,556338.99
0.5,105,94,1.22787,0.955,453285.27
0.5,105,95,1.68572,0.955,513444.05
0.5,105,96,-1.54671,0.74,386086.39
0.5,105,97,-1.25654,0.895,556338.99
0.5,105,98,-1.25654,0.895,556338.99
0.5,105,99,-1.25654,0.895,556338.99
0.5,105,100,-2.91065,0.74,501868.52
0.5,105,101,-1.25654,0.895,556338.99
0.5,105,102,-1.25654,0.895,556338.99
0.5,105,103,-1.25654,0.895,556338.99
0.5,105,104,-1.76028,0.74,512842.29
0.5,105,105,-2.49731,0.695,440556.86
0.5,105,106,-1.25654,0.895,556338.99
0.5,105,107,-1.34069,0.895,556338.99
0.5,105,108,0.10405,0.925,469947.34
0.5,105,109,-1.34069,0.895,556338.99
0.5,105,110,1.22787,0.955,453285.27
0.5,105,111,-1.31317,0.74,377384.03
0.5,105,112,-1.73554,0.74,440556.86
0.5,105,113,0.37229,0.925,507755.74
0.5,105,114,0.404,0.925,496781.98
0.5,105,115,-1.25654,0.895,556338.99
0.5,105,116,-1.25654,0.895,556338.99
0.5,105,117,-0.48617,0.895,549962.74
0.5,105,118,0.88447,0.955,507755.74
0.5,105,119,-1.25654,0.895,556338.99
0.5,105,120,0.94843,0.955,513444.05
0.5,105,121,-1.25654,0.895,556338.99
0.5,105,122,1.22787,0.955,453285.27
0.5,105,123,-1.34069,0.895,556338.99
0.5,105,124,-1.25654,0.895,556338.99
0.5,105,125,-1.25654,0.895,556338.99
0.5,105,126,-1.25654,0.895,556338.99
0.5,105,127,1.22787,0.955,453285.27
0.5,105,128,0.95508,0.955,472961.39
0.5,105,129,0.88447,0.955,507755.74
0.5,105,130,-1.86482,0.74,482192.4
0.5,105,131,1.22787,0.955,453285.27
0.5,105,132,-1.25654,0.895,556338.99
0.5,105,133,-1.86482,0.74,482192.4
0.5,105,134,0.404,0.925,496781.98
0.5,105,135,-0.64525,0.78,402177.0
0.5,105,136,-2.91065,0.74,501868.52
0.5,105,137,1.22787,0.955,453285.27
0.5,105,138,-0.22278,0.925,450271.22
0.5,105,139,-0.51291,0.895,551252.45
0.5,105,140,-1.25654,0.895,556338.99
0.5,105,141,-1.34069,0.895,556338.99
0.5,105,142,-1.25654,0.895,556338.99
0.5,105,143,-1.73554,0.74,440556.86
0.5,105,144,0.95508,0.955,472961.39
0.5,105,145,-5.17601,0.635,513444.05
0.5,105,146,-1.38517,0.79,536662.87
0.5,105,147,-4.3687,0.635,493767.93
0.5,105,148,0.404,0.925,496781.98
0.5,105,149,-2.49731,0.695,440556.86
0.5,105,150,0.37229,0.925,507755.74
0.5,105,151,-1.34069,0.895,556338.99
0.5,105,152,-1.34069,0.895,556338.99
0.5,105,153,1.22787,0.955,453285.27
0.5,105,154,0.07164,0.895,527431.86
0.5,105,155,-2.49731,0.695,440556.86
0.5,105,156,-1.25654,0.895,556338.99
0.5,105,157,0.94843,0.955,513444.05
0.5,105,158,-1.73554,0.74,440556.86
0.5,105,159,-1.34069,0.895,556338.99
0.5,105,160,1.22787,0.955,453285.27
0.5,105,161,-1.34069,0.895,556338.99
0.5,105,162,-1.87214,0.65,536662.87
0.5,105,163,-3.62196,0.635,450271.22
0.5,105,164,-2.49731,0.695,440556.86
0.5,105,165,-1.25654,0.895,556338.99
0.5,105,166,1.22787,0.955,453285.27
0.5,105,167,-1.34069,0.895,556338.99
0.5,105,168,-1.90922,0.74,493166.16
0.5,105,169,-1.25654,0.895,556338.99
0.5,105,170,-2.49731,0.695,440556.86
0.5,105,171,1.22787,0.955,453285.27
0.5,105,172,-1.34069,0.895,556338.99
0.5,105,173,-1.25654,0.895,556338.99
0.5,105,174,-2.49731,0.695,440556.86
0.5,105,175,1.22787,0.955,453285.27
0.5,105,176,-1.25654,0.895,556338.99
0.5,105,177,-0.39434,0.895,551252.45
0.5,105,178,-1.25654,0.895,556338.99
0.5,105,179,-2.27189,0.74,458371.82
0.5,105,180,-2.49731,0.695,440556.86
0.5,105,181,-1.71055,0.74,501868.52
0.5,105,182,-1.25654,0.895,556338.99
0.5,105,183,-1.25654,0.895,556338.99
0.5,105,184,-1.25654,0.895,556338.99
0.5,105,185,1.22787,0.955,453285.27
0.5,105,186,-1.73554,0.74,440556.86
0.5,105,187,1.22787,0.955,453285.27
0.5,105,188,-1.34069,0.895,556338.99
0.5,105,189,1.22787,0.955,453285.27
0.5,105,190,-1.25654,0.895,556338.99
0.5,105,191,1.22787,0.955,453285.27
0.5,105,192,-1.38517,0.79,536662.87
0.5,105,193,0.37229,0.925,507755.74
0.5,105,194,-3.97319,0.6,549962.75
0.5,105,195,0.95508,0.955,472961.39
0.5,105,196,-1.34069,0.895,556338.99
0.5,105,197,0.94843,0.955,513444.05
0.5,105,198,-2.73519,0.74,512842.29
0.5,105,199,0.95508,0.955,472961.39
0.5,105,200,-1.25654,0.895,556338.99
0.5,107,1,0.16221,0.91,531652.13
0.5,107,2,-2.05,0.765,519130.99
0.5,107,3,-2.05,0.765,519130.99
0.5,107,4,-1.84132,0.885,555524.66
0.5,107,5,0.44457,0.955,511457.09
0.5,107,6,-2.05,0.765,519130.99
0.5,107,7,-1.67158,0.885,558938.13
0.5,107,8,0.95084,0.955,517301.15
0.5,107,9,0.47075,0.955,501158.48
0.5,107,10,-1.71116,0.885,558938.13
0.5,107,11,-1.56878,0.885,558938.13
0.5,107,12,1.18093,0.955,454868.37
0.5,107,13,-1.56878,0.885,558938.13
0.5,107,14,0.44457,0.955,511457.09
0.5,107,15,-1.56878,0.885,558938.13
0.5,107,16,0.44457,0.955,511457.09
0.5,107,17,-2.22514,0.765,509234.55
0.5,107,18,1.05351,0.955,501158.48
0.5,107,19,-1.67158,0.885,558938.13
0.5,107,20,-0.58769,1.0,556715.59
0.5,107,21,-1.71116,0.885,558938.13
0.5,107,22,0.19386,0.91,521353.53
0.5,107,23,0.15251,0.91,471011.04
0.5,107,24,-0.42318,1.0,557747.2
0.5,107,25,-1.72739,0.885,558938.13
0.5,107,26,-2.55867,0.715,450273.04
0.5,107,27,-1.56878,0.885,558938.13
0.5,107,28,-2.07977,0.885,555524.66
0.5,107,29,-1.56878,0.885,558938.13
0.5,107,30,-1.71116,0.885,558938.13
0.5,107,31,-1.56878,0.885,558938.13
0.5,107,32,-1.67158,0.885,558938.13
0.5,107,33,0.47075,0.955,501158.48
0.5,107,34,-1.54818,0.885,558938.13
0.5,107,35,-1.56878,0.885,558938.13
0.5,107,36,-1.56878,0.885,558938.13
0.5,107,37,-1.72739,0.885,558938.13
0.5,107,38,-1.54818,0.885,558938.13
0.5,107,39,0.98068,0.955,511457.09
0.5,107,40,-1.56878,0.885,558938.13
0.5,107,41,1.05351,0.955,501158.48
0.5,107,42,-1.71116,0.885,558938.13
0.5,107,43,0.44457,0.955,511457.09
0.5,107,44,-2.18057,0.715,393684.32
0.5,107,45,-1.69344,0.765,450273.04
0.5,107,46,-0.94158,0.77,413231.39
0.5,107,47,-1.67158,0.885,558938.13
0.5,107,48,-2.07977,0.885,555524.66
0.5,107,49,1.18093,0.955,454868.37
0.5,107,50,-0.94158,0.77,413231.39
0.5,107,51,-1.56878,0.885,558938.13
0.5,107,52,0.44457,0.955,511457.09
0.5,107,53,0.44457,0.955,511457.09
0.5,107,54,1.18093,0.955,454868.37
0.5,107,55,-1.54818,0.885,558938.13
0.5,107,56,0.16221,0.91,531652.13
0.5,107,57,-1.67158,0.885,558938.13
0.5,107,58,1.18093,0.955,454868.37
0.5,107,59,-2.05,0.765,519130.99
0.5,107,60,-1.84132,0.885,555524.66
0.5,107,61,-0.18515,0.91,450815.99
0.5,107,62,1.18093,0.955,454868.37
0.5,107,63,-1.67158,0.885,558938.13
0.5,107,64,1.69972,0.955,517301.15
0.5,107,65,1.69972,0.955,517301.15
0.5,107,66,-2.17796,0.765,498935.94
0.5,107,67,-2.55867,0.715,450273.04
0.5,107,68,0.47075,0.955,501158.48
0.5,107,69,-1.67158,0.885,558938.13
0.5,107,70,-0.32241,1.0,556715.59
0.5,107,71,-1.56878,0.885,558938.13
0.5,107,72,1.18093,0.955,454868.37
0.5,107,73,-2.05,0.765,519130.99
0.5,107,74,-1.56878,0.885,558938.13
0.5,107,75,1.69972,0.955,517301.15
0.5,107,76,-0.94158,0.77,413231.39
0.5,107,77,1.18093,0.955,454868.37
0.5,107,78,-1.67158,0.885,558938.13
0.5,107,79,-4.09513,0.885,556715.59
0.5,107,80,-1.84132,0.885,555524.66
0.5,107,81,-2.10222,0.765,529429.59
0.5,107,82,1.18093,0.955,454868.37
0.5,107,83,-0.3347,1.0,557747.2
0.5,107,84,1.18093,0.955,454868.37
0.5,107,85,-2.55867,0.715,450273.04
0.5,107,86,1.18093,0.955,454868.37
0.5,107,87,-1.56878,0.885,558938.13
0.5,107,88,-1.72739,0.885,558938.13
0.5,107,89,0.92884,0.955,475063.42
0.5,107,90,0.47075,0.955,501158.48
0.5,107,91,-2.55867,0.715,450273.04
0.5,107,92,1.53627,0.955,497106.1
0.5,107,93,0.92884,0.955,475063.42
0.5,107,94,-1.70136,0.765,393684.32
0.5,107,95,0.19386,0.91,521353.53
0.5,107,96,0.19386,0.91,521353.53
0.5,107,97,-1.67158,0.885,558938.13
0.5,107,98,-0.94158,0.77,413231.39
0.5,107,99,-1.67158,0.885,558938.13
0.5,107,100,1.18093,0.955,454868.37
0.5,107,101,-2.38771,0.715,383787.88
0.5,107,102,-1.84132,0.885,555524.66
0.5,107,103,-1.49337,0.765,373489.27
0.5,107,104,-1.56878,0.885,558938.13
0.5,107,105,-0.85336,0.81,430077.99
0.5,107,106,-2.05,0.765,519130.99
0.5,107,107,-0.3347,1.0,557747.2
0.5,107,108,1.69972,0.955,517301.15
0.5,107,109,-1.56878,0.885,558938.13
0.5,107,110,-1.54818,0.885,558938.13
0.5,107,111,-2.17796,0.765,498935.94
0.5,107,112,-0.94158,0.77,413231.39
0.5,107,113,-2.55867,0.715,450273.04
0.5,107,114,-1.67158,0.885,558938.13
0.5,107,115,-1.72739,0.885,558938.13
0.5,107,116,1.69972,0.955,517301.15
0.5,107,117,0.24197,0.91,517301.15
0.5,107,118,-2.55867,0.715,450273.04
0.5,107,119,1.69972,0.955,517301.15
0.5,107,120,-1.69344,0.765,450273.04
0.5,107,121,1.53627,0.955,497106.1
0.5,107,122,-1.56878,0.885,558938.13
0.5,107,123,1.18093,0.955,454868.37
0.5,107,124,-1.56878,0.885,558938.13
0.5,107,125,-0.42318,1.0,557747.2
0.5,107,126,-1.71116,0.885,558938.13
0.5,107,127,-1.71116,0.885,558938.13
0.5,107,128,0.47075,0.955,501158.48
0.5,107,129,-1.56878,0.885,558938.13
0.5,107,130,-2.10222,0.765,529429.59
0.5,107,131,1.18093,0.955,454868.37
0.5,107,132,-0.3347,1.0,557747.2
0.5,107,133,-2.22514,0.765,509234.55
0.5,107,134,-2.55867,0.715,450273.04
0.5,107,135,0.95084,0.955,517301.15
0.5,107,136,1.69972,0.955,517301.15
0.5,107,137,-1.56878,0.885,558938.13
0.5,107,138,-4.09513,0.885,556715.59
0.5,107,139,-1.67158,0.885,558938.13
0.5,107,140,1.69972,0.955,517301.15
0.5,107,141,-2.55867,0.715,450273.04
0.5,107,142,0.24197,0.91,517301.15
0.5,107,143,0.92884,0.955,475063.42
0.5,107,144,0.95084,0.955,517301.15
0.5,107,145,-2.05,0.765,519130.99
0.5,107,146,-3.02488,0.765,519130.99
0.5,107,147,0.47075,0.955,501158.48
0.5,107,148,-1.56878,0.885,558938.13
0.5,107,149,-2.05,0.765,519130.99
0.5,107,150,-1.72739,0.885,558938.13
0.5,107,151,-1.71116,0.885,558938.13
0.5,107,152,-2.75774,0.885,555524.66
0.5,107,153,-1.72739,0.885,558938.13
0.5,107,154,-2.10222,0.765,529429.59
0.5,107,155,-1.72739,0.885,558938.13
0.5,107,156,1.18093,0.955,454868.37
0.5,107,157,0.16221,0.91,531652.13
0.5,107,158,1.53627,0.955,497106.1
0.5,107,159,-1.67158,0.885,558938.13
0.5,107,160,-2.05,0.765,519130.99
0.5,107,161,-1.56878,0.885,558938.13
0.5,107,162,-1.49337,0.765,373489.27
0.5,107,163,-0.21386,1.0,557747.2
0.5,107,164,-0.32241,1.0,556715.59
0.5,107,165,-1.56878,0.885,558938.13
0.5,107,166,0.98068,0.955,511457.09
0.5,107,167,-0.33098,1.0,556715.59
0.5,107,168,-1.72739,0.885,558938.13
0.5,107,169,-1.56878,0.885,558938.13
0.5,107,170,-1.54818,0.885,558938.13
0.5,107,171,-1.71116,0.885,558938.13
0.5,107,172,-1.67158,0.885,558938.13
0.5,107,173,-4.35548,0.885,557747.2
0.5,107,174,0.98068,0.955,511457.09
0.5,107,175,0.47075,0.955,501158.48
0.5,107,176,1.69972,0.955,517301.15
0.5,107,177,1.18093,0.955,454868.37
0.5,107,178,0.98068,0.955,511457.09
0.5,107,179,-1.69344,0.765,450273.04
0.5,107,180,0.44457,0.955,511457.09
0.5,107,181,-1.69344,0.765,450273.04
0.5,107,182,-1.67158,0.885,558938.13
0.5,107,183,0.19386,0.91,521353.53
0.5,107,184,-0.33098,1.0,556715.59
0.5,107,185,0.47075,0.955,501158.48
0.5,107,186,0.66784,0.955,521353.53
0.5,107,187,1.18093,0.955,454868.37
0.5,107,188,-1.56878,0.885,558938.13
0.5,107,189,-0.32241,1.0,556715.59
0.5,107,190,-1.84132,0.885,555524.66
0.5,107,191,-1.56878,0.885,558938.13
0.5,107,192,-2.55867,0.715,450273.04
0.5,107,193,1.69972,0.955,517301.15
0.5,107,194,0.47075,0.955,501158.48
0.5,107,195,-1.54818,0.885,558938.13
0.5,107,196,-1.69344,0.765,450273.04
0.5,107,197,-1.71116,0.885,558938.13
0.5,107,198,-1.54818,0.885,558938.13
0.5,107,199,-2.55867,0.715,450273.04
0.5,107,200,-2.10222,0.765,529429.59
0.75,42,1,-3.39693,0.66,452557.56
0.75,42,2,-3.76106,0.52,423343.04
0.75,42,3,0.99557,0.935,440977.07
0.75,42,4,-2.25533,0.955,534836.34
0.75,42,5,-2.85944,0.735,494516.5
0.75,42,6,-1.96412,0.955,534836.34
0.75,42,7,-1.89093,0.955,534836.34
0.75,42,8,0.19872,0.935,473755.99
0.75,42,9,-3.76106,0.52,423343.04
0.75,42,10,-2.31364,0.955,534836.34
0.75,42,11,-0.01461,0.91,503509.4
0.75,42,12,-4.45383,0.66,491390.02
0.75,42,13,-2.31768,0.66,381017.29
0.75,42,14,-2.44089,0.955,544929.45
0.75,42,15,0.20725,0.935,482936.01
0.75,42,16,1.79264,0.935,473755.99
0.75,42,17,0.99557,0.935,440977.07
0.75,42,18,-2.33671,0.955,544929.45
0.75,42,19,-0.73979,0.955,533348.96
0.75,42,20,-2.31364,0.955,534836.34
0.75,42,21,-1.89093,0.955,534836.34
0.75,42,22,0.324,0.935,443916.43
0.75,42,23,-0.76344,0.875,400470.11
0.75,42,24,-1.96412,0.955,534836.34
0.75,42,25,0.9025,0.935,491390.02
0.75,42,26,-2.31364,0.955,534836.34
0.75,42,27,0.99557,0.935,440977.07
0.75,42,28,-1.96412,0.955,534836.34
0.75,42,29,-1.51022,0.875,494516.5
0.75,42,30,-1.47894,0.735,368897.91
0.75,42,31,-4.85731,0.505,473755.99
0.75,42,32,-2.31768,0.66,381017.29
0.75,42,33,0.99557,0.935,440977.07
0.75,42,34,-3.83028,0.955,546416.83
0.75,42,35,-0.01461,0.91,503509.4
0.75,42,36,-2.36298,0.735,431430.23
0.75,42,37,-2.31364,0.955,534836.34
0.75,42,38,-2.33671,0.955,544929.45
0.75,42,39,0.69147,0.935,494329.37
0.75,42,40,-2.79485,0.955,515089.89
0.75,42,41,1.076,0.935,482936.01
0.75,42,42,0.99557,0.935,440977.07
0.75,42,43,0.69147,0.935,494329.37
0.75,42,44,-2.28051,0.955,544929.45
0.75,42,45,-0.97485,0.955,546416.83
0.75,42,46,-2.36298,0.735,431430.23
0.75,42,47,-3.90373,0.955,546416.83
0.75,42,48,-2.76094,0.955,523543.9
0.75,42,49,0.69147,0.935,494329.37
0.75,42,50,-2.28051,0.955,544929.45
0.75,42,51,-2.47329,0.955,544929.45
0.75,42,52,-2.18249,0.735,410856.85
0.75,42,53,0.10711,0.935,491390.02
0.75,42,54,-1.6454,0.77,431430.23
0.75,42,55,-0.46843,1.0,533348.96
0.75,42,56,-3.29128,0.955,523543.9
0.75,42,57,-3.92649,0.505,431797.05
0.75,42,58,-1.96412,0.955,534836.34
0.75,42,59,-1.4078,0.735,360443.9
0.75,42,60,0.99557,0.935,440977.07
0.75,42,61,-2.85944,0.735,494516.5
0.75,42,62,0.10711,0.935,491390.02
0.75,42,63,-1.47894,0.735,368897.91
0.75,42,64,-2.18249,0.735,410856.85
0.75,42,65,-2.28051,0.955,544929.45
0.75,42,66,-2.28051,0.955,544929.45
0.75,42,67,-2.28051,0.955,544929.45
0.75,42,68,-3.76106,0.52,423343.04
0.75,42,69,-1.96412,0.955,534836.34
0.75,42,70,-0.73301,0.875,410856.85
0.75,42,71,0.46025,0.935,452370.44
0.75,42,72,-2.28051,0.955,544929.45
0.75,42,73,-1.89093,0.955,534836.34
0.75,42,74,-0.73979,0.955,533348.96
0.75,42,75,-2.28051,0.955,544929.45
0.75,42,76,0.99557,0.935,440977.07
0.75,42,77,-2.44089,0.955,544929.45
0.75,42,78,0.20725,0.935,482936.01
0.75,42,79,0.79772,0.935,461550.46
0.75,42,80,0.69147,0.935,494329.37
0.75,42,81,-0.46843,1.0,533348.96
0.75,42,82,-1.96412,0.955,534836.34
0.75,42,83,0.99557,0.935,440977.07
0.75,42,84,-1.89093,0.955,534836.34
0.75,42,85,-1.6454,0.77,431430.23
0.75,42,86,0.9025,0.935,491390.02
0.75,42,87,0.99557,0.935,440977.07
0.75,42,88,-0.92548,0.875,502970.51
0.75,42,89,-1.89093,0.955,534836.34
0.75,42,90,-3.83028,0.955,546416.83
0.75,42,91,-0.85241,0.955,546416.83
0.75,42,92,2.01868,0.935,494329.37
0.75,42,93,-2.67531,0.735,431430.23
0.75,42,94,-0.70172,0.875,494516.5
0.75,42,95,-2.67531,0.735,431430.23
0.75,42,96,-2.33671,0.955,544929.45
0.75,42,97,-2.33671,0.955,544929.45
0.75,42,98,-0.70837,0.875,452557.56
0.75,42,99,-3.78235,0.955,533348.95
0.75,42,100,0.46025,0.935,452370.44
0.75,42,101,-0.11955,1.0,511963.41
0.75,42,102,-1.6454,0.77,431430.23
0.75,42,103,-0.11955,1.0,511963.41
0.75,42,104,-0.89072,0.77,379896.72
0.75,42,105,-1.96412,0.955,534836.34
0.75,42,106,-1.96412,0.955,534836.34
0.75,42,107,-0.46843,1.0,533348.96
0.75,42,108,-2.28051,0.955,544929.45
0.75,42,109,0.10711,0.935,491390.02
0.75,42,110,-0.8442,0.955,546416.83
0.75,42,111,1.39308,0.935,494329.37
0.75,42,112,-2.25533,0.955,534836.34
0.75,42,113,0.324,0.935,443916.43
0.75,42,114,1.13187,0.935,473755.99
0.75,42,115,0.46025,0.935,452370.44
0.75,42,116,-1.96412,0.955,534836.34
0.75,42,117,-0.76344,0.875,400470.11
0.75,42,118,-1.6454,0.77,431430.23
0.75,42,119,-3.92649,0.505,431797.05
0.75,42,120,0.65509,0.935,503509.4
0.75,42,121,-3.49431,0.955,515089.89
0.75,42,122,-2.67531,0.735,431430.23
0.75,42,123,-2.67531,0.735,431430.23
0.75,42,124,0.0005,0.875,423343.04
0.75,42,125,-0.73979,0.955,533348.96
0.75,42,126,0.99557,0.935,440977.07
0.75,42,127,-2.31364,0.955,534836.34
0.75,42,128,-2.44089,0.955,544929.45
0.75,42,129,1.79264,0.935,473755.99
0.75,42,130,0.99557,0.935,440977.07
0.75,42,131,-1.6454,0.77,431430.23
0.75,42,132,-2.25384,0.735,389471.3
0.75,42,133,0.99557,0.935,440977.07
0.75,42,134,-3.29128,0.955,523543.9
0.75,42,135,-0.97485,0.955,546416.83
0.75,42,136,-3.78235,0.955,533348.95
0.75,42,137,-3.81803,0.955,546416.83
0.75,42,138,-2.79485,0.955,515089.89
0.75,42,139,-2.40788,0.955,534836.34
0.75,42,140,2.01868,0.935,494329.37
0.75,42,141,0.65509,0.935,503509.4
0.75,42,142,-0.76344,0.875,400470.11
0.75,42,143,-3.39693,0.66,452557.56
0.75,42,144,-2.33671,0.955,544929.45
0.75,42,145,-0.92548,0.875,502970.51
0.75,42,146,-0.11955,1.0,511963.41
0.75,42,147,0.99557,0.935,440977.07
0.75,42,148,-1.6454,0.77,431430.23
0.75,42,149,-1.55916,0.735,381017.29
0.75,42,150,-1.96412,0.955,534836.34
0.75,42,151,-2.82124,0.735,502970.51
0.75,42,152,1.13187,0.935,473755.99
0.75,42,153,-0.76344,0.875,400470.11
0.75,42,154,-1.96412,0.955,534836.34
0.75,42,155,-2.79485,0.955,515089.89
0.75,42,156,-1.6454,0.77,431430.23
0.75,42,157,1.39308,0.935,494329.37
0.75,42,158,-3.81803,0.955,546416.83
0.75,42,159,-1.89093,0.955,534836.34
0.75,42,160,-0.73301,0.875,410856.85
0.75,42,161,-3.49431,0.955,515089.89
0.75,42,162,-3.97264,0.66,494516.5
0.75,42,163,-4.13547,0.955,511963.41
0.75,42,164,-0.76344,0.875,400470.11
0.75,42,165,-1.96412,0.955,534836.34
0.75,42,166,-1.96412,0.955,534836.34
0.75,42,167,-2.31768,0.66,381017.29
0.75,42,168,-0.73979,0.955,533348.96
0.75,42,169,-1.96412,0.955,534836.34
0.75,42,170,-2.79485,0.955,515089.89
0.75,42,171,-2.67531,0.735,431430.23
0.75,42,172,0.20725,0.935,482936.01
0.75,42,173,0.0005,0.875,423343.04
0.75,42,174,-3.01322,0.66,410856.85
0.75,42,175,-2.31364,0.955,534836.34
0.75,42,176,-4.85731,0.505,473755.99
0.75,42,177,-0.01461,0.91,503509.4
0.75,42,178,0.99557,0.935,440977.07
0.75,42,179,-2.28051,0.955,544929.45
0.75,42,180,0.79772,0.935,461550.46
0.75,42,181,-1.96412,0.955,534836.34
0.75,42,182,2.01868,0.935,494329.37
0.75,42,183,0.20725,0.935,482936.01
0.75,42,184,-2.18249,0.735,410856.85
0.75,42,185,2.01868,0.935,494329.37
0.75,42,186,-0.8442,0.955,546416.83
0.75,42,187,0.0005,0.875,423343.04
0.75,42,188,1.39308,0.935,494329.37
0.75,42,189,0.99557,0.935,440977.07
0.75,42,190,-2.31364,0.955,534836.34
0.75,42,191,-2.28051,0.955,544929.45
0.75,42,192,-2.67531,0.735,431430.23
0.75,42,193,0.99557,0.935,440977.07
0.75,42,194,2.01868,0.935,494329.37
0.75,42,195,-2.3874,0.66,368897.91
0.75,42,196,-5.02621,0.505,473755.99
0.75,42,197,-1.96412,0.955,534836.34
0.75,42,198,-2.21552,0.955,534836.34
0.75,42,199,-1.96412,0.955,534836.34
0.75,42,200,0.99557,0.935,440977.07
0.75,101,1,1.09748,0.92,495753.56
0.75,101,2,-1.6963,0.93,541216.62
0.75,101,3,-4.27262,0.61,530731.98
0.75,101,4,-0.13501,1.0,542971.29
0.75,101,5,-0.99074,0.83,436019.03
0.75,101,6,-2.29283,0.715,379117.68
0.75,101,7,-1.95581,0.755,494639.27
0.75,101,8,-3.75929,0.715,436452.67
0.75,101,9,-1.6963,0.93,541216.62
0.75,101,10,-1.6963,0.93,541216.62
0.75,101,11,-1.92152,0.72,532486.65
0.75,101,12,-1.77043,0.93,541216.62
0.75,101,13,0.68537,0.92,483670.4
0.75,101,14,0.85302,0.92,457906.19
0.75,101,15,-2.17258,0.755,485268.92
0.75,101,16,-0.96686,0.83,400359.96
0.75,101,17,1.68514,0.92,502724.38
0.75,101,18,1.52172,0.92,483670.4
0.75,101,19,-1.18413,0.855,485268.92
0.75,101,20,-1.74724,0.93,541216.62
0.75,101,21,0.97002,0.92,502724.38
0.75,101,22,-4.42293,0.61,514807.55
0.75,101,23,-3.64467,0.715,475585.29
0.75,101,24,-1.77043,0.93,541216.62
0.75,101,25,-4.18801,0.67,455506.65
0.75,101,26,-0.1596,1.0,542971.29
0.75,101,27,-3.50675,0.715,485268.92
0.75,101,28,-1.79418,0.93,541216.62
0.75,101,29,-0.1596,1.0,542971.29
0.75,101,30,-1.95581,0.755,494639.27
0.75,101,31,-0.06672,0.84,530731.98
0.75,101,32,-2.17258,0.755,485268.92
0.75,101,33,-1.15733,0.755,381305.98
0.75,101,34,-4.42167,0.715,483670.39
0.75,101,35,-2.82002,0.715,436019.03
0.75,101,36,-1.97099,0.755,436019.03
0.75,101,37,-4.29927,0.61,505123.92
0.75,101,38,-3.08445,0.715,494639.27
0.75,101,39,-1.6772,0.93,541216.62
0.75,101,40,-4.45837,0.61,530731.98
0.75,101,41,-1.6963,0.93,541216.62
0.75,101,42,-1.74724,0.93,541216.62
0.75,101,43,0.5238,0.92,486069.94
0.75,101,44,-0.58216,0.855,416965.05
0.75,101,45,-1.74724,0.93,541216.62
0.75,101,46,-1.97099,0.755,436019.03
0.75,101,47,-1.77043,0.93,541216.62
0.75,101,48,-4.8216,0.61,514807.55
0.75,101,49,-0.13501,1.0,542971.29
0.75,101,50,-0.13501,1.0,542971.29
0.75,101,51,-2.95219,0.655,504322.9
0.75,101,52,-3.75929,0.715,436452.67
0.75,101,53,-0.58216,0.855,416965.05
0.75,101,54,-2.1818,0.755,475585.29
0.75,101,55,-2.03548,0.655,504322.9
0.75,101,56,-1.6772,0.93,541216.62
0.75,101,57,-1.79418,0.93,541216.62
0.75,101,58,-2.25235,0.755,447421.55
0.75,101,59,-1.74724,0.93,541216.62
0.75,101,60,1.68514,0.92,502724.38
0.75,101,61,0.23947,0.84,505123.92
0.75,101,62,-2.82002,0.715,436019.03
0.75,101,63,1.68514,0.92,502724.38
0.75,101,64,-2.82002,0.715,436019.03
0.75,101,65,-0.0529,0.885,436452.67
0.75,101,66,0.85302,0.92,457906.19
0.75,101,67,-1.77043,0.93,541216.62
0.75,101,68,0.68537,0.92,483670.4
0.75,101,69,-0.0529,0.885,436452.67
0.75,101,70,-1.77043,0.93,541216.62
0.75,101,71,0.26756,0.885,445823.02
0.75,101,72,-2.17258,0.755,485268.92
0.75,101,73,1.52172,0.92,483670.4
0.75,101,74,-0.96686,0.83,400359.96
0.75,101,75,-4.53195,0.61,530731.98
0.75,101,76,-0.0549,0.84,530731.98
0.75,101,77,-2.95219,0.655,504322.9
0.75,101,78,0.26756,0.885,445823.02
0.75,101,79,0.97002,0.92,502724.38
0.75,101,80,0.28823,0.885,502724.38
0.75,101,81,-1.6963,0.93,541216.62
0.75,101,82,-1.79418,0.93,541216.62
0.75,101,83,-0.06672,0.84,530731.98
0.75,101,84,-1.34563,0.755,369747.33
0.75,101,85,0.85302,0.92,457906.19
0.75,101,86,-1.74724,0.93,541216.62
0.75,101,87,-2.95219,0.655,504322.9
0.75,101,88,-2.25235,0.755,447421.55
0.75,101,89,-2.34236,0.715,388801.31
0.75,101,90,-2.08753,0.755,436019.03
0.75,101,91,-2.03548,0.655,504322.9
0.75,101,92,-2.08753,0.755,436019.03
0.75,101,93,1.11186,0.92,438852.21
0.75,101,94,-2.82002,0.715,436019.03
0.75,101,95,-1.97099,0.755,436019.03
0.75,101,96,1.68514,0.92,502724.38
0.75,101,97,0.85302,0.92,457906.19
0.75,101,98,-0.08486,1.0,542971.29
0.75,101,99,-2.82002,0.715,436019.03
0.75,101,100,-1.6772,0.93,541216.62
0.75,101,101,0.52878,0.92,495753.56
0.75,101,102,-0.06672,0.84,530731.98
0.75,101,103,-0.1596,1.0,542971.29
0.75,101,104,-2.418,0.715,428367.57
0.75,101,105,-0.1596,1.0,542971.29
0.75,101,106,-1.97099,0.755,436019.03
0.75,101,107,1.11186,0.92,438852.21
0.75,101,108,1.11186,0.92,438852.21
0.75,101,109,-0.1596,1.0,542971.29
0.75,101,110,-5.25784,0.67,502724.38
0.75,101,111,-3.50675,0.715,485268.92
0.75,101,112,1.11186,0.92,438852.21
0.75,101,113,0.29157,0.885,455506.65
0.75,101,114,-1.77043,0.93,541216.62
0.75,101,115,-2.95219,0.655,504322.9
0.75,101,116,-0.96686,0.83,400359.96
0.75,101,117,-0.96686,0.83,400359.96
0.75,101,118,-2.03548,0.655,504322.9
0.75,101,119,-2.29283,0.715,379117.68
0.75,101,120,0.29157,0.885,455506.65
0.75,101,121,-1.92152,0.72,532486.65
0.75,101,122,-1.6772,0.93,541216.62
0.75,101,123,0.735,0.885,505123.92
0.75,101,124,-2.03548,0.655,504322.9
0.75,101,125,-1.79418,0.93,541216.62
0.75,101,126,-1.38538,0.755,360063.7
0.75,101,127,-2.17258,0.755,485268.92
0.75,101,128,-1.6963,0.93,541216.62
0.75,101,129,-1.74724,0.93,541216.62
0.75,101,130,1.68514,0.92,502724.38
0.75,101,131,-0.96686,0.83,400359.96
0.75,101,132,-1.6772,0.93,541216.62
0.75,101,133,0.97002,0.92,502724.38
0.75,101,134,-1.97099,0.755,436019.03
0.75,101,135,1.11186,0.92,438852.21
0.75,101,136,-1.77043,0.93,541216.62
0.75,101,137,1.11186,0.92,438852.21
0.75,101,138,1.52172,0.92,483670.4
0.75,101,139,-1.6963,0.93,541216.62
0.75,101,140,1.11186,0.92,438852.21
0.75,101,141,1.14969,0.92,486069.94
0.75,101,142,-1.95581,0.755,494639.27
0.75,101,143,0.85302,0.92,457906.19
0.75,101,144,-1.6772,0.93,541216.62
0.75,101,145,-1.6963,0.93,541216.62
0.75,101,146,0.97002,0.92,502724.38
0.75,101,147,-1.95581,0.755,494639.27
0.75,101,148,-0.6271,0.84,530731.98
0.75,101,149,0.23926,0.84,514807.54
0.75,101,150,-2.82002,0.715,436019.03
0.75,101,151,-4.42167,0.715,483670.39
0.75,101,152,-2.03548,0.655,504322.9
0.75,101,153,-3.50675,0.715,485268.92
0.75,101,154,1.14969,0.92,486069.94
0.75,101,155,-0.06672,0.84,530731.98
0.75,101,156,-0.13501,1.0,542971.29
0.75,101,157,-2.08753,0.755,436019.03
0.75,101,158,-0.0549,0.84,530731.98
0.75,101,159,1.68514,0.92,502724.38
0.75,101,160,-1.92152,0.72,532486.65
0.75,101,161,-1.95581,0.755,494639.27
0.75,101,162,-1.97099,0.755,436019.03
0.75,101,163,0.97002,0.92,502724.38
0.75,101,164,-1.97099,0.755,436019.03
0.75,101,165,-4.27262,0.61,530731.98
0.75,101,166,1.09748,0.92,495753.56
0.75,101,167,0.28823,0.885,502724.38
0.75,101,168,-1.6963,0.93,541216.62
0.75,101,169,-4.29927,0.61,505123.92
0.75,101,170,-2.25235,0.755,447421.55
0.75,101,171,-2.34236,0.715,388801.31
0.75,101,172,0.29157,0.885,455506.65
0.75,101,173,-1.74724,0.93,541216.62
0.75,101,174,-2.09761,0.755,475585.29
0.75,101,175,-2.59706,0.655,532486.65
0.75,101,176,0.5238,0.92,486069.94
0.75,101,177,-1.60134,0.755,379117.68
0.75,101,178,-1.6963,0.93,541216.62
0.75,101,179,1.11186,0.92,438852.21
0.75,101,180,-0.08486,1.0,542971.29
0.75,101,181,1.11186,0.92,438852.21
0.75,101,182,-0.99074,0.83,436019.03
0.75,101,183,-1.6963,0.93,541216.62
0.75,101,184,-0.06672,0.84,530731.98
0.75,101,185,1.11186,0.92,438852.21
0.75,101,186,-1.79418,0.93,541216.62
0.75,101,187,0.28823,0.885,502724.38
0.75,101,188,-1.97099,0.755,436019.03
0.75,101,189,-0.96686,0.83,400359.96
0.75,101,190,-1.18413,0.855,485268.92
0.75,101,191,-1.77043,0.93,541216.62
0.75,101,192,-1.34563,0.755,369747.33
0.75,101,193,-1.62115,0.83,494639.27
0.75,101,194,-1.97099,0.755,436019.03
0.75,101,195,-1.95581,0.755,494639.27
0.75,101,196,1.11186,0.92,438852.21
0.75,101,197,-1.74724,0.93,541216.62
0.75,101,198,1.14969,0.92,486069.94
0.75,101,199,1.14969,0.92,486069.94
0.75,101,200,-1.6963,0.93,541216.62
0.75,102,1,-2.01418,0.715,469883.84
0.75,102,2,-1.70727,0.71,524271.0
0.75,102,3,-1.63753,0.71,524271.0
0.75,102,4,-1.72148,0.71,524271.0
0.75,102,5,-1.63753,0.71,524271.0
0.75,102,6,-2.04754,0.715,482982.92
0.75,102,7,-2.01418,0.715,469883.84
0.75,102,8,2.20541,0.95,474131.11
0.75,102,9,-3.20682,0.675,433188.49
0.75,102,10,0.71621,0.895,479851.04
0.75,102,11,1.33893,0.95,435493.78
0.75,102,12,-1.63753,0.71,524271.0
0.75,102,13,1.18298,0.95,456079.9
0.75,102,14,-4.74999,0.58,506816.77
0.75,102,15,-0.02991,0.895,453545.0
0.75,102,16,-1.71227,0.71,524271.0
0.75,102,17,-0.075,0.885,527402.88
0.75,102,18,1.48945,0.95,474131.11
0.75,102,19,0.97554,0.95,500437.15
0.75,102,20,-0.01768,0.885,527402.88
0.75,102,21,-0.00929,0.885,527402.88
0.75,102,22,-3.20682,0.675,433188.49
0.75,102,23,1.33893,0.95,435493.78
0.75,102,24,0.42017,0.885,507924.18
0.75,102,25,-1.63753,0.71,524271.0
0.75,102,26,-2.37805,0.675,433188.49
0.75,102,27,-4.35178,0.58,506816.77
0.75,102,28,-0.33033,0.855,412602.38
0.75,102,29,0.53111,0.885,500437.15
0.75,102,30,-2.99764,0.675,490469.95
0.75,102,31,-1.58406,0.715,412602.38
0.75,102,32,-1.61025,0.71,524271.0
0.75,102,33,-1.70727,0.71,524271.0
0.75,102,34,-0.075,0.885,527402.88
0.75,102,35,-1.71227,0.71,524271.0
0.75,102,36,-5.22778,0.63,474131.11
0.75,102,37,0.762,0.885,507924.18
0.75,102,38,0.72383,0.895,429773.86
0.75,102,39,-2.37805,0.675,433188.49
0.75,102,40,-1.72148,0.71,524271.0
0.75,102,41,2.20541,0.95,474131.11
0.75,102,42,-1.7708,0.715,438625.67
0.75,102,43,0.53111,0.885,500437.15
0.75,102,44,-4.58624,0.6,429773.86
0.75,102,45,2.20541,0.95,474131.11
0.75,102,46,-1.71227,0.71,524271.0
0.75,102,47,0.762,0.885,507924.18
0.75,102,48,-1.63753,0.71,524271.0
0.75,102,49,0.71621,0.895,479851.04
0.75,102,50,2.20541,0.95,474131.11
0.75,102,51,-3.28422,0.605,364767.78
0.75,102,52,-1.70727,0.71,524271.0
0.75,102,53,-0.01768,0.885,527402.88
0.75,102,54,-2.37805,0.675,433188.49
0.75,102,55,-1.58406,0.715,412602.38
0.75,102,56,1.33893,0.95,435493.78
0.75,102,57,1.18298,0.95,456079.9
0.75,102,58,-1.71227,0.71,524271.0
0.75,102,59,-0.52902,0.78,385353.9
0.75,102,60,-2.37805,0.675,433188.49
0.75,102,61,-1.70727,0.71,524271.0
0.75,102,62,-1.61025,0.71,524271.0
0.75,102,63,0.53111,0.885,500437.15
0.75,102,64,-2.13042,0.645,514241.09
0.75,102,65,0.71621,0.895,479851.04
0.75,102,66,0.71621,0.895,479851.04
0.75,102,67,-1.74115,0.645,514241.09
0.75,102,68,1.18298,0.95,456079.9
0.75,102,69,1.18298,0.95,456079.9
0.75,102,70,-1.63753,0.71,524271.0
0.75,102,71,-1.63753,0.71,524271.0
0.75,102,72,-2.7613,0.675,388831.24
0.75,102,73,-3.20682,0.675,433188.49
0.75,102,74,-0.01768,0.885,527402.88
0.75,102,75,-2.36188,0.715,438625.67
0.75,102,76,0.71621,0.895,479851.04
0.75,102,77,1.39354,0.95,479851.04
0.75,102,78,1.21169,0.95,487338.07
0.75,102,79,-1.70727,0.71,524271.0
0.75,102,80,-2.01418,0.715,469883.84
0.75,102,81,0.61014,0.895,487338.07
0.75,102,82,-1.74115,0.645,514241.09
0.75,102,83,-3.20682,0.675,433188.49
0.75,102,84,-1.72148,0.71,524271.0
0.75,102,85,-1.05779,0.715,368245.12
0.75,102,86,-0.01768,0.885,527402.88
0.75,102,87,-2.37805,0.675,433188.49
0.75,102,88,0.3053,0.885,506816.77
0.75,102,89,1.39354,0.95,479851.04
0.75,102,90,1.27643,0.95,453545.0
0.75,102,91,-1.63753,0.71,524271.0
0.75,102,92,-2.99764,0.675,490469.95
0.75,102,93,-1.72479,0.715,433188.49
0.75,102,94,-1.63753,0.71,524271.0
0.75,102,95,-2.90602,0.675,360758.1
0.75,102,96,1.33893,0.95,435493.78
0.75,102,97,0.53111,0.885,500437.15
0.75,102,98,-1.63753,0.71,524271.0
0.75,102,99,0.97554,0.95,500437.15
0.75,102,100,-3.47751,0.675,412602.38
0.75,102,101,-5.27163,0.56,456079.9
0.75,102,102,0.61014,0.895,487338.07
0.75,102,103,0.97554,0.95,500437.15
0.75,102,104,-0.67076,0.855,433188.49
0.75,102,105,-4.79278,0.58,527402.88
0.75,102,106,-0.11611,0.885,527402.88
0.75,102,107,-0.67076,0.855,433188.49
0.75,102,108,-0.52902,0.78,385353.9
0.75,102,109,-1.63753,0.71,524271.0
0.75,102,110,-1.70727,0.71,524271.0
0.75,102,111,-0.00929,0.885,527402.88
0.75,102,112,0.3053,0.885,506816.77
0.75,102,113,-0.60541,0.78,364767.78
0.75,102,114,0.97554,0.95,500437.15
0.75,102,115,0.5866,0.895,422286.83
0.75,102,116,0.53111,0.885,500437.15
0.75,102,117,0.30144,0.895,401700.71
0.75,102,118,-4.35178,0.58,506816.77
0.75,102,119,-2.37805,0.675,433188.49
0.75,102,120,-1.05779,0.715,368245.12
0.75,102,121,1.33893,0.95,435493.78
0.75,102,122,-4.24987,0.56,409187.74
0.75,102,123,1.33893,0.95,435493.78
0.75,102,124,1.18298,0.95,456079.9
0.75,102,125,-1.61025,0.71,524271.0
0.75,102,126,-1.61025,0.71,524271.0
0.75,102,127,-1.71227,0.71,524271.0
0.75,102,128,-1.58406,0.715,412602.38
0.75,102,129,-0.52902,0.78,385353.9
0.75,102,130,1.33893,0.95,435493.78
0.75,102,131,-0.01768,0.885,527402.88
0.75,102,132,-5.27423,0.56,453544.99
0.75,102,133,2.0227,0.95,456079.9
0.75,102,134,-4.74999,0.58,506816.77
0.75,102,135,-1.71227,0.71,524271.0
0.75,102,136,-0.33033,0.855,412602.38
0.75,102,137,0.71621,0.895,479851.04
0.75,102,138,-1.71227,0.71,524271.0
0.75,102,139,-1.72148,0.71,524271.0
0.75,102,140,-1.71227,0.71,524271.0
0.75,102,141,1.33893,0.95,435493.78
0.75,102,142,-2.99764,0.675,490469.95
0.75,102,143,-0.075,0.885,527402.88
0.75,102,144,-0.075,0.885,527402.88
0.75,102,145,-4.8324,0.58,507924.18
0.75,102,146,-3.47751,0.675,412602.38
0.75,102,147,-2.00555,0.715,490469.95
0.75,102,148,1.33893,0.95,435493.78
0.75,102,149,-0.20436,0.885,506816.77
0.75,102,150,-1.71227,0.71,524271.0
0.75,102,151,0.42017,0.885,507924.18
0.75,102,152,0.71621,0.895,479851.04
0.75,102,153,-1.63753,0.71,524271.0
0.75,102,154,-1.72148,0.71,524271.0
0.75,102,155,-1.61025,0.71,524271.0
0.75,102,156,-1.70727,0.71,524271.0
0.75,102,157,-1.63753,0.71,524271.0
0.75,102,158,0.3053,0.885,506816.77
0.75,102,159,1.33893,0.95,435493.78
0.75,102,160,2.20541,0.95,474131.11
0.75,102,161,2.20541,0.95,474131.11
0.75,102,162,-0.075,0.885,527402.88
0.75,102,163,1.33893,0.95,435493.78
0.75,102,164,0.3053,0.885,506816.77
0.75,102,165,-2.99764,0.675,490469.95
0.75,102,166,1.48945,0.95,474131.11
0.75,102,167,-4.35178,0.58,506816.77
0.75,102,168,0.3053,0.885,506816.77
0.75,102,169,-2.00555,0.715,490469.95
0.75,102,170,0.53111,0.885,500437.15
0.75,102,171,-1.61025,0.71,524271.0
0.75,102,172,-1.70727,0.71,524271.0
0.75,102,173,0.762,0.885,507924.18
0.75,102,174,-1.61025,0.71,524271.0
0.75,102,175,0.61014,0.895,487338.07
0.75,102,176,0.3053,0.885,506816.77
0.75,102,177,1.27643,0.95,453545.0
0.75,102,178,-1.71227,0.71,524271.0
0.75,102,179,-4.7769,0.58,527402.88
0.75,102,180,-3.52742,0.675,469883.84
0.75,102,181,-4.09341,0.56,401700.71
0.75,102,182,-3.47751,0.675,412602.38
0.75,102,183,-2.37805,0.675,433188.49
0.75,102,184,1.33893,0.95,435493.78
0.75,102,185,0.2377,0.885,507924.18
0.75,102,186,-0.98051,0.715,360758.1
0.75,102,187,0.2377,0.885,507924.18
0.75,102,188,-0.00929,0.885,527402.88
0.75,102,189,1.33893,0.95,435493.78
0.75,102,190,1.27643,0.95,453545.0
0.75,102,191,-1.71227,0.71,524271.0
0.75,102,192,-1.70727,0.71,524271.0
0.75,102,193,1.21169,0.95,487338.07
0.75,102,194,-2.00555,0.715,490469.95
0.75,102,195,1.18298,0.95,456079.9
0.75,102,196,1.27643,0.95,453545.0
0.75,102,197,-0.01768,0.885,527402.88
0.75,102,198,-2.00555,0.715,490469.95
0.75,102,199,-1.72148,0.71,524271.0
0.75,102,200,-4.81441,0.58,507924.18
0.75,103,1,-1.72006,0.815,508551.42
0.75,103,2,-3.37416,0.885,564084.34
0.75,103,3,-1.35295,1.0,565771.9
0.75,103,4,-1.98237,0.815,508551.42
0.75,103,5,-1.66112,0.715,440320.57
0.75,103,6,-1.73945,0.855,518881.48
0.75,103,7,-0.48776,0.93,497203.36
0.75,103,8,-1.34384,1.0,564084.34
0.75,103,9,-0.2257,0.93,495853.49
0.75,103,10,-0.17854,0.93,485523.43
0.75,103,11,-0.48776,0.93,497203.36
0.75,103,12,-0.2257,0.93,495853.49
0.75,103,13,-1.27394,1.0,565771.9
0.75,103,14,-1.27394,1.0,565771.9
0.75,103,15,-3.36968,0.715,517193.92
0.75,103,16,-1.73945,0.855,518881.48
0.75,103,17,-2.46103,0.715,439982.89
0.75,103,18,-0.52308,0.93,486873.31
0.75,103,19,-2.14539,0.715,440966.6
0.75,103,20,-0.17854,0.93,485523.43
0.75,103,21,-0.2257,0.93,495853.49
0.75,103,22,-2.20421,0.715,394076.18
0.75,103,23,0.64433,1.0,544093.78
0.75,103,24,-3.37416,0.885,564084.34
0.75,103,25,-3.50968,0.885,564084.34
0.75,103,26,-1.38018,1.0,544431.46
0.75,103,27,-3.50968,0.885,564084.34
0.75,103,28,-3.95774,0.645,506863.87
0.75,103,29,-1.05679,0.78,385830.05
0.75,103,30,-1.61179,0.715,440966.6
0.75,103,31,-1.50601,0.715,362405.69
0.75,103,32,-3.50968,0.885,564084.34
0.75,103,33,-1.85133,0.815,487210.99
0.75,103,34,-1.73945,0.855,518881.48
0.75,103,35,-1.27394,1.0,565771.9
0.75,103,36,-1.73945,0.855,518881.48
0.75,103,37,-2.14539,0.715,440966.6
0.75,103,38,0.34416,0.965,459973.45
0.75,103,39,-4.05439,0.645,522753.34
0.75,103,40,0.58521,0.965,438633.01
0.75,103,41,-1.61179,0.715,440966.6
0.75,103,42,-1.27394,1.0,565771.9
0.75,103,43,-0.44285,0.93,506863.87
0.75,103,44,-1.27394,1.0,565771.9
0.75,103,45,-1.77498,0.715,419626.16
0.75,103,46,-1.34384,1.0,564084.34
0.75,103,47,-1.72006,0.815,508551.42
0.75,103,48,-4.17168,0.645,522753.35
0.75,103,49,-0.75754,1.0,542743.91
0.75,103,50,0.31497,0.965,497203.36
0.75,103,51,-0.17854,0.93,485523.43
0.75,103,52,-1.61179,0.715,440966.6
0.75,103,53,-2.86805,0.645,385830.05
0.75,103,54,-1.66343,0.715,440966.59
0.75,103,55,-1.86603,0.815,497541.04
0.75,103,56,-1.34384,1.0,564084.34
0.75,103,57,-1.27394,1.0,565771.9
0.75,103,58,-3.18761,0.67,475862.92
0.75,103,59,-1.27394,1.0,565771.9
0.75,103,60,-1.61179,0.715,440966.6
0.75,103,61,-1.61179,0.715,440966.6
0.75,103,62,-1.35295,1.0,565771.9
0.75,103,63,0.34416,0.965,459973.45
0.75,103,64,-1.05679,0.78,385830.05
0.75,103,65,-1.27394,1.0,565771.9
0.75,103,66,-0.75754,1.0,542743.91
0.75,103,67,0.34416,0.965,459973.45
0.75,103,68,-2.14539,0.715,440966.6
0.75,103,69,-2.73703,0.715,508551.42
0.75,103,70,-1.27394,1.0,565771.9
0.75,103,71,-2.20421,0.715,394076.18
0.75,103,72,0.58521,0.965,438633.01
0.75,103,73,-1.27394,1.0,565771.9
0.75,103,74,0.64433,1.0,544093.78
0.75,103,75,-1.27394,1.0,565771.9
0.75,103,76,-1.72006,0.815,508551.42
0.75,103,77,0.58521,0.965,438633.01
0.75,103,78,0.34416,0.965,459973.45
0.75,103,79,0.05221,0.93,506863.87
0.75,103,80,-1.72006,0.815,508551.42
0.75,103,81,-1.27394,1.0,565771.9
0.75,103,82,-0.87706,0.855,407170.49
0.75,103,83,0.64433,1.0,544093.78
0.75,103,84,0.31497,0.965,497203.36
0.75,103,85,-2.24163,0.715,461661.0
0.75,103,86,-0.48776,0.93,497203.36
0.75,103,87,-1.27394,1.0,565771.9
0.75,103,88,-1.35295,1.0,565771.9
0.75,103,89,-4.6965,0.8,544093.78
0.75,103,90,-2.20421,0.715,394076.18
0.75,103,91,-0.44285,0.93,506863.87
0.75,103,92,-4.57906,0.8,544093.78
0.75,103,93,-1.27394,1.0,565771.9
0.75,103,94,-1.35295,1.0,565771.9
0.75,103,95,0.16436,1.0,544093.78
0.75,103,96,-0.17854,0.93,485523.43
0.75,103,97,-3.53742,0.885,565771.9
0.75,103,98,-1.27394,1.0,565771.9
0.75,103,99,-4.27026,0.645,522753.34
0.75,103,100,-2.14539,0.715,440966.6
0.75,103,101,-0.17854,0.93,485523.43
0.75,103,102,-1.61179,0.715,440966.6
0.75,103,103,-1.73163,0.715,394076.17
0.75,103,104,-1.35295,1.0,565771.9
0.75,103,105,-1.72006,0.815,508551.42
0.75,103,106,-1.27394,1.0,565771.9
0.75,103,107,-0.03416,0.93,517193.92
0.75,103,108,-1.27394,1.0,565771.9
0.75,103,109,-1.27394,1.0,565771.9
0.75,103,110,-1.80555,1.0,544431.46
0.75,103,111,-1.27394,1.0,565771.9
0.75,103,112,0.58521,0.965,438633.01
0.75,103,113,-1.26546,1.0,564084.34
0.75,103,114,-0.17854,0.93,485523.43
0.75,103,115,-1.27394,1.0,565771.9
0.75,103,116,-1.27394,1.0,565771.9
0.75,103,117,-0.52308,0.93,486873.31
0.75,103,118,-1.27394,1.0,565771.9
0.75,103,119,-0.22177,1.0,544093.78
0.75,103,120,-0.52308,0.93,486873.31
0.75,103,121,-0.73229,0.93,475862.92
0.75,103,122,-1.27394,1.0,565771.9
0.75,103,123,-0.87706,0.855,407170.49
0.75,103,124,-1.66343,0.715,440966.59
0.75,103,125,-1.27394,1.0,565771.9
0.75,103,126,-2.58469,0.715,518881.48
0.75,103,127,-2.14539,0.715,440966.6
0.75,103,128,-0.2257,0.93,495853.49
0.75,103,129,-2.39041,0.645,372735.74
0.75,103,130,-1.61179,0.715,440966.6
0.75,103,131,-1.73945,0.855,518881.48
0.75,103,132,-1.34662,0.815,439982.89
0.75,103,133,-1.27394,1.0,565771.9
0.75,103,134,-1.61179,0.715,440966.6
0.75,103,135,-2.21356,0.67,383746.12
0.75,103,136,0.58521,0.965,438633.01
0.75,103,137,-0.44285,0.93,506863.87
0.75,103,138,0.64433,1.0,544093.78
0.75,103,139,-4.27026,0.645,522753.34
0.75,103,140,-1.80555,1.0,544431.46
0.75,103,141,0.34416,0.965,459973.45
0.75,103,142,-2.58469,0.715,518881.48
0.75,103,143,-1.38018,1.0,544431.46
0.75,103,144,-0.4951,0.93,517193.92
0.75,103,145,-1.27394,1.0,565771.9
0.75,103,146,-1.66112,0.715,440320.57
0.75,103,147,-1.73945,0.855,518881.48
0.75,103,148,-1.73945,0.855,518881.48
0.75,103,149,-1.34384,1.0,564084.34
0.75,103,150,-1.34384,1.0,564084.34
0.75,103,151,-3.30194,0.885,544431.46
0.75,103,152,-3.50968,0.885,564084.34
0.75,103,153,0.58521,0.965,438633.01
0.75,103,154,-0.17854,0.93,485523.43
0.75,103,155,-1.61179,0.715,440966.6
0.75,103,156,-1.27394,1.0,565771.9
0.75,103,157,-0.48776,0.93,497203.36
0.75,103,158,-1.27394,1.0,565771.9
0.75,103,159,0.16436,1.0,544093.78
0.75,103,160,-1.50601,0.715,362405.69
0.75,103,161,-2.73703,0.715,508551.42
0.75,103,162,-1.27394,1.0,565771.9
0.75,103,163,0.16436,1.0,544093.78
0.75,103,164,0.28145,0.93,495853.49
0.75,103,165,-1.27394,1.0,565771.9
0.75,103,166,-1.27394,1.0,565771.9
0.75,103,167,-1.86603,0.815,497541.04
0.75,103,168,-3.46008,0.645,486873.31
0.75,103,169,-1.61179,0.715,440966.6
0.75,103,170,-1.05154,1.0,542743.91
0.75,103,171,-2.58469,0.715,518881.48
0.75,103,172,-0.4951,0.93,517193.92
0.75,103,173,-1.05154,1.0,542743.91
0.75,103,174,-0.22177,1.0,544093.78
0.75,103,175,-1.35295,1.0,565771.9
0.75,103,176,-1.86603,0.815,497541.04
0.75,103,177,-1.77498,0.715,419626.16
0.75,103,178,0.16436,1.0,544093.78
0.75,103,179,-1.27394,1.0,565771.9
0.75,103,180,-1.72006,0.815,508551.42
0.75,103,181,-2.39486,0.715,440320.57
0.75,103,182,-1.27394,1.0,565771.9
0.75,103,183,-1.27394,1.0,565771.9
0.75,103,184,-0.17854,0.93,485523.43
0.75,103,185,-2.86805,0.645,385830.05
0.75,103,186,-1.61179,0.715,440966.6
0.75,103,187,-3.37416,0.885,564084.34
0.75,103,188,-1.38018,1.0,544431.46
0.75,103,189,0.68463,0.965,522753.34
0.75,103,190,0.58521,0.965,438633.01
0.75,103,191,-1.35295,1.0,565771.9
0.75,103,192,-0.17854,0.93,485523.43
0.75,103,193,-1.35295,1.0,565771.9
0.75,103,194,-1.27394,1.0,565771.9
0.75,103,195,-0.4951,0.93,517193.92
0.75,103,196,-1.27394,1.0,565771.9
0.75,103,197,-3.50968,0.885,564084.34
0.75,103,198,-1.35295,1.0,565771.9
0.75,103,199,-1.27394,1.0,565771.9
0.75,103,200,-1.27394,1.0,565771.9
0.75,105,1,-2.91065,0.74,501868.52
0.75,105,2,-2.49731,0.695,440556.86
0.75,105,3,1.22787,0.955,453285.27
0.75,105,4,0.07164,0.895,527431.86
0.75,105,5,-4.18367,0.6,551252.44
0.75,105,6,-1.25654,0.895,556338.99
0.75,105,7,1.22787,0.955,453285.27
0.75,105,8,-1.38517,0.79,536662.87
0.75,105,9,0.10892,0.895,516458.1
0.75,105,10,-3.91264,0.6,549962.74
0.75,105,11,-1.25654,0.895,556338.99
0.75,105,12,-1.71055,0.74,501868.52
0.75,105,13,-1.71055,0.74,501868.52
0.75,105,14,1.68572,0.955,513444.05
0.75,105,15,-2.30594,0.74,440556.86
0.75,105,16,-1.76028,0.74,512842.29
0.75,105,17,-2.42086,0.74,493166.16
0.75,105,18,-1.34069,0.895,556338.99
0.75,105,19,-2.91065,0.74,501868.52
0.75,105,20,-2.49731,0.695,440556.86
0.75,105,21,-1.54671,0.74,386086.39
0.75,105,22,1.68572,0.955,513444.05
0.75,105,23,0.95508,0.955,472961.39
0.75,105,24,-1.76028,0.74,512842.29
0.75,105,25,-4.12142,0.6,549962.74
0.75,105,26,0.404,0.925,496781.98
0.75,105,27,-1.73554,0.74,440556.86
0.75,105,28,-1.34069,0.895,556338.99
0.75,105,29,-1.54647,0.74,397060.15
0.75,105,30,-1.54647,0.74,397060.15
0.75,105,31,-2.91065,0.74,501868.52
0.75,105,32,-1.34069,0.895,556338.99
0.75,105,33,0.96241,0.955,496781.98
0.75,105,34,-4.29857,0.6,551252.44
0.75,105,35,0.94843,0.955,513444.05
0.75,105,36,1.52063,0.955,493767.93
0.75,105,37,-1.34069,0.895,556338.99
0.75,105,38,-1.34069,0.895,556338.99
0.75,105,39,-1.34069,0.895,556338.99
0.75,105,40,-4.95292,0.635,513444.05
0.75,105,41,-0.39434,0.895,551252.45
0.75,105,42,0.07164,0.895,527431.86
0.75,105,43,1.22787,0.955,453285.27
0.75,105,44,1.22787,0.955,453285.27
0.75,105,45,-0.39434,0.895,551252.45
0.75,105,46,-1.25654,0.895,556338.99
0.75,105,47,-0.64525,0.78,402177.0
0.75,105,48,-4.12142,0.6,549962.74
0.75,105,49,-0.85011,0.74,382500.88
0.75,105,50,1.52063,0.955,493767.93
0.75,105,51,0.56762,0.895,516458.1
0.75,105,52,0.94843,0.955,513444.05
0.75,105,53,0.88447,0.955,507755.74
0.75,105,54,-1.25654,0.895,556338.99
0.75,105,55,-0.60643,0.895,551252.44
0.75,105,56,-1.25654,0.895,556338.99
0.75,105,57,-0.77026,0.895,549962.74
0.75,105,58,0.94843,0.955,513444.05
0.75,105,59,-0.60643,0.895,551252.44
0.75,105,60,-3.04078,0.615,382500.88
0.75,105,61,-2.73519,0.74,512842.29
0.75,105,62,0.10892,0.895,516458.1
0.75,105,63,-2.36546,0.695,397060.15
0.75,105,64,-1.73554,0.74,440556.86
0.75,105,65,-1.25654,0.895,556338.99
0.75,105,66,-1.34069,0.895,556338.99
0.75,105,67,-0.85011,0.74,382500.88
0.75,105,68,0.44356,0.895,527431.86
0.75,105,69,0.10892,0.895,516458.1
0.75,105,70,-1.25654,0.895,556338.99
0.75,105,71,-4.80749,0.635,507755.74
0.75,105,72,-0.60643,0.895,551252.44
0.75,105,73,-2.49731,0.695,440556.86
0.75,105,74,-0.64525,0.78,402177.0
0.75,105,75,0.07164,0.895,527431.86
0.75,105,76,1.22787,0.955,453285.27
0.75,105,77,-0.39434,0.895,551252.45
0.75,105,78,0.404,0.925,496781.98
0.75,105,79,0.37229,0.925,507755.74
0.75,105,80,-0.48617,0.895,549962.74
0.75,105,81,0.10405,0.925,469947.34
0.75,105,82,-1.73554,0.74,440556.86
0.75,105,83,-1.58606,0.74,438695.69
0.75,105,84,-2.73519,0.74,512842.29
0.75,105,85,-1.71055,0.74,501868.52
0.75,105,86,0.07164,0.895,527431.86
0.75,105,87,0.10405,0.925,469947.34
0.75,105,88,-1.34069,0.895,556338.99
0.75,105,89,-1.73554,0.74,440556.86
0.75,105,90,-1.31915,0.74,366410.27
0.75,105,91,1.68572,0.955,513444.05
0.75,105,92,-2.85763,0.695,420880.74
0.75,105,93,-1.31317,0.74,377384.03
0.75,105,94,-1.25654,0.895,556338.99
0.75,105,95,-1.25654,0.895,556338.99
0.75,105,96,-2.42086,0.74,493166.16
0.75,105,97,-2.00327,0.74,512842.29
0.75,105,98,-0.22278,0.925,450271.22
0.75,105,99,0.67528,0.955,493767.93
0.75,105,100,-2.49731,0.695,440556.86
0.75,105,101,-4.21842,0.6,527431.86
0.75,105,102,-1.25654,0.895,556338.99
0.75,105,103,-1.25654,0.895,556338.99
0.75,105,104,-4.29857,0.6,551252.44
0.75,105,105,1.22787,0.955,453285.27
0.75,105,106,-1.25654,0.895,556338.99
0.75,105,107,-1.25654,0.895,556338.99
0.75,105,108,-2.73519,0.74,512842.29
0.75,105,109,-3.93565,0.635,458973.58
0.75,105,110,-2.49731,0.695,440556.86
0.75,105,111,1.22787,0.955,453285.27
0.75,105,112,-1.34069,0.895,556338.99
0.75,105,113,0.56762,0.895,516458.1
0.75,105,114,-4.1273,0.6,551252.44
0.75,105,115,-3.52951,0.635,439297.46
0.75,105,116,-1.87214,0.65,536662.87
0.75,105,117,-2.73519,0.74,512842.29
0.75,105,118,-1.34069,0.895,556338.99
0.75,105,119,-1.71055,0.74,501868.52
0.75,105,120,0.37229,0.925,507755.74
0.75,105,121,-1.71055,0.74,501868.52
0.75,105,122,0.37229,0.925,507755.74
0.75,105,123,0.10892,0.895,516458.1
0.75,105,124,0.07164,0.895,527431.86
0.75,105,125,-3.52951,0.635,439297.46
0.75,105,126,-3.28815,0.695,493166.16
0.75,105,127,0.05625,0.925,458973.58
0.75,105,128,0.94843,0.955,513444.05
0.75,105,129,-4.77639,0.635,493767.93
0.75,105,130,-4.29039,0.635,507755.74
0.75,105,131,-1.25654,0.895,556338.99
0.75,105,132,-1.73554,0.74,440556.86
0.75,105,133,-1.25654,0.895,556338.99
0.75,105,134,-1.31854,0.74,440556.86
0.75,105,135,-4.039,0.635,469947.34
0.75,105,136,-2.49731,0.695,440556.86
0.75,105,137,1.22787,0.955,453285.27
0.75,105,138,-1.34069,0.895,556338.99
0.75,105,139,-3.93565,0.635,458973.58
0.75,105,140,-1.34069,0.895,556338.99
0.75,105,141,-1.25654,0.895,556338.99
0.75,105,142,1.68572,0.955,513444.05
0.75,105,143,-1.25654,0.895,556338.99
0.75,105,144,-1.71055,0.74,501868.52
0.75,105,145,-2.49731,0.695,440556.86
0.75,105,146,-3.04078,0.615,382500.88
0.75,105,147,-4.77639,0.635,493767.93
0.75,105,148,0.404,0.925,496781.98
0.75,105,149,1.68572,0.955,513444.05
0.75,105,150,1.68572,0.955,513444.05
0.75,105,151,-1.34069,0.895,556338.99
0.75,105,152,1.22787,0.955,453285.27
0.75,105,153,-0.39434,0.895,551252.45
0.75,105,154,-1.34069,0.895,556338.99
0.75,105,155,0.56762,0.895,516458.1
0.75,105,156,-1.25654,0.895,556338.99
0.75,105,157,0.10892,0.895,516458.1
0.75,105,158,-4.21842,0.6,527431.86
0.75,105,159,1.22787,0.955,453285.27
0.75,105,160,-1.86482,0.74,482192.4
0.75,105,161,-1.71055,0.74,501868.52
0.75,105,162,-1.25654,0.895,556338.99
0.75,105,163,-1.73554,0.74,440556.86
0.75,105,164,0.88447,0.955,507755.74
0.75,105,165,-1.25654,0.895,556338.99
0.75,105,166,1.22787,0.955,453285.27
0.75,105,167,1.68572,0.955,513444.05
0.75,105,168,-1.25654,0.895,556338.99
0.75,105,169,0.10892,0.895,516458.1
0.75,105,170,0.10405,0.925,469947.34
0.75,105,171,-1.73554,0.74,440556.86
0.75,105,172,-1.31317,0.74,377384.03
0.75,105,173,0.94843,0.955,513444.05
0.75,105,174,1.52063,0.955,493767.93
0.75,105,175,-1.25654,0.895,556338.99
0.75,105,176,1.22787,0.955,453285.27
0.75,105,177,-4.79463,0.635,493767.93
0.75,105,178,0.07164,0.895,527431.86
0.75,105,179,-1.34069,0.895,556338.99
0.75,105,180,0.56762,0.895,516458.1
0.75,105,181,-1.34069,0.895,556338.99
0.75,105,182,-4.12142,0.6,549962.74
0.75,105,183,0.95508,0.955,472961.39
0.75,105,184,-2.91065,0.74,501868.52
0.75,105,185,-1.25654,0.895,556338.99
0.75,105,186,0.95508,0.955,472961.39
0.75,105,187,-5.17601,0.635,513444.05
0.75,105,188,-1.76028,0.74,512842.29
0.75,105,189,-3.91264,0.6,549962.74
0.75,105,190,0.10405,0.925,469947.34
0.75,105,191,-0.64525,0.78,402177.0
0.75,105,192,-1.25654,0.895,556338.99
0.75,105,193,-1.34069,0.895,556338.99
0.75,105,194,0.10892,0.895,516458.1
0.75,105,195,-1.25654,0.895,556338.99
0.75,105,196,-0.85011,0.74,382500.88
0.75,105,197,0.95508,0.955,472961.39
0.75,105,198,-2.91065,0.74,501868.52
0.75,105,199,-1.34069,0.895,556338.99
0.75,105,200,-3.62196,0.635,450271.22
0.75,107,1,0.92884,0.955,475063.42
0.75,107,2,-1.48439,0.765,383787.88
0.75,107,3,1.18093,0.955,454868.37
0.75,107,4,-2.10222,0.765,529429.59
0.75,107,5,-1.54818,0.885,558938.13
0.75,107,6,-1.71116,0.885,558938.13
0.75,107,7,0.95084,0.955,517301.15
0.75,107,8,-1.56878,0.885,558938.13
0.75,107,9,-2.47456,0.765,472840.88
0.75,107,10,-1.56878,0.885,558938.13
0.75,107,11,1.53627,0.955,497106.1
0.75,107,12,0.98068,0.955,511457.09
0.75,107,13,-1.71116,0.885,558938.13
0.75,107,14,-1.12962,0.865,498935.94
0.75,107,15,-3.53502,0.715,440517.39
0.75,107,16,-1.72739,0.885,558938.13
0.75,107,17,-2.62599,0.715,452645.83
0.75,107,18,-0.3347,1.0,557747.2
0.75,107,19,0.47075,0.955,501158.48
0.75,107,20,-1.54818,0.885,558938.13
0.75,107,21,-1.69344,0.765,450273.04
0.75,107,22,-2.86833,0.765,529429.59
0.75,107,23,1.69972,0.955,517301.15
0.75,107,24,-1.56878,0.885,558938.13
0.75,107,25,-0.94158,0.77,413231.39
0.75,107,26,-2.22514,0.765,509234.55
0.75,107,27,-2.18057,0.715,393684.32
0.75,107,28,-1.42285,0.765,452645.83
0.75,107,29,0.92884,0.955,475063.42
0.75,107,30,-0.33098,1.0,556715.59
0.75,107,31,0.47075,0.955,501158.48
0.75,107,32,-1.69344,0.765,450273.04
0.75,107,33,-0.94158,0.77,413231.39
0.75,107,34,-2.55867,0.715,450273.04
0.75,107,35,-3.02488,0.765,519130.99
0.75,107,36,-0.3347,1.0,557747.2
0.75,107,37,-2.86833,0.765,529429.59
0.75,107,38,0.92884,0.955,475063.42
0.75,107,39,1.18093,0.955,454868.37
0.75,107,40,1.18093,0.955,454868.37
0.75,107,41,0.98068,0.955,511457.09
0.75,107,42,-1.67158,0.885,558938.13
0.75,107,43,-1.72739,0.885,558938.13
0.75,107,44,-1.25273,0.77,450273.04
0.75,107,45,-2.22514,0.765,509234.55
0.75,107,46,-1.56878,0.885,558938.13
0.75,107,47,-1.54818,0.885,558938.13
0.75,107,48,-2.07977,0.885,555524.66
0.75,107,49,-1.69344,0.765,450273.04
0.75,107,50,-5.08939,0.45,475063.42
0.75,107,51,-0.94158,0.77,413231.39
0.75,107,52,-1.72739,0.885,558938.13
0.75,107,53,-1.12455,0.765,393036.35
0.75,107,54,0.19386,0.91,521353.53
0.75,107,55,-2.86833,0.765,529429.59
0.75,107,56,-4.32925,0.885,556715.59
0.75,107,57,-1.56878,0.885,558938.13
0.75,107,58,-1.56878,0.885,558938.13
0.75,107,59,-1.67158,0.885,558938.13
0.75,107,60,-0.18515,0.91,450815.99
0.75,107,61,0.19386,0.91,521353.53
0.75,107,62,-4.1439,0.885,556715.59
0.75,107,63,-2.07977,0.885,555524.66
0.75,107,64,-0.94158,0.77,413231.39
0.75,107,65,-2.18057,0.715,393684.32
0.75,107,66,-1.54818,0.885,558938.13
0.75,107,67,0.16221,0.91,531652.13
0.75,107,68,1.69972,0.955,517301.15
0.75,107,69,-1.56878,0.885,558938.13
0.75,107,70,0.66784,0.955,521353.53
0.75,107,71,0.16221,0.91,531652.13
0.75,107,72,-2.55867,0.715,450273.04
0.75,107,73,1.53627,0.955,497106.1
0.75,107,74,-2.62599,0.715,452645.83
0.75,107,75,-1.54818,0.885,558938.13
0.75,107,76,-2.22514,0.765,509234.55
0.75,107,77,-2.07977,0.885,555524.66
0.75,107,78,1.05351,0.955,501158.48
0.75,107,79,-2.05,0.765,519130.99
0.75,107,80,-2.17796,0.765,498935.94
0.75,107,81,-1.71116,0.885,558938.13
0.75,107,82,0.44457,0.955,511457.09
0.75,107,83,-0.18515,0.91,450815.99
0.75,107,84,-1.12455,0.765,393036.35
0.75,107,85,0.66784,0.955,521353.53
0.75,107,86,0.47075,0.955,501158.48
0.75,107,87,0.47075,0.955,501158.48
0.75,107,88,-1.67158,0.885,558938.13
0.75,107,89,-1.67158,0.885,558938.13
0.75,107,90,-1.67158,0.885,558938.13
0.75,107,91,1.69972,0.955,517301.15
0.75,107,92,-1.54818,0.885,558938.13
0.75,107,93,-1.54818,0.885,558938.13
0.75,107,94,-1.56878,0.885,558938.13
0.75,107,95,0.16221,0.91,531652.13
0.75,107,96,-1.69344,0.765,450273.04
0.75,107,97,-1.72739,0.885,558938.13
0.75,107,98,0.44457,0.955,511457.09
0.75,107,99,-1.67158,0.885,558938.13
0.75,107,100,-0.3347,1.0,557747.2
0.75,107,101,-0.33098,1.0,556715.59
0.75,107,102,-2.55867,0.715,450273.04
0.75,107,103,-2.10222,0.765,529429.59
0.75,107,104,0.98068,0.955,511457.09
0.75,107,105,0.47075,0.955,501158.48
0.75,107,106,-1.67158,0.885,558938.13
0.75,107,107,0.16221,0.91,531652.13
0.75,107,108,-0.3347,1.0,557747.2
0.75,107,109,-2.10644,0.765,430077.99
0.75,107,110,-1.56878,0.885,558938.13
0.75,107,111,-2.55867,0.715,450273.04
0.75,107,112,-4.96113,0.66,517301.15
0.75,107,113,-1.54818,0.885,558938.13
0.75,107,114,0.44457,0.955,511457.09
0.75,107,115,-4.39392,0.66,497106.1
0.75,107,116,-1.84132,0.885,555524.66
0.75,107,117,-1.56878,0.885,558938.13
0.75,107,118,-1.71116,0.885,558938.13
0.75,107,119,-2.10222,0.765,529429.59
0.75,107,120,-1.71116,0.885,558938.13
0.75,107,121,-3.62788,0.715,450815.99
0.75,107,122,1.53627,0.955,497106.1
0.75,107,123,-2.47456,0.765,472840.88
0.75,107,124,1.69972,0.955,517301.15
0.75,107,125,-2.13029,0.765,498935.94
0.75,107,126,1.18093,0.955,454868.37
0.75,107,127,-1.56878,0.885,558938.13
0.75,107,128,-1.72739,0.885,558938.13
0.75,107,129,-2.10222,0.765,529429.59
0.75,107,130,-1.84132,0.885,555524.66
0.75,107,131,-2.07977,0.885,555524.66
0.75,107,132,-1.56878,0.885,558938.13
0.75,107,133,-1.71116,0.885,558938.13
0.75,107,134,-4.73598,0.66,497106.1
0.75,107,135,-2.18057,0.715,393684.32
0.75,107,136,-1.67158,0.885,558938.13
0.75,107,137,1.69972,0.955,517301.15
0.75,107,138,-1.67158,0.885,558938.13
0.75,107,139,-2.10222,0.765,529429.59
0.75,107,140,-2.55867,0.715,450273.04
0.75,107,141,-2.55867,0.715,450273.04
0.75,107,142,-3.53502,0.715,440517.39
0.75,107,143,-2.05,0.765,519130.99
0.75,107,144,-1.49337,0.765,373489.27
0.75,107,145,-2.07977,0.885,555524.66
0.75,107,146,-1.56878,0.885,558938.13
0.75,107,147,-3.62788,0.715,450815.99
0.75,107,148,-1.54818,0.885,558938.13
0.75,107,149,-1.72739,0.885,558938.13
0.75,107,150,-0.32241,1.0,556715.59
0.75,107,151,-2.47456,0.765,472840.88
0.75,107,152,0.47075,0.955,501158.48
0.75,107,153,-2.86833,0.765,529429.59
0.75,107,154,-2.43705,0.765,529429.59
0.75,107,155,-1.69344,0.765,450273.04
0.75,107,156,-4.22777,0.715,521353.53
0.75,107,157,-0.18515,0.91,450815.99
0.75,107,158,-1.72739,0.885,558938.13
0.75,107,159,-4.66737,0.715,521353.53
0.75,107,160,-0.94158,0.77,413231.39
0.75,107,161,-2.55867,0.715,450273.04
0.75,107,162,-1.72739,0.885,558938.13
0.75,107,163,0.92884,0.955,475063.42
0.75,107,164,-2.34513,0.765,450273.04
0.75,107,165,1.05351,0.955,501158.48
0.75,107,166,-2.55867,0.715,450273.04
0.75,107,167,-2.55867,0.715,450273.04
0.75,107,168,-1.71116,0.885,558938.13
0.75,107,169,-1.48439,0.765,383787.88
0.75,107,170,-0.94158,0.77,413231.39
0.75,107,171,-1.56878,0.885,558938.13
0.75,107,172,-2.34513,0.765,450273.04
0.75,107,173,-1.71116,0.885,558938.13
0.75,107,174,-2.10222,0.765,529429.59
0.75,107,175,0.15251,0.91,471011.04
0.75,107,176,-2.38771,0.715,383787.88
0.75,107,177,0.66954,0.955,497106.1
0.75,107,178,-2.43705,0.765,529429.59
0.75,107,179,0.24197,0.91,517301.15
0.75,107,180,-2.10222,0.765,529429.59
0.75,107,181,-2.17796,0.765,498935.94
0.75,107,182,0.16221,0.91,531652.13
0.75,107,183,1.18093,0.955,454868.37
0.75,107,184,-0.42318,1.0,557747.2
0.75,107,185,-1.71116,0.885,558938.13
0.75,107,186,1.18093,0.955,454868.37
0.75,107,187,1.18093,0.955,454868.37
0.75,107,188,0.19386,0.91,521353.53
0.75,107,189,1.18093,0.955,454868.37
0.75,107,190,1.18093,0.955,454868.37
0.75,107,191,-1.56878,0.885,558938.13
0.75,107,192,-1.56878,0.885,558938.13
0.75,107,193,-1.67158,0.885,558938.13
0.75,107,194,-2.10644,0.765,430077.99
0.75,107,195,-1.67158,0.885,558938.13
0.75,107,196,-2.10222,0.765,529429.59
0.75,107,197,0.44457,0.955,511457.09
0.75,107,198,-2.10222,0.765,529429.59
0.75,107,199,-1.54818,0.885,558938.13
0.75,107,200,0.66784,0.955,521353.53
1.0,42,1,-2.33671,0.955,544929.45
1.0,42,2,-1.47894,0.735,368897.91
1.0,42,3,-2.76094,0.955,523543.9
1.0,42,4,-2.31364,0.955,534836.34
1.0,42,5,0.79772,0.935,461550.46
1.0,42,6,-2.76094,0.955,523543.9
1.0,42,7,0.99557,0.935,440977.07
1.0,42,8,-0.01461,0.91,503509.4
1.0,42,9,2.01868,0.935,494329.37
1.0,42,10,-2.67531,0.735,431430.23
1.0,42,11,-2.28051,0.955,544929.45
1.0,42,12,-4.85731,0.505,473755.99
1.0,42,13,0.79772,0.935,461550.46
1.0,42,14,-1.61306,0.875,502970.51
1.0,42,15,2.01868,0.935,494329.37
1.0,42,16,2.01868,0.935,494329.37
1.0,42,17,-3.31022,0.66,473130.95
1.0,42,18,-3.83028,0.955,546416.83
1.0,42,19,-3.97264,0.66,494516.5
1.0,42,20,-1.6454,0.77,431430.23
1.0,42,21,-2.33671,0.955,544929.45
1.0,42,22,0.14673,0.935,431797.05
1.0,42,23,-1.75514,0.735,410856.85
1.0,42,24,-0.73979,0.955,533348.96
1.0,42,25,-2.79485,0.955,515089.89
1.0,42,26,-3.81803,0.955,546416.83
1.0,42,27,-2.31364,0.955,534836.34
1.0,42,28,-3.83028,0.955,546416.83
1.0,42,29,0.0005,0.875,423343.04
1.0,42,30,-3.29128,0.955,523543.9
1.0,42,31,0.10711,0.935,491390.02
1.0,42,32,0.44935,1.0,511963.41
1.0,42,33,-0.89072,0.77,379896.72
1.0,42,34,-2.25533,0.955,534836.34
1.0,42,35,-5.55421,0.505,494329.37
1.0,42,36,0.99557,0.935,440977.07
1.0,42,37,0.44935,1.0,511963.41
1.0,42,38,-3.29128,0.955,523543.9
1.0,42,39,-3.76106,0.52,423343.04
1.0,42,40,-2.3874,0.66,368897.91
1.0,42,41,-3.83028,0.955,546416.83
1.0,42,42,-0.8442,0.955,546416.83
1.0,42,43,-0.73301,0.875,410856.85
1.0,42,44,0.324,0.935,443916.43
1.0,42,45,-2.44089,0.955,544929.45
1.0,42,46,0.99557,0.935,440977.07
1.0,42,47,2.01868,0.935,494329.37
1.0,42,48,0.65509,0.935,503509.4
1.0,42,49,-1.75514,0.735,410856.85
1.0,42,50,-4.42394,0.66,503509.39
1.0,42,51,-2.45609,0.605,360443.9
1.0,42,52,-2.25533,0.955,534836.34
1.0,42,53,-2.44089,0.955,544929.45
1.0,42,54,-2.85944,0.735,494516.5
1.0,42,55,-0.11955,1.0,511963.41
1.0,42,56,-0.8442,0.955,546416.83
1.0,42,57,1.79264,0.935,473755.99
1.0,42,58,-1.63518,0.735,389471.3
1.0,42,59,-3.31022,0.66,473130.95
1.0,42,60,-3.95753,0.955,533348.95
1.0,42,61,-1.89093,0.955,534836.34
1.0,42,62,-0.70837,0.875,452557.56
1.0,42,63,-0.8442,0.955,546416.83
1.0,42,64,-1.89093,0.955,534836.34
1.0,42,65,0.79772,0.935,461550.46
1.0,42,66,-2.25533,0.955,534836.34
1.0,42,67,-1.4078,0.735,360443.9
1.0,42,68,-2.31364,0.955,534836.34
1.0,42,69,-2.67531,0.735,431430.23
1.0,42,70,0.79772,0.935,461550.46
1.0,42,71,0.99557,0.935,440977.07
1.0,42,72,-2.18249,0.735,410856.85
1.0,42,73,-2.44089,0.955,544929.45
1.0,42,74,0.99557,0.935,440977.07
1.0,42,75,-0.70837,0.875,452557.56
1.0,42,76,-3.31022,0.66,473130.95
1.0,42,77,-1.96412,0.955,534836.34
1.0,42,78,-1.89093,0.955,534836.34
1.0,42,79,-2.25533,0.955,534836.34
1.0,42,80,-3.49431,0.955,515089.89
1.0,42,81,0.9025,0.935,491390.02
1.0,42,82,0.20725,0.935,482936.01
1.0,42,83,-2.33671,0.955,544929.45
1.0,42,84,-4.45383,0.66,491390.02
1.0,42,85,-0.89072,0.77,379896.72
1.0,42,86,0.10711,0.935,491390.02
1.0,42,87,-4.85731,0.505,473755.99
1.0,42,88,-1.84629,0.955,523543.9
1.0,42,89,-0.76344,0.875,400470.11
1.0,42,90,-0.46843,1.0,533348.96
1.0,42,91,-1.89093,0.955,534836.34
1.0,42,92,-3.81803,0.955,546416.83
1.0,42,93,-2.67531,0.735,431430.23
1.0,42,94,-1.6454,0.77,431430.23
1.0,42,95,-1.6454,0.77,431430.23
1.0,42,96,-3.76106,0.52,423343.04
1.0,42,97,-3.49431,0.955,515089.89
1.0,42,98,1.79264,0.935,473755.99
1.0,42,99,-3.01322,0.66,410856.85
1.0,42,100,0.10711,0.935,491390.02
1.0,42,101,1.79264,0.935,473755.99
1.0,42,102,-2.28051,0.955,544929.45
1.0,42,103,0.46025,0.935,452370.44
1.0,42,104,-1.89093,0.955,534836.34
1.0,42,105,-0.90754,0.955,546416.83
1.0,42,106,-2.76094,0.955,523543.9
1.0,42,107,1.79264,0.935,473755.99
1.0,42,108,-1.89093,0.955,534836.34
1.0,42,109,-2.76094,0.955,523543.9
1.0,42,110,-2.45609,0.605,360443.9
1.0,42,111,-0.76344,0.875,400470.11
1.0,42,112,-1.96412,0.955,534836.34
1.0,42,113,-1.75514,0.735,410856.85
1.0,42,114,-0.73979,0.955,533348.96
1.0,42,115,0.10711,0.935,491390.02
1.0,42,116,-1.89093,0.955,534836.34
1.0,42,117,0.324,0.935,443916.43
1.0,42,118,-2.47329,0.955,544929.45
1.0,42,119,-0.92548,0.875,502970.51
1.0,42,120,0.46025,0.935,452370.44
1.0,42,121,-0.46843,1.0,533348.96
1.0,42,122,0.20725,0.935,482936.01
1.0,42,123,0.69147,0.935,494329.37
1.0,42,124,-3.76403,0.66,502970.51
1.0,42,125,1.79264,0.935,473755.99
1.0,42,126,1.13187,0.935,473755.99
1.0,42,127,-0.73979,0.955,533348.96
1.0,42,128,0.20725,0.935,482936.01
1.0,42,129,-2.33671,0.955,544929.45
1.0,42,130,0.99557,0.935,440977.07
1.0,42,131,-3.76403,0.66,502970.51
1.0,42,132,0.99557,0.935,440977.07
1.0,42,133,-1.22557,0.955,515089.89
1.0,42,134,-2.25533,0.955,534836.34
1.0,42,135,0.99557,0.935,440977.07
1.0,42,136,-2.67531,0.735,431430.23
1.0,42,137,1.13187,0.935,473755.99
1.0,42,138,-3.90373,0.955,546416.83
1.0,42,139,1.79264,0.935,473755.99
1.0,42,140,-2.47329,0.955,544929.45
1.0,42,141,0.99557,0.935,440977.07
1.0,42,142,1.076,0.935,482936.01
1.0,42,143,1.13187,0.935,473755.99
1.0,42,144,-2.67531,0.735,431430.23
1.0,42,145,0.99557,0.935,440977.07
1.0,42,146,-2.67531,0.735,431430.23
1.0,42,147,-2.85944,0.735,494516.5
1.0,42,148,-0.70172,0.875,494516.5
1.0,42,149,-0.01461,0.91,503509.4
1.0,42,150,-5.55421,0.505,494329.37
1.0,42,151,-2.76094,0.955,523543.9
1.0,42,152,0.99557,0.935,440977.07
1.0,42,153,-3.81803,0.955,546416.83
1.0,42,154,-2.28051,0.955,544929.45
1.0,42,155,-2.67531,0.735,431430.23
1.0,42,156,-0.76344,0.875,400470.11
1.0,42,157,-4.14468,0.505,443916.43
1.0,42,158,1.076,0.935,482936.01
1.0,42,159,0.14673,0.935,431797.05
1.0,42,160,-1.6454,0.77,431430.23
1.0,42,161,-1.6454,0.77,431430.23
1.0,42,162,-2.3874,0.66,368897.91
1.0,42,163,0.99557,0.935,440977.07
1.0,42,164,-0.8442,0.955,546416.83
1.0,42,165,-2.85944,0.735,494516.5
1.0,42,166,0.20725,0.935,482936.01
1.0,42,167,-2.79485,0.955,515089.89
1.0,42,168,-2.76094,0.955,523543.9
1.0,42,169,-2.33671,0.955,544929.45
1.0,42,170,-1.75514,0.735,410856.85
1.0,42,171,1.076,0.935,482936.01
1.0,42,172,-0.70837,0.875,452557.56
1.0,42,173,-1.6454,0.77,431430.23
1.0,42,174,-0.01461,0.91,503509.4
1.0,42,175,0.99557,0.935,440977.07
1.0,42,176,-0.70172,0.875,494516.5
1.0,42,177,-3.01322,0.66,410856.85
1.0,42,178,-2.28051,0.955,544929.45
1.0,42,179,-0.76344,0.875,400470.11
1.0,42,180,-2.79485,0.955,515089.89
1.0,42,181,-2.31364,0.955,534836.34
1.0,42,182,-3.76106,0.52,423343.04
1.0,42,183,-5.40968,0.505,494329.37
1.0,42,184,-2.31364,0.955,534836.34
1.0,42,185,0.99557,0.935,440977.07
1.0,42,186,-0.70172,0.875,494516.5
1.0,42,187,0.99557,0.935,440977.07
1.0,42,188,-1.96412,0.955,534836.34
1.0,42,189,-2.76094,0.955,523543.9
1.0,42,190,-0.70172,0.875,494516.5
1.0,42,191,-5.04471,0.46,440977.07
1.0,42,192,-2.28051,0.955,544929.45
1.0,42,193,0.99557,0.935,440977.07
1.0,42,194,-2.31364,0.955,534836.34
1.0,42,195,-0.73979,0.955,533348.96
1.0,42,196,-0.46843,1.0,533348.96
1.0,42,197,-0.85241,0.955,546416.83
1.0,42,198,1.39308,0.935,494329.37
1.0,42,199,-1.10346,0.875,431430.23
1.0,42,200,-3.29128,0.955,523543.9
1.0,101,1,-1.92152,0.72,532486.65
1.0,101,2,1.11186,0.92,438852.21
1.0,101,3,0.28823,0.885,502724.38
1.0,101,4,-3.18739,0.715,416965.05
1.0,101,5,-4.53195,0.61,530731.98
1.0,101,6,-1.60782,0.755,428367.57
1.0,101,7,-2.82002,0.715,436019.03
1.0,101,8,-2.14258,0.755,416965.05
1.0,101,9,1.52172,0.92,483670.4
1.0,101,10,-2.95219,0.655,504322.9
1.0,101,11,1.11186,0.92,438852.21
1.0,101,12,-0.08486,1.0,542971.29
1.0,101,13,-4.45837,0.61,530731.98
1.0,101,14,0.52878,0.92,495753.56
1.0,101,15,1.11186,0.92,438852.21
1.0,101,16,0.735,0.885,505123.92
1.0,101,17,-1.97099,0.755,436019.03
1.0,101,18,-2.03548,0.655,504322.9
1.0,101,19,0.52878,0.92,495753.56
1.0,101,20,-2.17396,0.755,485268.92
1.0,101,21,-4.78377,0.67,483670.39
1.0,101,22,-1.38538,0.755,360063.7
1.0,101,23,-0.58216,0.855,416965.05
1.0,101,24,-4.80015,0.67,483670.39
1.0,101,25,-0.13501,1.0,542971.29
1.0,101,26,-1.6772,0.93,541216.62
1.0,101,27,-2.82002,0.715,436019.03
1.0,101,28,-4.29927,0.61,505123.92
1.0,101,29,1.68514,0.92,502724.38
1.0,101,30,-4.50453,0.715,495753.56
1.0,101,31,-4.18659,0.61,530731.98
1.0,101,32,-0.06672,0.84,530731.98
1.0,101,33,-2.03548,0.655,504322.9
1.0,101,34,-4.18659,0.61,530731.98
1.0,101,35,-4.42167,0.715,483670.39
1.0,101,36,-1.79418,0.93,541216.62
1.0,101,37,-1.74724,0.93,541216.62
1.0,101,38,1.68514,0.92,502724.38
1.0,101,39,-1.77043,0.93,541216.62
1.0,101,40,0.23947,0.84,505123.92
1.0,101,41,-1.38538,0.755,360063.7
1.0,101,42,-3.08445,0.715,494639.27
1.0,101,43,0.5238,0.92,486069.94
1.0,101,44,-1.97099,0.755,436019.03
1.0,101,45,-2.03548,0.655,504322.9
1.0,101,46,-1.74724,0.93,541216.62
1.0,101,47,-4.42293,0.61,514807.55
1.0,101,48,-2.22389,0.655,532486.65
1.0,101,49,0.5238,0.92,486069.94
1.0,101,50,-0.13501,1.0,542971.29
1.0,101,51,-1.56686,0.755,388801.31
1.0,101,52,-2.17396,0.755,485268.92
1.0,101,53,0.68537,0.92,483670.4
1.0,101,54,-3.50675,0.715,485268.92
1.0,101,55,-1.97099,0.755,436019.03
1.0,101,56,-3.64467,0.715,475585.29
1.0,101,57,0.52878,0.92,495753.56
1.0,101,58,-2.25235,0.755,447421.55
1.0,101,59,-1.97099,0.755,436019.03
1.0,101,60,-1.79418,0.93,541216.62
1.0,101,61,-1.95581,0.755,494639.27
1.0,101,62,1.68514,0.92,502724.38
1.0,101,63,-2.59706,0.655,532486.65
1.0,101,64,-2.22389,0.655,532486.65
1.0,101,65,-2.95219,0.655,504322.9
1.0,101,66,-1.6963,0.93,541216.62
1.0,101,67,-1.38538,0.755,360063.7
1.0,101,68,-0.1596,1.0,542971.29
1.0,101,69,-4.11592,0.67,445823.02
1.0,101,70,-4.18659,0.61,530731.98
1.0,101,71,-1.84059,0.755,416965.05
1.0,101,72,0.26756,0.885,445823.02
1.0,101,73,-1.84059,0.755,416965.05
1.0,101,74,-1.6772,0.93,541216.62
1.0,101,75,-2.53903,0.715,369747.33
1.0,101,76,-2.03548,0.655,504322.9
1.0,101,77,-3.08445,0.715,494639.27
1.0,101,78,1.11186,0.92,438852.21
1.0,101,79,-1.74724,0.93,541216.62
1.0,101,80,1.68514,0.92,502724.38
1.0,101,81,0.68537,0.92,483670.4
1.0,101,82,-0.99074,0.83,436019.03
1.0,101,83,-2.4605,0.755,494639.27
1.0,101,84,-1.95581,0.755,494639.27
1.0,101,85,-0.6271,0.84,530731.98
1.0,101,86,0.23947,0.84,505123.92
1.0,101,87,-2.03548,0.655,504322.9
1.0,101,88,-2.03548,0.655,504322.9
1.0,101,89,-2.82002,0.715,436019.03
1.0,101,90,-2.82002,0.715,436019.03
1.0,101,91,-4.18659,0.61,530731.98
1.0,101,92,1.11186,0.92,438852.21
1.0,101,93,-2.82002,0.715,436019.03
1.0,101,94,-1.6963,0.93,541216.62
1.0,101,95,1.11186,0.92,438852.21
1.0,101,96,-0.1596,1.0,542971.29
1.0,101,97,-1.95581,0.755,494639.27
1.0,101,98,0.5238,0.92,486069.94
1.0,101,99,1.52172,0.92,483670.4
1.0,101,100,0.23947,0.84,505123.92
1.0,101,101,-1.97099,0.755,436019.03
1.0,101,102,-4.53195,0.61,530731.98
1.0,101,103,-2.17258,0.755,485268.92
1.0,101,104,-1.6772,0.93,541216.62
1.0,101,105,-1.97099,0.755,436019.03
1.0,101,106,-2.08753,0.755,436019.03
1.0,101,107,-1.79418,0.93,541216.62
1.0,101,108,1.68514,0.92,502724.38
1.0,101,109,-2.418,0.715,428367.57
1.0,101,110,-5.20431,0.67,502724.38
1.0,101,111,-1.6963,0.93,541216.62
1.0,101,112,0.5238,0.92,486069.94
1.0,101,113,-2.08753,0.755,436019.03
1.0,101,114,-2.03548,0.655,504322.9
1.0,101,115,-2.29283,0.715,379117.68
1.0,101,116,-4.18659,0.61,530731.98
1.0,101,117,-1.95581,0.755,494639.27
1.0,101,118,-1.60134,0.755,379117.68
1.0,101,119,-1.6963,0.93,541216.62
1.0,101,120,-1.84059,0.755,416965.05
1.0,101,121,-2.03548,0.655,504322.9
1.0,101,122,-1.77043,0.93,541216.62
1.0,101,123,0.64234,0.885,514807.54
1.0,101,124,-4.18659,0.61,530731.98
1.0,101,125,0.28823,0.885,502724.38
1.0,101,126,-0.96686,0.83,400359.96
1.0,101,127,-1.6963,0.93,541216.62
1.0,101,128,0.97002,0.92,502724.38
1.0,101,129,-1.60134,0.755,379117.68
1.0,101,130,-1.95581,0.755,494639.27
1.0,101,131,0.735,0.885,505123.92
1.0,101,132,1.11186,0.92,438852.21
1.0,101,133,-1.74724,0.93,541216.62
1.0,101,134,-1.6963,0.93,541216.62
1.0,101,135,-1.95581,0.755,494639.27
1.0,101,136,-1.92152,0.72,532486.65
1.0,101,137,-1.6963,0.93,541216.62
1.0,101,138,-4.27262,0.61,530731.98
1.0,101,139,1.68514,0.92,502724.38
1.0,101,140,-4.11592,0.67,445823.02
1.0,101,141,-1.6772,0.93,541216.62
1.0,101,142,-2.03548,0.655,504322.9
1.0,101,143,-4.9537,0.67,495753.56
1.0,101,144,-0.1596,1.0,542971.29
1.0,101,145,1.11186,0.92,438852.21
1.0,101,146,-1.92152,0.72,532486.65
1.0,101,147,-2.25235,0.755,447421.55
1.0,101,148,1.52172,0.92,483670.4
1.0,101,149,-2.82002,0.715,436019.03
1.0,101,150,-3.75929,0.715,436452.67
1.0,101,151,-2.82002,0.715,436019.03
1.0,101,152,-1.97099,0.755,436019.03
1.0,101,153,-1.6772,0.93,541216.62
1.0,101,154,1.14969,0.92,486069.94
1.0,101,155,-1.6963,0.93,541216.62
1.0,101,156,-2.29283,0.715,379117.68
1.0,101,157,1.11186,0.92,438852.21
1.0,101,158,-1.60134,0.755,379117.68
1.0,101,159,-0.06672,0.84,530731.98
1.0,101,160,-3.64467,0.715,475585.29
1.0,101,161,-2.22389,0.655,532486.65
1.0,101,162,0.64234,0.885,514807.54
1.0,101,163,-1.79418,0.93,541216.62
1.0,101,164,-1.74724,0.93,541216.62
1.0,101,165,-0.0529,0.885,436452.67
1.0,101,166,-0.0529,0.885,436452.67
1.0,101,167,-2.09761,0.755,475585.29
1.0,101,168,1.68514,0.92,502724.38
1.0,101,169,-4.42293,0.61,514807.55
1.0,101,170,0.97002,0.92,502724.38
1.0,101,171,-0.1596,1.0,542971.29
1.0,101,172,1.68514,0.92,502724.38
1.0,101,173,0.52878,0.92,495753.56
1.0,101,174,0.64234,0.885,514807.54
1.0,101,175,-1.95581,0.755,494639.27
1.0,101,176,-1.60782,0.755,428367.57
1.0,101,177,-2.29283,0.715,379117.68
1.0,101,178,0.5238,0.92,486069.94
1.0,101,179,-2.418,0.715,428367.57
1.0,101,180,0.68537,0.92,483670.4
1.0,101,181,-1.92152,0.72,532486.65
1.0,101,182,1.11186,0.92,438852.21
1.0,101,183,0.5238,0.92,486069.94
1.0,101,184,0.29157,0.885,455506.65
1.0,101,185,-1.86096,0.755,447421.55
1.0,101,186,-1.74724,0.93,541216.62
1.0,101,187,-2.03548,0.655,504322.9
1.0,101,188,-2.73977,0.715,381305.98
1.0,101,189,-0.58216,0.855,416965.05
1.0,101,190,-0.37187,0.84,530731.98
1.0,101,191,-2.22389,0.655,532486.65
1.0,101,192,-2.29283,0.715,379117.68
1.0,101,193,-2.82002,0.715,436019.03
1.0,101,194,-2.17396,0.755,485268.92
1.0,101,195,1.11186,0.92,438852.21
1.0,101,196,0.68537,0.92,483670.4
1.0,101,197,-1.6963,0.93,541216.62
1.0,101,198,-0.0529,0.885,436452.67
1.0,101,199,0.5238,0.92,486069.94
1.0,101,200,-0.13501,1.0,542971.29
1.0,102,1,0.762,0.885,507924.18
1.0,102,2,0.2377,0.885,507924.18
1.0,102,3,-0.20436,0.885,506816.77
1.0,102,4,-2.06077,0.715,462396.81
1.0,102,5,2.20541,0.95,474131.11
1.0,102,6,-1.72148,0.71,524271.0
1.0,102,7,-1.62645,0.715,418039.56
1.0,102,8,1.18298,0.95,456079.9
1.0,102,9,-2.40322,0.675,418039.56
1.0,102,10,-1.61025,0.71,524271.0
1.0,102,11,-2.99764,0.675,490469.95
1.0,102,12,-1.71227,0.71,524271.0
1.0,102,13,-0.075,0.885,527402.88
1.0,102,14,1.39354,0.95,479851.04
1.0,102,15,0.97554,0.95,500437.15
1.0,102,16,-5.27423,0.56,453544.99
1.0,102,17,1.18298,0.95,456079.9
1.0,102,18,1.48945,0.95,474131.11
1.0,102,19,-1.61025,0.71,524271.0
1.0,102,20,-3.22924,0.675,482982.92
1.0,102,21,0.72383,0.895,429773.86
1.0,102,22,-2.06077,0.715,462396.81
1.0,102,23,-1.71227,0.71,524271.0
1.0,102,24,-1.61025,0.71,524271.0
1.0,102,25,-0.00929,0.885,527402.88
1.0,102,26,-4.09341,0.56,401700.71
1.0,102,27,-0.20436,0.885,506816.77
1.0,102,28,2.20541,0.95,474131.11
1.0,102,29,-2.42292,0.675,412602.38
1.0,102,30,-1.70727,0.71,524271.0
1.0,102,31,1.33893,0.95,435493.78
1.0,102,32,-0.98051,0.715,360758.1
1.0,102,33,0.3053,0.885,506816.77
1.0,102,34,-1.72479,0.715,433188.49
1.0,102,35,-1.72148,0.71,524271.0
1.0,102,36,0.42017,0.885,507924.18
1.0,102,37,-2.13042,0.645,514241.09
1.0,102,38,-0.00929,0.885,527402.88
1.0,102,39,-3.28422,0.605,364767.78
1.0,102,40,1.33893,0.95,435493.78
1.0,102,41,-0.01768,0.885,527402.88
1.0,102,42,0.53111,0.885,500437.15
1.0,102,43,0.3053,0.885,506816.77
1.0,102,44,-1.74115,0.645,514241.09
1.0,102,45,-1.08656,0.715,381344.21
1.0,102,46,-2.00555,0.715,490469.95
1.0,102,47,-3.20682,0.675,433188.49
1.0,102,48,-4.81441,0.58,507924.18
1.0,102,49,1.33893,0.95,435493.78
1.0,102,50,-2.01418,0.715,469883.84
1.0,102,51,0.61014,0.895,487338.07
1.0,102,52,0.42017,0.885,507924.18
1.0,102,53,-4.24987,0.56,409187.74
1.0,102,54,-1.05779,0.715,368245.12
1.0,102,55,-1.05779,0.715,368245.12
1.0,102,56,-1.71227,0.71,524271.0
1.0,102,57,-3.20682,0.675,433188.49
1.0,102,58,-1.72479,0.715,433188.49
1.0,102,59,-3.20682,0.675,433188.49
1.0,102,60,0.61014,0.895,487338.07
1.0,102,61,0.97554,0.95,500437.15
1.0,102,62,1.48945,0.95,474131.11
1.0,102,63,-2.00555,0.715,490469.95
1.0,102,64,-2.37805,0.675,433188.49
1.0,102,65,-0.00929,0.885,527402.88
1.0,102,66,-1.63753,0.71,524271.0
1.0,102,67,-4.18012,0.58,506816.77
1.0,102,68,-1.72148,0.71,524271.0
1.0,102,69,0.97554,0.95,500437.15
1.0,102,70,-5.27423,0.56,453544.99
1.0,102,71,-1.74115,0.645,514241.09
1.0,102,72,1.18298,0.95,456079.9
1.0,102,73,1.18298,0.95,456079.9
1.0,102,74,-1.63753,0.71,524271.0
1.0,102,75,-2.36188,0.715,438625.67
1.0,102,76,1.21169,0.95,487338.07
1.0,102,77,-2.99764,0.675,490469.95
1.0,102,78,-1.63753,0.71,524271.0
1.0,102,79,-0.00929,0.885,527402.88
1.0,102,80,-1.72148,0.71,524271.0
1.0,102,81,-1.63753,0.71,524271.0
1.0,102,82,-4.58624,0.6,429773.86
1.0,102,83,-4.82776,0.58,500437.15
1.0,102,84,-4.8324,0.58,507924.18
1.0,102,85,-2.90602,0.675,360758.1
1.0,102,86,-3.20682,0.675,433188.49
1.0,102,87,-1.71227,0.71,524271.0
1.0,102,88,-4.24987,0.56,409187.74
1.0,102,89,2.0227,0.95,456079.9
1.0,102,90,2.0227,0.95,456079.9
1.0,102,91,0.71621,0.895,479851.04
1.0,102,92,-2.7613,0.675,388831.24
1.0,102,93,1.33893,0.95,435493.78
1.0,102,94,-2.00555,0.715,490469.95
1.0,102,95,1.18298,0.95,456079.9
1.0,102,96,0.3053,0.885,506816.77
1.0,102,97,-0.60541,0.78,364767.78
1.0,102,98,-2.01418,0.715,469883.84
1.0,102,99,-4.81966,0.58,527402.88
1.0,102,100,-4.58624,0.6,429773.86
1.0,102,101,-4.24987,0.56,409187.74
1.0,102,102,1.33893,0.95,435493.78
1.0,102,103,0.44857,0.895,409187.74
1.0,102,104,-2.37805,0.675,433188.49
1.0,102,105,-1.61025,0.71,524271.0
1.0,102,106,-1.61025,0.71,524271.0
1.0,102,107,-4.8324,0.58,507924.18
1.0,102,108,1.39354,0.95,479851.04
1.0,102,109,-1.72148,0.71,524271.0
1.0,102,110,0.2377,0.885,507924.18
1.0,102,111,-3.22924,0.675,482982.92
1.0,102,112,0.61014,0.895,487338.07
1.0,102,113,-2.04754,0.715,482982.92
1.0,102,114,-2.01418,0.715,469883.84
1.0,102,115,-3.22924,0.675,482982.92
1.0,102,116,-4.8324,0.58,507924.18
1.0,102,117,0.53111,0.885,500437.15
1.0,102,118,1.48945,0.95,474131.11
1.0,102,119,0.762,0.885,507924.18
1.0,102,120,-4.42077,0.6,422286.83
1.0,102,121,-5.09295,0.63,487338.07
1.0,102,122,2.0227,0.95,456079.9
1.0,102,123,-0.52902,0.78,385353.9
1.0,102,124,0.42017,0.885,507924.18
1.0,102,125,-1.71227,0.71,524271.0
1.0,102,126,-0.00929,0.885,527402.88
1.0,102,127,-1.70727,0.71,524271.0
1.0,102,128,-0.60541,0.78,364767.78
1.0,102,129,0.97554,0.95,500437.15
1.0,102,130,-2.13042,0.645,514241.09
1.0,102,131,-5.22778,0.63,474131.11
1.0,102,132,2.0227,0.95,456079.9
1.0,102,133,-2.37805,0.675,433188.49
1.0,102,134,0.61014,0.895,487338.07
1.0,102,135,-0.60541,0.78,364767.78
1.0,102,136,-1.71227,0.71,524271.0
1.0,102,137,-0.60541,0.78,364767.78
1.0,102,138,0.30144,0.895,401700.71
1.0,102,139,-3.22924,0.675,482982.92
1.0,102,140,2.20541,0.95,474131.11
1.0,102,141,-2.7613,0.675,388831.24
1.0,102,142,1.39354,0.95,479851.04
1.0,102,143,-1.63753,0.71,524271.0
1.0,102,144,0.71621,0.895,479851.04
1.0,102,145,2.20541,0.95,474131.11
1.0,102,146,-1.74115,0.645,514241.09
1.0,102,147,-4.82776,0.58,500437.15
1.0,102,148,-3.22924,0.675,482982.92
1.0,102,149,-0.00929,0.885,527402.88
1.0,102,150,-0.60541,0.78,364767.78
1.0,102,151,-3.04461,0.645,524271.0
1.0,102,152,-1.70727,0.71,524271.0
1.0,102,153,0.42017,0.885,507924.18
1.0,102,154,-1.71227,0.71,524271.0
1.0,102,155,-1.70727,0.71,524271.0
1.0,102,156,-3.52742,0.675,469883.84
1.0,102,157,-1.08656,0.715,381344.21
1.0,102,158,0.53111,0.885,500437.15
1.0,102,159,-2.36188,0.715,438625.67
1.0,102,160,-2.82696,0.675,381344.21
1.0,102,161,1.33893,0.95,435493.78
1.0,102,162,0.71621,0.895,479851.04
1.0,102,163,-3.20682,0.675,433188.49
1.0,102,164,-1.74115,0.645,514241.09
1.0,102,165,1.39354,0.95,479851.04
1.0,102,166,0.53111,0.885,500437.15
1.0,102,167,-4.24987,0.56,409187.74
1.0,102,168,-0.11611,0.885,527402.88
1.0,102,169,1.18298,0.95,456079.9
1.0,102,170,-2.42292,0.675,412602.38
1.0,102,171,-4.24987,0.56,409187.74
1.0,102,172,1.39354,0.95,479851.04
1.0,102,173,0.71621,0.895,479851.04
1.0,102,174,1.33893,0.95,435493.78
1.0,102,175,-2.04754,0.715,482982.92
1.0,102,176,-1.63753,0.71,524271.0
1.0,102,177,-4.18012,0.58,506816.77
1.0,102,178,-0.60541,0.78,364767.78
1.0,102,179,-1.71227,0.71,524271.0
1.0,102,180,-1.70727,0.71,524271.0
1.0,102,181,-2.04754,0.715,482982.92
1.0,102,182,-2.04754,0.715,482982.92
1.0,102,183,-5.13563,0.63,479851.04
1.0,102,184,-4.24987,0.56,409187.74
1.0,102,185,-4.18012,0.58,506816.77
1.0,102,186,-3.20682,0.675,433188.49
1.0,102,187,-1.70727,0.71,524271.0
1.0,102,188,-4.74999,0.58,506816.77
1.0,102,189,-4.18012,0.58,506816.77
1.0,102,190,0.30144,0.895,401700.71
1.0,102,191,-1.70727,0.71,524271.0
1.0,102,192,-0.00929,0.885,527402.88
1.0,102,193,-0.33033,0.855,412602.38
1.0,102,194,-4.18012,0.58,506816.77
1.0,102,195,1.33893,0.95,435493.78
1.0,102,196,-3.47751,0.675,412602.38
1.0,102,197,-4.81441,0.58,507924.18
1.0,102,198,-1.71227,0.71,524271.0
1.0,102,199,-3.76344,0.675,462396.81
1.0,102,200,-2.00555,0.715,490469.95
1.0,103,1,-1.27394,1.0,565771.9
1.0,103,2,-1.61179,0.715,440966.6
1.0,103,3,-1.52348,0.715,372735.74
1.0,103,4,-3.61662,0.885,542743.91
1.0,103,5,-1.27394,1.0,565771.9
1.0,103,6,-3.16681,0.885,542743.91
1.0,103,7,-1.61179,0.715,440966.6
1.0,103,8,0.58521,0.965,438633.01
1.0,103,9,-3.53742,0.885,565771.9
1.0,103,10,-1.73945,0.855,518881.48
1.0,103,11,-2.14539,0.715,440966.6
1.0,103,12,-1.61179,0.715,440966.6
1.0,103,13,0.64433,1.0,544093.78
1.0,103,14,-1.27394,1.0,565771.9
1.0,103,15,-1.27394,1.0,565771.9
1.0,103,16,-2.46103,0.715,439982.89
1.0,103,17,-2.44658,0.715,440966.6
1.0,103,18,-1.77498,0.715,419626.16
1.0,103,19,-1.27394,1.0,565771.9
1.0,103,20,-2.69186,0.715,508551.42
1.0,103,21,-3.18761,0.67,475862.92
1.0,103,22,-3.30194,0.885,544431.46
1.0,103,23,-3.34481,0.715,506863.87
1.0,103,24,-1.27394,1.0,565771.9
1.0,103,25,-1.80555,1.0,544431.46
1.0,103,26,-1.73945,0.855,518881.48
1.0,103,27,-2.14539,0.715,440966.6
1.0,103,28,-1.73945,0.855,518881.48
1.0,103,29,-0.4951,0.93,517193.92
1.0,103,30,-3.37416,0.885,564084.34
1.0,103,31,-2.73703,0.715,508551.42
1.0,103,32,-2.73703,0.715,508551.42
1.0,103,33,0.64433,1.0,544093.78
1.0,103,34,-1.38018,1.0,544431.46
1.0,103,35,0.58521,0.965,438633.01
1.0,103,36,-0.2257,0.93,495853.49
1.0,103,37,-1.27394,1.0,565771.9
1.0,103,38,-3.34481,0.715,506863.87
1.0,103,39,0.28145,0.93,495853.49
1.0,103,40,-0.73229,0.93,475862.92
1.0,103,41,-1.73945,0.855,518881.48
1.0,103,42,-0.75754,1.0,542743.91
1.0,103,43,-1.27394,1.0,565771.9
1.0,103,44,-3.18761,0.67,475862.92
1.0,103,45,-1.52348,0.715,372735.74
1.0,103,46,-1.27394,1.0,565771.9
1.0,103,47,-1.38018,1.0,544431.46
1.0,103,48,-3.50968,0.885,564084.34
1.0,103,49,-1.27394,1.0,565771.9
1.0,103,50,-1.73945,0.855,518881.48
1.0,103,51,-2.14539,0.715,440966.6
1.0,103,52,-1.709,0.715,383746.12
1.0,103,53,-2.14539,0.715,440966.6
1.0,103,54,-3.09153,0.67,465532.87
1.0,103,55,-3.50968,0.885,564084.34
1.0,103,56,-0.4951,0.93,517193.92
1.0,103,57,-1.35295,1.0,565771.9
1.0,103,58,-1.73163,0.715,394076.17
1.0,103,59,-2.44658,0.715,440966.6
1.0,103,60,-2.58469,0.715,518881.48
1.0,103,61,-1.72006,0.815,508551.42
1.0,103,62,-2.14974,0.715,518881.48
1.0,103,63,-1.26546,1.0,564084.34
1.0,103,64,-1.27394,1.0,565771.9
1.0,103,65,-1.35295,1.0,565771.9
1.0,103,66,-0.87706,0.855,407170.49
1.0,103,67,-3.56711,0.645,497203.36
1.0,103,68,-1.05154,1.0,542743.91
1.0,103,69,-3.18761,0.67,475862.92
1.0,103,70,-1.34384,1.0,564084.34
1.0,103,71,0.58521,0.965,438633.01
1.0,103,72,-0.48776,0.93,497203.36
1.0,103,73,-3.50968,0.885,564084.34
1.0,103,74,0.58521,0.965,438633.01
1.0,103,75,-2.58469,0.715,518881.48
1.0,103,76,-3.50968,0.885,564084.34
1.0,103,77,-0.73229,0.93,475862.92
1.0,103,78,-1.34384,1.0,564084.34
1.0,103,79,-2.20421,0.715,394076.18
1.0,103,80,-1.27394,1.0,565771.9
1.0,103,81,-2.74451,0.715,518881.48
1.0,103,82,-1.35295,1.0,565771.9
1.0,103,83,-1.86603,0.815,497541.04
1.0,103,84,-1.35295,1.0,565771.9
1.0,103,85,-1.61179,0.715,440966.6
1.0,103,86,-0.03416,0.93,517193.92
1.0,103,87,-2.58469,0.715,518881.48
1.0,103,88,-3.37416,0.885,564084.34
1.0,103,89,0.58521,0.965,438633.01
1.0,103,90,-1.72006,0.815,508551.42
1.0,103,91,-1.27394,1.0,565771.9
1.0,103,92,-0.87706,0.855,407170.49
1.0,103,93,-1.709,0.715,383746.12
1.0,103,94,-1.05154,1.0,542743.91
1.0,103,95,-1.61179,0.715,440966.6
1.0,103,96,-3.16681,0.885,542743.91
1.0,103,97,0.58521,0.965,438633.01
1.0,103,98,-1.72006,0.815,508551.42
1.0,103,99,0.58521,0.965,438633.01
1.0,103,100,-0.03416,0.93,517193.92
1.0,103,101,-2.44658,0.715,440966.6
1.0,103,102,-4.6965,0.8,544093.78
1.0,103,103,-2.14539,0.715,440966.6
1.0,103,104,-1.27394,1.0,565771.9
1.0,103,105,0.16436,1.0,544093.78
1.0,103,106,-1.27394,1.0,565771.9
1.0,103,107,-2.215,0.715,419626.16
1.0,103,108,-4.6965,0.8,544093.78
1.0,103,109,-1.61179,0.715,440966.6
1.0,103,110,-1.86603,0.815,497541.04
1.0,103,111,-1.86603,0.815,497541.04
1.0,103,112,-1.35295,1.0,565771.9
1.0,103,113,-1.27394,1.0,565771.9
1.0,103,114,-0.87706,0.855,407170.49
1.0,103,115,-0.44285,0.93,506863.87
1.0,103,116,-3.36968,0.715,517193.92
1.0,103,117,-1.27394,1.0,565771.9
1.0,103,118,-1.35295,1.0,565771.9
1.0,103,119,0.58521,0.965,438633.01
1.0,103,120,-1.05154,1.0,542743.91
1.0,103,121,-2.215,0.715,419626.16
1.0,103,122,-1.73945,0.855,518881.48
1.0,103,123,-3.61662,0.885,542743.91
1.0,103,124,-1.35295,1.0,565771.9
1.0,103,125,-2.14539,0.715,440966.6
1.0,103,126,-1.27394,1.0,565771.9
1.0,103,127,-1.27394,1.0,565771.9
1.0,103,128,-2.215,0.715,419626.16
1.0,103,129,-3.59505,0.885,565771.9
1.0,103,130,-1.27394,1.0,565771.9
1.0,103,131,-1.26546,1.0,564084.34
1.0,103,132,-1.35295,1.0,565771.9
1.0,103,133,-3.34481,0.715,506863.87
1.0,103,134,-3.37416,0.885,564084.34
1.0,103,135,-1.50601,0.715,362405.69
1.0,103,136,-3.50968,0.885,564084.34
1.0,103,137,-1.27394,1.0,565771.9
1.0,103,138,-3.08274,0.645,407170.48
1.0,103,139,-0.68751,0.93,522753.34
1.0,103,140,-1.27394,1.0,565771.9
1.0,103,141,-2.215,0.715,419626.16
1.0,103,142,-2.215,0.715,419626.16
1.0,103,143,0.34416,0.965,459973.45
1.0,103,144,-1.34384,1.0,564084.34
1.0,103,145,-2.46103,0.715,439982.89
1.0,103,146,-0.73229,0.93,475862.92
1.0,103,147,0.16436,1.0,544093.78
1.0,103,148,-2.215,0.715,419626.16
1.0,103,149,-1.66112,0.715,440320.57
1.0,103,150,-2.215,0.715,419626.16
1.0,103,151,-3.37416,0.885,564084.34
1.0,103,152,-0.2257,0.93,495853.49
1.0,103,153,-1.80555,1.0,544431.46
1.0,103,154,0.05221,0.93,506863.87
1.0,103,155,-2.14539,0.715,440966.6
1.0,103,156,-1.66112,0.715,440320.57
1.0,103,157,-2.14539,0.715,440966.6
1.0,103,158,-1.50601,0.715,362405.69
1.0,103,159,-0.17854,0.93,485523.43
1.0,103,160,-1.35295,1.0,565771.9
1.0,103,161,-3.56711,0.645,497203.36
1.0,103,162,-0.03416,0.93,517193.92
1.0,103,163,0.34416,0.965,459973.45
1.0,103,164,-1.38018,1.0,544431.46
1.0,103,165,-2.46103,0.715,439982.89
1.0,103,166,-1.35295,1.0,565771.9
1.0,103,167,-1.26546,1.0,564084.34
1.0,103,168,-2.58469,0.715,518881.48
1.0,103,169,-0.2257,0.93,495853.49
1.0,103,170,-2.24163,0.715,461661.0
1.0,103,171,-2.14539,0.715,440966.6
1.0,103,172,0.58521,0.965,438633.01
1.0,103,173,-1.73945,0.855,518881.48
1.0,103,174,-1.80555,1.0,544431.46
1.0,103,175,-2.14539,0.715,440966.6
1.0,103,176,-0.68751,0.93,522753.34
1.0,103,177,-1.35295,1.0,565771.9
1.0,103,178,-0.2257,0.93,495853.49
1.0,103,179,-2.44658,0.715,440966.6
1.0,103,180,-1.72006,0.815,508551.42
1.0,103,181,-3.37416,0.885,564084.34
1.0,103,182,-1.27394,1.0,565771.9
1.0,103,183,0.28145,0.93,495853.49
1.0,103,184,0.16436,1.0,544093.78
1.0,103,185,0.34416,0.965,459973.45
1.0,103,186,0.34416,0.965,459973.45
1.0,103,187,-2.42671,0.715,487210.99
1.0,103,188,-0.03416,0.93,517193.92
1.0,103,189,-1.61179,0.715,440966.6
1.0,103,190,-1.86603,0.815,497541.04
1.0,103,191,-0.22177,1.0,544093.78
1.0,103,192,-3.61662,0.885,542743.91
1.0,103,193,-1.05154,1.0,542743.91
1.0,103,194,-1.34384,1.0,564084.34
1.0,103,195,-1.86603,0.815,497541.04
1.0,103,196,-1.72006,0.815,508551.42
1.0,103,197,-1.34662,0.815,439982.89
1.0,103,198,-1.27394,1.0,565771.9
1.0,103,199,-4.57906,0.8,544093.78
1.0,103,200,-1.34384,1.0,564084.34
1.0,105,1,-0.48617,0.895,549962.74
1.0,105,2,1.52063,0.955,493767.93
1.0,105,3,-1.73554,0.74,440556.86
1.0,105,4,0.95508,0.955,472961.39
1.0,105,5,-1.71055,0.74,501868.52
1.0,105,6,-4.3687,0.635,493767.93
1.0,105,7,-1.34069,0.895,556338.99
1.0,105,8,-2.71409,0.74,512842.29
1.0,105,9,1.68572,0.955,513444.05
1.0,105,10,1.68572,0.955,513444.05
1.0,105,11,-1.31854,0.74,440556.86
1.0,105,12,-2.49731,0.695,440556.86
1.0,105,13,0.44356,0.895,527431.86
1.0,105,14,0.94843,0.955,513444.05
1.0,105,15,-3.62196,0.635,450271.22
1.0,105,16,-1.34069,0.895,556338.99
1.0,105,17,-1.86482,0.74,482192.4
1.0,105,18,-1.34069,0.895,556338.99
1.0,105,19,1.68572,0.955,513444.05
1.0,105,20,-1.73554,0.74,440556.86
1.0,105,21,-1.38517,0.79,536662.87
1.0,105,22,0.88447,0.955,507755.74
1.0,105,23,-1.87214,0.65,536662.87
1.0,105,24,-1.34069,0.895,556338.99
1.0,105,25,1.22787,0.955,453285.27
1.0,105,26,-1.90922,0.74,493166.16
1.0,105,27,-1.71055,0.74,501868.52
1.0,105,28,0.10892,0.895,516458.1
1.0,105,29,1.22787,0.955,453285.27
1.0,105,30,-1.85129,0.74,458371.82
1.0,105,31,-0.51291,0.895,551252.45
1.0,105,32,-3.62196,0.635,450271.22
1.0,105,33,-0.85011,0.74,382500.88
1.0,105,34,0.404,0.925,496781.98
1.0,105,35,1.22787,0.955,453285.27
1.0,105,36,-0.39434,0.895,551252.45
1.0,105,37,-1.23046,0.8,482192.4
1.0,105,38,-0.64525,0.78,402177.0
1.0,105,39,-2.49731,0.695,440556.86
1.0,105,40,0.67528,0.955,493767.93
1.0,105,41,-1.25654,0.895,556338.99
1.0,105,42,-2.30594,0.74,440556.86
1.0,105,43,-1.31915,0.74,366410.27
1.0,105,44,1.52063,0.955,493767.93
1.0,105,45,0.37229,0.925,507755.74
1.0,105,46,-0.49246,0.895,549962.74
1.0,105,47,-2.42086,0.74,493166.16
1.0,105,48,-1.38517,0.79,536662.87
1.0,105,49,-1.25654,0.895,556338.99
1.0,105,50,1.68572,0.955,513444.05
1.0,105,51,-2.56157,0.695,366410.27
1.0,105,52,0.07164,0.895,527431.86
1.0,105,53,-0.64525,0.78,402177.0
1.0,105,54,-1.25654,0.895,556338.99
1.0,105,55,-2.3933,0.74,482192.4
1.0,105,56,-1.34069,0.895,556338.99
1.0,105,57,-0.60643,0.895,551252.44
1.0,105,58,-1.25654,0.895,556338.99
1.0,105,59,-1.86482,0.74,482192.4
1.0,105,60,0.67528,0.955,493767.93
1.0,105,61,-3.97319,0.6,549962.74
1.0,105,62,-1.87214,0.65,536662.87
1.0,105,63,-0.77026,0.895,549962.74
1.0,105,64,0.404,0.925,496781.98
1.0,105,65,-2.73519,0.74,512842.29
1.0,105,66,0.07164,0.895,527431.86
1.0,105,67,-1.25654,0.895,556338.99
1.0,105,68,1.22787,0.955,453285.27
1.0,105,69,-2.30594,0.74,440556.86
1.0,105,70,-2.85763,0.695,420880.74
1.0,105,71,1.22787,0.955,453285.27
1.0,105,72,1.68572,0.955,513444.05
1.0,105,73,-1.73554,0.74,440556.86
1.0,105,74,0.07164,0.895,527431.86
1.0,105,75,0.07164,0.895,527431.86
1.0,105,76,-1.31915,0.74,366410.27
1.0,105,77,-0.77026,0.895,549962.74
1.0,105,78,-3.91264,0.6,549962.74
1.0,105,79,-2.27189,0.74,458371.82
1.0,105,80,-1.31854,0.74,440556.86
1.0,105,81,-1.25654,0.895,556338.99
1.0,105,82,-1.25654,0.895,556338.99
1.0,105,83,-2.85763,0.695,420880.74
1.0,105,84,-1.73554,0.74,440556.86
1.0,105,85,-2.44785,0.695,438695.69
1.0,105,86,0.21316,0.925,513444.05
1.0,105,87,-0.49246,0.895,549962.74
1.0,105,88,-1.90922,0.74,493166.16
1.0,105,89,0.404,0.925,496781.98
1.0,105,90,-2.73519,0.74,512842.29
1.0,105,91,0.10892,0.895,516458.1
1.0,105,92,-3.52951,0.635,439297.46
1.0,105,93,-2.91065,0.74,501868.52
1.0,105,94,-2.30594,0.74,440556.86
1.0,105,95,-1.73554,0.74,440556.86
1.0,105,96,-1.34069,0.895,556338.99
1.0,105,97,-2.3933,0.74,482192.4
1.0,105,98,-1.25654,0.895,556338.99
1.0,105,99,1.52063,0.955,493767.93
1.0,105,100,-1.23046,0.8,482192.4
1.0,105,101,-0.28334,0.925,439297.46
1.0,105,102,-1.31915,0.74,366410.27
1.0,105,103,-0.64525,0.78,402177.0
1.0,105,104,-1.25654,0.895,556338.99
1.0,105,105,-0.64525,0.78,402177.0
1.0,105,106,-1.73554,0.74,440556.86
1.0,105,107,-1.38517,0.79,536662.87
1.0,105,108,0.10892,0.895,516458.1
1.0,105,109,-0.64525,0.78,402177.0
1.0,105,110,-1.73554,0.74,440556.86
1.0,105,111,0.67528,0.955,493767.93
1.0,105,112,-1.76028,0.74,512842.29
1.0,105,113,-2.73519,0.74,512842.29
1.0,105,114,-2.49731,0.695,440556.86
1.0,105,115,-3.04078,0.615,382500.88
1.0,105,116,-4.77639,0.635,493767.93
1.0,105,117,-2.49731,0.695,440556.86
1.0,105,118,1.22787,0.955,453285.27
1.0,105,119,-1.25654,0.895,556338.99
1.0,105,120,0.10892,0.895,516458.1
1.0,105,121,-0.48617,0.895,549962.74
1.0,105,122,-0.85011,0.74,382500.88
1.0,105,123,-1.25654,0.895,556338.99
1.0,105,124,0.404,0.925,496781.98
1.0,105,125,-1.34069,0.895,556338.99
1.0,105,126,-3.28815,0.695,493166.16
1.0,105,127,-0.49246,0.895,549962.74
1.0,105,128,-1.25654,0.895,556338.99
1.0,105,129,-1.34069,0.895,556338.99
1.0,105,130,-1.25654,0.895,556338.99
1.0,105,131,-0.51291,0.895,551252.45
1.0,105,132,-0.22278,0.925,450271.22
1.0,105,133,1.68572,0.955,513444.05
1.0,105,134,-1.25654,0.895,556338.99
1.0,105,135,-1.31317,0.74,377384.03
1.0,105,136,-2.49731,0.695,440556.86
1.0,105,137,-2.73519,0.74,512842.29
1.0,105,138,-1.71055,0.74,501868.52
1.0,105,139,-2.42086,0.74,493166.16
1.0,105,140,-2.91065,0.74,501868.52
1.0,105,141,-1.34069,0.895,556338.99
1.0,105,142,0.404,0.925,496781.98
1.0,105,143,-1.85129,0.74,458371.82
1.0,105,144,0.95508,0.955,472961.39
1.0,105,145,-1.34069,0.895,556338.99
1.0,105,146,-0.64525,0.78,402177.0
1.0,105,147,0.88447,0.955,507755.74
1.0,105,148,-2.85763,0.695,420880.74
1.0,105,149,-3.91264,0.6,549962.74
1.0,105,150,-1.25654,0.895,556338.99
1.0,105,151,-1.54671,0.74,386086.39
1.0,105,152,1.68572,0.955,513444.05
1.0,105,153,-4.79463,0.635,493767.93
1.0,105,154,-1.25654,0.895,556338.99
1.0,105,155,-1.54647,0.74,397060.15
1.0,105,156,1.52063,0.955,493767.93
1.0,105,157,-1.58606,0.74,438695.69
1.0,105,158,-2.27189,0.74,458371.82
1.0,105,159,0.37229,0.925,507755.74
1.0,105,160,-1.71055,0.74,501868.52
1.0,105,161,-1.34069,0.895,556338.99
1.0,105,162,-1.34069,0.895,556338.99
1.0,105,163,1.68572,0.955,513444.05
1.0,105,164,-2.49731,0.695,440556.86
1.0,105,165,-1.25654,0.895,556338.99
1.0,105,166,-1.31317,0.74,377384.03
1.0,105,167,0.95508,0.955,472961.39
1.0,105,168,-1.87214,0.65,536662.87
1.0,105,169,-1.25654,0.895,556338.99
1.0,105,170,-5.17601,0.635,513444.05
1.0,105,171,1.52063,0.955,493767.93
1.0,105,172,-1.34069,0.895,556338.99
1.0,105,173,-1.87214,0.65,536662.87
1.0,105,174,0.10405,0.925,469947.34
1.0,105,175,-1.92058,0.74,420880.74
1.0,105,176,1.22787,0.955,453285.27
1.0,105,177,-2.91065,0.74,501868.52
1.0,105,178,-0.51291,0.895,551252.45
1.0,105,179,-1.25654,0.895,556338.99
1.0,105,180,-1.34069,0.895,556338.99
1.0,105,181,-0.51291,0.895,551252.45
1.0,105,182,0.95508,0.955,472961.39
1.0,105,183,0.44356,0.895,527431.86
1.0,105,184,0.44356,0.895,527431.86
1.0,105,185,-3.52951,0.635,439297.46
1.0,105,186,0.404,0.925,496781.98
1.0,105,187,-1.76028,0.74,512842.29
1.0,105,188,-1.73554,0.74,440556.86
1.0,105,189,-3.62196,0.635,450271.22
1.0,105,190,-4.77639,0.635,493767.93
1.0,105,191,-1.25654,0.895,556338.99
1.0,105,192,-1.38517,0.79,536662.87
1.0,105,193,-1.38517,0.79,536662.87
1.0,105,194,1.68572,0.955,513444.05
1.0,105,195,-0.64525,0.78,402177.0
1.0,105,196,-1.73554,0.74,440556.86
1.0,105,197,0.07164,0.895,527431.86
1.0,105,198,-1.25654,0.895,556338.99
1.0,105,199,-4.1764,0.6,549962.74
1.0,105,200,-1.25654,0.895,556338.99
1.0,107,1,-1.84132,0.885,555524.66
1.0,107,2,-1.71116,0.885,558938.13
1.0,107,3,-0.32241,1.0,556715.59
1.0,107,4,-1.25273,0.77,450273.04
1.0,107,5,1.18093,0.955,454868.37
1.0,107,6,-2.37407,0.715,373489.27
1.0,107,7,-4.30682,0.885,557747.2
1.0,107,8,-0.25253,0.865,440517.39
1.0,107,9,-1.54818,0.885,558938.13
1.0,107,10,-0.94158,0.77,413231.39
1.0,107,11,-1.72739,0.885,558938.13
1.0,107,12,-1.56878,0.885,558938.13
1.0,107,13,-1.84132,0.885,555524.66
1.0,107,14,-1.71116,0.885,558938.13
1.0,107,15,-2.07977,0.885,555524.66
1.0,107,16,-3.02488,0.765,519130.99
1.0,107,17,-1.54818,0.885,558938.13
1.0,107,18,-1.42285,0.765,452645.83
1.0,107,19,-3.02488,0.765,519130.99
1.0,107,20,-2.05,0.765,519130.99
1.0,107,21,-1.69344,0.765,450273.04
1.0,107,22,1.53627,0.955,497106.1
1.0,107,23,-2.62599,0.715,452645.83
1.0,107,24,-1.56878,0.885,558938.13
1.0,107,25,-4.79425,0.66,501158.48
1.0,107,26,-1.67158,0.885,558938.13
1.0,107,27,-1.71116,0.885,558938.13
1.0,107,28,0.47075,0.955,501158.48
1.0,107,29,-2.17796,0.765,498935.94
1.0,107,30,1.05351,0.955,501158.48
1.0,107,31,-2.05,0.765,519130.99
1.0,107,32,-3.53502,0.715,440517.39
1.0,107,33,-5.19952,0.66,517301.15
1.0,107,34,-1.12962,0.865,498935.94
1.0,107,35,-2.86833,0.765,529429.59
1.0,107,36,-4.09513,0.885,556715.59
1.0,107,37,0.66784,0.955,521353.53
1.0,107,38,0.47075,0.955,501158.48
1.0,107,39,-0.94158,0.77,413231.39
1.0,107,40,-2.34513,0.765,450273.04
1.0,107,41,-3.02488,0.765,519130.99
1.0,107,42,-3.62788,0.715,450815.99
1.0,107,43,0.44457,0.955,511457.09
1.0,107,44,-2.34513,0.765,450273.04
1.0,107,45,0.44457,0.955,511457.09
1.0,107,46,0.92884,0.955,475063.42
1.0,107,47,-1.72739,0.885,558938.13
1.0,107,48,-0.25253,0.865,440517.39
1.0,107,49,-2.91981,0.715,430077.99
1.0,107,50,-1.56878,0.885,558938.13
1.0,107,51,1.69972,0.955,517301.15
1.0,107,52,1.18093,0.955,454868.37
1.0,107,53,-1.72739,0.885,558938.13
1.0,107,54,-1.56878,0.885,558938.13
1.0,107,55,-1.49337,0.765,373489.27
1.0,107,56,-1.25273,0.77,450273.04
1.0,107,57,-2.55867,0.715,450273.04
1.0,107,58,-1.72739,0.885,558938.13
1.0,107,59,-1.67158,0.885,558938.13
1.0,107,60,0.44457,0.955,511457.09
1.0,107,61,-1.84132,0.885,555524.66
1.0,107,62,-3.945,0.66,460712.43
1.0,107,63,1.18093,0.955,454868.37
1.0,107,64,-2.55867,0.715,450273.04
1.0,107,65,0.95084,0.955,517301.15
1.0,107,66,-2.18057,0.715,393684.32
1.0,107,67,0.92884,0.955,475063.42
1.0,107,68,0.16221,0.91,531652.13
1.0,107,69,-4.09513,0.885,556715.59
1.0,107,70,-1.30418,0.865,509234.55
1.0,107,71,0.92884,0.955,475063.42
1.0,107,72,-0.33098,1.0,556715.59
1.0,107,73,-1.72739,0.885,558938.13
1.0,107,74,-2.10222,0.765,529429.59
1.0,107,75,-1.67158,0.885,558938.13
1.0,107,76,-2.97883,0.885,558938.13
1.0,107,77,-1.56878,0.885,558938.13
1.0,107,78,-0.94158,0.77,413231.39
1.0,107,79,0.16221,0.91,531652.13
1.0,107,80,0.92884,0.955,475063.42
1.0,107,81,1.05351,0.955,501158.48
1.0,107,82,1.18093,0.955,454868.37
1.0,107,83,-3.945,0.66,460712.43
1.0,107,84,0.44457,0.955,511457.09
1.0,107,85,-1.72739,0.885,558938.13
1.0,107,86,-1.67158,0.885,558938.13
1.0,107,87,-2.55867,0.715,450273.04
1.0,107,88,-2.91981,0.715,430077.99
1.0,107,89,-1.54818,0.885,558938.13
1.0,107,90,-4.09513,0.885,556715.59
1.0,107,91,-1.56878,0.885,558938.13
1.0,107,92,-1.54818,0.885,558938.13
1.0,107,93,-1.25273,0.77,450273.04
1.0,107,94,-2.47456,0.765,472840.88
1.0,107,95,1.53627,0.955,497106.1
1.0,107,96,-2.55867,0.715,450273.04
1.0,107,97,-0.94158,0.77,413231.39
1.0,107,98,-1.69344,0.765,450273.04
1.0,107,99,0.15251,0.91,471011.04
1.0,107,100,1.18093,0.955,454868.37
1.0,107,101,-2.55867,0.715,450273.04
1.0,107,102,0.92884,0.955,475063.42
1.0,107,103,-2.97883,0.885,558938.13
1.0,107,104,0.92884,0.955,475063.42
1.0,107,105,-1.25273,0.77,450273.04
1.0,107,106,-2.07977,0.885,555524.66
1.0,107,107,-1.54818,0.885,558938.13
1.0,107,108,1.18093,0.955,454868.37
1.0,107,109,-2.07977,0.885,555524.66
1.0,107,110,-2.05,0.765,519130.99
1.0,107,111,-2.62599,0.715,452645.83
1.0,107,112,1.53627,0.955,497106.1
1.0,107,113,-1.67158,0.885,558938.13
1.0,107,114,-1.56878,0.885,558938.13
1.0,107,115,-1.12962,0.865,498935.94
1.0,107,116,-5.19436,0.66,517301.15
1.0,107,117,-0.18515,0.91,450815.99
1.0,107,118,-4.27859,0.885,556715.59
1.0,107,119,0.95084,0.955,517301.15
1.0,107,120,-1.54818,0.885,558938.13
1.0,107,121,-1.56878,0.885,558938.13
1.0,107,122,-2.91981,0.715,430077.99
1.0,107,123,-1.69344,0.765,450273.04
1.0,107,124,-1.42285,0.765,452645.83
1.0,107,125,-0.32241,1.0,556715.59
1.0,107,126,-1.49337,0.765,373489.27
1.0,107,127,-1.71116,0.885,558938.13
1.0,107,128,-4.09513,0.885,556715.59
1.0,107,129,-1.49337,0.765,373489.27
1.0,107,130,0.66784,0.955,521353.53
1.0,107,131,-1.56878,0.885,558938.13
1.0,107,132,1.18093,0.955,454868.37
1.0,107,133,-3.62788,0.715,450815.99
1.0,107,134,-2.86833,0.765,529429.59
1.0,107,135,1.53627,0.955,497106.1
1.0,107,136,-1.67158,0.885,558938.13
1.0,107,137,-1.71116,0.885,558938.13
1.0,107,138,-1.71116,0.885,558938.13
1.0,107,139,-1.56878,0.885,558938.13
1.0,107,140,-0.94158,0.77,413231.39
1.0,107,141,0.92884,0.955,475063.42
1.0,107,142,0.95084,0.955,517301.15
1.0,107,143,0.92884,0.955,475063.42
1.0,107,144,-1.698,0.77,519130.99
1.0,107,145,-2.55867,0.715,450273.04
1.0,107,146,-4.1439,0.885,556715.59
1.0,107,147,-2.17796,0.765,498935.94
1.0,107,148,-1.49337,0.765,373489.27
1.0,107,149,-1.71116,0.885,558938.13
1.0,107,150,0.98068,0.955,511457.09
1.0,107,151,0.15251,0.91,471011.04
1.0,107,152,-1.69344,0.765,450273.04
1.0,107,153,1.05351,0.955,501158.48
1.0,107,154,-4.1439,0.885,556715.59
1.0,107,155,-2.86833,0.765,529429.59
1.0,107,156,1.18093,0.955,454868.37
1.0,107,157,-2.05,0.765,519130.99
1.0,107,158,-3.62788,0.715,450815.99
1.0,107,159,-1.71116,0.885,558938.13
1.0,107,160,-2.22514,0.765,509234.55
1.0,107,161,-2.05,0.765,519130.99
1.0,107,162,0.19386,0.91,521353.53
1.0,107,163,-1.54818,0.885,558938.13
1.0,107,164,-0.18515,0.91,450815.99
1.0,107,165,-0.58769,1.0,556715.59
1.0,107,166,-1.84132,0.885,555524.66
1.0,107,167,-1.56878,0.885,558938.13
1.0,107,168,-1.56878,0.885,558938.13
1.0,107,169,0.66784,0.955,521353.53
1.0,107,170,-2.55867,0.715,450273.04
1.0,107,171,-2.47456,0.765,472840.88
1.0,107,172,-2.15586,0.765,509234.55
1.0,107,173,-3.02488,0.765,519130.99
1.0,107,174,-1.69344,0.765,450273.04
1.0,107,175,0.16221,0.91,531652.13
1.0,107,176,-1.54818,0.885,558938.13
1.0,107,177,1.53627,0.955,497106.1
1.0,107,178,1.69972,0.955,517301.15
1.0,107,179,1.18093,0.955,454868.37
1.0,107,180,-1.84132,0.885,555524.66
1.0,107,181,-2.34513,0.765,450273.04
1.0,107,182,-2.10222,0.765,529429.59
1.0,107,183,-1.72739,0.885,558938.13
1.0,107,184,0.95084,0.955,517301.15
1.0,107,185,0.44457,0.955,511457.09
1.0,107,186,-0.18515,0.91,450815.99
1.0,107,187,-1.84132,0.885,555524.66
1.0,107,188,-2.43705,0.765,529429.59
1.0,107,189,-2.05,0.765,519130.99
1.0,107,190,-4.46058,0.885,557747.2
1.0,107,191,-1.69796,0.765,403982.92
1.0,107,192,1.69972,0.955,517301.15
1.0,107,193,-4.09513,0.885,556715.59
1.0,107,194,-3.40104,0.715,509234.55
1.0,107,195,-2.17796,0.765,498935.94
1.0,107,196,-4.39392,0.66,497106.1
1.0,107,197,0.44457,0.955,511457.09
1.0,107,198,1.05351,0.955,501158.48
1.0,107,199,-0.94158,0.77,413231.39
1.0,107,200,-1.67158,0.885,558938.13
