settimana,regione,canale,campagna,spesa,impressioni,clic,conversioni_piattaforma
2024-01-01,Abruzzo,Google Ads,RND_IT_GOOGLE_DISPLAY,34.71,5759,34,0
2024-01-01,Abruzzo,Google Ads,RND_IT_GOOGLE_SEARCH_BRAND,29.97,999,79,0
2024-01-01,Abruzzo,Google Ads,RND_IT_GOOGLE_SEARCH_GENERICA,104.03,1924,98,2
2024-01-01,Abruzzo,Google Ads,RND_IT_GOOGLE_SEARCH_LOCALE,40.12,804,37,1
2024-01-01,Basilicata,Google Ads,RND_IT_GOOGLE_DISPLAY,12.22,2003,13,0
2024-01-01,Basilicata,Google Ads,RND_IT_GOOGLE_SEARCH_BRAND,24.08,812,66,0
2024-01-01,Basilicata,Google Ads,RND_IT_GOOGLE_SEARCH_GENERICA,56.01,994,50,1
2024-01-01,Basilicata,Google Ads,RND_IT_GOOGLE_SEARCH_LOCALE,25.76,529,24,1
2024-01-01,Calabria,Google Ads,RND_IT_GOOGLE_DISPLAY,59.99,9739,64,1
2024-01-01,Calabria,Google Ads,RND_IT_GOOGLE_SEARCH_BRAND,58.85,1936,151,2
2024-01-01,Calabria,Google Ads,RND_IT_GOOGLE_SEARCH_GENERICA,112.77,1969,104,3
2024-01-01,Calabria,Google Ads,RND_IT_GOOGLE_SEARCH_LOCALE,52.16,1101,44,3
2024-01-01,Campania,Google Ads,RND_IT_GOOGLE_DISPLAY,200.06,33324,182,3
2024-01-01,Campania,Google Ads,RND_IT_GOOGLE_SEARCH_BRAND,156.47,5265,413,5
2024-01-01,Campania,Google Ads,RND_IT_GOOGLE_SEARCH_GENERICA,567.79,10007,538,19
2024-01-01,Campania,Google Ads,RND_IT_GOOGLE_SEARCH_LOCALE,265.16,5309,233,13
2024-01-01,Emilia-Romagna,Google Ads,RND_IT_GOOGLE_DISPLAY,157.56,27371,158,3
2024-01-01,Emilia-Romagna,Google Ads,RND_IT_GOOGLE_SEARCH_BRAND,178.47,5919,460,8
2024-01-01,Emilia-Romagna,Google Ads,RND_IT_GOOGLE_SEARCH_GENERICA,259.47,4758,246,10
2024-01-01,Emilia-Romagna,Google Ads,RND_IT_GOOGLE_SEARCH_LOCALE,136.51,2798,127,8
2024-01-01,Friuli-Venezia Giulia,Google Ads,RND_IT_GOOGLE_DISPLAY,43.46,6947,37,1
2024-01-01,Friuli-Venezia Giulia,Google Ads,RND_IT_GOOGLE_SEARCH_BRAND,28.97,920,73,1
2024-01-01,Friuli-Venezia Giulia,Google Ads,RND_IT_GOOGLE_SEARCH_GENERICA,86.08,1560,83,3
2024-01-01,Friuli-Venezia Giulia,Google Ads,RND_IT_GOOGLE_SEARCH_LOCALE,37.44,770,32,2
2024-01-01,Lazio,Google Ads,RND_IT_GOOGLE_DISPLAY,174.12,28977,196,2
2024-01-01,Lazio,Google Ads,RND_IT_GOOGLE_SEARCH_BRAND,141.67,4724,309,6
2024-01-01,Lazio,Google Ads,RND_IT_GOOGLE_SEARCH_GENERICA,424.36,7222,352,17
2024-01-01,Lazio,Google Ads,RND_IT_GOOGLE_SEARCH_LOCALE,301.29,6289,296,16
2024-01-01,Liguria,Google Ads,RND_IT_GOOGLE_DISPLAY,27.12,4288,27,0
2024-01-01,Liguria,Google Ads,RND_IT_GOOGLE_SEARCH_BRAND,36.41,1173,79,2
2024-01-01,Liguria,Google Ads,RND_IT_GOOGLE_SEARCH_GENERICA,110.03,1978,118,4
2024-01-01,Liguria,Google Ads,RND_IT_GOOGLE_SEARCH_LOCALE,48.44,1054,50,2
2024-01-01,Lombardia,Google Ads,RND_IT_GOOGLE_DISPLAY,372.13,61257,316,4
2024-01-01,Lombardia,Google Ads,RND_IT_GOOGLE_SEARCH_BRAND,409.53,12941,921,14
2024-01-01,Lombardia,Google Ads,RND_IT_GOOGLE_SEARCH_GENERICA,857.27,16133,738,26
2024-01-01,Lombardia,Google Ads,RND_IT_GOOGLE_SEARCH_LOCALE,394.64,8148,353,15
2024-01-01,Marche,Google Ads,RND_IT_GOOGLE_DISPLAY,31.22,5244,31,0
2024-01-01,Marche,Google Ads,RND_IT_GOOGLE_SEARCH_BRAND,49.99,1673,124,2
2024-01-01,Marche,Google Ads,RND_IT_GOOGLE_SEARCH_GENERICA,90.88,1630,78,2
2024-01-01,Marche,Google Ads,RND_IT_GOOGLE_SEARCH_LOCALE,47.97,979,46,2
2024-01-01,Molise,Google Ads,RND_IT_GOOGLE_DISPLAY,10.24,1626,10,0
2024-01-01,Molise,Google Ads,RND_IT_GOOGLE_SEARCH_BRAND,7.66,259,20,0
2024-01-01,Molise,Google Ads,RND_IT_GOOGLE_SEARCH_GENERICA,25.80,467,25,1
2024-01-01,Molise,Google Ads,RND_IT_GOOGLE_SEARCH_LOCALE,14.97,338,15,1
2024-01-01,Piemonte,Google Ads,RND_IT_GOOGLE_DISPLAY,95.96,15780,90,1
2024-01-01,Piemonte,Google Ads,RND_IT_GOOGLE_SEARCH_BRAND,115.34,3905,300,3
2024-01-01,Piemonte,Google Ads,RND_IT_GOOGLE_SEARCH_GENERICA,488.45,9159,482,11
2024-01-01,Piemonte,Google Ads,RND_IT_GOOGLE_SEARCH_LOCALE,156.34,3215,156,6
2024-01-01,Puglia,Google Ads,RND_IT_GOOGLE_DISPLAY,134.14,22552,145,1
2024-01-01,Puglia,Google Ads,RND_IT_GOOGLE_SEARCH_BRAND,117.19,3973,321,3
2024-01-01,Puglia,Google Ads,RND_IT_GOOGLE_SEARCH_GENERICA,267.94,4988,258,7
2024-01-01,Puglia,Google Ads,RND_IT_GOOGLE_SEARCH_LOCALE,234.21,4851,249,8
2024-01-01,Sardegna,Google Ads,RND_IT_GOOGLE_DISPLAY,39.13,6548,42,0
2024-01-01,Sardegna,Google Ads,RND_IT_GOOGLE_SEARCH_BRAND,49.48,1554,126,2
2024-01-01,Sardegna,Google Ads,RND_IT_GOOGLE_SEARCH_GENERICA,126.91,2378,125,4
2024-01-01,Sardegna,Google Ads,RND_IT_GOOGLE_SEARCH_LOCALE,50.63,1043,43,2
2024-01-01,Sicilia,Google Ads,RND_IT_GOOGLE_DISPLAY,142.34,23965,147,2
2024-01-01,Sicilia,Google Ads,RND_IT_GOOGLE_SEARCH_BRAND,117.48,3756,265,5
2024-01-01,Sicilia,Google Ads,RND_IT_GOOGLE_SEARCH_GENERICA,426.30,7106,303,18
2024-01-01,Sicilia,Google Ads,RND_IT_GOOGLE_SEARCH_LOCALE,224.57,4640,220,11
2024-01-01,Toscana,Google Ads,RND_IT_GOOGLE_DISPLAY,89.84,14535,83,1
2024-01-01,Toscana,Google Ads,RND_IT_GOOGLE_SEARCH_BRAND,102.56,3621,276,4
2024-01-01,Toscana,Google Ads,RND_IT_GOOGLE_SEARCH_GENERICA,192.09,3674,204,7
2024-01-01,Toscana,Google Ads,RND_IT_GOOGLE_SEARCH_LOCALE,145.98,3048,150,7
2024-01-01,Trentino-Alto Adige,Google Ads,RND_IT_GOOGLE_DISPLAY,39.09,6571,38,0
2024-01-01,Trentino-Alto Adige,Google Ads,RND_IT_GOOGLE_SEARCH_BRAND,27.16,877,62,1
2024-01-01,Trentino-Alto Adige,Google Ads,RND_IT_GOOGLE_SEARCH_GENERICA,52.80,978,48,2
2024-01-01,Trentino-Alto Adige,Google Ads,RND_IT_GOOGLE_SEARCH_LOCALE,32.38,693,29,2
2024-01-01,Umbria,Google Ads,RND_IT_GOOGLE_DISPLAY,19.73,3229,19,0
2024-01-01,Umbria,Google Ads,RND_IT_GOOGLE_SEARCH_BRAND,38.03,1291,96,1
2024-01-01,Umbria,Google Ads,RND_IT_GOOGLE_SEARCH_GENERICA,79.85,1559,85,2
2024-01-01,Umbria,Google Ads,RND_IT_GOOGLE_SEARCH_LOCALE,36.45,769,33,2
2024-01-01,Valle d'Aosta,Google Ads,RND_IT_GOOGLE_DISPLAY,4.22,719,4,0
2024-01-01,Valle d'Aosta,Google Ads,RND_IT_GOOGLE_SEARCH_BRAND,3.90,127,10,0
2024-01-01,Valle d'Aosta,Google Ads,RND_IT_GOOGLE_SEARCH_GENERICA,8.17,145,6,0
2024-01-01,Valle d'Aosta,Google Ads,RND_IT_GOOGLE_SEARCH_LOCALE,3.96,85,4,0
2024-01-01,Veneto,Google Ads,RND_IT_GOOGLE_DISPLAY,150.68,23372,140,1
2024-01-01,Veneto,Google Ads,RND_IT_GOOGLE_SEARCH_BRAND,144.74,4836,276,4
2024-01-01,Veneto,Google Ads,RND_IT_GOOGLE_SEARCH_GENERICA,257.90,4441,226,6
2024-01-01,Veneto,Google Ads,RND_IT_GOOGLE_SEARCH_LOCALE,201.64,4332,193,7
2024-01-08,Abruzzo,Google Ads,RND_IT_GOOGLE_DISPLAY,32.96,5445,34,0
2024-01-08,Abruzzo,Google Ads,RND_IT_GOOGLE_SEARCH_BRAND,37.87,1238,109,1
2024-01-08,Abruzzo,Google Ads,RND_IT_GOOGLE_SEARCH_GENERICA,81.61,1484,71,1
2024-01-08,Abruzzo,Google Ads,RND_IT_GOOGLE_SEARCH_LOCALE,40.80,855,38,1
2024-01-08,Basilicata,Google Ads,RND_IT_GOOGLE_DISPLAY,11.33,1893,10,0
2024-01-08,Basilicata,Google Ads,RND_IT_GOOGLE_SEARCH_BRAND,22.92,777,61,1
2024-01-08,Basilicata,Google Ads,RND_IT_GOOGLE_SEARCH_GENERICA,43.97,793,41,1
2024-01-08,Basilicata,Google Ads,RND_IT_GOOGLE_SEARCH_LOCALE,24.49,516,23,1
2024-01-08,Calabria,Google Ads,RND_IT_GOOGLE_DISPLAY,53.82,9334,53,1
2024-01-08,Calabria,Google Ads,RND_IT_GOOGLE_SEARCH_BRAND,65.19,2182,157,3
2024-01-08,Calabria,Google Ads,RND_IT_GOOGLE_SEARCH_GENERICA,102.06,1892,97,4
2024-01-08,Calabria,Google Ads,RND_IT_GOOGLE_SEARCH_LOCALE,41.77,899,43,3
2024-01-08,Campania,Google Ads,RND_IT_GOOGLE_DISPLAY,191.99,32082,192,3
2024-01-08,Campania,Google Ads,RND_IT_GOOGLE_SEARCH_BRAND,157.84,5190,442,7
2024-01-08,Campania,Google Ads,RND_IT_GOOGLE_SEARCH_GENERICA,509.43,9561,490,26
2024-01-08,Campania,Google Ads,RND_IT_GOOGLE_SEARCH_LOCALE,238.55,4804,187,12
2024-01-08,Emilia-Romagna,Google Ads,RND_IT_GOOGLE_DISPLAY,153.95,25804,172,3
2024-01-08,Emilia-Romagna,Google Ads,RND_IT_GOOGLE_SEARCH_BRAND,187.02,6038,442,10
2024-01-08,Emilia-Romagna,Google Ads,RND_IT_GOOGLE_SEARCH_GENERICA,211.11,3828,177,11
2024-01-08,Emilia-Romagna,Google Ads,RND_IT_GOOGLE_SEARCH_LOCALE,134.49,3012,126,8
2024-01-08,Friuli-Venezia Giulia,Google Ads,RND_IT_GOOGLE_DISPLAY,42.38,7142,45,1
2024-01-08,Friuli-Venezia Giulia,Google Ads,RND_IT_GOOGLE_SEARCH_BRAND,27.84,936,71,2
2024-01-08,Friuli-Venezia Giulia,Google Ads,RND_IT_GOOGLE_SEARCH_GENERICA,78.86,1423,71,4
2024-01-08,Friuli-Venezia Giulia,Google Ads,RND_IT_GOOGLE_SEARCH_LOCALE,32.61,669,32,3
2024-01-08,Lazio,Google Ads,RND_IT_GOOGLE_DISPLAY,152.15,26312,158,3
2024-01-08,Lazio,Google Ads,RND_IT_GOOGLE_SEARCH_BRAND,110.52,3550,257,7
2024-01-08,Lazio,Google Ads,RND_IT_GOOGLE_SEARCH_GENERICA,405.52,7489,370,23
2024-01-08,Lazio,Google Ads,RND_IT_GOOGLE_SEARCH_LOCALE,297.13,6125,286,21
2024-01-08,Liguria,Google Ads,RND_IT_GOOGLE_DISPLAY,24.34,4010,25,0
2024-01-08,Liguria,Google Ads,RND_IT_GOOGLE_SEARCH_BRAND,42.49,1434,120,2
2024-01-08,Liguria,Google Ads,RND_IT_GOOGLE_SEARCH_GENERICA,91.59,1653,85,5
2024-01-08,Liguria,Google Ads,RND_IT_GOOGLE_SEARCH_LOCALE,43.63,876,36,3
2024-01-08,Lombardia,Google Ads,RND_IT_GOOGLE_DISPLAY,345.27,55123,328,5
2024-01-08,Lombardia,Google Ads,RND_IT_GOOGLE_SEARCH_BRAND,365.01,13126,977,15
2024-01-08,Lombardia,Google Ads,RND_IT_GOOGLE_SEARCH_GENERICA,889.87,16015,856,31
2024-01-08,Lombardia,Google Ads,RND_IT_GOOGLE_SEARCH_LOCALE,280.42,5635,264,12
2024-01-08,Marche,Google Ads,RND_IT_GOOGLE_DISPLAY,32.88,5218,34,1
2024-01-08,Marche,Google Ads,RND_IT_GOOGLE_SEARCH_BRAND,49.94,1732,131,2
2024-01-08,Marche,Google Ads,RND_IT_GOOGLE_SEARCH_GENERICA,85.72,1607,81,3
2024-01-08,Marche,Google Ads,RND_IT_GOOGLE_SEARCH_LOCALE,43.34,929,46,2
2024-01-08,Molise,Google Ads,RND_IT_GOOGLE_DISPLAY,10.90,1853,11,0
2024-01-08,Molise,Google Ads,RND_IT_GOOGLE_SEARCH_BRAND,6.55,223,18,0
2024-01-08,Molise,Google Ads,RND_IT_GOOGLE_SEARCH_GENERICA,29.36,554,25,1
2024-01-08,Molise,Google Ads,RND_IT_GOOGLE_SEARCH_LOCALE,15.21,339,15,1
2024-01-08,Piemonte,Google Ads,RND_IT_GOOGLE_DISPLAY,106.99,17952,117,1
2024-01-08,Piemonte,Google Ads,RND_IT_GOOGLE_SEARCH_BRAND,104.10,3461,270,4
2024-01-08,Piemonte,Google Ads,RND_IT_GOOGLE_SEARCH_GENERICA,443.65,8329,420,13
2024-01-08,Piemonte,Google Ads,RND_IT_GOOGLE_SEARCH_LOCALE,119.47,2447,102,5
2024-01-08,Puglia,Google Ads,RND_IT_GOOGLE_DISPLAY,124.34,20564,112,2
2024-01-08,Puglia,Google Ads,RND_IT_GOOGLE_SEARCH_BRAND,115.73,3633,271,4
2024-01-08,Puglia,Google Ads,RND_IT_GOOGLE_SEARCH_GENERICA,258.38,4674,276,8
2024-01-08,Puglia,Google Ads,RND_IT_GOOGLE_SEARCH_LOCALE,194.07,4085,195,8
2024-01-08,Sardegna,Google Ads,RND_IT_GOOGLE_DISPLAY,33.25,5444,31,1
2024-01-08,Sardegna,Google Ads,RND_IT_GOOGLE_SEARCH_BRAND,46.62,1492,121,2
2024-01-08,Sardegna,Google Ads,RND_IT_GOOGLE_SEARCH_GENERICA,112.24,1910,106,4
2024-01-08,Sardegna,Google Ads,RND_IT_GOOGLE_SEARCH_LOCALE,41.92,879,44,2
2024-01-08,Sicilia,Google Ads,RND_IT_GOOGLE_DISPLAY,114.57,19199,117,2
2024-01-08,Sicilia,Google Ads,RND_IT_GOOGLE_SEARCH_BRAND,123.69,4282,378,7
2024-01-08,Sicilia,Google Ads,RND_IT_GOOGLE_SEARCH_GENERICA,402.08,7278,288,18
2024-01-08,Sicilia,Google Ads,RND_IT_GOOGLE_SEARCH_LOCALE,197.58,4240,179,13
2024-01-08,Toscana,Google Ads,RND_IT_GOOGLE_DISPLAY,94.44,15839,98,2
2024-01-08,Toscana,Google Ads,RND_IT_GOOGLE_SEARCH_BRAND,110.20,3586,275,5
2024-01-08,Toscana,Google Ads,RND_IT_GOOGLE_SEARCH_GENERICA,194.64,3458,174,8
2024-01-08,Toscana,Google Ads,RND_IT_GOOGLE_SEARCH_LOCALE,174.68,3882,175,9
2024-01-08,Trentino-Alto Adige,Google Ads,RND_IT_GOOGLE_DISPLAY,29.26,4947,35,0
2024-01-08,Trentino-Alto Adige,Google Ads,RND_IT_GOOGLE_SEARCH_BRAND,29.64,967,73,1
2024-01-08,Trentino-Alto Adige,Google Ads,RND_IT_GOOGLE_SEARCH_GENERICA,48.56,879,47,2
2024-01-08,Trentino-Alto Adige,Google Ads,RND_IT_GOOGLE_SEARCH_LOCALE,32.21,702,34,2
2024-01-08,Umbria,Google Ads,RND_IT_GOOGLE_DISPLAY,21.56,3474,18,0
2024-01-08,Umbria,Google Ads,RND_IT_GOOGLE_SEARCH_BRAND,37.13,1232,93,1
2024-01-08,Umbria,Google Ads,RND_IT_GOOGLE_SEARCH_GENERICA,77.14,1374,68,3
2024-01-08,Umbria,Google Ads,RND_IT_GOOGLE_SEARCH_LOCALE,32.89,680,31,2
2024-01-08,Valle d'Aosta,Google Ads,RND_IT_GOOGLE_DISPLAY,3.56,562,3,0
2024-01-08,Valle d'Aosta,Google Ads,RND_IT_GOOGLE_SEARCH_BRAND,4.96,160,13,0
2024-01-08,Valle d'Aosta,Google Ads,RND_IT_GOOGLE_SEARCH_GENERICA,7.28,132,6,0
2024-01-08,Valle d'Aosta,Google Ads,RND_IT_GOOGLE_SEARCH_LOCALE,4.18,88,3,0
2024-01-08,Veneto,Google Ads,RND_IT_GOOGLE_DISPLAY,154.53,25050,149,2
2024-01-08,Veneto,Google Ads,RND_IT_GOOGLE_SEARCH_BRAND,136.64,4387,315,5
2024-01-08,Veneto,Google Ads,RND_IT_GOOGLE_SEARCH_GENERICA,283.94,5002,245,8
2024-01-08,Veneto,Google Ads,RND_IT_GOOGLE_SEARCH_LOCALE,196.85,4178,194,8
2024-01-15,Abruzzo,Google Ads,RND_IT_GOOGLE_DISPLAY,32.82,5249,32,0
2024-01-15,Abruzzo,Google Ads,RND_IT_GOOGLE_SEARCH_BRAND,38.73,1289,95,1
2024-01-15,Abruzzo,Google Ads,RND_IT_GOOGLE_SEARCH_GENERICA,71.84,1256,65,2
2024-01-15,Abruzzo,Google Ads,RND_IT_GOOGLE_SEARCH_LOCALE,40.47,843,35,1
2024-01-15,Basilicata,Google Ads,RND_IT_GOOGLE_DISPLAY,11.60,1852,12,0
2024-01-15,Basilicata,Google Ads,RND_IT_GOOGLE_SEARCH_BRAND,25.21,818,55,1
2024-01-15,Basilicata,Google Ads,RND_IT_GOOGLE_SEARCH_GENERICA,44.17,832,38,1
2024-01-15,Basilicata,Google Ads,RND_IT_GOOGLE_SEARCH_LOCALE,27.02,544,22,1
2024-01-15,Calabria,Google Ads,RND_IT_GOOGLE_DISPLAY,65.75,11475,73,1
2024-01-15,Calabria,Google Ads,RND_IT_GOOGLE_SEARCH_BRAND,74.34,2423,167,4
2024-01-15,Calabria,Google Ads,RND_IT_GOOGLE_SEARCH_GENERICA,103.33,1824,99,4
2024-01-15,Calabria,Google Ads,RND_IT_GOOGLE_SEARCH_LOCALE,52.51,1068,42,3
2024-01-15,Campania,Google Ads,RND_IT_GOOGLE_DISPLAY,171.81,26687,142,3
2024-01-15,Campania,Google Ads,RND_IT_GOOGLE_SEARCH_BRAND,148.30,4827,349,6
2024-01-15,Campania,Google Ads,RND_IT_GOOGLE_SEARCH_GENERICA,553.83,10070,502,22
2024-01-15,Campania,Google Ads,RND_IT_GOOGLE_SEARCH_LOCALE,252.25,5436,265,12
2024-01-15,Emilia-Romagna,Google Ads,RND_IT_GOOGLE_DISPLAY,143.66,24280,161,3
2024-01-15,Emilia-Romagna,Google Ads,RND_IT_GOOGLE_SEARCH_BRAND,189.09,6402,478,11
2024-01-15,Emilia-Romagna,Google Ads,RND_IT_GOOGLE_SEARCH_GENERICA,181.96,3403,159,9
2024-01-15,Emilia-Romagna,Google Ads,RND_IT_GOOGLE_SEARCH_LOCALE,140.27,3032,128,9
2024-01-15,Friuli-Venezia Giulia,Google Ads,RND_IT_GOOGLE_DISPLAY,37.54,6427,43,1
2024-01-15,Friuli-Venezia Giulia,Google Ads,RND_IT_GOOGLE_SEARCH_BRAND,36.24,1200,101,2
2024-01-15,Friuli-Venezia Giulia,Google Ads,RND_IT_GOOGLE_SEARCH_GENERICA,63.19,1180,64,4
2024-01-15,Friuli-Venezia Giulia,Google Ads,RND_IT_GOOGLE_SEARCH_LOCALE,32.38,670,31,2
2024-01-15,Lazio,Google Ads,RND_IT_GOOGLE_DISPLAY,133.50,22909,140,2
2024-01-15,Lazio,Google Ads,RND_IT_GOOGLE_SEARCH_BRAND,125.41,4158,324,7
2024-01-15,Lazio,Google Ads,RND_IT_GOOGLE_SEARCH_GENERICA,366.03,6814,304,19
2024-01-15,Lazio,Google Ads,RND_IT_GOOGLE_SEARCH_LOCALE,342.05,7182,336,19
2024-01-15,Liguria,Google Ads,RND_IT_GOOGLE_DISPLAY,24.14,4057,22,1
2024-01-15,Liguria,Google Ads,RND_IT_GOOGLE_SEARCH_BRAND,43.45,1474,104,3
2024-01-15,Liguria,Google Ads,RND_IT_GOOGLE_SEARCH_GENERICA,75.03,1377,66,4
2024-01-15,Liguria,Google Ads,RND_IT_GOOGLE_SEARCH_LOCALE,50.95,1100,50,4
2024-01-15,Lombardia,Google Ads,RND_IT_GOOGLE_DISPLAY,301.92,52313,311,5
2024-01-15,Lombardia,Google Ads,RND_IT_GOOGLE_SEARCH_BRAND,367.23,12189,868,17
2024-01-15,Lombardia,Google Ads,RND_IT_GOOGLE_SEARCH_GENERICA,709.74,13185,633,27
2024-01-15,Lombardia,Google Ads,RND_IT_GOOGLE_SEARCH_LOCALE,364.21,7200,331,20
2024-01-15,Marche,Google Ads,RND_IT_GOOGLE_DISPLAY,26.66,4680,29,0
2024-01-15,Marche,Google Ads,RND_IT_GOOGLE_SEARCH_BRAND,50.32,1663,137,2
2024-01-15,Marche,Google Ads,RND_IT_GOOGLE_SEARCH_GENERICA,85.58,1620,93,3
2024-01-15,Marche,Google Ads,RND_IT_GOOGLE_SEARCH_LOCALE,43.72,899,42,2
2024-01-15,Molise,Google Ads,RND_IT_GOOGLE_DISPLAY,10.26,1694,11,0
2024-01-15,Molise,Google Ads,RND_IT_GOOGLE_SEARCH_BRAND,7.01,237,19,0
2024-01-15,Molise,Google Ads,RND_IT_GOOGLE_SEARCH_GENERICA,27.74,511,24,1
2024-01-15,Molise,Google Ads,RND_IT_GOOGLE_SEARCH_LOCALE,18.52,409,19,1
2024-01-15,Piemonte,Google Ads,RND_IT_GOOGLE_DISPLAY,105.35,17794,94,1
2024-01-15,Piemonte,Google Ads,RND_IT_GOOGLE_SEARCH_BRAND,109.55,3725,280,4
2024-01-15,Piemonte,Google Ads,RND_IT_GOOGLE_SEARCH_GENERICA,394.66,6780,288,14
2024-01-15,Piemonte,Google Ads,RND_IT_GOOGLE_SEARCH_LOCALE,156.50,3290,140,7
2024-01-15,Puglia,Google Ads,RND_IT_GOOGLE_DISPLAY,110.37,19099,108,1
2024-01-15,Puglia,Google Ads,RND_IT_GOOGLE_SEARCH_BRAND,116.49,3866,281,4
2024-01-15,Puglia,Google Ads,RND_IT_GOOGLE_SEARCH_GENERICA,236.47,4231,203,8
2024-01-15,Puglia,Google Ads,RND_IT_GOOGLE_SEARCH_LOCALE,184.92,3722,158,8
2024-01-15,Sardegna,Google Ads,RND_IT_GOOGLE_DISPLAY,33.50,5440,35,0
2024-01-15,Sardegna,Google Ads,RND_IT_GOOGLE_SEARCH_BRAND,48.69,1627,132,2
2024-01-15,Sardegna,Google Ads,RND_IT_GOOGLE_SEARCH_GENERICA,100.65,1868,96,4
2024-01-15,Sardegna,Google Ads,RND_IT_GOOGLE_SEARCH_LOCALE,51.03,1067,48,2
2024-01-15,Sicilia,Google Ads,RND_IT_GOOGLE_DISPLAY,128.83,21314,141,3
2024-01-15,Sicilia,Google Ads,RND_IT_GOOGLE_SEARCH_BRAND,115.44,3758,262,6
2024-01-15,Sicilia,Google Ads,RND_IT_GOOGLE_SEARCH_GENERICA,440.85,7865,415,22
2024-01-15,Sicilia,Google Ads,RND_IT_GOOGLE_SEARCH_LOCALE,189.93,4078,182,12
2024-01-15,Toscana,Google Ads,RND_IT_GOOGLE_DISPLAY,76.49,12509,77,1
2024-01-15,Toscana,Google Ads,RND_IT_GOOGLE_SEARCH_BRAND,116.10,3770,291,5
2024-01-15,Toscana,Google Ads,RND_IT_GOOGLE_SEARCH_GENERICA,165.35,3153,183,6
2024-01-15,Toscana,Google Ads,RND_IT_GOOGLE_SEARCH_LOCALE,174.59,3359,156,9
2024-01-15,Trentino-Alto Adige,Google Ads,RND_IT_GOOGLE_DISPLAY,36.40,6151,40,1
2024-01-15,Trentino-Alto Adige,Google Ads,RND_IT_GOOGLE_SEARCH_BRAND,40.11,1368,119,2
2024-01-15,Trentino-Alto Adige,Google Ads,RND_IT_GOOGLE_SEARCH_GENERICA,40.98,744,41,2
2024-01-15,Trentino-Alto Adige,Google Ads,RND_IT_GOOGLE_SEARCH_LOCALE,33.77,707,34,2
2024-01-15,Umbria,Google Ads,RND_IT_GOOGLE_DISPLAY,18.97,2982,18,0
2024-01-15,Umbria,Google Ads,RND_IT_GOOGLE_SEARCH_BRAND,30.21,1020,78,1
2024-01-15,Umbria,Google Ads,RND_IT_GOOGLE_SEARCH_GENERICA,75.16,1370,69,3
2024-01-15,Umbria,Google Ads,RND_IT_GOOGLE_SEARCH_LOCALE,33.30,686,32,2
2024-01-15,Valle d'Aosta,Google Ads,RND_IT_GOOGLE_DISPLAY,3.63,632,4,0
2024-01-15,Valle d'Aosta,Google Ads,RND_IT_GOOGLE_SEARCH_BRAND,5.09,172,12,0
2024-01-15,Valle d'Aosta,Google Ads,RND_IT_GOOGLE_SEARCH_GENERICA,6.97,131,6,0
2024-01-15,Valle d'Aosta,Google Ads,RND_IT_GOOGLE_SEARCH_LOCALE,4.71,93,4,0
2024-01-15,Veneto,Google Ads,RND_IT_GOOGLE_DISPLAY,151.66,25682,156,2
2024-01-15,Veneto,Google Ads,RND_IT_GOOGLE_SEARCH_BRAND,136.15,4577,353,5
2024-01-15,Veneto,Google Ads,RND_IT_GOOGLE_SEARCH_GENERICA,329.43,5957,332,10
2024-01-15,Veneto,Google Ads,RND_IT_GOOGLE_SEARCH_LOCALE,219.69,4588,175,9
2024-01-22,Abruzzo,Google Ads,RND_IT_GOOGLE_DISPLAY,51.96,8813,55,1
2024-01-22,Abruzzo,Google Ads,RND_IT_GOOGLE_SEARCH_BRAND,32.55,1086,79,1
2024-01-22,Abruzzo,Google Ads,RND_IT_GOOGLE_SEARCH_GENERICA,79.36,1450,71,2
2024-01-22,Abruzzo,Google Ads,RND_IT_GOOGLE_SEARCH_LOCALE,34.11,708,30,1
2024-01-22,Basilicata,Google Ads,RND_IT_GOOGLE_DISPLAY,15.55,2407,13,0
2024-01-22,Basilicata,Google Ads,RND_IT_GOOGLE_SEARCH_BRAND,18.77,639,43,0
2024-01-22,Basilicata,Google Ads,RND_IT_GOOGLE_SEARCH_GENERICA,52.51,981,47,1
2024-01-22,Basilicata,Google Ads,RND_IT_GOOGLE_SEARCH_LOCALE,21.88,455,19,1
2024-01-22,Calabria,Google Ads,RND_IT_GOOGLE_DISPLAY,74.69,12060,76,1
2024-01-22,Calabria,Google Ads,RND_IT_GOOGLE_SEARCH_BRAND,59.82,2050,161,3
2024-01-22,Calabria,Google Ads,RND_IT_GOOGLE_SEARCH_GENERICA,136.23,2368,115,6
2024-01-22,Calabria,Google Ads,RND_IT_GOOGLE_SEARCH_LOCALE,54.63,1126,48,3
2024-01-22,Campania,Google Ads,RND_IT_GOOGLE_DISPLAY,208.35,36277,199,3
2024-01-22,Campania,Google Ads,RND_IT_GOOGLE_SEARCH_BRAND,143.06,4899,396,7
2024-01-22,Campania,Google Ads,RND_IT_GOOGLE_SEARCH_GENERICA,567.85,10236,467,21
2024-01-22,Campania,Google Ads,RND_IT_GOOGLE_SEARCH_LOCALE,242.46,4896,224,13
2024-01-22,Emilia-Romagna,Google Ads,RND_IT_GOOGLE_DISPLAY,182.53,30260,191,4
2024-01-22,Emilia-Romagna,Google Ads,RND_IT_GOOGLE_SEARCH_BRAND,155.93,5182,380,10
2024-01-22,Emilia-Romagna,Google Ads,RND_IT_GOOGLE_SEARCH_GENERICA,205.41,3828,185,13
2024-01-22,Emilia-Romagna,Google Ads,RND_IT_GOOGLE_SEARCH_LOCALE,126.35,2517,114,10
2024-01-22,Friuli-Venezia Giulia,Google Ads,RND_IT_GOOGLE_DISPLAY,60.56,9572,56,1
2024-01-22,Friuli-Venezia Giulia,Google Ads,RND_IT_GOOGLE_SEARCH_BRAND,32.42,1126,82,2
2024-01-22,Friuli-Venezia Giulia,Google Ads,RND_IT_GOOGLE_SEARCH_GENERICA,81.20,1479,73,5
2024-01-22,Friuli-Venezia Giulia,Google Ads,RND_IT_GOOGLE_SEARCH_LOCALE,35.90,732,37,3
2024-01-22,Lazio,Google Ads,RND_IT_GOOGLE_DISPLAY,177.32,29750,183,4
2024-01-22,Lazio,Google Ads,RND_IT_GOOGLE_SEARCH_BRAND,80.29,2695,188,4
2024-01-22,Lazio,Google Ads,RND_IT_GOOGLE_SEARCH_GENERICA,457.82,8690,457,22
2024-01-22,Lazio,Google Ads,RND_IT_GOOGLE_SEARCH_LOCALE,340.73,7282,339,25
2024-01-22,Liguria,Google Ads,RND_IT_GOOGLE_DISPLAY,34.62,5888,33,1
2024-01-22,Liguria,Google Ads,RND_IT_GOOGLE_SEARCH_BRAND,39.29,1335,99,3
2024-01-22,Liguria,Google Ads,RND_IT_GOOGLE_SEARCH_GENERICA,78.78,1365,66,5
2024-01-22,Liguria,Google Ads,RND_IT_GOOGLE_SEARCH_LOCALE,50.29,1055,54,3
2024-01-22,Lombardia,Google Ads,RND_IT_GOOGLE_DISPLAY,359.84,60930,353,6
2024-01-22,Lombardia,Google Ads,RND_IT_GOOGLE_SEARCH_BRAND,304.48,10235,737,13
2024-01-22,Lombardia,Google Ads,RND_IT_GOOGLE_SEARCH_GENERICA,753.33,13003,592,31
2024-01-22,Lombardia,Google Ads,RND_IT_GOOGLE_SEARCH_LOCALE,326.59,6790,321,20
2024-01-22,Marche,Google Ads,RND_IT_GOOGLE_DISPLAY,32.11,5327,33,0
2024-01-22,Marche,Google Ads,RND_IT_GOOGLE_SEARCH_BRAND,45.40,1524,106,2
2024-01-22,Marche,Google Ads,RND_IT_GOOGLE_SEARCH_GENERICA,74.91,1393,62,3
2024-01-22,Marche,Google Ads,RND_IT_GOOGLE_SEARCH_LOCALE,43.96,887,43,2
2024-01-22,Molise,Google Ads,RND_IT_GOOGLE_DISPLAY,13.70,2361,15,0
2024-01-22,Molise,Google Ads,RND_IT_GOOGLE_SEARCH_BRAND,4.93,161,14,0
2024-01-22,Molise,Google Ads,RND_IT_GOOGLE_SEARCH_GENERICA,33.70,629,32,2
2024-01-22,Molise,Google Ads,RND_IT_GOOGLE_SEARCH_LOCALE,16.26,335,15,1
2024-01-22,Piemonte,Google Ads,RND_IT_GOOGLE_DISPLAY,131.18,21403,138,2
2024-01-22,Piemonte,Google Ads,RND_IT_GOOGLE_SEARCH_BRAND,83.39,2838,220,4
2024-01-22,Piemonte,Google Ads,RND_IT_GOOGLE_SEARCH_GENERICA,445.70,8057,405,15
2024-01-22,Piemonte,Google Ads,RND_IT_GOOGLE_SEARCH_LOCALE,183.45,3906,163,8
2024-01-22,Puglia,Google Ads,RND_IT_GOOGLE_DISPLAY,147.98,25063,138,2
2024-01-22,Puglia,Google Ads,RND_IT_GOOGLE_SEARCH_BRAND,92.94,3362,262,3
2024-01-22,Puglia,Google Ads,RND_IT_GOOGLE_SEARCH_GENERICA,271.82,5002,240,10
2024-01-22,Puglia,Google Ads,RND_IT_GOOGLE_SEARCH_LOCALE,200.35,4237,185,9
2024-01-22,Sardegna,Google Ads,RND_IT_GOOGLE_DISPLAY,40.16,6720,36,1
2024-01-22,Sardegna,Google Ads,RND_IT_GOOGLE_SEARCH_BRAND,38.64,1274,101,2
2024-01-22,Sardegna,Google Ads,RND_IT_GOOGLE_SEARCH_GENERICA,100.70,1872,91,5
2024-01-22,Sardegna,Google Ads,RND_IT_GOOGLE_SEARCH_LOCALE,50.74,1042,47,3
2024-01-22,Sicilia,Google Ads,RND_IT_GOOGLE_DISPLAY,162.35,26950,151,3
2024-01-22,Sicilia,Google Ads,RND_IT_GOOGLE_SEARCH_BRAND,94.79,3166,250,5
2024-01-22,Sicilia,Google Ads,RND_IT_GOOGLE_SEARCH_GENERICA,424.54,7530,387,22
2024-01-22,Sicilia,Google Ads,RND_IT_GOOGLE_SEARCH_LOCALE,194.83,3741,161,14
2024-01-22,Toscana,Google Ads,RND_IT_GOOGLE_DISPLAY,121.34,19994,111,2
2024-01-22,Toscana,Google Ads,RND_IT_GOOGLE_SEARCH_BRAND,98.58,3242,236,5
2024-01-22,Toscana,Google Ads,RND_IT_GOOGLE_SEARCH_GENERICA,182.34,3245,178,8
2024-01-22,Toscana,Google Ads,RND_IT_GOOGLE_SEARCH_LOCALE,174.08,3553,149,13
2024-01-22,Trentino-Alto Adige,Google Ads,RND_IT_GOOGLE_DISPLAY,43.00,7093,47,1
2024-01-22,Trentino-Alto Adige,Google Ads,RND_IT_GOOGLE_SEARCH_BRAND,23.95,787,60,1
2024-01-22,Trentino-Alto Adige,Google Ads,RND_IT_GOOGLE_SEARCH_GENERICA,46.74,855,40,2
2024-01-22,Trentino-Alto Adige,Google Ads,RND_IT_GOOGLE_SEARCH_LOCALE,33.85,695,32,2
2024-01-22,Umbria,Google Ads,RND_IT_GOOGLE_DISPLAY,27.67,4615,30,0
2024-01-22,Umbria,Google Ads,RND_IT_GOOGLE_SEARCH_BRAND,27.12,946,70,1
2024-01-22,Umbria,Google Ads,RND_IT_GOOGLE_SEARCH_GENERICA,82.25,1536,77,3
2024-01-22,Umbria,Google Ads,RND_IT_GOOGLE_SEARCH_LOCALE,32.65,662,28,2
2024-01-22,Valle d'Aosta,Google Ads,RND_IT_GOOGLE_DISPLAY,3.50,579,3,0
2024-01-22,Valle d'Aosta,Google Ads,RND_IT_GOOGLE_SEARCH_BRAND,3.91,128,10,0
2024-01-22,Valle d'Aosta,Google Ads,RND_IT_GOOGLE_SEARCH_GENERICA,8.69,153,8,0
2024-01-22,Valle d'Aosta,Google Ads,RND_IT_GOOGLE_SEARCH_LOCALE,4.52,93,4,0
2024-01-22,Veneto,Google Ads,RND_IT_GOOGLE_DISPLAY,166.25,28317,190,2
2024-01-22,Veneto,Google Ads,RND_IT_GOOGLE_SEARCH_BRAND,111.84,3675,282,4
2024-01-22,Veneto,Google Ads,RND_IT_GOOGLE_SEARCH_GENERICA,436.86,7896,373,13
2024-01-22,Veneto,Google Ads,RND_IT_GOOGLE_SEARCH_LOCALE,216.32,4617,191,9
2024-01-29,Abruzzo,Google Ads,RND_IT_GOOGLE_DISPLAY,47.03,7713,50,0
2024-01-29,Abruzzo,Google Ads,RND_IT_GOOGLE_SEARCH_BRAND,34.22,1086,79,1
2024-01-29,Abruzzo,Google Ads,RND_IT_GOOGLE_SEARCH_GENERICA,78.91,1424,71,2
2024-01-29,Abruzzo,Google Ads,RND_IT_GOOGLE_SEARCH_LOCALE,38.66,805,36,1
2024-01-29,Basilicata,Google Ads,RND_IT_GOOGLE_DISPLAY,19.17,3345,18,0
2024-01-29,Basilicata,Google Ads,RND_IT_GOOGLE_SEARCH_BRAND,23.34,760,52,1
2024-01-29,Basilicata,Google Ads,RND_IT_GOOGLE_SEARCH_GENERICA,53.35,982,49,1
2024-01-29,Basilicata,Google Ads,RND_IT_GOOGLE_SEARCH_LOCALE,24.30,521,22,1
2024-01-29,Calabria,Google Ads,RND_IT_GOOGLE_DISPLAY,90.12,14758,82,1
2024-01-29,Calabria,Google Ads,RND_IT_GOOGLE_SEARCH_BRAND,54.99,1739,132,3
2024-01-29,Calabria,Google Ads,RND_IT_GOOGLE_SEARCH_GENERICA,119.42,2171,99,5
2024-01-29,Calabria,Google Ads,RND_IT_GOOGLE_SEARCH_LOCALE,64.39,1281,57,4
2024-01-29,Campania,Google Ads,RND_IT_GOOGLE_DISPLAY,219.44,37582,199,4
2024-01-29,Campania,Google Ads,RND_IT_GOOGLE_SEARCH_BRAND,189.07,6422,475,9
2024-01-29,Campania,Google Ads,RND_IT_GOOGLE_SEARCH_GENERICA,460.42,8234,417,17
2024-01-29,Campania,Google Ads,RND_IT_GOOGLE_SEARCH_LOCALE,259.97,5366,252,17
2024-01-29,Emilia-Romagna,Google Ads,RND_IT_GOOGLE_DISPLAY,220.06,37737,225,6
2024-01-29,Emilia-Romagna,Google Ads,RND_IT_GOOGLE_SEARCH_BRAND,167.84,6065,395,14
2024-01-29,Emilia-Romagna,Google Ads,RND_IT_GOOGLE_SEARCH_GENERICA,204.65,3860,193,12
2024-01-29,Emilia-Romagna,Google Ads,RND_IT_GOOGLE_SEARCH_LOCALE,133.48,2619,123,12
2024-01-29,Friuli-Venezia Giulia,Google Ads,RND_IT_GOOGLE_DISPLAY,72.60,12161,73,2
2024-01-29,Friuli-Venezia Giulia,Google Ads,RND_IT_GOOGLE_SEARCH_BRAND,38.84,1281,99,3
2024-01-29,Friuli-Venezia Giulia,Google Ads,RND_IT_GOOGLE_SEARCH_GENERICA,67.28,1204,63,6
2024-01-29,Friuli-Venezia Giulia,Google Ads,RND_IT_GOOGLE_SEARCH_LOCALE,42.49,874,38,4
2024-01-29,Lazio,Google Ads,RND_IT_GOOGLE_DISPLAY,238.81,39893,240,5
2024-01-29,Lazio,Google Ads,RND_IT_GOOGLE_SEARCH_BRAND,108.06,3422,274,6
2024-01-29,Lazio,Google Ads,RND_IT_GOOGLE_SEARCH_GENERICA,442.75,7979,366,20
2024-01-29,Lazio,Google Ads,RND_IT_GOOGLE_SEARCH_LOCALE,394.74,7966,326,30
2024-01-29,Liguria,Google Ads,RND_IT_GOOGLE_DISPLAY,38.53,6280,32,1
2024-01-29,Liguria,Google Ads,RND_IT_GOOGLE_SEARCH_BRAND,50.47,1728,153,4
2024-01-29,Liguria,Google Ads,RND_IT_GOOGLE_SEARCH_GENERICA,76.90,1331,67,5
2024-01-29,Liguria,Google Ads,RND_IT_GOOGLE_SEARCH_LOCALE,56.59,1224,53,5
2024-01-29,Lombardia,Google Ads,RND_IT_GOOGLE_DISPLAY,343.58,56376,304,5
2024-01-29,Lombardia,Google Ads,RND_IT_GOOGLE_SEARCH_BRAND,366.53,11951,872,14
2024-01-29,Lombardia,Google Ads,RND_IT_GOOGLE_SEARCH_GENERICA,643.57,11451,628,22
2024-01-29,Lombardia,Google Ads,RND_IT_GOOGLE_SEARCH_LOCALE,389.07,8205,386,21
2024-01-29,Marche,Google Ads,RND_IT_GOOGLE_DISPLAY,35.36,5933,36,1
2024-01-29,Marche,Google Ads,RND_IT_GOOGLE_SEARCH_BRAND,51.14,1771,128,2
2024-01-29,Marche,Google Ads,RND_IT_GOOGLE_SEARCH_GENERICA,92.99,1717,98,4
2024-01-29,Marche,Google Ads,RND_IT_GOOGLE_SEARCH_LOCALE,53.79,1155,55,3
2024-01-29,Molise,Google Ads,RND_IT_GOOGLE_DISPLAY,16.81,2799,18,0
2024-01-29,Molise,Google Ads,RND_IT_GOOGLE_SEARCH_BRAND,6.08,201,14,0
2024-01-29,Molise,Google Ads,RND_IT_GOOGLE_SEARCH_GENERICA,30.30,556,30,2
2024-01-29,Molise,Google Ads,RND_IT_GOOGLE_SEARCH_LOCALE,19.19,395,18,2
2024-01-29,Piemonte,Google Ads,RND_IT_GOOGLE_DISPLAY,181.48,31321,161,3
2024-01-29,Piemonte,Google Ads,RND_IT_GOOGLE_SEARCH_BRAND,123.08,4025,306,6
2024-01-29,Piemonte,Google Ads,RND_IT_GOOGLE_SEARCH_GENERICA,374.87,6938,318,19
2024-01-29,Piemonte,Google Ads,RND_IT_GOOGLE_SEARCH_LOCALE,195.80,3954,193,13
2024-01-29,Puglia,Google Ads,RND_IT_GOOGLE_DISPLAY,172.83,28412,155,2
2024-01-29,Puglia,Google Ads,RND_IT_GOOGLE_SEARCH_BRAND,119.69,3968,302,5
2024-01-29,Puglia,Google Ads,RND_IT_GOOGLE_SEARCH_GENERICA,291.95,5396,278,11
2024-01-29,Puglia,Google Ads,RND_IT_GOOGLE_SEARCH_LOCALE,203.96,4115,208,11
2024-01-29,Sardegna,Google Ads,RND_IT_GOOGLE_DISPLAY,46.78,7705,50,1
2024-01-29,Sardegna,Google Ads,RND_IT_GOOGLE_SEARCH_BRAND,46.13,1572,111,2
2024-01-29,Sardegna,Google Ads,RND_IT_GOOGLE_SEARCH_GENERICA,98.58,1905,92,4
2024-01-29,Sardegna,Google Ads,RND_IT_GOOGLE_SEARCH_LOCALE,64.32,1351,59,4
2024-01-29,Sicilia,Google Ads,RND_IT_GOOGLE_DISPLAY,227.28,35988,197,5
2024-01-29,Sicilia,Google Ads,RND_IT_GOOGLE_SEARCH_BRAND,113.82,3768,279,7
2024-01-29,Sicilia,Google Ads,RND_IT_GOOGLE_SEARCH_GENERICA,456.91,8121,414,28
2024-01-29,Sicilia,Google Ads,RND_IT_GOOGLE_SEARCH_LOCALE,194.29,4267,212,15
2024-01-29,Toscana,Google Ads,RND_IT_GOOGLE_DISPLAY,137.83,23415,140,3
2024-01-29,Toscana,Google Ads,RND_IT_GOOGLE_SEARCH_BRAND,98.42,3232,209,5
2024-01-29,Toscana,Google Ads,RND_IT_GOOGLE_SEARCH_GENERICA,168.36,2912,138,9
2024-01-29,Toscana,Google Ads,RND_IT_GOOGLE_SEARCH_LOCALE,190.70,4022,178,14
2024-01-29,Trentino-Alto Adige,Google Ads,RND_IT_GOOGLE_DISPLAY,44.06,7465,41,1
2024-01-29,Trentino-Alto Adige,Google Ads,RND_IT_GOOGLE_SEARCH_BRAND,30.71,1018,81,1
2024-01-29,Trentino-Alto Adige,Google Ads,RND_IT_GOOGLE_SEARCH_GENERICA,45.70,805,35,2
2024-01-29,Trentino-Alto Adige,Google Ads,RND_IT_GOOGLE_SEARCH_LOCALE,39.67,817,39,2
2024-01-29,Umbria,Google Ads,RND_IT_GOOGLE_DISPLAY,30.24,5188,33,1
2024-01-29,Umbria,Google Ads,RND_IT_GOOGLE_SEARCH_BRAND,27.78,891,63,1
2024-01-29,Umbria,Google Ads,RND_IT_GOOGLE_SEARCH_GENERICA,79.18,1409,69,4
2024-01-29,Umbria,Google Ads,RND_IT_GOOGLE_SEARCH_LOCALE,37.27,772,36,3
2024-01-29,Valle d'Aosta,Google Ads,RND_IT_GOOGLE_DISPLAY,5.06,869,4,0
2024-01-29,Valle d'Aosta,Google Ads,RND_IT_GOOGLE_SEARCH_BRAND,5.10,172,13,0
2024-01-29,Valle d'Aosta,Google Ads,RND_IT_GOOGLE_SEARCH_GENERICA,8.87,157,8,0
2024-01-29,Valle d'Aosta,Google Ads,RND_IT_GOOGLE_SEARCH_LOCALE,5.19,108,4,0
2024-01-29,Veneto,Google Ads,RND_IT_GOOGLE_DISPLAY,181.12,30901,181,2
2024-01-29,Veneto,Google Ads,RND_IT_GOOGLE_SEARCH_BRAND,145.78,4599,310,4
2024-01-29,Veneto,Google Ads,RND_IT_GOOGLE_SEARCH_GENERICA,399.76,7289,372,11
2024-01-29,Veneto,Google Ads,RND_IT_GOOGLE_SEARCH_LOCALE,289.57,6399,268,11
2024-02-05,Abruzzo,Google Ads,RND_IT_GOOGLE_DISPLAY,42.55,7268,46,1
2024-02-05,Abruzzo,Google Ads,RND_IT_GOOGLE_SEARCH_BRAND,34.14,1123,81,1
2024-02-05,Abruzzo,Google Ads,RND_IT_GOOGLE_SEARCH_GENERICA,65.35,1233,63,2
2024-02-05,Abruzzo,Google Ads,RND_IT_GOOGLE_SEARCH_LOCALE,22.64,489,20,1
2024-02-05,Basilicata,Google Ads,RND_IT_GOOGLE_DISPLAY,12.26,2081,13,0
2024-02-05,Basilicata,Google Ads,RND_IT_GOOGLE_SEARCH_BRAND,15.24,520,38,0
2024-02-05,Basilicata,Google Ads,RND_IT_GOOGLE_SEARCH_GENERICA,42.58,810,41,1
2024-02-05,Basilicata,Google Ads,RND_IT_GOOGLE_SEARCH_LOCALE,17.66,371,15,1
2024-02-05,Calabria,Google Ads,RND_IT_GOOGLE_DISPLAY,59.84,10202,59,1
2024-02-05,Calabria,Google Ads,RND_IT_GOOGLE_SEARCH_BRAND,43.62,1467,110,3
2024-02-05,Calabria,Google Ads,RND_IT_GOOGLE_SEARCH_GENERICA,107.37,1982,102,6
2024-02-05,Calabria,Google Ads,RND_IT_GOOGLE_SEARCH_LOCALE,33.75,705,34,2
2024-02-05,Campania,Google Ads,RND_IT_GOOGLE_DISPLAY,172.57,27172,155,3
2024-02-05,Campania,Google Ads,RND_IT_GOOGLE_SEARCH_BRAND,166.81,5659,439,9
2024-02-05,Campania,Google Ads,RND_IT_GOOGLE_SEARCH_GENERICA,406.60,7868,408,17
2024-02-05,Campania,Google Ads,RND_IT_GOOGLE_SEARCH_LOCALE,194.96,4098,211,12
2024-02-05,Emilia-Romagna,Google Ads,RND_IT_GOOGLE_DISPLAY,172.62,27821,164,5
2024-02-05,Emilia-Romagna,Google Ads,RND_IT_GOOGLE_SEARCH_BRAND,151.69,5046,417,13
2024-02-05,Emilia-Romagna,Google Ads,RND_IT_GOOGLE_SEARCH_GENERICA,174.28,3135,154,10
2024-02-05,Emilia-Romagna,Google Ads,RND_IT_GOOGLE_SEARCH_LOCALE,76.78,1623,72,7
2024-02-05,Friuli-Venezia Giulia,Google Ads,RND_IT_GOOGLE_DISPLAY,55.17,8846,48,2
2024-02-05,Friuli-Venezia Giulia,Google Ads,RND_IT_GOOGLE_SEARCH_BRAND,26.92,929,73,2
2024-02-05,Friuli-Venezia Giulia,Google Ads,RND_IT_GOOGLE_SEARCH_GENERICA,51.02,882,44,4
2024-02-05,Friuli-Venezia Giulia,Google Ads,RND_IT_GOOGLE_SEARCH_LOCALE,32.72,673,32,4
2024-02-05,Lazio,Google Ads,RND_IT_GOOGLE_DISPLAY,197.35,34145,203,5
2024-02-05,Lazio,Google Ads,RND_IT_GOOGLE_SEARCH_BRAND,89.21,3056,245,7
2024-02-05,Lazio,Google Ads,RND_IT_GOOGLE_SEARCH_GENERICA,383.94,7201,404,25
2024-02-05,Lazio,Google Ads,RND_IT_GOOGLE_SEARCH_LOCALE,236.18,4796,238,21
2024-02-05,Liguria,Google Ads,RND_IT_GOOGLE_DISPLAY,40.08,6523,39,1
2024-02-05,Liguria,Google Ads,RND_IT_GOOGLE_SEARCH_BRAND,35.04,1184,98,3
2024-02-05,Liguria,Google Ads,RND_IT_GOOGLE_SEARCH_GENERICA,68.60,1179,60,4
2024-02-05,Liguria,Google Ads,RND_IT_GOOGLE_SEARCH_LOCALE,45.96,987,45,5
2024-02-05,Lombardia,Google Ads,RND_IT_GOOGLE_DISPLAY,285.06,46623,272,5
2024-02-05,Lombardia,Google Ads,RND_IT_GOOGLE_SEARCH_BRAND,286.18,9805,765,14
2024-02-05,Lombardia,Google Ads,RND_IT_GOOGLE_SEARCH_GENERICA,567.87,10091,506,22
2024-02-05,Lombardia,Google Ads,RND_IT_GOOGLE_SEARCH_LOCALE,288.53,6015,270,18
2024-02-05,Marche,Google Ads,RND_IT_GOOGLE_DISPLAY,29.36,4895,31,1
2024-02-05,Marche,Google Ads,RND_IT_GOOGLE_SEARCH_BRAND,36.70,1251,94,1
2024-02-05,Marche,Google Ads,RND_IT_GOOGLE_SEARCH_GENERICA,84.75,1565,79,4
2024-02-05,Marche,Google Ads,RND_IT_GOOGLE_SEARCH_LOCALE,34.84,746,33,2
2024-02-05,Molise,Google Ads,RND_IT_GOOGLE_DISPLAY,12.22,1961,11,0
2024-02-05,Molise,Google Ads,RND_IT_GOOGLE_SEARCH_BRAND,4.79,158,13,0
2024-02-05,Molise,Google Ads,RND_IT_GOOGLE_SEARCH_GENERICA,21.84,396,19,1
2024-02-05,Molise,Google Ads,RND_IT_GOOGLE_SEARCH_LOCALE,11.83,259,12,1
2024-02-05,Piemonte,Google Ads,RND_IT_GOOGLE_DISPLAY,148.10,24965,132,3
2024-02-05,Piemonte,Google Ads,RND_IT_GOOGLE_SEARCH_BRAND,78.87,2523,203,4
2024-02-05,Piemonte,Google Ads,RND_IT_GOOGLE_SEARCH_GENERICA,387.31,7002,339,18
2024-02-05,Piemonte,Google Ads,RND_IT_GOOGLE_SEARCH_LOCALE,122.54,2593,124,7
2024-02-05,Puglia,Google Ads,RND_IT_GOOGLE_DISPLAY,157.49,24571,142,2
2024-02-05,Puglia,Google Ads,RND_IT_GOOGLE_SEARCH_BRAND,89.59,3024,237,4
2024-02-05,Puglia,Google Ads,RND_IT_GOOGLE_SEARCH_GENERICA,233.35,4092,208,9
2024-02-05,Puglia,Google Ads,RND_IT_GOOGLE_SEARCH_LOCALE,148.86,3135,146,7
2024-02-05,Sardegna,Google Ads,RND_IT_GOOGLE_DISPLAY,38.56,6200,38,1
2024-02-05,Sardegna,Google Ads,RND_IT_GOOGLE_SEARCH_BRAND,37.15,1258,85,2
2024-02-05,Sardegna,Google Ads,RND_IT_GOOGLE_SEARCH_GENERICA,90.02,1636,79,4
2024-02-05,Sardegna,Google Ads,RND_IT_GOOGLE_SEARCH_LOCALE,39.83,909,42,3
2024-02-05,Sicilia,Google Ads,RND_IT_GOOGLE_DISPLAY,199.52,33451,199,6
2024-02-05,Sicilia,Google Ads,RND_IT_GOOGLE_SEARCH_BRAND,84.97,2925,206,8
2024-02-05,Sicilia,Google Ads,RND_IT_GOOGLE_SEARCH_GENERICA,346.35,6487,321,24
2024-02-05,Sicilia,Google Ads,RND_IT_GOOGLE_SEARCH_LOCALE,122.13,2560,115,14
2024-02-05,Toscana,Google Ads,RND_IT_GOOGLE_DISPLAY,99.02,15888,94,2
2024-02-05,Toscana,Google Ads,RND_IT_GOOGLE_SEARCH_BRAND,65.41,2119,156,4
2024-02-05,Toscana,Google Ads,RND_IT_GOOGLE_SEARCH_GENERICA,122.74,2233,105,7
2024-02-05,Toscana,Google Ads,RND_IT_GOOGLE_SEARCH_LOCALE,127.50,2569,103,10
2024-02-05,Trentino-Alto Adige,Google Ads,RND_IT_GOOGLE_DISPLAY,41.13,7122,39,1
2024-02-05,Trentino-Alto Adige,Google Ads,RND_IT_GOOGLE_SEARCH_BRAND,25.24,818,65,2
2024-02-05,Trentino-Alto Adige,Google Ads,RND_IT_GOOGLE_SEARCH_GENERICA,39.20,695,35,2
2024-02-05,Trentino-Alto Adige,Google Ads,RND_IT_GOOGLE_SEARCH_LOCALE,24.28,502,24,2
2024-02-05,Umbria,Google Ads,RND_IT_GOOGLE_DISPLAY,27.48,4586,26,1
2024-02-05,Umbria,Google Ads,RND_IT_GOOGLE_SEARCH_BRAND,23.10,781,58,1
2024-02-05,Umbria,Google Ads,RND_IT_GOOGLE_SEARCH_GENERICA,64.68,1132,59,3
2024-02-05,Umbria,Google Ads,RND_IT_GOOGLE_SEARCH_LOCALE,23.25,507,21,2
2024-02-05,Valle d'Aosta,Google Ads,RND_IT_GOOGLE_DISPLAY,3.72,641,4,0
2024-02-05,Valle d'Aosta,Google Ads,RND_IT_GOOGLE_SEARCH_BRAND,3.46,115,9,0
2024-02-05,Valle d'Aosta,Google Ads,RND_IT_GOOGLE_SEARCH_GENERICA,7.57,134,7,0
2024-02-05,Valle d'Aosta,Google Ads,RND_IT_GOOGLE_SEARCH_LOCALE,3.27,65,3,0
2024-02-05,Veneto,Google Ads,RND_IT_GOOGLE_DISPLAY,150.30,25320,146,2
2024-02-05,Veneto,Google Ads,RND_IT_GOOGLE_SEARCH_BRAND,109.82,3453,283,4
2024-02-05,Veneto,Google Ads,RND_IT_GOOGLE_SEARCH_GENERICA,288.96,5316,228,10
2024-02-05,Veneto,Google Ads,RND_IT_GOOGLE_SEARCH_LOCALE,163.54,3330,158,9
2024-02-12,Abruzzo,Google Ads,RND_IT_GOOGLE_DISPLAY,54.25,9038,58,1
2024-02-12,Abruzzo,Google Ads,RND_IT_GOOGLE_SEARCH_BRAND,38.92,1312,107,1
2024-02-12,Abruzzo,Google Ads,RND_IT_GOOGLE_SEARCH_GENERICA,56.62,1040,54,2
2024-02-12,Abruzzo,Google Ads,RND_IT_GOOGLE_SEARCH_LOCALE,30.62,659,27,1
2024-02-12,Basilicata,Google Ads,RND_IT_GOOGLE_DISPLAY,22.47,3633,22,0
2024-02-12,Basilicata,Google Ads,RND_IT_GOOGLE_SEARCH_BRAND,19.71,620,50,1
2024-02-12,Basilicata,Google Ads,RND_IT_GOOGLE_SEARCH_GENERICA,36.20,642,32,1
2024-02-12,Basilicata,Google Ads,RND_IT_GOOGLE_SEARCH_LOCALE,26.04,538,23,1
2024-02-12,Calabria,Google Ads,RND_IT_GOOGLE_DISPLAY,91.72,15713,91,2
2024-02-12,Calabria,Google Ads,RND_IT_GOOGLE_SEARCH_BRAND,60.37,1955,136,3
2024-02-12,Calabria,Google Ads,RND_IT_GOOGLE_SEARCH_GENERICA,135.60,2302,107,5
2024-02-12,Calabria,Google Ads,RND_IT_GOOGLE_SEARCH_LOCALE,47.90,995,51,3
2024-02-12,Campania,Google Ads,RND_IT_GOOGLE_DISPLAY,321.36,54270,351,6
2024-02-12,Campania,Google Ads,RND_IT_GOOGLE_SEARCH_BRAND,242.94,8426,653,14
2024-02-12,Campania,Google Ads,RND_IT_GOOGLE_SEARCH_GENERICA,395.76,7286,384,16
2024-02-12,Campania,Google Ads,RND_IT_GOOGLE_SEARCH_LOCALE,232.31,4996,224,20
2024-02-12,Emilia-Romagna,Google Ads,RND_IT_GOOGLE_DISPLAY,312.91,55413,343,9
2024-02-12,Emilia-Romagna,Google Ads,RND_IT_GOOGLE_SEARCH_BRAND,198.57,6982,501,17
2024-02-12,Emilia-Romagna,Google Ads,RND_IT_GOOGLE_SEARCH_GENERICA,218.48,3865,174,15
2024-02-12,Emilia-Romagna,Google Ads,RND_IT_GOOGLE_SEARCH_LOCALE,110.47,2252,93,11
2024-02-12,Friuli-Venezia Giulia,Google Ads,RND_IT_GOOGLE_DISPLAY,95.77,16358,89,3
2024-02-12,Friuli-Venezia Giulia,Google Ads,RND_IT_GOOGLE_SEARCH_BRAND,40.74,1308,87,4
2024-02-12,Friuli-Venezia Giulia,Google Ads,RND_IT_GOOGLE_SEARCH_GENERICA,53.89,1000,54,4
2024-02-12,Friuli-Venezia Giulia,Google Ads,RND_IT_GOOGLE_SEARCH_LOCALE,38.76,772,37,5
2024-02-12,Lazio,Google Ads,RND_IT_GOOGLE_DISPLAY,342.34,56377,262,10
2024-02-12,Lazio,Google Ads,RND_IT_GOOGLE_SEARCH_BRAND,122.55,4045,297,10
2024-02-12,Lazio,Google Ads,RND_IT_GOOGLE_SEARCH_GENERICA,388.25,6899,344,33
2024-02-12,Lazio,Google Ads,RND_IT_GOOGLE_SEARCH_LOCALE,273.38,5458,232,33
2024-02-12,Liguria,Google Ads,RND_IT_GOOGLE_DISPLAY,61.82,10393,57,2
2024-02-12,Liguria,Google Ads,RND_IT_GOOGLE_SEARCH_BRAND,47.80,1595,131,3
2024-02-12,Liguria,Google Ads,RND_IT_GOOGLE_SEARCH_GENERICA,80.45,1419,60,5
2024-02-12,Liguria,Google Ads,RND_IT_GOOGLE_SEARCH_LOCALE,62.58,1326,52,7
2024-02-12,Lombardia,Google Ads,RND_IT_GOOGLE_DISPLAY,500.68,84503,528,9
2024-02-12,Lombardia,Google Ads,RND_IT_GOOGLE_SEARCH_BRAND,392.80,13793,1068,20
2024-02-12,Lombardia,Google Ads,RND_IT_GOOGLE_SEARCH_GENERICA,601.56,10988,556,27
2024-02-12,Lombardia,Google Ads,RND_IT_GOOGLE_SEARCH_LOCALE,373.21,7836,365,21
2024-02-12,Marche,Google Ads,RND_IT_GOOGLE_DISPLAY,51.01,8798,56,1
2024-02-12,Marche,Google Ads,RND_IT_GOOGLE_SEARCH_BRAND,57.99,1904,163,3
2024-02-12,Marche,Google Ads,RND_IT_GOOGLE_SEARCH_GENERICA,98.10,1910,93,5
2024-02-12,Marche,Google Ads,RND_IT_GOOGLE_SEARCH_LOCALE,39.51,806,34,3
2024-02-12,Molise,Google Ads,RND_IT_GOOGLE_DISPLAY,18.43,3193,17,0
2024-02-12,Molise,Google Ads,RND_IT_GOOGLE_SEARCH_BRAND,6.60,217,16,0
2024-02-12,Molise,Google Ads,RND_IT_GOOGLE_SEARCH_GENERICA,24.61,457,22,2
2024-02-12,Molise,Google Ads,RND_IT_GOOGLE_SEARCH_LOCALE,18.24,367,17,2
2024-02-12,Piemonte,Google Ads,RND_IT_GOOGLE_DISPLAY,219.84,36462,229,4
2024-02-12,Piemonte,Google Ads,RND_IT_GOOGLE_SEARCH_BRAND,100.40,3502,308,6
2024-02-12,Piemonte,Google Ads,RND_IT_GOOGLE_SEARCH_GENERICA,418.62,7642,362,19
2024-02-12,Piemonte,Google Ads,RND_IT_GOOGLE_SEARCH_LOCALE,193.28,3994,170,12
2024-02-12,Puglia,Google Ads,RND_IT_GOOGLE_DISPLAY,246.60,39601,248,4
2024-02-12,Puglia,Google Ads,RND_IT_GOOGLE_SEARCH_BRAND,107.94,3558,270,6
2024-02-12,Puglia,Google Ads,RND_IT_GOOGLE_SEARCH_GENERICA,236.58,4348,215,10
2024-02-12,Puglia,Google Ads,RND_IT_GOOGLE_SEARCH_LOCALE,177.30,3817,180,11
2024-02-12,Sardegna,Google Ads,RND_IT_GOOGLE_DISPLAY,63.09,9931,65,1
2024-02-12,Sardegna,Google Ads,RND_IT_GOOGLE_SEARCH_BRAND,49.23,1676,126,3
2024-02-12,Sardegna,Google Ads,RND_IT_GOOGLE_SEARCH_GENERICA,104.58,1802,87,5
2024-02-12,Sardegna,Google Ads,RND_IT_GOOGLE_SEARCH_LOCALE,46.81,951,43,3
2024-02-12,Sicilia,Google Ads,RND_IT_GOOGLE_DISPLAY,243.03,39120,250,7
2024-02-12,Sicilia,Google Ads,RND_IT_GOOGLE_SEARCH_BRAND,107.19,3415,233,8
2024-02-12,Sicilia,Google Ads,RND_IT_GOOGLE_SEARCH_GENERICA,420.92,7395,322,29
2024-02-12,Sicilia,Google Ads,RND_IT_GOOGLE_SEARCH_LOCALE,171.28,3497,129,18
2024-02-12,Toscana,Google Ads,RND_IT_GOOGLE_DISPLAY,145.95,23893,157,3
2024-02-12,Toscana,Google Ads,RND_IT_GOOGLE_SEARCH_BRAND,103.11,3419,276,8
2024-02-12,Toscana,Google Ads,RND_IT_GOOGLE_SEARCH_GENERICA,139.71,2349,128,9
2024-02-12,Toscana,Google Ads,RND_IT_GOOGLE_SEARCH_LOCALE,138.98,2792,129,12
2024-02-12,Trentino-Alto Adige,Google Ads,RND_IT_GOOGLE_DISPLAY,50.16,8736,54,1
2024-02-12,Trentino-Alto Adige,Google Ads,RND_IT_GOOGLE_SEARCH_BRAND,32.35,1025,74,2
2024-02-12,Trentino-Alto Adige,Google Ads,RND_IT_GOOGLE_SEARCH_GENERICA,50.79,971,48,2
2024-02-12,Trentino-Alto Adige,Google Ads,RND_IT_GOOGLE_SEARCH_LOCALE,37.67,776,34,3
2024-02-12,Umbria,Google Ads,RND_IT_GOOGLE_DISPLAY,41.59,7247,45,1
2024-02-12,Umbria,Google Ads,RND_IT_GOOGLE_SEARCH_BRAND,41.59,1342,96,3
2024-02-12,Umbria,Google Ads,RND_IT_GOOGLE_SEARCH_GENERICA,62.11,1181,56,4
2024-02-12,Umbria,Google Ads,RND_IT_GOOGLE_SEARCH_LOCALE,28.97,610,30,2
2024-02-12,Valle d'Aosta,Google Ads,RND_IT_GOOGLE_DISPLAY,6.93,1189,7,0
2024-02-12,Valle d'Aosta,Google Ads,RND_IT_GOOGLE_SEARCH_BRAND,4.14,141,12,0
2024-02-12,Valle d'Aosta,Google Ads,RND_IT_GOOGLE_SEARCH_GENERICA,8.24,152,7,0
2024-02-12,Valle d'Aosta,Google Ads,RND_IT_GOOGLE_SEARCH_LOCALE,4.80,106,5,0
2024-02-12,Veneto,Google Ads,RND_IT_GOOGLE_DISPLAY,186.55,32239,205,3
2024-02-12,Veneto,Google Ads,RND_IT_GOOGLE_SEARCH_BRAND,160.96,5357,434,6
2024-02-12,Veneto,Google Ads,RND_IT_GOOGLE_SEARCH_GENERICA,301.65,5507,290,11
2024-02-12,Veneto,Google Ads,RND_IT_GOOGLE_SEARCH_LOCALE,191.14,4008,190,10
2024-02-19,Abruzzo,Google Ads,RND_IT_GOOGLE_DISPLAY,52.20,8515,46,1
2024-02-19,Abruzzo,Google Ads,RND_IT_GOOGLE_SEARCH_BRAND,36.50,1205,98,1
2024-02-19,Abruzzo,Google Ads,RND_IT_GOOGLE_SEARCH_GENERICA,66.28,1149,52,2
2024-02-19,Abruzzo,Google Ads,RND_IT_GOOGLE_SEARCH_LOCALE,35.20,732,31,2
2024-02-19,Basilicata,Google Ads,RND_IT_GOOGLE_DISPLAY,18.47,2938,17,0
2024-02-19,Basilicata,Google Ads,RND_IT_GOOGLE_SEARCH_BRAND,20.25,660,48,1
2024-02-19,Basilicata,Google Ads,RND_IT_GOOGLE_SEARCH_GENERICA,44.52,804,41,1
2024-02-19,Basilicata,Google Ads,RND_IT_GOOGLE_SEARCH_LOCALE,29.63,633,27,1
2024-02-19,Calabria,Google Ads,RND_IT_GOOGLE_DISPLAY,73.64,11903,74,1
2024-02-19,Calabria,Google Ads,RND_IT_GOOGLE_SEARCH_BRAND,65.52,2169,162,3
2024-02-19,Calabria,Google Ads,RND_IT_GOOGLE_SEARCH_GENERICA,146.79,2812,135,6
2024-02-19,Calabria,Google Ads,RND_IT_GOOGLE_SEARCH_LOCALE,54.05,1149,52,3
2024-02-19,Campania,Google Ads,RND_IT_GOOGLE_DISPLAY,265.38,41530,274,6
2024-02-19,Campania,Google Ads,RND_IT_GOOGLE_SEARCH_BRAND,181.04,6089,455,10
2024-02-19,Campania,Google Ads,RND_IT_GOOGLE_SEARCH_GENERICA,456.32,8329,401,23
2024-02-19,Campania,Google Ads,RND_IT_GOOGLE_SEARCH_LOCALE,253.67,5193,228,15
2024-02-19,Emilia-Romagna,Google Ads,RND_IT_GOOGLE_DISPLAY,287.89,46378,269,7
2024-02-19,Emilia-Romagna,Google Ads,RND_IT_GOOGLE_SEARCH_BRAND,212.38,7288,577,16
2024-02-19,Emilia-Romagna,Google Ads,RND_IT_GOOGLE_SEARCH_GENERICA,258.60,4622,213,17
2024-02-19,Emilia-Romagna,Google Ads,RND_IT_GOOGLE_SEARCH_LOCALE,143.58,3198,157,14
2024-02-19,Friuli-Venezia Giulia,Google Ads,RND_IT_GOOGLE_DISPLAY,68.25,11203,72,2
2024-02-19,Friuli-Venezia Giulia,Google Ads,RND_IT_GOOGLE_SEARCH_BRAND,49.32,1515,126,4
2024-02-19,Friuli-Venezia Giulia,Google Ads,RND_IT_GOOGLE_SEARCH_GENERICA,70.75,1219,58,4
2024-02-19,Friuli-Venezia Giulia,Google Ads,RND_IT_GOOGLE_SEARCH_LOCALE,36.02,750,33,3
2024-02-19,Lazio,Google Ads,RND_IT_GOOGLE_DISPLAY,275.84,46203,273,8
2024-02-19,Lazio,Google Ads,RND_IT_GOOGLE_SEARCH_BRAND,125.05,4064,313,11
2024-02-19,Lazio,Google Ads,RND_IT_GOOGLE_SEARCH_GENERICA,452.37,8566,429,37
2024-02-19,Lazio,Google Ads,RND_IT_GOOGLE_SEARCH_LOCALE,270.12,5667,233,27
2024-02-19,Liguria,Google Ads,RND_IT_GOOGLE_DISPLAY,51.60,8635,55,1
2024-02-19,Liguria,Google Ads,RND_IT_GOOGLE_SEARCH_BRAND,48.23,1615,138,4
2024-02-19,Liguria,Google Ads,RND_IT_GOOGLE_SEARCH_GENERICA,94.83,1721,87,7
2024-02-19,Liguria,Google Ads,RND_IT_GOOGLE_SEARCH_LOCALE,58.13,1231,52,6
2024-02-19,Lombardia,Google Ads,RND_IT_GOOGLE_DISPLAY,421.11,68733,389,7
2024-02-19,Lombardia,Google Ads,RND_IT_GOOGLE_SEARCH_BRAND,444.42,14770,1177,21
2024-02-19,Lombardia,Google Ads,RND_IT_GOOGLE_SEARCH_GENERICA,764.93,13175,623,33
2024-02-19,Lombardia,Google Ads,RND_IT_GOOGLE_SEARCH_LOCALE,415.77,8752,420,23
2024-02-19,Marche,Google Ads,RND_IT_GOOGLE_DISPLAY,49.34,8363,53,1
2024-02-19,Marche,Google Ads,RND_IT_GOOGLE_SEARCH_BRAND,57.78,1949,144,3
2024-02-19,Marche,Google Ads,RND_IT_GOOGLE_SEARCH_GENERICA,101.62,1796,89,5
2024-02-19,Marche,Google Ads,RND_IT_GOOGLE_SEARCH_LOCALE,48.57,1058,47,3
2024-02-19,Molise,Google Ads,RND_IT_GOOGLE_DISPLAY,17.07,2788,17,0
2024-02-19,Molise,Google Ads,RND_IT_GOOGLE_SEARCH_BRAND,6.66,224,18,0
2024-02-19,Molise,Google Ads,RND_IT_GOOGLE_SEARCH_GENERICA,30.46,533,28,2
2024-02-19,Molise,Google Ads,RND_IT_GOOGLE_SEARCH_LOCALE,20.39,417,18,2
2024-02-19,Piemonte,Google Ads,RND_IT_GOOGLE_DISPLAY,173.72,28962,159,3
2024-02-19,Piemonte,Google Ads,RND_IT_GOOGLE_SEARCH_BRAND,90.73,2997,252,4
2024-02-19,Piemonte,Google Ads,RND_IT_GOOGLE_SEARCH_GENERICA,451.76,8181,361,20
2024-02-19,Piemonte,Google Ads,RND_IT_GOOGLE_SEARCH_LOCALE,198.97,4243,205,12
2024-02-19,Puglia,Google Ads,RND_IT_GOOGLE_DISPLAY,260.59,41986,249,4
2024-02-19,Puglia,Google Ads,RND_IT_GOOGLE_SEARCH_BRAND,122.62,4023,344,6
2024-02-19,Puglia,Google Ads,RND_IT_GOOGLE_SEARCH_GENERICA,361.72,6618,331,17
2024-02-19,Puglia,Google Ads,RND_IT_GOOGLE_SEARCH_LOCALE,171.46,3590,151,11
2024-02-19,Sardegna,Google Ads,RND_IT_GOOGLE_DISPLAY,63.07,10855,71,1
2024-02-19,Sardegna,Google Ads,RND_IT_GOOGLE_SEARCH_BRAND,50.76,1680,136,3
2024-02-19,Sardegna,Google Ads,RND_IT_GOOGLE_SEARCH_GENERICA,107.45,1924,90,6
2024-02-19,Sardegna,Google Ads,RND_IT_GOOGLE_SEARCH_LOCALE,42.39,909,35,3
2024-02-19,Sicilia,Google Ads,RND_IT_GOOGLE_DISPLAY,172.12,28705,160,4
2024-02-19,Sicilia,Google Ads,RND_IT_GOOGLE_SEARCH_BRAND,105.44,3636,273,6
2024-02-19,Sicilia,Google Ads,RND_IT_GOOGLE_SEARCH_GENERICA,440.25,8191,379,26
2024-02-19,Sicilia,Google Ads,RND_IT_GOOGLE_SEARCH_LOCALE,250.08,5176,219,20
2024-02-19,Toscana,Google Ads,RND_IT_GOOGLE_DISPLAY,125.55,21350,115,3
2024-02-19,Toscana,Google Ads,RND_IT_GOOGLE_SEARCH_BRAND,110.29,3596,266,7
2024-02-19,Toscana,Google Ads,RND_IT_GOOGLE_SEARCH_GENERICA,166.82,3040,155,8
2024-02-19,Toscana,Google Ads,RND_IT_GOOGLE_SEARCH_LOCALE,163.31,3367,154,11
2024-02-19,Trentino-Alto Adige,Google Ads,RND_IT_GOOGLE_DISPLAY,60.63,9736,60,1
2024-02-19,Trentino-Alto Adige,Google Ads,RND_IT_GOOGLE_SEARCH_BRAND,31.06,1033,81,2
2024-02-19,Trentino-Alto Adige,Google Ads,RND_IT_GOOGLE_SEARCH_GENERICA,70.00,1313,63,3
2024-02-19,Trentino-Alto Adige,Google Ads,RND_IT_GOOGLE_SEARCH_LOCALE,40.30,858,38,2
2024-02-19,Umbria,Google Ads,RND_IT_GOOGLE_DISPLAY,31.28,5241,28,1
2024-02-19,Umbria,Google Ads,RND_IT_GOOGLE_SEARCH_BRAND,37.47,1256,105,2
2024-02-19,Umbria,Google Ads,RND_IT_GOOGLE_SEARCH_GENERICA,64.85,1167,53,3
2024-02-19,Umbria,Google Ads,RND_IT_GOOGLE_SEARCH_LOCALE,32.85,692,28,3
2024-02-19,Valle d'Aosta,Google Ads,RND_IT_GOOGLE_DISPLAY,6.13,1039,7,0
2024-02-19,Valle d'Aosta,Google Ads,RND_IT_GOOGLE_SEARCH_BRAND,4.82,168,13,0
2024-02-19,Valle d'Aosta,Google Ads,RND_IT_GOOGLE_SEARCH_GENERICA,9.61,191,10,1
2024-02-19,Valle d'Aosta,Google Ads,RND_IT_GOOGLE_SEARCH_LOCALE,4.17,85,4,0
2024-02-19,Veneto,Google Ads,RND_IT_GOOGLE_DISPLAY,193.52,30276,201,2
2024-02-19,Veneto,Google Ads,RND_IT_GOOGLE_SEARCH_BRAND,146.06,4825,373,6
2024-02-19,Veneto,Google Ads,RND_IT_GOOGLE_SEARCH_GENERICA,346.37,6191,329,12
2024-02-19,Veneto,Google Ads,RND_IT_GOOGLE_SEARCH_LOCALE,194.71,4220,192,9
2024-02-26,Abruzzo,Google Ads,RND_IT_GOOGLE_DISPLAY,45.09,7779,50,0
2024-02-26,Abruzzo,Google Ads,RND_IT_GOOGLE_SEARCH_BRAND,39.39,1351,102,1
2024-02-26,Abruzzo,Google Ads,RND_IT_GOOGLE_SEARCH_GENERICA,77.49,1371,59,2
2024-02-26,Abruzzo,Google Ads,RND_IT_GOOGLE_SEARCH_LOCALE,40.80,869,40,2
2024-02-26,Basilicata,Google Ads,RND_IT_GOOGLE_DISPLAY,15.24,2444,15,0
2024-02-26,Basilicata,Google Ads,RND_IT_GOOGLE_SEARCH_BRAND,17.17,594,43,0
2024-02-26,Basilicata,Google Ads,RND_IT_GOOGLE_SEARCH_GENERICA,51.69,911,41,1
2024-02-26,Basilicata,Google Ads,RND_IT_GOOGLE_SEARCH_LOCALE,26.94,560,26,1
2024-02-26,Calabria,Google Ads,RND_IT_GOOGLE_DISPLAY,65.90,11053,74,1
2024-02-26,Calabria,Google Ads,RND_IT_GOOGLE_SEARCH_BRAND,57.97,1929,143,2
2024-02-26,Calabria,Google Ads,RND_IT_GOOGLE_SEARCH_GENERICA,160.73,2904,151,7
2024-02-26,Calabria,Google Ads,RND_IT_GOOGLE_SEARCH_LOCALE,49.69,1021,42,3
2024-02-26,Campania,Google Ads,RND_IT_GOOGLE_DISPLAY,209.98,36873,242,4
2024-02-26,Campania,Google Ads,RND_IT_GOOGLE_SEARCH_BRAND,207.66,6878,521,10
2024-02-26,Campania,Google Ads,RND_IT_GOOGLE_SEARCH_GENERICA,480.26,8282,406,23
2024-02-26,Campania,Google Ads,RND_IT_GOOGLE_SEARCH_LOCALE,206.55,4350,200,14
2024-02-26,Emilia-Romagna,Google Ads,RND_IT_GOOGLE_DISPLAY,194.90,33414,193,5
2024-02-26,Emilia-Romagna,Google Ads,RND_IT_GOOGLE_SEARCH_BRAND,219.21,7235,608,13
2024-02-26,Emilia-Romagna,Google Ads,RND_IT_GOOGLE_SEARCH_GENERICA,261.85,4803,265,16
2024-02-26,Emilia-Romagna,Google Ads,RND_IT_GOOGLE_SEARCH_LOCALE,128.43,2729,131,12
2024-02-26,Friuli-Venezia Giulia,Google Ads,RND_IT_GOOGLE_DISPLAY,54.17,8625,57,2
2024-02-26,Friuli-Venezia Giulia,Google Ads,RND_IT_GOOGLE_SEARCH_BRAND,42.34,1400,103,3
2024-02-26,Friuli-Venezia Giulia,Google Ads,RND_IT_GOOGLE_SEARCH_GENERICA,63.85,1095,57,4
2024-02-26,Friuli-Venezia Giulia,Google Ads,RND_IT_GOOGLE_SEARCH_LOCALE,31.47,624,30,3
2024-02-26,Lazio,Google Ads,RND_IT_GOOGLE_DISPLAY,196.54,32581,183,4
2024-02-26,Lazio,Google Ads,RND_IT_GOOGLE_SEARCH_BRAND,109.93,3758,283,6
2024-02-26,Lazio,Google Ads,RND_IT_GOOGLE_SEARCH_GENERICA,468.63,8562,437,27
2024-02-26,Lazio,Google Ads,RND_IT_GOOGLE_SEARCH_LOCALE,328.70,6925,327,22
2024-02-26,Liguria,Google Ads,RND_IT_GOOGLE_DISPLAY,36.32,6278,37,1
2024-02-26,Liguria,Google Ads,RND_IT_GOOGLE_SEARCH_BRAND,40.91,1373,97,3
2024-02-26,Liguria,Google Ads,RND_IT_GOOGLE_SEARCH_GENERICA,90.77,1583,74,6
2024-02-26,Liguria,Google Ads,RND_IT_GOOGLE_SEARCH_LOCALE,56.04,1190,55,5
2024-02-26,Lombardia,Google Ads,RND_IT_GOOGLE_DISPLAY,402.29,65406,343,6
2024-02-26,Lombardia,Google Ads,RND_IT_GOOGLE_SEARCH_BRAND,397.55,13345,1051,19
2024-02-26,Lombardia,Google Ads,RND_IT_GOOGLE_SEARCH_GENERICA,813.87,14628,757,33
2024-02-26,Lombardia,Google Ads,RND_IT_GOOGLE_SEARCH_LOCALE,333.74,6462,255,19
2024-02-26,Marche,Google Ads,RND_IT_GOOGLE_DISPLAY,35.95,5928,36,1
2024-02-26,Marche,Google Ads,RND_IT_GOOGLE_SEARCH_BRAND,53.50,1723,142,2
2024-02-26,Marche,Google Ads,RND_IT_GOOGLE_SEARCH_GENERICA,85.02,1574,72,3
2024-02-26,Marche,Google Ads,RND_IT_GOOGLE_SEARCH_LOCALE,46.98,985,44,3
2024-02-26,Molise,Google Ads,RND_IT_GOOGLE_DISPLAY,15.70,2586,15,0
2024-02-26,Molise,Google Ads,RND_IT_GOOGLE_SEARCH_BRAND,6.39,207,17,0
2024-02-26,Molise,Google Ads,RND_IT_GOOGLE_SEARCH_GENERICA,33.02,642,35,2
2024-02-26,Molise,Google Ads,RND_IT_GOOGLE_SEARCH_LOCALE,18.01,383,16,1
2024-02-26,Piemonte,Google Ads,RND_IT_GOOGLE_DISPLAY,134.54,22807,133,2
2024-02-26,Piemonte,Google Ads,RND_IT_GOOGLE_SEARCH_BRAND,96.39,3420,260,5
2024-02-26,Piemonte,Google Ads,RND_IT_GOOGLE_SEARCH_GENERICA,397.38,6991,360,18
2024-02-26,Piemonte,Google Ads,RND_IT_GOOGLE_SEARCH_LOCALE,163.95,3475,170,9
2024-02-26,Puglia,Google Ads,RND_IT_GOOGLE_DISPLAY,179.61,28555,169,3
2024-02-26,Puglia,Google Ads,RND_IT_GOOGLE_SEARCH_BRAND,110.98,3679,287,4
2024-02-26,Puglia,Google Ads,RND_IT_GOOGLE_SEARCH_GENERICA,341.01,6172,291,15
2024-02-26,Puglia,Google Ads,RND_IT_GOOGLE_SEARCH_LOCALE,178.73,3813,185,11
2024-02-26,Sardegna,Google Ads,RND_IT_GOOGLE_DISPLAY,40.82,6932,40,1
2024-02-26,Sardegna,Google Ads,RND_IT_GOOGLE_SEARCH_BRAND,41.42,1349,100,2
2024-02-26,Sardegna,Google Ads,RND_IT_GOOGLE_SEARCH_GENERICA,103.33,1838,97,5
2024-02-26,Sardegna,Google Ads,RND_IT_GOOGLE_SEARCH_LOCALE,50.15,1035,43,3
2024-02-26,Sicilia,Google Ads,RND_IT_GOOGLE_DISPLAY,171.31,28018,169,3
2024-02-26,Sicilia,Google Ads,RND_IT_GOOGLE_SEARCH_BRAND,99.66,3465,269,6
2024-02-26,Sicilia,Google Ads,RND_IT_GOOGLE_SEARCH_GENERICA,409.91,7259,420,22
2024-02-26,Sicilia,Google Ads,RND_IT_GOOGLE_SEARCH_LOCALE,215.40,4348,195,15
2024-02-26,Toscana,Google Ads,RND_IT_GOOGLE_DISPLAY,101.08,16842,110,2
2024-02-26,Toscana,Google Ads,RND_IT_GOOGLE_SEARCH_BRAND,112.73,3789,290,6
2024-02-26,Toscana,Google Ads,RND_IT_GOOGLE_SEARCH_GENERICA,202.32,3600,177,11
2024-02-26,Toscana,Google Ads,RND_IT_GOOGLE_SEARCH_LOCALE,141.32,2785,128,10
2024-02-26,Trentino-Alto Adige,Google Ads,RND_IT_GOOGLE_DISPLAY,36.62,6062,34,1
2024-02-26,Trentino-Alto Adige,Google Ads,RND_IT_GOOGLE_SEARCH_BRAND,25.59,868,65,1
2024-02-26,Trentino-Alto Adige,Google Ads,RND_IT_GOOGLE_SEARCH_GENERICA,68.63,1279,66,3
2024-02-26,Trentino-Alto Adige,Google Ads,RND_IT_GOOGLE_SEARCH_LOCALE,35.12,756,36,2
2024-02-26,Umbria,Google Ads,RND_IT_GOOGLE_DISPLAY,27.06,4591,29,0
2024-02-26,Umbria,Google Ads,RND_IT_GOOGLE_SEARCH_BRAND,33.09,1098,83,2
2024-02-26,Umbria,Google Ads,RND_IT_GOOGLE_SEARCH_GENERICA,78.43,1405,68,3
2024-02-26,Umbria,Google Ads,RND_IT_GOOGLE_SEARCH_LOCALE,26.23,558,22,2
2024-02-26,Valle d'Aosta,Google Ads,RND_IT_GOOGLE_DISPLAY,4.78,796,5,0
2024-02-26,Valle d'Aosta,Google Ads,RND_IT_GOOGLE_SEARCH_BRAND,4.19,138,11,0
2024-02-26,Valle d'Aosta,Google Ads,RND_IT_GOOGLE_SEARCH_GENERICA,10.93,212,11,1
2024-02-26,Valle d'Aosta,Google Ads,RND_IT_GOOGLE_SEARCH_LOCALE,3.87,83,3,0
2024-02-26,Veneto,Google Ads,RND_IT_GOOGLE_DISPLAY,136.55,23742,146,2
2024-02-26,Veneto,Google Ads,RND_IT_GOOGLE_SEARCH_BRAND,144.13,4780,351,5
2024-02-26,Veneto,Google Ads,RND_IT_GOOGLE_SEARCH_GENERICA,317.20,5839,261,9
2024-02-26,Veneto,Google Ads,RND_IT_GOOGLE_SEARCH_LOCALE,195.28,3980,180,8
2024-03-04,Abruzzo,Google Ads,RND_IT_GOOGLE_DISPLAY,32.38,5556,33,0
2024-03-04,Abruzzo,Google Ads,RND_IT_GOOGLE_SEARCH_BRAND,32.72,1045,77,1
2024-03-04,Abruzzo,Google Ads,RND_IT_GOOGLE_SEARCH_GENERICA,71.80,1266,63,2
2024-03-04,Abruzzo,Google Ads,RND_IT_GOOGLE_SEARCH_LOCALE,28.71,612,23,1
2024-03-04,Basilicata,Google Ads,RND_IT_GOOGLE_DISPLAY,7.51,1222,7,0
2024-03-04,Basilicata,Google Ads,RND_IT_GOOGLE_SEARCH_BRAND,18.67,621,52,0
2024-03-04,Basilicata,Google Ads,RND_IT_GOOGLE_SEARCH_GENERICA,32.90,592,30,1
2024-03-04,Basilicata,Google Ads,RND_IT_GOOGLE_SEARCH_LOCALE,23.88,475,22,1
2024-03-04,Calabria,Google Ads,RND_IT_GOOGLE_DISPLAY,40.93,7102,44,1
2024-03-04,Calabria,Google Ads,RND_IT_GOOGLE_SEARCH_BRAND,54.89,1846,165,2
2024-03-04,Calabria,Google Ads,RND_IT_GOOGLE_SEARCH_GENERICA,122.38,2172,122,4
2024-03-04,Calabria,Google Ads,RND_IT_GOOGLE_SEARCH_LOCALE,45.52,924,43,2
2024-03-04,Campania,Google Ads,RND_IT_GOOGLE_DISPLAY,134.98,22712,141,2
2024-03-04,Campania,Google Ads,RND_IT_GOOGLE_SEARCH_BRAND,150.52,5296,364,7
2024-03-04,Campania,Google Ads,RND_IT_GOOGLE_SEARCH_GENERICA,372.06,6927,303,15
2024-03-04,Campania,Google Ads,RND_IT_GOOGLE_SEARCH_LOCALE,143.51,3001,147,9
2024-03-04,Emilia-Romagna,Google Ads,RND_IT_GOOGLE_DISPLAY,137.84,23091,131,3
2024-03-04,Emilia-Romagna,Google Ads,RND_IT_GOOGLE_SEARCH_BRAND,194.74,6508,445,13
2024-03-04,Emilia-Romagna,Google Ads,RND_IT_GOOGLE_SEARCH_GENERICA,178.66,3089,151,9
2024-03-04,Emilia-Romagna,Google Ads,RND_IT_GOOGLE_SEARCH_LOCALE,88.35,1877,81,8
2024-03-04,Friuli-Venezia Giulia,Google Ads,RND_IT_GOOGLE_DISPLAY,42.80,7315,40,1
2024-03-04,Friuli-Venezia Giulia,Google Ads,RND_IT_GOOGLE_SEARCH_BRAND,32.35,1003,70,3
2024-03-04,Friuli-Venezia Giulia,Google Ads,RND_IT_GOOGLE_SEARCH_GENERICA,57.46,1003,55,4
2024-03-04,Friuli-Venezia Giulia,Google Ads,RND_IT_GOOGLE_SEARCH_LOCALE,22.58,494,22,2
2024-03-04,Lazio,Google Ads,RND_IT_GOOGLE_DISPLAY,124.27,20064,121,2
2024-03-04,Lazio,Google Ads,RND_IT_GOOGLE_SEARCH_BRAND,95.96,3190,237,5
2024-03-04,Lazio,Google Ads,RND_IT_GOOGLE_SEARCH_GENERICA,391.62,6994,344,22
2024-03-04,Lazio,Google Ads,RND_IT_GOOGLE_SEARCH_LOCALE,293.17,6064,285,22
2024-03-04,Liguria,Google Ads,RND_IT_GOOGLE_DISPLAY,24.58,3927,25,1
2024-03-04,Liguria,Google Ads,RND_IT_GOOGLE_SEARCH_BRAND,36.60,1320,105,3
2024-03-04,Liguria,Google Ads,RND_IT_GOOGLE_SEARCH_GENERICA,78.59,1458,72,5
2024-03-04,Liguria,Google Ads,RND_IT_GOOGLE_SEARCH_LOCALE,50.46,1024,42,4
2024-03-04,Lombardia,Google Ads,RND_IT_GOOGLE_DISPLAY,337.33,56264,361,5
2024-03-04,Lombardia,Google Ads,RND_IT_GOOGLE_SEARCH_BRAND,320.74,10969,857,16
2024-03-04,Lombardia,Google Ads,RND_IT_GOOGLE_SEARCH_GENERICA,662.25,12486,588,31
2024-03-04,Lombardia,Google Ads,RND_IT_GOOGLE_SEARCH_LOCALE,318.00,6443,309,16
2024-03-04,Marche,Google Ads,RND_IT_GOOGLE_DISPLAY,23.55,3854,25,0
2024-03-04,Marche,Google Ads,RND_IT_GOOGLE_SEARCH_BRAND,50.51,1643,125,2
2024-03-04,Marche,Google Ads,RND_IT_GOOGLE_SEARCH_GENERICA,68.62,1299,61,2
2024-03-04,Marche,Google Ads,RND_IT_GOOGLE_SEARCH_LOCALE,38.47,785,36,2
2024-03-04,Molise,Google Ads,RND_IT_GOOGLE_DISPLAY,10.12,1791,11,0
2024-03-04,Molise,Google Ads,RND_IT_GOOGLE_SEARCH_BRAND,5.31,180,14,0
2024-03-04,Molise,Google Ads,RND_IT_GOOGLE_SEARCH_GENERICA,26.45,489,21,2
2024-03-04,Molise,Google Ads,RND_IT_GOOGLE_SEARCH_LOCALE,13.26,295,13,1
2024-03-04,Piemonte,Google Ads,RND_IT_GOOGLE_DISPLAY,76.31,12427,73,1
2024-03-04,Piemonte,Google Ads,RND_IT_GOOGLE_SEARCH_BRAND,86.04,2804,200,3
2024-03-04,Piemonte,Google Ads,RND_IT_GOOGLE_SEARCH_GENERICA,336.33,6100,292,14
2024-03-04,Piemonte,Google Ads,RND_IT_GOOGLE_SEARCH_LOCALE,121.52,2589,118,6
2024-03-04,Puglia,Google Ads,RND_IT_GOOGLE_DISPLAY,134.38,22423,135,2
2024-03-04,Puglia,Google Ads,RND_IT_GOOGLE_SEARCH_BRAND,91.23,2918,215,3
2024-03-04,Puglia,Google Ads,RND_IT_GOOGLE_SEARCH_GENERICA,257.85,4800,223,9
2024-03-04,Puglia,Google Ads,RND_IT_GOOGLE_SEARCH_LOCALE,151.30,3257,145,8
2024-03-04,Sardegna,Google Ads,RND_IT_GOOGLE_DISPLAY,26.68,4473,25,0
2024-03-04,Sardegna,Google Ads,RND_IT_GOOGLE_SEARCH_BRAND,36.32,1198,90,2
2024-03-04,Sardegna,Google Ads,RND_IT_GOOGLE_SEARCH_GENERICA,87.34,1534,77,4
2024-03-04,Sardegna,Google Ads,RND_IT_GOOGLE_SEARCH_LOCALE,40.23,832,39,3
2024-03-04,Sicilia,Google Ads,RND_IT_GOOGLE_DISPLAY,109.15,18863,108,2
2024-03-04,Sicilia,Google Ads,RND_IT_GOOGLE_SEARCH_BRAND,102.46,3425,228,6
2024-03-04,Sicilia,Google Ads,RND_IT_GOOGLE_SEARCH_GENERICA,348.52,5986,283,19
2024-03-04,Sicilia,Google Ads,RND_IT_GOOGLE_SEARCH_LOCALE,157.69,3285,144,10
2024-03-04,Toscana,Google Ads,RND_IT_GOOGLE_DISPLAY,69.36,11216,67,1
2024-03-04,Toscana,Google Ads,RND_IT_GOOGLE_SEARCH_BRAND,101.20,3184,219,5
2024-03-04,Toscana,Google Ads,RND_IT_GOOGLE_SEARCH_GENERICA,131.19,2417,117,6
2024-03-04,Toscana,Google Ads,RND_IT_GOOGLE_SEARCH_LOCALE,135.58,2884,132,9
2024-03-04,Trentino-Alto Adige,Google Ads,RND_IT_GOOGLE_DISPLAY,25.89,4107,24,0
2024-03-04,Trentino-Alto Adige,Google Ads,RND_IT_GOOGLE_SEARCH_BRAND,27.87,897,62,1
2024-03-04,Trentino-Alto Adige,Google Ads,RND_IT_GOOGLE_SEARCH_GENERICA,47.75,842,41,2
2024-03-04,Trentino-Alto Adige,Google Ads,RND_IT_GOOGLE_SEARCH_LOCALE,27.89,572,25,2
2024-03-04,Umbria,Google Ads,RND_IT_GOOGLE_DISPLAY,16.52,2868,17,0
2024-03-04,Umbria,Google Ads,RND_IT_GOOGLE_SEARCH_BRAND,35.41,1181,93,2
2024-03-04,Umbria,Google Ads,RND_IT_GOOGLE_SEARCH_GENERICA,52.00,944,47,2
2024-03-04,Umbria,Google Ads,RND_IT_GOOGLE_SEARCH_LOCALE,25.34,523,22,2
2024-03-04,Valle d'Aosta,Google Ads,RND_IT_GOOGLE_DISPLAY,3.23,540,3,0
2024-03-04,Valle d'Aosta,Google Ads,RND_IT_GOOGLE_SEARCH_BRAND,3.44,113,9,0
2024-03-04,Valle d'Aosta,Google Ads,RND_IT_GOOGLE_SEARCH_GENERICA,7.87,144,7,0
2024-03-04,Valle d'Aosta,Google Ads,RND_IT_GOOGLE_SEARCH_LOCALE,2.67,55,2,0
2024-03-04,Veneto,Google Ads,RND_IT_GOOGLE_DISPLAY,109.44,18683,103,1
2024-03-04,Veneto,Google Ads,RND_IT_GOOGLE_SEARCH_BRAND,129.70,4375,342,4
2024-03-04,Veneto,Google Ads,RND_IT_GOOGLE_SEARCH_GENERICA,286.20,5242,243,8
2024-03-04,Veneto,Google Ads,RND_IT_GOOGLE_SEARCH_LOCALE,203.96,4192,177,9
2024-03-11,Abruzzo,Google Ads,RND_IT_GOOGLE_DISPLAY,39.08,6681,42,0
2024-03-11,Abruzzo,Google Ads,RND_IT_GOOGLE_SEARCH_BRAND,29.66,953,62,1
2024-03-11,Abruzzo,Google Ads,RND_IT_GOOGLE_SEARCH_GENERICA,79.15,1480,74,2
2024-03-11,Abruzzo,Google Ads,RND_IT_GOOGLE_SEARCH_LOCALE,29.41,614,29,1
2024-03-11,Abruzzo,Google Ads,RND_IT_GOOGLE_VIDEO_YOUTUBE,27.41,3060,25,1
2024-03-11,Basilicata,Google Ads,RND_IT_GOOGLE_DISPLAY,7.99,1373,8,0
2024-03-11,Basilicata,Google Ads,RND_IT_GOOGLE_SEARCH_BRAND,17.28,588,40,0
2024-03-11,Basilicata,Google Ads,RND_IT_GOOGLE_SEARCH_GENERICA,40.78,760,41,1
2024-03-11,Basilicata,Google Ads,RND_IT_GOOGLE_SEARCH_LOCALE,23.74,482,23,1
2024-03-11,Basilicata,Google Ads,RND_IT_GOOGLE_VIDEO_YOUTUBE,11.24,1218,11,0
2024-03-11,Calabria,Google Ads,RND_IT_GOOGLE_DISPLAY,40.81,6725,38,1
2024-03-11,Calabria,Google Ads,RND_IT_GOOGLE_SEARCH_BRAND,52.05,1673,131,2
2024-03-11,Calabria,Google Ads,RND_IT_GOOGLE_SEARCH_GENERICA,145.09,2653,134,6
2024-03-11,Calabria,Google Ads,RND_IT_GOOGLE_SEARCH_LOCALE,52.32,1099,47,3
2024-03-11,Calabria,Google Ads,RND_IT_GOOGLE_VIDEO_YOUTUBE,61.12,6536,56,1
2024-03-11,Campania,Google Ads,RND_IT_GOOGLE_DISPLAY,127.55,20845,126,2
2024-03-11,Campania,Google Ads,RND_IT_GOOGLE_SEARCH_BRAND,138.99,4861,294,8
2024-03-11,Campania,Google Ads,RND_IT_GOOGLE_SEARCH_GENERICA,382.78,6867,329,18
2024-03-11,Campania,Google Ads,RND_IT_GOOGLE_SEARCH_LOCALE,157.14,3302,151,10
2024-03-11,Campania,Google Ads,RND_IT_GOOGLE_VIDEO_YOUTUBE,99.63,10708,79,3
2024-03-11,Emilia-Romagna,Google Ads,RND_IT_GOOGLE_DISPLAY,172.74,27066,152,4
2024-03-11,Emilia-Romagna,Google Ads,RND_IT_GOOGLE_SEARCH_BRAND,168.03,5313,433,12
2024-03-11,Emilia-Romagna,Google Ads,RND_IT_GOOGLE_SEARCH_GENERICA,206.02,3758,186,13
2024-03-11,Emilia-Romagna,Google Ads,RND_IT_GOOGLE_SEARCH_LOCALE,108.91,2257,96,9
2024-03-11,Emilia-Romagna,Google Ads,RND_IT_GOOGLE_VIDEO_YOUTUBE,75.14,8343,63,3
2024-03-11,Friuli-Venezia Giulia,Google Ads,RND_IT_GOOGLE_DISPLAY,39.25,6346,41,1
2024-03-11,Friuli-Venezia Giulia,Google Ads,RND_IT_GOOGLE_SEARCH_BRAND,31.97,1031,67,2
2024-03-11,Friuli-Venezia Giulia,Google Ads,RND_IT_GOOGLE_SEARCH_GENERICA,73.44,1311,56,5
2024-03-11,Friuli-Venezia Giulia,Google Ads,RND_IT_GOOGLE_SEARCH_LOCALE,26.60,540,22,2
2024-03-11,Friuli-Venezia Giulia,Google Ads,RND_IT_GOOGLE_VIDEO_YOUTUBE,21.11,2399,18,1
2024-03-11,Lazio,Google Ads,RND_IT_GOOGLE_DISPLAY,139.12,23230,127,3
2024-03-11,Lazio,Google Ads,RND_IT_GOOGLE_SEARCH_BRAND,90.90,3068,244,5
2024-03-11,Lazio,Google Ads,RND_IT_GOOGLE_SEARCH_GENERICA,339.16,6130,304,19
2024-03-11,Lazio,Google Ads,RND_IT_GOOGLE_SEARCH_LOCALE,264.39,5526,238,25
2024-03-11,Lazio,Google Ads,RND_IT_GOOGLE_VIDEO_YOUTUBE,122.02,13283,87,5
2024-03-11,Liguria,Google Ads,RND_IT_GOOGLE_DISPLAY,25.74,4199,25,1
2024-03-11,Liguria,Google Ads,RND_IT_GOOGLE_SEARCH_BRAND,39.36,1378,97,3
2024-03-11,Liguria,Google Ads,RND_IT_GOOGLE_SEARCH_GENERICA,83.83,1644,80,5
2024-03-11,Liguria,Google Ads,RND_IT_GOOGLE_SEARCH_LOCALE,48.92,1004,45,5
2024-03-11,Liguria,Google Ads,RND_IT_GOOGLE_VIDEO_YOUTUBE,32.21,3356,27,1
2024-03-11,Lombardia,Google Ads,RND_IT_GOOGLE_DISPLAY,372.78,60003,341,6
2024-03-11,Lombardia,Google Ads,RND_IT_GOOGLE_SEARCH_BRAND,295.85,9955,801,14
2024-03-11,Lombardia,Google Ads,RND_IT_GOOGLE_SEARCH_GENERICA,888.66,16246,759,39
2024-03-11,Lombardia,Google Ads,RND_IT_GOOGLE_SEARCH_LOCALE,319.39,6663,311,18
2024-03-11,Lombardia,Google Ads,RND_IT_GOOGLE_VIDEO_YOUTUBE,242.59,29505,249,7
2024-03-11,Marche,Google Ads,RND_IT_GOOGLE_DISPLAY,23.07,3851,23,0
2024-03-11,Marche,Google Ads,RND_IT_GOOGLE_SEARCH_BRAND,64.10,2173,200,2
2024-03-11,Marche,Google Ads,RND_IT_GOOGLE_SEARCH_GENERICA,91.49,1686,80,4
2024-03-11,Marche,Google Ads,RND_IT_GOOGLE_SEARCH_LOCALE,40.56,873,40,2
2024-03-11,Marche,Google Ads,RND_IT_GOOGLE_VIDEO_YOUTUBE,32.59,3743,29,1
2024-03-11,Molise,Google Ads,RND_IT_GOOGLE_DISPLAY,8.64,1498,9,0
2024-03-11,Molise,Google Ads,RND_IT_GOOGLE_SEARCH_BRAND,5.37,179,11,0
2024-03-11,Molise,Google Ads,RND_IT_GOOGLE_SEARCH_GENERICA,31.83,566,28,2
2024-03-11,Molise,Google Ads,RND_IT_GOOGLE_SEARCH_LOCALE,15.48,310,15,1
2024-03-11,Molise,Google Ads,RND_IT_GOOGLE_VIDEO_YOUTUBE,10.33,1180,9,0
2024-03-11,Piemonte,Google Ads,RND_IT_GOOGLE_DISPLAY,94.57,15736,94,2
2024-03-11,Piemonte,Google Ads,RND_IT_GOOGLE_SEARCH_BRAND,93.86,3032,238,4
2024-03-11,Piemonte,Google Ads,RND_IT_GOOGLE_SEARCH_GENERICA,448.66,8407,450,16
2024-03-11,Piemonte,Google Ads,RND_IT_GOOGLE_SEARCH_LOCALE,147.30,3269,137,7
2024-03-11,Piemonte,Google Ads,RND_IT_GOOGLE_VIDEO_YOUTUBE,89.89,10476,79,2
2024-03-11,Puglia,Google Ads,RND_IT_GOOGLE_DISPLAY,131.98,21249,138,2
2024-03-11,Puglia,Google Ads,RND_IT_GOOGLE_SEARCH_BRAND,83.39,2739,179,4
2024-03-11,Puglia,Google Ads,RND_IT_GOOGLE_SEARCH_GENERICA,294.73,5481,295,11
2024-03-11,Puglia,Google Ads,RND_IT_GOOGLE_SEARCH_LOCALE,158.19,3289,144,9
2024-03-11,Puglia,Google Ads,RND_IT_GOOGLE_VIDEO_YOUTUBE,104.01,11589,91,2
2024-03-11,Sardegna,Google Ads,RND_IT_GOOGLE_DISPLAY,29.92,5177,30,1
2024-03-11,Sardegna,Google Ads,RND_IT_GOOGLE_SEARCH_BRAND,45.62,1466,113,2
2024-03-11,Sardegna,Google Ads,RND_IT_GOOGLE_SEARCH_GENERICA,113.92,2119,99,5
2024-03-11,Sardegna,Google Ads,RND_IT_GOOGLE_SEARCH_LOCALE,45.79,966,48,3
2024-03-11,Sardegna,Google Ads,RND_IT_GOOGLE_VIDEO_YOUTUBE,29.72,3289,28,1
2024-03-11,Sicilia,Google Ads,RND_IT_GOOGLE_DISPLAY,121.66,19806,113,3
2024-03-11,Sicilia,Google Ads,RND_IT_GOOGLE_SEARCH_BRAND,114.09,3657,270,7
2024-03-11,Sicilia,Google Ads,RND_IT_GOOGLE_SEARCH_GENERICA,394.59,7221,348,24
2024-03-11,Sicilia,Google Ads,RND_IT_GOOGLE_SEARCH_LOCALE,132.20,2692,105,13
2024-03-11,Sicilia,Google Ads,RND_IT_GOOGLE_VIDEO_YOUTUBE,98.09,11342,90,4
2024-03-11,Toscana,Google Ads,RND_IT_GOOGLE_DISPLAY,73.48,12791,75,2
2024-03-11,Toscana,Google Ads,RND_IT_GOOGLE_SEARCH_BRAND,100.43,3388,256,6
2024-03-11,Toscana,Google Ads,RND_IT_GOOGLE_SEARCH_GENERICA,166.80,3127,151,9
2024-03-11,Toscana,Google Ads,RND_IT_GOOGLE_SEARCH_LOCALE,128.40,2767,121,10
2024-03-11,Toscana,Google Ads,RND_IT_GOOGLE_VIDEO_YOUTUBE,92.14,10652,89,4
2024-03-11,Trentino-Alto Adige,Google Ads,RND_IT_GOOGLE_DISPLAY,31.38,5188,34,0
2024-03-11,Trentino-Alto Adige,Google Ads,RND_IT_GOOGLE_SEARCH_BRAND,23.91,770,54,1
2024-03-11,Trentino-Alto Adige,Google Ads,RND_IT_GOOGLE_SEARCH_GENERICA,51.05,964,51,2
2024-03-11,Trentino-Alto Adige,Google Ads,RND_IT_GOOGLE_SEARCH_LOCALE,30.40,631,26,2
2024-03-11,Trentino-Alto Adige,Google Ads,RND_IT_GOOGLE_VIDEO_YOUTUBE,19.23,2176,17,1
2024-03-11,Umbria,Google Ads,RND_IT_GOOGLE_DISPLAY,16.96,2836,17,0
2024-03-11,Umbria,Google Ads,RND_IT_GOOGLE_SEARCH_BRAND,33.08,1113,88,2
2024-03-11,Umbria,Google Ads,RND_IT_GOOGLE_SEARCH_GENERICA,73.08,1340,68,3
2024-03-11,Umbria,Google Ads,RND_IT_GOOGLE_SEARCH_LOCALE,29.26,602,27,2
2024-03-11,Umbria,Google Ads,RND_IT_GOOGLE_VIDEO_YOUTUBE,13.59,1550,13,0
2024-03-11,Valle d'Aosta,Google Ads,RND_IT_GOOGLE_DISPLAY,3.52,614,4,0
2024-03-11,Valle d'Aosta,Google Ads,RND_IT_GOOGLE_SEARCH_BRAND,3.31,106,7,0
2024-03-11,Valle d'Aosta,Google Ads,RND_IT_GOOGLE_SEARCH_GENERICA,10.16,184,9,1
2024-03-11,Valle d'Aosta,Google Ads,RND_IT_GOOGLE_SEARCH_LOCALE,3.06,63,3,0
2024-03-11,Valle d'Aosta,Google Ads,RND_IT_GOOGLE_VIDEO_YOUTUBE,2.45,262,2,0
2024-03-11,Veneto,Google Ads,RND_IT_GOOGLE_DISPLAY,110.15,17614,104,1
2024-03-11,Veneto,Google Ads,RND_IT_GOOGLE_SEARCH_BRAND,152.09,5115,417,5
2024-03-11,Veneto,Google Ads,RND_IT_GOOGLE_SEARCH_GENERICA,365.96,6832,354,10
2024-03-11,Veneto,Google Ads,RND_IT_GOOGLE_SEARCH_LOCALE,223.80,4625,217,9
2024-03-11,Veneto,Google Ads,RND_IT_GOOGLE_VIDEO_YOUTUBE,97.75,10777,82,2
2024-03-18,Abruzzo,Google Ads,RND_IT_GOOGLE_DISPLAY,32.44,5237,34,0
2024-03-18,Abruzzo,Google Ads,RND_IT_GOOGLE_SEARCH_BRAND,33.22,1091,79,1
2024-03-18,Abruzzo,Google Ads,RND_IT_GOOGLE_SEARCH_GENERICA,66.62,1178,56,2
2024-03-18,Abruzzo,Google Ads,RND_IT_GOOGLE_SEARCH_LOCALE,35.28,744,34,1
2024-03-18,Abruzzo,Google Ads,RND_IT_GOOGLE_VIDEO_YOUTUBE,26.86,3137,23,0
2024-03-18,Basilicata,Google Ads,RND_IT_GOOGLE_DISPLAY,7.87,1298,8,0
2024-03-18,Basilicata,Google Ads,RND_IT_GOOGLE_SEARCH_BRAND,17.60,612,41,1
2024-03-18,Basilicata,Google Ads,RND_IT_GOOGLE_SEARCH_GENERICA,32.98,587,32,1
2024-03-18,Basilicata,Google Ads,RND_IT_GOOGLE_SEARCH_LOCALE,22.13,464,19,1
2024-03-18,Basilicata,Google Ads,RND_IT_GOOGLE_VIDEO_YOUTUBE,10.09,1148,10,0
2024-03-18,Calabria,Google Ads,RND_IT_GOOGLE_DISPLAY,39.00,6474,40,1
2024-03-18,Calabria,Google Ads,RND_IT_GOOGLE_SEARCH_BRAND,41.62,1401,117,2
2024-03-18,Calabria,Google Ads,RND_IT_GOOGLE_SEARCH_GENERICA,133.24,2419,121,5
2024-03-18,Calabria,Google Ads,RND_IT_GOOGLE_SEARCH_LOCALE,54.20,1128,49,3
2024-03-18,Calabria,Google Ads,RND_IT_GOOGLE_VIDEO_YOUTUBE,57.71,6131,48,2
2024-03-18,Campania,Google Ads,RND_IT_GOOGLE_DISPLAY,130.15,23410,126,2
2024-03-18,Campania,Google Ads,RND_IT_GOOGLE_SEARCH_BRAND,130.99,4528,338,7
2024-03-18,Campania,Google Ads,RND_IT_GOOGLE_SEARCH_GENERICA,394.64,6800,320,21
2024-03-18,Campania,Google Ads,RND_IT_GOOGLE_SEARCH_LOCALE,189.95,3873,174,14
2024-03-18,Campania,Google Ads,RND_IT_GOOGLE_VIDEO_YOUTUBE,109.06,11925,71,3
2024-03-18,Emilia-Romagna,Google Ads,RND_IT_GOOGLE_DISPLAY,139.28,22595,121,3
2024-03-18,Emilia-Romagna,Google Ads,RND_IT_GOOGLE_SEARCH_BRAND,178.42,5812,494,11
2024-03-18,Emilia-Romagna,Google Ads,RND_IT_GOOGLE_SEARCH_GENERICA,192.08,3579,176,10
2024-03-18,Emilia-Romagna,Google Ads,RND_IT_GOOGLE_SEARCH_LOCALE,114.73,2335,111,10
2024-03-18,Emilia-Romagna,Google Ads,RND_IT_GOOGLE_VIDEO_YOUTUBE,66.51,7731,64,3
2024-03-18,Friuli-Venezia Giulia,Google Ads,RND_IT_GOOGLE_DISPLAY,36.54,5852,38,1
2024-03-18,Friuli-Venezia Giulia,Google Ads,RND_IT_GOOGLE_SEARCH_BRAND,35.49,1185,96,2
2024-03-18,Friuli-Venezia Giulia,Google Ads,RND_IT_GOOGLE_SEARCH_GENERICA,60.99,1077,58,4
2024-03-18,Friuli-Venezia Giulia,Google Ads,RND_IT_GOOGLE_SEARCH_LOCALE,32.81,674,36,3
2024-03-18,Friuli-Venezia Giulia,Google Ads,RND_IT_GOOGLE_VIDEO_YOUTUBE,20.53,2312,20,1
2024-03-18,Lazio,Google Ads,RND_IT_GOOGLE_DISPLAY,132.37,21442,138,3
2024-03-18,Lazio,Google Ads,RND_IT_GOOGLE_SEARCH_BRAND,108.00,3494,247,7
2024-03-18,Lazio,Google Ads,RND_IT_GOOGLE_SEARCH_GENERICA,337.62,6052,294,20
2024-03-18,Lazio,Google Ads,RND_IT_GOOGLE_SEARCH_LOCALE,251.07,5303,250,22
2024-03-18,Lazio,Google Ads,RND_IT_GOOGLE_VIDEO_YOUTUBE,122.14,13645,103,5
2024-03-18,Liguria,Google Ads,RND_IT_GOOGLE_DISPLAY,24.03,4032,28,1
2024-03-18,Liguria,Google Ads,RND_IT_GOOGLE_SEARCH_BRAND,31.96,1052,78,2
2024-03-18,Liguria,Google Ads,RND_IT_GOOGLE_SEARCH_GENERICA,68.03,1229,66,5
2024-03-18,Liguria,Google Ads,RND_IT_GOOGLE_SEARCH_LOCALE,55.56,1181,49,5
2024-03-18,Liguria,Google Ads,RND_IT_GOOGLE_VIDEO_YOUTUBE,28.70,3209,27,1
2024-03-18,Lombardia,Google Ads,RND_IT_GOOGLE_DISPLAY,311.45,52675,283,6
2024-03-18,Lombardia,Google Ads,RND_IT_GOOGLE_SEARCH_BRAND,311.04,10287,778,16
2024-03-18,Lombardia,Google Ads,RND_IT_GOOGLE_SEARCH_GENERICA,799.58,14555,696,35
2024-03-18,Lombardia,Google Ads,RND_IT_GOOGLE_SEARCH_LOCALE,359.06,7659,342,23
2024-03-18,Lombardia,Google Ads,RND_IT_GOOGLE_VIDEO_YOUTUBE,291.62,32321,255,8
2024-03-18,Marche,Google Ads,RND_IT_GOOGLE_DISPLAY,21.04,3433,21,0
2024-03-18,Marche,Google Ads,RND_IT_GOOGLE_SEARCH_BRAND,61.11,1993,165,2
2024-03-18,Marche,Google Ads,RND_IT_GOOGLE_SEARCH_GENERICA,88.91,1600,76,3
2024-03-18,Marche,Google Ads,RND_IT_GOOGLE_SEARCH_LOCALE,43.11,898,41,3
2024-03-18,Marche,Google Ads,RND_IT_GOOGLE_VIDEO_YOUTUBE,34.46,3769,26,1
2024-03-18,Molise,Google Ads,RND_IT_GOOGLE_DISPLAY,8.10,1352,8,0
2024-03-18,Molise,Google Ads,RND_IT_GOOGLE_SEARCH_BRAND,4.72,152,12,0
2024-03-18,Molise,Google Ads,RND_IT_GOOGLE_SEARCH_GENERICA,31.65,574,30,2
2024-03-18,Molise,Google Ads,RND_IT_GOOGLE_SEARCH_LOCALE,14.81,312,14,1
2024-03-18,Molise,Google Ads,RND_IT_GOOGLE_VIDEO_YOUTUBE,8.87,961,9,0
2024-03-18,Piemonte,Google Ads,RND_IT_GOOGLE_DISPLAY,72.98,12873,73,1
2024-03-18,Piemonte,Google Ads,RND_IT_GOOGLE_SEARCH_BRAND,96.34,3075,233,4
2024-03-18,Piemonte,Google Ads,RND_IT_GOOGLE_SEARCH_GENERICA,413.74,7509,352,16
2024-03-18,Piemonte,Google Ads,RND_IT_GOOGLE_SEARCH_LOCALE,160.99,3337,155,9
2024-03-18,Piemonte,Google Ads,RND_IT_GOOGLE_VIDEO_YOUTUBE,93.36,10688,84,2
2024-03-18,Puglia,Google Ads,RND_IT_GOOGLE_DISPLAY,112.68,18800,109,2
2024-03-18,Puglia,Google Ads,RND_IT_GOOGLE_SEARCH_BRAND,90.17,2795,207,4
2024-03-18,Puglia,Google Ads,RND_IT_GOOGLE_SEARCH_GENERICA,216.09,3876,205,9
2024-03-18,Puglia,Google Ads,RND_IT_GOOGLE_SEARCH_LOCALE,185.58,3664,139,9
2024-03-18,Puglia,Google Ads,RND_IT_GOOGLE_VIDEO_YOUTUBE,92.79,10384,84,2
2024-03-18,Sardegna,Google Ads,RND_IT_GOOGLE_DISPLAY,26.57,4471,28,0
2024-03-18,Sardegna,Google Ads,RND_IT_GOOGLE_SEARCH_BRAND,42.36,1367,102,2
2024-03-18,Sardegna,Google Ads,RND_IT_GOOGLE_SEARCH_GENERICA,101.82,1808,93,5
2024-03-18,Sardegna,Google Ads,RND_IT_GOOGLE_SEARCH_LOCALE,46.71,967,45,3
2024-03-18,Sardegna,Google Ads,RND_IT_GOOGLE_VIDEO_YOUTUBE,27.57,3129,24,1
2024-03-18,Sicilia,Google Ads,RND_IT_GOOGLE_DISPLAY,107.72,18971,109,3
2024-03-18,Sicilia,Google Ads,RND_IT_GOOGLE_SEARCH_BRAND,89.81,3050,250,6
2024-03-18,Sicilia,Google Ads,RND_IT_GOOGLE_SEARCH_GENERICA,424.45,7968,374,25
2024-03-18,Sicilia,Google Ads,RND_IT_GOOGLE_SEARCH_LOCALE,137.10,2824,123,13
2024-03-18,Sicilia,Google Ads,RND_IT_GOOGLE_VIDEO_YOUTUBE,101.02,11409,89,4
2024-03-18,Toscana,Google Ads,RND_IT_GOOGLE_DISPLAY,64.38,10505,63,1
2024-03-18,Toscana,Google Ads,RND_IT_GOOGLE_SEARCH_BRAND,92.44,2934,220,6
2024-03-18,Toscana,Google Ads,RND_IT_GOOGLE_SEARCH_GENERICA,138.25,2355,117,7
2024-03-18,Toscana,Google Ads,RND_IT_GOOGLE_SEARCH_LOCALE,154.51,3119,139,11
2024-03-18,Toscana,Google Ads,RND_IT_GOOGLE_VIDEO_YOUTUBE,84.52,9788,79,3
2024-03-18,Trentino-Alto Adige,Google Ads,RND_IT_GOOGLE_DISPLAY,23.68,3856,24,0
2024-03-18,Trentino-Alto Adige,Google Ads,RND_IT_GOOGLE_SEARCH_BRAND,23.61,755,55,1
2024-03-18,Trentino-Alto Adige,Google Ads,RND_IT_GOOGLE_SEARCH_GENERICA,44.29,800,38,2
2024-03-18,Trentino-Alto Adige,Google Ads,RND_IT_GOOGLE_SEARCH_LOCALE,33.96,696,35,2
2024-03-18,Trentino-Alto Adige,Google Ads,RND_IT_GOOGLE_VIDEO_YOUTUBE,19.44,2190,16,0
2024-03-18,Umbria,Google Ads,RND_IT_GOOGLE_DISPLAY,19.90,3269,21,0
2024-03-18,Umbria,Google Ads,RND_IT_GOOGLE_SEARCH_BRAND,30.12,1058,76,2
2024-03-18,Umbria,Google Ads,RND_IT_GOOGLE_SEARCH_GENERICA,71.73,1286,66,3
2024-03-18,Umbria,Google Ads,RND_IT_GOOGLE_SEARCH_LOCALE,33.12,693,28,2
2024-03-18,Umbria,Google Ads,RND_IT_GOOGLE_VIDEO_YOUTUBE,15.15,1724,15,0
2024-03-18,Valle d'Aosta,Google Ads,RND_IT_GOOGLE_DISPLAY,3.17,519,3,0
2024-03-18,Valle d'Aosta,Google Ads,RND_IT_GOOGLE_SEARCH_BRAND,3.35,110,8,0
2024-03-18,Valle d'Aosta,Google Ads,RND_IT_GOOGLE_SEARCH_GENERICA,8.57,158,9,0
2024-03-18,Valle d'Aosta,Google Ads,RND_IT_GOOGLE_SEARCH_LOCALE,3.67,74,3,0
2024-03-18,Valle d'Aosta,Google Ads,RND_IT_GOOGLE_VIDEO_YOUTUBE,2.78,310,3,0
2024-03-18,Veneto,Google Ads,RND_IT_GOOGLE_DISPLAY,115.02,18122,112,1
2024-03-18,Veneto,Google Ads,RND_IT_GOOGLE_SEARCH_BRAND,136.81,4604,311,4
2024-03-18,Veneto,Google Ads,RND_IT_GOOGLE_SEARCH_GENERICA,371.82,6465,315,11
2024-03-18,Veneto,Google Ads,RND_IT_GOOGLE_SEARCH_LOCALE,266.13,5426,258,11
2024-03-18,Veneto,Google Ads,RND_IT_GOOGLE_VIDEO_YOUTUBE,96.95,10466,87,2
2024-03-25,Abruzzo,Google Ads,RND_IT_GOOGLE_DISPLAY,31.48,5269,31,0
2024-03-25,Abruzzo,Google Ads,RND_IT_GOOGLE_SEARCH_BRAND,36.55,1242,88,1
2024-03-25,Abruzzo,Google Ads,RND_IT_GOOGLE_SEARCH_GENERICA,64.91,1163,60,2
2024-03-25,Abruzzo,Google Ads,RND_IT_GOOGLE_SEARCH_LOCALE,43.47,948,43,2
2024-03-25,Abruzzo,Google Ads,RND_IT_GOOGLE_VIDEO_YOUTUBE,30.36,3351,27,0
2024-03-25,Basilicata,Google Ads,RND_IT_GOOGLE_DISPLAY,10.35,1737,10,0
2024-03-25,Basilicata,Google Ads,RND_IT_GOOGLE_SEARCH_BRAND,20.53,698,58,1
2024-03-25,Basilicata,Google Ads,RND_IT_GOOGLE_SEARCH_GENERICA,32.26,585,29,1
2024-03-25,Basilicata,Google Ads,RND_IT_GOOGLE_SEARCH_LOCALE,22.39,444,18,1
2024-03-25,Basilicata,Google Ads,RND_IT_GOOGLE_VIDEO_YOUTUBE,8.60,973,7,0
2024-03-25,Calabria,Google Ads,RND_IT_GOOGLE_DISPLAY,39.05,6471,40,1
2024-03-25,Calabria,Google Ads,RND_IT_GOOGLE_SEARCH_BRAND,49.81,1585,117,2
2024-03-25,Calabria,Google Ads,RND_IT_GOOGLE_SEARCH_GENERICA,140.42,2635,132,5
2024-03-25,Calabria,Google Ads,RND_IT_GOOGLE_SEARCH_LOCALE,63.33,1312,65,3
2024-03-25,Calabria,Google Ads,RND_IT_GOOGLE_VIDEO_YOUTUBE,55.58,6302,54,1
2024-03-25,Campania,Google Ads,RND_IT_GOOGLE_DISPLAY,144.50,24262,135,3
2024-03-25,Campania,Google Ads,RND_IT_GOOGLE_SEARCH_BRAND,149.01,4933,388,9
2024-03-25,Campania,Google Ads,RND_IT_GOOGLE_SEARCH_GENERICA,379.16,6962,344,18
2024-03-25,Campania,Google Ads,RND_IT_GOOGLE_SEARCH_LOCALE,209.30,4208,187,11
2024-03-25,Campania,Google Ads,RND_IT_GOOGLE_VIDEO_YOUTUBE,111.54,12933,108,3
2024-03-25,Emilia-Romagna,Google Ads,RND_IT_GOOGLE_DISPLAY,127.40,21398,129,3
2024-03-25,Emilia-Romagna,Google Ads,RND_IT_GOOGLE_SEARCH_BRAND,194.86,6180,383,13
2024-03-25,Emilia-Romagna,Google Ads,RND_IT_GOOGLE_SEARCH_GENERICA,195.22,3423,161,12
2024-03-25,Emilia-Romagna,Google Ads,RND_IT_GOOGLE_SEARCH_LOCALE,127.64,2599,113,9
2024-03-25,Emilia-Romagna,Google Ads,RND_IT_GOOGLE_VIDEO_YOUTUBE,74.43,8156,63,2
2024-03-25,Friuli-Venezia Giulia,Google Ads,RND_IT_GOOGLE_DISPLAY,47.68,7633,42,1
2024-03-25,Friuli-Venezia Giulia,Google Ads,RND_IT_GOOGLE_SEARCH_BRAND,31.21,1117,87,2
2024-03-25,Friuli-Venezia Giulia,Google Ads,RND_IT_GOOGLE_SEARCH_GENERICA,64.23,1151,59,5
2024-03-25,Friuli-Venezia Giulia,Google Ads,RND_IT_GOOGLE_SEARCH_LOCALE,30.27,627,28,3
2024-03-25,Friuli-Venezia Giulia,Google Ads,RND_IT_GOOGLE_VIDEO_YOUTUBE,19.79,2214,16,1
2024-03-25,Lazio,Google Ads,RND_IT_GOOGLE_DISPLAY,133.53,22448,134,3
2024-03-25,Lazio,Google Ads,RND_IT_GOOGLE_SEARCH_BRAND,125.74,3991,296,9
2024-03-25,Lazio,Google Ads,RND_IT_GOOGLE_SEARCH_GENERICA,398.00,7429,364,23
2024-03-25,Lazio,Google Ads,RND_IT_GOOGLE_SEARCH_LOCALE,284.18,5745,252,25
2024-03-25,Lazio,Google Ads,RND_IT_GOOGLE_VIDEO_YOUTUBE,108.02,11956,85,4
2024-03-25,Liguria,Google Ads,RND_IT_GOOGLE_DISPLAY,27.08,4589,26,1
2024-03-25,Liguria,Google Ads,RND_IT_GOOGLE_SEARCH_BRAND,36.65,1183,86,3
2024-03-25,Liguria,Google Ads,RND_IT_GOOGLE_SEARCH_GENERICA,78.76,1380,65,5
2024-03-25,Liguria,Google Ads,RND_IT_GOOGLE_SEARCH_LOCALE,66.14,1402,58,6
2024-03-25,Liguria,Google Ads,RND_IT_GOOGLE_VIDEO_YOUTUBE,25.15,2930,23,1
2024-03-25,Lombardia,Google Ads,RND_IT_GOOGLE_DISPLAY,316.22,50177,293,5
2024-03-25,Lombardia,Google Ads,RND_IT_GOOGLE_SEARCH_BRAND,348.69,11260,855,17
2024-03-25,Lombardia,Google Ads,RND_IT_GOOGLE_SEARCH_GENERICA,822.55,14920,799,35
2024-03-25,Lombardia,Google Ads,RND_IT_GOOGLE_SEARCH_LOCALE,384.81,8342,380,22
2024-03-25,Lombardia,Google Ads,RND_IT_GOOGLE_VIDEO_YOUTUBE,285.98,32134,253,8
2024-03-25,Marche,Google Ads,RND_IT_GOOGLE_DISPLAY,23.20,4037,23,0
2024-03-25,Marche,Google Ads,RND_IT_GOOGLE_SEARCH_BRAND,65.90,2098,152,3
2024-03-25,Marche,Google Ads,RND_IT_GOOGLE_SEARCH_GENERICA,82.12,1493,75,4
2024-03-25,Marche,Google Ads,RND_IT_GOOGLE_SEARCH_LOCALE,44.74,956,41,3
2024-03-25,Marche,Google Ads,RND_IT_GOOGLE_VIDEO_YOUTUBE,32.89,3697,32,1
2024-03-25,Molise,Google Ads,RND_IT_GOOGLE_DISPLAY,9.32,1495,8,0
2024-03-25,Molise,Google Ads,RND_IT_GOOGLE_SEARCH_BRAND,4.74,164,10,0
2024-03-25,Molise,Google Ads,RND_IT_GOOGLE_SEARCH_GENERICA,33.79,607,30,2
2024-03-25,Molise,Google Ads,RND_IT_GOOGLE_SEARCH_LOCALE,14.15,304,14,1
2024-03-25,Molise,Google Ads,RND_IT_GOOGLE_VIDEO_YOUTUBE,8.30,922,8,0
2024-03-25,Piemonte,Google Ads,RND_IT_GOOGLE_DISPLAY,92.45,14882,89,1
2024-03-25,Piemonte,Google Ads,RND_IT_GOOGLE_SEARCH_BRAND,90.39,3232,258,4
2024-03-25,Piemonte,Google Ads,RND_IT_GOOGLE_SEARCH_GENERICA,604.11,11872,649,20
2024-03-25,Piemonte,Google Ads,RND_IT_GOOGLE_SEARCH_LOCALE,226.03,4514,210,11
2024-03-25,Piemonte,Google Ads,RND_IT_GOOGLE_VIDEO_YOUTUBE,85.06,9387,75,2
2024-03-25,Puglia,Google Ads,RND_IT_GOOGLE_DISPLAY,122.30,20507,102,2
2024-03-25,Puglia,Google Ads,RND_IT_GOOGLE_SEARCH_BRAND,105.41,3464,264,4
2024-03-25,Puglia,Google Ads,RND_IT_GOOGLE_SEARCH_GENERICA,244.00,4381,191,7
2024-03-25,Puglia,Google Ads,RND_IT_GOOGLE_SEARCH_LOCALE,210.29,4349,218,10
2024-03-25,Puglia,Google Ads,RND_IT_GOOGLE_VIDEO_YOUTUBE,104.10,11064,88,2
2024-03-25,Sardegna,Google Ads,RND_IT_GOOGLE_DISPLAY,30.57,5176,27,0
2024-03-25,Sardegna,Google Ads,RND_IT_GOOGLE_SEARCH_BRAND,46.49,1488,109,3
2024-03-25,Sardegna,Google Ads,RND_IT_GOOGLE_SEARCH_GENERICA,105.13,1937,105,4
2024-03-25,Sardegna,Google Ads,RND_IT_GOOGLE_SEARCH_LOCALE,49.43,1044,46,3
2024-03-25,Sardegna,Google Ads,RND_IT_GOOGLE_VIDEO_YOUTUBE,33.04,3532,26,1
2024-03-25,Sicilia,Google Ads,RND_IT_GOOGLE_DISPLAY,115.35,19673,125,3
2024-03-25,Sicilia,Google Ads,RND_IT_GOOGLE_SEARCH_BRAND,105.38,3277,229,7
2024-03-25,Sicilia,Google Ads,RND_IT_GOOGLE_SEARCH_GENERICA,355.41,6313,296,22
2024-03-25,Sicilia,Google Ads,RND_IT_GOOGLE_SEARCH_LOCALE,175.11,3743,159,14
2024-03-25,Sicilia,Google Ads,RND_IT_GOOGLE_VIDEO_YOUTUBE,95.17,10631,91,4
2024-03-25,Toscana,Google Ads,RND_IT_GOOGLE_DISPLAY,84.68,14351,87,2
2024-03-25,Toscana,Google Ads,RND_IT_GOOGLE_SEARCH_BRAND,96.84,3204,216,6
2024-03-25,Toscana,Google Ads,RND_IT_GOOGLE_SEARCH_GENERICA,140.80,2601,132,6
2024-03-25,Toscana,Google Ads,RND_IT_GOOGLE_SEARCH_LOCALE,205.81,4513,182,15
2024-03-25,Toscana,Google Ads,RND_IT_GOOGLE_VIDEO_YOUTUBE,91.38,10170,81,3
2024-03-25,Trentino-Alto Adige,Google Ads,RND_IT_GOOGLE_DISPLAY,25.89,4248,24,0
2024-03-25,Trentino-Alto Adige,Google Ads,RND_IT_GOOGLE_SEARCH_BRAND,28.76,949,72,1
2024-03-25,Trentino-Alto Adige,Google Ads,RND_IT_GOOGLE_SEARCH_GENERICA,44.67,833,40,2
2024-03-25,Trentino-Alto Adige,Google Ads,RND_IT_GOOGLE_SEARCH_LOCALE,40.00,860,45,2
2024-03-25,Trentino-Alto Adige,Google Ads,RND_IT_GOOGLE_VIDEO_YOUTUBE,19.10,2134,18,0
2024-03-25,Umbria,Google Ads,RND_IT_GOOGLE_DISPLAY,16.33,2731,18,0
2024-03-25,Umbria,Google Ads,RND_IT_GOOGLE_SEARCH_BRAND,35.24,1152,96,2
2024-03-25,Umbria,Google Ads,RND_IT_GOOGLE_SEARCH_GENERICA,65.58,1171,55,2
2024-03-25,Umbria,Google Ads,RND_IT_GOOGLE_SEARCH_LOCALE,26.74,572,27,2
2024-03-25,Umbria,Google Ads,RND_IT_GOOGLE_VIDEO_YOUTUBE,15.92,1819,16,1
2024-03-25,Valle d'Aosta,Google Ads,RND_IT_GOOGLE_DISPLAY,3.03,500,3,0
2024-03-25,Valle d'Aosta,Google Ads,RND_IT_GOOGLE_SEARCH_BRAND,4.16,140,11,0
2024-03-25,Valle d'Aosta,Google Ads,RND_IT_GOOGLE_SEARCH_GENERICA,8.11,147,8,0
2024-03-25,Valle d'Aosta,Google Ads,RND_IT_GOOGLE_SEARCH_LOCALE,5.29,119,5,0
2024-03-25,Valle d'Aosta,Google Ads,RND_IT_GOOGLE_VIDEO_YOUTUBE,3.34,372,3,0
2024-03-25,Veneto,Google Ads,RND_IT_GOOGLE_DISPLAY,103.04,17263,99,1
2024-03-25,Veneto,Google Ads,RND_IT_GOOGLE_SEARCH_BRAND,145.76,4916,333,5
2024-03-25,Veneto,Google Ads,RND_IT_GOOGLE_SEARCH_GENERICA,391.20,6922,391,13
2024-03-25,Veneto,Google Ads,RND_IT_GOOGLE_SEARCH_LOCALE,216.39,4521,228,8
2024-03-25,Veneto,Google Ads,RND_IT_GOOGLE_VIDEO_YOUTUBE,101.18,11125,84,2
2024-04-01,Abruzzo,Google Ads,RND_IT_GOOGLE_DISPLAY,44.14,7371,42,0
2024-04-01,Abruzzo,Google Ads,RND_IT_GOOGLE_SEARCH_BRAND,35.32,1189,91,1
2024-04-01,Abruzzo,Google Ads,RND_IT_GOOGLE_SEARCH_GENERICA,98.49,1729,85,3
2024-04-01,Abruzzo,Google Ads,RND_IT_GOOGLE_SEARCH_LOCALE,48.24,996,49,2
2024-04-01,Abruzzo,Google Ads,RND_IT_GOOGLE_VIDEO_YOUTUBE,30.88,3409,32,0
2024-04-01,Basilicata,Google Ads,RND_IT_GOOGLE_DISPLAY,14.12,2318,16,0
2024-04-01,Basilicata,Google Ads,RND_IT_GOOGLE_SEARCH_BRAND,25.86,854,64,1
2024-04-01,Basilicata,Google Ads,RND_IT_GOOGLE_SEARCH_GENERICA,43.93,824,42,1
2024-04-01,Basilicata,Google Ads,RND_IT_GOOGLE_SEARCH_LOCALE,24.08,504,21,1
2024-04-01,Basilicata,Google Ads,RND_IT_GOOGLE_VIDEO_YOUTUBE,9.15,1024,9,0
2024-04-01,Calabria,Google Ads,RND_IT_GOOGLE_DISPLAY,64.30,10605,65,1
2024-04-01,Calabria,Google Ads,RND_IT_GOOGLE_SEARCH_BRAND,71.47,2304,183,4
2024-04-01,Calabria,Google Ads,RND_IT_GOOGLE_SEARCH_GENERICA,146.21,2614,131,7
2024-04-01,Calabria,Google Ads,RND_IT_GOOGLE_SEARCH_LOCALE,68.80,1394,59,4
2024-04-01,Calabria,Google Ads,RND_IT_GOOGLE_VIDEO_YOUTUBE,63.25,6948,54,2
2024-04-01,Campania,Google Ads,RND_IT_GOOGLE_DISPLAY,228.78,36012,219,3
2024-04-01,Campania,Google Ads,RND_IT_GOOGLE_SEARCH_BRAND,198.19,6738,527,9
2024-04-01,Campania,Google Ads,RND_IT_GOOGLE_SEARCH_GENERICA,601.56,10146,569,27
2024-04-01,Campania,Google Ads,RND_IT_GOOGLE_SEARCH_LOCALE,267.29,5580,249,16
2024-04-01,Campania,Google Ads,RND_IT_GOOGLE_VIDEO_YOUTUBE,128.32,14713,128,3
2024-04-01,Emilia-Romagna,Google Ads,RND_IT_GOOGLE_DISPLAY,202.62,34612,214,4
2024-04-01,Emilia-Romagna,Google Ads,RND_IT_GOOGLE_SEARCH_BRAND,208.22,6943,412,13
2024-04-01,Emilia-Romagna,Google Ads,RND_IT_GOOGLE_SEARCH_GENERICA,254.78,4878,208,17
2024-04-01,Emilia-Romagna,Google Ads,RND_IT_GOOGLE_SEARCH_LOCALE,129.48,2558,106,11
2024-04-01,Emilia-Romagna,Google Ads,RND_IT_GOOGLE_VIDEO_YOUTUBE,80.59,8952,70,3
2024-04-01,Friuli-Venezia Giulia,Google Ads,RND_IT_GOOGLE_DISPLAY,59.99,10088,53,1
2024-04-01,Friuli-Venezia Giulia,Google Ads,RND_IT_GOOGLE_SEARCH_BRAND,41.23,1411,110,3
2024-04-01,Friuli-Venezia Giulia,Google Ads,RND_IT_GOOGLE_SEARCH_GENERICA,71.98,1277,66,5
2024-04-01,Friuli-Venezia Giulia,Google Ads,RND_IT_GOOGLE_SEARCH_LOCALE,36.39,746,33,3
2024-04-01,Friuli-Venezia Giulia,Google Ads,RND_IT_GOOGLE_VIDEO_YOUTUBE,20.15,2256,18,1
2024-04-01,Lazio,Google Ads,RND_IT_GOOGLE_DISPLAY,223.37,34652,199,4
2024-04-01,Lazio,Google Ads,RND_IT_GOOGLE_SEARCH_BRAND,159.01,5426,378,10
2024-04-01,Lazio,Google Ads,RND_IT_GOOGLE_SEARCH_GENERICA,542.68,9794,465,29
2024-04-01,Lazio,Google Ads,RND_IT_GOOGLE_SEARCH_LOCALE,390.37,8105,383,32
2024-04-01,Lazio,Google Ads,RND_IT_GOOGLE_VIDEO_YOUTUBE,106.35,11527,89,3
2024-04-01,Liguria,Google Ads,RND_IT_GOOGLE_DISPLAY,41.78,7129,44,1
2024-04-01,Liguria,Google Ads,RND_IT_GOOGLE_SEARCH_BRAND,51.42,1641,111,4
2024-04-01,Liguria,Google Ads,RND_IT_GOOGLE_SEARCH_GENERICA,114.01,2175,91,9
2024-04-01,Liguria,Google Ads,RND_IT_GOOGLE_SEARCH_LOCALE,71.43,1530,62,7
2024-04-01,Liguria,Google Ads,RND_IT_GOOGLE_VIDEO_YOUTUBE,28.68,3289,26,1
2024-04-01,Lombardia,Google Ads,RND_IT_GOOGLE_DISPLAY,525.30,87410,524,9
2024-04-01,Lombardia,Google Ads,RND_IT_GOOGLE_SEARCH_BRAND,380.51,12138,898,22
2024-04-01,Lombardia,Google Ads,RND_IT_GOOGLE_SEARCH_GENERICA,808.39,14635,713,44
2024-04-01,Lombardia,Google Ads,RND_IT_GOOGLE_SEARCH_LOCALE,392.58,8451,388,28
2024-04-01,Lombardia,Google Ads,RND_IT_GOOGLE_VIDEO_YOUTUBE,288.03,33385,262,7
2024-04-01,Marche,Google Ads,RND_IT_GOOGLE_DISPLAY,39.51,6401,44,1
2024-04-01,Marche,Google Ads,RND_IT_GOOGLE_SEARCH_BRAND,68.45,2230,172,3
2024-04-01,Marche,Google Ads,RND_IT_GOOGLE_SEARCH_GENERICA,95.82,1734,98,4
2024-04-01,Marche,Google Ads,RND_IT_GOOGLE_SEARCH_LOCALE,55.74,1128,55,4
2024-04-01,Marche,Google Ads,RND_IT_GOOGLE_VIDEO_YOUTUBE,35.31,3763,29,1
2024-04-01,Molise,Google Ads,RND_IT_GOOGLE_DISPLAY,13.76,2223,13,0
2024-04-01,Molise,Google Ads,RND_IT_GOOGLE_SEARCH_BRAND,6.84,221,15,0
2024-04-01,Molise,Google Ads,RND_IT_GOOGLE_SEARCH_GENERICA,39.43,690,33,2
2024-04-01,Molise,Google Ads,RND_IT_GOOGLE_SEARCH_LOCALE,17.15,380,18,1
2024-04-01,Molise,Google Ads,RND_IT_GOOGLE_VIDEO_YOUTUBE,9.08,1022,8,0
2024-04-01,Piemonte,Google Ads,RND_IT_GOOGLE_DISPLAY,156.53,25549,163,2
2024-04-01,Piemonte,Google Ads,RND_IT_GOOGLE_SEARCH_BRAND,117.63,4010,316,5
2024-04-01,Piemonte,Google Ads,RND_IT_GOOGLE_SEARCH_GENERICA,704.38,12179,643,26
2024-04-01,Piemonte,Google Ads,RND_IT_GOOGLE_SEARCH_LOCALE,237.45,4969,222,11
2024-04-01,Piemonte,Google Ads,RND_IT_GOOGLE_VIDEO_YOUTUBE,106.98,11848,91,2
2024-04-01,Puglia,Google Ads,RND_IT_GOOGLE_DISPLAY,182.66,29593,188,2
2024-04-01,Puglia,Google Ads,RND_IT_GOOGLE_SEARCH_BRAND,112.71,3796,300,4
2024-04-01,Puglia,Google Ads,RND_IT_GOOGLE_SEARCH_GENERICA,297.85,5389,292,13
2024-04-01,Puglia,Google Ads,RND_IT_GOOGLE_SEARCH_LOCALE,217.84,4571,196,12
2024-04-01,Puglia,Google Ads,RND_IT_GOOGLE_VIDEO_YOUTUBE,106.22,11902,99,2
2024-04-01,Sardegna,Google Ads,RND_IT_GOOGLE_DISPLAY,52.19,8491,51,1
2024-04-01,Sardegna,Google Ads,RND_IT_GOOGLE_SEARCH_BRAND,56.95,1961,148,3
2024-04-01,Sardegna,Google Ads,RND_IT_GOOGLE_SEARCH_GENERICA,124.88,2295,115,6
2024-04-01,Sardegna,Google Ads,RND_IT_GOOGLE_SEARCH_LOCALE,64.66,1282,61,4
2024-04-01,Sardegna,Google Ads,RND_IT_GOOGLE_VIDEO_YOUTUBE,28.81,3245,25,1
2024-04-01,Sicilia,Google Ads,RND_IT_GOOGLE_DISPLAY,180.94,31695,194,3
2024-04-01,Sicilia,Google Ads,RND_IT_GOOGLE_SEARCH_BRAND,134.21,4527,319,8
2024-04-01,Sicilia,Google Ads,RND_IT_GOOGLE_SEARCH_GENERICA,494.50,9073,457,31
2024-04-01,Sicilia,Google Ads,RND_IT_GOOGLE_SEARCH_LOCALE,228.28,4667,193,19
2024-04-01,Sicilia,Google Ads,RND_IT_GOOGLE_VIDEO_YOUTUBE,83.77,8684,61,3
2024-04-01,Toscana,Google Ads,RND_IT_GOOGLE_DISPLAY,121.21,20427,120,2
2024-04-01,Toscana,Google Ads,RND_IT_GOOGLE_SEARCH_BRAND,116.80,3918,274,8
2024-04-01,Toscana,Google Ads,RND_IT_GOOGLE_SEARCH_GENERICA,184.37,3304,145,12
2024-04-01,Toscana,Google Ads,RND_IT_GOOGLE_SEARCH_LOCALE,198.76,4271,195,16
2024-04-01,Toscana,Google Ads,RND_IT_GOOGLE_VIDEO_YOUTUBE,81.90,9307,78,2
2024-04-01,Trentino-Alto Adige,Google Ads,RND_IT_GOOGLE_DISPLAY,42.40,7498,39,1
2024-04-01,Trentino-Alto Adige,Google Ads,RND_IT_GOOGLE_SEARCH_BRAND,34.50,1192,96,2
2024-04-01,Trentino-Alto Adige,Google Ads,RND_IT_GOOGLE_SEARCH_GENERICA,61.53,1119,53,3
2024-04-01,Trentino-Alto Adige,Google Ads,RND_IT_GOOGLE_SEARCH_LOCALE,42.27,885,40,3
2024-04-01,Trentino-Alto Adige,Google Ads,RND_IT_GOOGLE_VIDEO_YOUTUBE,22.41,2573,21,1
2024-04-01,Umbria,Google Ads,RND_IT_GOOGLE_DISPLAY,25.28,4242,26,0
2024-04-01,Umbria,Google Ads,RND_IT_GOOGLE_SEARCH_BRAND,38.42,1299,87,2
2024-04-01,Umbria,Google Ads,RND_IT_GOOGLE_SEARCH_GENERICA,74.93,1287,68,3
2024-04-01,Umbria,Google Ads,RND_IT_GOOGLE_SEARCH_LOCALE,34.60,723,35,2
2024-04-01,Umbria,Google Ads,RND_IT_GOOGLE_VIDEO_YOUTUBE,14.32,1649,15,0
2024-04-01,Valle d'Aosta,Google Ads,RND_IT_GOOGLE_DISPLAY,4.45,755,5,0
2024-04-01,Valle d'Aosta,Google Ads,RND_IT_GOOGLE_SEARCH_BRAND,5.81,194,16,0
2024-04-01,Valle d'Aosta,Google Ads,RND_IT_GOOGLE_SEARCH_GENERICA,8.80,162,8,0
2024-04-01,Valle d'Aosta,Google Ads,RND_IT_GOOGLE_SEARCH_LOCALE,5.18,109,5,0
2024-04-01,Valle d'Aosta,Google Ads,RND_IT_GOOGLE_VIDEO_YOUTUBE,3.01,325,3,0
2024-04-01,Veneto,Google Ads,RND_IT_GOOGLE_DISPLAY,127.90,20753,130,1
2024-04-01,Veneto,Google Ads,RND_IT_GOOGLE_SEARCH_BRAND,158.41,5515,409,5
2024-04-01,Veneto,Google Ads,RND_IT_GOOGLE_SEARCH_GENERICA,465.87,8511,437,15
2024-04-01,Veneto,Google Ads,RND_IT_GOOGLE_SEARCH_LOCALE,258.06,5143,223,10
2024-04-01,Veneto,Google Ads,RND_IT_GOOGLE_VIDEO_YOUTUBE,113.09,12554,102,2
2024-04-08,Abruzzo,Google Ads,RND_IT_GOOGLE_DISPLAY,56.59,9385,57,0
2024-04-08,Abruzzo,Google Ads,RND_IT_GOOGLE_SEARCH_BRAND,48.25,1614,120,1
2024-04-08,Abruzzo,Google Ads,RND_IT_GOOGLE_SEARCH_GENERICA,117.02,2254,114,3
2024-04-08,Abruzzo,Google Ads,RND_IT_GOOGLE_SEARCH_LOCALE,66.49,1381,57,2
2024-04-08,Abruzzo,Google Ads,RND_IT_GOOGLE_VIDEO_YOUTUBE,41.17,4500,37,1
2024-04-08,Basilicata,Google Ads,RND_IT_GOOGLE_DISPLAY,19.34,3216,21,0
2024-04-08,Basilicata,Google Ads,RND_IT_GOOGLE_SEARCH_BRAND,33.27,1099,73,1
2024-04-08,Basilicata,Google Ads,RND_IT_GOOGLE_SEARCH_GENERICA,59.71,1086,63,2
2024-04-08,Basilicata,Google Ads,RND_IT_GOOGLE_SEARCH_LOCALE,30.76,668,31,1
2024-04-08,Basilicata,Google Ads,RND_IT_GOOGLE_VIDEO_YOUTUBE,10.34,1083,9,0
2024-04-08,Calabria,Google Ads,RND_IT_GOOGLE_DISPLAY,99.21,16843,95,2
2024-04-08,Calabria,Google Ads,RND_IT_GOOGLE_SEARCH_BRAND,103.51,3364,250,5
2024-04-08,Calabria,Google Ads,RND_IT_GOOGLE_SEARCH_GENERICA,162.69,2874,139,9
2024-04-08,Calabria,Google Ads,RND_IT_GOOGLE_SEARCH_LOCALE,76.18,1639,72,4
2024-04-08,Calabria,Google Ads,RND_IT_GOOGLE_VIDEO_YOUTUBE,66.42,7243,62,2
2024-04-08,Campania,Google Ads,RND_IT_GOOGLE_DISPLAY,326.70,54369,360,5
2024-04-08,Campania,Google Ads,RND_IT_GOOGLE_SEARCH_BRAND,230.76,7854,614,14
2024-04-08,Campania,Google Ads,RND_IT_GOOGLE_SEARCH_GENERICA,658.17,11948,665,37
2024-04-08,Campania,Google Ads,RND_IT_GOOGLE_SEARCH_LOCALE,344.88,7158,303,23
2024-04-08,Campania,Google Ads,RND_IT_GOOGLE_VIDEO_YOUTUBE,144.74,15559,127,4
2024-04-08,Emilia-Romagna,Google Ads,RND_IT_GOOGLE_DISPLAY,261.93,44115,246,5
2024-04-08,Emilia-Romagna,Google Ads,RND_IT_GOOGLE_SEARCH_BRAND,250.54,8661,589,18
2024-04-08,Emilia-Romagna,Google Ads,RND_IT_GOOGLE_SEARCH_GENERICA,348.36,6272,317,24
2024-04-08,Emilia-Romagna,Google Ads,RND_IT_GOOGLE_SEARCH_LOCALE,172.72,3767,160,14
2024-04-08,Emilia-Romagna,Google Ads,RND_IT_GOOGLE_VIDEO_YOUTUBE,106.16,11914,95,3
2024-04-08,Friuli-Venezia Giulia,Google Ads,RND_IT_GOOGLE_DISPLAY,71.15,11970,71,2
2024-04-08,Friuli-Venezia Giulia,Google Ads,RND_IT_GOOGLE_SEARCH_BRAND,45.27,1507,117,3
2024-04-08,Friuli-Venezia Giulia,Google Ads,RND_IT_GOOGLE_SEARCH_GENERICA,80.00,1474,82,6
2024-04-08,Friuli-Venezia Giulia,Google Ads,RND_IT_GOOGLE_SEARCH_LOCALE,44.55,893,42,4
2024-04-08,Friuli-Venezia Giulia,Google Ads,RND_IT_GOOGLE_VIDEO_YOUTUBE,25.74,2720,23,1
2024-04-08,Lazio,Google Ads,RND_IT_GOOGLE_DISPLAY,279.43,46148,290,5
2024-04-08,Lazio,Google Ads,RND_IT_GOOGLE_SEARCH_BRAND,203.76,7059,533,13
2024-04-08,Lazio,Google Ads,RND_IT_GOOGLE_SEARCH_GENERICA,700.64,12749,583,40
2024-04-08,Lazio,Google Ads,RND_IT_GOOGLE_SEARCH_LOCALE,488.27,9876,410,29
2024-04-08,Lazio,Google Ads,RND_IT_GOOGLE_VIDEO_YOUTUBE,138.06,14890,118,4
2024-04-08,Liguria,Google Ads,RND_IT_GOOGLE_DISPLAY,48.21,7937,46,1
2024-04-08,Liguria,Google Ads,RND_IT_GOOGLE_SEARCH_BRAND,58.72,1842,132,4
2024-04-08,Liguria,Google Ads,RND_IT_GOOGLE_SEARCH_GENERICA,149.03,2607,132,11
2024-04-08,Liguria,Google Ads,RND_IT_GOOGLE_SEARCH_LOCALE,95.57,2102,88,9
2024-04-08,Liguria,Google Ads,RND_IT_GOOGLE_VIDEO_YOUTUBE,40.83,4466,33,2
2024-04-08,Lombardia,Google Ads,RND_IT_GOOGLE_DISPLAY,513.64,83888,530,7
2024-04-08,Lombardia,Google Ads,RND_IT_GOOGLE_SEARCH_BRAND,506.59,16858,1340,28
2024-04-08,Lombardia,Google Ads,RND_IT_GOOGLE_SEARCH_GENERICA,1116.30,19300,938,50
2024-04-08,Lombardia,Google Ads,RND_IT_GOOGLE_SEARCH_LOCALE,502.40,10648,509,27
2024-04-08,Lombardia,Google Ads,RND_IT_GOOGLE_VIDEO_YOUTUBE,363.64,41338,296,8
2024-04-08,Marche,Google Ads,RND_IT_GOOGLE_DISPLAY,44.45,7649,45,1
2024-04-08,Marche,Google Ads,RND_IT_GOOGLE_SEARCH_BRAND,91.91,3060,194,5
2024-04-08,Marche,Google Ads,RND_IT_GOOGLE_SEARCH_GENERICA,108.40,1986,100,5
2024-04-08,Marche,Google Ads,RND_IT_GOOGLE_SEARCH_LOCALE,70.67,1460,65,5
2024-04-08,Marche,Google Ads,RND_IT_GOOGLE_VIDEO_YOUTUBE,43.49,5234,41,1
2024-04-08,Molise,Google Ads,RND_IT_GOOGLE_DISPLAY,21.10,3486,21,0
2024-04-08,Molise,Google Ads,RND_IT_GOOGLE_SEARCH_BRAND,9.00,294,23,1
2024-04-08,Molise,Google Ads,RND_IT_GOOGLE_SEARCH_GENERICA,41.14,779,42,2
2024-04-08,Molise,Google Ads,RND_IT_GOOGLE_SEARCH_LOCALE,26.73,556,27,2
2024-04-08,Molise,Google Ads,RND_IT_GOOGLE_VIDEO_YOUTUBE,9.90,1110,9,0
2024-04-08,Piemonte,Google Ads,RND_IT_GOOGLE_DISPLAY,232.77,39178,232,3
2024-04-08,Piemonte,Google Ads,RND_IT_GOOGLE_SEARCH_BRAND,168.83,6030,504,7
2024-04-08,Piemonte,Google Ads,RND_IT_GOOGLE_SEARCH_GENERICA,718.00,13086,672,27
2024-04-08,Piemonte,Google Ads,RND_IT_GOOGLE_SEARCH_LOCALE,320.44,6514,286,15
2024-04-08,Piemonte,Google Ads,RND_IT_GOOGLE_VIDEO_YOUTUBE,119.54,12871,121,2
2024-04-08,Puglia,Google Ads,RND_IT_GOOGLE_DISPLAY,250.22,41507,239,3
2024-04-08,Puglia,Google Ads,RND_IT_GOOGLE_SEARCH_BRAND,152.94,5088,420,7
2024-04-08,Puglia,Google Ads,RND_IT_GOOGLE_SEARCH_GENERICA,317.08,5906,321,14
2024-04-08,Puglia,Google Ads,RND_IT_GOOGLE_SEARCH_LOCALE,297.91,6258,282,16
2024-04-08,Puglia,Google Ads,RND_IT_GOOGLE_VIDEO_YOUTUBE,169.13,18410,146,3
2024-04-08,Sardegna,Google Ads,RND_IT_GOOGLE_DISPLAY,68.14,11719,81,1
2024-04-08,Sardegna,Google Ads,RND_IT_GOOGLE_SEARCH_BRAND,79.46,2616,202,5
2024-04-08,Sardegna,Google Ads,RND_IT_GOOGLE_SEARCH_GENERICA,139.19,2608,124,8
2024-04-08,Sardegna,Google Ads,RND_IT_GOOGLE_SEARCH_LOCALE,80.71,1691,77,6
2024-04-08,Sardegna,Google Ads,RND_IT_GOOGLE_VIDEO_YOUTUBE,36.45,4130,33,1
2024-04-08,Sicilia,Google Ads,RND_IT_GOOGLE_DISPLAY,199.00,31188,176,3
2024-04-08,Sicilia,Google Ads,RND_IT_GOOGLE_SEARCH_BRAND,185.16,6177,453,11
2024-04-08,Sicilia,Google Ads,RND_IT_GOOGLE_SEARCH_GENERICA,608.80,11158,526,39
2024-04-08,Sicilia,Google Ads,RND_IT_GOOGLE_SEARCH_LOCALE,253.10,5276,260,19
2024-04-08,Sicilia,Google Ads,RND_IT_GOOGLE_VIDEO_YOUTUBE,96.33,10272,80,3
2024-04-08,Toscana,Google Ads,RND_IT_GOOGLE_DISPLAY,154.02,25903,131,3
2024-04-08,Toscana,Google Ads,RND_IT_GOOGLE_SEARCH_BRAND,146.16,4579,328,10
2024-04-08,Toscana,Google Ads,RND_IT_GOOGLE_SEARCH_GENERICA,245.61,4356,218,15
2024-04-08,Toscana,Google Ads,RND_IT_GOOGLE_SEARCH_LOCALE,264.93,5327,262,24
2024-04-08,Toscana,Google Ads,RND_IT_GOOGLE_VIDEO_YOUTUBE,95.81,10995,92,3
2024-04-08,Trentino-Alto Adige,Google Ads,RND_IT_GOOGLE_DISPLAY,61.55,9872,56,1
2024-04-08,Trentino-Alto Adige,Google Ads,RND_IT_GOOGLE_SEARCH_BRAND,44.69,1456,107,2
2024-04-08,Trentino-Alto Adige,Google Ads,RND_IT_GOOGLE_SEARCH_GENERICA,65.13,1191,59,3
2024-04-08,Trentino-Alto Adige,Google Ads,RND_IT_GOOGLE_SEARCH_LOCALE,53.40,1121,55,3
2024-04-08,Trentino-Alto Adige,Google Ads,RND_IT_GOOGLE_VIDEO_YOUTUBE,27.42,3071,25,1
2024-04-08,Umbria,Google Ads,RND_IT_GOOGLE_DISPLAY,37.05,6247,38,1
2024-04-08,Umbria,Google Ads,RND_IT_GOOGLE_SEARCH_BRAND,55.27,1897,148,3
2024-04-08,Umbria,Google Ads,RND_IT_GOOGLE_SEARCH_GENERICA,98.09,1848,91,5
2024-04-08,Umbria,Google Ads,RND_IT_GOOGLE_SEARCH_LOCALE,41.59,853,37,3
2024-04-08,Umbria,Google Ads,RND_IT_GOOGLE_VIDEO_YOUTUBE,20.20,2236,17,1
2024-04-08,Valle d'Aosta,Google Ads,RND_IT_GOOGLE_DISPLAY,6.69,1110,6,0
2024-04-08,Valle d'Aosta,Google Ads,RND_IT_GOOGLE_SEARCH_BRAND,7.70,252,18,0
2024-04-08,Valle d'Aosta,Google Ads,RND_IT_GOOGLE_SEARCH_GENERICA,11.19,207,10,1
2024-04-08,Valle d'Aosta,Google Ads,RND_IT_GOOGLE_SEARCH_LOCALE,6.05,122,5,0
2024-04-08,Valle d'Aosta,Google Ads,RND_IT_GOOGLE_VIDEO_YOUTUBE,4.11,433,3,0
2024-04-08,Veneto,Google Ads,RND_IT_GOOGLE_DISPLAY,206.60,32907,212,2
2024-04-08,Veneto,Google Ads,RND_IT_GOOGLE_SEARCH_BRAND,191.35,6220,491,7
2024-04-08,Veneto,Google Ads,RND_IT_GOOGLE_SEARCH_GENERICA,566.16,10525,570,20
2024-04-08,Veneto,Google Ads,RND_IT_GOOGLE_SEARCH_LOCALE,283.36,6128,290,11
2024-04-08,Veneto,Google Ads,RND_IT_GOOGLE_VIDEO_YOUTUBE,132.79,15161,118,3
2024-04-15,Abruzzo,Google Ads,RND_IT_GOOGLE_DISPLAY,51.61,8690,56,0
2024-04-15,Abruzzo,Google Ads,RND_IT_GOOGLE_SEARCH_BRAND,46.91,1625,140,2
2024-04-15,Abruzzo,Google Ads,RND_IT_GOOGLE_SEARCH_GENERICA,101.21,1815,88,3
2024-04-15,Abruzzo,Google Ads,RND_IT_GOOGLE_SEARCH_LOCALE,57.92,1285,63,2
2024-04-15,Abruzzo,Google Ads,RND_IT_GOOGLE_VIDEO_YOUTUBE,38.00,4126,31,1
2024-04-15,Basilicata,Google Ads,RND_IT_GOOGLE_DISPLAY,13.45,2256,13,0
2024-04-15,Basilicata,Google Ads,RND_IT_GOOGLE_SEARCH_BRAND,24.93,864,65,1
2024-04-15,Basilicata,Google Ads,RND_IT_GOOGLE_SEARCH_GENERICA,55.02,994,55,1
2024-04-15,Basilicata,Google Ads,RND_IT_GOOGLE_SEARCH_LOCALE,28.59,630,31,1
2024-04-15,Basilicata,Google Ads,RND_IT_GOOGLE_VIDEO_YOUTUBE,10.42,1163,9,0
2024-04-15,Calabria,Google Ads,RND_IT_GOOGLE_DISPLAY,92.59,15324,81,1
2024-04-15,Calabria,Google Ads,RND_IT_GOOGLE_SEARCH_BRAND,97.36,3296,224,5
2024-04-15,Calabria,Google Ads,RND_IT_GOOGLE_SEARCH_GENERICA,144.59,2620,131,8
2024-04-15,Calabria,Google Ads,RND_IT_GOOGLE_SEARCH_LOCALE,69.21,1470,66,4
2024-04-15,Calabria,Google Ads,RND_IT_GOOGLE_VIDEO_YOUTUBE,57.96,6409,52,2
2024-04-15,Campania,Google Ads,RND_IT_GOOGLE_DISPLAY,188.30,31286,171,3
2024-04-15,Campania,Google Ads,RND_IT_GOOGLE_SEARCH_BRAND,230.43,7576,515,11
2024-04-15,Campania,Google Ads,RND_IT_GOOGLE_SEARCH_GENERICA,623.18,11313,591,31
2024-04-15,Campania,Google Ads,RND_IT_GOOGLE_SEARCH_LOCALE,288.10,5954,282,16
2024-04-15,Campania,Google Ads,RND_IT_GOOGLE_VIDEO_YOUTUBE,123.63,13084,101,3
2024-04-15,Emilia-Romagna,Google Ads,RND_IT_GOOGLE_DISPLAY,177.65,29752,178,3
2024-04-15,Emilia-Romagna,Google Ads,RND_IT_GOOGLE_SEARCH_BRAND,233.58,7730,611,16
2024-04-15,Emilia-Romagna,Google Ads,RND_IT_GOOGLE_SEARCH_GENERICA,246.59,4641,241,17
2024-04-15,Emilia-Romagna,Google Ads,RND_IT_GOOGLE_SEARCH_LOCALE,146.23,3040,144,12
2024-04-15,Emilia-Romagna,Google Ads,RND_IT_GOOGLE_VIDEO_YOUTUBE,92.91,10252,90,3
2024-04-15,Friuli-Venezia Giulia,Google Ads,RND_IT_GOOGLE_DISPLAY,52.31,9026,48,1
2024-04-15,Friuli-Venezia Giulia,Google Ads,RND_IT_GOOGLE_SEARCH_BRAND,42.29,1376,103,4
2024-04-15,Friuli-Venezia Giulia,Google Ads,RND_IT_GOOGLE_SEARCH_GENERICA,73.77,1247,59,6
2024-04-15,Friuli-Venezia Giulia,Google Ads,RND_IT_GOOGLE_SEARCH_LOCALE,31.09,656,30,3
2024-04-15,Friuli-Venezia Giulia,Google Ads,RND_IT_GOOGLE_VIDEO_YOUTUBE,24.32,2605,23,1
2024-04-15,Lazio,Google Ads,RND_IT_GOOGLE_DISPLAY,209.07,34516,202,4
2024-04-15,Lazio,Google Ads,RND_IT_GOOGLE_SEARCH_BRAND,165.31,5346,426,10
2024-04-15,Lazio,Google Ads,RND_IT_GOOGLE_SEARCH_GENERICA,545.89,9934,509,32
2024-04-15,Lazio,Google Ads,RND_IT_GOOGLE_SEARCH_LOCALE,348.20,7163,327,27
2024-04-15,Lazio,Google Ads,RND_IT_GOOGLE_VIDEO_YOUTUBE,111.88,12188,96,4
2024-04-15,Liguria,Google Ads,RND_IT_GOOGLE_DISPLAY,34.57,5937,39,1
2024-04-15,Liguria,Google Ads,RND_IT_GOOGLE_SEARCH_BRAND,54.06,1746,126,4
2024-04-15,Liguria,Google Ads,RND_IT_GOOGLE_SEARCH_GENERICA,113.95,2067,117,8
2024-04-15,Liguria,Google Ads,RND_IT_GOOGLE_SEARCH_LOCALE,74.14,1606,73,7
2024-04-15,Liguria,Google Ads,RND_IT_GOOGLE_VIDEO_YOUTUBE,35.30,3973,30,1
2024-04-15,Lombardia,Google Ads,RND_IT_GOOGLE_DISPLAY,361.08,60113,369,5
2024-04-15,Lombardia,Google Ads,RND_IT_GOOGLE_SEARCH_BRAND,430.96,14099,1119,22
2024-04-15,Lombardia,Google Ads,RND_IT_GOOGLE_SEARCH_GENERICA,984.83,17169,874,44
2024-04-15,Lombardia,Google Ads,RND_IT_GOOGLE_SEARCH_LOCALE,398.29,7791,331,23
2024-04-15,Lombardia,Google Ads,RND_IT_GOOGLE_VIDEO_YOUTUBE,307.34,34869,278,8
2024-04-15,Marche,Google Ads,RND_IT_GOOGLE_DISPLAY,41.69,7219,43,1
2024-04-15,Marche,Google Ads,RND_IT_GOOGLE_SEARCH_BRAND,75.34,2433,180,4
2024-04-15,Marche,Google Ads,RND_IT_GOOGLE_SEARCH_GENERICA,100.26,1860,99,6
2024-04-15,Marche,Google Ads,RND_IT_GOOGLE_SEARCH_LOCALE,62.99,1301,56,4
2024-04-15,Marche,Google Ads,RND_IT_GOOGLE_VIDEO_YOUTUBE,35.15,3904,31,1
2024-04-15,Molise,Google Ads,RND_IT_GOOGLE_DISPLAY,13.84,2290,13,0
2024-04-15,Molise,Google Ads,RND_IT_GOOGLE_SEARCH_BRAND,8.78,279,20,1
2024-04-15,Molise,Google Ads,RND_IT_GOOGLE_SEARCH_GENERICA,35.86,638,33,2
2024-04-15,Molise,Google Ads,RND_IT_GOOGLE_SEARCH_LOCALE,23.12,493,21,2
2024-04-15,Molise,Google Ads,RND_IT_GOOGLE_VIDEO_YOUTUBE,8.59,929,7,0
2024-04-15,Piemonte,Google Ads,RND_IT_GOOGLE_DISPLAY,136.67,22324,136,2
2024-04-15,Piemonte,Google Ads,RND_IT_GOOGLE_SEARCH_BRAND,139.05,4666,340,6
2024-04-15,Piemonte,Google Ads,RND_IT_GOOGLE_SEARCH_GENERICA,551.23,9915,506,25
2024-04-15,Piemonte,Google Ads,RND_IT_GOOGLE_SEARCH_LOCALE,252.37,5124,205,12
2024-04-15,Piemonte,Google Ads,RND_IT_GOOGLE_VIDEO_YOUTUBE,113.57,12373,96,3
2024-04-15,Puglia,Google Ads,RND_IT_GOOGLE_DISPLAY,201.68,32507,192,3
2024-04-15,Puglia,Google Ads,RND_IT_GOOGLE_SEARCH_BRAND,127.49,4280,294,6
2024-04-15,Puglia,Google Ads,RND_IT_GOOGLE_SEARCH_GENERICA,262.80,5043,255,11
2024-04-15,Puglia,Google Ads,RND_IT_GOOGLE_SEARCH_LOCALE,283.95,5873,267,16
2024-04-15,Puglia,Google Ads,RND_IT_GOOGLE_VIDEO_YOUTUBE,145.49,15844,117,4
2024-04-15,Sardegna,Google Ads,RND_IT_GOOGLE_DISPLAY,53.21,8860,54,1
2024-04-15,Sardegna,Google Ads,RND_IT_GOOGLE_SEARCH_BRAND,58.04,2033,174,4
2024-04-15,Sardegna,Google Ads,RND_IT_GOOGLE_SEARCH_GENERICA,136.95,2566,133,7
2024-04-15,Sardegna,Google Ads,RND_IT_GOOGLE_SEARCH_LOCALE,63.12,1338,60,5
2024-04-15,Sardegna,Google Ads,RND_IT_GOOGLE_VIDEO_YOUTUBE,39.59,4117,33,1
2024-04-15,Sicilia,Google Ads,RND_IT_GOOGLE_DISPLAY,163.17,26548,167,3
2024-04-15,Sicilia,Google Ads,RND_IT_GOOGLE_SEARCH_BRAND,138.62,4528,337,9
2024-04-15,Sicilia,Google Ads,RND_IT_GOOGLE_SEARCH_GENERICA,507.23,9381,494,29
2024-04-15,Sicilia,Google Ads,RND_IT_GOOGLE_SEARCH_LOCALE,218.80,4766,226,18
2024-04-15,Sicilia,Google Ads,RND_IT_GOOGLE_VIDEO_YOUTUBE,81.10,9031,70,3
2024-04-15,Toscana,Google Ads,RND_IT_GOOGLE_DISPLAY,112.24,19495,124,2
2024-04-15,Toscana,Google Ads,RND_IT_GOOGLE_SEARCH_BRAND,107.27,3607,283,7
2024-04-15,Toscana,Google Ads,RND_IT_GOOGLE_SEARCH_GENERICA,188.04,3458,157,13
2024-04-15,Toscana,Google Ads,RND_IT_GOOGLE_SEARCH_LOCALE,210.13,4208,206,16
2024-04-15,Toscana,Google Ads,RND_IT_GOOGLE_VIDEO_YOUTUBE,82.53,8712,68,3
2024-04-15,Trentino-Alto Adige,Google Ads,RND_IT_GOOGLE_DISPLAY,38.79,6296,38,1
2024-04-15,Trentino-Alto Adige,Google Ads,RND_IT_GOOGLE_SEARCH_BRAND,40.71,1370,99,2
2024-04-15,Trentino-Alto Adige,Google Ads,RND_IT_GOOGLE_SEARCH_GENERICA,55.36,1002,51,3
2024-04-15,Trentino-Alto Adige,Google Ads,RND_IT_GOOGLE_SEARCH_LOCALE,50.30,1005,49,3
2024-04-15,Trentino-Alto Adige,Google Ads,RND_IT_GOOGLE_VIDEO_YOUTUBE,23.51,2618,21,1
2024-04-15,Umbria,Google Ads,RND_IT_GOOGLE_DISPLAY,26.46,4319,27,0
2024-04-15,Umbria,Google Ads,RND_IT_GOOGLE_SEARCH_BRAND,52.93,1751,122,3
2024-04-15,Umbria,Google Ads,RND_IT_GOOGLE_SEARCH_GENERICA,69.14,1333,66,4
2024-04-15,Umbria,Google Ads,RND_IT_GOOGLE_SEARCH_LOCALE,37.07,750,37,3
2024-04-15,Umbria,Google Ads,RND_IT_GOOGLE_VIDEO_YOUTUBE,18.54,1970,16,1
2024-04-15,Valle d'Aosta,Google Ads,RND_IT_GOOGLE_DISPLAY,4.22,715,4,0
2024-04-15,Valle d'Aosta,Google Ads,RND_IT_GOOGLE_SEARCH_BRAND,7.20,245,18,0
2024-04-15,Valle d'Aosta,Google Ads,RND_IT_GOOGLE_SEARCH_GENERICA,9.39,175,8,1
2024-04-15,Valle d'Aosta,Google Ads,RND_IT_GOOGLE_SEARCH_LOCALE,5.14,102,4,0
2024-04-15,Valle d'Aosta,Google Ads,RND_IT_GOOGLE_VIDEO_YOUTUBE,3.96,424,3,0
2024-04-15,Veneto,Google Ads,RND_IT_GOOGLE_DISPLAY,153.13,26430,171,2
2024-04-15,Veneto,Google Ads,RND_IT_GOOGLE_SEARCH_BRAND,150.01,5117,413,7
2024-04-15,Veneto,Google Ads,RND_IT_GOOGLE_SEARCH_GENERICA,408.66,7263,396,16
2024-04-15,Veneto,Google Ads,RND_IT_GOOGLE_SEARCH_LOCALE,209.69,4176,169,10
2024-04-15,Veneto,Google Ads,RND_IT_GOOGLE_VIDEO_YOUTUBE,117.43,13310,104,2
2024-04-22,Abruzzo,Google Ads,RND_IT_GOOGLE_DISPLAY,45.03,7670,43,0
2024-04-22,Abruzzo,Google Ads,RND_IT_GOOGLE_SEARCH_BRAND,47.08,1585,115,1
2024-04-22,Abruzzo,Google Ads,RND_IT_GOOGLE_SEARCH_GENERICA,82.49,1437,68,2
2024-04-22,Abruzzo,Google Ads,RND_IT_GOOGLE_SEARCH_LOCALE,43.70,884,42,2
2024-04-22,Abruzzo,Google Ads,RND_IT_GOOGLE_VIDEO_YOUTUBE,24.37,2709,22,0
2024-04-22,Basilicata,Google Ads,RND_IT_GOOGLE_DISPLAY,13.00,2236,13,0
2024-04-22,Basilicata,Google Ads,RND_IT_GOOGLE_SEARCH_BRAND,27.04,894,63,1
2024-04-22,Basilicata,Google Ads,RND_IT_GOOGLE_SEARCH_GENERICA,54.68,1011,46,1
2024-04-22,Basilicata,Google Ads,RND_IT_GOOGLE_SEARCH_LOCALE,28.16,608,30,1
2024-04-22,Basilicata,Google Ads,RND_IT_GOOGLE_VIDEO_YOUTUBE,7.63,800,6,0
2024-04-22,Calabria,Google Ads,RND_IT_GOOGLE_DISPLAY,70.18,11669,76,1
2024-04-22,Calabria,Google Ads,RND_IT_GOOGLE_SEARCH_BRAND,79.53,2622,199,5
2024-04-22,Calabria,Google Ads,RND_IT_GOOGLE_SEARCH_GENERICA,114.29,2075,110,6
2024-04-22,Calabria,Google Ads,RND_IT_GOOGLE_SEARCH_LOCALE,52.04,1074,54,4
2024-04-22,Calabria,Google Ads,RND_IT_GOOGLE_VIDEO_YOUTUBE,47.71,5212,39,1
2024-04-22,Campania,Google Ads,RND_IT_GOOGLE_DISPLAY,184.16,30632,178,2
2024-04-22,Campania,Google Ads,RND_IT_GOOGLE_SEARCH_BRAND,213.68,6831,530,11
2024-04-22,Campania,Google Ads,RND_IT_GOOGLE_SEARCH_GENERICA,583.03,10146,457,26
2024-04-22,Campania,Google Ads,RND_IT_GOOGLE_SEARCH_LOCALE,292.20,6093,284,16
2024-04-22,Campania,Google Ads,RND_IT_GOOGLE_VIDEO_YOUTUBE,107.08,11991,90,3
2024-04-22,Emilia-Romagna,Google Ads,RND_IT_GOOGLE_DISPLAY,145.10,25642,139,3
2024-04-22,Emilia-Romagna,Google Ads,RND_IT_GOOGLE_SEARCH_BRAND,182.15,5925,495,11
2024-04-22,Emilia-Romagna,Google Ads,RND_IT_GOOGLE_SEARCH_GENERICA,277.66,5113,221,20
2024-04-22,Emilia-Romagna,Google Ads,RND_IT_GOOGLE_SEARCH_LOCALE,146.59,2966,115,10
2024-04-22,Emilia-Romagna,Google Ads,RND_IT_GOOGLE_VIDEO_YOUTUBE,59.50,6488,49,2
2024-04-22,Friuli-Venezia Giulia,Google Ads,RND_IT_GOOGLE_DISPLAY,48.85,8555,50,1
2024-04-22,Friuli-Venezia Giulia,Google Ads,RND_IT_GOOGLE_SEARCH_BRAND,41.61,1361,105,3
2024-04-22,Friuli-Venezia Giulia,Google Ads,RND_IT_GOOGLE_SEARCH_GENERICA,78.24,1411,75,6
2024-04-22,Friuli-Venezia Giulia,Google Ads,RND_IT_GOOGLE_SEARCH_LOCALE,28.30,601,28,3
2024-04-22,Friuli-Venezia Giulia,Google Ads,RND_IT_GOOGLE_VIDEO_YOUTUBE,16.00,1760,13,1
2024-04-22,Lazio,Google Ads,RND_IT_GOOGLE_DISPLAY,185.54,31585,208,4
2024-04-22,Lazio,Google Ads,RND_IT_GOOGLE_SEARCH_BRAND,136.21,4387,344,10
2024-04-22,Lazio,Google Ads,RND_IT_GOOGLE_SEARCH_GENERICA,466.76,8622,436,32
2024-04-22,Lazio,Google Ads,RND_IT_GOOGLE_SEARCH_LOCALE,297.30,6542,306,26
2024-04-22,Lazio,Google Ads,RND_IT_GOOGLE_VIDEO_YOUTUBE,103.59,11595,82,4
2024-04-22,Liguria,Google Ads,RND_IT_GOOGLE_DISPLAY,27.85,4796,24,1
2024-04-22,Liguria,Google Ads,RND_IT_GOOGLE_SEARCH_BRAND,49.83,1683,133,4
2024-04-22,Liguria,Google Ads,RND_IT_GOOGLE_SEARCH_GENERICA,88.38,1628,84,6
2024-04-22,Liguria,Google Ads,RND_IT_GOOGLE_SEARCH_LOCALE,81.11,1645,81,7
2024-04-22,Liguria,Google Ads,RND_IT_GOOGLE_VIDEO_YOUTUBE,23.96,2666,22,1
2024-04-22,Lombardia,Google Ads,RND_IT_GOOGLE_DISPLAY,336.56,57537,348,5
2024-04-22,Lombardia,Google Ads,RND_IT_GOOGLE_SEARCH_BRAND,353.77,12216,842,18
2024-04-22,Lombardia,Google Ads,RND_IT_GOOGLE_SEARCH_GENERICA,762.32,13607,659,34
2024-04-22,Lombardia,Google Ads,RND_IT_GOOGLE_SEARCH_LOCALE,427.56,9368,464,25
2024-04-22,Lombardia,Google Ads,RND_IT_GOOGLE_VIDEO_YOUTUBE,211.20,22768,198,5
2024-04-22,Marche,Google Ads,RND_IT_GOOGLE_DISPLAY,37.62,6044,35,1
2024-04-22,Marche,Google Ads,RND_IT_GOOGLE_SEARCH_BRAND,69.83,2264,158,4
2024-04-22,Marche,Google Ads,RND_IT_GOOGLE_SEARCH_GENERICA,85.88,1591,72,4
2024-04-22,Marche,Google Ads,RND_IT_GOOGLE_SEARCH_LOCALE,55.91,1177,56,4
2024-04-22,Marche,Google Ads,RND_IT_GOOGLE_VIDEO_YOUTUBE,30.78,3422,28,1
2024-04-22,Molise,Google Ads,RND_IT_GOOGLE_DISPLAY,11.90,1981,12,0
2024-04-22,Molise,Google Ads,RND_IT_GOOGLE_SEARCH_BRAND,8.90,299,21,1
2024-04-22,Molise,Google Ads,RND_IT_GOOGLE_SEARCH_GENERICA,29.55,529,24,2
2024-04-22,Molise,Google Ads,RND_IT_GOOGLE_SEARCH_LOCALE,19.64,409,18,1
2024-04-22,Molise,Google Ads,RND_IT_GOOGLE_VIDEO_YOUTUBE,6.89,759,6,0
2024-04-22,Piemonte,Google Ads,RND_IT_GOOGLE_DISPLAY,105.59,18389,108,1
2024-04-22,Piemonte,Google Ads,RND_IT_GOOGLE_SEARCH_BRAND,122.87,3969,270,6
2024-04-22,Piemonte,Google Ads,RND_IT_GOOGLE_SEARCH_GENERICA,443.15,7953,390,19
2024-04-22,Piemonte,Google Ads,RND_IT_GOOGLE_SEARCH_LOCALE,205.80,4339,181,10
2024-04-22,Piemonte,Google Ads,RND_IT_GOOGLE_VIDEO_YOUTUBE,81.66,9543,67,2
2024-04-22,Puglia,Google Ads,RND_IT_GOOGLE_DISPLAY,159.92,27229,174,2
2024-04-22,Puglia,Google Ads,RND_IT_GOOGLE_SEARCH_BRAND,110.26,3642,288,5
2024-04-22,Puglia,Google Ads,RND_IT_GOOGLE_SEARCH_GENERICA,242.37,4336,198,11
2024-04-22,Puglia,Google Ads,RND_IT_GOOGLE_SEARCH_LOCALE,241.46,5089,238,12
2024-04-22,Puglia,Google Ads,RND_IT_GOOGLE_VIDEO_YOUTUBE,121.58,13468,109,3
2024-04-22,Sardegna,Google Ads,RND_IT_GOOGLE_DISPLAY,46.53,7740,47,1
2024-04-22,Sardegna,Google Ads,RND_IT_GOOGLE_SEARCH_BRAND,44.45,1451,111,3
2024-04-22,Sardegna,Google Ads,RND_IT_GOOGLE_SEARCH_GENERICA,119.97,2255,115,5
2024-04-22,Sardegna,Google Ads,RND_IT_GOOGLE_SEARCH_LOCALE,54.43,1197,51,4
2024-04-22,Sardegna,Google Ads,RND_IT_GOOGLE_VIDEO_YOUTUBE,25.91,2890,21,1
2024-04-22,Sicilia,Google Ads,RND_IT_GOOGLE_DISPLAY,125.65,21889,141,2
2024-04-22,Sicilia,Google Ads,RND_IT_GOOGLE_SEARCH_BRAND,127.57,4329,326,8
2024-04-22,Sicilia,Google Ads,RND_IT_GOOGLE_SEARCH_GENERICA,457.09,8241,399,33
2024-04-22,Sicilia,Google Ads,RND_IT_GOOGLE_SEARCH_LOCALE,199.40,4219,209,16
2024-04-22,Sicilia,Google Ads,RND_IT_GOOGLE_VIDEO_YOUTUBE,57.77,6469,51,2
2024-04-22,Toscana,Google Ads,RND_IT_GOOGLE_DISPLAY,86.30,14543,95,1
2024-04-22,Toscana,Google Ads,RND_IT_GOOGLE_SEARCH_BRAND,101.84,3326,204,6
2024-04-22,Toscana,Google Ads,RND_IT_GOOGLE_SEARCH_GENERICA,155.68,2947,149,11
2024-04-22,Toscana,Google Ads,RND_IT_GOOGLE_SEARCH_LOCALE,216.24,4578,181,15
2024-04-22,Toscana,Google Ads,RND_IT_GOOGLE_VIDEO_YOUTUBE,73.53,8091,61,2
2024-04-22,Trentino-Alto Adige,Google Ads,RND_IT_GOOGLE_DISPLAY,36.82,6275,38,1
2024-04-22,Trentino-Alto Adige,Google Ads,RND_IT_GOOGLE_SEARCH_BRAND,31.36,1077,92,2
2024-04-22,Trentino-Alto Adige,Google Ads,RND_IT_GOOGLE_SEARCH_GENERICA,47.55,911,46,3
2024-04-22,Trentino-Alto Adige,Google Ads,RND_IT_GOOGLE_SEARCH_LOCALE,42.82,881,41,3
2024-04-22,Trentino-Alto Adige,Google Ads,RND_IT_GOOGLE_VIDEO_YOUTUBE,17.97,1953,13,0
2024-04-22,Umbria,Google Ads,RND_IT_GOOGLE_DISPLAY,24.22,4082,24,0
2024-04-22,Umbria,Google Ads,RND_IT_GOOGLE_SEARCH_BRAND,45.92,1519,107,3
2024-04-22,Umbria,Google Ads,RND_IT_GOOGLE_SEARCH_GENERICA,64.77,1152,59,3
2024-04-22,Umbria,Google Ads,RND_IT_GOOGLE_SEARCH_LOCALE,30.63,654,30,2
2024-04-22,Umbria,Google Ads,RND_IT_GOOGLE_VIDEO_YOUTUBE,14.57,1641,14,0
2024-04-22,Valle d'Aosta,Google Ads,RND_IT_GOOGLE_DISPLAY,4.74,803,5,0
2024-04-22,Valle d'Aosta,Google Ads,RND_IT_GOOGLE_SEARCH_BRAND,5.86,192,16,0
2024-04-22,Valle d'Aosta,Google Ads,RND_IT_GOOGLE_SEARCH_GENERICA,8.20,136,7,0
2024-04-22,Valle d'Aosta,Google Ads,RND_IT_GOOGLE_SEARCH_LOCALE,3.99,81,4,0
2024-04-22,Valle d'Aosta,Google Ads,RND_IT_GOOGLE_VIDEO_YOUTUBE,2.79,314,2,0
2024-04-22,Veneto,Google Ads,RND_IT_GOOGLE_DISPLAY,139.05,23601,147,1
2024-04-22,Veneto,Google Ads,RND_IT_GOOGLE_SEARCH_BRAND,138.59,4446,300,5
2024-04-22,Veneto,Google Ads,RND_IT_GOOGLE_SEARCH_GENERICA,405.47,7603,371,15
2024-04-22,Veneto,Google Ads,RND_IT_GOOGLE_SEARCH_LOCALE,205.43,4294,181,9
2024-04-22,Veneto,Google Ads,RND_IT_GOOGLE_VIDEO_YOUTUBE,90.35,10666,83,1
2024-04-29,Abruzzo,Google Ads,RND_IT_GOOGLE_DISPLAY,41.71,7222,40,0
2024-04-29,Abruzzo,Google Ads,RND_IT_GOOGLE_SEARCH_BRAND,52.35,1758,124,2
2024-04-29,Abruzzo,Google Ads,RND_IT_GOOGLE_SEARCH_GENERICA,80.34,1446,73,2
2024-04-29,Abruzzo,Google Ads,RND_IT_GOOGLE_SEARCH_LOCALE,30.95,701,27,1
2024-04-29,Abruzzo,Google Ads,RND_IT_GOOGLE_VIDEO_YOUTUBE,24.04,2730,22,0
2024-04-29,Basilicata,Google Ads,RND_IT_GOOGLE_DISPLAY,16.81,2921,18,0
2024-04-29,Basilicata,Google Ads,RND_IT_GOOGLE_SEARCH_BRAND,34.44,1179,75,1
2024-04-29,Basilicata,Google Ads,RND_IT_GOOGLE_SEARCH_GENERICA,40.84,723,37,1
2024-04-29,Basilicata,Google Ads,RND_IT_GOOGLE_SEARCH_LOCALE,21.29,410,18,1
2024-04-29,Basilicata,Google Ads,RND_IT_GOOGLE_VIDEO_YOUTUBE,8.67,985,8,0
2024-04-29,Calabria,Google Ads,RND_IT_GOOGLE_DISPLAY,79.76,13113,77,1
2024-04-29,Calabria,Google Ads,RND_IT_GOOGLE_SEARCH_BRAND,97.83,3288,253,5
2024-04-29,Calabria,Google Ads,RND_IT_GOOGLE_SEARCH_GENERICA,117.64,2101,87,6
2024-04-29,Calabria,Google Ads,RND_IT_GOOGLE_SEARCH_LOCALE,37.91,795,35,2
2024-04-29,Calabria,Google Ads,RND_IT_GOOGLE_VIDEO_YOUTUBE,56.25,6385,53,2
2024-04-29,Campania,Google Ads,RND_IT_GOOGLE_DISPLAY,167.69,28246,164,2
2024-04-29,Campania,Google Ads,RND_IT_GOOGLE_SEARCH_BRAND,250.57,8913,617,13
2024-04-29,Campania,Google Ads,RND_IT_GOOGLE_SEARCH_GENERICA,562.10,10093,527,26
2024-04-29,Campania,Google Ads,RND_IT_GOOGLE_SEARCH_LOCALE,229.03,4810,233,13
2024-04-29,Campania,Google Ads,RND_IT_GOOGLE_VIDEO_YOUTUBE,111.47,12129,92,3
2024-04-29,Emilia-Romagna,Google Ads,RND_IT_GOOGLE_DISPLAY,152.60,26403,151,3
2024-04-29,Emilia-Romagna,Google Ads,RND_IT_GOOGLE_SEARCH_BRAND,253.30,8806,611,14
2024-04-29,Emilia-Romagna,Google Ads,RND_IT_GOOGLE_SEARCH_GENERICA,243.34,4597,232,13
2024-04-29,Emilia-Romagna,Google Ads,RND_IT_GOOGLE_SEARCH_LOCALE,104.59,2164,92,8
2024-04-29,Emilia-Romagna,Google Ads,RND_IT_GOOGLE_VIDEO_YOUTUBE,71.86,7683,63,3
2024-04-29,Friuli-Venezia Giulia,Google Ads,RND_IT_GOOGLE_DISPLAY,49.00,8134,47,1
2024-04-29,Friuli-Venezia Giulia,Google Ads,RND_IT_GOOGLE_SEARCH_BRAND,45.07,1489,101,4
2024-04-29,Friuli-Venezia Giulia,Google Ads,RND_IT_GOOGLE_SEARCH_GENERICA,66.29,1211,63,5
2024-04-29,Friuli-Venezia Giulia,Google Ads,RND_IT_GOOGLE_SEARCH_LOCALE,23.89,495,23,2
2024-04-29,Friuli-Venezia Giulia,Google Ads,RND_IT_GOOGLE_VIDEO_YOUTUBE,18.41,1984,16,1
2024-04-29,Lazio,Google Ads,RND_IT_GOOGLE_DISPLAY,210.88,33767,220,4
2024-04-29,Lazio,Google Ads,RND_IT_GOOGLE_SEARCH_BRAND,169.02,5580,441,12
2024-04-29,Lazio,Google Ads,RND_IT_GOOGLE_SEARCH_GENERICA,514.15,9708,442,36
2024-04-29,Lazio,Google Ads,RND_IT_GOOGLE_SEARCH_LOCALE,234.61,4901,201,22
2024-04-29,Lazio,Google Ads,RND_IT_GOOGLE_VIDEO_YOUTUBE,103.18,11701,85,4
2024-04-29,Liguria,Google Ads,RND_IT_GOOGLE_DISPLAY,25.27,4097,24,0
2024-04-29,Liguria,Google Ads,RND_IT_GOOGLE_SEARCH_BRAND,59.23,2002,158,5
2024-04-29,Liguria,Google Ads,RND_IT_GOOGLE_SEARCH_GENERICA,77.80,1436,70,6
2024-04-29,Liguria,Google Ads,RND_IT_GOOGLE_SEARCH_LOCALE,69.64,1440,67,6
2024-04-29,Liguria,Google Ads,RND_IT_GOOGLE_VIDEO_YOUTUBE,26.30,3047,25,1
2024-04-29,Lombardia,Google Ads,RND_IT_GOOGLE_DISPLAY,364.39,59201,384,6
2024-04-29,Lombardia,Google Ads,RND_IT_GOOGLE_SEARCH_BRAND,437.81,14227,1202,24
2024-04-29,Lombardia,Google Ads,RND_IT_GOOGLE_SEARCH_GENERICA,808.94,14571,673,37
2024-04-29,Lombardia,Google Ads,RND_IT_GOOGLE_SEARCH_LOCALE,327.75,6874,261,19
2024-04-29,Lombardia,Google Ads,RND_IT_GOOGLE_VIDEO_YOUTUBE,223.21,25347,188,5
2024-04-29,Marche,Google Ads,RND_IT_GOOGLE_DISPLAY,41.28,6786,41,1
2024-04-29,Marche,Google Ads,RND_IT_GOOGLE_SEARCH_BRAND,82.85,2858,204,4
2024-04-29,Marche,Google Ads,RND_IT_GOOGLE_SEARCH_GENERICA,84.57,1520,80,5
2024-04-29,Marche,Google Ads,RND_IT_GOOGLE_SEARCH_LOCALE,52.51,1078,56,3
2024-04-29,Marche,Google Ads,RND_IT_GOOGLE_VIDEO_YOUTUBE,33.98,3756,28,1
2024-04-29,Molise,Google Ads,RND_IT_GOOGLE_DISPLAY,9.88,1610,9,0
2024-04-29,Molise,Google Ads,RND_IT_GOOGLE_SEARCH_BRAND,9.47,319,24,1
2024-04-29,Molise,Google Ads,RND_IT_GOOGLE_SEARCH_GENERICA,30.33,561,25,2
2024-04-29,Molise,Google Ads,RND_IT_GOOGLE_SEARCH_LOCALE,15.36,339,15,1
2024-04-29,Molise,Google Ads,RND_IT_GOOGLE_VIDEO_YOUTUBE,8.00,934,8,0
2024-04-29,Piemonte,Google Ads,RND_IT_GOOGLE_DISPLAY,126.40,21717,132,2
2024-04-29,Piemonte,Google Ads,RND_IT_GOOGLE_SEARCH_BRAND,162.03,5442,371,8
2024-04-29,Piemonte,Google Ads,RND_IT_GOOGLE_SEARCH_GENERICA,500.07,9316,436,20
2024-04-29,Piemonte,Google Ads,RND_IT_GOOGLE_SEARCH_LOCALE,183.84,3801,138,10
2024-04-29,Piemonte,Google Ads,RND_IT_GOOGLE_VIDEO_YOUTUBE,86.57,9491,74,2
2024-04-29,Puglia,Google Ads,RND_IT_GOOGLE_DISPLAY,178.68,29532,162,2
2024-04-29,Puglia,Google Ads,RND_IT_GOOGLE_SEARCH_BRAND,149.09,5072,371,8
2024-04-29,Puglia,Google Ads,RND_IT_GOOGLE_SEARCH_GENERICA,256.21,4798,249,14
2024-04-29,Puglia,Google Ads,RND_IT_GOOGLE_SEARCH_LOCALE,175.41,3717,159,11
2024-04-29,Puglia,Google Ads,RND_IT_GOOGLE_VIDEO_YOUTUBE,130.88,14042,115,3
2024-04-29,Sardegna,Google Ads,RND_IT_GOOGLE_DISPLAY,45.11,7803,49,1
2024-04-29,Sardegna,Google Ads,RND_IT_GOOGLE_SEARCH_BRAND,44.17,1548,112,3
2024-04-29,Sardegna,Google Ads,RND_IT_GOOGLE_SEARCH_GENERICA,108.07,1949,93,7
2024-04-29,Sardegna,Google Ads,RND_IT_GOOGLE_SEARCH_LOCALE,45.45,928,39,3
2024-04-29,Sardegna,Google Ads,RND_IT_GOOGLE_VIDEO_YOUTUBE,23.07,2583,21,1
2024-04-29,Sicilia,Google Ads,RND_IT_GOOGLE_DISPLAY,125.17,20155,119,2
2024-04-29,Sicilia,Google Ads,RND_IT_GOOGLE_SEARCH_BRAND,175.10,5867,454,10
2024-04-29,Sicilia,Google Ads,RND_IT_GOOGLE_SEARCH_GENERICA,464.45,8489,397,25
2024-04-29,Sicilia,Google Ads,RND_IT_GOOGLE_SEARCH_LOCALE,176.75,3785,163,13
2024-04-29,Sicilia,Google Ads,RND_IT_GOOGLE_VIDEO_YOUTUBE,62.30,7190,52,2
2024-04-29,Toscana,Google Ads,RND_IT_GOOGLE_DISPLAY,89.85,14816,94,2
2024-04-29,Toscana,Google Ads,RND_IT_GOOGLE_SEARCH_BRAND,97.73,3247,261,6
2024-04-29,Toscana,Google Ads,RND_IT_GOOGLE_SEARCH_GENERICA,150.15,2778,148,9
2024-04-29,Toscana,Google Ads,RND_IT_GOOGLE_SEARCH_LOCALE,166.88,3553,156,14
2024-04-29,Toscana,Google Ads,RND_IT_GOOGLE_VIDEO_YOUTUBE,69.25,7499,63,2
2024-04-29,Trentino-Alto Adige,Google Ads,RND_IT_GOOGLE_DISPLAY,31.57,5277,35,0
2024-04-29,Trentino-Alto Adige,Google Ads,RND_IT_GOOGLE_SEARCH_BRAND,36.80,1282,103,2
2024-04-29,Trentino-Alto Adige,Google Ads,RND_IT_GOOGLE_SEARCH_GENERICA,47.97,862,46,2
2024-04-29,Trentino-Alto Adige,Google Ads,RND_IT_GOOGLE_SEARCH_LOCALE,34.17,721,31,2
2024-04-29,Trentino-Alto Adige,Google Ads,RND_IT_GOOGLE_VIDEO_YOUTUBE,19.00,2004,16,0
2024-04-29,Umbria,Google Ads,RND_IT_GOOGLE_DISPLAY,24.72,4221,22,0
2024-04-29,Umbria,Google Ads,RND_IT_GOOGLE_SEARCH_BRAND,55.88,1917,135,4
2024-04-29,Umbria,Google Ads,RND_IT_GOOGLE_SEARCH_GENERICA,56.92,1000,53,3
2024-04-29,Umbria,Google Ads,RND_IT_GOOGLE_SEARCH_LOCALE,24.22,489,21,2
2024-04-29,Umbria,Google Ads,RND_IT_GOOGLE_VIDEO_YOUTUBE,15.44,1718,13,0
2024-04-29,Valle d'Aosta,Google Ads,RND_IT_GOOGLE_DISPLAY,5.08,876,5,0
2024-04-29,Valle d'Aosta,Google Ads,RND_IT_GOOGLE_SEARCH_BRAND,6.58,217,17,0
2024-04-29,Valle d'Aosta,Google Ads,RND_IT_GOOGLE_SEARCH_GENERICA,7.11,126,7,0
2024-04-29,Valle d'Aosta,Google Ads,RND_IT_GOOGLE_SEARCH_LOCALE,3.19,65,3,0
2024-04-29,Valle d'Aosta,Google Ads,RND_IT_GOOGLE_VIDEO_YOUTUBE,2.88,328,3,0
2024-04-29,Veneto,Google Ads,RND_IT_GOOGLE_DISPLAY,131.63,21584,119,2
2024-04-29,Veneto,Google Ads,RND_IT_GOOGLE_SEARCH_BRAND,159.69,5324,398,6
2024-04-29,Veneto,Google Ads,RND_IT_GOOGLE_SEARCH_GENERICA,346.48,6254,308,14
2024-04-29,Veneto,Google Ads,RND_IT_GOOGLE_SEARCH_LOCALE,185.01,4049,193,8
2024-04-29,Veneto,Google Ads,RND_IT_GOOGLE_VIDEO_YOUTUBE,85.27,8632,73,2
2024-05-06,Abruzzo,Google Ads,RND_IT_GOOGLE_DISPLAY,55.73,9565,66,0
2024-05-06,Abruzzo,Google Ads,RND_IT_GOOGLE_SEARCH_BRAND,55.02,1845,135,2
2024-05-06,Abruzzo,Google Ads,RND_IT_GOOGLE_SEARCH_GENERICA,122.90,2279,112,3
2024-05-06,Abruzzo,Google Ads,RND_IT_GOOGLE_SEARCH_LOCALE,38.18,777,38,1
2024-05-06,Basilicata,Google Ads,RND_IT_GOOGLE_DISPLAY,18.47,2923,17,0
2024-05-06,Basilicata,Google Ads,RND_IT_GOOGLE_SEARCH_BRAND,41.18,1388,99,1
2024-05-06,Basilicata,Google Ads,RND_IT_GOOGLE_SEARCH_GENERICA,52.13,984,47,1
2024-05-06,Basilicata,Google Ads,RND_IT_GOOGLE_SEARCH_LOCALE,20.58,437,19,1
2024-05-06,Calabria,Google Ads,RND_IT_GOOGLE_DISPLAY,90.55,15487,84,1
2024-05-06,Calabria,Google Ads,RND_IT_GOOGLE_SEARCH_BRAND,90.29,2887,208,4
2024-05-06,Calabria,Google Ads,RND_IT_GOOGLE_SEARCH_GENERICA,185.01,3227,163,9
2024-05-06,Calabria,Google Ads,RND_IT_GOOGLE_SEARCH_LOCALE,42.26,855,38,2
2024-05-06,Campania,Google Ads,RND_IT_GOOGLE_DISPLAY,209.84,33566,233,3
2024-05-06,Campania,Google Ads,RND_IT_GOOGLE_SEARCH_BRAND,323.13,10272,864,13
2024-05-06,Campania,Google Ads,RND_IT_GOOGLE_SEARCH_GENERICA,739.93,13212,636,33
2024-05-06,Campania,Google Ads,RND_IT_GOOGLE_SEARCH_LOCALE,210.45,4517,187,11
2024-05-06,Emilia-Romagna,Google Ads,RND_IT_GOOGLE_DISPLAY,211.63,35744,204,3
2024-05-06,Emilia-Romagna,Google Ads,RND_IT_GOOGLE_SEARCH_BRAND,300.54,9751,747,16
2024-05-06,Emilia-Romagna,Google Ads,RND_IT_GOOGLE_SEARCH_GENERICA,394.66,7099,344,21
2024-05-06,Emilia-Romagna,Google Ads,RND_IT_GOOGLE_SEARCH_LOCALE,126.90,2589,117,9
2024-05-06,Friuli-Venezia Giulia,Google Ads,RND_IT_GOOGLE_DISPLAY,66.10,11390,61,1
2024-05-06,Friuli-Venezia Giulia,Google Ads,RND_IT_GOOGLE_SEARCH_BRAND,48.96,1585,120,4
2024-05-06,Friuli-Venezia Giulia,Google Ads,RND_IT_GOOGLE_SEARCH_GENERICA,100.00,1862,97,8
2024-05-06,Friuli-Venezia Giulia,Google Ads,RND_IT_GOOGLE_SEARCH_LOCALE,24.35,493,23,2
2024-05-06,Lazio,Google Ads,RND_IT_GOOGLE_DISPLAY,229.31,39235,216,4
2024-05-06,Lazio,Google Ads,RND_IT_GOOGLE_SEARCH_BRAND,188.35,6157,453,12
2024-05-06,Lazio,Google Ads,RND_IT_GOOGLE_SEARCH_GENERICA,633.79,11341,614,37
2024-05-06,Lazio,Google Ads,RND_IT_GOOGLE_SEARCH_LOCALE,281.85,5746,255,17
2024-05-06,Liguria,Google Ads,RND_IT_GOOGLE_DISPLAY,36.57,5795,35,1
2024-05-06,Liguria,Google Ads,RND_IT_GOOGLE_SEARCH_BRAND,61.02,2073,182,3
2024-05-06,Liguria,Google Ads,RND_IT_GOOGLE_SEARCH_GENERICA,123.41,2215,114,7
2024-05-06,Liguria,Google Ads,RND_IT_GOOGLE_SEARCH_LOCALE,70.38,1442,67,4
2024-05-06,Lombardia,Google Ads,RND_IT_GOOGLE_DISPLAY,472.46,77686,468,6
2024-05-06,Lombardia,Google Ads,RND_IT_GOOGLE_SEARCH_BRAND,587.45,19482,1595,26
2024-05-06,Lombardia,Google Ads,RND_IT_GOOGLE_SEARCH_GENERICA,1105.21,19244,1083,43
2024-05-06,Lombardia,Google Ads,RND_IT_GOOGLE_SEARCH_LOCALE,323.28,6817,313,15
2024-05-06,Marche,Google Ads,RND_IT_GOOGLE_DISPLAY,47.83,8144,46,1
2024-05-06,Marche,Google Ads,RND_IT_GOOGLE_SEARCH_BRAND,98.10,3289,234,4
2024-05-06,Marche,Google Ads,RND_IT_GOOGLE_SEARCH_GENERICA,142.43,2627,125,6
2024-05-06,Marche,Google Ads,RND_IT_GOOGLE_SEARCH_LOCALE,60.42,1261,53,3
2024-05-06,Molise,Google Ads,RND_IT_GOOGLE_DISPLAY,15.46,2630,15,0
2024-05-06,Molise,Google Ads,RND_IT_GOOGLE_SEARCH_BRAND,9.32,299,22,1
2024-05-06,Molise,Google Ads,RND_IT_GOOGLE_SEARCH_GENERICA,44.62,807,35,2
2024-05-06,Molise,Google Ads,RND_IT_GOOGLE_SEARCH_LOCALE,13.52,272,13,1
2024-05-06,Piemonte,Google Ads,RND_IT_GOOGLE_DISPLAY,138.72,23312,140,1
2024-05-06,Piemonte,Google Ads,RND_IT_GOOGLE_SEARCH_BRAND,181.99,5982,442,7
2024-05-06,Piemonte,Google Ads,RND_IT_GOOGLE_SEARCH_GENERICA,689.98,12299,646,23
2024-05-06,Piemonte,Google Ads,RND_IT_GOOGLE_SEARCH_LOCALE,217.75,4533,201,8
2024-05-06,Puglia,Google Ads,RND_IT_GOOGLE_DISPLAY,191.51,29811,195,2
2024-05-06,Puglia,Google Ads,RND_IT_GOOGLE_SEARCH_BRAND,162.01,5495,416,6
2024-05-06,Puglia,Google Ads,RND_IT_GOOGLE_SEARCH_GENERICA,407.51,7352,348,13
2024-05-06,Puglia,Google Ads,RND_IT_GOOGLE_SEARCH_LOCALE,188.77,3798,191,9
2024-05-06,Sardegna,Google Ads,RND_IT_GOOGLE_DISPLAY,50.59,8736,54,1
2024-05-06,Sardegna,Google Ads,RND_IT_GOOGLE_SEARCH_BRAND,68.46,2323,166,4
2024-05-06,Sardegna,Google Ads,RND_IT_GOOGLE_SEARCH_GENERICA,149.17,2804,138,7
2024-05-06,Sardegna,Google Ads,RND_IT_GOOGLE_SEARCH_LOCALE,40.08,851,39,2
2024-05-06,Sicilia,Google Ads,RND_IT_GOOGLE_DISPLAY,169.74,29457,170,3
2024-05-06,Sicilia,Google Ads,RND_IT_GOOGLE_SEARCH_BRAND,172.33,5619,434,10
2024-05-06,Sicilia,Google Ads,RND_IT_GOOGLE_SEARCH_GENERICA,571.56,10079,442,32
2024-05-06,Sicilia,Google Ads,RND_IT_GOOGLE_SEARCH_LOCALE,211.20,4509,231,14
2024-05-06,Toscana,Google Ads,RND_IT_GOOGLE_DISPLAY,110.55,18515,109,1
2024-05-06,Toscana,Google Ads,RND_IT_GOOGLE_SEARCH_BRAND,154.78,5184,428,9
2024-05-06,Toscana,Google Ads,RND_IT_GOOGLE_SEARCH_GENERICA,249.01,4413,207,10
2024-05-06,Toscana,Google Ads,RND_IT_GOOGLE_SEARCH_LOCALE,178.19,3710,181,10
2024-05-06,Trentino-Alto Adige,Google Ads,RND_IT_GOOGLE_DISPLAY,39.49,6626,42,1
2024-05-06,Trentino-Alto Adige,Google Ads,RND_IT_GOOGLE_SEARCH_BRAND,44.49,1581,108,2
2024-05-06,Trentino-Alto Adige,Google Ads,RND_IT_GOOGLE_SEARCH_GENERICA,65.52,1236,55,2
2024-05-06,Trentino-Alto Adige,Google Ads,RND_IT_GOOGLE_SEARCH_LOCALE,33.73,708,32,2
2024-05-06,Umbria,Google Ads,RND_IT_GOOGLE_DISPLAY,34.38,5817,39,1
2024-05-06,Umbria,Google Ads,RND_IT_GOOGLE_SEARCH_BRAND,52.93,1764,122,3
2024-05-06,Umbria,Google Ads,RND_IT_GOOGLE_SEARCH_GENERICA,82.32,1500,73,4
2024-05-06,Umbria,Google Ads,RND_IT_GOOGLE_SEARCH_LOCALE,24.53,538,23,2
2024-05-06,Valle d'Aosta,Google Ads,RND_IT_GOOGLE_DISPLAY,7.00,1218,7,0
2024-05-06,Valle d'Aosta,Google Ads,RND_IT_GOOGLE_SEARCH_BRAND,7.08,231,17,0
2024-05-06,Valle d'Aosta,Google Ads,RND_IT_GOOGLE_SEARCH_GENERICA,11.99,222,11,1
2024-05-06,Valle d'Aosta,Google Ads,RND_IT_GOOGLE_SEARCH_LOCALE,3.02,63,3,0
2024-05-06,Veneto,Google Ads,RND_IT_GOOGLE_DISPLAY,157.45,26438,171,1
2024-05-06,Veneto,Google Ads,RND_IT_GOOGLE_SEARCH_BRAND,192.47,6382,464,6
2024-05-06,Veneto,Google Ads,RND_IT_GOOGLE_SEARCH_GENERICA,506.15,9314,469,14
2024-05-06,Veneto,Google Ads,RND_IT_GOOGLE_SEARCH_LOCALE,243.43,4928,230,10
2024-05-13,Abruzzo,Google Ads,RND_IT_GOOGLE_DISPLAY,56.03,9285,54,0
2024-05-13,Abruzzo,Google Ads,RND_IT_GOOGLE_SEARCH_BRAND,59.03,1973,169,1
2024-05-13,Abruzzo,Google Ads,RND_IT_GOOGLE_SEARCH_GENERICA,122.55,2226,121,3
2024-05-13,Abruzzo,Google Ads,RND_IT_GOOGLE_SEARCH_LOCALE,42.25,896,41,1
2024-05-13,Basilicata,Google Ads,RND_IT_GOOGLE_DISPLAY,24.48,4127,22,0
2024-05-13,Basilicata,Google Ads,RND_IT_GOOGLE_SEARCH_BRAND,44.42,1474,118,1
2024-05-13,Basilicata,Google Ads,RND_IT_GOOGLE_SEARCH_GENERICA,60.47,1088,57,2
2024-05-13,Basilicata,Google Ads,RND_IT_GOOGLE_SEARCH_LOCALE,22.94,462,20,1
2024-05-13,Calabria,Google Ads,RND_IT_GOOGLE_DISPLAY,105.47,17572,92,1
2024-05-13,Calabria,Google Ads,RND_IT_GOOGLE_SEARCH_BRAND,97.44,3245,259,4
2024-05-13,Calabria,Google Ads,RND_IT_GOOGLE_SEARCH_GENERICA,191.60,3571,158,9
2024-05-13,Calabria,Google Ads,RND_IT_GOOGLE_SEARCH_LOCALE,60.31,1249,59,3
2024-05-13,Campania,Google Ads,RND_IT_GOOGLE_DISPLAY,274.76,45794,300,3
2024-05-13,Campania,Google Ads,RND_IT_GOOGLE_SEARCH_BRAND,290.23,9256,681,12
2024-05-13,Campania,Google Ads,RND_IT_GOOGLE_SEARCH_GENERICA,1010.80,19019,991,37
2024-05-13,Campania,Google Ads,RND_IT_GOOGLE_SEARCH_LOCALE,226.20,4628,209,12
2024-05-13,Emilia-Romagna,Google Ads,RND_IT_GOOGLE_DISPLAY,256.17,40433,267,4
2024-05-13,Emilia-Romagna,Google Ads,RND_IT_GOOGLE_SEARCH_BRAND,341.99,11070,814,18
2024-05-13,Emilia-Romagna,Google Ads,RND_IT_GOOGLE_SEARCH_GENERICA,459.49,8626,435,25
2024-05-13,Emilia-Romagna,Google Ads,RND_IT_GOOGLE_SEARCH_LOCALE,145.33,2964,141,8
2024-05-13,Friuli-Venezia Giulia,Google Ads,RND_IT_GOOGLE_DISPLAY,68.45,11588,67,1
2024-05-13,Friuli-Venezia Giulia,Google Ads,RND_IT_GOOGLE_SEARCH_BRAND,51.41,1706,115,3
2024-05-13,Friuli-Venezia Giulia,Google Ads,RND_IT_GOOGLE_SEARCH_GENERICA,114.79,2013,100,7
2024-05-13,Friuli-Venezia Giulia,Google Ads,RND_IT_GOOGLE_SEARCH_LOCALE,35.95,743,31,3
2024-05-13,Lazio,Google Ads,RND_IT_GOOGLE_DISPLAY,254.89,43974,260,4
2024-05-13,Lazio,Google Ads,RND_IT_GOOGLE_SEARCH_BRAND,209.52,6949,550,12
2024-05-13,Lazio,Google Ads,RND_IT_GOOGLE_SEARCH_GENERICA,763.77,14430,720,43
2024-05-13,Lazio,Google Ads,RND_IT_GOOGLE_SEARCH_LOCALE,369.05,7896,380,23
2024-05-13,Liguria,Google Ads,RND_IT_GOOGLE_DISPLAY,47.89,8226,43,1
2024-05-13,Liguria,Google Ads,RND_IT_GOOGLE_SEARCH_BRAND,66.50,2179,169,4
2024-05-13,Liguria,Google Ads,RND_IT_GOOGLE_SEARCH_GENERICA,128.09,2304,117,7
2024-05-13,Liguria,Google Ads,RND_IT_GOOGLE_SEARCH_LOCALE,78.58,1691,79,7
2024-05-13,Lombardia,Google Ads,RND_IT_GOOGLE_DISPLAY,519.44,89043,563,6
2024-05-13,Lombardia,Google Ads,RND_IT_GOOGLE_SEARCH_BRAND,628.39,20835,1703,21
2024-05-13,Lombardia,Google Ads,RND_IT_GOOGLE_SEARCH_GENERICA,1231.82,21889,1041,44
2024-05-13,Lombardia,Google Ads,RND_IT_GOOGLE_SEARCH_LOCALE,410.65,8793,429,22
2024-05-13,Marche,Google Ads,RND_IT_GOOGLE_DISPLAY,55.35,9210,55,1
2024-05-13,Marche,Google Ads,RND_IT_GOOGLE_SEARCH_BRAND,129.92,4339,321,5
2024-05-13,Marche,Google Ads,RND_IT_GOOGLE_SEARCH_GENERICA,157.23,2844,140,6
2024-05-13,Marche,Google Ads,RND_IT_GOOGLE_SEARCH_LOCALE,65.78,1384,67,3
2024-05-13,Molise,Google Ads,RND_IT_GOOGLE_DISPLAY,18.24,3053,16,0
2024-05-13,Molise,Google Ads,RND_IT_GOOGLE_SEARCH_BRAND,11.61,397,30,1
2024-05-13,Molise,Google Ads,RND_IT_GOOGLE_SEARCH_GENERICA,53.04,988,54,2
2024-05-13,Molise,Google Ads,RND_IT_GOOGLE_SEARCH_LOCALE,17.38,359,16,1
2024-05-13,Piemonte,Google Ads,RND_IT_GOOGLE_DISPLAY,150.29,25944,158,1
2024-05-13,Piemonte,Google Ads,RND_IT_GOOGLE_SEARCH_BRAND,220.02,7312,555,8
2024-05-13,Piemonte,Google Ads,RND_IT_GOOGLE_SEARCH_GENERICA,759.65,14036,667,25
2024-05-13,Piemonte,Google Ads,RND_IT_GOOGLE_SEARCH_LOCALE,231.81,4488,200,8
2024-05-13,Puglia,Google Ads,RND_IT_GOOGLE_DISPLAY,256.91,43933,238,2
2024-05-13,Puglia,Google Ads,RND_IT_GOOGLE_SEARCH_BRAND,165.27,5575,444,6
2024-05-13,Puglia,Google Ads,RND_IT_GOOGLE_SEARCH_GENERICA,470.28,8485,394,17
2024-05-13,Puglia,Google Ads,RND_IT_GOOGLE_SEARCH_LOCALE,219.58,4625,234,11
2024-05-13,Sardegna,Google Ads,RND_IT_GOOGLE_DISPLAY,65.39,11384,71,1
2024-05-13,Sardegna,Google Ads,RND_IT_GOOGLE_SEARCH_BRAND,78.26,2566,173,4
2024-05-13,Sardegna,Google Ads,RND_IT_GOOGLE_SEARCH_GENERICA,181.34,3380,168,9
2024-05-13,Sardegna,Google Ads,RND_IT_GOOGLE_SEARCH_LOCALE,51.89,1007,44,3
2024-05-13,Sicilia,Google Ads,RND_IT_GOOGLE_DISPLAY,207.51,33886,188,3
2024-05-13,Sicilia,Google Ads,RND_IT_GOOGLE_SEARCH_BRAND,210.16,7126,562,11
2024-05-13,Sicilia,Google Ads,RND_IT_GOOGLE_SEARCH_GENERICA,651.16,11889,547,33
2024-05-13,Sicilia,Google Ads,RND_IT_GOOGLE_SEARCH_LOCALE,228.27,4481,212,16
2024-05-13,Toscana,Google Ads,RND_IT_GOOGLE_DISPLAY,143.35,23405,144,2
2024-05-13,Toscana,Google Ads,RND_IT_GOOGLE_SEARCH_BRAND,167.88,5659,424,7
2024-05-13,Toscana,Google Ads,RND_IT_GOOGLE_SEARCH_GENERICA,284.65,5086,224,14
2024-05-13,Toscana,Google Ads,RND_IT_GOOGLE_SEARCH_LOCALE,226.44,4695,206,14
2024-05-13,Trentino-Alto Adige,Google Ads,RND_IT_GOOGLE_DISPLAY,42.99,7094,41,1
2024-05-13,Trentino-Alto Adige,Google Ads,RND_IT_GOOGLE_SEARCH_BRAND,57.81,1977,137,2
2024-05-13,Trentino-Alto Adige,Google Ads,RND_IT_GOOGLE_SEARCH_GENERICA,76.10,1354,66,3
2024-05-13,Trentino-Alto Adige,Google Ads,RND_IT_GOOGLE_SEARCH_LOCALE,45.56,957,37,2
2024-05-13,Umbria,Google Ads,RND_IT_GOOGLE_DISPLAY,36.04,5836,29,1
2024-05-13,Umbria,Google Ads,RND_IT_GOOGLE_SEARCH_BRAND,54.07,1841,118,3
2024-05-13,Umbria,Google Ads,RND_IT_GOOGLE_SEARCH_GENERICA,105.38,1940,107,5
2024-05-13,Umbria,Google Ads,RND_IT_GOOGLE_SEARCH_LOCALE,30.08,618,25,2
2024-05-13,Valle d'Aosta,Google Ads,RND_IT_GOOGLE_DISPLAY,6.52,1043,7,0
2024-05-13,Valle d'Aosta,Google Ads,RND_IT_GOOGLE_SEARCH_BRAND,8.13,276,20,0
2024-05-13,Valle d'Aosta,Google Ads,RND_IT_GOOGLE_SEARCH_GENERICA,14.21,258,13,1
2024-05-13,Valle d'Aosta,Google Ads,RND_IT_GOOGLE_SEARCH_LOCALE,3.67,80,4,0
2024-05-13,Veneto,Google Ads,RND_IT_GOOGLE_DISPLAY,193.66,32731,211,2
2024-05-13,Veneto,Google Ads,RND_IT_GOOGLE_SEARCH_BRAND,232.86,7739,639,7
2024-05-13,Veneto,Google Ads,RND_IT_GOOGLE_SEARCH_GENERICA,555.96,9691,491,16
2024-05-13,Veneto,Google Ads,RND_IT_GOOGLE_SEARCH_LOCALE,272.03,5746,271,9
2024-05-20,Abruzzo,Google Ads,RND_IT_GOOGLE_DISPLAY,57.21,9650,56,0
2024-05-20,Abruzzo,Google Ads,RND_IT_GOOGLE_SEARCH_BRAND,59.26,1990,167,2
2024-05-20,Abruzzo,Google Ads,RND_IT_GOOGLE_SEARCH_GENERICA,107.56,2005,85,3
2024-05-20,Abruzzo,Google Ads,RND_IT_GOOGLE_SEARCH_LOCALE,62.20,1286,60,2
2024-05-20,Basilicata,Google Ads,RND_IT_GOOGLE_DISPLAY,21.26,3569,22,0
2024-05-20,Basilicata,Google Ads,RND_IT_GOOGLE_SEARCH_BRAND,36.31,1249,96,1
2024-05-20,Basilicata,Google Ads,RND_IT_GOOGLE_SEARCH_GENERICA,55.63,997,51,2
2024-05-20,Basilicata,Google Ads,RND_IT_GOOGLE_SEARCH_LOCALE,25.81,560,27,1
2024-05-20,Calabria,Google Ads,RND_IT_GOOGLE_DISPLAY,107.00,18023,111,1
2024-05-20,Calabria,Google Ads,RND_IT_GOOGLE_SEARCH_BRAND,93.74,3064,261,4
2024-05-20,Calabria,Google Ads,RND_IT_GOOGLE_SEARCH_GENERICA,193.54,3687,186,10
2024-05-20,Calabria,Google Ads,RND_IT_GOOGLE_SEARCH_LOCALE,73.85,1611,74,4
2024-05-20,Campania,Google Ads,RND_IT_GOOGLE_DISPLAY,232.42,37036,230,3
2024-05-20,Campania,Google Ads,RND_IT_GOOGLE_SEARCH_BRAND,274.97,8993,672,10
2024-05-20,Campania,Google Ads,RND_IT_GOOGLE_SEARCH_GENERICA,1033.24,17996,858,40
2024-05-20,Campania,Google Ads,RND_IT_GOOGLE_SEARCH_LOCALE,287.35,6079,259,13
2024-05-20,Emilia-Romagna,Google Ads,RND_IT_GOOGLE_DISPLAY,227.85,37428,252,4
2024-05-20,Emilia-Romagna,Google Ads,RND_IT_GOOGLE_SEARCH_BRAND,299.46,10036,803,14
2024-05-20,Emilia-Romagna,Google Ads,RND_IT_GOOGLE_SEARCH_GENERICA,408.73,7391,374,22
2024-05-20,Emilia-Romagna,Google Ads,RND_IT_GOOGLE_SEARCH_LOCALE,176.68,3595,169,12
2024-05-20,Friuli-Venezia Giulia,Google Ads,RND_IT_GOOGLE_DISPLAY,67.95,11226,69,1
2024-05-20,Friuli-Venezia Giulia,Google Ads,RND_IT_GOOGLE_SEARCH_BRAND,55.29,1866,136,4
2024-05-20,Friuli-Venezia Giulia,Google Ads,RND_IT_GOOGLE_SEARCH_GENERICA,108.93,1939,98,7
2024-05-20,Friuli-Venezia Giulia,Google Ads,RND_IT_GOOGLE_SEARCH_LOCALE,40.72,834,38,3
2024-05-20,Lazio,Google Ads,RND_IT_GOOGLE_DISPLAY,250.72,41848,245,3
2024-05-20,Lazio,Google Ads,RND_IT_GOOGLE_SEARCH_BRAND,205.93,6695,484,12
2024-05-20,Lazio,Google Ads,RND_IT_GOOGLE_SEARCH_GENERICA,720.87,12723,589,38
2024-05-20,Lazio,Google Ads,RND_IT_GOOGLE_SEARCH_LOCALE,477.80,9522,411,29
2024-05-20,Liguria,Google Ads,RND_IT_GOOGLE_DISPLAY,40.23,6411,40,1
2024-05-20,Liguria,Google Ads,RND_IT_GOOGLE_SEARCH_BRAND,63.51,2112,151,4
2024-05-20,Liguria,Google Ads,RND_IT_GOOGLE_SEARCH_GENERICA,116.76,2092,107,6
2024-05-20,Liguria,Google Ads,RND_IT_GOOGLE_SEARCH_LOCALE,93.81,1952,91,6
2024-05-20,Lombardia,Google Ads,RND_IT_GOOGLE_DISPLAY,556.98,90246,525,6
2024-05-20,Lombardia,Google Ads,RND_IT_GOOGLE_SEARCH_BRAND,572.28,19022,1221,21
2024-05-20,Lombardia,Google Ads,RND_IT_GOOGLE_SEARCH_GENERICA,1387.97,26576,1440,54
2024-05-20,Lombardia,Google Ads,RND_IT_GOOGLE_SEARCH_LOCALE,528.98,10673,483,24
2024-05-20,Marche,Google Ads,RND_IT_GOOGLE_DISPLAY,58.14,9562,53,1
2024-05-20,Marche,Google Ads,RND_IT_GOOGLE_SEARCH_BRAND,114.84,3574,292,5
2024-05-20,Marche,Google Ads,RND_IT_GOOGLE_SEARCH_GENERICA,146.78,2680,132,6
2024-05-20,Marche,Google Ads,RND_IT_GOOGLE_SEARCH_LOCALE,78.77,1625,70,5
2024-05-20,Molise,Google Ads,RND_IT_GOOGLE_DISPLAY,18.12,3116,20,0
2024-05-20,Molise,Google Ads,RND_IT_GOOGLE_SEARCH_BRAND,10.79,357,26,1
2024-05-20,Molise,Google Ads,RND_IT_GOOGLE_SEARCH_GENERICA,46.11,818,38,2
2024-05-20,Molise,Google Ads,RND_IT_GOOGLE_SEARCH_LOCALE,22.84,479,21,2
2024-05-20,Piemonte,Google Ads,RND_IT_GOOGLE_DISPLAY,130.62,21942,137,1
2024-05-20,Piemonte,Google Ads,RND_IT_GOOGLE_SEARCH_BRAND,196.04,6504,460,6
2024-05-20,Piemonte,Google Ads,RND_IT_GOOGLE_SEARCH_GENERICA,697.82,11992,592,20
2024-05-20,Piemonte,Google Ads,RND_IT_GOOGLE_SEARCH_LOCALE,310.72,6088,301,11
2024-05-20,Puglia,Google Ads,RND_IT_GOOGLE_DISPLAY,230.39,39575,207,3
2024-05-20,Puglia,Google Ads,RND_IT_GOOGLE_SEARCH_BRAND,167.98,5573,383,5
2024-05-20,Puglia,Google Ads,RND_IT_GOOGLE_SEARCH_GENERICA,415.26,7160,379,17
2024-05-20,Puglia,Google Ads,RND_IT_GOOGLE_SEARCH_LOCALE,297.71,5967,294,14
2024-05-20,Sardegna,Google Ads,RND_IT_GOOGLE_DISPLAY,64.39,10692,61,1
2024-05-20,Sardegna,Google Ads,RND_IT_GOOGLE_SEARCH_BRAND,89.09,3096,229,4
2024-05-20,Sardegna,Google Ads,RND_IT_GOOGLE_SEARCH_GENERICA,200.32,3584,164,7
2024-05-20,Sardegna,Google Ads,RND_IT_GOOGLE_SEARCH_LOCALE,82.78,1698,77,5
2024-05-20,Sicilia,Google Ads,RND_IT_GOOGLE_DISPLAY,191.12,31855,201,3
2024-05-20,Sicilia,Google Ads,RND_IT_GOOGLE_SEARCH_BRAND,170.95,5490,463,9
2024-05-20,Sicilia,Google Ads,RND_IT_GOOGLE_SEARCH_GENERICA,612.36,10922,568,31
2024-05-20,Sicilia,Google Ads,RND_IT_GOOGLE_SEARCH_LOCALE,297.06,6179,279,18
2024-05-20,Toscana,Google Ads,RND_IT_GOOGLE_DISPLAY,156.39,26455,141,3
2024-05-20,Toscana,Google Ads,RND_IT_GOOGLE_SEARCH_BRAND,175.57,5707,491,9
2024-05-20,Toscana,Google Ads,RND_IT_GOOGLE_SEARCH_GENERICA,281.15,5077,242,14
2024-05-20,Toscana,Google Ads,RND_IT_GOOGLE_SEARCH_LOCALE,228.60,4692,190,16
2024-05-20,Trentino-Alto Adige,Google Ads,RND_IT_GOOGLE_DISPLAY,45.97,7622,43,0
2024-05-20,Trentino-Alto Adige,Google Ads,RND_IT_GOOGLE_SEARCH_BRAND,43.34,1332,88,2
2024-05-20,Trentino-Alto Adige,Google Ads,RND_IT_GOOGLE_SEARCH_GENERICA,79.98,1355,69,3
2024-05-20,Trentino-Alto Adige,Google Ads,RND_IT_GOOGLE_SEARCH_LOCALE,56.65,1171,59,3
2024-05-20,Umbria,Google Ads,RND_IT_GOOGLE_DISPLAY,41.15,6729,48,1
2024-05-20,Umbria,Google Ads,RND_IT_GOOGLE_SEARCH_BRAND,52.62,1729,126,2
2024-05-20,Umbria,Google Ads,RND_IT_GOOGLE_SEARCH_GENERICA,97.17,1762,85,4
2024-05-20,Umbria,Google Ads,RND_IT_GOOGLE_SEARCH_LOCALE,41.03,837,40,3
2024-05-20,Valle d'Aosta,Google Ads,RND_IT_GOOGLE_DISPLAY,6.74,1073,6,0
2024-05-20,Valle d'Aosta,Google Ads,RND_IT_GOOGLE_SEARCH_BRAND,8.86,292,20,0
2024-05-20,Valle d'Aosta,Google Ads,RND_IT_GOOGLE_SEARCH_GENERICA,13.45,252,12,1
2024-05-20,Valle d'Aosta,Google Ads,RND_IT_GOOGLE_SEARCH_LOCALE,5.74,114,5,0
2024-05-20,Veneto,Google Ads,RND_IT_GOOGLE_DISPLAY,192.47,31503,203,2
2024-05-20,Veneto,Google Ads,RND_IT_GOOGLE_SEARCH_BRAND,242.65,7965,639,8
2024-05-20,Veneto,Google Ads,RND_IT_GOOGLE_SEARCH_GENERICA,517.16,9861,546,15
2024-05-20,Veneto,Google Ads,RND_IT_GOOGLE_SEARCH_LOCALE,277.28,5684,215,11
2024-05-27,Abruzzo,Google Ads,RND_IT_GOOGLE_DISPLAY,59.29,10129,67,0
2024-05-27,Abruzzo,Google Ads,RND_IT_GOOGLE_SEARCH_BRAND,50.79,1749,134,1
2024-05-27,Abruzzo,Google Ads,RND_IT_GOOGLE_SEARCH_GENERICA,90.94,1559,70,2
2024-05-27,Abruzzo,Google Ads,RND_IT_GOOGLE_SEARCH_LOCALE,57.60,1192,54,2
2024-05-27,Basilicata,Google Ads,RND_IT_GOOGLE_DISPLAY,21.57,3731,21,0
2024-05-27,Basilicata,Google Ads,RND_IT_GOOGLE_SEARCH_BRAND,27.70,947,68,1
2024-05-27,Basilicata,Google Ads,RND_IT_GOOGLE_SEARCH_GENERICA,56.56,1004,52,1
2024-05-27,Basilicata,Google Ads,RND_IT_GOOGLE_SEARCH_LOCALE,24.52,506,23,1
2024-05-27,Calabria,Google Ads,RND_IT_GOOGLE_DISPLAY,101.57,16536,101,1
2024-05-27,Calabria,Google Ads,RND_IT_GOOGLE_SEARCH_BRAND,80.57,2692,203,4
2024-05-27,Calabria,Google Ads,RND_IT_GOOGLE_SEARCH_GENERICA,176.85,3133,176,9
2024-05-27,Calabria,Google Ads,RND_IT_GOOGLE_SEARCH_LOCALE,76.15,1592,75,5
2024-05-27,Campania,Google Ads,RND_IT_GOOGLE_DISPLAY,232.91,36800,253,3
2024-05-27,Campania,Google Ads,RND_IT_GOOGLE_SEARCH_BRAND,227.12,7486,543,10
2024-05-27,Campania,Google Ads,RND_IT_GOOGLE_SEARCH_GENERICA,872.40,15931,835,32
2024-05-27,Campania,Google Ads,RND_IT_GOOGLE_SEARCH_LOCALE,275.83,5819,254,13
2024-05-27,Emilia-Romagna,Google Ads,RND_IT_GOOGLE_DISPLAY,208.06,35640,221,3
2024-05-27,Emilia-Romagna,Google Ads,RND_IT_GOOGLE_SEARCH_BRAND,235.12,8079,674,13
2024-05-27,Emilia-Romagna,Google Ads,RND_IT_GOOGLE_SEARCH_GENERICA,357.11,6255,284,22
2024-05-27,Emilia-Romagna,Google Ads,RND_IT_GOOGLE_SEARCH_LOCALE,179.95,3826,169,11
2024-05-27,Friuli-Venezia Giulia,Google Ads,RND_IT_GOOGLE_DISPLAY,56.43,9424,66,1
2024-05-27,Friuli-Venezia Giulia,Google Ads,RND_IT_GOOGLE_SEARCH_BRAND,45.81,1526,119,3
2024-05-27,Friuli-Venezia Giulia,Google Ads,RND_IT_GOOGLE_SEARCH_GENERICA,106.71,2038,93,7
2024-05-27,Friuli-Venezia Giulia,Google Ads,RND_IT_GOOGLE_SEARCH_LOCALE,34.28,701,33,3
2024-05-27,Lazio,Google Ads,RND_IT_GOOGLE_DISPLAY,185.09,29602,170,3
2024-05-27,Lazio,Google Ads,RND_IT_GOOGLE_SEARCH_BRAND,173.49,5641,443,10
2024-05-27,Lazio,Google Ads,RND_IT_GOOGLE_SEARCH_GENERICA,734.39,13370,633,32
2024-05-27,Lazio,Google Ads,RND_IT_GOOGLE_SEARCH_LOCALE,461.30,9156,390,28
2024-05-27,Liguria,Google Ads,RND_IT_GOOGLE_DISPLAY,40.41,6106,41,1
2024-05-27,Liguria,Google Ads,RND_IT_GOOGLE_SEARCH_BRAND,49.47,1564,95,3
2024-05-27,Liguria,Google Ads,RND_IT_GOOGLE_SEARCH_GENERICA,104.26,1889,95,6
2024-05-27,Liguria,Google Ads,RND_IT_GOOGLE_SEARCH_LOCALE,87.20,1886,81,6
2024-05-27,Lombardia,Google Ads,RND_IT_GOOGLE_DISPLAY,482.20,78044,469,6
2024-05-27,Lombardia,Google Ads,RND_IT_GOOGLE_SEARCH_BRAND,445.95,14668,1095,18
2024-05-27,Lombardia,Google Ads,RND_IT_GOOGLE_SEARCH_GENERICA,1206.07,22976,1167,45
2024-05-27,Lombardia,Google Ads,RND_IT_GOOGLE_SEARCH_LOCALE,493.20,10394,474,25
2024-05-27,Marche,Google Ads,RND_IT_GOOGLE_DISPLAY,48.33,7944,47,1
2024-05-27,Marche,Google Ads,RND_IT_GOOGLE_SEARCH_BRAND,74.09,2526,217,3
2024-05-27,Marche,Google Ads,RND_IT_GOOGLE_SEARCH_GENERICA,139.79,2540,116,6
2024-05-27,Marche,Google Ads,RND_IT_GOOGLE_SEARCH_LOCALE,85.62,1733,85,4
2024-05-27,Molise,Google Ads,RND_IT_GOOGLE_DISPLAY,18.49,2975,19,0
2024-05-27,Molise,Google Ads,RND_IT_GOOGLE_SEARCH_BRAND,9.38,334,27,0
2024-05-27,Molise,Google Ads,RND_IT_GOOGLE_SEARCH_GENERICA,44.88,826,39,2
2024-05-27,Molise,Google Ads,RND_IT_GOOGLE_SEARCH_LOCALE,20.37,428,20,1
2024-05-27,Piemonte,Google Ads,RND_IT_GOOGLE_DISPLAY,132.73,22581,134,1
2024-05-27,Piemonte,Google Ads,RND_IT_GOOGLE_SEARCH_BRAND,169.63,5665,370,6
2024-05-27,Piemonte,Google Ads,RND_IT_GOOGLE_SEARCH_GENERICA,667.51,11863,559,21
2024-05-27,Piemonte,Google Ads,RND_IT_GOOGLE_SEARCH_LOCALE,281.48,6052,293,11
2024-05-27,Puglia,Google Ads,RND_IT_GOOGLE_DISPLAY,246.42,40068,239,3
2024-05-27,Puglia,Google Ads,RND_IT_GOOGLE_SEARCH_BRAND,146.73,4779,351,6
2024-05-27,Puglia,Google Ads,RND_IT_GOOGLE_SEARCH_GENERICA,500.51,8726,431,20
2024-05-27,Puglia,Google Ads,RND_IT_GOOGLE_SEARCH_LOCALE,271.84,5957,269,12
2024-05-27,Sardegna,Google Ads,RND_IT_GOOGLE_DISPLAY,56.49,9418,58,1
2024-05-27,Sardegna,Google Ads,RND_IT_GOOGLE_SEARCH_BRAND,76.71,2466,169,3
2024-05-27,Sardegna,Google Ads,RND_IT_GOOGLE_SEARCH_GENERICA,188.51,3365,192,7
2024-05-27,Sardegna,Google Ads,RND_IT_GOOGLE_SEARCH_LOCALE,76.46,1605,80,4
2024-05-27,Sicilia,Google Ads,RND_IT_GOOGLE_DISPLAY,164.44,29358,154,2
2024-05-27,Sicilia,Google Ads,RND_IT_GOOGLE_SEARCH_BRAND,148.01,5015,421,8
2024-05-27,Sicilia,Google Ads,RND_IT_GOOGLE_SEARCH_GENERICA,635.79,12318,576,30
2024-05-27,Sicilia,Google Ads,RND_IT_GOOGLE_SEARCH_LOCALE,328.01,7051,279,24
2024-05-27,Toscana,Google Ads,RND_IT_GOOGLE_DISPLAY,124.03,20745,118,2
2024-05-27,Toscana,Google Ads,RND_IT_GOOGLE_SEARCH_BRAND,148.61,4692,358,7
2024-05-27,Toscana,Google Ads,RND_IT_GOOGLE_SEARCH_GENERICA,253.02,4688,218,13
2024-05-27,Toscana,Google Ads,RND_IT_GOOGLE_SEARCH_LOCALE,211.18,4240,218,14
2024-05-27,Trentino-Alto Adige,Google Ads,RND_IT_GOOGLE_DISPLAY,50.14,8328,52,1
2024-05-27,Trentino-Alto Adige,Google Ads,RND_IT_GOOGLE_SEARCH_BRAND,38.48,1304,93,2
2024-05-27,Trentino-Alto Adige,Google Ads,RND_IT_GOOGLE_SEARCH_GENERICA,67.20,1232,57,3
2024-05-27,Trentino-Alto Adige,Google Ads,RND_IT_GOOGLE_SEARCH_LOCALE,48.26,1004,52,3
2024-05-27,Umbria,Google Ads,RND_IT_GOOGLE_DISPLAY,39.30,6532,42,1
2024-05-27,Umbria,Google Ads,RND_IT_GOOGLE_SEARCH_BRAND,42.95,1467,110,2
2024-05-27,Umbria,Google Ads,RND_IT_GOOGLE_SEARCH_GENERICA,91.39,1613,84,5
2024-05-27,Umbria,Google Ads,RND_IT_GOOGLE_SEARCH_LOCALE,47.30,976,45,3
2024-05-27,Valle d'Aosta,Google Ads,RND_IT_GOOGLE_DISPLAY,5.83,990,6,0
2024-05-27,Valle d'Aosta,Google Ads,RND_IT_GOOGLE_SEARCH_BRAND,6.51,220,13,0
2024-05-27,Valle d'Aosta,Google Ads,RND_IT_GOOGLE_SEARCH_GENERICA,12.97,242,12,1
2024-05-27,Valle d'Aosta,Google Ads,RND_IT_GOOGLE_SEARCH_LOCALE,5.18,109,5,0
2024-05-27,Veneto,Google Ads,RND_IT_GOOGLE_DISPLAY,162.98,27608,169,2
2024-05-27,Veneto,Google Ads,RND_IT_GOOGLE_SEARCH_BRAND,250.82,8306,576,7
2024-05-27,Veneto,Google Ads,RND_IT_GOOGLE_SEARCH_GENERICA,475.36,8291,389,15
2024-05-27,Veneto,Google Ads,RND_IT_GOOGLE_SEARCH_LOCALE,225.85,4933,221,9
2024-06-03,Abruzzo,Google Ads,RND_IT_GOOGLE_DISPLAY,91.93,14860,92,1
2024-06-03,Abruzzo,Google Ads,RND_IT_GOOGLE_SEARCH_BRAND,59.61,2021,152,2
2024-06-03,Abruzzo,Google Ads,RND_IT_GOOGLE_SEARCH_GENERICA,129.04,2236,109,4
2024-06-03,Abruzzo,Google Ads,RND_IT_GOOGLE_SEARCH_LOCALE,61.91,1299,58,2
2024-06-03,Basilicata,Google Ads,RND_IT_GOOGLE_DISPLAY,23.40,3852,25,0
2024-06-03,Basilicata,Google Ads,RND_IT_GOOGLE_SEARCH_BRAND,31.87,1068,85,1
2024-06-03,Basilicata,Google Ads,RND_IT_GOOGLE_SEARCH_GENERICA,71.03,1270,60,2
2024-06-03,Basilicata,Google Ads,RND_IT_GOOGLE_SEARCH_LOCALE,28.71,581,25,1
2024-06-03,Calabria,Google Ads,RND_IT_GOOGLE_DISPLAY,142.42,23262,126,2
2024-06-03,Calabria,Google Ads,RND_IT_GOOGLE_SEARCH_BRAND,104.52,3403,221,5
2024-06-03,Calabria,Google Ads,RND_IT_GOOGLE_SEARCH_GENERICA,211.12,4064,207,8
2024-06-03,Calabria,Google Ads,RND_IT_GOOGLE_SEARCH_LOCALE,79.20,1588,71,4
2024-06-03,Campania,Google Ads,RND_IT_GOOGLE_DISPLAY,318.31,52602,304,4
2024-06-03,Campania,Google Ads,RND_IT_GOOGLE_SEARCH_BRAND,290.47,10220,746,12
2024-06-03,Campania,Google Ads,RND_IT_GOOGLE_SEARCH_GENERICA,995.01,19121,1136,41
2024-06-03,Campania,Google Ads,RND_IT_GOOGLE_SEARCH_LOCALE,338.25,7395,346,19
2024-06-03,Emilia-Romagna,Google Ads,RND_IT_GOOGLE_DISPLAY,312.12,54871,328,5
2024-06-03,Emilia-Romagna,Google Ads,RND_IT_GOOGLE_SEARCH_BRAND,261.90,8638,694,15
2024-06-03,Emilia-Romagna,Google Ads,RND_IT_GOOGLE_SEARCH_GENERICA,457.57,8207,426,24
2024-06-03,Emilia-Romagna,Google Ads,RND_IT_GOOGLE_SEARCH_LOCALE,220.01,4654,216,16
2024-06-03,Friuli-Venezia Giulia,Google Ads,RND_IT_GOOGLE_DISPLAY,89.22,15146,92,2
2024-06-03,Friuli-Venezia Giulia,Google Ads,RND_IT_GOOGLE_SEARCH_BRAND,64.05,2185,147,4
2024-06-03,Friuli-Venezia Giulia,Google Ads,RND_IT_GOOGLE_SEARCH_GENERICA,144.95,2582,128,10
2024-06-03,Friuli-Venezia Giulia,Google Ads,RND_IT_GOOGLE_SEARCH_LOCALE,50.54,1067,55,4
2024-06-03,Lazio,Google Ads,RND_IT_GOOGLE_DISPLAY,292.20,48583,248,5
2024-06-03,Lazio,Google Ads,RND_IT_GOOGLE_SEARCH_BRAND,208.00,6430,490,11
2024-06-03,Lazio,Google Ads,RND_IT_GOOGLE_SEARCH_GENERICA,771.21,13332,636,37
2024-06-03,Lazio,Google Ads,RND_IT_GOOGLE_SEARCH_LOCALE,566.81,11687,530,29
2024-06-03,Liguria,Google Ads,RND_IT_GOOGLE_DISPLAY,55.43,9584,52,1
2024-06-03,Liguria,Google Ads,RND_IT_GOOGLE_SEARCH_BRAND,56.30,1949,147,3
2024-06-03,Liguria,Google Ads,RND_IT_GOOGLE_SEARCH_GENERICA,152.65,2782,126,9
2024-06-03,Liguria,Google Ads,RND_IT_GOOGLE_SEARCH_LOCALE,110.34,2317,93,9
2024-06-03,Lombardia,Google Ads,RND_IT_GOOGLE_DISPLAY,751.23,125914,755,10
2024-06-03,Lombardia,Google Ads,RND_IT_GOOGLE_SEARCH_BRAND,635.52,22118,1858,29
2024-06-03,Lombardia,Google Ads,RND_IT_GOOGLE_SEARCH_GENERICA,1399.65,25572,1344,63
2024-06-03,Lombardia,Google Ads,RND_IT_GOOGLE_SEARCH_LOCALE,545.30,11024,553,28
2024-06-03,Marche,Google Ads,RND_IT_GOOGLE_DISPLAY,65.74,10419,67,1
2024-06-03,Marche,Google Ads,RND_IT_GOOGLE_SEARCH_BRAND,94.19,3143,232,4
2024-06-03,Marche,Google Ads,RND_IT_GOOGLE_SEARCH_GENERICA,173.23,3224,169,7
2024-06-03,Marche,Google Ads,RND_IT_GOOGLE_SEARCH_LOCALE,103.60,2183,90,5
2024-06-03,Molise,Google Ads,RND_IT_GOOGLE_DISPLAY,34.56,6047,35,1
2024-06-03,Molise,Google Ads,RND_IT_GOOGLE_SEARCH_BRAND,10.04,340,25,1
2024-06-03,Molise,Google Ads,RND_IT_GOOGLE_SEARCH_GENERICA,53.83,1005,49,3
2024-06-03,Molise,Google Ads,RND_IT_GOOGLE_SEARCH_LOCALE,28.75,578,25,2
2024-06-03,Piemonte,Google Ads,RND_IT_GOOGLE_DISPLAY,164.61,27307,156,1
2024-06-03,Piemonte,Google Ads,RND_IT_GOOGLE_SEARCH_BRAND,239.23,8108,645,8
2024-06-03,Piemonte,Google Ads,RND_IT_GOOGLE_SEARCH_GENERICA,940.01,16990,922,28
2024-06-03,Piemonte,Google Ads,RND_IT_GOOGLE_SEARCH_LOCALE,339.88,7004,321,11
2024-06-03,Puglia,Google Ads,RND_IT_GOOGLE_DISPLAY,259.55,40331,251,2
2024-06-03,Puglia,Google Ads,RND_IT_GOOGLE_SEARCH_BRAND,192.64,6297,428,7
2024-06-03,Puglia,Google Ads,RND_IT_GOOGLE_SEARCH_GENERICA,536.97,9926,497,18
2024-06-03,Puglia,Google Ads,RND_IT_GOOGLE_SEARCH_LOCALE,338.47,6915,320,14
2024-06-03,Sardegna,Google Ads,RND_IT_GOOGLE_DISPLAY,86.88,13786,81,1
2024-06-03,Sardegna,Google Ads,RND_IT_GOOGLE_SEARCH_BRAND,87.26,2956,218,4
2024-06-03,Sardegna,Google Ads,RND_IT_GOOGLE_SEARCH_GENERICA,226.70,4035,213,10
2024-06-03,Sardegna,Google Ads,RND_IT_GOOGLE_SEARCH_LOCALE,80.77,1518,61,5
2024-06-03,Sicilia,Google Ads,RND_IT_GOOGLE_DISPLAY,235.35,40552,258,3
2024-06-03,Sicilia,Google Ads,RND_IT_GOOGLE_SEARCH_BRAND,214.32,6971,506,10
2024-06-03,Sicilia,Google Ads,RND_IT_GOOGLE_SEARCH_GENERICA,804.18,14857,758,37
2024-06-03,Sicilia,Google Ads,RND_IT_GOOGLE_SEARCH_LOCALE,396.72,8179,349,19
2024-06-03,Toscana,Google Ads,RND_IT_GOOGLE_DISPLAY,188.09,29859,176,3
2024-06-03,Toscana,Google Ads,RND_IT_GOOGLE_SEARCH_BRAND,179.72,5881,437,9
2024-06-03,Toscana,Google Ads,RND_IT_GOOGLE_SEARCH_GENERICA,292.54,5238,259,13
2024-06-03,Toscana,Google Ads,RND_IT_GOOGLE_SEARCH_LOCALE,302.71,6136,248,18
2024-06-03,Trentino-Alto Adige,Google Ads,RND_IT_GOOGLE_DISPLAY,63.48,11009,61,1
2024-06-03,Trentino-Alto Adige,Google Ads,RND_IT_GOOGLE_SEARCH_BRAND,47.42,1634,130,2
2024-06-03,Trentino-Alto Adige,Google Ads,RND_IT_GOOGLE_SEARCH_GENERICA,86.00,1585,74,4
2024-06-03,Trentino-Alto Adige,Google Ads,RND_IT_GOOGLE_SEARCH_LOCALE,60.87,1260,59,4
2024-06-03,Umbria,Google Ads,RND_IT_GOOGLE_DISPLAY,49.26,8229,54,1
2024-06-03,Umbria,Google Ads,RND_IT_GOOGLE_SEARCH_BRAND,49.20,1688,132,3
2024-06-03,Umbria,Google Ads,RND_IT_GOOGLE_SEARCH_GENERICA,115.09,2116,105,5
2024-06-03,Umbria,Google Ads,RND_IT_GOOGLE_SEARCH_LOCALE,51.83,1080,53,3
2024-06-03,Valle d'Aosta,Google Ads,RND_IT_GOOGLE_DISPLAY,8.45,1439,9,0
2024-06-03,Valle d'Aosta,Google Ads,RND_IT_GOOGLE_SEARCH_BRAND,8.24,269,19,0
2024-06-03,Valle d'Aosta,Google Ads,RND_IT_GOOGLE_SEARCH_GENERICA,14.67,267,14,1
2024-06-03,Valle d'Aosta,Google Ads,RND_IT_GOOGLE_SEARCH_LOCALE,6.31,138,6,0
2024-06-03,Veneto,Google Ads,RND_IT_GOOGLE_DISPLAY,221.94,36705,206,2
2024-06-03,Veneto,Google Ads,RND_IT_GOOGLE_SEARCH_BRAND,295.95,9648,731,10
2024-06-03,Veneto,Google Ads,RND_IT_GOOGLE_SEARCH_GENERICA,541.86,10087,486,14
2024-06-03,Veneto,Google Ads,RND_IT_GOOGLE_SEARCH_LOCALE,285.23,5997,289,12
2024-06-10,Abruzzo,Google Ads,RND_IT_GOOGLE_DISPLAY,51.43,8706,54,0
2024-06-10,Abruzzo,Google Ads,RND_IT_GOOGLE_SEARCH_BRAND,41.46,1355,112,1
2024-06-10,Abruzzo,Google Ads,RND_IT_GOOGLE_SEARCH_GENERICA,94.51,1637,84,3
2024-06-10,Abruzzo,Google Ads,RND_IT_GOOGLE_SEARCH_LOCALE,36.00,758,36,1
2024-06-10,Basilicata,Google Ads,RND_IT_GOOGLE_DISPLAY,12.07,2031,12,0
2024-06-10,Basilicata,Google Ads,RND_IT_GOOGLE_SEARCH_BRAND,20.69,705,50,1
2024-06-10,Basilicata,Google Ads,RND_IT_GOOGLE_SEARCH_GENERICA,43.53,766,35,1
2024-06-10,Basilicata,Google Ads,RND_IT_GOOGLE_SEARCH_LOCALE,20.32,430,18,1
2024-06-10,Calabria,Google Ads,RND_IT_GOOGLE_DISPLAY,104.13,17335,109,2
2024-06-10,Calabria,Google Ads,RND_IT_GOOGLE_SEARCH_BRAND,93.19,3013,228,5
2024-06-10,Calabria,Google Ads,RND_IT_GOOGLE_SEARCH_GENERICA,185.29,3342,176,9
2024-06-10,Calabria,Google Ads,RND_IT_GOOGLE_SEARCH_LOCALE,69.11,1477,57,4
2024-06-10,Campania,Google Ads,RND_IT_GOOGLE_DISPLAY,226.95,36616,206,3
2024-06-10,Campania,Google Ads,RND_IT_GOOGLE_SEARCH_BRAND,197.21,6644,492,10
2024-06-10,Campania,Google Ads,RND_IT_GOOGLE_SEARCH_GENERICA,626.22,10893,557,32
2024-06-10,Campania,Google Ads,RND_IT_GOOGLE_SEARCH_LOCALE,234.04,4942,206,14
2024-06-10,Emilia-Romagna,Google Ads,RND_IT_GOOGLE_DISPLAY,215.48,36300,231,3
2024-06-10,Emilia-Romagna,Google Ads,RND_IT_GOOGLE_SEARCH_BRAND,220.94,7530,562,14
2024-06-10,Emilia-Romagna,Google Ads,RND_IT_GOOGLE_SEARCH_GENERICA,312.29,5609,257,18
2024-06-10,Emilia-Romagna,Google Ads,RND_IT_GOOGLE_SEARCH_LOCALE,180.74,3797,164,13
2024-06-10,Friuli-Venezia Giulia,Google Ads,RND_IT_GOOGLE_DISPLAY,45.55,7178,47,1
2024-06-10,Friuli-Venezia Giulia,Google Ads,RND_IT_GOOGLE_SEARCH_BRAND,36.88,1226,81,3
2024-06-10,Friuli-Venezia Giulia,Google Ads,RND_IT_GOOGLE_SEARCH_GENERICA,93.68,1684,83,7
2024-06-10,Friuli-Venezia Giulia,Google Ads,RND_IT_GOOGLE_SEARCH_LOCALE,28.15,599,30,2
2024-06-10,Lazio,Google Ads,RND_IT_GOOGLE_DISPLAY,200.46,34343,192,4
2024-06-10,Lazio,Google Ads,RND_IT_GOOGLE_SEARCH_BRAND,149.27,5126,422,9
2024-06-10,Lazio,Google Ads,RND_IT_GOOGLE_SEARCH_GENERICA,423.61,8005,426,29
2024-06-10,Lazio,Google Ads,RND_IT_GOOGLE_SEARCH_LOCALE,308.96,5968,266,27
2024-06-10,Liguria,Google Ads,RND_IT_GOOGLE_DISPLAY,29.60,4962,30,1
2024-06-10,Liguria,Google Ads,RND_IT_GOOGLE_SEARCH_BRAND,31.86,1052,75,2
2024-06-10,Liguria,Google Ads,RND_IT_GOOGLE_SEARCH_GENERICA,105.06,1918,87,6
2024-06-10,Liguria,Google Ads,RND_IT_GOOGLE_SEARCH_LOCALE,61.11,1353,57,5
2024-06-10,Lombardia,Google Ads,RND_IT_GOOGLE_DISPLAY,452.65,76493,498,7
2024-06-10,Lombardia,Google Ads,RND_IT_GOOGLE_SEARCH_BRAND,432.08,14310,1150,23
2024-06-10,Lombardia,Google Ads,RND_IT_GOOGLE_SEARCH_GENERICA,860.62,16131,746,39
2024-06-10,Lombardia,Google Ads,RND_IT_GOOGLE_SEARCH_LOCALE,332.79,7264,330,22
2024-06-10,Marche,Google Ads,RND_IT_GOOGLE_DISPLAY,37.66,5784,32,0
2024-06-10,Marche,Google Ads,RND_IT_GOOGLE_SEARCH_BRAND,59.11,1913,137,2
2024-06-10,Marche,Google Ads,RND_IT_GOOGLE_SEARCH_GENERICA,104.56,1918,95,4
2024-06-10,Marche,Google Ads,RND_IT_GOOGLE_SEARCH_LOCALE,68.06,1427,58,3
2024-06-10,Molise,Google Ads,RND_IT_GOOGLE_DISPLAY,16.53,2662,15,0
2024-06-10,Molise,Google Ads,RND_IT_GOOGLE_SEARCH_BRAND,8.10,278,20,1
2024-06-10,Molise,Google Ads,RND_IT_GOOGLE_SEARCH_GENERICA,29.96,536,31,2
2024-06-10,Molise,Google Ads,RND_IT_GOOGLE_SEARCH_LOCALE,20.04,400,19,2
2024-06-10,Piemonte,Google Ads,RND_IT_GOOGLE_DISPLAY,123.71,20306,127,1
2024-06-10,Piemonte,Google Ads,RND_IT_GOOGLE_SEARCH_BRAND,142.85,4652,379,5
2024-06-10,Piemonte,Google Ads,RND_IT_GOOGLE_SEARCH_GENERICA,557.41,10175,485,20
2024-06-10,Piemonte,Google Ads,RND_IT_GOOGLE_SEARCH_LOCALE,213.20,4603,193,9
2024-06-10,Puglia,Google Ads,RND_IT_GOOGLE_DISPLAY,218.64,37176,221,2
2024-06-10,Puglia,Google Ads,RND_IT_GOOGLE_SEARCH_BRAND,178.14,6000,481,7
2024-06-10,Puglia,Google Ads,RND_IT_GOOGLE_SEARCH_GENERICA,459.53,8538,442,16
2024-06-10,Puglia,Google Ads,RND_IT_GOOGLE_SEARCH_LOCALE,261.71,5339,226,14
2024-06-10,Sardegna,Google Ads,RND_IT_GOOGLE_DISPLAY,66.51,10772,58,1
2024-06-10,Sardegna,Google Ads,RND_IT_GOOGLE_SEARCH_BRAND,71.35,2373,181,4
2024-06-10,Sardegna,Google Ads,RND_IT_GOOGLE_SEARCH_GENERICA,166.11,3128,159,8
2024-06-10,Sardegna,Google Ads,RND_IT_GOOGLE_SEARCH_LOCALE,57.72,1222,56,4
2024-06-10,Sicilia,Google Ads,RND_IT_GOOGLE_DISPLAY,150.76,27047,159,2
2024-06-10,Sicilia,Google Ads,RND_IT_GOOGLE_SEARCH_BRAND,182.41,5888,465,10
2024-06-10,Sicilia,Google Ads,RND_IT_GOOGLE_SEARCH_GENERICA,594.20,10761,516,30
2024-06-10,Sicilia,Google Ads,RND_IT_GOOGLE_SEARCH_LOCALE,286.49,5739,290,18
2024-06-10,Toscana,Google Ads,RND_IT_GOOGLE_DISPLAY,116.71,19299,130,2
2024-06-10,Toscana,Google Ads,RND_IT_GOOGLE_SEARCH_BRAND,128.62,4209,309,8
2024-06-10,Toscana,Google Ads,RND_IT_GOOGLE_SEARCH_GENERICA,201.10,3476,176,10
2024-06-10,Toscana,Google Ads,RND_IT_GOOGLE_SEARCH_LOCALE,157.61,3503,182,11
2024-06-10,Trentino-Alto Adige,Google Ads,RND_IT_GOOGLE_DISPLAY,46.43,7503,52,1
2024-06-10,Trentino-Alto Adige,Google Ads,RND_IT_GOOGLE_SEARCH_BRAND,40.50,1406,105,2
2024-06-10,Trentino-Alto Adige,Google Ads,RND_IT_GOOGLE_SEARCH_GENERICA,75.82,1307,63,3
2024-06-10,Trentino-Alto Adige,Google Ads,RND_IT_GOOGLE_SEARCH_LOCALE,55.36,1103,46,3
2024-06-10,Umbria,Google Ads,RND_IT_GOOGLE_DISPLAY,26.76,4434,25,0
2024-06-10,Umbria,Google Ads,RND_IT_GOOGLE_SEARCH_BRAND,37.81,1268,91,2
2024-06-10,Umbria,Google Ads,RND_IT_GOOGLE_SEARCH_GENERICA,59.53,1072,52,3
2024-06-10,Umbria,Google Ads,RND_IT_GOOGLE_SEARCH_LOCALE,26.68,557,24,2
2024-06-10,Valle d'Aosta,Google Ads,RND_IT_GOOGLE_DISPLAY,4.93,798,4,0
2024-06-10,Valle d'Aosta,Google Ads,RND_IT_GOOGLE_SEARCH_BRAND,4.92,159,13,0
2024-06-10,Valle d'Aosta,Google Ads,RND_IT_GOOGLE_SEARCH_GENERICA,11.16,189,8,1
2024-06-10,Valle d'Aosta,Google Ads,RND_IT_GOOGLE_SEARCH_LOCALE,4.01,78,4,0
2024-06-10,Veneto,Google Ads,RND_IT_GOOGLE_DISPLAY,164.47,26438,154,2
2024-06-10,Veneto,Google Ads,RND_IT_GOOGLE_SEARCH_BRAND,194.03,6527,466,8
2024-06-10,Veneto,Google Ads,RND_IT_GOOGLE_SEARCH_GENERICA,356.78,6836,341,15
2024-06-10,Veneto,Google Ads,RND_IT_GOOGLE_SEARCH_LOCALE,168.66,3509,171,8
2024-06-17,Abruzzo,Google Ads,RND_IT_GOOGLE_DISPLAY,40.10,6885,47,0
2024-06-17,Abruzzo,Google Ads,RND_IT_GOOGLE_SEARCH_BRAND,41.58,1380,114,1
2024-06-17,Abruzzo,Google Ads,RND_IT_GOOGLE_SEARCH_GENERICA,78.31,1449,77,2
2024-06-17,Abruzzo,Google Ads,RND_IT_GOOGLE_SEARCH_LOCALE,37.97,781,30,1
2024-06-17,Basilicata,Google Ads,RND_IT_GOOGLE_DISPLAY,9.33,1580,10,0
2024-06-17,Basilicata,Google Ads,RND_IT_GOOGLE_SEARCH_BRAND,20.97,772,57,1
2024-06-17,Basilicata,Google Ads,RND_IT_GOOGLE_SEARCH_GENERICA,35.24,629,32,1
2024-06-17,Basilicata,Google Ads,RND_IT_GOOGLE_SEARCH_LOCALE,23.36,503,23,1
2024-06-17,Calabria,Google Ads,RND_IT_GOOGLE_DISPLAY,94.60,16010,106,2
2024-06-17,Calabria,Google Ads,RND_IT_GOOGLE_SEARCH_BRAND,100.83,3390,255,6
2024-06-17,Calabria,Google Ads,RND_IT_GOOGLE_SEARCH_GENERICA,120.59,2120,114,5
2024-06-17,Calabria,Google Ads,RND_IT_GOOGLE_SEARCH_LOCALE,82.48,1696,74,5
2024-06-17,Campania,Google Ads,RND_IT_GOOGLE_DISPLAY,200.10,34627,222,3
2024-06-17,Campania,Google Ads,RND_IT_GOOGLE_SEARCH_BRAND,167.14,5508,435,8
2024-06-17,Campania,Google Ads,RND_IT_GOOGLE_SEARCH_GENERICA,510.38,9566,498,23
2024-06-17,Campania,Google Ads,RND_IT_GOOGLE_SEARCH_LOCALE,239.17,5153,201,14
2024-06-17,Emilia-Romagna,Google Ads,RND_IT_GOOGLE_DISPLAY,206.72,34956,190,4
2024-06-17,Emilia-Romagna,Google Ads,RND_IT_GOOGLE_SEARCH_BRAND,193.94,6740,506,12
2024-06-17,Emilia-Romagna,Google Ads,RND_IT_GOOGLE_SEARCH_GENERICA,238.86,4198,209,12
2024-06-17,Emilia-Romagna,Google Ads,RND_IT_GOOGLE_SEARCH_LOCALE,201.15,4062,166,14
2024-06-17,Friuli-Venezia Giulia,Google Ads,RND_IT_GOOGLE_DISPLAY,46.02,7424,42,1
2024-06-17,Friuli-Venezia Giulia,Google Ads,RND_IT_GOOGLE_SEARCH_BRAND,31.69,998,73,2
2024-06-17,Friuli-Venezia Giulia,Google Ads,RND_IT_GOOGLE_SEARCH_GENERICA,75.11,1324,63,5
2024-06-17,Friuli-Venezia Giulia,Google Ads,RND_IT_GOOGLE_SEARCH_LOCALE,28.52,589,25,2
2024-06-17,Lazio,Google Ads,RND_IT_GOOGLE_DISPLAY,194.77,33152,189,4
2024-06-17,Lazio,Google Ads,RND_IT_GOOGLE_SEARCH_BRAND,141.07,4716,353,9
2024-06-17,Lazio,Google Ads,RND_IT_GOOGLE_SEARCH_GENERICA,344.71,6124,296,23
2024-06-17,Lazio,Google Ads,RND_IT_GOOGLE_SEARCH_LOCALE,325.59,6730,304,22
2024-06-17,Liguria,Google Ads,RND_IT_GOOGLE_DISPLAY,24.48,3942,23,0
2024-06-17,Liguria,Google Ads,RND_IT_GOOGLE_SEARCH_BRAND,34.84,1231,98,2
2024-06-17,Liguria,Google Ads,RND_IT_GOOGLE_SEARCH_GENERICA,84.07,1534,69,5
2024-06-17,Liguria,Google Ads,RND_IT_GOOGLE_SEARCH_LOCALE,70.34,1487,72,4
2024-06-17,Lombardia,Google Ads,RND_IT_GOOGLE_DISPLAY,312.02,51258,293,4
2024-06-17,Lombardia,Google Ads,RND_IT_GOOGLE_SEARCH_BRAND,387.87,12884,921,15
2024-06-17,Lombardia,Google Ads,RND_IT_GOOGLE_SEARCH_GENERICA,651.23,12061,592,28
2024-06-17,Lombardia,Google Ads,RND_IT_GOOGLE_SEARCH_LOCALE,367.20,7734,357,20
2024-06-17,Marche,Google Ads,RND_IT_GOOGLE_DISPLAY,33.65,5601,32,0
2024-06-17,Marche,Google Ads,RND_IT_GOOGLE_SEARCH_BRAND,48.01,1517,113,2
2024-06-17,Marche,Google Ads,RND_IT_GOOGLE_SEARCH_GENERICA,87.15,1641,83,4
2024-06-17,Marche,Google Ads,RND_IT_GOOGLE_SEARCH_LOCALE,59.74,1271,61,3
2024-06-17,Molise,Google Ads,RND_IT_GOOGLE_DISPLAY,12.47,2070,13,0
2024-06-17,Molise,Google Ads,RND_IT_GOOGLE_SEARCH_BRAND,7.72,254,19,1
2024-06-17,Molise,Google Ads,RND_IT_GOOGLE_SEARCH_GENERICA,22.13,415,23,1
2024-06-17,Molise,Google Ads,RND_IT_GOOGLE_SEARCH_LOCALE,18.38,386,17,2
2024-06-17,Piemonte,Google Ads,RND_IT_GOOGLE_DISPLAY,103.07,16256,98,1
2024-06-17,Piemonte,Google Ads,RND_IT_GOOGLE_SEARCH_BRAND,111.68,3885,309,3
2024-06-17,Piemonte,Google Ads,RND_IT_GOOGLE_SEARCH_GENERICA,519.20,9440,489,17
2024-06-17,Piemonte,Google Ads,RND_IT_GOOGLE_SEARCH_LOCALE,231.47,4918,210,8
2024-06-17,Puglia,Google Ads,RND_IT_GOOGLE_DISPLAY,160.20,25925,169,1
2024-06-17,Puglia,Google Ads,RND_IT_GOOGLE_SEARCH_BRAND,174.11,5869,437,5
2024-06-17,Puglia,Google Ads,RND_IT_GOOGLE_SEARCH_GENERICA,421.54,7899,371,13
2024-06-17,Puglia,Google Ads,RND_IT_GOOGLE_SEARCH_LOCALE,240.85,4882,217,9
2024-06-17,Sardegna,Google Ads,RND_IT_GOOGLE_DISPLAY,57.68,9608,59,1
2024-06-17,Sardegna,Google Ads,RND_IT_GOOGLE_SEARCH_BRAND,84.37,2742,232,4
2024-06-17,Sardegna,Google Ads,RND_IT_GOOGLE_SEARCH_GENERICA,154.71,2756,124,8
2024-06-17,Sardegna,Google Ads,RND_IT_GOOGLE_SEARCH_LOCALE,59.24,1248,59,3
2024-06-17,Sicilia,Google Ads,RND_IT_GOOGLE_DISPLAY,145.82,23859,136,2
2024-06-17,Sicilia,Google Ads,RND_IT_GOOGLE_SEARCH_BRAND,165.64,5408,401,8
2024-06-17,Sicilia,Google Ads,RND_IT_GOOGLE_SEARCH_GENERICA,527.25,9063,447,25
2024-06-17,Sicilia,Google Ads,RND_IT_GOOGLE_SEARCH_LOCALE,294.85,6439,311,17
2024-06-17,Toscana,Google Ads,RND_IT_GOOGLE_DISPLAY,93.34,16082,98,2
2024-06-17,Toscana,Google Ads,RND_IT_GOOGLE_SEARCH_BRAND,118.50,3884,286,7
2024-06-17,Toscana,Google Ads,RND_IT_GOOGLE_SEARCH_GENERICA,158.51,2824,149,8
2024-06-17,Toscana,Google Ads,RND_IT_GOOGLE_SEARCH_LOCALE,155.57,3078,137,11
2024-06-17,Trentino-Alto Adige,Google Ads,RND_IT_GOOGLE_DISPLAY,36.91,6392,34,0
2024-06-17,Trentino-Alto Adige,Google Ads,RND_IT_GOOGLE_SEARCH_BRAND,35.86,1208,90,1
2024-06-17,Trentino-Alto Adige,Google Ads,RND_IT_GOOGLE_SEARCH_GENERICA,66.68,1183,58,3
2024-06-17,Trentino-Alto Adige,Google Ads,RND_IT_GOOGLE_SEARCH_LOCALE,46.92,992,42,2
2024-06-17,Umbria,Google Ads,RND_IT_GOOGLE_DISPLAY,24.63,3967,20,0
2024-06-17,Umbria,Google Ads,RND_IT_GOOGLE_SEARCH_BRAND,28.18,977,67,1
2024-06-17,Umbria,Google Ads,RND_IT_GOOGLE_SEARCH_GENERICA,52.15,930,48,3
2024-06-17,Umbria,Google Ads,RND_IT_GOOGLE_SEARCH_LOCALE,33.59,714,33,3
2024-06-17,Valle d'Aosta,Google Ads,RND_IT_GOOGLE_DISPLAY,4.23,706,4,0
2024-06-17,Valle d'Aosta,Google Ads,RND_IT_GOOGLE_SEARCH_BRAND,4.29,147,10,0
2024-06-17,Valle d'Aosta,Google Ads,RND_IT_GOOGLE_SEARCH_GENERICA,7.00,124,6,0
2024-06-17,Valle d'Aosta,Google Ads,RND_IT_GOOGLE_SEARCH_LOCALE,3.75,81,4,0
2024-06-17,Veneto,Google Ads,RND_IT_GOOGLE_DISPLAY,147.56,25761,166,2
2024-06-17,Veneto,Google Ads,RND_IT_GOOGLE_SEARCH_BRAND,150.65,5090,368,6
2024-06-17,Veneto,Google Ads,RND_IT_GOOGLE_SEARCH_GENERICA,316.92,5682,298,11
2024-06-17,Veneto,Google Ads,RND_IT_GOOGLE_SEARCH_LOCALE,185.36,3946,193,7
2024-06-24,Abruzzo,Google Ads,RND_IT_GOOGLE_DISPLAY,28.29,4696,28,0
2024-06-24,Abruzzo,Google Ads,RND_IT_GOOGLE_SEARCH_BRAND,34.96,1119,91,1
2024-06-24,Abruzzo,Google Ads,RND_IT_GOOGLE_SEARCH_GENERICA,78.42,1452,64,2
2024-06-24,Abruzzo,Google Ads,RND_IT_GOOGLE_SEARCH_LOCALE,35.93,751,32,1
2024-06-24,Basilicata,Google Ads,RND_IT_GOOGLE_DISPLAY,9.02,1485,9,0
2024-06-24,Basilicata,Google Ads,RND_IT_GOOGLE_SEARCH_BRAND,24.67,790,59,1
2024-06-24,Basilicata,Google Ads,RND_IT_GOOGLE_SEARCH_GENERICA,33.74,645,36,1
2024-06-24,Basilicata,Google Ads,RND_IT_GOOGLE_SEARCH_LOCALE,22.50,475,20,1
2024-06-24,Calabria,Google Ads,RND_IT_GOOGLE_DISPLAY,70.83,12110,66,1
2024-06-24,Calabria,Google Ads,RND_IT_GOOGLE_SEARCH_BRAND,95.13,3222,233,4
2024-06-24,Calabria,Google Ads,RND_IT_GOOGLE_SEARCH_GENERICA,106.47,1836,85,4
2024-06-24,Calabria,Google Ads,RND_IT_GOOGLE_SEARCH_LOCALE,74.23,1512,72,5
2024-06-24,Campania,Google Ads,RND_IT_GOOGLE_DISPLAY,169.90,28084,182,2
2024-06-24,Campania,Google Ads,RND_IT_GOOGLE_SEARCH_BRAND,177.99,5694,464,8
2024-06-24,Campania,Google Ads,RND_IT_GOOGLE_SEARCH_GENERICA,430.10,7518,397,19
2024-06-24,Campania,Google Ads,RND_IT_GOOGLE_SEARCH_LOCALE,253.67,5223,228,13
2024-06-24,Emilia-Romagna,Google Ads,RND_IT_GOOGLE_DISPLAY,200.72,34730,216,4
2024-06-24,Emilia-Romagna,Google Ads,RND_IT_GOOGLE_SEARCH_BRAND,209.45,6934,577,14
2024-06-24,Emilia-Romagna,Google Ads,RND_IT_GOOGLE_SEARCH_GENERICA,193.86,3441,169,10
2024-06-24,Emilia-Romagna,Google Ads,RND_IT_GOOGLE_SEARCH_LOCALE,195.82,3916,171,14
2024-06-24,Friuli-Venezia Giulia,Google Ads,RND_IT_GOOGLE_DISPLAY,40.69,6661,41,1
2024-06-24,Friuli-Venezia Giulia,Google Ads,RND_IT_GOOGLE_SEARCH_BRAND,32.99,1110,91,2
2024-06-24,Friuli-Venezia Giulia,Google Ads,RND_IT_GOOGLE_SEARCH_GENERICA,73.53,1368,68,5
2024-06-24,Friuli-Venezia Giulia,Google Ads,RND_IT_GOOGLE_SEARCH_LOCALE,32.72,712,35,2
2024-06-24,Lazio,Google Ads,RND_IT_GOOGLE_DISPLAY,159.03,26127,157,3
2024-06-24,Lazio,Google Ads,RND_IT_GOOGLE_SEARCH_BRAND,147.97,4764,336,10
2024-06-24,Lazio,Google Ads,RND_IT_GOOGLE_SEARCH_GENERICA,286.80,5182,255,14
2024-06-24,Lazio,Google Ads,RND_IT_GOOGLE_SEARCH_LOCALE,300.81,6351,258,18
2024-06-24,Liguria,Google Ads,RND_IT_GOOGLE_DISPLAY,23.32,3978,23,0
2024-06-24,Liguria,Google Ads,RND_IT_GOOGLE_SEARCH_BRAND,36.81,1189,86,2
2024-06-24,Liguria,Google Ads,RND_IT_GOOGLE_SEARCH_GENERICA,79.46,1413,72,4
2024-06-24,Liguria,Google Ads,RND_IT_GOOGLE_SEARCH_LOCALE,82.91,1680,86,6
2024-06-24,Lombardia,Google Ads,RND_IT_GOOGLE_DISPLAY,240.29,40168,222,3
2024-06-24,Lombardia,Google Ads,RND_IT_GOOGLE_SEARCH_BRAND,399.21,13270,1122,14
2024-06-24,Lombardia,Google Ads,RND_IT_GOOGLE_SEARCH_GENERICA,588.53,10931,564,22
2024-06-24,Lombardia,Google Ads,RND_IT_GOOGLE_SEARCH_LOCALE,305.40,6414,276,15
2024-06-24,Marche,Google Ads,RND_IT_GOOGLE_DISPLAY,26.02,4350,27,0
2024-06-24,Marche,Google Ads,RND_IT_GOOGLE_SEARCH_BRAND,48.82,1652,126,2
2024-06-24,Marche,Google Ads,RND_IT_GOOGLE_SEARCH_GENERICA,67.43,1261,68,3
2024-06-24,Marche,Google Ads,RND_IT_GOOGLE_SEARCH_LOCALE,48.51,1046,50,2
2024-06-24,Molise,Google Ads,RND_IT_GOOGLE_DISPLAY,11.77,1849,11,0
2024-06-24,Molise,Google Ads,RND_IT_GOOGLE_SEARCH_BRAND,7.11,244,18,0
2024-06-24,Molise,Google Ads,RND_IT_GOOGLE_SEARCH_GENERICA,22.76,414,23,1
2024-06-24,Molise,Google Ads,RND_IT_GOOGLE_SEARCH_LOCALE,20.62,442,20,1
2024-06-24,Piemonte,Google Ads,RND_IT_GOOGLE_DISPLAY,87.54,14435,84,1
2024-06-24,Piemonte,Google Ads,RND_IT_GOOGLE_SEARCH_BRAND,99.78,3386,267,3
2024-06-24,Piemonte,Google Ads,RND_IT_GOOGLE_SEARCH_GENERICA,417.67,7408,379,12
2024-06-24,Piemonte,Google Ads,RND_IT_GOOGLE_SEARCH_LOCALE,224.36,4544,208,9
2024-06-24,Puglia,Google Ads,RND_IT_GOOGLE_DISPLAY,161.61,27633,186,2
2024-06-24,Puglia,Google Ads,RND_IT_GOOGLE_SEARCH_BRAND,133.92,4474,359,5
2024-06-24,Puglia,Google Ads,RND_IT_GOOGLE_SEARCH_GENERICA,376.30,6897,386,13
2024-06-24,Puglia,Google Ads,RND_IT_GOOGLE_SEARCH_LOCALE,255.53,4823,213,13
2024-06-24,Sardegna,Google Ads,RND_IT_GOOGLE_DISPLAY,53.04,8632,52,1
2024-06-24,Sardegna,Google Ads,RND_IT_GOOGLE_SEARCH_BRAND,72.88,2375,171,4
2024-06-24,Sardegna,Google Ads,RND_IT_GOOGLE_SEARCH_GENERICA,120.67,2179,110,6
2024-06-24,Sardegna,Google Ads,RND_IT_GOOGLE_SEARCH_LOCALE,66.73,1407,67,3
2024-06-24,Sicilia,Google Ads,RND_IT_GOOGLE_DISPLAY,146.41,24915,124,2
2024-06-24,Sicilia,Google Ads,RND_IT_GOOGLE_SEARCH_BRAND,159.91,5159,393,7
2024-06-24,Sicilia,Google Ads,RND_IT_GOOGLE_SEARCH_GENERICA,434.18,7837,421,21
2024-06-24,Sicilia,Google Ads,RND_IT_GOOGLE_SEARCH_LOCALE,290.69,5895,259,19
2024-06-24,Toscana,Google Ads,RND_IT_GOOGLE_DISPLAY,83.70,14062,81,1
2024-06-24,Toscana,Google Ads,RND_IT_GOOGLE_SEARCH_BRAND,99.36,3261,260,5
2024-06-24,Toscana,Google Ads,RND_IT_GOOGLE_SEARCH_GENERICA,118.47,2121,109,6
2024-06-24,Toscana,Google Ads,RND_IT_GOOGLE_SEARCH_LOCALE,161.03,3417,148,9
2024-06-24,Trentino-Alto Adige,Google Ads,RND_IT_GOOGLE_DISPLAY,34.49,5713,32,0
2024-06-24,Trentino-Alto Adige,Google Ads,RND_IT_GOOGLE_SEARCH_BRAND,36.71,1239,85,2
2024-06-24,Trentino-Alto Adige,Google Ads,RND_IT_GOOGLE_SEARCH_GENERICA,48.13,899,43,2
2024-06-24,Trentino-Alto Adige,Google Ads,RND_IT_GOOGLE_SEARCH_LOCALE,43.27,927,47,2
2024-06-24,Umbria,Google Ads,RND_IT_GOOGLE_DISPLAY,20.13,3491,21,0
2024-06-24,Umbria,Google Ads,RND_IT_GOOGLE_SEARCH_BRAND,29.77,1002,75,1
2024-06-24,Umbria,Google Ads,RND_IT_GOOGLE_SEARCH_GENERICA,62.13,1138,58,3
2024-06-24,Umbria,Google Ads,RND_IT_GOOGLE_SEARCH_LOCALE,35.61,767,35,2
2024-06-24,Valle d'Aosta,Google Ads,RND_IT_GOOGLE_DISPLAY,3.91,646,3,0
2024-06-24,Valle d'Aosta,Google Ads,RND_IT_GOOGLE_SEARCH_BRAND,3.59,112,8,0
2024-06-24,Valle d'Aosta,Google Ads,RND_IT_GOOGLE_SEARCH_GENERICA,8.06,151,8,0
2024-06-24,Valle d'Aosta,Google Ads,RND_IT_GOOGLE_SEARCH_LOCALE,4.14,91,4,0
2024-06-24,Veneto,Google Ads,RND_IT_GOOGLE_DISPLAY,99.08,16380,101,1
2024-06-24,Veneto,Google Ads,RND_IT_GOOGLE_SEARCH_BRAND,138.75,4516,315,4
2024-06-24,Veneto,Google Ads,RND_IT_GOOGLE_SEARCH_GENERICA,277.21,5242,262,8
2024-06-24,Veneto,Google Ads,RND_IT_GOOGLE_SEARCH_LOCALE,222.89,4816,194,8
2024-07-01,Abruzzo,Google Ads,RND_IT_GOOGLE_DISPLAY,23.15,3834,23,0
2024-07-01,Abruzzo,Google Ads,RND_IT_GOOGLE_PMAX,37.26,2671,44,1
2024-07-01,Abruzzo,Google Ads,RND_IT_GOOGLE_SEARCH_BRAND,24.67,852,61,1
2024-07-01,Abruzzo,Google Ads,RND_IT_GOOGLE_SEARCH_GENERICA,44.87,827,43,1
2024-07-01,Abruzzo,Google Ads,RND_IT_GOOGLE_SEARCH_LOCALE,28.11,616,31,1
2024-07-01,Basilicata,Google Ads,RND_IT_GOOGLE_DISPLAY,6.13,1024,6,0
2024-07-01,Basilicata,Google Ads,RND_IT_GOOGLE_PMAX,12.48,873,17,0
2024-07-01,Basilicata,Google Ads,RND_IT_GOOGLE_SEARCH_BRAND,15.68,524,41,0
2024-07-01,Basilicata,Google Ads,RND_IT_GOOGLE_SEARCH_GENERICA,22.10,396,21,1
2024-07-01,Basilicata,Google Ads,RND_IT_GOOGLE_SEARCH_LOCALE,15.03,326,14,0
2024-07-01,Calabria,Google Ads,RND_IT_GOOGLE_DISPLAY,46.28,7890,48,1
2024-07-01,Calabria,Google Ads,RND_IT_GOOGLE_PMAX,57.45,4048,78,2
2024-07-01,Calabria,Google Ads,RND_IT_GOOGLE_SEARCH_BRAND,52.51,1676,123,3
2024-07-01,Calabria,Google Ads,RND_IT_GOOGLE_SEARCH_GENERICA,83.34,1563,78,5
2024-07-01,Calabria,Google Ads,RND_IT_GOOGLE_SEARCH_LOCALE,43.36,943,49,2
2024-07-01,Campania,Google Ads,RND_IT_GOOGLE_DISPLAY,111.45,17754,106,2
2024-07-01,Campania,Google Ads,RND_IT_GOOGLE_PMAX,144.41,9682,210,4
2024-07-01,Campania,Google Ads,RND_IT_GOOGLE_SEARCH_BRAND,118.60,4233,303,5
2024-07-01,Campania,Google Ads,RND_IT_GOOGLE_SEARCH_GENERICA,269.49,4968,197,13
2024-07-01,Campania,Google Ads,RND_IT_GOOGLE_SEARCH_LOCALE,187.08,3893,180,9
2024-07-01,Emilia-Romagna,Google Ads,RND_IT_GOOGLE_DISPLAY,131.28,22449,133,4
2024-07-01,Emilia-Romagna,Google Ads,RND_IT_GOOGLE_PMAX,210.71,15408,289,10
2024-07-01,Emilia-Romagna,Google Ads,RND_IT_GOOGLE_SEARCH_BRAND,163.37,5441,410,13
2024-07-01,Emilia-Romagna,Google Ads,RND_IT_GOOGLE_SEARCH_GENERICA,143.72,2817,157,10
2024-07-01,Emilia-Romagna,Google Ads,RND_IT_GOOGLE_SEARCH_LOCALE,111.20,2227,101,8
2024-07-01,Friuli-Venezia Giulia,Google Ads,RND_IT_GOOGLE_DISPLAY,23.52,3928,23,1
2024-07-01,Friuli-Venezia Giulia,Google Ads,RND_IT_GOOGLE_PMAX,44.29,3043,63,2
2024-07-01,Friuli-Venezia Giulia,Google Ads,RND_IT_GOOGLE_SEARCH_BRAND,24.26,818,56,2
2024-07-01,Friuli-Venezia Giulia,Google Ads,RND_IT_GOOGLE_SEARCH_GENERICA,45.66,838,41,3
2024-07-01,Friuli-Venezia Giulia,Google Ads,RND_IT_GOOGLE_SEARCH_LOCALE,21.48,481,22,2
2024-07-01,Lazio,Google Ads,RND_IT_GOOGLE_DISPLAY,104.34,17679,106,3
2024-07-01,Lazio,Google Ads,RND_IT_GOOGLE_PMAX,125.17,9183,182,5
2024-07-01,Lazio,Google Ads,RND_IT_GOOGLE_SEARCH_BRAND,90.15,3041,235,7
2024-07-01,Lazio,Google Ads,RND_IT_GOOGLE_SEARCH_GENERICA,195.60,3631,171,11
2024-07-01,Lazio,Google Ads,RND_IT_GOOGLE_SEARCH_LOCALE,190.83,3983,207,14
2024-07-01,Liguria,Google Ads,RND_IT_GOOGLE_DISPLAY,17.52,3129,19,0
2024-07-01,Liguria,Google Ads,RND_IT_GOOGLE_PMAX,25.44,1815,33,1
2024-07-01,Liguria,Google Ads,RND_IT_GOOGLE_SEARCH_BRAND,23.92,788,64,2
2024-07-01,Liguria,Google Ads,RND_IT_GOOGLE_SEARCH_GENERICA,49.00,899,41,3
2024-07-01,Liguria,Google Ads,RND_IT_GOOGLE_SEARCH_LOCALE,46.01,994,38,4
2024-07-01,Lombardia,Google Ads,RND_IT_GOOGLE_DISPLAY,143.45,23541,143,2
2024-07-01,Lombardia,Google Ads,RND_IT_GOOGLE_PMAX,255.12,18293,352,6
2024-07-01,Lombardia,Google Ads,RND_IT_GOOGLE_SEARCH_BRAND,238.16,7765,579,10
2024-07-01,Lombardia,Google Ads,RND_IT_GOOGLE_SEARCH_GENERICA,425.97,7722,377,16
2024-07-01,Lombardia,Google Ads,RND_IT_GOOGLE_SEARCH_LOCALE,227.21,4655,213,10
2024-07-01,Marche,Google Ads,RND_IT_GOOGLE_DISPLAY,15.70,2521,16,0
2024-07-01,Marche,Google Ads,RND_IT_GOOGLE_PMAX,50.39,3595,80,1
2024-07-01,Marche,Google Ads,RND_IT_GOOGLE_SEARCH_BRAND,34.44,1221,90,2
2024-07-01,Marche,Google Ads,RND_IT_GOOGLE_SEARCH_GENERICA,41.62,751,36,2
2024-07-01,Marche,Google Ads,RND_IT_GOOGLE_SEARCH_LOCALE,32.82,704,31,2
2024-07-01,Molise,Google Ads,RND_IT_GOOGLE_DISPLAY,8.14,1364,8,0
2024-07-01,Molise,Google Ads,RND_IT_GOOGLE_PMAX,13.79,1026,20,1
2024-07-01,Molise,Google Ads,RND_IT_GOOGLE_SEARCH_BRAND,4.67,160,12,0
2024-07-01,Molise,Google Ads,RND_IT_GOOGLE_SEARCH_GENERICA,16.29,299,14,1
2024-07-01,Molise,Google Ads,RND_IT_GOOGLE_SEARCH_LOCALE,12.61,243,11,1
2024-07-01,Piemonte,Google Ads,RND_IT_GOOGLE_DISPLAY,65.24,10989,67,1
2024-07-01,Piemonte,Google Ads,RND_IT_GOOGLE_PMAX,152.52,11289,240,4
2024-07-01,Piemonte,Google Ads,RND_IT_GOOGLE_SEARCH_BRAND,74.31,2538,163,3
2024-07-01,Piemonte,Google Ads,RND_IT_GOOGLE_SEARCH_GENERICA,249.45,4606,219,10
2024-07-01,Piemonte,Google Ads,RND_IT_GOOGLE_SEARCH_LOCALE,125.12,2575,117,5
2024-07-01,Puglia,Google Ads,RND_IT_GOOGLE_DISPLAY,109.62,18748,132,2
2024-07-01,Puglia,Google Ads,RND_IT_GOOGLE_PMAX,185.71,13253,281,5
2024-07-01,Puglia,Google Ads,RND_IT_GOOGLE_SEARCH_BRAND,91.82,3114,242,5
2024-07-01,Puglia,Google Ads,RND_IT_GOOGLE_SEARCH_GENERICA,226.41,4259,221,10
2024-07-01,Puglia,Google Ads,RND_IT_GOOGLE_SEARCH_LOCALE,162.06,3366,149,7
2024-07-01,Sardegna,Google Ads,RND_IT_GOOGLE_DISPLAY,31.92,5234,31,1
2024-07-01,Sardegna,Google Ads,RND_IT_GOOGLE_PMAX,99.25,6898,134,4
2024-07-01,Sardegna,Google Ads,RND_IT_GOOGLE_SEARCH_BRAND,48.53,1569,143,3
2024-07-01,Sardegna,Google Ads,RND_IT_GOOGLE_SEARCH_GENERICA,92.47,1697,97,6
2024-07-01,Sardegna,Google Ads,RND_IT_GOOGLE_SEARCH_LOCALE,41.07,868,40,3
2024-07-01,Sicilia,Google Ads,RND_IT_GOOGLE_DISPLAY,105.69,17177,103,2
2024-07-01,Sicilia,Google Ads,RND_IT_GOOGLE_PMAX,306.45,22496,410,14
2024-07-01,Sicilia,Google Ads,RND_IT_GOOGLE_SEARCH_BRAND,103.00,3565,265,9
2024-07-01,Sicilia,Google Ads,RND_IT_GOOGLE_SEARCH_GENERICA,281.97,5055,267,20
2024-07-01,Sicilia,Google Ads,RND_IT_GOOGLE_SEARCH_LOCALE,172.15,3702,166,16
2024-07-01,Toscana,Google Ads,RND_IT_GOOGLE_DISPLAY,49.49,7869,43,1
2024-07-01,Toscana,Google Ads,RND_IT_GOOGLE_PMAX,112.42,7795,143,3
2024-07-01,Toscana,Google Ads,RND_IT_GOOGLE_SEARCH_BRAND,71.47,2322,173,5
2024-07-01,Toscana,Google Ads,RND_IT_GOOGLE_SEARCH_GENERICA,94.23,1696,91,5
2024-07-01,Toscana,Google Ads,RND_IT_GOOGLE_SEARCH_LOCALE,101.57,2047,84,6
2024-07-01,Trentino-Alto Adige,Google Ads,RND_IT_GOOGLE_DISPLAY,24.92,3984,23,0
2024-07-01,Trentino-Alto Adige,Google Ads,RND_IT_GOOGLE_PMAX,23.41,1594,35,1
2024-07-01,Trentino-Alto Adige,Google Ads,RND_IT_GOOGLE_SEARCH_BRAND,26.62,895,71,1
2024-07-01,Trentino-Alto Adige,Google Ads,RND_IT_GOOGLE_SEARCH_GENERICA,28.34,495,24,1
2024-07-01,Trentino-Alto Adige,Google Ads,RND_IT_GOOGLE_SEARCH_LOCALE,34.71,737,34,2
2024-07-01,Umbria,Google Ads,RND_IT_GOOGLE_DISPLAY,11.67,1921,11,0
2024-07-01,Umbria,Google Ads,RND_IT_GOOGLE_PMAX,19.79,1434,29,1
2024-07-01,Umbria,Google Ads,RND_IT_GOOGLE_SEARCH_BRAND,18.57,589,49,1
2024-07-01,Umbria,Google Ads,RND_IT_GOOGLE_SEARCH_GENERICA,38.28,731,37,2
2024-07-01,Umbria,Google Ads,RND_IT_GOOGLE_SEARCH_LOCALE,21.39,462,22,1
2024-07-01,Valle d'Aosta,Google Ads,RND_IT_GOOGLE_DISPLAY,2.53,420,3,0
2024-07-01,Valle d'Aosta,Google Ads,RND_IT_GOOGLE_PMAX,3.71,275,5,0
2024-07-01,Valle d'Aosta,Google Ads,RND_IT_GOOGLE_SEARCH_BRAND,2.18,68,5,0
2024-07-01,Valle d'Aosta,Google Ads,RND_IT_GOOGLE_SEARCH_GENERICA,4.96,89,5,0
2024-07-01,Valle d'Aosta,Google Ads,RND_IT_GOOGLE_SEARCH_LOCALE,2.16,48,2,0
2024-07-01,Veneto,Google Ads,RND_IT_GOOGLE_DISPLAY,63.40,11222,70,1
2024-07-01,Veneto,Google Ads,RND_IT_GOOGLE_PMAX,120.75,8520,180,2
2024-07-01,Veneto,Google Ads,RND_IT_GOOGLE_SEARCH_BRAND,109.60,3688,235,4
2024-07-01,Veneto,Google Ads,RND_IT_GOOGLE_SEARCH_GENERICA,210.30,3935,188,7
2024-07-01,Veneto,Google Ads,RND_IT_GOOGLE_SEARCH_LOCALE,159.60,3395,173,6
2024-07-08,Abruzzo,Google Ads,RND_IT_GOOGLE_DISPLAY,20.70,3275,20,0
2024-07-08,Abruzzo,Google Ads,RND_IT_GOOGLE_PMAX,32.84,2374,42,1
2024-07-08,Abruzzo,Google Ads,RND_IT_GOOGLE_SEARCH_BRAND,22.60,735,57,1
2024-07-08,Abruzzo,Google Ads,RND_IT_GOOGLE_SEARCH_GENERICA,34.03,624,30,1
2024-07-08,Abruzzo,Google Ads,RND_IT_GOOGLE_SEARCH_LOCALE,25.50,524,26,1
2024-07-08,Basilicata,Google Ads,RND_IT_GOOGLE_DISPLAY,5.62,946,6,0
2024-07-08,Basilicata,Google Ads,RND_IT_GOOGLE_PMAX,12.52,883,17,0
2024-07-08,Basilicata,Google Ads,RND_IT_GOOGLE_SEARCH_BRAND,11.19,351,31,0
2024-07-08,Basilicata,Google Ads,RND_IT_GOOGLE_SEARCH_GENERICA,20.66,379,20,1
2024-07-08,Basilicata,Google Ads,RND_IT_GOOGLE_SEARCH_LOCALE,13.47,270,13,0
2024-07-08,Calabria,Google Ads,RND_IT_GOOGLE_DISPLAY,36.17,5897,33,1
2024-07-08,Calabria,Google Ads,RND_IT_GOOGLE_PMAX,41.00,2992,60,1
2024-07-08,Calabria,Google Ads,RND_IT_GOOGLE_SEARCH_BRAND,43.92,1488,116,2
2024-07-08,Calabria,Google Ads,RND_IT_GOOGLE_SEARCH_GENERICA,89.97,1630,88,4
2024-07-08,Calabria,Google Ads,RND_IT_GOOGLE_SEARCH_LOCALE,40.42,888,42,2
2024-07-08,Campania,Google Ads,RND_IT_GOOGLE_DISPLAY,102.33,17169,107,2
2024-07-08,Campania,Google Ads,RND_IT_GOOGLE_PMAX,109.06,8046,189,4
2024-07-08,Campania,Google Ads,RND_IT_GOOGLE_SEARCH_BRAND,112.94,4004,276,7
2024-07-08,Campania,Google Ads,RND_IT_GOOGLE_SEARCH_GENERICA,234.53,4163,209,13
2024-07-08,Campania,Google Ads,RND_IT_GOOGLE_SEARCH_LOCALE,143.20,3049,138,8
2024-07-08,Emilia-Romagna,Google Ads,RND_IT_GOOGLE_DISPLAY,98.50,16144,97,2
2024-07-08,Emilia-Romagna,Google Ads,RND_IT_GOOGLE_PMAX,193.65,13723,290,7
2024-07-08,Emilia-Romagna,Google Ads,RND_IT_GOOGLE_SEARCH_BRAND,142.26,4940,378,10
2024-07-08,Emilia-Romagna,Google Ads,RND_IT_GOOGLE_SEARCH_GENERICA,135.98,2401,110,8
2024-07-08,Emilia-Romagna,Google Ads,RND_IT_GOOGLE_SEARCH_LOCALE,125.47,2612,127,8
2024-07-08,Friuli-Venezia Giulia,Google Ads,RND_IT_GOOGLE_DISPLAY,20.23,3477,21,0
2024-07-08,Friuli-Venezia Giulia,Google Ads,RND_IT_GOOGLE_PMAX,35.47,2455,47,1
2024-07-08,Friuli-Venezia Giulia,Google Ads,RND_IT_GOOGLE_SEARCH_BRAND,20.42,675,46,2
2024-07-08,Friuli-Venezia Giulia,Google Ads,RND_IT_GOOGLE_SEARCH_GENERICA,41.93,802,39,3
2024-07-08,Friuli-Venezia Giulia,Google Ads,RND_IT_GOOGLE_SEARCH_LOCALE,19.36,384,19,1
2024-07-08,Lazio,Google Ads,RND_IT_GOOGLE_DISPLAY,79.58,13672,80,2
2024-07-08,Lazio,Google Ads,RND_IT_GOOGLE_PMAX,105.60,7213,145,4
2024-07-08,Lazio,Google Ads,RND_IT_GOOGLE_SEARCH_BRAND,88.54,2952,241,7
2024-07-08,Lazio,Google Ads,RND_IT_GOOGLE_SEARCH_GENERICA,197.60,3605,162,12
2024-07-08,Lazio,Google Ads,RND_IT_GOOGLE_SEARCH_LOCALE,150.30,3044,145,11
2024-07-08,Liguria,Google Ads,RND_IT_GOOGLE_DISPLAY,15.82,2628,15,0
2024-07-08,Liguria,Google Ads,RND_IT_GOOGLE_PMAX,21.59,1585,34,1
2024-07-08,Liguria,Google Ads,RND_IT_GOOGLE_SEARCH_BRAND,20.01,685,48,2
2024-07-08,Liguria,Google Ads,RND_IT_GOOGLE_SEARCH_GENERICA,52.98,996,50,4
2024-07-08,Liguria,Google Ads,RND_IT_GOOGLE_SEARCH_LOCALE,41.46,880,38,3
2024-07-08,Lombardia,Google Ads,RND_IT_GOOGLE_DISPLAY,144.03,25041,137,2
2024-07-08,Lombardia,Google Ads,RND_IT_GOOGLE_PMAX,246.42,17001,374,7
2024-07-08,Lombardia,Google Ads,RND_IT_GOOGLE_SEARCH_BRAND,196.87,6783,511,9
2024-07-08,Lombardia,Google Ads,RND_IT_GOOGLE_SEARCH_GENERICA,421.06,7974,406,18
2024-07-08,Lombardia,Google Ads,RND_IT_GOOGLE_SEARCH_LOCALE,236.82,4986,224,11
2024-07-08,Marche,Google Ads,RND_IT_GOOGLE_DISPLAY,15.74,2684,16,0
2024-07-08,Marche,Google Ads,RND_IT_GOOGLE_PMAX,48.35,3492,69,1
2024-07-08,Marche,Google Ads,RND_IT_GOOGLE_SEARCH_BRAND,31.22,1030,73,2
2024-07-08,Marche,Google Ads,RND_IT_GOOGLE_SEARCH_GENERICA,45.97,825,40,3
2024-07-08,Marche,Google Ads,RND_IT_GOOGLE_SEARCH_LOCALE,30.72,603,28,2
2024-07-08,Molise,Google Ads,RND_IT_GOOGLE_DISPLAY,6.38,1107,7,0
2024-07-08,Molise,Google Ads,RND_IT_GOOGLE_PMAX,10.85,793,16,1
2024-07-08,Molise,Google Ads,RND_IT_GOOGLE_SEARCH_BRAND,4.23,141,10,0
2024-07-08,Molise,Google Ads,RND_IT_GOOGLE_SEARCH_GENERICA,14.58,268,14,1
2024-07-08,Molise,Google Ads,RND_IT_GOOGLE_SEARCH_LOCALE,9.78,208,10,1
2024-07-08,Piemonte,Google Ads,RND_IT_GOOGLE_DISPLAY,40.65,6766,40,1
2024-07-08,Piemonte,Google Ads,RND_IT_GOOGLE_PMAX,98.06,6899,130,2
2024-07-08,Piemonte,Google Ads,RND_IT_GOOGLE_SEARCH_BRAND,70.42,2369,196,3
2024-07-08,Piemonte,Google Ads,RND_IT_GOOGLE_SEARCH_GENERICA,210.95,3841,198,8
2024-07-08,Piemonte,Google Ads,RND_IT_GOOGLE_SEARCH_LOCALE,103.40,2053,92,5
2024-07-08,Puglia,Google Ads,RND_IT_GOOGLE_DISPLAY,85.60,14673,88,1
2024-07-08,Puglia,Google Ads,RND_IT_GOOGLE_PMAX,138.67,9856,206,3
2024-07-08,Puglia,Google Ads,RND_IT_GOOGLE_SEARCH_BRAND,90.37,3062,231,4
2024-07-08,Puglia,Google Ads,RND_IT_GOOGLE_SEARCH_GENERICA,190.78,3348,170,8
2024-07-08,Puglia,Google Ads,RND_IT_GOOGLE_SEARCH_LOCALE,136.98,2970,128,6
2024-07-08,Sardegna,Google Ads,RND_IT_GOOGLE_DISPLAY,30.87,5027,29,1
2024-07-08,Sardegna,Google Ads,RND_IT_GOOGLE_PMAX,89.93,6616,142,3
2024-07-08,Sardegna,Google Ads,RND_IT_GOOGLE_SEARCH_BRAND,41.04,1362,98,3
2024-07-08,Sardegna,Google Ads,RND_IT_GOOGLE_SEARCH_GENERICA,73.01,1320,60,5
2024-07-08,Sardegna,Google Ads,RND_IT_GOOGLE_SEARCH_LOCALE,45.63,957,48,3
2024-07-08,Sicilia,Google Ads,RND_IT_GOOGLE_DISPLAY,83.15,13497,84,2
2024-07-08,Sicilia,Google Ads,RND_IT_GOOGLE_PMAX,190.97,13310,230,8
2024-07-08,Sicilia,Google Ads,RND_IT_GOOGLE_SEARCH_BRAND,94.10,3125,216,7
2024-07-08,Sicilia,Google Ads,RND_IT_GOOGLE_SEARCH_GENERICA,273.92,5068,249,19
2024-07-08,Sicilia,Google Ads,RND_IT_GOOGLE_SEARCH_LOCALE,151.82,3119,130,11
2024-07-08,Toscana,Google Ads,RND_IT_GOOGLE_DISPLAY,35.64,6328,38,1
2024-07-08,Toscana,Google Ads,RND_IT_GOOGLE_PMAX,96.61,6712,131,3
2024-07-08,Toscana,Google Ads,RND_IT_GOOGLE_SEARCH_BRAND,60.78,2110,138,4
2024-07-08,Toscana,Google Ads,RND_IT_GOOGLE_SEARCH_GENERICA,85.67,1534,79,4
2024-07-08,Toscana,Google Ads,RND_IT_GOOGLE_SEARCH_LOCALE,79.12,1697,71,5
2024-07-08,Trentino-Alto Adige,Google Ads,RND_IT_GOOGLE_DISPLAY,22.94,3699,22,0
2024-07-08,Trentino-Alto Adige,Google Ads,RND_IT_GOOGLE_PMAX,15.80,1121,21,0
2024-07-08,Trentino-Alto Adige,Google Ads,RND_IT_GOOGLE_SEARCH_BRAND,23.26,804,55,1
2024-07-08,Trentino-Alto Adige,Google Ads,RND_IT_GOOGLE_SEARCH_GENERICA,27.15,489,27,1
2024-07-08,Trentino-Alto Adige,Google Ads,RND_IT_GOOGLE_SEARCH_LOCALE,31.54,664,27,2
2024-07-08,Umbria,Google Ads,RND_IT_GOOGLE_DISPLAY,10.61,1745,11,0
2024-07-08,Umbria,Google Ads,RND_IT_GOOGLE_PMAX,14.55,1079,22,0
2024-07-08,Umbria,Google Ads,RND_IT_GOOGLE_SEARCH_BRAND,17.49,591,45,1
2024-07-08,Umbria,Google Ads,RND_IT_GOOGLE_SEARCH_GENERICA,37.14,672,33,2
2024-07-08,Umbria,Google Ads,RND_IT_GOOGLE_SEARCH_LOCALE,19.53,423,18,1
2024-07-08,Valle d'Aosta,Google Ads,RND_IT_GOOGLE_DISPLAY,1.95,307,2,0
2024-07-08,Valle d'Aosta,Google Ads,RND_IT_GOOGLE_PMAX,3.12,233,4,0
2024-07-08,Valle d'Aosta,Google Ads,RND_IT_GOOGLE_SEARCH_BRAND,2.25,79,6,0
2024-07-08,Valle d'Aosta,Google Ads,RND_IT_GOOGLE_SEARCH_GENERICA,3.92,76,4,0
2024-07-08,Valle d'Aosta,Google Ads,RND_IT_GOOGLE_SEARCH_LOCALE,2.05,43,2,0
2024-07-08,Veneto,Google Ads,RND_IT_GOOGLE_DISPLAY,55.28,8980,48,1
2024-07-08,Veneto,Google Ads,RND_IT_GOOGLE_PMAX,98.97,7048,128,2
2024-07-08,Veneto,Google Ads,RND_IT_GOOGLE_SEARCH_BRAND,101.20,3334,240,3
2024-07-08,Veneto,Google Ads,RND_IT_GOOGLE_SEARCH_GENERICA,188.60,3240,172,6
2024-07-08,Veneto,Google Ads,RND_IT_GOOGLE_SEARCH_LOCALE,123.58,2585,127,4
2024-07-15,Abruzzo,Google Ads,RND_IT_GOOGLE_DISPLAY,22.86,3697,22,0
2024-07-15,Abruzzo,Google Ads,RND_IT_GOOGLE_PMAX,46.79,3270,71,1
2024-07-15,Abruzzo,Google Ads,RND_IT_GOOGLE_SEARCH_BRAND,28.20,986,82,1
2024-07-15,Abruzzo,Google Ads,RND_IT_GOOGLE_SEARCH_GENERICA,40.02,739,36,1
2024-07-15,Abruzzo,Google Ads,RND_IT_GOOGLE_SEARCH_LOCALE,25.89,535,24,1
2024-07-15,Basilicata,Google Ads,RND_IT_GOOGLE_DISPLAY,7.41,1211,7,0
2024-07-15,Basilicata,Google Ads,RND_IT_GOOGLE_PMAX,15.86,1169,23,0
2024-07-15,Basilicata,Google Ads,RND_IT_GOOGLE_SEARCH_BRAND,13.83,468,33,0
2024-07-15,Basilicata,Google Ads,RND_IT_GOOGLE_SEARCH_GENERICA,26.96,487,26,1
2024-07-15,Basilicata,Google Ads,RND_IT_GOOGLE_SEARCH_LOCALE,17.63,370,17,1
2024-07-15,Calabria,Google Ads,RND_IT_GOOGLE_DISPLAY,45.64,7675,46,1
2024-07-15,Calabria,Google Ads,RND_IT_GOOGLE_PMAX,55.06,3736,74,2
2024-07-15,Calabria,Google Ads,RND_IT_GOOGLE_SEARCH_BRAND,49.99,1830,135,2
2024-07-15,Calabria,Google Ads,RND_IT_GOOGLE_SEARCH_GENERICA,94.99,1694,92,4
2024-07-15,Calabria,Google Ads,RND_IT_GOOGLE_SEARCH_LOCALE,51.50,1127,51,2
2024-07-15,Campania,Google Ads,RND_IT_GOOGLE_DISPLAY,107.82,18261,85,2
2024-07-15,Campania,Google Ads,RND_IT_GOOGLE_PMAX,174.69,12571,259,5
2024-07-15,Campania,Google Ads,RND_IT_GOOGLE_SEARCH_BRAND,131.04,4212,292,8
2024-07-15,Campania,Google Ads,RND_IT_GOOGLE_SEARCH_GENERICA,297.73,5368,294,16
2024-07-15,Campania,Google Ads,RND_IT_GOOGLE_SEARCH_LOCALE,174.04,3571,147,9
2024-07-15,Emilia-Romagna,Google Ads,RND_IT_GOOGLE_DISPLAY,125.04,20211,123,3
2024-07-15,Emilia-Romagna,Google Ads,RND_IT_GOOGLE_PMAX,261.03,18620,398,8
2024-07-15,Emilia-Romagna,Google Ads,RND_IT_GOOGLE_SEARCH_BRAND,171.48,5598,449,11
2024-07-15,Emilia-Romagna,Google Ads,RND_IT_GOOGLE_SEARCH_GENERICA,164.51,3051,157,11
2024-07-15,Emilia-Romagna,Google Ads,RND_IT_GOOGLE_SEARCH_LOCALE,142.67,3030,158,10
2024-07-15,Friuli-Venezia Giulia,Google Ads,RND_IT_GOOGLE_DISPLAY,23.81,3874,24,1
2024-07-15,Friuli-Venezia Giulia,Google Ads,RND_IT_GOOGLE_PMAX,47.65,3535,69,2
2024-07-15,Friuli-Venezia Giulia,Google Ads,RND_IT_GOOGLE_SEARCH_BRAND,25.19,850,73,2
2024-07-15,Friuli-Venezia Giulia,Google Ads,RND_IT_GOOGLE_SEARCH_GENERICA,49.91,927,54,3
2024-07-15,Friuli-Venezia Giulia,Google Ads,RND_IT_GOOGLE_SEARCH_LOCALE,23.25,472,23,2
2024-07-15,Lazio,Google Ads,RND_IT_GOOGLE_DISPLAY,113.69,19564,116,3
2024-07-15,Lazio,Google Ads,RND_IT_GOOGLE_PMAX,149.78,11146,217,5
2024-07-15,Lazio,Google Ads,RND_IT_GOOGLE_SEARCH_BRAND,120.99,4081,268,9
2024-07-15,Lazio,Google Ads,RND_IT_GOOGLE_SEARCH_GENERICA,237.73,4347,208,18
2024-07-15,Lazio,Google Ads,RND_IT_GOOGLE_SEARCH_LOCALE,183.07,3577,165,14
2024-07-15,Liguria,Google Ads,RND_IT_GOOGLE_DISPLAY,20.79,3643,20,1
2024-07-15,Liguria,Google Ads,RND_IT_GOOGLE_PMAX,32.91,2284,44,1
2024-07-15,Liguria,Google Ads,RND_IT_GOOGLE_SEARCH_BRAND,24.16,853,62,2
2024-07-15,Liguria,Google Ads,RND_IT_GOOGLE_SEARCH_GENERICA,49.05,921,53,3
2024-07-15,Liguria,Google Ads,RND_IT_GOOGLE_SEARCH_LOCALE,46.05,965,41,3
2024-07-15,Lombardia,Google Ads,RND_IT_GOOGLE_DISPLAY,184.74,31949,218,2
2024-07-15,Lombardia,Google Ads,RND_IT_GOOGLE_PMAX,355.18,25498,549,9
2024-07-15,Lombardia,Google Ads,RND_IT_GOOGLE_SEARCH_BRAND,252.44,8246,673,12
2024-07-15,Lombardia,Google Ads,RND_IT_GOOGLE_SEARCH_GENERICA,531.45,10030,528,23
2024-07-15,Lombardia,Google Ads,RND_IT_GOOGLE_SEARCH_LOCALE,300.91,6339,281,12
2024-07-15,Marche,Google Ads,RND_IT_GOOGLE_DISPLAY,19.31,3060,20,0
2024-07-15,Marche,Google Ads,RND_IT_GOOGLE_PMAX,67.06,4708,94,2
2024-07-15,Marche,Google Ads,RND_IT_GOOGLE_SEARCH_BRAND,40.86,1399,94,2
2024-07-15,Marche,Google Ads,RND_IT_GOOGLE_SEARCH_GENERICA,51.30,956,52,3
2024-07-15,Marche,Google Ads,RND_IT_GOOGLE_SEARCH_LOCALE,41.44,861,37,2
2024-07-15,Molise,Google Ads,RND_IT_GOOGLE_DISPLAY,8.30,1432,8,0
2024-07-15,Molise,Google Ads,RND_IT_GOOGLE_PMAX,15.42,1092,21,1
2024-07-15,Molise,Google Ads,RND_IT_GOOGLE_SEARCH_BRAND,4.96,171,13,0
2024-07-15,Molise,Google Ads,RND_IT_GOOGLE_SEARCH_GENERICA,18.34,328,16,1
2024-07-15,Molise,Google Ads,RND_IT_GOOGLE_SEARCH_LOCALE,10.13,202,9,1
2024-07-15,Piemonte,Google Ads,RND_IT_GOOGLE_DISPLAY,55.07,9689,57,1
2024-07-15,Piemonte,Google Ads,RND_IT_GOOGLE_PMAX,140.43,10217,210,3
2024-07-15,Piemonte,Google Ads,RND_IT_GOOGLE_SEARCH_BRAND,104.03,3541,288,5
2024-07-15,Piemonte,Google Ads,RND_IT_GOOGLE_SEARCH_GENERICA,263.59,4864,258,11
2024-07-15,Piemonte,Google Ads,RND_IT_GOOGLE_SEARCH_LOCALE,123.70,2601,120,4
2024-07-15,Puglia,Google Ads,RND_IT_GOOGLE_DISPLAY,113.91,18019,93,2
2024-07-15,Puglia,Google Ads,RND_IT_GOOGLE_PMAX,211.40,14948,337,5
2024-07-15,Puglia,Google Ads,RND_IT_GOOGLE_SEARCH_BRAND,101.12,3273,247,5
2024-07-15,Puglia,Google Ads,RND_IT_GOOGLE_SEARCH_GENERICA,196.73,3630,200,7
2024-07-15,Puglia,Google Ads,RND_IT_GOOGLE_SEARCH_LOCALE,182.40,3830,168,8
2024-07-15,Sardegna,Google Ads,RND_IT_GOOGLE_DISPLAY,41.32,7111,44,1
2024-07-15,Sardegna,Google Ads,RND_IT_GOOGLE_PMAX,124.59,8951,180,4
2024-07-15,Sardegna,Google Ads,RND_IT_GOOGLE_SEARCH_BRAND,48.02,1668,130,3
2024-07-15,Sardegna,Google Ads,RND_IT_GOOGLE_SEARCH_GENERICA,78.11,1385,64,5
2024-07-15,Sardegna,Google Ads,RND_IT_GOOGLE_SEARCH_LOCALE,62.61,1270,51,4
2024-07-15,Sicilia,Google Ads,RND_IT_GOOGLE_DISPLAY,97.59,16375,89,2
2024-07-15,Sicilia,Google Ads,RND_IT_GOOGLE_PMAX,307.31,22581,443,12
2024-07-15,Sicilia,Google Ads,RND_IT_GOOGLE_SEARCH_BRAND,100.71,3481,293,7
2024-07-15,Sicilia,Google Ads,RND_IT_GOOGLE_SEARCH_GENERICA,329.62,5711,282,21
2024-07-15,Sicilia,Google Ads,RND_IT_GOOGLE_SEARCH_LOCALE,209.32,4184,216,13
2024-07-15,Toscana,Google Ads,RND_IT_GOOGLE_DISPLAY,56.75,9365,59,1
2024-07-15,Toscana,Google Ads,RND_IT_GOOGLE_PMAX,153.29,11447,260,5
2024-07-15,Toscana,Google Ads,RND_IT_GOOGLE_SEARCH_BRAND,69.88,2371,202,5
2024-07-15,Toscana,Google Ads,RND_IT_GOOGLE_SEARCH_GENERICA,98.23,1678,71,6
2024-07-15,Toscana,Google Ads,RND_IT_GOOGLE_SEARCH_LOCALE,92.24,1907,87,6
2024-07-15,Trentino-Alto Adige,Google Ads,RND_IT_GOOGLE_DISPLAY,32.79,5482,35,1
2024-07-15,Trentino-Alto Adige,Google Ads,RND_IT_GOOGLE_PMAX,25.15,1812,40,1
2024-07-15,Trentino-Alto Adige,Google Ads,RND_IT_GOOGLE_SEARCH_BRAND,27.93,937,70,2
2024-07-15,Trentino-Alto Adige,Google Ads,RND_IT_GOOGLE_SEARCH_GENERICA,37.19,678,33,1
2024-07-15,Trentino-Alto Adige,Google Ads,RND_IT_GOOGLE_SEARCH_LOCALE,40.36,857,40,2
2024-07-15,Umbria,Google Ads,RND_IT_GOOGLE_DISPLAY,13.44,2269,14,0
2024-07-15,Umbria,Google Ads,RND_IT_GOOGLE_PMAX,24.73,1773,38,1
2024-07-15,Umbria,Google Ads,RND_IT_GOOGLE_SEARCH_BRAND,23.16,777,56,1
2024-07-15,Umbria,Google Ads,RND_IT_GOOGLE_SEARCH_GENERICA,41.17,755,36,2
2024-07-15,Umbria,Google Ads,RND_IT_GOOGLE_SEARCH_LOCALE,22.83,482,21,1
2024-07-15,Valle d'Aosta,Google Ads,RND_IT_GOOGLE_DISPLAY,2.36,407,2,0
2024-07-15,Valle d'Aosta,Google Ads,RND_IT_GOOGLE_PMAX,4.55,314,6,0
2024-07-15,Valle d'Aosta,Google Ads,RND_IT_GOOGLE_SEARCH_BRAND,2.97,99,7,0
2024-07-15,Valle d'Aosta,Google Ads,RND_IT_GOOGLE_SEARCH_GENERICA,5.05,89,4,0
2024-07-15,Valle d'Aosta,Google Ads,RND_IT_GOOGLE_SEARCH_LOCALE,2.86,58,2,0
2024-07-15,Veneto,Google Ads,RND_IT_GOOGLE_DISPLAY,73.45,12647,83,1
2024-07-15,Veneto,Google Ads,RND_IT_GOOGLE_PMAX,138.14,10337,198,3
2024-07-15,Veneto,Google Ads,RND_IT_GOOGLE_SEARCH_BRAND,129.23,4390,352,4
2024-07-15,Veneto,Google Ads,RND_IT_GOOGLE_SEARCH_GENERICA,205.80,3859,232,7
2024-07-15,Veneto,Google Ads,RND_IT_GOOGLE_SEARCH_LOCALE,156.90,3282,147,5
2024-07-22,Abruzzo,Google Ads,RND_IT_GOOGLE_DISPLAY,26.71,4250,26,0
2024-07-22,Abruzzo,Google Ads,RND_IT_GOOGLE_PMAX,45.24,3279,57,1
2024-07-22,Abruzzo,Google Ads,RND_IT_GOOGLE_SEARCH_BRAND,25.77,860,58,1
2024-07-22,Abruzzo,Google Ads,RND_IT_GOOGLE_SEARCH_GENERICA,46.42,848,47,2
2024-07-22,Abruzzo,Google Ads,RND_IT_GOOGLE_SEARCH_LOCALE,21.47,459,20,1
2024-07-22,Basilicata,Google Ads,RND_IT_GOOGLE_DISPLAY,8.01,1309,8,0
2024-07-22,Basilicata,Google Ads,RND_IT_GOOGLE_PMAX,16.63,1193,25,0
2024-07-22,Basilicata,Google Ads,RND_IT_GOOGLE_SEARCH_BRAND,12.89,419,31,0
2024-07-22,Basilicata,Google Ads,RND_IT_GOOGLE_SEARCH_GENERICA,26.69,505,23,1
2024-07-22,Basilicata,Google Ads,RND_IT_GOOGLE_SEARCH_LOCALE,16.49,331,16,1
2024-07-22,Calabria,Google Ads,RND_IT_GOOGLE_DISPLAY,57.06,9536,53,1
2024-07-22,Calabria,Google Ads,RND_IT_GOOGLE_PMAX,71.63,5130,103,2
2024-07-22,Calabria,Google Ads,RND_IT_GOOGLE_SEARCH_BRAND,64.45,2081,157,3
2024-07-22,Calabria,Google Ads,RND_IT_GOOGLE_SEARCH_GENERICA,101.87,1873,97,6
2024-07-22,Calabria,Google Ads,RND_IT_GOOGLE_SEARCH_LOCALE,53.65,1120,54,2
2024-07-22,Campania,Google Ads,RND_IT_GOOGLE_DISPLAY,117.17,20450,124,2
2024-07-22,Campania,Google Ads,RND_IT_GOOGLE_PMAX,143.70,10375,181,4
2024-07-22,Campania,Google Ads,RND_IT_GOOGLE_SEARCH_BRAND,125.88,4101,297,7
2024-07-22,Campania,Google Ads,RND_IT_GOOGLE_SEARCH_GENERICA,354.44,6238,329,19
2024-07-22,Campania,Google Ads,RND_IT_GOOGLE_SEARCH_LOCALE,156.22,3385,161,8
2024-07-22,Emilia-Romagna,Google Ads,RND_IT_GOOGLE_DISPLAY,145.24,22226,131,4
2024-07-22,Emilia-Romagna,Google Ads,RND_IT_GOOGLE_PMAX,296.16,21644,469,12
2024-07-22,Emilia-Romagna,Google Ads,RND_IT_GOOGLE_SEARCH_BRAND,152.85,5129,392,10
2024-07-22,Emilia-Romagna,Google Ads,RND_IT_GOOGLE_SEARCH_GENERICA,176.29,3249,159,11
2024-07-22,Emilia-Romagna,Google Ads,RND_IT_GOOGLE_SEARCH_LOCALE,123.14,2467,119,9
2024-07-22,Friuli-Venezia Giulia,Google Ads,RND_IT_GOOGLE_DISPLAY,28.36,4640,25,1
2024-07-22,Friuli-Venezia Giulia,Google Ads,RND_IT_GOOGLE_PMAX,58.05,4257,83,2
2024-07-22,Friuli-Venezia Giulia,Google Ads,RND_IT_GOOGLE_SEARCH_BRAND,22.35,744,66,2
2024-07-22,Friuli-Venezia Giulia,Google Ads,RND_IT_GOOGLE_SEARCH_GENERICA,53.08,984,50,4
2024-07-22,Friuli-Venezia Giulia,Google Ads,RND_IT_GOOGLE_SEARCH_LOCALE,18.11,390,20,1
2024-07-22,Lazio,Google Ads,RND_IT_GOOGLE_DISPLAY,111.54,17738,116,3
2024-07-22,Lazio,Google Ads,RND_IT_GOOGLE_PMAX,148.05,11086,218,6
2024-07-22,Lazio,Google Ads,RND_IT_GOOGLE_SEARCH_BRAND,91.83,3081,229,7
2024-07-22,Lazio,Google Ads,RND_IT_GOOGLE_SEARCH_GENERICA,258.10,4616,235,18
2024-07-22,Lazio,Google Ads,RND_IT_GOOGLE_SEARCH_LOCALE,192.79,4212,195,13
2024-07-22,Liguria,Google Ads,RND_IT_GOOGLE_DISPLAY,24.89,3977,27,1
2024-07-22,Liguria,Google Ads,RND_IT_GOOGLE_PMAX,30.88,2222,40,1
2024-07-22,Liguria,Google Ads,RND_IT_GOOGLE_SEARCH_BRAND,26.51,897,65,2
2024-07-22,Liguria,Google Ads,RND_IT_GOOGLE_SEARCH_GENERICA,54.35,945,43,4
2024-07-22,Liguria,Google Ads,RND_IT_GOOGLE_SEARCH_LOCALE,42.75,885,43,3
2024-07-22,Lombardia,Google Ads,RND_IT_GOOGLE_DISPLAY,220.59,37852,243,3
2024-07-22,Lombardia,Google Ads,RND_IT_GOOGLE_PMAX,369.15,27756,574,9
2024-07-22,Lombardia,Google Ads,RND_IT_GOOGLE_SEARCH_BRAND,231.37,7567,608,13
2024-07-22,Lombardia,Google Ads,RND_IT_GOOGLE_SEARCH_GENERICA,639.86,11669,541,26
2024-07-22,Lombardia,Google Ads,RND_IT_GOOGLE_SEARCH_LOCALE,238.17,4911,229,12
2024-07-22,Marche,Google Ads,RND_IT_GOOGLE_DISPLAY,25.50,4181,27,0
2024-07-22,Marche,Google Ads,RND_IT_GOOGLE_PMAX,59.84,4410,91,2
2024-07-22,Marche,Google Ads,RND_IT_GOOGLE_SEARCH_BRAND,37.36,1300,99,2
2024-07-22,Marche,Google Ads,RND_IT_GOOGLE_SEARCH_GENERICA,60.62,1069,54,4
2024-07-22,Marche,Google Ads,RND_IT_GOOGLE_SEARCH_LOCALE,35.16,755,29,2
2024-07-22,Molise,Google Ads,RND_IT_GOOGLE_DISPLAY,8.94,1386,9,0
2024-07-22,Molise,Google Ads,RND_IT_GOOGLE_PMAX,14.71,1049,21,1
2024-07-22,Molise,Google Ads,RND_IT_GOOGLE_SEARCH_BRAND,4.57,151,12,0
2024-07-22,Molise,Google Ads,RND_IT_GOOGLE_SEARCH_GENERICA,19.22,361,18,1
2024-07-22,Molise,Google Ads,RND_IT_GOOGLE_SEARCH_LOCALE,9.89,205,9,1
2024-07-22,Piemonte,Google Ads,RND_IT_GOOGLE_DISPLAY,67.13,11135,62,1
2024-07-22,Piemonte,Google Ads,RND_IT_GOOGLE_PMAX,127.61,8659,168,3
2024-07-22,Piemonte,Google Ads,RND_IT_GOOGLE_SEARCH_BRAND,95.95,3157,239,4
2024-07-22,Piemonte,Google Ads,RND_IT_GOOGLE_SEARCH_GENERICA,281.39,5054,240,12
2024-07-22,Piemonte,Google Ads,RND_IT_GOOGLE_SEARCH_LOCALE,111.57,2160,91,5
2024-07-22,Puglia,Google Ads,RND_IT_GOOGLE_DISPLAY,119.75,21177,118,2
2024-07-22,Puglia,Google Ads,RND_IT_GOOGLE_PMAX,180.69,12940,306,4
2024-07-22,Puglia,Google Ads,RND_IT_GOOGLE_SEARCH_BRAND,88.05,2978,219,5
2024-07-22,Puglia,Google Ads,RND_IT_GOOGLE_SEARCH_GENERICA,197.24,3772,178,11
2024-07-22,Puglia,Google Ads,RND_IT_GOOGLE_SEARCH_LOCALE,167.42,3478,159,8
2024-07-22,Sardegna,Google Ads,RND_IT_GOOGLE_DISPLAY,44.54,7021,41,1
2024-07-22,Sardegna,Google Ads,RND_IT_GOOGLE_PMAX,139.27,10413,191,5
2024-07-22,Sardegna,Google Ads,RND_IT_GOOGLE_SEARCH_BRAND,39.28,1237,81,3
2024-07-22,Sardegna,Google Ads,RND_IT_GOOGLE_SEARCH_GENERICA,85.39,1454,72,6
2024-07-22,Sardegna,Google Ads,RND_IT_GOOGLE_SEARCH_LOCALE,44.74,945,40,3
2024-07-22,Sicilia,Google Ads,RND_IT_GOOGLE_DISPLAY,117.51,19898,122,3
2024-07-22,Sicilia,Google Ads,RND_IT_GOOGLE_PMAX,293.68,20490,389,10
2024-07-22,Sicilia,Google Ads,RND_IT_GOOGLE_SEARCH_BRAND,98.53,3206,213,8
2024-07-22,Sicilia,Google Ads,RND_IT_GOOGLE_SEARCH_GENERICA,348.33,6359,338,28
2024-07-22,Sicilia,Google Ads,RND_IT_GOOGLE_SEARCH_LOCALE,203.95,4343,204,17
2024-07-22,Toscana,Google Ads,RND_IT_GOOGLE_DISPLAY,71.45,12469,73,2
2024-07-22,Toscana,Google Ads,RND_IT_GOOGLE_PMAX,150.72,10793,227,6
2024-07-22,Toscana,Google Ads,RND_IT_GOOGLE_SEARCH_BRAND,70.89,2433,159,6
2024-07-22,Toscana,Google Ads,RND_IT_GOOGLE_SEARCH_GENERICA,116.46,2208,110,8
2024-07-22,Toscana,Google Ads,RND_IT_GOOGLE_SEARCH_LOCALE,91.58,1858,89,6
2024-07-22,Trentino-Alto Adige,Google Ads,RND_IT_GOOGLE_DISPLAY,37.30,6207,35,1
2024-07-22,Trentino-Alto Adige,Google Ads,RND_IT_GOOGLE_PMAX,27.89,2002,37,1
2024-07-22,Trentino-Alto Adige,Google Ads,RND_IT_GOOGLE_SEARCH_BRAND,26.75,845,65,2
2024-07-22,Trentino-Alto Adige,Google Ads,RND_IT_GOOGLE_SEARCH_GENERICA,43.13,763,43,2
2024-07-22,Trentino-Alto Adige,Google Ads,RND_IT_GOOGLE_SEARCH_LOCALE,31.21,645,31,2
2024-07-22,Umbria,Google Ads,RND_IT_GOOGLE_DISPLAY,19.20,3386,20,0
2024-07-22,Umbria,Google Ads,RND_IT_GOOGLE_PMAX,23.30,1711,32,1
2024-07-22,Umbria,Google Ads,RND_IT_GOOGLE_SEARCH_BRAND,19.91,686,47,1
2024-07-22,Umbria,Google Ads,RND_IT_GOOGLE_SEARCH_GENERICA,39.15,708,34,3
2024-07-22,Umbria,Google Ads,RND_IT_GOOGLE_SEARCH_LOCALE,16.49,354,18,1
2024-07-22,Valle d'Aosta,Google Ads,RND_IT_GOOGLE_DISPLAY,3.00,490,3,0
2024-07-22,Valle d'Aosta,Google Ads,RND_IT_GOOGLE_PMAX,4.19,296,6,0
2024-07-22,Valle d'Aosta,Google Ads,RND_IT_GOOGLE_SEARCH_BRAND,3.08,107,9,0
2024-07-22,Valle d'Aosta,Google Ads,RND_IT_GOOGLE_SEARCH_GENERICA,5.72,103,5,0
2024-07-22,Valle d'Aosta,Google Ads,RND_IT_GOOGLE_SEARCH_LOCALE,2.91,61,2,0
2024-07-22,Veneto,Google Ads,RND_IT_GOOGLE_DISPLAY,80.46,13993,89,1
2024-07-22,Veneto,Google Ads,RND_IT_GOOGLE_PMAX,143.70,9997,208,3
2024-07-22,Veneto,Google Ads,RND_IT_GOOGLE_SEARCH_BRAND,105.13,3466,260,5
2024-07-22,Veneto,Google Ads,RND_IT_GOOGLE_SEARCH_GENERICA,201.83,3594,175,7
2024-07-22,Veneto,Google Ads,RND_IT_GOOGLE_SEARCH_LOCALE,148.35,2949,122,5
2024-07-29,Abruzzo,Google Ads,RND_IT_GOOGLE_DISPLAY,17.79,3073,18,0
2024-07-29,Abruzzo,Google Ads,RND_IT_GOOGLE_PMAX,49.11,3568,74,1
2024-07-29,Abruzzo,Google Ads,RND_IT_GOOGLE_SEARCH_BRAND,22.49,756,56,1
2024-07-29,Abruzzo,Google Ads,RND_IT_GOOGLE_SEARCH_GENERICA,36.37,666,35,1
2024-07-29,Abruzzo,Google Ads,RND_IT_GOOGLE_SEARCH_LOCALE,21.95,474,26,1
2024-07-29,Basilicata,Google Ads,RND_IT_GOOGLE_DISPLAY,6.27,1043,5,0
2024-07-29,Basilicata,Google Ads,RND_IT_GOOGLE_PMAX,16.10,1124,23,0
2024-07-29,Basilicata,Google Ads,RND_IT_GOOGLE_SEARCH_BRAND,11.19,386,27,0
2024-07-29,Basilicata,Google Ads,RND_IT_GOOGLE_SEARCH_GENERICA,25.33,443,21,1
2024-07-29,Basilicata,Google Ads,RND_IT_GOOGLE_SEARCH_LOCALE,16.21,336,16,0
2024-07-29,Calabria,Google Ads,RND_IT_GOOGLE_DISPLAY,36.93,5881,36,1
2024-07-29,Calabria,Google Ads,RND_IT_GOOGLE_PMAX,83.08,5607,107,2
2024-07-29,Calabria,Google Ads,RND_IT_GOOGLE_SEARCH_BRAND,62.97,2070,162,3
2024-07-29,Calabria,Google Ads,RND_IT_GOOGLE_SEARCH_GENERICA,96.87,1755,100,4
2024-07-29,Calabria,Google Ads,RND_IT_GOOGLE_SEARCH_LOCALE,53.84,1158,53,2
2024-07-29,Campania,Google Ads,RND_IT_GOOGLE_DISPLAY,94.52,15280,102,2
2024-07-29,Campania,Google Ads,RND_IT_GOOGLE_PMAX,167.17,12600,248,5
2024-07-29,Campania,Google Ads,RND_IT_GOOGLE_SEARCH_BRAND,120.69,4128,292,7
2024-07-29,Campania,Google Ads,RND_IT_GOOGLE_SEARCH_GENERICA,291.62,5384,237,16
2024-07-29,Campania,Google Ads,RND_IT_GOOGLE_SEARCH_LOCALE,148.42,2963,134,6
2024-07-29,Emilia-Romagna,Google Ads,RND_IT_GOOGLE_DISPLAY,117.53,18210,109,3
2024-07-29,Emilia-Romagna,Google Ads,RND_IT_GOOGLE_PMAX,305.95,22461,447,11
2024-07-29,Emilia-Romagna,Google Ads,RND_IT_GOOGLE_SEARCH_BRAND,155.49,5079,355,12
2024-07-29,Emilia-Romagna,Google Ads,RND_IT_GOOGLE_SEARCH_GENERICA,160.19,2894,162,11
2024-07-29,Emilia-Romagna,Google Ads,RND_IT_GOOGLE_SEARCH_LOCALE,111.85,2322,104,7
2024-07-29,Friuli-Venezia Giulia,Google Ads,RND_IT_GOOGLE_DISPLAY,23.32,3956,25,1
2024-07-29,Friuli-Venezia Giulia,Google Ads,RND_IT_GOOGLE_PMAX,67.50,5094,108,3
2024-07-29,Friuli-Venezia Giulia,Google Ads,RND_IT_GOOGLE_SEARCH_BRAND,24.05,790,64,2
2024-07-29,Friuli-Venezia Giulia,Google Ads,RND_IT_GOOGLE_SEARCH_GENERICA,45.64,805,41,4
2024-07-29,Friuli-Venezia Giulia,Google Ads,RND_IT_GOOGLE_SEARCH_LOCALE,17.30,366,14,1
2024-07-29,Lazio,Google Ads,RND_IT_GOOGLE_DISPLAY,75.98,12844,74,2
2024-07-29,Lazio,Google Ads,RND_IT_GOOGLE_PMAX,153.17,11228,231,5
2024-07-29,Lazio,Google Ads,RND_IT_GOOGLE_SEARCH_BRAND,107.13,3485,268,8
2024-07-29,Lazio,Google Ads,RND_IT_GOOGLE_SEARCH_GENERICA,250.05,4687,243,16
2024-07-29,Lazio,Google Ads,RND_IT_GOOGLE_SEARCH_LOCALE,192.56,4001,170,12
2024-07-29,Liguria,Google Ads,RND_IT_GOOGLE_DISPLAY,18.68,3120,19,0
2024-07-29,Liguria,Google Ads,RND_IT_GOOGLE_PMAX,32.30,2355,44,1
2024-07-29,Liguria,Google Ads,RND_IT_GOOGLE_SEARCH_BRAND,20.87,703,52,2
2024-07-29,Liguria,Google Ads,RND_IT_GOOGLE_SEARCH_GENERICA,49.63,922,50,4
2024-07-29,Liguria,Google Ads,RND_IT_GOOGLE_SEARCH_LOCALE,45.50,914,41,3
2024-07-29,Lombardia,Google Ads,RND_IT_GOOGLE_DISPLAY,169.96,28222,161,3
2024-07-29,Lombardia,Google Ads,RND_IT_GOOGLE_PMAX,452.90,32709,690,12
2024-07-29,Lombardia,Google Ads,RND_IT_GOOGLE_SEARCH_BRAND,203.34,7013,550,11
2024-07-29,Lombardia,Google Ads,RND_IT_GOOGLE_SEARCH_GENERICA,432.33,7615,404,23
2024-07-29,Lombardia,Google Ads,RND_IT_GOOGLE_SEARCH_LOCALE,222.36,4301,184,12
2024-07-29,Marche,Google Ads,RND_IT_GOOGLE_DISPLAY,16.48,2858,17,0
2024-07-29,Marche,Google Ads,RND_IT_GOOGLE_PMAX,58.60,4162,73,2
2024-07-29,Marche,Google Ads,RND_IT_GOOGLE_SEARCH_BRAND,31.64,1049,79,2
2024-07-29,Marche,Google Ads,RND_IT_GOOGLE_SEARCH_GENERICA,58.66,1025,49,3
2024-07-29,Marche,Google Ads,RND_IT_GOOGLE_SEARCH_LOCALE,37.60,819,35,2
2024-07-29,Molise,Google Ads,RND_IT_GOOGLE_DISPLAY,6.20,1042,6,0
2024-07-29,Molise,Google Ads,RND_IT_GOOGLE_PMAX,13.11,951,19,1
2024-07-29,Molise,Google Ads,RND_IT_GOOGLE_SEARCH_BRAND,3.88,124,10,0
2024-07-29,Molise,Google Ads,RND_IT_GOOGLE_SEARCH_GENERICA,17.61,311,16,1
2024-07-29,Molise,Google Ads,RND_IT_GOOGLE_SEARCH_LOCALE,9.89,208,11,1
2024-07-29,Piemonte,Google Ads,RND_IT_GOOGLE_DISPLAY,54.04,8856,55,1
2024-07-29,Piemonte,Google Ads,RND_IT_GOOGLE_PMAX,158.05,11102,204,4
2024-07-29,Piemonte,Google Ads,RND_IT_GOOGLE_SEARCH_BRAND,73.75,2378,168,3
2024-07-29,Piemonte,Google Ads,RND_IT_GOOGLE_SEARCH_GENERICA,221.16,4087,231,11
2024-07-29,Piemonte,Google Ads,RND_IT_GOOGLE_SEARCH_LOCALE,113.96,2457,109,5
2024-07-29,Puglia,Google Ads,RND_IT_GOOGLE_DISPLAY,82.89,13877,78,1
2024-07-29,Puglia,Google Ads,RND_IT_GOOGLE_PMAX,197.53,13657,257,5
2024-07-29,Puglia,Google Ads,RND_IT_GOOGLE_SEARCH_BRAND,81.98,2765,237,4
2024-07-29,Puglia,Google Ads,RND_IT_GOOGLE_SEARCH_GENERICA,155.09,2843,133,6
2024-07-29,Puglia,Google Ads,RND_IT_GOOGLE_SEARCH_LOCALE,198.89,4259,195,10
2024-07-29,Sardegna,Google Ads,RND_IT_GOOGLE_DISPLAY,31.39,5554,30,1
2024-07-29,Sardegna,Google Ads,RND_IT_GOOGLE_PMAX,115.86,8193,186,5
2024-07-29,Sardegna,Google Ads,RND_IT_GOOGLE_SEARCH_BRAND,32.97,1160,83,2
2024-07-29,Sardegna,Google Ads,RND_IT_GOOGLE_SEARCH_GENERICA,77.89,1450,83,5
2024-07-29,Sardegna,Google Ads,RND_IT_GOOGLE_SEARCH_LOCALE,50.35,1068,49,4
2024-07-29,Sicilia,Google Ads,RND_IT_GOOGLE_DISPLAY,98.73,16761,104,3
2024-07-29,Sicilia,Google Ads,RND_IT_GOOGLE_PMAX,333.85,24771,444,13
2024-07-29,Sicilia,Google Ads,RND_IT_GOOGLE_SEARCH_BRAND,94.34,3182,265,9
2024-07-29,Sicilia,Google Ads,RND_IT_GOOGLE_SEARCH_GENERICA,275.70,4964,255,19
2024-07-29,Sicilia,Google Ads,RND_IT_GOOGLE_SEARCH_LOCALE,205.79,4246,199,15
2024-07-29,Toscana,Google Ads,RND_IT_GOOGLE_DISPLAY,55.07,9071,56,2
2024-07-29,Toscana,Google Ads,RND_IT_GOOGLE_PMAX,155.77,10715,202,6
2024-07-29,Toscana,Google Ads,RND_IT_GOOGLE_SEARCH_BRAND,65.11,2145,159,5
2024-07-29,Toscana,Google Ads,RND_IT_GOOGLE_SEARCH_GENERICA,99.40,1757,85,7
2024-07-29,Toscana,Google Ads,RND_IT_GOOGLE_SEARCH_LOCALE,83.75,1770,77,6
2024-07-29,Trentino-Alto Adige,Google Ads,RND_IT_GOOGLE_DISPLAY,26.51,4413,27,0
2024-07-29,Trentino-Alto Adige,Google Ads,RND_IT_GOOGLE_PMAX,28.46,1959,41,1
2024-07-29,Trentino-Alto Adige,Google Ads,RND_IT_GOOGLE_SEARCH_BRAND,25.38,865,69,1
2024-07-29,Trentino-Alto Adige,Google Ads,RND_IT_GOOGLE_SEARCH_GENERICA,38.17,713,33,2
2024-07-29,Trentino-Alto Adige,Google Ads,RND_IT_GOOGLE_SEARCH_LOCALE,36.43,792,39,2
2024-07-29,Umbria,Google Ads,RND_IT_GOOGLE_DISPLAY,13.07,2209,14,0
2024-07-29,Umbria,Google Ads,RND_IT_GOOGLE_PMAX,31.63,2300,44,1
2024-07-29,Umbria,Google Ads,RND_IT_GOOGLE_SEARCH_BRAND,19.80,655,52,2
2024-07-29,Umbria,Google Ads,RND_IT_GOOGLE_SEARCH_GENERICA,32.42,580,29,2
2024-07-29,Umbria,Google Ads,RND_IT_GOOGLE_SEARCH_LOCALE,16.92,353,16,1
2024-07-29,Valle d'Aosta,Google Ads,RND_IT_GOOGLE_DISPLAY,2.07,340,2,0
2024-07-29,Valle d'Aosta,Google Ads,RND_IT_GOOGLE_PMAX,3.79,267,5,0
2024-07-29,Valle d'Aosta,Google Ads,RND_IT_GOOGLE_SEARCH_BRAND,3.01,99,8,0
2024-07-29,Valle d'Aosta,Google Ads,RND_IT_GOOGLE_SEARCH_GENERICA,4.08,75,3,0
2024-07-29,Valle d'Aosta,Google Ads,RND_IT_GOOGLE_SEARCH_LOCALE,2.59,57,2,0
2024-07-29,Veneto,Google Ads,RND_IT_GOOGLE_DISPLAY,58.46,9594,59,1
2024-07-29,Veneto,Google Ads,RND_IT_GOOGLE_PMAX,156.15,11316,249,4
2024-07-29,Veneto,Google Ads,RND_IT_GOOGLE_SEARCH_BRAND,92.39,2991,211,4
2024-07-29,Veneto,Google Ads,RND_IT_GOOGLE_SEARCH_GENERICA,169.15,2933,142,7
2024-07-29,Veneto,Google Ads,RND_IT_GOOGLE_SEARCH_LOCALE,109.73,2183,98,4
2024-08-05,Abruzzo,Google Ads,RND_IT_GOOGLE_DISPLAY,17.16,2858,17,0
2024-08-05,Abruzzo,Google Ads,RND_IT_GOOGLE_PMAX,34.14,2511,53,1
2024-08-05,Abruzzo,Google Ads,RND_IT_GOOGLE_SEARCH_BRAND,18.82,654,53,1
2024-08-05,Abruzzo,Google Ads,RND_IT_GOOGLE_SEARCH_GENERICA,35.23,630,31,1
2024-08-05,Abruzzo,Google Ads,RND_IT_GOOGLE_SEARCH_LOCALE,20.75,411,18,1
2024-08-05,Basilicata,Google Ads,RND_IT_GOOGLE_DISPLAY,6.77,1179,7,0
2024-08-05,Basilicata,Google Ads,RND_IT_GOOGLE_PMAX,13.56,982,19,0
2024-08-05,Basilicata,Google Ads,RND_IT_GOOGLE_SEARCH_BRAND,8.11,250,21,0
2024-08-05,Basilicata,Google Ads,RND_IT_GOOGLE_SEARCH_GENERICA,23.51,440,20,1
2024-08-05,Basilicata,Google Ads,RND_IT_GOOGLE_SEARCH_LOCALE,12.28,263,12,0
2024-08-05,Calabria,Google Ads,RND_IT_GOOGLE_DISPLAY,43.09,7351,45,1
2024-08-05,Calabria,Google Ads,RND_IT_GOOGLE_PMAX,63.49,4449,88,2
2024-08-05,Calabria,Google Ads,RND_IT_GOOGLE_SEARCH_BRAND,32.28,1102,81,2
2024-08-05,Calabria,Google Ads,RND_IT_GOOGLE_SEARCH_GENERICA,77.07,1371,72,5
2024-08-05,Calabria,Google Ads,RND_IT_GOOGLE_SEARCH_LOCALE,47.67,969,45,3
2024-08-05,Campania,Google Ads,RND_IT_GOOGLE_DISPLAY,100.27,16506,115,2
2024-08-05,Campania,Google Ads,RND_IT_GOOGLE_PMAX,151.43,11233,233,5
2024-08-05,Campania,Google Ads,RND_IT_GOOGLE_SEARCH_BRAND,70.83,2328,175,5
2024-08-05,Campania,Google Ads,RND_IT_GOOGLE_SEARCH_GENERICA,265.04,4937,243,17
2024-08-05,Campania,Google Ads,RND_IT_GOOGLE_SEARCH_LOCALE,116.60,2578,121,7
2024-08-05,Emilia-Romagna,Google Ads,RND_IT_GOOGLE_DISPLAY,112.31,19206,121,3
2024-08-05,Emilia-Romagna,Google Ads,RND_IT_GOOGLE_PMAX,233.53,17052,356,10
2024-08-05,Emilia-Romagna,Google Ads,RND_IT_GOOGLE_SEARCH_BRAND,88.33,2908,210,8
2024-08-05,Emilia-Romagna,Google Ads,RND_IT_GOOGLE_SEARCH_GENERICA,162.47,2747,131,11
2024-08-05,Emilia-Romagna,Google Ads,RND_IT_GOOGLE_SEARCH_LOCALE,118.64,2571,120,8
2024-08-05,Friuli-Venezia Giulia,Google Ads,RND_IT_GOOGLE_DISPLAY,24.58,4098,26,1
2024-08-05,Friuli-Venezia Giulia,Google Ads,RND_IT_GOOGLE_PMAX,61.21,4376,88,3
2024-08-05,Friuli-Venezia Giulia,Google Ads,RND_IT_GOOGLE_SEARCH_BRAND,15.73,551,40,1
2024-08-05,Friuli-Venezia Giulia,Google Ads,RND_IT_GOOGLE_SEARCH_GENERICA,44.07,788,38,3
2024-08-05,Friuli-Venezia Giulia,Google Ads,RND_IT_GOOGLE_SEARCH_LOCALE,17.04,372,17,1
2024-08-05,Lazio,Google Ads,RND_IT_GOOGLE_DISPLAY,95.99,16163,102,2
2024-08-05,Lazio,Google Ads,RND_IT_GOOGLE_PMAX,118.73,8475,174,4
2024-08-05,Lazio,Google Ads,RND_IT_GOOGLE_SEARCH_BRAND,62.44,2037,171,5
2024-08-05,Lazio,Google Ads,RND_IT_GOOGLE_SEARCH_GENERICA,213.59,3863,198,14
2024-08-05,Lazio,Google Ads,RND_IT_GOOGLE_SEARCH_LOCALE,212.24,4539,205,16
2024-08-05,Liguria,Google Ads,RND_IT_GOOGLE_DISPLAY,20.18,3389,17,1
2024-08-05,Liguria,Google Ads,RND_IT_GOOGLE_PMAX,22.52,1626,33,1
2024-08-05,Liguria,Google Ads,RND_IT_GOOGLE_SEARCH_BRAND,14.34,468,33,1
2024-08-05,Liguria,Google Ads,RND_IT_GOOGLE_SEARCH_GENERICA,42.05,805,40,4
2024-08-05,Liguria,Google Ads,RND_IT_GOOGLE_SEARCH_LOCALE,34.55,700,27,3
2024-08-05,Lombardia,Google Ads,RND_IT_GOOGLE_DISPLAY,180.75,28218,173,3
2024-08-05,Lombardia,Google Ads,RND_IT_GOOGLE_PMAX,353.76,25032,497,9
2024-08-05,Lombardia,Google Ads,RND_IT_GOOGLE_SEARCH_BRAND,172.56,5729,401,9
2024-08-05,Lombardia,Google Ads,RND_IT_GOOGLE_SEARCH_GENERICA,417.37,7322,348,21
2024-08-05,Lombardia,Google Ads,RND_IT_GOOGLE_SEARCH_LOCALE,230.74,4568,217,11
2024-08-05,Marche,Google Ads,RND_IT_GOOGLE_DISPLAY,21.05,3187,20,0
2024-08-05,Marche,Google Ads,RND_IT_GOOGLE_PMAX,48.15,3271,63,2
2024-08-05,Marche,Google Ads,RND_IT_GOOGLE_SEARCH_BRAND,22.56,761,64,2
2024-08-05,Marche,Google Ads,RND_IT_GOOGLE_SEARCH_GENERICA,53.73,997,50,3
2024-08-05,Marche,Google Ads,RND_IT_GOOGLE_SEARCH_LOCALE,26.37,574,27,2
2024-08-05,Molise,Google Ads,RND_IT_GOOGLE_DISPLAY,8.42,1413,9,0
2024-08-05,Molise,Google Ads,RND_IT_GOOGLE_PMAX,9.58,700,15,0
2024-08-05,Molise,Google Ads,RND_IT_GOOGLE_SEARCH_BRAND,2.88,95,7,0
2024-08-05,Molise,Google Ads,RND_IT_GOOGLE_SEARCH_GENERICA,16.83,316,16,1
2024-08-05,Molise,Google Ads,RND_IT_GOOGLE_SEARCH_LOCALE,8.98,179,7,1
2024-08-05,Piemonte,Google Ads,RND_IT_GOOGLE_DISPLAY,55.70,9045,54,1
2024-08-05,Piemonte,Google Ads,RND_IT_GOOGLE_PMAX,119.87,8739,178,4
2024-08-05,Piemonte,Google Ads,RND_IT_GOOGLE_SEARCH_BRAND,44.98,1429,123,3
2024-08-05,Piemonte,Google Ads,RND_IT_GOOGLE_SEARCH_GENERICA,205.45,3655,168,9
2024-08-05,Piemonte,Google Ads,RND_IT_GOOGLE_SEARCH_LOCALE,96.64,2109,97,5
2024-08-05,Puglia,Google Ads,RND_IT_GOOGLE_DISPLAY,89.09,14118,79,1
2024-08-05,Puglia,Google Ads,RND_IT_GOOGLE_PMAX,160.58,10678,182,4
2024-08-05,Puglia,Google Ads,RND_IT_GOOGLE_SEARCH_BRAND,51.72,1679,122,3
2024-08-05,Puglia,Google Ads,RND_IT_GOOGLE_SEARCH_GENERICA,163.73,2944,144,8
2024-08-05,Puglia,Google Ads,RND_IT_GOOGLE_SEARCH_LOCALE,154.74,3289,155,7
2024-08-05,Sardegna,Google Ads,RND_IT_GOOGLE_DISPLAY,33.99,5526,32,1
2024-08-05,Sardegna,Google Ads,RND_IT_GOOGLE_PMAX,104.01,7543,142,4
2024-08-05,Sardegna,Google Ads,RND_IT_GOOGLE_SEARCH_BRAND,23.58,816,62,2
2024-08-05,Sardegna,Google Ads,RND_IT_GOOGLE_SEARCH_GENERICA,87.09,1590,83,6
2024-08-05,Sardegna,Google Ads,RND_IT_GOOGLE_SEARCH_LOCALE,40.49,842,41,3
2024-08-05,Sicilia,Google Ads,RND_IT_GOOGLE_DISPLAY,91.22,15624,88,2
2024-08-05,Sicilia,Google Ads,RND_IT_GOOGLE_PMAX,275.98,20752,401,12
2024-08-05,Sicilia,Google Ads,RND_IT_GOOGLE_SEARCH_BRAND,63.73,2129,152,6
2024-08-05,Sicilia,Google Ads,RND_IT_GOOGLE_SEARCH_GENERICA,269.47,4682,243,21
2024-08-05,Sicilia,Google Ads,RND_IT_GOOGLE_SEARCH_LOCALE,148.84,3142,146,13
2024-08-05,Toscana,Google Ads,RND_IT_GOOGLE_DISPLAY,59.92,10095,65,2
2024-08-05,Toscana,Google Ads,RND_IT_GOOGLE_PMAX,121.32,8372,165,6
2024-08-05,Toscana,Google Ads,RND_IT_GOOGLE_SEARCH_BRAND,36.28,1226,93,3
2024-08-05,Toscana,Google Ads,RND_IT_GOOGLE_SEARCH_GENERICA,80.37,1441,71,6
2024-08-05,Toscana,Google Ads,RND_IT_GOOGLE_SEARCH_LOCALE,70.06,1480,68,6
2024-08-05,Trentino-Alto Adige,Google Ads,RND_IT_GOOGLE_DISPLAY,27.84,4747,31,1
2024-08-05,Trentino-Alto Adige,Google Ads,RND_IT_GOOGLE_PMAX,26.50,1888,41,1
2024-08-05,Trentino-Alto Adige,Google Ads,RND_IT_GOOGLE_SEARCH_BRAND,16.25,538,35,1
2024-08-05,Trentino-Alto Adige,Google Ads,RND_IT_GOOGLE_SEARCH_GENERICA,36.16,683,36,2
2024-08-05,Trentino-Alto Adige,Google Ads,RND_IT_GOOGLE_SEARCH_LOCALE,28.64,593,28,2
2024-08-05,Umbria,Google Ads,RND_IT_GOOGLE_DISPLAY,13.53,2286,16,0
2024-08-05,Umbria,Google Ads,RND_IT_GOOGLE_PMAX,20.21,1435,35,1
2024-08-05,Umbria,Google Ads,RND_IT_GOOGLE_SEARCH_BRAND,13.26,433,34,1
2024-08-05,Umbria,Google Ads,RND_IT_GOOGLE_SEARCH_GENERICA,39.94,737,34,2
2024-08-05,Umbria,Google Ads,RND_IT_GOOGLE_SEARCH_LOCALE,16.17,351,15,1
2024-08-05,Valle d'Aosta,Google Ads,RND_IT_GOOGLE_DISPLAY,2.12,344,2,0
2024-08-05,Valle d'Aosta,Google Ads,RND_IT_GOOGLE_PMAX,3.08,231,4,0
2024-08-05,Valle d'Aosta,Google Ads,RND_IT_GOOGLE_SEARCH_BRAND,1.93,67,5,0
2024-08-05,Valle d'Aosta,Google Ads,RND_IT_GOOGLE_SEARCH_GENERICA,3.52,64,3,0
2024-08-05,Valle d'Aosta,Google Ads,RND_IT_GOOGLE_SEARCH_LOCALE,2.55,55,3,0
2024-08-05,Veneto,Google Ads,RND_IT_GOOGLE_DISPLAY,60.44,10309,59,1
2024-08-05,Veneto,Google Ads,RND_IT_GOOGLE_PMAX,133.92,9888,202,3
2024-08-05,Veneto,Google Ads,RND_IT_GOOGLE_SEARCH_BRAND,57.73,1913,143,3
2024-08-05,Veneto,Google Ads,RND_IT_GOOGLE_SEARCH_GENERICA,157.86,2880,141,6
2024-08-05,Veneto,Google Ads,RND_IT_GOOGLE_SEARCH_LOCALE,106.95,2239,96,4
2024-08-12,Abruzzo,Google Ads,RND_IT_GOOGLE_DISPLAY,19.04,3230,18,0
2024-08-12,Abruzzo,Google Ads,RND_IT_GOOGLE_PMAX,51.03,3549,71,1
2024-08-12,Abruzzo,Google Ads,RND_IT_GOOGLE_SEARCH_BRAND,23.43,771,56,1
2024-08-12,Abruzzo,Google Ads,RND_IT_GOOGLE_SEARCH_GENERICA,46.72,864,48,1
2024-08-12,Abruzzo,Google Ads,RND_IT_GOOGLE_SEARCH_LOCALE,29.29,599,29,1
2024-08-12,Basilicata,Google Ads,RND_IT_GOOGLE_DISPLAY,9.45,1570,9,0
2024-08-12,Basilicata,Google Ads,RND_IT_GOOGLE_PMAX,17.28,1247,25,0
2024-08-12,Basilicata,Google Ads,RND_IT_GOOGLE_SEARCH_BRAND,11.49,396,28,0
2024-08-12,Basilicata,Google Ads,RND_IT_GOOGLE_SEARCH_GENERICA,29.36,546,28,1
2024-08-12,Basilicata,Google Ads,RND_IT_GOOGLE_SEARCH_LOCALE,13.48,292,12,0
2024-08-12,Calabria,Google Ads,RND_IT_GOOGLE_DISPLAY,44.15,7372,41,1
2024-08-12,Calabria,Google Ads,RND_IT_GOOGLE_PMAX,67.22,5133,107,2
2024-08-12,Calabria,Google Ads,RND_IT_GOOGLE_SEARCH_BRAND,35.89,1170,92,2
2024-08-12,Calabria,Google Ads,RND_IT_GOOGLE_SEARCH_GENERICA,78.63,1406,69,5
2024-08-12,Calabria,Google Ads,RND_IT_GOOGLE_SEARCH_LOCALE,42.35,829,39,2
2024-08-12,Campania,Google Ads,RND_IT_GOOGLE_DISPLAY,132.18,22555,130,2
2024-08-12,Campania,Google Ads,RND_IT_GOOGLE_PMAX,207.99,14578,295,7
2024-08-12,Campania,Google Ads,RND_IT_GOOGLE_SEARCH_BRAND,107.40,3516,242,6
2024-08-12,Campania,Google Ads,RND_IT_GOOGLE_SEARCH_GENERICA,375.49,7141,396,21
2024-08-12,Campania,Google Ads,RND_IT_GOOGLE_SEARCH_LOCALE,162.61,3433,155,10
2024-08-12,Emilia-Romagna,Google Ads,RND_IT_GOOGLE_DISPLAY,112.03,18251,116,3
2024-08-12,Emilia-Romagna,Google Ads,RND_IT_GOOGLE_PMAX,233.35,16662,325,11
2024-08-12,Emilia-Romagna,Google Ads,RND_IT_GOOGLE_SEARCH_BRAND,113.53,3785,294,9
2024-08-12,Emilia-Romagna,Google Ads,RND_IT_GOOGLE_SEARCH_GENERICA,155.74,2943,144,13
2024-08-12,Emilia-Romagna,Google Ads,RND_IT_GOOGLE_SEARCH_LOCALE,110.73,2358,113,8
2024-08-12,Friuli-Venezia Giulia,Google Ads,RND_IT_GOOGLE_DISPLAY,23.94,4119,23,1
2024-08-12,Friuli-Venezia Giulia,Google Ads,RND_IT_GOOGLE_PMAX,84.07,6097,122,4
2024-08-12,Friuli-Venezia Giulia,Google Ads,RND_IT_GOOGLE_SEARCH_BRAND,21.17,706,61,2
2024-08-12,Friuli-Venezia Giulia,Google Ads,RND_IT_GOOGLE_SEARCH_GENERICA,60.42,1121,65,5
2024-08-12,Friuli-Venezia Giulia,Google Ads,RND_IT_GOOGLE_SEARCH_LOCALE,19.85,403,17,1
2024-08-12,Lazio,Google Ads,RND_IT_GOOGLE_DISPLAY,107.02,18139,117,2
2024-08-12,Lazio,Google Ads,RND_IT_GOOGLE_PMAX,167.13,11719,244,6
2024-08-12,Lazio,Google Ads,RND_IT_GOOGLE_SEARCH_BRAND,78.25,2629,218,5
2024-08-12,Lazio,Google Ads,RND_IT_GOOGLE_SEARCH_GENERICA,272.01,4821,232,19
2024-08-12,Lazio,Google Ads,RND_IT_GOOGLE_SEARCH_LOCALE,266.28,5710,259,18
2024-08-12,Liguria,Google Ads,RND_IT_GOOGLE_DISPLAY,22.42,3736,25,1
2024-08-12,Liguria,Google Ads,RND_IT_GOOGLE_PMAX,33.91,2550,53,2
2024-08-12,Liguria,Google Ads,RND_IT_GOOGLE_SEARCH_BRAND,22.35,792,53,2
2024-08-12,Liguria,Google Ads,RND_IT_GOOGLE_SEARCH_GENERICA,54.06,953,44,5
2024-08-12,Liguria,Google Ads,RND_IT_GOOGLE_SEARCH_LOCALE,41.35,861,39,3
2024-08-12,Lombardia,Google Ads,RND_IT_GOOGLE_DISPLAY,200.85,35012,214,4
2024-08-12,Lombardia,Google Ads,RND_IT_GOOGLE_PMAX,536.44,37774,765,15
2024-08-12,Lombardia,Google Ads,RND_IT_GOOGLE_SEARCH_BRAND,244.58,8235,594,11
2024-08-12,Lombardia,Google Ads,RND_IT_GOOGLE_SEARCH_GENERICA,502.25,9042,447,25
2024-08-12,Lombardia,Google Ads,RND_IT_GOOGLE_SEARCH_LOCALE,254.11,5207,241,12
2024-08-12,Marche,Google Ads,RND_IT_GOOGLE_DISPLAY,20.17,3231,21,0
2024-08-12,Marche,Google Ads,RND_IT_GOOGLE_PMAX,72.46,4960,95,2
2024-08-12,Marche,Google Ads,RND_IT_GOOGLE_SEARCH_BRAND,29.97,928,72,2
2024-08-12,Marche,Google Ads,RND_IT_GOOGLE_SEARCH_GENERICA,53.26,970,48,3
2024-08-12,Marche,Google Ads,RND_IT_GOOGLE_SEARCH_LOCALE,35.76,767,32,2
2024-08-12,Molise,Google Ads,RND_IT_GOOGLE_DISPLAY,8.42,1384,8,0
2024-08-12,Molise,Google Ads,RND_IT_GOOGLE_PMAX,17.05,1199,29,1
2024-08-12,Molise,Google Ads,RND_IT_GOOGLE_SEARCH_BRAND,4.33,146,11,0
2024-08-12,Molise,Google Ads,RND_IT_GOOGLE_SEARCH_GENERICA,21.24,366,17,2
2024-08-12,Molise,Google Ads,RND_IT_GOOGLE_SEARCH_LOCALE,11.19,226,11,1
2024-08-12,Piemonte,Google Ads,RND_IT_GOOGLE_DISPLAY,70.70,11541,67,1
2024-08-12,Piemonte,Google Ads,RND_IT_GOOGLE_PMAX,160.80,11711,240,3
2024-08-12,Piemonte,Google Ads,RND_IT_GOOGLE_SEARCH_BRAND,71.86,2398,162,3
2024-08-12,Piemonte,Google Ads,RND_IT_GOOGLE_SEARCH_GENERICA,330.07,6090,360,12
2024-08-12,Piemonte,Google Ads,RND_IT_GOOGLE_SEARCH_LOCALE,119.12,2546,100,5
2024-08-12,Puglia,Google Ads,RND_IT_GOOGLE_DISPLAY,87.22,14692,89,2
2024-08-12,Puglia,Google Ads,RND_IT_GOOGLE_PMAX,153.38,10693,225,3
2024-08-12,Puglia,Google Ads,RND_IT_GOOGLE_SEARCH_BRAND,67.28,2245,173,4
2024-08-12,Puglia,Google Ads,RND_IT_GOOGLE_SEARCH_GENERICA,173.43,3275,167,7
2024-08-12,Puglia,Google Ads,RND_IT_GOOGLE_SEARCH_LOCALE,136.45,2674,115,6
2024-08-12,Sardegna,Google Ads,RND_IT_GOOGLE_DISPLAY,33.16,5724,35,1
2024-08-12,Sardegna,Google Ads,RND_IT_GOOGLE_PMAX,97.27,7011,135,4
2024-08-12,Sardegna,Google Ads,RND_IT_GOOGLE_SEARCH_BRAND,31.36,1053,79,2
2024-08-12,Sardegna,Google Ads,RND_IT_GOOGLE_SEARCH_GENERICA,86.94,1608,83,5
2024-08-12,Sardegna,Google Ads,RND_IT_GOOGLE_SEARCH_LOCALE,34.90,733,29,3
2024-08-12,Sicilia,Google Ads,RND_IT_GOOGLE_DISPLAY,105.49,17063,113,3
2024-08-12,Sicilia,Google Ads,RND_IT_GOOGLE_PMAX,264.29,19196,389,14
2024-08-12,Sicilia,Google Ads,RND_IT_GOOGLE_SEARCH_BRAND,62.74,2089,178,6
2024-08-12,Sicilia,Google Ads,RND_IT_GOOGLE_SEARCH_GENERICA,252.92,4505,218,21
2024-08-12,Sicilia,Google Ads,RND_IT_GOOGLE_SEARCH_LOCALE,133.43,2783,133,12
2024-08-12,Toscana,Google Ads,RND_IT_GOOGLE_DISPLAY,73.52,13469,75,2
2024-08-12,Toscana,Google Ads,RND_IT_GOOGLE_PMAX,189.57,13050,264,7
2024-08-12,Toscana,Google Ads,RND_IT_GOOGLE_SEARCH_BRAND,54.69,1820,134,4
2024-08-12,Toscana,Google Ads,RND_IT_GOOGLE_SEARCH_GENERICA,106.12,1883,90,8
2024-08-12,Toscana,Google Ads,RND_IT_GOOGLE_SEARCH_LOCALE,106.33,2179,101,8
2024-08-12,Trentino-Alto Adige,Google Ads,RND_IT_GOOGLE_DISPLAY,25.44,4155,24,0
2024-08-12,Trentino-Alto Adige,Google Ads,RND_IT_GOOGLE_PMAX,25.56,1795,31,1
2024-08-12,Trentino-Alto Adige,Google Ads,RND_IT_GOOGLE_SEARCH_BRAND,17.44,592,48,1
2024-08-12,Trentino-Alto Adige,Google Ads,RND_IT_GOOGLE_SEARCH_GENERICA,38.10,699,37,2
2024-08-12,Trentino-Alto Adige,Google Ads,RND_IT_GOOGLE_SEARCH_LOCALE,27.43,578,27,1
2024-08-12,Umbria,Google Ads,RND_IT_GOOGLE_DISPLAY,18.77,3162,19,0
2024-08-12,Umbria,Google Ads,RND_IT_GOOGLE_PMAX,28.45,2053,39,1
2024-08-12,Umbria,Google Ads,RND_IT_GOOGLE_SEARCH_BRAND,18.45,605,41,1
2024-08-12,Umbria,Google Ads,RND_IT_GOOGLE_SEARCH_GENERICA,59.20,1071,47,3
2024-08-12,Umbria,Google Ads,RND_IT_GOOGLE_SEARCH_LOCALE,22.97,477,24,1
2024-08-12,Valle d'Aosta,Google Ads,RND_IT_GOOGLE_DISPLAY,2.32,386,2,0
2024-08-12,Valle d'Aosta,Google Ads,RND_IT_GOOGLE_PMAX,4.54,331,6,0
2024-08-12,Valle d'Aosta,Google Ads,RND_IT_GOOGLE_SEARCH_BRAND,2.53,82,6,0
2024-08-12,Valle d'Aosta,Google Ads,RND_IT_GOOGLE_SEARCH_GENERICA,5.53,102,5,0
2024-08-12,Valle d'Aosta,Google Ads,RND_IT_GOOGLE_SEARCH_LOCALE,3.20,69,3,0
2024-08-12,Veneto,Google Ads,RND_IT_GOOGLE_DISPLAY,64.54,10772,60,1
2024-08-12,Veneto,Google Ads,RND_IT_GOOGLE_PMAX,181.11,12727,244,3
2024-08-12,Veneto,Google Ads,RND_IT_GOOGLE_SEARCH_BRAND,73.02,2655,209,3
2024-08-12,Veneto,Google Ads,RND_IT_GOOGLE_SEARCH_GENERICA,214.15,3964,195,8
2024-08-12,Veneto,Google Ads,RND_IT_GOOGLE_SEARCH_LOCALE,129.99,2754,129,5
2024-08-19,Abruzzo,Google Ads,RND_IT_GOOGLE_DISPLAY,23.02,3745,22,0
2024-08-19,Abruzzo,Google Ads,RND_IT_GOOGLE_PMAX,53.12,3812,71,1
2024-08-19,Abruzzo,Google Ads,RND_IT_GOOGLE_SEARCH_BRAND,17.86,582,47,1
2024-08-19,Abruzzo,Google Ads,RND_IT_GOOGLE_SEARCH_GENERICA,73.25,1375,75,2
2024-08-19,Abruzzo,Google Ads,RND_IT_GOOGLE_SEARCH_LOCALE,28.58,603,27,1
2024-08-19,Basilicata,Google Ads,RND_IT_GOOGLE_DISPLAY,11.06,1903,11,0
2024-08-19,Basilicata,Google Ads,RND_IT_GOOGLE_PMAX,18.40,1303,26,0
2024-08-19,Basilicata,Google Ads,RND_IT_GOOGLE_SEARCH_BRAND,8.42,281,20,0
2024-08-19,Basilicata,Google Ads,RND_IT_GOOGLE_SEARCH_GENERICA,43.78,769,37,2
2024-08-19,Basilicata,Google Ads,RND_IT_GOOGLE_SEARCH_LOCALE,15.63,328,15,1
2024-08-19,Calabria,Google Ads,RND_IT_GOOGLE_DISPLAY,49.74,8077,53,1
2024-08-19,Calabria,Google Ads,RND_IT_GOOGLE_PMAX,76.57,5589,123,2
2024-08-19,Calabria,Google Ads,RND_IT_GOOGLE_SEARCH_BRAND,28.14,896,67,2
2024-08-19,Calabria,Google Ads,RND_IT_GOOGLE_SEARCH_GENERICA,109.76,2009,103,6
2024-08-19,Calabria,Google Ads,RND_IT_GOOGLE_SEARCH_LOCALE,46.91,963,47,2
2024-08-19,Campania,Google Ads,RND_IT_GOOGLE_DISPLAY,134.06,21157,118,3
2024-08-19,Campania,Google Ads,RND_IT_GOOGLE_PMAX,238.44,17297,349,7
2024-08-19,Campania,Google Ads,RND_IT_GOOGLE_SEARCH_BRAND,75.82,2536,172,4
2024-08-19,Campania,Google Ads,RND_IT_GOOGLE_SEARCH_GENERICA,465.81,8377,420,22
2024-08-19,Campania,Google Ads,RND_IT_GOOGLE_SEARCH_LOCALE,179.42,3704,191,9
2024-08-19,Emilia-Romagna,Google Ads,RND_IT_GOOGLE_DISPLAY,120.62,19427,123,3
2024-08-19,Emilia-Romagna,Google Ads,RND_IT_GOOGLE_PMAX,231.54,16353,300,8
2024-08-19,Emilia-Romagna,Google Ads,RND_IT_GOOGLE_SEARCH_BRAND,78.81,2553,189,6
2024-08-19,Emilia-Romagna,Google Ads,RND_IT_GOOGLE_SEARCH_GENERICA,204.15,3701,202,12
2024-08-19,Emilia-Romagna,Google Ads,RND_IT_GOOGLE_SEARCH_LOCALE,137.45,2885,126,10
2024-08-19,Friuli-Venezia Giulia,Google Ads,RND_IT_GOOGLE_DISPLAY,26.65,4634,30,1
2024-08-19,Friuli-Venezia Giulia,Google Ads,RND_IT_GOOGLE_PMAX,73.13,5298,98,3
2024-08-19,Friuli-Venezia Giulia,Google Ads,RND_IT_GOOGLE_SEARCH_BRAND,16.74,551,44,1
2024-08-19,Friuli-Venezia Giulia,Google Ads,RND_IT_GOOGLE_SEARCH_GENERICA,83.74,1562,69,6
2024-08-19,Friuli-Venezia Giulia,Google Ads,RND_IT_GOOGLE_SEARCH_LOCALE,26.98,559,27,2
2024-08-19,Lazio,Google Ads,RND_IT_GOOGLE_DISPLAY,111.32,19250,111,2
2024-08-19,Lazio,Google Ads,RND_IT_GOOGLE_PMAX,194.78,13741,268,7
2024-08-19,Lazio,Google Ads,RND_IT_GOOGLE_SEARCH_BRAND,59.74,2054,149,4
2024-08-19,Lazio,Google Ads,RND_IT_GOOGLE_SEARCH_GENERICA,399.10,7468,393,24
2024-08-19,Lazio,Google Ads,RND_IT_GOOGLE_SEARCH_LOCALE,358.63,7721,355,20
2024-08-19,Liguria,Google Ads,RND_IT_GOOGLE_DISPLAY,29.01,4543,28,1
2024-08-19,Liguria,Google Ads,RND_IT_GOOGLE_PMAX,31.44,2276,41,1
2024-08-19,Liguria,Google Ads,RND_IT_GOOGLE_SEARCH_BRAND,18.59,629,46,2
2024-08-19,Liguria,Google Ads,RND_IT_GOOGLE_SEARCH_GENERICA,72.85,1380,68,6
2024-08-19,Liguria,Google Ads,RND_IT_GOOGLE_SEARCH_LOCALE,46.83,978,45,4
2024-08-19,Lombardia,Google Ads,RND_IT_GOOGLE_DISPLAY,239.15,40831,255,4
2024-08-19,Lombardia,Google Ads,RND_IT_GOOGLE_PMAX,586.04,42452,867,16
2024-08-19,Lombardia,Google Ads,RND_IT_GOOGLE_SEARCH_BRAND,220.60,7479,517,10
2024-08-19,Lombardia,Google Ads,RND_IT_GOOGLE_SEARCH_GENERICA,769.58,14171,754,34
2024-08-19,Lombardia,Google Ads,RND_IT_GOOGLE_SEARCH_LOCALE,351.63,7408,339,14
2024-08-19,Marche,Google Ads,RND_IT_GOOGLE_DISPLAY,28.00,4389,27,1
2024-08-19,Marche,Google Ads,RND_IT_GOOGLE_PMAX,82.19,6289,138,2
2024-08-19,Marche,Google Ads,RND_IT_GOOGLE_SEARCH_BRAND,23.94,756,54,1
2024-08-19,Marche,Google Ads,RND_IT_GOOGLE_SEARCH_GENERICA,78.94,1430,67,5
2024-08-19,Marche,Google Ads,RND_IT_GOOGLE_SEARCH_LOCALE,49.62,990,44,2
2024-08-19,Molise,Google Ads,RND_IT_GOOGLE_DISPLAY,8.67,1445,9,0
2024-08-19,Molise,Google Ads,RND_IT_GOOGLE_PMAX,19.87,1405,27,1
2024-08-19,Molise,Google Ads,RND_IT_GOOGLE_SEARCH_BRAND,3.38,119,10,0
2024-08-19,Molise,Google Ads,RND_IT_GOOGLE_SEARCH_GENERICA,27.43,495,25,2
2024-08-19,Molise,Google Ads,RND_IT_GOOGLE_SEARCH_LOCALE,12.98,278,9,1
2024-08-19,Piemonte,Google Ads,RND_IT_GOOGLE_DISPLAY,86.93,13964,80,1
2024-08-19,Piemonte,Google Ads,RND_IT_GOOGLE_PMAX,184.56,13127,264,4
2024-08-19,Piemonte,Google Ads,RND_IT_GOOGLE_SEARCH_BRAND,49.14,1579,119,2
2024-08-19,Piemonte,Google Ads,RND_IT_GOOGLE_SEARCH_GENERICA,448.58,7732,384,17
2024-08-19,Piemonte,Google Ads,RND_IT_GOOGLE_SEARCH_LOCALE,154.51,3163,158,7
2024-08-19,Puglia,Google Ads,RND_IT_GOOGLE_DISPLAY,104.72,17920,113,2
2024-08-19,Puglia,Google Ads,RND_IT_GOOGLE_PMAX,140.35,9830,191,3
2024-08-19,Puglia,Google Ads,RND_IT_GOOGLE_SEARCH_BRAND,45.27,1578,110,2
2024-08-19,Puglia,Google Ads,RND_IT_GOOGLE_SEARCH_GENERICA,251.63,4759,221,11
2024-08-19,Puglia,Google Ads,RND_IT_GOOGLE_SEARCH_LOCALE,183.00,3693,158,7
2024-08-19,Sardegna,Google Ads,RND_IT_GOOGLE_DISPLAY,38.97,6602,39,1
2024-08-19,Sardegna,Google Ads,RND_IT_GOOGLE_PMAX,84.74,5866,112,3
2024-08-19,Sardegna,Google Ads,RND_IT_GOOGLE_SEARCH_BRAND,26.89,924,68,2
2024-08-19,Sardegna,Google Ads,RND_IT_GOOGLE_SEARCH_GENERICA,115.76,2084,95,7
2024-08-19,Sardegna,Google Ads,RND_IT_GOOGLE_SEARCH_LOCALE,42.81,936,41,2
2024-08-19,Sicilia,Google Ads,RND_IT_GOOGLE_DISPLAY,115.68,19847,119,3
2024-08-19,Sicilia,Google Ads,RND_IT_GOOGLE_PMAX,267.96,18878,383,12
2024-08-19,Sicilia,Google Ads,RND_IT_GOOGLE_SEARCH_BRAND,45.50,1543,103,3
2024-08-19,Sicilia,Google Ads,RND_IT_GOOGLE_SEARCH_GENERICA,418.24,7720,370,28
2024-08-19,Sicilia,Google Ads,RND_IT_GOOGLE_SEARCH_LOCALE,155.91,3316,147,13
2024-08-19,Toscana,Google Ads,RND_IT_GOOGLE_DISPLAY,87.38,14434,88,2
2024-08-19,Toscana,Google Ads,RND_IT_GOOGLE_PMAX,170.53,12423,237,8
2024-08-19,Toscana,Google Ads,RND_IT_GOOGLE_SEARCH_BRAND,39.75,1291,90,3
2024-08-19,Toscana,Google Ads,RND_IT_GOOGLE_SEARCH_GENERICA,137.97,2560,129,11
2024-08-19,Toscana,Google Ads,RND_IT_GOOGLE_SEARCH_LOCALE,120.29,2580,110,9
2024-08-19,Trentino-Alto Adige,Google Ads,RND_IT_GOOGLE_DISPLAY,30.90,5121,33,0
2024-08-19,Trentino-Alto Adige,Google Ads,RND_IT_GOOGLE_PMAX,26.74,1952,37,1
2024-08-19,Trentino-Alto Adige,Google Ads,RND_IT_GOOGLE_SEARCH_BRAND,13.33,446,37,1
2024-08-19,Trentino-Alto Adige,Google Ads,RND_IT_GOOGLE_SEARCH_GENERICA,44.65,781,37,2
2024-08-19,Trentino-Alto Adige,Google Ads,RND_IT_GOOGLE_SEARCH_LOCALE,25.33,535,24,2
2024-08-19,Umbria,Google Ads,RND_IT_GOOGLE_DISPLAY,17.68,2814,19,0
2024-08-19,Umbria,Google Ads,RND_IT_GOOGLE_PMAX,31.53,2272,40,1
2024-08-19,Umbria,Google Ads,RND_IT_GOOGLE_SEARCH_BRAND,14.16,465,35,1
2024-08-19,Umbria,Google Ads,RND_IT_GOOGLE_SEARCH_GENERICA,79.82,1411,69,4
2024-08-19,Umbria,Google Ads,RND_IT_GOOGLE_SEARCH_LOCALE,27.07,562,25,1
2024-08-19,Valle d'Aosta,Google Ads,RND_IT_GOOGLE_DISPLAY,3.11,503,3,0
2024-08-19,Valle d'Aosta,Google Ads,RND_IT_GOOGLE_PMAX,4.59,325,7,0
2024-08-19,Valle d'Aosta,Google Ads,RND_IT_GOOGLE_SEARCH_BRAND,1.83,61,5,0
2024-08-19,Valle d'Aosta,Google Ads,RND_IT_GOOGLE_SEARCH_GENERICA,8.17,156,7,1
2024-08-19,Valle d'Aosta,Google Ads,RND_IT_GOOGLE_SEARCH_LOCALE,3.38,70,3,0
2024-08-19,Veneto,Google Ads,RND_IT_GOOGLE_DISPLAY,82.89,14209,86,1
2024-08-19,Veneto,Google Ads,RND_IT_GOOGLE_PMAX,161.55,11369,244,3
2024-08-19,Veneto,Google Ads,RND_IT_GOOGLE_SEARCH_BRAND,59.22,1959,146,2
2024-08-19,Veneto,Google Ads,RND_IT_GOOGLE_SEARCH_GENERICA,319.32,5856,285,10
2024-08-19,Veneto,Google Ads,RND_IT_GOOGLE_SEARCH_LOCALE,145.33,3099,141,5
2024-08-26,Abruzzo,Google Ads,RND_IT_GOOGLE_DISPLAY,33.99,5727,31,0
2024-08-26,Abruzzo,Google Ads,RND_IT_GOOGLE_PMAX,107.39,7460,157,1
2024-08-26,Abruzzo,Google Ads,RND_IT_GOOGLE_SEARCH_BRAND,32.07,1004,75,1
2024-08-26,Abruzzo,Google Ads,RND_IT_GOOGLE_SEARCH_GENERICA,88.48,1581,85,2
2024-08-26,Abruzzo,Google Ads,RND_IT_GOOGLE_SEARCH_LOCALE,37.76,813,37,1
2024-08-26,Basilicata,Google Ads,RND_IT_GOOGLE_DISPLAY,15.67,2620,17,0
2024-08-26,Basilicata,Google Ads,RND_IT_GOOGLE_PMAX,34.58,2429,54,1
2024-08-26,Basilicata,Google Ads,RND_IT_GOOGLE_SEARCH_BRAND,13.19,454,36,1
2024-08-26,Basilicata,Google Ads,RND_IT_GOOGLE_SEARCH_GENERICA,48.66,881,46,2
2024-08-26,Basilicata,Google Ads,RND_IT_GOOGLE_SEARCH_LOCALE,17.85,371,18,1
2024-08-26,Calabria,Google Ads,RND_IT_GOOGLE_DISPLAY,74.90,12956,78,1
2024-08-26,Calabria,Google Ads,RND_IT_GOOGLE_PMAX,129.95,8921,170,4
2024-08-26,Calabria,Google Ads,RND_IT_GOOGLE_SEARCH_BRAND,40.00,1330,81,2
2024-08-26,Calabria,Google Ads,RND_IT_GOOGLE_SEARCH_GENERICA,140.38,2635,131,8
2024-08-26,Calabria,Google Ads,RND_IT_GOOGLE_SEARCH_LOCALE,63.19,1398,57,3
2024-08-26,Campania,Google Ads,RND_IT_GOOGLE_DISPLAY,187.59,30045,176,3
2024-08-26,Campania,Google Ads,RND_IT_GOOGLE_PMAX,426.37,31695,672,13
2024-08-26,Campania,Google Ads,RND_IT_GOOGLE_SEARCH_BRAND,137.77,4525,344,8
2024-08-26,Campania,Google Ads,RND_IT_GOOGLE_SEARCH_GENERICA,569.09,10637,541,32
2024-08-26,Campania,Google Ads,RND_IT_GOOGLE_SEARCH_LOCALE,235.48,4877,207,14
2024-08-26,Emilia-Romagna,Google Ads,RND_IT_GOOGLE_DISPLAY,170.51,29032,175,4
2024-08-26,Emilia-Romagna,Google Ads,RND_IT_GOOGLE_PMAX,413.40,31156,575,14
2024-08-26,Emilia-Romagna,Google Ads,RND_IT_GOOGLE_SEARCH_BRAND,139.80,4582,342,12
2024-08-26,Emilia-Romagna,Google Ads,RND_IT_GOOGLE_SEARCH_GENERICA,302.68,5261,248,18
2024-08-26,Emilia-Romagna,Google Ads,RND_IT_GOOGLE_SEARCH_LOCALE,150.65,3007,142,9
2024-08-26,Friuli-Venezia Giulia,Google Ads,RND_IT_GOOGLE_DISPLAY,36.55,5876,36,1
2024-08-26,Friuli-Venezia Giulia,Google Ads,RND_IT_GOOGLE_PMAX,147.38,9916,208,6
2024-08-26,Friuli-Venezia Giulia,Google Ads,RND_IT_GOOGLE_SEARCH_BRAND,25.39,855,71,2
2024-08-26,Friuli-Venezia Giulia,Google Ads,RND_IT_GOOGLE_SEARCH_GENERICA,95.78,1827,102,6
2024-08-26,Friuli-Venezia Giulia,Google Ads,RND_IT_GOOGLE_SEARCH_LOCALE,32.27,638,27,2
2024-08-26,Lazio,Google Ads,RND_IT_GOOGLE_DISPLAY,140.85,24515,140,3
2024-08-26,Lazio,Google Ads,RND_IT_GOOGLE_PMAX,333.38,24020,536,13
2024-08-26,Lazio,Google Ads,RND_IT_GOOGLE_SEARCH_BRAND,81.53,2645,212,6
2024-08-26,Lazio,Google Ads,RND_IT_GOOGLE_SEARCH_GENERICA,500.93,9372,536,30
2024-08-26,Lazio,Google Ads,RND_IT_GOOGLE_SEARCH_LOCALE,339.98,6724,283,21
2024-08-26,Liguria,Google Ads,RND_IT_GOOGLE_DISPLAY,37.17,6297,41,1
2024-08-26,Liguria,Google Ads,RND_IT_GOOGLE_PMAX,67.46,4858,101,3
2024-08-26,Liguria,Google Ads,RND_IT_GOOGLE_SEARCH_BRAND,27.79,864,60,2
2024-08-26,Liguria,Google Ads,RND_IT_GOOGLE_SEARCH_GENERICA,124.02,2245,114,11
2024-08-26,Liguria,Google Ads,RND_IT_GOOGLE_SEARCH_LOCALE,64.14,1320,57,4
2024-08-26,Lombardia,Google Ads,RND_IT_GOOGLE_DISPLAY,378.88,64974,407,6
2024-08-26,Lombardia,Google Ads,RND_IT_GOOGLE_PMAX,775.13,55713,1244,22
2024-08-26,Lombardia,Google Ads,RND_IT_GOOGLE_SEARCH_BRAND,316.97,10695,872,15
2024-08-26,Lombardia,Google Ads,RND_IT_GOOGLE_SEARCH_GENERICA,954.41,16733,988,47
2024-08-26,Lombardia,Google Ads,RND_IT_GOOGLE_SEARCH_LOCALE,410.20,8486,379,17
2024-08-26,Marche,Google Ads,RND_IT_GOOGLE_DISPLAY,35.50,5793,37,1
2024-08-26,Marche,Google Ads,RND_IT_GOOGLE_PMAX,145.20,10187,195,4
2024-08-26,Marche,Google Ads,RND_IT_GOOGLE_SEARCH_BRAND,43.18,1462,108,3
2024-08-26,Marche,Google Ads,RND_IT_GOOGLE_SEARCH_GENERICA,105.96,1987,95,5
2024-08-26,Marche,Google Ads,RND_IT_GOOGLE_SEARCH_LOCALE,58.44,1242,56,3
2024-08-26,Molise,Google Ads,RND_IT_GOOGLE_DISPLAY,14.39,2555,15,0
2024-08-26,Molise,Google Ads,RND_IT_GOOGLE_PMAX,32.40,2385,47,1
2024-08-26,Molise,Google Ads,RND_IT_GOOGLE_SEARCH_BRAND,4.77,158,11,0
2024-08-26,Molise,Google Ads,RND_IT_GOOGLE_SEARCH_GENERICA,37.10,684,31,2
2024-08-26,Molise,Google Ads,RND_IT_GOOGLE_SEARCH_LOCALE,16.73,348,15,1
2024-08-26,Piemonte,Google Ads,RND_IT_GOOGLE_DISPLAY,120.05,21209,121,2
2024-08-26,Piemonte,Google Ads,RND_IT_GOOGLE_PMAX,308.20,22285,417,7
2024-08-26,Piemonte,Google Ads,RND_IT_GOOGLE_SEARCH_BRAND,81.56,2625,200,4
2024-08-26,Piemonte,Google Ads,RND_IT_GOOGLE_SEARCH_GENERICA,584.18,10157,483,27
2024-08-26,Piemonte,Google Ads,RND_IT_GOOGLE_SEARCH_LOCALE,178.35,3810,159,7
2024-08-26,Puglia,Google Ads,RND_IT_GOOGLE_DISPLAY,146.29,24697,147,2
2024-08-26,Puglia,Google Ads,RND_IT_GOOGLE_PMAX,324.80,23920,480,7
2024-08-26,Puglia,Google Ads,RND_IT_GOOGLE_SEARCH_BRAND,81.69,2730,202,4
2024-08-26,Puglia,Google Ads,RND_IT_GOOGLE_SEARCH_GENERICA,325.11,5870,289,15
2024-08-26,Puglia,Google Ads,RND_IT_GOOGLE_SEARCH_LOCALE,184.04,3839,182,10
2024-08-26,Sardegna,Google Ads,RND_IT_GOOGLE_DISPLAY,50.04,8634,55,1
2024-08-26,Sardegna,Google Ads,RND_IT_GOOGLE_PMAX,167.40,11692,238,5
2024-08-26,Sardegna,Google Ads,RND_IT_GOOGLE_SEARCH_BRAND,31.77,1012,84,2
2024-08-26,Sardegna,Google Ads,RND_IT_GOOGLE_SEARCH_GENERICA,144.81,2880,167,8
2024-08-26,Sardegna,Google Ads,RND_IT_GOOGLE_SEARCH_LOCALE,58.64,1222,60,4
2024-08-26,Sicilia,Google Ads,RND_IT_GOOGLE_DISPLAY,170.99,28240,175,4
2024-08-26,Sicilia,Google Ads,RND_IT_GOOGLE_PMAX,385.83,26416,529,16
2024-08-26,Sicilia,Google Ads,RND_IT_GOOGLE_SEARCH_BRAND,85.83,2773,213,6
2024-08-26,Sicilia,Google Ads,RND_IT_GOOGLE_SEARCH_GENERICA,509.20,9263,454,36
2024-08-26,Sicilia,Google Ads,RND_IT_GOOGLE_SEARCH_LOCALE,203.66,4169,163,14
2024-08-26,Toscana,Google Ads,RND_IT_GOOGLE_DISPLAY,104.88,16815,95,3
2024-08-26,Toscana,Google Ads,RND_IT_GOOGLE_PMAX,326.11,23597,456,15
2024-08-26,Toscana,Google Ads,RND_IT_GOOGLE_SEARCH_BRAND,61.40,2001,152,5
2024-08-26,Toscana,Google Ads,RND_IT_GOOGLE_SEARCH_GENERICA,178.79,3178,149,13
2024-08-26,Toscana,Google Ads,RND_IT_GOOGLE_SEARCH_LOCALE,143.64,3120,125,10
2024-08-26,Trentino-Alto Adige,Google Ads,RND_IT_GOOGLE_DISPLAY,42.42,7239,45,1
2024-08-26,Trentino-Alto Adige,Google Ads,RND_IT_GOOGLE_PMAX,53.45,3708,72,1
2024-08-26,Trentino-Alto Adige,Google Ads,RND_IT_GOOGLE_SEARCH_BRAND,22.28,761,61,1
2024-08-26,Trentino-Alto Adige,Google Ads,RND_IT_GOOGLE_SEARCH_GENERICA,59.75,1053,49,3
2024-08-26,Trentino-Alto Adige,Google Ads,RND_IT_GOOGLE_SEARCH_LOCALE,34.63,688,33,1
2024-08-26,Umbria,Google Ads,RND_IT_GOOGLE_DISPLAY,23.43,3798,21,0
2024-08-26,Umbria,Google Ads,RND_IT_GOOGLE_PMAX,52.61,3877,79,1
2024-08-26,Umbria,Google Ads,RND_IT_GOOGLE_SEARCH_BRAND,23.64,780,63,1
2024-08-26,Umbria,Google Ads,RND_IT_GOOGLE_SEARCH_GENERICA,113.03,2164,117,6
2024-08-26,Umbria,Google Ads,RND_IT_GOOGLE_SEARCH_LOCALE,36.80,774,39,2
2024-08-26,Valle d'Aosta,Google Ads,RND_IT_GOOGLE_DISPLAY,4.28,742,4,0
2024-08-26,Valle d'Aosta,Google Ads,RND_IT_GOOGLE_PMAX,7.73,517,10,0
2024-08-26,Valle d'Aosta,Google Ads,RND_IT_GOOGLE_SEARCH_BRAND,3.46,114,9,0
2024-08-26,Valle d'Aosta,Google Ads,RND_IT_GOOGLE_SEARCH_GENERICA,11.21,209,11,1
2024-08-26,Valle d'Aosta,Google Ads,RND_IT_GOOGLE_SEARCH_LOCALE,4.60,95,4,0
2024-08-26,Veneto,Google Ads,RND_IT_GOOGLE_DISPLAY,127.31,21885,133,2
2024-08-26,Veneto,Google Ads,RND_IT_GOOGLE_PMAX,259.54,18278,336,5
2024-08-26,Veneto,Google Ads,RND_IT_GOOGLE_SEARCH_BRAND,107.48,3793,313,4
2024-08-26,Veneto,Google Ads,RND_IT_GOOGLE_SEARCH_GENERICA,391.73,7423,359,14
2024-08-26,Veneto,Google Ads,RND_IT_GOOGLE_SEARCH_LOCALE,179.39,3825,182,7
2024-09-02,Abruzzo,Google Ads,RND_IT_GOOGLE_DISPLAY,53.81,9031,50,1
2024-09-02,Abruzzo,Google Ads,RND_IT_GOOGLE_PMAX,124.48,8727,151,2
2024-09-02,Abruzzo,Google Ads,RND_IT_GOOGLE_SEARCH_BRAND,41.07,1383,108,1
2024-09-02,Abruzzo,Google Ads,RND_IT_GOOGLE_SEARCH_GENERICA,143.23,2624,114,4
2024-09-02,Abruzzo,Google Ads,RND_IT_GOOGLE_SEARCH_LOCALE,37.60,783,39,1
2024-09-02,Basilicata,Google Ads,RND_IT_GOOGLE_DISPLAY,23.51,3939,22,0
2024-09-02,Basilicata,Google Ads,RND_IT_GOOGLE_PMAX,40.37,2855,55,1
2024-09-02,Basilicata,Google Ads,RND_IT_GOOGLE_SEARCH_BRAND,22.04,742,56,1
2024-09-02,Basilicata,Google Ads,RND_IT_GOOGLE_SEARCH_GENERICA,65.85,1242,57,2
2024-09-02,Basilicata,Google Ads,RND_IT_GOOGLE_SEARCH_LOCALE,19.81,413,17,1
2024-09-02,Calabria,Google Ads,RND_IT_GOOGLE_DISPLAY,102.93,17664,118,2
2024-09-02,Calabria,Google Ads,RND_IT_GOOGLE_PMAX,168.61,12138,219,4
2024-09-02,Calabria,Google Ads,RND_IT_GOOGLE_SEARCH_BRAND,72.87,2402,196,4
2024-09-02,Calabria,Google Ads,RND_IT_GOOGLE_SEARCH_GENERICA,200.75,3557,199,10
2024-09-02,Calabria,Google Ads,RND_IT_GOOGLE_SEARCH_LOCALE,68.68,1419,71,3
2024-09-02,Campania,Google Ads,RND_IT_GOOGLE_DISPLAY,298.06,50086,329,5
2024-09-02,Campania,Google Ads,RND_IT_GOOGLE_PMAX,494.86,35767,674,12
2024-09-02,Campania,Google Ads,RND_IT_GOOGLE_SEARCH_BRAND,225.13,7370,549,11
2024-09-02,Campania,Google Ads,RND_IT_GOOGLE_SEARCH_GENERICA,927.07,16938,888,43
2024-09-02,Campania,Google Ads,RND_IT_GOOGLE_SEARCH_LOCALE,308.17,6689,297,14
2024-09-02,Emilia-Romagna,Google Ads,RND_IT_GOOGLE_DISPLAY,259.43,42713,297,6
2024-09-02,Emilia-Romagna,Google Ads,RND_IT_GOOGLE_PMAX,447.66,32590,632,15
2024-09-02,Emilia-Romagna,Google Ads,RND_IT_GOOGLE_SEARCH_BRAND,250.82,7812,587,15
2024-09-02,Emilia-Romagna,Google Ads,RND_IT_GOOGLE_SEARCH_GENERICA,481.67,8833,444,30
2024-09-02,Emilia-Romagna,Google Ads,RND_IT_GOOGLE_SEARCH_LOCALE,156.09,3252,150,9
2024-09-02,Friuli-Venezia Giulia,Google Ads,RND_IT_GOOGLE_DISPLAY,67.90,10802,67,2
2024-09-02,Friuli-Venezia Giulia,Google Ads,RND_IT_GOOGLE_PMAX,172.66,12613,250,7
2024-09-02,Friuli-Venezia Giulia,Google Ads,RND_IT_GOOGLE_SEARCH_BRAND,47.54,1631,137,3
2024-09-02,Friuli-Venezia Giulia,Google Ads,RND_IT_GOOGLE_SEARCH_GENERICA,125.73,2381,135,9
2024-09-02,Friuli-Venezia Giulia,Google Ads,RND_IT_GOOGLE_SEARCH_LOCALE,34.56,762,33,2
2024-09-02,Lazio,Google Ads,RND_IT_GOOGLE_DISPLAY,220.26,37765,237,5
2024-09-02,Lazio,Google Ads,RND_IT_GOOGLE_PMAX,378.24,26878,512,15
2024-09-02,Lazio,Google Ads,RND_IT_GOOGLE_SEARCH_BRAND,154.46,5218,436,11
2024-09-02,Lazio,Google Ads,RND_IT_GOOGLE_SEARCH_GENERICA,696.41,12783,727,40
2024-09-02,Lazio,Google Ads,RND_IT_GOOGLE_SEARCH_LOCALE,352.07,7395,356,23
2024-09-02,Liguria,Google Ads,RND_IT_GOOGLE_DISPLAY,50.44,8499,50,1
2024-09-02,Liguria,Google Ads,RND_IT_GOOGLE_PMAX,73.37,5572,129,3
2024-09-02,Liguria,Google Ads,RND_IT_GOOGLE_SEARCH_BRAND,47.41,1572,118,4
2024-09-02,Liguria,Google Ads,RND_IT_GOOGLE_SEARCH_GENERICA,209.73,3742,187,14
2024-09-02,Liguria,Google Ads,RND_IT_GOOGLE_SEARCH_LOCALE,69.32,1445,69,4
2024-09-02,Lombardia,Google Ads,RND_IT_GOOGLE_DISPLAY,584.39,105450,617,9
2024-09-02,Lombardia,Google Ads,RND_IT_GOOGLE_PMAX,804.96,59890,1092,22
2024-09-02,Lombardia,Google Ads,RND_IT_GOOGLE_SEARCH_BRAND,422.51,14026,1019,23
2024-09-02,Lombardia,Google Ads,RND_IT_GOOGLE_SEARCH_GENERICA,1411.79,25718,1284,70
2024-09-02,Lombardia,Google Ads,RND_IT_GOOGLE_SEARCH_LOCALE,446.75,9267,467,21
2024-09-02,Marche,Google Ads,RND_IT_GOOGLE_DISPLAY,49.33,8199,52,1
2024-09-02,Marche,Google Ads,RND_IT_GOOGLE_PMAX,177.35,12549,272,4
2024-09-02,Marche,Google Ads,RND_IT_GOOGLE_SEARCH_BRAND,67.06,2285,189,3
2024-09-02,Marche,Google Ads,RND_IT_GOOGLE_SEARCH_GENERICA,180.50,3117,149,10
2024-09-02,Marche,Google Ads,RND_IT_GOOGLE_SEARCH_LOCALE,56.27,1192,59,2
2024-09-02,Molise,Google Ads,RND_IT_GOOGLE_DISPLAY,20.96,3525,23,0
2024-09-02,Molise,Google Ads,RND_IT_GOOGLE_PMAX,40.26,2864,57,1
2024-09-02,Molise,Google Ads,RND_IT_GOOGLE_SEARCH_BRAND,8.60,273,22,1
2024-09-02,Molise,Google Ads,RND_IT_GOOGLE_SEARCH_GENERICA,53.91,912,45,3
2024-09-02,Molise,Google Ads,RND_IT_GOOGLE_SEARCH_LOCALE,20.86,427,19,1
2024-09-02,Piemonte,Google Ads,RND_IT_GOOGLE_DISPLAY,218.67,36800,233,3
2024-09-02,Piemonte,Google Ads,RND_IT_GOOGLE_PMAX,410.35,29018,554,8
2024-09-02,Piemonte,Google Ads,RND_IT_GOOGLE_SEARCH_BRAND,127.84,4186,321,6
2024-09-02,Piemonte,Google Ads,RND_IT_GOOGLE_SEARCH_GENERICA,825.96,15392,690,31
2024-09-02,Piemonte,Google Ads,RND_IT_GOOGLE_SEARCH_LOCALE,206.35,4318,237,8
2024-09-02,Puglia,Google Ads,RND_IT_GOOGLE_DISPLAY,195.06,33144,187,3
2024-09-02,Puglia,Google Ads,RND_IT_GOOGLE_PMAX,383.07,27660,576,9
2024-09-02,Puglia,Google Ads,RND_IT_GOOGLE_SEARCH_BRAND,147.63,4753,348,6
2024-09-02,Puglia,Google Ads,RND_IT_GOOGLE_SEARCH_GENERICA,452.70,8138,364,18
2024-09-02,Puglia,Google Ads,RND_IT_GOOGLE_SEARCH_LOCALE,274.34,5717,282,11
2024-09-02,Sardegna,Google Ads,RND_IT_GOOGLE_DISPLAY,81.41,13175,81,1
2024-09-02,Sardegna,Google Ads,RND_IT_GOOGLE_PMAX,200.85,13928,270,6
2024-09-02,Sardegna,Google Ads,RND_IT_GOOGLE_SEARCH_BRAND,61.32,2153,165,4
2024-09-02,Sardegna,Google Ads,RND_IT_GOOGLE_SEARCH_GENERICA,224.99,4059,178,13
2024-09-02,Sardegna,Google Ads,RND_IT_GOOGLE_SEARCH_LOCALE,58.42,1229,57,3
2024-09-02,Sicilia,Google Ads,RND_IT_GOOGLE_DISPLAY,220.60,36681,208,5
2024-09-02,Sicilia,Google Ads,RND_IT_GOOGLE_PMAX,435.89,30398,574,15
2024-09-02,Sicilia,Google Ads,RND_IT_GOOGLE_SEARCH_BRAND,146.64,5017,376,10
2024-09-02,Sicilia,Google Ads,RND_IT_GOOGLE_SEARCH_GENERICA,817.34,15231,819,49
2024-09-02,Sicilia,Google Ads,RND_IT_GOOGLE_SEARCH_LOCALE,263.81,5554,232,18
2024-09-02,Toscana,Google Ads,RND_IT_GOOGLE_DISPLAY,171.51,29295,172,4
2024-09-02,Toscana,Google Ads,RND_IT_GOOGLE_PMAX,349.16,23319,525,15
2024-09-02,Toscana,Google Ads,RND_IT_GOOGLE_SEARCH_BRAND,84.74,2638,189,7
2024-09-02,Toscana,Google Ads,RND_IT_GOOGLE_SEARCH_GENERICA,252.68,4787,213,20
2024-09-02,Toscana,Google Ads,RND_IT_GOOGLE_SEARCH_LOCALE,194.55,4102,165,15
2024-09-02,Trentino-Alto Adige,Google Ads,RND_IT_GOOGLE_DISPLAY,65.22,10762,72,1
2024-09-02,Trentino-Alto Adige,Google Ads,RND_IT_GOOGLE_PMAX,65.59,4629,78,2
2024-09-02,Trentino-Alto Adige,Google Ads,RND_IT_GOOGLE_SEARCH_BRAND,33.09,1053,80,2
2024-09-02,Trentino-Alto Adige,Google Ads,RND_IT_GOOGLE_SEARCH_GENERICA,84.29,1557,88,4
2024-09-02,Trentino-Alto Adige,Google Ads,RND_IT_GOOGLE_SEARCH_LOCALE,39.08,817,33,2
2024-09-02,Umbria,Google Ads,RND_IT_GOOGLE_DISPLAY,36.42,6215,34,1
2024-09-02,Umbria,Google Ads,RND_IT_GOOGLE_PMAX,67.18,4952,97,2
2024-09-02,Umbria,Google Ads,RND_IT_GOOGLE_SEARCH_BRAND,47.95,1592,122,2
2024-09-02,Umbria,Google Ads,RND_IT_GOOGLE_SEARCH_GENERICA,158.22,3043,144,8
2024-09-02,Umbria,Google Ads,RND_IT_GOOGLE_SEARCH_LOCALE,38.21,834,35,2
2024-09-02,Valle d'Aosta,Google Ads,RND_IT_GOOGLE_DISPLAY,6.34,1060,7,0
2024-09-02,Valle d'Aosta,Google Ads,RND_IT_GOOGLE_PMAX,8.36,595,12,0
2024-09-02,Valle d'Aosta,Google Ads,RND_IT_GOOGLE_SEARCH_BRAND,5.52,181,13,0
2024-09-02,Valle d'Aosta,Google Ads,RND_IT_GOOGLE_SEARCH_GENERICA,15.07,278,16,1
2024-09-02,Valle d'Aosta,Google Ads,RND_IT_GOOGLE_SEARCH_LOCALE,4.59,97,5,0
2024-09-02,Veneto,Google Ads,RND_IT_GOOGLE_DISPLAY,188.36,31772,198,2
2024-09-02,Veneto,Google Ads,RND_IT_GOOGLE_PMAX,310.21,22094,485,6
2024-09-02,Veneto,Google Ads,RND_IT_GOOGLE_SEARCH_BRAND,153.47,4912,392,6
2024-09-02,Veneto,Google Ads,RND_IT_GOOGLE_SEARCH_GENERICA,518.58,9514,464,20
2024-09-02,Veneto,Google Ads,RND_IT_GOOGLE_SEARCH_LOCALE,199.28,4476,208,8
2024-09-09,Abruzzo,Google Ads,RND_IT_GOOGLE_DISPLAY,43.99,7586,44,0
2024-09-09,Abruzzo,Google Ads,RND_IT_GOOGLE_PMAX,86.34,6218,121,2
2024-09-09,Abruzzo,Google Ads,RND_IT_GOOGLE_SEARCH_BRAND,38.52,1359,111,2
2024-09-09,Abruzzo,Google Ads,RND_IT_GOOGLE_SEARCH_GENERICA,117.08,2144,95,4
2024-09-09,Abruzzo,Google Ads,RND_IT_GOOGLE_SEARCH_LOCALE,28.87,602,26,1
2024-09-09,Basilicata,Google Ads,RND_IT_GOOGLE_DISPLAY,17.84,2953,18,0
2024-09-09,Basilicata,Google Ads,RND_IT_GOOGLE_PMAX,31.45,2179,52,1
2024-09-09,Basilicata,Google Ads,RND_IT_GOOGLE_SEARCH_BRAND,18.51,623,50,1
2024-09-09,Basilicata,Google Ads,RND_IT_GOOGLE_SEARCH_GENERICA,57.56,1006,55,2
2024-09-09,Basilicata,Google Ads,RND_IT_GOOGLE_SEARCH_LOCALE,16.01,343,15,1
2024-09-09,Calabria,Google Ads,RND_IT_GOOGLE_DISPLAY,80.62,12851,73,2
2024-09-09,Calabria,Google Ads,RND_IT_GOOGLE_PMAX,107.51,7685,162,4
2024-09-09,Calabria,Google Ads,RND_IT_GOOGLE_SEARCH_BRAND,65.53,2215,163,4
2024-09-09,Calabria,Google Ads,RND_IT_GOOGLE_SEARCH_GENERICA,147.41,2757,151,7
2024-09-09,Calabria,Google Ads,RND_IT_GOOGLE_SEARCH_LOCALE,42.56,867,38,3
2024-09-09,Campania,Google Ads,RND_IT_GOOGLE_DISPLAY,250.06,41343,239,4
2024-09-09,Campania,Google Ads,RND_IT_GOOGLE_PMAX,340.20,24949,416,11
2024-09-09,Campania,Google Ads,RND_IT_GOOGLE_SEARCH_BRAND,180.85,5903,466,11
2024-09-09,Campania,Google Ads,RND_IT_GOOGLE_SEARCH_GENERICA,698.43,11767,551,40
2024-09-09,Campania,Google Ads,RND_IT_GOOGLE_SEARCH_LOCALE,261.72,5682,270,15
2024-09-09,Emilia-Romagna,Google Ads,RND_IT_GOOGLE_DISPLAY,188.63,30660,185,4
2024-09-09,Emilia-Romagna,Google Ads,RND_IT_GOOGLE_PMAX,338.78,24421,439,13
2024-09-09,Emilia-Romagna,Google Ads,RND_IT_GOOGLE_SEARCH_BRAND,203.29,6923,522,17
2024-09-09,Emilia-Romagna,Google Ads,RND_IT_GOOGLE_SEARCH_GENERICA,296.44,5295,259,21
2024-09-09,Emilia-Romagna,Google Ads,RND_IT_GOOGLE_SEARCH_LOCALE,111.28,2269,96,9
2024-09-09,Friuli-Venezia Giulia,Google Ads,RND_IT_GOOGLE_DISPLAY,56.74,8854,52,1
2024-09-09,Friuli-Venezia Giulia,Google Ads,RND_IT_GOOGLE_PMAX,115.32,8479,172,5
2024-09-09,Friuli-Venezia Giulia,Google Ads,RND_IT_GOOGLE_SEARCH_BRAND,38.02,1253,86,4
2024-09-09,Friuli-Venezia Giulia,Google Ads,RND_IT_GOOGLE_SEARCH_GENERICA,88.24,1605,75,6
2024-09-09,Friuli-Venezia Giulia,Google Ads,RND_IT_GOOGLE_SEARCH_LOCALE,25.60,541,25,2
2024-09-09,Lazio,Google Ads,RND_IT_GOOGLE_DISPLAY,220.26,36593,205,6
2024-09-09,Lazio,Google Ads,RND_IT_GOOGLE_PMAX,273.04,20242,372,11
2024-09-09,Lazio,Google Ads,RND_IT_GOOGLE_SEARCH_BRAND,130.69,4319,339,11
2024-09-09,Lazio,Google Ads,RND_IT_GOOGLE_SEARCH_GENERICA,542.72,9634,478,43
2024-09-09,Lazio,Google Ads,RND_IT_GOOGLE_SEARCH_LOCALE,239.67,4954,228,16
2024-09-09,Liguria,Google Ads,RND_IT_GOOGLE_DISPLAY,44.91,7530,44,1
2024-09-09,Liguria,Google Ads,RND_IT_GOOGLE_PMAX,47.22,3440,71,2
2024-09-09,Liguria,Google Ads,RND_IT_GOOGLE_SEARCH_BRAND,47.45,1611,122,4
2024-09-09,Liguria,Google Ads,RND_IT_GOOGLE_SEARCH_GENERICA,141.07,2530,127,11
2024-09-09,Liguria,Google Ads,RND_IT_GOOGLE_SEARCH_LOCALE,49.70,1049,44,4
2024-09-09,Lombardia,Google Ads,RND_IT_GOOGLE_DISPLAY,465.34,79932,435,8
2024-09-09,Lombardia,Google Ads,RND_IT_GOOGLE_PMAX,573.25,40070,776,16
2024-09-09,Lombardia,Google Ads,RND_IT_GOOGLE_SEARCH_BRAND,376.22,11928,1057,24
2024-09-09,Lombardia,Google Ads,RND_IT_GOOGLE_SEARCH_GENERICA,972.71,18662,910,50
2024-09-09,Lombardia,Google Ads,RND_IT_GOOGLE_SEARCH_LOCALE,303.48,6278,314,16
2024-09-09,Marche,Google Ads,RND_IT_GOOGLE_DISPLAY,52.13,8392,46,1
2024-09-09,Marche,Google Ads,RND_IT_GOOGLE_PMAX,137.56,9724,178,5
2024-09-09,Marche,Google Ads,RND_IT_GOOGLE_SEARCH_BRAND,44.82,1566,129,3
2024-09-09,Marche,Google Ads,RND_IT_GOOGLE_SEARCH_GENERICA,117.48,2207,96,8
2024-09-09,Marche,Google Ads,RND_IT_GOOGLE_SEARCH_LOCALE,41.48,844,37,2
2024-09-09,Molise,Google Ads,RND_IT_GOOGLE_DISPLAY,15.59,2605,14,0
2024-09-09,Molise,Google Ads,RND_IT_GOOGLE_PMAX,32.31,2442,46,1
2024-09-09,Molise,Google Ads,RND_IT_GOOGLE_SEARCH_BRAND,7.02,235,19,1
2024-09-09,Molise,Google Ads,RND_IT_GOOGLE_SEARCH_GENERICA,36.02,641,31,3
2024-09-09,Molise,Google Ads,RND_IT_GOOGLE_SEARCH_LOCALE,14.29,295,12,1
2024-09-09,Piemonte,Google Ads,RND_IT_GOOGLE_DISPLAY,163.38,28151,189,3
2024-09-09,Piemonte,Google Ads,RND_IT_GOOGLE_PMAX,318.78,22984,487,9
2024-09-09,Piemonte,Google Ads,RND_IT_GOOGLE_SEARCH_BRAND,118.60,4105,313,6
2024-09-09,Piemonte,Google Ads,RND_IT_GOOGLE_SEARCH_GENERICA,625.79,11218,589,28
2024-09-09,Piemonte,Google Ads,RND_IT_GOOGLE_SEARCH_LOCALE,164.61,3588,171,9
2024-09-09,Puglia,Google Ads,RND_IT_GOOGLE_DISPLAY,145.78,23878,147,3
2024-09-09,Puglia,Google Ads,RND_IT_GOOGLE_PMAX,320.86,23043,396,9
2024-09-09,Puglia,Google Ads,RND_IT_GOOGLE_SEARCH_BRAND,127.19,4103,311,7
2024-09-09,Puglia,Google Ads,RND_IT_GOOGLE_SEARCH_GENERICA,283.98,4965,245,12
2024-09-09,Puglia,Google Ads,RND_IT_GOOGLE_SEARCH_LOCALE,187.37,3958,179,8
2024-09-09,Sardegna,Google Ads,RND_IT_GOOGLE_DISPLAY,59.57,10088,63,1
2024-09-09,Sardegna,Google Ads,RND_IT_GOOGLE_PMAX,117.74,8193,176,5
2024-09-09,Sardegna,Google Ads,RND_IT_GOOGLE_SEARCH_BRAND,45.77,1483,103,4
2024-09-09,Sardegna,Google Ads,RND_IT_GOOGLE_SEARCH_GENERICA,146.56,2721,133,10
2024-09-09,Sardegna,Google Ads,RND_IT_GOOGLE_SEARCH_LOCALE,46.58,933,43,3
2024-09-09,Sicilia,Google Ads,RND_IT_GOOGLE_DISPLAY,210.52,36768,221,6
2024-09-09,Sicilia,Google Ads,RND_IT_GOOGLE_PMAX,311.00,22154,476,15
2024-09-09,Sicilia,Google Ads,RND_IT_GOOGLE_SEARCH_BRAND,127.75,4110,271,11
2024-09-09,Sicilia,Google Ads,RND_IT_GOOGLE_SEARCH_GENERICA,480.79,8676,406,34
2024-09-09,Sicilia,Google Ads,RND_IT_GOOGLE_SEARCH_LOCALE,176.32,3794,157,15
2024-09-09,Toscana,Google Ads,RND_IT_GOOGLE_DISPLAY,128.73,20256,126,3
2024-09-09,Toscana,Google Ads,RND_IT_GOOGLE_PMAX,247.06,18026,352,11
2024-09-09,Toscana,Google Ads,RND_IT_GOOGLE_SEARCH_BRAND,86.24,2896,204,7
2024-09-09,Toscana,Google Ads,RND_IT_GOOGLE_SEARCH_GENERICA,215.69,3690,177,17
2024-09-09,Toscana,Google Ads,RND_IT_GOOGLE_SEARCH_LOCALE,139.32,2825,134,10
2024-09-09,Trentino-Alto Adige,Google Ads,RND_IT_GOOGLE_DISPLAY,44.92,7548,49,1
2024-09-09,Trentino-Alto Adige,Google Ads,RND_IT_GOOGLE_PMAX,59.32,4239,76,2
2024-09-09,Trentino-Alto Adige,Google Ads,RND_IT_GOOGLE_SEARCH_BRAND,34.72,1160,87,2
2024-09-09,Trentino-Alto Adige,Google Ads,RND_IT_GOOGLE_SEARCH_GENERICA,54.39,992,54,3
2024-09-09,Trentino-Alto Adige,Google Ads,RND_IT_GOOGLE_SEARCH_LOCALE,28.50,607,31,2
2024-09-09,Umbria,Google Ads,RND_IT_GOOGLE_DISPLAY,32.06,5529,34,1
2024-09-09,Umbria,Google Ads,RND_IT_GOOGLE_PMAX,46.85,3294,68,1
2024-09-09,Umbria,Google Ads,RND_IT_GOOGLE_SEARCH_BRAND,32.54,1069,68,2
2024-09-09,Umbria,Google Ads,RND_IT_GOOGLE_SEARCH_GENERICA,107.30,1977,91,6
2024-09-09,Umbria,Google Ads,RND_IT_GOOGLE_SEARCH_LOCALE,29.82,632,26,2
2024-09-09,Valle d'Aosta,Google Ads,RND_IT_GOOGLE_DISPLAY,5.56,918,6,0
2024-09-09,Valle d'Aosta,Google Ads,RND_IT_GOOGLE_PMAX,7.01,496,10,0
2024-09-09,Valle d'Aosta,Google Ads,RND_IT_GOOGLE_SEARCH_BRAND,4.19,136,10,0
2024-09-09,Valle d'Aosta,Google Ads,RND_IT_GOOGLE_SEARCH_GENERICA,12.86,241,13,1
2024-09-09,Valle d'Aosta,Google Ads,RND_IT_GOOGLE_SEARCH_LOCALE,3.44,73,3,0
2024-09-09,Veneto,Google Ads,RND_IT_GOOGLE_DISPLAY,173.94,30197,181,3
2024-09-09,Veneto,Google Ads,RND_IT_GOOGLE_PMAX,252.23,18661,334,6
2024-09-09,Veneto,Google Ads,RND_IT_GOOGLE_SEARCH_BRAND,127.65,4093,302,6
2024-09-09,Veneto,Google Ads,RND_IT_GOOGLE_SEARCH_GENERICA,455.80,8269,415,18
2024-09-09,Veneto,Google Ads,RND_IT_GOOGLE_SEARCH_LOCALE,152.22,3348,142,8
2024-09-16,Abruzzo,Google Ads,RND_IT_GOOGLE_DISPLAY,32.97,5600,35,0
2024-09-16,Abruzzo,Google Ads,RND_IT_GOOGLE_PMAX,62.29,4538,103,1
2024-09-16,Abruzzo,Google Ads,RND_IT_GOOGLE_SEARCH_BRAND,22.19,739,55,1
2024-09-16,Abruzzo,Google Ads,RND_IT_GOOGLE_SEARCH_GENERICA,65.64,1180,60,3
2024-09-16,Abruzzo,Google Ads,RND_IT_GOOGLE_SEARCH_LOCALE,22.35,454,24,1
2024-09-16,Basilicata,Google Ads,RND_IT_GOOGLE_DISPLAY,11.14,1955,12,0
2024-09-16,Basilicata,Google Ads,RND_IT_GOOGLE_PMAX,20.65,1499,28,0
2024-09-16,Basilicata,Google Ads,RND_IT_GOOGLE_SEARCH_BRAND,10.80,355,25,0
2024-09-16,Basilicata,Google Ads,RND_IT_GOOGLE_SEARCH_GENERICA,40.75,785,37,2
2024-09-16,Basilicata,Google Ads,RND_IT_GOOGLE_SEARCH_LOCALE,12.85,273,13,1
2024-09-16,Calabria,Google Ads,RND_IT_GOOGLE_DISPLAY,56.53,9586,54,1
2024-09-16,Calabria,Google Ads,RND_IT_GOOGLE_PMAX,66.30,4798,86,3
2024-09-16,Calabria,Google Ads,RND_IT_GOOGLE_SEARCH_BRAND,29.96,978,72,2
2024-09-16,Calabria,Google Ads,RND_IT_GOOGLE_SEARCH_GENERICA,96.42,1753,86,6
2024-09-16,Calabria,Google Ads,RND_IT_GOOGLE_SEARCH_LOCALE,34.51,746,34,3
2024-09-16,Campania,Google Ads,RND_IT_GOOGLE_DISPLAY,189.21,33288,200,5
2024-09-16,Campania,Google Ads,RND_IT_GOOGLE_PMAX,173.42,11947,244,8
2024-09-16,Campania,Google Ads,RND_IT_GOOGLE_SEARCH_BRAND,104.60,3649,307,8
2024-09-16,Campania,Google Ads,RND_IT_GOOGLE_SEARCH_GENERICA,426.92,7930,396,28
2024-09-16,Campania,Google Ads,RND_IT_GOOGLE_SEARCH_LOCALE,174.90,3573,147,12
2024-09-16,Emilia-Romagna,Google Ads,RND_IT_GOOGLE_DISPLAY,143.83,24188,126,4
2024-09-16,Emilia-Romagna,Google Ads,RND_IT_GOOGLE_PMAX,265.46,19116,381,12
2024-09-16,Emilia-Romagna,Google Ads,RND_IT_GOOGLE_SEARCH_BRAND,125.49,4173,327,10
2024-09-16,Emilia-Romagna,Google Ads,RND_IT_GOOGLE_SEARCH_GENERICA,204.05,3650,176,18
2024-09-16,Emilia-Romagna,Google Ads,RND_IT_GOOGLE_SEARCH_LOCALE,81.52,1660,70,6
2024-09-16,Friuli-Venezia Giulia,Google Ads,RND_IT_GOOGLE_DISPLAY,42.84,6847,41,1
2024-09-16,Friuli-Venezia Giulia,Google Ads,RND_IT_GOOGLE_PMAX,73.26,5401,119,4
2024-09-16,Friuli-Venezia Giulia,Google Ads,RND_IT_GOOGLE_SEARCH_BRAND,21.63,748,54,2
2024-09-16,Friuli-Venezia Giulia,Google Ads,RND_IT_GOOGLE_SEARCH_GENERICA,72.54,1346,69,6
2024-09-16,Friuli-Venezia Giulia,Google Ads,RND_IT_GOOGLE_SEARCH_LOCALE,21.12,436,21,2
2024-09-16,Lazio,Google Ads,RND_IT_GOOGLE_DISPLAY,150.46,24602,145,4
2024-09-16,Lazio,Google Ads,RND_IT_GOOGLE_PMAX,153.38,10870,212,7
2024-09-16,Lazio,Google Ads,RND_IT_GOOGLE_SEARCH_BRAND,94.04,3084,230,8
2024-09-16,Lazio,Google Ads,RND_IT_GOOGLE_SEARCH_GENERICA,405.55,7052,364,29
2024-09-16,Lazio,Google Ads,RND_IT_GOOGLE_SEARCH_LOCALE,202.09,4251,173,15
2024-09-16,Liguria,Google Ads,RND_IT_GOOGLE_DISPLAY,32.36,5558,33,1
2024-09-16,Liguria,Google Ads,RND_IT_GOOGLE_PMAX,36.06,2652,52,2
2024-09-16,Liguria,Google Ads,RND_IT_GOOGLE_SEARCH_BRAND,26.98,906,68,3
2024-09-16,Liguria,Google Ads,RND_IT_GOOGLE_SEARCH_GENERICA,85.83,1539,89,8
2024-09-16,Liguria,Google Ads,RND_IT_GOOGLE_SEARCH_LOCALE,45.78,913,37,4
2024-09-16,Lombardia,Google Ads,RND_IT_GOOGLE_DISPLAY,328.72,56428,329,7
2024-09-16,Lombardia,Google Ads,RND_IT_GOOGLE_PMAX,434.68,31556,646,14
2024-09-16,Lombardia,Google Ads,RND_IT_GOOGLE_SEARCH_BRAND,255.57,8505,604,16
2024-09-16,Lombardia,Google Ads,RND_IT_GOOGLE_SEARCH_GENERICA,757.25,13269,676,43
2024-09-16,Lombardia,Google Ads,RND_IT_GOOGLE_SEARCH_LOCALE,217.08,4597,207,12
2024-09-16,Marche,Google Ads,RND_IT_GOOGLE_DISPLAY,31.97,5279,33,1
2024-09-16,Marche,Google Ads,RND_IT_GOOGLE_PMAX,92.89,6800,138,4
2024-09-16,Marche,Google Ads,RND_IT_GOOGLE_SEARCH_BRAND,29.67,939,67,3
2024-09-16,Marche,Google Ads,RND_IT_GOOGLE_SEARCH_GENERICA,65.01,1160,50,5
2024-09-16,Marche,Google Ads,RND_IT_GOOGLE_SEARCH_LOCALE,34.03,679,31,3
2024-09-16,Molise,Google Ads,RND_IT_GOOGLE_DISPLAY,11.35,1994,11,0
2024-09-16,Molise,Google Ads,RND_IT_GOOGLE_PMAX,22.87,1636,33,1
2024-09-16,Molise,Google Ads,RND_IT_GOOGLE_SEARCH_BRAND,4.55,158,13,0
2024-09-16,Molise,Google Ads,RND_IT_GOOGLE_SEARCH_GENERICA,24.16,456,25,2
2024-09-16,Molise,Google Ads,RND_IT_GOOGLE_SEARCH_LOCALE,8.77,190,9,1
2024-09-16,Piemonte,Google Ads,RND_IT_GOOGLE_DISPLAY,108.20,17842,121,2
2024-09-16,Piemonte,Google Ads,RND_IT_GOOGLE_PMAX,193.96,14223,290,6
2024-09-16,Piemonte,Google Ads,RND_IT_GOOGLE_SEARCH_BRAND,73.71,2447,178,4
2024-09-16,Piemonte,Google Ads,RND_IT_GOOGLE_SEARCH_GENERICA,388.52,6934,342,26
2024-09-16,Piemonte,Google Ads,RND_IT_GOOGLE_SEARCH_LOCALE,133.07,2815,123,6
2024-09-16,Puglia,Google Ads,RND_IT_GOOGLE_DISPLAY,121.21,20482,128,2
2024-09-16,Puglia,Google Ads,RND_IT_GOOGLE_PMAX,200.11,13665,276,7
2024-09-16,Puglia,Google Ads,RND_IT_GOOGLE_SEARCH_BRAND,83.47,2845,197,5
2024-09-16,Puglia,Google Ads,RND_IT_GOOGLE_SEARCH_GENERICA,216.62,4023,230,13
2024-09-16,Puglia,Google Ads,RND_IT_GOOGLE_SEARCH_LOCALE,117.12,2580,124,6
2024-09-16,Sardegna,Google Ads,RND_IT_GOOGLE_DISPLAY,45.33,7654,43,1
2024-09-16,Sardegna,Google Ads,RND_IT_GOOGLE_PMAX,82.80,5920,115,4
2024-09-16,Sardegna,Google Ads,RND_IT_GOOGLE_SEARCH_BRAND,28.41,926,69,2
2024-09-16,Sardegna,Google Ads,RND_IT_GOOGLE_SEARCH_GENERICA,101.55,1930,106,9
2024-09-16,Sardegna,Google Ads,RND_IT_GOOGLE_SEARCH_LOCALE,31.93,679,29,2
2024-09-16,Sicilia,Google Ads,RND_IT_GOOGLE_DISPLAY,146.88,23504,147,4
2024-09-16,Sicilia,Google Ads,RND_IT_GOOGLE_PMAX,252.40,18414,390,10
2024-09-16,Sicilia,Google Ads,RND_IT_GOOGLE_SEARCH_BRAND,77.90,2584,195,7
2024-09-16,Sicilia,Google Ads,RND_IT_GOOGLE_SEARCH_GENERICA,342.04,6214,300,28
2024-09-16,Sicilia,Google Ads,RND_IT_GOOGLE_SEARCH_LOCALE,132.15,2728,128,12
2024-09-16,Toscana,Google Ads,RND_IT_GOOGLE_DISPLAY,77.89,12939,83,2
2024-09-16,Toscana,Google Ads,RND_IT_GOOGLE_PMAX,141.72,10213,199,7
2024-09-16,Toscana,Google Ads,RND_IT_GOOGLE_SEARCH_BRAND,58.32,1894,122,5
2024-09-16,Toscana,Google Ads,RND_IT_GOOGLE_SEARCH_GENERICA,153.63,2876,151,12
2024-09-16,Toscana,Google Ads,RND_IT_GOOGLE_SEARCH_LOCALE,97.03,1973,90,8
2024-09-16,Trentino-Alto Adige,Google Ads,RND_IT_GOOGLE_DISPLAY,30.78,5496,34,1
2024-09-16,Trentino-Alto Adige,Google Ads,RND_IT_GOOGLE_PMAX,37.60,2774,59,1
2024-09-16,Trentino-Alto Adige,Google Ads,RND_IT_GOOGLE_SEARCH_BRAND,19.18,663,50,1
2024-09-16,Trentino-Alto Adige,Google Ads,RND_IT_GOOGLE_SEARCH_GENERICA,41.31,763,37,3
2024-09-16,Trentino-Alto Adige,Google Ads,RND_IT_GOOGLE_SEARCH_LOCALE,20.72,435,20,1
2024-09-16,Umbria,Google Ads,RND_IT_GOOGLE_DISPLAY,20.85,3380,19,0
2024-09-16,Umbria,Google Ads,RND_IT_GOOGLE_PMAX,35.66,2535,56,1
2024-09-16,Umbria,Google Ads,RND_IT_GOOGLE_SEARCH_BRAND,20.34,684,54,1
2024-09-16,Umbria,Google Ads,RND_IT_GOOGLE_SEARCH_GENERICA,74.00,1350,68,5
2024-09-16,Umbria,Google Ads,RND_IT_GOOGLE_SEARCH_LOCALE,20.58,428,21,1
2024-09-16,Valle d'Aosta,Google Ads,RND_IT_GOOGLE_DISPLAY,3.73,633,4,0
2024-09-16,Valle d'Aosta,Google Ads,RND_IT_GOOGLE_PMAX,5.36,377,7,0
2024-09-16,Valle d'Aosta,Google Ads,RND_IT_GOOGLE_SEARCH_BRAND,3.27,110,9,0
2024-09-16,Valle d'Aosta,Google Ads,RND_IT_GOOGLE_SEARCH_GENERICA,8.41,156,8,1
2024-09-16,Valle d'Aosta,Google Ads,RND_IT_GOOGLE_SEARCH_LOCALE,2.79,60,3,0
2024-09-16,Veneto,Google Ads,RND_IT_GOOGLE_DISPLAY,118.00,18986,119,2
2024-09-16,Veneto,Google Ads,RND_IT_GOOGLE_PMAX,192.81,13095,306,5
2024-09-16,Veneto,Google Ads,RND_IT_GOOGLE_SEARCH_BRAND,81.00,2810,244,5
2024-09-16,Veneto,Google Ads,RND_IT_GOOGLE_SEARCH_GENERICA,289.83,5560,300,13
2024-09-16,Veneto,Google Ads,RND_IT_GOOGLE_SEARCH_LOCALE,111.04,2249,97,5
2024-09-23,Abruzzo,Google Ads,RND_IT_GOOGLE_DISPLAY,22.29,3612,20,0
2024-09-23,Abruzzo,Google Ads,RND_IT_GOOGLE_PMAX,46.38,3286,62,1
2024-09-23,Abruzzo,Google Ads,RND_IT_GOOGLE_SEARCH_BRAND,17.98,620,51,1
2024-09-23,Abruzzo,Google Ads,RND_IT_GOOGLE_SEARCH_GENERICA,50.66,903,48,2
2024-09-23,Abruzzo,Google Ads,RND_IT_GOOGLE_SEARCH_LOCALE,18.29,404,16,1
2024-09-23,Basilicata,Google Ads,RND_IT_GOOGLE_DISPLAY,7.07,1128,7,0
2024-09-23,Basilicata,Google Ads,RND_IT_GOOGLE_PMAX,10.46,759,14,0
2024-09-23,Basilicata,Google Ads,RND_IT_GOOGLE_SEARCH_BRAND,9.93,339,28,0
2024-09-23,Basilicata,Google Ads,RND_IT_GOOGLE_SEARCH_GENERICA,30.78,544,27,1
2024-09-23,Basilicata,Google Ads,RND_IT_GOOGLE_SEARCH_LOCALE,10.34,224,9,0
2024-09-23,Calabria,Google Ads,RND_IT_GOOGLE_DISPLAY,31.91,5469,32,1
2024-09-23,Calabria,Google Ads,RND_IT_GOOGLE_PMAX,55.00,4018,83,2
2024-09-23,Calabria,Google Ads,RND_IT_GOOGLE_SEARCH_BRAND,28.16,899,81,2
2024-09-23,Calabria,Google Ads,RND_IT_GOOGLE_SEARCH_GENERICA,68.83,1213,71,4
2024-09-23,Calabria,Google Ads,RND_IT_GOOGLE_SEARCH_LOCALE,30.93,640,28,2
2024-09-23,Campania,Google Ads,RND_IT_GOOGLE_DISPLAY,114.83,18638,112,2
2024-09-23,Campania,Google Ads,RND_IT_GOOGLE_PMAX,131.04,8967,185,4
2024-09-23,Campania,Google Ads,RND_IT_GOOGLE_SEARCH_BRAND,81.28,2653,210,5
2024-09-23,Campania,Google Ads,RND_IT_GOOGLE_SEARCH_GENERICA,313.01,5861,286,19
2024-09-23,Campania,Google Ads,RND_IT_GOOGLE_SEARCH_LOCALE,141.14,3099,138,8
2024-09-23,Emilia-Romagna,Google Ads,RND_IT_GOOGLE_DISPLAY,90.82,15712,86,2
2024-09-23,Emilia-Romagna,Google Ads,RND_IT_GOOGLE_PMAX,195.05,14424,290,10
2024-09-23,Emilia-Romagna,Google Ads,RND_IT_GOOGLE_SEARCH_BRAND,74.58,2411,183,7
2024-09-23,Emilia-Romagna,Google Ads,RND_IT_GOOGLE_SEARCH_GENERICA,162.85,3061,136,12
2024-09-23,Emilia-Romagna,Google Ads,RND_IT_GOOGLE_SEARCH_LOCALE,56.39,1147,48,5
2024-09-23,Friuli-Venezia Giulia,Google Ads,RND_IT_GOOGLE_DISPLAY,24.85,4076,25,1
2024-09-23,Friuli-Venezia Giulia,Google Ads,RND_IT_GOOGLE_PMAX,44.76,3104,66,2
2024-09-23,Friuli-Venezia Giulia,Google Ads,RND_IT_GOOGLE_SEARCH_BRAND,17.56,598,48,1
2024-09-23,Friuli-Venezia Giulia,Google Ads,RND_IT_GOOGLE_SEARCH_GENERICA,45.55,815,37,4
2024-09-23,Friuli-Venezia Giulia,Google Ads,RND_IT_GOOGLE_SEARCH_LOCALE,18.22,382,16,2
2024-09-23,Lazio,Google Ads,RND_IT_GOOGLE_DISPLAY,100.60,16831,95,2
2024-09-23,Lazio,Google Ads,RND_IT_GOOGLE_PMAX,92.84,6607,134,3
2024-09-23,Lazio,Google Ads,RND_IT_GOOGLE_SEARCH_BRAND,53.55,1794,129,4
2024-09-23,Lazio,Google Ads,RND_IT_GOOGLE_SEARCH_GENERICA,337.73,5747,317,24
2024-09-23,Lazio,Google Ads,RND_IT_GOOGLE_SEARCH_LOCALE,149.74,3000,149,11
2024-09-23,Liguria,Google Ads,RND_IT_GOOGLE_DISPLAY,17.12,2889,17,1
2024-09-23,Liguria,Google Ads,RND_IT_GOOGLE_PMAX,29.55,2075,47,2
2024-09-23,Liguria,Google Ads,RND_IT_GOOGLE_SEARCH_BRAND,22.86,730,55,2
2024-09-23,Liguria,Google Ads,RND_IT_GOOGLE_SEARCH_GENERICA,53.00,944,47,4
2024-09-23,Liguria,Google Ads,RND_IT_GOOGLE_SEARCH_LOCALE,35.40,778,37,3
2024-09-23,Lombardia,Google Ads,RND_IT_GOOGLE_DISPLAY,191.78,30413,187,4
2024-09-23,Lombardia,Google Ads,RND_IT_GOOGLE_PMAX,273.83,19804,395,8
2024-09-23,Lombardia,Google Ads,RND_IT_GOOGLE_SEARCH_BRAND,188.13,6236,446,12
2024-09-23,Lombardia,Google Ads,RND_IT_GOOGLE_SEARCH_GENERICA,520.47,9619,486,28
2024-09-23,Lombardia,Google Ads,RND_IT_GOOGLE_SEARCH_LOCALE,162.01,3208,132,9
2024-09-23,Marche,Google Ads,RND_IT_GOOGLE_DISPLAY,16.49,2765,16,0
2024-09-23,Marche,Google Ads,RND_IT_GOOGLE_PMAX,56.00,4012,75,2
2024-09-23,Marche,Google Ads,RND_IT_GOOGLE_SEARCH_BRAND,25.70,818,63,2
2024-09-23,Marche,Google Ads,RND_IT_GOOGLE_SEARCH_GENERICA,45.59,827,40,3
2024-09-23,Marche,Google Ads,RND_IT_GOOGLE_SEARCH_LOCALE,27.68,552,24,2
2024-09-23,Molise,Google Ads,RND_IT_GOOGLE_DISPLAY,6.01,1012,6,0
2024-09-23,Molise,Google Ads,RND_IT_GOOGLE_PMAX,14.87,1084,21,1
2024-09-23,Molise,Google Ads,RND_IT_GOOGLE_SEARCH_BRAND,3.07,102,7,0
2024-09-23,Molise,Google Ads,RND_IT_GOOGLE_SEARCH_GENERICA,22.27,407,20,2
2024-09-23,Molise,Google Ads,RND_IT_GOOGLE_SEARCH_LOCALE,9.47,193,9,1
2024-09-23,Piemonte,Google Ads,RND_IT_GOOGLE_DISPLAY,55.01,9482,60,1
2024-09-23,Piemonte,Google Ads,RND_IT_GOOGLE_PMAX,143.31,10803,223,4
2024-09-23,Piemonte,Google Ads,RND_IT_GOOGLE_SEARCH_BRAND,48.05,1522,109,3
2024-09-23,Piemonte,Google Ads,RND_IT_GOOGLE_SEARCH_GENERICA,265.93,4759,225,12
2024-09-23,Piemonte,Google Ads,RND_IT_GOOGLE_SEARCH_LOCALE,103.18,2235,96,6
2024-09-23,Puglia,Google Ads,RND_IT_GOOGLE_DISPLAY,66.50,10765,61,1
2024-09-23,Puglia,Google Ads,RND_IT_GOOGLE_PMAX,153.88,11123,230,4
2024-09-23,Puglia,Google Ads,RND_IT_GOOGLE_SEARCH_BRAND,60.26,2041,157,3
2024-09-23,Puglia,Google Ads,RND_IT_GOOGLE_SEARCH_GENERICA,153.89,2883,149,8
2024-09-23,Puglia,Google Ads,RND_IT_GOOGLE_SEARCH_LOCALE,91.62,1963,83,5
2024-09-23,Sardegna,Google Ads,RND_IT_GOOGLE_DISPLAY,25.50,4145,24,1
2024-09-23,Sardegna,Google Ads,RND_IT_GOOGLE_PMAX,59.76,4195,85,2
2024-09-23,Sardegna,Google Ads,RND_IT_GOOGLE_SEARCH_BRAND,21.87,737,55,2
2024-09-23,Sardegna,Google Ads,RND_IT_GOOGLE_SEARCH_GENERICA,70.84,1301,65,5
2024-09-23,Sardegna,Google Ads,RND_IT_GOOGLE_SEARCH_LOCALE,25.79,539,24,2
2024-09-23,Sicilia,Google Ads,RND_IT_GOOGLE_DISPLAY,78.32,13312,73,2
2024-09-23,Sicilia,Google Ads,RND_IT_GOOGLE_PMAX,157.39,11398,214,8
2024-09-23,Sicilia,Google Ads,RND_IT_GOOGLE_SEARCH_BRAND,54.44,1918,124,5
2024-09-23,Sicilia,Google Ads,RND_IT_GOOGLE_SEARCH_GENERICA,252.02,4663,240,21
2024-09-23,Sicilia,Google Ads,RND_IT_GOOGLE_SEARCH_LOCALE,88.11,1892,92,7
2024-09-23,Toscana,Google Ads,RND_IT_GOOGLE_DISPLAY,46.96,8158,46,1
2024-09-23,Toscana,Google Ads,RND_IT_GOOGLE_PMAX,112.53,8507,183,4
2024-09-23,Toscana,Google Ads,RND_IT_GOOGLE_SEARCH_BRAND,46.41,1586,107,3
2024-09-23,Toscana,Google Ads,RND_IT_GOOGLE_SEARCH_GENERICA,109.10,1993,102,8
2024-09-23,Toscana,Google Ads,RND_IT_GOOGLE_SEARCH_LOCALE,89.79,1864,91,7
2024-09-23,Trentino-Alto Adige,Google Ads,RND_IT_GOOGLE_DISPLAY,18.69,3060,19,0
2024-09-23,Trentino-Alto Adige,Google Ads,RND_IT_GOOGLE_PMAX,25.62,1866,42,1
2024-09-23,Trentino-Alto Adige,Google Ads,RND_IT_GOOGLE_SEARCH_BRAND,18.62,613,42,1
2024-09-23,Trentino-Alto Adige,Google Ads,RND_IT_GOOGLE_SEARCH_GENERICA,30.49,563,27,2
2024-09-23,Trentino-Alto Adige,Google Ads,RND_IT_GOOGLE_SEARCH_LOCALE,17.88,377,16,1
2024-09-23,Umbria,Google Ads,RND_IT_GOOGLE_DISPLAY,14.52,2330,15,0
2024-09-23,Umbria,Google Ads,RND_IT_GOOGLE_PMAX,19.68,1446,29,1
2024-09-23,Umbria,Google Ads,RND_IT_GOOGLE_SEARCH_BRAND,16.54,565,40,1
2024-09-23,Umbria,Google Ads,RND_IT_GOOGLE_SEARCH_GENERICA,35.39,652,29,2
2024-09-23,Umbria,Google Ads,RND_IT_GOOGLE_SEARCH_LOCALE,14.70,322,15,1
2024-09-23,Valle d'Aosta,Google Ads,RND_IT_GOOGLE_DISPLAY,2.03,335,2,0
2024-09-23,Valle d'Aosta,Google Ads,RND_IT_GOOGLE_PMAX,4.06,276,6,0
2024-09-23,Valle d'Aosta,Google Ads,RND_IT_GOOGLE_SEARCH_BRAND,2.60,83,6,0
2024-09-23,Valle d'Aosta,Google Ads,RND_IT_GOOGLE_SEARCH_GENERICA,5.70,101,4,0
2024-09-23,Valle d'Aosta,Google Ads,RND_IT_GOOGLE_SEARCH_LOCALE,1.95,40,2,0
2024-09-23,Veneto,Google Ads,RND_IT_GOOGLE_DISPLAY,62.48,10098,63,1
2024-09-23,Veneto,Google Ads,RND_IT_GOOGLE_PMAX,102.19,7384,157,3
2024-09-23,Veneto,Google Ads,RND_IT_GOOGLE_SEARCH_BRAND,70.94,2296,175,3
2024-09-23,Veneto,Google Ads,RND_IT_GOOGLE_SEARCH_GENERICA,200.89,3693,224,9
2024-09-23,Veneto,Google Ads,RND_IT_GOOGLE_SEARCH_LOCALE,94.84,1930,81,4
2024-09-30,Abruzzo,Google Ads,RND_IT_GOOGLE_DISPLAY,28.52,4810,29,0
2024-09-30,Abruzzo,Google Ads,RND_IT_GOOGLE_PMAX,61.73,4374,101,1
2024-09-30,Abruzzo,Google Ads,RND_IT_GOOGLE_SEARCH_BRAND,28.94,974,79,1
2024-09-30,Abruzzo,Google Ads,RND_IT_GOOGLE_SEARCH_GENERICA,68.00,1266,70,2
2024-09-30,Abruzzo,Google Ads,RND_IT_GOOGLE_SEARCH_LOCALE,21.96,464,20,1
2024-09-30,Basilicata,Google Ads,RND_IT_GOOGLE_DISPLAY,9.59,1546,8,0
2024-09-30,Basilicata,Google Ads,RND_IT_GOOGLE_PMAX,13.56,949,20,0
2024-09-30,Basilicata,Google Ads,RND_IT_GOOGLE_SEARCH_BRAND,13.56,423,33,0
2024-09-30,Basilicata,Google Ads,RND_IT_GOOGLE_SEARCH_GENERICA,40.20,756,41,1
2024-09-30,Basilicata,Google Ads,RND_IT_GOOGLE_SEARCH_LOCALE,10.38,221,9,0
2024-09-30,Calabria,Google Ads,RND_IT_GOOGLE_DISPLAY,47.52,8151,50,1
2024-09-30,Calabria,Google Ads,RND_IT_GOOGLE_PMAX,71.79,5125,103,3
2024-09-30,Calabria,Google Ads,RND_IT_GOOGLE_SEARCH_BRAND,32.95,1097,88,1
2024-09-30,Calabria,Google Ads,RND_IT_GOOGLE_SEARCH_GENERICA,85.93,1582,75,4
2024-09-30,Calabria,Google Ads,RND_IT_GOOGLE_SEARCH_LOCALE,36.68,767,37,3
2024-09-30,Campania,Google Ads,RND_IT_GOOGLE_DISPLAY,163.61,27442,178,4
2024-09-30,Campania,Google Ads,RND_IT_GOOGLE_PMAX,179.53,12865,272,7
2024-09-30,Campania,Google Ads,RND_IT_GOOGLE_SEARCH_BRAND,113.06,3653,286,6
2024-09-30,Campania,Google Ads,RND_IT_GOOGLE_SEARCH_GENERICA,416.86,7360,368,21
2024-09-30,Campania,Google Ads,RND_IT_GOOGLE_SEARCH_LOCALE,139.65,2997,150,12
2024-09-30,Emilia-Romagna,Google Ads,RND_IT_GOOGLE_DISPLAY,189.29,32498,169,5
2024-09-30,Emilia-Romagna,Google Ads,RND_IT_GOOGLE_PMAX,305.65,21423,415,13
2024-09-30,Emilia-Romagna,Google Ads,RND_IT_GOOGLE_SEARCH_BRAND,165.19,5523,420,11
2024-09-30,Emilia-Romagna,Google Ads,RND_IT_GOOGLE_SEARCH_GENERICA,227.92,4043,191,14
2024-09-30,Emilia-Romagna,Google Ads,RND_IT_GOOGLE_SEARCH_LOCALE,81.96,1697,74,8
2024-09-30,Friuli-Venezia Giulia,Google Ads,RND_IT_GOOGLE_DISPLAY,34.12,5273,36,1
2024-09-30,Friuli-Venezia Giulia,Google Ads,RND_IT_GOOGLE_PMAX,62.03,4455,92,3
2024-09-30,Friuli-Venezia Giulia,Google Ads,RND_IT_GOOGLE_SEARCH_BRAND,22.17,715,58,1
2024-09-30,Friuli-Venezia Giulia,Google Ads,RND_IT_GOOGLE_SEARCH_GENERICA,60.82,1091,50,3
2024-09-30,Friuli-Venezia Giulia,Google Ads,RND_IT_GOOGLE_SEARCH_LOCALE,17.75,371,16,2
2024-09-30,Lazio,Google Ads,RND_IT_GOOGLE_DISPLAY,130.63,20624,118,3
2024-09-30,Lazio,Google Ads,RND_IT_GOOGLE_PMAX,128.43,9126,200,6
2024-09-30,Lazio,Google Ads,RND_IT_GOOGLE_SEARCH_BRAND,76.68,2588,207,5
2024-09-30,Lazio,Google Ads,RND_IT_GOOGLE_SEARCH_GENERICA,355.29,6496,311,18
2024-09-30,Lazio,Google Ads,RND_IT_GOOGLE_SEARCH_LOCALE,193.19,4070,197,17
2024-09-30,Liguria,Google Ads,RND_IT_GOOGLE_DISPLAY,27.93,4836,26,1
2024-09-30,Liguria,Google Ads,RND_IT_GOOGLE_PMAX,37.69,2749,58,2
2024-09-30,Liguria,Google Ads,RND_IT_GOOGLE_SEARCH_BRAND,27.74,925,71,2
2024-09-30,Liguria,Google Ads,RND_IT_GOOGLE_SEARCH_GENERICA,59.42,1076,59,4
2024-09-30,Liguria,Google Ads,RND_IT_GOOGLE_SEARCH_LOCALE,31.96,672,33,4
2024-09-30,Lombardia,Google Ads,RND_IT_GOOGLE_DISPLAY,273.67,44626,270,4
2024-09-30,Lombardia,Google Ads,RND_IT_GOOGLE_PMAX,601.70,43272,864,19
2024-09-30,Lombardia,Google Ads,RND_IT_GOOGLE_SEARCH_BRAND,396.24,13763,1124,18
2024-09-30,Lombardia,Google Ads,RND_IT_GOOGLE_SEARCH_GENERICA,840.42,14765,782,32
2024-09-30,Lombardia,Google Ads,RND_IT_GOOGLE_SEARCH_LOCALE,230.50,5035,209,14
2024-09-30,Marche,Google Ads,RND_IT_GOOGLE_DISPLAY,23.65,3768,24,0
2024-09-30,Marche,Google Ads,RND_IT_GOOGLE_PMAX,59.65,4309,87,2
2024-09-30,Marche,Google Ads,RND_IT_GOOGLE_SEARCH_BRAND,37.99,1267,79,2
2024-09-30,Marche,Google Ads,RND_IT_GOOGLE_SEARCH_GENERICA,68.12,1197,56,3
2024-09-30,Marche,Google Ads,RND_IT_GOOGLE_SEARCH_LOCALE,31.84,671,30,2
2024-09-30,Molise,Google Ads,RND_IT_GOOGLE_DISPLAY,9.03,1496,9,0
2024-09-30,Molise,Google Ads,RND_IT_GOOGLE_PMAX,12.80,941,20,1
2024-09-30,Molise,Google Ads,RND_IT_GOOGLE_SEARCH_BRAND,4.65,151,11,0
2024-09-30,Molise,Google Ads,RND_IT_GOOGLE_SEARCH_GENERICA,25.81,440,22,1
2024-09-30,Molise,Google Ads,RND_IT_GOOGLE_SEARCH_LOCALE,9.75,201,9,1
2024-09-30,Piemonte,Google Ads,RND_IT_GOOGLE_DISPLAY,129.46,21734,133,2
2024-09-30,Piemonte,Google Ads,RND_IT_GOOGLE_PMAX,229.33,16653,350,7
2024-09-30,Piemonte,Google Ads,RND_IT_GOOGLE_SEARCH_BRAND,102.01,3375,248,4
2024-09-30,Piemonte,Google Ads,RND_IT_GOOGLE_SEARCH_GENERICA,511.09,8423,443,18
2024-09-30,Piemonte,Google Ads,RND_IT_GOOGLE_SEARCH_LOCALE,134.83,2853,121,9
2024-09-30,Puglia,Google Ads,RND_IT_GOOGLE_DISPLAY,83.38,13830,95,1
2024-09-30,Puglia,Google Ads,RND_IT_GOOGLE_PMAX,180.24,12872,271,5
2024-09-30,Puglia,Google Ads,RND_IT_GOOGLE_SEARCH_BRAND,79.46,2542,206,4
2024-09-30,Puglia,Google Ads,RND_IT_GOOGLE_SEARCH_GENERICA,180.54,3270,157,5
2024-09-30,Puglia,Google Ads,RND_IT_GOOGLE_SEARCH_LOCALE,111.63,2396,111,6
2024-09-30,Sardegna,Google Ads,RND_IT_GOOGLE_DISPLAY,32.99,5575,34,1
2024-09-30,Sardegna,Google Ads,RND_IT_GOOGLE_PMAX,73.90,4948,101,3
2024-09-30,Sardegna,Google Ads,RND_IT_GOOGLE_SEARCH_BRAND,31.54,1064,89,2
2024-09-30,Sardegna,Google Ads,RND_IT_GOOGLE_SEARCH_GENERICA,96.47,1876,94,5
2024-09-30,Sardegna,Google Ads,RND_IT_GOOGLE_SEARCH_LOCALE,31.48,671,29,3
2024-09-30,Sicilia,Google Ads,RND_IT_GOOGLE_DISPLAY,93.07,15667,114,2
2024-09-30,Sicilia,Google Ads,RND_IT_GOOGLE_PMAX,191.20,13867,261,9
2024-09-30,Sicilia,Google Ads,RND_IT_GOOGLE_SEARCH_BRAND,67.77,2299,155,6
2024-09-30,Sicilia,Google Ads,RND_IT_GOOGLE_SEARCH_GENERICA,288.06,5520,284,18
2024-09-30,Sicilia,Google Ads,RND_IT_GOOGLE_SEARCH_LOCALE,101.14,2152,93,10
2024-09-30,Toscana,Google Ads,RND_IT_GOOGLE_DISPLAY,57.40,9647,63,1
2024-09-30,Toscana,Google Ads,RND_IT_GOOGLE_PMAX,158.60,11019,210,7
2024-09-30,Toscana,Google Ads,RND_IT_GOOGLE_SEARCH_BRAND,53.69,1922,158,3
2024-09-30,Toscana,Google Ads,RND_IT_GOOGLE_SEARCH_GENERICA,138.21,2439,125,8
2024-09-30,Toscana,Google Ads,RND_IT_GOOGLE_SEARCH_LOCALE,86.59,1723,77,7
2024-09-30,Trentino-Alto Adige,Google Ads,RND_IT_GOOGLE_DISPLAY,26.82,4651,28,1
2024-09-30,Trentino-Alto Adige,Google Ads,RND_IT_GOOGLE_PMAX,26.50,1888,39,1
2024-09-30,Trentino-Alto Adige,Google Ads,RND_IT_GOOGLE_SEARCH_BRAND,23.48,768,53,1
2024-09-30,Trentino-Alto Adige,Google Ads,RND_IT_GOOGLE_SEARCH_GENERICA,38.76,708,36,2
2024-09-30,Trentino-Alto Adige,Google Ads,RND_IT_GOOGLE_SEARCH_LOCALE,18.71,361,15,1
2024-09-30,Umbria,Google Ads,RND_IT_GOOGLE_DISPLAY,20.47,3410,21,0
2024-09-30,Umbria,Google Ads,RND_IT_GOOGLE_PMAX,27.29,1971,42,1
2024-09-30,Umbria,Google Ads,RND_IT_GOOGLE_SEARCH_BRAND,22.94,759,52,1
2024-09-30,Umbria,Google Ads,RND_IT_GOOGLE_SEARCH_GENERICA,50.15,872,42,2
2024-09-30,Umbria,Google Ads,RND_IT_GOOGLE_SEARCH_LOCALE,16.82,364,14,1
2024-09-30,Valle d'Aosta,Google Ads,RND_IT_GOOGLE_DISPLAY,3.38,562,3,0
2024-09-30,Valle d'Aosta,Google Ads,RND_IT_GOOGLE_PMAX,5.09,378,8,0
2024-09-30,Valle d'Aosta,Google Ads,RND_IT_GOOGLE_SEARCH_BRAND,3.79,124,9,0
2024-09-30,Valle d'Aosta,Google Ads,RND_IT_GOOGLE_SEARCH_GENERICA,6.79,119,6,0
2024-09-30,Valle d'Aosta,Google Ads,RND_IT_GOOGLE_SEARCH_LOCALE,1.89,40,2,0
2024-09-30,Veneto,Google Ads,RND_IT_GOOGLE_DISPLAY,118.28,20187,123,1
2024-09-30,Veneto,Google Ads,RND_IT_GOOGLE_PMAX,196.53,14814,282,5
2024-09-30,Veneto,Google Ads,RND_IT_GOOGLE_SEARCH_BRAND,156.47,5249,385,6
2024-09-30,Veneto,Google Ads,RND_IT_GOOGLE_SEARCH_GENERICA,298.56,5233,241,9
2024-09-30,Veneto,Google Ads,RND_IT_GOOGLE_SEARCH_LOCALE,162.71,3388,145,8
2024-10-07,Abruzzo,Google Ads,RND_IT_GOOGLE_DISPLAY,28.14,4768,30,0
2024-10-07,Abruzzo,Google Ads,RND_IT_GOOGLE_PMAX,59.91,4161,82,1
2024-10-07,Abruzzo,Google Ads,RND_IT_GOOGLE_SEARCH_BRAND,27.99,944,63,1
2024-10-07,Abruzzo,Google Ads,RND_IT_GOOGLE_SEARCH_GENERICA,64.29,1161,52,2
2024-10-07,Abruzzo,Google Ads,RND_IT_GOOGLE_SEARCH_LOCALE,23.65,503,26,1
2024-10-07,Basilicata,Google Ads,RND_IT_GOOGLE_DISPLAY,8.37,1357,8,0
2024-10-07,Basilicata,Google Ads,RND_IT_GOOGLE_PMAX,15.90,1091,20,0
2024-10-07,Basilicata,Google Ads,RND_IT_GOOGLE_SEARCH_BRAND,10.89,363,28,0
2024-10-07,Basilicata,Google Ads,RND_IT_GOOGLE_SEARCH_GENERICA,39.53,715,35,1
2024-10-07,Basilicata,Google Ads,RND_IT_GOOGLE_SEARCH_LOCALE,10.18,224,11,0
2024-10-07,Calabria,Google Ads,RND_IT_GOOGLE_DISPLAY,44.60,7414,40,1
2024-10-07,Calabria,Google Ads,RND_IT_GOOGLE_PMAX,68.17,4917,89,3
2024-10-07,Calabria,Google Ads,RND_IT_GOOGLE_SEARCH_BRAND,30.71,1057,83,2
2024-10-07,Calabria,Google Ads,RND_IT_GOOGLE_SEARCH_GENERICA,76.03,1393,74,4
2024-10-07,Calabria,Google Ads,RND_IT_GOOGLE_SEARCH_LOCALE,33.87,736,32,3
2024-10-07,Campania,Google Ads,RND_IT_GOOGLE_DISPLAY,156.82,26480,174,4
2024-10-07,Campania,Google Ads,RND_IT_GOOGLE_PMAX,172.07,12380,249,7
2024-10-07,Campania,Google Ads,RND_IT_GOOGLE_SEARCH_BRAND,105.87,3464,279,6
2024-10-07,Campania,Google Ads,RND_IT_GOOGLE_SEARCH_GENERICA,308.80,5726,259,16
2024-10-07,Campania,Google Ads,RND_IT_GOOGLE_SEARCH_LOCALE,140.60,3014,158,12
2024-10-07,Emilia-Romagna,Google Ads,RND_IT_GOOGLE_DISPLAY,162.11,26543,170,4
2024-10-07,Emilia-Romagna,Google Ads,RND_IT_GOOGLE_PMAX,302.79,20848,457,14
2024-10-07,Emilia-Romagna,Google Ads,RND_IT_GOOGLE_SEARCH_BRAND,188.94,6484,472,11
2024-10-07,Emilia-Romagna,Google Ads,RND_IT_GOOGLE_SEARCH_GENERICA,218.52,3933,200,13
2024-10-07,Emilia-Romagna,Google Ads,RND_IT_GOOGLE_SEARCH_LOCALE,101.31,2054,99,9
2024-10-07,Friuli-Venezia Giulia,Google Ads,RND_IT_GOOGLE_DISPLAY,34.04,5582,30,1
2024-10-07,Friuli-Venezia Giulia,Google Ads,RND_IT_GOOGLE_PMAX,65.92,4706,95,4
2024-10-07,Friuli-Venezia Giulia,Google Ads,RND_IT_GOOGLE_SEARCH_BRAND,23.24,787,59,2
2024-10-07,Friuli-Venezia Giulia,Google Ads,RND_IT_GOOGLE_SEARCH_GENERICA,52.38,953,50,3
2024-10-07,Friuli-Venezia Giulia,Google Ads,RND_IT_GOOGLE_SEARCH_LOCALE,19.03,387,17,2
2024-10-07,Lazio,Google Ads,RND_IT_GOOGLE_DISPLAY,104.01,16612,101,2
2024-10-07,Lazio,Google Ads,RND_IT_GOOGLE_PMAX,147.62,10734,243,6
2024-10-07,Lazio,Google Ads,RND_IT_GOOGLE_SEARCH_BRAND,77.59,2585,193,5
2024-10-07,Lazio,Google Ads,RND_IT_GOOGLE_SEARCH_GENERICA,307.43,5406,236,15
2024-10-07,Lazio,Google Ads,RND_IT_GOOGLE_SEARCH_LOCALE,144.40,2793,103,11
2024-10-07,Liguria,Google Ads,RND_IT_GOOGLE_DISPLAY,25.11,3823,25,1
2024-10-07,Liguria,Google Ads,RND_IT_GOOGLE_PMAX,29.76,2047,40,2
2024-10-07,Liguria,Google Ads,RND_IT_GOOGLE_SEARCH_BRAND,23.11,763,64,2
2024-10-07,Liguria,Google Ads,RND_IT_GOOGLE_SEARCH_GENERICA,60.52,1056,52,4
2024-10-07,Liguria,Google Ads,RND_IT_GOOGLE_SEARCH_LOCALE,29.87,634,30,3
2024-10-07,Lombardia,Google Ads,RND_IT_GOOGLE_DISPLAY,300.50,49521,316,5
2024-10-07,Lombardia,Google Ads,RND_IT_GOOGLE_PMAX,553.11,38329,768,22
2024-10-07,Lombardia,Google Ads,RND_IT_GOOGLE_SEARCH_BRAND,296.48,10602,637,14
2024-10-07,Lombardia,Google Ads,RND_IT_GOOGLE_SEARCH_GENERICA,733.55,12737,710,29
2024-10-07,Lombardia,Google Ads,RND_IT_GOOGLE_SEARCH_LOCALE,240.00,5166,233,16
2024-10-07,Marche,Google Ads,RND_IT_GOOGLE_DISPLAY,23.49,3931,22,0
2024-10-07,Marche,Google Ads,RND_IT_GOOGLE_PMAX,54.81,3839,71,2
2024-10-07,Marche,Google Ads,RND_IT_GOOGLE_SEARCH_BRAND,34.73,1129,79,2
2024-10-07,Marche,Google Ads,RND_IT_GOOGLE_SEARCH_GENERICA,59.41,1101,57,3
2024-10-07,Marche,Google Ads,RND_IT_GOOGLE_SEARCH_LOCALE,27.02,583,27,2
2024-10-07,Molise,Google Ads,RND_IT_GOOGLE_DISPLAY,7.27,1172,8,0
2024-10-07,Molise,Google Ads,RND_IT_GOOGLE_PMAX,14.45,1026,20,1
2024-10-07,Molise,Google Ads,RND_IT_GOOGLE_SEARCH_BRAND,3.63,122,9,0
2024-10-07,Molise,Google Ads,RND_IT_GOOGLE_SEARCH_GENERICA,22.08,397,17,1
2024-10-07,Molise,Google Ads,RND_IT_GOOGLE_SEARCH_LOCALE,10.34,220,10,1
2024-10-07,Piemonte,Google Ads,RND_IT_GOOGLE_DISPLAY,108.96,18910,114,2
2024-10-07,Piemonte,Google Ads,RND_IT_GOOGLE_PMAX,244.14,17801,326,7
2024-10-07,Piemonte,Google Ads,RND_IT_GOOGLE_SEARCH_BRAND,88.78,2893,200,4
2024-10-07,Piemonte,Google Ads,RND_IT_GOOGLE_SEARCH_GENERICA,506.97,8700,455,17
2024-10-07,Piemonte,Google Ads,RND_IT_GOOGLE_SEARCH_LOCALE,149.51,3100,128,9
2024-10-07,Puglia,Google Ads,RND_IT_GOOGLE_DISPLAY,84.88,13702,84,2
2024-10-07,Puglia,Google Ads,RND_IT_GOOGLE_PMAX,174.19,12320,220,5
2024-10-07,Puglia,Google Ads,RND_IT_GOOGLE_SEARCH_BRAND,67.08,2356,173,3
2024-10-07,Puglia,Google Ads,RND_IT_GOOGLE_SEARCH_GENERICA,172.28,3126,148,7
2024-10-07,Puglia,Google Ads,RND_IT_GOOGLE_SEARCH_LOCALE,94.95,1945,85,6
2024-10-07,Sardegna,Google Ads,RND_IT_GOOGLE_DISPLAY,30.79,5273,30,1
2024-10-07,Sardegna,Google Ads,RND_IT_GOOGLE_PMAX,69.91,5002,92,3
2024-10-07,Sardegna,Google Ads,RND_IT_GOOGLE_SEARCH_BRAND,32.36,1107,82,2
2024-10-07,Sardegna,Google Ads,RND_IT_GOOGLE_SEARCH_GENERICA,75.03,1313,69,4
2024-10-07,Sardegna,Google Ads,RND_IT_GOOGLE_SEARCH_LOCALE,28.41,577,27,2
2024-10-07,Sicilia,Google Ads,RND_IT_GOOGLE_DISPLAY,87.54,14773,62,3
2024-10-07,Sicilia,Google Ads,RND_IT_GOOGLE_PMAX,214.26,16336,329,12
2024-10-07,Sicilia,Google Ads,RND_IT_GOOGLE_SEARCH_BRAND,60.30,1969,141,5
2024-10-07,Sicilia,Google Ads,RND_IT_GOOGLE_SEARCH_GENERICA,238.34,4549,216,17
2024-10-07,Sicilia,Google Ads,RND_IT_GOOGLE_SEARCH_LOCALE,88.76,1840,81,9
2024-10-07,Toscana,Google Ads,RND_IT_GOOGLE_DISPLAY,64.98,11537,65,2
2024-10-07,Toscana,Google Ads,RND_IT_GOOGLE_PMAX,152.43,10575,201,7
2024-10-07,Toscana,Google Ads,RND_IT_GOOGLE_SEARCH_BRAND,41.20,1394,105,3
2024-10-07,Toscana,Google Ads,RND_IT_GOOGLE_SEARCH_GENERICA,127.10,2271,113,8
2024-10-07,Toscana,Google Ads,RND_IT_GOOGLE_SEARCH_LOCALE,79.04,1598,70,7
2024-10-07,Trentino-Alto Adige,Google Ads,RND_IT_GOOGLE_DISPLAY,22.08,3740,23,0
2024-10-07,Trentino-Alto Adige,Google Ads,RND_IT_GOOGLE_PMAX,30.50,2136,41,1
2024-10-07,Trentino-Alto Adige,Google Ads,RND_IT_GOOGLE_SEARCH_BRAND,20.11,675,53,1
2024-10-07,Trentino-Alto Adige,Google Ads,RND_IT_GOOGLE_SEARCH_GENERICA,31.65,587,28,1
2024-10-07,Trentino-Alto Adige,Google Ads,RND_IT_GOOGLE_SEARCH_LOCALE,17.63,387,16,1
2024-10-07,Umbria,Google Ads,RND_IT_GOOGLE_DISPLAY,16.70,2663,16,0
2024-10-07,Umbria,Google Ads,RND_IT_GOOGLE_PMAX,32.46,2366,49,1
2024-10-07,Umbria,Google Ads,RND_IT_GOOGLE_SEARCH_BRAND,18.23,598,44,1
2024-10-07,Umbria,Google Ads,RND_IT_GOOGLE_SEARCH_GENERICA,40.17,754,38,2
2024-10-07,Umbria,Google Ads,RND_IT_GOOGLE_SEARCH_LOCALE,17.43,349,16,2
2024-10-07,Valle d'Aosta,Google Ads,RND_IT_GOOGLE_DISPLAY,2.56,440,3,0
2024-10-07,Valle d'Aosta,Google Ads,RND_IT_GOOGLE_PMAX,5.19,382,7,0
2024-10-07,Valle d'Aosta,Google Ads,RND_IT_GOOGLE_SEARCH_BRAND,3.06,104,8,0
2024-10-07,Valle d'Aosta,Google Ads,RND_IT_GOOGLE_SEARCH_GENERICA,6.29,111,5,0
2024-10-07,Valle d'Aosta,Google Ads,RND_IT_GOOGLE_SEARCH_LOCALE,1.73,36,1,0
2024-10-07,Veneto,Google Ads,RND_IT_GOOGLE_DISPLAY,119.14,20867,135,2
2024-10-07,Veneto,Google Ads,RND_IT_GOOGLE_PMAX,207.68,15019,302,6
2024-10-07,Veneto,Google Ads,RND_IT_GOOGLE_SEARCH_BRAND,129.07,4353,323,6
2024-10-07,Veneto,Google Ads,RND_IT_GOOGLE_SEARCH_GENERICA,291.74,5316,262,12
2024-10-07,Veneto,Google Ads,RND_IT_GOOGLE_SEARCH_LOCALE,115.30,2263,108,7
2024-10-14,Abruzzo,Google Ads,RND_IT_GOOGLE_DISPLAY,23.04,3635,21,0
2024-10-14,Abruzzo,Google Ads,RND_IT_GOOGLE_PMAX,67.54,5086,108,1
2024-10-14,Abruzzo,Google Ads,RND_IT_GOOGLE_SEARCH_BRAND,29.85,1001,75,1
2024-10-14,Abruzzo,Google Ads,RND_IT_GOOGLE_SEARCH_GENERICA,62.54,1156,53,2
2024-10-14,Abruzzo,Google Ads,RND_IT_GOOGLE_SEARCH_LOCALE,18.61,391,17,1
2024-10-14,Basilicata,Google Ads,RND_IT_GOOGLE_DISPLAY,9.04,1536,9,0
2024-10-14,Basilicata,Google Ads,RND_IT_GOOGLE_PMAX,16.50,1190,25,0
2024-10-14,Basilicata,Google Ads,RND_IT_GOOGLE_SEARCH_BRAND,14.73,490,32,0
2024-10-14,Basilicata,Google Ads,RND_IT_GOOGLE_SEARCH_GENERICA,38.66,705,36,1
2024-10-14,Basilicata,Google Ads,RND_IT_GOOGLE_SEARCH_LOCALE,9.64,201,9,0
2024-10-14,Calabria,Google Ads,RND_IT_GOOGLE_DISPLAY,37.47,6406,33,1
2024-10-14,Calabria,Google Ads,RND_IT_GOOGLE_PMAX,63.38,4259,88,2
2024-10-14,Calabria,Google Ads,RND_IT_GOOGLE_SEARCH_BRAND,34.14,1153,89,2
2024-10-14,Calabria,Google Ads,RND_IT_GOOGLE_SEARCH_GENERICA,86.29,1586,80,4
2024-10-14,Calabria,Google Ads,RND_IT_GOOGLE_SEARCH_LOCALE,30.29,624,32,2
2024-10-14,Campania,Google Ads,RND_IT_GOOGLE_DISPLAY,117.82,19512,104,2
2024-10-14,Campania,Google Ads,RND_IT_GOOGLE_PMAX,164.07,11754,234,7
2024-10-14,Campania,Google Ads,RND_IT_GOOGLE_SEARCH_BRAND,120.11,4031,293,6
2024-10-14,Campania,Google Ads,RND_IT_GOOGLE_SEARCH_GENERICA,369.65,6453,286,16
2024-10-14,Campania,Google Ads,RND_IT_GOOGLE_SEARCH_LOCALE,132.61,2685,118,9
2024-10-14,Emilia-Romagna,Google Ads,RND_IT_GOOGLE_DISPLAY,128.63,19880,108,3
2024-10-14,Emilia-Romagna,Google Ads,RND_IT_GOOGLE_PMAX,271.14,19036,364,12
2024-10-14,Emilia-Romagna,Google Ads,RND_IT_GOOGLE_SEARCH_BRAND,222.73,7438,607,13
2024-10-14,Emilia-Romagna,Google Ads,RND_IT_GOOGLE_SEARCH_GENERICA,244.11,4512,241,13
2024-10-14,Emilia-Romagna,Google Ads,RND_IT_GOOGLE_SEARCH_LOCALE,88.88,1852,81,7
2024-10-14,Friuli-Venezia Giulia,Google Ads,RND_IT_GOOGLE_DISPLAY,24.81,4098,26,1
2024-10-14,Friuli-Venezia Giulia,Google Ads,RND_IT_GOOGLE_PMAX,65.12,4845,96,4
2024-10-14,Friuli-Venezia Giulia,Google Ads,RND_IT_GOOGLE_SEARCH_BRAND,25.39,830,65,2
2024-10-14,Friuli-Venezia Giulia,Google Ads,RND_IT_GOOGLE_SEARCH_GENERICA,43.66,782,39,3
2024-10-14,Friuli-Venezia Giulia,Google Ads,RND_IT_GOOGLE_SEARCH_LOCALE,15.72,322,15,2
2024-10-14,Lazio,Google Ads,RND_IT_GOOGLE_DISPLAY,86.08,14097,83,2
2024-10-14,Lazio,Google Ads,RND_IT_GOOGLE_PMAX,155.52,11430,255,7
2024-10-14,Lazio,Google Ads,RND_IT_GOOGLE_SEARCH_BRAND,78.10,2736,222,5
2024-10-14,Lazio,Google Ads,RND_IT_GOOGLE_SEARCH_GENERICA,316.35,5812,294,17
2024-10-14,Lazio,Google Ads,RND_IT_GOOGLE_SEARCH_LOCALE,135.46,2811,111,12
2024-10-14,Liguria,Google Ads,RND_IT_GOOGLE_DISPLAY,18.94,3302,19,1
2024-10-14,Liguria,Google Ads,RND_IT_GOOGLE_PMAX,26.83,1825,37,1
2024-10-14,Liguria,Google Ads,RND_IT_GOOGLE_SEARCH_BRAND,29.78,961,67,2
2024-10-14,Liguria,Google Ads,RND_IT_GOOGLE_SEARCH_GENERICA,69.14,1292,68,4
2024-10-14,Liguria,Google Ads,RND_IT_GOOGLE_SEARCH_LOCALE,27.46,606,30,3
2024-10-14,Lombardia,Google Ads,RND_IT_GOOGLE_DISPLAY,198.79,33043,189,3
2024-10-14,Lombardia,Google Ads,RND_IT_GOOGLE_PMAX,517.51,38462,763,17
2024-10-14,Lombardia,Google Ads,RND_IT_GOOGLE_SEARCH_BRAND,392.25,13243,967,16
2024-10-14,Lombardia,Google Ads,RND_IT_GOOGLE_SEARCH_GENERICA,770.15,14284,731,26
2024-10-14,Lombardia,Google Ads,RND_IT_GOOGLE_SEARCH_LOCALE,229.73,4811,232,13
2024-10-14,Marche,Google Ads,RND_IT_GOOGLE_DISPLAY,18.19,2995,17,0
2024-10-14,Marche,Google Ads,RND_IT_GOOGLE_PMAX,59.45,4366,91,2
2024-10-14,Marche,Google Ads,RND_IT_GOOGLE_SEARCH_BRAND,39.45,1302,89,2
2024-10-14,Marche,Google Ads,RND_IT_GOOGLE_SEARCH_GENERICA,63.91,1174,63,3
2024-10-14,Marche,Google Ads,RND_IT_GOOGLE_SEARCH_LOCALE,25.06,530,25,2
2024-10-14,Molise,Google Ads,RND_IT_GOOGLE_DISPLAY,6.02,986,6,0
2024-10-14,Molise,Google Ads,RND_IT_GOOGLE_PMAX,15.82,1119,22,1
2024-10-14,Molise,Google Ads,RND_IT_GOOGLE_SEARCH_BRAND,3.74,131,9,0
2024-10-14,Molise,Google Ads,RND_IT_GOOGLE_SEARCH_GENERICA,24.74,459,22,1
2024-10-14,Molise,Google Ads,RND_IT_GOOGLE_SEARCH_LOCALE,9.97,205,7,1
2024-10-14,Piemonte,Google Ads,RND_IT_GOOGLE_DISPLAY,98.91,16646,101,2
2024-10-14,Piemonte,Google Ads,RND_IT_GOOGLE_PMAX,238.05,16964,345,7
2024-10-14,Piemonte,Google Ads,RND_IT_GOOGLE_SEARCH_BRAND,116.14,3766,307,5
2024-10-14,Piemonte,Google Ads,RND_IT_GOOGLE_SEARCH_GENERICA,500.77,9293,498,18
2024-10-14,Piemonte,Google Ads,RND_IT_GOOGLE_SEARCH_LOCALE,127.91,2602,115,7
2024-10-14,Puglia,Google Ads,RND_IT_GOOGLE_DISPLAY,68.64,11459,74,1
2024-10-14,Puglia,Google Ads,RND_IT_GOOGLE_PMAX,181.08,13475,265,5
2024-10-14,Puglia,Google Ads,RND_IT_GOOGLE_SEARCH_BRAND,67.85,2212,183,3
2024-10-14,Puglia,Google Ads,RND_IT_GOOGLE_SEARCH_GENERICA,218.93,4159,210,8
2024-10-14,Puglia,Google Ads,RND_IT_GOOGLE_SEARCH_LOCALE,93.09,1938,79,5
2024-10-14,Sardegna,Google Ads,RND_IT_GOOGLE_DISPLAY,21.94,3570,18,0
2024-10-14,Sardegna,Google Ads,RND_IT_GOOGLE_PMAX,65.01,4369,85,2
2024-10-14,Sardegna,Google Ads,RND_IT_GOOGLE_SEARCH_BRAND,37.73,1221,84,2
2024-10-14,Sardegna,Google Ads,RND_IT_GOOGLE_SEARCH_GENERICA,91.81,1668,86,4
2024-10-14,Sardegna,Google Ads,RND_IT_GOOGLE_SEARCH_LOCALE,26.62,596,29,2
2024-10-14,Sicilia,Google Ads,RND_IT_GOOGLE_DISPLAY,71.41,11997,75,2
2024-10-14,Sicilia,Google Ads,RND_IT_GOOGLE_PMAX,200.37,14503,310,9
2024-10-14,Sicilia,Google Ads,RND_IT_GOOGLE_SEARCH_BRAND,69.37,2335,169,5
2024-10-14,Sicilia,Google Ads,RND_IT_GOOGLE_SEARCH_GENERICA,267.56,4889,251,16
2024-10-14,Sicilia,Google Ads,RND_IT_GOOGLE_SEARCH_LOCALE,98.55,2035,98,8
2024-10-14,Toscana,Google Ads,RND_IT_GOOGLE_DISPLAY,51.26,8401,49,1
2024-10-14,Toscana,Google Ads,RND_IT_GOOGLE_PMAX,151.30,11162,193,7
2024-10-14,Toscana,Google Ads,RND_IT_GOOGLE_SEARCH_BRAND,51.60,1649,123,4
2024-10-14,Toscana,Google Ads,RND_IT_GOOGLE_SEARCH_GENERICA,132.72,2481,135,7
2024-10-14,Toscana,Google Ads,RND_IT_GOOGLE_SEARCH_LOCALE,77.68,1636,76,7
2024-10-14,Trentino-Alto Adige,Google Ads,RND_IT_GOOGLE_DISPLAY,18.33,2817,17,0
2024-10-14,Trentino-Alto Adige,Google Ads,RND_IT_GOOGLE_PMAX,30.68,2186,45,1
2024-10-14,Trentino-Alto Adige,Google Ads,RND_IT_GOOGLE_SEARCH_BRAND,21.73,714,56,1
2024-10-14,Trentino-Alto Adige,Google Ads,RND_IT_GOOGLE_SEARCH_GENERICA,26.94,483,25,1
2024-10-14,Trentino-Alto Adige,Google Ads,RND_IT_GOOGLE_SEARCH_LOCALE,19.87,404,17,1
2024-10-14,Umbria,Google Ads,RND_IT_GOOGLE_DISPLAY,11.16,1898,12,0
2024-10-14,Umbria,Google Ads,RND_IT_GOOGLE_PMAX,31.37,2284,44,1
2024-10-14,Umbria,Google Ads,RND_IT_GOOGLE_SEARCH_BRAND,21.68,676,44,1
2024-10-14,Umbria,Google Ads,RND_IT_GOOGLE_SEARCH_GENERICA,44.91,784,38,2
2024-10-14,Umbria,Google Ads,RND_IT_GOOGLE_SEARCH_LOCALE,15.04,287,14,1
2024-10-14,Valle d'Aosta,Google Ads,RND_IT_GOOGLE_DISPLAY,2.09,355,2,0
2024-10-14,Valle d'Aosta,Google Ads,RND_IT_GOOGLE_PMAX,4.44,318,6,0
2024-10-14,Valle d'Aosta,Google Ads,RND_IT_GOOGLE_SEARCH_BRAND,3.27,110,7,0
2024-10-14,Valle d'Aosta,Google Ads,RND_IT_GOOGLE_SEARCH_GENERICA,5.64,104,5,0
2024-10-14,Valle d'Aosta,Google Ads,RND_IT_GOOGLE_SEARCH_LOCALE,1.84,37,2,0
2024-10-14,Veneto,Google Ads,RND_IT_GOOGLE_DISPLAY,88.93,14911,93,1
2024-10-14,Veneto,Google Ads,RND_IT_GOOGLE_PMAX,207.17,14450,269,5
2024-10-14,Veneto,Google Ads,RND_IT_GOOGLE_SEARCH_BRAND,159.34,5231,406,6
2024-10-14,Veneto,Google Ads,RND_IT_GOOGLE_SEARCH_GENERICA,312.13,5640,281,10
2024-10-14,Veneto,Google Ads,RND_IT_GOOGLE_SEARCH_LOCALE,117.95,2633,133,7
2024-10-21,Abruzzo,Google Ads,RND_IT_GOOGLE_DISPLAY,20.35,3346,19,0
2024-10-21,Abruzzo,Google Ads,RND_IT_GOOGLE_PMAX,69.69,4857,97,1
2024-10-21,Abruzzo,Google Ads,RND_IT_GOOGLE_SEARCH_BRAND,24.43,778,50,1
2024-10-21,Abruzzo,Google Ads,RND_IT_GOOGLE_SEARCH_GENERICA,49.26,863,41,1
2024-10-21,Abruzzo,Google Ads,RND_IT_GOOGLE_SEARCH_LOCALE,22.33,474,22,1
2024-10-21,Basilicata,Google Ads,RND_IT_GOOGLE_DISPLAY,7.90,1315,8,0
2024-10-21,Basilicata,Google Ads,RND_IT_GOOGLE_PMAX,17.19,1254,25,0
2024-10-21,Basilicata,Google Ads,RND_IT_GOOGLE_SEARCH_BRAND,14.39,495,36,1
2024-10-21,Basilicata,Google Ads,RND_IT_GOOGLE_SEARCH_GENERICA,30.20,557,26,1
2024-10-21,Basilicata,Google Ads,RND_IT_GOOGLE_SEARCH_LOCALE,13.67,299,14,1
2024-10-21,Calabria,Google Ads,RND_IT_GOOGLE_DISPLAY,30.74,5249,28,0
2024-10-21,Calabria,Google Ads,RND_IT_GOOGLE_PMAX,61.89,4337,91,2
2024-10-21,Calabria,Google Ads,RND_IT_GOOGLE_SEARCH_BRAND,34.66,1110,84,1
2024-10-21,Calabria,Google Ads,RND_IT_GOOGLE_SEARCH_GENERICA,79.64,1510,64,3
2024-10-21,Calabria,Google Ads,RND_IT_GOOGLE_SEARCH_LOCALE,47.61,982,43,2
2024-10-21,Campania,Google Ads,RND_IT_GOOGLE_DISPLAY,100.94,16504,99,2
2024-10-21,Campania,Google Ads,RND_IT_GOOGLE_PMAX,152.57,10400,220,6
2024-10-21,Campania,Google Ads,RND_IT_GOOGLE_SEARCH_BRAND,101.94,3479,269,5
2024-10-21,Campania,Google Ads,RND_IT_GOOGLE_SEARCH_GENERICA,295.26,5106,228,12
2024-10-21,Campania,Google Ads,RND_IT_GOOGLE_SEARCH_LOCALE,154.83,2997,148,11
2024-10-21,Emilia-Romagna,Google Ads,RND_IT_GOOGLE_DISPLAY,123.41,21099,130,2
2024-10-21,Emilia-Romagna,Google Ads,RND_IT_GOOGLE_PMAX,250.89,17986,321,11
2024-10-21,Emilia-Romagna,Google Ads,RND_IT_GOOGLE_SEARCH_BRAND,169.61,5535,411,11
2024-10-21,Emilia-Romagna,Google Ads,RND_IT_GOOGLE_SEARCH_GENERICA,233.38,4373,249,12
2024-10-21,Emilia-Romagna,Google Ads,RND_IT_GOOGLE_SEARCH_LOCALE,120.29,2423,114,10
2024-10-21,Friuli-Venezia Giulia,Google Ads,RND_IT_GOOGLE_DISPLAY,22.10,3520,23,1
2024-10-21,Friuli-Venezia Giulia,Google Ads,RND_IT_GOOGLE_PMAX,64.05,4505,92,4
2024-10-21,Friuli-Venezia Giulia,Google Ads,RND_IT_GOOGLE_SEARCH_BRAND,19.41,678,50,1
2024-10-21,Friuli-Venezia Giulia,Google Ads,RND_IT_GOOGLE_SEARCH_GENERICA,39.15,658,31,2
2024-10-21,Friuli-Venezia Giulia,Google Ads,RND_IT_GOOGLE_SEARCH_LOCALE,18.56,391,19,2
2024-10-21,Lazio,Google Ads,RND_IT_GOOGLE_DISPLAY,104.55,17513,99,3
2024-10-21,Lazio,Google Ads,RND_IT_GOOGLE_PMAX,155.96,10739,226,7
2024-10-21,Lazio,Google Ads,RND_IT_GOOGLE_SEARCH_BRAND,75.33,2567,204,5
2024-10-21,Lazio,Google Ads,RND_IT_GOOGLE_SEARCH_GENERICA,221.20,3973,225,11
2024-10-21,Lazio,Google Ads,RND_IT_GOOGLE_SEARCH_LOCALE,165.55,3473,158,15
2024-10-21,Liguria,Google Ads,RND_IT_GOOGLE_DISPLAY,17.11,2854,16,0
2024-10-21,Liguria,Google Ads,RND_IT_GOOGLE_PMAX,30.18,2160,44,1
2024-10-21,Liguria,Google Ads,RND_IT_GOOGLE_SEARCH_BRAND,25.15,813,62,2
2024-10-21,Liguria,Google Ads,RND_IT_GOOGLE_SEARCH_GENERICA,51.42,987,51,3
2024-10-21,Liguria,Google Ads,RND_IT_GOOGLE_SEARCH_LOCALE,36.00,750,34,3
2024-10-21,Lombardia,Google Ads,RND_IT_GOOGLE_DISPLAY,178.33,30616,175,3
2024-10-21,Lombardia,Google Ads,RND_IT_GOOGLE_PMAX,533.24,38965,807,16
2024-10-21,Lombardia,Google Ads,RND_IT_GOOGLE_SEARCH_BRAND,265.58,8609,616,11
2024-10-21,Lombardia,Google Ads,RND_IT_GOOGLE_SEARCH_GENERICA,606.17,10913,544,24
2024-10-21,Lombardia,Google Ads,RND_IT_GOOGLE_SEARCH_LOCALE,302.01,6192,290,19
2024-10-21,Marche,Google Ads,RND_IT_GOOGLE_DISPLAY,15.15,2455,14,0
2024-10-21,Marche,Google Ads,RND_IT_GOOGLE_PMAX,58.41,4175,72,2
2024-10-21,Marche,Google Ads,RND_IT_GOOGLE_SEARCH_BRAND,32.52,1104,83,2
2024-10-21,Marche,Google Ads,RND_IT_GOOGLE_SEARCH_GENERICA,53.65,978,44,2
2024-10-21,Marche,Google Ads,RND_IT_GOOGLE_SEARCH_LOCALE,32.60,698,35,2
2024-10-21,Molise,Google Ads,RND_IT_GOOGLE_DISPLAY,5.22,849,5,0
2024-10-21,Molise,Google Ads,RND_IT_GOOGLE_PMAX,14.79,1022,19,1
2024-10-21,Molise,Google Ads,RND_IT_GOOGLE_SEARCH_BRAND,3.38,112,9,0
2024-10-21,Molise,Google Ads,RND_IT_GOOGLE_SEARCH_GENERICA,17.14,319,16,1
2024-10-21,Molise,Google Ads,RND_IT_GOOGLE_SEARCH_LOCALE,11.94,245,12,1
2024-10-21,Piemonte,Google Ads,RND_IT_GOOGLE_DISPLAY,78.14,12478,64,1
2024-10-21,Piemonte,Google Ads,RND_IT_GOOGLE_PMAX,283.12,20515,450,9
2024-10-21,Piemonte,Google Ads,RND_IT_GOOGLE_SEARCH_BRAND,118.76,3939,331,5
2024-10-21,Piemonte,Google Ads,RND_IT_GOOGLE_SEARCH_GENERICA,365.09,6296,357,15
2024-10-21,Piemonte,Google Ads,RND_IT_GOOGLE_SEARCH_LOCALE,146.09,3072,140,9
2024-10-21,Puglia,Google Ads,RND_IT_GOOGLE_DISPLAY,69.10,11320,63,1
2024-10-21,Puglia,Google Ads,RND_IT_GOOGLE_PMAX,169.84,12508,245,5
2024-10-21,Puglia,Google Ads,RND_IT_GOOGLE_SEARCH_BRAND,54.46,1885,149,2
2024-10-21,Puglia,Google Ads,RND_IT_GOOGLE_SEARCH_GENERICA,164.03,2989,166,6
2024-10-21,Puglia,Google Ads,RND_IT_GOOGLE_SEARCH_LOCALE,119.79,2510,98,7
2024-10-21,Sardegna,Google Ads,RND_IT_GOOGLE_DISPLAY,18.59,3121,19,0
2024-10-21,Sardegna,Google Ads,RND_IT_GOOGLE_PMAX,61.28,4667,108,2
2024-10-21,Sardegna,Google Ads,RND_IT_GOOGLE_SEARCH_BRAND,27.99,912,74,1
2024-10-21,Sardegna,Google Ads,RND_IT_GOOGLE_SEARCH_GENERICA,67.85,1236,63,3
2024-10-21,Sardegna,Google Ads,RND_IT_GOOGLE_SEARCH_LOCALE,37.83,779,37,3
2024-10-21,Sicilia,Google Ads,RND_IT_GOOGLE_DISPLAY,63.99,10090,60,2
2024-10-21,Sicilia,Google Ads,RND_IT_GOOGLE_PMAX,177.63,13237,241,9
2024-10-21,Sicilia,Google Ads,RND_IT_GOOGLE_SEARCH_BRAND,73.18,2446,176,4
2024-10-21,Sicilia,Google Ads,RND_IT_GOOGLE_SEARCH_GENERICA,238.83,4585,211,13
2024-10-21,Sicilia,Google Ads,RND_IT_GOOGLE_SEARCH_LOCALE,113.87,2310,93,10
2024-10-21,Toscana,Google Ads,RND_IT_GOOGLE_DISPLAY,52.83,8689,54,1
2024-10-21,Toscana,Google Ads,RND_IT_GOOGLE_PMAX,144.93,10040,223,6
2024-10-21,Toscana,Google Ads,RND_IT_GOOGLE_SEARCH_BRAND,60.22,2065,149,4
2024-10-21,Toscana,Google Ads,RND_IT_GOOGLE_SEARCH_GENERICA,112.45,1969,92,6
2024-10-21,Toscana,Google Ads,RND_IT_GOOGLE_SEARCH_LOCALE,100.74,2072,93,9
2024-10-21,Trentino-Alto Adige,Google Ads,RND_IT_GOOGLE_DISPLAY,16.93,2874,18,0
2024-10-21,Trentino-Alto Adige,Google Ads,RND_IT_GOOGLE_PMAX,31.75,2326,45,1
2024-10-21,Trentino-Alto Adige,Google Ads,RND_IT_GOOGLE_SEARCH_BRAND,17.70,604,45,1
2024-10-21,Trentino-Alto Adige,Google Ads,RND_IT_GOOGLE_SEARCH_GENERICA,27.40,492,23,1
2024-10-21,Trentino-Alto Adige,Google Ads,RND_IT_GOOGLE_SEARCH_LOCALE,26.53,584,26,2
2024-10-21,Umbria,Google Ads,RND_IT_GOOGLE_DISPLAY,11.33,1883,11,0
2024-10-21,Umbria,Google Ads,RND_IT_GOOGLE_PMAX,28.14,2026,43,1
2024-10-21,Umbria,Google Ads,RND_IT_GOOGLE_SEARCH_BRAND,18.44,612,45,1
2024-10-21,Umbria,Google Ads,RND_IT_GOOGLE_SEARCH_GENERICA,36.55,646,35,2
2024-10-21,Umbria,Google Ads,RND_IT_GOOGLE_SEARCH_LOCALE,19.06,410,17,1
2024-10-21,Valle d'Aosta,Google Ads,RND_IT_GOOGLE_DISPLAY,1.72,287,2,0
2024-10-21,Valle d'Aosta,Google Ads,RND_IT_GOOGLE_PMAX,5.00,345,7,0
2024-10-21,Valle d'Aosta,Google Ads,RND_IT_GOOGLE_SEARCH_BRAND,3.08,102,7,0
2024-10-21,Valle d'Aosta,Google Ads,RND_IT_GOOGLE_SEARCH_GENERICA,5.13,90,5,0
2024-10-21,Valle d'Aosta,Google Ads,RND_IT_GOOGLE_SEARCH_LOCALE,2.65,57,3,0
2024-10-21,Veneto,Google Ads,RND_IT_GOOGLE_DISPLAY,81.65,12993,80,1
2024-10-21,Veneto,Google Ads,RND_IT_GOOGLE_PMAX,209.26,15075,304,6
2024-10-21,Veneto,Google Ads,RND_IT_GOOGLE_SEARCH_BRAND,109.41,3457,282,5
2024-10-21,Veneto,Google Ads,RND_IT_GOOGLE_SEARCH_GENERICA,212.62,3997,203,7
2024-10-21,Veneto,Google Ads,RND_IT_GOOGLE_SEARCH_LOCALE,145.89,2968,154,8
2024-10-28,Abruzzo,Google Ads,RND_IT_GOOGLE_DISPLAY,19.99,3321,20,0
2024-10-28,Abruzzo,Google Ads,RND_IT_GOOGLE_PMAX,78.79,5952,124,1
2024-10-28,Abruzzo,Google Ads,RND_IT_GOOGLE_SEARCH_BRAND,19.73,637,51,1
2024-10-28,Abruzzo,Google Ads,RND_IT_GOOGLE_SEARCH_GENERICA,47.87,871,43,1
2024-10-28,Abruzzo,Google Ads,RND_IT_GOOGLE_SEARCH_LOCALE,28.70,572,25,1
2024-10-28,Basilicata,Google Ads,RND_IT_GOOGLE_DISPLAY,7.89,1317,8,0
2024-10-28,Basilicata,Google Ads,RND_IT_GOOGLE_PMAX,17.92,1326,25,0
2024-10-28,Basilicata,Google Ads,RND_IT_GOOGLE_SEARCH_BRAND,13.13,442,32,0
2024-10-28,Basilicata,Google Ads,RND_IT_GOOGLE_SEARCH_GENERICA,28.19,504,28,1
2024-10-28,Basilicata,Google Ads,RND_IT_GOOGLE_SEARCH_LOCALE,16.52,355,17,1
2024-10-28,Calabria,Google Ads,RND_IT_GOOGLE_DISPLAY,29.76,4935,32,0
2024-10-28,Calabria,Google Ads,RND_IT_GOOGLE_PMAX,66.56,4609,97,2
2024-10-28,Calabria,Google Ads,RND_IT_GOOGLE_SEARCH_BRAND,41.23,1369,107,2
2024-10-28,Calabria,Google Ads,RND_IT_GOOGLE_SEARCH_GENERICA,86.37,1546,72,3
2024-10-28,Calabria,Google Ads,RND_IT_GOOGLE_SEARCH_LOCALE,49.98,1069,56,3
2024-10-28,Campania,Google Ads,RND_IT_GOOGLE_DISPLAY,129.36,21659,134,2
2024-10-28,Campania,Google Ads,RND_IT_GOOGLE_PMAX,187.50,13398,263,6
2024-10-28,Campania,Google Ads,RND_IT_GOOGLE_SEARCH_BRAND,98.86,3303,252,5
2024-10-28,Campania,Google Ads,RND_IT_GOOGLE_SEARCH_GENERICA,377.50,6748,339,15
2024-10-28,Campania,Google Ads,RND_IT_GOOGLE_SEARCH_LOCALE,193.13,4040,193,13
2024-10-28,Emilia-Romagna,Google Ads,RND_IT_GOOGLE_DISPLAY,110.21,18197,110,2
2024-10-28,Emilia-Romagna,Google Ads,RND_IT_GOOGLE_PMAX,309.73,22450,455,14
2024-10-28,Emilia-Romagna,Google Ads,RND_IT_GOOGLE_SEARCH_BRAND,164.91,5668,447,9
2024-10-28,Emilia-Romagna,Google Ads,RND_IT_GOOGLE_SEARCH_GENERICA,223.98,4014,207,11
2024-10-28,Emilia-Romagna,Google Ads,RND_IT_GOOGLE_SEARCH_LOCALE,133.01,2740,118,10
2024-10-28,Friuli-Venezia Giulia,Google Ads,RND_IT_GOOGLE_DISPLAY,26.63,4378,27,1
2024-10-28,Friuli-Venezia Giulia,Google Ads,RND_IT_GOOGLE_PMAX,71.84,4865,79,4
2024-10-28,Friuli-Venezia Giulia,Google Ads,RND_IT_GOOGLE_SEARCH_BRAND,22.52,724,49,2
2024-10-28,Friuli-Venezia Giulia,Google Ads,RND_IT_GOOGLE_SEARCH_GENERICA,44.54,779,37,3
2024-10-28,Friuli-Venezia Giulia,Google Ads,RND_IT_GOOGLE_SEARCH_LOCALE,20.60,410,19,2
2024-10-28,Lazio,Google Ads,RND_IT_GOOGLE_DISPLAY,112.29,18131,115,2
2024-10-28,Lazio,Google Ads,RND_IT_GOOGLE_PMAX,180.44,12233,239,8
2024-10-28,Lazio,Google Ads,RND_IT_GOOGLE_SEARCH_BRAND,91.57,3031,225,6
2024-10-28,Lazio,Google Ads,RND_IT_GOOGLE_SEARCH_GENERICA,257.75,4650,222,14
2024-10-28,Lazio,Google Ads,RND_IT_GOOGLE_SEARCH_LOCALE,230.38,4924,229,18
2024-10-28,Liguria,Google Ads,RND_IT_GOOGLE_DISPLAY,18.27,3135,18,0
2024-10-28,Liguria,Google Ads,RND_IT_GOOGLE_PMAX,37.42,2686,58,2
2024-10-28,Liguria,Google Ads,RND_IT_GOOGLE_SEARCH_BRAND,23.22,778,58,1
2024-10-28,Liguria,Google Ads,RND_IT_GOOGLE_SEARCH_GENERICA,62.43,1123,53,3
2024-10-28,Liguria,Google Ads,RND_IT_GOOGLE_SEARCH_LOCALE,51.24,1106,55,4
2024-10-28,Lombardia,Google Ads,RND_IT_GOOGLE_DISPLAY,213.56,34284,193,3
2024-10-28,Lombardia,Google Ads,RND_IT_GOOGLE_PMAX,526.28,37781,792,14
2024-10-28,Lombardia,Google Ads,RND_IT_GOOGLE_SEARCH_BRAND,274.95,8971,702,11
2024-10-28,Lombardia,Google Ads,RND_IT_GOOGLE_SEARCH_GENERICA,675.89,12010,660,23
2024-10-28,Lombardia,Google Ads,RND_IT_GOOGLE_SEARCH_LOCALE,326.86,6671,326,17
2024-10-28,Marche,Google Ads,RND_IT_GOOGLE_DISPLAY,19.84,3323,20,0
2024-10-28,Marche,Google Ads,RND_IT_GOOGLE_PMAX,66.84,4511,96,2
2024-10-28,Marche,Google Ads,RND_IT_GOOGLE_SEARCH_BRAND,37.90,1318,94,2
2024-10-28,Marche,Google Ads,RND_IT_GOOGLE_SEARCH_GENERICA,56.37,1030,58,2
2024-10-28,Marche,Google Ads,RND_IT_GOOGLE_SEARCH_LOCALE,36.91,751,27,2
2024-10-28,Molise,Google Ads,RND_IT_GOOGLE_DISPLAY,7.50,1319,7,0
2024-10-28,Molise,Google Ads,RND_IT_GOOGLE_PMAX,16.37,1183,24,1
2024-10-28,Molise,Google Ads,RND_IT_GOOGLE_SEARCH_BRAND,3.12,107,7,0
2024-10-28,Molise,Google Ads,RND_IT_GOOGLE_SEARCH_GENERICA,17.22,315,16,1
2024-10-28,Molise,Google Ads,RND_IT_GOOGLE_SEARCH_LOCALE,14.13,305,13,1
2024-10-28,Piemonte,Google Ads,RND_IT_GOOGLE_DISPLAY,81.23,13986,84,1
2024-10-28,Piemonte,Google Ads,RND_IT_GOOGLE_PMAX,284.51,20985,469,8
2024-10-28,Piemonte,Google Ads,RND_IT_GOOGLE_SEARCH_BRAND,119.16,4006,278,6
2024-10-28,Piemonte,Google Ads,RND_IT_GOOGLE_SEARCH_GENERICA,382.55,6839,336,13
2024-10-28,Piemonte,Google Ads,RND_IT_GOOGLE_SEARCH_LOCALE,172.95,3534,158,11
2024-10-28,Puglia,Google Ads,RND_IT_GOOGLE_DISPLAY,75.50,12775,77,1
2024-10-28,Puglia,Google Ads,RND_IT_GOOGLE_PMAX,206.73,14670,299,6
2024-10-28,Puglia,Google Ads,RND_IT_GOOGLE_SEARCH_BRAND,53.20,1869,140,2
2024-10-28,Puglia,Google Ads,RND_IT_GOOGLE_SEARCH_GENERICA,203.97,3692,177,6
2024-10-28,Puglia,Google Ads,RND_IT_GOOGLE_SEARCH_LOCALE,147.30,3233,135,8
2024-10-28,Sardegna,Google Ads,RND_IT_GOOGLE_DISPLAY,20.02,3362,20,0
2024-10-28,Sardegna,Google Ads,RND_IT_GOOGLE_PMAX,73.55,5263,100,3
2024-10-28,Sardegna,Google Ads,RND_IT_GOOGLE_SEARCH_BRAND,28.33,902,68,1
2024-10-28,Sardegna,Google Ads,RND_IT_GOOGLE_SEARCH_GENERICA,77.50,1500,75,3
2024-10-28,Sardegna,Google Ads,RND_IT_GOOGLE_SEARCH_LOCALE,45.10,937,31,4
2024-10-28,Sicilia,Google Ads,RND_IT_GOOGLE_DISPLAY,62.39,10358,61,1
2024-10-28,Sicilia,Google Ads,RND_IT_GOOGLE_PMAX,183.96,13366,283,8
2024-10-28,Sicilia,Google Ads,RND_IT_GOOGLE_SEARCH_BRAND,69.25,2308,193,5
2024-10-28,Sicilia,Google Ads,RND_IT_GOOGLE_SEARCH_GENERICA,249.95,4834,232,12
2024-10-28,Sicilia,Google Ads,RND_IT_GOOGLE_SEARCH_LOCALE,126.03,2595,111,12
2024-10-28,Toscana,Google Ads,RND_IT_GOOGLE_DISPLAY,56.88,9224,62,1
2024-10-28,Toscana,Google Ads,RND_IT_GOOGLE_PMAX,164.71,11920,254,6
2024-10-28,Toscana,Google Ads,RND_IT_GOOGLE_SEARCH_BRAND,55.20,1860,145,3
2024-10-28,Toscana,Google Ads,RND_IT_GOOGLE_SEARCH_GENERICA,140.15,2468,123,7
2024-10-28,Toscana,Google Ads,RND_IT_GOOGLE_SEARCH_LOCALE,119.25,2488,112,10
2024-10-28,Trentino-Alto Adige,Google Ads,RND_IT_GOOGLE_DISPLAY,19.62,3245,21,0
2024-10-28,Trentino-Alto Adige,Google Ads,RND_IT_GOOGLE_PMAX,30.84,2092,44,1
2024-10-28,Trentino-Alto Adige,Google Ads,RND_IT_GOOGLE_SEARCH_BRAND,15.97,518,39,1
2024-10-28,Trentino-Alto Adige,Google Ads,RND_IT_GOOGLE_SEARCH_GENERICA,30.42,538,28,1
2024-10-28,Trentino-Alto Adige,Google Ads,RND_IT_GOOGLE_SEARCH_LOCALE,28.83,594,26,2
2024-10-28,Umbria,Google Ads,RND_IT_GOOGLE_DISPLAY,10.37,1758,10,0
2024-10-28,Umbria,Google Ads,RND_IT_GOOGLE_PMAX,33.71,2342,46,1
2024-10-28,Umbria,Google Ads,RND_IT_GOOGLE_SEARCH_BRAND,19.06,641,48,1
2024-10-28,Umbria,Google Ads,RND_IT_GOOGLE_SEARCH_GENERICA,49.70,875,43,2
2024-10-28,Umbria,Google Ads,RND_IT_GOOGLE_SEARCH_LOCALE,19.81,427,18,1
2024-10-28,Valle d'Aosta,Google Ads,RND_IT_GOOGLE_DISPLAY,2.12,357,2,0
2024-10-28,Valle d'Aosta,Google Ads,RND_IT_GOOGLE_PMAX,5.81,410,8,0
2024-10-28,Valle d'Aosta,Google Ads,RND_IT_GOOGLE_SEARCH_BRAND,3.21,104,8,0
2024-10-28,Valle d'Aosta,Google Ads,RND_IT_GOOGLE_SEARCH_GENERICA,6.44,121,6,0
2024-10-28,Valle d'Aosta,Google Ads,RND_IT_GOOGLE_SEARCH_LOCALE,2.72,58,3,0
2024-10-28,Veneto,Google Ads,RND_IT_GOOGLE_DISPLAY,93.22,15903,105,1
2024-10-28,Veneto,Google Ads,RND_IT_GOOGLE_PMAX,197.17,13720,301,5
2024-10-28,Veneto,Google Ads,RND_IT_GOOGLE_SEARCH_BRAND,112.51,3828,275,4
2024-10-28,Veneto,Google Ads,RND_IT_GOOGLE_SEARCH_GENERICA,251.66,4521,223,7
2024-10-28,Veneto,Google Ads,RND_IT_GOOGLE_SEARCH_LOCALE,169.38,3644,168,8
2024-11-04,Abruzzo,Google Ads,RND_IT_GOOGLE_DISPLAY,26.71,4615,27,0
2024-11-04,Abruzzo,Google Ads,RND_IT_GOOGLE_PMAX,70.76,5277,109,2
2024-11-04,Abruzzo,Google Ads,RND_IT_GOOGLE_SEARCH_BRAND,31.19,1073,80,1
2024-11-04,Abruzzo,Google Ads,RND_IT_GOOGLE_SEARCH_GENERICA,49.53,907,44,1
2024-11-04,Abruzzo,Google Ads,RND_IT_GOOGLE_SEARCH_LOCALE,34.58,724,32,1
2024-11-04,Basilicata,Google Ads,RND_IT_GOOGLE_DISPLAY,9.45,1567,9,0
2024-11-04,Basilicata,Google Ads,RND_IT_GOOGLE_PMAX,20.45,1488,27,0
2024-11-04,Basilicata,Google Ads,RND_IT_GOOGLE_SEARCH_BRAND,20.12,676,47,1
2024-11-04,Basilicata,Google Ads,RND_IT_GOOGLE_SEARCH_GENERICA,40.27,776,38,1
2024-11-04,Basilicata,Google Ads,RND_IT_GOOGLE_SEARCH_LOCALE,20.24,416,21,1
2024-11-04,Calabria,Google Ads,RND_IT_GOOGLE_DISPLAY,44.13,7397,45,1
2024-11-04,Calabria,Google Ads,RND_IT_GOOGLE_PMAX,65.19,4502,86,2
2024-11-04,Calabria,Google Ads,RND_IT_GOOGLE_SEARCH_BRAND,53.62,1688,139,2
2024-11-04,Calabria,Google Ads,RND_IT_GOOGLE_SEARCH_GENERICA,100.04,1818,96,4
2024-11-04,Calabria,Google Ads,RND_IT_GOOGLE_SEARCH_LOCALE,56.79,1183,53,3
2024-11-04,Campania,Google Ads,RND_IT_GOOGLE_DISPLAY,188.80,29674,183,4
2024-11-04,Campania,Google Ads,RND_IT_GOOGLE_PMAX,226.70,16089,307,9
2024-11-04,Campania,Google Ads,RND_IT_GOOGLE_SEARCH_BRAND,162.20,5250,405,9
2024-11-04,Campania,Google Ads,RND_IT_GOOGLE_SEARCH_GENERICA,401.97,7463,327,17
2024-11-04,Campania,Google Ads,RND_IT_GOOGLE_SEARCH_LOCALE,213.23,4386,185,15
2024-11-04,Emilia-Romagna,Google Ads,RND_IT_GOOGLE_DISPLAY,164.60,29290,182,3
2024-11-04,Emilia-Romagna,Google Ads,RND_IT_GOOGLE_PMAX,371.05,27402,519,14
2024-11-04,Emilia-Romagna,Google Ads,RND_IT_GOOGLE_SEARCH_BRAND,259.37,8792,627,15
2024-11-04,Emilia-Romagna,Google Ads,RND_IT_GOOGLE_SEARCH_GENERICA,269.98,4985,277,14
2024-11-04,Emilia-Romagna,Google Ads,RND_IT_GOOGLE_SEARCH_LOCALE,156.66,3407,141,14
2024-11-04,Friuli-Venezia Giulia,Google Ads,RND_IT_GOOGLE_DISPLAY,37.84,6229,40,1
2024-11-04,Friuli-Venezia Giulia,Google Ads,RND_IT_GOOGLE_PMAX,77.07,5398,92,4
2024-11-04,Friuli-Venezia Giulia,Google Ads,RND_IT_GOOGLE_SEARCH_BRAND,42.32,1412,105,3
2024-11-04,Friuli-Venezia Giulia,Google Ads,RND_IT_GOOGLE_SEARCH_GENERICA,57.33,1024,52,4
2024-11-04,Friuli-Venezia Giulia,Google Ads,RND_IT_GOOGLE_SEARCH_LOCALE,24.68,530,23,2
2024-11-04,Lazio,Google Ads,RND_IT_GOOGLE_DISPLAY,130.74,22215,126,3
2024-11-04,Lazio,Google Ads,RND_IT_GOOGLE_PMAX,177.73,13019,295,7
2024-11-04,Lazio,Google Ads,RND_IT_GOOGLE_SEARCH_BRAND,121.10,3710,288,7
2024-11-04,Lazio,Google Ads,RND_IT_GOOGLE_SEARCH_GENERICA,348.02,6529,340,16
2024-11-04,Lazio,Google Ads,RND_IT_GOOGLE_SEARCH_LOCALE,264.41,5493,266,21
2024-11-04,Liguria,Google Ads,RND_IT_GOOGLE_DISPLAY,23.31,3837,21,1
2024-11-04,Liguria,Google Ads,RND_IT_GOOGLE_PMAX,32.23,2398,45,2
2024-11-04,Liguria,Google Ads,RND_IT_GOOGLE_SEARCH_BRAND,33.42,1156,85,2
2024-11-04,Liguria,Google Ads,RND_IT_GOOGLE_SEARCH_GENERICA,66.27,1174,62,3
2024-11-04,Liguria,Google Ads,RND_IT_GOOGLE_SEARCH_LOCALE,57.37,1162,49,6
2024-11-04,Lombardia,Google Ads,RND_IT_GOOGLE_DISPLAY,329.86,54255,312,5
2024-11-04,Lombardia,Google Ads,RND_IT_GOOGLE_PMAX,646.93,47895,904,20
2024-11-04,Lombardia,Google Ads,RND_IT_GOOGLE_SEARCH_BRAND,451.95,15127,1092,22
2024-11-04,Lombardia,Google Ads,RND_IT_GOOGLE_SEARCH_GENERICA,828.54,15670,745,28
2024-11-04,Lombardia,Google Ads,RND_IT_GOOGLE_SEARCH_LOCALE,330.57,7205,338,21
2024-11-04,Marche,Google Ads,RND_IT_GOOGLE_DISPLAY,22.53,3728,23,0
2024-11-04,Marche,Google Ads,RND_IT_GOOGLE_PMAX,90.73,6516,113,3
2024-11-04,Marche,Google Ads,RND_IT_GOOGLE_SEARCH_BRAND,56.33,1832,131,3
2024-11-04,Marche,Google Ads,RND_IT_GOOGLE_SEARCH_GENERICA,58.03,1037,49,2
2024-11-04,Marche,Google Ads,RND_IT_GOOGLE_SEARCH_LOCALE,38.49,805,36,3
2024-11-04,Molise,Google Ads,RND_IT_GOOGLE_DISPLAY,9.87,1583,9,0
2024-11-04,Molise,Google Ads,RND_IT_GOOGLE_PMAX,21.71,1609,34,1
2024-11-04,Molise,Google Ads,RND_IT_GOOGLE_SEARCH_BRAND,4.89,168,13,0
2024-11-04,Molise,Google Ads,RND_IT_GOOGLE_SEARCH_GENERICA,22.28,399,19,2
2024-11-04,Molise,Google Ads,RND_IT_GOOGLE_SEARCH_LOCALE,13.22,274,14,1
2024-11-04,Piemonte,Google Ads,RND_IT_GOOGLE_DISPLAY,116.90,18034,94,2
2024-11-04,Piemonte,Google Ads,RND_IT_GOOGLE_PMAX,292.92,20595,409,9
2024-11-04,Piemonte,Google Ads,RND_IT_GOOGLE_SEARCH_BRAND,155.37,5074,371,7
2024-11-04,Piemonte,Google Ads,RND_IT_GOOGLE_SEARCH_GENERICA,441.18,7759,381,15
2024-11-04,Piemonte,Google Ads,RND_IT_GOOGLE_SEARCH_LOCALE,221.44,4828,223,13
2024-11-04,Puglia,Google Ads,RND_IT_GOOGLE_DISPLAY,102.70,17713,107,1
2024-11-04,Puglia,Google Ads,RND_IT_GOOGLE_PMAX,201.37,15456,302,5
2024-11-04,Puglia,Google Ads,RND_IT_GOOGLE_SEARCH_BRAND,90.95,2969,216,4
2024-11-04,Puglia,Google Ads,RND_IT_GOOGLE_SEARCH_GENERICA,226.90,4011,210,7
2024-11-04,Puglia,Google Ads,RND_IT_GOOGLE_SEARCH_LOCALE,190.64,3911,167,10
2024-11-04,Sardegna,Google Ads,RND_IT_GOOGLE_DISPLAY,29.93,5069,29,1
2024-11-04,Sardegna,Google Ads,RND_IT_GOOGLE_PMAX,93.33,6714,131,3
2024-11-04,Sardegna,Google Ads,RND_IT_GOOGLE_SEARCH_BRAND,38.95,1312,89,2
2024-11-04,Sardegna,Google Ads,RND_IT_GOOGLE_SEARCH_GENERICA,87.28,1567,75,4
2024-11-04,Sardegna,Google Ads,RND_IT_GOOGLE_SEARCH_LOCALE,38.99,805,38,3
2024-11-04,Sicilia,Google Ads,RND_IT_GOOGLE_DISPLAY,90.87,14728,78,2
2024-11-04,Sicilia,Google Ads,RND_IT_GOOGLE_PMAX,224.95,16620,346,10
2024-11-04,Sicilia,Google Ads,RND_IT_GOOGLE_SEARCH_BRAND,98.42,3456,261,5
2024-11-04,Sicilia,Google Ads,RND_IT_GOOGLE_SEARCH_GENERICA,286.40,4827,252,14
2024-11-04,Sicilia,Google Ads,RND_IT_GOOGLE_SEARCH_LOCALE,169.64,3510,166,14
2024-11-04,Toscana,Google Ads,RND_IT_GOOGLE_DISPLAY,70.43,11897,72,2
2024-11-04,Toscana,Google Ads,RND_IT_GOOGLE_PMAX,190.44,13455,260,8
2024-11-04,Toscana,Google Ads,RND_IT_GOOGLE_SEARCH_BRAND,86.49,3023,224,5
2024-11-04,Toscana,Google Ads,RND_IT_GOOGLE_SEARCH_GENERICA,139.04,2510,105,6
2024-11-04,Toscana,Google Ads,RND_IT_GOOGLE_SEARCH_LOCALE,131.98,2641,116,12
2024-11-04,Trentino-Alto Adige,Google Ads,RND_IT_GOOGLE_DISPLAY,24.57,4196,24,0
2024-11-04,Trentino-Alto Adige,Google Ads,RND_IT_GOOGLE_PMAX,34.54,2504,43,1
2024-11-04,Trentino-Alto Adige,Google Ads,RND_IT_GOOGLE_SEARCH_BRAND,27.09,913,67,1
2024-11-04,Trentino-Alto Adige,Google Ads,RND_IT_GOOGLE_SEARCH_GENERICA,39.32,704,34,1
2024-11-04,Trentino-Alto Adige,Google Ads,RND_IT_GOOGLE_SEARCH_LOCALE,34.50,726,30,2
2024-11-04,Umbria,Google Ads,RND_IT_GOOGLE_DISPLAY,14.95,2441,16,0
2024-11-04,Umbria,Google Ads,RND_IT_GOOGLE_PMAX,36.12,2622,48,1
2024-11-04,Umbria,Google Ads,RND_IT_GOOGLE_SEARCH_BRAND,26.66,901,69,1
2024-11-04,Umbria,Google Ads,RND_IT_GOOGLE_SEARCH_GENERICA,64.00,1191,64,3
2024-11-04,Umbria,Google Ads,RND_IT_GOOGLE_SEARCH_LOCALE,24.70,503,23,2
2024-11-04,Valle d'Aosta,Google Ads,RND_IT_GOOGLE_DISPLAY,3.42,577,3,0
2024-11-04,Valle d'Aosta,Google Ads,RND_IT_GOOGLE_PMAX,6.49,451,8,0
2024-11-04,Valle d'Aosta,Google Ads,RND_IT_GOOGLE_SEARCH_BRAND,3.75,128,10,0
2024-11-04,Valle d'Aosta,Google Ads,RND_IT_GOOGLE_SEARCH_GENERICA,6.50,120,6,0
2024-11-04,Valle d'Aosta,Google Ads,RND_IT_GOOGLE_SEARCH_LOCALE,3.61,74,3,0
2024-11-04,Veneto,Google Ads,RND_IT_GOOGLE_DISPLAY,142.45,24459,153,2
2024-11-04,Veneto,Google Ads,RND_IT_GOOGLE_PMAX,259.61,18011,367,7
2024-11-04,Veneto,Google Ads,RND_IT_GOOGLE_SEARCH_BRAND,143.89,4615,363,5
2024-11-04,Veneto,Google Ads,RND_IT_GOOGLE_SEARCH_GENERICA,310.71,5529,260,9
2024-11-04,Veneto,Google Ads,RND_IT_GOOGLE_SEARCH_LOCALE,207.80,4238,170,10
2024-11-11,Abruzzo,Google Ads,RND_IT_GOOGLE_DISPLAY,26.92,4293,26,0
2024-11-11,Abruzzo,Google Ads,RND_IT_GOOGLE_PMAX,63.33,4496,96,1
2024-11-11,Abruzzo,Google Ads,RND_IT_GOOGLE_SEARCH_BRAND,27.50,934,73,1
2024-11-11,Abruzzo,Google Ads,RND_IT_GOOGLE_SEARCH_GENERICA,57.00,1022,49,1
2024-11-11,Abruzzo,Google Ads,RND_IT_GOOGLE_SEARCH_LOCALE,28.35,580,27,1
2024-11-11,Basilicata,Google Ads,RND_IT_GOOGLE_DISPLAY,8.95,1516,9,0
2024-11-11,Basilicata,Google Ads,RND_IT_GOOGLE_PMAX,18.24,1346,30,0
2024-11-11,Basilicata,Google Ads,RND_IT_GOOGLE_SEARCH_BRAND,16.51,538,40,0
2024-11-11,Basilicata,Google Ads,RND_IT_GOOGLE_SEARCH_GENERICA,37.54,678,27,1
2024-11-11,Basilicata,Google Ads,RND_IT_GOOGLE_SEARCH_LOCALE,18.85,383,16,1
2024-11-11,Calabria,Google Ads,RND_IT_GOOGLE_DISPLAY,42.51,7162,42,1
2024-11-11,Calabria,Google Ads,RND_IT_GOOGLE_PMAX,54.04,3648,65,1
2024-11-11,Calabria,Google Ads,RND_IT_GOOGLE_SEARCH_BRAND,51.67,1739,125,3
2024-11-11,Calabria,Google Ads,RND_IT_GOOGLE_SEARCH_GENERICA,85.17,1618,75,4
2024-11-11,Calabria,Google Ads,RND_IT_GOOGLE_SEARCH_LOCALE,54.79,1150,46,3
2024-11-11,Campania,Google Ads,RND_IT_GOOGLE_DISPLAY,160.75,28303,183,4
2024-11-11,Campania,Google Ads,RND_IT_GOOGLE_PMAX,212.41,15007,313,9
2024-11-11,Campania,Google Ads,RND_IT_GOOGLE_SEARCH_BRAND,138.04,4570,318,7
2024-11-11,Campania,Google Ads,RND_IT_GOOGLE_SEARCH_GENERICA,355.97,6313,339,18
2024-11-11,Campania,Google Ads,RND_IT_GOOGLE_SEARCH_LOCALE,194.14,4026,177,15
2024-11-11,Emilia-Romagna,Google Ads,RND_IT_GOOGLE_DISPLAY,171.15,29002,183,4
2024-11-11,Emilia-Romagna,Google Ads,RND_IT_GOOGLE_PMAX,313.67,23286,446,12
2024-11-11,Emilia-Romagna,Google Ads,RND_IT_GOOGLE_SEARCH_BRAND,223.78,7571,544,14
2024-11-11,Emilia-Romagna,Google Ads,RND_IT_GOOGLE_SEARCH_GENERICA,239.45,4260,204,12
2024-11-11,Emilia-Romagna,Google Ads,RND_IT_GOOGLE_SEARCH_LOCALE,161.67,3373,165,14
2024-11-11,Friuli-Venezia Giulia,Google Ads,RND_IT_GOOGLE_DISPLAY,39.64,6525,35,1
2024-11-11,Friuli-Venezia Giulia,Google Ads,RND_IT_GOOGLE_PMAX,79.20,5448,131,5
2024-11-11,Friuli-Venezia Giulia,Google Ads,RND_IT_GOOGLE_SEARCH_BRAND,34.00,1137,85,3
2024-11-11,Friuli-Venezia Giulia,Google Ads,RND_IT_GOOGLE_SEARCH_GENERICA,47.57,836,40,3
2024-11-11,Friuli-Venezia Giulia,Google Ads,RND_IT_GOOGLE_SEARCH_LOCALE,24.31,542,26,3
2024-11-11,Lazio,Google Ads,RND_IT_GOOGLE_DISPLAY,159.26,26308,144,4
2024-11-11,Lazio,Google Ads,RND_IT_GOOGLE_PMAX,171.16,12685,278,8
2024-11-11,Lazio,Google Ads,RND_IT_GOOGLE_SEARCH_BRAND,108.31,3277,232,6
2024-11-11,Lazio,Google Ads,RND_IT_GOOGLE_SEARCH_GENERICA,394.01,6845,286,20
2024-11-11,Lazio,Google Ads,RND_IT_GOOGLE_SEARCH_LOCALE,238.32,4942,237,24
2024-11-11,Liguria,Google Ads,RND_IT_GOOGLE_DISPLAY,21.41,3785,21,1
2024-11-11,Liguria,Google Ads,RND_IT_GOOGLE_PMAX,33.53,2314,52,2
2024-11-11,Liguria,Google Ads,RND_IT_GOOGLE_SEARCH_BRAND,37.54,1258,95,2
2024-11-11,Liguria,Google Ads,RND_IT_GOOGLE_SEARCH_GENERICA,71.03,1303,58,4
2024-11-11,Liguria,Google Ads,RND_IT_GOOGLE_SEARCH_LOCALE,48.28,1024,47,4
2024-11-11,Lombardia,Google Ads,RND_IT_GOOGLE_DISPLAY,355.19,58568,377,6
2024-11-11,Lombardia,Google Ads,RND_IT_GOOGLE_PMAX,682.14,47384,1001,24
2024-11-11,Lombardia,Google Ads,RND_IT_GOOGLE_SEARCH_BRAND,458.66,15583,1090,24
2024-11-11,Lombardia,Google Ads,RND_IT_GOOGLE_SEARCH_GENERICA,848.14,15515,840,33
2024-11-11,Lombardia,Google Ads,RND_IT_GOOGLE_SEARCH_LOCALE,335.15,7133,334,21
2024-11-11,Marche,Google Ads,RND_IT_GOOGLE_DISPLAY,24.10,4087,22,1
2024-11-11,Marche,Google Ads,RND_IT_GOOGLE_PMAX,87.05,6190,127,3
2024-11-11,Marche,Google Ads,RND_IT_GOOGLE_SEARCH_BRAND,50.34,1700,113,2
2024-11-11,Marche,Google Ads,RND_IT_GOOGLE_SEARCH_GENERICA,50.23,948,49,2
2024-11-11,Marche,Google Ads,RND_IT_GOOGLE_SEARCH_LOCALE,39.67,825,37,3
2024-11-11,Molise,Google Ads,RND_IT_GOOGLE_DISPLAY,9.12,1510,10,0
2024-11-11,Molise,Google Ads,RND_IT_GOOGLE_PMAX,19.95,1505,29,1
2024-11-11,Molise,Google Ads,RND_IT_GOOGLE_SEARCH_BRAND,4.90,163,13,0
2024-11-11,Molise,Google Ads,RND_IT_GOOGLE_SEARCH_GENERICA,19.18,360,16,1
2024-11-11,Molise,Google Ads,RND_IT_GOOGLE_SEARCH_LOCALE,10.62,223,9,1
2024-11-11,Piemonte,Google Ads,RND_IT_GOOGLE_DISPLAY,103.84,17868,110,2
2024-11-11,Piemonte,Google Ads,RND_IT_GOOGLE_PMAX,332.73,23310,447,10
2024-11-11,Piemonte,Google Ads,RND_IT_GOOGLE_SEARCH_BRAND,138.24,4835,351,6
2024-11-11,Piemonte,Google Ads,RND_IT_GOOGLE_SEARCH_GENERICA,451.08,8791,420,18
2024-11-11,Piemonte,Google Ads,RND_IT_GOOGLE_SEARCH_LOCALE,195.78,4081,172,12
2024-11-11,Puglia,Google Ads,RND_IT_GOOGLE_DISPLAY,105.17,18123,110,1
2024-11-11,Puglia,Google Ads,RND_IT_GOOGLE_PMAX,220.19,14910,282,6
2024-11-11,Puglia,Google Ads,RND_IT_GOOGLE_SEARCH_BRAND,93.54,3147,222,4
2024-11-11,Puglia,Google Ads,RND_IT_GOOGLE_SEARCH_GENERICA,266.48,4834,241,8
2024-11-11,Puglia,Google Ads,RND_IT_GOOGLE_SEARCH_LOCALE,143.22,3002,129,8
2024-11-11,Sardegna,Google Ads,RND_IT_GOOGLE_DISPLAY,37.40,6229,36,1
2024-11-11,Sardegna,Google Ads,RND_IT_GOOGLE_PMAX,88.94,6086,127,4
2024-11-11,Sardegna,Google Ads,RND_IT_GOOGLE_SEARCH_BRAND,41.09,1388,96,2
2024-11-11,Sardegna,Google Ads,RND_IT_GOOGLE_SEARCH_GENERICA,83.27,1502,69,4
2024-11-11,Sardegna,Google Ads,RND_IT_GOOGLE_SEARCH_LOCALE,37.90,776,38,3
2024-11-11,Sicilia,Google Ads,RND_IT_GOOGLE_DISPLAY,95.99,15804,103,2
2024-11-11,Sicilia,Google Ads,RND_IT_GOOGLE_PMAX,231.00,16961,376,10
2024-11-11,Sicilia,Google Ads,RND_IT_GOOGLE_SEARCH_BRAND,88.16,3031,234,6
2024-11-11,Sicilia,Google Ads,RND_IT_GOOGLE_SEARCH_GENERICA,324.00,5661,243,16
2024-11-11,Sicilia,Google Ads,RND_IT_GOOGLE_SEARCH_LOCALE,178.83,3670,178,17
2024-11-11,Toscana,Google Ads,RND_IT_GOOGLE_DISPLAY,65.10,10709,65,2
2024-11-11,Toscana,Google Ads,RND_IT_GOOGLE_PMAX,199.44,13667,267,8
2024-11-11,Toscana,Google Ads,RND_IT_GOOGLE_SEARCH_BRAND,85.73,2889,237,5
2024-11-11,Toscana,Google Ads,RND_IT_GOOGLE_SEARCH_GENERICA,134.54,2497,123,7
2024-11-11,Toscana,Google Ads,RND_IT_GOOGLE_SEARCH_LOCALE,113.41,2364,98,10
2024-11-11,Trentino-Alto Adige,Google Ads,RND_IT_GOOGLE_DISPLAY,25.62,4048,22,0
2024-11-11,Trentino-Alto Adige,Google Ads,RND_IT_GOOGLE_PMAX,34.12,2524,48,1
2024-11-11,Trentino-Alto Adige,Google Ads,RND_IT_GOOGLE_SEARCH_BRAND,21.17,687,50,1
2024-11-11,Trentino-Alto Adige,Google Ads,RND_IT_GOOGLE_SEARCH_GENERICA,40.03,730,38,2
2024-11-11,Trentino-Alto Adige,Google Ads,RND_IT_GOOGLE_SEARCH_LOCALE,34.09,668,30,2
2024-11-11,Umbria,Google Ads,RND_IT_GOOGLE_DISPLAY,13.91,2326,13,0
2024-11-11,Umbria,Google Ads,RND_IT_GOOGLE_PMAX,31.23,2235,40,1
2024-11-11,Umbria,Google Ads,RND_IT_GOOGLE_SEARCH_BRAND,26.84,829,61,1
2024-11-11,Umbria,Google Ads,RND_IT_GOOGLE_SEARCH_GENERICA,67.95,1260,66,3
2024-11-11,Umbria,Google Ads,RND_IT_GOOGLE_SEARCH_LOCALE,32.26,702,31,2
2024-11-11,Valle d'Aosta,Google Ads,RND_IT_GOOGLE_DISPLAY,3.33,556,3,0
2024-11-11,Valle d'Aosta,Google Ads,RND_IT_GOOGLE_PMAX,6.38,456,9,0
2024-11-11,Valle d'Aosta,Google Ads,RND_IT_GOOGLE_SEARCH_BRAND,4.02,132,11,0
2024-11-11,Valle d'Aosta,Google Ads,RND_IT_GOOGLE_SEARCH_GENERICA,6.24,110,6,0
2024-11-11,Valle d'Aosta,Google Ads,RND_IT_GOOGLE_SEARCH_LOCALE,3.92,87,4,0
2024-11-11,Veneto,Google Ads,RND_IT_GOOGLE_DISPLAY,146.89,23882,155,2
2024-11-11,Veneto,Google Ads,RND_IT_GOOGLE_PMAX,290.62,20943,455,9
2024-11-11,Veneto,Google Ads,RND_IT_GOOGLE_SEARCH_BRAND,148.49,5063,332,6
2024-11-11,Veneto,Google Ads,RND_IT_GOOGLE_SEARCH_GENERICA,293.12,5386,240,11
2024-11-11,Veneto,Google Ads,RND_IT_GOOGLE_SEARCH_LOCALE,213.08,4462,193,12
2024-11-18,Abruzzo,Google Ads,RND_IT_GOOGLE_DISPLAY,29.31,4617,30,0
2024-11-18,Abruzzo,Google Ads,RND_IT_GOOGLE_PMAX,67.52,4707,103,1
2024-11-18,Abruzzo,Google Ads,RND_IT_GOOGLE_SEARCH_BRAND,30.35,1001,85,1
2024-11-18,Abruzzo,Google Ads,RND_IT_GOOGLE_SEARCH_GENERICA,66.56,1218,61,2
2024-11-18,Abruzzo,Google Ads,RND_IT_GOOGLE_SEARCH_LOCALE,30.15,641,32,1
2024-11-18,Basilicata,Google Ads,RND_IT_GOOGLE_DISPLAY,7.36,1234,8,0
2024-11-18,Basilicata,Google Ads,RND_IT_GOOGLE_PMAX,20.88,1498,33,0
2024-11-18,Basilicata,Google Ads,RND_IT_GOOGLE_SEARCH_BRAND,13.54,462,41,0
2024-11-18,Basilicata,Google Ads,RND_IT_GOOGLE_SEARCH_GENERICA,35.27,644,32,1
2024-11-18,Basilicata,Google Ads,RND_IT_GOOGLE_SEARCH_LOCALE,15.49,333,15,1
2024-11-18,Calabria,Google Ads,RND_IT_GOOGLE_DISPLAY,49.90,8399,50,1
2024-11-18,Calabria,Google Ads,RND_IT_GOOGLE_PMAX,72.43,4989,103,3
2024-11-18,Calabria,Google Ads,RND_IT_GOOGLE_SEARCH_BRAND,46.41,1554,94,2
2024-11-18,Calabria,Google Ads,RND_IT_GOOGLE_SEARCH_GENERICA,97.07,1729,86,4
2024-11-18,Calabria,Google Ads,RND_IT_GOOGLE_SEARCH_LOCALE,42.46,849,39,3
2024-11-18,Campania,Google Ads,RND_IT_GOOGLE_DISPLAY,162.63,27425,148,4
2024-11-18,Campania,Google Ads,RND_IT_GOOGLE_PMAX,241.25,17930,361,10
2024-11-18,Campania,Google Ads,RND_IT_GOOGLE_SEARCH_BRAND,124.04,4295,320,8
2024-11-18,Campania,Google Ads,RND_IT_GOOGLE_SEARCH_GENERICA,342.81,6455,318,16
2024-11-18,Campania,Google Ads,RND_IT_GOOGLE_SEARCH_LOCALE,181.83,3894,178,16
2024-11-18,Emilia-Romagna,Google Ads,RND_IT_GOOGLE_DISPLAY,177.74,28744,160,4
2024-11-18,Emilia-Romagna,Google Ads,RND_IT_GOOGLE_PMAX,314.92,21801,475,13
2024-11-18,Emilia-Romagna,Google Ads,RND_IT_GOOGLE_SEARCH_BRAND,192.29,6353,452,11
2024-11-18,Emilia-Romagna,Google Ads,RND_IT_GOOGLE_SEARCH_GENERICA,268.38,5180,247,15
2024-11-18,Emilia-Romagna,Google Ads,RND_IT_GOOGLE_SEARCH_LOCALE,155.53,3199,134,15
2024-11-18,Friuli-Venezia Giulia,Google Ads,RND_IT_GOOGLE_DISPLAY,38.37,6471,36,1
2024-11-18,Friuli-Venezia Giulia,Google Ads,RND_IT_GOOGLE_PMAX,73.35,5308,98,4
2024-11-18,Friuli-Venezia Giulia,Google Ads,RND_IT_GOOGLE_SEARCH_BRAND,28.15,952,70,2
2024-11-18,Friuli-Venezia Giulia,Google Ads,RND_IT_GOOGLE_SEARCH_GENERICA,52.35,920,36,3
2024-11-18,Friuli-Venezia Giulia,Google Ads,RND_IT_GOOGLE_SEARCH_LOCALE,26.07,580,26,3
2024-11-18,Lazio,Google Ads,RND_IT_GOOGLE_DISPLAY,168.04,27856,167,4
2024-11-18,Lazio,Google Ads,RND_IT_GOOGLE_PMAX,140.28,9709,188,7
2024-11-18,Lazio,Google Ads,RND_IT_GOOGLE_SEARCH_BRAND,94.60,3201,233,7
2024-11-18,Lazio,Google Ads,RND_IT_GOOGLE_SEARCH_GENERICA,377.47,7011,379,23
2024-11-18,Lazio,Google Ads,RND_IT_GOOGLE_SEARCH_LOCALE,217.27,4501,218,21
2024-11-18,Liguria,Google Ads,RND_IT_GOOGLE_DISPLAY,23.75,4061,27,1
2024-11-18,Liguria,Google Ads,RND_IT_GOOGLE_PMAX,34.00,2390,54,2
2024-11-18,Liguria,Google Ads,RND_IT_GOOGLE_SEARCH_BRAND,34.08,1187,94,2
2024-11-18,Liguria,Google Ads,RND_IT_GOOGLE_SEARCH_GENERICA,70.67,1174,60,4
2024-11-18,Liguria,Google Ads,RND_IT_GOOGLE_SEARCH_LOCALE,47.64,1020,51,5
2024-11-18,Lombardia,Google Ads,RND_IT_GOOGLE_DISPLAY,427.47,69161,455,8
2024-11-18,Lombardia,Google Ads,RND_IT_GOOGLE_PMAX,662.49,46790,865,25
2024-11-18,Lombardia,Google Ads,RND_IT_GOOGLE_SEARCH_BRAND,439.20,13890,1034,22
2024-11-18,Lombardia,Google Ads,RND_IT_GOOGLE_SEARCH_GENERICA,802.32,14880,667,32
2024-11-18,Lombardia,Google Ads,RND_IT_GOOGLE_SEARCH_LOCALE,344.81,7145,296,22
2024-11-18,Marche,Google Ads,RND_IT_GOOGLE_DISPLAY,29.26,5045,29,1
2024-11-18,Marche,Google Ads,RND_IT_GOOGLE_PMAX,79.42,6180,123,4
2024-11-18,Marche,Google Ads,RND_IT_GOOGLE_SEARCH_BRAND,41.62,1368,96,2
2024-11-18,Marche,Google Ads,RND_IT_GOOGLE_SEARCH_GENERICA,55.49,952,49,3
2024-11-18,Marche,Google Ads,RND_IT_GOOGLE_SEARCH_LOCALE,37.85,841,34,3
2024-11-18,Molise,Google Ads,RND_IT_GOOGLE_DISPLAY,9.81,1710,9,0
2024-11-18,Molise,Google Ads,RND_IT_GOOGLE_PMAX,15.48,1105,23,1
2024-11-18,Molise,Google Ads,RND_IT_GOOGLE_SEARCH_BRAND,4.92,168,12,0
2024-11-18,Molise,Google Ads,RND_IT_GOOGLE_SEARCH_GENERICA,19.54,350,17,1
2024-11-18,Molise,Google Ads,RND_IT_GOOGLE_SEARCH_LOCALE,10.80,222,10,1
2024-11-18,Piemonte,Google Ads,RND_IT_GOOGLE_DISPLAY,113.78,19030,105,2
2024-11-18,Piemonte,Google Ads,RND_IT_GOOGLE_PMAX,287.57,20034,403,10
2024-11-18,Piemonte,Google Ads,RND_IT_GOOGLE_SEARCH_BRAND,111.30,3882,302,5
2024-11-18,Piemonte,Google Ads,RND_IT_GOOGLE_SEARCH_GENERICA,489.49,8549,415,16
2024-11-18,Piemonte,Google Ads,RND_IT_GOOGLE_SEARCH_LOCALE,174.73,3768,183,12
2024-11-18,Puglia,Google Ads,RND_IT_GOOGLE_DISPLAY,117.89,19886,129,2
2024-11-18,Puglia,Google Ads,RND_IT_GOOGLE_PMAX,222.80,15702,339,7
2024-11-18,Puglia,Google Ads,RND_IT_GOOGLE_SEARCH_BRAND,87.92,2952,203,4
2024-11-18,Puglia,Google Ads,RND_IT_GOOGLE_SEARCH_GENERICA,232.56,4201,199,9
2024-11-18,Puglia,Google Ads,RND_IT_GOOGLE_SEARCH_LOCALE,145.27,3083,142,10
2024-11-18,Sardegna,Google Ads,RND_IT_GOOGLE_DISPLAY,38.55,6576,40,1
2024-11-18,Sardegna,Google Ads,RND_IT_GOOGLE_PMAX,78.86,5379,119,4
2024-11-18,Sardegna,Google Ads,RND_IT_GOOGLE_SEARCH_BRAND,33.04,1092,72,2
2024-11-18,Sardegna,Google Ads,RND_IT_GOOGLE_SEARCH_GENERICA,73.21,1365,71,3
2024-11-18,Sardegna,Google Ads,RND_IT_GOOGLE_SEARCH_LOCALE,38.98,822,39,4
2024-11-18,Sicilia,Google Ads,RND_IT_GOOGLE_DISPLAY,91.58,14793,87,2
2024-11-18,Sicilia,Google Ads,RND_IT_GOOGLE_PMAX,239.12,16997,351,12
2024-11-18,Sicilia,Google Ads,RND_IT_GOOGLE_SEARCH_BRAND,88.60,3020,258,6
2024-11-18,Sicilia,Google Ads,RND_IT_GOOGLE_SEARCH_GENERICA,266.84,4581,216,12
2024-11-18,Sicilia,Google Ads,RND_IT_GOOGLE_SEARCH_LOCALE,152.66,3202,130,15
2024-11-18,Toscana,Google Ads,RND_IT_GOOGLE_DISPLAY,90.20,14814,86,2
2024-11-18,Toscana,Google Ads,RND_IT_GOOGLE_PMAX,191.73,14456,317,10
2024-11-18,Toscana,Google Ads,RND_IT_GOOGLE_SEARCH_BRAND,93.10,3184,228,7
2024-11-18,Toscana,Google Ads,RND_IT_GOOGLE_SEARCH_GENERICA,114.27,2055,95,6
2024-11-18,Toscana,Google Ads,RND_IT_GOOGLE_SEARCH_LOCALE,119.71,2444,106,13
2024-11-18,Trentino-Alto Adige,Google Ads,RND_IT_GOOGLE_DISPLAY,32.01,5364,30,1
2024-11-18,Trentino-Alto Adige,Google Ads,RND_IT_GOOGLE_PMAX,35.78,2582,48,1
2024-11-18,Trentino-Alto Adige,Google Ads,RND_IT_GOOGLE_SEARCH_BRAND,19.44,641,48,1
2024-11-18,Trentino-Alto Adige,Google Ads,RND_IT_GOOGLE_SEARCH_GENERICA,41.71,747,40,2
2024-11-18,Trentino-Alto Adige,Google Ads,RND_IT_GOOGLE_SEARCH_LOCALE,33.79,649,25,2
2024-11-18,Umbria,Google Ads,RND_IT_GOOGLE_DISPLAY,15.93,2817,15,0
2024-11-18,Umbria,Google Ads,RND_IT_GOOGLE_PMAX,36.34,2666,53,1
2024-11-18,Umbria,Google Ads,RND_IT_GOOGLE_SEARCH_BRAND,18.96,638,47,1
2024-11-18,Umbria,Google Ads,RND_IT_GOOGLE_SEARCH_GENERICA,54.80,1044,52,3
2024-11-18,Umbria,Google Ads,RND_IT_GOOGLE_SEARCH_LOCALE,29.75,640,29,2
2024-11-18,Valle d'Aosta,Google Ads,RND_IT_GOOGLE_DISPLAY,3.05,490,3,0
2024-11-18,Valle d'Aosta,Google Ads,RND_IT_GOOGLE_PMAX,5.41,376,9,0
2024-11-18,Valle d'Aosta,Google Ads,RND_IT_GOOGLE_SEARCH_BRAND,3.27,113,9,0
2024-11-18,Valle d'Aosta,Google Ads,RND_IT_GOOGLE_SEARCH_GENERICA,6.33,117,6,0
2024-11-18,Valle d'Aosta,Google Ads,RND_IT_GOOGLE_SEARCH_LOCALE,3.13,64,2,0
2024-11-18,Veneto,Google Ads,RND_IT_GOOGLE_DISPLAY,154.35,26988,181,2
2024-11-18,Veneto,Google Ads,RND_IT_GOOGLE_PMAX,271.44,19270,438,7
2024-11-18,Veneto,Google Ads,RND_IT_GOOGLE_SEARCH_BRAND,155.04,5461,460,6
2024-11-18,Veneto,Google Ads,RND_IT_GOOGLE_SEARCH_GENERICA,299.19,5248,275,9
2024-11-18,Veneto,Google Ads,RND_IT_GOOGLE_SEARCH_LOCALE,208.67,4500,221,14
2024-11-25,Abruzzo,Google Ads,RND_IT_GOOGLE_DISPLAY,27.04,4481,25,0
2024-11-25,Abruzzo,Google Ads,RND_IT_GOOGLE_PMAX,56.68,4073,74,1
2024-11-25,Abruzzo,Google Ads,RND_IT_GOOGLE_SEARCH_BRAND,24.20,825,64,1
2024-11-25,Abruzzo,Google Ads,RND_IT_GOOGLE_SEARCH_GENERICA,56.56,1014,48,2
2024-11-25,Abruzzo,Google Ads,RND_IT_GOOGLE_SEARCH_LOCALE,18.17,383,19,1
2024-11-25,Basilicata,Google Ads,RND_IT_GOOGLE_DISPLAY,7.71,1284,7,0
2024-11-25,Basilicata,Google Ads,RND_IT_GOOGLE_PMAX,18.42,1287,26,0
2024-11-25,Basilicata,Google Ads,RND_IT_GOOGLE_SEARCH_BRAND,11.37,379,25,0
2024-11-25,Basilicata,Google Ads,RND_IT_GOOGLE_SEARCH_GENERICA,31.49,599,29,1
2024-11-25,Basilicata,Google Ads,RND_IT_GOOGLE_SEARCH_LOCALE,10.91,235,11,0
2024-11-25,Calabria,Google Ads,RND_IT_GOOGLE_DISPLAY,37.72,6516,40,1
2024-11-25,Calabria,Google Ads,RND_IT_GOOGLE_PMAX,66.07,4776,96,2
2024-11-25,Calabria,Google Ads,RND_IT_GOOGLE_SEARCH_BRAND,39.82,1325,90,2
2024-11-25,Calabria,Google Ads,RND_IT_GOOGLE_SEARCH_GENERICA,85.71,1592,81,4
2024-11-25,Calabria,Google Ads,RND_IT_GOOGLE_SEARCH_LOCALE,26.73,570,23,2
2024-11-25,Campania,Google Ads,RND_IT_GOOGLE_DISPLAY,142.51,25192,150,4
2024-11-25,Campania,Google Ads,RND_IT_GOOGLE_PMAX,224.14,16305,336,10
2024-11-25,Campania,Google Ads,RND_IT_GOOGLE_SEARCH_BRAND,103.74,3516,256,6
2024-11-25,Campania,Google Ads,RND_IT_GOOGLE_SEARCH_GENERICA,246.35,4356,194,16
2024-11-25,Campania,Google Ads,RND_IT_GOOGLE_SEARCH_LOCALE,135.64,2617,121,11
2024-11-25,Emilia-Romagna,Google Ads,RND_IT_GOOGLE_DISPLAY,163.01,27512,172,4
2024-11-25,Emilia-Romagna,Google Ads,RND_IT_GOOGLE_PMAX,216.48,15714,342,10
2024-11-25,Emilia-Romagna,Google Ads,RND_IT_GOOGLE_SEARCH_BRAND,169.02,5615,413,13
2024-11-25,Emilia-Romagna,Google Ads,RND_IT_GOOGLE_SEARCH_GENERICA,217.31,3919,199,14
2024-11-25,Emilia-Romagna,Google Ads,RND_IT_GOOGLE_SEARCH_LOCALE,108.52,2303,117,9
2024-11-25,Friuli-Venezia Giulia,Google Ads,RND_IT_GOOGLE_DISPLAY,34.48,5947,38,1
2024-11-25,Friuli-Venezia Giulia,Google Ads,RND_IT_GOOGLE_PMAX,65.93,4688,106,4
2024-11-25,Friuli-Venezia Giulia,Google Ads,RND_IT_GOOGLE_SEARCH_BRAND,23.55,789,52,2
2024-11-25,Friuli-Venezia Giulia,Google Ads,RND_IT_GOOGLE_SEARCH_GENERICA,50.23,907,43,3
2024-11-25,Friuli-Venezia Giulia,Google Ads,RND_IT_GOOGLE_SEARCH_LOCALE,18.82,388,18,2
2024-11-25,Lazio,Google Ads,RND_IT_GOOGLE_DISPLAY,141.67,22959,126,4
2024-11-25,Lazio,Google Ads,RND_IT_GOOGLE_PMAX,137.83,10167,204,6
2024-11-25,Lazio,Google Ads,RND_IT_GOOGLE_SEARCH_BRAND,84.75,2735,217,6
2024-11-25,Lazio,Google Ads,RND_IT_GOOGLE_SEARCH_GENERICA,368.72,6596,350,20
2024-11-25,Lazio,Google Ads,RND_IT_GOOGLE_SEARCH_LOCALE,165.27,3564,174,16
2024-11-25,Liguria,Google Ads,RND_IT_GOOGLE_DISPLAY,22.92,3760,25,1
2024-11-25,Liguria,Google Ads,RND_IT_GOOGLE_PMAX,29.67,2103,45,1
2024-11-25,Liguria,Google Ads,RND_IT_GOOGLE_SEARCH_BRAND,26.03,901,62,2
2024-11-25,Liguria,Google Ads,RND_IT_GOOGLE_SEARCH_GENERICA,73.03,1260,65,4
2024-11-25,Liguria,Google Ads,RND_IT_GOOGLE_SEARCH_LOCALE,31.11,660,29,3
2024-11-25,Lombardia,Google Ads,RND_IT_GOOGLE_DISPLAY,438.75,70158,411,9
2024-11-25,Lombardia,Google Ads,RND_IT_GOOGLE_PMAX,441.68,31218,653,18
2024-11-25,Lombardia,Google Ads,RND_IT_GOOGLE_SEARCH_BRAND,346.90,11168,925,19
2024-11-25,Lombardia,Google Ads,RND_IT_GOOGLE_SEARCH_GENERICA,638.03,11365,585,33
2024-11-25,Lombardia,Google Ads,RND_IT_GOOGLE_SEARCH_LOCALE,228.22,4840,205,20
2024-11-25,Marche,Google Ads,RND_IT_GOOGLE_DISPLAY,24.77,4065,25,1
2024-11-25,Marche,Google Ads,RND_IT_GOOGLE_PMAX,65.95,4915,98,3
2024-11-25,Marche,Google Ads,RND_IT_GOOGLE_SEARCH_BRAND,30.59,1006,85,2
2024-11-25,Marche,Google Ads,RND_IT_GOOGLE_SEARCH_GENERICA,50.86,963,43,3
2024-11-25,Marche,Google Ads,RND_IT_GOOGLE_SEARCH_LOCALE,30.32,627,28,3
2024-11-25,Molise,Google Ads,RND_IT_GOOGLE_DISPLAY,8.36,1418,8,0
2024-11-25,Molise,Google Ads,RND_IT_GOOGLE_PMAX,13.20,911,16,1
2024-11-25,Molise,Google Ads,RND_IT_GOOGLE_SEARCH_BRAND,3.65,122,9,0
2024-11-25,Molise,Google Ads,RND_IT_GOOGLE_SEARCH_GENERICA,15.84,285,14,1
2024-11-25,Molise,Google Ads,RND_IT_GOOGLE_SEARCH_LOCALE,7.44,151,6,1
2024-11-25,Piemonte,Google Ads,RND_IT_GOOGLE_DISPLAY,92.90,15582,100,1
2024-11-25,Piemonte,Google Ads,RND_IT_GOOGLE_PMAX,281.98,19112,410,9
2024-11-25,Piemonte,Google Ads,RND_IT_GOOGLE_SEARCH_BRAND,104.46,3690,285,5
2024-11-25,Piemonte,Google Ads,RND_IT_GOOGLE_SEARCH_GENERICA,484.32,8778,403,17
2024-11-25,Piemonte,Google Ads,RND_IT_GOOGLE_SEARCH_LOCALE,107.06,2201,115,6
2024-11-25,Puglia,Google Ads,RND_IT_GOOGLE_DISPLAY,103.04,18062,90,2
2024-11-25,Puglia,Google Ads,RND_IT_GOOGLE_PMAX,193.78,13481,281,7
2024-11-25,Puglia,Google Ads,RND_IT_GOOGLE_SEARCH_BRAND,68.17,2243,154,3
2024-11-25,Puglia,Google Ads,RND_IT_GOOGLE_SEARCH_GENERICA,215.03,3926,196,9
2024-11-25,Puglia,Google Ads,RND_IT_GOOGLE_SEARCH_LOCALE,108.14,2131,97,7
2024-11-25,Sardegna,Google Ads,RND_IT_GOOGLE_DISPLAY,30.20,5344,34,1
2024-11-25,Sardegna,Google Ads,RND_IT_GOOGLE_PMAX,66.48,4804,99,3
2024-11-25,Sardegna,Google Ads,RND_IT_GOOGLE_SEARCH_BRAND,28.58,934,73,2
2024-11-25,Sardegna,Google Ads,RND_IT_GOOGLE_SEARCH_GENERICA,72.24,1401,59,4
2024-11-25,Sardegna,Google Ads,RND_IT_GOOGLE_SEARCH_LOCALE,27.15,556,27,3
2024-11-25,Sicilia,Google Ads,RND_IT_GOOGLE_DISPLAY,100.24,16638,94,3
2024-11-25,Sicilia,Google Ads,RND_IT_GOOGLE_PMAX,174.87,12972,242,8
2024-11-25,Sicilia,Google Ads,RND_IT_GOOGLE_SEARCH_BRAND,68.70,2252,163,6
2024-11-25,Sicilia,Google Ads,RND_IT_GOOGLE_SEARCH_GENERICA,253.14,4604,205,15
2024-11-25,Sicilia,Google Ads,RND_IT_GOOGLE_SEARCH_LOCALE,115.18,2294,100,12
2024-11-25,Toscana,Google Ads,RND_IT_GOOGLE_DISPLAY,78.49,12814,77,2
2024-11-25,Toscana,Google Ads,RND_IT_GOOGLE_PMAX,168.51,11798,268,9
2024-11-25,Toscana,Google Ads,RND_IT_GOOGLE_SEARCH_BRAND,63.44,2220,154,5
2024-11-25,Toscana,Google Ads,RND_IT_GOOGLE_SEARCH_GENERICA,124.64,2340,127,7
2024-11-25,Toscana,Google Ads,RND_IT_GOOGLE_SEARCH_LOCALE,81.73,1629,65,8
2024-11-25,Trentino-Alto Adige,Google Ads,RND_IT_GOOGLE_DISPLAY,32.44,5596,36,1
2024-11-25,Trentino-Alto Adige,Google Ads,RND_IT_GOOGLE_PMAX,31.34,2360,48,1
2024-11-25,Trentino-Alto Adige,Google Ads,RND_IT_GOOGLE_SEARCH_BRAND,15.86,484,36,1
2024-11-25,Trentino-Alto Adige,Google Ads,RND_IT_GOOGLE_SEARCH_GENERICA,40.40,721,37,2
2024-11-25,Trentino-Alto Adige,Google Ads,RND_IT_GOOGLE_SEARCH_LOCALE,20.92,437,22,2
2024-11-25,Umbria,Google Ads,RND_IT_GOOGLE_DISPLAY,18.05,3123,18,0
2024-11-25,Umbria,Google Ads,RND_IT_GOOGLE_PMAX,29.32,2096,39,1
2024-11-25,Umbria,Google Ads,RND_IT_GOOGLE_SEARCH_BRAND,18.49,598,43,1
2024-11-25,Umbria,Google Ads,RND_IT_GOOGLE_SEARCH_GENERICA,53.68,968,47,3
2024-11-25,Umbria,Google Ads,RND_IT_GOOGLE_SEARCH_LOCALE,21.16,448,19,2
2024-11-25,Valle d'Aosta,Google Ads,RND_IT_GOOGLE_DISPLAY,2.78,469,3,0
2024-11-25,Valle d'Aosta,Google Ads,RND_IT_GOOGLE_PMAX,4.77,340,6,0
2024-11-25,Valle d'Aosta,Google Ads,RND_IT_GOOGLE_SEARCH_BRAND,2.73,98,7,0
2024-11-25,Valle d'Aosta,Google Ads,RND_IT_GOOGLE_SEARCH_GENERICA,5.79,105,5,0
2024-11-25,Valle d'Aosta,Google Ads,RND_IT_GOOGLE_SEARCH_LOCALE,1.80,37,2,0
2024-11-25,Veneto,Google Ads,RND_IT_GOOGLE_DISPLAY,135.79,23111,135,3
2024-11-25,Veneto,Google Ads,RND_IT_GOOGLE_PMAX,219.42,15273,320,8
2024-11-25,Veneto,Google Ads,RND_IT_GOOGLE_SEARCH_BRAND,101.75,3452,276,5
2024-11-25,Veneto,Google Ads,RND_IT_GOOGLE_SEARCH_GENERICA,258.08,4583,212,11
2024-11-25,Veneto,Google Ads,RND_IT_GOOGLE_SEARCH_LOCALE,132.80,2725,126,9
2024-12-02,Abruzzo,Google Ads,RND_IT_GOOGLE_DISPLAY,29.34,4971,29,0
2024-12-02,Abruzzo,Google Ads,RND_IT_GOOGLE_PMAX,47.54,3594,75,1
2024-12-02,Abruzzo,Google Ads,RND_IT_GOOGLE_SEARCH_BRAND,19.73,636,45,1
2024-12-02,Abruzzo,Google Ads,RND_IT_GOOGLE_SEARCH_GENERICA,57.75,1044,53,2
2024-12-02,Abruzzo,Google Ads,RND_IT_GOOGLE_SEARCH_LOCALE,16.06,325,15,1
2024-12-02,Abruzzo,Google Ads,RND_IT_GOOGLE_VIDEO_YOUTUBE,16.54,1843,13,0
2024-12-02,Basilicata,Google Ads,RND_IT_GOOGLE_DISPLAY,7.70,1245,7,0
2024-12-02,Basilicata,Google Ads,RND_IT_GOOGLE_PMAX,15.16,1078,21,0
2024-12-02,Basilicata,Google Ads,RND_IT_GOOGLE_SEARCH_BRAND,11.93,397,33,0
2024-12-02,Basilicata,Google Ads,RND_IT_GOOGLE_SEARCH_GENERICA,31.71,592,29,1
2024-12-02,Basilicata,Google Ads,RND_IT_GOOGLE_SEARCH_LOCALE,8.48,175,7,0
2024-12-02,Basilicata,Google Ads,RND_IT_GOOGLE_VIDEO_YOUTUBE,5.54,615,5,0
2024-12-02,Calabria,Google Ads,RND_IT_GOOGLE_DISPLAY,39.08,6275,38,1
2024-12-02,Calabria,Google Ads,RND_IT_GOOGLE_PMAX,43.55,2986,62,2
2024-12-02,Calabria,Google Ads,RND_IT_GOOGLE_SEARCH_BRAND,32.49,1085,74,2
2024-12-02,Calabria,Google Ads,RND_IT_GOOGLE_SEARCH_GENERICA,79.95,1419,79,4
2024-12-02,Calabria,Google Ads,RND_IT_GOOGLE_SEARCH_LOCALE,28.72,584,26,2
2024-12-02,Calabria,Google Ads,RND_IT_GOOGLE_VIDEO_YOUTUBE,32.93,3643,30,1
2024-12-02,Campania,Google Ads,RND_IT_GOOGLE_DISPLAY,144.08,23977,145,4
2024-12-02,Campania,Google Ads,RND_IT_GOOGLE_PMAX,140.42,10769,225,7
2024-12-02,Campania,Google Ads,RND_IT_GOOGLE_SEARCH_BRAND,75.26,2572,215,5
2024-12-02,Campania,Google Ads,RND_IT_GOOGLE_SEARCH_GENERICA,263.39,4789,236,16
2024-12-02,Campania,Google Ads,RND_IT_GOOGLE_SEARCH_LOCALE,114.01,2371,100,11
2024-12-02,Campania,Google Ads,RND_IT_GOOGLE_VIDEO_YOUTUBE,67.13,7506,58,3
2024-12-02,Emilia-Romagna,Google Ads,RND_IT_GOOGLE_DISPLAY,123.10,20393,126,3
2024-12-02,Emilia-Romagna,Google Ads,RND_IT_GOOGLE_PMAX,167.09,12076,244,10
2024-12-02,Emilia-Romagna,Google Ads,RND_IT_GOOGLE_SEARCH_BRAND,124.35,4374,305,9
2024-12-02,Emilia-Romagna,Google Ads,RND_IT_GOOGLE_SEARCH_GENERICA,169.54,3148,158,9
2024-12-02,Emilia-Romagna,Google Ads,RND_IT_GOOGLE_SEARCH_LOCALE,78.33,1557,74,9
2024-12-02,Emilia-Romagna,Google Ads,RND_IT_GOOGLE_VIDEO_YOUTUBE,38.05,4239,32,2
2024-12-02,Friuli-Venezia Giulia,Google Ads,RND_IT_GOOGLE_DISPLAY,32.45,5454,31,1
2024-12-02,Friuli-Venezia Giulia,Google Ads,RND_IT_GOOGLE_PMAX,55.77,4079,78,3
2024-12-02,Friuli-Venezia Giulia,Google Ads,RND_IT_GOOGLE_SEARCH_BRAND,20.80,701,53,2
2024-12-02,Friuli-Venezia Giulia,Google Ads,RND_IT_GOOGLE_SEARCH_GENERICA,57.36,1017,46,4
2024-12-02,Friuli-Venezia Giulia,Google Ads,RND_IT_GOOGLE_SEARCH_LOCALE,17.18,366,17,2
2024-12-02,Friuli-Venezia Giulia,Google Ads,RND_IT_GOOGLE_VIDEO_YOUTUBE,10.99,1289,10,1
2024-12-02,Lazio,Google Ads,RND_IT_GOOGLE_DISPLAY,141.66,23518,132,5
2024-12-02,Lazio,Google Ads,RND_IT_GOOGLE_PMAX,98.96,7425,159,6
2024-12-02,Lazio,Google Ads,RND_IT_GOOGLE_SEARCH_BRAND,68.49,2246,163,6
2024-12-02,Lazio,Google Ads,RND_IT_GOOGLE_SEARCH_GENERICA,300.44,5642,275,21
2024-12-02,Lazio,Google Ads,RND_IT_GOOGLE_SEARCH_LOCALE,160.63,3290,148,19
2024-12-02,Lazio,Google Ads,RND_IT_GOOGLE_VIDEO_YOUTUBE,73.59,8232,66,3
2024-12-02,Liguria,Google Ads,RND_IT_GOOGLE_DISPLAY,21.01,3323,20,1
2024-12-02,Liguria,Google Ads,RND_IT_GOOGLE_PMAX,20.65,1502,32,1
2024-12-02,Liguria,Google Ads,RND_IT_GOOGLE_SEARCH_BRAND,20.76,708,52,2
2024-12-02,Liguria,Google Ads,RND_IT_GOOGLE_SEARCH_GENERICA,64.21,1170,59,5
2024-12-02,Liguria,Google Ads,RND_IT_GOOGLE_SEARCH_LOCALE,28.29,596,26,4
2024-12-02,Liguria,Google Ads,RND_IT_GOOGLE_VIDEO_YOUTUBE,21.30,2384,17,1
2024-12-02,Lombardia,Google Ads,RND_IT_GOOGLE_DISPLAY,284.00,44335,261,7
2024-12-02,Lombardia,Google Ads,RND_IT_GOOGLE_PMAX,279.15,20523,427,11
2024-12-02,Lombardia,Google Ads,RND_IT_GOOGLE_SEARCH_BRAND,228.18,7447,590,15
2024-12-02,Lombardia,Google Ads,RND_IT_GOOGLE_SEARCH_GENERICA,504.75,9132,445,29
2024-12-02,Lombardia,Google Ads,RND_IT_GOOGLE_SEARCH_LOCALE,152.68,3266,169,14
2024-12-02,Lombardia,Google Ads,RND_IT_GOOGLE_VIDEO_YOUTUBE,171.60,18660,149,6
2024-12-02,Marche,Google Ads,RND_IT_GOOGLE_DISPLAY,21.94,3737,22,1
2024-12-02,Marche,Google Ads,RND_IT_GOOGLE_PMAX,45.65,3266,62,2
2024-12-02,Marche,Google Ads,RND_IT_GOOGLE_SEARCH_BRAND,25.01,808,67,2
2024-12-02,Marche,Google Ads,RND_IT_GOOGLE_SEARCH_GENERICA,54.36,929,45,3
2024-12-02,Marche,Google Ads,RND_IT_GOOGLE_SEARCH_LOCALE,27.07,570,23,2
2024-12-02,Marche,Google Ads,RND_IT_GOOGLE_VIDEO_YOUTUBE,22.01,2473,20,1
2024-12-02,Molise,Google Ads,RND_IT_GOOGLE_DISPLAY,8.67,1416,8,0
2024-12-02,Molise,Google Ads,RND_IT_GOOGLE_PMAX,10.69,780,14,1
2024-12-02,Molise,Google Ads,RND_IT_GOOGLE_SEARCH_BRAND,3.63,115,9,0
2024-12-02,Molise,Google Ads,RND_IT_GOOGLE_SEARCH_GENERICA,16.04,288,15,1
2024-12-02,Molise,Google Ads,RND_IT_GOOGLE_SEARCH_LOCALE,7.90,168,7,1
2024-12-02,Molise,Google Ads,RND_IT_GOOGLE_VIDEO_YOUTUBE,4.78,515,4,0
2024-12-02,Piemonte,Google Ads,RND_IT_GOOGLE_DISPLAY,63.69,10541,65,1
2024-12-02,Piemonte,Google Ads,RND_IT_GOOGLE_PMAX,150.14,10713,215,5
2024-12-02,Piemonte,Google Ads,RND_IT_GOOGLE_SEARCH_BRAND,66.99,2128,155,3
2024-12-02,Piemonte,Google Ads,RND_IT_GOOGLE_SEARCH_GENERICA,383.70,7054,390,15
2024-12-02,Piemonte,Google Ads,RND_IT_GOOGLE_SEARCH_LOCALE,80.07,1565,70,6
2024-12-02,Piemonte,Google Ads,RND_IT_GOOGLE_VIDEO_YOUTUBE,49.36,5674,42,1
2024-12-02,Puglia,Google Ads,RND_IT_GOOGLE_DISPLAY,80.44,13182,74,1
2024-12-02,Puglia,Google Ads,RND_IT_GOOGLE_PMAX,146.28,10442,222,5
2024-12-02,Puglia,Google Ads,RND_IT_GOOGLE_SEARCH_BRAND,59.01,1914,145,3
2024-12-02,Puglia,Google Ads,RND_IT_GOOGLE_SEARCH_GENERICA,201.48,3855,195,7
2024-12-02,Puglia,Google Ads,RND_IT_GOOGLE_SEARCH_LOCALE,91.88,1886,83,6
2024-12-02,Puglia,Google Ads,RND_IT_GOOGLE_VIDEO_YOUTUBE,72.76,7725,66,2
2024-12-02,Sardegna,Google Ads,RND_IT_GOOGLE_DISPLAY,30.10,4879,29,1
2024-12-02,Sardegna,Google Ads,RND_IT_GOOGLE_PMAX,61.94,4440,95,3
2024-12-02,Sardegna,Google Ads,RND_IT_GOOGLE_SEARCH_BRAND,24.73,795,56,1
2024-12-02,Sardegna,Google Ads,RND_IT_GOOGLE_SEARCH_GENERICA,75.79,1402,76,4
2024-12-02,Sardegna,Google Ads,RND_IT_GOOGLE_SEARCH_LOCALE,22.96,494,24,2
2024-12-02,Sardegna,Google Ads,RND_IT_GOOGLE_VIDEO_YOUTUBE,15.64,1693,12,1
2024-12-02,Sicilia,Google Ads,RND_IT_GOOGLE_DISPLAY,82.87,13423,79,2
2024-12-02,Sicilia,Google Ads,RND_IT_GOOGLE_PMAX,180.68,12752,265,9
2024-12-02,Sicilia,Google Ads,RND_IT_GOOGLE_SEARCH_BRAND,57.63,1939,135,4
2024-12-02,Sicilia,Google Ads,RND_IT_GOOGLE_SEARCH_GENERICA,297.05,5583,291,17
2024-12-02,Sicilia,Google Ads,RND_IT_GOOGLE_SEARCH_LOCALE,102.59,2170,102,10
2024-12-02,Sicilia,Google Ads,RND_IT_GOOGLE_VIDEO_YOUTUBE,37.84,3999,32,1
2024-12-02,Toscana,Google Ads,RND_IT_GOOGLE_DISPLAY,61.99,10647,64,2
2024-12-02,Toscana,Google Ads,RND_IT_GOOGLE_PMAX,120.79,8759,170,7
2024-12-02,Toscana,Google Ads,RND_IT_GOOGLE_SEARCH_BRAND,59.29,1905,131,5
2024-12-02,Toscana,Google Ads,RND_IT_GOOGLE_SEARCH_GENERICA,114.50,2006,108,7
2024-12-02,Toscana,Google Ads,RND_IT_GOOGLE_SEARCH_LOCALE,71.96,1582,71,9
2024-12-02,Toscana,Google Ads,RND_IT_GOOGLE_VIDEO_YOUTUBE,39.85,4483,38,2
2024-12-02,Trentino-Alto Adige,Google Ads,RND_IT_GOOGLE_DISPLAY,31.96,5289,34,1
2024-12-02,Trentino-Alto Adige,Google Ads,RND_IT_GOOGLE_PMAX,20.85,1511,29,1
2024-12-02,Trentino-Alto Adige,Google Ads,RND_IT_GOOGLE_SEARCH_BRAND,12.98,392,28,1
2024-12-02,Trentino-Alto Adige,Google Ads,RND_IT_GOOGLE_SEARCH_GENERICA,36.36,659,32,2
2024-12-02,Trentino-Alto Adige,Google Ads,RND_IT_GOOGLE_SEARCH_LOCALE,18.66,409,19,2
2024-12-02,Trentino-Alto Adige,Google Ads,RND_IT_GOOGLE_VIDEO_YOUTUBE,11.56,1268,10,0
2024-12-02,Umbria,Google Ads,RND_IT_GOOGLE_DISPLAY,17.57,2983,16,0
2024-12-02,Umbria,Google Ads,RND_IT_GOOGLE_PMAX,23.44,1716,34,1
2024-12-02,Umbria,Google Ads,RND_IT_GOOGLE_SEARCH_BRAND,13.66,441,34,1
2024-12-02,Umbria,Google Ads,RND_IT_GOOGLE_SEARCH_GENERICA,43.71,824,41,2
2024-12-02,Umbria,Google Ads,RND_IT_GOOGLE_SEARCH_LOCALE,17.40,366,17,2
2024-12-02,Umbria,Google Ads,RND_IT_GOOGLE_VIDEO_YOUTUBE,7.94,900,8,0
2024-12-02,Valle d'Aosta,Google Ads,RND_IT_GOOGLE_DISPLAY,2.61,446,2,0
2024-12-02,Valle d'Aosta,Google Ads,RND_IT_GOOGLE_PMAX,4.19,305,6,0
2024-12-02,Valle d'Aosta,Google Ads,RND_IT_GOOGLE_SEARCH_BRAND,2.47,81,5,0
2024-12-02,Valle d'Aosta,Google Ads,RND_IT_GOOGLE_SEARCH_GENERICA,5.37,95,5,0
2024-12-02,Valle d'Aosta,Google Ads,RND_IT_GOOGLE_SEARCH_LOCALE,1.71,35,2,0
2024-12-02,Valle d'Aosta,Google Ads,RND_IT_GOOGLE_VIDEO_YOUTUBE,1.44,155,1,0
2024-12-02,Veneto,Google Ads,RND_IT_GOOGLE_DISPLAY,68.09,11456,66,1
2024-12-02,Veneto,Google Ads,RND_IT_GOOGLE_PMAX,122.14,9248,199,5
2024-12-02,Veneto,Google Ads,RND_IT_GOOGLE_SEARCH_BRAND,73.72,2413,180,3
2024-12-02,Veneto,Google Ads,RND_IT_GOOGLE_SEARCH_GENERICA,163.00,3049,158,7
2024-12-02,Veneto,Google Ads,RND_IT_GOOGLE_SEARCH_LOCALE,97.54,1974,90,6
2024-12-02,Veneto,Google Ads,RND_IT_GOOGLE_VIDEO_YOUTUBE,73.53,8300,63,2
2024-12-09,Abruzzo,Google Ads,RND_IT_GOOGLE_DISPLAY,24.34,4154,23,0
2024-12-09,Abruzzo,Google Ads,RND_IT_GOOGLE_PMAX,67.81,4996,97,1
2024-12-09,Abruzzo,Google Ads,RND_IT_GOOGLE_SEARCH_BRAND,21.94,765,63,1
2024-12-09,Abruzzo,Google Ads,RND_IT_GOOGLE_SEARCH_GENERICA,68.86,1280,68,2
2024-12-09,Abruzzo,Google Ads,RND_IT_GOOGLE_SEARCH_LOCALE,19.38,398,17,1
2024-12-09,Abruzzo,Google Ads,RND_IT_GOOGLE_VIDEO_YOUTUBE,21.63,2445,19,0
2024-12-09,Basilicata,Google Ads,RND_IT_GOOGLE_DISPLAY,6.86,1145,5,0
2024-12-09,Basilicata,Google Ads,RND_IT_GOOGLE_PMAX,18.31,1300,25,0
2024-12-09,Basilicata,Google Ads,RND_IT_GOOGLE_SEARCH_BRAND,12.64,414,33,0
2024-12-09,Basilicata,Google Ads,RND_IT_GOOGLE_SEARCH_GENERICA,36.17,663,33,1
2024-12-09,Basilicata,Google Ads,RND_IT_GOOGLE_SEARCH_LOCALE,12.29,253,12,1
2024-12-09,Basilicata,Google Ads,RND_IT_GOOGLE_VIDEO_YOUTUBE,5.83,652,6,0
2024-12-09,Calabria,Google Ads,RND_IT_GOOGLE_DISPLAY,34.03,5904,40,1
2024-12-09,Calabria,Google Ads,RND_IT_GOOGLE_PMAX,64.37,4661,107,3
2024-12-09,Calabria,Google Ads,RND_IT_GOOGLE_SEARCH_BRAND,33.45,1144,82,2
2024-12-09,Calabria,Google Ads,RND_IT_GOOGLE_SEARCH_GENERICA,89.72,1615,86,4
2024-12-09,Calabria,Google Ads,RND_IT_GOOGLE_SEARCH_LOCALE,33.55,686,25,3
2024-12-09,Calabria,Google Ads,RND_IT_GOOGLE_VIDEO_YOUTUBE,30.41,3382,28,1
2024-12-09,Campania,Google Ads,RND_IT_GOOGLE_DISPLAY,117.19,20014,125,3
2024-12-09,Campania,Google Ads,RND_IT_GOOGLE_PMAX,175.55,13071,290,7
2024-12-09,Campania,Google Ads,RND_IT_GOOGLE_SEARCH_BRAND,93.53,3116,211,6
2024-12-09,Campania,Google Ads,RND_IT_GOOGLE_SEARCH_GENERICA,331.32,5846,281,17
2024-12-09,Campania,Google Ads,RND_IT_GOOGLE_SEARCH_LOCALE,142.87,2895,130,12
2024-12-09,Campania,Google Ads,RND_IT_GOOGLE_VIDEO_YOUTUBE,72.55,8095,68,2
2024-12-09,Emilia-Romagna,Google Ads,RND_IT_GOOGLE_DISPLAY,95.76,16418,103,2
2024-12-09,Emilia-Romagna,Google Ads,RND_IT_GOOGLE_PMAX,228.33,15844,297,11
2024-12-09,Emilia-Romagna,Google Ads,RND_IT_GOOGLE_SEARCH_BRAND,120.82,4022,311,9
2024-12-09,Emilia-Romagna,Google Ads,RND_IT_GOOGLE_SEARCH_GENERICA,199.09,3813,202,12
2024-12-09,Emilia-Romagna,Google Ads,RND_IT_GOOGLE_SEARCH_LOCALE,73.94,1559,76,8
2024-12-09,Emilia-Romagna,Google Ads,RND_IT_GOOGLE_VIDEO_YOUTUBE,34.33,3710,31,1
2024-12-09,Friuli-Venezia Giulia,Google Ads,RND_IT_GOOGLE_DISPLAY,24.66,3995,23,1
2024-12-09,Friuli-Venezia Giulia,Google Ads,RND_IT_GOOGLE_PMAX,73.82,5591,123,4
2024-12-09,Friuli-Venezia Giulia,Google Ads,RND_IT_GOOGLE_SEARCH_BRAND,20.27,659,41,2
2024-12-09,Friuli-Venezia Giulia,Google Ads,RND_IT_GOOGLE_SEARCH_GENERICA,56.00,1038,56,4
2024-12-09,Friuli-Venezia Giulia,Google Ads,RND_IT_GOOGLE_SEARCH_LOCALE,15.21,333,16,2
2024-12-09,Friuli-Venezia Giulia,Google Ads,RND_IT_GOOGLE_VIDEO_YOUTUBE,10.23,1100,9,0
2024-12-09,Lazio,Google Ads,RND_IT_GOOGLE_DISPLAY,95.01,15960,99,3
2024-12-09,Lazio,Google Ads,RND_IT_GOOGLE_PMAX,157.13,10963,202,8
2024-12-09,Lazio,Google Ads,RND_IT_GOOGLE_SEARCH_BRAND,69.20,2303,186,5
2024-12-09,Lazio,Google Ads,RND_IT_GOOGLE_SEARCH_GENERICA,343.49,6309,330,20
2024-12-09,Lazio,Google Ads,RND_IT_GOOGLE_SEARCH_LOCALE,168.29,3604,166,18
2024-12-09,Lazio,Google Ads,RND_IT_GOOGLE_VIDEO_YOUTUBE,81.70,9226,79,3
2024-12-09,Liguria,Google Ads,RND_IT_GOOGLE_DISPLAY,16.01,2521,15,0
2024-12-09,Liguria,Google Ads,RND_IT_GOOGLE_PMAX,37.08,2720,53,2
2024-12-09,Liguria,Google Ads,RND_IT_GOOGLE_SEARCH_BRAND,26.80,873,64,2
2024-12-09,Liguria,Google Ads,RND_IT_GOOGLE_SEARCH_GENERICA,76.90,1381,70,4
2024-12-09,Liguria,Google Ads,RND_IT_GOOGLE_SEARCH_LOCALE,34.29,707,33,4
2024-12-09,Liguria,Google Ads,RND_IT_GOOGLE_VIDEO_YOUTUBE,18.38,2020,14,1
2024-12-09,Lombardia,Google Ads,RND_IT_GOOGLE_DISPLAY,219.17,38063,241,6
2024-12-09,Lombardia,Google Ads,RND_IT_GOOGLE_PMAX,387.91,27713,542,13
2024-12-09,Lombardia,Google Ads,RND_IT_GOOGLE_SEARCH_BRAND,190.53,6383,540,14
2024-12-09,Lombardia,Google Ads,RND_IT_GOOGLE_SEARCH_GENERICA,504.71,9187,482,28
2024-12-09,Lombardia,Google Ads,RND_IT_GOOGLE_SEARCH_LOCALE,187.03,4015,195,16
2024-12-09,Lombardia,Google Ads,RND_IT_GOOGLE_VIDEO_YOUTUBE,168.95,19028,155,6
2024-12-09,Marche,Google Ads,RND_IT_GOOGLE_DISPLAY,18.27,2988,18,0
2024-12-09,Marche,Google Ads,RND_IT_GOOGLE_PMAX,54.56,3891,77,3
2024-12-09,Marche,Google Ads,RND_IT_GOOGLE_SEARCH_BRAND,28.78,952,63,1
2024-12-09,Marche,Google Ads,RND_IT_GOOGLE_SEARCH_GENERICA,68.03,1243,58,4
2024-12-09,Marche,Google Ads,RND_IT_GOOGLE_SEARCH_LOCALE,31.86,671,33,3
2024-12-09,Marche,Google Ads,RND_IT_GOOGLE_VIDEO_YOUTUBE,18.94,2202,18,1
2024-12-09,Molise,Google Ads,RND_IT_GOOGLE_DISPLAY,7.38,1213,7,0
2024-12-09,Molise,Google Ads,RND_IT_GOOGLE_PMAX,15.41,1058,22,1
2024-12-09,Molise,Google Ads,RND_IT_GOOGLE_SEARCH_BRAND,3.24,105,8,0
2024-12-09,Molise,Google Ads,RND_IT_GOOGLE_SEARCH_GENERICA,17.07,314,16,1
2024-12-09,Molise,Google Ads,RND_IT_GOOGLE_SEARCH_LOCALE,6.64,138,6,1
2024-12-09,Molise,Google Ads,RND_IT_GOOGLE_VIDEO_YOUTUBE,5.22,572,5,0
2024-12-09,Piemonte,Google Ads,RND_IT_GOOGLE_DISPLAY,48.45,7744,47,1
2024-12-09,Piemonte,Google Ads,RND_IT_GOOGLE_PMAX,206.09,15121,305,7
2024-12-09,Piemonte,Google Ads,RND_IT_GOOGLE_SEARCH_BRAND,67.84,2328,173,3
2024-12-09,Piemonte,Google Ads,RND_IT_GOOGLE_SEARCH_GENERICA,388.91,7227,369,15
2024-12-09,Piemonte,Google Ads,RND_IT_GOOGLE_SEARCH_LOCALE,103.25,2144,94,6
2024-12-09,Piemonte,Google Ads,RND_IT_GOOGLE_VIDEO_YOUTUBE,59.50,6492,48,2
2024-12-09,Puglia,Google Ads,RND_IT_GOOGLE_DISPLAY,59.26,9866,65,1
2024-12-09,Puglia,Google Ads,RND_IT_GOOGLE_PMAX,205.70,14125,295,7
2024-12-09,Puglia,Google Ads,RND_IT_GOOGLE_SEARCH_BRAND,59.59,2012,147,2
2024-12-09,Puglia,Google Ads,RND_IT_GOOGLE_SEARCH_GENERICA,196.31,3486,158,7
2024-12-09,Puglia,Google Ads,RND_IT_GOOGLE_SEARCH_LOCALE,104.13,2156,81,6
2024-12-09,Puglia,Google Ads,RND_IT_GOOGLE_VIDEO_YOUTUBE,69.52,7649,57,2
2024-12-09,Sardegna,Google Ads,RND_IT_GOOGLE_DISPLAY,23.19,3834,23,1
2024-12-09,Sardegna,Google Ads,RND_IT_GOOGLE_PMAX,84.95,5805,113,3
2024-12-09,Sardegna,Google Ads,RND_IT_GOOGLE_SEARCH_BRAND,21.51,708,48,1
2024-12-09,Sardegna,Google Ads,RND_IT_GOOGLE_SEARCH_GENERICA,100.33,1744,90,6
2024-12-09,Sardegna,Google Ads,RND_IT_GOOGLE_SEARCH_LOCALE,22.72,483,23,2
2024-12-09,Sardegna,Google Ads,RND_IT_GOOGLE_VIDEO_YOUTUBE,17.19,1912,14,0
2024-12-09,Sicilia,Google Ads,RND_IT_GOOGLE_DISPLAY,63.05,11083,62,2
2024-12-09,Sicilia,Google Ads,RND_IT_GOOGLE_PMAX,288.46,21321,438,14
2024-12-09,Sicilia,Google Ads,RND_IT_GOOGLE_SEARCH_BRAND,64.35,2154,168,5
2024-12-09,Sicilia,Google Ads,RND_IT_GOOGLE_SEARCH_GENERICA,291.55,5314,242,16
2024-12-09,Sicilia,Google Ads,RND_IT_GOOGLE_SEARCH_LOCALE,113.81,2381,111,12
2024-12-09,Sicilia,Google Ads,RND_IT_GOOGLE_VIDEO_YOUTUBE,40.01,4527,38,2
2024-12-09,Toscana,Google Ads,RND_IT_GOOGLE_DISPLAY,52.01,8891,55,1
2024-12-09,Toscana,Google Ads,RND_IT_GOOGLE_PMAX,169.85,12784,257,8
2024-12-09,Toscana,Google Ads,RND_IT_GOOGLE_SEARCH_BRAND,58.34,1940,152,4
2024-12-09,Toscana,Google Ads,RND_IT_GOOGLE_SEARCH_GENERICA,114.39,1971,96,7
2024-12-09,Toscana,Google Ads,RND_IT_GOOGLE_SEARCH_LOCALE,80.85,1647,75,8
2024-12-09,Toscana,Google Ads,RND_IT_GOOGLE_VIDEO_YOUTUBE,39.64,4400,37,2
2024-12-09,Trentino-Alto Adige,Google Ads,RND_IT_GOOGLE_DISPLAY,21.10,3462,21,0
2024-12-09,Trentino-Alto Adige,Google Ads,RND_IT_GOOGLE_PMAX,29.15,2041,37,1
2024-12-09,Trentino-Alto Adige,Google Ads,RND_IT_GOOGLE_SEARCH_BRAND,12.02,390,33,1
2024-12-09,Trentino-Alto Adige,Google Ads,RND_IT_GOOGLE_SEARCH_GENERICA,41.14,741,37,2
2024-12-09,Trentino-Alto Adige,Google Ads,RND_IT_GOOGLE_SEARCH_LOCALE,20.58,419,18,1
2024-12-09,Trentino-Alto Adige,Google Ads,RND_IT_GOOGLE_VIDEO_YOUTUBE,11.11,1311,10,0
2024-12-09,Umbria,Google Ads,RND_IT_GOOGLE_DISPLAY,15.04,2382,14,0
2024-12-09,Umbria,Google Ads,RND_IT_GOOGLE_PMAX,29.67,2183,45,1
2024-12-09,Umbria,Google Ads,RND_IT_GOOGLE_SEARCH_BRAND,16.96,566,45,1
2024-12-09,Umbria,Google Ads,RND_IT_GOOGLE_SEARCH_GENERICA,49.42,885,42,3
2024-12-09,Umbria,Google Ads,RND_IT_GOOGLE_SEARCH_LOCALE,19.72,415,20,2
2024-12-09,Umbria,Google Ads,RND_IT_GOOGLE_VIDEO_YOUTUBE,9.27,1043,9,0
2024-12-09,Valle d'Aosta,Google Ads,RND_IT_GOOGLE_DISPLAY,2.05,319,2,0
2024-12-09,Valle d'Aosta,Google Ads,RND_IT_GOOGLE_PMAX,4.54,332,7,0
2024-12-09,Valle d'Aosta,Google Ads,RND_IT_GOOGLE_SEARCH_BRAND,2.97,97,7,0
2024-12-09,Valle d'Aosta,Google Ads,RND_IT_GOOGLE_SEARCH_GENERICA,5.33,98,5,0
2024-12-09,Valle d'Aosta,Google Ads,RND_IT_GOOGLE_SEARCH_LOCALE,2.04,43,2,0
2024-12-09,Valle d'Aosta,Google Ads,RND_IT_GOOGLE_VIDEO_YOUTUBE,1.43,163,1,0
2024-12-09,Veneto,Google Ads,RND_IT_GOOGLE_DISPLAY,71.72,11585,64,1
2024-12-09,Veneto,Google Ads,RND_IT_GOOGLE_PMAX,178.69,12728,242,5
2024-12-09,Veneto,Google Ads,RND_IT_GOOGLE_SEARCH_BRAND,92.84,3007,210,4
2024-12-09,Veneto,Google Ads,RND_IT_GOOGLE_SEARCH_GENERICA,212.04,4085,205,7
2024-12-09,Veneto,Google Ads,RND_IT_GOOGLE_SEARCH_LOCALE,92.66,1912,86,6
2024-12-09,Veneto,Google Ads,RND_IT_GOOGLE_VIDEO_YOUTUBE,69.97,7766,63,1
2024-12-16,Abruzzo,Google Ads,RND_IT_GOOGLE_DISPLAY,30.24,4838,29,0
2024-12-16,Abruzzo,Google Ads,RND_IT_GOOGLE_PMAX,75.46,5606,109,2
2024-12-16,Abruzzo,Google Ads,RND_IT_GOOGLE_SEARCH_BRAND,26.53,841,57,1
2024-12-16,Abruzzo,Google Ads,RND_IT_GOOGLE_SEARCH_GENERICA,59.01,1010,48,2
2024-12-16,Abruzzo,Google Ads,RND_IT_GOOGLE_SEARCH_LOCALE,24.09,485,22,1
2024-12-16,Abruzzo,Google Ads,RND_IT_GOOGLE_VIDEO_YOUTUBE,26.10,2988,24,1
2024-12-16,Basilicata,Google Ads,RND_IT_GOOGLE_DISPLAY,7.56,1273,7,0
2024-12-16,Basilicata,Google Ads,RND_IT_GOOGLE_PMAX,19.13,1360,26,0
2024-12-16,Basilicata,Google Ads,RND_IT_GOOGLE_SEARCH_BRAND,14.52,479,40,1
2024-12-16,Basilicata,Google Ads,RND_IT_GOOGLE_SEARCH_GENERICA,34.13,663,34,1
2024-12-16,Basilicata,Google Ads,RND_IT_GOOGLE_SEARCH_LOCALE,12.93,279,13,1
2024-12-16,Basilicata,Google Ads,RND_IT_GOOGLE_VIDEO_YOUTUBE,8.18,903,8,0
2024-12-16,Calabria,Google Ads,RND_IT_GOOGLE_DISPLAY,50.69,8411,50,1
2024-12-16,Calabria,Google Ads,RND_IT_GOOGLE_PMAX,77.08,5591,110,3
2024-12-16,Calabria,Google Ads,RND_IT_GOOGLE_SEARCH_BRAND,45.79,1552,110,3
2024-12-16,Calabria,Google Ads,RND_IT_GOOGLE_SEARCH_GENERICA,93.71,1692,80,4
2024-12-16,Calabria,Google Ads,RND_IT_GOOGLE_SEARCH_LOCALE,43.27,930,38,3
2024-12-16,Calabria,Google Ads,RND_IT_GOOGLE_VIDEO_YOUTUBE,43.35,4723,39,1
2024-12-16,Campania,Google Ads,RND_IT_GOOGLE_DISPLAY,141.18,23542,135,3
2024-12-16,Campania,Google Ads,RND_IT_GOOGLE_PMAX,210.96,14502,326,8
2024-12-16,Campania,Google Ads,RND_IT_GOOGLE_SEARCH_BRAND,133.33,4352,360,6
2024-12-16,Campania,Google Ads,RND_IT_GOOGLE_SEARCH_GENERICA,415.88,7640,443,20
2024-12-16,Campania,Google Ads,RND_IT_GOOGLE_SEARCH_LOCALE,190.65,3735,175,17
2024-12-16,Campania,Google Ads,RND_IT_GOOGLE_VIDEO_YOUTUBE,90.15,10289,93,2
2024-12-16,Emilia-Romagna,Google Ads,RND_IT_GOOGLE_DISPLAY,118.45,19179,123,3
2024-12-16,Emilia-Romagna,Google Ads,RND_IT_GOOGLE_PMAX,246.94,16998,390,11
2024-12-16,Emilia-Romagna,Google Ads,RND_IT_GOOGLE_SEARCH_BRAND,152.69,5475,426,9
2024-12-16,Emilia-Romagna,Google Ads,RND_IT_GOOGLE_SEARCH_GENERICA,231.47,4030,200,13
2024-12-16,Emilia-Romagna,Google Ads,RND_IT_GOOGLE_SEARCH_LOCALE,81.44,1765,75,7
2024-12-16,Emilia-Romagna,Google Ads,RND_IT_GOOGLE_VIDEO_YOUTUBE,46.30,5136,38,1
2024-12-16,Friuli-Venezia Giulia,Google Ads,RND_IT_GOOGLE_DISPLAY,30.08,5036,33,1
2024-12-16,Friuli-Venezia Giulia,Google Ads,RND_IT_GOOGLE_PMAX,78.02,5768,93,4
2024-12-16,Friuli-Venezia Giulia,Google Ads,RND_IT_GOOGLE_SEARCH_BRAND,21.95,751,58,2
2024-12-16,Friuli-Venezia Giulia,Google Ads,RND_IT_GOOGLE_SEARCH_GENERICA,68.65,1285,59,5
2024-12-16,Friuli-Venezia Giulia,Google Ads,RND_IT_GOOGLE_SEARCH_LOCALE,18.35,380,16,2
2024-12-16,Friuli-Venezia Giulia,Google Ads,RND_IT_GOOGLE_VIDEO_YOUTUBE,15.13,1694,12,1
2024-12-16,Lazio,Google Ads,RND_IT_GOOGLE_DISPLAY,120.93,19296,106,3
2024-12-16,Lazio,Google Ads,RND_IT_GOOGLE_PMAX,193.82,14073,291,10
2024-12-16,Lazio,Google Ads,RND_IT_GOOGLE_SEARCH_BRAND,83.99,2909,214,7
2024-12-16,Lazio,Google Ads,RND_IT_GOOGLE_SEARCH_GENERICA,360.76,6567,306,23
2024-12-16,Lazio,Google Ads,RND_IT_GOOGLE_SEARCH_LOCALE,189.08,3962,189,17
2024-12-16,Lazio,Google Ads,RND_IT_GOOGLE_VIDEO_YOUTUBE,95.43,10916,83,4
2024-12-16,Liguria,Google Ads,RND_IT_GOOGLE_DISPLAY,21.27,3535,21,1
2024-12-16,Liguria,Google Ads,RND_IT_GOOGLE_PMAX,41.43,2947,63,3
2024-12-16,Liguria,Google Ads,RND_IT_GOOGLE_SEARCH_BRAND,30.82,1052,83,2
2024-12-16,Liguria,Google Ads,RND_IT_GOOGLE_SEARCH_GENERICA,63.66,1155,62,4
2024-12-16,Liguria,Google Ads,RND_IT_GOOGLE_SEARCH_LOCALE,40.29,868,36,5
2024-12-16,Liguria,Google Ads,RND_IT_GOOGLE_VIDEO_YOUTUBE,21.97,2452,20,1
2024-12-16,Lombardia,Google Ads,RND_IT_GOOGLE_DISPLAY,232.84,39774,233,5
2024-12-16,Lombardia,Google Ads,RND_IT_GOOGLE_PMAX,441.77,33361,657,14
2024-12-16,Lombardia,Google Ads,RND_IT_GOOGLE_SEARCH_BRAND,194.93,6859,514,10
2024-12-16,Lombardia,Google Ads,RND_IT_GOOGLE_SEARCH_GENERICA,623.63,10680,519,29
2024-12-16,Lombardia,Google Ads,RND_IT_GOOGLE_SEARCH_LOCALE,244.01,5336,255,18
2024-12-16,Lombardia,Google Ads,RND_IT_GOOGLE_VIDEO_YOUTUBE,243.25,26907,209,7
2024-12-16,Marche,Google Ads,RND_IT_GOOGLE_DISPLAY,21.60,3561,22,1
2024-12-16,Marche,Google Ads,RND_IT_GOOGLE_PMAX,64.56,4874,104,3
2024-12-16,Marche,Google Ads,RND_IT_GOOGLE_SEARCH_BRAND,35.84,1167,85,2
2024-12-16,Marche,Google Ads,RND_IT_GOOGLE_SEARCH_GENERICA,84.18,1534,69,4
2024-12-16,Marche,Google Ads,RND_IT_GOOGLE_SEARCH_LOCALE,35.60,764,35,3
2024-12-16,Marche,Google Ads,RND_IT_GOOGLE_VIDEO_YOUTUBE,25.63,2802,24,1
2024-12-16,Molise,Google Ads,RND_IT_GOOGLE_DISPLAY,8.74,1477,9,0
2024-12-16,Molise,Google Ads,RND_IT_GOOGLE_PMAX,18.42,1333,30,1
2024-12-16,Molise,Google Ads,RND_IT_GOOGLE_SEARCH_BRAND,5.08,156,12,0
2024-12-16,Molise,Google Ads,RND_IT_GOOGLE_SEARCH_GENERICA,23.50,438,23,1
2024-12-16,Molise,Google Ads,RND_IT_GOOGLE_SEARCH_LOCALE,9.66,203,8,1
2024-12-16,Molise,Google Ads,RND_IT_GOOGLE_VIDEO_YOUTUBE,7.05,808,6,0
2024-12-16,Piemonte,Google Ads,RND_IT_GOOGLE_DISPLAY,69.23,10854,63,1
2024-12-16,Piemonte,Google Ads,RND_IT_GOOGLE_PMAX,252.23,17230,312,9
2024-12-16,Piemonte,Google Ads,RND_IT_GOOGLE_SEARCH_BRAND,84.32,2773,206,4
2024-12-16,Piemonte,Google Ads,RND_IT_GOOGLE_SEARCH_GENERICA,415.78,7506,364,13
2024-12-16,Piemonte,Google Ads,RND_IT_GOOGLE_SEARCH_LOCALE,140.26,2802,138,8
2024-12-16,Piemonte,Google Ads,RND_IT_GOOGLE_VIDEO_YOUTUBE,78.51,8634,74,2
2024-12-16,Puglia,Google Ads,RND_IT_GOOGLE_DISPLAY,85.24,13329,81,1
2024-12-16,Puglia,Google Ads,RND_IT_GOOGLE_PMAX,240.66,17132,346,8
2024-12-16,Puglia,Google Ads,RND_IT_GOOGLE_SEARCH_BRAND,82.65,2801,198,4
2024-12-16,Puglia,Google Ads,RND_IT_GOOGLE_SEARCH_GENERICA,193.37,3640,190,7
2024-12-16,Puglia,Google Ads,RND_IT_GOOGLE_SEARCH_LOCALE,143.48,2807,129,8
2024-12-16,Puglia,Google Ads,RND_IT_GOOGLE_VIDEO_YOUTUBE,88.19,9784,74,2
2024-12-16,Sardegna,Google Ads,RND_IT_GOOGLE_DISPLAY,29.07,4892,29,1
2024-12-16,Sardegna,Google Ads,RND_IT_GOOGLE_PMAX,97.11,6763,154,5
2024-12-16,Sardegna,Google Ads,RND_IT_GOOGLE_SEARCH_BRAND,28.25,946,74,2
2024-12-16,Sardegna,Google Ads,RND_IT_GOOGLE_SEARCH_GENERICA,98.68,1855,99,5
2024-12-16,Sardegna,Google Ads,RND_IT_GOOGLE_SEARCH_LOCALE,27.93,597,28,2
2024-12-16,Sardegna,Google Ads,RND_IT_GOOGLE_VIDEO_YOUTUBE,19.70,2208,19,1
2024-12-16,Sicilia,Google Ads,RND_IT_GOOGLE_DISPLAY,77.87,13385,89,2
2024-12-16,Sicilia,Google Ads,RND_IT_GOOGLE_PMAX,325.07,23281,425,19
2024-12-16,Sicilia,Google Ads,RND_IT_GOOGLE_SEARCH_BRAND,75.51,2538,189,5
2024-12-16,Sicilia,Google Ads,RND_IT_GOOGLE_SEARCH_GENERICA,389.05,6938,354,22
2024-12-16,Sicilia,Google Ads,RND_IT_GOOGLE_SEARCH_LOCALE,153.28,3322,160,16
2024-12-16,Sicilia,Google Ads,RND_IT_GOOGLE_VIDEO_YOUTUBE,56.86,6371,56,2
2024-12-16,Toscana,Google Ads,RND_IT_GOOGLE_DISPLAY,60.36,9989,57,1
2024-12-16,Toscana,Google Ads,RND_IT_GOOGLE_PMAX,223.49,15515,308,11
2024-12-16,Toscana,Google Ads,RND_IT_GOOGLE_SEARCH_BRAND,71.38,2473,192,5
2024-12-16,Toscana,Google Ads,RND_IT_GOOGLE_SEARCH_GENERICA,117.26,2234,130,6
2024-12-16,Toscana,Google Ads,RND_IT_GOOGLE_SEARCH_LOCALE,116.60,2370,118,10
2024-12-16,Toscana,Google Ads,RND_IT_GOOGLE_VIDEO_YOUTUBE,52.56,6017,46,2
2024-12-16,Trentino-Alto Adige,Google Ads,RND_IT_GOOGLE_DISPLAY,23.13,4104,25,0
2024-12-16,Trentino-Alto Adige,Google Ads,RND_IT_GOOGLE_PMAX,35.98,2478,48,1
2024-12-16,Trentino-Alto Adige,Google Ads,RND_IT_GOOGLE_SEARCH_BRAND,14.90,503,36,1
2024-12-16,Trentino-Alto Adige,Google Ads,RND_IT_GOOGLE_SEARCH_GENERICA,39.29,715,31,2
2024-12-16,Trentino-Alto Adige,Google Ads,RND_IT_GOOGLE_SEARCH_LOCALE,29.01,600,27,2
2024-12-16,Trentino-Alto Adige,Google Ads,RND_IT_GOOGLE_VIDEO_YOUTUBE,13.41,1487,12,0
2024-12-16,Umbria,Google Ads,RND_IT_GOOGLE_DISPLAY,18.02,2873,18,0
2024-12-16,Umbria,Google Ads,RND_IT_GOOGLE_PMAX,35.98,2395,51,2
2024-12-16,Umbria,Google Ads,RND_IT_GOOGLE_SEARCH_BRAND,18.64,636,44,1
2024-12-16,Umbria,Google Ads,RND_IT_GOOGLE_SEARCH_GENERICA,60.78,1107,52,3
2024-12-16,Umbria,Google Ads,RND_IT_GOOGLE_SEARCH_LOCALE,22.58,463,22,2
2024-12-16,Umbria,Google Ads,RND_IT_GOOGLE_VIDEO_YOUTUBE,10.54,1220,10,0
2024-12-16,Valle d'Aosta,Google Ads,RND_IT_GOOGLE_DISPLAY,2.52,412,3,0
2024-12-16,Valle d'Aosta,Google Ads,RND_IT_GOOGLE_PMAX,5.71,410,9,0
2024-12-16,Valle d'Aosta,Google Ads,RND_IT_GOOGLE_SEARCH_BRAND,3.74,121,10,0
2024-12-16,Valle d'Aosta,Google Ads,RND_IT_GOOGLE_SEARCH_GENERICA,5.89,107,5,0
2024-12-16,Valle d'Aosta,Google Ads,RND_IT_GOOGLE_SEARCH_LOCALE,2.41,49,2,0
2024-12-16,Valle d'Aosta,Google Ads,RND_IT_GOOGLE_VIDEO_YOUTUBE,2.02,222,2,0
2024-12-16,Veneto,Google Ads,RND_IT_GOOGLE_DISPLAY,86.70,14511,85,1
2024-12-16,Veneto,Google Ads,RND_IT_GOOGLE_PMAX,204.21,13580,275,5
2024-12-16,Veneto,Google Ads,RND_IT_GOOGLE_SEARCH_BRAND,121.04,3902,324,5
2024-12-16,Veneto,Google Ads,RND_IT_GOOGLE_SEARCH_GENERICA,211.38,3851,223,7
2024-12-16,Veneto,Google Ads,RND_IT_GOOGLE_SEARCH_LOCALE,111.83,2405,106,6
2024-12-16,Veneto,Google Ads,RND_IT_GOOGLE_VIDEO_YOUTUBE,76.35,8578,75,1
2024-12-23,Abruzzo,Google Ads,RND_IT_GOOGLE_DISPLAY,46.90,7926,52,1
2024-12-23,Abruzzo,Google Ads,RND_IT_GOOGLE_PMAX,109.44,7742,155,3
2024-12-23,Abruzzo,Google Ads,RND_IT_GOOGLE_SEARCH_BRAND,34.79,1216,97,1
2024-12-23,Abruzzo,Google Ads,RND_IT_GOOGLE_SEARCH_GENERICA,97.60,1635,92,3
2024-12-23,Abruzzo,Google Ads,RND_IT_GOOGLE_SEARCH_LOCALE,30.15,632,25,1
2024-12-23,Abruzzo,Google Ads,RND_IT_GOOGLE_VIDEO_YOUTUBE,28.79,3181,27,1
2024-12-23,Basilicata,Google Ads,RND_IT_GOOGLE_DISPLAY,12.40,2031,10,0
2024-12-23,Basilicata,Google Ads,RND_IT_GOOGLE_PMAX,28.39,2070,36,1
2024-12-23,Basilicata,Google Ads,RND_IT_GOOGLE_SEARCH_BRAND,22.96,768,56,1
2024-12-23,Basilicata,Google Ads,RND_IT_GOOGLE_SEARCH_GENERICA,49.27,891,49,1
2024-12-23,Basilicata,Google Ads,RND_IT_GOOGLE_SEARCH_LOCALE,18.77,388,18,1
2024-12-23,Basilicata,Google Ads,RND_IT_GOOGLE_VIDEO_YOUTUBE,9.31,1099,9,0
2024-12-23,Calabria,Google Ads,RND_IT_GOOGLE_DISPLAY,73.66,11886,66,2
2024-12-23,Calabria,Google Ads,RND_IT_GOOGLE_PMAX,101.67,7105,156,4
2024-12-23,Calabria,Google Ads,RND_IT_GOOGLE_SEARCH_BRAND,64.28,2103,154,3
2024-12-23,Calabria,Google Ads,RND_IT_GOOGLE_SEARCH_GENERICA,126.85,2212,104,5
2024-12-23,Calabria,Google Ads,RND_IT_GOOGLE_SEARCH_LOCALE,61.89,1392,69,5
2024-12-23,Calabria,Google Ads,RND_IT_GOOGLE_VIDEO_YOUTUBE,52.80,5805,49,2
2024-12-23,Campania,Google Ads,RND_IT_GOOGLE_DISPLAY,197.50,33530,211,4
2024-12-23,Campania,Google Ads,RND_IT_GOOGLE_PMAX,337.66,23334,455,12
2024-12-23,Campania,Google Ads,RND_IT_GOOGLE_SEARCH_BRAND,193.15,6318,520,10
2024-12-23,Campania,Google Ads,RND_IT_GOOGLE_SEARCH_GENERICA,511.76,9759,465,25
2024-12-23,Campania,Google Ads,RND_IT_GOOGLE_SEARCH_LOCALE,270.63,5395,253,22
2024-12-23,Campania,Google Ads,RND_IT_GOOGLE_VIDEO_YOUTUBE,111.69,12313,90,3
2024-12-23,Emilia-Romagna,Google Ads,RND_IT_GOOGLE_DISPLAY,190.24,31833,179,5
2024-12-23,Emilia-Romagna,Google Ads,RND_IT_GOOGLE_PMAX,388.69,27707,549,17
2024-12-23,Emilia-Romagna,Google Ads,RND_IT_GOOGLE_SEARCH_BRAND,219.44,7172,525,12
2024-12-23,Emilia-Romagna,Google Ads,RND_IT_GOOGLE_SEARCH_GENERICA,352.53,6715,316,20
2024-12-23,Emilia-Romagna,Google Ads,RND_IT_GOOGLE_SEARCH_LOCALE,111.76,2367,99,12
2024-12-23,Emilia-Romagna,Google Ads,RND_IT_GOOGLE_VIDEO_YOUTUBE,64.55,7197,57,2
2024-12-23,Friuli-Venezia Giulia,Google Ads,RND_IT_GOOGLE_DISPLAY,46.31,7639,43,1
2024-12-23,Friuli-Venezia Giulia,Google Ads,RND_IT_GOOGLE_PMAX,115.82,8067,172,5
2024-12-23,Friuli-Venezia Giulia,Google Ads,RND_IT_GOOGLE_SEARCH_BRAND,36.93,1205,86,3
2024-12-23,Friuli-Venezia Giulia,Google Ads,RND_IT_GOOGLE_SEARCH_GENERICA,90.11,1680,79,5
2024-12-23,Friuli-Venezia Giulia,Google Ads,RND_IT_GOOGLE_SEARCH_LOCALE,26.29,530,26,2
2024-12-23,Friuli-Venezia Giulia,Google Ads,RND_IT_GOOGLE_VIDEO_YOUTUBE,16.99,1873,14,1
2024-12-23,Lazio,Google Ads,RND_IT_GOOGLE_DISPLAY,185.52,31383,182,4
2024-12-23,Lazio,Google Ads,RND_IT_GOOGLE_PMAX,319.52,22950,465,16
2024-12-23,Lazio,Google Ads,RND_IT_GOOGLE_SEARCH_BRAND,124.26,3983,338,9
2024-12-23,Lazio,Google Ads,RND_IT_GOOGLE_SEARCH_GENERICA,558.11,10075,556,33
2024-12-23,Lazio,Google Ads,RND_IT_GOOGLE_SEARCH_LOCALE,263.16,5457,240,28
2024-12-23,Lazio,Google Ads,RND_IT_GOOGLE_VIDEO_YOUTUBE,128.60,14423,115,4
2024-12-23,Liguria,Google Ads,RND_IT_GOOGLE_DISPLAY,37.52,6227,35,1
2024-12-23,Liguria,Google Ads,RND_IT_GOOGLE_PMAX,57.76,3998,86,3
2024-12-23,Liguria,Google Ads,RND_IT_GOOGLE_SEARCH_BRAND,49.01,1560,117,4
2024-12-23,Liguria,Google Ads,RND_IT_GOOGLE_SEARCH_GENERICA,101.20,1784,88,7
2024-12-23,Liguria,Google Ads,RND_IT_GOOGLE_SEARCH_LOCALE,52.54,1099,42,5
2024-12-23,Liguria,Google Ads,RND_IT_GOOGLE_VIDEO_YOUTUBE,27.00,3110,27,1
2024-12-23,Lombardia,Google Ads,RND_IT_GOOGLE_DISPLAY,385.52,63984,401,8
2024-12-23,Lombardia,Google Ads,RND_IT_GOOGLE_PMAX,583.39,41540,866,17
2024-12-23,Lombardia,Google Ads,RND_IT_GOOGLE_SEARCH_BRAND,322.65,10692,901,16
2024-12-23,Lombardia,Google Ads,RND_IT_GOOGLE_SEARCH_GENERICA,839.71,14966,742,38
2024-12-23,Lombardia,Google Ads,RND_IT_GOOGLE_SEARCH_LOCALE,355.59,7596,366,28
2024-12-23,Lombardia,Google Ads,RND_IT_GOOGLE_VIDEO_YOUTUBE,326.87,36480,292,9
2024-12-23,Marche,Google Ads,RND_IT_GOOGLE_DISPLAY,32.30,5355,34,1
2024-12-23,Marche,Google Ads,RND_IT_GOOGLE_PMAX,99.27,7017,142,3
2024-12-23,Marche,Google Ads,RND_IT_GOOGLE_SEARCH_BRAND,55.29,1810,122,3
2024-12-23,Marche,Google Ads,RND_IT_GOOGLE_SEARCH_GENERICA,102.36,1969,104,4
2024-12-23,Marche,Google Ads,RND_IT_GOOGLE_SEARCH_LOCALE,49.50,1023,43,3
2024-12-23,Marche,Google Ads,RND_IT_GOOGLE_VIDEO_YOUTUBE,29.15,3257,21,1
2024-12-23,Molise,Google Ads,RND_IT_GOOGLE_DISPLAY,13.21,2147,13,0
2024-12-23,Molise,Google Ads,RND_IT_GOOGLE_PMAX,24.50,1749,36,1
2024-12-23,Molise,Google Ads,RND_IT_GOOGLE_SEARCH_BRAND,6.58,227,18,0
2024-12-23,Molise,Google Ads,RND_IT_GOOGLE_SEARCH_GENERICA,37.61,670,30,2
2024-12-23,Molise,Google Ads,RND_IT_GOOGLE_SEARCH_LOCALE,13.86,286,14,1
2024-12-23,Molise,Google Ads,RND_IT_GOOGLE_VIDEO_YOUTUBE,7.24,799,6,0
2024-12-23,Piemonte,Google Ads,RND_IT_GOOGLE_DISPLAY,132.36,21449,138,2
2024-12-23,Piemonte,Google Ads,RND_IT_GOOGLE_PMAX,368.21,27591,508,11
2024-12-23,Piemonte,Google Ads,RND_IT_GOOGLE_SEARCH_BRAND,148.08,4979,428,7
2024-12-23,Piemonte,Google Ads,RND_IT_GOOGLE_SEARCH_GENERICA,616.65,10419,523,23
2024-12-23,Piemonte,Google Ads,RND_IT_GOOGLE_SEARCH_LOCALE,189.70,3919,191,12
2024-12-23,Piemonte,Google Ads,RND_IT_GOOGLE_VIDEO_YOUTUBE,98.54,10783,90,3
2024-12-23,Puglia,Google Ads,RND_IT_GOOGLE_DISPLAY,136.02,22312,121,2
2024-12-23,Puglia,Google Ads,RND_IT_GOOGLE_PMAX,329.94,23709,469,11
2024-12-23,Puglia,Google Ads,RND_IT_GOOGLE_SEARCH_BRAND,121.68,4088,307,6
2024-12-23,Puglia,Google Ads,RND_IT_GOOGLE_SEARCH_GENERICA,232.21,4353,201,9
2024-12-23,Puglia,Google Ads,RND_IT_GOOGLE_SEARCH_LOCALE,199.90,4030,178,13
2024-12-23,Puglia,Google Ads,RND_IT_GOOGLE_VIDEO_YOUTUBE,111.11,12381,95,2
2024-12-23,Sardegna,Google Ads,RND_IT_GOOGLE_DISPLAY,46.04,7681,46,1
2024-12-23,Sardegna,Google Ads,RND_IT_GOOGLE_PMAX,161.88,11738,253,7
2024-12-23,Sardegna,Google Ads,RND_IT_GOOGLE_SEARCH_BRAND,46.62,1519,112,3
2024-12-23,Sardegna,Google Ads,RND_IT_GOOGLE_SEARCH_GENERICA,140.23,2664,130,7
2024-12-23,Sardegna,Google Ads,RND_IT_GOOGLE_SEARCH_LOCALE,44.94,954,44,4
2024-12-23,Sardegna,Google Ads,RND_IT_GOOGLE_VIDEO_YOUTUBE,28.61,3180,27,1
2024-12-23,Sicilia,Google Ads,RND_IT_GOOGLE_DISPLAY,139.01,21867,144,4
2024-12-23,Sicilia,Google Ads,RND_IT_GOOGLE_PMAX,508.79,35661,668,26
2024-12-23,Sicilia,Google Ads,RND_IT_GOOGLE_SEARCH_BRAND,95.56,3174,219,7
2024-12-23,Sicilia,Google Ads,RND_IT_GOOGLE_SEARCH_GENERICA,491.57,9383,450,32
2024-12-23,Sicilia,Google Ads,RND_IT_GOOGLE_SEARCH_LOCALE,178.27,3745,197,17
2024-12-23,Sicilia,Google Ads,RND_IT_GOOGLE_VIDEO_YOUTUBE,73.35,8437,62,3
2024-12-23,Toscana,Google Ads,RND_IT_GOOGLE_DISPLAY,99.94,17129,110,3
2024-12-23,Toscana,Google Ads,RND_IT_GOOGLE_PMAX,289.34,20806,395,15
2024-12-23,Toscana,Google Ads,RND_IT_GOOGLE_SEARCH_BRAND,95.60,3221,260,6
2024-12-23,Toscana,Google Ads,RND_IT_GOOGLE_SEARCH_GENERICA,159.85,2997,143,10
2024-12-23,Toscana,Google Ads,RND_IT_GOOGLE_SEARCH_LOCALE,165.63,3496,168,16
2024-12-23,Toscana,Google Ads,RND_IT_GOOGLE_VIDEO_YOUTUBE,81.12,8754,72,3
2024-12-23,Trentino-Alto Adige,Google Ads,RND_IT_GOOGLE_DISPLAY,37.02,6173,41,1
2024-12-23,Trentino-Alto Adige,Google Ads,RND_IT_GOOGLE_PMAX,49.30,3492,66,2
2024-12-23,Trentino-Alto Adige,Google Ads,RND_IT_GOOGLE_SEARCH_BRAND,27.51,937,66,1
2024-12-23,Trentino-Alto Adige,Google Ads,RND_IT_GOOGLE_SEARCH_GENERICA,56.64,1067,54,2
2024-12-23,Trentino-Alto Adige,Google Ads,RND_IT_GOOGLE_SEARCH_LOCALE,37.91,788,36,3
2024-12-23,Trentino-Alto Adige,Google Ads,RND_IT_GOOGLE_VIDEO_YOUTUBE,16.65,1930,16,0
2024-12-23,Umbria,Google Ads,RND_IT_GOOGLE_DISPLAY,24.72,3989,23,0
2024-12-23,Umbria,Google Ads,RND_IT_GOOGLE_PMAX,56.73,4056,82,2
2024-12-23,Umbria,Google Ads,RND_IT_GOOGLE_SEARCH_BRAND,29.64,985,73,2
2024-12-23,Umbria,Google Ads,RND_IT_GOOGLE_SEARCH_GENERICA,71.47,1302,66,4
2024-12-23,Umbria,Google Ads,RND_IT_GOOGLE_SEARCH_LOCALE,28.73,595,32,2
2024-12-23,Umbria,Google Ads,RND_IT_GOOGLE_VIDEO_YOUTUBE,14.52,1607,14,0
2024-12-23,Valle d'Aosta,Google Ads,RND_IT_GOOGLE_DISPLAY,4.23,739,5,0
2024-12-23,Valle d'Aosta,Google Ads,RND_IT_GOOGLE_PMAX,9.26,674,15,0
2024-12-23,Valle d'Aosta,Google Ads,RND_IT_GOOGLE_SEARCH_BRAND,4.22,145,10,0
2024-12-23,Valle d'Aosta,Google Ads,RND_IT_GOOGLE_SEARCH_GENERICA,8.08,138,7,0
2024-12-23,Valle d'Aosta,Google Ads,RND_IT_GOOGLE_SEARCH_LOCALE,3.52,76,3,0
2024-12-23,Valle d'Aosta,Google Ads,RND_IT_GOOGLE_VIDEO_YOUTUBE,2.46,274,2,0
2024-12-23,Veneto,Google Ads,RND_IT_GOOGLE_DISPLAY,147.57,24625,143,3
2024-12-23,Veneto,Google Ads,RND_IT_GOOGLE_PMAX,253.30,17821,370,7
2024-12-23,Veneto,Google Ads,RND_IT_GOOGLE_SEARCH_BRAND,183.10,6105,508,8
2024-12-23,Veneto,Google Ads,RND_IT_GOOGLE_SEARCH_GENERICA,283.35,5156,264,10
2024-12-23,Veneto,Google Ads,RND_IT_GOOGLE_SEARCH_LOCALE,171.27,3678,172,11
2024-12-23,Veneto,Google Ads,RND_IT_GOOGLE_VIDEO_YOUTUBE,99.84,10739,91,2
2024-12-30,Abruzzo,Google Ads,RND_IT_GOOGLE_DISPLAY,32.32,5170,32,1
2024-12-30,Abruzzo,Google Ads,RND_IT_GOOGLE_PMAX,86.68,6117,104,2
2024-12-30,Abruzzo,Google Ads,RND_IT_GOOGLE_SEARCH_BRAND,29.11,993,81,1
2024-12-30,Abruzzo,Google Ads,RND_IT_GOOGLE_SEARCH_GENERICA,64.01,1185,56,2
2024-12-30,Abruzzo,Google Ads,RND_IT_GOOGLE_SEARCH_LOCALE,27.22,591,25,1
2024-12-30,Abruzzo,Google Ads,RND_IT_GOOGLE_VIDEO_YOUTUBE,24.09,2722,24,0
2024-12-30,Basilicata,Google Ads,RND_IT_GOOGLE_DISPLAY,6.92,1208,8,0
2024-12-30,Basilicata,Google Ads,RND_IT_GOOGLE_PMAX,19.16,1349,28,0
2024-12-30,Basilicata,Google Ads,RND_IT_GOOGLE_SEARCH_BRAND,21.48,706,53,1
2024-12-30,Basilicata,Google Ads,RND_IT_GOOGLE_SEARCH_GENERICA,34.37,622,33,1
2024-12-30,Basilicata,Google Ads,RND_IT_GOOGLE_SEARCH_LOCALE,13.57,286,11,1
2024-12-30,Basilicata,Google Ads,RND_IT_GOOGLE_VIDEO_YOUTUBE,8.15,879,6,0
2024-12-30,Calabria,Google Ads,RND_IT_GOOGLE_DISPLAY,52.12,9039,51,2
2024-12-30,Calabria,Google Ads,RND_IT_GOOGLE_PMAX,82.97,5837,113,3
2024-12-30,Calabria,Google Ads,RND_IT_GOOGLE_SEARCH_BRAND,53.66,1691,117,3
2024-12-30,Calabria,Google Ads,RND_IT_GOOGLE_SEARCH_GENERICA,84.31,1525,75,4
2024-12-30,Calabria,Google Ads,RND_IT_GOOGLE_SEARCH_LOCALE,51.38,1114,49,4
2024-12-30,Calabria,Google Ads,RND_IT_GOOGLE_VIDEO_YOUTUBE,47.22,5306,43,1
2024-12-30,Campania,Google Ads,RND_IT_GOOGLE_DISPLAY,122.30,19828,104,6
2024-12-30,Campania,Google Ads,RND_IT_GOOGLE_PMAX,302.10,21691,449,12
2024-12-30,Campania,Google Ads,RND_IT_GOOGLE_SEARCH_BRAND,162.18,5449,453,9
2024-12-30,Campania,Google Ads,RND_IT_GOOGLE_SEARCH_GENERICA,443.24,7826,378,23
2024-12-30,Campania,Google Ads,RND_IT_GOOGLE_SEARCH_LOCALE,188.88,3886,175,14
2024-12-30,Campania,Google Ads,RND_IT_GOOGLE_VIDEO_YOUTUBE,65.30,7316,51,1
2024-12-30,Emilia-Romagna,Google Ads,RND_IT_GOOGLE_DISPLAY,128.46,21202,144,7
2024-12-30,Emilia-Romagna,Google Ads,RND_IT_GOOGLE_PMAX,413.66,29225,578,18
2024-12-30,Emilia-Romagna,Google Ads,RND_IT_GOOGLE_SEARCH_BRAND,199.04,6779,495,12
2024-12-30,Emilia-Romagna,Google Ads,RND_IT_GOOGLE_SEARCH_GENERICA,230.23,4060,192,12
2024-12-30,Emilia-Romagna,Google Ads,RND_IT_GOOGLE_SEARCH_LOCALE,86.29,1787,82,7
2024-12-30,Emilia-Romagna,Google Ads,RND_IT_GOOGLE_VIDEO_YOUTUBE,53.77,5916,44,2
2024-12-30,Friuli-Venezia Giulia,Google Ads,RND_IT_GOOGLE_DISPLAY,27.49,4518,28,1
2024-12-30,Friuli-Venezia Giulia,Google Ads,RND_IT_GOOGLE_PMAX,92.59,6911,130,5
2024-12-30,Friuli-Venezia Giulia,Google Ads,RND_IT_GOOGLE_SEARCH_BRAND,28.66,972,67,2
2024-12-30,Friuli-Venezia Giulia,Google Ads,RND_IT_GOOGLE_SEARCH_GENERICA,74.41,1427,70,4
2024-12-30,Friuli-Venezia Giulia,Google Ads,RND_IT_GOOGLE_SEARCH_LOCALE,19.89,429,17,2
2024-12-30,Friuli-Venezia Giulia,Google Ads,RND_IT_GOOGLE_VIDEO_YOUTUBE,13.46,1403,11,0
2024-12-30,Lazio,Google Ads,RND_IT_GOOGLE_DISPLAY,98.86,15543,93,6
2024-12-30,Lazio,Google Ads,RND_IT_GOOGLE_PMAX,217.46,16781,334,12
2024-12-30,Lazio,Google Ads,RND_IT_GOOGLE_SEARCH_BRAND,96.54,3259,214,8
2024-12-30,Lazio,Google Ads,RND_IT_GOOGLE_SEARCH_GENERICA,367.83,7064,399,23
2024-12-30,Lazio,Google Ads,RND_IT_GOOGLE_SEARCH_LOCALE,188.37,4024,189,21
2024-12-30,Lazio,Google Ads,RND_IT_GOOGLE_VIDEO_YOUTUBE,99.48,11770,94,4
2024-12-30,Liguria,Google Ads,RND_IT_GOOGLE_DISPLAY,19.85,3341,20,1
2024-12-30,Liguria,Google Ads,RND_IT_GOOGLE_PMAX,45.16,3171,61,3
2024-12-30,Liguria,Google Ads,RND_IT_GOOGLE_SEARCH_BRAND,37.78,1246,89,4
2024-12-30,Liguria,Google Ads,RND_IT_GOOGLE_SEARCH_GENERICA,68.55,1246,62,5
2024-12-30,Liguria,Google Ads,RND_IT_GOOGLE_SEARCH_LOCALE,35.45,732,31,4
2024-12-30,Liguria,Google Ads,RND_IT_GOOGLE_VIDEO_YOUTUBE,22.14,2382,20,1
2024-12-30,Lombardia,Google Ads,RND_IT_GOOGLE_DISPLAY,229.74,39261,201,10
2024-12-30,Lombardia,Google Ads,RND_IT_GOOGLE_PMAX,516.22,37198,760,20
2024-12-30,Lombardia,Google Ads,RND_IT_GOOGLE_SEARCH_BRAND,312.46,10163,685,17
2024-12-30,Lombardia,Google Ads,RND_IT_GOOGLE_SEARCH_GENERICA,735.92,13493,621,33
2024-12-30,Lombardia,Google Ads,RND_IT_GOOGLE_SEARCH_LOCALE,283.59,5723,268,18
2024-12-30,Lombardia,Google Ads,RND_IT_GOOGLE_VIDEO_YOUTUBE,264.16,29591,252,6
2024-12-30,Marche,Google Ads,RND_IT_GOOGLE_DISPLAY,21.80,3705,23,1
2024-12-30,Marche,Google Ads,RND_IT_GOOGLE_PMAX,80.88,5957,112,3
2024-12-30,Marche,Google Ads,RND_IT_GOOGLE_SEARCH_BRAND,40.48,1372,98,2
2024-12-30,Marche,Google Ads,RND_IT_GOOGLE_SEARCH_GENERICA,67.37,1189,63,3
2024-12-30,Marche,Google Ads,RND_IT_GOOGLE_SEARCH_LOCALE,45.09,934,45,3
2024-12-30,Marche,Google Ads,RND_IT_GOOGLE_VIDEO_YOUTUBE,24.77,2692,22,1
2024-12-30,Molise,Google Ads,RND_IT_GOOGLE_DISPLAY,8.21,1370,8,0
2024-12-30,Molise,Google Ads,RND_IT_GOOGLE_PMAX,19.36,1372,25,1
2024-12-30,Molise,Google Ads,RND_IT_GOOGLE_SEARCH_BRAND,4.83,163,13,0
2024-12-30,Molise,Google Ads,RND_IT_GOOGLE_SEARCH_GENERICA,25.14,466,23,2
2024-12-30,Molise,Google Ads,RND_IT_GOOGLE_SEARCH_LOCALE,9.30,190,8,1
2024-12-30,Molise,Google Ads,RND_IT_GOOGLE_VIDEO_YOUTUBE,5.96,683,6,0
2024-12-30,Piemonte,Google Ads,RND_IT_GOOGLE_DISPLAY,78.01,13370,81,3
2024-12-30,Piemonte,Google Ads,RND_IT_GOOGLE_PMAX,269.52,18677,393,9
2024-12-30,Piemonte,Google Ads,RND_IT_GOOGLE_SEARCH_BRAND,124.38,4076,298,7
2024-12-30,Piemonte,Google Ads,RND_IT_GOOGLE_SEARCH_GENERICA,428.48,8202,418,20
2024-12-30,Piemonte,Google Ads,RND_IT_GOOGLE_SEARCH_LOCALE,128.30,2811,118,8
2024-12-30,Piemonte,Google Ads,RND_IT_GOOGLE_VIDEO_YOUTUBE,66.02,7252,54,2
2024-12-30,Puglia,Google Ads,RND_IT_GOOGLE_DISPLAY,98.51,15859,95,4
2024-12-30,Puglia,Google Ads,RND_IT_GOOGLE_PMAX,279.46,21002,453,10
2024-12-30,Puglia,Google Ads,RND_IT_GOOGLE_SEARCH_BRAND,94.28,3247,250,5
2024-12-30,Puglia,Google Ads,RND_IT_GOOGLE_SEARCH_GENERICA,162.32,2816,135,6
2024-12-30,Puglia,Google Ads,RND_IT_GOOGLE_SEARCH_LOCALE,158.10,3369,168,11
2024-12-30,Puglia,Google Ads,RND_IT_GOOGLE_VIDEO_YOUTUBE,103.50,11240,97,2
2024-12-30,Sardegna,Google Ads,RND_IT_GOOGLE_DISPLAY,28.84,5070,23,1
2024-12-30,Sardegna,Google Ads,RND_IT_GOOGLE_PMAX,123.61,9011,188,6
2024-12-30,Sardegna,Google Ads,RND_IT_GOOGLE_SEARCH_BRAND,38.57,1252,89,3
2024-12-30,Sardegna,Google Ads,RND_IT_GOOGLE_SEARCH_GENERICA,103.58,1909,104,6
2024-12-30,Sardegna,Google Ads,RND_IT_GOOGLE_SEARCH_LOCALE,35.92,731,35,3
2024-12-30,Sardegna,Google Ads,RND_IT_GOOGLE_VIDEO_YOUTUBE,21.86,2472,15,1
2024-12-30,Sicilia,Google Ads,RND_IT_GOOGLE_DISPLAY,90.51,14736,91,6
2024-12-30,Sicilia,Google Ads,RND_IT_GOOGLE_PMAX,350.05,25243,482,18
2024-12-30,Sicilia,Google Ads,RND_IT_GOOGLE_SEARCH_BRAND,73.18,2397,181,6
2024-12-30,Sicilia,Google Ads,RND_IT_GOOGLE_SEARCH_GENERICA,356.50,6587,316,23
2024-12-30,Sicilia,Google Ads,RND_IT_GOOGLE_SEARCH_LOCALE,146.64,2959,135,14
2024-12-30,Sicilia,Google Ads,RND_IT_GOOGLE_VIDEO_YOUTUBE,59.74,6385,57,2
2024-12-30,Toscana,Google Ads,RND_IT_GOOGLE_DISPLAY,85.22,13921,85,5
2024-12-30,Toscana,Google Ads,RND_IT_GOOGLE_PMAX,217.34,16200,307,13
2024-12-30,Toscana,Google Ads,RND_IT_GOOGLE_SEARCH_BRAND,78.66,2751,234,6
2024-12-30,Toscana,Google Ads,RND_IT_GOOGLE_SEARCH_GENERICA,141.44,2612,143,10
2024-12-30,Toscana,Google Ads,RND_IT_GOOGLE_SEARCH_LOCALE,118.86,2419,120,11
2024-12-30,Toscana,Google Ads,RND_IT_GOOGLE_VIDEO_YOUTUBE,75.28,8261,72,3
2024-12-30,Trentino-Alto Adige,Google Ads,RND_IT_GOOGLE_DISPLAY,24.26,3973,24,1
2024-12-30,Trentino-Alto Adige,Google Ads,RND_IT_GOOGLE_PMAX,38.83,2838,54,1
2024-12-30,Trentino-Alto Adige,Google Ads,RND_IT_GOOGLE_SEARCH_BRAND,24.02,821,60,1
2024-12-30,Trentino-Alto Adige,Google Ads,RND_IT_GOOGLE_SEARCH_GENERICA,44.14,842,39,2
2024-12-30,Trentino-Alto Adige,Google Ads,RND_IT_GOOGLE_SEARCH_LOCALE,26.28,538,24,2
2024-12-30,Trentino-Alto Adige,Google Ads,RND_IT_GOOGLE_VIDEO_YOUTUBE,13.26,1504,13,0
2024-12-30,Umbria,Google Ads,RND_IT_GOOGLE_DISPLAY,14.33,2341,14,1
2024-12-30,Umbria,Google Ads,RND_IT_GOOGLE_PMAX,40.40,2881,61,2
2024-12-30,Umbria,Google Ads,RND_IT_GOOGLE_SEARCH_BRAND,28.36,935,72,2
2024-12-30,Umbria,Google Ads,RND_IT_GOOGLE_SEARCH_GENERICA,59.84,1154,57,3
2024-12-30,Umbria,Google Ads,RND_IT_GOOGLE_SEARCH_LOCALE,21.67,449,19,2
2024-12-30,Umbria,Google Ads,RND_IT_GOOGLE_VIDEO_YOUTUBE,11.31,1313,12,0
2024-12-30,Valle d'Aosta,Google Ads,RND_IT_GOOGLE_DISPLAY,2.89,478,3,0
2024-12-30,Valle d'Aosta,Google Ads,RND_IT_GOOGLE_PMAX,6.60,458,9,0
2024-12-30,Valle d'Aosta,Google Ads,RND_IT_GOOGLE_SEARCH_BRAND,3.44,116,8,0
2024-12-30,Valle d'Aosta,Google Ads,RND_IT_GOOGLE_SEARCH_GENERICA,5.95,107,6,0
2024-12-30,Valle d'Aosta,Google Ads,RND_IT_GOOGLE_SEARCH_LOCALE,2.20,47,2,0
2024-12-30,Valle d'Aosta,Google Ads,RND_IT_GOOGLE_VIDEO_YOUTUBE,2.17,234,2,0
2024-12-30,Veneto,Google Ads,RND_IT_GOOGLE_DISPLAY,97.59,16152,98,3
2024-12-30,Veneto,Google Ads,RND_IT_GOOGLE_PMAX,233.52,16433,349,7
2024-12-30,Veneto,Google Ads,RND_IT_GOOGLE_SEARCH_BRAND,169.64,5681,471,8
2024-12-30,Veneto,Google Ads,RND_IT_GOOGLE_SEARCH_GENERICA,197.76,3668,186,7
2024-12-30,Veneto,Google Ads,RND_IT_GOOGLE_SEARCH_LOCALE,122.69,2482,111,8
2024-12-30,Veneto,Google Ads,RND_IT_GOOGLE_VIDEO_YOUTUBE,69.92,7626,64,1
2025-01-06,Abruzzo,Google Ads,RND_IT_GOOGLE_DISPLAY,41.24,6900,42,1
2025-01-06,Abruzzo,Google Ads,RND_IT_GOOGLE_PMAX,74.35,5503,115,2
2025-01-06,Abruzzo,Google Ads,RND_IT_GOOGLE_SEARCH_BRAND,35.18,1076,78,1
2025-01-06,Abruzzo,Google Ads,RND_IT_GOOGLE_SEARCH_GENERICA,85.68,1562,91,2
2025-01-06,Abruzzo,Google Ads,RND_IT_GOOGLE_SEARCH_LOCALE,38.61,860,41,2
2025-01-06,Abruzzo,Google Ads,RND_IT_GOOGLE_VIDEO_YOUTUBE,25.35,2847,23,0
2025-01-06,Basilicata,Google Ads,RND_IT_GOOGLE_DISPLAY,10.03,1630,10,0
2025-01-06,Basilicata,Google Ads,RND_IT_GOOGLE_PMAX,16.37,1193,26,0
2025-01-06,Basilicata,Google Ads,RND_IT_GOOGLE_SEARCH_BRAND,23.02,747,60,1
2025-01-06,Basilicata,Google Ads,RND_IT_GOOGLE_SEARCH_GENERICA,32.32,576,28,1
2025-01-06,Basilicata,Google Ads,RND_IT_GOOGLE_SEARCH_LOCALE,21.15,428,21,1
2025-01-06,Basilicata,Google Ads,RND_IT_GOOGLE_VIDEO_YOUTUBE,9.78,1021,8,0
2025-01-06,Calabria,Google Ads,RND_IT_GOOGLE_DISPLAY,72.55,12152,74,3
2025-01-06,Calabria,Google Ads,RND_IT_GOOGLE_PMAX,88.53,6288,135,4
2025-01-06,Calabria,Google Ads,RND_IT_GOOGLE_SEARCH_BRAND,76.75,2554,190,4
2025-01-06,Calabria,Google Ads,RND_IT_GOOGLE_SEARCH_GENERICA,85.14,1561,79,3
2025-01-06,Calabria,Google Ads,RND_IT_GOOGLE_SEARCH_LOCALE,70.75,1412,64,6
2025-01-06,Calabria,Google Ads,RND_IT_GOOGLE_VIDEO_YOUTUBE,57.92,6697,49,1
2025-01-06,Campania,Google Ads,RND_IT_GOOGLE_DISPLAY,189.07,30481,207,9
2025-01-06,Campania,Google Ads,RND_IT_GOOGLE_PMAX,274.42,20641,428,10
2025-01-06,Campania,Google Ads,RND_IT_GOOGLE_SEARCH_BRAND,199.28,6572,514,11
2025-01-06,Campania,Google Ads,RND_IT_GOOGLE_SEARCH_GENERICA,495.41,9189,521,21
2025-01-06,Campania,Google Ads,RND_IT_GOOGLE_SEARCH_LOCALE,242.06,5298,259,16
2025-01-06,Campania,Google Ads,RND_IT_GOOGLE_VIDEO_YOUTUBE,96.46,10396,85,2
2025-01-06,Emilia-Romagna,Google Ads,RND_IT_GOOGLE_DISPLAY,161.61,27527,157,8
2025-01-06,Emilia-Romagna,Google Ads,RND_IT_GOOGLE_PMAX,291.89,20751,372,13
2025-01-06,Emilia-Romagna,Google Ads,RND_IT_GOOGLE_SEARCH_BRAND,216.81,7281,572,14
2025-01-06,Emilia-Romagna,Google Ads,RND_IT_GOOGLE_SEARCH_GENERICA,266.77,4882,218,15
2025-01-06,Emilia-Romagna,Google Ads,RND_IT_GOOGLE_SEARCH_LOCALE,95.42,2067,92,8
2025-01-06,Emilia-Romagna,Google Ads,RND_IT_GOOGLE_VIDEO_YOUTUBE,65.11,7140,59,2
2025-01-06,Friuli-Venezia Giulia,Google Ads,RND_IT_GOOGLE_DISPLAY,35.69,6077,36,2
2025-01-06,Friuli-Venezia Giulia,Google Ads,RND_IT_GOOGLE_PMAX,82.88,6096,127,4
2025-01-06,Friuli-Venezia Giulia,Google Ads,RND_IT_GOOGLE_SEARCH_BRAND,36.04,1242,90,2
2025-01-06,Friuli-Venezia Giulia,Google Ads,RND_IT_GOOGLE_SEARCH_GENERICA,76.32,1351,60,4
2025-01-06,Friuli-Venezia Giulia,Google Ads,RND_IT_GOOGLE_SEARCH_LOCALE,25.47,528,22,2
2025-01-06,Friuli-Venezia Giulia,Google Ads,RND_IT_GOOGLE_VIDEO_YOUTUBE,19.01,2129,16,1
2025-01-06,Lazio,Google Ads,RND_IT_GOOGLE_DISPLAY,145.06,24172,162,8
2025-01-06,Lazio,Google Ads,RND_IT_GOOGLE_PMAX,186.88,13437,271,8
2025-01-06,Lazio,Google Ads,RND_IT_GOOGLE_SEARCH_BRAND,141.73,4679,378,9
2025-01-06,Lazio,Google Ads,RND_IT_GOOGLE_SEARCH_GENERICA,429.68,7704,364,24
2025-01-06,Lazio,Google Ads,RND_IT_GOOGLE_SEARCH_LOCALE,294.36,6203,254,24
2025-01-06,Lazio,Google Ads,RND_IT_GOOGLE_VIDEO_YOUTUBE,106.03,11799,94,3
2025-01-06,Liguria,Google Ads,RND_IT_GOOGLE_DISPLAY,25.41,4153,25,2
2025-01-06,Liguria,Google Ads,RND_IT_GOOGLE_PMAX,45.26,3420,67,3
2025-01-06,Liguria,Google Ads,RND_IT_GOOGLE_SEARCH_BRAND,51.71,1669,119,5
2025-01-06,Liguria,Google Ads,RND_IT_GOOGLE_SEARCH_GENERICA,63.38,1137,60,4
2025-01-06,Liguria,Google Ads,RND_IT_GOOGLE_SEARCH_LOCALE,59.06,1245,54,6
2025-01-06,Liguria,Google Ads,RND_IT_GOOGLE_VIDEO_YOUTUBE,29.59,3192,23,1
2025-01-06,Lombardia,Google Ads,RND_IT_GOOGLE_DISPLAY,333.06,56028,358,12
2025-01-06,Lombardia,Google Ads,RND_IT_GOOGLE_PMAX,476.65,34815,763,15
2025-01-06,Lombardia,Google Ads,RND_IT_GOOGLE_SEARCH_BRAND,356.96,12015,950,17
2025-01-06,Lombardia,Google Ads,RND_IT_GOOGLE_SEARCH_GENERICA,734.72,13021,578,31
2025-01-06,Lombardia,Google Ads,RND_IT_GOOGLE_SEARCH_LOCALE,403.95,8450,346,23
2025-01-06,Lombardia,Google Ads,RND_IT_GOOGLE_VIDEO_YOUTUBE,323.10,37754,294,8
2025-01-06,Marche,Google Ads,RND_IT_GOOGLE_DISPLAY,30.01,4868,29,1
2025-01-06,Marche,Google Ads,RND_IT_GOOGLE_PMAX,78.49,5614,111,3
2025-01-06,Marche,Google Ads,RND_IT_GOOGLE_SEARCH_BRAND,51.81,1710,125,3
2025-01-06,Marche,Google Ads,RND_IT_GOOGLE_SEARCH_GENERICA,62.13,1140,59,3
2025-01-06,Marche,Google Ads,RND_IT_GOOGLE_SEARCH_LOCALE,52.65,1054,54,4
2025-01-06,Marche,Google Ads,RND_IT_GOOGLE_VIDEO_YOUTUBE,33.54,3438,29,1
2025-01-06,Molise,Google Ads,RND_IT_GOOGLE_DISPLAY,14.00,2336,14,1
2025-01-06,Molise,Google Ads,RND_IT_GOOGLE_PMAX,18.69,1328,26,1
2025-01-06,Molise,Google Ads,RND_IT_GOOGLE_SEARCH_BRAND,6.48,215,17,0
2025-01-06,Molise,Google Ads,RND_IT_GOOGLE_SEARCH_GENERICA,29.04,535,28,2
2025-01-06,Molise,Google Ads,RND_IT_GOOGLE_SEARCH_LOCALE,11.53,222,10,1
2025-01-06,Molise,Google Ads,RND_IT_GOOGLE_VIDEO_YOUTUBE,8.09,868,7,0
2025-01-06,Piemonte,Google Ads,RND_IT_GOOGLE_DISPLAY,117.96,19571,126,4
2025-01-06,Piemonte,Google Ads,RND_IT_GOOGLE_PMAX,209.35,14946,322,7
2025-01-06,Piemonte,Google Ads,RND_IT_GOOGLE_SEARCH_BRAND,128.40,4242,308,7
2025-01-06,Piemonte,Google Ads,RND_IT_GOOGLE_SEARCH_GENERICA,371.84,6959,397,14
2025-01-06,Piemonte,Google Ads,RND_IT_GOOGLE_SEARCH_LOCALE,169.16,3435,154,12
2025-01-06,Piemonte,Google Ads,RND_IT_GOOGLE_VIDEO_YOUTUBE,82.74,9018,76,1
2025-01-06,Puglia,Google Ads,RND_IT_GOOGLE_DISPLAY,115.69,20802,129,4
2025-01-06,Puglia,Google Ads,RND_IT_GOOGLE_PMAX,288.82,20181,392,9
2025-01-06,Puglia,Google Ads,RND_IT_GOOGLE_SEARCH_BRAND,116.28,4137,311,6
2025-01-06,Puglia,Google Ads,RND_IT_GOOGLE_SEARCH_GENERICA,175.07,3101,166,7
2025-01-06,Puglia,Google Ads,RND_IT_GOOGLE_SEARCH_LOCALE,195.49,4295,217,14
2025-01-06,Puglia,Google Ads,RND_IT_GOOGLE_VIDEO_YOUTUBE,123.96,13380,114,3
2025-01-06,Sardegna,Google Ads,RND_IT_GOOGLE_DISPLAY,36.47,5855,31,2
2025-01-06,Sardegna,Google Ads,RND_IT_GOOGLE_PMAX,118.01,8084,155,5
2025-01-06,Sardegna,Google Ads,RND_IT_GOOGLE_SEARCH_BRAND,48.77,1516,105,3
2025-01-06,Sardegna,Google Ads,RND_IT_GOOGLE_SEARCH_GENERICA,113.74,2032,104,5
2025-01-06,Sardegna,Google Ads,RND_IT_GOOGLE_SEARCH_LOCALE,56.01,1232,50,5
2025-01-06,Sardegna,Google Ads,RND_IT_GOOGLE_VIDEO_YOUTUBE,32.86,3784,32,1
2025-01-06,Sicilia,Google Ads,RND_IT_GOOGLE_DISPLAY,99.75,15294,93,5
2025-01-06,Sicilia,Google Ads,RND_IT_GOOGLE_PMAX,293.62,21167,390,15
2025-01-06,Sicilia,Google Ads,RND_IT_GOOGLE_SEARCH_BRAND,113.39,3736,285,8
2025-01-06,Sicilia,Google Ads,RND_IT_GOOGLE_SEARCH_GENERICA,413.15,7862,431,26
2025-01-06,Sicilia,Google Ads,RND_IT_GOOGLE_SEARCH_LOCALE,187.96,3885,173,18
2025-01-06,Sicilia,Google Ads,RND_IT_GOOGLE_VIDEO_YOUTUBE,74.47,7862,60,2
2025-01-06,Toscana,Google Ads,RND_IT_GOOGLE_DISPLAY,82.34,13461,75,5
2025-01-06,Toscana,Google Ads,RND_IT_GOOGLE_PMAX,206.06,14483,273,9
2025-01-06,Toscana,Google Ads,RND_IT_GOOGLE_SEARCH_BRAND,114.37,3812,287,8
2025-01-06,Toscana,Google Ads,RND_IT_GOOGLE_SEARCH_GENERICA,153.80,2783,144,9
2025-01-06,Toscana,Google Ads,RND_IT_GOOGLE_SEARCH_LOCALE,150.51,3045,156,14
2025-01-06,Toscana,Google Ads,RND_IT_GOOGLE_VIDEO_YOUTUBE,94.96,11044,90,3
2025-01-06,Trentino-Alto Adige,Google Ads,RND_IT_GOOGLE_DISPLAY,33.51,5298,35,1
2025-01-06,Trentino-Alto Adige,Google Ads,RND_IT_GOOGLE_PMAX,39.84,2800,53,1
2025-01-06,Trentino-Alto Adige,Google Ads,RND_IT_GOOGLE_SEARCH_BRAND,29.27,953,69,2
2025-01-06,Trentino-Alto Adige,Google Ads,RND_IT_GOOGLE_SEARCH_GENERICA,49.46,900,44,2
2025-01-06,Trentino-Alto Adige,Google Ads,RND_IT_GOOGLE_SEARCH_LOCALE,34.31,721,32,2
2025-01-06,Trentino-Alto Adige,Google Ads,RND_IT_GOOGLE_VIDEO_YOUTUBE,20.19,2224,19,0
2025-01-06,Umbria,Google Ads,RND_IT_GOOGLE_DISPLAY,17.33,2825,19,1
2025-01-06,Umbria,Google Ads,RND_IT_GOOGLE_PMAX,37.79,2692,56,1
2025-01-06,Umbria,Google Ads,RND_IT_GOOGLE_SEARCH_BRAND,33.75,1155,86,2
2025-01-06,Umbria,Google Ads,RND_IT_GOOGLE_SEARCH_GENERICA,67.10,1214,56,2
2025-01-06,Umbria,Google Ads,RND_IT_GOOGLE_SEARCH_LOCALE,29.68,627,33,2
2025-01-06,Umbria,Google Ads,RND_IT_GOOGLE_VIDEO_YOUTUBE,12.47,1329,10,0
2025-01-06,Valle d'Aosta,Google Ads,RND_IT_GOOGLE_DISPLAY,4.51,723,5,0
2025-01-06,Valle d'Aosta,Google Ads,RND_IT_GOOGLE_PMAX,6.95,497,9,0
2025-01-06,Valle d'Aosta,Google Ads,RND_IT_GOOGLE_SEARCH_BRAND,4.77,163,12,0
2025-01-06,Valle d'Aosta,Google Ads,RND_IT_GOOGLE_SEARCH_GENERICA,6.58,124,6,0
2025-01-06,Valle d'Aosta,Google Ads,RND_IT_GOOGLE_SEARCH_LOCALE,3.38,72,3,0
2025-01-06,Valle d'Aosta,Google Ads,RND_IT_GOOGLE_VIDEO_YOUTUBE,2.87,299,2,0
2025-01-06,Veneto,Google Ads,RND_IT_GOOGLE_DISPLAY,139.57,22630,139,5
2025-01-06,Veneto,Google Ads,RND_IT_GOOGLE_PMAX,286.71,20484,356,7
2025-01-06,Veneto,Google Ads,RND_IT_GOOGLE_SEARCH_BRAND,178.17,5931,426,7
2025-01-06,Veneto,Google Ads,RND_IT_GOOGLE_SEARCH_GENERICA,209.21,3937,196,9
2025-01-06,Veneto,Google Ads,RND_IT_GOOGLE_SEARCH_LOCALE,159.72,3075,151,9
2025-01-06,Veneto,Google Ads,RND_IT_GOOGLE_VIDEO_YOUTUBE,88.44,9764,70,2
2025-01-13,Abruzzo,Google Ads,RND_IT_GOOGLE_DISPLAY,39.20,6325,37,1
2025-01-13,Abruzzo,Google Ads,RND_IT_GOOGLE_PMAX,51.96,3905,80,1
2025-01-13,Abruzzo,Google Ads,RND_IT_GOOGLE_SEARCH_BRAND,31.05,1027,76,1
2025-01-13,Abruzzo,Google Ads,RND_IT_GOOGLE_SEARCH_GENERICA,70.24,1320,67,2
2025-01-13,Abruzzo,Google Ads,RND_IT_GOOGLE_SEARCH_LOCALE,30.46,695,34,1
2025-01-13,Abruzzo,Google Ads,RND_IT_GOOGLE_VIDEO_YOUTUBE,18.05,1963,14,0
2025-01-13,Basilicata,Google Ads,RND_IT_GOOGLE_DISPLAY,10.37,1779,11,0
2025-01-13,Basilicata,Google Ads,RND_IT_GOOGLE_PMAX,12.65,921,18,0
2025-01-13,Basilicata,Google Ads,RND_IT_GOOGLE_SEARCH_BRAND,17.71,588,41,1
2025-01-13,Basilicata,Google Ads,RND_IT_GOOGLE_SEARCH_GENERICA,30.53,556,24,1
2025-01-13,Basilicata,Google Ads,RND_IT_GOOGLE_SEARCH_LOCALE,21.78,469,21,1
2025-01-13,Basilicata,Google Ads,RND_IT_GOOGLE_VIDEO_YOUTUBE,8.33,932,7,0
2025-01-13,Calabria,Google Ads,RND_IT_GOOGLE_DISPLAY,76.79,12780,72,4
2025-01-13,Calabria,Google Ads,RND_IT_GOOGLE_PMAX,57.54,4370,87,3
2025-01-13,Calabria,Google Ads,RND_IT_GOOGLE_SEARCH_BRAND,52.12,1732,151,3
2025-01-13,Calabria,Google Ads,RND_IT_GOOGLE_SEARCH_GENERICA,85.42,1512,74,5
2025-01-13,Calabria,Google Ads,RND_IT_GOOGLE_SEARCH_LOCALE,49.61,1028,45,4
2025-01-13,Calabria,Google Ads,RND_IT_GOOGLE_VIDEO_YOUTUBE,48.33,5297,41,1
2025-01-13,Campania,Google Ads,RND_IT_GOOGLE_DISPLAY,220.50,37936,265,9
2025-01-13,Campania,Google Ads,RND_IT_GOOGLE_PMAX,152.67,10761,235,6
2025-01-13,Campania,Google Ads,RND_IT_GOOGLE_SEARCH_BRAND,140.49,4672,376,8
2025-01-13,Campania,Google Ads,RND_IT_GOOGLE_SEARCH_GENERICA,412.58,7935,398,21
2025-01-13,Campania,Google Ads,RND_IT_GOOGLE_SEARCH_LOCALE,244.37,4981,222,20
2025-01-13,Campania,Google Ads,RND_IT_GOOGLE_VIDEO_YOUTUBE,83.41,9533,84,2
2025-01-13,Emilia-Romagna,Google Ads,RND_IT_GOOGLE_DISPLAY,148.82,24834,161,8
2025-01-13,Emilia-Romagna,Google Ads,RND_IT_GOOGLE_PMAX,231.25,16906,340,10
2025-01-13,Emilia-Romagna,Google Ads,RND_IT_GOOGLE_SEARCH_BRAND,192.72,6388,488,14
2025-01-13,Emilia-Romagna,Google Ads,RND_IT_GOOGLE_SEARCH_GENERICA,177.89,3318,172,9
2025-01-13,Emilia-Romagna,Google Ads,RND_IT_GOOGLE_SEARCH_LOCALE,81.25,1743,73,8
2025-01-13,Emilia-Romagna,Google Ads,RND_IT_GOOGLE_VIDEO_YOUTUBE,48.86,5405,42,2
2025-01-13,Friuli-Venezia Giulia,Google Ads,RND_IT_GOOGLE_DISPLAY,34.80,5962,37,2
2025-01-13,Friuli-Venezia Giulia,Google Ads,RND_IT_GOOGLE_PMAX,58.90,4159,92,3
2025-01-13,Friuli-Venezia Giulia,Google Ads,RND_IT_GOOGLE_SEARCH_BRAND,28.82,968,79,2
2025-01-13,Friuli-Venezia Giulia,Google Ads,RND_IT_GOOGLE_SEARCH_GENERICA,64.90,1164,65,4
2025-01-13,Friuli-Venezia Giulia,Google Ads,RND_IT_GOOGLE_SEARCH_LOCALE,23.02,487,22,2
2025-01-13,Friuli-Venezia Giulia,Google Ads,RND_IT_GOOGLE_VIDEO_YOUTUBE,15.47,1697,12,1
2025-01-13,Lazio,Google Ads,RND_IT_GOOGLE_DISPLAY,147.70,24393,157,7
2025-01-13,Lazio,Google Ads,RND_IT_GOOGLE_PMAX,151.93,10669,212,8
2025-01-13,Lazio,Google Ads,RND_IT_GOOGLE_SEARCH_BRAND,127.86,4358,282,9
2025-01-13,Lazio,Google Ads,RND_IT_GOOGLE_SEARCH_GENERICA,342.00,6484,328,24
2025-01-13,Lazio,Google Ads,RND_IT_GOOGLE_SEARCH_LOCALE,288.46,6026,271,23
2025-01-13,Lazio,Google Ads,RND_IT_GOOGLE_VIDEO_YOUTUBE,80.75,9234,75,2
2025-01-13,Liguria,Google Ads,RND_IT_GOOGLE_DISPLAY,28.37,4954,29,2
2025-01-13,Liguria,Google Ads,RND_IT_GOOGLE_PMAX,35.72,2716,58,2
2025-01-13,Liguria,Google Ads,RND_IT_GOOGLE_SEARCH_BRAND,35.97,1155,71,3
2025-01-13,Liguria,Google Ads,RND_IT_GOOGLE_SEARCH_GENERICA,55.81,998,47,5
2025-01-13,Liguria,Google Ads,RND_IT_GOOGLE_SEARCH_LOCALE,53.25,1125,57,6
2025-01-13,Liguria,Google Ads,RND_IT_GOOGLE_VIDEO_YOUTUBE,24.13,2700,21,1
2025-01-13,Lombardia,Google Ads,RND_IT_GOOGLE_DISPLAY,315.75,53369,295,13
2025-01-13,Lombardia,Google Ads,RND_IT_GOOGLE_PMAX,322.01,22471,432,15
2025-01-13,Lombardia,Google Ads,RND_IT_GOOGLE_SEARCH_BRAND,299.73,9676,705,17
2025-01-13,Lombardia,Google Ads,RND_IT_GOOGLE_SEARCH_GENERICA,597.50,11323,494,28
2025-01-13,Lombardia,Google Ads,RND_IT_GOOGLE_SEARCH_LOCALE,299.50,6219,291,24
2025-01-13,Lombardia,Google Ads,RND_IT_GOOGLE_VIDEO_YOUTUBE,223.38,25397,192,6
2025-01-13,Marche,Google Ads,RND_IT_GOOGLE_DISPLAY,31.63,5148,26,1
2025-01-13,Marche,Google Ads,RND_IT_GOOGLE_PMAX,53.86,3590,72,2
2025-01-13,Marche,Google Ads,RND_IT_GOOGLE_SEARCH_BRAND,52.91,1671,113,4
2025-01-13,Marche,Google Ads,RND_IT_GOOGLE_SEARCH_GENERICA,52.92,1005,53,2
2025-01-13,Marche,Google Ads,RND_IT_GOOGLE_SEARCH_LOCALE,47.75,1007,53,3
2025-01-13,Marche,Google Ads,RND_IT_GOOGLE_VIDEO_YOUTUBE,29.13,3349,26,1
2025-01-13,Molise,Google Ads,RND_IT_GOOGLE_DISPLAY,15.61,2650,16,1
2025-01-13,Molise,Google Ads,RND_IT_GOOGLE_PMAX,16.72,1169,22,1
2025-01-13,Molise,Google Ads,RND_IT_GOOGLE_SEARCH_BRAND,4.82,165,12,0
2025-01-13,Molise,Google Ads,RND_IT_GOOGLE_SEARCH_GENERICA,25.55,452,21,2
2025-01-13,Molise,Google Ads,RND_IT_GOOGLE_SEARCH_LOCALE,11.60,247,9,1
2025-01-13,Molise,Google Ads,RND_IT_GOOGLE_VIDEO_YOUTUBE,6.44,709,6,0
2025-01-13,Piemonte,Google Ads,RND_IT_GOOGLE_DISPLAY,99.50,16596,98,4
2025-01-13,Piemonte,Google Ads,RND_IT_GOOGLE_PMAX,156.26,10489,198,6
2025-01-13,Piemonte,Google Ads,RND_IT_GOOGLE_SEARCH_BRAND,83.57,2807,214,5
2025-01-13,Piemonte,Google Ads,RND_IT_GOOGLE_SEARCH_GENERICA,275.98,5105,271,12
2025-01-13,Piemonte,Google Ads,RND_IT_GOOGLE_SEARCH_LOCALE,152.26,3205,132,12
2025-01-13,Piemonte,Google Ads,RND_IT_GOOGLE_VIDEO_YOUTUBE,69.75,7759,56,2
2025-01-13,Puglia,Google Ads,RND_IT_GOOGLE_DISPLAY,117.47,19460,121,5
2025-01-13,Puglia,Google Ads,RND_IT_GOOGLE_PMAX,183.28,12718,250,6
2025-01-13,Puglia,Google Ads,RND_IT_GOOGLE_SEARCH_BRAND,104.55,3538,282,5
2025-01-13,Puglia,Google Ads,RND_IT_GOOGLE_SEARCH_GENERICA,150.27,2796,153,7
2025-01-13,Puglia,Google Ads,RND_IT_GOOGLE_SEARCH_LOCALE,161.96,3404,149,11
2025-01-13,Puglia,Google Ads,RND_IT_GOOGLE_VIDEO_YOUTUBE,97.23,11077,78,2
2025-01-13,Sardegna,Google Ads,RND_IT_GOOGLE_DISPLAY,33.52,5602,34,2
2025-01-13,Sardegna,Google Ads,RND_IT_GOOGLE_PMAX,73.91,5143,93,3
2025-01-13,Sardegna,Google Ads,RND_IT_GOOGLE_SEARCH_BRAND,36.12,1152,80,2
2025-01-13,Sardegna,Google Ads,RND_IT_GOOGLE_SEARCH_GENERICA,88.57,1737,77,5
2025-01-13,Sardegna,Google Ads,RND_IT_GOOGLE_SEARCH_LOCALE,48.62,1055,52,4
2025-01-13,Sardegna,Google Ads,RND_IT_GOOGLE_VIDEO_YOUTUBE,25.01,2574,21,1
2025-01-13,Sicilia,Google Ads,RND_IT_GOOGLE_DISPLAY,101.74,17340,107,5
2025-01-13,Sicilia,Google Ads,RND_IT_GOOGLE_PMAX,212.45,15191,307,11
2025-01-13,Sicilia,Google Ads,RND_IT_GOOGLE_SEARCH_BRAND,91.93,3229,249,7
2025-01-13,Sicilia,Google Ads,RND_IT_GOOGLE_SEARCH_GENERICA,379.88,6753,351,26
2025-01-13,Sicilia,Google Ads,RND_IT_GOOGLE_SEARCH_LOCALE,156.53,3105,139,14
2025-01-13,Sicilia,Google Ads,RND_IT_GOOGLE_VIDEO_YOUTUBE,61.46,6808,52,2
2025-01-13,Toscana,Google Ads,RND_IT_GOOGLE_DISPLAY,83.54,13039,83,4
2025-01-13,Toscana,Google Ads,RND_IT_GOOGLE_PMAX,171.80,11517,225,8
2025-01-13,Toscana,Google Ads,RND_IT_GOOGLE_SEARCH_BRAND,84.00,2749,206,6
2025-01-13,Toscana,Google Ads,RND_IT_GOOGLE_SEARCH_GENERICA,145.04,2750,150,8
2025-01-13,Toscana,Google Ads,RND_IT_GOOGLE_SEARCH_LOCALE,169.61,3449,139,12
2025-01-13,Toscana,Google Ads,RND_IT_GOOGLE_VIDEO_YOUTUBE,69.14,7631,68,2
2025-01-13,Trentino-Alto Adige,Google Ads,RND_IT_GOOGLE_DISPLAY,32.56,5370,29,1
2025-01-13,Trentino-Alto Adige,Google Ads,RND_IT_GOOGLE_PMAX,29.85,2209,45,1
2025-01-13,Trentino-Alto Adige,Google Ads,RND_IT_GOOGLE_SEARCH_BRAND,24.33,815,63,2
2025-01-13,Trentino-Alto Adige,Google Ads,RND_IT_GOOGLE_SEARCH_GENERICA,34.19,622,33,1
2025-01-13,Trentino-Alto Adige,Google Ads,RND_IT_GOOGLE_SEARCH_LOCALE,30.30,632,28,2
2025-01-13,Trentino-Alto Adige,Google Ads,RND_IT_GOOGLE_VIDEO_YOUTUBE,14.45,1623,13,0
2025-01-13,Umbria,Google Ads,RND_IT_GOOGLE_DISPLAY,19.87,3379,22,1
2025-01-13,Umbria,Google Ads,RND_IT_GOOGLE_PMAX,27.88,1879,34,1
2025-01-13,Umbria,Google Ads,RND_IT_GOOGLE_SEARCH_BRAND,24.32,832,60,1
2025-01-13,Umbria,Google Ads,RND_IT_GOOGLE_SEARCH_GENERICA,62.03,1086,46,3
2025-01-13,Umbria,Google Ads,RND_IT_GOOGLE_SEARCH_LOCALE,25.81,526,22,2
2025-01-13,Umbria,Google Ads,RND_IT_GOOGLE_VIDEO_YOUTUBE,10.98,1190,9,0
2025-01-13,Valle d'Aosta,Google Ads,RND_IT_GOOGLE_DISPLAY,4.44,745,4,0
2025-01-13,Valle d'Aosta,Google Ads,RND_IT_GOOGLE_PMAX,5.45,388,8,0
2025-01-13,Valle d'Aosta,Google Ads,RND_IT_GOOGLE_SEARCH_BRAND,3.73,121,10,0
2025-01-13,Valle d'Aosta,Google Ads,RND_IT_GOOGLE_SEARCH_GENERICA,6.48,117,6,0
2025-01-13,Valle d'Aosta,Google Ads,RND_IT_GOOGLE_SEARCH_LOCALE,3.03,62,3,0
2025-01-13,Valle d'Aosta,Google Ads,RND_IT_GOOGLE_VIDEO_YOUTUBE,2.53,290,2,0
2025-01-13,Veneto,Google Ads,RND_IT_GOOGLE_DISPLAY,138.22,22258,138,5
2025-01-13,Veneto,Google Ads,RND_IT_GOOGLE_PMAX,212.56,15035,336,6
2025-01-13,Veneto,Google Ads,RND_IT_GOOGLE_SEARCH_BRAND,141.26,4631,345,7
2025-01-13,Veneto,Google Ads,RND_IT_GOOGLE_SEARCH_GENERICA,171.41,3117,142,7
2025-01-13,Veneto,Google Ads,RND_IT_GOOGLE_SEARCH_LOCALE,184.49,3992,205,12
2025-01-13,Veneto,Google Ads,RND_IT_GOOGLE_VIDEO_YOUTUBE,78.54,8533,60,2
2025-01-20,Abruzzo,Google Ads,RND_IT_GOOGLE_DISPLAY,25.21,3902,25,1
2025-01-20,Abruzzo,Google Ads,RND_IT_GOOGLE_PMAX,46.75,3422,76,1
2025-01-20,Abruzzo,Google Ads,RND_IT_GOOGLE_SEARCH_BRAND,22.15,742,63,1
2025-01-20,Abruzzo,Google Ads,RND_IT_GOOGLE_SEARCH_GENERICA,44.55,784,41,1
2025-01-20,Abruzzo,Google Ads,RND_IT_GOOGLE_SEARCH_LOCALE,21.67,449,20,1
2025-01-20,Abruzzo,Google Ads,RND_IT_GOOGLE_VIDEO_YOUTUBE,14.11,1546,13,0
2025-01-20,Basilicata,Google Ads,RND_IT_GOOGLE_DISPLAY,7.12,1247,8,0
2025-01-20,Basilicata,Google Ads,RND_IT_GOOGLE_PMAX,15.96,1152,26,0
2025-01-20,Basilicata,Google Ads,RND_IT_GOOGLE_SEARCH_BRAND,12.79,463,33,0
2025-01-20,Basilicata,Google Ads,RND_IT_GOOGLE_SEARCH_GENERICA,26.55,487,25,1
2025-01-20,Basilicata,Google Ads,RND_IT_GOOGLE_SEARCH_LOCALE,17.44,343,16,1
2025-01-20,Basilicata,Google Ads,RND_IT_GOOGLE_VIDEO_YOUTUBE,6.13,667,5,0
2025-01-20,Calabria,Google Ads,RND_IT_GOOGLE_DISPLAY,44.30,7342,44,2
2025-01-20,Calabria,Google Ads,RND_IT_GOOGLE_PMAX,50.93,3767,76,2
2025-01-20,Calabria,Google Ads,RND_IT_GOOGLE_SEARCH_BRAND,39.33,1323,104,3
2025-01-20,Calabria,Google Ads,RND_IT_GOOGLE_SEARCH_GENERICA,84.07,1572,64,4
2025-01-20,Calabria,Google Ads,RND_IT_GOOGLE_SEARCH_LOCALE,39.78,818,37,3
2025-01-20,Calabria,Google Ads,RND_IT_GOOGLE_VIDEO_YOUTUBE,34.36,3959,34,1
2025-01-20,Campania,Google Ads,RND_IT_GOOGLE_DISPLAY,133.18,23206,141,6
2025-01-20,Campania,Google Ads,RND_IT_GOOGLE_PMAX,157.51,11129,217,7
2025-01-20,Campania,Google Ads,RND_IT_GOOGLE_SEARCH_BRAND,97.60,3410,255,6
2025-01-20,Campania,Google Ads,RND_IT_GOOGLE_SEARCH_GENERICA,401.67,7355,360,23
2025-01-20,Campania,Google Ads,RND_IT_GOOGLE_SEARCH_LOCALE,158.85,3315,147,12
2025-01-20,Campania,Google Ads,RND_IT_GOOGLE_VIDEO_YOUTUBE,63.28,6592,50,2
2025-01-20,Emilia-Romagna,Google Ads,RND_IT_GOOGLE_DISPLAY,107.24,18300,117,7
2025-01-20,Emilia-Romagna,Google Ads,RND_IT_GOOGLE_PMAX,183.35,12914,267,11
2025-01-20,Emilia-Romagna,Google Ads,RND_IT_GOOGLE_SEARCH_BRAND,134.53,4647,341,11
2025-01-20,Emilia-Romagna,Google Ads,RND_IT_GOOGLE_SEARCH_GENERICA,137.94,2467,130,8
2025-01-20,Emilia-Romagna,Google Ads,RND_IT_GOOGLE_SEARCH_LOCALE,71.05,1482,63,7
2025-01-20,Emilia-Romagna,Google Ads,RND_IT_GOOGLE_VIDEO_YOUTUBE,34.97,4094,33,1
2025-01-20,Friuli-Venezia Giulia,Google Ads,RND_IT_GOOGLE_DISPLAY,20.98,3414,18,1
2025-01-20,Friuli-Venezia Giulia,Google Ads,RND_IT_GOOGLE_PMAX,57.78,4178,82,3
2025-01-20,Friuli-Venezia Giulia,Google Ads,RND_IT_GOOGLE_SEARCH_BRAND,23.20,782,61,2
2025-01-20,Friuli-Venezia Giulia,Google Ads,RND_IT_GOOGLE_SEARCH_GENERICA,62.65,1134,57,3
2025-01-20,Friuli-Venezia Giulia,Google Ads,RND_IT_GOOGLE_SEARCH_LOCALE,20.48,434,19,2
2025-01-20,Friuli-Venezia Giulia,Google Ads,RND_IT_GOOGLE_VIDEO_YOUTUBE,13.14,1524,12,0
2025-01-20,Lazio,Google Ads,RND_IT_GOOGLE_DISPLAY,105.06,16196,91,5
2025-01-20,Lazio,Google Ads,RND_IT_GOOGLE_PMAX,128.56,9466,166,8
2025-01-20,Lazio,Google Ads,RND_IT_GOOGLE_SEARCH_BRAND,88.59,2865,210,7
2025-01-20,Lazio,Google Ads,RND_IT_GOOGLE_SEARCH_GENERICA,231.44,4207,213,14
2025-01-20,Lazio,Google Ads,RND_IT_GOOGLE_SEARCH_LOCALE,207.18,4378,202,21
2025-01-20,Lazio,Google Ads,RND_IT_GOOGLE_VIDEO_YOUTUBE,80.43,8785,72,3
2025-01-20,Liguria,Google Ads,RND_IT_GOOGLE_DISPLAY,17.79,2924,17,1
2025-01-20,Liguria,Google Ads,RND_IT_GOOGLE_PMAX,31.19,2283,48,2
2025-01-20,Liguria,Google Ads,RND_IT_GOOGLE_SEARCH_BRAND,26.55,913,56,2
2025-01-20,Liguria,Google Ads,RND_IT_GOOGLE_SEARCH_GENERICA,50.24,919,45,4
2025-01-20,Liguria,Google Ads,RND_IT_GOOGLE_SEARCH_LOCALE,44.48,923,46,5
2025-01-20,Liguria,Google Ads,RND_IT_GOOGLE_VIDEO_YOUTUBE,17.02,1949,15,1
2025-01-20,Lombardia,Google Ads,RND_IT_GOOGLE_DISPLAY,206.80,34428,187,9
2025-01-20,Lombardia,Google Ads,RND_IT_GOOGLE_PMAX,379.04,27336,538,13
2025-01-20,Lombardia,Google Ads,RND_IT_GOOGLE_SEARCH_BRAND,234.84,7476,440,15
2025-01-20,Lombardia,Google Ads,RND_IT_GOOGLE_SEARCH_GENERICA,501.27,9417,436,22
2025-01-20,Lombardia,Google Ads,RND_IT_GOOGLE_SEARCH_LOCALE,290.75,5841,280,22
2025-01-20,Lombardia,Google Ads,RND_IT_GOOGLE_VIDEO_YOUTUBE,176.66,19706,161,4
2025-01-20,Marche,Google Ads,RND_IT_GOOGLE_DISPLAY,17.89,3022,18,1
2025-01-20,Marche,Google Ads,RND_IT_GOOGLE_PMAX,54.95,3952,71,3
2025-01-20,Marche,Google Ads,RND_IT_GOOGLE_SEARCH_BRAND,35.84,1252,102,2
2025-01-20,Marche,Google Ads,RND_IT_GOOGLE_SEARCH_GENERICA,55.12,1010,50,3
2025-01-20,Marche,Google Ads,RND_IT_GOOGLE_SEARCH_LOCALE,38.10,783,32,3
2025-01-20,Marche,Google Ads,RND_IT_GOOGLE_VIDEO_YOUTUBE,23.91,2789,25,1
2025-01-20,Molise,Google Ads,RND_IT_GOOGLE_DISPLAY,8.88,1431,8,1
2025-01-20,Molise,Google Ads,RND_IT_GOOGLE_PMAX,14.78,1054,20,1
2025-01-20,Molise,Google Ads,RND_IT_GOOGLE_SEARCH_BRAND,4.28,144,12,0
2025-01-20,Molise,Google Ads,RND_IT_GOOGLE_SEARCH_GENERICA,23.64,412,21,2
2025-01-20,Molise,Google Ads,RND_IT_GOOGLE_SEARCH_LOCALE,8.73,178,9,1
2025-01-20,Molise,Google Ads,RND_IT_GOOGLE_VIDEO_YOUTUBE,4.55,521,4,0
2025-01-20,Piemonte,Google Ads,RND_IT_GOOGLE_DISPLAY,70.22,11767,71,3
2025-01-20,Piemonte,Google Ads,RND_IT_GOOGLE_PMAX,130.78,9456,186,4
2025-01-20,Piemonte,Google Ads,RND_IT_GOOGLE_SEARCH_BRAND,79.74,2447,208,4
2025-01-20,Piemonte,Google Ads,RND_IT_GOOGLE_SEARCH_GENERICA,278.50,4978,260,11
2025-01-20,Piemonte,Google Ads,RND_IT_GOOGLE_SEARCH_LOCALE,116.68,2410,112,9
2025-01-20,Piemonte,Google Ads,RND_IT_GOOGLE_VIDEO_YOUTUBE,42.99,5091,42,1
2025-01-20,Puglia,Google Ads,RND_IT_GOOGLE_DISPLAY,85.98,14406,86,4
2025-01-20,Puglia,Google Ads,RND_IT_GOOGLE_PMAX,161.54,12243,245,6
2025-01-20,Puglia,Google Ads,RND_IT_GOOGLE_SEARCH_BRAND,74.33,2452,184,4
2025-01-20,Puglia,Google Ads,RND_IT_GOOGLE_SEARCH_GENERICA,127.31,2326,122,6
2025-01-20,Puglia,Google Ads,RND_IT_GOOGLE_SEARCH_LOCALE,129.59,2756,119,9
2025-01-20,Puglia,Google Ads,RND_IT_GOOGLE_VIDEO_YOUTUBE,81.65,8647,80,2
2025-01-20,Sardegna,Google Ads,RND_IT_GOOGLE_DISPLAY,21.60,3707,24,1
2025-01-20,Sardegna,Google Ads,RND_IT_GOOGLE_PMAX,59.78,4239,85,3
2025-01-20,Sardegna,Google Ads,RND_IT_GOOGLE_SEARCH_BRAND,30.68,1043,71,2
2025-01-20,Sardegna,Google Ads,RND_IT_GOOGLE_SEARCH_GENERICA,82.12,1543,78,5
2025-01-20,Sardegna,Google Ads,RND_IT_GOOGLE_SEARCH_LOCALE,37.57,792,36,3
2025-01-20,Sardegna,Google Ads,RND_IT_GOOGLE_VIDEO_YOUTUBE,18.35,2050,17,1
2025-01-20,Sicilia,Google Ads,RND_IT_GOOGLE_DISPLAY,77.17,12743,80,5
2025-01-20,Sicilia,Google Ads,RND_IT_GOOGLE_PMAX,206.12,14562,319,11
2025-01-20,Sicilia,Google Ads,RND_IT_GOOGLE_SEARCH_BRAND,71.16,2355,171,6
2025-01-20,Sicilia,Google Ads,RND_IT_GOOGLE_SEARCH_GENERICA,312.19,5897,317,21
2025-01-20,Sicilia,Google Ads,RND_IT_GOOGLE_SEARCH_LOCALE,130.50,2786,130,12
2025-01-20,Sicilia,Google Ads,RND_IT_GOOGLE_VIDEO_YOUTUBE,44.30,4668,31,1
2025-01-20,Toscana,Google Ads,RND_IT_GOOGLE_DISPLAY,64.31,10861,65,3
2025-01-20,Toscana,Google Ads,RND_IT_GOOGLE_PMAX,154.52,10891,198,8
2025-01-20,Toscana,Google Ads,RND_IT_GOOGLE_SEARCH_BRAND,68.57,2335,175,5
2025-01-20,Toscana,Google Ads,RND_IT_GOOGLE_SEARCH_GENERICA,103.58,1983,97,6
2025-01-20,Toscana,Google Ads,RND_IT_GOOGLE_SEARCH_LOCALE,128.89,2654,120,12
2025-01-20,Toscana,Google Ads,RND_IT_GOOGLE_VIDEO_YOUTUBE,47.90,5239,40,2
2025-01-20,Trentino-Alto Adige,Google Ads,RND_IT_GOOGLE_DISPLAY,21.77,3659,21,1
2025-01-20,Trentino-Alto Adige,Google Ads,RND_IT_GOOGLE_PMAX,24.66,1782,35,1
2025-01-20,Trentino-Alto Adige,Google Ads,RND_IT_GOOGLE_SEARCH_BRAND,22.11,718,50,1
2025-01-20,Trentino-Alto Adige,Google Ads,RND_IT_GOOGLE_SEARCH_GENERICA,25.27,461,21,1
2025-01-20,Trentino-Alto Adige,Google Ads,RND_IT_GOOGLE_SEARCH_LOCALE,29.46,642,30,2
2025-01-20,Trentino-Alto Adige,Google Ads,RND_IT_GOOGLE_VIDEO_YOUTUBE,10.68,1266,9,0
2025-01-20,Umbria,Google Ads,RND_IT_GOOGLE_DISPLAY,13.64,2333,14,1
2025-01-20,Umbria,Google Ads,RND_IT_GOOGLE_PMAX,28.58,1911,36,1
2025-01-20,Umbria,Google Ads,RND_IT_GOOGLE_SEARCH_BRAND,20.61,660,55,1
2025-01-20,Umbria,Google Ads,RND_IT_GOOGLE_SEARCH_GENERICA,55.18,1026,53,3
2025-01-20,Umbria,Google Ads,RND_IT_GOOGLE_SEARCH_LOCALE,21.33,453,19,2
2025-01-20,Umbria,Google Ads,RND_IT_GOOGLE_VIDEO_YOUTUBE,11.16,1258,11,0
2025-01-20,Valle d'Aosta,Google Ads,RND_IT_GOOGLE_DISPLAY,2.36,384,2,0
2025-01-20,Valle d'Aosta,Google Ads,RND_IT_GOOGLE_PMAX,5.00,355,8,0
2025-01-20,Valle d'Aosta,Google Ads,RND_IT_GOOGLE_SEARCH_BRAND,2.48,82,7,0
2025-01-20,Valle d'Aosta,Google Ads,RND_IT_GOOGLE_SEARCH_GENERICA,5.33,93,5,0
2025-01-20,Valle d'Aosta,Google Ads,RND_IT_GOOGLE_SEARCH_LOCALE,2.32,49,2,0
2025-01-20,Valle d'Aosta,Google Ads,RND_IT_GOOGLE_VIDEO_YOUTUBE,1.76,201,2,0
2025-01-20,Veneto,Google Ads,RND_IT_GOOGLE_DISPLAY,81.47,12328,87,3
2025-01-20,Veneto,Google Ads,RND_IT_GOOGLE_PMAX,168.21,12332,237,5
2025-01-20,Veneto,Google Ads,RND_IT_GOOGLE_SEARCH_BRAND,110.21,3677,285,5
2025-01-20,Veneto,Google Ads,RND_IT_GOOGLE_SEARCH_GENERICA,144.60,2663,138,5
2025-01-20,Veneto,Google Ads,RND_IT_GOOGLE_SEARCH_LOCALE,164.30,3485,136,10
2025-01-20,Veneto,Google Ads,RND_IT_GOOGLE_VIDEO_YOUTUBE,62.39,7039,61,1
2025-01-27,Abruzzo,Google Ads,RND_IT_GOOGLE_DISPLAY,25.47,4216,23,1
2025-01-27,Abruzzo,Google Ads,RND_IT_GOOGLE_PMAX,51.44,3616,71,1
2025-01-27,Abruzzo,Google Ads,RND_IT_GOOGLE_SEARCH_BRAND,26.22,865,65,1
2025-01-27,Abruzzo,Google Ads,RND_IT_GOOGLE_SEARCH_GENERICA,55.11,970,44,2
2025-01-27,Abruzzo,Google Ads,RND_IT_GOOGLE_SEARCH_LOCALE,21.35,436,20,1
2025-01-27,Basilicata,Google Ads,RND_IT_GOOGLE_DISPLAY,7.92,1311,7,0
2025-01-27,Basilicata,Google Ads,RND_IT_GOOGLE_PMAX,15.23,1094,23,0
2025-01-27,Basilicata,Google Ads,RND_IT_GOOGLE_SEARCH_BRAND,12.88,445,30,0
2025-01-27,Basilicata,Google Ads,RND_IT_GOOGLE_SEARCH_GENERICA,33.15,602,34,1
2025-01-27,Basilicata,Google Ads,RND_IT_GOOGLE_SEARCH_LOCALE,13.80,269,12,0
2025-01-27,Calabria,Google Ads,RND_IT_GOOGLE_DISPLAY,38.76,6235,35,1
2025-01-27,Calabria,Google Ads,RND_IT_GOOGLE_PMAX,54.14,4112,90,2
2025-01-27,Calabria,Google Ads,RND_IT_GOOGLE_SEARCH_BRAND,44.16,1434,119,2
2025-01-27,Calabria,Google Ads,RND_IT_GOOGLE_SEARCH_GENERICA,96.56,1915,101,4
2025-01-27,Calabria,Google Ads,RND_IT_GOOGLE_SEARCH_LOCALE,31.85,652,31,2
2025-01-27,Campania,Google Ads,RND_IT_GOOGLE_DISPLAY,162.33,25831,158,7
2025-01-27,Campania,Google Ads,RND_IT_GOOGLE_PMAX,149.31,10771,238,6
2025-01-27,Campania,Google Ads,RND_IT_GOOGLE_SEARCH_BRAND,98.41,3311,250,5
2025-01-27,Campania,Google Ads,RND_IT_GOOGLE_SEARCH_GENERICA,380.58,6983,342,20
2025-01-27,Campania,Google Ads,RND_IT_GOOGLE_SEARCH_LOCALE,136.59,2909,124,10
2025-01-27,Emilia-Romagna,Google Ads,RND_IT_GOOGLE_DISPLAY,108.71,17805,109,5
2025-01-27,Emilia-Romagna,Google Ads,RND_IT_GOOGLE_PMAX,181.39,12086,214,9
2025-01-27,Emilia-Romagna,Google Ads,RND_IT_GOOGLE_SEARCH_BRAND,114.44,3822,281,7
2025-01-27,Emilia-Romagna,Google Ads,RND_IT_GOOGLE_SEARCH_GENERICA,200.88,3558,166,10
2025-01-27,Emilia-Romagna,Google Ads,RND_IT_GOOGLE_SEARCH_LOCALE,63.57,1328,65,5
2025-01-27,Friuli-Venezia Giulia,Google Ads,RND_IT_GOOGLE_DISPLAY,20.55,3413,20,1
2025-01-27,Friuli-Venezia Giulia,Google Ads,RND_IT_GOOGLE_PMAX,59.45,4067,84,2
2025-01-27,Friuli-Venezia Giulia,Google Ads,RND_IT_GOOGLE_SEARCH_BRAND,23.86,758,59,1
2025-01-27,Friuli-Venezia Giulia,Google Ads,RND_IT_GOOGLE_SEARCH_GENERICA,74.34,1368,74,4
2025-01-27,Friuli-Venezia Giulia,Google Ads,RND_IT_GOOGLE_SEARCH_LOCALE,13.91,289,13,1
2025-01-27,Lazio,Google Ads,RND_IT_GOOGLE_DISPLAY,117.49,19638,125,6
2025-01-27,Lazio,Google Ads,RND_IT_GOOGLE_PMAX,116.44,8254,168,6
2025-01-27,Lazio,Google Ads,RND_IT_GOOGLE_SEARCH_BRAND,72.93,2335,168,5
2025-01-27,Lazio,Google Ads,RND_IT_GOOGLE_SEARCH_GENERICA,285.88,5117,236,14
2025-01-27,Lazio,Google Ads,RND_IT_GOOGLE_SEARCH_LOCALE,178.23,3619,149,16
2025-01-27,Liguria,Google Ads,RND_IT_GOOGLE_DISPLAY,16.15,2507,15,1
2025-01-27,Liguria,Google Ads,RND_IT_GOOGLE_PMAX,33.32,2323,46,1
2025-01-27,Liguria,Google Ads,RND_IT_GOOGLE_SEARCH_BRAND,25.94,865,66,2
2025-01-27,Liguria,Google Ads,RND_IT_GOOGLE_SEARCH_GENERICA,61.84,1092,63,3
2025-01-27,Liguria,Google Ads,RND_IT_GOOGLE_SEARCH_LOCALE,38.82,761,32,4
2025-01-27,Lombardia,Google Ads,RND_IT_GOOGLE_DISPLAY,213.18,33661,215,7
2025-01-27,Lombardia,Google Ads,RND_IT_GOOGLE_PMAX,420.25,30111,605,13
2025-01-27,Lombardia,Google Ads,RND_IT_GOOGLE_SEARCH_BRAND,268.78,9492,640,13
2025-01-27,Lombardia,Google Ads,RND_IT_GOOGLE_SEARCH_GENERICA,632.84,12232,585,25
2025-01-27,Lombardia,Google Ads,RND_IT_GOOGLE_SEARCH_LOCALE,254.17,5521,251,13
2025-01-27,Marche,Google Ads,RND_IT_GOOGLE_DISPLAY,16.83,2901,19,1
2025-01-27,Marche,Google Ads,RND_IT_GOOGLE_PMAX,58.14,4116,90,2
2025-01-27,Marche,Google Ads,RND_IT_GOOGLE_SEARCH_BRAND,29.40,997,80,2
2025-01-27,Marche,Google Ads,RND_IT_GOOGLE_SEARCH_GENERICA,59.08,1109,62,2
2025-01-27,Marche,Google Ads,RND_IT_GOOGLE_SEARCH_LOCALE,27.92,578,23,2
2025-01-27,Molise,Google Ads,RND_IT_GOOGLE_DISPLAY,7.17,1188,6,0
2025-01-27,Molise,Google Ads,RND_IT_GOOGLE_PMAX,11.60,858,18,1
2025-01-27,Molise,Google Ads,RND_IT_GOOGLE_SEARCH_BRAND,3.86,122,9,0
2025-01-27,Molise,Google Ads,RND_IT_GOOGLE_SEARCH_GENERICA,26.75,491,24,1
2025-01-27,Molise,Google Ads,RND_IT_GOOGLE_SEARCH_LOCALE,7.91,163,8,1
2025-01-27,Piemonte,Google Ads,RND_IT_GOOGLE_DISPLAY,75.84,12638,79,3
2025-01-27,Piemonte,Google Ads,RND_IT_GOOGLE_PMAX,141.68,9788,208,4
2025-01-27,Piemonte,Google Ads,RND_IT_GOOGLE_SEARCH_BRAND,71.50,2161,175,3
2025-01-27,Piemonte,Google Ads,RND_IT_GOOGLE_SEARCH_GENERICA,292.77,5260,292,11
2025-01-27,Piemonte,Google Ads,RND_IT_GOOGLE_SEARCH_LOCALE,101.06,2063,100,6
2025-01-27,Puglia,Google Ads,RND_IT_GOOGLE_DISPLAY,82.95,13272,72,3
2025-01-27,Puglia,Google Ads,RND_IT_GOOGLE_PMAX,147.51,10471,212,5
2025-01-27,Puglia,Google Ads,RND_IT_GOOGLE_SEARCH_BRAND,73.57,2506,185,4
2025-01-27,Puglia,Google Ads,RND_IT_GOOGLE_SEARCH_GENERICA,169.69,3057,145,6
2025-01-27,Puglia,Google Ads,RND_IT_GOOGLE_SEARCH_LOCALE,107.47,2323,118,6
2025-01-27,Sardegna,Google Ads,RND_IT_GOOGLE_DISPLAY,27.35,4558,28,1
2025-01-27,Sardegna,Google Ads,RND_IT_GOOGLE_PMAX,62.70,4508,104,2
2025-01-27,Sardegna,Google Ads,RND_IT_GOOGLE_SEARCH_BRAND,29.96,996,74,2
2025-01-27,Sardegna,Google Ads,RND_IT_GOOGLE_SEARCH_GENERICA,84.08,1599,80,4
2025-01-27,Sardegna,Google Ads,RND_IT_GOOGLE_SEARCH_LOCALE,30.79,658,33,2
2025-01-27,Sicilia,Google Ads,RND_IT_GOOGLE_DISPLAY,71.05,11708,70,4
2025-01-27,Sicilia,Google Ads,RND_IT_GOOGLE_PMAX,245.00,17679,344,12
2025-01-27,Sicilia,Google Ads,RND_IT_GOOGLE_SEARCH_BRAND,83.48,2878,198,5
2025-01-27,Sicilia,Google Ads,RND_IT_GOOGLE_SEARCH_GENERICA,309.06,5671,300,15
2025-01-27,Sicilia,Google Ads,RND_IT_GOOGLE_SEARCH_LOCALE,105.87,2142,94,9
2025-01-27,Toscana,Google Ads,RND_IT_GOOGLE_DISPLAY,52.87,8649,52,2
2025-01-27,Toscana,Google Ads,RND_IT_GOOGLE_PMAX,121.14,8691,154,5
2025-01-27,Toscana,Google Ads,RND_IT_GOOGLE_SEARCH_BRAND,75.07,2436,192,5
2025-01-27,Toscana,Google Ads,RND_IT_GOOGLE_SEARCH_GENERICA,151.51,2500,131,7
2025-01-27,Toscana,Google Ads,RND_IT_GOOGLE_SEARCH_LOCALE,99.04,2135,90,8
2025-01-27,Trentino-Alto Adige,Google Ads,RND_IT_GOOGLE_DISPLAY,27.62,4402,24,1
2025-01-27,Trentino-Alto Adige,Google Ads,RND_IT_GOOGLE_PMAX,30.71,2035,40,1
2025-01-27,Trentino-Alto Adige,Google Ads,RND_IT_GOOGLE_SEARCH_BRAND,28.50,960,68,1
2025-01-27,Trentino-Alto Adige,Google Ads,RND_IT_GOOGLE_SEARCH_GENERICA,43.58,850,46,1
2025-01-27,Trentino-Alto Adige,Google Ads,RND_IT_GOOGLE_SEARCH_LOCALE,31.21,647,24,1
2025-01-27,Umbria,Google Ads,RND_IT_GOOGLE_DISPLAY,17.91,2907,19,1
2025-01-27,Umbria,Google Ads,RND_IT_GOOGLE_PMAX,30.70,2198,44,1
2025-01-27,Umbria,Google Ads,RND_IT_GOOGLE_SEARCH_BRAND,21.06,720,52,1
2025-01-27,Umbria,Google Ads,RND_IT_GOOGLE_SEARCH_GENERICA,61.84,1131,55,3
2025-01-27,Umbria,Google Ads,RND_IT_GOOGLE_SEARCH_LOCALE,19.57,400,17,1
2025-01-27,Valle d'Aosta,Google Ads,RND_IT_GOOGLE_DISPLAY,2.66,470,3,0
2025-01-27,Valle d'Aosta,Google Ads,RND_IT_GOOGLE_PMAX,4.39,312,7,0
2025-01-27,Valle d'Aosta,Google Ads,RND_IT_GOOGLE_SEARCH_BRAND,2.79,92,7,0
2025-01-27,Valle d'Aosta,Google Ads,RND_IT_GOOGLE_SEARCH_GENERICA,5.18,95,5,0
2025-01-27,Valle d'Aosta,Google Ads,RND_IT_GOOGLE_SEARCH_LOCALE,1.88,39,2,0
2025-01-27,Veneto,Google Ads,RND_IT_GOOGLE_DISPLAY,85.00,14018,89,3
2025-01-27,Veneto,Google Ads,RND_IT_GOOGLE_PMAX,153.30,11234,217,4
2025-01-27,Veneto,Google Ads,RND_IT_GOOGLE_SEARCH_BRAND,97.82,3219,243,4
2025-01-27,Veneto,Google Ads,RND_IT_GOOGLE_SEARCH_GENERICA,181.62,3410,185,6
2025-01-27,Veneto,Google Ads,RND_IT_GOOGLE_SEARCH_LOCALE,123.45,2512,106,6
2025-02-03,Abruzzo,Google Ads,RND_IT_GOOGLE_DISPLAY,23.70,4044,22,0
2025-02-03,Abruzzo,Google Ads,RND_IT_GOOGLE_PMAX,57.08,4165,86,1
2025-02-03,Abruzzo,Google Ads,RND_IT_GOOGLE_SEARCH_BRAND,27.99,934,62,1
2025-02-03,Abruzzo,Google Ads,RND_IT_GOOGLE_SEARCH_GENERICA,77.24,1424,68,2
2025-02-03,Abruzzo,Google Ads,RND_IT_GOOGLE_SEARCH_LOCALE,22.03,441,20,1
2025-02-03,Basilicata,Google Ads,RND_IT_GOOGLE_DISPLAY,6.59,1092,7,0
2025-02-03,Basilicata,Google Ads,RND_IT_GOOGLE_PMAX,14.79,1064,19,0
2025-02-03,Basilicata,Google Ads,RND_IT_GOOGLE_SEARCH_BRAND,11.87,402,30,0
2025-02-03,Basilicata,Google Ads,RND_IT_GOOGLE_SEARCH_GENERICA,43.10,801,42,1
2025-02-03,Basilicata,Google Ads,RND_IT_GOOGLE_SEARCH_LOCALE,13.59,290,13,1
2025-02-03,Calabria,Google Ads,RND_IT_GOOGLE_DISPLAY,44.15,7290,49,2
2025-02-03,Calabria,Google Ads,RND_IT_GOOGLE_PMAX,57.39,4138,89,2
2025-02-03,Calabria,Google Ads,RND_IT_GOOGLE_SEARCH_BRAND,46.62,1553,123,2
2025-02-03,Calabria,Google Ads,RND_IT_GOOGLE_SEARCH_GENERICA,99.51,1786,88,4
2025-02-03,Calabria,Google Ads,RND_IT_GOOGLE_SEARCH_LOCALE,29.91,619,29,2
2025-02-03,Campania,Google Ads,RND_IT_GOOGLE_DISPLAY,132.57,21674,152,5
2025-02-03,Campania,Google Ads,RND_IT_GOOGLE_PMAX,153.05,11376,229,5
2025-02-03,Campania,Google Ads,RND_IT_GOOGLE_SEARCH_BRAND,118.45,4064,297,5
2025-02-03,Campania,Google Ads,RND_IT_GOOGLE_SEARCH_GENERICA,504.72,8838,448,19
2025-02-03,Campania,Google Ads,RND_IT_GOOGLE_SEARCH_LOCALE,144.15,3059,150,8
2025-02-03,Emilia-Romagna,Google Ads,RND_IT_GOOGLE_DISPLAY,98.76,17124,91,4
2025-02-03,Emilia-Romagna,Google Ads,RND_IT_GOOGLE_PMAX,174.42,12888,253,7
2025-02-03,Emilia-Romagna,Google Ads,RND_IT_GOOGLE_SEARCH_BRAND,122.26,4019,297,7
2025-02-03,Emilia-Romagna,Google Ads,RND_IT_GOOGLE_SEARCH_GENERICA,251.69,4615,232,11
2025-02-03,Emilia-Romagna,Google Ads,RND_IT_GOOGLE_SEARCH_LOCALE,77.77,1634,66,5
2025-02-03,Friuli-Venezia Giulia,Google Ads,RND_IT_GOOGLE_DISPLAY,22.61,3810,22,1
2025-02-03,Friuli-Venezia Giulia,Google Ads,RND_IT_GOOGLE_PMAX,62.77,4521,104,2
2025-02-03,Friuli-Venezia Giulia,Google Ads,RND_IT_GOOGLE_SEARCH_BRAND,23.54,753,57,2
2025-02-03,Friuli-Venezia Giulia,Google Ads,RND_IT_GOOGLE_SEARCH_GENERICA,97.89,1856,88,5
2025-02-03,Friuli-Venezia Giulia,Google Ads,RND_IT_GOOGLE_SEARCH_LOCALE,16.20,343,14,1
2025-02-03,Lazio,Google Ads,RND_IT_GOOGLE_DISPLAY,88.12,14339,83,4
2025-02-03,Lazio,Google Ads,RND_IT_GOOGLE_PMAX,140.62,10691,230,5
2025-02-03,Lazio,Google Ads,RND_IT_GOOGLE_SEARCH_BRAND,79.85,2820,210,4
2025-02-03,Lazio,Google Ads,RND_IT_GOOGLE_SEARCH_GENERICA,364.09,6491,319,17
2025-02-03,Lazio,Google Ads,RND_IT_GOOGLE_SEARCH_LOCALE,188.62,3688,183,17
2025-02-03,Liguria,Google Ads,RND_IT_GOOGLE_DISPLAY,14.16,2333,16,1
2025-02-03,Liguria,Google Ads,RND_IT_GOOGLE_PMAX,25.40,1780,33,1
2025-02-03,Liguria,Google Ads,RND_IT_GOOGLE_SEARCH_BRAND,19.90,651,45,1
2025-02-03,Liguria,Google Ads,RND_IT_GOOGLE_SEARCH_GENERICA,67.23,1196,60,3
2025-02-03,Liguria,Google Ads,RND_IT_GOOGLE_SEARCH_LOCALE,41.83,849,40,3
2025-02-03,Lombardia,Google Ads,RND_IT_GOOGLE_DISPLAY,184.26,31701,189,6
2025-02-03,Lombardia,Google Ads,RND_IT_GOOGLE_PMAX,367.64,25326,503,11
2025-02-03,Lombardia,Google Ads,RND_IT_GOOGLE_SEARCH_BRAND,265.25,8691,650,10
2025-02-03,Lombardia,Google Ads,RND_IT_GOOGLE_SEARCH_GENERICA,739.25,13933,692,22
2025-02-03,Lombardia,Google Ads,RND_IT_GOOGLE_SEARCH_LOCALE,286.12,6063,268,16
2025-02-03,Marche,Google Ads,RND_IT_GOOGLE_DISPLAY,17.50,2668,17,1
2025-02-03,Marche,Google Ads,RND_IT_GOOGLE_PMAX,54.56,3896,93,2
2025-02-03,Marche,Google Ads,RND_IT_GOOGLE_SEARCH_BRAND,31.03,1032,83,2
2025-02-03,Marche,Google Ads,RND_IT_GOOGLE_SEARCH_GENERICA,71.48,1282,71,3
2025-02-03,Marche,Google Ads,RND_IT_GOOGLE_SEARCH_LOCALE,29.21,585,29,2
2025-02-03,Molise,Google Ads,RND_IT_GOOGLE_DISPLAY,5.69,956,6,0
2025-02-03,Molise,Google Ads,RND_IT_GOOGLE_PMAX,11.35,802,18,0
2025-02-03,Molise,Google Ads,RND_IT_GOOGLE_SEARCH_BRAND,4.08,136,9,0
2025-02-03,Molise,Google Ads,RND_IT_GOOGLE_SEARCH_GENERICA,34.69,623,33,2
2025-02-03,Molise,Google Ads,RND_IT_GOOGLE_SEARCH_LOCALE,7.98,168,7,0
2025-02-03,Piemonte,Google Ads,RND_IT_GOOGLE_DISPLAY,64.52,10926,60,2
2025-02-03,Piemonte,Google Ads,RND_IT_GOOGLE_PMAX,152.30,10074,214,4
2025-02-03,Piemonte,Google Ads,RND_IT_GOOGLE_SEARCH_BRAND,79.16,2608,190,3
2025-02-03,Piemonte,Google Ads,RND_IT_GOOGLE_SEARCH_GENERICA,305.54,5493,280,12
2025-02-03,Piemonte,Google Ads,RND_IT_GOOGLE_SEARCH_LOCALE,109.84,2193,105,5
2025-02-03,Puglia,Google Ads,RND_IT_GOOGLE_DISPLAY,73.16,11920,62,2
2025-02-03,Puglia,Google Ads,RND_IT_GOOGLE_PMAX,148.95,10431,182,4
2025-02-03,Puglia,Google Ads,RND_IT_GOOGLE_SEARCH_BRAND,73.06,2434,165,3
2025-02-03,Puglia,Google Ads,RND_IT_GOOGLE_SEARCH_GENERICA,224.95,4082,193,7
2025-02-03,Puglia,Google Ads,RND_IT_GOOGLE_SEARCH_LOCALE,139.70,2912,130,7
2025-02-03,Sardegna,Google Ads,RND_IT_GOOGLE_DISPLAY,20.59,3448,20,1
2025-02-03,Sardegna,Google Ads,RND_IT_GOOGLE_PMAX,74.91,5406,118,2
2025-02-03,Sardegna,Google Ads,RND_IT_GOOGLE_SEARCH_BRAND,27.42,913,73,1
2025-02-03,Sardegna,Google Ads,RND_IT_GOOGLE_SEARCH_GENERICA,126.56,2193,103,6
2025-02-03,Sardegna,Google Ads,RND_IT_GOOGLE_SEARCH_LOCALE,29.59,646,30,2
2025-02-03,Sicilia,Google Ads,RND_IT_GOOGLE_DISPLAY,63.67,10771,75,3
2025-02-03,Sicilia,Google Ads,RND_IT_GOOGLE_PMAX,239.13,17051,326,9
2025-02-03,Sicilia,Google Ads,RND_IT_GOOGLE_SEARCH_BRAND,79.26,2656,198,5
2025-02-03,Sicilia,Google Ads,RND_IT_GOOGLE_SEARCH_GENERICA,395.96,7083,403,18
2025-02-03,Sicilia,Google Ads,RND_IT_GOOGLE_SEARCH_LOCALE,121.21,2584,97,9
2025-02-03,Toscana,Google Ads,RND_IT_GOOGLE_DISPLAY,51.58,8280,51,2
2025-02-03,Toscana,Google Ads,RND_IT_GOOGLE_PMAX,137.21,9573,209,5
2025-02-03,Toscana,Google Ads,RND_IT_GOOGLE_SEARCH_BRAND,72.82,2256,159,4
2025-02-03,Toscana,Google Ads,RND_IT_GOOGLE_SEARCH_GENERICA,204.92,3752,174,8
2025-02-03,Toscana,Google Ads,RND_IT_GOOGLE_SEARCH_LOCALE,113.33,2230,99,6
2025-02-03,Trentino-Alto Adige,Google Ads,RND_IT_GOOGLE_DISPLAY,22.23,3798,24,1
2025-02-03,Trentino-Alto Adige,Google Ads,RND_IT_GOOGLE_PMAX,26.32,1882,36,1
2025-02-03,Trentino-Alto Adige,Google Ads,RND_IT_GOOGLE_SEARCH_BRAND,27.42,966,73,1
2025-02-03,Trentino-Alto Adige,Google Ads,RND_IT_GOOGLE_SEARCH_GENERICA,50.85,931,47,2
2025-02-03,Trentino-Alto Adige,Google Ads,RND_IT_GOOGLE_SEARCH_LOCALE,25.13,537,25,1
2025-02-03,Umbria,Google Ads,RND_IT_GOOGLE_DISPLAY,16.41,2759,15,1
2025-02-03,Umbria,Google Ads,RND_IT_GOOGLE_PMAX,24.93,1787,37,1
2025-02-03,Umbria,Google Ads,RND_IT_GOOGLE_SEARCH_BRAND,21.38,710,49,1
2025-02-03,Umbria,Google Ads,RND_IT_GOOGLE_SEARCH_GENERICA,64.39,1211,62,3
2025-02-03,Umbria,Google Ads,RND_IT_GOOGLE_SEARCH_LOCALE,21.04,462,21,1
2025-02-03,Valle d'Aosta,Google Ads,RND_IT_GOOGLE_DISPLAY,2.48,411,2,0
2025-02-03,Valle d'Aosta,Google Ads,RND_IT_GOOGLE_PMAX,3.69,269,5,0
2025-02-03,Valle d'Aosta,Google Ads,RND_IT_GOOGLE_SEARCH_BRAND,3.18,108,8,0
2025-02-03,Valle d'Aosta,Google Ads,RND_IT_GOOGLE_SEARCH_GENERICA,8.20,157,8,0
2025-02-03,Valle d'Aosta,Google Ads,RND_IT_GOOGLE_SEARCH_LOCALE,2.31,52,3,0
2025-02-03,Veneto,Google Ads,RND_IT_GOOGLE_DISPLAY,76.64,12814,81,2
2025-02-03,Veneto,Google Ads,RND_IT_GOOGLE_PMAX,161.47,11311,220,4
2025-02-03,Veneto,Google Ads,RND_IT_GOOGLE_SEARCH_BRAND,89.15,2849,192,3
2025-02-03,Veneto,Google Ads,RND_IT_GOOGLE_SEARCH_GENERICA,257.61,4896,228,7
2025-02-03,Veneto,Google Ads,RND_IT_GOOGLE_SEARCH_LOCALE,126.12,2665,130,6
2025-02-10,Abruzzo,Google Ads,RND_IT_GOOGLE_DISPLAY,35.09,5972,33,1
2025-02-10,Abruzzo,Google Ads,RND_IT_GOOGLE_PMAX,66.87,4902,102,1
2025-02-10,Abruzzo,Google Ads,RND_IT_GOOGLE_SEARCH_BRAND,36.34,1194,83,1
2025-02-10,Abruzzo,Google Ads,RND_IT_GOOGLE_SEARCH_GENERICA,102.35,1912,90,2
2025-02-10,Abruzzo,Google Ads,RND_IT_GOOGLE_SEARCH_LOCALE,31.46,629,26,1
2025-02-10,Basilicata,Google Ads,RND_IT_GOOGLE_DISPLAY,9.11,1623,10,0
2025-02-10,Basilicata,Google Ads,RND_IT_GOOGLE_PMAX,18.80,1299,24,0
2025-02-10,Basilicata,Google Ads,RND_IT_GOOGLE_SEARCH_BRAND,18.97,620,51,1
2025-02-10,Basilicata,Google Ads,RND_IT_GOOGLE_SEARCH_GENERICA,49.81,902,43,1
2025-02-10,Basilicata,Google Ads,RND_IT_GOOGLE_SEARCH_LOCALE,19.24,406,19,1
2025-02-10,Calabria,Google Ads,RND_IT_GOOGLE_DISPLAY,56.42,9575,54,2
2025-02-10,Calabria,Google Ads,RND_IT_GOOGLE_PMAX,71.63,5039,118,3
2025-02-10,Calabria,Google Ads,RND_IT_GOOGLE_SEARCH_BRAND,50.16,1746,124,2
2025-02-10,Calabria,Google Ads,RND_IT_GOOGLE_SEARCH_GENERICA,140.89,2514,119,5
2025-02-10,Calabria,Google Ads,RND_IT_GOOGLE_SEARCH_LOCALE,46.69,1019,43,3
2025-02-10,Campania,Google Ads,RND_IT_GOOGLE_DISPLAY,190.12,32457,206,7
2025-02-10,Campania,Google Ads,RND_IT_GOOGLE_PMAX,283.26,21264,395,10
2025-02-10,Campania,Google Ads,RND_IT_GOOGLE_SEARCH_BRAND,160.17,5245,406,7
2025-02-10,Campania,Google Ads,RND_IT_GOOGLE_SEARCH_GENERICA,587.93,10695,584,20
2025-02-10,Campania,Google Ads,RND_IT_GOOGLE_SEARCH_LOCALE,206.68,4282,193,13
2025-02-10,Emilia-Romagna,Google Ads,RND_IT_GOOGLE_DISPLAY,138.22,23170,143,5
2025-02-10,Emilia-Romagna,Google Ads,RND_IT_GOOGLE_PMAX,242.92,16819,311,8
2025-02-10,Emilia-Romagna,Google Ads,RND_IT_GOOGLE_SEARCH_BRAND,157.03,5353,378,8
2025-02-10,Emilia-Romagna,Google Ads,RND_IT_GOOGLE_SEARCH_GENERICA,349.10,6459,323,14
2025-02-10,Emilia-Romagna,Google Ads,RND_IT_GOOGLE_SEARCH_LOCALE,114.53,2461,116,9
2025-02-10,Friuli-Venezia Giulia,Google Ads,RND_IT_GOOGLE_DISPLAY,36.24,6385,40,1
2025-02-10,Friuli-Venezia Giulia,Google Ads,RND_IT_GOOGLE_PMAX,88.72,6212,130,4
2025-02-10,Friuli-Venezia Giulia,Google Ads,RND_IT_GOOGLE_SEARCH_BRAND,30.54,998,79,2
2025-02-10,Friuli-Venezia Giulia,Google Ads,RND_IT_GOOGLE_SEARCH_GENERICA,148.52,2767,133,6
2025-02-10,Friuli-Venezia Giulia,Google Ads,RND_IT_GOOGLE_SEARCH_LOCALE,24.97,507,21,2
2025-02-10,Lazio,Google Ads,RND_IT_GOOGLE_DISPLAY,125.63,20017,127,4
2025-02-10,Lazio,Google Ads,RND_IT_GOOGLE_PMAX,172.58,11864,259,6
2025-02-10,Lazio,Google Ads,RND_IT_GOOGLE_SEARCH_BRAND,99.12,3259,227,5
2025-02-10,Lazio,Google Ads,RND_IT_GOOGLE_SEARCH_GENERICA,525.84,9740,491,23
2025-02-10,Lazio,Google Ads,RND_IT_GOOGLE_SEARCH_LOCALE,313.65,6607,314,22
2025-02-10,Liguria,Google Ads,RND_IT_GOOGLE_DISPLAY,24.32,3841,23,1
2025-02-10,Liguria,Google Ads,RND_IT_GOOGLE_PMAX,40.84,2845,56,2
2025-02-10,Liguria,Google Ads,RND_IT_GOOGLE_SEARCH_BRAND,29.28,969,73,2
2025-02-10,Liguria,Google Ads,RND_IT_GOOGLE_SEARCH_GENERICA,92.36,1673,88,4
2025-02-10,Liguria,Google Ads,RND_IT_GOOGLE_SEARCH_LOCALE,53.57,1033,45,4
2025-02-10,Lombardia,Google Ads,RND_IT_GOOGLE_DISPLAY,297.13,49749,319,10
2025-02-10,Lombardia,Google Ads,RND_IT_GOOGLE_PMAX,421.55,30235,559,13
2025-02-10,Lombardia,Google Ads,RND_IT_GOOGLE_SEARCH_BRAND,406.50,14072,1059,19
2025-02-10,Lombardia,Google Ads,RND_IT_GOOGLE_SEARCH_GENERICA,784.06,14592,712,30
2025-02-10,Lombardia,Google Ads,RND_IT_GOOGLE_SEARCH_LOCALE,324.86,6575,284,16
2025-02-10,Marche,Google Ads,RND_IT_GOOGLE_DISPLAY,22.77,3870,22,1
2025-02-10,Marche,Google Ads,RND_IT_GOOGLE_PMAX,70.47,5140,96,2
2025-02-10,Marche,Google Ads,RND_IT_GOOGLE_SEARCH_BRAND,38.24,1202,105,2
2025-02-10,Marche,Google Ads,RND_IT_GOOGLE_SEARCH_GENERICA,84.81,1600,85,3
2025-02-10,Marche,Google Ads,RND_IT_GOOGLE_SEARCH_LOCALE,50.25,1047,49,3
2025-02-10,Molise,Google Ads,RND_IT_GOOGLE_DISPLAY,9.22,1418,9,0
2025-02-10,Molise,Google Ads,RND_IT_GOOGLE_PMAX,15.98,1141,21,0
2025-02-10,Molise,Google Ads,RND_IT_GOOGLE_SEARCH_BRAND,5.05,162,13,0
2025-02-10,Molise,Google Ads,RND_IT_GOOGLE_SEARCH_GENERICA,49.11,916,42,2
2025-02-10,Molise,Google Ads,RND_IT_GOOGLE_SEARCH_LOCALE,12.62,260,11,1
2025-02-10,Piemonte,Google Ads,RND_IT_GOOGLE_DISPLAY,83.23,13870,72,3
2025-02-10,Piemonte,Google Ads,RND_IT_GOOGLE_PMAX,217.03,15351,314,6
2025-02-10,Piemonte,Google Ads,RND_IT_GOOGLE_SEARCH_BRAND,92.46,2902,209,4
2025-02-10,Piemonte,Google Ads,RND_IT_GOOGLE_SEARCH_GENERICA,412.75,7497,406,15
2025-02-10,Piemonte,Google Ads,RND_IT_GOOGLE_SEARCH_LOCALE,160.73,3218,136,8
2025-02-10,Puglia,Google Ads,RND_IT_GOOGLE_DISPLAY,94.63,15687,89,2
2025-02-10,Puglia,Google Ads,RND_IT_GOOGLE_PMAX,198.87,13675,272,4
2025-02-10,Puglia,Google Ads,RND_IT_GOOGLE_SEARCH_BRAND,115.27,3717,292,5
2025-02-10,Puglia,Google Ads,RND_IT_GOOGLE_SEARCH_GENERICA,300.54,5328,266,9
2025-02-10,Puglia,Google Ads,RND_IT_GOOGLE_SEARCH_LOCALE,193.38,3968,192,8
2025-02-10,Sardegna,Google Ads,RND_IT_GOOGLE_DISPLAY,31.18,5313,37,1
2025-02-10,Sardegna,Google Ads,RND_IT_GOOGLE_PMAX,117.73,8226,169,4
2025-02-10,Sardegna,Google Ads,RND_IT_GOOGLE_SEARCH_BRAND,36.99,1203,104,2
2025-02-10,Sardegna,Google Ads,RND_IT_GOOGLE_SEARCH_GENERICA,168.22,2980,148,7
2025-02-10,Sardegna,Google Ads,RND_IT_GOOGLE_SEARCH_LOCALE,47.20,993,45,3
2025-02-10,Sicilia,Google Ads,RND_IT_GOOGLE_DISPLAY,133.82,22590,141,6
2025-02-10,Sicilia,Google Ads,RND_IT_GOOGLE_PMAX,326.71,22254,456,11
2025-02-10,Sicilia,Google Ads,RND_IT_GOOGLE_SEARCH_BRAND,103.53,3284,218,6
2025-02-10,Sicilia,Google Ads,RND_IT_GOOGLE_SEARCH_GENERICA,592.71,10556,502,29
2025-02-10,Sicilia,Google Ads,RND_IT_GOOGLE_SEARCH_LOCALE,168.23,3496,141,13
2025-02-10,Toscana,Google Ads,RND_IT_GOOGLE_DISPLAY,84.95,13390,84,3
2025-02-10,Toscana,Google Ads,RND_IT_GOOGLE_PMAX,178.22,13011,275,6
2025-02-10,Toscana,Google Ads,RND_IT_GOOGLE_SEARCH_BRAND,91.07,2969,210,5
2025-02-10,Toscana,Google Ads,RND_IT_GOOGLE_SEARCH_GENERICA,247.59,4536,207,8
2025-02-10,Toscana,Google Ads,RND_IT_GOOGLE_SEARCH_LOCALE,165.31,3450,165,10
2025-02-10,Trentino-Alto Adige,Google Ads,RND_IT_GOOGLE_DISPLAY,42.03,6777,38,1
2025-02-10,Trentino-Alto Adige,Google Ads,RND_IT_GOOGLE_PMAX,43.48,3181,62,1
2025-02-10,Trentino-Alto Adige,Google Ads,RND_IT_GOOGLE_SEARCH_BRAND,32.25,1010,74,1
2025-02-10,Trentino-Alto Adige,Google Ads,RND_IT_GOOGLE_SEARCH_GENERICA,70.35,1299,57,3
2025-02-10,Trentino-Alto Adige,Google Ads,RND_IT_GOOGLE_SEARCH_LOCALE,36.16,770,34,2
2025-02-10,Umbria,Google Ads,RND_IT_GOOGLE_DISPLAY,23.55,3831,21,1
2025-02-10,Umbria,Google Ads,RND_IT_GOOGLE_PMAX,33.60,2397,45,1
2025-02-10,Umbria,Google Ads,RND_IT_GOOGLE_SEARCH_BRAND,27.67,894,65,1
2025-02-10,Umbria,Google Ads,RND_IT_GOOGLE_SEARCH_GENERICA,86.75,1510,71,3
2025-02-10,Umbria,Google Ads,RND_IT_GOOGLE_SEARCH_LOCALE,29.40,606,25,2
2025-02-10,Valle d'Aosta,Google Ads,RND_IT_GOOGLE_DISPLAY,3.78,644,4,0
2025-02-10,Valle d'Aosta,Google Ads,RND_IT_GOOGLE_PMAX,4.94,358,7,0
2025-02-10,Valle d'Aosta,Google Ads,RND_IT_GOOGLE_SEARCH_BRAND,5.27,182,13,0
2025-02-10,Valle d'Aosta,Google Ads,RND_IT_GOOGLE_SEARCH_GENERICA,9.92,178,9,0
2025-02-10,Valle d'Aosta,Google Ads,RND_IT_GOOGLE_SEARCH_LOCALE,2.86,62,2,0
2025-02-10,Veneto,Google Ads,RND_IT_GOOGLE_DISPLAY,124.10,20916,125,3
2025-02-10,Veneto,Google Ads,RND_IT_GOOGLE_PMAX,234.72,17206,343,5
2025-02-10,Veneto,Google Ads,RND_IT_GOOGLE_SEARCH_BRAND,142.54,4809,328,5
2025-02-10,Veneto,Google Ads,RND_IT_GOOGLE_SEARCH_GENERICA,333.46,6107,285,9
2025-02-10,Veneto,Google Ads,RND_IT_GOOGLE_SEARCH_LOCALE,210.09,4247,203,10
2025-02-17,Abruzzo,Google Ads,RND_IT_GOOGLE_DISPLAY,31.32,5122,35,1
2025-02-17,Abruzzo,Google Ads,RND_IT_GOOGLE_PMAX,45.07,3229,66,1
2025-02-17,Abruzzo,Google Ads,RND_IT_GOOGLE_SEARCH_BRAND,24.96,837,69,1
2025-02-17,Abruzzo,Google Ads,RND_IT_GOOGLE_SEARCH_GENERICA,86.64,1533,68,2
2025-02-17,Abruzzo,Google Ads,RND_IT_GOOGLE_SEARCH_LOCALE,30.12,664,28,1
2025-02-17,Basilicata,Google Ads,RND_IT_GOOGLE_DISPLAY,9.64,1614,10,0
2025-02-17,Basilicata,Google Ads,RND_IT_GOOGLE_PMAX,18.02,1341,25,0
2025-02-17,Basilicata,Google Ads,RND_IT_GOOGLE_SEARCH_BRAND,15.32,495,33,0
2025-02-17,Basilicata,Google Ads,RND_IT_GOOGLE_SEARCH_GENERICA,42.74,787,37,1
2025-02-17,Basilicata,Google Ads,RND_IT_GOOGLE_SEARCH_LOCALE,19.77,426,17,1
2025-02-17,Calabria,Google Ads,RND_IT_GOOGLE_DISPLAY,58.46,9433,57,2
2025-02-17,Calabria,Google Ads,RND_IT_GOOGLE_PMAX,60.14,4163,87,2
2025-02-17,Calabria,Google Ads,RND_IT_GOOGLE_SEARCH_BRAND,37.05,1178,87,2
2025-02-17,Calabria,Google Ads,RND_IT_GOOGLE_SEARCH_GENERICA,146.42,2638,128,5
2025-02-17,Calabria,Google Ads,RND_IT_GOOGLE_SEARCH_LOCALE,48.68,1003,47,2
2025-02-17,Campania,Google Ads,RND_IT_GOOGLE_DISPLAY,182.98,32372,195,8
2025-02-17,Campania,Google Ads,RND_IT_GOOGLE_PMAX,207.64,14676,269,7
2025-02-17,Campania,Google Ads,RND_IT_GOOGLE_SEARCH_BRAND,103.14,3321,267,6
2025-02-17,Campania,Google Ads,RND_IT_GOOGLE_SEARCH_GENERICA,520.74,9262,452,24
2025-02-17,Campania,Google Ads,RND_IT_GOOGLE_SEARCH_LOCALE,205.72,4249,202,14
2025-02-17,Emilia-Romagna,Google Ads,RND_IT_GOOGLE_DISPLAY,152.23,25809,163,7
2025-02-17,Emilia-Romagna,Google Ads,RND_IT_GOOGLE_PMAX,256.24,18046,350,10
2025-02-17,Emilia-Romagna,Google Ads,RND_IT_GOOGLE_SEARCH_BRAND,138.02,4595,344,9
2025-02-17,Emilia-Romagna,Google Ads,RND_IT_GOOGLE_SEARCH_GENERICA,293.88,5352,265,14
2025-02-17,Emilia-Romagna,Google Ads,RND_IT_GOOGLE_SEARCH_LOCALE,111.81,2344,100,8
2025-02-17,Friuli-Venezia Giulia,Google Ads,RND_IT_GOOGLE_DISPLAY,36.09,6156,34,2
2025-02-17,Friuli-Venezia Giulia,Google Ads,RND_IT_GOOGLE_PMAX,69.71,5076,110,3
2025-02-17,Friuli-Venezia Giulia,Google Ads,RND_IT_GOOGLE_SEARCH_BRAND,26.81,917,64,2
2025-02-17,Friuli-Venezia Giulia,Google Ads,RND_IT_GOOGLE_SEARCH_GENERICA,91.93,1691,91,4
2025-02-17,Friuli-Venezia Giulia,Google Ads,RND_IT_GOOGLE_SEARCH_LOCALE,25.66,544,26,2
2025-02-17,Lazio,Google Ads,RND_IT_GOOGLE_DISPLAY,149.58,25960,135,6
2025-02-17,Lazio,Google Ads,RND_IT_GOOGLE_PMAX,168.68,11530,212,6
2025-02-17,Lazio,Google Ads,RND_IT_GOOGLE_SEARCH_BRAND,88.24,3021,205,5
2025-02-17,Lazio,Google Ads,RND_IT_GOOGLE_SEARCH_GENERICA,456.89,8096,440,24
2025-02-17,Lazio,Google Ads,RND_IT_GOOGLE_SEARCH_LOCALE,255.72,5502,283,20
2025-02-17,Liguria,Google Ads,RND_IT_GOOGLE_DISPLAY,23.69,4069,26,1
2025-02-17,Liguria,Google Ads,RND_IT_GOOGLE_PMAX,35.96,2680,58,2
2025-02-17,Liguria,Google Ads,RND_IT_GOOGLE_SEARCH_BRAND,23.25,790,58,2
2025-02-17,Liguria,Google Ads,RND_IT_GOOGLE_SEARCH_GENERICA,76.92,1388,79,4
2025-02-17,Liguria,Google Ads,RND_IT_GOOGLE_SEARCH_LOCALE,46.11,922,45,4
2025-02-17,Lombardia,Google Ads,RND_IT_GOOGLE_DISPLAY,346.09,57737,348,12
2025-02-17,Lombardia,Google Ads,RND_IT_GOOGLE_PMAX,397.84,28896,521,12
2025-02-17,Lombardia,Google Ads,RND_IT_GOOGLE_SEARCH_BRAND,280.79,9153,650,12
2025-02-17,Lombardia,Google Ads,RND_IT_GOOGLE_SEARCH_GENERICA,746.89,13770,610,28
2025-02-17,Lombardia,Google Ads,RND_IT_GOOGLE_SEARCH_LOCALE,303.42,6404,312,17
2025-02-17,Marche,Google Ads,RND_IT_GOOGLE_DISPLAY,24.72,4097,22,1
2025-02-17,Marche,Google Ads,RND_IT_GOOGLE_PMAX,62.28,4682,83,2
2025-02-17,Marche,Google Ads,RND_IT_GOOGLE_SEARCH_BRAND,34.10,1137,87,2
2025-02-17,Marche,Google Ads,RND_IT_GOOGLE_SEARCH_GENERICA,81.92,1455,68,4
2025-02-17,Marche,Google Ads,RND_IT_GOOGLE_SEARCH_LOCALE,42.90,837,38,2
2025-02-17,Molise,Google Ads,RND_IT_GOOGLE_DISPLAY,8.85,1533,8,0
2025-02-17,Molise,Google Ads,RND_IT_GOOGLE_PMAX,14.45,1031,18,1
2025-02-17,Molise,Google Ads,RND_IT_GOOGLE_SEARCH_BRAND,4.32,143,10,0
2025-02-17,Molise,Google Ads,RND_IT_GOOGLE_SEARCH_GENERICA,36.34,628,33,1
2025-02-17,Molise,Google Ads,RND_IT_GOOGLE_SEARCH_LOCALE,14.34,297,13,1
2025-02-17,Piemonte,Google Ads,RND_IT_GOOGLE_DISPLAY,75.21,12545,80,2
2025-02-17,Piemonte,Google Ads,RND_IT_GOOGLE_PMAX,215.11,15112,305,5
2025-02-17,Piemonte,Google Ads,RND_IT_GOOGLE_SEARCH_BRAND,71.79,2379,189,3
2025-02-17,Piemonte,Google Ads,RND_IT_GOOGLE_SEARCH_GENERICA,477.30,8278,401,16
2025-02-17,Piemonte,Google Ads,RND_IT_GOOGLE_SEARCH_LOCALE,160.58,3491,156,8
2025-02-17,Puglia,Google Ads,RND_IT_GOOGLE_DISPLAY,91.70,14940,86,2
2025-02-17,Puglia,Google Ads,RND_IT_GOOGLE_PMAX,197.25,14367,302,6
2025-02-17,Puglia,Google Ads,RND_IT_GOOGLE_SEARCH_BRAND,71.25,2520,191,3
2025-02-17,Puglia,Google Ads,RND_IT_GOOGLE_SEARCH_GENERICA,295.02,5297,281,7
2025-02-17,Puglia,Google Ads,RND_IT_GOOGLE_SEARCH_LOCALE,163.85,3268,152,8
2025-02-17,Sardegna,Google Ads,RND_IT_GOOGLE_DISPLAY,28.98,5116,32,1
2025-02-17,Sardegna,Google Ads,RND_IT_GOOGLE_PMAX,89.87,6618,144,4
2025-02-17,Sardegna,Google Ads,RND_IT_GOOGLE_SEARCH_BRAND,30.33,957,73,2
2025-02-17,Sardegna,Google Ads,RND_IT_GOOGLE_SEARCH_GENERICA,145.63,2543,129,5
2025-02-17,Sardegna,Google Ads,RND_IT_GOOGLE_SEARCH_LOCALE,44.07,874,36,3
2025-02-17,Sicilia,Google Ads,RND_IT_GOOGLE_DISPLAY,118.89,19259,113,6
2025-02-17,Sicilia,Google Ads,RND_IT_GOOGLE_PMAX,239.99,16775,364,10
2025-02-17,Sicilia,Google Ads,RND_IT_GOOGLE_SEARCH_BRAND,87.60,2899,239,5
2025-02-17,Sicilia,Google Ads,RND_IT_GOOGLE_SEARCH_GENERICA,489.19,8802,489,27
2025-02-17,Sicilia,Google Ads,RND_IT_GOOGLE_SEARCH_LOCALE,161.16,3380,144,13
2025-02-17,Toscana,Google Ads,RND_IT_GOOGLE_DISPLAY,70.64,11161,67,3
2025-02-17,Toscana,Google Ads,RND_IT_GOOGLE_PMAX,148.85,9995,212,5
2025-02-17,Toscana,Google Ads,RND_IT_GOOGLE_SEARCH_BRAND,62.56,2161,157,3
2025-02-17,Toscana,Google Ads,RND_IT_GOOGLE_SEARCH_GENERICA,232.44,4437,238,11
2025-02-17,Toscana,Google Ads,RND_IT_GOOGLE_SEARCH_LOCALE,144.98,3146,127,9
2025-02-17,Trentino-Alto Adige,Google Ads,RND_IT_GOOGLE_DISPLAY,45.78,7858,45,2
2025-02-17,Trentino-Alto Adige,Google Ads,RND_IT_GOOGLE_PMAX,41.48,2800,53,1
2025-02-17,Trentino-Alto Adige,Google Ads,RND_IT_GOOGLE_SEARCH_BRAND,26.82,855,61,1
2025-02-17,Trentino-Alto Adige,Google Ads,RND_IT_GOOGLE_SEARCH_GENERICA,53.74,937,50,2
2025-02-17,Trentino-Alto Adige,Google Ads,RND_IT_GOOGLE_SEARCH_LOCALE,37.42,787,36,2
2025-02-17,Umbria,Google Ads,RND_IT_GOOGLE_DISPLAY,20.94,3413,20,1
2025-02-17,Umbria,Google Ads,RND_IT_GOOGLE_PMAX,33.04,2378,45,1
2025-02-17,Umbria,Google Ads,RND_IT_GOOGLE_SEARCH_BRAND,22.11,723,52,1
2025-02-17,Umbria,Google Ads,RND_IT_GOOGLE_SEARCH_GENERICA,81.57,1471,71,3
2025-02-17,Umbria,Google Ads,RND_IT_GOOGLE_SEARCH_LOCALE,27.51,540,24,1
2025-02-17,Valle d'Aosta,Google Ads,RND_IT_GOOGLE_DISPLAY,3.61,610,4,0
2025-02-17,Valle d'Aosta,Google Ads,RND_IT_GOOGLE_PMAX,4.65,347,7,0
2025-02-17,Valle d'Aosta,Google Ads,RND_IT_GOOGLE_SEARCH_BRAND,3.92,129,10,0
2025-02-17,Valle d'Aosta,Google Ads,RND_IT_GOOGLE_SEARCH_GENERICA,7.45,144,7,0
2025-02-17,Valle d'Aosta,Google Ads,RND_IT_GOOGLE_SEARCH_LOCALE,2.60,51,2,0
2025-02-17,Veneto,Google Ads,RND_IT_GOOGLE_DISPLAY,102.05,17935,106,3
2025-02-17,Veneto,Google Ads,RND_IT_GOOGLE_PMAX,163.14,11198,246,5
2025-02-17,Veneto,Google Ads,RND_IT_GOOGLE_SEARCH_BRAND,116.51,3858,287,5
2025-02-17,Veneto,Google Ads,RND_IT_GOOGLE_SEARCH_GENERICA,270.48,4978,244,8
2025-02-17,Veneto,Google Ads,RND_IT_GOOGLE_SEARCH_LOCALE,153.24,3202,152,7
2025-02-24,Abruzzo,Google Ads,RND_IT_GOOGLE_DISPLAY,27.42,4382,26,1
2025-02-24,Abruzzo,Google Ads,RND_IT_GOOGLE_PMAX,64.30,4556,85,1
2025-02-24,Abruzzo,Google Ads,RND_IT_GOOGLE_SEARCH_BRAND,26.92,854,60,1
2025-02-24,Abruzzo,Google Ads,RND_IT_GOOGLE_SEARCH_GENERICA,80.76,1452,65,2
2025-02-24,Abruzzo,Google Ads,RND_IT_GOOGLE_SEARCH_LOCALE,27.85,560,23,1
2025-02-24,Basilicata,Google Ads,RND_IT_GOOGLE_DISPLAY,7.31,1217,8,0
2025-02-24,Basilicata,Google Ads,RND_IT_GOOGLE_PMAX,24.65,1742,38,0
2025-02-24,Basilicata,Google Ads,RND_IT_GOOGLE_SEARCH_BRAND,14.43,490,32,0
2025-02-24,Basilicata,Google Ads,RND_IT_GOOGLE_SEARCH_GENERICA,43.78,792,44,1
2025-02-24,Basilicata,Google Ads,RND_IT_GOOGLE_SEARCH_LOCALE,19.22,402,17,1
2025-02-24,Calabria,Google Ads,RND_IT_GOOGLE_DISPLAY,59.13,10294,65,2
2025-02-24,Calabria,Google Ads,RND_IT_GOOGLE_PMAX,78.35,5919,102,3
2025-02-24,Calabria,Google Ads,RND_IT_GOOGLE_SEARCH_BRAND,42.31,1439,104,2
2025-02-24,Calabria,Google Ads,RND_IT_GOOGLE_SEARCH_GENERICA,111.00,2044,108,4
2025-02-24,Calabria,Google Ads,RND_IT_GOOGLE_SEARCH_LOCALE,44.53,933,44,3
2025-02-24,Campania,Google Ads,RND_IT_GOOGLE_DISPLAY,138.53,23560,130,6
2025-02-24,Campania,Google Ads,RND_IT_GOOGLE_PMAX,296.64,22624,465,11
2025-02-24,Campania,Google Ads,RND_IT_GOOGLE_SEARCH_BRAND,136.15,4607,354,7
2025-02-24,Campania,Google Ads,RND_IT_GOOGLE_SEARCH_GENERICA,448.74,8574,418,18
2025-02-24,Campania,Google Ads,RND_IT_GOOGLE_SEARCH_LOCALE,211.90,4350,208,15
2025-02-24,Emilia-Romagna,Google Ads,RND_IT_GOOGLE_DISPLAY,119.47,19805,119,6
2025-02-24,Emilia-Romagna,Google Ads,RND_IT_GOOGLE_PMAX,256.65,18566,369,10
2025-02-24,Emilia-Romagna,Google Ads,RND_IT_GOOGLE_SEARCH_BRAND,146.32,4750,360,9
2025-02-24,Emilia-Romagna,Google Ads,RND_IT_GOOGLE_SEARCH_GENERICA,243.24,4352,237,12
2025-02-24,Emilia-Romagna,Google Ads,RND_IT_GOOGLE_SEARCH_LOCALE,106.18,2333,99,9
2025-02-24,Friuli-Venezia Giulia,Google Ads,RND_IT_GOOGLE_DISPLAY,38.45,6867,40,3
2025-02-24,Friuli-Venezia Giulia,Google Ads,RND_IT_GOOGLE_PMAX,90.07,6607,130,4
2025-02-24,Friuli-Venezia Giulia,Google Ads,RND_IT_GOOGLE_SEARCH_BRAND,27.62,923,75,2
2025-02-24,Friuli-Venezia Giulia,Google Ads,RND_IT_GOOGLE_SEARCH_GENERICA,76.22,1354,65,4
2025-02-24,Friuli-Venezia Giulia,Google Ads,RND_IT_GOOGLE_SEARCH_LOCALE,27.68,587,27,2
2025-02-24,Lazio,Google Ads,RND_IT_GOOGLE_DISPLAY,139.10,23117,139,7
2025-02-24,Lazio,Google Ads,RND_IT_GOOGLE_PMAX,182.90,13405,269,7
2025-02-24,Lazio,Google Ads,RND_IT_GOOGLE_SEARCH_BRAND,83.16,2697,230,5
2025-02-24,Lazio,Google Ads,RND_IT_GOOGLE_SEARCH_GENERICA,440.12,7671,334,21
2025-02-24,Lazio,Google Ads,RND_IT_GOOGLE_SEARCH_LOCALE,267.99,5786,246,19
2025-02-24,Liguria,Google Ads,RND_IT_GOOGLE_DISPLAY,22.85,3853,25,1
2025-02-24,Liguria,Google Ads,RND_IT_GOOGLE_PMAX,47.71,3277,62,2
2025-02-24,Liguria,Google Ads,RND_IT_GOOGLE_SEARCH_BRAND,33.36,1101,87,2
2025-02-24,Liguria,Google Ads,RND_IT_GOOGLE_SEARCH_GENERICA,104.33,1903,102,6
2025-02-24,Liguria,Google Ads,RND_IT_GOOGLE_SEARCH_LOCALE,50.44,1080,48,4
2025-02-24,Lombardia,Google Ads,RND_IT_GOOGLE_DISPLAY,303.53,53091,327,11
2025-02-24,Lombardia,Google Ads,RND_IT_GOOGLE_PMAX,522.05,38070,785,16
2025-02-24,Lombardia,Google Ads,RND_IT_GOOGLE_SEARCH_BRAND,329.21,11683,961,16
2025-02-24,Lombardia,Google Ads,RND_IT_GOOGLE_SEARCH_GENERICA,738.35,12859,585,30
2025-02-24,Lombardia,Google Ads,RND_IT_GOOGLE_SEARCH_LOCALE,253.36,5254,239,14
2025-02-24,Marche,Google Ads,RND_IT_GOOGLE_DISPLAY,25.57,4387,30,1
2025-02-24,Marche,Google Ads,RND_IT_GOOGLE_PMAX,93.59,6481,130,3
2025-02-24,Marche,Google Ads,RND_IT_GOOGLE_SEARCH_BRAND,42.45,1419,112,2
2025-02-24,Marche,Google Ads,RND_IT_GOOGLE_SEARCH_GENERICA,71.07,1274,63,3
2025-02-24,Marche,Google Ads,RND_IT_GOOGLE_SEARCH_LOCALE,40.34,835,39,3
2025-02-24,Molise,Google Ads,RND_IT_GOOGLE_DISPLAY,8.59,1489,9,0
2025-02-24,Molise,Google Ads,RND_IT_GOOGLE_PMAX,19.52,1387,30,1
2025-02-24,Molise,Google Ads,RND_IT_GOOGLE_SEARCH_BRAND,5.54,178,15,0
2025-02-24,Molise,Google Ads,RND_IT_GOOGLE_SEARCH_GENERICA,27.07,479,24,1
2025-02-24,Molise,Google Ads,RND_IT_GOOGLE_SEARCH_LOCALE,14.68,303,14,1
2025-02-24,Piemonte,Google Ads,RND_IT_GOOGLE_DISPLAY,64.87,10520,62,2
2025-02-24,Piemonte,Google Ads,RND_IT_GOOGLE_PMAX,236.22,17450,388,7
2025-02-24,Piemonte,Google Ads,RND_IT_GOOGLE_SEARCH_BRAND,90.10,3020,256,4
2025-02-24,Piemonte,Google Ads,RND_IT_GOOGLE_SEARCH_GENERICA,406.81,7635,392,15
2025-02-24,Piemonte,Google Ads,RND_IT_GOOGLE_SEARCH_LOCALE,153.67,3267,150,9
2025-02-24,Puglia,Google Ads,RND_IT_GOOGLE_DISPLAY,99.03,17114,103,3
2025-02-24,Puglia,Google Ads,RND_IT_GOOGLE_PMAX,227.57,16295,329,6
2025-02-24,Puglia,Google Ads,RND_IT_GOOGLE_SEARCH_BRAND,81.07,2593,207,3
2025-02-24,Puglia,Google Ads,RND_IT_GOOGLE_SEARCH_GENERICA,236.02,4226,224,7
2025-02-24,Puglia,Google Ads,RND_IT_GOOGLE_SEARCH_LOCALE,162.08,3311,138,9
2025-02-24,Sardegna,Google Ads,RND_IT_GOOGLE_DISPLAY,30.07,5036,31,1
2025-02-24,Sardegna,Google Ads,RND_IT_GOOGLE_PMAX,104.03,7676,145,4
2025-02-24,Sardegna,Google Ads,RND_IT_GOOGLE_SEARCH_BRAND,34.89,1121,88,2
2025-02-24,Sardegna,Google Ads,RND_IT_GOOGLE_SEARCH_GENERICA,126.69,2331,121,5
2025-02-24,Sardegna,Google Ads,RND_IT_GOOGLE_SEARCH_LOCALE,36.74,805,37,3
2025-02-24,Sicilia,Google Ads,RND_IT_GOOGLE_DISPLAY,118.64,19331,119,6
2025-02-24,Sicilia,Google Ads,RND_IT_GOOGLE_PMAX,279.01,20706,381,11
2025-02-24,Sicilia,Google Ads,RND_IT_GOOGLE_SEARCH_BRAND,91.26,2947,218,6
2025-02-24,Sicilia,Google Ads,RND_IT_GOOGLE_SEARCH_GENERICA,429.64,7436,386,25
2025-02-24,Sicilia,Google Ads,RND_IT_GOOGLE_SEARCH_LOCALE,180.29,3672,172,15
2025-02-24,Toscana,Google Ads,RND_IT_GOOGLE_DISPLAY,60.18,10096,56,2
2025-02-24,Toscana,Google Ads,RND_IT_GOOGLE_PMAX,213.74,14462,324,9
2025-02-24,Toscana,Google Ads,RND_IT_GOOGLE_SEARCH_BRAND,96.02,3158,236,5
2025-02-24,Toscana,Google Ads,RND_IT_GOOGLE_SEARCH_GENERICA,183.53,3350,158,10
2025-02-24,Toscana,Google Ads,RND_IT_GOOGLE_SEARCH_LOCALE,120.89,2535,120,9
2025-02-24,Trentino-Alto Adige,Google Ads,RND_IT_GOOGLE_DISPLAY,37.68,6315,37,1
2025-02-24,Trentino-Alto Adige,Google Ads,RND_IT_GOOGLE_PMAX,55.12,3680,82,2
2025-02-24,Trentino-Alto Adige,Google Ads,RND_IT_GOOGLE_SEARCH_BRAND,31.71,1087,80,1
2025-02-24,Trentino-Alto Adige,Google Ads,RND_IT_GOOGLE_SEARCH_GENERICA,64.48,1130,58,2
2025-02-24,Trentino-Alto Adige,Google Ads,RND_IT_GOOGLE_SEARCH_LOCALE,29.71,615,26,2
2025-02-24,Umbria,Google Ads,RND_IT_GOOGLE_DISPLAY,19.02,3348,19,1
2025-02-24,Umbria,Google Ads,RND_IT_GOOGLE_PMAX,33.62,2485,53,1
2025-02-24,Umbria,Google Ads,RND_IT_GOOGLE_SEARCH_BRAND,23.83,808,63,1
2025-02-24,Umbria,Google Ads,RND_IT_GOOGLE_SEARCH_GENERICA,65.22,1171,52,3
2025-02-24,Umbria,Google Ads,RND_IT_GOOGLE_SEARCH_LOCALE,24.56,505,24,2
2025-02-24,Valle d'Aosta,Google Ads,RND_IT_GOOGLE_DISPLAY,3.03,510,3,0
2025-02-24,Valle d'Aosta,Google Ads,RND_IT_GOOGLE_PMAX,5.67,419,8,0
2025-02-24,Valle d'Aosta,Google Ads,RND_IT_GOOGLE_SEARCH_BRAND,4.25,144,10,0
2025-02-24,Valle d'Aosta,Google Ads,RND_IT_GOOGLE_SEARCH_GENERICA,6.93,134,7,0
2025-02-24,Valle d'Aosta,Google Ads,RND_IT_GOOGLE_SEARCH_LOCALE,2.14,48,2,0
2025-02-24,Veneto,Google Ads,RND_IT_GOOGLE_DISPLAY,76.85,12509,65,2
2025-02-24,Veneto,Google Ads,RND_IT_GOOGLE_PMAX,204.78,14739,312,5
2025-02-24,Veneto,Google Ads,RND_IT_GOOGLE_SEARCH_BRAND,114.66,3696,273,4
2025-02-24,Veneto,Google Ads,RND_IT_GOOGLE_SEARCH_GENERICA,271.92,5082,229,9
2025-02-24,Veneto,Google Ads,RND_IT_GOOGLE_SEARCH_LOCALE,135.85,2793,122,6
2025-03-03,Abruzzo,Google Ads,RND_IT_GOOGLE_DISPLAY,28.37,4586,28,1
2025-03-03,Abruzzo,Google Ads,RND_IT_GOOGLE_PMAX,55.89,4039,88,1
2025-03-03,Abruzzo,Google Ads,RND_IT_GOOGLE_SEARCH_BRAND,28.37,930,58,1
2025-03-03,Abruzzo,Google Ads,RND_IT_GOOGLE_SEARCH_GENERICA,75.97,1376,67,2
2025-03-03,Abruzzo,Google Ads,RND_IT_GOOGLE_SEARCH_LOCALE,30.79,636,28,1
2025-03-03,Basilicata,Google Ads,RND_IT_GOOGLE_DISPLAY,8.53,1420,8,0
2025-03-03,Basilicata,Google Ads,RND_IT_GOOGLE_PMAX,22.28,1634,31,0
2025-03-03,Basilicata,Google Ads,RND_IT_GOOGLE_SEARCH_BRAND,12.44,418,35,0
2025-03-03,Basilicata,Google Ads,RND_IT_GOOGLE_SEARCH_GENERICA,42.41,845,38,1
2025-03-03,Basilicata,Google Ads,RND_IT_GOOGLE_SEARCH_LOCALE,15.11,309,13,1
2025-03-03,Calabria,Google Ads,RND_IT_GOOGLE_DISPLAY,51.42,8223,51,2
2025-03-03,Calabria,Google Ads,RND_IT_GOOGLE_PMAX,84.55,6198,124,3
2025-03-03,Calabria,Google Ads,RND_IT_GOOGLE_SEARCH_BRAND,41.25,1349,100,2
2025-03-03,Calabria,Google Ads,RND_IT_GOOGLE_SEARCH_GENERICA,104.02,1839,87,4
2025-03-03,Calabria,Google Ads,RND_IT_GOOGLE_SEARCH_LOCALE,33.34,695,31,2
2025-03-03,Campania,Google Ads,RND_IT_GOOGLE_DISPLAY,144.58,23579,138,6
2025-03-03,Campania,Google Ads,RND_IT_GOOGLE_PMAX,269.33,19062,352,9
2025-03-03,Campania,Google Ads,RND_IT_GOOGLE_SEARCH_BRAND,133.37,4408,341,8
2025-03-03,Campania,Google Ads,RND_IT_GOOGLE_SEARCH_GENERICA,453.31,8530,427,21
2025-03-03,Campania,Google Ads,RND_IT_GOOGLE_SEARCH_LOCALE,167.97,3489,159,11
2025-03-03,Emilia-Romagna,Google Ads,RND_IT_GOOGLE_DISPLAY,124.75,20639,108,6
2025-03-03,Emilia-Romagna,Google Ads,RND_IT_GOOGLE_PMAX,270.07,19844,393,13
2025-03-03,Emilia-Romagna,Google Ads,RND_IT_GOOGLE_SEARCH_BRAND,135.05,4561,377,9
2025-03-03,Emilia-Romagna,Google Ads,RND_IT_GOOGLE_SEARCH_GENERICA,191.84,3328,160,10
2025-03-03,Emilia-Romagna,Google Ads,RND_IT_GOOGLE_SEARCH_LOCALE,82.98,1671,66,7
2025-03-03,Friuli-Venezia Giulia,Google Ads,RND_IT_GOOGLE_DISPLAY,35.65,5866,38,2
2025-03-03,Friuli-Venezia Giulia,Google Ads,RND_IT_GOOGLE_PMAX,74.71,5281,117,4
2025-03-03,Friuli-Venezia Giulia,Google Ads,RND_IT_GOOGLE_SEARCH_BRAND,24.73,816,62,2
2025-03-03,Friuli-Venezia Giulia,Google Ads,RND_IT_GOOGLE_SEARCH_GENERICA,71.98,1299,70,4
2025-03-03,Friuli-Venezia Giulia,Google Ads,RND_IT_GOOGLE_SEARCH_LOCALE,24.17,497,22,2
2025-03-03,Lazio,Google Ads,RND_IT_GOOGLE_DISPLAY,132.75,22607,112,6
2025-03-03,Lazio,Google Ads,RND_IT_GOOGLE_PMAX,172.91,12441,268,7
2025-03-03,Lazio,Google Ads,RND_IT_GOOGLE_SEARCH_BRAND,78.01,2618,216,5
2025-03-03,Lazio,Google Ads,RND_IT_GOOGLE_SEARCH_GENERICA,411.08,7172,364,24
2025-03-03,Lazio,Google Ads,RND_IT_GOOGLE_SEARCH_LOCALE,198.20,4205,166,15
2025-03-03,Liguria,Google Ads,RND_IT_GOOGLE_DISPLAY,25.69,4187,25,1
2025-03-03,Liguria,Google Ads,RND_IT_GOOGLE_PMAX,38.61,2774,56,2
2025-03-03,Liguria,Google Ads,RND_IT_GOOGLE_SEARCH_BRAND,28.39,992,68,2
2025-03-03,Liguria,Google Ads,RND_IT_GOOGLE_SEARCH_GENERICA,99.00,1814,88,6
2025-03-03,Liguria,Google Ads,RND_IT_GOOGLE_SEARCH_LOCALE,43.20,928,48,4
2025-03-03,Lombardia,Google Ads,RND_IT_GOOGLE_DISPLAY,252.78,39007,245,10
2025-03-03,Lombardia,Google Ads,RND_IT_GOOGLE_PMAX,482.41,33569,545,17
2025-03-03,Lombardia,Google Ads,RND_IT_GOOGLE_SEARCH_BRAND,258.09,8559,750,13
2025-03-03,Lombardia,Google Ads,RND_IT_GOOGLE_SEARCH_GENERICA,570.44,10389,515,25
2025-03-03,Lombardia,Google Ads,RND_IT_GOOGLE_SEARCH_LOCALE,199.98,4169,190,12
2025-03-03,Marche,Google Ads,RND_IT_GOOGLE_DISPLAY,26.19,4144,27,1
2025-03-03,Marche,Google Ads,RND_IT_GOOGLE_PMAX,84.42,5896,113,3
2025-03-03,Marche,Google Ads,RND_IT_GOOGLE_SEARCH_BRAND,35.11,1212,98,2
2025-03-03,Marche,Google Ads,RND_IT_GOOGLE_SEARCH_GENERICA,61.02,1099,60,3
2025-03-03,Marche,Google Ads,RND_IT_GOOGLE_SEARCH_LOCALE,43.57,909,41,3
2025-03-03,Molise,Google Ads,RND_IT_GOOGLE_DISPLAY,7.62,1270,7,0
2025-03-03,Molise,Google Ads,RND_IT_GOOGLE_PMAX,19.89,1516,31,1
2025-03-03,Molise,Google Ads,RND_IT_GOOGLE_SEARCH_BRAND,5.50,186,14,0
2025-03-03,Molise,Google Ads,RND_IT_GOOGLE_SEARCH_GENERICA,26.43,496,26,1
2025-03-03,Molise,Google Ads,RND_IT_GOOGLE_SEARCH_LOCALE,12.16,250,11,1
2025-03-03,Piemonte,Google Ads,RND_IT_GOOGLE_DISPLAY,65.14,10666,62,2
2025-03-03,Piemonte,Google Ads,RND_IT_GOOGLE_PMAX,239.77,16668,328,8
2025-03-03,Piemonte,Google Ads,RND_IT_GOOGLE_SEARCH_BRAND,78.83,2512,207,4
2025-03-03,Piemonte,Google Ads,RND_IT_GOOGLE_SEARCH_GENERICA,281.03,5023,231,12
2025-03-03,Piemonte,Google Ads,RND_IT_GOOGLE_SEARCH_LOCALE,125.78,2581,121,7
2025-03-03,Puglia,Google Ads,RND_IT_GOOGLE_DISPLAY,110.72,17769,115,3
2025-03-03,Puglia,Google Ads,RND_IT_GOOGLE_PMAX,225.98,16320,327,7
2025-03-03,Puglia,Google Ads,RND_IT_GOOGLE_SEARCH_BRAND,67.80,2185,150,3
2025-03-03,Puglia,Google Ads,RND_IT_GOOGLE_SEARCH_GENERICA,225.16,4134,197,8
2025-03-03,Puglia,Google Ads,RND_IT_GOOGLE_SEARCH_LOCALE,129.85,2631,126,7
2025-03-03,Sardegna,Google Ads,RND_IT_GOOGLE_DISPLAY,26.83,4735,31,1
2025-03-03,Sardegna,Google Ads,RND_IT_GOOGLE_PMAX,87.16,6334,129,3
2025-03-03,Sardegna,Google Ads,RND_IT_GOOGLE_SEARCH_BRAND,29.91,972,71,2
2025-03-03,Sardegna,Google Ads,RND_IT_GOOGLE_SEARCH_GENERICA,117.25,2184,113,5
2025-03-03,Sardegna,Google Ads,RND_IT_GOOGLE_SEARCH_LOCALE,31.22,620,25,2
2025-03-03,Sicilia,Google Ads,RND_IT_GOOGLE_DISPLAY,105.65,18047,118,5
2025-03-03,Sicilia,Google Ads,RND_IT_GOOGLE_PMAX,229.23,16347,315,10
2025-03-03,Sicilia,Google Ads,RND_IT_GOOGLE_SEARCH_BRAND,88.30,2868,237,7
2025-03-03,Sicilia,Google Ads,RND_IT_GOOGLE_SEARCH_GENERICA,342.29,5947,305,21
2025-03-03,Sicilia,Google Ads,RND_IT_GOOGLE_SEARCH_LOCALE,130.43,2660,131,12
2025-03-03,Toscana,Google Ads,RND_IT_GOOGLE_DISPLAY,78.94,13133,93,4
2025-03-03,Toscana,Google Ads,RND_IT_GOOGLE_PMAX,199.59,14544,291,9
2025-03-03,Toscana,Google Ads,RND_IT_GOOGLE_SEARCH_BRAND,83.88,2788,182,6
2025-03-03,Toscana,Google Ads,RND_IT_GOOGLE_SEARCH_GENERICA,151.88,2699,125,8
2025-03-03,Toscana,Google Ads,RND_IT_GOOGLE_SEARCH_LOCALE,94.86,2030,99,9
2025-03-03,Trentino-Alto Adige,Google Ads,RND_IT_GOOGLE_DISPLAY,40.51,6799,39,2
2025-03-03,Trentino-Alto Adige,Google Ads,RND_IT_GOOGLE_PMAX,54.35,3921,78,2
2025-03-03,Trentino-Alto Adige,Google Ads,RND_IT_GOOGLE_SEARCH_BRAND,28.60,971,76,1
2025-03-03,Trentino-Alto Adige,Google Ads,RND_IT_GOOGLE_SEARCH_GENERICA,50.97,928,49,2
2025-03-03,Trentino-Alto Adige,Google Ads,RND_IT_GOOGLE_SEARCH_LOCALE,32.20,662,30,2
2025-03-03,Umbria,Google Ads,RND_IT_GOOGLE_DISPLAY,16.46,2721,17,1
2025-03-03,Umbria,Google Ads,RND_IT_GOOGLE_PMAX,31.84,2215,42,1
2025-03-03,Umbria,Google Ads,RND_IT_GOOGLE_SEARCH_BRAND,20.73,717,56,1
2025-03-03,Umbria,Google Ads,RND_IT_GOOGLE_SEARCH_GENERICA,55.33,1025,48,2
2025-03-03,Umbria,Google Ads,RND_IT_GOOGLE_SEARCH_LOCALE,19.68,406,18,1
2025-03-03,Valle d'Aosta,Google Ads,RND_IT_GOOGLE_DISPLAY,2.88,462,3,0
2025-03-03,Valle d'Aosta,Google Ads,RND_IT_GOOGLE_PMAX,4.47,324,7,0
2025-03-03,Valle d'Aosta,Google Ads,RND_IT_GOOGLE_SEARCH_BRAND,3.68,124,11,0
2025-03-03,Valle d'Aosta,Google Ads,RND_IT_GOOGLE_SEARCH_GENERICA,6.09,115,6,0
2025-03-03,Valle d'Aosta,Google Ads,RND_IT_GOOGLE_SEARCH_LOCALE,1.72,36,1,0
2025-03-03,Veneto,Google Ads,RND_IT_GOOGLE_DISPLAY,81.64,14028,73,2
2025-03-03,Veneto,Google Ads,RND_IT_GOOGLE_PMAX,231.90,16293,315,6
2025-03-03,Veneto,Google Ads,RND_IT_GOOGLE_SEARCH_BRAND,95.92,3154,210,4
2025-03-03,Veneto,Google Ads,RND_IT_GOOGLE_SEARCH_GENERICA,228.39,4126,214,8
2025-03-03,Veneto,Google Ads,RND_IT_GOOGLE_SEARCH_LOCALE,109.69,2371,97,5
2025-03-10,Abruzzo,Google Ads,RND_IT_GOOGLE_DISPLAY,34.64,5921,35,1
2025-03-10,Abruzzo,Google Ads,RND_IT_GOOGLE_PMAX,78.05,5866,99,1
2025-03-10,Abruzzo,Google Ads,RND_IT_GOOGLE_SEARCH_BRAND,30.21,944,79,1
2025-03-10,Abruzzo,Google Ads,RND_IT_GOOGLE_SEARCH_GENERICA,88.34,1591,73,2
2025-03-10,Abruzzo,Google Ads,RND_IT_GOOGLE_SEARCH_LOCALE,39.23,795,37,2
2025-03-10,Basilicata,Google Ads,RND_IT_GOOGLE_DISPLAY,8.38,1315,7,0
2025-03-10,Basilicata,Google Ads,RND_IT_GOOGLE_PMAX,27.48,1988,45,1
2025-03-10,Basilicata,Google Ads,RND_IT_GOOGLE_SEARCH_BRAND,16.28,544,39,0
2025-03-10,Basilicata,Google Ads,RND_IT_GOOGLE_SEARCH_GENERICA,50.57,895,43,1
2025-03-10,Basilicata,Google Ads,RND_IT_GOOGLE_SEARCH_LOCALE,18.57,390,19,1
2025-03-10,Calabria,Google Ads,RND_IT_GOOGLE_DISPLAY,46.46,7796,45,2
2025-03-10,Calabria,Google Ads,RND_IT_GOOGLE_PMAX,92.47,6466,122,3
2025-03-10,Calabria,Google Ads,RND_IT_GOOGLE_SEARCH_BRAND,51.49,1718,125,2
2025-03-10,Calabria,Google Ads,RND_IT_GOOGLE_SEARCH_GENERICA,131.78,2420,116,5
2025-03-10,Calabria,Google Ads,RND_IT_GOOGLE_SEARCH_LOCALE,44.51,925,44,2
2025-03-10,Campania,Google Ads,RND_IT_GOOGLE_DISPLAY,161.98,27269,147,6
2025-03-10,Campania,Google Ads,RND_IT_GOOGLE_PMAX,314.23,22676,482,10
2025-03-10,Campania,Google Ads,RND_IT_GOOGLE_SEARCH_BRAND,132.31,4435,304,6
2025-03-10,Campania,Google Ads,RND_IT_GOOGLE_SEARCH_GENERICA,696.14,12544,634,27
2025-03-10,Campania,Google Ads,RND_IT_GOOGLE_SEARCH_LOCALE,228.78,4776,214,13
2025-03-10,Emilia-Romagna,Google Ads,RND_IT_GOOGLE_DISPLAY,112.64,18592,115,5
2025-03-10,Emilia-Romagna,Google Ads,RND_IT_GOOGLE_PMAX,351.45,24407,465,14
2025-03-10,Emilia-Romagna,Google Ads,RND_IT_GOOGLE_SEARCH_BRAND,139.70,4951,343,9
2025-03-10,Emilia-Romagna,Google Ads,RND_IT_GOOGLE_SEARCH_GENERICA,240.84,4343,214,11
2025-03-10,Emilia-Romagna,Google Ads,RND_IT_GOOGLE_SEARCH_LOCALE,101.58,2132,109,7
2025-03-10,Friuli-Venezia Giulia,Google Ads,RND_IT_GOOGLE_DISPLAY,33.52,5937,34,2
2025-03-10,Friuli-Venezia Giulia,Google Ads,RND_IT_GOOGLE_PMAX,100.97,7268,151,5
2025-03-10,Friuli-Venezia Giulia,Google Ads,RND_IT_GOOGLE_SEARCH_BRAND,28.33,979,76,2
2025-03-10,Friuli-Venezia Giulia,Google Ads,RND_IT_GOOGLE_SEARCH_GENERICA,92.84,1683,77,5
2025-03-10,Friuli-Venezia Giulia,Google Ads,RND_IT_GOOGLE_SEARCH_LOCALE,30.57,638,31,2
2025-03-10,Lazio,Google Ads,RND_IT_GOOGLE_DISPLAY,135.82,23988,126,6
2025-03-10,Lazio,Google Ads,RND_IT_GOOGLE_PMAX,209.88,14890,297,8
2025-03-10,Lazio,Google Ads,RND_IT_GOOGLE_SEARCH_BRAND,108.23,3693,255,7
2025-03-10,Lazio,Google Ads,RND_IT_GOOGLE_SEARCH_GENERICA,482.73,8922,403,28
2025-03-10,Lazio,Google Ads,RND_IT_GOOGLE_SEARCH_LOCALE,237.00,5055,221,17
2025-03-10,Liguria,Google Ads,RND_IT_GOOGLE_DISPLAY,25.94,4274,27,1
2025-03-10,Liguria,Google Ads,RND_IT_GOOGLE_PMAX,48.95,3409,73,2
2025-03-10,Liguria,Google Ads,RND_IT_GOOGLE_SEARCH_BRAND,26.36,853,67,2
2025-03-10,Liguria,Google Ads,RND_IT_GOOGLE_SEARCH_GENERICA,110.58,1976,103,6
2025-03-10,Liguria,Google Ads,RND_IT_GOOGLE_SEARCH_LOCALE,56.87,1184,61,4
2025-03-10,Lombardia,Google Ads,RND_IT_GOOGLE_DISPLAY,234.26,38782,223,7
2025-03-10,Lombardia,Google Ads,RND_IT_GOOGLE_PMAX,569.91,39683,782,20
2025-03-10,Lombardia,Google Ads,RND_IT_GOOGLE_SEARCH_BRAND,296.02,9715,695,14
2025-03-10,Lombardia,Google Ads,RND_IT_GOOGLE_SEARCH_GENERICA,686.79,12198,622,26
2025-03-10,Lombardia,Google Ads,RND_IT_GOOGLE_SEARCH_LOCALE,261.74,5738,238,15
2025-03-10,Marche,Google Ads,RND_IT_GOOGLE_DISPLAY,27.43,4525,26,1
2025-03-10,Marche,Google Ads,RND_IT_GOOGLE_PMAX,121.30,9298,177,6
2025-03-10,Marche,Google Ads,RND_IT_GOOGLE_SEARCH_BRAND,35.04,1165,80,2
2025-03-10,Marche,Google Ads,RND_IT_GOOGLE_SEARCH_GENERICA,73.69,1357,68,4
2025-03-10,Marche,Google Ads,RND_IT_GOOGLE_SEARCH_LOCALE,48.74,1017,41,3
2025-03-10,Molise,Google Ads,RND_IT_GOOGLE_DISPLAY,9.01,1474,8,0
2025-03-10,Molise,Google Ads,RND_IT_GOOGLE_PMAX,26.88,1925,39,1
2025-03-10,Molise,Google Ads,RND_IT_GOOGLE_SEARCH_BRAND,5.47,178,13,0
2025-03-10,Molise,Google Ads,RND_IT_GOOGLE_SEARCH_GENERICA,30.24,500,25,1
2025-03-10,Molise,Google Ads,RND_IT_GOOGLE_SEARCH_LOCALE,15.70,310,14,1
2025-03-10,Piemonte,Google Ads,RND_IT_GOOGLE_DISPLAY,71.09,11520,75,2
2025-03-10,Piemonte,Google Ads,RND_IT_GOOGLE_PMAX,272.70,19226,374,9
2025-03-10,Piemonte,Google Ads,RND_IT_GOOGLE_SEARCH_BRAND,86.80,2937,225,4
2025-03-10,Piemonte,Google Ads,RND_IT_GOOGLE_SEARCH_GENERICA,416.79,7441,356,15
2025-03-10,Piemonte,Google Ads,RND_IT_GOOGLE_SEARCH_LOCALE,170.48,3620,154,10
2025-03-10,Puglia,Google Ads,RND_IT_GOOGLE_DISPLAY,133.06,22513,138,4
2025-03-10,Puglia,Google Ads,RND_IT_GOOGLE_PMAX,253.17,17756,307,6
2025-03-10,Puglia,Google Ads,RND_IT_GOOGLE_SEARCH_BRAND,77.13,2599,191,3
2025-03-10,Puglia,Google Ads,RND_IT_GOOGLE_SEARCH_GENERICA,326.53,5732,290,11
2025-03-10,Puglia,Google Ads,RND_IT_GOOGLE_SEARCH_LOCALE,161.44,3403,149,8
2025-03-10,Sardegna,Google Ads,RND_IT_GOOGLE_DISPLAY,31.26,5517,32,1
2025-03-10,Sardegna,Google Ads,RND_IT_GOOGLE_PMAX,117.57,8517,163,4
2025-03-10,Sardegna,Google Ads,RND_IT_GOOGLE_SEARCH_BRAND,33.28,1073,81,2
2025-03-10,Sardegna,Google Ads,RND_IT_GOOGLE_SEARCH_GENERICA,120.12,2263,133,6
2025-03-10,Sardegna,Google Ads,RND_IT_GOOGLE_SEARCH_LOCALE,40.03,835,40,3
2025-03-10,Sicilia,Google Ads,RND_IT_GOOGLE_DISPLAY,98.44,17170,89,5
2025-03-10,Sicilia,Google Ads,RND_IT_GOOGLE_PMAX,297.53,20845,501,14
2025-03-10,Sicilia,Google Ads,RND_IT_GOOGLE_SEARCH_BRAND,95.31,3291,259,5
2025-03-10,Sicilia,Google Ads,RND_IT_GOOGLE_SEARCH_GENERICA,422.32,7577,410,22
2025-03-10,Sicilia,Google Ads,RND_IT_GOOGLE_SEARCH_LOCALE,188.98,3906,175,16
2025-03-10,Toscana,Google Ads,RND_IT_GOOGLE_DISPLAY,92.99,15866,112,4
2025-03-10,Toscana,Google Ads,RND_IT_GOOGLE_PMAX,235.40,16262,284,10
2025-03-10,Toscana,Google Ads,RND_IT_GOOGLE_SEARCH_BRAND,84.19,2815,227,5
2025-03-10,Toscana,Google Ads,RND_IT_GOOGLE_SEARCH_GENERICA,174.77,3124,153,7
2025-03-10,Toscana,Google Ads,RND_IT_GOOGLE_SEARCH_LOCALE,131.32,2562,115,10
2025-03-10,Trentino-Alto Adige,Google Ads,RND_IT_GOOGLE_DISPLAY,39.20,6061,41,1
2025-03-10,Trentino-Alto Adige,Google Ads,RND_IT_GOOGLE_PMAX,56.27,4016,82,2
2025-03-10,Trentino-Alto Adige,Google Ads,RND_IT_GOOGLE_SEARCH_BRAND,27.06,855,63,1
2025-03-10,Trentino-Alto Adige,Google Ads,RND_IT_GOOGLE_SEARCH_GENERICA,67.48,1225,59,3
2025-03-10,Trentino-Alto Adige,Google Ads,RND_IT_GOOGLE_SEARCH_LOCALE,38.87,762,34,2
2025-03-10,Umbria,Google Ads,RND_IT_GOOGLE_DISPLAY,17.71,2786,18,1
2025-03-10,Umbria,Google Ads,RND_IT_GOOGLE_PMAX,37.69,2689,53,1
2025-03-10,Umbria,Google Ads,RND_IT_GOOGLE_SEARCH_BRAND,25.75,857,60,1
2025-03-10,Umbria,Google Ads,RND_IT_GOOGLE_SEARCH_GENERICA,82.43,1472,59,3
2025-03-10,Umbria,Google Ads,RND_IT_GOOGLE_SEARCH_LOCALE,23.94,523,20,1
2025-03-10,Valle d'Aosta,Google Ads,RND_IT_GOOGLE_DISPLAY,3.03,521,3,0
2025-03-10,Valle d'Aosta,Google Ads,RND_IT_GOOGLE_PMAX,6.13,432,10,0
2025-03-10,Valle d'Aosta,Google Ads,RND_IT_GOOGLE_SEARCH_BRAND,4.19,141,11,0
2025-03-10,Valle d'Aosta,Google Ads,RND_IT_GOOGLE_SEARCH_GENERICA,7.98,143,8,0
2025-03-10,Valle d'Aosta,Google Ads,RND_IT_GOOGLE_SEARCH_LOCALE,2.87,59,2,0
2025-03-10,Veneto,Google Ads,RND_IT_GOOGLE_DISPLAY,98.20,17162,99,2
2025-03-10,Veneto,Google Ads,RND_IT_GOOGLE_PMAX,268.10,18638,344,6
2025-03-10,Veneto,Google Ads,RND_IT_GOOGLE_SEARCH_BRAND,121.53,4169,323,5
2025-03-10,Veneto,Google Ads,RND_IT_GOOGLE_SEARCH_GENERICA,308.36,5623,297,9
2025-03-10,Veneto,Google Ads,RND_IT_GOOGLE_SEARCH_LOCALE,153.07,3281,144,7
2025-03-17,Abruzzo,Google Ads,RND_IT_GOOGLE_DISPLAY,42.31,7169,44,1
2025-03-17,Abruzzo,Google Ads,RND_IT_GOOGLE_PMAX,96.70,6826,137,2
2025-03-17,Abruzzo,Google Ads,RND_IT_GOOGLE_SEARCH_BRAND,29.14,961,65,1
2025-03-17,Abruzzo,Google Ads,RND_IT_GOOGLE_SEARCH_GENERICA,97.10,1743,84,2
2025-03-17,Abruzzo,Google Ads,RND_IT_GOOGLE_SEARCH_LOCALE,37.54,744,32,1
2025-03-17,Basilicata,Google Ads,RND_IT_GOOGLE_DISPLAY,11.29,1865,10,0
2025-03-17,Basilicata,Google Ads,RND_IT_GOOGLE_PMAX,27.15,1912,40,1
2025-03-17,Basilicata,Google Ads,RND_IT_GOOGLE_SEARCH_BRAND,18.83,643,45,1
2025-03-17,Basilicata,Google Ads,RND_IT_GOOGLE_SEARCH_GENERICA,49.04,880,40,1
2025-03-17,Basilicata,Google Ads,RND_IT_GOOGLE_SEARCH_LOCALE,20.01,404,18,1
2025-03-17,Calabria,Google Ads,RND_IT_GOOGLE_DISPLAY,61.36,10642,59,2
2025-03-17,Calabria,Google Ads,RND_IT_GOOGLE_PMAX,81.72,5731,113,3
2025-03-17,Calabria,Google Ads,RND_IT_GOOGLE_SEARCH_BRAND,60.60,2031,145,3
2025-03-17,Calabria,Google Ads,RND_IT_GOOGLE_SEARCH_GENERICA,118.03,2081,96,6
2025-03-17,Calabria,Google Ads,RND_IT_GOOGLE_SEARCH_LOCALE,50.90,1082,53,3
2025-03-17,Campania,Google Ads,RND_IT_GOOGLE_DISPLAY,198.61,33851,224,8
2025-03-17,Campania,Google Ads,RND_IT_GOOGLE_PMAX,248.35,17886,339,7
2025-03-17,Campania,Google Ads,RND_IT_GOOGLE_SEARCH_BRAND,137.61,4406,326,7
2025-03-17,Campania,Google Ads,RND_IT_GOOGLE_SEARCH_GENERICA,621.37,10907,562,25
2025-03-17,Campania,Google Ads,RND_IT_GOOGLE_SEARCH_LOCALE,224.93,4672,209,17
2025-03-17,Emilia-Romagna,Google Ads,RND_IT_GOOGLE_DISPLAY,177.62,30614,183,8
2025-03-17,Emilia-Romagna,Google Ads,RND_IT_GOOGLE_PMAX,334.80,25511,509,14
2025-03-17,Emilia-Romagna,Google Ads,RND_IT_GOOGLE_SEARCH_BRAND,162.65,5192,369,10
2025-03-17,Emilia-Romagna,Google Ads,RND_IT_GOOGLE_SEARCH_GENERICA,215.44,3924,195,13
2025-03-17,Emilia-Romagna,Google Ads,RND_IT_GOOGLE_SEARCH_LOCALE,127.44,2698,110,10
2025-03-17,Friuli-Venezia Giulia,Google Ads,RND_IT_GOOGLE_DISPLAY,40.21,6328,35,2
2025-03-17,Friuli-Venezia Giulia,Google Ads,RND_IT_GOOGLE_PMAX,92.79,6893,135,4
2025-03-17,Friuli-Venezia Giulia,Google Ads,RND_IT_GOOGLE_SEARCH_BRAND,31.58,1088,86,2
2025-03-17,Friuli-Venezia Giulia,Google Ads,RND_IT_GOOGLE_SEARCH_GENERICA,88.64,1626,85,6
2025-03-17,Friuli-Venezia Giulia,Google Ads,RND_IT_GOOGLE_SEARCH_LOCALE,34.34,715,30,3
2025-03-17,Lazio,Google Ads,RND_IT_GOOGLE_DISPLAY,178.05,29981,192,9
2025-03-17,Lazio,Google Ads,RND_IT_GOOGLE_PMAX,239.13,18076,354,10
2025-03-17,Lazio,Google Ads,RND_IT_GOOGLE_SEARCH_BRAND,139.85,4829,321,9
2025-03-17,Lazio,Google Ads,RND_IT_GOOGLE_SEARCH_GENERICA,480.28,8358,420,23
2025-03-17,Lazio,Google Ads,RND_IT_GOOGLE_SEARCH_LOCALE,272.02,5632,284,20
2025-03-17,Liguria,Google Ads,RND_IT_GOOGLE_DISPLAY,33.98,5965,34,2
2025-03-17,Liguria,Google Ads,RND_IT_GOOGLE_PMAX,48.75,3423,73,2
2025-03-17,Liguria,Google Ads,RND_IT_GOOGLE_SEARCH_BRAND,38.27,1288,86,3
2025-03-17,Liguria,Google Ads,RND_IT_GOOGLE_SEARCH_GENERICA,89.22,1659,89,5
2025-03-17,Liguria,Google Ads,RND_IT_GOOGLE_SEARCH_LOCALE,66.54,1358,68,7
2025-03-17,Lombardia,Google Ads,RND_IT_GOOGLE_DISPLAY,324.48,54936,284,10
2025-03-17,Lombardia,Google Ads,RND_IT_GOOGLE_PMAX,461.95,34654,713,14
2025-03-17,Lombardia,Google Ads,RND_IT_GOOGLE_SEARCH_BRAND,280.05,9754,714,12
2025-03-17,Lombardia,Google Ads,RND_IT_GOOGLE_SEARCH_GENERICA,748.06,13913,714,30
2025-03-17,Lombardia,Google Ads,RND_IT_GOOGLE_SEARCH_LOCALE,293.71,5900,277,18
2025-03-17,Marche,Google Ads,RND_IT_GOOGLE_DISPLAY,38.50,6599,36,2
2025-03-17,Marche,Google Ads,RND_IT_GOOGLE_PMAX,97.45,7008,146,4
2025-03-17,Marche,Google Ads,RND_IT_GOOGLE_SEARCH_BRAND,53.29,1833,136,3
2025-03-17,Marche,Google Ads,RND_IT_GOOGLE_SEARCH_GENERICA,77.19,1444,76,3
2025-03-17,Marche,Google Ads,RND_IT_GOOGLE_SEARCH_LOCALE,52.38,1137,46,4
2025-03-17,Molise,Google Ads,RND_IT_GOOGLE_DISPLAY,10.52,1755,10,0
2025-03-17,Molise,Google Ads,RND_IT_GOOGLE_PMAX,23.16,1703,35,1
2025-03-17,Molise,Google Ads,RND_IT_GOOGLE_SEARCH_BRAND,5.57,190,13,0
2025-03-17,Molise,Google Ads,RND_IT_GOOGLE_SEARCH_GENERICA,31.56,579,25,2
2025-03-17,Molise,Google Ads,RND_IT_GOOGLE_SEARCH_LOCALE,17.11,373,17,1
2025-03-17,Piemonte,Google Ads,RND_IT_GOOGLE_DISPLAY,108.51,18142,111,3
2025-03-17,Piemonte,Google Ads,RND_IT_GOOGLE_PMAX,270.29,19572,418,7
2025-03-17,Piemonte,Google Ads,RND_IT_GOOGLE_SEARCH_BRAND,109.86,3562,256,5
2025-03-17,Piemonte,Google Ads,RND_IT_GOOGLE_SEARCH_GENERICA,457.09,8469,387,16
2025-03-17,Piemonte,Google Ads,RND_IT_GOOGLE_SEARCH_LOCALE,192.96,3895,180,9
2025-03-17,Puglia,Google Ads,RND_IT_GOOGLE_DISPLAY,144.67,25126,153,4
2025-03-17,Puglia,Google Ads,RND_IT_GOOGLE_PMAX,229.18,16202,354,6
2025-03-17,Puglia,Google Ads,RND_IT_GOOGLE_SEARCH_BRAND,100.00,3506,256,4
2025-03-17,Puglia,Google Ads,RND_IT_GOOGLE_SEARCH_GENERICA,313.48,6073,296,10
2025-03-17,Puglia,Google Ads,RND_IT_GOOGLE_SEARCH_LOCALE,187.53,3777,170,9
2025-03-17,Sardegna,Google Ads,RND_IT_GOOGLE_DISPLAY,40.65,6639,43,2
2025-03-17,Sardegna,Google Ads,RND_IT_GOOGLE_PMAX,116.25,8483,166,4
2025-03-17,Sardegna,Google Ads,RND_IT_GOOGLE_SEARCH_BRAND,35.65,1207,88,2
2025-03-17,Sardegna,Google Ads,RND_IT_GOOGLE_SEARCH_GENERICA,114.32,2060,111,6
2025-03-17,Sardegna,Google Ads,RND_IT_GOOGLE_SEARCH_LOCALE,47.47,979,42,3
2025-03-17,Sicilia,Google Ads,RND_IT_GOOGLE_DISPLAY,117.51,19135,113,5
2025-03-17,Sicilia,Google Ads,RND_IT_GOOGLE_PMAX,268.32,19444,411,12
2025-03-17,Sicilia,Google Ads,RND_IT_GOOGLE_SEARCH_BRAND,109.76,3616,274,7
2025-03-17,Sicilia,Google Ads,RND_IT_GOOGLE_SEARCH_GENERICA,449.35,7914,448,22
2025-03-17,Sicilia,Google Ads,RND_IT_GOOGLE_SEARCH_LOCALE,224.50,4725,207,18
2025-03-17,Toscana,Google Ads,RND_IT_GOOGLE_DISPLAY,109.48,17985,104,5
2025-03-17,Toscana,Google Ads,RND_IT_GOOGLE_PMAX,226.38,15312,278,10
2025-03-17,Toscana,Google Ads,RND_IT_GOOGLE_SEARCH_BRAND,92.30,3015,216,6
2025-03-17,Toscana,Google Ads,RND_IT_GOOGLE_SEARCH_GENERICA,162.18,2813,139,9
2025-03-17,Toscana,Google Ads,RND_IT_GOOGLE_SEARCH_LOCALE,131.60,2727,117,11
2025-03-17,Trentino-Alto Adige,Google Ads,RND_IT_GOOGLE_DISPLAY,49.20,8206,54,1
2025-03-17,Trentino-Alto Adige,Google Ads,RND_IT_GOOGLE_PMAX,55.52,3951,67,2
2025-03-17,Trentino-Alto Adige,Google Ads,RND_IT_GOOGLE_SEARCH_BRAND,33.37,1121,93,1
2025-03-17,Trentino-Alto Adige,Google Ads,RND_IT_GOOGLE_SEARCH_GENERICA,58.70,1123,54,2
2025-03-17,Trentino-Alto Adige,Google Ads,RND_IT_GOOGLE_SEARCH_LOCALE,40.89,865,36,3
2025-03-17,Umbria,Google Ads,RND_IT_GOOGLE_DISPLAY,27.40,4345,28,1
2025-03-17,Umbria,Google Ads,RND_IT_GOOGLE_PMAX,44.23,3242,73,2
2025-03-17,Umbria,Google Ads,RND_IT_GOOGLE_SEARCH_BRAND,29.22,925,72,2
2025-03-17,Umbria,Google Ads,RND_IT_GOOGLE_SEARCH_GENERICA,56.52,1082,47,3
2025-03-17,Umbria,Google Ads,RND_IT_GOOGLE_SEARCH_LOCALE,25.81,537,26,2
2025-03-17,Valle d'Aosta,Google Ads,RND_IT_GOOGLE_DISPLAY,4.31,734,4,0
2025-03-17,Valle d'Aosta,Google Ads,RND_IT_GOOGLE_PMAX,6.24,450,9,0
2025-03-17,Valle d'Aosta,Google Ads,RND_IT_GOOGLE_SEARCH_BRAND,4.97,169,12,0
2025-03-17,Valle d'Aosta,Google Ads,RND_IT_GOOGLE_SEARCH_GENERICA,7.92,140,7,0
2025-03-17,Valle d'Aosta,Google Ads,RND_IT_GOOGLE_SEARCH_LOCALE,3.13,65,3,0
2025-03-17,Veneto,Google Ads,RND_IT_GOOGLE_DISPLAY,138.73,23007,141,4
2025-03-17,Veneto,Google Ads,RND_IT_GOOGLE_PMAX,232.01,16805,342,6
2025-03-17,Veneto,Google Ads,RND_IT_GOOGLE_SEARCH_BRAND,136.62,4424,334,6
2025-03-17,Veneto,Google Ads,RND_IT_GOOGLE_SEARCH_GENERICA,278.87,4960,238,10
2025-03-17,Veneto,Google Ads,RND_IT_GOOGLE_SEARCH_LOCALE,140.35,3136,138,7
2025-03-24,Abruzzo,Google Ads,RND_IT_GOOGLE_DISPLAY,34.17,5840,34,1
2025-03-24,Abruzzo,Google Ads,RND_IT_GOOGLE_PMAX,90.96,6351,116,1
2025-03-24,Abruzzo,Google Ads,RND_IT_GOOGLE_SEARCH_BRAND,29.28,987,75,1
2025-03-24,Abruzzo,Google Ads,RND_IT_GOOGLE_SEARCH_GENERICA,88.99,1602,97,2
2025-03-24,Abruzzo,Google Ads,RND_IT_GOOGLE_SEARCH_LOCALE,42.62,874,40,2
2025-03-24,Basilicata,Google Ads,RND_IT_GOOGLE_DISPLAY,11.48,1791,10,0
2025-03-24,Basilicata,Google Ads,RND_IT_GOOGLE_PMAX,22.78,1640,30,1
2025-03-24,Basilicata,Google Ads,RND_IT_GOOGLE_SEARCH_BRAND,19.97,655,53,1
2025-03-24,Basilicata,Google Ads,RND_IT_GOOGLE_SEARCH_GENERICA,36.54,689,33,1
2025-03-24,Basilicata,Google Ads,RND_IT_GOOGLE_SEARCH_LOCALE,18.85,412,19,1
2025-03-24,Calabria,Google Ads,RND_IT_GOOGLE_DISPLAY,65.54,11204,78,2
2025-03-24,Calabria,Google Ads,RND_IT_GOOGLE_PMAX,83.15,5922,113,2
2025-03-24,Calabria,Google Ads,RND_IT_GOOGLE_SEARCH_BRAND,59.61,1971,142,3
2025-03-24,Calabria,Google Ads,RND_IT_GOOGLE_SEARCH_GENERICA,107.03,1871,107,4
2025-03-24,Calabria,Google Ads,RND_IT_GOOGLE_SEARCH_LOCALE,54.59,1187,62,3
2025-03-24,Campania,Google Ads,RND_IT_GOOGLE_DISPLAY,194.73,33757,195,8
2025-03-24,Campania,Google Ads,RND_IT_GOOGLE_PMAX,214.61,15236,318,7
2025-03-24,Campania,Google Ads,RND_IT_GOOGLE_SEARCH_BRAND,150.25,4895,387,7
2025-03-24,Campania,Google Ads,RND_IT_GOOGLE_SEARCH_GENERICA,573.12,9806,516,21
2025-03-24,Campania,Google Ads,RND_IT_GOOGLE_SEARCH_LOCALE,196.40,4153,198,13
2025-03-24,Emilia-Romagna,Google Ads,RND_IT_GOOGLE_DISPLAY,141.22,23846,146,6
2025-03-24,Emilia-Romagna,Google Ads,RND_IT_GOOGLE_PMAX,287.58,20123,388,13
2025-03-24,Emilia-Romagna,Google Ads,RND_IT_GOOGLE_SEARCH_BRAND,150.39,4989,375,10
2025-03-24,Emilia-Romagna,Google Ads,RND_IT_GOOGLE_SEARCH_GENERICA,189.39,3667,170,8
2025-03-24,Emilia-Romagna,Google Ads,RND_IT_GOOGLE_SEARCH_LOCALE,138.85,2726,130,12
2025-03-24,Friuli-Venezia Giulia,Google Ads,RND_IT_GOOGLE_DISPLAY,36.81,6141,33,2
2025-03-24,Friuli-Venezia Giulia,Google Ads,RND_IT_GOOGLE_PMAX,77.28,5671,111,3
2025-03-24,Friuli-Venezia Giulia,Google Ads,RND_IT_GOOGLE_SEARCH_BRAND,27.76,978,81,2
2025-03-24,Friuli-Venezia Giulia,Google Ads,RND_IT_GOOGLE_SEARCH_GENERICA,82.53,1515,77,5
2025-03-24,Friuli-Venezia Giulia,Google Ads,RND_IT_GOOGLE_SEARCH_LOCALE,30.44,635,29,3
2025-03-24,Lazio,Google Ads,RND_IT_GOOGLE_DISPLAY,161.53,27621,174,8
2025-03-24,Lazio,Google Ads,RND_IT_GOOGLE_PMAX,213.79,15429,293,9
2025-03-24,Lazio,Google Ads,RND_IT_GOOGLE_SEARCH_BRAND,116.52,4046,331,7
2025-03-24,Lazio,Google Ads,RND_IT_GOOGLE_SEARCH_GENERICA,413.98,7629,402,22
2025-03-24,Lazio,Google Ads,RND_IT_GOOGLE_SEARCH_LOCALE,253.17,5193,227,19
2025-03-24,Liguria,Google Ads,RND_IT_GOOGLE_DISPLAY,28.51,4932,27,2
2025-03-24,Liguria,Google Ads,RND_IT_GOOGLE_PMAX,46.58,3351,72,2
2025-03-24,Liguria,Google Ads,RND_IT_GOOGLE_SEARCH_BRAND,33.76,1137,86,3
2025-03-24,Liguria,Google Ads,RND_IT_GOOGLE_SEARCH_GENERICA,85.44,1544,76,5
2025-03-24,Liguria,Google Ads,RND_IT_GOOGLE_SEARCH_LOCALE,65.65,1368,68,6
2025-03-24,Lombardia,Google Ads,RND_IT_GOOGLE_DISPLAY,387.24,65553,440,15
2025-03-24,Lombardia,Google Ads,RND_IT_GOOGLE_PMAX,427.90,32444,688,13
2025-03-24,Lombardia,Google Ads,RND_IT_GOOGLE_SEARCH_BRAND,308.58,10278,757,15
2025-03-24,Lombardia,Google Ads,RND_IT_GOOGLE_SEARCH_GENERICA,785.66,14484,767,30
2025-03-24,Lombardia,Google Ads,RND_IT_GOOGLE_SEARCH_LOCALE,295.66,5963,281,17
2025-03-24,Marche,Google Ads,RND_IT_GOOGLE_DISPLAY,31.22,5297,36,1
2025-03-24,Marche,Google Ads,RND_IT_GOOGLE_PMAX,81.41,5898,114,3
2025-03-24,Marche,Google Ads,RND_IT_GOOGLE_SEARCH_BRAND,53.33,1823,142,3
2025-03-24,Marche,Google Ads,RND_IT_GOOGLE_SEARCH_GENERICA,84.29,1463,77,4
2025-03-24,Marche,Google Ads,RND_IT_GOOGLE_SEARCH_LOCALE,48.72,1038,44,3
2025-03-24,Molise,Google Ads,RND_IT_GOOGLE_DISPLAY,10.10,1767,11,0
2025-03-24,Molise,Google Ads,RND_IT_GOOGLE_PMAX,21.30,1576,33,1
2025-03-24,Molise,Google Ads,RND_IT_GOOGLE_SEARCH_BRAND,5.46,188,14,0
2025-03-24,Molise,Google Ads,RND_IT_GOOGLE_SEARCH_GENERICA,29.71,526,27,1
2025-03-24,Molise,Google Ads,RND_IT_GOOGLE_SEARCH_LOCALE,16.73,359,17,1
2025-03-24,Piemonte,Google Ads,RND_IT_GOOGLE_DISPLAY,95.07,16207,98,3
2025-03-24,Piemonte,Google Ads,RND_IT_GOOGLE_PMAX,216.84,15615,307,6
2025-03-24,Piemonte,Google Ads,RND_IT_GOOGLE_SEARCH_BRAND,118.97,3867,324,5
2025-03-24,Piemonte,Google Ads,RND_IT_GOOGLE_SEARCH_GENERICA,395.34,7211,360,14
2025-03-24,Piemonte,Google Ads,RND_IT_GOOGLE_SEARCH_LOCALE,204.66,4413,210,10
2025-03-24,Puglia,Google Ads,RND_IT_GOOGLE_DISPLAY,133.31,21684,128,3
2025-03-24,Puglia,Google Ads,RND_IT_GOOGLE_PMAX,188.06,13290,260,5
2025-03-24,Puglia,Google Ads,RND_IT_GOOGLE_SEARCH_BRAND,109.31,3635,274,4
2025-03-24,Puglia,Google Ads,RND_IT_GOOGLE_SEARCH_GENERICA,267.98,4540,208,9
2025-03-24,Puglia,Google Ads,RND_IT_GOOGLE_SEARCH_LOCALE,174.67,3597,138,8
2025-03-24,Sardegna,Google Ads,RND_IT_GOOGLE_DISPLAY,43.39,7507,45,2
2025-03-24,Sardegna,Google Ads,RND_IT_GOOGLE_PMAX,107.22,7415,148,5
2025-03-24,Sardegna,Google Ads,RND_IT_GOOGLE_SEARCH_BRAND,37.67,1187,86,2
2025-03-24,Sardegna,Google Ads,RND_IT_GOOGLE_SEARCH_GENERICA,116.41,2097,104,6
2025-03-24,Sardegna,Google Ads,RND_IT_GOOGLE_SEARCH_LOCALE,45.25,913,38,3
2025-03-24,Sicilia,Google Ads,RND_IT_GOOGLE_DISPLAY,114.37,18991,117,6
2025-03-24,Sicilia,Google Ads,RND_IT_GOOGLE_PMAX,258.45,18594,389,13
2025-03-24,Sicilia,Google Ads,RND_IT_GOOGLE_SEARCH_BRAND,94.81,3267,237,6
2025-03-24,Sicilia,Google Ads,RND_IT_GOOGLE_SEARCH_GENERICA,370.49,6663,337,20
2025-03-24,Sicilia,Google Ads,RND_IT_GOOGLE_SEARCH_LOCALE,207.92,4377,202,17
2025-03-24,Toscana,Google Ads,RND_IT_GOOGLE_DISPLAY,92.83,15487,94,4
2025-03-24,Toscana,Google Ads,RND_IT_GOOGLE_PMAX,198.82,13067,245,8
2025-03-24,Toscana,Google Ads,RND_IT_GOOGLE_SEARCH_BRAND,103.22,3654,251,6
2025-03-24,Toscana,Google Ads,RND_IT_GOOGLE_SEARCH_GENERICA,158.87,2862,124,9
2025-03-24,Toscana,Google Ads,RND_IT_GOOGLE_SEARCH_LOCALE,146.97,3223,126,12
2025-03-24,Trentino-Alto Adige,Google Ads,RND_IT_GOOGLE_DISPLAY,31.58,5281,34,1
2025-03-24,Trentino-Alto Adige,Google Ads,RND_IT_GOOGLE_PMAX,39.31,2831,59,1
2025-03-24,Trentino-Alto Adige,Google Ads,RND_IT_GOOGLE_SEARCH_BRAND,24.80,829,65,1
2025-03-24,Trentino-Alto Adige,Google Ads,RND_IT_GOOGLE_SEARCH_GENERICA,43.71,782,40,2
2025-03-24,Trentino-Alto Adige,Google Ads,RND_IT_GOOGLE_SEARCH_LOCALE,38.25,799,31,2
2025-03-24,Umbria,Google Ads,RND_IT_GOOGLE_DISPLAY,25.98,4455,25,1
2025-03-24,Umbria,Google Ads,RND_IT_GOOGLE_PMAX,41.06,2960,70,2
2025-03-24,Umbria,Google Ads,RND_IT_GOOGLE_SEARCH_BRAND,28.10,877,62,2
2025-03-24,Umbria,Google Ads,RND_IT_GOOGLE_SEARCH_GENERICA,58.13,1025,51,3
2025-03-24,Umbria,Google Ads,RND_IT_GOOGLE_SEARCH_LOCALE,25.01,528,23,2
2025-03-24,Valle d'Aosta,Google Ads,RND_IT_GOOGLE_DISPLAY,3.90,685,5,0
2025-03-24,Valle d'Aosta,Google Ads,RND_IT_GOOGLE_PMAX,5.53,392,8,0
2025-03-24,Valle d'Aosta,Google Ads,RND_IT_GOOGLE_SEARCH_BRAND,4.28,145,12,0
2025-03-24,Valle d'Aosta,Google Ads,RND_IT_GOOGLE_SEARCH_GENERICA,6.90,119,5,0
2025-03-24,Valle d'Aosta,Google Ads,RND_IT_GOOGLE_SEARCH_LOCALE,3.34,69,3,0
2025-03-24,Veneto,Google Ads,RND_IT_GOOGLE_DISPLAY,122.23,20386,119,3
2025-03-24,Veneto,Google Ads,RND_IT_GOOGLE_PMAX,188.15,13402,269,5
2025-03-24,Veneto,Google Ads,RND_IT_GOOGLE_SEARCH_BRAND,120.28,3901,266,5
2025-03-24,Veneto,Google Ads,RND_IT_GOOGLE_SEARCH_GENERICA,227.91,4162,203,7
2025-03-24,Veneto,Google Ads,RND_IT_GOOGLE_SEARCH_LOCALE,181.55,3725,174,9
2025-03-31,Abruzzo,Google Ads,RND_IT_GOOGLE_DISPLAY,30.51,5348,30,1
2025-03-31,Abruzzo,Google Ads,RND_IT_GOOGLE_PMAX,67.72,4655,93,1
2025-03-31,Abruzzo,Google Ads,RND_IT_GOOGLE_SEARCH_BRAND,24.97,816,62,0
2025-03-31,Abruzzo,Google Ads,RND_IT_GOOGLE_SEARCH_GENERICA,89.83,1619,79,2
2025-03-31,Abruzzo,Google Ads,RND_IT_GOOGLE_SEARCH_LOCALE,49.75,1057,53,1
2025-03-31,Basilicata,Google Ads,RND_IT_GOOGLE_DISPLAY,12.19,2041,13,0
2025-03-31,Basilicata,Google Ads,RND_IT_GOOGLE_PMAX,20.92,1556,32,0
2025-03-31,Basilicata,Google Ads,RND_IT_GOOGLE_SEARCH_BRAND,19.07,648,52,0
2025-03-31,Basilicata,Google Ads,RND_IT_GOOGLE_SEARCH_GENERICA,42.68,744,42,2
2025-03-31,Basilicata,Google Ads,RND_IT_GOOGLE_SEARCH_LOCALE,18.64,387,18,1
2025-03-31,Calabria,Google Ads,RND_IT_GOOGLE_DISPLAY,64.04,11123,69,3
2025-03-31,Calabria,Google Ads,RND_IT_GOOGLE_PMAX,74.89,5295,94,2
2025-03-31,Calabria,Google Ads,RND_IT_GOOGLE_SEARCH_BRAND,49.89,1676,107,2
2025-03-31,Calabria,Google Ads,RND_IT_GOOGLE_SEARCH_GENERICA,95.06,1732,88,5
2025-03-31,Calabria,Google Ads,RND_IT_GOOGLE_SEARCH_LOCALE,53.29,1124,49,3
2025-03-31,Campania,Google Ads,RND_IT_GOOGLE_DISPLAY,169.73,28458,150,7
2025-03-31,Campania,Google Ads,RND_IT_GOOGLE_PMAX,187.45,12999,291,4
2025-03-31,Campania,Google Ads,RND_IT_GOOGLE_SEARCH_BRAND,190.80,6267,536,5
2025-03-31,Campania,Google Ads,RND_IT_GOOGLE_SEARCH_GENERICA,568.41,10243,549,28
2025-03-31,Campania,Google Ads,RND_IT_GOOGLE_SEARCH_LOCALE,219.88,4651,190,9
2025-03-31,Emilia-Romagna,Google Ads,RND_IT_GOOGLE_DISPLAY,175.37,28796,167,9
2025-03-31,Emilia-Romagna,Google Ads,RND_IT_GOOGLE_PMAX,228.72,16604,355,10
2025-03-31,Emilia-Romagna,Google Ads,RND_IT_GOOGLE_SEARCH_BRAND,132.76,4339,316,6
2025-03-31,Emilia-Romagna,Google Ads,RND_IT_GOOGLE_SEARCH_GENERICA,225.73,4047,201,18
2025-03-31,Emilia-Romagna,Google Ads,RND_IT_GOOGLE_SEARCH_LOCALE,133.09,2802,123,9
2025-03-31,Friuli-Venezia Giulia,Google Ads,RND_IT_GOOGLE_DISPLAY,39.61,6983,36,2
2025-03-31,Friuli-Venezia Giulia,Google Ads,RND_IT_GOOGLE_PMAX,75.20,5389,103,2
2025-03-31,Friuli-Venezia Giulia,Google Ads,RND_IT_GOOGLE_SEARCH_BRAND,24.26,812,61,1
2025-03-31,Friuli-Venezia Giulia,Google Ads,RND_IT_GOOGLE_SEARCH_GENERICA,84.62,1439,63,6
2025-03-31,Friuli-Venezia Giulia,Google Ads,RND_IT_GOOGLE_SEARCH_LOCALE,28.99,614,29,2
2025-03-31,Lazio,Google Ads,RND_IT_GOOGLE_DISPLAY,206.67,33837,193,11
2025-03-31,Lazio,Google Ads,RND_IT_GOOGLE_PMAX,179.79,12704,255,8
2025-03-31,Lazio,Google Ads,RND_IT_GOOGLE_SEARCH_BRAND,111.59,3674,287,4
2025-03-31,Lazio,Google Ads,RND_IT_GOOGLE_SEARCH_GENERICA,403.49,7486,392,30
2025-03-31,Lazio,Google Ads,RND_IT_GOOGLE_SEARCH_LOCALE,282.80,5741,272,19
2025-03-31,Liguria,Google Ads,RND_IT_GOOGLE_DISPLAY,35.48,5798,33,2
2025-03-31,Liguria,Google Ads,RND_IT_GOOGLE_PMAX,42.73,3010,58,2
2025-03-31,Liguria,Google Ads,RND_IT_GOOGLE_SEARCH_BRAND,37.08,1195,94,2
2025-03-31,Liguria,Google Ads,RND_IT_GOOGLE_SEARCH_GENERICA,80.19,1404,67,6
2025-03-31,Liguria,Google Ads,RND_IT_GOOGLE_SEARCH_LOCALE,75.75,1535,70,5
2025-03-31,Lombardia,Google Ads,RND_IT_GOOGLE_DISPLAY,360.00,57740,354,14
2025-03-31,Lombardia,Google Ads,RND_IT_GOOGLE_PMAX,441.88,31558,644,11
2025-03-31,Lombardia,Google Ads,RND_IT_GOOGLE_SEARCH_BRAND,294.03,9703,742,10
2025-03-31,Lombardia,Google Ads,RND_IT_GOOGLE_SEARCH_GENERICA,809.63,14748,720,41
2025-03-31,Lombardia,Google Ads,RND_IT_GOOGLE_SEARCH_LOCALE,286.00,5951,278,13
2025-03-31,Marche,Google Ads,RND_IT_GOOGLE_DISPLAY,37.58,6501,37,2
2025-03-31,Marche,Google Ads,RND_IT_GOOGLE_PMAX,70.86,5266,106,2
2025-03-31,Marche,Google Ads,RND_IT_GOOGLE_SEARCH_BRAND,49.45,1665,134,2
2025-03-31,Marche,Google Ads,RND_IT_GOOGLE_SEARCH_GENERICA,87.31,1549,72,6
2025-03-31,Marche,Google Ads,RND_IT_GOOGLE_SEARCH_LOCALE,58.13,1210,59,3
2025-03-31,Molise,Google Ads,RND_IT_GOOGLE_DISPLAY,13.20,2299,13,1
2025-03-31,Molise,Google Ads,RND_IT_GOOGLE_PMAX,20.32,1472,30,1
2025-03-31,Molise,Google Ads,RND_IT_GOOGLE_SEARCH_BRAND,4.41,146,11,0
2025-03-31,Molise,Google Ads,RND_IT_GOOGLE_SEARCH_GENERICA,30.13,541,27,2
2025-03-31,Molise,Google Ads,RND_IT_GOOGLE_SEARCH_LOCALE,15.70,322,15,1
2025-03-31,Piemonte,Google Ads,RND_IT_GOOGLE_DISPLAY,100.74,16978,111,4
2025-03-31,Piemonte,Google Ads,RND_IT_GOOGLE_PMAX,197.48,14091,262,5
2025-03-31,Piemonte,Google Ads,RND_IT_GOOGLE_SEARCH_BRAND,98.20,3135,264,3
2025-03-31,Piemonte,Google Ads,RND_IT_GOOGLE_SEARCH_GENERICA,404.85,7615,409,21
2025-03-31,Piemonte,Google Ads,RND_IT_GOOGLE_SEARCH_LOCALE,207.33,4351,215,8
2025-03-31,Puglia,Google Ads,RND_IT_GOOGLE_DISPLAY,128.44,20774,143,5
2025-03-31,Puglia,Google Ads,RND_IT_GOOGLE_PMAX,187.86,13762,266,4
2025-03-31,Puglia,Google Ads,RND_IT_GOOGLE_SEARCH_BRAND,87.88,3016,234,2
2025-03-31,Puglia,Google Ads,RND_IT_GOOGLE_SEARCH_GENERICA,241.49,4461,238,12
2025-03-31,Puglia,Google Ads,RND_IT_GOOGLE_SEARCH_LOCALE,215.48,4611,197,10
2025-03-31,Sardegna,Google Ads,RND_IT_GOOGLE_DISPLAY,36.71,6117,34,2
2025-03-31,Sardegna,Google Ads,RND_IT_GOOGLE_PMAX,75.83,5421,117,2
2025-03-31,Sardegna,Google Ads,RND_IT_GOOGLE_SEARCH_BRAND,30.55,935,80,1
2025-03-31,Sardegna,Google Ads,RND_IT_GOOGLE_SEARCH_GENERICA,121.19,2278,127,7
2025-03-31,Sardegna,Google Ads,RND_IT_GOOGLE_SEARCH_LOCALE,50.96,1100,49,3
2025-03-31,Sicilia,Google Ads,RND_IT_GOOGLE_DISPLAY,131.88,21781,140,8
2025-03-31,Sicilia,Google Ads,RND_IT_GOOGLE_PMAX,220.42,15934,307,8
2025-03-31,Sicilia,Google Ads,RND_IT_GOOGLE_SEARCH_BRAND,91.55,3011,240,4
2025-03-31,Sicilia,Google Ads,RND_IT_GOOGLE_SEARCH_GENERICA,400.33,7351,412,27
2025-03-31,Sicilia,Google Ads,RND_IT_GOOGLE_SEARCH_LOCALE,196.68,4271,186,12
2025-03-31,Toscana,Google Ads,RND_IT_GOOGLE_DISPLAY,89.36,14432,89,4
2025-03-31,Toscana,Google Ads,RND_IT_GOOGLE_PMAX,161.60,11595,189,6
2025-03-31,Toscana,Google Ads,RND_IT_GOOGLE_SEARCH_BRAND,73.71,2411,158,3
2025-03-31,Toscana,Google Ads,RND_IT_GOOGLE_SEARCH_GENERICA,171.06,3147,135,12
2025-03-31,Toscana,Google Ads,RND_IT_GOOGLE_SEARCH_LOCALE,163.19,3266,155,11
2025-03-31,Trentino-Alto Adige,Google Ads,RND_IT_GOOGLE_DISPLAY,37.24,6116,32,1
2025-03-31,Trentino-Alto Adige,Google Ads,RND_IT_GOOGLE_PMAX,32.62,2371,47,1
2025-03-31,Trentino-Alto Adige,Google Ads,RND_IT_GOOGLE_SEARCH_BRAND,20.68,693,61,1
2025-03-31,Trentino-Alto Adige,Google Ads,RND_IT_GOOGLE_SEARCH_GENERICA,47.16,812,37,2
2025-03-31,Trentino-Alto Adige,Google Ads,RND_IT_GOOGLE_SEARCH_LOCALE,37.46,753,31,2
2025-03-31,Umbria,Google Ads,RND_IT_GOOGLE_DISPLAY,24.24,4101,23,1
2025-03-31,Umbria,Google Ads,RND_IT_GOOGLE_PMAX,35.31,2488,58,1
2025-03-31,Umbria,Google Ads,RND_IT_GOOGLE_SEARCH_BRAND,24.81,841,61,1
2025-03-31,Umbria,Google Ads,RND_IT_GOOGLE_SEARCH_GENERICA,73.74,1328,58,4
2025-03-31,Umbria,Google Ads,RND_IT_GOOGLE_SEARCH_LOCALE,29.21,603,27,2
2025-03-31,Valle d'Aosta,Google Ads,RND_IT_GOOGLE_DISPLAY,3.95,647,3,0
2025-03-31,Valle d'Aosta,Google Ads,RND_IT_GOOGLE_PMAX,5.02,346,7,0
2025-03-31,Valle d'Aosta,Google Ads,RND_IT_GOOGLE_SEARCH_BRAND,3.59,124,10,0
2025-03-31,Valle d'Aosta,Google Ads,RND_IT_GOOGLE_SEARCH_GENERICA,6.93,125,7,0
2025-03-31,Valle d'Aosta,Google Ads,RND_IT_GOOGLE_SEARCH_LOCALE,3.58,75,3,0
2025-03-31,Veneto,Google Ads,RND_IT_GOOGLE_DISPLAY,124.86,20992,129,4
2025-03-31,Veneto,Google Ads,RND_IT_GOOGLE_PMAX,180.00,13207,253,4
2025-03-31,Veneto,Google Ads,RND_IT_GOOGLE_SEARCH_BRAND,121.46,3962,298,3
2025-03-31,Veneto,Google Ads,RND_IT_GOOGLE_SEARCH_GENERICA,286.77,5405,257,11
2025-03-31,Veneto,Google Ads,RND_IT_GOOGLE_SEARCH_LOCALE,209.97,4343,204,8
2025-04-07,Abruzzo,Google Ads,RND_IT_GOOGLE_DISPLAY,24.50,3865,21,1
2025-04-07,Abruzzo,Google Ads,RND_IT_GOOGLE_PMAX,56.82,4242,85,1
2025-04-07,Abruzzo,Google Ads,RND_IT_GOOGLE_SEARCH_BRAND,24.87,844,68,0
2025-04-07,Abruzzo,Google Ads,RND_IT_GOOGLE_SEARCH_GENERICA,53.98,967,47,2
2025-04-07,Abruzzo,Google Ads,RND_IT_GOOGLE_SEARCH_LOCALE,38.07,780,38,1
2025-04-07,Basilicata,Google Ads,RND_IT_GOOGLE_DISPLAY,9.42,1650,10,0
2025-04-07,Basilicata,Google Ads,RND_IT_GOOGLE_PMAX,20.20,1396,29,0
2025-04-07,Basilicata,Google Ads,RND_IT_GOOGLE_SEARCH_BRAND,17.57,589,42,0
2025-04-07,Basilicata,Google Ads,RND_IT_GOOGLE_SEARCH_GENERICA,32.01,587,29,1
2025-04-07,Basilicata,Google Ads,RND_IT_GOOGLE_SEARCH_LOCALE,17.81,368,18,1
2025-04-07,Calabria,Google Ads,RND_IT_GOOGLE_DISPLAY,47.58,7836,55,2
2025-04-07,Calabria,Google Ads,RND_IT_GOOGLE_PMAX,83.09,5967,105,3
2025-04-07,Calabria,Google Ads,RND_IT_GOOGLE_SEARCH_BRAND,48.00,1518,119,2
2025-04-07,Calabria,Google Ads,RND_IT_GOOGLE_SEARCH_GENERICA,79.78,1460,75,5
2025-04-07,Calabria,Google Ads,RND_IT_GOOGLE_SEARCH_LOCALE,47.45,1003,48,2
2025-04-07,Campania,Google Ads,RND_IT_GOOGLE_DISPLAY,144.69,24744,165,7
2025-04-07,Campania,Google Ads,RND_IT_GOOGLE_PMAX,177.18,12486,235,6
2025-04-07,Campania,Google Ads,RND_IT_GOOGLE_SEARCH_BRAND,169.23,5962,439,5
2025-04-07,Campania,Google Ads,RND_IT_GOOGLE_SEARCH_GENERICA,357.76,6731,302,22
2025-04-07,Campania,Google Ads,RND_IT_GOOGLE_SEARCH_LOCALE,217.35,4347,207,11
2025-04-07,Emilia-Romagna,Google Ads,RND_IT_GOOGLE_DISPLAY,142.69,23916,136,9
2025-04-07,Emilia-Romagna,Google Ads,RND_IT_GOOGLE_PMAX,202.89,14876,306,10
2025-04-07,Emilia-Romagna,Google Ads,RND_IT_GOOGLE_SEARCH_BRAND,126.29,4028,335,5
2025-04-07,Emilia-Romagna,Google Ads,RND_IT_GOOGLE_SEARCH_GENERICA,178.69,3236,148,13
2025-04-07,Emilia-Romagna,Google Ads,RND_IT_GOOGLE_SEARCH_LOCALE,114.08,2544,120,9
2025-04-07,Friuli-Venezia Giulia,Google Ads,RND_IT_GOOGLE_DISPLAY,30.59,5160,29,2
2025-04-07,Friuli-Venezia Giulia,Google Ads,RND_IT_GOOGLE_PMAX,65.67,4725,105,3
2025-04-07,Friuli-Venezia Giulia,Google Ads,RND_IT_GOOGLE_SEARCH_BRAND,24.01,810,63,1
2025-04-07,Friuli-Venezia Giulia,Google Ads,RND_IT_GOOGLE_SEARCH_GENERICA,57.20,1066,53,4
2025-04-07,Friuli-Venezia Giulia,Google Ads,RND_IT_GOOGLE_SEARCH_LOCALE,27.30,569,27,2
2025-04-07,Lazio,Google Ads,RND_IT_GOOGLE_DISPLAY,172.69,27804,182,11
2025-04-07,Lazio,Google Ads,RND_IT_GOOGLE_PMAX,167.90,13190,256,8
2025-04-07,Lazio,Google Ads,RND_IT_GOOGLE_SEARCH_BRAND,100.47,3388,271,5
2025-04-07,Lazio,Google Ads,RND_IT_GOOGLE_SEARCH_GENERICA,256.22,4420,240,20
2025-04-07,Lazio,Google Ads,RND_IT_GOOGLE_SEARCH_LOCALE,255.70,5495,259,18
2025-04-07,Liguria,Google Ads,RND_IT_GOOGLE_DISPLAY,27.06,4408,25,2
2025-04-07,Liguria,Google Ads,RND_IT_GOOGLE_PMAX,36.11,2556,57,1
2025-04-07,Liguria,Google Ads,RND_IT_GOOGLE_SEARCH_BRAND,31.72,1066,68,2
2025-04-07,Liguria,Google Ads,RND_IT_GOOGLE_SEARCH_GENERICA,54.96,951,47,5
2025-04-07,Liguria,Google Ads,RND_IT_GOOGLE_SEARCH_LOCALE,79.00,1617,69,6
2025-04-07,Lombardia,Google Ads,RND_IT_GOOGLE_DISPLAY,331.80,54076,347,16
2025-04-07,Lombardia,Google Ads,RND_IT_GOOGLE_PMAX,352.78,26361,499,9
2025-04-07,Lombardia,Google Ads,RND_IT_GOOGLE_SEARCH_BRAND,252.45,8290,618,8
2025-04-07,Lombardia,Google Ads,RND_IT_GOOGLE_SEARCH_GENERICA,614.67,10410,492,39
2025-04-07,Lombardia,Google Ads,RND_IT_GOOGLE_SEARCH_LOCALE,278.48,5902,262,13
2025-04-07,Marche,Google Ads,RND_IT_GOOGLE_DISPLAY,29.31,4889,35,2
2025-04-07,Marche,Google Ads,RND_IT_GOOGLE_PMAX,58.77,4403,67,2
2025-04-07,Marche,Google Ads,RND_IT_GOOGLE_SEARCH_BRAND,40.03,1368,106,2
2025-04-07,Marche,Google Ads,RND_IT_GOOGLE_SEARCH_GENERICA,64.13,1193,51,3
2025-04-07,Marche,Google Ads,RND_IT_GOOGLE_SEARCH_LOCALE,47.66,996,45,3
2025-04-07,Molise,Google Ads,RND_IT_GOOGLE_DISPLAY,10.40,1802,11,1
2025-04-07,Molise,Google Ads,RND_IT_GOOGLE_PMAX,20.01,1452,31,1
2025-04-07,Molise,Google Ads,RND_IT_GOOGLE_SEARCH_BRAND,3.96,126,10,0
2025-04-07,Molise,Google Ads,RND_IT_GOOGLE_SEARCH_GENERICA,18.33,340,18,1
2025-04-07,Molise,Google Ads,RND_IT_GOOGLE_SEARCH_LOCALE,15.75,337,15,1
2025-04-07,Piemonte,Google Ads,RND_IT_GOOGLE_DISPLAY,81.67,13788,90,3
2025-04-07,Piemonte,Google Ads,RND_IT_GOOGLE_PMAX,209.63,14990,311,6
2025-04-07,Piemonte,Google Ads,RND_IT_GOOGLE_SEARCH_BRAND,89.86,2990,239,3
2025-04-07,Piemonte,Google Ads,RND_IT_GOOGLE_SEARCH_GENERICA,277.88,5188,246,14
2025-04-07,Piemonte,Google Ads,RND_IT_GOOGLE_SEARCH_LOCALE,228.95,4741,190,9
2025-04-07,Puglia,Google Ads,RND_IT_GOOGLE_DISPLAY,114.44,18559,120,5
2025-04-07,Puglia,Google Ads,RND_IT_GOOGLE_PMAX,214.65,15375,323,6
2025-04-07,Puglia,Google Ads,RND_IT_GOOGLE_SEARCH_BRAND,78.25,2564,187,2
2025-04-07,Puglia,Google Ads,RND_IT_GOOGLE_SEARCH_GENERICA,173.01,3082,142,8
2025-04-07,Puglia,Google Ads,RND_IT_GOOGLE_SEARCH_LOCALE,199.86,4358,179,8
2025-04-07,Sardegna,Google Ads,RND_IT_GOOGLE_DISPLAY,31.87,5326,31,2
2025-04-07,Sardegna,Google Ads,RND_IT_GOOGLE_PMAX,78.14,5583,117,3
2025-04-07,Sardegna,Google Ads,RND_IT_GOOGLE_SEARCH_BRAND,28.02,915,69,1
2025-04-07,Sardegna,Google Ads,RND_IT_GOOGLE_SEARCH_GENERICA,76.53,1368,60,5
2025-04-07,Sardegna,Google Ads,RND_IT_GOOGLE_SEARCH_LOCALE,50.92,1013,46,3
2025-04-07,Sicilia,Google Ads,RND_IT_GOOGLE_DISPLAY,116.99,19452,119,6
2025-04-07,Sicilia,Google Ads,RND_IT_GOOGLE_PMAX,201.17,14858,301,7
2025-04-07,Sicilia,Google Ads,RND_IT_GOOGLE_SEARCH_BRAND,76.85,2595,211,3
2025-04-07,Sicilia,Google Ads,RND_IT_GOOGLE_SEARCH_GENERICA,338.80,6138,276,25
2025-04-07,Sicilia,Google Ads,RND_IT_GOOGLE_SEARCH_LOCALE,213.44,4573,219,15
2025-04-07,Toscana,Google Ads,RND_IT_GOOGLE_DISPLAY,87.01,14350,80,5
2025-04-07,Toscana,Google Ads,RND_IT_GOOGLE_PMAX,150.31,10455,205,5
2025-04-07,Toscana,Google Ads,RND_IT_GOOGLE_SEARCH_BRAND,61.45,2114,133,3
2025-04-07,Toscana,Google Ads,RND_IT_GOOGLE_SEARCH_GENERICA,120.91,2294,107,8
2025-04-07,Toscana,Google Ads,RND_IT_GOOGLE_SEARCH_LOCALE,170.00,3554,160,11
2025-04-07,Trentino-Alto Adige,Google Ads,RND_IT_GOOGLE_DISPLAY,28.67,4776,31,1
2025-04-07,Trentino-Alto Adige,Google Ads,RND_IT_GOOGLE_PMAX,26.22,1863,37,1
2025-04-07,Trentino-Alto Adige,Google Ads,RND_IT_GOOGLE_SEARCH_BRAND,21.38,705,55,1
2025-04-07,Trentino-Alto Adige,Google Ads,RND_IT_GOOGLE_SEARCH_GENERICA,32.72,625,31,2
2025-04-07,Trentino-Alto Adige,Google Ads,RND_IT_GOOGLE_SEARCH_LOCALE,37.74,762,41,2
2025-04-07,Umbria,Google Ads,RND_IT_GOOGLE_DISPLAY,20.26,3454,19,1
2025-04-07,Umbria,Google Ads,RND_IT_GOOGLE_PMAX,27.71,1962,38,1
2025-04-07,Umbria,Google Ads,RND_IT_GOOGLE_SEARCH_BRAND,22.57,770,56,1
2025-04-07,Umbria,Google Ads,RND_IT_GOOGLE_SEARCH_GENERICA,54.70,1018,47,3
2025-04-07,Umbria,Google Ads,RND_IT_GOOGLE_SEARCH_LOCALE,27.78,613,26,2
2025-04-07,Valle d'Aosta,Google Ads,RND_IT_GOOGLE_DISPLAY,3.53,576,4,0
2025-04-07,Valle d'Aosta,Google Ads,RND_IT_GOOGLE_PMAX,4.82,326,6,0
2025-04-07,Valle d'Aosta,Google Ads,RND_IT_GOOGLE_SEARCH_BRAND,2.98,99,7,0
2025-04-07,Valle d'Aosta,Google Ads,RND_IT_GOOGLE_SEARCH_GENERICA,4.80,88,4,0
2025-04-07,Valle d'Aosta,Google Ads,RND_IT_GOOGLE_SEARCH_LOCALE,3.83,84,4,0
2025-04-07,Veneto,Google Ads,RND_IT_GOOGLE_DISPLAY,108.49,17894,116,4
2025-04-07,Veneto,Google Ads,RND_IT_GOOGLE_PMAX,180.68,13238,231,4
2025-04-07,Veneto,Google Ads,RND_IT_GOOGLE_SEARCH_BRAND,117.44,3810,292,3
2025-04-07,Veneto,Google Ads,RND_IT_GOOGLE_SEARCH_GENERICA,216.10,4086,201,11
2025-04-07,Veneto,Google Ads,RND_IT_GOOGLE_SEARCH_LOCALE,178.33,3484,171,7
2025-04-14,Abruzzo,Google Ads,RND_IT_GOOGLE_DISPLAY,25.54,4383,25,1
2025-04-14,Abruzzo,Google Ads,RND_IT_GOOGLE_PMAX,83.58,6160,113,1
2025-04-14,Abruzzo,Google Ads,RND_IT_GOOGLE_SEARCH_BRAND,29.71,983,80,1
2025-04-14,Abruzzo,Google Ads,RND_IT_GOOGLE_SEARCH_GENERICA,48.39,873,50,1
2025-04-14,Abruzzo,Google Ads,RND_IT_GOOGLE_SEARCH_LOCALE,42.46,889,43,1
2025-04-14,Basilicata,Google Ads,RND_IT_GOOGLE_DISPLAY,8.97,1516,9,0
2025-04-14,Basilicata,Google Ads,RND_IT_GOOGLE_PMAX,23.29,1632,32,0
2025-04-14,Basilicata,Google Ads,RND_IT_GOOGLE_SEARCH_BRAND,17.45,577,46,0
2025-04-14,Basilicata,Google Ads,RND_IT_GOOGLE_SEARCH_GENERICA,30.87,555,24,1
2025-04-14,Basilicata,Google Ads,RND_IT_GOOGLE_SEARCH_LOCALE,26.65,567,27,1
2025-04-14,Calabria,Google Ads,RND_IT_GOOGLE_DISPLAY,44.21,7651,45,2
2025-04-14,Calabria,Google Ads,RND_IT_GOOGLE_PMAX,82.74,6093,103,2
2025-04-14,Calabria,Google Ads,RND_IT_GOOGLE_SEARCH_BRAND,62.64,2044,152,2
2025-04-14,Calabria,Google Ads,RND_IT_GOOGLE_SEARCH_GENERICA,93.91,1701,86,5
2025-04-14,Calabria,Google Ads,RND_IT_GOOGLE_SEARCH_LOCALE,69.84,1474,71,3
2025-04-14,Campania,Google Ads,RND_IT_GOOGLE_DISPLAY,135.98,23639,133,5
2025-04-14,Campania,Google Ads,RND_IT_GOOGLE_PMAX,222.10,15111,260,6
2025-04-14,Campania,Google Ads,RND_IT_GOOGLE_SEARCH_BRAND,174.45,5890,469,6
2025-04-14,Campania,Google Ads,RND_IT_GOOGLE_SEARCH_GENERICA,431.34,7612,385,21
2025-04-14,Campania,Google Ads,RND_IT_GOOGLE_SEARCH_LOCALE,275.33,5997,271,13
2025-04-14,Emilia-Romagna,Google Ads,RND_IT_GOOGLE_DISPLAY,126.04,20149,122,8
2025-04-14,Emilia-Romagna,Google Ads,RND_IT_GOOGLE_PMAX,248.37,17753,347,9
2025-04-14,Emilia-Romagna,Google Ads,RND_IT_GOOGLE_SEARCH_BRAND,153.40,5149,410,7
2025-04-14,Emilia-Romagna,Google Ads,RND_IT_GOOGLE_SEARCH_GENERICA,163.64,2960,137,12
2025-04-14,Emilia-Romagna,Google Ads,RND_IT_GOOGLE_SEARCH_LOCALE,121.76,2636,132,8
2025-04-14,Friuli-Venezia Giulia,Google Ads,RND_IT_GOOGLE_DISPLAY,31.46,5288,30,2
2025-04-14,Friuli-Venezia Giulia,Google Ads,RND_IT_GOOGLE_PMAX,78.22,5566,110,3
2025-04-14,Friuli-Venezia Giulia,Google Ads,RND_IT_GOOGLE_SEARCH_BRAND,30.29,961,72,1
2025-04-14,Friuli-Venezia Giulia,Google Ads,RND_IT_GOOGLE_SEARCH_GENERICA,52.83,928,47,4
2025-04-14,Friuli-Venezia Giulia,Google Ads,RND_IT_GOOGLE_SEARCH_LOCALE,30.48,640,31,2
2025-04-14,Lazio,Google Ads,RND_IT_GOOGLE_DISPLAY,141.96,23300,132,8
2025-04-14,Lazio,Google Ads,RND_IT_GOOGLE_PMAX,209.49,15003,293,8
2025-04-14,Lazio,Google Ads,RND_IT_GOOGLE_SEARCH_BRAND,130.44,4133,295,6
2025-04-14,Lazio,Google Ads,RND_IT_GOOGLE_SEARCH_GENERICA,298.33,5591,295,18
2025-04-14,Lazio,Google Ads,RND_IT_GOOGLE_SEARCH_LOCALE,305.11,6791,287,20
2025-04-14,Liguria,Google Ads,RND_IT_GOOGLE_DISPLAY,26.66,4283,27,2
2025-04-14,Liguria,Google Ads,RND_IT_GOOGLE_PMAX,38.75,2774,46,2
2025-04-14,Liguria,Google Ads,RND_IT_GOOGLE_SEARCH_BRAND,37.16,1254,90,1
2025-04-14,Liguria,Google Ads,RND_IT_GOOGLE_SEARCH_GENERICA,56.94,1052,53,4
2025-04-14,Liguria,Google Ads,RND_IT_GOOGLE_SEARCH_LOCALE,84.10,1801,83,6
2025-04-14,Lombardia,Google Ads,RND_IT_GOOGLE_DISPLAY,301.00,48979,307,13
2025-04-14,Lombardia,Google Ads,RND_IT_GOOGLE_PMAX,467.27,33299,738,13
2025-04-14,Lombardia,Google Ads,RND_IT_GOOGLE_SEARCH_BRAND,277.61,9027,717,8
2025-04-14,Lombardia,Google Ads,RND_IT_GOOGLE_SEARCH_GENERICA,606.20,11495,630,32
2025-04-14,Lombardia,Google Ads,RND_IT_GOOGLE_SEARCH_LOCALE,325.19,6703,269,15
2025-04-14,Marche,Google Ads,RND_IT_GOOGLE_DISPLAY,27.45,4534,27,1
2025-04-14,Marche,Google Ads,RND_IT_GOOGLE_PMAX,81.55,5757,104,3
2025-04-14,Marche,Google Ads,RND_IT_GOOGLE_SEARCH_BRAND,49.93,1679,126,2
2025-04-14,Marche,Google Ads,RND_IT_GOOGLE_SEARCH_GENERICA,70.61,1221,52,4
2025-04-14,Marche,Google Ads,RND_IT_GOOGLE_SEARCH_LOCALE,56.87,1165,58,3
2025-04-14,Molise,Google Ads,RND_IT_GOOGLE_DISPLAY,9.54,1576,8,1
2025-04-14,Molise,Google Ads,RND_IT_GOOGLE_PMAX,26.12,1860,35,1
2025-04-14,Molise,Google Ads,RND_IT_GOOGLE_SEARCH_BRAND,4.99,170,12,0
2025-04-14,Molise,Google Ads,RND_IT_GOOGLE_SEARCH_GENERICA,19.03,366,17,1
2025-04-14,Molise,Google Ads,RND_IT_GOOGLE_SEARCH_LOCALE,22.22,480,22,1
2025-04-14,Piemonte,Google Ads,RND_IT_GOOGLE_DISPLAY,83.16,13608,88,3
2025-04-14,Piemonte,Google Ads,RND_IT_GOOGLE_PMAX,250.99,18661,340,6
2025-04-14,Piemonte,Google Ads,RND_IT_GOOGLE_SEARCH_BRAND,127.65,4093,271,4
2025-04-14,Piemonte,Google Ads,RND_IT_GOOGLE_SEARCH_GENERICA,247.66,4290,237,13
2025-04-14,Piemonte,Google Ads,RND_IT_GOOGLE_SEARCH_LOCALE,261.27,5314,262,12
2025-04-14,Puglia,Google Ads,RND_IT_GOOGLE_DISPLAY,107.60,17926,104,4
2025-04-14,Puglia,Google Ads,RND_IT_GOOGLE_PMAX,279.51,19618,428,7
2025-04-14,Puglia,Google Ads,RND_IT_GOOGLE_SEARCH_BRAND,95.84,3059,243,2
2025-04-14,Puglia,Google Ads,RND_IT_GOOGLE_SEARCH_GENERICA,163.17,2860,152,8
2025-04-14,Puglia,Google Ads,RND_IT_GOOGLE_SEARCH_LOCALE,239.99,4938,221,10
2025-04-14,Sardegna,Google Ads,RND_IT_GOOGLE_DISPLAY,34.43,6159,42,2
2025-04-14,Sardegna,Google Ads,RND_IT_GOOGLE_PMAX,94.61,7215,149,3
2025-04-14,Sardegna,Google Ads,RND_IT_GOOGLE_SEARCH_BRAND,29.77,1042,75,1
2025-04-14,Sardegna,Google Ads,RND_IT_GOOGLE_SEARCH_GENERICA,81.25,1450,75,5
2025-04-14,Sardegna,Google Ads,RND_IT_GOOGLE_SEARCH_LOCALE,56.35,1166,46,3
2025-04-14,Sicilia,Google Ads,RND_IT_GOOGLE_DISPLAY,105.18,16622,99,6
2025-04-14,Sicilia,Google Ads,RND_IT_GOOGLE_PMAX,257.95,18074,350,9
2025-04-14,Sicilia,Google Ads,RND_IT_GOOGLE_SEARCH_BRAND,99.32,3345,257,4
2025-04-14,Sicilia,Google Ads,RND_IT_GOOGLE_SEARCH_GENERICA,272.05,5140,279,19
2025-04-14,Sicilia,Google Ads,RND_IT_GOOGLE_SEARCH_LOCALE,205.85,4334,231,13
2025-04-14,Toscana,Google Ads,RND_IT_GOOGLE_DISPLAY,83.30,14357,87,5
2025-04-14,Toscana,Google Ads,RND_IT_GOOGLE_PMAX,216.64,15585,300,8
2025-04-14,Toscana,Google Ads,RND_IT_GOOGLE_SEARCH_BRAND,97.06,3194,260,5
2025-04-14,Toscana,Google Ads,RND_IT_GOOGLE_SEARCH_GENERICA,124.20,2273,98,9
2025-04-14,Toscana,Google Ads,RND_IT_GOOGLE_SEARCH_LOCALE,173.13,3586,163,12
2025-04-14,Trentino-Alto Adige,Google Ads,RND_IT_GOOGLE_DISPLAY,25.37,4226,25,1
2025-04-14,Trentino-Alto Adige,Google Ads,RND_IT_GOOGLE_PMAX,29.50,2143,43,1
2025-04-14,Trentino-Alto Adige,Google Ads,RND_IT_GOOGLE_SEARCH_BRAND,30.05,974,66,1
2025-04-14,Trentino-Alto Adige,Google Ads,RND_IT_GOOGLE_SEARCH_GENERICA,30.78,555,29,2
2025-04-14,Trentino-Alto Adige,Google Ads,RND_IT_GOOGLE_SEARCH_LOCALE,37.68,754,32,2
2025-04-14,Umbria,Google Ads,RND_IT_GOOGLE_DISPLAY,20.10,3307,20,1
2025-04-14,Umbria,Google Ads,RND_IT_GOOGLE_PMAX,33.85,2397,44,1
2025-04-14,Umbria,Google Ads,RND_IT_GOOGLE_SEARCH_BRAND,32.83,1078,81,1
2025-04-14,Umbria,Google Ads,RND_IT_GOOGLE_SEARCH_GENERICA,63.54,1128,61,4
2025-04-14,Umbria,Google Ads,RND_IT_GOOGLE_SEARCH_LOCALE,34.92,753,37,2
2025-04-14,Valle d'Aosta,Google Ads,RND_IT_GOOGLE_DISPLAY,3.24,507,4,0
2025-04-14,Valle d'Aosta,Google Ads,RND_IT_GOOGLE_PMAX,6.47,482,10,0
2025-04-14,Valle d'Aosta,Google Ads,RND_IT_GOOGLE_SEARCH_BRAND,3.41,110,8,0
2025-04-14,Valle d'Aosta,Google Ads,RND_IT_GOOGLE_SEARCH_GENERICA,6.54,114,5,0
2025-04-14,Valle d'Aosta,Google Ads,RND_IT_GOOGLE_SEARCH_LOCALE,4.82,99,5,0
2025-04-14,Veneto,Google Ads,RND_IT_GOOGLE_DISPLAY,95.69,16313,95,3
2025-04-14,Veneto,Google Ads,RND_IT_GOOGLE_PMAX,213.68,15512,298,5
2025-04-14,Veneto,Google Ads,RND_IT_GOOGLE_SEARCH_BRAND,151.28,5176,399,4
2025-04-14,Veneto,Google Ads,RND_IT_GOOGLE_SEARCH_GENERICA,199.06,3742,222,9
2025-04-14,Veneto,Google Ads,RND_IT_GOOGLE_SEARCH_LOCALE,204.30,4514,200,8
2025-04-21,Abruzzo,Google Ads,RND_IT_GOOGLE_DISPLAY,28.27,4508,29,1
2025-04-21,Abruzzo,Google Ads,RND_IT_GOOGLE_PMAX,60.67,4307,89,1
2025-04-21,Abruzzo,Google Ads,RND_IT_GOOGLE_SEARCH_BRAND,30.54,994,81,1
2025-04-21,Abruzzo,Google Ads,RND_IT_GOOGLE_SEARCH_GENERICA,63.64,1185,60,2
2025-04-21,Abruzzo,Google Ads,RND_IT_GOOGLE_SEARCH_LOCALE,35.50,746,33,1
2025-04-21,Basilicata,Google Ads,RND_IT_GOOGLE_DISPLAY,9.31,1590,10,0
2025-04-21,Basilicata,Google Ads,RND_IT_GOOGLE_PMAX,17.80,1324,27,0
2025-04-21,Basilicata,Google Ads,RND_IT_GOOGLE_SEARCH_BRAND,19.08,657,45,0
2025-04-21,Basilicata,Google Ads,RND_IT_GOOGLE_SEARCH_GENERICA,33.58,635,27,1
2025-04-21,Basilicata,Google Ads,RND_IT_GOOGLE_SEARCH_LOCALE,24.76,535,24,1
2025-04-21,Calabria,Google Ads,RND_IT_GOOGLE_DISPLAY,49.35,8654,56,2
2025-04-21,Calabria,Google Ads,RND_IT_GOOGLE_PMAX,67.92,4704,90,2
2025-04-21,Calabria,Google Ads,RND_IT_GOOGLE_SEARCH_BRAND,55.33,1822,142,2
2025-04-21,Calabria,Google Ads,RND_IT_GOOGLE_SEARCH_GENERICA,106.13,1953,100,6
2025-04-21,Calabria,Google Ads,RND_IT_GOOGLE_SEARCH_LOCALE,68.19,1448,60,3
2025-04-21,Campania,Google Ads,RND_IT_GOOGLE_DISPLAY,185.15,29671,154,7
2025-04-21,Campania,Google Ads,RND_IT_GOOGLE_PMAX,204.02,14326,245,5
2025-04-21,Campania,Google Ads,RND_IT_GOOGLE_SEARCH_BRAND,165.03,5329,429,4
2025-04-21,Campania,Google Ads,RND_IT_GOOGLE_SEARCH_GENERICA,576.09,9644,458,24
2025-04-21,Campania,Google Ads,RND_IT_GOOGLE_SEARCH_LOCALE,238.16,5157,221,10
2025-04-21,Emilia-Romagna,Google Ads,RND_IT_GOOGLE_DISPLAY,137.71,23756,162,9
2025-04-21,Emilia-Romagna,Google Ads,RND_IT_GOOGLE_PMAX,224.90,16336,321,9
2025-04-21,Emilia-Romagna,Google Ads,RND_IT_GOOGLE_SEARCH_BRAND,157.69,5189,384,7
2025-04-21,Emilia-Romagna,Google Ads,RND_IT_GOOGLE_SEARCH_GENERICA,186.62,3266,177,13
2025-04-21,Emilia-Romagna,Google Ads,RND_IT_GOOGLE_SEARCH_LOCALE,108.93,2308,117,7
2025-04-21,Friuli-Venezia Giulia,Google Ads,RND_IT_GOOGLE_DISPLAY,30.19,5035,31,2
2025-04-21,Friuli-Venezia Giulia,Google Ads,RND_IT_GOOGLE_PMAX,65.12,4763,86,3
2025-04-21,Friuli-Venezia Giulia,Google Ads,RND_IT_GOOGLE_SEARCH_BRAND,35.47,1089,81,1
2025-04-21,Friuli-Venezia Giulia,Google Ads,RND_IT_GOOGLE_SEARCH_GENERICA,62.31,1149,60,4
2025-04-21,Friuli-Venezia Giulia,Google Ads,RND_IT_GOOGLE_SEARCH_LOCALE,28.54,599,27,2
2025-04-21,Lazio,Google Ads,RND_IT_GOOGLE_DISPLAY,162.39,25364,149,9
2025-04-21,Lazio,Google Ads,RND_IT_GOOGLE_PMAX,183.62,13243,266,7
2025-04-21,Lazio,Google Ads,RND_IT_GOOGLE_SEARCH_BRAND,138.56,4602,355,6
2025-04-21,Lazio,Google Ads,RND_IT_GOOGLE_SEARCH_GENERICA,330.08,5935,284,24
2025-04-21,Lazio,Google Ads,RND_IT_GOOGLE_SEARCH_LOCALE,299.70,6449,273,18
2025-04-21,Liguria,Google Ads,RND_IT_GOOGLE_DISPLAY,26.30,4224,27,1
2025-04-21,Liguria,Google Ads,RND_IT_GOOGLE_PMAX,33.52,2385,47,1
2025-04-21,Liguria,Google Ads,RND_IT_GOOGLE_SEARCH_BRAND,39.30,1303,100,2
2025-04-21,Liguria,Google Ads,RND_IT_GOOGLE_SEARCH_GENERICA,80.46,1438,79,6
2025-04-21,Liguria,Google Ads,RND_IT_GOOGLE_SEARCH_LOCALE,53.22,1192,52,4
2025-04-21,Lombardia,Google Ads,RND_IT_GOOGLE_DISPLAY,352.67,59093,358,16
2025-04-21,Lombardia,Google Ads,RND_IT_GOOGLE_PMAX,423.70,30036,576,13
2025-04-21,Lombardia,Google Ads,RND_IT_GOOGLE_SEARCH_BRAND,271.84,9286,725,9
2025-04-21,Lombardia,Google Ads,RND_IT_GOOGLE_SEARCH_GENERICA,526.46,9255,493,31
2025-04-21,Lombardia,Google Ads,RND_IT_GOOGLE_SEARCH_LOCALE,337.28,6970,337,19
2025-04-21,Marche,Google Ads,RND_IT_GOOGLE_DISPLAY,28.81,4859,27,1
2025-04-21,Marche,Google Ads,RND_IT_GOOGLE_PMAX,60.35,4457,81,2
2025-04-21,Marche,Google Ads,RND_IT_GOOGLE_SEARCH_BRAND,49.28,1550,121,2
2025-04-21,Marche,Google Ads,RND_IT_GOOGLE_SEARCH_GENERICA,76.94,1439,68,4
2025-04-21,Marche,Google Ads,RND_IT_GOOGLE_SEARCH_LOCALE,44.67,953,37,2
2025-04-21,Molise,Google Ads,RND_IT_GOOGLE_DISPLAY,10.47,1662,8,1
2025-04-21,Molise,Google Ads,RND_IT_GOOGLE_PMAX,22.58,1624,35,1
2025-04-21,Molise,Google Ads,RND_IT_GOOGLE_SEARCH_BRAND,5.25,181,13,0
2025-04-21,Molise,Google Ads,RND_IT_GOOGLE_SEARCH_GENERICA,23.82,439,22,2
2025-04-21,Molise,Google Ads,RND_IT_GOOGLE_SEARCH_LOCALE,15.91,331,15,1
2025-04-21,Piemonte,Google Ads,RND_IT_GOOGLE_DISPLAY,108.21,18052,122,4
2025-04-21,Piemonte,Google Ads,RND_IT_GOOGLE_PMAX,198.02,13774,267,6
2025-04-21,Piemonte,Google Ads,RND_IT_GOOGLE_SEARCH_BRAND,134.11,4580,367,5
2025-04-21,Piemonte,Google Ads,RND_IT_GOOGLE_SEARCH_GENERICA,305.80,5644,292,14
2025-04-21,Piemonte,Google Ads,RND_IT_GOOGLE_SEARCH_LOCALE,191.21,4044,213,7
2025-04-21,Puglia,Google Ads,RND_IT_GOOGLE_DISPLAY,130.14,22225,131,5
2025-04-21,Puglia,Google Ads,RND_IT_GOOGLE_PMAX,162.56,11287,263,4
2025-04-21,Puglia,Google Ads,RND_IT_GOOGLE_SEARCH_BRAND,113.75,3934,319,3
2025-04-21,Puglia,Google Ads,RND_IT_GOOGLE_SEARCH_GENERICA,226.38,4038,197,11
2025-04-21,Puglia,Google Ads,RND_IT_GOOGLE_SEARCH_LOCALE,196.62,4101,211,8
2025-04-21,Sardegna,Google Ads,RND_IT_GOOGLE_DISPLAY,34.29,5886,34,2
2025-04-21,Sardegna,Google Ads,RND_IT_GOOGLE_PMAX,92.75,6926,139,3
2025-04-21,Sardegna,Google Ads,RND_IT_GOOGLE_SEARCH_BRAND,39.74,1323,100,1
2025-04-21,Sardegna,Google Ads,RND_IT_GOOGLE_SEARCH_GENERICA,110.24,2015,98,5
2025-04-21,Sardegna,Google Ads,RND_IT_GOOGLE_SEARCH_LOCALE,43.15,841,39,3
2025-04-21,Sicilia,Google Ads,RND_IT_GOOGLE_DISPLAY,107.00,17613,102,7
2025-04-21,Sicilia,Google Ads,RND_IT_GOOGLE_PMAX,220.35,15400,316,8
2025-04-21,Sicilia,Google Ads,RND_IT_GOOGLE_SEARCH_BRAND,97.69,3356,225,4
2025-04-21,Sicilia,Google Ads,RND_IT_GOOGLE_SEARCH_GENERICA,290.74,5074,254,24
2025-04-21,Sicilia,Google Ads,RND_IT_GOOGLE_SEARCH_LOCALE,166.76,3453,170,10
2025-04-21,Toscana,Google Ads,RND_IT_GOOGLE_DISPLAY,76.18,12864,85,4
2025-04-21,Toscana,Google Ads,RND_IT_GOOGLE_PMAX,163.00,11738,235,6
2025-04-21,Toscana,Google Ads,RND_IT_GOOGLE_SEARCH_BRAND,76.43,2435,181,3
2025-04-21,Toscana,Google Ads,RND_IT_GOOGLE_SEARCH_GENERICA,185.35,3357,155,12
2025-04-21,Toscana,Google Ads,RND_IT_GOOGLE_SEARCH_LOCALE,150.58,3231,159,9
2025-04-21,Trentino-Alto Adige,Google Ads,RND_IT_GOOGLE_DISPLAY,39.64,6819,40,2
2025-04-21,Trentino-Alto Adige,Google Ads,RND_IT_GOOGLE_PMAX,24.34,1809,37,1
2025-04-21,Trentino-Alto Adige,Google Ads,RND_IT_GOOGLE_SEARCH_BRAND,25.10,854,65,1
2025-04-21,Trentino-Alto Adige,Google Ads,RND_IT_GOOGLE_SEARCH_GENERICA,34.53,580,24,2
2025-04-21,Trentino-Alto Adige,Google Ads,RND_IT_GOOGLE_SEARCH_LOCALE,32.84,668,30,1
2025-04-21,Umbria,Google Ads,RND_IT_GOOGLE_DISPLAY,19.87,3396,21,1
2025-04-21,Umbria,Google Ads,RND_IT_GOOGLE_PMAX,29.57,2146,46,1
2025-04-21,Umbria,Google Ads,RND_IT_GOOGLE_SEARCH_BRAND,37.09,1208,83,1
2025-04-21,Umbria,Google Ads,RND_IT_GOOGLE_SEARCH_GENERICA,78.47,1360,69,4
2025-04-21,Umbria,Google Ads,RND_IT_GOOGLE_SEARCH_LOCALE,30.00,642,31,1
2025-04-21,Valle d'Aosta,Google Ads,RND_IT_GOOGLE_DISPLAY,4.19,717,4,0
2025-04-21,Valle d'Aosta,Google Ads,RND_IT_GOOGLE_PMAX,4.55,318,7,0
2025-04-21,Valle d'Aosta,Google Ads,RND_IT_GOOGLE_SEARCH_BRAND,3.69,117,9,0
2025-04-21,Valle d'Aosta,Google Ads,RND_IT_GOOGLE_SEARCH_GENERICA,7.57,136,6,0
2025-04-21,Valle d'Aosta,Google Ads,RND_IT_GOOGLE_SEARCH_LOCALE,3.76,79,4,0
2025-04-21,Veneto,Google Ads,RND_IT_GOOGLE_DISPLAY,106.31,17779,97,3
2025-04-21,Veneto,Google Ads,RND_IT_GOOGLE_PMAX,162.97,11286,198,4
2025-04-21,Veneto,Google Ads,RND_IT_GOOGLE_SEARCH_BRAND,140.88,4538,307,4
2025-04-21,Veneto,Google Ads,RND_IT_GOOGLE_SEARCH_GENERICA,233.30,4544,211,9
2025-04-21,Veneto,Google Ads,RND_IT_GOOGLE_SEARCH_LOCALE,188.96,3914,161,8
2025-04-28,Abruzzo,Google Ads,RND_IT_GOOGLE_DISPLAY,22.85,3798,24,1
2025-04-28,Abruzzo,Google Ads,RND_IT_GOOGLE_PMAX,45.35,3421,73,1
2025-04-28,Abruzzo,Google Ads,RND_IT_GOOGLE_SEARCH_BRAND,30.29,1010,79,1
2025-04-28,Abruzzo,Google Ads,RND_IT_GOOGLE_SEARCH_GENERICA,51.52,886,39,2
2025-04-28,Abruzzo,Google Ads,RND_IT_GOOGLE_SEARCH_LOCALE,33.02,707,33,1
2025-04-28,Basilicata,Google Ads,RND_IT_GOOGLE_DISPLAY,8.10,1362,9,0
2025-04-28,Basilicata,Google Ads,RND_IT_GOOGLE_PMAX,14.05,972,20,0
2025-04-28,Basilicata,Google Ads,RND_IT_GOOGLE_SEARCH_BRAND,17.30,562,43,0
2025-04-28,Basilicata,Google Ads,RND_IT_GOOGLE_SEARCH_GENERICA,28.27,495,22,1
2025-04-28,Basilicata,Google Ads,RND_IT_GOOGLE_SEARCH_LOCALE,21.49,457,21,1
2025-04-28,Calabria,Google Ads,RND_IT_GOOGLE_DISPLAY,40.46,6589,38,1
2025-04-28,Calabria,Google Ads,RND_IT_GOOGLE_PMAX,52.77,3707,74,1
2025-04-28,Calabria,Google Ads,RND_IT_GOOGLE_SEARCH_BRAND,45.23,1525,101,1
2025-04-28,Calabria,Google Ads,RND_IT_GOOGLE_SEARCH_GENERICA,87.88,1608,83,4
2025-04-28,Calabria,Google Ads,RND_IT_GOOGLE_SEARCH_LOCALE,55.08,1162,53,2
2025-04-28,Campania,Google Ads,RND_IT_GOOGLE_DISPLAY,157.60,27143,162,8
2025-04-28,Campania,Google Ads,RND_IT_GOOGLE_PMAX,176.20,12727,285,6
2025-04-28,Campania,Google Ads,RND_IT_GOOGLE_SEARCH_BRAND,128.35,4046,311,5
2025-04-28,Campania,Google Ads,RND_IT_GOOGLE_SEARCH_GENERICA,386.34,7397,364,23
2025-04-28,Campania,Google Ads,RND_IT_GOOGLE_SEARCH_LOCALE,210.59,4521,204,12
2025-04-28,Emilia-Romagna,Google Ads,RND_IT_GOOGLE_DISPLAY,126.32,20086,121,7
2025-04-28,Emilia-Romagna,Google Ads,RND_IT_GOOGLE_PMAX,184.96,13125,295,8
2025-04-28,Emilia-Romagna,Google Ads,RND_IT_GOOGLE_SEARCH_BRAND,131.32,4098,306,7
2025-04-28,Emilia-Romagna,Google Ads,RND_IT_GOOGLE_SEARCH_GENERICA,151.19,2766,136,11
2025-04-28,Emilia-Romagna,Google Ads,RND_IT_GOOGLE_SEARCH_LOCALE,106.93,2241,102,7
2025-04-28,Friuli-Venezia Giulia,Google Ads,RND_IT_GOOGLE_DISPLAY,26.02,4271,26,2
2025-04-28,Friuli-Venezia Giulia,Google Ads,RND_IT_GOOGLE_PMAX,56.24,4087,87,2
2025-04-28,Friuli-Venezia Giulia,Google Ads,RND_IT_GOOGLE_SEARCH_BRAND,28.43,987,77,1
2025-04-28,Friuli-Venezia Giulia,Google Ads,RND_IT_GOOGLE_SEARCH_GENERICA,48.08,893,41,3
2025-04-28,Friuli-Venezia Giulia,Google Ads,RND_IT_GOOGLE_SEARCH_LOCALE,31.37,621,29,2
2025-04-28,Lazio,Google Ads,RND_IT_GOOGLE_DISPLAY,111.93,18635,127,6
2025-04-28,Lazio,Google Ads,RND_IT_GOOGLE_PMAX,150.55,10280,198,6
2025-04-28,Lazio,Google Ads,RND_IT_GOOGLE_SEARCH_BRAND,120.61,4129,301,5
2025-04-28,Lazio,Google Ads,RND_IT_GOOGLE_SEARCH_GENERICA,250.16,4502,215,19
2025-04-28,Lazio,Google Ads,RND_IT_GOOGLE_SEARCH_LOCALE,277.84,5723,278,19
2025-04-28,Liguria,Google Ads,RND_IT_GOOGLE_DISPLAY,19.57,3307,19,1
2025-04-28,Liguria,Google Ads,RND_IT_GOOGLE_PMAX,27.39,1944,36,1
2025-04-28,Liguria,Google Ads,RND_IT_GOOGLE_SEARCH_BRAND,32.04,1034,73,1
2025-04-28,Liguria,Google Ads,RND_IT_GOOGLE_SEARCH_GENERICA,60.04,1075,55,4
2025-04-28,Liguria,Google Ads,RND_IT_GOOGLE_SEARCH_LOCALE,46.15,909,42,4
2025-04-28,Lombardia,Google Ads,RND_IT_GOOGLE_DISPLAY,217.86,37026,217,11
2025-04-28,Lombardia,Google Ads,RND_IT_GOOGLE_PMAX,310.02,22594,476,10
2025-04-28,Lombardia,Google Ads,RND_IT_GOOGLE_SEARCH_BRAND,254.75,8491,602,9
2025-04-28,Lombardia,Google Ads,RND_IT_GOOGLE_SEARCH_GENERICA,433.85,7908,394,21
2025-04-28,Lombardia,Google Ads,RND_IT_GOOGLE_SEARCH_LOCALE,260.04,5524,245,15
2025-04-28,Marche,Google Ads,RND_IT_GOOGLE_DISPLAY,22.74,3959,23,1
2025-04-28,Marche,Google Ads,RND_IT_GOOGLE_PMAX,61.45,4479,98,2
2025-04-28,Marche,Google Ads,RND_IT_GOOGLE_SEARCH_BRAND,43.82,1505,109,2
2025-04-28,Marche,Google Ads,RND_IT_GOOGLE_SEARCH_GENERICA,59.45,1059,56,3
2025-04-28,Marche,Google Ads,RND_IT_GOOGLE_SEARCH_LOCALE,37.69,806,34,2
2025-04-28,Molise,Google Ads,RND_IT_GOOGLE_DISPLAY,8.58,1434,8,0
2025-04-28,Molise,Google Ads,RND_IT_GOOGLE_PMAX,17.78,1248,21,1
2025-04-28,Molise,Google Ads,RND_IT_GOOGLE_SEARCH_BRAND,4.04,136,10,0
2025-04-28,Molise,Google Ads,RND_IT_GOOGLE_SEARCH_GENERICA,20.90,388,21,2
2025-04-28,Molise,Google Ads,RND_IT_GOOGLE_SEARCH_LOCALE,12.61,270,12,1
2025-04-28,Piemonte,Google Ads,RND_IT_GOOGLE_DISPLAY,76.55,12484,66,3
2025-04-28,Piemonte,Google Ads,RND_IT_GOOGLE_PMAX,182.46,12634,272,5
2025-04-28,Piemonte,Google Ads,RND_IT_GOOGLE_SEARCH_BRAND,106.23,3557,270,3
2025-04-28,Piemonte,Google Ads,RND_IT_GOOGLE_SEARCH_GENERICA,273.91,4740,233,13
2025-04-28,Piemonte,Google Ads,RND_IT_GOOGLE_SEARCH_LOCALE,163.54,3457,158,8
2025-04-28,Puglia,Google Ads,RND_IT_GOOGLE_DISPLAY,92.08,15280,93,3
2025-04-28,Puglia,Google Ads,RND_IT_GOOGLE_PMAX,156.92,11281,222,3
2025-04-28,Puglia,Google Ads,RND_IT_GOOGLE_SEARCH_BRAND,85.10,2930,217,2
2025-04-28,Puglia,Google Ads,RND_IT_GOOGLE_SEARCH_GENERICA,224.43,4190,182,10
2025-04-28,Puglia,Google Ads,RND_IT_GOOGLE_SEARCH_LOCALE,150.13,3219,138,6
2025-04-28,Sardegna,Google Ads,RND_IT_GOOGLE_DISPLAY,29.11,4805,30,1
2025-04-28,Sardegna,Google Ads,RND_IT_GOOGLE_PMAX,69.50,4769,83,2
2025-04-28,Sardegna,Google Ads,RND_IT_GOOGLE_SEARCH_BRAND,26.08,850,62,1
2025-04-28,Sardegna,Google Ads,RND_IT_GOOGLE_SEARCH_GENERICA,69.85,1272,60,4
2025-04-28,Sardegna,Google Ads,RND_IT_GOOGLE_SEARCH_LOCALE,43.53,864,41,3
2025-04-28,Sicilia,Google Ads,RND_IT_GOOGLE_DISPLAY,85.51,14473,87,5
2025-04-28,Sicilia,Google Ads,RND_IT_GOOGLE_PMAX,148.64,11026,228,6
2025-04-28,Sicilia,Google Ads,RND_IT_GOOGLE_SEARCH_BRAND,65.92,2199,161,3
2025-04-28,Sicilia,Google Ads,RND_IT_GOOGLE_SEARCH_GENERICA,265.39,4794,238,24
2025-04-28,Sicilia,Google Ads,RND_IT_GOOGLE_SEARCH_LOCALE,125.46,2605,121,8
2025-04-28,Toscana,Google Ads,RND_IT_GOOGLE_DISPLAY,63.49,10243,61,4
2025-04-28,Toscana,Google Ads,RND_IT_GOOGLE_PMAX,117.89,8460,180,4
2025-04-28,Toscana,Google Ads,RND_IT_GOOGLE_SEARCH_BRAND,60.74,2024,178,3
2025-04-28,Toscana,Google Ads,RND_IT_GOOGLE_SEARCH_GENERICA,141.23,2441,115,9
2025-04-28,Toscana,Google Ads,RND_IT_GOOGLE_SEARCH_LOCALE,106.85,2132,104,5
2025-04-28,Trentino-Alto Adige,Google Ads,RND_IT_GOOGLE_DISPLAY,29.45,4883,27,1
2025-04-28,Trentino-Alto Adige,Google Ads,RND_IT_GOOGLE_PMAX,22.71,1588,31,1
2025-04-28,Trentino-Alto Adige,Google Ads,RND_IT_GOOGLE_SEARCH_BRAND,21.84,722,51,1
2025-04-28,Trentino-Alto Adige,Google Ads,RND_IT_GOOGLE_SEARCH_GENERICA,33.59,593,27,2
2025-04-28,Trentino-Alto Adige,Google Ads,RND_IT_GOOGLE_SEARCH_LOCALE,27.74,572,25,2
2025-04-28,Umbria,Google Ads,RND_IT_GOOGLE_DISPLAY,16.60,2901,18,1
2025-04-28,Umbria,Google Ads,RND_IT_GOOGLE_PMAX,24.05,1664,31,1
2025-04-28,Umbria,Google Ads,RND_IT_GOOGLE_SEARCH_BRAND,27.37,902,65,1
2025-04-28,Umbria,Google Ads,RND_IT_GOOGLE_SEARCH_GENERICA,61.72,1163,58,4
2025-04-28,Umbria,Google Ads,RND_IT_GOOGLE_SEARCH_LOCALE,23.11,505,21,1
2025-04-28,Valle d'Aosta,Google Ads,RND_IT_GOOGLE_DISPLAY,3.13,525,3,0
2025-04-28,Valle d'Aosta,Google Ads,RND_IT_GOOGLE_PMAX,3.58,251,6,0
2025-04-28,Valle d'Aosta,Google Ads,RND_IT_GOOGLE_SEARCH_BRAND,3.18,106,10,0
2025-04-28,Valle d'Aosta,Google Ads,RND_IT_GOOGLE_SEARCH_GENERICA,5.87,106,6,0
2025-04-28,Valle d'Aosta,Google Ads,RND_IT_GOOGLE_SEARCH_LOCALE,2.81,60,3,0
2025-04-28,Veneto,Google Ads,RND_IT_GOOGLE_DISPLAY,85.99,13880,86,3
2025-04-28,Veneto,Google Ads,RND_IT_GOOGLE_PMAX,107.08,7290,139,2
2025-04-28,Veneto,Google Ads,RND_IT_GOOGLE_SEARCH_BRAND,136.03,4539,350,3
2025-04-28,Veneto,Google Ads,RND_IT_GOOGLE_SEARCH_GENERICA,200.49,3676,178,8
2025-04-28,Veneto,Google Ads,RND_IT_GOOGLE_SEARCH_LOCALE,150.62,3200,145,6
2025-05-05,Abruzzo,Google Ads,RND_IT_GOOGLE_DISPLAY,16.52,2725,17,0
2025-05-05,Abruzzo,Google Ads,RND_IT_GOOGLE_PMAX,38.39,2783,60,1
2025-05-05,Abruzzo,Google Ads,RND_IT_GOOGLE_SEARCH_BRAND,17.82,575,39,0
2025-05-05,Abruzzo,Google Ads,RND_IT_GOOGLE_SEARCH_GENERICA,40.36,714,36,1
2025-05-05,Abruzzo,Google Ads,RND_IT_GOOGLE_SEARCH_LOCALE,28.91,599,27,1
2025-05-05,Basilicata,Google Ads,RND_IT_GOOGLE_DISPLAY,6.57,1022,6,0
2025-05-05,Basilicata,Google Ads,RND_IT_GOOGLE_PMAX,10.81,754,13,0
2025-05-05,Basilicata,Google Ads,RND_IT_GOOGLE_SEARCH_BRAND,11.26,384,31,0
2025-05-05,Basilicata,Google Ads,RND_IT_GOOGLE_SEARCH_GENERICA,24.91,452,21,1
2025-05-05,Basilicata,Google Ads,RND_IT_GOOGLE_SEARCH_LOCALE,19.55,395,19,1
2025-05-05,Calabria,Google Ads,RND_IT_GOOGLE_DISPLAY,33.15,5516,36,1
2025-05-05,Calabria,Google Ads,RND_IT_GOOGLE_PMAX,42.55,3076,63,1
2025-05-05,Calabria,Google Ads,RND_IT_GOOGLE_SEARCH_BRAND,32.19,1042,73,1
2025-05-05,Calabria,Google Ads,RND_IT_GOOGLE_SEARCH_GENERICA,58.97,1028,56,3
2025-05-05,Calabria,Google Ads,RND_IT_GOOGLE_SEARCH_LOCALE,47.71,1000,47,2
2025-05-05,Campania,Google Ads,RND_IT_GOOGLE_DISPLAY,115.52,20206,126,5
2025-05-05,Campania,Google Ads,RND_IT_GOOGLE_PMAX,154.41,11207,230,5
2025-05-05,Campania,Google Ads,RND_IT_GOOGLE_SEARCH_BRAND,82.72,2739,219,3
2025-05-05,Campania,Google Ads,RND_IT_GOOGLE_SEARCH_GENERICA,328.53,5991,318,20
2025-05-05,Campania,Google Ads,RND_IT_GOOGLE_SEARCH_LOCALE,184.80,3978,163,9
2025-05-05,Emilia-Romagna,Google Ads,RND_IT_GOOGLE_DISPLAY,118.21,19000,118,8
2025-05-05,Emilia-Romagna,Google Ads,RND_IT_GOOGLE_PMAX,138.96,10213,217,6
2025-05-05,Emilia-Romagna,Google Ads,RND_IT_GOOGLE_SEARCH_BRAND,93.44,3087,228,4
2025-05-05,Emilia-Romagna,Google Ads,RND_IT_GOOGLE_SEARCH_GENERICA,124.86,2295,121,9
2025-05-05,Emilia-Romagna,Google Ads,RND_IT_GOOGLE_SEARCH_LOCALE,105.84,2232,110,8
2025-05-05,Friuli-Venezia Giulia,Google Ads,RND_IT_GOOGLE_DISPLAY,22.69,3617,19,1
2025-05-05,Friuli-Venezia Giulia,Google Ads,RND_IT_GOOGLE_PMAX,43.40,3124,69,2
2025-05-05,Friuli-Venezia Giulia,Google Ads,RND_IT_GOOGLE_SEARCH_BRAND,16.34,550,40,1
2025-05-05,Friuli-Venezia Giulia,Google Ads,RND_IT_GOOGLE_SEARCH_GENERICA,38.84,713,39,3
2025-05-05,Friuli-Venezia Giulia,Google Ads,RND_IT_GOOGLE_SEARCH_LOCALE,30.81,611,27,2
2025-05-05,Lazio,Google Ads,RND_IT_GOOGLE_DISPLAY,89.83,14679,95,5
2025-05-05,Lazio,Google Ads,RND_IT_GOOGLE_PMAX,122.79,9067,171,4
2025-05-05,Lazio,Google Ads,RND_IT_GOOGLE_SEARCH_BRAND,85.20,2659,222,3
2025-05-05,Lazio,Google Ads,RND_IT_GOOGLE_SEARCH_GENERICA,213.76,3781,183,13
2025-05-05,Lazio,Google Ads,RND_IT_GOOGLE_SEARCH_LOCALE,296.17,6190,312,16
2025-05-05,Liguria,Google Ads,RND_IT_GOOGLE_DISPLAY,17.11,2930,17,1
2025-05-05,Liguria,Google Ads,RND_IT_GOOGLE_PMAX,25.48,1896,39,1
2025-05-05,Liguria,Google Ads,RND_IT_GOOGLE_SEARCH_BRAND,19.94,682,53,1
2025-05-05,Liguria,Google Ads,RND_IT_GOOGLE_SEARCH_GENERICA,49.27,887,43,4
2025-05-05,Liguria,Google Ads,RND_IT_GOOGLE_SEARCH_LOCALE,47.19,927,38,3
2025-05-05,Lombardia,Google Ads,RND_IT_GOOGLE_DISPLAY,220.72,38668,233,9
2025-05-05,Lombardia,Google Ads,RND_IT_GOOGLE_PMAX,261.03,18789,340,7
2025-05-05,Lombardia,Google Ads,RND_IT_GOOGLE_SEARCH_BRAND,217.15,7091,568,7
2025-05-05,Lombardia,Google Ads,RND_IT_GOOGLE_SEARCH_GENERICA,448.67,8289,464,23
2025-05-05,Lombardia,Google Ads,RND_IT_GOOGLE_SEARCH_LOCALE,270.16,5764,265,13
2025-05-05,Marche,Google Ads,RND_IT_GOOGLE_DISPLAY,18.41,3110,17,1
2025-05-05,Marche,Google Ads,RND_IT_GOOGLE_PMAX,57.56,4151,75,2
2025-05-05,Marche,Google Ads,RND_IT_GOOGLE_SEARCH_BRAND,28.45,983,76,1
2025-05-05,Marche,Google Ads,RND_IT_GOOGLE_SEARCH_GENERICA,66.41,1200,63,3
2025-05-05,Marche,Google Ads,RND_IT_GOOGLE_SEARCH_LOCALE,37.34,762,34,2
2025-05-05,Molise,Google Ads,RND_IT_GOOGLE_DISPLAY,5.46,876,6,0
2025-05-05,Molise,Google Ads,RND_IT_GOOGLE_PMAX,11.94,838,16,0
2025-05-05,Molise,Google Ads,RND_IT_GOOGLE_SEARCH_BRAND,3.33,109,8,0
2025-05-05,Molise,Google Ads,RND_IT_GOOGLE_SEARCH_GENERICA,19.14,345,15,1
2025-05-05,Molise,Google Ads,RND_IT_GOOGLE_SEARCH_LOCALE,12.91,259,10,1
2025-05-05,Piemonte,Google Ads,RND_IT_GOOGLE_DISPLAY,64.18,10689,53,2
2025-05-05,Piemonte,Google Ads,RND_IT_GOOGLE_PMAX,123.87,8586,177,3
2025-05-05,Piemonte,Google Ads,RND_IT_GOOGLE_SEARCH_BRAND,66.83,2224,174,2
2025-05-05,Piemonte,Google Ads,RND_IT_GOOGLE_SEARCH_GENERICA,220.44,4237,219,10
2025-05-05,Piemonte,Google Ads,RND_IT_GOOGLE_SEARCH_LOCALE,160.24,3420,161,8
2025-05-05,Puglia,Google Ads,RND_IT_GOOGLE_DISPLAY,68.86,12093,80,2
2025-05-05,Puglia,Google Ads,RND_IT_GOOGLE_PMAX,114.85,8519,190,3
2025-05-05,Puglia,Google Ads,RND_IT_GOOGLE_SEARCH_BRAND,57.34,2021,164,2
2025-05-05,Puglia,Google Ads,RND_IT_GOOGLE_SEARCH_GENERICA,180.20,3183,153,7
2025-05-05,Puglia,Google Ads,RND_IT_GOOGLE_SEARCH_LOCALE,168.89,3578,139,6
2025-05-05,Sardegna,Google Ads,RND_IT_GOOGLE_DISPLAY,19.49,3218,20,1
2025-05-05,Sardegna,Google Ads,RND_IT_GOOGLE_PMAX,49.89,3629,82,2
2025-05-05,Sardegna,Google Ads,RND_IT_GOOGLE_SEARCH_BRAND,19.06,630,48,1
2025-05-05,Sardegna,Google Ads,RND_IT_GOOGLE_SEARCH_GENERICA,64.34,1208,64,4
2025-05-05,Sardegna,Google Ads,RND_IT_GOOGLE_SEARCH_LOCALE,35.45,744,33,2
2025-05-05,Sicilia,Google Ads,RND_IT_GOOGLE_DISPLAY,82.91,13877,72,6
2025-05-05,Sicilia,Google Ads,RND_IT_GOOGLE_PMAX,145.35,10596,207,5
2025-05-05,Sicilia,Google Ads,RND_IT_GOOGLE_SEARCH_BRAND,50.51,1746,147,2
2025-05-05,Sicilia,Google Ads,RND_IT_GOOGLE_SEARCH_GENERICA,201.81,3542,182,15
2025-05-05,Sicilia,Google Ads,RND_IT_GOOGLE_SEARCH_LOCALE,128.66,2857,138,9
2025-05-05,Toscana,Google Ads,RND_IT_GOOGLE_DISPLAY,59.40,9971,68,3
2025-05-05,Toscana,Google Ads,RND_IT_GOOGLE_PMAX,95.17,6677,136,4
2025-05-05,Toscana,Google Ads,RND_IT_GOOGLE_SEARCH_BRAND,47.04,1570,125,2
2025-05-05,Toscana,Google Ads,RND_IT_GOOGLE_SEARCH_GENERICA,97.55,1808,79,7
2025-05-05,Toscana,Google Ads,RND_IT_GOOGLE_SEARCH_LOCALE,114.43,2429,105,7
2025-05-05,Trentino-Alto Adige,Google Ads,RND_IT_GOOGLE_DISPLAY,20.76,3300,21,1
2025-05-05,Trentino-Alto Adige,Google Ads,RND_IT_GOOGLE_PMAX,17.13,1283,27,0
2025-05-05,Trentino-Alto Adige,Google Ads,RND_IT_GOOGLE_SEARCH_BRAND,13.84,467,36,0
2025-05-05,Trentino-Alto Adige,Google Ads,RND_IT_GOOGLE_SEARCH_GENERICA,27.88,518,26,1
2025-05-05,Trentino-Alto Adige,Google Ads,RND_IT_GOOGLE_SEARCH_LOCALE,27.59,564,24,1
2025-05-05,Umbria,Google Ads,RND_IT_GOOGLE_DISPLAY,11.84,2032,10,1
2025-05-05,Umbria,Google Ads,RND_IT_GOOGLE_PMAX,21.30,1511,32,1
2025-05-05,Umbria,Google Ads,RND_IT_GOOGLE_SEARCH_BRAND,17.43,582,44,1
2025-05-05,Umbria,Google Ads,RND_IT_GOOGLE_SEARCH_GENERICA,49.51,886,45,3
2025-05-05,Umbria,Google Ads,RND_IT_GOOGLE_SEARCH_LOCALE,21.32,451,21,1
2025-05-05,Valle d'Aosta,Google Ads,RND_IT_GOOGLE_DISPLAY,2.50,427,2,0
2025-05-05,Valle d'Aosta,Google Ads,RND_IT_GOOGLE_PMAX,3.35,233,5,0
2025-05-05,Valle d'Aosta,Google Ads,RND_IT_GOOGLE_SEARCH_BRAND,2.11,72,5,0
2025-05-05,Valle d'Aosta,Google Ads,RND_IT_GOOGLE_SEARCH_GENERICA,4.03,71,4,0
2025-05-05,Valle d'Aosta,Google Ads,RND_IT_GOOGLE_SEARCH_LOCALE,2.56,53,2,0
2025-05-05,Veneto,Google Ads,RND_IT_GOOGLE_DISPLAY,64.66,10132,63,2
2025-05-05,Veneto,Google Ads,RND_IT_GOOGLE_PMAX,111.97,7860,158,2
2025-05-05,Veneto,Google Ads,RND_IT_GOOGLE_SEARCH_BRAND,107.70,3516,241,2
2025-05-05,Veneto,Google Ads,RND_IT_GOOGLE_SEARCH_GENERICA,154.28,2639,137,6
2025-05-05,Veneto,Google Ads,RND_IT_GOOGLE_SEARCH_LOCALE,164.41,3555,155,5
2025-05-12,Abruzzo,Google Ads,RND_IT_GOOGLE_DISPLAY,20.16,3225,22,0
2025-05-12,Abruzzo,Google Ads,RND_IT_GOOGLE_PMAX,46.21,3456,69,1
2025-05-12,Abruzzo,Google Ads,RND_IT_GOOGLE_SEARCH_BRAND,22.54,729,54,0
2025-05-12,Abruzzo,Google Ads,RND_IT_GOOGLE_SEARCH_GENERICA,55.33,987,55,2
2025-05-12,Abruzzo,Google Ads,RND_IT_GOOGLE_SEARCH_LOCALE,35.05,736,36,1
2025-05-12,Basilicata,Google Ads,RND_IT_GOOGLE_DISPLAY,6.82,1103,6,0
2025-05-12,Basilicata,Google Ads,RND_IT_GOOGLE_PMAX,11.46,792,16,0
2025-05-12,Basilicata,Google Ads,RND_IT_GOOGLE_SEARCH_BRAND,15.72,514,39,0
2025-05-12,Basilicata,Google Ads,RND_IT_GOOGLE_SEARCH_GENERICA,30.57,565,29,1
2025-05-12,Basilicata,Google Ads,RND_IT_GOOGLE_SEARCH_LOCALE,20.47,431,18,1
2025-05-12,Calabria,Google Ads,RND_IT_GOOGLE_DISPLAY,35.19,5997,29,1
2025-05-12,Calabria,Google Ads,RND_IT_GOOGLE_PMAX,50.28,3511,69,1
2025-05-12,Calabria,Google Ads,RND_IT_GOOGLE_SEARCH_BRAND,38.83,1298,95,1
2025-05-12,Calabria,Google Ads,RND_IT_GOOGLE_SEARCH_GENERICA,89.09,1568,79,3
2025-05-12,Calabria,Google Ads,RND_IT_GOOGLE_SEARCH_LOCALE,66.22,1320,57,3
2025-05-12,Campania,Google Ads,RND_IT_GOOGLE_DISPLAY,106.86,17409,115,4
2025-05-12,Campania,Google Ads,RND_IT_GOOGLE_PMAX,168.45,13078,259,5
2025-05-12,Campania,Google Ads,RND_IT_GOOGLE_SEARCH_BRAND,108.54,3594,276,3
2025-05-12,Campania,Google Ads,RND_IT_GOOGLE_SEARCH_GENERICA,337.94,6162,333,17
2025-05-12,Campania,Google Ads,RND_IT_GOOGLE_SEARCH_LOCALE,246.86,5152,246,12
2025-05-12,Emilia-Romagna,Google Ads,RND_IT_GOOGLE_DISPLAY,128.34,21648,134,7
2025-05-12,Emilia-Romagna,Google Ads,RND_IT_GOOGLE_PMAX,150.80,11076,215,5
2025-05-12,Emilia-Romagna,Google Ads,RND_IT_GOOGLE_SEARCH_BRAND,103.87,3536,266,4
2025-05-12,Emilia-Romagna,Google Ads,RND_IT_GOOGLE_SEARCH_GENERICA,195.59,3399,197,13
2025-05-12,Emilia-Romagna,Google Ads,RND_IT_GOOGLE_SEARCH_LOCALE,136.63,2842,117,7
2025-05-12,Friuli-Venezia Giulia,Google Ads,RND_IT_GOOGLE_DISPLAY,28.96,4801,24,2
2025-05-12,Friuli-Venezia Giulia,Google Ads,RND_IT_GOOGLE_PMAX,50.43,3523,65,2
2025-05-12,Friuli-Venezia Giulia,Google Ads,RND_IT_GOOGLE_SEARCH_BRAND,20.31,704,56,1
2025-05-12,Friuli-Venezia Giulia,Google Ads,RND_IT_GOOGLE_SEARCH_GENERICA,43.20,780,41,3
2025-05-12,Friuli-Venezia Giulia,Google Ads,RND_IT_GOOGLE_SEARCH_LOCALE,33.25,671,34,2
2025-05-12,Lazio,Google Ads,RND_IT_GOOGLE_DISPLAY,99.25,16576,102,4
2025-05-12,Lazio,Google Ads,RND_IT_GOOGLE_PMAX,115.63,7991,169,3
2025-05-12,Lazio,Google Ads,RND_IT_GOOGLE_SEARCH_BRAND,95.68,3096,243,4
2025-05-12,Lazio,Google Ads,RND_IT_GOOGLE_SEARCH_GENERICA,228.96,4020,204,13
2025-05-12,Lazio,Google Ads,RND_IT_GOOGLE_SEARCH_LOCALE,346.99,7181,318,19
2025-05-12,Liguria,Google Ads,RND_IT_GOOGLE_DISPLAY,18.79,3179,20,1
2025-05-12,Liguria,Google Ads,RND_IT_GOOGLE_PMAX,25.81,1751,36,1
2025-05-12,Liguria,Google Ads,RND_IT_GOOGLE_SEARCH_BRAND,28.94,944,72,1
2025-05-12,Liguria,Google Ads,RND_IT_GOOGLE_SEARCH_GENERICA,61.80,1121,58,4
2025-05-12,Liguria,Google Ads,RND_IT_GOOGLE_SEARCH_LOCALE,69.56,1468,70,4
2025-05-12,Lombardia,Google Ads,RND_IT_GOOGLE_DISPLAY,241.89,40644,238,10
2025-05-12,Lombardia,Google Ads,RND_IT_GOOGLE_PMAX,309.81,22194,502,9
2025-05-12,Lombardia,Google Ads,RND_IT_GOOGLE_SEARCH_BRAND,257.44,8211,557,6
2025-05-12,Lombardia,Google Ads,RND_IT_GOOGLE_SEARCH_GENERICA,507.02,9080,462,23
2025-05-12,Lombardia,Google Ads,RND_IT_GOOGLE_SEARCH_LOCALE,304.10,6335,302,13
2025-05-12,Marche,Google Ads,RND_IT_GOOGLE_DISPLAY,19.85,3307,19,1
2025-05-12,Marche,Google Ads,RND_IT_GOOGLE_PMAX,67.87,4954,102,2
2025-05-12,Marche,Google Ads,RND_IT_GOOGLE_SEARCH_BRAND,39.05,1381,117,1
2025-05-12,Marche,Google Ads,RND_IT_GOOGLE_SEARCH_GENERICA,72.50,1271,64,4
2025-05-12,Marche,Google Ads,RND_IT_GOOGLE_SEARCH_LOCALE,42.69,852,38,2
2025-05-12,Molise,Google Ads,RND_IT_GOOGLE_DISPLAY,7.64,1285,7,0
2025-05-12,Molise,Google Ads,RND_IT_GOOGLE_PMAX,14.49,1082,21,0
2025-05-12,Molise,Google Ads,RND_IT_GOOGLE_SEARCH_BRAND,4.44,149,11,0
2025-05-12,Molise,Google Ads,RND_IT_GOOGLE_SEARCH_GENERICA,22.42,400,23,1
2025-05-12,Molise,Google Ads,RND_IT_GOOGLE_SEARCH_LOCALE,15.45,319,14,1
2025-05-12,Piemonte,Google Ads,RND_IT_GOOGLE_DISPLAY,61.20,10267,60,2
2025-05-12,Piemonte,Google Ads,RND_IT_GOOGLE_PMAX,146.94,9899,189,3
2025-05-12,Piemonte,Google Ads,RND_IT_GOOGLE_SEARCH_BRAND,92.30,3121,233,3
2025-05-12,Piemonte,Google Ads,RND_IT_GOOGLE_SEARCH_GENERICA,280.43,4956,235,12
2025-05-12,Piemonte,Google Ads,RND_IT_GOOGLE_SEARCH_LOCALE,199.65,4101,184,8
2025-05-12,Puglia,Google Ads,RND_IT_GOOGLE_DISPLAY,85.72,14196,87,3
2025-05-12,Puglia,Google Ads,RND_IT_GOOGLE_PMAX,135.91,9322,187,3
2025-05-12,Puglia,Google Ads,RND_IT_GOOGLE_SEARCH_BRAND,70.04,2241,164,2
2025-05-12,Puglia,Google Ads,RND_IT_GOOGLE_SEARCH_GENERICA,191.83,3350,181,8
2025-05-12,Puglia,Google Ads,RND_IT_GOOGLE_SEARCH_LOCALE,199.75,4186,198,7
2025-05-12,Sardegna,Google Ads,RND_IT_GOOGLE_DISPLAY,22.85,3759,24,1
2025-05-12,Sardegna,Google Ads,RND_IT_GOOGLE_PMAX,58.12,4137,86,1
2025-05-12,Sardegna,Google Ads,RND_IT_GOOGLE_SEARCH_BRAND,32.62,1087,79,1
2025-05-12,Sardegna,Google Ads,RND_IT_GOOGLE_SEARCH_GENERICA,83.71,1571,78,4
2025-05-12,Sardegna,Google Ads,RND_IT_GOOGLE_SEARCH_LOCALE,52.45,1096,46,3
2025-05-12,Sicilia,Google Ads,RND_IT_GOOGLE_DISPLAY,77.86,13708,70,4
2025-05-12,Sicilia,Google Ads,RND_IT_GOOGLE_PMAX,147.62,11426,225,5
2025-05-12,Sicilia,Google Ads,RND_IT_GOOGLE_SEARCH_BRAND,63.06,2134,177,3
2025-05-12,Sicilia,Google Ads,RND_IT_GOOGLE_SEARCH_GENERICA,253.89,4566,205,17
2025-05-12,Sicilia,Google Ads,RND_IT_GOOGLE_SEARCH_LOCALE,194.70,4006,165,12
2025-05-12,Toscana,Google Ads,RND_IT_GOOGLE_DISPLAY,77.02,12666,77,4
2025-05-12,Toscana,Google Ads,RND_IT_GOOGLE_PMAX,103.65,7600,136,4
2025-05-12,Toscana,Google Ads,RND_IT_GOOGLE_SEARCH_BRAND,56.44,1867,154,2
2025-05-12,Toscana,Google Ads,RND_IT_GOOGLE_SEARCH_GENERICA,137.12,2328,115,10
2025-05-12,Toscana,Google Ads,RND_IT_GOOGLE_SEARCH_LOCALE,155.61,3198,159,8
2025-05-12,Trentino-Alto Adige,Google Ads,RND_IT_GOOGLE_DISPLAY,28.95,5022,31,1
2025-05-12,Trentino-Alto Adige,Google Ads,RND_IT_GOOGLE_PMAX,18.73,1353,26,0
2025-05-12,Trentino-Alto Adige,Google Ads,RND_IT_GOOGLE_SEARCH_BRAND,15.69,540,42,1
2025-05-12,Trentino-Alto Adige,Google Ads,RND_IT_GOOGLE_SEARCH_GENERICA,34.48,615,30,2
2025-05-12,Trentino-Alto Adige,Google Ads,RND_IT_GOOGLE_SEARCH_LOCALE,38.18,797,34,2
2025-05-12,Umbria,Google Ads,RND_IT_GOOGLE_DISPLAY,12.95,2114,13,1
2025-05-12,Umbria,Google Ads,RND_IT_GOOGLE_PMAX,24.65,1696,34,1
2025-05-12,Umbria,Google Ads,RND_IT_GOOGLE_SEARCH_BRAND,26.12,931,69,1
2025-05-12,Umbria,Google Ads,RND_IT_GOOGLE_SEARCH_GENERICA,51.17,956,50,3
2025-05-12,Umbria,Google Ads,RND_IT_GOOGLE_SEARCH_LOCALE,29.95,642,30,1
2025-05-12,Valle d'Aosta,Google Ads,RND_IT_GOOGLE_DISPLAY,2.81,480,3,0
2025-05-12,Valle d'Aosta,Google Ads,RND_IT_GOOGLE_PMAX,3.97,265,6,0
2025-05-12,Valle d'Aosta,Google Ads,RND_IT_GOOGLE_SEARCH_BRAND,2.93,95,7,0
2025-05-12,Valle d'Aosta,Google Ads,RND_IT_GOOGLE_SEARCH_GENERICA,4.46,79,4,0
2025-05-12,Valle d'Aosta,Google Ads,RND_IT_GOOGLE_SEARCH_LOCALE,3.60,76,3,0
2025-05-12,Veneto,Google Ads,RND_IT_GOOGLE_DISPLAY,71.09,12482,82,2
2025-05-12,Veneto,Google Ads,RND_IT_GOOGLE_PMAX,136.32,9748,175,3
2025-05-12,Veneto,Google Ads,RND_IT_GOOGLE_SEARCH_BRAND,112.84,3646,275,3
2025-05-12,Veneto,Google Ads,RND_IT_GOOGLE_SEARCH_GENERICA,194.38,3693,171,8
2025-05-12,Veneto,Google Ads,RND_IT_GOOGLE_SEARCH_LOCALE,185.94,4039,180,6
2025-05-19,Abruzzo,Google Ads,RND_IT_GOOGLE_DISPLAY,30.03,4954,33,1
2025-05-19,Abruzzo,Google Ads,RND_IT_GOOGLE_PMAX,75.71,5391,110,1
2025-05-19,Abruzzo,Google Ads,RND_IT_GOOGLE_SEARCH_BRAND,36.95,1199,89,1
2025-05-19,Abruzzo,Google Ads,RND_IT_GOOGLE_SEARCH_GENERICA,75.11,1331,73,2
2025-05-19,Abruzzo,Google Ads,RND_IT_GOOGLE_SEARCH_LOCALE,34.64,746,37,1
2025-05-19,Basilicata,Google Ads,RND_IT_GOOGLE_DISPLAY,9.00,1470,9,0
2025-05-19,Basilicata,Google Ads,RND_IT_GOOGLE_PMAX,18.59,1317,27,0
2025-05-19,Basilicata,Google Ads,RND_IT_GOOGLE_SEARCH_BRAND,22.14,774,59,0
2025-05-19,Basilicata,Google Ads,RND_IT_GOOGLE_SEARCH_GENERICA,40.55,748,40,1
2025-05-19,Basilicata,Google Ads,RND_IT_GOOGLE_SEARCH_LOCALE,19.76,430,19,1
2025-05-19,Calabria,Google Ads,RND_IT_GOOGLE_DISPLAY,45.07,7415,44,2
2025-05-19,Calabria,Google Ads,RND_IT_GOOGLE_PMAX,70.09,4949,96,1
2025-05-19,Calabria,Google Ads,RND_IT_GOOGLE_SEARCH_BRAND,66.99,2303,167,2
2025-05-19,Calabria,Google Ads,RND_IT_GOOGLE_SEARCH_GENERICA,140.49,2634,146,6
2025-05-19,Calabria,Google Ads,RND_IT_GOOGLE_SEARCH_LOCALE,66.13,1434,63,3
2025-05-19,Campania,Google Ads,RND_IT_GOOGLE_DISPLAY,187.29,31196,197,8
2025-05-19,Campania,Google Ads,RND_IT_GOOGLE_PMAX,239.65,16733,321,7
2025-05-19,Campania,Google Ads,RND_IT_GOOGLE_SEARCH_BRAND,134.53,4466,341,5
2025-05-19,Campania,Google Ads,RND_IT_GOOGLE_SEARCH_GENERICA,444.91,8199,417,23
2025-05-19,Campania,Google Ads,RND_IT_GOOGLE_SEARCH_LOCALE,259.63,5662,250,13
2025-05-19,Emilia-Romagna,Google Ads,RND_IT_GOOGLE_DISPLAY,166.82,28072,184,8
2025-05-19,Emilia-Romagna,Google Ads,RND_IT_GOOGLE_PMAX,220.06,15258,289,7
2025-05-19,Emilia-Romagna,Google Ads,RND_IT_GOOGLE_SEARCH_BRAND,153.43,5120,389,6
2025-05-19,Emilia-Romagna,Google Ads,RND_IT_GOOGLE_SEARCH_GENERICA,313.65,5468,273,21
2025-05-19,Emilia-Romagna,Google Ads,RND_IT_GOOGLE_SEARCH_LOCALE,126.59,2546,111,7
2025-05-19,Friuli-Venezia Giulia,Google Ads,RND_IT_GOOGLE_DISPLAY,40.35,6718,38,2
2025-05-19,Friuli-Venezia Giulia,Google Ads,RND_IT_GOOGLE_PMAX,82.34,6127,124,3
2025-05-19,Friuli-Venezia Giulia,Google Ads,RND_IT_GOOGLE_SEARCH_BRAND,28.95,941,74,1
2025-05-19,Friuli-Venezia Giulia,Google Ads,RND_IT_GOOGLE_SEARCH_GENERICA,72.67,1284,67,6
2025-05-19,Friuli-Venezia Giulia,Google Ads,RND_IT_GOOGLE_SEARCH_LOCALE,34.57,734,31,2
2025-05-19,Lazio,Google Ads,RND_IT_GOOGLE_DISPLAY,132.31,21774,121,7
2025-05-19,Lazio,Google Ads,RND_IT_GOOGLE_PMAX,172.93,12023,259,6
2025-05-19,Lazio,Google Ads,RND_IT_GOOGLE_SEARCH_BRAND,104.18,3565,256,4
2025-05-19,Lazio,Google Ads,RND_IT_GOOGLE_SEARCH_GENERICA,387.08,7285,350,23
2025-05-19,Lazio,Google Ads,RND_IT_GOOGLE_SEARCH_LOCALE,320.41,6919,300,21
2025-05-19,Liguria,Google Ads,RND_IT_GOOGLE_DISPLAY,27.32,4821,29,2
2025-05-19,Liguria,Google Ads,RND_IT_GOOGLE_PMAX,38.94,2759,60,1
2025-05-19,Liguria,Google Ads,RND_IT_GOOGLE_SEARCH_BRAND,43.10,1420,112,2
2025-05-19,Liguria,Google Ads,RND_IT_GOOGLE_SEARCH_GENERICA,86.43,1534,77,6
2025-05-19,Liguria,Google Ads,RND_IT_GOOGLE_SEARCH_LOCALE,63.69,1383,69,4
2025-05-19,Lombardia,Google Ads,RND_IT_GOOGLE_DISPLAY,279.95,46378,256,10
2025-05-19,Lombardia,Google Ads,RND_IT_GOOGLE_PMAX,503.96,35955,663,10
2025-05-19,Lombardia,Google Ads,RND_IT_GOOGLE_SEARCH_BRAND,340.61,11265,791,8
2025-05-19,Lombardia,Google Ads,RND_IT_GOOGLE_SEARCH_GENERICA,877.82,16427,811,36
2025-05-19,Lombardia,Google Ads,RND_IT_GOOGLE_SEARCH_LOCALE,324.34,6601,312,11
2025-05-19,Marche,Google Ads,RND_IT_GOOGLE_DISPLAY,25.92,4240,22,1
2025-05-19,Marche,Google Ads,RND_IT_GOOGLE_PMAX,85.92,6267,124,2
2025-05-19,Marche,Google Ads,RND_IT_GOOGLE_SEARCH_BRAND,55.59,1887,136,2
2025-05-19,Marche,Google Ads,RND_IT_GOOGLE_SEARCH_GENERICA,102.82,1845,83,5
2025-05-19,Marche,Google Ads,RND_IT_GOOGLE_SEARCH_LOCALE,43.61,926,41,2
2025-05-19,Molise,Google Ads,RND_IT_GOOGLE_DISPLAY,9.48,1619,9,0
2025-05-19,Molise,Google Ads,RND_IT_GOOGLE_PMAX,22.76,1584,27,1
2025-05-19,Molise,Google Ads,RND_IT_GOOGLE_SEARCH_BRAND,7.78,258,19,0
2025-05-19,Molise,Google Ads,RND_IT_GOOGLE_SEARCH_GENERICA,31.18,569,29,2
2025-05-19,Molise,Google Ads,RND_IT_GOOGLE_SEARCH_LOCALE,17.50,365,18,1
2025-05-19,Piemonte,Google Ads,RND_IT_GOOGLE_DISPLAY,102.74,17557,108,3
2025-05-19,Piemonte,Google Ads,RND_IT_GOOGLE_PMAX,191.05,14047,283,4
2025-05-19,Piemonte,Google Ads,RND_IT_GOOGLE_SEARCH_BRAND,116.03,3840,266,3
2025-05-19,Piemonte,Google Ads,RND_IT_GOOGLE_SEARCH_GENERICA,451.23,7863,381,21
2025-05-19,Piemonte,Google Ads,RND_IT_GOOGLE_SEARCH_LOCALE,203.03,4464,179,7
2025-05-19,Puglia,Google Ads,RND_IT_GOOGLE_DISPLAY,103.25,17937,119,3
2025-05-19,Puglia,Google Ads,RND_IT_GOOGLE_PMAX,218.67,15348,320,4
2025-05-19,Puglia,Google Ads,RND_IT_GOOGLE_SEARCH_BRAND,95.53,3185,256,2
2025-05-19,Puglia,Google Ads,RND_IT_GOOGLE_SEARCH_GENERICA,246.33,4397,216,10
2025-05-19,Puglia,Google Ads,RND_IT_GOOGLE_SEARCH_LOCALE,226.36,4520,223,8
2025-05-19,Sardegna,Google Ads,RND_IT_GOOGLE_DISPLAY,30.51,5379,31,1
2025-05-19,Sardegna,Google Ads,RND_IT_GOOGLE_PMAX,90.51,6434,143,2
2025-05-19,Sardegna,Google Ads,RND_IT_GOOGLE_SEARCH_BRAND,45.34,1547,108,2
2025-05-19,Sardegna,Google Ads,RND_IT_GOOGLE_SEARCH_GENERICA,107.77,1908,98,6
2025-05-19,Sardegna,Google Ads,RND_IT_GOOGLE_SEARCH_LOCALE,54.01,1099,54,3
2025-05-19,Sicilia,Google Ads,RND_IT_GOOGLE_DISPLAY,92.22,15530,92,5
2025-05-19,Sicilia,Google Ads,RND_IT_GOOGLE_PMAX,263.80,19772,346,9
2025-05-19,Sicilia,Google Ads,RND_IT_GOOGLE_SEARCH_BRAND,103.93,3635,259,4
2025-05-19,Sicilia,Google Ads,RND_IT_GOOGLE_SEARCH_GENERICA,361.70,6621,361,25
2025-05-19,Sicilia,Google Ads,RND_IT_GOOGLE_SEARCH_LOCALE,195.39,3850,200,13
2025-05-19,Toscana,Google Ads,RND_IT_GOOGLE_DISPLAY,89.54,14795,90,4
2025-05-19,Toscana,Google Ads,RND_IT_GOOGLE_PMAX,147.43,10225,189,4
2025-05-19,Toscana,Google Ads,RND_IT_GOOGLE_SEARCH_BRAND,80.39,2727,222,3
2025-05-19,Toscana,Google Ads,RND_IT_GOOGLE_SEARCH_GENERICA,209.77,3825,180,10
2025-05-19,Toscana,Google Ads,RND_IT_GOOGLE_SEARCH_LOCALE,197.03,4123,199,11
2025-05-19,Trentino-Alto Adige,Google Ads,RND_IT_GOOGLE_DISPLAY,36.15,5681,33,1
2025-05-19,Trentino-Alto Adige,Google Ads,RND_IT_GOOGLE_PMAX,26.23,1914,39,1
2025-05-19,Trentino-Alto Adige,Google Ads,RND_IT_GOOGLE_SEARCH_BRAND,22.40,765,55,1
2025-05-19,Trentino-Alto Adige,Google Ads,RND_IT_GOOGLE_SEARCH_GENERICA,53.42,985,48,2
2025-05-19,Trentino-Alto Adige,Google Ads,RND_IT_GOOGLE_SEARCH_LOCALE,33.99,756,35,2
2025-05-19,Umbria,Google Ads,RND_IT_GOOGLE_DISPLAY,20.59,3335,19,1
2025-05-19,Umbria,Google Ads,RND_IT_GOOGLE_PMAX,38.94,2865,51,1
2025-05-19,Umbria,Google Ads,RND_IT_GOOGLE_SEARCH_BRAND,36.91,1223,91,1
2025-05-19,Umbria,Google Ads,RND_IT_GOOGLE_SEARCH_GENERICA,84.91,1521,72,4
2025-05-19,Umbria,Google Ads,RND_IT_GOOGLE_SEARCH_LOCALE,36.56,761,37,2
2025-05-19,Valle d'Aosta,Google Ads,RND_IT_GOOGLE_DISPLAY,3.81,639,4,0
2025-05-19,Valle d'Aosta,Google Ads,RND_IT_GOOGLE_PMAX,5.50,397,8,0
2025-05-19,Valle d'Aosta,Google Ads,RND_IT_GOOGLE_SEARCH_BRAND,4.29,140,10,0
2025-05-19,Valle d'Aosta,Google Ads,RND_IT_GOOGLE_SEARCH_GENERICA,6.85,121,6,0
2025-05-19,Valle d'Aosta,Google Ads,RND_IT_GOOGLE_SEARCH_LOCALE,4.67,98,4,0
2025-05-19,Veneto,Google Ads,RND_IT_GOOGLE_DISPLAY,101.76,16359,90,2
2025-05-19,Veneto,Google Ads,RND_IT_GOOGLE_PMAX,201.64,14352,300,4
2025-05-19,Veneto,Google Ads,RND_IT_GOOGLE_SEARCH_BRAND,123.34,4192,333,3
2025-05-19,Veneto,Google Ads,RND_IT_GOOGLE_SEARCH_GENERICA,321.63,5880,282,12
2025-05-19,Veneto,Google Ads,RND_IT_GOOGLE_SEARCH_LOCALE,220.39,4667,204,8
2025-05-26,Abruzzo,Google Ads,RND_IT_GOOGLE_DISPLAY,39.28,6236,35,1
2025-05-26,Abruzzo,Google Ads,RND_IT_GOOGLE_PMAX,62.65,4760,87,1
2025-05-26,Abruzzo,Google Ads,RND_IT_GOOGLE_SEARCH_BRAND,33.09,1109,88,1
2025-05-26,Abruzzo,Google Ads,RND_IT_GOOGLE_SEARCH_GENERICA,85.26,1502,74,2
2025-05-26,Abruzzo,Google Ads,RND_IT_GOOGLE_SEARCH_LOCALE,34.16,709,32,1
2025-05-26,Basilicata,Google Ads,RND_IT_GOOGLE_DISPLAY,11.03,1843,11,0
2025-05-26,Basilicata,Google Ads,RND_IT_GOOGLE_PMAX,19.77,1412,28,0
2025-05-26,Basilicata,Google Ads,RND_IT_GOOGLE_SEARCH_BRAND,24.82,792,62,0
2025-05-26,Basilicata,Google Ads,RND_IT_GOOGLE_SEARCH_GENERICA,42.24,793,41,1
2025-05-26,Basilicata,Google Ads,RND_IT_GOOGLE_SEARCH_LOCALE,23.47,494,24,1
2025-05-26,Calabria,Google Ads,RND_IT_GOOGLE_DISPLAY,72.36,12341,76,2
2025-05-26,Calabria,Google Ads,RND_IT_GOOGLE_PMAX,71.06,5107,93,2
2025-05-26,Calabria,Google Ads,RND_IT_GOOGLE_SEARCH_BRAND,67.49,2227,173,2
2025-05-26,Calabria,Google Ads,RND_IT_GOOGLE_SEARCH_GENERICA,154.04,2791,143,7
2025-05-26,Calabria,Google Ads,RND_IT_GOOGLE_SEARCH_LOCALE,60.37,1273,54,3
2025-05-26,Campania,Google Ads,RND_IT_GOOGLE_DISPLAY,201.61,33353,179,10
2025-05-26,Campania,Google Ads,RND_IT_GOOGLE_PMAX,223.63,15812,347,6
2025-05-26,Campania,Google Ads,RND_IT_GOOGLE_SEARCH_BRAND,139.26,4630,349,5
2025-05-26,Campania,Google Ads,RND_IT_GOOGLE_SEARCH_GENERICA,523.02,9416,436,24
2025-05-26,Campania,Google Ads,RND_IT_GOOGLE_SEARCH_LOCALE,227.20,4613,194,12
2025-05-26,Emilia-Romagna,Google Ads,RND_IT_GOOGLE_DISPLAY,198.04,33895,202,10
2025-05-26,Emilia-Romagna,Google Ads,RND_IT_GOOGLE_PMAX,194.29,13940,283,6
2025-05-26,Emilia-Romagna,Google Ads,RND_IT_GOOGLE_SEARCH_BRAND,165.13,5420,392,7
2025-05-26,Emilia-Romagna,Google Ads,RND_IT_GOOGLE_SEARCH_GENERICA,289.48,5336,291,24
2025-05-26,Emilia-Romagna,Google Ads,RND_IT_GOOGLE_SEARCH_LOCALE,124.39,2584,118,8
2025-05-26,Friuli-Venezia Giulia,Google Ads,RND_IT_GOOGLE_DISPLAY,51.52,8746,48,4
2025-05-26,Friuli-Venezia Giulia,Google Ads,RND_IT_GOOGLE_PMAX,79.95,5876,112,3
2025-05-26,Friuli-Venezia Giulia,Google Ads,RND_IT_GOOGLE_SEARCH_BRAND,31.63,1101,78,2
2025-05-26,Friuli-Venezia Giulia,Google Ads,RND_IT_GOOGLE_SEARCH_GENERICA,83.03,1506,80,6
2025-05-26,Friuli-Venezia Giulia,Google Ads,RND_IT_GOOGLE_SEARCH_LOCALE,30.91,658,31,2
2025-05-26,Lazio,Google Ads,RND_IT_GOOGLE_DISPLAY,155.53,26815,153,7
2025-05-26,Lazio,Google Ads,RND_IT_GOOGLE_PMAX,152.16,10779,197,5
2025-05-26,Lazio,Google Ads,RND_IT_GOOGLE_SEARCH_BRAND,120.01,4058,332,5
2025-05-26,Lazio,Google Ads,RND_IT_GOOGLE_SEARCH_GENERICA,444.90,7687,360,31
2025-05-26,Lazio,Google Ads,RND_IT_GOOGLE_SEARCH_LOCALE,281.85,6035,258,19
2025-05-26,Liguria,Google Ads,RND_IT_GOOGLE_DISPLAY,33.14,5883,37,2
2025-05-26,Liguria,Google Ads,RND_IT_GOOGLE_PMAX,34.69,2321,48,1
2025-05-26,Liguria,Google Ads,RND_IT_GOOGLE_SEARCH_BRAND,36.63,1271,100,1
2025-05-26,Liguria,Google Ads,RND_IT_GOOGLE_SEARCH_GENERICA,97.28,1712,93,7
2025-05-26,Liguria,Google Ads,RND_IT_GOOGLE_SEARCH_LOCALE,69.19,1498,71,5
2025-05-26,Lombardia,Google Ads,RND_IT_GOOGLE_DISPLAY,326.82,58742,351,12
2025-05-26,Lombardia,Google Ads,RND_IT_GOOGLE_PMAX,406.72,29499,646,10
2025-05-26,Lombardia,Google Ads,RND_IT_GOOGLE_SEARCH_BRAND,321.93,10816,772,10
2025-05-26,Lombardia,Google Ads,RND_IT_GOOGLE_SEARCH_GENERICA,921.68,17290,884,38
2025-05-26,Lombardia,Google Ads,RND_IT_GOOGLE_SEARCH_LOCALE,308.79,6498,320,15
2025-05-26,Marche,Google Ads,RND_IT_GOOGLE_DISPLAY,32.67,5565,37,1
2025-05-26,Marche,Google Ads,RND_IT_GOOGLE_PMAX,76.89,5315,101,2
2025-05-26,Marche,Google Ads,RND_IT_GOOGLE_SEARCH_BRAND,55.45,1853,139,2
2025-05-26,Marche,Google Ads,RND_IT_GOOGLE_SEARCH_GENERICA,94.64,1725,85,5
2025-05-26,Marche,Google Ads,RND_IT_GOOGLE_SEARCH_LOCALE,45.57,959,47,2
2025-05-26,Molise,Google Ads,RND_IT_GOOGLE_DISPLAY,11.87,1951,12,1
2025-05-26,Molise,Google Ads,RND_IT_GOOGLE_PMAX,22.13,1616,31,1
2025-05-26,Molise,Google Ads,RND_IT_GOOGLE_SEARCH_BRAND,7.27,235,17,0
2025-05-26,Molise,Google Ads,RND_IT_GOOGLE_SEARCH_GENERICA,34.57,597,31,2
2025-05-26,Molise,Google Ads,RND_IT_GOOGLE_SEARCH_LOCALE,14.39,307,14,1
2025-05-26,Piemonte,Google Ads,RND_IT_GOOGLE_DISPLAY,118.65,19812,127,4
2025-05-26,Piemonte,Google Ads,RND_IT_GOOGLE_PMAX,191.05,13646,259,4
2025-05-26,Piemonte,Google Ads,RND_IT_GOOGLE_SEARCH_BRAND,122.76,4094,283,3
2025-05-26,Piemonte,Google Ads,RND_IT_GOOGLE_SEARCH_GENERICA,461.06,8472,423,19
2025-05-26,Piemonte,Google Ads,RND_IT_GOOGLE_SEARCH_LOCALE,194.21,3974,178,7
2025-05-26,Puglia,Google Ads,RND_IT_GOOGLE_DISPLAY,117.59,20524,130,4
2025-05-26,Puglia,Google Ads,RND_IT_GOOGLE_PMAX,198.84,14604,324,4
2025-05-26,Puglia,Google Ads,RND_IT_GOOGLE_SEARCH_BRAND,89.88,2997,228,2
2025-05-26,Puglia,Google Ads,RND_IT_GOOGLE_SEARCH_GENERICA,257.94,4611,239,12
2025-05-26,Puglia,Google Ads,RND_IT_GOOGLE_SEARCH_LOCALE,187.60,3834,193,7
2025-05-26,Sardegna,Google Ads,RND_IT_GOOGLE_DISPLAY,47.21,7657,46,2
2025-05-26,Sardegna,Google Ads,RND_IT_GOOGLE_PMAX,88.40,6135,106,2
2025-05-26,Sardegna,Google Ads,RND_IT_GOOGLE_SEARCH_BRAND,47.71,1525,111,2
2025-05-26,Sardegna,Google Ads,RND_IT_GOOGLE_SEARCH_GENERICA,121.25,2147,109,7
2025-05-26,Sardegna,Google Ads,RND_IT_GOOGLE_SEARCH_LOCALE,47.58,987,44,3
2025-05-26,Sicilia,Google Ads,RND_IT_GOOGLE_DISPLAY,127.67,22203,121,7
2025-05-26,Sicilia,Google Ads,RND_IT_GOOGLE_PMAX,256.05,17996,392,9
2025-05-26,Sicilia,Google Ads,RND_IT_GOOGLE_SEARCH_BRAND,119.56,3921,274,5
2025-05-26,Sicilia,Google Ads,RND_IT_GOOGLE_SEARCH_GENERICA,451.96,7935,387,30
2025-05-26,Sicilia,Google Ads,RND_IT_GOOGLE_SEARCH_LOCALE,187.17,3750,180,10
2025-05-26,Toscana,Google Ads,RND_IT_GOOGLE_DISPLAY,89.02,14761,88,4
2025-05-26,Toscana,Google Ads,RND_IT_GOOGLE_PMAX,153.61,10860,211,4
2025-05-26,Toscana,Google Ads,RND_IT_GOOGLE_SEARCH_BRAND,92.81,3064,206,3
2025-05-26,Toscana,Google Ads,RND_IT_GOOGLE_SEARCH_GENERICA,225.39,4221,181,16
2025-05-26,Toscana,Google Ads,RND_IT_GOOGLE_SEARCH_LOCALE,194.99,4112,210,10
2025-05-26,Trentino-Alto Adige,Google Ads,RND_IT_GOOGLE_DISPLAY,40.27,6757,39,2
2025-05-26,Trentino-Alto Adige,Google Ads,RND_IT_GOOGLE_PMAX,27.77,1896,38,1
2025-05-26,Trentino-Alto Adige,Google Ads,RND_IT_GOOGLE_SEARCH_BRAND,25.20,851,57,1
2025-05-26,Trentino-Alto Adige,Google Ads,RND_IT_GOOGLE_SEARCH_GENERICA,55.85,956,50,3
2025-05-26,Trentino-Alto Adige,Google Ads,RND_IT_GOOGLE_SEARCH_LOCALE,35.91,772,37,2
2025-05-26,Umbria,Google Ads,RND_IT_GOOGLE_DISPLAY,20.68,3364,19,1
2025-05-26,Umbria,Google Ads,RND_IT_GOOGLE_PMAX,31.69,2339,46,1
2025-05-26,Umbria,Google Ads,RND_IT_GOOGLE_SEARCH_BRAND,34.31,1160,85,1
2025-05-26,Umbria,Google Ads,RND_IT_GOOGLE_SEARCH_GENERICA,83.28,1476,72,5
2025-05-26,Umbria,Google Ads,RND_IT_GOOGLE_SEARCH_LOCALE,35.54,725,30,2
2025-05-26,Valle d'Aosta,Google Ads,RND_IT_GOOGLE_DISPLAY,4.88,781,5,0
2025-05-26,Valle d'Aosta,Google Ads,RND_IT_GOOGLE_PMAX,5.16,351,7,0
2025-05-26,Valle d'Aosta,Google Ads,RND_IT_GOOGLE_SEARCH_BRAND,4.05,133,10,0
2025-05-26,Valle d'Aosta,Google Ads,RND_IT_GOOGLE_SEARCH_GENERICA,8.70,159,8,0
2025-05-26,Valle d'Aosta,Google Ads,RND_IT_GOOGLE_SEARCH_LOCALE,4.28,90,4,0
2025-05-26,Veneto,Google Ads,RND_IT_GOOGLE_DISPLAY,127.22,21026,113,4
2025-05-26,Veneto,Google Ads,RND_IT_GOOGLE_PMAX,159.64,11778,224,3
2025-05-26,Veneto,Google Ads,RND_IT_GOOGLE_SEARCH_BRAND,132.70,4485,316,3
2025-05-26,Veneto,Google Ads,RND_IT_GOOGLE_SEARCH_GENERICA,276.63,5268,272,10
2025-05-26,Veneto,Google Ads,RND_IT_GOOGLE_SEARCH_LOCALE,203.99,4170,184,7
2025-06-02,Abruzzo,Google Ads,RND_IT_GOOGLE_DISPLAY,34.53,5980,34,1
2025-06-02,Abruzzo,Google Ads,RND_IT_GOOGLE_PMAX,68.01,4920,106,1
2025-06-02,Abruzzo,Google Ads,RND_IT_GOOGLE_SEARCH_BRAND,36.92,1224,96,1
2025-06-02,Abruzzo,Google Ads,RND_IT_GOOGLE_SEARCH_GENERICA,74.95,1385,68,2
2025-06-02,Abruzzo,Google Ads,RND_IT_GOOGLE_SEARCH_LOCALE,38.55,779,37,1
2025-06-02,Basilicata,Google Ads,RND_IT_GOOGLE_DISPLAY,9.24,1507,8,0
2025-06-02,Basilicata,Google Ads,RND_IT_GOOGLE_PMAX,18.27,1297,28,0
2025-06-02,Basilicata,Google Ads,RND_IT_GOOGLE_SEARCH_BRAND,21.37,651,49,0
2025-06-02,Basilicata,Google Ads,RND_IT_GOOGLE_SEARCH_GENERICA,29.55,524,28,1
2025-06-02,Basilicata,Google Ads,RND_IT_GOOGLE_SEARCH_LOCALE,21.96,486,23,1
2025-06-02,Calabria,Google Ads,RND_IT_GOOGLE_DISPLAY,56.97,9954,59,3
2025-06-02,Calabria,Google Ads,RND_IT_GOOGLE_PMAX,84.21,6077,113,2
2025-06-02,Calabria,Google Ads,RND_IT_GOOGLE_SEARCH_BRAND,56.24,1848,144,2
2025-06-02,Calabria,Google Ads,RND_IT_GOOGLE_SEARCH_GENERICA,102.22,1944,99,6
2025-06-02,Calabria,Google Ads,RND_IT_GOOGLE_SEARCH_LOCALE,65.26,1319,69,4
2025-06-02,Campania,Google Ads,RND_IT_GOOGLE_DISPLAY,185.17,30331,172,8
2025-06-02,Campania,Google Ads,RND_IT_GOOGLE_PMAX,179.08,12913,270,5
2025-06-02,Campania,Google Ads,RND_IT_GOOGLE_SEARCH_BRAND,137.06,4716,349,5
2025-06-02,Campania,Google Ads,RND_IT_GOOGLE_SEARCH_GENERICA,412.06,7187,363,23
2025-06-02,Campania,Google Ads,RND_IT_GOOGLE_SEARCH_LOCALE,258.19,5172,240,15
2025-06-02,Emilia-Romagna,Google Ads,RND_IT_GOOGLE_DISPLAY,179.73,28996,165,9
2025-06-02,Emilia-Romagna,Google Ads,RND_IT_GOOGLE_PMAX,255.91,18059,352,8
2025-06-02,Emilia-Romagna,Google Ads,RND_IT_GOOGLE_SEARCH_BRAND,167.98,5317,377,8
2025-06-02,Emilia-Romagna,Google Ads,RND_IT_GOOGLE_SEARCH_GENERICA,269.41,4937,244,16
2025-06-02,Emilia-Romagna,Google Ads,RND_IT_GOOGLE_SEARCH_LOCALE,120.40,2525,111,8
2025-06-02,Friuli-Venezia Giulia,Google Ads,RND_IT_GOOGLE_DISPLAY,46.01,7727,47,3
2025-06-02,Friuli-Venezia Giulia,Google Ads,RND_IT_GOOGLE_PMAX,69.09,4979,100,3
2025-06-02,Friuli-Venezia Giulia,Google Ads,RND_IT_GOOGLE_SEARCH_BRAND,30.19,1010,76,1
2025-06-02,Friuli-Venezia Giulia,Google Ads,RND_IT_GOOGLE_SEARCH_GENERICA,78.54,1449,81,6
2025-06-02,Friuli-Venezia Giulia,Google Ads,RND_IT_GOOGLE_SEARCH_LOCALE,29.18,613,25,2
2025-06-02,Lazio,Google Ads,RND_IT_GOOGLE_DISPLAY,120.63,20515,119,6
2025-06-02,Lazio,Google Ads,RND_IT_GOOGLE_PMAX,149.22,10892,241,5
2025-06-02,Lazio,Google Ads,RND_IT_GOOGLE_SEARCH_BRAND,119.80,4183,286,4
2025-06-02,Lazio,Google Ads,RND_IT_GOOGLE_SEARCH_GENERICA,391.18,6924,329,26
2025-06-02,Lazio,Google Ads,RND_IT_GOOGLE_SEARCH_LOCALE,277.10,5888,287,16
2025-06-02,Liguria,Google Ads,RND_IT_GOOGLE_DISPLAY,27.69,4641,28,2
2025-06-02,Liguria,Google Ads,RND_IT_GOOGLE_PMAX,38.33,2660,51,2
2025-06-02,Liguria,Google Ads,RND_IT_GOOGLE_SEARCH_BRAND,37.38,1217,95,2
2025-06-02,Liguria,Google Ads,RND_IT_GOOGLE_SEARCH_GENERICA,81.87,1520,74,6
2025-06-02,Liguria,Google Ads,RND_IT_GOOGLE_SEARCH_LOCALE,58.01,1281,58,4
2025-06-02,Lombardia,Google Ads,RND_IT_GOOGLE_DISPLAY,296.81,49693,275,13
2025-06-02,Lombardia,Google Ads,RND_IT_GOOGLE_PMAX,467.39,33731,718,14
2025-06-02,Lombardia,Google Ads,RND_IT_GOOGLE_SEARCH_BRAND,345.13,11505,806,10
2025-06-02,Lombardia,Google Ads,RND_IT_GOOGLE_SEARCH_GENERICA,616.35,11034,504,27
2025-06-02,Lombardia,Google Ads,RND_IT_GOOGLE_SEARCH_LOCALE,315.40,6418,258,14
2025-06-02,Marche,Google Ads,RND_IT_GOOGLE_DISPLAY,26.23,4582,26,1
2025-06-02,Marche,Google Ads,RND_IT_GOOGLE_PMAX,76.77,5052,104,2
2025-06-02,Marche,Google Ads,RND_IT_GOOGLE_SEARCH_BRAND,58.08,1860,148,2
2025-06-02,Marche,Google Ads,RND_IT_GOOGLE_SEARCH_GENERICA,77.33,1435,75,5
2025-06-02,Marche,Google Ads,RND_IT_GOOGLE_SEARCH_LOCALE,54.32,1112,50,3
2025-06-02,Molise,Google Ads,RND_IT_GOOGLE_DISPLAY,8.83,1476,10,0
2025-06-02,Molise,Google Ads,RND_IT_GOOGLE_PMAX,23.12,1556,31,1
2025-06-02,Molise,Google Ads,RND_IT_GOOGLE_SEARCH_BRAND,7.28,255,19,0
2025-06-02,Molise,Google Ads,RND_IT_GOOGLE_SEARCH_GENERICA,25.85,444,21,2
2025-06-02,Molise,Google Ads,RND_IT_GOOGLE_SEARCH_LOCALE,13.59,297,12,1
2025-06-02,Piemonte,Google Ads,RND_IT_GOOGLE_DISPLAY,89.21,14658,84,3
2025-06-02,Piemonte,Google Ads,RND_IT_GOOGLE_PMAX,187.07,13589,279,5
2025-06-02,Piemonte,Google Ads,RND_IT_GOOGLE_SEARCH_BRAND,103.23,3432,277,3
2025-06-02,Piemonte,Google Ads,RND_IT_GOOGLE_SEARCH_GENERICA,348.16,6394,309,18
2025-06-02,Piemonte,Google Ads,RND_IT_GOOGLE_SEARCH_LOCALE,218.77,4686,205,10
2025-06-02,Puglia,Google Ads,RND_IT_GOOGLE_DISPLAY,126.30,20334,104,5
2025-06-02,Puglia,Google Ads,RND_IT_GOOGLE_PMAX,203.70,14368,292,5
2025-06-02,Puglia,Google Ads,RND_IT_GOOGLE_SEARCH_BRAND,83.97,2803,194,2
2025-06-02,Puglia,Google Ads,RND_IT_GOOGLE_SEARCH_GENERICA,221.56,3979,192,11
2025-06-02,Puglia,Google Ads,RND_IT_GOOGLE_SEARCH_LOCALE,183.55,3916,176,9
2025-06-02,Sardegna,Google Ads,RND_IT_GOOGLE_DISPLAY,35.22,6094,37,2
2025-06-02,Sardegna,Google Ads,RND_IT_GOOGLE_PMAX,90.50,6299,116,3
2025-06-02,Sardegna,Google Ads,RND_IT_GOOGLE_SEARCH_BRAND,44.32,1537,110,2
2025-06-02,Sardegna,Google Ads,RND_IT_GOOGLE_SEARCH_GENERICA,95.01,1787,90,5
2025-06-02,Sardegna,Google Ads,RND_IT_GOOGLE_SEARCH_LOCALE,61.81,1265,53,3
2025-06-02,Sicilia,Google Ads,RND_IT_GOOGLE_DISPLAY,113.44,18665,106,7
2025-06-02,Sicilia,Google Ads,RND_IT_GOOGLE_PMAX,255.46,18218,349,11
2025-06-02,Sicilia,Google Ads,RND_IT_GOOGLE_SEARCH_BRAND,105.34,3581,276,5
2025-06-02,Sicilia,Google Ads,RND_IT_GOOGLE_SEARCH_GENERICA,390.64,7093,324,28
2025-06-02,Sicilia,Google Ads,RND_IT_GOOGLE_SEARCH_LOCALE,176.39,3799,165,11
2025-06-02,Toscana,Google Ads,RND_IT_GOOGLE_DISPLAY,78.35,12930,79,4
2025-06-02,Toscana,Google Ads,RND_IT_GOOGLE_PMAX,140.36,9907,184,5
2025-06-02,Toscana,Google Ads,RND_IT_GOOGLE_SEARCH_BRAND,81.30,2639,214,3
2025-06-02,Toscana,Google Ads,RND_IT_GOOGLE_SEARCH_GENERICA,143.27,2703,114,10
2025-06-02,Toscana,Google Ads,RND_IT_GOOGLE_SEARCH_LOCALE,176.43,3764,161,9
2025-06-02,Trentino-Alto Adige,Google Ads,RND_IT_GOOGLE_DISPLAY,33.93,5833,35,1
2025-06-02,Trentino-Alto Adige,Google Ads,RND_IT_GOOGLE_PMAX,30.45,2111,41,1
2025-06-02,Trentino-Alto Adige,Google Ads,RND_IT_GOOGLE_SEARCH_BRAND,24.03,786,66,1
2025-06-02,Trentino-Alto Adige,Google Ads,RND_IT_GOOGLE_SEARCH_GENERICA,45.38,838,43,3
2025-06-02,Trentino-Alto Adige,Google Ads,RND_IT_GOOGLE_SEARCH_LOCALE,33.30,698,30,1
2025-06-02,Umbria,Google Ads,RND_IT_GOOGLE_DISPLAY,18.00,3185,20,1
2025-06-02,Umbria,Google Ads,RND_IT_GOOGLE_PMAX,33.06,2245,49,1
2025-06-02,Umbria,Google Ads,RND_IT_GOOGLE_SEARCH_BRAND,29.75,1006,76,1
2025-06-02,Umbria,Google Ads,RND_IT_GOOGLE_SEARCH_GENERICA,59.66,1081,46,3
2025-06-02,Umbria,Google Ads,RND_IT_GOOGLE_SEARCH_LOCALE,31.83,651,27,2
2025-06-02,Valle d'Aosta,Google Ads,RND_IT_GOOGLE_DISPLAY,4.37,733,4,0
2025-06-02,Valle d'Aosta,Google Ads,RND_IT_GOOGLE_PMAX,5.89,396,8,0
2025-06-02,Valle d'Aosta,Google Ads,RND_IT_GOOGLE_SEARCH_BRAND,3.73,122,10,0
2025-06-02,Valle d'Aosta,Google Ads,RND_IT_GOOGLE_SEARCH_GENERICA,6.78,126,7,0
2025-06-02,Valle d'Aosta,Google Ads,RND_IT_GOOGLE_SEARCH_LOCALE,4.77,100,4,0
2025-06-02,Veneto,Google Ads,RND_IT_GOOGLE_DISPLAY,112.60,18690,110,4
2025-06-02,Veneto,Google Ads,RND_IT_GOOGLE_PMAX,156.81,11449,206,4
2025-06-02,Veneto,Google Ads,RND_IT_GOOGLE_SEARCH_BRAND,127.22,3971,292,3
2025-06-02,Veneto,Google Ads,RND_IT_GOOGLE_SEARCH_GENERICA,244.48,4551,252,9
2025-06-02,Veneto,Google Ads,RND_IT_GOOGLE_SEARCH_LOCALE,215.06,4702,198,8
2025-06-09,Abruzzo,Google Ads,RND_IT_GOOGLE_DISPLAY,30.24,5040,33,1
2025-06-09,Abruzzo,Google Ads,RND_IT_GOOGLE_PMAX,60.09,4238,83,1
2025-06-09,Abruzzo,Google Ads,RND_IT_GOOGLE_SEARCH_BRAND,38.42,1279,103,1
2025-06-09,Abruzzo,Google Ads,RND_IT_GOOGLE_SEARCH_GENERICA,69.98,1290,64,2
2025-06-09,Abruzzo,Google Ads,RND_IT_GOOGLE_SEARCH_LOCALE,32.23,649,30,1
2025-06-09,Basilicata,Google Ads,RND_IT_GOOGLE_DISPLAY,9.09,1495,8,0
2025-06-09,Basilicata,Google Ads,RND_IT_GOOGLE_PMAX,20.54,1510,31,0
2025-06-09,Basilicata,Google Ads,RND_IT_GOOGLE_SEARCH_BRAND,19.77,630,44,0
2025-06-09,Basilicata,Google Ads,RND_IT_GOOGLE_SEARCH_GENERICA,35.17,595,32,1
2025-06-09,Basilicata,Google Ads,RND_IT_GOOGLE_SEARCH_LOCALE,14.92,303,14,0
2025-06-09,Calabria,Google Ads,RND_IT_GOOGLE_DISPLAY,58.80,9696,53,2
2025-06-09,Calabria,Google Ads,RND_IT_GOOGLE_PMAX,105.22,7418,156,2
2025-06-09,Calabria,Google Ads,RND_IT_GOOGLE_SEARCH_BRAND,88.88,3106,240,2
2025-06-09,Calabria,Google Ads,RND_IT_GOOGLE_SEARCH_GENERICA,141.39,2495,125,8
2025-06-09,Calabria,Google Ads,RND_IT_GOOGLE_SEARCH_LOCALE,66.40,1357,66,3
2025-06-09,Campania,Google Ads,RND_IT_GOOGLE_DISPLAY,171.65,28307,160,7
2025-06-09,Campania,Google Ads,RND_IT_GOOGLE_PMAX,197.44,14253,272,6
2025-06-09,Campania,Google Ads,RND_IT_GOOGLE_SEARCH_BRAND,142.06,4760,299,5
2025-06-09,Campania,Google Ads,RND_IT_GOOGLE_SEARCH_GENERICA,426.96,8085,450,24
2025-06-09,Campania,Google Ads,RND_IT_GOOGLE_SEARCH_LOCALE,171.40,3527,180,9
2025-06-09,Emilia-Romagna,Google Ads,RND_IT_GOOGLE_DISPLAY,187.55,32112,170,10
2025-06-09,Emilia-Romagna,Google Ads,RND_IT_GOOGLE_PMAX,329.86,23473,429,11
2025-06-09,Emilia-Romagna,Google Ads,RND_IT_GOOGLE_SEARCH_BRAND,206.68,6702,463,8
2025-06-09,Emilia-Romagna,Google Ads,RND_IT_GOOGLE_SEARCH_GENERICA,315.64,5523,267,21
2025-06-09,Emilia-Romagna,Google Ads,RND_IT_GOOGLE_SEARCH_LOCALE,111.23,2316,109,7
2025-06-09,Friuli-Venezia Giulia,Google Ads,RND_IT_GOOGLE_DISPLAY,37.53,6238,36,2
2025-06-09,Friuli-Venezia Giulia,Google Ads,RND_IT_GOOGLE_PMAX,73.15,5232,104,3
2025-06-09,Friuli-Venezia Giulia,Google Ads,RND_IT_GOOGLE_SEARCH_BRAND,29.90,976,76,1
2025-06-09,Friuli-Venezia Giulia,Google Ads,RND_IT_GOOGLE_SEARCH_GENERICA,77.25,1442,60,5
2025-06-09,Friuli-Venezia Giulia,Google Ads,RND_IT_GOOGLE_SEARCH_LOCALE,23.43,502,23,2
2025-06-09,Lazio,Google Ads,RND_IT_GOOGLE_DISPLAY,126.93,22018,127,7
2025-06-09,Lazio,Google Ads,RND_IT_GOOGLE_PMAX,186.27,13342,277,8
2025-06-09,Lazio,Google Ads,RND_IT_GOOGLE_SEARCH_BRAND,114.97,3615,246,5
2025-06-09,Lazio,Google Ads,RND_IT_GOOGLE_SEARCH_GENERICA,381.10,7076,352,28
2025-06-09,Lazio,Google Ads,RND_IT_GOOGLE_SEARCH_LOCALE,224.54,4743,224,14
2025-06-09,Liguria,Google Ads,RND_IT_GOOGLE_DISPLAY,24.47,4063,26,2
2025-06-09,Liguria,Google Ads,RND_IT_GOOGLE_PMAX,37.70,2657,54,1
2025-06-09,Liguria,Google Ads,RND_IT_GOOGLE_SEARCH_BRAND,36.84,1188,92,2
2025-06-09,Liguria,Google Ads,RND_IT_GOOGLE_SEARCH_GENERICA,86.55,1539,86,6
2025-06-09,Liguria,Google Ads,RND_IT_GOOGLE_SEARCH_LOCALE,45.89,958,45,3
2025-06-09,Lombardia,Google Ads,RND_IT_GOOGLE_DISPLAY,265.71,43797,261,9
2025-06-09,Lombardia,Google Ads,RND_IT_GOOGLE_PMAX,410.56,28244,530,11
2025-06-09,Lombardia,Google Ads,RND_IT_GOOGLE_SEARCH_BRAND,396.04,13604,1085,11
2025-06-09,Lombardia,Google Ads,RND_IT_GOOGLE_SEARCH_GENERICA,683.41,11682,606,29
2025-06-09,Lombardia,Google Ads,RND_IT_GOOGLE_SEARCH_LOCALE,272.06,5715,258,12
2025-06-09,Marche,Google Ads,RND_IT_GOOGLE_DISPLAY,27.74,4801,28,1
2025-06-09,Marche,Google Ads,RND_IT_GOOGLE_PMAX,79.19,5786,130,3
2025-06-09,Marche,Google Ads,RND_IT_GOOGLE_SEARCH_BRAND,47.16,1677,121,2
2025-06-09,Marche,Google Ads,RND_IT_GOOGLE_SEARCH_GENERICA,77.16,1379,66,4
2025-06-09,Marche,Google Ads,RND_IT_GOOGLE_SEARCH_LOCALE,44.02,934,42,2
2025-06-09,Molise,Google Ads,RND_IT_GOOGLE_DISPLAY,7.94,1324,8,0
2025-06-09,Molise,Google Ads,RND_IT_GOOGLE_PMAX,19.50,1459,29,1
2025-06-09,Molise,Google Ads,RND_IT_GOOGLE_SEARCH_BRAND,7.06,241,17,0
2025-06-09,Molise,Google Ads,RND_IT_GOOGLE_SEARCH_GENERICA,32.33,625,32,2
2025-06-09,Molise,Google Ads,RND_IT_GOOGLE_SEARCH_LOCALE,12.70,251,10,1
2025-06-09,Piemonte,Google Ads,RND_IT_GOOGLE_DISPLAY,89.68,14890,83,3
2025-06-09,Piemonte,Google Ads,RND_IT_GOOGLE_PMAX,186.46,13982,283,4
2025-06-09,Piemonte,Google Ads,RND_IT_GOOGLE_SEARCH_BRAND,101.94,3388,246,3
2025-06-09,Piemonte,Google Ads,RND_IT_GOOGLE_SEARCH_GENERICA,401.43,7110,380,21
2025-06-09,Piemonte,Google Ads,RND_IT_GOOGLE_SEARCH_LOCALE,140.26,3016,144,6
2025-06-09,Puglia,Google Ads,RND_IT_GOOGLE_DISPLAY,163.39,27258,174,5
2025-06-09,Puglia,Google Ads,RND_IT_GOOGLE_PMAX,273.38,19203,366,6
2025-06-09,Puglia,Google Ads,RND_IT_GOOGLE_SEARCH_BRAND,96.53,3176,222,2
2025-06-09,Puglia,Google Ads,RND_IT_GOOGLE_SEARCH_GENERICA,302.74,5373,267,14
2025-06-09,Puglia,Google Ads,RND_IT_GOOGLE_SEARCH_LOCALE,215.52,4379,197,9
2025-06-09,Sardegna,Google Ads,RND_IT_GOOGLE_DISPLAY,48.40,8422,55,3
2025-06-09,Sardegna,Google Ads,RND_IT_GOOGLE_PMAX,107.28,7494,161,4
2025-06-09,Sardegna,Google Ads,RND_IT_GOOGLE_SEARCH_BRAND,58.72,1901,142,2
2025-06-09,Sardegna,Google Ads,RND_IT_GOOGLE_SEARCH_GENERICA,137.26,2421,143,8
2025-06-09,Sardegna,Google Ads,RND_IT_GOOGLE_SEARCH_LOCALE,69.88,1436,71,3
2025-06-09,Sicilia,Google Ads,RND_IT_GOOGLE_DISPLAY,169.40,28492,156,9
2025-06-09,Sicilia,Google Ads,RND_IT_GOOGLE_PMAX,314.25,22073,459,11
2025-06-09,Sicilia,Google Ads,RND_IT_GOOGLE_SEARCH_BRAND,147.00,5203,393,6
2025-06-09,Sicilia,Google Ads,RND_IT_GOOGLE_SEARCH_GENERICA,470.25,8862,427,32
2025-06-09,Sicilia,Google Ads,RND_IT_GOOGLE_SEARCH_LOCALE,173.35,3648,175,11
2025-06-09,Toscana,Google Ads,RND_IT_GOOGLE_DISPLAY,69.63,12039,80,4
2025-06-09,Toscana,Google Ads,RND_IT_GOOGLE_PMAX,158.36,11252,230,7
2025-06-09,Toscana,Google Ads,RND_IT_GOOGLE_SEARCH_BRAND,75.75,2511,184,3
2025-06-09,Toscana,Google Ads,RND_IT_GOOGLE_SEARCH_GENERICA,152.85,2759,148,13
2025-06-09,Toscana,Google Ads,RND_IT_GOOGLE_SEARCH_LOCALE,109.08,2267,98,7
2025-06-09,Trentino-Alto Adige,Google Ads,RND_IT_GOOGLE_DISPLAY,37.36,6182,35,2
2025-06-09,Trentino-Alto Adige,Google Ads,RND_IT_GOOGLE_PMAX,37.60,2682,49,1
2025-06-09,Trentino-Alto Adige,Google Ads,RND_IT_GOOGLE_SEARCH_BRAND,31.08,1102,92,1
2025-06-09,Trentino-Alto Adige,Google Ads,RND_IT_GOOGLE_SEARCH_GENERICA,60.79,1085,57,3
2025-06-09,Trentino-Alto Adige,Google Ads,RND_IT_GOOGLE_SEARCH_LOCALE,30.05,635,31,1
2025-06-09,Umbria,Google Ads,RND_IT_GOOGLE_DISPLAY,18.57,3195,18,1
2025-06-09,Umbria,Google Ads,RND_IT_GOOGLE_PMAX,35.57,2465,53,1
2025-06-09,Umbria,Google Ads,RND_IT_GOOGLE_SEARCH_BRAND,23.78,826,59,1
2025-06-09,Umbria,Google Ads,RND_IT_GOOGLE_SEARCH_GENERICA,57.16,1083,52,3
2025-06-09,Umbria,Google Ads,RND_IT_GOOGLE_SEARCH_LOCALE,23.13,484,18,1
2025-06-09,Valle d'Aosta,Google Ads,RND_IT_GOOGLE_DISPLAY,4.17,700,4,0
2025-06-09,Valle d'Aosta,Google Ads,RND_IT_GOOGLE_PMAX,4.94,337,7,0
2025-06-09,Valle d'Aosta,Google Ads,RND_IT_GOOGLE_SEARCH_BRAND,3.30,104,9,0
2025-06-09,Valle d'Aosta,Google Ads,RND_IT_GOOGLE_SEARCH_GENERICA,7.63,141,7,0
2025-06-09,Valle d'Aosta,Google Ads,RND_IT_GOOGLE_SEARCH_LOCALE,4.14,85,4,0
2025-06-09,Veneto,Google Ads,RND_IT_GOOGLE_DISPLAY,97.16,16623,104,3
2025-06-09,Veneto,Google Ads,RND_IT_GOOGLE_PMAX,150.84,10790,231,4
2025-06-09,Veneto,Google Ads,RND_IT_GOOGLE_SEARCH_BRAND,138.84,4536,315,3
2025-06-09,Veneto,Google Ads,RND_IT_GOOGLE_SEARCH_GENERICA,254.64,4502,241,10
2025-06-09,Veneto,Google Ads,RND_IT_GOOGLE_SEARCH_LOCALE,161.46,3518,143,5
2025-06-16,Abruzzo,Google Ads,RND_IT_GOOGLE_DISPLAY,33.88,5810,35,1
2025-06-16,Abruzzo,Google Ads,RND_IT_GOOGLE_PMAX,71.69,4578,92,1
2025-06-16,Abruzzo,Google Ads,RND_IT_GOOGLE_SEARCH_BRAND,42.22,1379,104,1
2025-06-16,Abruzzo,Google Ads,RND_IT_GOOGLE_SEARCH_GENERICA,82.93,1452,73,3
2025-06-16,Abruzzo,Google Ads,RND_IT_GOOGLE_SEARCH_LOCALE,27.15,578,27,1
2025-06-16,Basilicata,Google Ads,RND_IT_GOOGLE_DISPLAY,12.69,2056,12,0
2025-06-16,Basilicata,Google Ads,RND_IT_GOOGLE_PMAX,17.07,1215,24,0
2025-06-16,Basilicata,Google Ads,RND_IT_GOOGLE_SEARCH_BRAND,20.92,696,56,0
2025-06-16,Basilicata,Google Ads,RND_IT_GOOGLE_SEARCH_GENERICA,41.76,786,40,2
2025-06-16,Basilicata,Google Ads,RND_IT_GOOGLE_SEARCH_LOCALE,13.81,290,13,0
2025-06-16,Calabria,Google Ads,RND_IT_GOOGLE_DISPLAY,63.75,10648,69,2
2025-06-16,Calabria,Google Ads,RND_IT_GOOGLE_PMAX,100.30,6961,137,3
2025-06-16,Calabria,Google Ads,RND_IT_GOOGLE_SEARCH_BRAND,101.24,3368,273,2
2025-06-16,Calabria,Google Ads,RND_IT_GOOGLE_SEARCH_GENERICA,228.37,4154,184,10
2025-06-16,Calabria,Google Ads,RND_IT_GOOGLE_SEARCH_LOCALE,52.08,1108,54,2
2025-06-16,Campania,Google Ads,RND_IT_GOOGLE_DISPLAY,186.69,32008,184,8
2025-06-16,Campania,Google Ads,RND_IT_GOOGLE_PMAX,238.78,17455,405,7
2025-06-16,Campania,Google Ads,RND_IT_GOOGLE_SEARCH_BRAND,170.65,6199,451,6
2025-06-16,Campania,Google Ads,RND_IT_GOOGLE_SEARCH_GENERICA,500.47,8677,454,30
2025-06-16,Campania,Google Ads,RND_IT_GOOGLE_SEARCH_LOCALE,175.82,3585,158,9
2025-06-16,Emilia-Romagna,Google Ads,RND_IT_GOOGLE_DISPLAY,222.60,38343,229,15
2025-06-16,Emilia-Romagna,Google Ads,RND_IT_GOOGLE_PMAX,315.40,23236,447,12
2025-06-16,Emilia-Romagna,Google Ads,RND_IT_GOOGLE_SEARCH_BRAND,246.94,7965,621,9
2025-06-16,Emilia-Romagna,Google Ads,RND_IT_GOOGLE_SEARCH_GENERICA,291.94,5024,256,19
2025-06-16,Emilia-Romagna,Google Ads,RND_IT_GOOGLE_SEARCH_LOCALE,112.19,2490,95,7
2025-06-16,Friuli-Venezia Giulia,Google Ads,RND_IT_GOOGLE_DISPLAY,48.89,8454,57,3
2025-06-16,Friuli-Venezia Giulia,Google Ads,RND_IT_GOOGLE_PMAX,82.99,6118,112,4
2025-06-16,Friuli-Venezia Giulia,Google Ads,RND_IT_GOOGLE_SEARCH_BRAND,40.08,1345,104,2
2025-06-16,Friuli-Venezia Giulia,Google Ads,RND_IT_GOOGLE_SEARCH_GENERICA,76.41,1343,67,5
2025-06-16,Friuli-Venezia Giulia,Google Ads,RND_IT_GOOGLE_SEARCH_LOCALE,26.98,544,24,2
2025-06-16,Lazio,Google Ads,RND_IT_GOOGLE_DISPLAY,139.08,23253,126,7
2025-06-16,Lazio,Google Ads,RND_IT_GOOGLE_PMAX,191.44,13532,264,7
2025-06-16,Lazio,Google Ads,RND_IT_GOOGLE_SEARCH_BRAND,122.99,4176,301,5
2025-06-16,Lazio,Google Ads,RND_IT_GOOGLE_SEARCH_GENERICA,498.58,8728,447,35
2025-06-16,Lazio,Google Ads,RND_IT_GOOGLE_SEARCH_LOCALE,225.93,4723,209,13
2025-06-16,Liguria,Google Ads,RND_IT_GOOGLE_DISPLAY,29.05,5065,29,2
2025-06-16,Liguria,Google Ads,RND_IT_GOOGLE_PMAX,37.22,2568,49,2
2025-06-16,Liguria,Google Ads,RND_IT_GOOGLE_SEARCH_BRAND,40.35,1345,105,2
2025-06-16,Liguria,Google Ads,RND_IT_GOOGLE_SEARCH_GENERICA,116.68,1991,97,9
2025-06-16,Liguria,Google Ads,RND_IT_GOOGLE_SEARCH_LOCALE,47.20,975,38,3
2025-06-16,Lombardia,Google Ads,RND_IT_GOOGLE_DISPLAY,259.96,42472,273,10
2025-06-16,Lombardia,Google Ads,RND_IT_GOOGLE_PMAX,416.06,28992,631,10
2025-06-16,Lombardia,Google Ads,RND_IT_GOOGLE_SEARCH_BRAND,449.37,15028,1274,11
2025-06-16,Lombardia,Google Ads,RND_IT_GOOGLE_SEARCH_GENERICA,802.77,14114,676,39
2025-06-16,Lombardia,Google Ads,RND_IT_GOOGLE_SEARCH_LOCALE,249.44,5146,232,11
2025-06-16,Marche,Google Ads,RND_IT_GOOGLE_DISPLAY,28.03,4463,28,1
2025-06-16,Marche,Google Ads,RND_IT_GOOGLE_PMAX,62.32,4490,81,2
2025-06-16,Marche,Google Ads,RND_IT_GOOGLE_SEARCH_BRAND,62.26,2010,156,2
2025-06-16,Marche,Google Ads,RND_IT_GOOGLE_SEARCH_GENERICA,106.03,1875,92,6
2025-06-16,Marche,Google Ads,RND_IT_GOOGLE_SEARCH_LOCALE,35.30,725,30,2
2025-06-16,Molise,Google Ads,RND_IT_GOOGLE_DISPLAY,8.54,1412,9,0
2025-06-16,Molise,Google Ads,RND_IT_GOOGLE_PMAX,18.14,1232,24,1
2025-06-16,Molise,Google Ads,RND_IT_GOOGLE_SEARCH_BRAND,9.04,302,24,0
2025-06-16,Molise,Google Ads,RND_IT_GOOGLE_SEARCH_GENERICA,39.12,701,34,2
2025-06-16,Molise,Google Ads,RND_IT_GOOGLE_SEARCH_LOCALE,10.70,218,10,1
2025-06-16,Piemonte,Google Ads,RND_IT_GOOGLE_DISPLAY,78.04,13472,73,3
2025-06-16,Piemonte,Google Ads,RND_IT_GOOGLE_PMAX,193.57,14404,292,4
2025-06-16,Piemonte,Google Ads,RND_IT_GOOGLE_SEARCH_BRAND,116.90,3957,311,3
2025-06-16,Piemonte,Google Ads,RND_IT_GOOGLE_SEARCH_GENERICA,473.50,9046,521,23
2025-06-16,Piemonte,Google Ads,RND_IT_GOOGLE_SEARCH_LOCALE,116.00,2503,111,5
2025-06-16,Puglia,Google Ads,RND_IT_GOOGLE_DISPLAY,139.03,22416,138,4
2025-06-16,Puglia,Google Ads,RND_IT_GOOGLE_PMAX,276.78,19574,426,6
2025-06-16,Puglia,Google Ads,RND_IT_GOOGLE_SEARCH_BRAND,143.34,4825,325,4
2025-06-16,Puglia,Google Ads,RND_IT_GOOGLE_SEARCH_GENERICA,362.22,6533,348,15
2025-06-16,Puglia,Google Ads,RND_IT_GOOGLE_SEARCH_LOCALE,210.45,4226,216,7
2025-06-16,Sardegna,Google Ads,RND_IT_GOOGLE_DISPLAY,50.84,8100,48,2
2025-06-16,Sardegna,Google Ads,RND_IT_GOOGLE_PMAX,140.07,10155,213,5
2025-06-16,Sardegna,Google Ads,RND_IT_GOOGLE_SEARCH_BRAND,64.28,2179,169,2
2025-06-16,Sardegna,Google Ads,RND_IT_GOOGLE_SEARCH_GENERICA,168.39,3046,142,10
2025-06-16,Sardegna,Google Ads,RND_IT_GOOGLE_SEARCH_LOCALE,56.78,1218,54,3
2025-06-16,Sicilia,Google Ads,RND_IT_GOOGLE_DISPLAY,170.06,26880,187,9
2025-06-16,Sicilia,Google Ads,RND_IT_GOOGLE_PMAX,330.14,22321,497,12
2025-06-16,Sicilia,Google Ads,RND_IT_GOOGLE_SEARCH_BRAND,203.34,7065,492,8
2025-06-16,Sicilia,Google Ads,RND_IT_GOOGLE_SEARCH_GENERICA,618.74,11422,652,39
2025-06-16,Sicilia,Google Ads,RND_IT_GOOGLE_SEARCH_LOCALE,182.74,3881,180,11
2025-06-16,Toscana,Google Ads,RND_IT_GOOGLE_DISPLAY,68.07,11595,74,4
2025-06-16,Toscana,Google Ads,RND_IT_GOOGLE_PMAX,173.93,12078,247,7
2025-06-16,Toscana,Google Ads,RND_IT_GOOGLE_SEARCH_BRAND,88.84,3045,219,3
2025-06-16,Toscana,Google Ads,RND_IT_GOOGLE_SEARCH_GENERICA,197.57,3567,173,14
2025-06-16,Toscana,Google Ads,RND_IT_GOOGLE_SEARCH_LOCALE,106.78,2199,97,6
2025-06-16,Trentino-Alto Adige,Google Ads,RND_IT_GOOGLE_DISPLAY,46.53,7418,44,2
2025-06-16,Trentino-Alto Adige,Google Ads,RND_IT_GOOGLE_PMAX,43.26,2913,57,1
2025-06-16,Trentino-Alto Adige,Google Ads,RND_IT_GOOGLE_SEARCH_BRAND,44.26,1478,128,1
2025-06-16,Trentino-Alto Adige,Google Ads,RND_IT_GOOGLE_SEARCH_GENERICA,68.65,1263,63,3
2025-06-16,Trentino-Alto Adige,Google Ads,RND_IT_GOOGLE_SEARCH_LOCALE,29.45,623,25,1
2025-06-16,Umbria,Google Ads,RND_IT_GOOGLE_DISPLAY,17.14,2904,18,1
2025-06-16,Umbria,Google Ads,RND_IT_GOOGLE_PMAX,35.89,2642,56,1
2025-06-16,Umbria,Google Ads,RND_IT_GOOGLE_SEARCH_BRAND,28.95,931,69,1
2025-06-16,Umbria,Google Ads,RND_IT_GOOGLE_SEARCH_GENERICA,70.87,1299,69,4
2025-06-16,Umbria,Google Ads,RND_IT_GOOGLE_SEARCH_LOCALE,19.61,407,18,1
2025-06-16,Valle d'Aosta,Google Ads,RND_IT_GOOGLE_DISPLAY,4.14,683,4,0
2025-06-16,Valle d'Aosta,Google Ads,RND_IT_GOOGLE_PMAX,4.88,347,6,0
2025-06-16,Valle d'Aosta,Google Ads,RND_IT_GOOGLE_SEARCH_BRAND,5.26,172,12,0
2025-06-16,Valle d'Aosta,Google Ads,RND_IT_GOOGLE_SEARCH_GENERICA,10.97,200,9,1
2025-06-16,Valle d'Aosta,Google Ads,RND_IT_GOOGLE_SEARCH_LOCALE,3.54,71,3,0
2025-06-16,Veneto,Google Ads,RND_IT_GOOGLE_DISPLAY,100.53,16368,103,3
2025-06-16,Veneto,Google Ads,RND_IT_GOOGLE_PMAX,161.85,11759,207,3
2025-06-16,Veneto,Google Ads,RND_IT_GOOGLE_SEARCH_BRAND,175.97,5827,472,4
2025-06-16,Veneto,Google Ads,RND_IT_GOOGLE_SEARCH_GENERICA,322.04,6341,312,12
2025-06-16,Veneto,Google Ads,RND_IT_GOOGLE_SEARCH_LOCALE,146.00,2942,138,5
2025-06-23,Abruzzo,Google Ads,RND_IT_GOOGLE_DISPLAY,35.58,5753,32,1
2025-06-23,Abruzzo,Google Ads,RND_IT_GOOGLE_PMAX,48.38,3462,74,1
2025-06-23,Abruzzo,Google Ads,RND_IT_GOOGLE_SEARCH_BRAND,38.89,1306,91,1
2025-06-23,Abruzzo,Google Ads,RND_IT_GOOGLE_SEARCH_GENERICA,86.29,1612,77,2
2025-06-23,Abruzzo,Google Ads,RND_IT_GOOGLE_SEARCH_LOCALE,29.70,631,28,1
2025-06-23,Basilicata,Google Ads,RND_IT_GOOGLE_DISPLAY,13.24,2221,15,0
2025-06-23,Basilicata,Google Ads,RND_IT_GOOGLE_PMAX,13.91,1008,20,0
2025-06-23,Basilicata,Google Ads,RND_IT_GOOGLE_SEARCH_BRAND,21.01,690,50,0
2025-06-23,Basilicata,Google Ads,RND_IT_GOOGLE_SEARCH_GENERICA,43.02,757,38,1
2025-06-23,Basilicata,Google Ads,RND_IT_GOOGLE_SEARCH_LOCALE,13.78,292,12,0
2025-06-23,Calabria,Google Ads,RND_IT_GOOGLE_DISPLAY,72.48,11807,64,2
2025-06-23,Calabria,Google Ads,RND_IT_GOOGLE_PMAX,72.46,5123,109,2
2025-06-23,Calabria,Google Ads,RND_IT_GOOGLE_SEARCH_BRAND,105.92,3431,280,3
2025-06-23,Calabria,Google Ads,RND_IT_GOOGLE_SEARCH_GENERICA,196.58,3614,185,9
2025-06-23,Calabria,Google Ads,RND_IT_GOOGLE_SEARCH_LOCALE,56.83,1193,56,2
2025-06-23,Campania,Google Ads,RND_IT_GOOGLE_DISPLAY,195.67,32606,198,9
2025-06-23,Campania,Google Ads,RND_IT_GOOGLE_PMAX,179.33,12731,239,5
2025-06-23,Campania,Google Ads,RND_IT_GOOGLE_SEARCH_BRAND,203.35,6537,492,8
2025-06-23,Campania,Google Ads,RND_IT_GOOGLE_SEARCH_GENERICA,495.31,8792,437,29
2025-06-23,Campania,Google Ads,RND_IT_GOOGLE_SEARCH_LOCALE,201.35,4146,192,9
2025-06-23,Emilia-Romagna,Google Ads,RND_IT_GOOGLE_DISPLAY,228.11,38476,218,14
2025-06-23,Emilia-Romagna,Google Ads,RND_IT_GOOGLE_PMAX,210.65,15005,327,8
2025-06-23,Emilia-Romagna,Google Ads,RND_IT_GOOGLE_SEARCH_BRAND,262.03,8302,555,11
2025-06-23,Emilia-Romagna,Google Ads,RND_IT_GOOGLE_SEARCH_GENERICA,309.43,5701,283,23
2025-06-23,Emilia-Romagna,Google Ads,RND_IT_GOOGLE_SEARCH_LOCALE,122.38,2535,121,8
2025-06-23,Friuli-Venezia Giulia,Google Ads,RND_IT_GOOGLE_DISPLAY,40.56,6885,41,3
2025-06-23,Friuli-Venezia Giulia,Google Ads,RND_IT_GOOGLE_PMAX,60.14,4348,91,2
2025-06-23,Friuli-Venezia Giulia,Google Ads,RND_IT_GOOGLE_SEARCH_BRAND,41.02,1358,106,2
2025-06-23,Friuli-Venezia Giulia,Google Ads,RND_IT_GOOGLE_SEARCH_GENERICA,79.23,1381,74,6
2025-06-23,Friuli-Venezia Giulia,Google Ads,RND_IT_GOOGLE_SEARCH_LOCALE,27.12,560,25,2
2025-06-23,Lazio,Google Ads,RND_IT_GOOGLE_DISPLAY,162.79,27893,179,7
2025-06-23,Lazio,Google Ads,RND_IT_GOOGLE_PMAX,159.93,11572,231,5
2025-06-23,Lazio,Google Ads,RND_IT_GOOGLE_SEARCH_BRAND,141.32,4503,328,6
2025-06-23,Lazio,Google Ads,RND_IT_GOOGLE_SEARCH_GENERICA,466.70,8203,419,31
2025-06-23,Lazio,Google Ads,RND_IT_GOOGLE_SEARCH_LOCALE,236.35,4666,185,14
2025-06-23,Liguria,Google Ads,RND_IT_GOOGLE_DISPLAY,26.23,4394,23,2
2025-06-23,Liguria,Google Ads,RND_IT_GOOGLE_PMAX,27.26,2111,43,1
2025-06-23,Liguria,Google Ads,RND_IT_GOOGLE_SEARCH_BRAND,43.20,1397,116,2
2025-06-23,Liguria,Google Ads,RND_IT_GOOGLE_SEARCH_GENERICA,95.97,1763,88,6
2025-06-23,Liguria,Google Ads,RND_IT_GOOGLE_SEARCH_LOCALE,55.73,1163,54,4
2025-06-23,Lombardia,Google Ads,RND_IT_GOOGLE_DISPLAY,278.71,44988,267,9
2025-06-23,Lombardia,Google Ads,RND_IT_GOOGLE_PMAX,382.09,28669,587,9
2025-06-23,Lombardia,Google Ads,RND_IT_GOOGLE_SEARCH_BRAND,387.14,12752,916,11
2025-06-23,Lombardia,Google Ads,RND_IT_GOOGLE_SEARCH_GENERICA,818.42,15326,774,42
2025-06-23,Lombardia,Google Ads,RND_IT_GOOGLE_SEARCH_LOCALE,263.18,5569,250,13
2025-06-23,Marche,Google Ads,RND_IT_GOOGLE_DISPLAY,27.68,4678,25,1
2025-06-23,Marche,Google Ads,RND_IT_GOOGLE_PMAX,50.65,3425,64,1
2025-06-23,Marche,Google Ads,RND_IT_GOOGLE_SEARCH_BRAND,56.88,1820,147,2
2025-06-23,Marche,Google Ads,RND_IT_GOOGLE_SEARCH_GENERICA,94.21,1739,98,5
2025-06-23,Marche,Google Ads,RND_IT_GOOGLE_SEARCH_LOCALE,38.49,803,40,2
2025-06-23,Molise,Google Ads,RND_IT_GOOGLE_DISPLAY,9.81,1666,10,1
2025-06-23,Molise,Google Ads,RND_IT_GOOGLE_PMAX,13.43,955,19,0
2025-06-23,Molise,Google Ads,RND_IT_GOOGLE_SEARCH_BRAND,8.73,294,25,0
2025-06-23,Molise,Google Ads,RND_IT_GOOGLE_SEARCH_GENERICA,33.13,618,31,2
2025-06-23,Molise,Google Ads,RND_IT_GOOGLE_SEARCH_LOCALE,10.96,240,11,1
2025-06-23,Piemonte,Google Ads,RND_IT_GOOGLE_DISPLAY,83.55,13849,75,3
2025-06-23,Piemonte,Google Ads,RND_IT_GOOGLE_PMAX,147.58,10413,213,3
2025-06-23,Piemonte,Google Ads,RND_IT_GOOGLE_SEARCH_BRAND,139.52,4754,335,3
2025-06-23,Piemonte,Google Ads,RND_IT_GOOGLE_SEARCH_GENERICA,575.27,10577,510,22
2025-06-23,Piemonte,Google Ads,RND_IT_GOOGLE_SEARCH_LOCALE,114.85,2321,104,3
2025-06-23,Puglia,Google Ads,RND_IT_GOOGLE_DISPLAY,147.49,24369,148,6
2025-06-23,Puglia,Google Ads,RND_IT_GOOGLE_PMAX,199.51,14798,287,5
2025-06-23,Puglia,Google Ads,RND_IT_GOOGLE_SEARCH_BRAND,177.98,5835,432,5
2025-06-23,Puglia,Google Ads,RND_IT_GOOGLE_SEARCH_GENERICA,298.09,5448,236,12
2025-06-23,Puglia,Google Ads,RND_IT_GOOGLE_SEARCH_LOCALE,177.39,3622,168,8
2025-06-23,Sardegna,Google Ads,RND_IT_GOOGLE_DISPLAY,59.72,10693,62,3
2025-06-23,Sardegna,Google Ads,RND_IT_GOOGLE_PMAX,80.86,5721,103,3
2025-06-23,Sardegna,Google Ads,RND_IT_GOOGLE_SEARCH_BRAND,72.36,2380,183,2
2025-06-23,Sardegna,Google Ads,RND_IT_GOOGLE_SEARCH_GENERICA,171.38,3069,138,11
2025-06-23,Sardegna,Google Ads,RND_IT_GOOGLE_SEARCH_LOCALE,61.57,1288,56,4
2025-06-23,Sicilia,Google Ads,RND_IT_GOOGLE_DISPLAY,146.68,23498,148,9
2025-06-23,Sicilia,Google Ads,RND_IT_GOOGLE_PMAX,271.52,19664,401,9
2025-06-23,Sicilia,Google Ads,RND_IT_GOOGLE_SEARCH_BRAND,195.57,6624,467,8
2025-06-23,Sicilia,Google Ads,RND_IT_GOOGLE_SEARCH_GENERICA,515.72,9605,465,37
2025-06-23,Sicilia,Google Ads,RND_IT_GOOGLE_SEARCH_LOCALE,163.74,3436,148,10
2025-06-23,Toscana,Google Ads,RND_IT_GOOGLE_DISPLAY,75.48,12767,83,4
2025-06-23,Toscana,Google Ads,RND_IT_GOOGLE_PMAX,161.14,10703,227,5
2025-06-23,Toscana,Google Ads,RND_IT_GOOGLE_SEARCH_BRAND,107.49,3506,268,4
2025-06-23,Toscana,Google Ads,RND_IT_GOOGLE_SEARCH_GENERICA,187.69,3518,175,11
2025-06-23,Toscana,Google Ads,RND_IT_GOOGLE_SEARCH_LOCALE,117.14,2301,103,6
2025-06-23,Trentino-Alto Adige,Google Ads,RND_IT_GOOGLE_DISPLAY,41.79,7184,43,2
2025-06-23,Trentino-Alto Adige,Google Ads,RND_IT_GOOGLE_PMAX,33.21,2264,49,1
2025-06-23,Trentino-Alto Adige,Google Ads,RND_IT_GOOGLE_SEARCH_BRAND,41.46,1350,100,1
2025-06-23,Trentino-Alto Adige,Google Ads,RND_IT_GOOGLE_SEARCH_GENERICA,84.25,1529,73,4
2025-06-23,Trentino-Alto Adige,Google Ads,RND_IT_GOOGLE_SEARCH_LOCALE,32.63,692,29,1
2025-06-23,Umbria,Google Ads,RND_IT_GOOGLE_DISPLAY,19.73,3254,21,1
2025-06-23,Umbria,Google Ads,RND_IT_GOOGLE_PMAX,27.20,2065,43,1
2025-06-23,Umbria,Google Ads,RND_IT_GOOGLE_SEARCH_BRAND,31.37,1083,80,1
2025-06-23,Umbria,Google Ads,RND_IT_GOOGLE_SEARCH_GENERICA,62.46,1132,58,4
2025-06-23,Umbria,Google Ads,RND_IT_GOOGLE_SEARCH_LOCALE,22.74,477,21,1
2025-06-23,Valle d'Aosta,Google Ads,RND_IT_GOOGLE_DISPLAY,3.81,632,4,0
2025-06-23,Valle d'Aosta,Google Ads,RND_IT_GOOGLE_PMAX,3.61,259,5,0
2025-06-23,Valle d'Aosta,Google Ads,RND_IT_GOOGLE_SEARCH_BRAND,4.87,167,13,0
2025-06-23,Valle d'Aosta,Google Ads,RND_IT_GOOGLE_SEARCH_GENERICA,8.79,167,8,0
2025-06-23,Valle d'Aosta,Google Ads,RND_IT_GOOGLE_SEARCH_LOCALE,3.12,61,3,0
2025-06-23,Veneto,Google Ads,RND_IT_GOOGLE_DISPLAY,109.05,17956,101,3
2025-06-23,Veneto,Google Ads,RND_IT_GOOGLE_PMAX,143.34,9932,212,3
2025-06-23,Veneto,Google Ads,RND_IT_GOOGLE_SEARCH_BRAND,156.01,5294,399,4
2025-06-23,Veneto,Google Ads,RND_IT_GOOGLE_SEARCH_GENERICA,301.89,5486,257,13
2025-06-23,Veneto,Google Ads,RND_IT_GOOGLE_SEARCH_LOCALE,136.34,2830,137,4
2025-06-30,Abruzzo,Google Ads,RND_IT_GOOGLE_DISPLAY,30.39,5065,33,1
2025-06-30,Abruzzo,Google Ads,RND_IT_GOOGLE_PMAX,50.84,3658,74,1
2025-06-30,Abruzzo,Google Ads,RND_IT_GOOGLE_SEARCH_BRAND,37.08,1270,96,1
2025-06-30,Abruzzo,Google Ads,RND_IT_GOOGLE_SEARCH_GENERICA,80.69,1470,77,3
2025-06-30,Abruzzo,Google Ads,RND_IT_GOOGLE_SEARCH_LOCALE,34.50,701,32,1
2025-06-30,Basilicata,Google Ads,RND_IT_GOOGLE_DISPLAY,13.42,2297,14,0
2025-06-30,Basilicata,Google Ads,RND_IT_GOOGLE_PMAX,15.63,1081,18,0
2025-06-30,Basilicata,Google Ads,RND_IT_GOOGLE_SEARCH_BRAND,19.83,622,45,0
2025-06-30,Basilicata,Google Ads,RND_IT_GOOGLE_SEARCH_GENERICA,48.74,899,49,2
2025-06-30,Basilicata,Google Ads,RND_IT_GOOGLE_SEARCH_LOCALE,16.58,341,17,0
2025-06-30,Calabria,Google Ads,RND_IT_GOOGLE_DISPLAY,69.74,11555,65,2
2025-06-30,Calabria,Google Ads,RND_IT_GOOGLE_PMAX,67.34,4769,103,2
2025-06-30,Calabria,Google Ads,RND_IT_GOOGLE_SEARCH_BRAND,94.89,3291,237,2
2025-06-30,Calabria,Google Ads,RND_IT_GOOGLE_SEARCH_GENERICA,179.01,3245,150,8
2025-06-30,Calabria,Google Ads,RND_IT_GOOGLE_SEARCH_LOCALE,58.05,1161,49,2
2025-06-30,Campania,Google Ads,RND_IT_GOOGLE_DISPLAY,181.28,33032,202,6
2025-06-30,Campania,Google Ads,RND_IT_GOOGLE_PMAX,174.58,11926,224,7
2025-06-30,Campania,Google Ads,RND_IT_GOOGLE_SEARCH_BRAND,189.31,6385,475,5
2025-06-30,Campania,Google Ads,RND_IT_GOOGLE_SEARCH_GENERICA,558.46,9904,504,28
2025-06-30,Campania,Google Ads,RND_IT_GOOGLE_SEARCH_LOCALE,260.13,5487,290,10
2025-06-30,Emilia-Romagna,Google Ads,RND_IT_GOOGLE_DISPLAY,225.55,37081,221,10
2025-06-30,Emilia-Romagna,Google Ads,RND_IT_GOOGLE_PMAX,243.68,16994,313,14
2025-06-30,Emilia-Romagna,Google Ads,RND_IT_GOOGLE_SEARCH_BRAND,246.17,8455,632,10
2025-06-30,Emilia-Romagna,Google Ads,RND_IT_GOOGLE_SEARCH_GENERICA,278.59,5123,222,21
2025-06-30,Emilia-Romagna,Google Ads,RND_IT_GOOGLE_SEARCH_LOCALE,134.74,2956,129,7
2025-06-30,Friuli-Venezia Giulia,Google Ads,RND_IT_GOOGLE_DISPLAY,34.57,6001,32,2
2025-06-30,Friuli-Venezia Giulia,Google Ads,RND_IT_GOOGLE_PMAX,68.86,4857,90,3
2025-06-30,Friuli-Venezia Giulia,Google Ads,RND_IT_GOOGLE_SEARCH_BRAND,38.44,1296,94,2
2025-06-30,Friuli-Venezia Giulia,Google Ads,RND_IT_GOOGLE_SEARCH_GENERICA,68.42,1242,56,5
2025-06-30,Friuli-Venezia Giulia,Google Ads,RND_IT_GOOGLE_SEARCH_LOCALE,26.55,557,29,1
2025-06-30,Lazio,Google Ads,RND_IT_GOOGLE_DISPLAY,143.91,24376,135,6
2025-06-30,Lazio,Google Ads,RND_IT_GOOGLE_PMAX,174.75,12902,303,8
2025-06-30,Lazio,Google Ads,RND_IT_GOOGLE_SEARCH_BRAND,125.14,4177,320,5
2025-06-30,Lazio,Google Ads,RND_IT_GOOGLE_SEARCH_GENERICA,460.63,8838,424,30
2025-06-30,Lazio,Google Ads,RND_IT_GOOGLE_SEARCH_LOCALE,259.93,5064,260,15
2025-06-30,Liguria,Google Ads,RND_IT_GOOGLE_DISPLAY,26.42,4418,30,1
2025-06-30,Liguria,Google Ads,RND_IT_GOOGLE_PMAX,25.65,1857,38,1
2025-06-30,Liguria,Google Ads,RND_IT_GOOGLE_SEARCH_BRAND,40.68,1345,88,2
2025-06-30,Liguria,Google Ads,RND_IT_GOOGLE_SEARCH_GENERICA,84.49,1573,85,7
2025-06-30,Liguria,Google Ads,RND_IT_GOOGLE_SEARCH_LOCALE,66.98,1407,56,4
2025-06-30,Lombardia,Google Ads,RND_IT_GOOGLE_DISPLAY,235.84,41041,251,6
2025-06-30,Lombardia,Google Ads,RND_IT_GOOGLE_PMAX,340.87,24814,460,10
2025-06-30,Lombardia,Google Ads,RND_IT_GOOGLE_SEARCH_BRAND,328.89,11084,789,8
2025-06-30,Lombardia,Google Ads,RND_IT_GOOGLE_SEARCH_GENERICA,993.85,17747,839,40
2025-06-30,Lombardia,Google Ads,RND_IT_GOOGLE_SEARCH_LOCALE,246.54,5106,253,8
2025-06-30,Marche,Google Ads,RND_IT_GOOGLE_DISPLAY,23.06,3660,24,1
2025-06-30,Marche,Google Ads,RND_IT_GOOGLE_PMAX,60.14,4293,82,2
2025-06-30,Marche,Google Ads,RND_IT_GOOGLE_SEARCH_BRAND,53.09,1753,129,2
2025-06-30,Marche,Google Ads,RND_IT_GOOGLE_SEARCH_GENERICA,82.11,1526,72,5
2025-06-30,Marche,Google Ads,RND_IT_GOOGLE_SEARCH_LOCALE,49.08,989,44,2
2025-06-30,Molise,Google Ads,RND_IT_GOOGLE_DISPLAY,9.05,1528,9,0
2025-06-30,Molise,Google Ads,RND_IT_GOOGLE_PMAX,13.56,992,20,1
2025-06-30,Molise,Google Ads,RND_IT_GOOGLE_SEARCH_BRAND,7.85,268,19,0
2025-06-30,Molise,Google Ads,RND_IT_GOOGLE_SEARCH_GENERICA,30.10,552,28,2
2025-06-30,Molise,Google Ads,RND_IT_GOOGLE_SEARCH_LOCALE,11.83,249,11,0
2025-06-30,Piemonte,Google Ads,RND_IT_GOOGLE_DISPLAY,77.75,12680,72,2
2025-06-30,Piemonte,Google Ads,RND_IT_GOOGLE_PMAX,174.52,12139,252,4
2025-06-30,Piemonte,Google Ads,RND_IT_GOOGLE_SEARCH_BRAND,113.89,3616,302,2
2025-06-30,Piemonte,Google Ads,RND_IT_GOOGLE_SEARCH_GENERICA,560.08,10583,531,21
2025-06-30,Piemonte,Google Ads,RND_IT_GOOGLE_SEARCH_LOCALE,145.99,3122,146,4
2025-06-30,Puglia,Google Ads,RND_IT_GOOGLE_DISPLAY,142.82,23492,124,4
2025-06-30,Puglia,Google Ads,RND_IT_GOOGLE_PMAX,186.53,13031,266,6
2025-06-30,Puglia,Google Ads,RND_IT_GOOGLE_SEARCH_BRAND,153.44,5031,378,4
2025-06-30,Puglia,Google Ads,RND_IT_GOOGLE_SEARCH_GENERICA,312.88,5599,265,13
2025-06-30,Puglia,Google Ads,RND_IT_GOOGLE_SEARCH_LOCALE,195.02,3981,167,6
2025-06-30,Sardegna,Google Ads,RND_IT_GOOGLE_DISPLAY,56.33,9252,59,2
2025-06-30,Sardegna,Google Ads,RND_IT_GOOGLE_PMAX,89.97,6505,122,4
2025-06-30,Sardegna,Google Ads,RND_IT_GOOGLE_SEARCH_BRAND,59.74,2113,160,2
2025-06-30,Sardegna,Google Ads,RND_IT_GOOGLE_SEARCH_GENERICA,147.01,2688,153,9
2025-06-30,Sardegna,Google Ads,RND_IT_GOOGLE_SEARCH_LOCALE,80.20,1588,74,4
2025-06-30,Sicilia,Google Ads,RND_IT_GOOGLE_DISPLAY,155.40,25151,155,6
2025-06-30,Sicilia,Google Ads,RND_IT_GOOGLE_PMAX,285.63,20231,414,13
2025-06-30,Sicilia,Google Ads,RND_IT_GOOGLE_SEARCH_BRAND,155.46,5085,368,5
2025-06-30,Sicilia,Google Ads,RND_IT_GOOGLE_SEARCH_GENERICA,657.74,11923,585,43
2025-06-30,Sicilia,Google Ads,RND_IT_GOOGLE_SEARCH_LOCALE,197.82,3873,163,9
2025-06-30,Toscana,Google Ads,RND_IT_GOOGLE_DISPLAY,90.93,14403,84,4
2025-06-30,Toscana,Google Ads,RND_IT_GOOGLE_PMAX,168.65,12041,231,9
2025-06-30,Toscana,Google Ads,RND_IT_GOOGLE_SEARCH_BRAND,88.56,2931,220,3
2025-06-30,Toscana,Google Ads,RND_IT_GOOGLE_SEARCH_GENERICA,175.77,3201,161,13
2025-06-30,Toscana,Google Ads,RND_IT_GOOGLE_SEARCH_LOCALE,124.66,2545,116,7
2025-06-30,Trentino-Alto Adige,Google Ads,RND_IT_GOOGLE_DISPLAY,41.40,6980,40,1
2025-06-30,Trentino-Alto Adige,Google Ads,RND_IT_GOOGLE_PMAX,31.66,2250,48,1
2025-06-30,Trentino-Alto Adige,Google Ads,RND_IT_GOOGLE_SEARCH_BRAND,42.23,1370,94,1
2025-06-30,Trentino-Alto Adige,Google Ads,RND_IT_GOOGLE_SEARCH_GENERICA,78.66,1392,68,4
2025-06-30,Trentino-Alto Adige,Google Ads,RND_IT_GOOGLE_SEARCH_LOCALE,37.49,777,38,1
2025-06-30,Umbria,Google Ads,RND_IT_GOOGLE_DISPLAY,19.43,3231,21,1
2025-06-30,Umbria,Google Ads,RND_IT_GOOGLE_PMAX,23.38,1733,35,1
2025-06-30,Umbria,Google Ads,RND_IT_GOOGLE_SEARCH_BRAND,32.56,1096,81,1
2025-06-30,Umbria,Google Ads,RND_IT_GOOGLE_SEARCH_GENERICA,67.01,1239,64,4
2025-06-30,Umbria,Google Ads,RND_IT_GOOGLE_SEARCH_LOCALE,26.56,545,25,1
2025-06-30,Valle d'Aosta,Google Ads,RND_IT_GOOGLE_DISPLAY,3.70,611,4,0
2025-06-30,Valle d'Aosta,Google Ads,RND_IT_GOOGLE_PMAX,4.03,299,6,0
2025-06-30,Valle d'Aosta,Google Ads,RND_IT_GOOGLE_SEARCH_BRAND,4.66,152,11,0
2025-06-30,Valle d'Aosta,Google Ads,RND_IT_GOOGLE_SEARCH_GENERICA,9.50,175,10,1
2025-06-30,Valle d'Aosta,Google Ads,RND_IT_GOOGLE_SEARCH_LOCALE,3.58,73,3,0
2025-06-30,Veneto,Google Ads,RND_IT_GOOGLE_DISPLAY,111.92,19078,113,2
2025-06-30,Veneto,Google Ads,RND_IT_GOOGLE_PMAX,161.99,11353,238,3
2025-06-30,Veneto,Google Ads,RND_IT_GOOGLE_SEARCH_BRAND,173.97,5767,424,3
2025-06-30,Veneto,Google Ads,RND_IT_GOOGLE_SEARCH_GENERICA,327.41,6182,345,13
2025-06-30,Veneto,Google Ads,RND_IT_GOOGLE_SEARCH_LOCALE,170.42,3611,169,5
2025-07-07,Abruzzo,Google Ads,RND_IT_GOOGLE_DISPLAY,42.49,7178,41,1
2025-07-07,Abruzzo,Google Ads,RND_IT_GOOGLE_PMAX,70.02,4737,97,1
2025-07-07,Abruzzo,Google Ads,RND_IT_GOOGLE_SEARCH_BRAND,35.49,1213,75,1
2025-07-07,Abruzzo,Google Ads,RND_IT_GOOGLE_SEARCH_GENERICA,85.90,1561,74,3
2025-07-07,Abruzzo,Google Ads,RND_IT_GOOGLE_SEARCH_LOCALE,32.43,685,28,1
2025-07-07,Basilicata,Google Ads,RND_IT_GOOGLE_DISPLAY,17.01,2812,16,0
2025-07-07,Basilicata,Google Ads,RND_IT_GOOGLE_PMAX,19.07,1333,26,0
2025-07-07,Basilicata,Google Ads,RND_IT_GOOGLE_SEARCH_BRAND,26.07,851,59,1
2025-07-07,Basilicata,Google Ads,RND_IT_GOOGLE_SEARCH_GENERICA,51.73,929,50,2
2025-07-07,Basilicata,Google Ads,RND_IT_GOOGLE_SEARCH_LOCALE,14.88,312,13,0
2025-07-07,Calabria,Google Ads,RND_IT_GOOGLE_DISPLAY,96.29,17517,109,3
2025-07-07,Calabria,Google Ads,RND_IT_GOOGLE_PMAX,97.54,6780,143,3
2025-07-07,Calabria,Google Ads,RND_IT_GOOGLE_SEARCH_BRAND,84.25,2875,238,3
2025-07-07,Calabria,Google Ads,RND_IT_GOOGLE_SEARCH_GENERICA,192.81,3589,186,11
2025-07-07,Calabria,Google Ads,RND_IT_GOOGLE_SEARCH_LOCALE,57.06,1218,53,2
2025-07-07,Campania,Google Ads,RND_IT_GOOGLE_DISPLAY,234.00,40191,217,7
2025-07-07,Campania,Google Ads,RND_IT_GOOGLE_PMAX,228.95,16761,350,7
2025-07-07,Campania,Google Ads,RND_IT_GOOGLE_SEARCH_BRAND,182.62,6238,495,6
2025-07-07,Campania,Google Ads,RND_IT_GOOGLE_SEARCH_GENERICA,669.94,11891,635,37
2025-07-07,Campania,Google Ads,RND_IT_GOOGLE_SEARCH_LOCALE,237.83,4857,231,9
2025-07-07,Emilia-Romagna,Google Ads,RND_IT_GOOGLE_DISPLAY,311.57,55737,336,16
2025-07-07,Emilia-Romagna,Google Ads,RND_IT_GOOGLE_PMAX,352.40,25866,561,18
2025-07-07,Emilia-Romagna,Google Ads,RND_IT_GOOGLE_SEARCH_BRAND,230.90,7940,650,10
2025-07-07,Emilia-Romagna,Google Ads,RND_IT_GOOGLE_SEARCH_GENERICA,293.86,5517,274,24
2025-07-07,Emilia-Romagna,Google Ads,RND_IT_GOOGLE_SEARCH_LOCALE,128.68,2593,120,7
2025-07-07,Friuli-Venezia Giulia,Google Ads,RND_IT_GOOGLE_DISPLAY,46.27,7615,49,2
2025-07-07,Friuli-Venezia Giulia,Google Ads,RND_IT_GOOGLE_PMAX,82.33,5699,120,4
2025-07-07,Friuli-Venezia Giulia,Google Ads,RND_IT_GOOGLE_SEARCH_BRAND,37.61,1259,104,1
2025-07-07,Friuli-Venezia Giulia,Google Ads,RND_IT_GOOGLE_SEARCH_GENERICA,100.04,1878,93,8
2025-07-07,Friuli-Venezia Giulia,Google Ads,RND_IT_GOOGLE_SEARCH_LOCALE,27.40,562,26,2
2025-07-07,Lazio,Google Ads,RND_IT_GOOGLE_DISPLAY,174.16,29244,174,7
2025-07-07,Lazio,Google Ads,RND_IT_GOOGLE_PMAX,172.52,12044,237,8
2025-07-07,Lazio,Google Ads,RND_IT_GOOGLE_SEARCH_BRAND,131.06,4793,376,5
2025-07-07,Lazio,Google Ads,RND_IT_GOOGLE_SEARCH_GENERICA,480.46,9065,483,37
2025-07-07,Lazio,Google Ads,RND_IT_GOOGLE_SEARCH_LOCALE,251.72,5151,231,13
2025-07-07,Liguria,Google Ads,RND_IT_GOOGLE_DISPLAY,32.58,5228,34,1
2025-07-07,Liguria,Google Ads,RND_IT_GOOGLE_PMAX,34.56,2359,42,2
2025-07-07,Liguria,Google Ads,RND_IT_GOOGLE_SEARCH_BRAND,38.63,1328,96,2
2025-07-07,Liguria,Google Ads,RND_IT_GOOGLE_SEARCH_GENERICA,100.57,1849,99,7
2025-07-07,Liguria,Google Ads,RND_IT_GOOGLE_SEARCH_LOCALE,57.87,1131,48,3
2025-07-07,Lombardia,Google Ads,RND_IT_GOOGLE_DISPLAY,325.84,53768,353,8
2025-07-07,Lombardia,Google Ads,RND_IT_GOOGLE_PMAX,447.27,32077,650,14
2025-07-07,Lombardia,Google Ads,RND_IT_GOOGLE_SEARCH_BRAND,392.70,13218,919,11
2025-07-07,Lombardia,Google Ads,RND_IT_GOOGLE_SEARCH_GENERICA,955.16,17113,949,45
2025-07-07,Lombardia,Google Ads,RND_IT_GOOGLE_SEARCH_LOCALE,291.65,5977,297,10
2025-07-07,Marche,Google Ads,RND_IT_GOOGLE_DISPLAY,28.45,4658,30,1
2025-07-07,Marche,Google Ads,RND_IT_GOOGLE_PMAX,80.10,5714,117,3
2025-07-07,Marche,Google Ads,RND_IT_GOOGLE_SEARCH_BRAND,52.10,1691,137,2
2025-07-07,Marche,Google Ads,RND_IT_GOOGLE_SEARCH_GENERICA,85.51,1560,79,5
2025-07-07,Marche,Google Ads,RND_IT_GOOGLE_SEARCH_LOCALE,38.27,824,35,2
2025-07-07,Molise,Google Ads,RND_IT_GOOGLE_DISPLAY,11.47,2084,12,1
2025-07-07,Molise,Google Ads,RND_IT_GOOGLE_PMAX,15.28,1117,22,1
2025-07-07,Molise,Google Ads,RND_IT_GOOGLE_SEARCH_BRAND,7.33,244,18,0
2025-07-07,Molise,Google Ads,RND_IT_GOOGLE_SEARCH_GENERICA,31.93,587,29,2
2025-07-07,Molise,Google Ads,RND_IT_GOOGLE_SEARCH_LOCALE,11.29,241,11,1
2025-07-07,Piemonte,Google Ads,RND_IT_GOOGLE_DISPLAY,97.03,15835,95,3
2025-07-07,Piemonte,Google Ads,RND_IT_GOOGLE_PMAX,207.80,15064,238,5
2025-07-07,Piemonte,Google Ads,RND_IT_GOOGLE_SEARCH_BRAND,102.04,3547,312,3
2025-07-07,Piemonte,Google Ads,RND_IT_GOOGLE_SEARCH_GENERICA,533.81,9543,395,26
2025-07-07,Piemonte,Google Ads,RND_IT_GOOGLE_SEARCH_LOCALE,164.84,3488,156,5
2025-07-07,Puglia,Google Ads,RND_IT_GOOGLE_DISPLAY,194.95,32264,198,6
2025-07-07,Puglia,Google Ads,RND_IT_GOOGLE_PMAX,275.30,20024,420,7
2025-07-07,Puglia,Google Ads,RND_IT_GOOGLE_SEARCH_BRAND,150.56,5276,386,4
2025-07-07,Puglia,Google Ads,RND_IT_GOOGLE_SEARCH_GENERICA,362.24,6850,304,17
2025-07-07,Puglia,Google Ads,RND_IT_GOOGLE_SEARCH_LOCALE,233.94,4893,229,7
2025-07-07,Sardegna,Google Ads,RND_IT_GOOGLE_DISPLAY,69.71,11111,64,3
2025-07-07,Sardegna,Google Ads,RND_IT_GOOGLE_PMAX,115.91,7896,148,4
2025-07-07,Sardegna,Google Ads,RND_IT_GOOGLE_SEARCH_BRAND,57.79,2012,172,2
2025-07-07,Sardegna,Google Ads,RND_IT_GOOGLE_SEARCH_GENERICA,156.21,2890,140,10
2025-07-07,Sardegna,Google Ads,RND_IT_GOOGLE_SEARCH_LOCALE,86.13,1872,81,4
2025-07-07,Sicilia,Google Ads,RND_IT_GOOGLE_DISPLAY,164.57,27867,161,6
2025-07-07,Sicilia,Google Ads,RND_IT_GOOGLE_PMAX,346.82,24307,509,15
2025-07-07,Sicilia,Google Ads,RND_IT_GOOGLE_SEARCH_BRAND,139.16,4748,352,4
2025-07-07,Sicilia,Google Ads,RND_IT_GOOGLE_SEARCH_GENERICA,739.96,13094,604,47
2025-07-07,Sicilia,Google Ads,RND_IT_GOOGLE_SEARCH_LOCALE,196.02,3954,191,9
2025-07-07,Toscana,Google Ads,RND_IT_GOOGLE_DISPLAY,104.56,16955,98,5
2025-07-07,Toscana,Google Ads,RND_IT_GOOGLE_PMAX,240.28,17652,395,12
2025-07-07,Toscana,Google Ads,RND_IT_GOOGLE_SEARCH_BRAND,84.42,2708,222,3
2025-07-07,Toscana,Google Ads,RND_IT_GOOGLE_SEARCH_GENERICA,190.88,3667,194,15
2025-07-07,Toscana,Google Ads,RND_IT_GOOGLE_SEARCH_LOCALE,128.94,2608,129,7
2025-07-07,Trentino-Alto Adige,Google Ads,RND_IT_GOOGLE_DISPLAY,64.03,10966,78,2
2025-07-07,Trentino-Alto Adige,Google Ads,RND_IT_GOOGLE_PMAX,37.05,2604,51,1
2025-07-07,Trentino-Alto Adige,Google Ads,RND_IT_GOOGLE_SEARCH_BRAND,50.60,1711,144,1
2025-07-07,Trentino-Alto Adige,Google Ads,RND_IT_GOOGLE_SEARCH_GENERICA,78.09,1424,65,4
2025-07-07,Trentino-Alto Adige,Google Ads,RND_IT_GOOGLE_SEARCH_LOCALE,40.43,871,42,2
2025-07-07,Umbria,Google Ads,RND_IT_GOOGLE_DISPLAY,26.25,4140,24,1
2025-07-07,Umbria,Google Ads,RND_IT_GOOGLE_PMAX,35.10,2385,49,1
2025-07-07,Umbria,Google Ads,RND_IT_GOOGLE_SEARCH_BRAND,30.35,974,68,1
2025-07-07,Umbria,Google Ads,RND_IT_GOOGLE_SEARCH_GENERICA,75.97,1336,64,4
2025-07-07,Umbria,Google Ads,RND_IT_GOOGLE_SEARCH_LOCALE,29.11,607,28,1
2025-07-07,Valle d'Aosta,Google Ads,RND_IT_GOOGLE_DISPLAY,4.95,822,5,0
2025-07-07,Valle d'Aosta,Google Ads,RND_IT_GOOGLE_PMAX,5.65,414,8,0
2025-07-07,Valle d'Aosta,Google Ads,RND_IT_GOOGLE_SEARCH_BRAND,3.89,124,9,0
2025-07-07,Valle d'Aosta,Google Ads,RND_IT_GOOGLE_SEARCH_GENERICA,11.32,201,10,1
2025-07-07,Valle d'Aosta,Google Ads,RND_IT_GOOGLE_SEARCH_LOCALE,3.51,72,3,0
2025-07-07,Veneto,Google Ads,RND_IT_GOOGLE_DISPLAY,134.74,21213,120,3
2025-07-07,Veneto,Google Ads,RND_IT_GOOGLE_PMAX,196.08,13763,285,5
2025-07-07,Veneto,Google Ads,RND_IT_GOOGLE_SEARCH_BRAND,148.82,4996,348,3
2025-07-07,Veneto,Google Ads,RND_IT_GOOGLE_SEARCH_GENERICA,371.32,7053,382,15
2025-07-07,Veneto,Google Ads,RND_IT_GOOGLE_SEARCH_LOCALE,181.90,3852,208,6
2025-07-14,Abruzzo,Google Ads,RND_IT_GOOGLE_DISPLAY,38.37,6301,42,1
2025-07-14,Abruzzo,Google Ads,RND_IT_GOOGLE_PMAX,60.06,4427,89,1
2025-07-14,Abruzzo,Google Ads,RND_IT_GOOGLE_SEARCH_BRAND,41.99,1422,97,1
2025-07-14,Abruzzo,Google Ads,RND_IT_GOOGLE_SEARCH_GENERICA,99.68,1912,92,3
2025-07-14,Abruzzo,Google Ads,RND_IT_GOOGLE_SEARCH_LOCALE,37.40,769,32,1
2025-07-14,Basilicata,Google Ads,RND_IT_GOOGLE_DISPLAY,13.37,2210,13,0
2025-07-14,Basilicata,Google Ads,RND_IT_GOOGLE_PMAX,17.35,1238,24,0
2025-07-14,Basilicata,Google Ads,RND_IT_GOOGLE_SEARCH_BRAND,29.01,993,78,1
2025-07-14,Basilicata,Google Ads,RND_IT_GOOGLE_SEARCH_GENERICA,50.24,941,49,2
2025-07-14,Basilicata,Google Ads,RND_IT_GOOGLE_SEARCH_LOCALE,19.16,389,19,0
2025-07-14,Calabria,Google Ads,RND_IT_GOOGLE_DISPLAY,73.98,12108,73,2
2025-07-14,Calabria,Google Ads,RND_IT_GOOGLE_PMAX,90.02,6377,119,3
2025-07-14,Calabria,Google Ads,RND_IT_GOOGLE_SEARCH_BRAND,101.38,3430,254,3
2025-07-14,Calabria,Google Ads,RND_IT_GOOGLE_SEARCH_GENERICA,192.43,3637,184,11
2025-07-14,Calabria,Google Ads,RND_IT_GOOGLE_SEARCH_LOCALE,61.18,1241,57,2
2025-07-14,Campania,Google Ads,RND_IT_GOOGLE_DISPLAY,184.70,30321,159,5
2025-07-14,Campania,Google Ads,RND_IT_GOOGLE_PMAX,189.99,14125,314,6
2025-07-14,Campania,Google Ads,RND_IT_GOOGLE_SEARCH_BRAND,223.12,7556,569,6
2025-07-14,Campania,Google Ads,RND_IT_GOOGLE_SEARCH_GENERICA,641.09,12082,642,30
2025-07-14,Campania,Google Ads,RND_IT_GOOGLE_SEARCH_LOCALE,235.93,4963,222,9
2025-07-14,Emilia-Romagna,Google Ads,RND_IT_GOOGLE_DISPLAY,233.40,40034,259,10
2025-07-14,Emilia-Romagna,Google Ads,RND_IT_GOOGLE_PMAX,290.77,19958,411,11
2025-07-14,Emilia-Romagna,Google Ads,RND_IT_GOOGLE_SEARCH_BRAND,260.14,8415,656,10
2025-07-14,Emilia-Romagna,Google Ads,RND_IT_GOOGLE_SEARCH_GENERICA,401.07,7414,393,25
2025-07-14,Emilia-Romagna,Google Ads,RND_IT_GOOGLE_SEARCH_LOCALE,145.39,3048,139,7
2025-07-14,Friuli-Venezia Giulia,Google Ads,RND_IT_GOOGLE_DISPLAY,35.56,6314,41,1
2025-07-14,Friuli-Venezia Giulia,Google Ads,RND_IT_GOOGLE_PMAX,69.66,5190,110,3
2025-07-14,Friuli-Venezia Giulia,Google Ads,RND_IT_GOOGLE_SEARCH_BRAND,44.36,1474,96,2
2025-07-14,Friuli-Venezia Giulia,Google Ads,RND_IT_GOOGLE_SEARCH_GENERICA,113.55,2085,104,8
2025-07-14,Friuli-Venezia Giulia,Google Ads,RND_IT_GOOGLE_SEARCH_LOCALE,26.75,583,25,1
2025-07-14,Lazio,Google Ads,RND_IT_GOOGLE_DISPLAY,136.13,22920,126,6
2025-07-14,Lazio,Google Ads,RND_IT_GOOGLE_PMAX,153.28,10739,221,7
2025-07-14,Lazio,Google Ads,RND_IT_GOOGLE_SEARCH_BRAND,137.06,4362,357,5
2025-07-14,Lazio,Google Ads,RND_IT_GOOGLE_SEARCH_GENERICA,508.56,9396,414,32
2025-07-14,Lazio,Google Ads,RND_IT_GOOGLE_SEARCH_LOCALE,240.58,4968,230,12
2025-07-14,Liguria,Google Ads,RND_IT_GOOGLE_DISPLAY,28.24,4585,30,1
2025-07-14,Liguria,Google Ads,RND_IT_GOOGLE_PMAX,31.59,2267,48,1
2025-07-14,Liguria,Google Ads,RND_IT_GOOGLE_SEARCH_BRAND,42.77,1340,98,2
2025-07-14,Liguria,Google Ads,RND_IT_GOOGLE_SEARCH_GENERICA,110.33,2050,101,8
2025-07-14,Liguria,Google Ads,RND_IT_GOOGLE_SEARCH_LOCALE,59.51,1228,57,3
2025-07-14,Lombardia,Google Ads,RND_IT_GOOGLE_DISPLAY,274.96,45915,250,7
2025-07-14,Lombardia,Google Ads,RND_IT_GOOGLE_PMAX,329.32,23644,443,11
2025-07-14,Lombardia,Google Ads,RND_IT_GOOGLE_SEARCH_BRAND,404.30,13776,1072,10
2025-07-14,Lombardia,Google Ads,RND_IT_GOOGLE_SEARCH_GENERICA,1003.85,17846,891,43
2025-07-14,Lombardia,Google Ads,RND_IT_GOOGLE_SEARCH_LOCALE,321.17,6980,373,13
2025-07-14,Marche,Google Ads,RND_IT_GOOGLE_DISPLAY,25.96,4281,27,1
2025-07-14,Marche,Google Ads,RND_IT_GOOGLE_PMAX,71.47,5040,101,2
2025-07-14,Marche,Google Ads,RND_IT_GOOGLE_SEARCH_BRAND,53.85,1754,137,1
2025-07-14,Marche,Google Ads,RND_IT_GOOGLE_SEARCH_GENERICA,95.01,1765,90,6
2025-07-14,Marche,Google Ads,RND_IT_GOOGLE_SEARCH_LOCALE,45.06,966,47,2
2025-07-14,Molise,Google Ads,RND_IT_GOOGLE_DISPLAY,8.97,1535,9,0
2025-07-14,Molise,Google Ads,RND_IT_GOOGLE_PMAX,14.15,987,20,1
2025-07-14,Molise,Google Ads,RND_IT_GOOGLE_SEARCH_BRAND,9.11,312,26,0
2025-07-14,Molise,Google Ads,RND_IT_GOOGLE_SEARCH_GENERICA,39.20,744,35,2
2025-07-14,Molise,Google Ads,RND_IT_GOOGLE_SEARCH_LOCALE,14.15,296,14,1
2025-07-14,Piemonte,Google Ads,RND_IT_GOOGLE_DISPLAY,99.66,16753,110,2
2025-07-14,Piemonte,Google Ads,RND_IT_GOOGLE_PMAX,155.49,10983,240,4
2025-07-14,Piemonte,Google Ads,RND_IT_GOOGLE_SEARCH_BRAND,133.52,4599,342,3
2025-07-14,Piemonte,Google Ads,RND_IT_GOOGLE_SEARCH_GENERICA,577.19,10429,563,25
2025-07-14,Piemonte,Google Ads,RND_IT_GOOGLE_SEARCH_LOCALE,183.67,3647,171,5
2025-07-14,Puglia,Google Ads,RND_IT_GOOGLE_DISPLAY,207.20,32899,201,5
2025-07-14,Puglia,Google Ads,RND_IT_GOOGLE_PMAX,242.00,16760,398,6
2025-07-14,Puglia,Google Ads,RND_IT_GOOGLE_SEARCH_BRAND,188.29,6160,393,4
2025-07-14,Puglia,Google Ads,RND_IT_GOOGLE_SEARCH_GENERICA,523.82,9434,472,20
2025-07-14,Puglia,Google Ads,RND_IT_GOOGLE_SEARCH_LOCALE,244.57,4971,253,7
2025-07-14,Sardegna,Google Ads,RND_IT_GOOGLE_DISPLAY,63.08,10859,69,2
2025-07-14,Sardegna,Google Ads,RND_IT_GOOGLE_PMAX,102.79,7774,160,3
2025-07-14,Sardegna,Google Ads,RND_IT_GOOGLE_SEARCH_BRAND,69.06,2343,176,2
2025-07-14,Sardegna,Google Ads,RND_IT_GOOGLE_SEARCH_GENERICA,209.14,3857,180,13
2025-07-14,Sardegna,Google Ads,RND_IT_GOOGLE_SEARCH_LOCALE,75.71,1527,64,3
2025-07-14,Sicilia,Google Ads,RND_IT_GOOGLE_DISPLAY,167.94,28801,188,6
2025-07-14,Sicilia,Google Ads,RND_IT_GOOGLE_PMAX,354.80,24977,476,13
2025-07-14,Sicilia,Google Ads,RND_IT_GOOGLE_SEARCH_BRAND,178.32,5826,443,5
2025-07-14,Sicilia,Google Ads,RND_IT_GOOGLE_SEARCH_GENERICA,877.96,15652,757,53
2025-07-14,Sicilia,Google Ads,RND_IT_GOOGLE_SEARCH_LOCALE,241.70,5041,224,10
2025-07-14,Toscana,Google Ads,RND_IT_GOOGLE_DISPLAY,95.96,16711,98,4
2025-07-14,Toscana,Google Ads,RND_IT_GOOGLE_PMAX,183.82,13586,249,9
2025-07-14,Toscana,Google Ads,RND_IT_GOOGLE_SEARCH_BRAND,89.47,2817,196,3
2025-07-14,Toscana,Google Ads,RND_IT_GOOGLE_SEARCH_GENERICA,240.36,4198,238,17
2025-07-14,Toscana,Google Ads,RND_IT_GOOGLE_SEARCH_LOCALE,142.80,2930,114,7
2025-07-14,Trentino-Alto Adige,Google Ads,RND_IT_GOOGLE_DISPLAY,53.46,8771,53,2
2025-07-14,Trentino-Alto Adige,Google Ads,RND_IT_GOOGLE_PMAX,37.63,2771,52,1
2025-07-14,Trentino-Alto Adige,Google Ads,RND_IT_GOOGLE_SEARCH_BRAND,56.83,1901,144,2
2025-07-14,Trentino-Alto Adige,Google Ads,RND_IT_GOOGLE_SEARCH_GENERICA,84.78,1595,83,5
2025-07-14,Trentino-Alto Adige,Google Ads,RND_IT_GOOGLE_SEARCH_LOCALE,42.95,938,44,2
2025-07-14,Umbria,Google Ads,RND_IT_GOOGLE_DISPLAY,22.27,3746,21,1
2025-07-14,Umbria,Google Ads,RND_IT_GOOGLE_PMAX,35.54,2567,49,1
2025-07-14,Umbria,Google Ads,RND_IT_GOOGLE_SEARCH_BRAND,36.38,1196,87,1
2025-07-14,Umbria,Google Ads,RND_IT_GOOGLE_SEARCH_GENERICA,93.89,1684,90,5
2025-07-14,Umbria,Google Ads,RND_IT_GOOGLE_SEARCH_LOCALE,30.61,608,29,1
2025-07-14,Valle d'Aosta,Google Ads,RND_IT_GOOGLE_DISPLAY,3.86,620,4,0
2025-07-14,Valle d'Aosta,Google Ads,RND_IT_GOOGLE_PMAX,4.62,329,5,0
2025-07-14,Valle d'Aosta,Google Ads,RND_IT_GOOGLE_SEARCH_BRAND,5.10,168,11,0
2025-07-14,Valle d'Aosta,Google Ads,RND_IT_GOOGLE_SEARCH_GENERICA,11.52,210,10,1
2025-07-14,Valle d'Aosta,Google Ads,RND_IT_GOOGLE_SEARCH_LOCALE,3.59,72,3,0
2025-07-14,Veneto,Google Ads,RND_IT_GOOGLE_DISPLAY,128.02,21304,145,2
2025-07-14,Veneto,Google Ads,RND_IT_GOOGLE_PMAX,174.98,12571,240,4
2025-07-14,Veneto,Google Ads,RND_IT_GOOGLE_SEARCH_BRAND,180.18,6362,500,4
2025-07-14,Veneto,Google Ads,RND_IT_GOOGLE_SEARCH_GENERICA,478.11,8534,406,20
2025-07-14,Veneto,Google Ads,RND_IT_GOOGLE_SEARCH_LOCALE,188.35,3953,196,5
2025-07-21,Abruzzo,Google Ads,RND_IT_GOOGLE_DISPLAY,52.69,8887,56,1
2025-07-21,Abruzzo,Google Ads,RND_IT_GOOGLE_PMAX,84.03,6105,128,2
2025-07-21,Abruzzo,Google Ads,RND_IT_GOOGLE_SEARCH_BRAND,42.05,1337,96,1
2025-07-21,Abruzzo,Google Ads,RND_IT_GOOGLE_SEARCH_GENERICA,116.30,2195,105,4
2025-07-21,Abruzzo,Google Ads,RND_IT_GOOGLE_SEARCH_LOCALE,36.22,766,33,1
2025-07-21,Basilicata,Google Ads,RND_IT_GOOGLE_DISPLAY,15.67,2561,14,0
2025-07-21,Basilicata,Google Ads,RND_IT_GOOGLE_PMAX,21.77,1560,31,0
2025-07-21,Basilicata,Google Ads,RND_IT_GOOGLE_SEARCH_BRAND,25.18,849,62,0
2025-07-21,Basilicata,Google Ads,RND_IT_GOOGLE_SEARCH_GENERICA,59.07,1101,56,2
2025-07-21,Basilicata,Google Ads,RND_IT_GOOGLE_SEARCH_LOCALE,20.23,389,17,1
2025-07-21,Calabria,Google Ads,RND_IT_GOOGLE_DISPLAY,101.29,17055,114,3
2025-07-21,Calabria,Google Ads,RND_IT_GOOGLE_PMAX,113.19,7705,151,4
2025-07-21,Calabria,Google Ads,RND_IT_GOOGLE_SEARCH_BRAND,99.35,3213,233,3
2025-07-21,Calabria,Google Ads,RND_IT_GOOGLE_SEARCH_GENERICA,220.74,3984,197,10
2025-07-21,Calabria,Google Ads,RND_IT_GOOGLE_SEARCH_LOCALE,72.77,1437,65,2
2025-07-21,Campania,Google Ads,RND_IT_GOOGLE_DISPLAY,222.07,37198,229,6
2025-07-21,Campania,Google Ads,RND_IT_GOOGLE_PMAX,224.00,15127,268,7
2025-07-21,Campania,Google Ads,RND_IT_GOOGLE_SEARCH_BRAND,246.53,8442,688,7
2025-07-21,Campania,Google Ads,RND_IT_GOOGLE_SEARCH_GENERICA,848.17,14875,718,44
2025-07-21,Campania,Google Ads,RND_IT_GOOGLE_SEARCH_LOCALE,247.12,5108,255,8
2025-07-21,Emilia-Romagna,Google Ads,RND_IT_GOOGLE_DISPLAY,273.04,44892,285,9
2025-07-21,Emilia-Romagna,Google Ads,RND_IT_GOOGLE_PMAX,373.49,27886,599,17
2025-07-21,Emilia-Romagna,Google Ads,RND_IT_GOOGLE_SEARCH_BRAND,314.58,10580,791,12
2025-07-21,Emilia-Romagna,Google Ads,RND_IT_GOOGLE_SEARCH_GENERICA,377.73,6796,331,29
2025-07-21,Emilia-Romagna,Google Ads,RND_IT_GOOGLE_SEARCH_LOCALE,187.13,4057,172,9
2025-07-21,Friuli-Venezia Giulia,Google Ads,RND_IT_GOOGLE_DISPLAY,53.31,9257,57,2
2025-07-21,Friuli-Venezia Giulia,Google Ads,RND_IT_GOOGLE_PMAX,84.13,5534,115,3
2025-07-21,Friuli-Venezia Giulia,Google Ads,RND_IT_GOOGLE_SEARCH_BRAND,41.18,1388,105,1
2025-07-21,Friuli-Venezia Giulia,Google Ads,RND_IT_GOOGLE_SEARCH_GENERICA,141.21,2611,123,8
2025-07-21,Friuli-Venezia Giulia,Google Ads,RND_IT_GOOGLE_SEARCH_LOCALE,32.55,717,33,2
2025-07-21,Lazio,Google Ads,RND_IT_GOOGLE_DISPLAY,196.29,32486,201,7
2025-07-21,Lazio,Google Ads,RND_IT_GOOGLE_PMAX,160.00,11496,230,6
2025-07-21,Lazio,Google Ads,RND_IT_GOOGLE_SEARCH_BRAND,138.04,4471,325,5
2025-07-21,Lazio,Google Ads,RND_IT_GOOGLE_SEARCH_GENERICA,570.82,10437,515,39
2025-07-21,Lazio,Google Ads,RND_IT_GOOGLE_SEARCH_LOCALE,324.65,6679,317,15
2025-07-21,Liguria,Google Ads,RND_IT_GOOGLE_DISPLAY,36.50,6107,32,2
2025-07-21,Liguria,Google Ads,RND_IT_GOOGLE_PMAX,38.60,2738,46,2
2025-07-21,Liguria,Google Ads,RND_IT_GOOGLE_SEARCH_BRAND,44.58,1452,112,2
2025-07-21,Liguria,Google Ads,RND_IT_GOOGLE_SEARCH_GENERICA,109.37,1995,108,8
2025-07-21,Liguria,Google Ads,RND_IT_GOOGLE_SEARCH_LOCALE,65.23,1352,63,4
2025-07-21,Lombardia,Google Ads,RND_IT_GOOGLE_DISPLAY,368.05,58642,379,9
2025-07-21,Lombardia,Google Ads,RND_IT_GOOGLE_PMAX,392.89,28199,545,10
2025-07-21,Lombardia,Google Ads,RND_IT_GOOGLE_SEARCH_BRAND,430.00,14732,1209,9
2025-07-21,Lombardia,Google Ads,RND_IT_GOOGLE_SEARCH_GENERICA,1058.88,19375,866,47
2025-07-21,Lombardia,Google Ads,RND_IT_GOOGLE_SEARCH_LOCALE,360.60,7324,344,11
2025-07-21,Marche,Google Ads,RND_IT_GOOGLE_DISPLAY,36.34,6150,31,1
2025-07-21,Marche,Google Ads,RND_IT_GOOGLE_PMAX,86.57,5972,123,3
2025-07-21,Marche,Google Ads,RND_IT_GOOGLE_SEARCH_BRAND,53.50,1878,147,2
2025-07-21,Marche,Google Ads,RND_IT_GOOGLE_SEARCH_GENERICA,95.62,1778,91,6
2025-07-21,Marche,Google Ads,RND_IT_GOOGLE_SEARCH_LOCALE,46.04,977,46,2
2025-07-21,Molise,Google Ads,RND_IT_GOOGLE_DISPLAY,10.70,1758,11,0
2025-07-21,Molise,Google Ads,RND_IT_GOOGLE_PMAX,16.85,1217,24,1
2025-07-21,Molise,Google Ads,RND_IT_GOOGLE_SEARCH_BRAND,8.10,274,22,0
2025-07-21,Molise,Google Ads,RND_IT_GOOGLE_SEARCH_GENERICA,45.91,834,46,2
2025-07-21,Molise,Google Ads,RND_IT_GOOGLE_SEARCH_LOCALE,16.31,355,15,1
2025-07-21,Piemonte,Google Ads,RND_IT_GOOGLE_DISPLAY,123.17,21117,128,3
2025-07-21,Piemonte,Google Ads,RND_IT_GOOGLE_PMAX,211.94,15232,309,6
2025-07-21,Piemonte,Google Ads,RND_IT_GOOGLE_SEARCH_BRAND,134.41,4360,341,3
2025-07-21,Piemonte,Google Ads,RND_IT_GOOGLE_SEARCH_GENERICA,572.22,10544,520,25
2025-07-21,Piemonte,Google Ads,RND_IT_GOOGLE_SEARCH_LOCALE,177.24,3832,193,5
2025-07-21,Puglia,Google Ads,RND_IT_GOOGLE_DISPLAY,220.19,35255,224,5
2025-07-21,Puglia,Google Ads,RND_IT_GOOGLE_PMAX,301.32,23305,488,8
2025-07-21,Puglia,Google Ads,RND_IT_GOOGLE_SEARCH_BRAND,195.78,6592,447,4
2025-07-21,Puglia,Google Ads,RND_IT_GOOGLE_SEARCH_GENERICA,553.01,9757,470,25
2025-07-21,Puglia,Google Ads,RND_IT_GOOGLE_SEARCH_LOCALE,219.23,4563,204,6
2025-07-21,Sardegna,Google Ads,RND_IT_GOOGLE_DISPLAY,76.12,12851,78,2
2025-07-21,Sardegna,Google Ads,RND_IT_GOOGLE_PMAX,113.98,8173,165,4
2025-07-21,Sardegna,Google Ads,RND_IT_GOOGLE_SEARCH_BRAND,67.70,2421,170,2
2025-07-21,Sardegna,Google Ads,RND_IT_GOOGLE_SEARCH_GENERICA,250.50,4903,261,15
2025-07-21,Sardegna,Google Ads,RND_IT_GOOGLE_SEARCH_LOCALE,86.88,1764,78,3
2025-07-21,Sicilia,Google Ads,RND_IT_GOOGLE_DISPLAY,239.16,37251,240,9
2025-07-21,Sicilia,Google Ads,RND_IT_GOOGLE_PMAX,393.13,29216,611,16
2025-07-21,Sicilia,Google Ads,RND_IT_GOOGLE_SEARCH_BRAND,188.10,6289,465,6
2025-07-21,Sicilia,Google Ads,RND_IT_GOOGLE_SEARCH_GENERICA,817.71,14741,686,55
2025-07-21,Sicilia,Google Ads,RND_IT_GOOGLE_SEARCH_LOCALE,219.15,4567,225,10
2025-07-21,Toscana,Google Ads,RND_IT_GOOGLE_DISPLAY,126.92,21545,129,4
2025-07-21,Toscana,Google Ads,RND_IT_GOOGLE_PMAX,226.60,15458,291,10
2025-07-21,Toscana,Google Ads,RND_IT_GOOGLE_SEARCH_BRAND,120.28,4185,298,5
2025-07-21,Toscana,Google Ads,RND_IT_GOOGLE_SEARCH_GENERICA,256.42,4691,234,17
2025-07-21,Toscana,Google Ads,RND_IT_GOOGLE_SEARCH_LOCALE,156.82,3403,146,7
2025-07-21,Trentino-Alto Adige,Google Ads,RND_IT_GOOGLE_DISPLAY,62.89,10427,64,2
2025-07-21,Trentino-Alto Adige,Google Ads,RND_IT_GOOGLE_PMAX,51.53,3793,69,2
2025-07-21,Trentino-Alto Adige,Google Ads,RND_IT_GOOGLE_SEARCH_BRAND,49.03,1598,111,1
2025-07-21,Trentino-Alto Adige,Google Ads,RND_IT_GOOGLE_SEARCH_GENERICA,83.22,1539,71,5
2025-07-21,Trentino-Alto Adige,Google Ads,RND_IT_GOOGLE_SEARCH_LOCALE,41.85,861,40,2
2025-07-21,Umbria,Google Ads,RND_IT_GOOGLE_DISPLAY,26.42,4456,27,1
2025-07-21,Umbria,Google Ads,RND_IT_GOOGLE_PMAX,37.25,2679,55,1
2025-07-21,Umbria,Google Ads,RND_IT_GOOGLE_SEARCH_BRAND,38.72,1289,84,1
2025-07-21,Umbria,Google Ads,RND_IT_GOOGLE_SEARCH_GENERICA,98.60,1771,77,5
2025-07-21,Umbria,Google Ads,RND_IT_GOOGLE_SEARCH_LOCALE,35.10,691,30,2
2025-07-21,Valle d'Aosta,Google Ads,RND_IT_GOOGLE_DISPLAY,4.77,780,5,0
2025-07-21,Valle d'Aosta,Google Ads,RND_IT_GOOGLE_PMAX,5.07,365,8,0
2025-07-21,Valle d'Aosta,Google Ads,RND_IT_GOOGLE_SEARCH_BRAND,6.18,210,14,0
2025-07-21,Valle d'Aosta,Google Ads,RND_IT_GOOGLE_SEARCH_GENERICA,15.67,285,14,1
2025-07-21,Valle d'Aosta,Google Ads,RND_IT_GOOGLE_SEARCH_LOCALE,4.32,89,5,0
2025-07-21,Veneto,Google Ads,RND_IT_GOOGLE_DISPLAY,198.87,32200,201,4
2025-07-21,Veneto,Google Ads,RND_IT_GOOGLE_PMAX,256.43,18472,383,6
2025-07-21,Veneto,Google Ads,RND_IT_GOOGLE_SEARCH_BRAND,185.38,6253,461,4
2025-07-21,Veneto,Google Ads,RND_IT_GOOGLE_SEARCH_GENERICA,521.24,9476,432,22
2025-07-21,Veneto,Google Ads,RND_IT_GOOGLE_SEARCH_LOCALE,208.82,4314,226,7
2025-07-28,Abruzzo,Google Ads,RND_IT_GOOGLE_DISPLAY,52.26,8597,47,1
2025-07-28,Abruzzo,Google Ads,RND_IT_GOOGLE_PMAX,65.62,4927,99,1
2025-07-28,Abruzzo,Google Ads,RND_IT_GOOGLE_SEARCH_BRAND,34.31,1117,83,1
2025-07-28,Abruzzo,Google Ads,RND_IT_GOOGLE_SEARCH_GENERICA,105.21,1861,93,4
2025-07-28,Abruzzo,Google Ads,RND_IT_GOOGLE_SEARCH_LOCALE,39.23,773,35,1
2025-07-28,Basilicata,Google Ads,RND_IT_GOOGLE_DISPLAY,15.89,2663,15,0
2025-07-28,Basilicata,Google Ads,RND_IT_GOOGLE_PMAX,18.57,1337,26,0
2025-07-28,Basilicata,Google Ads,RND_IT_GOOGLE_SEARCH_BRAND,23.39,761,54,0
2025-07-28,Basilicata,Google Ads,RND_IT_GOOGLE_SEARCH_GENERICA,52.64,970,52,2
2025-07-28,Basilicata,Google Ads,RND_IT_GOOGLE_SEARCH_LOCALE,19.96,419,20,1
2025-07-28,Calabria,Google Ads,RND_IT_GOOGLE_DISPLAY,82.18,13933,87,3
2025-07-28,Calabria,Google Ads,RND_IT_GOOGLE_PMAX,88.04,6140,125,3
2025-07-28,Calabria,Google Ads,RND_IT_GOOGLE_SEARCH_BRAND,79.96,2744,207,2
2025-07-28,Calabria,Google Ads,RND_IT_GOOGLE_SEARCH_GENERICA,207.39,3584,202,9
2025-07-28,Calabria,Google Ads,RND_IT_GOOGLE_SEARCH_LOCALE,87.22,1845,83,3
2025-07-28,Campania,Google Ads,RND_IT_GOOGLE_DISPLAY,204.85,34453,225,6
2025-07-28,Campania,Google Ads,RND_IT_GOOGLE_PMAX,198.03,13884,285,7
2025-07-28,Campania,Google Ads,RND_IT_GOOGLE_SEARCH_BRAND,215.98,7457,542,6
2025-07-28,Campania,Google Ads,RND_IT_GOOGLE_SEARCH_GENERICA,755.98,14468,728,42
2025-07-28,Campania,Google Ads,RND_IT_GOOGLE_SEARCH_LOCALE,243.68,5360,235,9
2025-07-28,Emilia-Romagna,Google Ads,RND_IT_GOOGLE_DISPLAY,341.27,55280,315,11
2025-07-28,Emilia-Romagna,Google Ads,RND_IT_GOOGLE_PMAX,449.08,32864,677,19
2025-07-28,Emilia-Romagna,Google Ads,RND_IT_GOOGLE_SEARCH_BRAND,334.77,11665,942,12
2025-07-28,Emilia-Romagna,Google Ads,RND_IT_GOOGLE_SEARCH_GENERICA,438.95,8171,438,30
2025-07-28,Emilia-Romagna,Google Ads,RND_IT_GOOGLE_SEARCH_LOCALE,198.56,3971,180,10
2025-07-28,Friuli-Venezia Giulia,Google Ads,RND_IT_GOOGLE_DISPLAY,52.05,9154,64,2
2025-07-28,Friuli-Venezia Giulia,Google Ads,RND_IT_GOOGLE_PMAX,73.11,5292,125,3
2025-07-28,Friuli-Venezia Giulia,Google Ads,RND_IT_GOOGLE_SEARCH_BRAND,34.04,1196,89,1
2025-07-28,Friuli-Venezia Giulia,Google Ads,RND_IT_GOOGLE_SEARCH_GENERICA,124.84,2313,119,9
2025-07-28,Friuli-Venezia Giulia,Google Ads,RND_IT_GOOGLE_SEARCH_LOCALE,30.47,649,29,2
2025-07-28,Lazio,Google Ads,RND_IT_GOOGLE_DISPLAY,205.65,34617,210,9
2025-07-28,Lazio,Google Ads,RND_IT_GOOGLE_PMAX,163.57,11147,209,7
2025-07-28,Lazio,Google Ads,RND_IT_GOOGLE_SEARCH_BRAND,124.98,4183,329,5
2025-07-28,Lazio,Google Ads,RND_IT_GOOGLE_SEARCH_GENERICA,499.83,8614,419,37
2025-07-28,Lazio,Google Ads,RND_IT_GOOGLE_SEARCH_LOCALE,294.62,6316,254,14
2025-07-28,Liguria,Google Ads,RND_IT_GOOGLE_DISPLAY,38.11,6232,38,2
2025-07-28,Liguria,Google Ads,RND_IT_GOOGLE_PMAX,34.08,2472,61,2
2025-07-28,Liguria,Google Ads,RND_IT_GOOGLE_SEARCH_BRAND,39.58,1307,99,1
2025-07-28,Liguria,Google Ads,RND_IT_GOOGLE_SEARCH_GENERICA,99.89,1773,77,9
2025-07-28,Liguria,Google Ads,RND_IT_GOOGLE_SEARCH_LOCALE,59.19,1252,57,4
2025-07-28,Lombardia,Google Ads,RND_IT_GOOGLE_DISPLAY,415.58,70145,384,13
2025-07-28,Lombardia,Google Ads,RND_IT_GOOGLE_PMAX,334.54,23120,422,11
2025-07-28,Lombardia,Google Ads,RND_IT_GOOGLE_SEARCH_BRAND,399.06,13841,936,9
2025-07-28,Lombardia,Google Ads,RND_IT_GOOGLE_SEARCH_GENERICA,1070.96,20284,1130,49
2025-07-28,Lombardia,Google Ads,RND_IT_GOOGLE_SEARCH_LOCALE,290.51,5869,263,10
2025-07-28,Marche,Google Ads,RND_IT_GOOGLE_DISPLAY,31.62,5311,34,1
2025-07-28,Marche,Google Ads,RND_IT_GOOGLE_PMAX,67.88,4913,101,2
2025-07-28,Marche,Google Ads,RND_IT_GOOGLE_SEARCH_BRAND,45.14,1537,115,2
2025-07-28,Marche,Google Ads,RND_IT_GOOGLE_SEARCH_GENERICA,88.41,1808,84,5
2025-07-28,Marche,Google Ads,RND_IT_GOOGLE_SEARCH_LOCALE,47.09,950,44,2
2025-07-28,Molise,Google Ads,RND_IT_GOOGLE_DISPLAY,11.04,1830,11,0
2025-07-28,Molise,Google Ads,RND_IT_GOOGLE_PMAX,13.85,966,18,1
2025-07-28,Molise,Google Ads,RND_IT_GOOGLE_SEARCH_BRAND,6.80,220,15,0
2025-07-28,Molise,Google Ads,RND_IT_GOOGLE_SEARCH_GENERICA,44.71,842,46,2
2025-07-28,Molise,Google Ads,RND_IT_GOOGLE_SEARCH_LOCALE,13.33,279,12,1
2025-07-28,Piemonte,Google Ads,RND_IT_GOOGLE_DISPLAY,128.93,21300,121,4
2025-07-28,Piemonte,Google Ads,RND_IT_GOOGLE_PMAX,187.79,13301,272,6
2025-07-28,Piemonte,Google Ads,RND_IT_GOOGLE_SEARCH_BRAND,113.74,3674,273,3
2025-07-28,Piemonte,Google Ads,RND_IT_GOOGLE_SEARCH_GENERICA,552.36,10355,537,27
2025-07-28,Piemonte,Google Ads,RND_IT_GOOGLE_SEARCH_LOCALE,134.59,2812,123,4
2025-07-28,Puglia,Google Ads,RND_IT_GOOGLE_DISPLAY,209.72,35986,211,6
2025-07-28,Puglia,Google Ads,RND_IT_GOOGLE_PMAX,290.35,20400,436,9
2025-07-28,Puglia,Google Ads,RND_IT_GOOGLE_SEARCH_BRAND,166.63,5636,401,5
2025-07-28,Puglia,Google Ads,RND_IT_GOOGLE_SEARCH_GENERICA,414.81,7661,357,19
2025-07-28,Puglia,Google Ads,RND_IT_GOOGLE_SEARCH_LOCALE,212.35,4350,208,7
2025-07-28,Sardegna,Google Ads,RND_IT_GOOGLE_DISPLAY,71.50,12535,82,2
2025-07-28,Sardegna,Google Ads,RND_IT_GOOGLE_PMAX,104.74,7822,157,4
2025-07-28,Sardegna,Google Ads,RND_IT_GOOGLE_SEARCH_BRAND,53.20,1764,136,2
2025-07-28,Sardegna,Google Ads,RND_IT_GOOGLE_SEARCH_GENERICA,222.50,3943,201,13
2025-07-28,Sardegna,Google Ads,RND_IT_GOOGLE_SEARCH_LOCALE,70.35,1522,71,3
2025-07-28,Sicilia,Google Ads,RND_IT_GOOGLE_DISPLAY,232.93,36450,226,10
2025-07-28,Sicilia,Google Ads,RND_IT_GOOGLE_PMAX,321.06,23209,496,13
2025-07-28,Sicilia,Google Ads,RND_IT_GOOGLE_SEARCH_BRAND,169.67,5651,384,8
2025-07-28,Sicilia,Google Ads,RND_IT_GOOGLE_SEARCH_GENERICA,625.25,11708,673,44
2025-07-28,Sicilia,Google Ads,RND_IT_GOOGLE_SEARCH_LOCALE,199.10,4098,202,11
2025-07-28,Toscana,Google Ads,RND_IT_GOOGLE_DISPLAY,115.53,19966,112,5
2025-07-28,Toscana,Google Ads,RND_IT_GOOGLE_PMAX,169.28,12549,244,9
2025-07-28,Toscana,Google Ads,RND_IT_GOOGLE_SEARCH_BRAND,106.34,3659,275,4
2025-07-28,Toscana,Google Ads,RND_IT_GOOGLE_SEARCH_GENERICA,257.10,4520,250,17
2025-07-28,Toscana,Google Ads,RND_IT_GOOGLE_SEARCH_LOCALE,109.60,2154,100,5
2025-07-28,Trentino-Alto Adige,Google Ads,RND_IT_GOOGLE_DISPLAY,64.20,10706,62,2
2025-07-28,Trentino-Alto Adige,Google Ads,RND_IT_GOOGLE_PMAX,43.50,3377,58,2
2025-07-28,Trentino-Alto Adige,Google Ads,RND_IT_GOOGLE_SEARCH_BRAND,35.11,1197,93,1
2025-07-28,Trentino-Alto Adige,Google Ads,RND_IT_GOOGLE_SEARCH_GENERICA,80.08,1403,68,5
2025-07-28,Trentino-Alto Adige,Google Ads,RND_IT_GOOGLE_SEARCH_LOCALE,38.36,794,35,2
2025-07-28,Umbria,Google Ads,RND_IT_GOOGLE_DISPLAY,28.57,4795,32,1
2025-07-28,Umbria,Google Ads,RND_IT_GOOGLE_PMAX,27.98,2002,42,1
2025-07-28,Umbria,Google Ads,RND_IT_GOOGLE_SEARCH_BRAND,36.08,1251,100,1
2025-07-28,Umbria,Google Ads,RND_IT_GOOGLE_SEARCH_GENERICA,110.71,1936,92,6
2025-07-28,Umbria,Google Ads,RND_IT_GOOGLE_SEARCH_LOCALE,31.21,660,31,1
2025-07-28,Valle d'Aosta,Google Ads,RND_IT_GOOGLE_DISPLAY,5.07,879,5,0
2025-07-28,Valle d'Aosta,Google Ads,RND_IT_GOOGLE_PMAX,4.03,301,6,0
2025-07-28,Valle d'Aosta,Google Ads,RND_IT_GOOGLE_SEARCH_BRAND,6.10,191,14,0
2025-07-28,Valle d'Aosta,Google Ads,RND_IT_GOOGLE_SEARCH_GENERICA,14.35,269,14,1
2025-07-28,Valle d'Aosta,Google Ads,RND_IT_GOOGLE_SEARCH_LOCALE,3.74,79,3,0
2025-07-28,Veneto,Google Ads,RND_IT_GOOGLE_DISPLAY,198.27,30413,190,6
2025-07-28,Veneto,Google Ads,RND_IT_GOOGLE_PMAX,219.97,15383,297,7
2025-07-28,Veneto,Google Ads,RND_IT_GOOGLE_SEARCH_BRAND,169.33,5687,427,4
2025-07-28,Veneto,Google Ads,RND_IT_GOOGLE_SEARCH_GENERICA,404.68,7345,363,19
2025-07-28,Veneto,Google Ads,RND_IT_GOOGLE_SEARCH_LOCALE,203.43,4281,221,6
2025-08-04,Abruzzo,Google Ads,RND_IT_GOOGLE_DISPLAY,26.41,4509,29,1
2025-08-04,Abruzzo,Google Ads,RND_IT_GOOGLE_PMAX,56.67,4200,82,2
2025-08-04,Abruzzo,Google Ads,RND_IT_GOOGLE_SEARCH_BRAND,34.65,1179,90,1
2025-08-04,Abruzzo,Google Ads,RND_IT_GOOGLE_SEARCH_GENERICA,64.57,1178,64,3
2025-08-04,Abruzzo,Google Ads,RND_IT_GOOGLE_SEARCH_LOCALE,31.49,685,31,1
2025-08-04,Basilicata,Google Ads,RND_IT_GOOGLE_DISPLAY,9.36,1620,7,0
2025-08-04,Basilicata,Google Ads,RND_IT_GOOGLE_PMAX,16.72,1165,24,0
2025-08-04,Basilicata,Google Ads,RND_IT_GOOGLE_SEARCH_BRAND,19.00,604,50,0
2025-08-04,Basilicata,Google Ads,RND_IT_GOOGLE_SEARCH_GENERICA,37.37,679,36,1
2025-08-04,Basilicata,Google Ads,RND_IT_GOOGLE_SEARCH_LOCALE,15.68,316,16,0
2025-08-04,Calabria,Google Ads,RND_IT_GOOGLE_DISPLAY,60.90,9941,65,2
2025-08-04,Calabria,Google Ads,RND_IT_GOOGLE_PMAX,82.20,5868,111,2
2025-08-04,Calabria,Google Ads,RND_IT_GOOGLE_SEARCH_BRAND,58.03,1896,127,2
2025-08-04,Calabria,Google Ads,RND_IT_GOOGLE_SEARCH_GENERICA,137.61,2417,107,6
2025-08-04,Calabria,Google Ads,RND_IT_GOOGLE_SEARCH_LOCALE,65.33,1344,57,3
2025-08-04,Campania,Google Ads,RND_IT_GOOGLE_DISPLAY,126.70,20234,114,4
2025-08-04,Campania,Google Ads,RND_IT_GOOGLE_PMAX,198.52,14409,296,6
2025-08-04,Campania,Google Ads,RND_IT_GOOGLE_SEARCH_BRAND,141.53,4599,323,4
2025-08-04,Campania,Google Ads,RND_IT_GOOGLE_SEARCH_GENERICA,640.44,11410,589,31
2025-08-04,Campania,Google Ads,RND_IT_GOOGLE_SEARCH_LOCALE,188.75,4115,171,6
2025-08-04,Emilia-Romagna,Google Ads,RND_IT_GOOGLE_DISPLAY,196.77,34408,201,8
2025-08-04,Emilia-Romagna,Google Ads,RND_IT_GOOGLE_PMAX,389.98,28436,616,18
2025-08-04,Emilia-Romagna,Google Ads,RND_IT_GOOGLE_SEARCH_BRAND,282.45,9421,845,11
2025-08-04,Emilia-Romagna,Google Ads,RND_IT_GOOGLE_SEARCH_GENERICA,338.26,6036,298,21
2025-08-04,Emilia-Romagna,Google Ads,RND_IT_GOOGLE_SEARCH_LOCALE,134.72,2641,122,7
2025-08-04,Friuli-Venezia Giulia,Google Ads,RND_IT_GOOGLE_DISPLAY,33.49,5288,35,1
2025-08-04,Friuli-Venezia Giulia,Google Ads,RND_IT_GOOGLE_PMAX,62.76,4312,99,3
2025-08-04,Friuli-Venezia Giulia,Google Ads,RND_IT_GOOGLE_SEARCH_BRAND,27.92,976,72,1
2025-08-04,Friuli-Venezia Giulia,Google Ads,RND_IT_GOOGLE_SEARCH_GENERICA,92.96,1619,81,6
2025-08-04,Friuli-Venezia Giulia,Google Ads,RND_IT_GOOGLE_SEARCH_LOCALE,22.89,476,22,1
2025-08-04,Lazio,Google Ads,RND_IT_GOOGLE_DISPLAY,131.27,22153,146,5
2025-08-04,Lazio,Google Ads,RND_IT_GOOGLE_PMAX,143.70,9997,220,7
2025-08-04,Lazio,Google Ads,RND_IT_GOOGLE_SEARCH_BRAND,96.97,3428,223,4
2025-08-04,Lazio,Google Ads,RND_IT_GOOGLE_SEARCH_GENERICA,379.61,6798,346,31
2025-08-04,Lazio,Google Ads,RND_IT_GOOGLE_SEARCH_LOCALE,234.11,5057,233,13
2025-08-04,Liguria,Google Ads,RND_IT_GOOGLE_DISPLAY,23.13,3973,25,1
2025-08-04,Liguria,Google Ads,RND_IT_GOOGLE_PMAX,31.81,2314,47,2
2025-08-04,Liguria,Google Ads,RND_IT_GOOGLE_SEARCH_BRAND,33.45,1088,78,2
2025-08-04,Liguria,Google Ads,RND_IT_GOOGLE_SEARCH_GENERICA,78.64,1383,75,7
2025-08-04,Liguria,Google Ads,RND_IT_GOOGLE_SEARCH_LOCALE,41.38,893,41,3
2025-08-04,Lombardia,Google Ads,RND_IT_GOOGLE_DISPLAY,317.19,53494,337,10
2025-08-04,Lombardia,Google Ads,RND_IT_GOOGLE_PMAX,354.66,25053,510,13
2025-08-04,Lombardia,Google Ads,RND_IT_GOOGLE_SEARCH_BRAND,345.55,11700,707,11
2025-08-04,Lombardia,Google Ads,RND_IT_GOOGLE_SEARCH_GENERICA,800.18,14801,791,47
2025-08-04,Lombardia,Google Ads,RND_IT_GOOGLE_SEARCH_LOCALE,209.20,4445,191,8
2025-08-04,Marche,Google Ads,RND_IT_GOOGLE_DISPLAY,22.53,3819,24,1
2025-08-04,Marche,Google Ads,RND_IT_GOOGLE_PMAX,64.16,4391,85,3
2025-08-04,Marche,Google Ads,RND_IT_GOOGLE_SEARCH_BRAND,35.19,1193,91,1
2025-08-04,Marche,Google Ads,RND_IT_GOOGLE_SEARCH_GENERICA,80.94,1501,71,5
2025-08-04,Marche,Google Ads,RND_IT_GOOGLE_SEARCH_LOCALE,36.50,776,31,1
2025-08-04,Molise,Google Ads,RND_IT_GOOGLE_DISPLAY,7.22,1194,8,0
2025-08-04,Molise,Google Ads,RND_IT_GOOGLE_PMAX,13.92,992,19,1
2025-08-04,Molise,Google Ads,RND_IT_GOOGLE_SEARCH_BRAND,5.50,186,15,0
2025-08-04,Molise,Google Ads,RND_IT_GOOGLE_SEARCH_GENERICA,32.62,570,28,2
2025-08-04,Molise,Google Ads,RND_IT_GOOGLE_SEARCH_LOCALE,8.83,178,8,0
2025-08-04,Piemonte,Google Ads,RND_IT_GOOGLE_DISPLAY,73.38,12400,83,3
2025-08-04,Piemonte,Google Ads,RND_IT_GOOGLE_PMAX,176.57,12567,267,5
2025-08-04,Piemonte,Google Ads,RND_IT_GOOGLE_SEARCH_BRAND,112.66,3800,267,3
2025-08-04,Piemonte,Google Ads,RND_IT_GOOGLE_SEARCH_GENERICA,377.38,6800,329,18
2025-08-04,Piemonte,Google Ads,RND_IT_GOOGLE_SEARCH_LOCALE,98.81,2143,88,3
2025-08-04,Puglia,Google Ads,RND_IT_GOOGLE_DISPLAY,141.92,23150,140,4
2025-08-04,Puglia,Google Ads,RND_IT_GOOGLE_PMAX,258.59,18569,363,8
2025-08-04,Puglia,Google Ads,RND_IT_GOOGLE_SEARCH_BRAND,120.06,4038,293,3
2025-08-04,Puglia,Google Ads,RND_IT_GOOGLE_SEARCH_GENERICA,374.99,7198,318,21
2025-08-04,Puglia,Google Ads,RND_IT_GOOGLE_SEARCH_LOCALE,152.37,3060,124,6
2025-08-04,Sardegna,Google Ads,RND_IT_GOOGLE_DISPLAY,40.88,6694,38,1
2025-08-04,Sardegna,Google Ads,RND_IT_GOOGLE_PMAX,93.48,6783,139,4
2025-08-04,Sardegna,Google Ads,RND_IT_GOOGLE_SEARCH_BRAND,52.00,1821,145,2
2025-08-04,Sardegna,Google Ads,RND_IT_GOOGLE_SEARCH_GENERICA,153.79,2714,135,11
2025-08-04,Sardegna,Google Ads,RND_IT_GOOGLE_SEARCH_LOCALE,52.50,1056,46,3
2025-08-04,Sicilia,Google Ads,RND_IT_GOOGLE_DISPLAY,175.68,29311,173,8
2025-08-04,Sicilia,Google Ads,RND_IT_GOOGLE_PMAX,334.73,24243,452,18
2025-08-04,Sicilia,Google Ads,RND_IT_GOOGLE_SEARCH_BRAND,130.00,4477,295,6
2025-08-04,Sicilia,Google Ads,RND_IT_GOOGLE_SEARCH_GENERICA,462.01,8508,480,43
2025-08-04,Sicilia,Google Ads,RND_IT_GOOGLE_SEARCH_LOCALE,157.29,3315,154,10
2025-08-04,Toscana,Google Ads,RND_IT_GOOGLE_DISPLAY,76.96,12235,74,4
2025-08-04,Toscana,Google Ads,RND_IT_GOOGLE_PMAX,150.43,10497,230,8
2025-08-04,Toscana,Google Ads,RND_IT_GOOGLE_SEARCH_BRAND,93.69,3024,206,4
2025-08-04,Toscana,Google Ads,RND_IT_GOOGLE_SEARCH_GENERICA,141.63,2583,114,12
2025-08-04,Toscana,Google Ads,RND_IT_GOOGLE_SEARCH_LOCALE,99.20,2036,104,6
2025-08-04,Trentino-Alto Adige,Google Ads,RND_IT_GOOGLE_DISPLAY,42.40,7189,43,2
2025-08-04,Trentino-Alto Adige,Google Ads,RND_IT_GOOGLE_PMAX,39.52,2788,54,2
2025-08-04,Trentino-Alto Adige,Google Ads,RND_IT_GOOGLE_SEARCH_BRAND,34.11,1164,86,1
2025-08-04,Trentino-Alto Adige,Google Ads,RND_IT_GOOGLE_SEARCH_GENERICA,65.71,1234,62,4
2025-08-04,Trentino-Alto Adige,Google Ads,RND_IT_GOOGLE_SEARCH_LOCALE,27.28,572,27,1
2025-08-04,Umbria,Google Ads,RND_IT_GOOGLE_DISPLAY,18.33,2827,16,1
2025-08-04,Umbria,Google Ads,RND_IT_GOOGLE_PMAX,22.39,1644,35,1
2025-08-04,Umbria,Google Ads,RND_IT_GOOGLE_SEARCH_BRAND,31.13,1066,76,1
2025-08-04,Umbria,Google Ads,RND_IT_GOOGLE_SEARCH_GENERICA,77.39,1420,71,5
2025-08-04,Umbria,Google Ads,RND_IT_GOOGLE_SEARCH_LOCALE,20.32,429,21,1
2025-08-04,Valle d'Aosta,Google Ads,RND_IT_GOOGLE_DISPLAY,3.66,617,4,0
2025-08-04,Valle d'Aosta,Google Ads,RND_IT_GOOGLE_PMAX,3.94,277,5,0
2025-08-04,Valle d'Aosta,Google Ads,RND_IT_GOOGLE_SEARCH_BRAND,5.01,169,12,0
2025-08-04,Valle d'Aosta,Google Ads,RND_IT_GOOGLE_SEARCH_GENERICA,9.56,172,9,1
2025-08-04,Valle d'Aosta,Google Ads,RND_IT_GOOGLE_SEARCH_LOCALE,2.89,63,3,0
2025-08-04,Veneto,Google Ads,RND_IT_GOOGLE_DISPLAY,92.41,15613,83,3
2025-08-04,Veneto,Google Ads,RND_IT_GOOGLE_PMAX,170.18,12012,228,5
2025-08-04,Veneto,Google Ads,RND_IT_GOOGLE_SEARCH_BRAND,122.79,4232,289,3
2025-08-04,Veneto,Google Ads,RND_IT_GOOGLE_SEARCH_GENERICA,285.65,5204,243,13
2025-08-04,Veneto,Google Ads,RND_IT_GOOGLE_SEARCH_LOCALE,134.82,2845,131,5
2025-08-11,Abruzzo,Google Ads,RND_IT_GOOGLE_DISPLAY,29.12,4737,29,1
2025-08-11,Abruzzo,Google Ads,RND_IT_GOOGLE_PMAX,41.61,2838,62,1
2025-08-11,Abruzzo,Google Ads,RND_IT_GOOGLE_SEARCH_BRAND,31.28,1048,80,1
2025-08-11,Abruzzo,Google Ads,RND_IT_GOOGLE_SEARCH_GENERICA,48.77,889,40,2
2025-08-11,Abruzzo,Google Ads,RND_IT_GOOGLE_SEARCH_LOCALE,33.37,682,36,1
2025-08-11,Basilicata,Google Ads,RND_IT_GOOGLE_DISPLAY,12.04,1932,12,0
2025-08-11,Basilicata,Google Ads,RND_IT_GOOGLE_PMAX,17.48,1248,24,0
2025-08-11,Basilicata,Google Ads,RND_IT_GOOGLE_SEARCH_BRAND,14.18,475,35,0
2025-08-11,Basilicata,Google Ads,RND_IT_GOOGLE_SEARCH_GENERICA,27.83,505,23,1
2025-08-11,Basilicata,Google Ads,RND_IT_GOOGLE_SEARCH_LOCALE,15.82,336,14,0
2025-08-11,Calabria,Google Ads,RND_IT_GOOGLE_DISPLAY,62.77,10334,63,2
2025-08-11,Calabria,Google Ads,RND_IT_GOOGLE_PMAX,54.18,3910,70,2
2025-08-11,Calabria,Google Ads,RND_IT_GOOGLE_SEARCH_BRAND,40.96,1370,107,1
2025-08-11,Calabria,Google Ads,RND_IT_GOOGLE_SEARCH_GENERICA,85.73,1497,82,5
2025-08-11,Calabria,Google Ads,RND_IT_GOOGLE_SEARCH_LOCALE,57.64,1171,51,3
2025-08-11,Campania,Google Ads,RND_IT_GOOGLE_DISPLAY,138.64,23550,150,4
2025-08-11,Campania,Google Ads,RND_IT_GOOGLE_PMAX,178.92,12023,223,6
2025-08-11,Campania,Google Ads,RND_IT_GOOGLE_SEARCH_BRAND,124.29,3892,296,4
2025-08-11,Campania,Google Ads,RND_IT_GOOGLE_SEARCH_GENERICA,455.88,8598,400,28
2025-08-11,Campania,Google Ads,RND_IT_GOOGLE_SEARCH_LOCALE,247.14,5290,232,10
2025-08-11,Emilia-Romagna,Google Ads,RND_IT_GOOGLE_DISPLAY,152.10,25614,161,9
2025-08-11,Emilia-Romagna,Google Ads,RND_IT_GOOGLE_PMAX,252.60,17464,370,14
2025-08-11,Emilia-Romagna,Google Ads,RND_IT_GOOGLE_SEARCH_BRAND,185.52,6169,469,9
2025-08-11,Emilia-Romagna,Google Ads,RND_IT_GOOGLE_SEARCH_GENERICA,191.99,3602,174,15
2025-08-11,Emilia-Romagna,Google Ads,RND_IT_GOOGLE_SEARCH_LOCALE,120.10,2507,120,7
2025-08-11,Friuli-Venezia Giulia,Google Ads,RND_IT_GOOGLE_DISPLAY,39.99,6443,45,2
2025-08-11,Friuli-Venezia Giulia,Google Ads,RND_IT_GOOGLE_PMAX,57.98,3965,84,3
2025-08-11,Friuli-Venezia Giulia,Google Ads,RND_IT_GOOGLE_SEARCH_BRAND,25.06,819,55,1
2025-08-11,Friuli-Venezia Giulia,Google Ads,RND_IT_GOOGLE_SEARCH_GENERICA,68.74,1211,69,6
2025-08-11,Friuli-Venezia Giulia,Google Ads,RND_IT_GOOGLE_SEARCH_LOCALE,29.85,629,26,2
2025-08-11,Lazio,Google Ads,RND_IT_GOOGLE_DISPLAY,159.18,26614,154,7
2025-08-11,Lazio,Google Ads,RND_IT_GOOGLE_PMAX,119.74,8755,166,6
2025-08-11,Lazio,Google Ads,RND_IT_GOOGLE_SEARCH_BRAND,77.54,2493,193,3
2025-08-11,Lazio,Google Ads,RND_IT_GOOGLE_SEARCH_GENERICA,289.27,5212,247,24
2025-08-11,Lazio,Google Ads,RND_IT_GOOGLE_SEARCH_LOCALE,269.87,5322,252,15
2025-08-11,Liguria,Google Ads,RND_IT_GOOGLE_DISPLAY,27.68,4650,28,2
2025-08-11,Liguria,Google Ads,RND_IT_GOOGLE_PMAX,31.12,2095,40,2
2025-08-11,Liguria,Google Ads,RND_IT_GOOGLE_SEARCH_BRAND,24.71,859,63,1
2025-08-11,Liguria,Google Ads,RND_IT_GOOGLE_SEARCH_GENERICA,58.18,1051,54,6
2025-08-11,Liguria,Google Ads,RND_IT_GOOGLE_SEARCH_LOCALE,43.02,836,39,3
2025-08-11,Lombardia,Google Ads,RND_IT_GOOGLE_DISPLAY,339.86,57017,347,11
2025-08-11,Lombardia,Google Ads,RND_IT_GOOGLE_PMAX,331.95,23655,495,12
2025-08-11,Lombardia,Google Ads,RND_IT_GOOGLE_SEARCH_BRAND,300.45,10167,754,10
2025-08-11,Lombardia,Google Ads,RND_IT_GOOGLE_SEARCH_GENERICA,605.25,10623,571,35
2025-08-11,Lombardia,Google Ads,RND_IT_GOOGLE_SEARCH_LOCALE,249.04,4955,236,11
2025-08-11,Marche,Google Ads,RND_IT_GOOGLE_DISPLAY,22.65,3664,22,1
2025-08-11,Marche,Google Ads,RND_IT_GOOGLE_PMAX,53.60,3911,85,2
2025-08-11,Marche,Google Ads,RND_IT_GOOGLE_SEARCH_BRAND,32.81,1093,88,1
2025-08-11,Marche,Google Ads,RND_IT_GOOGLE_SEARCH_GENERICA,53.39,916,49,4
2025-08-11,Marche,Google Ads,RND_IT_GOOGLE_SEARCH_LOCALE,39.77,872,41,2
2025-08-11,Molise,Google Ads,RND_IT_GOOGLE_DISPLAY,8.91,1491,8,0
2025-08-11,Molise,Google Ads,RND_IT_GOOGLE_PMAX,12.43,893,18,1
2025-08-11,Molise,Google Ads,RND_IT_GOOGLE_SEARCH_BRAND,5.22,171,12,0
2025-08-11,Molise,Google Ads,RND_IT_GOOGLE_SEARCH_GENERICA,23.60,421,19,1
2025-08-11,Molise,Google Ads,RND_IT_GOOGLE_SEARCH_LOCALE,11.29,227,11,1
2025-08-11,Piemonte,Google Ads,RND_IT_GOOGLE_DISPLAY,88.94,15231,84,3
2025-08-11,Piemonte,Google Ads,RND_IT_GOOGLE_PMAX,143.40,10108,210,7
2025-08-11,Piemonte,Google Ads,RND_IT_GOOGLE_SEARCH_BRAND,89.23,3001,246,2
2025-08-11,Piemonte,Google Ads,RND_IT_GOOGLE_SEARCH_GENERICA,252.57,4543,216,15
2025-08-11,Piemonte,Google Ads,RND_IT_GOOGLE_SEARCH_LOCALE,138.92,2958,133,6
2025-08-11,Puglia,Google Ads,RND_IT_GOOGLE_DISPLAY,119.21,20188,121,5
2025-08-11,Puglia,Google Ads,RND_IT_GOOGLE_PMAX,160.52,11585,246,5
2025-08-11,Puglia,Google Ads,RND_IT_GOOGLE_SEARCH_BRAND,67.97,2333,193,2
2025-08-11,Puglia,Google Ads,RND_IT_GOOGLE_SEARCH_GENERICA,185.51,3227,165,11
2025-08-11,Puglia,Google Ads,RND_IT_GOOGLE_SEARCH_LOCALE,179.03,3658,171,8
2025-08-11,Sardegna,Google Ads,RND_IT_GOOGLE_DISPLAY,30.92,5217,28,1
2025-08-11,Sardegna,Google Ads,RND_IT_GOOGLE_PMAX,61.83,4554,105,3
2025-08-11,Sardegna,Google Ads,RND_IT_GOOGLE_SEARCH_BRAND,36.83,1197,95,1
2025-08-11,Sardegna,Google Ads,RND_IT_GOOGLE_SEARCH_GENERICA,70.77,1294,73,6
2025-08-11,Sardegna,Google Ads,RND_IT_GOOGLE_SEARCH_LOCALE,41.41,857,37,2
2025-08-11,Sicilia,Google Ads,RND_IT_GOOGLE_DISPLAY,148.47,25965,152,8
2025-08-11,Sicilia,Google Ads,RND_IT_GOOGLE_PMAX,211.21,15038,276,14
2025-08-11,Sicilia,Google Ads,RND_IT_GOOGLE_SEARCH_BRAND,79.70,2656,186,4
2025-08-11,Sicilia,Google Ads,RND_IT_GOOGLE_SEARCH_GENERICA,268.30,5048,239,27
2025-08-11,Sicilia,Google Ads,RND_IT_GOOGLE_SEARCH_LOCALE,143.75,2991,125,10
2025-08-11,Toscana,Google Ads,RND_IT_GOOGLE_DISPLAY,95.15,15939,91,5
2025-08-11,Toscana,Google Ads,RND_IT_GOOGLE_PMAX,148.78,9914,189,7
2025-08-11,Toscana,Google Ads,RND_IT_GOOGLE_SEARCH_BRAND,78.76,2694,171,3
2025-08-11,Toscana,Google Ads,RND_IT_GOOGLE_SEARCH_GENERICA,133.65,2491,120,11
2025-08-11,Toscana,Google Ads,RND_IT_GOOGLE_SEARCH_LOCALE,113.68,2485,126,6
2025-08-11,Trentino-Alto Adige,Google Ads,RND_IT_GOOGLE_DISPLAY,33.78,5487,32,1
2025-08-11,Trentino-Alto Adige,Google Ads,RND_IT_GOOGLE_PMAX,21.65,1600,31,1
2025-08-11,Trentino-Alto Adige,Google Ads,RND_IT_GOOGLE_SEARCH_BRAND,20.17,633,51,1
2025-08-11,Trentino-Alto Adige,Google Ads,RND_IT_GOOGLE_SEARCH_GENERICA,36.80,667,34,3
2025-08-11,Trentino-Alto Adige,Google Ads,RND_IT_GOOGLE_SEARCH_LOCALE,24.22,513,22,1
2025-08-11,Umbria,Google Ads,RND_IT_GOOGLE_DISPLAY,20.37,3310,21,1
2025-08-11,Umbria,Google Ads,RND_IT_GOOGLE_PMAX,22.84,1651,35,1
2025-08-11,Umbria,Google Ads,RND_IT_GOOGLE_SEARCH_BRAND,28.74,956,72,1
2025-08-11,Umbria,Google Ads,RND_IT_GOOGLE_SEARCH_GENERICA,57.95,996,52,4
2025-08-11,Umbria,Google Ads,RND_IT_GOOGLE_SEARCH_LOCALE,25.49,537,25,1
2025-08-11,Valle d'Aosta,Google Ads,RND_IT_GOOGLE_DISPLAY,3.90,654,4,0
2025-08-11,Valle d'Aosta,Google Ads,RND_IT_GOOGLE_PMAX,3.29,235,5,0
2025-08-11,Valle d'Aosta,Google Ads,RND_IT_GOOGLE_SEARCH_BRAND,3.48,114,8,0
2025-08-11,Valle d'Aosta,Google Ads,RND_IT_GOOGLE_SEARCH_GENERICA,8.20,152,8,1
2025-08-11,Valle d'Aosta,Google Ads,RND_IT_GOOGLE_SEARCH_LOCALE,3.45,75,3,0
2025-08-11,Veneto,Google Ads,RND_IT_GOOGLE_DISPLAY,106.20,16937,108,3
2025-08-11,Veneto,Google Ads,RND_IT_GOOGLE_PMAX,157.10,10555,216,5
2025-08-11,Veneto,Google Ads,RND_IT_GOOGLE_SEARCH_BRAND,101.27,3362,273,3
2025-08-11,Veneto,Google Ads,RND_IT_GOOGLE_SEARCH_GENERICA,220.69,4030,190,9
2025-08-11,Veneto,Google Ads,RND_IT_GOOGLE_SEARCH_LOCALE,139.91,2859,139,4
2025-08-18,Abruzzo,Google Ads,RND_IT_GOOGLE_DISPLAY,46.67,7705,44,1
2025-08-18,Abruzzo,Google Ads,RND_IT_GOOGLE_PMAX,72.77,5151,104,1
2025-08-18,Abruzzo,Google Ads,RND_IT_GOOGLE_SEARCH_BRAND,42.60,1399,99,1
2025-08-18,Abruzzo,Google Ads,RND_IT_GOOGLE_SEARCH_GENERICA,79.88,1471,71,2
2025-08-18,Abruzzo,Google Ads,RND_IT_GOOGLE_SEARCH_LOCALE,46.89,1008,40,1
2025-08-18,Basilicata,Google Ads,RND_IT_GOOGLE_DISPLAY,17.11,2892,17,0
2025-08-18,Basilicata,Google Ads,RND_IT_GOOGLE_PMAX,29.28,2037,41,1
2025-08-18,Basilicata,Google Ads,RND_IT_GOOGLE_SEARCH_BRAND,18.54,620,45,0
2025-08-18,Basilicata,Google Ads,RND_IT_GOOGLE_SEARCH_GENERICA,44.89,864,44,2
2025-08-18,Basilicata,Google Ads,RND_IT_GOOGLE_SEARCH_LOCALE,21.66,463,22,1
2025-08-18,Calabria,Google Ads,RND_IT_GOOGLE_DISPLAY,92.26,15916,99,3
2025-08-18,Calabria,Google Ads,RND_IT_GOOGLE_PMAX,93.93,6464,130,3
2025-08-18,Calabria,Google Ads,RND_IT_GOOGLE_SEARCH_BRAND,62.46,2202,171,2
2025-08-18,Calabria,Google Ads,RND_IT_GOOGLE_SEARCH_GENERICA,142.65,2529,138,8
2025-08-18,Calabria,Google Ads,RND_IT_GOOGLE_SEARCH_LOCALE,77.93,1667,75,3
2025-08-18,Campania,Google Ads,RND_IT_GOOGLE_DISPLAY,234.17,37221,219,7
2025-08-18,Campania,Google Ads,RND_IT_GOOGLE_PMAX,250.35,17809,382,7
2025-08-18,Campania,Google Ads,RND_IT_GOOGLE_SEARCH_BRAND,208.83,6893,477,5
2025-08-18,Campania,Google Ads,RND_IT_GOOGLE_SEARCH_GENERICA,649.56,10792,531,28
2025-08-18,Campania,Google Ads,RND_IT_GOOGLE_SEARCH_LOCALE,361.96,7506,324,13
2025-08-18,Emilia-Romagna,Google Ads,RND_IT_GOOGLE_DISPLAY,229.53,38369,216,9
2025-08-18,Emilia-Romagna,Google Ads,RND_IT_GOOGLE_PMAX,490.61,34480,643,21
2025-08-18,Emilia-Romagna,Google Ads,RND_IT_GOOGLE_SEARCH_BRAND,245.08,8241,613,9
2025-08-18,Emilia-Romagna,Google Ads,RND_IT_GOOGLE_SEARCH_GENERICA,306.06,5389,269,21
2025-08-18,Emilia-Romagna,Google Ads,RND_IT_GOOGLE_SEARCH_LOCALE,193.66,3982,176,8
2025-08-18,Friuli-Venezia Giulia,Google Ads,RND_IT_GOOGLE_DISPLAY,73.88,12288,72,3
2025-08-18,Friuli-Venezia Giulia,Google Ads,RND_IT_GOOGLE_PMAX,90.90,6401,127,4
2025-08-18,Friuli-Venezia Giulia,Google Ads,RND_IT_GOOGLE_SEARCH_BRAND,37.68,1331,107,2
2025-08-18,Friuli-Venezia Giulia,Google Ads,RND_IT_GOOGLE_SEARCH_GENERICA,113.62,2096,97,8
2025-08-18,Friuli-Venezia Giulia,Google Ads,RND_IT_GOOGLE_SEARCH_LOCALE,41.28,838,40,2
2025-08-18,Lazio,Google Ads,RND_IT_GOOGLE_DISPLAY,254.25,42423,223,11
2025-08-18,Lazio,Google Ads,RND_IT_GOOGLE_PMAX,218.15,15928,291,10
2025-08-18,Lazio,Google Ads,RND_IT_GOOGLE_SEARCH_BRAND,90.07,2953,225,3
2025-08-18,Lazio,Google Ads,RND_IT_GOOGLE_SEARCH_GENERICA,539.44,9816,555,42
2025-08-18,Lazio,Google Ads,RND_IT_GOOGLE_SEARCH_LOCALE,359.29,7304,345,21
2025-08-18,Liguria,Google Ads,RND_IT_GOOGLE_DISPLAY,36.66,6136,38,2
2025-08-18,Liguria,Google Ads,RND_IT_GOOGLE_PMAX,47.07,3388,69,3
2025-08-18,Liguria,Google Ads,RND_IT_GOOGLE_SEARCH_BRAND,37.28,1310,107,2
2025-08-18,Liguria,Google Ads,RND_IT_GOOGLE_SEARCH_GENERICA,85.91,1505,76,7
2025-08-18,Liguria,Google Ads,RND_IT_GOOGLE_SEARCH_LOCALE,67.15,1360,61,4
2025-08-18,Lombardia,Google Ads,RND_IT_GOOGLE_DISPLAY,463.27,77138,362,12
2025-08-18,Lombardia,Google Ads,RND_IT_GOOGLE_PMAX,511.73,36009,710,16
2025-08-18,Lombardia,Google Ads,RND_IT_GOOGLE_SEARCH_BRAND,393.25,13111,1061,11
2025-08-18,Lombardia,Google Ads,RND_IT_GOOGLE_SEARCH_GENERICA,916.60,15956,858,46
2025-08-18,Lombardia,Google Ads,RND_IT_GOOGLE_SEARCH_LOCALE,406.71,8566,355,16
2025-08-18,Marche,Google Ads,RND_IT_GOOGLE_DISPLAY,28.82,5003,32,1
2025-08-18,Marche,Google Ads,RND_IT_GOOGLE_PMAX,92.96,6516,140,3
2025-08-18,Marche,Google Ads,RND_IT_GOOGLE_SEARCH_BRAND,45.56,1600,120,1
2025-08-18,Marche,Google Ads,RND_IT_GOOGLE_SEARCH_GENERICA,89.48,1610,81,5
2025-08-18,Marche,Google Ads,RND_IT_GOOGLE_SEARCH_LOCALE,61.38,1270,53,3
2025-08-18,Molise,Google Ads,RND_IT_GOOGLE_DISPLAY,13.49,2332,15,0
2025-08-18,Molise,Google Ads,RND_IT_GOOGLE_PMAX,21.17,1491,30,1
2025-08-18,Molise,Google Ads,RND_IT_GOOGLE_SEARCH_BRAND,8.02,274,17,0
2025-08-18,Molise,Google Ads,RND_IT_GOOGLE_SEARCH_GENERICA,39.75,696,35,3
2025-08-18,Molise,Google Ads,RND_IT_GOOGLE_SEARCH_LOCALE,17.09,361,17,1
2025-08-18,Piemonte,Google Ads,RND_IT_GOOGLE_DISPLAY,153.87,27293,182,4
2025-08-18,Piemonte,Google Ads,RND_IT_GOOGLE_PMAX,226.76,16077,312,7
2025-08-18,Piemonte,Google Ads,RND_IT_GOOGLE_SEARCH_BRAND,120.45,4052,280,3
2025-08-18,Piemonte,Google Ads,RND_IT_GOOGLE_SEARCH_GENERICA,507.06,9363,419,26
2025-08-18,Piemonte,Google Ads,RND_IT_GOOGLE_SEARCH_LOCALE,213.75,4518,185,7
2025-08-18,Puglia,Google Ads,RND_IT_GOOGLE_DISPLAY,222.23,37026,256,6
2025-08-18,Puglia,Google Ads,RND_IT_GOOGLE_PMAX,276.84,20121,395,8
2025-08-18,Puglia,Google Ads,RND_IT_GOOGLE_SEARCH_BRAND,101.49,3376,267,2
2025-08-18,Puglia,Google Ads,RND_IT_GOOGLE_SEARCH_GENERICA,401.98,7218,307,18
2025-08-18,Puglia,Google Ads,RND_IT_GOOGLE_SEARCH_LOCALE,217.85,4394,196,7
2025-08-18,Sardegna,Google Ads,RND_IT_GOOGLE_DISPLAY,46.72,7691,49,2
2025-08-18,Sardegna,Google Ads,RND_IT_GOOGLE_PMAX,97.31,6734,151,4
2025-08-18,Sardegna,Google Ads,RND_IT_GOOGLE_SEARCH_BRAND,49.13,1607,107,2
2025-08-18,Sardegna,Google Ads,RND_IT_GOOGLE_SEARCH_GENERICA,119.15,2126,116,8
2025-08-18,Sardegna,Google Ads,RND_IT_GOOGLE_SEARCH_LOCALE,57.49,1158,62,3
2025-08-18,Sicilia,Google Ads,RND_IT_GOOGLE_DISPLAY,197.03,31884,183,8
2025-08-18,Sicilia,Google Ads,RND_IT_GOOGLE_PMAX,361.97,26986,480,17
2025-08-18,Sicilia,Google Ads,RND_IT_GOOGLE_SEARCH_BRAND,95.63,3195,234,4
2025-08-18,Sicilia,Google Ads,RND_IT_GOOGLE_SEARCH_GENERICA,437.24,7769,391,28
2025-08-18,Sicilia,Google Ads,RND_IT_GOOGLE_SEARCH_LOCALE,228.58,4729,220,12
2025-08-18,Toscana,Google Ads,RND_IT_GOOGLE_DISPLAY,135.40,22215,154,6
2025-08-18,Toscana,Google Ads,RND_IT_GOOGLE_PMAX,244.39,17763,340,11
2025-08-18,Toscana,Google Ads,RND_IT_GOOGLE_SEARCH_BRAND,98.26,3363,258,4
2025-08-18,Toscana,Google Ads,RND_IT_GOOGLE_SEARCH_GENERICA,231.01,4233,215,17
2025-08-18,Toscana,Google Ads,RND_IT_GOOGLE_SEARCH_LOCALE,186.42,3794,180,9
2025-08-18,Trentino-Alto Adige,Google Ads,RND_IT_GOOGLE_DISPLAY,57.83,9845,54,2
2025-08-18,Trentino-Alto Adige,Google Ads,RND_IT_GOOGLE_PMAX,30.92,2027,41,1
2025-08-18,Trentino-Alto Adige,Google Ads,RND_IT_GOOGLE_SEARCH_BRAND,32.06,1068,88,1
2025-08-18,Trentino-Alto Adige,Google Ads,RND_IT_GOOGLE_SEARCH_GENERICA,56.88,1036,47,4
2025-08-18,Trentino-Alto Adige,Google Ads,RND_IT_GOOGLE_SEARCH_LOCALE,38.47,780,33,2
2025-08-18,Umbria,Google Ads,RND_IT_GOOGLE_DISPLAY,25.83,4417,23,1
2025-08-18,Umbria,Google Ads,RND_IT_GOOGLE_PMAX,38.98,2791,53,1
2025-08-18,Umbria,Google Ads,RND_IT_GOOGLE_SEARCH_BRAND,30.47,1006,72,1
2025-08-18,Umbria,Google Ads,RND_IT_GOOGLE_SEARCH_GENERICA,89.20,1632,76,5
2025-08-18,Umbria,Google Ads,RND_IT_GOOGLE_SEARCH_LOCALE,42.65,934,38,2
2025-08-18,Valle d'Aosta,Google Ads,RND_IT_GOOGLE_DISPLAY,7.05,1199,8,0
2025-08-18,Valle d'Aosta,Google Ads,RND_IT_GOOGLE_PMAX,6.32,466,10,0
2025-08-18,Valle d'Aosta,Google Ads,RND_IT_GOOGLE_SEARCH_BRAND,4.50,149,11,0
2025-08-18,Valle d'Aosta,Google Ads,RND_IT_GOOGLE_SEARCH_GENERICA,11.32,207,11,1
2025-08-18,Valle d'Aosta,Google Ads,RND_IT_GOOGLE_SEARCH_LOCALE,5.15,102,5,0
2025-08-18,Veneto,Google Ads,RND_IT_GOOGLE_DISPLAY,150.74,24622,154,5
2025-08-18,Veneto,Google Ads,RND_IT_GOOGLE_PMAX,236.76,17109,341,7
2025-08-18,Veneto,Google Ads,RND_IT_GOOGLE_SEARCH_BRAND,143.02,4909,367,4
2025-08-18,Veneto,Google Ads,RND_IT_GOOGLE_SEARCH_GENERICA,279.11,5064,284,13
2025-08-18,Veneto,Google Ads,RND_IT_GOOGLE_SEARCH_LOCALE,212.92,4705,208,7
2025-08-25,Abruzzo,Google Ads,RND_IT_GOOGLE_DISPLAY,49.94,8158,43,1
2025-08-25,Abruzzo,Google Ads,RND_IT_GOOGLE_PMAX,95.36,6727,137,2
2025-08-25,Abruzzo,Google Ads,RND_IT_GOOGLE_SEARCH_BRAND,52.48,1813,139,1
2025-08-25,Abruzzo,Google Ads,RND_IT_GOOGLE_SEARCH_GENERICA,82.76,1458,70,3
2025-08-25,Abruzzo,Google Ads,RND_IT_GOOGLE_SEARCH_LOCALE,46.75,982,48,1
2025-08-25,Abruzzo,Google Ads,RND_IT_GOOGLE_VIDEO_YOUTUBE,18.49,2056,15,0
2025-08-25,Basilicata,Google Ads,RND_IT_GOOGLE_DISPLAY,18.45,3256,18,0
2025-08-25,Basilicata,Google Ads,RND_IT_GOOGLE_PMAX,34.55,2464,50,1
2025-08-25,Basilicata,Google Ads,RND_IT_GOOGLE_SEARCH_BRAND,22.77,744,55,0
2025-08-25,Basilicata,Google Ads,RND_IT_GOOGLE_SEARCH_GENERICA,44.17,786,41,2
2025-08-25,Basilicata,Google Ads,RND_IT_GOOGLE_SEARCH_LOCALE,30.85,662,30,1
2025-08-25,Basilicata,Google Ads,RND_IT_GOOGLE_VIDEO_YOUTUBE,6.00,652,5,0
2025-08-25,Calabria,Google Ads,RND_IT_GOOGLE_DISPLAY,91.75,14909,93,3
2025-08-25,Calabria,Google Ads,RND_IT_GOOGLE_PMAX,103.98,7467,148,4
2025-08-25,Calabria,Google Ads,RND_IT_GOOGLE_SEARCH_BRAND,64.63,2111,170,2
2025-08-25,Calabria,Google Ads,RND_IT_GOOGLE_SEARCH_GENERICA,154.77,2781,141,8
2025-08-25,Calabria,Google Ads,RND_IT_GOOGLE_SEARCH_LOCALE,91.94,1965,110,4
2025-08-25,Calabria,Google Ads,RND_IT_GOOGLE_VIDEO_YOUTUBE,48.19,5523,44,1
2025-08-25,Campania,Google Ads,RND_IT_GOOGLE_DISPLAY,285.42,49591,279,10
2025-08-25,Campania,Google Ads,RND_IT_GOOGLE_PMAX,312.11,22808,415,13
2025-08-25,Campania,Google Ads,RND_IT_GOOGLE_SEARCH_BRAND,242.14,8163,578,8
2025-08-25,Campania,Google Ads,RND_IT_GOOGLE_SEARCH_GENERICA,604.31,11668,578,41
2025-08-25,Campania,Google Ads,RND_IT_GOOGLE_SEARCH_LOCALE,438.28,9300,405,17
2025-08-25,Campania,Google Ads,RND_IT_GOOGLE_VIDEO_YOUTUBE,92.14,10156,67,2
2025-08-25,Emilia-Romagna,Google Ads,RND_IT_GOOGLE_DISPLAY,241.07,40666,232,9
2025-08-25,Emilia-Romagna,Google Ads,RND_IT_GOOGLE_PMAX,578.35,39557,801,28
2025-08-25,Emilia-Romagna,Google Ads,RND_IT_GOOGLE_SEARCH_BRAND,247.35,8623,652,9
2025-08-25,Emilia-Romagna,Google Ads,RND_IT_GOOGLE_SEARCH_GENERICA,267.94,4674,264,18
2025-08-25,Emilia-Romagna,Google Ads,RND_IT_GOOGLE_SEARCH_LOCALE,278.08,6082,281,15
2025-08-25,Emilia-Romagna,Google Ads,RND_IT_GOOGLE_VIDEO_YOUTUBE,80.63,9276,80,2
2025-08-25,Friuli-Venezia Giulia,Google Ads,RND_IT_GOOGLE_DISPLAY,77.92,12701,87,3
2025-08-25,Friuli-Venezia Giulia,Google Ads,RND_IT_GOOGLE_PMAX,103.53,7261,127,5
2025-08-25,Friuli-Venezia Giulia,Google Ads,RND_IT_GOOGLE_SEARCH_BRAND,44.65,1540,119,2
2025-08-25,Friuli-Venezia Giulia,Google Ads,RND_IT_GOOGLE_SEARCH_GENERICA,96.45,1732,84,8
2025-08-25,Friuli-Venezia Giulia,Google Ads,RND_IT_GOOGLE_SEARCH_LOCALE,39.88,804,34,2
2025-08-25,Friuli-Venezia Giulia,Google Ads,RND_IT_GOOGLE_VIDEO_YOUTUBE,13.31,1498,13,0
2025-08-25,Lazio,Google Ads,RND_IT_GOOGLE_DISPLAY,292.53,47022,325,15
2025-08-25,Lazio,Google Ads,RND_IT_GOOGLE_PMAX,262.77,19692,375,16
2025-08-25,Lazio,Google Ads,RND_IT_GOOGLE_SEARCH_BRAND,98.51,3160,230,5
2025-08-25,Lazio,Google Ads,RND_IT_GOOGLE_SEARCH_GENERICA,411.26,7500,408,36
2025-08-25,Lazio,Google Ads,RND_IT_GOOGLE_SEARCH_LOCALE,363.18,7531,366,25
2025-08-25,Lazio,Google Ads,RND_IT_GOOGLE_VIDEO_YOUTUBE,110.70,12157,96,4
2025-08-25,Liguria,Google Ads,RND_IT_GOOGLE_DISPLAY,50.41,8228,50,3
2025-08-25,Liguria,Google Ads,RND_IT_GOOGLE_PMAX,64.41,4605,95,4
2025-08-25,Liguria,Google Ads,RND_IT_GOOGLE_SEARCH_BRAND,46.43,1535,122,3
2025-08-25,Liguria,Google Ads,RND_IT_GOOGLE_SEARCH_GENERICA,80.08,1443,74,8
2025-08-25,Liguria,Google Ads,RND_IT_GOOGLE_SEARCH_LOCALE,60.60,1230,57,5
2025-08-25,Liguria,Google Ads,RND_IT_GOOGLE_VIDEO_YOUTUBE,31.02,3561,29,1
2025-08-25,Lombardia,Google Ads,RND_IT_GOOGLE_DISPLAY,556.48,93908,558,20
2025-08-25,Lombardia,Google Ads,RND_IT_GOOGLE_PMAX,600.34,44847,972,22
2025-08-25,Lombardia,Google Ads,RND_IT_GOOGLE_SEARCH_BRAND,400.70,12984,984,11
2025-08-25,Lombardia,Google Ads,RND_IT_GOOGLE_SEARCH_GENERICA,956.52,17952,897,50
2025-08-25,Lombardia,Google Ads,RND_IT_GOOGLE_SEARCH_LOCALE,517.03,10223,432,21
2025-08-25,Lombardia,Google Ads,RND_IT_GOOGLE_VIDEO_YOUTUBE,245.16,26708,209,6
2025-08-25,Marche,Google Ads,RND_IT_GOOGLE_DISPLAY,43.68,7081,45,2
2025-08-25,Marche,Google Ads,RND_IT_GOOGLE_PMAX,119.13,9271,216,5
2025-08-25,Marche,Google Ads,RND_IT_GOOGLE_SEARCH_BRAND,47.57,1573,124,1
2025-08-25,Marche,Google Ads,RND_IT_GOOGLE_SEARCH_GENERICA,88.12,1587,87,6
2025-08-25,Marche,Google Ads,RND_IT_GOOGLE_SEARCH_LOCALE,74.25,1516,67,3
2025-08-25,Marche,Google Ads,RND_IT_GOOGLE_VIDEO_YOUTUBE,25.02,2754,20,1
2025-08-25,Molise,Google Ads,RND_IT_GOOGLE_DISPLAY,15.40,2687,15,1
2025-08-25,Molise,Google Ads,RND_IT_GOOGLE_PMAX,24.02,1690,33,1
2025-08-25,Molise,Google Ads,RND_IT_GOOGLE_SEARCH_BRAND,8.02,280,21,0
2025-08-25,Molise,Google Ads,RND_IT_GOOGLE_SEARCH_GENERICA,39.67,716,37,3
2025-08-25,Molise,Google Ads,RND_IT_GOOGLE_SEARCH_LOCALE,20.44,450,22,1
2025-08-25,Molise,Google Ads,RND_IT_GOOGLE_VIDEO_YOUTUBE,6.03,680,6,0
2025-08-25,Piemonte,Google Ads,RND_IT_GOOGLE_DISPLAY,178.83,29619,150,6
2025-08-25,Piemonte,Google Ads,RND_IT_GOOGLE_PMAX,284.18,19569,368,10
2025-08-25,Piemonte,Google Ads,RND_IT_GOOGLE_SEARCH_BRAND,133.66,4265,328,4
2025-08-25,Piemonte,Google Ads,RND_IT_GOOGLE_SEARCH_GENERICA,404.36,7532,374,20
2025-08-25,Piemonte,Google Ads,RND_IT_GOOGLE_SEARCH_LOCALE,220.61,4572,225,9
2025-08-25,Piemonte,Google Ads,RND_IT_GOOGLE_VIDEO_YOUTUBE,63.68,7124,60,2
2025-08-25,Puglia,Google Ads,RND_IT_GOOGLE_DISPLAY,188.80,32128,156,6
2025-08-25,Puglia,Google Ads,RND_IT_GOOGLE_PMAX,347.49,24623,510,13
2025-08-25,Puglia,Google Ads,RND_IT_GOOGLE_SEARCH_BRAND,109.53,3474,249,3
2025-08-25,Puglia,Google Ads,RND_IT_GOOGLE_SEARCH_GENERICA,340.97,6536,358,16
2025-08-25,Puglia,Google Ads,RND_IT_GOOGLE_SEARCH_LOCALE,252.40,5571,228,10
2025-08-25,Puglia,Google Ads,RND_IT_GOOGLE_VIDEO_YOUTUBE,94.82,10322,88,2
2025-08-25,Sardegna,Google Ads,RND_IT_GOOGLE_DISPLAY,56.65,9617,57,3
2025-08-25,Sardegna,Google Ads,RND_IT_GOOGLE_PMAX,101.03,7455,169,4
2025-08-25,Sardegna,Google Ads,RND_IT_GOOGLE_SEARCH_BRAND,55.88,1816,130,2
2025-08-25,Sardegna,Google Ads,RND_IT_GOOGLE_SEARCH_GENERICA,115.13,2182,119,8
2025-08-25,Sardegna,Google Ads,RND_IT_GOOGLE_SEARCH_LOCALE,69.97,1549,68,3
2025-08-25,Sardegna,Google Ads,RND_IT_GOOGLE_VIDEO_YOUTUBE,21.92,2323,18,1
2025-08-25,Sicilia,Google Ads,RND_IT_GOOGLE_DISPLAY,221.93,38788,247,10
2025-08-25,Sicilia,Google Ads,RND_IT_GOOGLE_PMAX,405.62,30050,665,18
2025-08-25,Sicilia,Google Ads,RND_IT_GOOGLE_SEARCH_BRAND,106.07,3566,290,5
2025-08-25,Sicilia,Google Ads,RND_IT_GOOGLE_SEARCH_GENERICA,473.06,8566,464,40
2025-08-25,Sicilia,Google Ads,RND_IT_GOOGLE_SEARCH_LOCALE,278.38,6321,323,15
2025-08-25,Sicilia,Google Ads,RND_IT_GOOGLE_VIDEO_YOUTUBE,55.19,6128,53,2
2025-08-25,Toscana,Google Ads,RND_IT_GOOGLE_DISPLAY,156.31,25710,154,7
2025-08-25,Toscana,Google Ads,RND_IT_GOOGLE_PMAX,300.06,22894,425,15
2025-08-25,Toscana,Google Ads,RND_IT_GOOGLE_SEARCH_BRAND,116.13,3943,309,5
2025-08-25,Toscana,Google Ads,RND_IT_GOOGLE_SEARCH_GENERICA,228.83,4154,151,17
2025-08-25,Toscana,Google Ads,RND_IT_GOOGLE_SEARCH_LOCALE,217.40,4788,214,13
2025-08-25,Toscana,Google Ads,RND_IT_GOOGLE_VIDEO_YOUTUBE,69.10,7510,54,3
2025-08-25,Trentino-Alto Adige,Google Ads,RND_IT_GOOGLE_DISPLAY,53.70,8978,57,2
2025-08-25,Trentino-Alto Adige,Google Ads,RND_IT_GOOGLE_PMAX,42.90,3061,61,2
2025-08-25,Trentino-Alto Adige,Google Ads,RND_IT_GOOGLE_SEARCH_BRAND,35.24,1190,83,1
2025-08-25,Trentino-Alto Adige,Google Ads,RND_IT_GOOGLE_SEARCH_GENERICA,59.35,1081,56,4
2025-08-25,Trentino-Alto Adige,Google Ads,RND_IT_GOOGLE_SEARCH_LOCALE,49.10,1095,50,2
2025-08-25,Trentino-Alto Adige,Google Ads,RND_IT_GOOGLE_VIDEO_YOUTUBE,14.13,1572,12,0
2025-08-25,Umbria,Google Ads,RND_IT_GOOGLE_DISPLAY,29.82,4761,30,1
2025-08-25,Umbria,Google Ads,RND_IT_GOOGLE_PMAX,46.41,3364,71,2
2025-08-25,Umbria,Google Ads,RND_IT_GOOGLE_SEARCH_BRAND,33.61,1160,88,1
2025-08-25,Umbria,Google Ads,RND_IT_GOOGLE_SEARCH_GENERICA,96.09,1755,89,6
2025-08-25,Umbria,Google Ads,RND_IT_GOOGLE_SEARCH_LOCALE,45.59,959,47,2
2025-08-25,Umbria,Google Ads,RND_IT_GOOGLE_VIDEO_YOUTUBE,9.26,1016,9,0
2025-08-25,Valle d'Aosta,Google Ads,RND_IT_GOOGLE_DISPLAY,7.20,1203,8,0
2025-08-25,Valle d'Aosta,Google Ads,RND_IT_GOOGLE_PMAX,6.95,486,10,0
2025-08-25,Valle d'Aosta,Google Ads,RND_IT_GOOGLE_SEARCH_BRAND,4.74,149,9,0
2025-08-25,Valle d'Aosta,Google Ads,RND_IT_GOOGLE_SEARCH_GENERICA,9.76,173,9,1
2025-08-25,Valle d'Aosta,Google Ads,RND_IT_GOOGLE_SEARCH_LOCALE,6.39,134,6,0
2025-08-25,Valle d'Aosta,Google Ads,RND_IT_GOOGLE_VIDEO_YOUTUBE,2.39,260,2,0
2025-08-25,Veneto,Google Ads,RND_IT_GOOGLE_DISPLAY,174.02,29996,182,5
2025-08-25,Veneto,Google Ads,RND_IT_GOOGLE_PMAX,307.84,20335,424,10
2025-08-25,Veneto,Google Ads,RND_IT_GOOGLE_SEARCH_BRAND,162.27,5602,403,4
2025-08-25,Veneto,Google Ads,RND_IT_GOOGLE_SEARCH_GENERICA,332.43,6214,324,13
2025-08-25,Veneto,Google Ads,RND_IT_GOOGLE_SEARCH_LOCALE,272.46,5726,243,10
2025-08-25,Veneto,Google Ads,RND_IT_GOOGLE_VIDEO_YOUTUBE,74.09,8166,69,1
2025-09-01,Abruzzo,Google Ads,RND_IT_GOOGLE_DISPLAY,43.23,7252,44,1
2025-09-01,Abruzzo,Google Ads,RND_IT_GOOGLE_PMAX,87.99,6277,122,2
2025-09-01,Abruzzo,Google Ads,RND_IT_GOOGLE_SEARCH_BRAND,43.34,1431,115,1
2025-09-01,Abruzzo,Google Ads,RND_IT_GOOGLE_SEARCH_GENERICA,63.23,1157,59,3
2025-09-01,Abruzzo,Google Ads,RND_IT_GOOGLE_SEARCH_LOCALE,34.16,712,32,1
2025-09-01,Abruzzo,Google Ads,RND_IT_GOOGLE_VIDEO_YOUTUBE,18.95,2101,17,0
2025-09-01,Basilicata,Google Ads,RND_IT_GOOGLE_DISPLAY,13.51,2407,14,0
2025-09-01,Basilicata,Google Ads,RND_IT_GOOGLE_PMAX,32.79,2261,47,1
2025-09-01,Basilicata,Google Ads,RND_IT_GOOGLE_SEARCH_BRAND,23.83,812,60,1
2025-09-01,Basilicata,Google Ads,RND_IT_GOOGLE_SEARCH_GENERICA,33.58,610,32,2
2025-09-01,Basilicata,Google Ads,RND_IT_GOOGLE_SEARCH_LOCALE,27.71,580,28,1
2025-09-01,Basilicata,Google Ads,RND_IT_GOOGLE_VIDEO_YOUTUBE,5.25,596,5,0
2025-09-01,Calabria,Google Ads,RND_IT_GOOGLE_DISPLAY,69.14,11702,69,2
2025-09-01,Calabria,Google Ads,RND_IT_GOOGLE_PMAX,107.43,7821,167,4
2025-09-01,Calabria,Google Ads,RND_IT_GOOGLE_SEARCH_BRAND,62.24,1992,151,2
2025-09-01,Calabria,Google Ads,RND_IT_GOOGLE_SEARCH_GENERICA,129.38,2263,111,7
2025-09-01,Calabria,Google Ads,RND_IT_GOOGLE_SEARCH_LOCALE,77.41,1649,80,3
2025-09-01,Calabria,Google Ads,RND_IT_GOOGLE_VIDEO_YOUTUBE,40.53,4560,35,1
2025-09-01,Campania,Google Ads,RND_IT_GOOGLE_DISPLAY,204.09,33464,179,8
2025-09-01,Campania,Google Ads,RND_IT_GOOGLE_PMAX,290.39,19572,366,12
2025-09-01,Campania,Google Ads,RND_IT_GOOGLE_SEARCH_BRAND,209.51,6985,413,8
2025-09-01,Campania,Google Ads,RND_IT_GOOGLE_SEARCH_GENERICA,418.81,7629,421,28
2025-09-01,Campania,Google Ads,RND_IT_GOOGLE_SEARCH_LOCALE,315.70,6485,309,17
2025-09-01,Campania,Google Ads,RND_IT_GOOGLE_VIDEO_YOUTUBE,90.60,10699,88,3
2025-09-01,Emilia-Romagna,Google Ads,RND_IT_GOOGLE_DISPLAY,223.30,37725,245,10
2025-09-01,Emilia-Romagna,Google Ads,RND_IT_GOOGLE_PMAX,555.59,38805,848,27
2025-09-01,Emilia-Romagna,Google Ads,RND_IT_GOOGLE_SEARCH_BRAND,293.52,9853,719,13
2025-09-01,Emilia-Romagna,Google Ads,RND_IT_GOOGLE_SEARCH_GENERICA,246.66,4230,223,14
2025-09-01,Emilia-Romagna,Google Ads,RND_IT_GOOGLE_SEARCH_LOCALE,210.40,4202,189,11
2025-09-01,Emilia-Romagna,Google Ads,RND_IT_GOOGLE_VIDEO_YOUTUBE,60.46,6746,61,2
2025-09-01,Friuli-Venezia Giulia,Google Ads,RND_IT_GOOGLE_DISPLAY,61.35,9776,57,3
2025-09-01,Friuli-Venezia Giulia,Google Ads,RND_IT_GOOGLE_PMAX,97.75,7038,151,5
2025-09-01,Friuli-Venezia Giulia,Google Ads,RND_IT_GOOGLE_SEARCH_BRAND,38.53,1329,102,2
2025-09-01,Friuli-Venezia Giulia,Google Ads,RND_IT_GOOGLE_SEARCH_GENERICA,75.71,1352,70,7
2025-09-01,Friuli-Venezia Giulia,Google Ads,RND_IT_GOOGLE_SEARCH_LOCALE,37.83,797,39,2
2025-09-01,Friuli-Venezia Giulia,Google Ads,RND_IT_GOOGLE_VIDEO_YOUTUBE,12.29,1338,11,0
2025-09-01,Lazio,Google Ads,RND_IT_GOOGLE_DISPLAY,200.84,32670,190,12
2025-09-01,Lazio,Google Ads,RND_IT_GOOGLE_PMAX,285.52,20622,391,15
2025-09-01,Lazio,Google Ads,RND_IT_GOOGLE_SEARCH_BRAND,101.38,3219,249,5
2025-09-01,Lazio,Google Ads,RND_IT_GOOGLE_SEARCH_GENERICA,396.13,7081,366,38
2025-09-01,Lazio,Google Ads,RND_IT_GOOGLE_SEARCH_LOCALE,257.99,5263,236,17
2025-09-01,Lazio,Google Ads,RND_IT_GOOGLE_VIDEO_YOUTUBE,98.66,10907,91,4
2025-09-01,Liguria,Google Ads,RND_IT_GOOGLE_DISPLAY,48.21,7742,45,3
2025-09-01,Liguria,Google Ads,RND_IT_GOOGLE_PMAX,67.17,4791,102,5
2025-09-01,Liguria,Google Ads,RND_IT_GOOGLE_SEARCH_BRAND,41.78,1394,112,3
2025-09-01,Liguria,Google Ads,RND_IT_GOOGLE_SEARCH_GENERICA,71.74,1316,71,8
2025-09-01,Liguria,Google Ads,RND_IT_GOOGLE_SEARCH_LOCALE,61.68,1262,59,5
2025-09-01,Liguria,Google Ads,RND_IT_GOOGLE_VIDEO_YOUTUBE,23.48,2653,22,1
2025-09-01,Lombardia,Google Ads,RND_IT_GOOGLE_DISPLAY,374.59,62463,340,13
2025-09-01,Lombardia,Google Ads,RND_IT_GOOGLE_PMAX,674.39,50869,1075,25
2025-09-01,Lombardia,Google Ads,RND_IT_GOOGLE_SEARCH_BRAND,312.50,10078,745,12
2025-09-01,Lombardia,Google Ads,RND_IT_GOOGLE_SEARCH_GENERICA,776.57,14916,799,46
2025-09-01,Lombardia,Google Ads,RND_IT_GOOGLE_SEARCH_LOCALE,381.19,7908,381,18
2025-09-01,Lombardia,Google Ads,RND_IT_GOOGLE_VIDEO_YOUTUBE,210.75,24121,178,6
2025-09-01,Marche,Google Ads,RND_IT_GOOGLE_DISPLAY,37.33,6210,37,2
2025-09-01,Marche,Google Ads,RND_IT_GOOGLE_PMAX,110.50,8264,175,6
2025-09-01,Marche,Google Ads,RND_IT_GOOGLE_SEARCH_BRAND,42.19,1428,106,2
2025-09-01,Marche,Google Ads,RND_IT_GOOGLE_SEARCH_GENERICA,78.56,1453,72,6
2025-09-01,Marche,Google Ads,RND_IT_GOOGLE_SEARCH_LOCALE,63.36,1305,66,4
2025-09-01,Marche,Google Ads,RND_IT_GOOGLE_VIDEO_YOUTUBE,22.59,2611,21,1
2025-09-01,Molise,Google Ads,RND_IT_GOOGLE_DISPLAY,11.18,1930,12,1
2025-09-01,Molise,Google Ads,RND_IT_GOOGLE_PMAX,31.20,2183,48,2
2025-09-01,Molise,Google Ads,RND_IT_GOOGLE_SEARCH_BRAND,6.37,217,15,0
2025-09-01,Molise,Google Ads,RND_IT_GOOGLE_SEARCH_GENERICA,28.47,540,29,2
2025-09-01,Molise,Google Ads,RND_IT_GOOGLE_SEARCH_LOCALE,16.65,358,16,1
2025-09-01,Molise,Google Ads,RND_IT_GOOGLE_VIDEO_YOUTUBE,6.01,647,5,0
2025-09-01,Piemonte,Google Ads,RND_IT_GOOGLE_DISPLAY,140.63,23369,133,6
2025-09-01,Piemonte,Google Ads,RND_IT_GOOGLE_PMAX,284.97,21338,426,13
2025-09-01,Piemonte,Google Ads,RND_IT_GOOGLE_SEARCH_BRAND,120.47,4171,308,4
2025-09-01,Piemonte,Google Ads,RND_IT_GOOGLE_SEARCH_GENERICA,333.35,6178,313,21
2025-09-01,Piemonte,Google Ads,RND_IT_GOOGLE_SEARCH_LOCALE,163.82,3396,150,8
2025-09-01,Piemonte,Google Ads,RND_IT_GOOGLE_VIDEO_YOUTUBE,71.03,8196,56,2
2025-09-01,Puglia,Google Ads,RND_IT_GOOGLE_DISPLAY,157.08,25393,163,5
2025-09-01,Puglia,Google Ads,RND_IT_GOOGLE_PMAX,331.87,24958,511,12
2025-09-01,Puglia,Google Ads,RND_IT_GOOGLE_SEARCH_BRAND,96.62,3169,217,3
2025-09-01,Puglia,Google Ads,RND_IT_GOOGLE_SEARCH_GENERICA,276.85,5204,295,15
2025-09-01,Puglia,Google Ads,RND_IT_GOOGLE_SEARCH_LOCALE,193.50,4172,206,8
2025-09-01,Puglia,Google Ads,RND_IT_GOOGLE_VIDEO_YOUTUBE,106.85,11856,100,3
2025-09-01,Sardegna,Google Ads,RND_IT_GOOGLE_DISPLAY,40.43,7053,41,2
2025-09-01,Sardegna,Google Ads,RND_IT_GOOGLE_PMAX,110.39,7856,128,5
2025-09-01,Sardegna,Google Ads,RND_IT_GOOGLE_SEARCH_BRAND,47.39,1624,106,2
2025-09-01,Sardegna,Google Ads,RND_IT_GOOGLE_SEARCH_GENERICA,98.49,1891,102,8
2025-09-01,Sardegna,Google Ads,RND_IT_GOOGLE_SEARCH_LOCALE,62.27,1305,65,4
2025-09-01,Sardegna,Google Ads,RND_IT_GOOGLE_VIDEO_YOUTUBE,21.09,2278,17,1
2025-09-01,Sicilia,Google Ads,RND_IT_GOOGLE_DISPLAY,157.16,23879,128,10
2025-09-01,Sicilia,Google Ads,RND_IT_GOOGLE_PMAX,348.60,24934,538,21
2025-09-01,Sicilia,Google Ads,RND_IT_GOOGLE_SEARCH_BRAND,108.27,3756,260,6
2025-09-01,Sicilia,Google Ads,RND_IT_GOOGLE_SEARCH_GENERICA,364.04,6474,310,32
2025-09-01,Sicilia,Google Ads,RND_IT_GOOGLE_SEARCH_LOCALE,207.89,4320,188,13
2025-09-01,Sicilia,Google Ads,RND_IT_GOOGLE_VIDEO_YOUTUBE,51.34,5670,48,2
2025-09-01,Toscana,Google Ads,RND_IT_GOOGLE_DISPLAY,134.92,22513,148,7
2025-09-01,Toscana,Google Ads,RND_IT_GOOGLE_PMAX,313.43,22354,479,16
2025-09-01,Toscana,Google Ads,RND_IT_GOOGLE_SEARCH_BRAND,107.38,3403,282,6
2025-09-01,Toscana,Google Ads,RND_IT_GOOGLE_SEARCH_GENERICA,177.04,3142,183,14
2025-09-01,Toscana,Google Ads,RND_IT_GOOGLE_SEARCH_LOCALE,159.69,3343,140,10
2025-09-01,Toscana,Google Ads,RND_IT_GOOGLE_VIDEO_YOUTUBE,59.10,6806,52,2
2025-09-01,Trentino-Alto Adige,Google Ads,RND_IT_GOOGLE_DISPLAY,38.28,6421,39,1
2025-09-01,Trentino-Alto Adige,Google Ads,RND_IT_GOOGLE_PMAX,41.11,2879,63,2
2025-09-01,Trentino-Alto Adige,Google Ads,RND_IT_GOOGLE_SEARCH_BRAND,28.76,976,72,1
2025-09-01,Trentino-Alto Adige,Google Ads,RND_IT_GOOGLE_SEARCH_GENERICA,55.81,1035,44,3
2025-09-01,Trentino-Alto Adige,Google Ads,RND_IT_GOOGLE_SEARCH_LOCALE,36.65,734,36,2
2025-09-01,Trentino-Alto Adige,Google Ads,RND_IT_GOOGLE_VIDEO_YOUTUBE,12.69,1429,13,0
2025-09-01,Umbria,Google Ads,RND_IT_GOOGLE_DISPLAY,24.30,4049,26,1
2025-09-01,Umbria,Google Ads,RND_IT_GOOGLE_PMAX,50.31,3535,66,2
2025-09-01,Umbria,Google Ads,RND_IT_GOOGLE_SEARCH_BRAND,27.47,942,72,1
2025-09-01,Umbria,Google Ads,RND_IT_GOOGLE_SEARCH_GENERICA,69.48,1263,66,5
2025-09-01,Umbria,Google Ads,RND_IT_GOOGLE_SEARCH_LOCALE,37.27,784,31,2
2025-09-01,Umbria,Google Ads,RND_IT_GOOGLE_VIDEO_YOUTUBE,7.74,829,7,0
2025-09-01,Valle d'Aosta,Google Ads,RND_IT_GOOGLE_DISPLAY,5.34,903,6,0
2025-09-01,Valle d'Aosta,Google Ads,RND_IT_GOOGLE_PMAX,7.78,577,12,0
2025-09-01,Valle d'Aosta,Google Ads,RND_IT_GOOGLE_SEARCH_BRAND,4.64,154,11,0
2025-09-01,Valle d'Aosta,Google Ads,RND_IT_GOOGLE_SEARCH_GENERICA,7.40,135,6,1
2025-09-01,Valle d'Aosta,Google Ads,RND_IT_GOOGLE_SEARCH_LOCALE,5.61,120,5,0
2025-09-01,Valle d'Aosta,Google Ads,RND_IT_GOOGLE_VIDEO_YOUTUBE,2.12,227,2,0
2025-09-01,Veneto,Google Ads,RND_IT_GOOGLE_DISPLAY,136.41,22810,128,4
2025-09-01,Veneto,Google Ads,RND_IT_GOOGLE_PMAX,305.52,22110,474,11
2025-09-01,Veneto,Google Ads,RND_IT_GOOGLE_SEARCH_BRAND,151.83,4877,320,4
2025-09-01,Veneto,Google Ads,RND_IT_GOOGLE_SEARCH_GENERICA,230.64,4162,236,13
2025-09-01,Veneto,Google Ads,RND_IT_GOOGLE_SEARCH_LOCALE,176.68,3790,169,7
2025-09-01,Veneto,Google Ads,RND_IT_GOOGLE_VIDEO_YOUTUBE,76.99,8239,65,2
2025-09-08,Abruzzo,Google Ads,RND_IT_GOOGLE_DISPLAY,28.80,4873,28,1
2025-09-08,Abruzzo,Google Ads,RND_IT_GOOGLE_PMAX,64.71,4545,87,2
2025-09-08,Abruzzo,Google Ads,RND_IT_GOOGLE_SEARCH_BRAND,31.25,1071,86,1
2025-09-08,Abruzzo,Google Ads,RND_IT_GOOGLE_SEARCH_GENERICA,65.05,1162,59,3
2025-09-08,Abruzzo,Google Ads,RND_IT_GOOGLE_SEARCH_LOCALE,41.23,824,37,1
2025-09-08,Abruzzo,Google Ads,RND_IT_GOOGLE_VIDEO_YOUTUBE,15.19,1651,13,0
2025-09-08,Basilicata,Google Ads,RND_IT_GOOGLE_DISPLAY,11.39,1864,12,0
2025-09-08,Basilicata,Google Ads,RND_IT_GOOGLE_PMAX,23.33,1620,35,1
2025-09-08,Basilicata,Google Ads,RND_IT_GOOGLE_SEARCH_BRAND,19.40,624,40,0
2025-09-08,Basilicata,Google Ads,RND_IT_GOOGLE_SEARCH_GENERICA,36.96,705,33,2
2025-09-08,Basilicata,Google Ads,RND_IT_GOOGLE_SEARCH_LOCALE,23.03,458,19,1
2025-09-08,Basilicata,Google Ads,RND_IT_GOOGLE_VIDEO_YOUTUBE,4.83,538,5,0
2025-09-08,Calabria,Google Ads,RND_IT_GOOGLE_DISPLAY,53.22,8481,57,2
2025-09-08,Calabria,Google Ads,RND_IT_GOOGLE_PMAX,65.32,4560,94,2
2025-09-08,Calabria,Google Ads,RND_IT_GOOGLE_SEARCH_BRAND,56.20,1863,134,2
2025-09-08,Calabria,Google Ads,RND_IT_GOOGLE_SEARCH_GENERICA,128.63,2262,111,7
2025-09-08,Calabria,Google Ads,RND_IT_GOOGLE_SEARCH_LOCALE,65.19,1336,61,3
2025-09-08,Calabria,Google Ads,RND_IT_GOOGLE_VIDEO_YOUTUBE,35.20,3779,28,1
2025-09-08,Campania,Google Ads,RND_IT_GOOGLE_DISPLAY,178.90,29775,179,7
2025-09-08,Campania,Google Ads,RND_IT_GOOGLE_PMAX,229.57,16317,288,11
2025-09-08,Campania,Google Ads,RND_IT_GOOGLE_SEARCH_BRAND,187.55,6244,467,7
2025-09-08,Campania,Google Ads,RND_IT_GOOGLE_SEARCH_GENERICA,430.95,7997,380,33
2025-09-08,Campania,Google Ads,RND_IT_GOOGLE_SEARCH_LOCALE,236.21,5125,235,12
2025-09-08,Campania,Google Ads,RND_IT_GOOGLE_VIDEO_YOUTUBE,81.06,8891,71,2
2025-09-08,Emilia-Romagna,Google Ads,RND_IT_GOOGLE_DISPLAY,181.10,29254,168,7
2025-09-08,Emilia-Romagna,Google Ads,RND_IT_GOOGLE_PMAX,422.64,31016,646,21
2025-09-08,Emilia-Romagna,Google Ads,RND_IT_GOOGLE_SEARCH_BRAND,262.57,8940,681,11
2025-09-08,Emilia-Romagna,Google Ads,RND_IT_GOOGLE_SEARCH_GENERICA,267.44,4939,242,22
2025-09-08,Emilia-Romagna,Google Ads,RND_IT_GOOGLE_SEARCH_LOCALE,172.04,3608,157,10
2025-09-08,Emilia-Romagna,Google Ads,RND_IT_GOOGLE_VIDEO_YOUTUBE,70.97,8217,68,2
2025-09-08,Friuli-Venezia Giulia,Google Ads,RND_IT_GOOGLE_DISPLAY,44.10,7189,48,2
2025-09-08,Friuli-Venezia Giulia,Google Ads,RND_IT_GOOGLE_PMAX,78.15,5438,103,4
2025-09-08,Friuli-Venezia Giulia,Google Ads,RND_IT_GOOGLE_SEARCH_BRAND,34.32,1122,80,2
2025-09-08,Friuli-Venezia Giulia,Google Ads,RND_IT_GOOGLE_SEARCH_GENERICA,76.39,1323,65,6
2025-09-08,Friuli-Venezia Giulia,Google Ads,RND_IT_GOOGLE_SEARCH_LOCALE,31.63,644,33,2
2025-09-08,Friuli-Venezia Giulia,Google Ads,RND_IT_GOOGLE_VIDEO_YOUTUBE,10.78,1256,10,0
2025-09-08,Lazio,Google Ads,RND_IT_GOOGLE_DISPLAY,157.39,27145,156,9
2025-09-08,Lazio,Google Ads,RND_IT_GOOGLE_PMAX,202.29,14840,262,11
2025-09-08,Lazio,Google Ads,RND_IT_GOOGLE_SEARCH_BRAND,103.62,3383,221,5
2025-09-08,Lazio,Google Ads,RND_IT_GOOGLE_SEARCH_GENERICA,427.05,7571,359,40
2025-09-08,Lazio,Google Ads,RND_IT_GOOGLE_SEARCH_LOCALE,220.79,4399,204,14
2025-09-08,Lazio,Google Ads,RND_IT_GOOGLE_VIDEO_YOUTUBE,88.35,10273,82,3
2025-09-08,Liguria,Google Ads,RND_IT_GOOGLE_DISPLAY,29.87,5212,32,2
2025-09-08,Liguria,Google Ads,RND_IT_GOOGLE_PMAX,47.16,3388,70,4
2025-09-08,Liguria,Google Ads,RND_IT_GOOGLE_SEARCH_BRAND,36.69,1227,87,2
2025-09-08,Liguria,Google Ads,RND_IT_GOOGLE_SEARCH_GENERICA,81.54,1453,74,10
2025-09-08,Liguria,Google Ads,RND_IT_GOOGLE_SEARCH_LOCALE,50.87,1038,50,5
2025-09-08,Liguria,Google Ads,RND_IT_GOOGLE_VIDEO_YOUTUBE,20.84,2190,17,1
2025-09-08,Lombardia,Google Ads,RND_IT_GOOGLE_DISPLAY,339.69,58555,341,10
2025-09-08,Lombardia,Google Ads,RND_IT_GOOGLE_PMAX,587.54,42147,839,22
2025-09-08,Lombardia,Google Ads,RND_IT_GOOGLE_SEARCH_BRAND,276.62,9499,675,8
2025-09-08,Lombardia,Google Ads,RND_IT_GOOGLE_SEARCH_GENERICA,870.36,16093,827,54
2025-09-08,Lombardia,Google Ads,RND_IT_GOOGLE_SEARCH_LOCALE,369.89,7532,304,16
2025-09-08,Lombardia,Google Ads,RND_IT_GOOGLE_VIDEO_YOUTUBE,178.70,20852,177,4
2025-09-08,Marche,Google Ads,RND_IT_GOOGLE_DISPLAY,27.36,4691,29,1
2025-09-08,Marche,Google Ads,RND_IT_GOOGLE_PMAX,85.49,6295,138,4
2025-09-08,Marche,Google Ads,RND_IT_GOOGLE_SEARCH_BRAND,39.75,1416,100,2
2025-09-08,Marche,Google Ads,RND_IT_GOOGLE_SEARCH_GENERICA,75.45,1357,63,5
2025-09-08,Marche,Google Ads,RND_IT_GOOGLE_SEARCH_LOCALE,44.38,951,38,2
2025-09-08,Marche,Google Ads,RND_IT_GOOGLE_VIDEO_YOUTUBE,20.65,2301,19,1
2025-09-08,Molise,Google Ads,RND_IT_GOOGLE_DISPLAY,8.98,1499,8,0
2025-09-08,Molise,Google Ads,RND_IT_GOOGLE_PMAX,27.32,2001,41,1
2025-09-08,Molise,Google Ads,RND_IT_GOOGLE_SEARCH_BRAND,5.80,185,15,0
2025-09-08,Molise,Google Ads,RND_IT_GOOGLE_SEARCH_GENERICA,24.04,436,19,2
2025-09-08,Molise,Google Ads,RND_IT_GOOGLE_SEARCH_LOCALE,15.08,324,15,1
2025-09-08,Molise,Google Ads,RND_IT_GOOGLE_VIDEO_YOUTUBE,5.33,593,5,0
2025-09-08,Piemonte,Google Ads,RND_IT_GOOGLE_DISPLAY,117.72,20218,118,4
2025-09-08,Piemonte,Google Ads,RND_IT_GOOGLE_PMAX,212.98,14572,307,9
2025-09-08,Piemonte,Google Ads,RND_IT_GOOGLE_SEARCH_BRAND,105.48,3549,244,3
2025-09-08,Piemonte,Google Ads,RND_IT_GOOGLE_SEARCH_GENERICA,371.87,6466,330,25
2025-09-08,Piemonte,Google Ads,RND_IT_GOOGLE_SEARCH_LOCALE,148.02,2987,152,6
2025-09-08,Piemonte,Google Ads,RND_IT_GOOGLE_VIDEO_YOUTUBE,80.90,9266,76,2
2025-09-08,Puglia,Google Ads,RND_IT_GOOGLE_DISPLAY,123.96,20880,120,5
2025-09-08,Puglia,Google Ads,RND_IT_GOOGLE_PMAX,257.58,17800,369,10
2025-09-08,Puglia,Google Ads,RND_IT_GOOGLE_SEARCH_BRAND,75.66,2440,187,2
2025-09-08,Puglia,Google Ads,RND_IT_GOOGLE_SEARCH_GENERICA,276.33,5375,279,17
2025-09-08,Puglia,Google Ads,RND_IT_GOOGLE_SEARCH_LOCALE,156.75,3339,140,7
2025-09-08,Puglia,Google Ads,RND_IT_GOOGLE_VIDEO_YOUTUBE,93.33,10589,89,2
2025-09-08,Sardegna,Google Ads,RND_IT_GOOGLE_DISPLAY,32.72,5772,36,1
2025-09-08,Sardegna,Google Ads,RND_IT_GOOGLE_PMAX,89.49,6348,136,4
2025-09-08,Sardegna,Google Ads,RND_IT_GOOGLE_SEARCH_BRAND,40.58,1394,106,2
2025-09-08,Sardegna,Google Ads,RND_IT_GOOGLE_SEARCH_GENERICA,114.84,2093,110,8
2025-09-08,Sardegna,Google Ads,RND_IT_GOOGLE_SEARCH_LOCALE,63.19,1342,61,3
2025-09-08,Sardegna,Google Ads,RND_IT_GOOGLE_VIDEO_YOUTUBE,18.45,1935,17,0
2025-09-08,Sicilia,Google Ads,RND_IT_GOOGLE_DISPLAY,123.83,20070,122,6
2025-09-08,Sicilia,Google Ads,RND_IT_GOOGLE_PMAX,346.24,24996,469,18
2025-09-08,Sicilia,Google Ads,RND_IT_GOOGLE_SEARCH_BRAND,98.79,3200,256,4
2025-09-08,Sicilia,Google Ads,RND_IT_GOOGLE_SEARCH_GENERICA,401.78,7414,385,33
2025-09-08,Sicilia,Google Ads,RND_IT_GOOGLE_SEARCH_LOCALE,161.38,3243,133,10
2025-09-08,Sicilia,Google Ads,RND_IT_GOOGLE_VIDEO_YOUTUBE,54.46,5940,46,2
2025-09-08,Toscana,Google Ads,RND_IT_GOOGLE_DISPLAY,100.85,17148,109,5
2025-09-08,Toscana,Google Ads,RND_IT_GOOGLE_PMAX,231.17,17188,349,12
2025-09-08,Toscana,Google Ads,RND_IT_GOOGLE_SEARCH_BRAND,91.33,2983,222,3
2025-09-08,Toscana,Google Ads,RND_IT_GOOGLE_SEARCH_GENERICA,202.53,3623,201,18
2025-09-08,Toscana,Google Ads,RND_IT_GOOGLE_SEARCH_LOCALE,125.54,2609,111,8
2025-09-08,Toscana,Google Ads,RND_IT_GOOGLE_VIDEO_YOUTUBE,51.72,5683,49,2
2025-09-08,Trentino-Alto Adige,Google Ads,RND_IT_GOOGLE_DISPLAY,30.73,4927,28,1
2025-09-08,Trentino-Alto Adige,Google Ads,RND_IT_GOOGLE_PMAX,41.52,2972,59,2
2025-09-08,Trentino-Alto Adige,Google Ads,RND_IT_GOOGLE_SEARCH_BRAND,25.12,823,65,1
2025-09-08,Trentino-Alto Adige,Google Ads,RND_IT_GOOGLE_SEARCH_GENERICA,53.80,959,51,3
2025-09-08,Trentino-Alto Adige,Google Ads,RND_IT_GOOGLE_SEARCH_LOCALE,31.87,671,31,1
2025-09-08,Trentino-Alto Adige,Google Ads,RND_IT_GOOGLE_VIDEO_YOUTUBE,11.97,1277,10,0
2025-09-08,Umbria,Google Ads,RND_IT_GOOGLE_DISPLAY,20.78,3534,21,1
2025-09-08,Umbria,Google Ads,RND_IT_GOOGLE_PMAX,37.13,2788,58,2
2025-09-08,Umbria,Google Ads,RND_IT_GOOGLE_SEARCH_BRAND,27.07,900,67,1
2025-09-08,Umbria,Google Ads,RND_IT_GOOGLE_SEARCH_GENERICA,67.00,1288,76,4
2025-09-08,Umbria,Google Ads,RND_IT_GOOGLE_SEARCH_LOCALE,28.65,600,26,1
2025-09-08,Umbria,Google Ads,RND_IT_GOOGLE_VIDEO_YOUTUBE,7.79,891,6,0
2025-09-08,Valle d'Aosta,Google Ads,RND_IT_GOOGLE_DISPLAY,3.52,556,3,0
2025-09-08,Valle d'Aosta,Google Ads,RND_IT_GOOGLE_PMAX,6.89,482,10,0
2025-09-08,Valle d'Aosta,Google Ads,RND_IT_GOOGLE_SEARCH_BRAND,3.69,124,10,0
2025-09-08,Valle d'Aosta,Google Ads,RND_IT_GOOGLE_SEARCH_GENERICA,6.30,108,7,0
2025-09-08,Valle d'Aosta,Google Ads,RND_IT_GOOGLE_SEARCH_LOCALE,4.36,86,4,0
2025-09-08,Valle d'Aosta,Google Ads,RND_IT_GOOGLE_VIDEO_YOUTUBE,1.89,219,2,0
2025-09-08,Veneto,Google Ads,RND_IT_GOOGLE_DISPLAY,111.63,17928,114,4
2025-09-08,Veneto,Google Ads,RND_IT_GOOGLE_PMAX,232.15,16315,312,8
2025-09-08,Veneto,Google Ads,RND_IT_GOOGLE_SEARCH_BRAND,115.28,3898,262,3
2025-09-08,Veneto,Google Ads,RND_IT_GOOGLE_SEARCH_GENERICA,246.84,4526,198,13
2025-09-08,Veneto,Google Ads,RND_IT_GOOGLE_SEARCH_LOCALE,168.72,3529,144,6
2025-09-08,Veneto,Google Ads,RND_IT_GOOGLE_VIDEO_YOUTUBE,61.79,6863,52,1
2025-09-15,Abruzzo,Google Ads,RND_IT_GOOGLE_DISPLAY,39.55,6339,34,1
2025-09-15,Abruzzo,Google Ads,RND_IT_GOOGLE_PMAX,85.84,6075,119,2
2025-09-15,Abruzzo,Google Ads,RND_IT_GOOGLE_SEARCH_BRAND,38.52,1284,79,1
2025-09-15,Abruzzo,Google Ads,RND_IT_GOOGLE_SEARCH_GENERICA,81.93,1436,61,3
2025-09-15,Abruzzo,Google Ads,RND_IT_GOOGLE_SEARCH_LOCALE,42.01,892,35,1
2025-09-15,Abruzzo,Google Ads,RND_IT_GOOGLE_VIDEO_YOUTUBE,19.78,2217,18,0
2025-09-15,Basilicata,Google Ads,RND_IT_GOOGLE_DISPLAY,13.85,2326,14,0
2025-09-15,Basilicata,Google Ads,RND_IT_GOOGLE_PMAX,24.09,1678,37,1
2025-09-15,Basilicata,Google Ads,RND_IT_GOOGLE_SEARCH_BRAND,25.28,809,62,0
2025-09-15,Basilicata,Google Ads,RND_IT_GOOGLE_SEARCH_GENERICA,48.78,876,44,2
2025-09-15,Basilicata,Google Ads,RND_IT_GOOGLE_SEARCH_LOCALE,23.26,507,24,1
2025-09-15,Basilicata,Google Ads,RND_IT_GOOGLE_VIDEO_YOUTUBE,7.94,882,7,0
2025-09-15,Calabria,Google Ads,RND_IT_GOOGLE_DISPLAY,50.34,8479,48,2
2025-09-15,Calabria,Google Ads,RND_IT_GOOGLE_PMAX,89.25,6597,116,3
2025-09-15,Calabria,Google Ads,RND_IT_GOOGLE_SEARCH_BRAND,81.32,2770,214,2
2025-09-15,Calabria,Google Ads,RND_IT_GOOGLE_SEARCH_GENERICA,154.64,2758,143,7
2025-09-15,Calabria,Google Ads,RND_IT_GOOGLE_SEARCH_LOCALE,60.55,1236,58,2
2025-09-15,Calabria,Google Ads,RND_IT_GOOGLE_VIDEO_YOUTUBE,50.95,5678,46,1
2025-09-15,Campania,Google Ads,RND_IT_GOOGLE_DISPLAY,201.79,36105,230,7
2025-09-15,Campania,Google Ads,RND_IT_GOOGLE_PMAX,250.62,16414,345,10
2025-09-15,Campania,Google Ads,RND_IT_GOOGLE_SEARCH_BRAND,233.32,7765,602,8
2025-09-15,Campania,Google Ads,RND_IT_GOOGLE_SEARCH_GENERICA,590.33,10416,518,39
2025-09-15,Campania,Google Ads,RND_IT_GOOGLE_SEARCH_LOCALE,256.38,5254,246,10
2025-09-15,Campania,Google Ads,RND_IT_GOOGLE_VIDEO_YOUTUBE,120.76,13868,119,3
2025-09-15,Emilia-Romagna,Google Ads,RND_IT_GOOGLE_DISPLAY,190.99,31745,215,8
2025-09-15,Emilia-Romagna,Google Ads,RND_IT_GOOGLE_PMAX,468.83,32982,717,18
2025-09-15,Emilia-Romagna,Google Ads,RND_IT_GOOGLE_SEARCH_BRAND,259.78,8961,647,9
2025-09-15,Emilia-Romagna,Google Ads,RND_IT_GOOGLE_SEARCH_GENERICA,329.96,6006,315,23
2025-09-15,Emilia-Romagna,Google Ads,RND_IT_GOOGLE_SEARCH_LOCALE,175.73,3638,153,9
2025-09-15,Emilia-Romagna,Google Ads,RND_IT_GOOGLE_VIDEO_YOUTUBE,86.64,9117,81,2
2025-09-15,Friuli-Venezia Giulia,Google Ads,RND_IT_GOOGLE_DISPLAY,55.88,9529,47,2
2025-09-15,Friuli-Venezia Giulia,Google Ads,RND_IT_GOOGLE_PMAX,83.23,6150,128,4
2025-09-15,Friuli-Venezia Giulia,Google Ads,RND_IT_GOOGLE_SEARCH_BRAND,40.49,1321,109,2
2025-09-15,Friuli-Venezia Giulia,Google Ads,RND_IT_GOOGLE_SEARCH_GENERICA,101.84,1709,84,7
2025-09-15,Friuli-Venezia Giulia,Google Ads,RND_IT_GOOGLE_SEARCH_LOCALE,30.97,651,31,2
2025-09-15,Friuli-Venezia Giulia,Google Ads,RND_IT_GOOGLE_VIDEO_YOUTUBE,14.71,1659,14,0
2025-09-15,Lazio,Google Ads,RND_IT_GOOGLE_DISPLAY,173.60,29074,166,9
2025-09-15,Lazio,Google Ads,RND_IT_GOOGLE_PMAX,237.64,16815,383,12
2025-09-15,Lazio,Google Ads,RND_IT_GOOGLE_SEARCH_BRAND,135.21,4290,311,6
2025-09-15,Lazio,Google Ads,RND_IT_GOOGLE_SEARCH_GENERICA,401.98,7240,344,39
2025-09-15,Lazio,Google Ads,RND_IT_GOOGLE_SEARCH_LOCALE,298.54,6238,295,21
2025-09-15,Lazio,Google Ads,RND_IT_GOOGLE_VIDEO_YOUTUBE,133.99,14893,128,5
2025-09-15,Liguria,Google Ads,RND_IT_GOOGLE_DISPLAY,37.90,6447,39,2
2025-09-15,Liguria,Google Ads,RND_IT_GOOGLE_PMAX,60.06,4428,94,4
2025-09-15,Liguria,Google Ads,RND_IT_GOOGLE_SEARCH_BRAND,45.60,1519,117,3
2025-09-15,Liguria,Google Ads,RND_IT_GOOGLE_SEARCH_GENERICA,106.08,1924,93,10
2025-09-15,Liguria,Google Ads,RND_IT_GOOGLE_SEARCH_LOCALE,56.36,1196,54,4
2025-09-15,Liguria,Google Ads,RND_IT_GOOGLE_VIDEO_YOUTUBE,28.59,3108,25,1
2025-09-15,Lombardia,Google Ads,RND_IT_GOOGLE_DISPLAY,337.15,56434,339,10
2025-09-15,Lombardia,Google Ads,RND_IT_GOOGLE_PMAX,698.77,53203,1093,25
2025-09-15,Lombardia,Google Ads,RND_IT_GOOGLE_SEARCH_BRAND,383.90,13294,1039,10
2025-09-15,Lombardia,Google Ads,RND_IT_GOOGLE_SEARCH_GENERICA,1169.93,20404,1006,56
2025-09-15,Lombardia,Google Ads,RND_IT_GOOGLE_SEARCH_LOCALE,419.31,8441,376,16
2025-09-15,Lombardia,Google Ads,RND_IT_GOOGLE_VIDEO_YOUTUBE,274.43,30032,214,5
2025-09-15,Marche,Google Ads,RND_IT_GOOGLE_DISPLAY,33.58,5782,37,1
2025-09-15,Marche,Google Ads,RND_IT_GOOGLE_PMAX,90.15,6455,125,4
2025-09-15,Marche,Google Ads,RND_IT_GOOGLE_SEARCH_BRAND,47.87,1603,135,1
2025-09-15,Marche,Google Ads,RND_IT_GOOGLE_SEARCH_GENERICA,116.48,2214,117,8
2025-09-15,Marche,Google Ads,RND_IT_GOOGLE_SEARCH_LOCALE,54.51,1149,49,2
2025-09-15,Marche,Google Ads,RND_IT_GOOGLE_VIDEO_YOUTUBE,29.93,3509,26,1
2025-09-15,Molise,Google Ads,RND_IT_GOOGLE_DISPLAY,11.20,1808,11,1
2025-09-15,Molise,Google Ads,RND_IT_GOOGLE_PMAX,24.22,1791,37,1
2025-09-15,Molise,Google Ads,RND_IT_GOOGLE_SEARCH_BRAND,7.33,243,18,0
2025-09-15,Molise,Google Ads,RND_IT_GOOGLE_SEARCH_GENERICA,34.42,615,30,2
2025-09-15,Molise,Google Ads,RND_IT_GOOGLE_SEARCH_LOCALE,17.95,366,17,1
2025-09-15,Molise,Google Ads,RND_IT_GOOGLE_VIDEO_YOUTUBE,9.41,1004,8,0
2025-09-15,Piemonte,Google Ads,RND_IT_GOOGLE_DISPLAY,167.42,25855,149,5
2025-09-15,Piemonte,Google Ads,RND_IT_GOOGLE_PMAX,272.92,20909,438,9
2025-09-15,Piemonte,Google Ads,RND_IT_GOOGLE_SEARCH_BRAND,135.23,4390,314,4
2025-09-15,Piemonte,Google Ads,RND_IT_GOOGLE_SEARCH_GENERICA,569.56,10282,504,35
2025-09-15,Piemonte,Google Ads,RND_IT_GOOGLE_SEARCH_LOCALE,179.60,3726,187,8
2025-09-15,Piemonte,Google Ads,RND_IT_GOOGLE_VIDEO_YOUTUBE,109.65,12121,102,2
2025-09-15,Puglia,Google Ads,RND_IT_GOOGLE_DISPLAY,161.54,27261,152,5
2025-09-15,Puglia,Google Ads,RND_IT_GOOGLE_PMAX,347.38,25112,502,13
2025-09-15,Puglia,Google Ads,RND_IT_GOOGLE_SEARCH_BRAND,112.64,3953,265,3
2025-09-15,Puglia,Google Ads,RND_IT_GOOGLE_SEARCH_GENERICA,338.47,6045,314,17
2025-09-15,Puglia,Google Ads,RND_IT_GOOGLE_SEARCH_LOCALE,176.40,3863,188,6
2025-09-15,Puglia,Google Ads,RND_IT_GOOGLE_VIDEO_YOUTUBE,126.38,14729,116,2
2025-09-15,Sardegna,Google Ads,RND_IT_GOOGLE_DISPLAY,45.07,7106,39,2
2025-09-15,Sardegna,Google Ads,RND_IT_GOOGLE_PMAX,103.29,7367,140,4
2025-09-15,Sardegna,Google Ads,RND_IT_GOOGLE_SEARCH_BRAND,47.24,1526,127,1
2025-09-15,Sardegna,Google Ads,RND_IT_GOOGLE_SEARCH_GENERICA,140.89,2555,126,9
2025-09-15,Sardegna,Google Ads,RND_IT_GOOGLE_SEARCH_LOCALE,61.05,1219,54,2
2025-09-15,Sardegna,Google Ads,RND_IT_GOOGLE_VIDEO_YOUTUBE,29.15,3115,27,1
2025-09-15,Sicilia,Google Ads,RND_IT_GOOGLE_DISPLAY,172.17,29825,170,9
2025-09-15,Sicilia,Google Ads,RND_IT_GOOGLE_PMAX,476.02,34922,640,23
2025-09-15,Sicilia,Google Ads,RND_IT_GOOGLE_SEARCH_BRAND,119.57,3899,301,5
2025-09-15,Sicilia,Google Ads,RND_IT_GOOGLE_SEARCH_GENERICA,515.73,9745,525,44
2025-09-15,Sicilia,Google Ads,RND_IT_GOOGLE_SEARCH_LOCALE,172.83,3570,167,11
2025-09-15,Sicilia,Google Ads,RND_IT_GOOGLE_VIDEO_YOUTUBE,74.43,8156,74,2
2025-09-15,Toscana,Google Ads,RND_IT_GOOGLE_DISPLAY,112.60,18457,106,5
2025-09-15,Toscana,Google Ads,RND_IT_GOOGLE_PMAX,260.55,19272,390,12
2025-09-15,Toscana,Google Ads,RND_IT_GOOGLE_SEARCH_BRAND,87.29,2959,229,3
2025-09-15,Toscana,Google Ads,RND_IT_GOOGLE_SEARCH_GENERICA,236.79,4625,216,17
2025-09-15,Toscana,Google Ads,RND_IT_GOOGLE_SEARCH_LOCALE,114.55,2295,95,7
2025-09-15,Toscana,Google Ads,RND_IT_GOOGLE_VIDEO_YOUTUBE,60.35,6715,50,2
2025-09-15,Trentino-Alto Adige,Google Ads,RND_IT_GOOGLE_DISPLAY,37.07,5985,37,1
2025-09-15,Trentino-Alto Adige,Google Ads,RND_IT_GOOGLE_PMAX,38.87,2773,50,2
2025-09-15,Trentino-Alto Adige,Google Ads,RND_IT_GOOGLE_SEARCH_BRAND,29.70,935,85,1
2025-09-15,Trentino-Alto Adige,Google Ads,RND_IT_GOOGLE_SEARCH_GENERICA,59.82,1112,51,3
2025-09-15,Trentino-Alto Adige,Google Ads,RND_IT_GOOGLE_SEARCH_LOCALE,37.22,779,37,2
2025-09-15,Trentino-Alto Adige,Google Ads,RND_IT_GOOGLE_VIDEO_YOUTUBE,18.04,2030,19,0
2025-09-15,Umbria,Google Ads,RND_IT_GOOGLE_DISPLAY,23.31,4200,25,1
2025-09-15,Umbria,Google Ads,RND_IT_GOOGLE_PMAX,38.20,2689,52,1
2025-09-15,Umbria,Google Ads,RND_IT_GOOGLE_SEARCH_BRAND,32.35,1120,86,1
2025-09-15,Umbria,Google Ads,RND_IT_GOOGLE_SEARCH_GENERICA,79.37,1490,76,6
2025-09-15,Umbria,Google Ads,RND_IT_GOOGLE_SEARCH_LOCALE,31.41,675,29,1
2025-09-15,Umbria,Google Ads,RND_IT_GOOGLE_VIDEO_YOUTUBE,14.53,1611,11,0
2025-09-15,Valle d'Aosta,Google Ads,RND_IT_GOOGLE_DISPLAY,4.39,731,4,0
2025-09-15,Valle d'Aosta,Google Ads,RND_IT_GOOGLE_PMAX,8.20,616,10,0
2025-09-15,Valle d'Aosta,Google Ads,RND_IT_GOOGLE_SEARCH_BRAND,4.30,146,10,0
2025-09-15,Valle d'Aosta,Google Ads,RND_IT_GOOGLE_SEARCH_GENERICA,7.64,146,8,1
2025-09-15,Valle d'Aosta,Google Ads,RND_IT_GOOGLE_SEARCH_LOCALE,4.72,99,5,0
2025-09-15,Valle d'Aosta,Google Ads,RND_IT_GOOGLE_VIDEO_YOUTUBE,2.20,237,2,0
2025-09-15,Veneto,Google Ads,RND_IT_GOOGLE_DISPLAY,101.65,16834,94,2
2025-09-15,Veneto,Google Ads,RND_IT_GOOGLE_PMAX,271.49,19235,407,9
2025-09-15,Veneto,Google Ads,RND_IT_GOOGLE_SEARCH_BRAND,154.27,5281,391,4
2025-09-15,Veneto,Google Ads,RND_IT_GOOGLE_SEARCH_GENERICA,341.48,6255,294,16
2025-09-15,Veneto,Google Ads,RND_IT_GOOGLE_SEARCH_LOCALE,186.19,3865,210,6
2025-09-15,Veneto,Google Ads,RND_IT_GOOGLE_VIDEO_YOUTUBE,96.62,10880,87,2
2025-09-22,Abruzzo,Google Ads,RND_IT_GOOGLE_DISPLAY,34.34,5851,33,1
2025-09-22,Abruzzo,Google Ads,RND_IT_GOOGLE_PMAX,66.41,4914,106,2
2025-09-22,Abruzzo,Google Ads,RND_IT_GOOGLE_SEARCH_BRAND,32.99,1118,78,1
2025-09-22,Abruzzo,Google Ads,RND_IT_GOOGLE_SEARCH_GENERICA,75.10,1430,78,3
2025-09-22,Abruzzo,Google Ads,RND_IT_GOOGLE_SEARCH_LOCALE,27.66,599,26,1
2025-09-22,Abruzzo,Google Ads,RND_IT_GOOGLE_VIDEO_YOUTUBE,16.55,1834,14,0
2025-09-22,Basilicata,Google Ads,RND_IT_GOOGLE_DISPLAY,11.62,1984,11,0
2025-09-22,Basilicata,Google Ads,RND_IT_GOOGLE_PMAX,15.10,1087,22,0
2025-09-22,Basilicata,Google Ads,RND_IT_GOOGLE_SEARCH_BRAND,16.28,540,39,0
2025-09-22,Basilicata,Google Ads,RND_IT_GOOGLE_SEARCH_GENERICA,41.23,767,44,2
2025-09-22,Basilicata,Google Ads,RND_IT_GOOGLE_SEARCH_LOCALE,12.96,273,15,0
2025-09-22,Basilicata,Google Ads,RND_IT_GOOGLE_VIDEO_YOUTUBE,7.26,822,7,0
2025-09-22,Calabria,Google Ads,RND_IT_GOOGLE_DISPLAY,46.08,7943,45,2
2025-09-22,Calabria,Google Ads,RND_IT_GOOGLE_PMAX,64.62,4869,110,2
2025-09-22,Calabria,Google Ads,RND_IT_GOOGLE_SEARCH_BRAND,64.72,2089,152,2
2025-09-22,Calabria,Google Ads,RND_IT_GOOGLE_SEARCH_GENERICA,123.02,2246,107,8
2025-09-22,Calabria,Google Ads,RND_IT_GOOGLE_SEARCH_LOCALE,34.59,738,34,2
2025-09-22,Calabria,Google Ads,RND_IT_GOOGLE_VIDEO_YOUTUBE,46.03,5256,40,1
2025-09-22,Campania,Google Ads,RND_IT_GOOGLE_DISPLAY,146.89,23502,148,5
2025-09-22,Campania,Google Ads,RND_IT_GOOGLE_PMAX,179.78,12514,274,7
2025-09-22,Campania,Google Ads,RND_IT_GOOGLE_SEARCH_BRAND,165.76,5502,396,6
2025-09-22,Campania,Google Ads,RND_IT_GOOGLE_SEARCH_GENERICA,540.82,9936,549,39
2025-09-22,Campania,Google Ads,RND_IT_GOOGLE_SEARCH_LOCALE,124.67,2653,113,5
2025-09-22,Campania,Google Ads,RND_IT_GOOGLE_VIDEO_YOUTUBE,106.79,11337,100,3
2025-09-22,Emilia-Romagna,Google Ads,RND_IT_GOOGLE_DISPLAY,169.23,28658,188,7
2025-09-22,Emilia-Romagna,Google Ads,RND_IT_GOOGLE_PMAX,294.69,20512,424,15
2025-09-22,Emilia-Romagna,Google Ads,RND_IT_GOOGLE_SEARCH_BRAND,228.69,7400,501,9
2025-09-22,Emilia-Romagna,Google Ads,RND_IT_GOOGLE_SEARCH_GENERICA,307.86,5292,220,23
2025-09-22,Emilia-Romagna,Google Ads,RND_IT_GOOGLE_SEARCH_LOCALE,110.92,2111,90,6
2025-09-22,Emilia-Romagna,Google Ads,RND_IT_GOOGLE_VIDEO_YOUTUBE,76.51,8765,67,2
2025-09-22,Friuli-Venezia Giulia,Google Ads,RND_IT_GOOGLE_DISPLAY,38.07,6290,35,2
2025-09-22,Friuli-Venezia Giulia,Google Ads,RND_IT_GOOGLE_PMAX,59.17,4334,86,3
2025-09-22,Friuli-Venezia Giulia,Google Ads,RND_IT_GOOGLE_SEARCH_BRAND,29.70,1004,84,1
2025-09-22,Friuli-Venezia Giulia,Google Ads,RND_IT_GOOGLE_SEARCH_GENERICA,75.04,1376,74,8
2025-09-22,Friuli-Venezia Giulia,Google Ads,RND_IT_GOOGLE_SEARCH_LOCALE,18.60,387,20,1
2025-09-22,Friuli-Venezia Giulia,Google Ads,RND_IT_GOOGLE_VIDEO_YOUTUBE,15.84,1747,13,1
2025-09-22,Lazio,Google Ads,RND_IT_GOOGLE_DISPLAY,175.63,28463,184,11
2025-09-22,Lazio,Google Ads,RND_IT_GOOGLE_PMAX,156.56,10804,211,10
2025-09-22,Lazio,Google Ads,RND_IT_GOOGLE_SEARCH_BRAND,113.99,3892,298,5
2025-09-22,Lazio,Google Ads,RND_IT_GOOGLE_SEARCH_GENERICA,336.40,5833,274,35
2025-09-22,Lazio,Google Ads,RND_IT_GOOGLE_SEARCH_LOCALE,177.76,3584,167,13
2025-09-22,Lazio,Google Ads,RND_IT_GOOGLE_VIDEO_YOUTUBE,125.90,14335,104,5
2025-09-22,Liguria,Google Ads,RND_IT_GOOGLE_DISPLAY,29.52,4928,31,2
2025-09-22,Liguria,Google Ads,RND_IT_GOOGLE_PMAX,39.01,2796,58,3
2025-09-22,Liguria,Google Ads,RND_IT_GOOGLE_SEARCH_BRAND,36.51,1271,94,2
2025-09-22,Liguria,Google Ads,RND_IT_GOOGLE_SEARCH_GENERICA,101.08,1748,93,11
2025-09-22,Liguria,Google Ads,RND_IT_GOOGLE_SEARCH_LOCALE,39.11,795,34,3
2025-09-22,Liguria,Google Ads,RND_IT_GOOGLE_VIDEO_YOUTUBE,24.60,2773,21,1
2025-09-22,Lombardia,Google Ads,RND_IT_GOOGLE_DISPLAY,239.80,37795,230,9
2025-09-22,Lombardia,Google Ads,RND_IT_GOOGLE_PMAX,464.84,34745,688,19
2025-09-22,Lombardia,Google Ads,RND_IT_GOOGLE_SEARCH_BRAND,335.53,11309,893,11
2025-09-22,Lombardia,Google Ads,RND_IT_GOOGLE_SEARCH_GENERICA,824.77,15083,703,44
2025-09-22,Lombardia,Google Ads,RND_IT_GOOGLE_SEARCH_LOCALE,244.08,5310,236,12
2025-09-22,Lombardia,Google Ads,RND_IT_GOOGLE_VIDEO_YOUTUBE,256.06,30034,228,6
2025-09-22,Marche,Google Ads,RND_IT_GOOGLE_DISPLAY,27.79,4759,32,1
2025-09-22,Marche,Google Ads,RND_IT_GOOGLE_PMAX,65.88,4454,92,3
2025-09-22,Marche,Google Ads,RND_IT_GOOGLE_SEARCH_BRAND,43.44,1488,115,2
2025-09-22,Marche,Google Ads,RND_IT_GOOGLE_SEARCH_GENERICA,100.65,1769,88,8
2025-09-22,Marche,Google Ads,RND_IT_GOOGLE_SEARCH_LOCALE,29.84,615,28,2
2025-09-22,Marche,Google Ads,RND_IT_GOOGLE_VIDEO_YOUTUBE,25.50,2834,21,1
2025-09-22,Molise,Google Ads,RND_IT_GOOGLE_DISPLAY,10.80,1784,11,0
2025-09-22,Molise,Google Ads,RND_IT_GOOGLE_PMAX,18.64,1347,28,1
2025-09-22,Molise,Google Ads,RND_IT_GOOGLE_SEARCH_BRAND,6.00,198,15,0
2025-09-22,Molise,Google Ads,RND_IT_GOOGLE_SEARCH_GENERICA,35.13,639,30,2
2025-09-22,Molise,Google Ads,RND_IT_GOOGLE_SEARCH_LOCALE,14.04,309,14,1
2025-09-22,Molise,Google Ads,RND_IT_GOOGLE_VIDEO_YOUTUBE,7.45,817,6,0
2025-09-22,Piemonte,Google Ads,RND_IT_GOOGLE_DISPLAY,125.01,20536,127,4
2025-09-22,Piemonte,Google Ads,RND_IT_GOOGLE_PMAX,165.14,12224,241,5
2025-09-22,Piemonte,Google Ads,RND_IT_GOOGLE_SEARCH_BRAND,95.54,3139,247,3
2025-09-22,Piemonte,Google Ads,RND_IT_GOOGLE_SEARCH_GENERICA,552.65,10090,497,29
2025-09-22,Piemonte,Google Ads,RND_IT_GOOGLE_SEARCH_LOCALE,117.47,2344,108,5
2025-09-22,Piemonte,Google Ads,RND_IT_GOOGLE_VIDEO_YOUTUBE,76.86,8409,62,2
2025-09-22,Puglia,Google Ads,RND_IT_GOOGLE_DISPLAY,120.04,19924,121,4
2025-09-22,Puglia,Google Ads,RND_IT_GOOGLE_PMAX,184.20,13147,283,6
2025-09-22,Puglia,Google Ads,RND_IT_GOOGLE_SEARCH_BRAND,84.21,2847,216,2
2025-09-22,Puglia,Google Ads,RND_IT_GOOGLE_SEARCH_GENERICA,305.25,5580,315,17
2025-09-22,Puglia,Google Ads,RND_IT_GOOGLE_SEARCH_LOCALE,106.60,2149,109,4
2025-09-22,Puglia,Google Ads,RND_IT_GOOGLE_VIDEO_YOUTUBE,116.54,12546,112,3
2025-09-22,Sardegna,Google Ads,RND_IT_GOOGLE_DISPLAY,35.64,5910,36,1
2025-09-22,Sardegna,Google Ads,RND_IT_GOOGLE_PMAX,83.56,5803,114,3
2025-09-22,Sardegna,Google Ads,RND_IT_GOOGLE_SEARCH_BRAND,38.83,1279,100,2
2025-09-22,Sardegna,Google Ads,RND_IT_GOOGLE_SEARCH_GENERICA,128.86,2279,113,7
2025-09-22,Sardegna,Google Ads,RND_IT_GOOGLE_SEARCH_LOCALE,35.24,751,31,2
2025-09-22,Sardegna,Google Ads,RND_IT_GOOGLE_VIDEO_YOUTUBE,24.33,2769,22,1
2025-09-22,Sicilia,Google Ads,RND_IT_GOOGLE_DISPLAY,130.19,22441,139,5
2025-09-22,Sicilia,Google Ads,RND_IT_GOOGLE_PMAX,264.11,18717,375,15
2025-09-22,Sicilia,Google Ads,RND_IT_GOOGLE_SEARCH_BRAND,101.72,3418,270,4
2025-09-22,Sicilia,Google Ads,RND_IT_GOOGLE_SEARCH_GENERICA,534.39,9978,573,45
2025-09-22,Sicilia,Google Ads,RND_IT_GOOGLE_SEARCH_LOCALE,113.25,2335,110,6
2025-09-22,Sicilia,Google Ads,RND_IT_GOOGLE_VIDEO_YOUTUBE,51.49,5532,45,2
2025-09-22,Toscana,Google Ads,RND_IT_GOOGLE_DISPLAY,86.96,14016,84,5
2025-09-22,Toscana,Google Ads,RND_IT_GOOGLE_PMAX,165.78,11543,215,10
2025-09-22,Toscana,Google Ads,RND_IT_GOOGLE_SEARCH_BRAND,76.30,2462,187,3
2025-09-22,Toscana,Google Ads,RND_IT_GOOGLE_SEARCH_GENERICA,157.20,2851,139,13
2025-09-22,Toscana,Google Ads,RND_IT_GOOGLE_SEARCH_LOCALE,81.99,1724,77,6
2025-09-22,Toscana,Google Ads,RND_IT_GOOGLE_VIDEO_YOUTUBE,57.57,6551,56,2
2025-09-22,Trentino-Alto Adige,Google Ads,RND_IT_GOOGLE_DISPLAY,28.75,4738,29,1
2025-09-22,Trentino-Alto Adige,Google Ads,RND_IT_GOOGLE_PMAX,26.09,1868,37,1
2025-09-22,Trentino-Alto Adige,Google Ads,RND_IT_GOOGLE_SEARCH_BRAND,27.19,882,65,1
2025-09-22,Trentino-Alto Adige,Google Ads,RND_IT_GOOGLE_SEARCH_GENERICA,49.69,915,51,4
2025-09-22,Trentino-Alto Adige,Google Ads,RND_IT_GOOGLE_SEARCH_LOCALE,26.99,560,24,1
2025-09-22,Trentino-Alto Adige,Google Ads,RND_IT_GOOGLE_VIDEO_YOUTUBE,15.08,1664,15,0
2025-09-22,Umbria,Google Ads,RND_IT_GOOGLE_DISPLAY,19.62,3249,19,1
2025-09-22,Umbria,Google Ads,RND_IT_GOOGLE_PMAX,26.07,1847,43,1
2025-09-22,Umbria,Google Ads,RND_IT_GOOGLE_SEARCH_BRAND,27.08,920,76,1
2025-09-22,Umbria,Google Ads,RND_IT_GOOGLE_SEARCH_GENERICA,75.72,1327,59,5
2025-09-22,Umbria,Google Ads,RND_IT_GOOGLE_SEARCH_LOCALE,20.09,417,20,1
2025-09-22,Umbria,Google Ads,RND_IT_GOOGLE_VIDEO_YOUTUBE,12.01,1264,11,0
2025-09-22,Valle d'Aosta,Google Ads,RND_IT_GOOGLE_DISPLAY,3.31,534,3,0
2025-09-22,Valle d'Aosta,Google Ads,RND_IT_GOOGLE_PMAX,4.52,318,6,0
2025-09-22,Valle d'Aosta,Google Ads,RND_IT_GOOGLE_SEARCH_BRAND,3.48,119,9,0
2025-09-22,Valle d'Aosta,Google Ads,RND_IT_GOOGLE_SEARCH_GENERICA,6.99,126,6,1
2025-09-22,Valle d'Aosta,Google Ads,RND_IT_GOOGLE_SEARCH_LOCALE,3.41,70,3,0
2025-09-22,Valle d'Aosta,Google Ads,RND_IT_GOOGLE_VIDEO_YOUTUBE,2.07,240,2,0
2025-09-22,Veneto,Google Ads,RND_IT_GOOGLE_DISPLAY,106.41,17819,102,3
2025-09-22,Veneto,Google Ads,RND_IT_GOOGLE_PMAX,171.16,12397,256,6
2025-09-22,Veneto,Google Ads,RND_IT_GOOGLE_SEARCH_BRAND,129.32,4183,322,3
2025-09-22,Veneto,Google Ads,RND_IT_GOOGLE_SEARCH_GENERICA,335.86,6308,304,17
2025-09-22,Veneto,Google Ads,RND_IT_GOOGLE_SEARCH_LOCALE,119.70,2507,94,5
2025-09-22,Veneto,Google Ads,RND_IT_GOOGLE_VIDEO_YOUTUBE,82.44,8232,61,2
2025-09-29,Abruzzo,Google Ads,RND_IT_GOOGLE_DISPLAY,29.52,4812,28,1
2025-09-29,Abruzzo,Google Ads,RND_IT_GOOGLE_PMAX,53.47,4000,77,1
2025-09-29,Abruzzo,Google Ads,RND_IT_GOOGLE_SEARCH_BRAND,23.20,789,61,1
2025-09-29,Abruzzo,Google Ads,RND_IT_GOOGLE_SEARCH_GENERICA,49.34,923,51,2
2025-09-29,Abruzzo,Google Ads,RND_IT_GOOGLE_SEARCH_LOCALE,18.65,396,18,0
2025-09-29,Abruzzo,Google Ads,RND_IT_GOOGLE_VIDEO_YOUTUBE,16.23,1798,15,0
2025-09-29,Basilicata,Google Ads,RND_IT_GOOGLE_DISPLAY,7.85,1253,8,0
2025-09-29,Basilicata,Google Ads,RND_IT_GOOGLE_PMAX,13.02,939,16,0
2025-09-29,Basilicata,Google Ads,RND_IT_GOOGLE_SEARCH_BRAND,12.03,395,28,0
2025-09-29,Basilicata,Google Ads,RND_IT_GOOGLE_SEARCH_GENERICA,27.18,482,24,1
2025-09-29,Basilicata,Google Ads,RND_IT_GOOGLE_SEARCH_LOCALE,10.18,222,10,0
2025-09-29,Basilicata,Google Ads,RND_IT_GOOGLE_VIDEO_YOUTUBE,5.86,656,6,0
2025-09-29,Calabria,Google Ads,RND_IT_GOOGLE_DISPLAY,34.97,5921,34,1
2025-09-29,Calabria,Google Ads,RND_IT_GOOGLE_PMAX,56.21,4176,87,2
2025-09-29,Calabria,Google Ads,RND_IT_GOOGLE_SEARCH_BRAND,49.73,1658,117,2
2025-09-29,Calabria,Google Ads,RND_IT_GOOGLE_SEARCH_GENERICA,76.71,1372,59,7
2025-09-29,Calabria,Google Ads,RND_IT_GOOGLE_SEARCH_LOCALE,27.51,570,23,1
2025-09-29,Calabria,Google Ads,RND_IT_GOOGLE_VIDEO_YOUTUBE,33.29,3443,28,1
2025-09-29,Campania,Google Ads,RND_IT_GOOGLE_DISPLAY,114.02,19885,125,4
2025-09-29,Campania,Google Ads,RND_IT_GOOGLE_PMAX,142.78,10681,205,5
2025-09-29,Campania,Google Ads,RND_IT_GOOGLE_SEARCH_BRAND,103.98,3613,264,5
2025-09-29,Campania,Google Ads,RND_IT_GOOGLE_SEARCH_GENERICA,323.38,5705,259,29
2025-09-29,Campania,Google Ads,RND_IT_GOOGLE_SEARCH_LOCALE,103.20,2125,84,3
2025-09-29,Campania,Google Ads,RND_IT_GOOGLE_VIDEO_YOUTUBE,68.45,7707,62,2
2025-09-29,Emilia-Romagna,Google Ads,RND_IT_GOOGLE_DISPLAY,181.46,30287,185,6
2025-09-29,Emilia-Romagna,Google Ads,RND_IT_GOOGLE_PMAX,338.65,23763,486,13
2025-09-29,Emilia-Romagna,Google Ads,RND_IT_GOOGLE_SEARCH_BRAND,203.58,6951,503,11
2025-09-29,Emilia-Romagna,Google Ads,RND_IT_GOOGLE_SEARCH_GENERICA,244.13,4351,202,26
2025-09-29,Emilia-Romagna,Google Ads,RND_IT_GOOGLE_SEARCH_LOCALE,99.44,2039,104,3
2025-09-29,Emilia-Romagna,Google Ads,RND_IT_GOOGLE_VIDEO_YOUTUBE,75.85,8258,67,3
2025-09-29,Friuli-Venezia Giulia,Google Ads,RND_IT_GOOGLE_DISPLAY,30.33,5039,29,1
2025-09-29,Friuli-Venezia Giulia,Google Ads,RND_IT_GOOGLE_PMAX,48.45,3490,75,3
2025-09-29,Friuli-Venezia Giulia,Google Ads,RND_IT_GOOGLE_SEARCH_BRAND,21.82,745,50,1
2025-09-29,Friuli-Venezia Giulia,Google Ads,RND_IT_GOOGLE_SEARCH_GENERICA,49.72,866,46,6
2025-09-29,Friuli-Venezia Giulia,Google Ads,RND_IT_GOOGLE_SEARCH_LOCALE,13.07,284,13,0
2025-09-29,Friuli-Venezia Giulia,Google Ads,RND_IT_GOOGLE_VIDEO_YOUTUBE,10.77,1187,8,0
2025-09-29,Lazio,Google Ads,RND_IT_GOOGLE_DISPLAY,131.68,21865,143,7
2025-09-29,Lazio,Google Ads,RND_IT_GOOGLE_PMAX,104.86,7394,150,7
2025-09-29,Lazio,Google Ads,RND_IT_GOOGLE_SEARCH_BRAND,76.89,2710,194,6
2025-09-29,Lazio,Google Ads,RND_IT_GOOGLE_SEARCH_GENERICA,220.89,3999,211,28
2025-09-29,Lazio,Google Ads,RND_IT_GOOGLE_SEARCH_LOCALE,99.28,2111,95,6
2025-09-29,Lazio,Google Ads,RND_IT_GOOGLE_VIDEO_YOUTUBE,84.95,9819,79,4
2025-09-29,Liguria,Google Ads,RND_IT_GOOGLE_DISPLAY,22.95,3765,24,1
2025-09-29,Liguria,Google Ads,RND_IT_GOOGLE_PMAX,31.05,2119,43,2
2025-09-29,Liguria,Google Ads,RND_IT_GOOGLE_SEARCH_BRAND,23.50,767,59,2
2025-09-29,Liguria,Google Ads,RND_IT_GOOGLE_SEARCH_GENERICA,68.29,1265,62,8
2025-09-29,Liguria,Google Ads,RND_IT_GOOGLE_SEARCH_LOCALE,26.47,520,27,1
2025-09-29,Liguria,Google Ads,RND_IT_GOOGLE_VIDEO_YOUTUBE,17.50,1953,16,1
2025-09-29,Lombardia,Google Ads,RND_IT_GOOGLE_DISPLAY,315.32,54398,326,9
2025-09-29,Lombardia,Google Ads,RND_IT_GOOGLE_PMAX,522.68,37732,709,15
2025-09-29,Lombardia,Google Ads,RND_IT_GOOGLE_SEARCH_BRAND,262.70,8498,694,13
2025-09-29,Lombardia,Google Ads,RND_IT_GOOGLE_SEARCH_GENERICA,762.91,13544,651,59
2025-09-29,Lombardia,Google Ads,RND_IT_GOOGLE_SEARCH_LOCALE,244.32,4793,231,6
2025-09-29,Lombardia,Google Ads,RND_IT_GOOGLE_VIDEO_YOUTUBE,218.94,24071,192,6
2025-09-29,Marche,Google Ads,RND_IT_GOOGLE_DISPLAY,21.49,3591,21,1
2025-09-29,Marche,Google Ads,RND_IT_GOOGLE_PMAX,51.36,3553,75,2
2025-09-29,Marche,Google Ads,RND_IT_GOOGLE_SEARCH_BRAND,28.96,944,74,1
2025-09-29,Marche,Google Ads,RND_IT_GOOGLE_SEARCH_GENERICA,67.62,1226,64,6
2025-09-29,Marche,Google Ads,RND_IT_GOOGLE_SEARCH_LOCALE,23.05,468,24,1
2025-09-29,Marche,Google Ads,RND_IT_GOOGLE_VIDEO_YOUTUBE,18.92,2092,18,1
2025-09-29,Molise,Google Ads,RND_IT_GOOGLE_DISPLAY,7.22,1125,7,0
2025-09-29,Molise,Google Ads,RND_IT_GOOGLE_PMAX,16.19,1173,23,1
2025-09-29,Molise,Google Ads,RND_IT_GOOGLE_SEARCH_BRAND,3.70,122,8,0
2025-09-29,Molise,Google Ads,RND_IT_GOOGLE_SEARCH_GENERICA,19.01,343,16,2
2025-09-29,Molise,Google Ads,RND_IT_GOOGLE_SEARCH_LOCALE,8.35,175,7,0
2025-09-29,Molise,Google Ads,RND_IT_GOOGLE_VIDEO_YOUTUBE,4.71,552,5,0
2025-09-29,Piemonte,Google Ads,RND_IT_GOOGLE_DISPLAY,100.75,17396,93,2
2025-09-29,Piemonte,Google Ads,RND_IT_GOOGLE_PMAX,173.51,11815,203,5
2025-09-29,Piemonte,Google Ads,RND_IT_GOOGLE_SEARCH_BRAND,77.23,2392,187,3
2025-09-29,Piemonte,Google Ads,RND_IT_GOOGLE_SEARCH_GENERICA,370.60,6951,359,27
2025-09-29,Piemonte,Google Ads,RND_IT_GOOGLE_SEARCH_LOCALE,128.79,2680,110,3
2025-09-29,Piemonte,Google Ads,RND_IT_GOOGLE_VIDEO_YOUTUBE,68.56,7710,60,2
2025-09-29,Puglia,Google Ads,RND_IT_GOOGLE_DISPLAY,108.35,18574,105,3
2025-09-29,Puglia,Google Ads,RND_IT_GOOGLE_PMAX,162.53,11668,247,5
2025-09-29,Puglia,Google Ads,RND_IT_GOOGLE_SEARCH_BRAND,56.71,1879,135,3
2025-09-29,Puglia,Google Ads,RND_IT_GOOGLE_SEARCH_GENERICA,185.83,3317,170,16
2025-09-29,Puglia,Google Ads,RND_IT_GOOGLE_SEARCH_LOCALE,74.73,1581,74,2
2025-09-29,Puglia,Google Ads,RND_IT_GOOGLE_VIDEO_YOUTUBE,64.53,6980,58,2
2025-09-29,Sardegna,Google Ads,RND_IT_GOOGLE_DISPLAY,29.30,4971,31,1
2025-09-29,Sardegna,Google Ads,RND_IT_GOOGLE_PMAX,80.27,5463,118,3
2025-09-29,Sardegna,Google Ads,RND_IT_GOOGLE_SEARCH_BRAND,24.80,813,63,1
2025-09-29,Sardegna,Google Ads,RND_IT_GOOGLE_SEARCH_GENERICA,104.83,1873,92,10
2025-09-29,Sardegna,Google Ads,RND_IT_GOOGLE_SEARCH_LOCALE,22.38,464,21,1
2025-09-29,Sardegna,Google Ads,RND_IT_GOOGLE_VIDEO_YOUTUBE,14.98,1640,13,0
2025-09-29,Sicilia,Google Ads,RND_IT_GOOGLE_DISPLAY,97.47,14902,80,4
2025-09-29,Sicilia,Google Ads,RND_IT_GOOGLE_PMAX,207.30,15106,333,9
2025-09-29,Sicilia,Google Ads,RND_IT_GOOGLE_SEARCH_BRAND,73.39,2504,188,4
2025-09-29,Sicilia,Google Ads,RND_IT_GOOGLE_SEARCH_GENERICA,345.43,6121,315,39
2025-09-29,Sicilia,Google Ads,RND_IT_GOOGLE_SEARCH_LOCALE,75.76,1645,80,3
2025-09-29,Sicilia,Google Ads,RND_IT_GOOGLE_VIDEO_YOUTUBE,29.59,3171,22,1
2025-09-29,Toscana,Google Ads,RND_IT_GOOGLE_DISPLAY,68.48,11413,65,3
2025-09-29,Toscana,Google Ads,RND_IT_GOOGLE_PMAX,130.47,9210,212,7
2025-09-29,Toscana,Google Ads,RND_IT_GOOGLE_SEARCH_BRAND,59.37,2000,148,5
2025-09-29,Toscana,Google Ads,RND_IT_GOOGLE_SEARCH_GENERICA,101.45,1782,90,13
2025-09-29,Toscana,Google Ads,RND_IT_GOOGLE_SEARCH_LOCALE,54.33,1158,46,3
2025-09-29,Toscana,Google Ads,RND_IT_GOOGLE_VIDEO_YOUTUBE,40.21,4407,35,2
2025-09-29,Trentino-Alto Adige,Google Ads,RND_IT_GOOGLE_DISPLAY,23.90,4089,24,1
2025-09-29,Trentino-Alto Adige,Google Ads,RND_IT_GOOGLE_PMAX,21.94,1544,33,1
2025-09-29,Trentino-Alto Adige,Google Ads,RND_IT_GOOGLE_SEARCH_BRAND,16.72,547,41,1
2025-09-29,Trentino-Alto Adige,Google Ads,RND_IT_GOOGLE_SEARCH_GENERICA,33.68,622,32,4
2025-09-29,Trentino-Alto Adige,Google Ads,RND_IT_GOOGLE_SEARCH_LOCALE,18.49,386,18,1
2025-09-29,Trentino-Alto Adige,Google Ads,RND_IT_GOOGLE_VIDEO_YOUTUBE,10.97,1278,9,0
2025-09-29,Umbria,Google Ads,RND_IT_GOOGLE_DISPLAY,15.68,2643,19,0
2025-09-29,Umbria,Google Ads,RND_IT_GOOGLE_PMAX,26.20,1935,40,1
2025-09-29,Umbria,Google Ads,RND_IT_GOOGLE_SEARCH_BRAND,18.31,621,47,1
2025-09-29,Umbria,Google Ads,RND_IT_GOOGLE_SEARCH_GENERICA,50.61,916,42,5
2025-09-29,Umbria,Google Ads,RND_IT_GOOGLE_SEARCH_LOCALE,14.12,304,15,0
2025-09-29,Umbria,Google Ads,RND_IT_GOOGLE_VIDEO_YOUTUBE,8.87,980,8,0
2025-09-29,Valle d'Aosta,Google Ads,RND_IT_GOOGLE_DISPLAY,2.59,434,3,0
2025-09-29,Valle d'Aosta,Google Ads,RND_IT_GOOGLE_PMAX,3.84,271,6,0
2025-09-29,Valle d'Aosta,Google Ads,RND_IT_GOOGLE_SEARCH_BRAND,2.11,72,6,0
2025-09-29,Valle d'Aosta,Google Ads,RND_IT_GOOGLE_SEARCH_GENERICA,4.17,76,4,0
2025-09-29,Valle d'Aosta,Google Ads,RND_IT_GOOGLE_SEARCH_LOCALE,2.21,44,2,0
2025-09-29,Valle d'Aosta,Google Ads,RND_IT_GOOGLE_VIDEO_YOUTUBE,1.33,142,1,0
2025-09-29,Veneto,Google Ads,RND_IT_GOOGLE_DISPLAY,125.96,21557,139,3
2025-09-29,Veneto,Google Ads,RND_IT_GOOGLE_PMAX,231.26,16573,311,5
2025-09-29,Veneto,Google Ads,RND_IT_GOOGLE_SEARCH_BRAND,115.54,3763,282,5
2025-09-29,Veneto,Google Ads,RND_IT_GOOGLE_SEARCH_GENERICA,316.16,5968,320,23
2025-09-29,Veneto,Google Ads,RND_IT_GOOGLE_SEARCH_LOCALE,110.13,2288,100,3
2025-09-29,Veneto,Google Ads,RND_IT_GOOGLE_VIDEO_YOUTUBE,78.97,8888,70,2
2025-10-06,Abruzzo,Google Ads,RND_IT_GOOGLE_DISPLAY,34.54,5781,33,1
2025-10-06,Abruzzo,Google Ads,RND_IT_GOOGLE_PMAX,58.77,4173,74,1
2025-10-06,Abruzzo,Google Ads,RND_IT_GOOGLE_SEARCH_BRAND,32.21,1058,85,1
2025-10-06,Abruzzo,Google Ads,RND_IT_GOOGLE_SEARCH_GENERICA,52.91,1001,51,2
2025-10-06,Abruzzo,Google Ads,RND_IT_GOOGLE_SEARCH_LOCALE,21.84,457,21,0
2025-10-06,Abruzzo,Google Ads,RND_IT_GOOGLE_VIDEO_YOUTUBE,16.78,1843,14,0
2025-10-06,Basilicata,Google Ads,RND_IT_GOOGLE_DISPLAY,9.35,1615,10,0
2025-10-06,Basilicata,Google Ads,RND_IT_GOOGLE_PMAX,14.51,1052,20,0
2025-10-06,Basilicata,Google Ads,RND_IT_GOOGLE_SEARCH_BRAND,17.77,553,44,1
2025-10-06,Basilicata,Google Ads,RND_IT_GOOGLE_SEARCH_GENERICA,28.95,500,26,2
2025-10-06,Basilicata,Google Ads,RND_IT_GOOGLE_SEARCH_LOCALE,10.07,214,9,0
2025-10-06,Basilicata,Google Ads,RND_IT_GOOGLE_VIDEO_YOUTUBE,6.42,725,6,0
2025-10-06,Calabria,Google Ads,RND_IT_GOOGLE_DISPLAY,40.32,6752,36,1
2025-10-06,Calabria,Google Ads,RND_IT_GOOGLE_PMAX,60.40,4449,97,2
2025-10-06,Calabria,Google Ads,RND_IT_GOOGLE_SEARCH_BRAND,55.86,1801,141,3
2025-10-06,Calabria,Google Ads,RND_IT_GOOGLE_SEARCH_GENERICA,83.07,1540,76,6
2025-10-06,Calabria,Google Ads,RND_IT_GOOGLE_SEARCH_LOCALE,34.43,680,30,1
2025-10-06,Calabria,Google Ads,RND_IT_GOOGLE_VIDEO_YOUTUBE,32.75,3612,34,1
2025-10-06,Campania,Google Ads,RND_IT_GOOGLE_DISPLAY,148.92,24881,146,4
2025-10-06,Campania,Google Ads,RND_IT_GOOGLE_PMAX,170.14,12457,238,5
2025-10-06,Campania,Google Ads,RND_IT_GOOGLE_SEARCH_BRAND,156.44,5099,335,7
2025-10-06,Campania,Google Ads,RND_IT_GOOGLE_SEARCH_GENERICA,389.41,7128,379,30
2025-10-06,Campania,Google Ads,RND_IT_GOOGLE_SEARCH_LOCALE,127.37,2633,110,4
2025-10-06,Campania,Google Ads,RND_IT_GOOGLE_VIDEO_YOUTUBE,67.46,7820,53,2
2025-10-06,Emilia-Romagna,Google Ads,RND_IT_GOOGLE_DISPLAY,267.41,45761,284,9
2025-10-06,Emilia-Romagna,Google Ads,RND_IT_GOOGLE_PMAX,300.60,21171,437,14
2025-10-06,Emilia-Romagna,Google Ads,RND_IT_GOOGLE_SEARCH_BRAND,232.98,7783,629,15
2025-10-06,Emilia-Romagna,Google Ads,RND_IT_GOOGLE_SEARCH_GENERICA,242.93,4356,219,25
2025-10-06,Emilia-Romagna,Google Ads,RND_IT_GOOGLE_SEARCH_LOCALE,111.57,2352,100,4
2025-10-06,Emilia-Romagna,Google Ads,RND_IT_GOOGLE_VIDEO_YOUTUBE,66.26,7161,58,2
2025-10-06,Friuli-Venezia Giulia,Google Ads,RND_IT_GOOGLE_DISPLAY,36.90,6077,33,1
2025-10-06,Friuli-Venezia Giulia,Google Ads,RND_IT_GOOGLE_PMAX,55.93,4140,86,3
2025-10-06,Friuli-Venezia Giulia,Google Ads,RND_IT_GOOGLE_SEARCH_BRAND,26.06,844,61,2
2025-10-06,Friuli-Venezia Giulia,Google Ads,RND_IT_GOOGLE_SEARCH_GENERICA,44.87,824,38,6
2025-10-06,Friuli-Venezia Giulia,Google Ads,RND_IT_GOOGLE_SEARCH_LOCALE,16.28,344,15,1
2025-10-06,Friuli-Venezia Giulia,Google Ads,RND_IT_GOOGLE_VIDEO_YOUTUBE,10.59,1135,9,0
2025-10-06,Lazio,Google Ads,RND_IT_GOOGLE_DISPLAY,138.67,22350,138,6
2025-10-06,Lazio,Google Ads,RND_IT_GOOGLE_PMAX,125.35,8708,177,7
2025-10-06,Lazio,Google Ads,RND_IT_GOOGLE_SEARCH_BRAND,109.90,3607,284,7
2025-10-06,Lazio,Google Ads,RND_IT_GOOGLE_SEARCH_GENERICA,266.38,4592,243,28
2025-10-06,Lazio,Google Ads,RND_IT_GOOGLE_SEARCH_LOCALE,134.57,2903,126,6
2025-10-06,Lazio,Google Ads,RND_IT_GOOGLE_VIDEO_YOUTUBE,84.40,9641,75,3
2025-10-06,Liguria,Google Ads,RND_IT_GOOGLE_DISPLAY,29.03,4839,30,1
2025-10-06,Liguria,Google Ads,RND_IT_GOOGLE_PMAX,34.86,2435,44,2
2025-10-06,Liguria,Google Ads,RND_IT_GOOGLE_SEARCH_BRAND,37.50,1204,84,3
2025-10-06,Liguria,Google Ads,RND_IT_GOOGLE_SEARCH_GENERICA,56.55,1073,48,8
2025-10-06,Liguria,Google Ads,RND_IT_GOOGLE_SEARCH_LOCALE,39.27,837,36,2
2025-10-06,Liguria,Google Ads,RND_IT_GOOGLE_VIDEO_YOUTUBE,18.71,1954,16,1
2025-10-06,Lombardia,Google Ads,RND_IT_GOOGLE_DISPLAY,375.16,63634,366,9
2025-10-06,Lombardia,Google Ads,RND_IT_GOOGLE_PMAX,680.00,48385,991,22
2025-10-06,Lombardia,Google Ads,RND_IT_GOOGLE_SEARCH_BRAND,388.92,13031,896,18
2025-10-06,Lombardia,Google Ads,RND_IT_GOOGLE_SEARCH_GENERICA,775.10,14310,730,52
2025-10-06,Lombardia,Google Ads,RND_IT_GOOGLE_SEARCH_LOCALE,257.92,5364,219,8
2025-10-06,Lombardia,Google Ads,RND_IT_GOOGLE_VIDEO_YOUTUBE,190.22,21027,164,4
2025-10-06,Marche,Google Ads,RND_IT_GOOGLE_DISPLAY,31.73,5435,31,1
2025-10-06,Marche,Google Ads,RND_IT_GOOGLE_PMAX,60.86,4484,87,2
2025-10-06,Marche,Google Ads,RND_IT_GOOGLE_SEARCH_BRAND,40.08,1353,116,2
2025-10-06,Marche,Google Ads,RND_IT_GOOGLE_SEARCH_GENERICA,75.04,1329,65,8
2025-10-06,Marche,Google Ads,RND_IT_GOOGLE_SEARCH_LOCALE,29.05,617,32,1
2025-10-06,Marche,Google Ads,RND_IT_GOOGLE_VIDEO_YOUTUBE,18.72,2130,18,1
2025-10-06,Molise,Google Ads,RND_IT_GOOGLE_DISPLAY,10.65,1824,10,0
2025-10-06,Molise,Google Ads,RND_IT_GOOGLE_PMAX,14.30,986,22,1
2025-10-06,Molise,Google Ads,RND_IT_GOOGLE_SEARCH_BRAND,4.19,141,10,0
2025-10-06,Molise,Google Ads,RND_IT_GOOGLE_SEARCH_GENERICA,21.64,387,19,2
2025-10-06,Molise,Google Ads,RND_IT_GOOGLE_SEARCH_LOCALE,8.62,179,8,0
2025-10-06,Molise,Google Ads,RND_IT_GOOGLE_VIDEO_YOUTUBE,5.15,535,4,0
2025-10-06,Piemonte,Google Ads,RND_IT_GOOGLE_DISPLAY,114.08,18975,111,3
2025-10-06,Piemonte,Google Ads,RND_IT_GOOGLE_PMAX,192.46,14115,305,5
2025-10-06,Piemonte,Google Ads,RND_IT_GOOGLE_SEARCH_BRAND,93.11,3105,252,3
2025-10-06,Piemonte,Google Ads,RND_IT_GOOGLE_SEARCH_GENERICA,442.67,7637,386,25
2025-10-06,Piemonte,Google Ads,RND_IT_GOOGLE_SEARCH_LOCALE,142.16,2975,137,4
2025-10-06,Piemonte,Google Ads,RND_IT_GOOGLE_VIDEO_YOUTUBE,82.79,9216,63,2
2025-10-06,Puglia,Google Ads,RND_IT_GOOGLE_DISPLAY,127.91,21209,124,3
2025-10-06,Puglia,Google Ads,RND_IT_GOOGLE_PMAX,188.03,13409,261,6
2025-10-06,Puglia,Google Ads,RND_IT_GOOGLE_SEARCH_BRAND,82.50,2623,198,3
2025-10-06,Puglia,Google Ads,RND_IT_GOOGLE_SEARCH_GENERICA,204.67,3686,175,13
2025-10-06,Puglia,Google Ads,RND_IT_GOOGLE_SEARCH_LOCALE,99.93,2132,84,3
2025-10-06,Puglia,Google Ads,RND_IT_GOOGLE_VIDEO_YOUTUBE,62.37,6619,58,2
2025-10-06,Sardegna,Google Ads,RND_IT_GOOGLE_DISPLAY,34.45,5640,35,1
2025-10-06,Sardegna,Google Ads,RND_IT_GOOGLE_PMAX,86.73,6114,137,3
2025-10-06,Sardegna,Google Ads,RND_IT_GOOGLE_SEARCH_BRAND,34.17,1118,81,1
2025-10-06,Sardegna,Google Ads,RND_IT_GOOGLE_SEARCH_GENERICA,123.47,2212,115,9
2025-10-06,Sardegna,Google Ads,RND_IT_GOOGLE_SEARCH_LOCALE,27.78,578,28,1
2025-10-06,Sardegna,Google Ads,RND_IT_GOOGLE_VIDEO_YOUTUBE,17.34,1820,16,0
2025-10-06,Sicilia,Google Ads,RND_IT_GOOGLE_DISPLAY,107.33,18022,104,4
2025-10-06,Sicilia,Google Ads,RND_IT_GOOGLE_PMAX,270.79,19979,409,12
2025-10-06,Sicilia,Google Ads,RND_IT_GOOGLE_SEARCH_BRAND,86.57,2850,213,5
2025-10-06,Sicilia,Google Ads,RND_IT_GOOGLE_SEARCH_GENERICA,310.84,5427,272,34
2025-10-06,Sicilia,Google Ads,RND_IT_GOOGLE_SEARCH_LOCALE,96.64,2035,93,4
2025-10-06,Sicilia,Google Ads,RND_IT_GOOGLE_VIDEO_YOUTUBE,34.88,3751,29,1
2025-10-06,Toscana,Google Ads,RND_IT_GOOGLE_DISPLAY,84.44,13380,89,3
2025-10-06,Toscana,Google Ads,RND_IT_GOOGLE_PMAX,164.27,11451,202,7
2025-10-06,Toscana,Google Ads,RND_IT_GOOGLE_SEARCH_BRAND,81.86,2696,184,5
2025-10-06,Toscana,Google Ads,RND_IT_GOOGLE_SEARCH_GENERICA,119.41,2222,106,13
2025-10-06,Toscana,Google Ads,RND_IT_GOOGLE_SEARCH_LOCALE,75.79,1625,71,3
2025-10-06,Toscana,Google Ads,RND_IT_GOOGLE_VIDEO_YOUTUBE,40.44,4468,36,2
2025-10-06,Trentino-Alto Adige,Google Ads,RND_IT_GOOGLE_DISPLAY,34.02,5674,38,1
2025-10-06,Trentino-Alto Adige,Google Ads,RND_IT_GOOGLE_PMAX,28.33,2162,43,1
2025-10-06,Trentino-Alto Adige,Google Ads,RND_IT_GOOGLE_SEARCH_BRAND,23.24,776,58,1
2025-10-06,Trentino-Alto Adige,Google Ads,RND_IT_GOOGLE_SEARCH_GENERICA,34.29,647,35,3
2025-10-06,Trentino-Alto Adige,Google Ads,RND_IT_GOOGLE_SEARCH_LOCALE,20.56,438,19,1
2025-10-06,Trentino-Alto Adige,Google Ads,RND_IT_GOOGLE_VIDEO_YOUTUBE,10.56,1149,10,0
2025-10-06,Umbria,Google Ads,RND_IT_GOOGLE_DISPLAY,19.49,3525,22,1
2025-10-06,Umbria,Google Ads,RND_IT_GOOGLE_PMAX,28.55,2029,45,1
2025-10-06,Umbria,Google Ads,RND_IT_GOOGLE_SEARCH_BRAND,27.43,953,66,1
2025-10-06,Umbria,Google Ads,RND_IT_GOOGLE_SEARCH_GENERICA,56.76,1031,52,5
2025-10-06,Umbria,Google Ads,RND_IT_GOOGLE_SEARCH_LOCALE,18.79,406,19,1
2025-10-06,Umbria,Google Ads,RND_IT_GOOGLE_VIDEO_YOUTUBE,8.19,941,8,0
2025-10-06,Valle d'Aosta,Google Ads,RND_IT_GOOGLE_DISPLAY,3.29,524,3,0
2025-10-06,Valle d'Aosta,Google Ads,RND_IT_GOOGLE_PMAX,4.83,346,7,0
2025-10-06,Valle d'Aosta,Google Ads,RND_IT_GOOGLE_SEARCH_BRAND,3.20,109,8,0
2025-10-06,Valle d'Aosta,Google Ads,RND_IT_GOOGLE_SEARCH_GENERICA,4.85,87,5,0
2025-10-06,Valle d'Aosta,Google Ads,RND_IT_GOOGLE_SEARCH_LOCALE,2.42,54,2,0
2025-10-06,Valle d'Aosta,Google Ads,RND_IT_GOOGLE_VIDEO_YOUTUBE,1.47,164,1,0
2025-10-06,Veneto,Google Ads,RND_IT_GOOGLE_DISPLAY,127.13,21288,123,3
2025-10-06,Veneto,Google Ads,RND_IT_GOOGLE_PMAX,224.14,16751,333,6
2025-10-06,Veneto,Google Ads,RND_IT_GOOGLE_SEARCH_BRAND,179.56,5808,464,6
2025-10-06,Veneto,Google Ads,RND_IT_GOOGLE_SEARCH_GENERICA,367.89,6776,372,21
2025-10-06,Veneto,Google Ads,RND_IT_GOOGLE_SEARCH_LOCALE,140.09,2980,126,3
2025-10-06,Veneto,Google Ads,RND_IT_GOOGLE_VIDEO_YOUTUBE,92.68,10147,83,2
2025-10-13,Abruzzo,Google Ads,RND_IT_GOOGLE_DISPLAY,26.50,4467,27,1
2025-10-13,Abruzzo,Google Ads,RND_IT_GOOGLE_PMAX,59.54,4276,77,1
2025-10-13,Abruzzo,Google Ads,RND_IT_GOOGLE_SEARCH_BRAND,27.45,934,71,1
2025-10-13,Abruzzo,Google Ads,RND_IT_GOOGLE_SEARCH_GENERICA,50.87,924,51,2
2025-10-13,Abruzzo,Google Ads,RND_IT_GOOGLE_SEARCH_LOCALE,20.50,421,19,0
2025-10-13,Abruzzo,Google Ads,RND_IT_GOOGLE_VIDEO_YOUTUBE,16.66,1779,15,0
2025-10-13,Basilicata,Google Ads,RND_IT_GOOGLE_DISPLAY,8.45,1430,9,0
2025-10-13,Basilicata,Google Ads,RND_IT_GOOGLE_PMAX,14.38,1064,19,0
2025-10-13,Basilicata,Google Ads,RND_IT_GOOGLE_SEARCH_BRAND,14.90,506,34,0
2025-10-13,Basilicata,Google Ads,RND_IT_GOOGLE_SEARCH_GENERICA,33.14,583,30,2
2025-10-13,Basilicata,Google Ads,RND_IT_GOOGLE_SEARCH_LOCALE,10.33,219,10,0
2025-10-13,Basilicata,Google Ads,RND_IT_GOOGLE_VIDEO_YOUTUBE,6.05,677,6,0
2025-10-13,Calabria,Google Ads,RND_IT_GOOGLE_DISPLAY,32.13,5200,31,1
2025-10-13,Calabria,Google Ads,RND_IT_GOOGLE_PMAX,52.01,3497,66,2
2025-10-13,Calabria,Google Ads,RND_IT_GOOGLE_SEARCH_BRAND,51.61,1679,133,2
2025-10-13,Calabria,Google Ads,RND_IT_GOOGLE_SEARCH_GENERICA,87.85,1566,77,6
2025-10-13,Calabria,Google Ads,RND_IT_GOOGLE_SEARCH_LOCALE,33.15,700,37,1
2025-10-13,Calabria,Google Ads,RND_IT_GOOGLE_VIDEO_YOUTUBE,36.84,4346,34,1
2025-10-13,Campania,Google Ads,RND_IT_GOOGLE_DISPLAY,143.15,24228,141,4
2025-10-13,Campania,Google Ads,RND_IT_GOOGLE_PMAX,178.25,12563,230,6
2025-10-13,Campania,Google Ads,RND_IT_GOOGLE_SEARCH_BRAND,119.51,4085,306,5
2025-10-13,Campania,Google Ads,RND_IT_GOOGLE_SEARCH_GENERICA,371.16,6688,301,30
2025-10-13,Campania,Google Ads,RND_IT_GOOGLE_SEARCH_LOCALE,121.06,2568,113,4
2025-10-13,Campania,Google Ads,RND_IT_GOOGLE_VIDEO_YOUTUBE,72.27,7861,65,2
2025-10-13,Emilia-Romagna,Google Ads,RND_IT_GOOGLE_DISPLAY,199.94,32790,202,6
2025-10-13,Emilia-Romagna,Google Ads,RND_IT_GOOGLE_PMAX,348.86,25215,482,16
2025-10-13,Emilia-Romagna,Google Ads,RND_IT_GOOGLE_SEARCH_BRAND,278.13,9226,666,15
2025-10-13,Emilia-Romagna,Google Ads,RND_IT_GOOGLE_SEARCH_GENERICA,261.89,4797,243,23
2025-10-13,Emilia-Romagna,Google Ads,RND_IT_GOOGLE_SEARCH_LOCALE,114.02,2482,119,4
2025-10-13,Emilia-Romagna,Google Ads,RND_IT_GOOGLE_VIDEO_YOUTUBE,73.70,8045,55,3
2025-10-13,Friuli-Venezia Giulia,Google Ads,RND_IT_GOOGLE_DISPLAY,31.28,4990,30,1
2025-10-13,Friuli-Venezia Giulia,Google Ads,RND_IT_GOOGLE_PMAX,54.98,4055,91,3
2025-10-13,Friuli-Venezia Giulia,Google Ads,RND_IT_GOOGLE_SEARCH_BRAND,24.61,786,62,2
2025-10-13,Friuli-Venezia Giulia,Google Ads,RND_IT_GOOGLE_SEARCH_GENERICA,48.65,885,48,6
2025-10-13,Friuli-Venezia Giulia,Google Ads,RND_IT_GOOGLE_SEARCH_LOCALE,14.91,295,15,1
2025-10-13,Friuli-Venezia Giulia,Google Ads,RND_IT_GOOGLE_VIDEO_YOUTUBE,12.04,1295,9,1
2025-10-13,Lazio,Google Ads,RND_IT_GOOGLE_DISPLAY,111.21,19064,110,4
2025-10-13,Lazio,Google Ads,RND_IT_GOOGLE_PMAX,151.72,11087,221,7
2025-10-13,Lazio,Google Ads,RND_IT_GOOGLE_SEARCH_BRAND,95.86,3239,240,7
2025-10-13,Lazio,Google Ads,RND_IT_GOOGLE_SEARCH_GENERICA,285.42,5222,268,35
2025-10-13,Lazio,Google Ads,RND_IT_GOOGLE_SEARCH_LOCALE,122.56,2669,126,5
2025-10-13,Lazio,Google Ads,RND_IT_GOOGLE_VIDEO_YOUTUBE,79.79,9180,76,3
2025-10-13,Liguria,Google Ads,RND_IT_GOOGLE_DISPLAY,20.56,3496,21,1
2025-10-13,Liguria,Google Ads,RND_IT_GOOGLE_PMAX,27.92,2034,43,2
2025-10-13,Liguria,Google Ads,RND_IT_GOOGLE_SEARCH_BRAND,32.31,1084,75,3
2025-10-13,Liguria,Google Ads,RND_IT_GOOGLE_SEARCH_GENERICA,57.49,998,38,7
2025-10-13,Liguria,Google Ads,RND_IT_GOOGLE_SEARCH_LOCALE,30.04,661,28,1
2025-10-13,Liguria,Google Ads,RND_IT_GOOGLE_VIDEO_YOUTUBE,18.38,2099,18,1
2025-10-13,Lombardia,Google Ads,RND_IT_GOOGLE_DISPLAY,327.24,52959,304,8
2025-10-13,Lombardia,Google Ads,RND_IT_GOOGLE_PMAX,527.94,38910,838,15
2025-10-13,Lombardia,Google Ads,RND_IT_GOOGLE_SEARCH_BRAND,408.34,13518,1145,19
2025-10-13,Lombardia,Google Ads,RND_IT_GOOGLE_SEARCH_GENERICA,718.78,13330,707,59
2025-10-13,Lombardia,Google Ads,RND_IT_GOOGLE_SEARCH_LOCALE,206.14,4368,179,6
2025-10-13,Lombardia,Google Ads,RND_IT_GOOGLE_VIDEO_YOUTUBE,236.35,25909,202,5
2025-10-13,Marche,Google Ads,RND_IT_GOOGLE_DISPLAY,23.09,3785,22,1
2025-10-13,Marche,Google Ads,RND_IT_GOOGLE_PMAX,59.22,4291,79,2
2025-10-13,Marche,Google Ads,RND_IT_GOOGLE_SEARCH_BRAND,38.33,1276,96,2
2025-10-13,Marche,Google Ads,RND_IT_GOOGLE_SEARCH_GENERICA,65.89,1198,64,5
2025-10-13,Marche,Google Ads,RND_IT_GOOGLE_SEARCH_LOCALE,31.41,666,32,1
2025-10-13,Marche,Google Ads,RND_IT_GOOGLE_VIDEO_YOUTUBE,20.15,2199,17,1
2025-10-13,Molise,Google Ads,RND_IT_GOOGLE_DISPLAY,7.92,1297,8,0
2025-10-13,Molise,Google Ads,RND_IT_GOOGLE_PMAX,13.81,923,17,1
2025-10-13,Molise,Google Ads,RND_IT_GOOGLE_SEARCH_BRAND,3.47,113,8,0
2025-10-13,Molise,Google Ads,RND_IT_GOOGLE_SEARCH_GENERICA,17.97,352,17,2
2025-10-13,Molise,Google Ads,RND_IT_GOOGLE_SEARCH_LOCALE,6.47,134,7,0
2025-10-13,Molise,Google Ads,RND_IT_GOOGLE_VIDEO_YOUTUBE,5.93,640,5,0
2025-10-13,Piemonte,Google Ads,RND_IT_GOOGLE_DISPLAY,78.23,12396,71,2
2025-10-13,Piemonte,Google Ads,RND_IT_GOOGLE_PMAX,187.93,14004,295,4
2025-10-13,Piemonte,Google Ads,RND_IT_GOOGLE_SEARCH_BRAND,105.14,3569,260,4
2025-10-13,Piemonte,Google Ads,RND_IT_GOOGLE_SEARCH_GENERICA,461.14,8287,443,32
2025-10-13,Piemonte,Google Ads,RND_IT_GOOGLE_SEARCH_LOCALE,146.39,3050,143,3
2025-10-13,Piemonte,Google Ads,RND_IT_GOOGLE_VIDEO_YOUTUBE,95.27,10493,85,2
2025-10-13,Puglia,Google Ads,RND_IT_GOOGLE_DISPLAY,115.24,19646,112,3
2025-10-13,Puglia,Google Ads,RND_IT_GOOGLE_PMAX,181.64,12648,242,6
2025-10-13,Puglia,Google Ads,RND_IT_GOOGLE_SEARCH_BRAND,71.74,2388,194,3
2025-10-13,Puglia,Google Ads,RND_IT_GOOGLE_SEARCH_GENERICA,173.24,3180,166,16
2025-10-13,Puglia,Google Ads,RND_IT_GOOGLE_SEARCH_LOCALE,87.83,1868,91,3
2025-10-13,Puglia,Google Ads,RND_IT_GOOGLE_VIDEO_YOUTUBE,75.18,8608,58,2
2025-10-13,Sardegna,Google Ads,RND_IT_GOOGLE_DISPLAY,28.92,4935,32,1
2025-10-13,Sardegna,Google Ads,RND_IT_GOOGLE_PMAX,76.70,5530,116,3
2025-10-13,Sardegna,Google Ads,RND_IT_GOOGLE_SEARCH_BRAND,31.46,1054,76,2
2025-10-13,Sardegna,Google Ads,RND_IT_GOOGLE_SEARCH_GENERICA,101.03,1993,95,8
2025-10-13,Sardegna,Google Ads,RND_IT_GOOGLE_SEARCH_LOCALE,29.67,630,33,1
2025-10-13,Sardegna,Google Ads,RND_IT_GOOGLE_VIDEO_YOUTUBE,16.57,1843,15,0
2025-10-13,Sicilia,Google Ads,RND_IT_GOOGLE_DISPLAY,100.05,16509,96,4
2025-10-13,Sicilia,Google Ads,RND_IT_GOOGLE_PMAX,235.46,16910,378,11
2025-10-13,Sicilia,Google Ads,RND_IT_GOOGLE_SEARCH_BRAND,68.29,2301,154,4
2025-10-13,Sicilia,Google Ads,RND_IT_GOOGLE_SEARCH_GENERICA,313.61,5735,312,30
2025-10-13,Sicilia,Google Ads,RND_IT_GOOGLE_SEARCH_LOCALE,74.30,1581,75,3
2025-10-13,Sicilia,Google Ads,RND_IT_GOOGLE_VIDEO_YOUTUBE,42.01,4849,39,2
2025-10-13,Toscana,Google Ads,RND_IT_GOOGLE_DISPLAY,72.31,12041,82,3
2025-10-13,Toscana,Google Ads,RND_IT_GOOGLE_PMAX,158.31,11324,203,8
2025-10-13,Toscana,Google Ads,RND_IT_GOOGLE_SEARCH_BRAND,75.37,2425,173,4
2025-10-13,Toscana,Google Ads,RND_IT_GOOGLE_SEARCH_GENERICA,131.13,2379,108,14
2025-10-13,Toscana,Google Ads,RND_IT_GOOGLE_SEARCH_LOCALE,71.89,1526,63,3
2025-10-13,Toscana,Google Ads,RND_IT_GOOGLE_VIDEO_YOUTUBE,48.95,5321,43,2
2025-10-13,Trentino-Alto Adige,Google Ads,RND_IT_GOOGLE_DISPLAY,30.60,5118,32,1
2025-10-13,Trentino-Alto Adige,Google Ads,RND_IT_GOOGLE_PMAX,25.38,1753,34,1
2025-10-13,Trentino-Alto Adige,Google Ads,RND_IT_GOOGLE_SEARCH_BRAND,19.11,620,51,1
2025-10-13,Trentino-Alto Adige,Google Ads,RND_IT_GOOGLE_SEARCH_GENERICA,29.11,514,26,2
2025-10-13,Trentino-Alto Adige,Google Ads,RND_IT_GOOGLE_SEARCH_LOCALE,21.68,464,21,1
2025-10-13,Trentino-Alto Adige,Google Ads,RND_IT_GOOGLE_VIDEO_YOUTUBE,12.35,1277,10,0
2025-10-13,Umbria,Google Ads,RND_IT_GOOGLE_DISPLAY,15.00,2518,14,0
2025-10-13,Umbria,Google Ads,RND_IT_GOOGLE_PMAX,27.23,1832,36,1
2025-10-13,Umbria,Google Ads,RND_IT_GOOGLE_SEARCH_BRAND,23.42,729,58,1
2025-10-13,Umbria,Google Ads,RND_IT_GOOGLE_SEARCH_GENERICA,52.48,998,49,4
2025-10-13,Umbria,Google Ads,RND_IT_GOOGLE_SEARCH_LOCALE,18.00,384,19,1
2025-10-13,Umbria,Google Ads,RND_IT_GOOGLE_VIDEO_YOUTUBE,9.20,1102,8,0
2025-10-13,Valle d'Aosta,Google Ads,RND_IT_GOOGLE_DISPLAY,2.48,396,3,0
2025-10-13,Valle d'Aosta,Google Ads,RND_IT_GOOGLE_PMAX,4.20,291,6,0
2025-10-13,Valle d'Aosta,Google Ads,RND_IT_GOOGLE_SEARCH_BRAND,2.86,97,7,0
2025-10-13,Valle d'Aosta,Google Ads,RND_IT_GOOGLE_SEARCH_GENERICA,5.33,93,4,1
2025-10-13,Valle d'Aosta,Google Ads,RND_IT_GOOGLE_SEARCH_LOCALE,2.09,42,2,0
2025-10-13,Valle d'Aosta,Google Ads,RND_IT_GOOGLE_VIDEO_YOUTUBE,1.46,164,1,0
2025-10-13,Veneto,Google Ads,RND_IT_GOOGLE_DISPLAY,120.32,20346,116,2
2025-10-13,Veneto,Google Ads,RND_IT_GOOGLE_PMAX,191.35,14007,268,5
2025-10-13,Veneto,Google Ads,RND_IT_GOOGLE_SEARCH_BRAND,181.70,5836,480,6
2025-10-13,Veneto,Google Ads,RND_IT_GOOGLE_SEARCH_GENERICA,327.73,6035,308,17
2025-10-13,Veneto,Google Ads,RND_IT_GOOGLE_SEARCH_LOCALE,111.21,2375,118,2
2025-10-13,Veneto,Google Ads,RND_IT_GOOGLE_VIDEO_YOUTUBE,90.96,10343,92,2
2025-10-20,Abruzzo,Google Ads,RND_IT_GOOGLE_DISPLAY,26.52,4264,29,0
2025-10-20,Abruzzo,Google Ads,RND_IT_GOOGLE_PMAX,57.08,3900,75,1
2025-10-20,Abruzzo,Google Ads,RND_IT_GOOGLE_SEARCH_BRAND,25.67,859,68,1
2025-10-20,Abruzzo,Google Ads,RND_IT_GOOGLE_SEARCH_GENERICA,58.74,1053,57,2
2025-10-20,Abruzzo,Google Ads,RND_IT_GOOGLE_SEARCH_LOCALE,16.32,359,16,0
2025-10-20,Abruzzo,Google Ads,RND_IT_GOOGLE_VIDEO_YOUTUBE,16.61,1802,14,0
2025-10-20,Basilicata,Google Ads,RND_IT_GOOGLE_DISPLAY,7.84,1334,8,0
2025-10-20,Basilicata,Google Ads,RND_IT_GOOGLE_PMAX,16.80,1168,23,0
2025-10-20,Basilicata,Google Ads,RND_IT_GOOGLE_SEARCH_BRAND,11.60,391,29,0
2025-10-20,Basilicata,Google Ads,RND_IT_GOOGLE_SEARCH_GENERICA,28.65,518,28,1
2025-10-20,Basilicata,Google Ads,RND_IT_GOOGLE_SEARCH_LOCALE,11.41,238,11,0
2025-10-20,Basilicata,Google Ads,RND_IT_GOOGLE_VIDEO_YOUTUBE,5.14,548,5,0
2025-10-20,Calabria,Google Ads,RND_IT_GOOGLE_DISPLAY,37.23,6006,37,1
2025-10-20,Calabria,Google Ads,RND_IT_GOOGLE_PMAX,58.69,4245,86,2
2025-10-20,Calabria,Google Ads,RND_IT_GOOGLE_SEARCH_BRAND,38.07,1292,96,2
2025-10-20,Calabria,Google Ads,RND_IT_GOOGLE_SEARCH_GENERICA,69.62,1212,64,6
2025-10-20,Calabria,Google Ads,RND_IT_GOOGLE_SEARCH_LOCALE,28.65,624,27,1
2025-10-20,Calabria,Google Ads,RND_IT_GOOGLE_VIDEO_YOUTUBE,38.69,4319,32,1
2025-10-20,Campania,Google Ads,RND_IT_GOOGLE_DISPLAY,138.34,22158,133,3
2025-10-20,Campania,Google Ads,RND_IT_GOOGLE_PMAX,173.36,12001,256,6
2025-10-20,Campania,Google Ads,RND_IT_GOOGLE_SEARCH_BRAND,91.76,2948,226,4
2025-10-20,Campania,Google Ads,RND_IT_GOOGLE_SEARCH_GENERICA,386.18,7304,322,32
2025-10-20,Campania,Google Ads,RND_IT_GOOGLE_SEARCH_LOCALE,109.98,2228,101,4
2025-10-20,Campania,Google Ads,RND_IT_GOOGLE_VIDEO_YOUTUBE,68.87,7195,57,2
2025-10-20,Emilia-Romagna,Google Ads,RND_IT_GOOGLE_DISPLAY,205.21,34173,209,7
2025-10-20,Emilia-Romagna,Google Ads,RND_IT_GOOGLE_PMAX,304.20,21375,427,12
2025-10-20,Emilia-Romagna,Google Ads,RND_IT_GOOGLE_SEARCH_BRAND,223.55,7437,525,12
2025-10-20,Emilia-Romagna,Google Ads,RND_IT_GOOGLE_SEARCH_GENERICA,243.94,4398,199,23
2025-10-20,Emilia-Romagna,Google Ads,RND_IT_GOOGLE_SEARCH_LOCALE,110.33,2296,105,4
2025-10-20,Emilia-Romagna,Google Ads,RND_IT_GOOGLE_VIDEO_YOUTUBE,60.49,6668,52,2
2025-10-20,Friuli-Venezia Giulia,Google Ads,RND_IT_GOOGLE_DISPLAY,27.38,4557,27,1
2025-10-20,Friuli-Venezia Giulia,Google Ads,RND_IT_GOOGLE_PMAX,53.39,3823,82,3
2025-10-20,Friuli-Venezia Giulia,Google Ads,RND_IT_GOOGLE_SEARCH_BRAND,18.92,662,50,1
2025-10-20,Friuli-Venezia Giulia,Google Ads,RND_IT_GOOGLE_SEARCH_GENERICA,41.55,728,37,5
2025-10-20,Friuli-Venezia Giulia,Google Ads,RND_IT_GOOGLE_SEARCH_LOCALE,12.53,256,10,1
2025-10-20,Friuli-Venezia Giulia,Google Ads,RND_IT_GOOGLE_VIDEO_YOUTUBE,11.12,1273,10,0
2025-10-20,Lazio,Google Ads,RND_IT_GOOGLE_DISPLAY,120.82,20199,113,5
2025-10-20,Lazio,Google Ads,RND_IT_GOOGLE_PMAX,157.19,11323,217,8
2025-10-20,Lazio,Google Ads,RND_IT_GOOGLE_SEARCH_BRAND,69.62,2440,187,5
2025-10-20,Lazio,Google Ads,RND_IT_GOOGLE_SEARCH_GENERICA,279.66,5276,263,36
2025-10-20,Lazio,Google Ads,RND_IT_GOOGLE_SEARCH_LOCALE,129.82,2817,123,6
2025-10-20,Lazio,Google Ads,RND_IT_GOOGLE_VIDEO_YOUTUBE,76.51,8615,67,3
2025-10-20,Liguria,Google Ads,RND_IT_GOOGLE_DISPLAY,20.33,3298,20,1
2025-10-20,Liguria,Google Ads,RND_IT_GOOGLE_PMAX,22.31,1544,28,1
2025-10-20,Liguria,Google Ads,RND_IT_GOOGLE_SEARCH_BRAND,26.28,902,60,2
2025-10-20,Liguria,Google Ads,RND_IT_GOOGLE_SEARCH_GENERICA,65.84,1179,57,9
2025-10-20,Liguria,Google Ads,RND_IT_GOOGLE_SEARCH_LOCALE,27.40,599,25,1
2025-10-20,Liguria,Google Ads,RND_IT_GOOGLE_VIDEO_YOUTUBE,18.11,2027,18,1
2025-10-20,Lombardia,Google Ads,RND_IT_GOOGLE_DISPLAY,348.51,58439,376,11
2025-10-20,Lombardia,Google Ads,RND_IT_GOOGLE_PMAX,476.53,34182,669,15
2025-10-20,Lombardia,Google Ads,RND_IT_GOOGLE_SEARCH_BRAND,283.94,9561,708,13
2025-10-20,Lombardia,Google Ads,RND_IT_GOOGLE_SEARCH_GENERICA,642.87,11806,669,58
2025-10-20,Lombardia,Google Ads,RND_IT_GOOGLE_SEARCH_LOCALE,211.59,4395,192,6
2025-10-20,Lombardia,Google Ads,RND_IT_GOOGLE_VIDEO_YOUTUBE,259.67,30361,276,8
2025-10-20,Marche,Google Ads,RND_IT_GOOGLE_DISPLAY,24.10,4052,22,1
2025-10-20,Marche,Google Ads,RND_IT_GOOGLE_PMAX,61.49,4445,92,2
2025-10-20,Marche,Google Ads,RND_IT_GOOGLE_SEARCH_BRAND,29.35,949,70,1
2025-10-20,Marche,Google Ads,RND_IT_GOOGLE_SEARCH_GENERICA,77.78,1450,73,6
2025-10-20,Marche,Google Ads,RND_IT_GOOGLE_SEARCH_LOCALE,25.56,551,23,1
2025-10-20,Marche,Google Ads,RND_IT_GOOGLE_VIDEO_YOUTUBE,20.89,2347,19,1
2025-10-20,Molise,Google Ads,RND_IT_GOOGLE_DISPLAY,8.34,1438,10,0
2025-10-20,Molise,Google Ads,RND_IT_GOOGLE_PMAX,12.18,837,18,1
2025-10-20,Molise,Google Ads,RND_IT_GOOGLE_SEARCH_BRAND,2.65,90,7,0
2025-10-20,Molise,Google Ads,RND_IT_GOOGLE_SEARCH_GENERICA,17.22,318,16,2
2025-10-20,Molise,Google Ads,RND_IT_GOOGLE_SEARCH_LOCALE,5.63,123,6,0
2025-10-20,Molise,Google Ads,RND_IT_GOOGLE_VIDEO_YOUTUBE,4.94,518,4,0
2025-10-20,Piemonte,Google Ads,RND_IT_GOOGLE_DISPLAY,84.26,14121,88,2
2025-10-20,Piemonte,Google Ads,RND_IT_GOOGLE_PMAX,199.51,14342,316,4
2025-10-20,Piemonte,Google Ads,RND_IT_GOOGLE_SEARCH_BRAND,90.06,2988,195,3
2025-10-20,Piemonte,Google Ads,RND_IT_GOOGLE_SEARCH_GENERICA,434.12,7373,394,24
2025-10-20,Piemonte,Google Ads,RND_IT_GOOGLE_SEARCH_LOCALE,123.98,2580,124,3
2025-10-20,Piemonte,Google Ads,RND_IT_GOOGLE_VIDEO_YOUTUBE,73.90,8174,59,2
2025-10-20,Puglia,Google Ads,RND_IT_GOOGLE_DISPLAY,111.12,18186,106,3
2025-10-20,Puglia,Google Ads,RND_IT_GOOGLE_PMAX,176.62,12345,252,6
2025-10-20,Puglia,Google Ads,RND_IT_GOOGLE_SEARCH_BRAND,69.93,2370,173,3
2025-10-20,Puglia,Google Ads,RND_IT_GOOGLE_SEARCH_GENERICA,155.05,2878,144,12
2025-10-20,Puglia,Google Ads,RND_IT_GOOGLE_SEARCH_LOCALE,90.94,1902,89,3
2025-10-20,Puglia,Google Ads,RND_IT_GOOGLE_VIDEO_YOUTUBE,69.92,8217,59,2
2025-10-20,Sardegna,Google Ads,RND_IT_GOOGLE_DISPLAY,31.45,5030,29,1
2025-10-20,Sardegna,Google Ads,RND_IT_GOOGLE_PMAX,63.22,4533,95,2
2025-10-20,Sardegna,Google Ads,RND_IT_GOOGLE_SEARCH_BRAND,27.04,884,64,1
2025-10-20,Sardegna,Google Ads,RND_IT_GOOGLE_SEARCH_GENERICA,90.69,1644,97,8
2025-10-20,Sardegna,Google Ads,RND_IT_GOOGLE_SEARCH_LOCALE,27.82,592,24,1
2025-10-20,Sardegna,Google Ads,RND_IT_GOOGLE_VIDEO_YOUTUBE,17.22,1895,17,0
2025-10-20,Sicilia,Google Ads,RND_IT_GOOGLE_DISPLAY,99.35,15798,107,3
2025-10-20,Sicilia,Google Ads,RND_IT_GOOGLE_PMAX,219.18,15995,351,10
2025-10-20,Sicilia,Google Ads,RND_IT_GOOGLE_SEARCH_BRAND,65.63,2176,174,4
2025-10-20,Sicilia,Google Ads,RND_IT_GOOGLE_SEARCH_GENERICA,288.87,5200,243,36
2025-10-20,Sicilia,Google Ads,RND_IT_GOOGLE_SEARCH_LOCALE,76.46,1553,69,3
2025-10-20,Sicilia,Google Ads,RND_IT_GOOGLE_VIDEO_YOUTUBE,48.35,5672,41,2
2025-10-20,Toscana,Google Ads,RND_IT_GOOGLE_DISPLAY,68.78,11574,74,3
2025-10-20,Toscana,Google Ads,RND_IT_GOOGLE_PMAX,137.80,9791,185,7
2025-10-20,Toscana,Google Ads,RND_IT_GOOGLE_SEARCH_BRAND,53.54,1794,134,4
2025-10-20,Toscana,Google Ads,RND_IT_GOOGLE_SEARCH_GENERICA,109.55,1985,95,14
2025-10-20,Toscana,Google Ads,RND_IT_GOOGLE_SEARCH_LOCALE,75.51,1578,64,3
2025-10-20,Toscana,Google Ads,RND_IT_GOOGLE_VIDEO_YOUTUBE,54.26,6214,48,2
2025-10-20,Trentino-Alto Adige,Google Ads,RND_IT_GOOGLE_DISPLAY,30.04,5126,33,1
2025-10-20,Trentino-Alto Adige,Google Ads,RND_IT_GOOGLE_PMAX,25.58,1877,37,1
2025-10-20,Trentino-Alto Adige,Google Ads,RND_IT_GOOGLE_SEARCH_BRAND,15.76,529,45,1
2025-10-20,Trentino-Alto Adige,Google Ads,RND_IT_GOOGLE_SEARCH_GENERICA,40.52,701,33,4
2025-10-20,Trentino-Alto Adige,Google Ads,RND_IT_GOOGLE_SEARCH_LOCALE,18.55,411,18,1
2025-10-20,Trentino-Alto Adige,Google Ads,RND_IT_GOOGLE_VIDEO_YOUTUBE,14.17,1556,13,0
2025-10-20,Umbria,Google Ads,RND_IT_GOOGLE_DISPLAY,13.98,2268,13,0
2025-10-20,Umbria,Google Ads,RND_IT_GOOGLE_PMAX,27.65,2022,48,1
2025-10-20,Umbria,Google Ads,RND_IT_GOOGLE_SEARCH_BRAND,16.41,555,44,1
2025-10-20,Umbria,Google Ads,RND_IT_GOOGLE_SEARCH_GENERICA,47.57,870,48,4
2025-10-20,Umbria,Google Ads,RND_IT_GOOGLE_SEARCH_LOCALE,16.02,329,15,0
2025-10-20,Umbria,Google Ads,RND_IT_GOOGLE_VIDEO_YOUTUBE,8.59,923,6,0
2025-10-20,Valle d'Aosta,Google Ads,RND_IT_GOOGLE_DISPLAY,3.00,503,3,0
2025-10-20,Valle d'Aosta,Google Ads,RND_IT_GOOGLE_PMAX,4.14,304,6,0
2025-10-20,Valle d'Aosta,Google Ads,RND_IT_GOOGLE_SEARCH_BRAND,2.30,75,5,0
2025-10-20,Valle d'Aosta,Google Ads,RND_IT_GOOGLE_SEARCH_GENERICA,5.08,89,5,0
2025-10-20,Valle d'Aosta,Google Ads,RND_IT_GOOGLE_SEARCH_LOCALE,1.84,39,2,0
2025-10-20,Valle d'Aosta,Google Ads,RND_IT_GOOGLE_VIDEO_YOUTUBE,1.73,194,1,0
2025-10-20,Veneto,Google Ads,RND_IT_GOOGLE_DISPLAY,100.03,16585,102,2
2025-10-20,Veneto,Google Ads,RND_IT_GOOGLE_PMAX,190.82,13795,286,4
2025-10-20,Veneto,Google Ads,RND_IT_GOOGLE_SEARCH_BRAND,139.51,4463,340,6
2025-10-20,Veneto,Google Ads,RND_IT_GOOGLE_SEARCH_GENERICA,329.78,5945,286,20
2025-10-20,Veneto,Google Ads,RND_IT_GOOGLE_SEARCH_LOCALE,124.36,2632,122,3
2025-10-20,Veneto,Google Ads,RND_IT_GOOGLE_VIDEO_YOUTUBE,91.97,10608,77,2
2025-10-27,Abruzzo,Google Ads,RND_IT_GOOGLE_DISPLAY,27.92,4754,28,0
2025-10-27,Abruzzo,Google Ads,RND_IT_GOOGLE_PMAX,46.44,3427,73,1
2025-10-27,Abruzzo,Google Ads,RND_IT_GOOGLE_SEARCH_BRAND,27.02,945,69,1
2025-10-27,Abruzzo,Google Ads,RND_IT_GOOGLE_SEARCH_GENERICA,64.97,1187,56,3
2025-10-27,Abruzzo,Google Ads,RND_IT_GOOGLE_SEARCH_LOCALE,20.44,424,21,0
2025-10-27,Abruzzo,Google Ads,RND_IT_GOOGLE_VIDEO_YOUTUBE,14.95,1582,12,0
2025-10-27,Basilicata,Google Ads,RND_IT_GOOGLE_DISPLAY,8.01,1369,8,0
2025-10-27,Basilicata,Google Ads,RND_IT_GOOGLE_PMAX,12.21,882,16,0
2025-10-27,Basilicata,Google Ads,RND_IT_GOOGLE_SEARCH_BRAND,11.39,408,32,0
2025-10-27,Basilicata,Google Ads,RND_IT_GOOGLE_SEARCH_GENERICA,30.70,576,32,1
2025-10-27,Basilicata,Google Ads,RND_IT_GOOGLE_SEARCH_LOCALE,12.35,259,12,0
2025-10-27,Basilicata,Google Ads,RND_IT_GOOGLE_VIDEO_YOUTUBE,4.50,501,4,0
2025-10-27,Calabria,Google Ads,RND_IT_GOOGLE_DISPLAY,37.82,5875,38,1
2025-10-27,Calabria,Google Ads,RND_IT_GOOGLE_PMAX,49.62,3367,64,2
2025-10-27,Calabria,Google Ads,RND_IT_GOOGLE_SEARCH_BRAND,36.48,1232,84,2
2025-10-27,Calabria,Google Ads,RND_IT_GOOGLE_SEARCH_GENERICA,63.70,1130,58,5
2025-10-27,Calabria,Google Ads,RND_IT_GOOGLE_SEARCH_LOCALE,28.93,634,28,1
2025-10-27,Calabria,Google Ads,RND_IT_GOOGLE_VIDEO_YOUTUBE,37.73,3935,34,1
2025-10-27,Campania,Google Ads,RND_IT_GOOGLE_DISPLAY,143.94,24732,165,4
2025-10-27,Campania,Google Ads,RND_IT_GOOGLE_PMAX,133.64,9319,173,4
2025-10-27,Campania,Google Ads,RND_IT_GOOGLE_SEARCH_BRAND,93.32,2987,211,5
2025-10-27,Campania,Google Ads,RND_IT_GOOGLE_SEARCH_GENERICA,362.16,6871,377,29
2025-10-27,Campania,Google Ads,RND_IT_GOOGLE_SEARCH_LOCALE,142.96,3028,145,4
2025-10-27,Campania,Google Ads,RND_IT_GOOGLE_VIDEO_YOUTUBE,59.08,6497,50,1
2025-10-27,Emilia-Romagna,Google Ads,RND_IT_GOOGLE_DISPLAY,186.92,31389,185,7
2025-10-27,Emilia-Romagna,Google Ads,RND_IT_GOOGLE_PMAX,287.39,20398,420,15
2025-10-27,Emilia-Romagna,Google Ads,RND_IT_GOOGLE_SEARCH_BRAND,242.66,7901,611,14
2025-10-27,Emilia-Romagna,Google Ads,RND_IT_GOOGLE_SEARCH_GENERICA,199.24,3725,185,19
2025-10-27,Emilia-Romagna,Google Ads,RND_IT_GOOGLE_SEARCH_LOCALE,120.53,2565,123,4
2025-10-27,Emilia-Romagna,Google Ads,RND_IT_GOOGLE_VIDEO_YOUTUBE,60.35,6373,49,2
2025-10-27,Friuli-Venezia Giulia,Google Ads,RND_IT_GOOGLE_DISPLAY,36.43,5975,33,1
2025-10-27,Friuli-Venezia Giulia,Google Ads,RND_IT_GOOGLE_PMAX,50.30,3583,70,2
2025-10-27,Friuli-Venezia Giulia,Google Ads,RND_IT_GOOGLE_SEARCH_BRAND,26.70,904,74,2
2025-10-27,Friuli-Venezia Giulia,Google Ads,RND_IT_GOOGLE_SEARCH_GENERICA,47.31,849,44,6
2025-10-27,Friuli-Venezia Giulia,Google Ads,RND_IT_GOOGLE_SEARCH_LOCALE,15.83,346,15,1
2025-10-27,Friuli-Venezia Giulia,Google Ads,RND_IT_GOOGLE_VIDEO_YOUTUBE,10.56,1193,9,0
2025-10-27,Lazio,Google Ads,RND_IT_GOOGLE_DISPLAY,107.85,17703,118,5
2025-10-27,Lazio,Google Ads,RND_IT_GOOGLE_PMAX,135.27,9766,197,6
2025-10-27,Lazio,Google Ads,RND_IT_GOOGLE_SEARCH_BRAND,89.54,3105,197,6
2025-10-27,Lazio,Google Ads,RND_IT_GOOGLE_SEARCH_GENERICA,232.48,4086,209,23
2025-10-27,Lazio,Google Ads,RND_IT_GOOGLE_SEARCH_LOCALE,199.19,4114,190,10
2025-10-27,Lazio,Google Ads,RND_IT_GOOGLE_VIDEO_YOUTUBE,78.92,8588,65,3
2025-10-27,Liguria,Google Ads,RND_IT_GOOGLE_DISPLAY,19.59,3268,22,1
2025-10-27,Liguria,Google Ads,RND_IT_GOOGLE_PMAX,25.01,1743,34,1
2025-10-27,Liguria,Google Ads,RND_IT_GOOGLE_SEARCH_BRAND,23.12,743,61,2
2025-10-27,Liguria,Google Ads,RND_IT_GOOGLE_SEARCH_GENERICA,56.97,991,47,8
2025-10-27,Liguria,Google Ads,RND_IT_GOOGLE_SEARCH_LOCALE,35.85,723,32,1
2025-10-27,Liguria,Google Ads,RND_IT_GOOGLE_VIDEO_YOUTUBE,20.71,2381,20,1
2025-10-27,Lombardia,Google Ads,RND_IT_GOOGLE_DISPLAY,313.35,51436,317,9
2025-10-27,Lombardia,Google Ads,RND_IT_GOOGLE_PMAX,392.68,29739,527,12
2025-10-27,Lombardia,Google Ads,RND_IT_GOOGLE_SEARCH_BRAND,361.76,12014,892,17
2025-10-27,Lombardia,Google Ads,RND_IT_GOOGLE_SEARCH_GENERICA,657.99,12061,597,50
2025-10-27,Lombardia,Google Ads,RND_IT_GOOGLE_SEARCH_LOCALE,299.93,6580,254,8
2025-10-27,Lombardia,Google Ads,RND_IT_GOOGLE_VIDEO_YOUTUBE,241.92,26444,218,6
2025-10-27,Marche,Google Ads,RND_IT_GOOGLE_DISPLAY,24.39,3951,27,1
2025-10-27,Marche,Google Ads,RND_IT_GOOGLE_PMAX,48.57,3459,73,2
2025-10-27,Marche,Google Ads,RND_IT_GOOGLE_SEARCH_BRAND,36.04,1208,79,2
2025-10-27,Marche,Google Ads,RND_IT_GOOGLE_SEARCH_GENERICA,69.48,1235,57,6
2025-10-27,Marche,Google Ads,RND_IT_GOOGLE_SEARCH_LOCALE,27.89,583,27,1
2025-10-27,Marche,Google Ads,RND_IT_GOOGLE_VIDEO_YOUTUBE,19.32,2106,14,1
2025-10-27,Molise,Google Ads,RND_IT_GOOGLE_DISPLAY,9.43,1538,9,0
2025-10-27,Molise,Google Ads,RND_IT_GOOGLE_PMAX,10.64,760,13,1
2025-10-27,Molise,Google Ads,RND_IT_GOOGLE_SEARCH_BRAND,2.96,101,6,0
2025-10-27,Molise,Google Ads,RND_IT_GOOGLE_SEARCH_GENERICA,17.20,324,17,2
2025-10-27,Molise,Google Ads,RND_IT_GOOGLE_SEARCH_LOCALE,8.22,176,7,0
2025-10-27,Molise,Google Ads,RND_IT_GOOGLE_VIDEO_YOUTUBE,4.18,442,4,0
2025-10-27,Piemonte,Google Ads,RND_IT_GOOGLE_DISPLAY,99.48,16063,90,2
2025-10-27,Piemonte,Google Ads,RND_IT_GOOGLE_PMAX,148.71,10409,198,4
2025-10-27,Piemonte,Google Ads,RND_IT_GOOGLE_SEARCH_BRAND,97.80,3226,216,3
2025-10-27,Piemonte,Google Ads,RND_IT_GOOGLE_SEARCH_GENERICA,465.83,8297,437,25
2025-10-27,Piemonte,Google Ads,RND_IT_GOOGLE_SEARCH_LOCALE,144.15,2935,135,3
2025-10-27,Piemonte,Google Ads,RND_IT_GOOGLE_VIDEO_YOUTUBE,77.09,8667,70,2
2025-10-27,Puglia,Google Ads,RND_IT_GOOGLE_DISPLAY,124.26,21546,117,3
2025-10-27,Puglia,Google Ads,RND_IT_GOOGLE_PMAX,126.41,8757,159,4
2025-10-27,Puglia,Google Ads,RND_IT_GOOGLE_SEARCH_BRAND,83.35,2648,198,3
2025-10-27,Puglia,Google Ads,RND_IT_GOOGLE_SEARCH_GENERICA,169.50,2999,160,14
2025-10-27,Puglia,Google Ads,RND_IT_GOOGLE_SEARCH_LOCALE,111.22,2344,94,3
2025-10-27,Puglia,Google Ads,RND_IT_GOOGLE_VIDEO_YOUTUBE,69.41,7826,64,2
2025-10-27,Sardegna,Google Ads,RND_IT_GOOGLE_DISPLAY,29.17,4870,27,1
2025-10-27,Sardegna,Google Ads,RND_IT_GOOGLE_PMAX,60.02,4271,80,2
2025-10-27,Sardegna,Google Ads,RND_IT_GOOGLE_SEARCH_BRAND,31.89,1083,81,2
2025-10-27,Sardegna,Google Ads,RND_IT_GOOGLE_SEARCH_GENERICA,87.35,1599,84,8
2025-10-27,Sardegna,Google Ads,RND_IT_GOOGLE_SEARCH_LOCALE,38.47,775,33,1
2025-10-27,Sardegna,Google Ads,RND_IT_GOOGLE_VIDEO_YOUTUBE,16.64,1901,16,0
2025-10-27,Sicilia,Google Ads,RND_IT_GOOGLE_DISPLAY,105.62,18792,113,4
2025-10-27,Sicilia,Google Ads,RND_IT_GOOGLE_PMAX,159.07,11372,231,9
2025-10-27,Sicilia,Google Ads,RND_IT_GOOGLE_SEARCH_BRAND,64.47,2222,174,5
2025-10-27,Sicilia,Google Ads,RND_IT_GOOGLE_SEARCH_GENERICA,240.02,4274,212,26
2025-10-27,Sicilia,Google Ads,RND_IT_GOOGLE_SEARCH_LOCALE,92.85,1938,85,4
2025-10-27,Sicilia,Google Ads,RND_IT_GOOGLE_VIDEO_YOUTUBE,53.90,6107,43,2
2025-10-27,Toscana,Google Ads,RND_IT_GOOGLE_DISPLAY,67.54,11381,66,3
2025-10-27,Toscana,Google Ads,RND_IT_GOOGLE_PMAX,105.99,7551,164,6
2025-10-27,Toscana,Google Ads,RND_IT_GOOGLE_SEARCH_BRAND,65.84,2189,158,4
2025-10-27,Toscana,Google Ads,RND_IT_GOOGLE_SEARCH_GENERICA,129.53,2356,131,15
2025-10-27,Toscana,Google Ads,RND_IT_GOOGLE_SEARCH_LOCALE,87.89,1796,88,3
2025-10-27,Toscana,Google Ads,RND_IT_GOOGLE_VIDEO_YOUTUBE,43.95,4942,36,2
2025-10-27,Trentino-Alto Adige,Google Ads,RND_IT_GOOGLE_DISPLAY,30.13,5110,29,1
2025-10-27,Trentino-Alto Adige,Google Ads,RND_IT_GOOGLE_PMAX,21.35,1601,29,1
2025-10-27,Trentino-Alto Adige,Google Ads,RND_IT_GOOGLE_SEARCH_BRAND,14.68,495,34,1
2025-10-27,Trentino-Alto Adige,Google Ads,RND_IT_GOOGLE_SEARCH_GENERICA,33.83,633,34,3
2025-10-27,Trentino-Alto Adige,Google Ads,RND_IT_GOOGLE_SEARCH_LOCALE,19.43,394,17,1
2025-10-27,Trentino-Alto Adige,Google Ads,RND_IT_GOOGLE_VIDEO_YOUTUBE,12.24,1384,11,0
2025-10-27,Umbria,Google Ads,RND_IT_GOOGLE_DISPLAY,16.66,2688,16,0
2025-10-27,Umbria,Google Ads,RND_IT_GOOGLE_PMAX,21.97,1564,30,1
2025-10-27,Umbria,Google Ads,RND_IT_GOOGLE_SEARCH_BRAND,18.64,613,45,1
2025-10-27,Umbria,Google Ads,RND_IT_GOOGLE_SEARCH_GENERICA,53.88,983,54,4
2025-10-27,Umbria,Google Ads,RND_IT_GOOGLE_SEARCH_LOCALE,19.89,411,17,1
2025-10-27,Umbria,Google Ads,RND_IT_GOOGLE_VIDEO_YOUTUBE,8.46,960,6,0
2025-10-27,Valle d'Aosta,Google Ads,RND_IT_GOOGLE_DISPLAY,2.62,434,3,0
2025-10-27,Valle d'Aosta,Google Ads,RND_IT_GOOGLE_PMAX,3.76,268,5,0
2025-10-27,Valle d'Aosta,Google Ads,RND_IT_GOOGLE_SEARCH_BRAND,3.01,98,7,0
2025-10-27,Valle d'Aosta,Google Ads,RND_IT_GOOGLE_SEARCH_GENERICA,6.09,111,6,1
2025-10-27,Valle d'Aosta,Google Ads,RND_IT_GOOGLE_SEARCH_LOCALE,2.08,40,2,0
2025-10-27,Valle d'Aosta,Google Ads,RND_IT_GOOGLE_VIDEO_YOUTUBE,1.67,190,1,0
2025-10-27,Veneto,Google Ads,RND_IT_GOOGLE_DISPLAY,135.33,22603,130,3
2025-10-27,Veneto,Google Ads,RND_IT_GOOGLE_PMAX,166.20,12162,233,4
2025-10-27,Veneto,Google Ads,RND_IT_GOOGLE_SEARCH_BRAND,145.38,4995,381,5
2025-10-27,Veneto,Google Ads,RND_IT_GOOGLE_SEARCH_GENERICA,307.23,5620,279,18
2025-10-27,Veneto,Google Ads,RND_IT_GOOGLE_SEARCH_LOCALE,164.58,3309,147,3
2025-10-27,Veneto,Google Ads,RND_IT_GOOGLE_VIDEO_YOUTUBE,94.43,10011,85,2
2025-11-03,Abruzzo,Google Ads,RND_IT_GOOGLE_DISPLAY,32.37,5291,30,0
2025-11-03,Abruzzo,Google Ads,RND_IT_GOOGLE_PMAX,52.14,3705,74,1
2025-11-03,Abruzzo,Google Ads,RND_IT_GOOGLE_SEARCH_BRAND,25.37,855,61,1
2025-11-03,Abruzzo,Google Ads,RND_IT_GOOGLE_SEARCH_GENERICA,82.67,1427,73,3
2025-11-03,Abruzzo,Google Ads,RND_IT_GOOGLE_SEARCH_LOCALE,20.80,444,21,0
2025-11-03,Basilicata,Google Ads,RND_IT_GOOGLE_DISPLAY,8.26,1358,8,0
2025-11-03,Basilicata,Google Ads,RND_IT_GOOGLE_PMAX,17.47,1268,27,0
2025-11-03,Basilicata,Google Ads,RND_IT_GOOGLE_SEARCH_BRAND,13.55,458,37,0
2025-11-03,Basilicata,Google Ads,RND_IT_GOOGLE_SEARCH_GENERICA,27.59,507,27,1
2025-11-03,Basilicata,Google Ads,RND_IT_GOOGLE_SEARCH_LOCALE,15.43,325,14,0
2025-11-03,Calabria,Google Ads,RND_IT_GOOGLE_DISPLAY,43.44,7331,47,1
2025-11-03,Calabria,Google Ads,RND_IT_GOOGLE_PMAX,68.06,4675,80,2
2025-11-03,Calabria,Google Ads,RND_IT_GOOGLE_SEARCH_BRAND,42.71,1488,107,2
2025-11-03,Calabria,Google Ads,RND_IT_GOOGLE_SEARCH_GENERICA,85.89,1569,72,6
2025-11-03,Calabria,Google Ads,RND_IT_GOOGLE_SEARCH_LOCALE,33.80,681,31,1
2025-11-03,Campania,Google Ads,RND_IT_GOOGLE_DISPLAY,165.28,27911,167,3
2025-11-03,Campania,Google Ads,RND_IT_GOOGLE_PMAX,152.00,10443,217,4
2025-11-03,Campania,Google Ads,RND_IT_GOOGLE_SEARCH_BRAND,117.71,3799,268,4
2025-11-03,Campania,Google Ads,RND_IT_GOOGLE_SEARCH_GENERICA,490.03,9148,421,29
2025-11-03,Campania,Google Ads,RND_IT_GOOGLE_SEARCH_LOCALE,172.87,3661,193,4
2025-11-03,Emilia-Romagna,Google Ads,RND_IT_GOOGLE_DISPLAY,169.52,27120,166,5
2025-11-03,Emilia-Romagna,Google Ads,RND_IT_GOOGLE_PMAX,292.54,20972,391,11
2025-11-03,Emilia-Romagna,Google Ads,RND_IT_GOOGLE_SEARCH_BRAND,205.24,6728,485,10
2025-11-03,Emilia-Romagna,Google Ads,RND_IT_GOOGLE_SEARCH_GENERICA,240.06,4444,202,21
2025-11-03,Emilia-Romagna,Google Ads,RND_IT_GOOGLE_SEARCH_LOCALE,117.51,2384,105,4
2025-11-03,Friuli-Venezia Giulia,Google Ads,RND_IT_GOOGLE_DISPLAY,33.03,5552,37,1
2025-11-03,Friuli-Venezia Giulia,Google Ads,RND_IT_GOOGLE_PMAX,59.84,4245,78,3
2025-11-03,Friuli-Venezia Giulia,Google Ads,RND_IT_GOOGLE_SEARCH_BRAND,28.81,965,78,2
2025-11-03,Friuli-Venezia Giulia,Google Ads,RND_IT_GOOGLE_SEARCH_GENERICA,53.88,974,48,6
2025-11-03,Friuli-Venezia Giulia,Google Ads,RND_IT_GOOGLE_SEARCH_LOCALE,18.40,392,18,1
2025-11-03,Lazio,Google Ads,RND_IT_GOOGLE_DISPLAY,132.38,22430,161,5
2025-11-03,Lazio,Google Ads,RND_IT_GOOGLE_PMAX,152.10,10601,213,6
2025-11-03,Lazio,Google Ads,RND_IT_GOOGLE_SEARCH_BRAND,94.52,3097,230,5
2025-11-03,Lazio,Google Ads,RND_IT_GOOGLE_SEARCH_GENERICA,305.63,5729,280,34
2025-11-03,Lazio,Google Ads,RND_IT_GOOGLE_SEARCH_LOCALE,212.04,4402,175,7
2025-11-03,Liguria,Google Ads,RND_IT_GOOGLE_DISPLAY,22.39,3665,23,1
2025-11-03,Liguria,Google Ads,RND_IT_GOOGLE_PMAX,38.33,2748,57,2
2025-11-03,Liguria,Google Ads,RND_IT_GOOGLE_SEARCH_BRAND,25.42,867,62,2
2025-11-03,Liguria,Google Ads,RND_IT_GOOGLE_SEARCH_GENERICA,57.11,1029,46,7
2025-11-03,Liguria,Google Ads,RND_IT_GOOGLE_SEARCH_LOCALE,38.50,794,34,2
2025-11-03,Lombardia,Google Ads,RND_IT_GOOGLE_DISPLAY,395.60,64565,402,8
2025-11-03,Lombardia,Google Ads,RND_IT_GOOGLE_PMAX,515.10,37023,735,15
2025-11-03,Lombardia,Google Ads,RND_IT_GOOGLE_SEARCH_BRAND,355.03,11768,940,12
2025-11-03,Lombardia,Google Ads,RND_IT_GOOGLE_SEARCH_GENERICA,896.70,16424,830,61
2025-11-03,Lombardia,Google Ads,RND_IT_GOOGLE_SEARCH_LOCALE,367.70,7640,355,9
2025-11-03,Marche,Google Ads,RND_IT_GOOGLE_DISPLAY,24.88,4201,23,1
2025-11-03,Marche,Google Ads,RND_IT_GOOGLE_PMAX,61.39,4292,79,2
2025-11-03,Marche,Google Ads,RND_IT_GOOGLE_SEARCH_BRAND,35.12,1136,98,2
2025-11-03,Marche,Google Ads,RND_IT_GOOGLE_SEARCH_GENERICA,67.06,1208,60,6
2025-11-03,Marche,Google Ads,RND_IT_GOOGLE_SEARCH_LOCALE,29.96,672,30,1
2025-11-03,Molise,Google Ads,RND_IT_GOOGLE_DISPLAY,13.08,2011,12,0
2025-11-03,Molise,Google Ads,RND_IT_GOOGLE_PMAX,14.43,1015,20,1
2025-11-03,Molise,Google Ads,RND_IT_GOOGLE_SEARCH_BRAND,3.16,105,8,0
2025-11-03,Molise,Google Ads,RND_IT_GOOGLE_SEARCH_GENERICA,25.37,468,25,2
2025-11-03,Molise,Google Ads,RND_IT_GOOGLE_SEARCH_LOCALE,9.71,198,9,0
2025-11-03,Piemonte,Google Ads,RND_IT_GOOGLE_DISPLAY,125.51,20920,126,2
2025-11-03,Piemonte,Google Ads,RND_IT_GOOGLE_PMAX,223.03,16034,304,5
2025-11-03,Piemonte,Google Ads,RND_IT_GOOGLE_SEARCH_BRAND,93.09,3119,254,3
2025-11-03,Piemonte,Google Ads,RND_IT_GOOGLE_SEARCH_GENERICA,607.56,10922,623,30
2025-11-03,Piemonte,Google Ads,RND_IT_GOOGLE_SEARCH_LOCALE,174.26,3655,169,3
2025-11-03,Puglia,Google Ads,RND_IT_GOOGLE_DISPLAY,134.41,23501,150,3
2025-11-03,Puglia,Google Ads,RND_IT_GOOGLE_PMAX,157.84,10929,228,5
2025-11-03,Puglia,Google Ads,RND_IT_GOOGLE_SEARCH_BRAND,78.26,2682,216,3
2025-11-03,Puglia,Google Ads,RND_IT_GOOGLE_SEARCH_GENERICA,205.83,3927,203,13
2025-11-03,Puglia,Google Ads,RND_IT_GOOGLE_SEARCH_LOCALE,151.51,3231,132,3
2025-11-03,Sardegna,Google Ads,RND_IT_GOOGLE_DISPLAY,36.64,5631,33,1
2025-11-03,Sardegna,Google Ads,RND_IT_GOOGLE_PMAX,73.47,5153,111,2
2025-11-03,Sardegna,Google Ads,RND_IT_GOOGLE_SEARCH_BRAND,32.96,1111,80,2
2025-11-03,Sardegna,Google Ads,RND_IT_GOOGLE_SEARCH_GENERICA,108.97,2101,100,6
2025-11-03,Sardegna,Google Ads,RND_IT_GOOGLE_SEARCH_LOCALE,41.18,833,40,1
2025-11-03,Sicilia,Google Ads,RND_IT_GOOGLE_DISPLAY,98.73,16861,103,3
2025-11-03,Sicilia,Google Ads,RND_IT_GOOGLE_PMAX,225.40,16358,350,10
2025-11-03,Sicilia,Google Ads,RND_IT_GOOGLE_SEARCH_BRAND,80.10,2707,203,5
2025-11-03,Sicilia,Google Ads,RND_IT_GOOGLE_SEARCH_GENERICA,305.64,5703,298,27
2025-11-03,Sicilia,Google Ads,RND_IT_GOOGLE_SEARCH_LOCALE,112.13,2224,91,4
2025-11-03,Toscana,Google Ads,RND_IT_GOOGLE_DISPLAY,74.98,12700,79,2
2025-11-03,Toscana,Google Ads,RND_IT_GOOGLE_PMAX,122.41,8737,175,4
2025-11-03,Toscana,Google Ads,RND_IT_GOOGLE_SEARCH_BRAND,67.52,2272,155,4
2025-11-03,Toscana,Google Ads,RND_IT_GOOGLE_SEARCH_GENERICA,160.79,3059,153,12
2025-11-03,Toscana,Google Ads,RND_IT_GOOGLE_SEARCH_LOCALE,105.67,2162,92,3
2025-11-03,Trentino-Alto Adige,Google Ads,RND_IT_GOOGLE_DISPLAY,40.07,6390,43,1
2025-11-03,Trentino-Alto Adige,Google Ads,RND_IT_GOOGLE_PMAX,30.01,2113,46,1
2025-11-03,Trentino-Alto Adige,Google Ads,RND_IT_GOOGLE_SEARCH_BRAND,18.33,608,45,1
2025-11-03,Trentino-Alto Adige,Google Ads,RND_IT_GOOGLE_SEARCH_GENERICA,37.92,658,32,3
2025-11-03,Trentino-Alto Adige,Google Ads,RND_IT_GOOGLE_SEARCH_LOCALE,19.12,407,19,1
2025-11-03,Umbria,Google Ads,RND_IT_GOOGLE_DISPLAY,18.45,3122,21,0
2025-11-03,Umbria,Google Ads,RND_IT_GOOGLE_PMAX,24.08,1673,31,1
2025-11-03,Umbria,Google Ads,RND_IT_GOOGLE_SEARCH_BRAND,22.00,718,51,1
2025-11-03,Umbria,Google Ads,RND_IT_GOOGLE_SEARCH_GENERICA,67.37,1173,55,4
2025-11-03,Umbria,Google Ads,RND_IT_GOOGLE_SEARCH_LOCALE,19.85,409,20,0
2025-11-03,Valle d'Aosta,Google Ads,RND_IT_GOOGLE_DISPLAY,3.23,555,4,0
2025-11-03,Valle d'Aosta,Google Ads,RND_IT_GOOGLE_PMAX,4.49,311,7,0
2025-11-03,Valle d'Aosta,Google Ads,RND_IT_GOOGLE_SEARCH_BRAND,2.99,101,7,0
2025-11-03,Valle d'Aosta,Google Ads,RND_IT_GOOGLE_SEARCH_GENERICA,6.17,111,5,1
2025-11-03,Valle d'Aosta,Google Ads,RND_IT_GOOGLE_SEARCH_LOCALE,2.44,50,2,0
2025-11-03,Veneto,Google Ads,RND_IT_GOOGLE_DISPLAY,146.51,23556,149,3
2025-11-03,Veneto,Google Ads,RND_IT_GOOGLE_PMAX,184.00,13091,243,4
2025-11-03,Veneto,Google Ads,RND_IT_GOOGLE_SEARCH_BRAND,151.88,5012,356,5
2025-11-03,Veneto,Google Ads,RND_IT_GOOGLE_SEARCH_GENERICA,303.64,5528,273,17
2025-11-03,Veneto,Google Ads,RND_IT_GOOGLE_SEARCH_LOCALE,176.54,3778,172,3
2025-11-10,Abruzzo,Google Ads,RND_IT_GOOGLE_DISPLAY,47.17,7695,45,1
2025-11-10,Abruzzo,Google Ads,RND_IT_GOOGLE_PMAX,64.84,4913,84,1
2025-11-10,Abruzzo,Google Ads,RND_IT_GOOGLE_SEARCH_BRAND,25.84,905,67,1
2025-11-10,Abruzzo,Google Ads,RND_IT_GOOGLE_SEARCH_GENERICA,83.20,1504,79,3
2025-11-10,Abruzzo,Google Ads,RND_IT_GOOGLE_SEARCH_LOCALE,27.28,555,25,0
2025-11-10,Basilicata,Google Ads,RND_IT_GOOGLE_DISPLAY,10.97,1829,12,0
2025-11-10,Basilicata,Google Ads,RND_IT_GOOGLE_PMAX,26.59,1932,42,1
2025-11-10,Basilicata,Google Ads,RND_IT_GOOGLE_SEARCH_BRAND,16.18,561,44,0
2025-11-10,Basilicata,Google Ads,RND_IT_GOOGLE_SEARCH_GENERICA,33.16,573,30,2
2025-11-10,Basilicata,Google Ads,RND_IT_GOOGLE_SEARCH_LOCALE,23.46,488,23,0
2025-11-10,Calabria,Google Ads,RND_IT_GOOGLE_DISPLAY,51.12,8771,50,1
2025-11-10,Calabria,Google Ads,RND_IT_GOOGLE_PMAX,100.86,6916,131,3
2025-11-10,Calabria,Google Ads,RND_IT_GOOGLE_SEARCH_BRAND,46.92,1594,119,2
2025-11-10,Calabria,Google Ads,RND_IT_GOOGLE_SEARCH_GENERICA,104.57,1967,111,7
2025-11-10,Calabria,Google Ads,RND_IT_GOOGLE_SEARCH_LOCALE,52.27,1039,51,1
2025-11-10,Campania,Google Ads,RND_IT_GOOGLE_DISPLAY,260.31,42681,252,7
2025-11-10,Campania,Google Ads,RND_IT_GOOGLE_PMAX,249.76,18218,367,8
2025-11-10,Campania,Google Ads,RND_IT_GOOGLE_SEARCH_BRAND,109.87,3704,242,4
2025-11-10,Campania,Google Ads,RND_IT_GOOGLE_SEARCH_GENERICA,483.13,9352,490,41
2025-11-10,Campania,Google Ads,RND_IT_GOOGLE_SEARCH_LOCALE,236.47,4974,217,6
2025-11-10,Emilia-Romagna,Google Ads,RND_IT_GOOGLE_DISPLAY,194.94,32448,219,7
2025-11-10,Emilia-Romagna,Google Ads,RND_IT_GOOGLE_PMAX,340.23,23749,441,13
2025-11-10,Emilia-Romagna,Google Ads,RND_IT_GOOGLE_SEARCH_BRAND,203.86,6777,482,9
2025-11-10,Emilia-Romagna,Google Ads,RND_IT_GOOGLE_SEARCH_GENERICA,326.31,6161,317,30
2025-11-10,Emilia-Romagna,Google Ads,RND_IT_GOOGLE_SEARCH_LOCALE,159.53,3346,161,5
2025-11-10,Friuli-Venezia Giulia,Google Ads,RND_IT_GOOGLE_DISPLAY,42.92,7011,44,1
2025-11-10,Friuli-Venezia Giulia,Google Ads,RND_IT_GOOGLE_PMAX,76.49,5463,127,3
2025-11-10,Friuli-Venezia Giulia,Google Ads,RND_IT_GOOGLE_SEARCH_BRAND,32.86,1054,71,2
2025-11-10,Friuli-Venezia Giulia,Google Ads,RND_IT_GOOGLE_SEARCH_GENERICA,64.70,1215,59,5
2025-11-10,Friuli-Venezia Giulia,Google Ads,RND_IT_GOOGLE_SEARCH_LOCALE,27.61,589,29,1
2025-11-10,Lazio,Google Ads,RND_IT_GOOGLE_DISPLAY,156.35,26077,159,5
2025-11-10,Lazio,Google Ads,RND_IT_GOOGLE_PMAX,215.31,15108,341,7
2025-11-10,Lazio,Google Ads,RND_IT_GOOGLE_SEARCH_BRAND,92.33,3058,233,6
2025-11-10,Lazio,Google Ads,RND_IT_GOOGLE_SEARCH_GENERICA,368.56,6747,313,31
2025-11-10,Lazio,Google Ads,RND_IT_GOOGLE_SEARCH_LOCALE,310.03,6237,316,10
2025-11-10,Liguria,Google Ads,RND_IT_GOOGLE_DISPLAY,27.78,4775,29,1
2025-11-10,Liguria,Google Ads,RND_IT_GOOGLE_PMAX,52.73,3995,89,2
2025-11-10,Liguria,Google Ads,RND_IT_GOOGLE_SEARCH_BRAND,28.26,945,73,2
2025-11-10,Liguria,Google Ads,RND_IT_GOOGLE_SEARCH_GENERICA,72.34,1282,62,7
2025-11-10,Liguria,Google Ads,RND_IT_GOOGLE_SEARCH_LOCALE,54.90,1137,53,2
2025-11-10,Lombardia,Google Ads,RND_IT_GOOGLE_DISPLAY,441.20,73767,440,9
2025-11-10,Lombardia,Google Ads,RND_IT_GOOGLE_PMAX,659.74,45521,916,17
2025-11-10,Lombardia,Google Ads,RND_IT_GOOGLE_SEARCH_BRAND,378.63,12708,970,13
2025-11-10,Lombardia,Google Ads,RND_IT_GOOGLE_SEARCH_GENERICA,1111.67,20256,963,71
2025-11-10,Lombardia,Google Ads,RND_IT_GOOGLE_SEARCH_LOCALE,516.82,10354,471,11
2025-11-10,Marche,Google Ads,RND_IT_GOOGLE_DISPLAY,30.26,4990,25,1
2025-11-10,Marche,Google Ads,RND_IT_GOOGLE_PMAX,81.16,5852,125,2
2025-11-10,Marche,Google Ads,RND_IT_GOOGLE_SEARCH_BRAND,33.06,1118,79,1
2025-11-10,Marche,Google Ads,RND_IT_GOOGLE_SEARCH_GENERICA,80.87,1563,64,6
2025-11-10,Marche,Google Ads,RND_IT_GOOGLE_SEARCH_LOCALE,41.40,856,37,1
2025-11-10,Molise,Google Ads,RND_IT_GOOGLE_DISPLAY,16.09,2679,15,0
2025-11-10,Molise,Google Ads,RND_IT_GOOGLE_PMAX,18.34,1283,26,1
2025-11-10,Molise,Google Ads,RND_IT_GOOGLE_SEARCH_BRAND,4.00,137,10,0
2025-11-10,Molise,Google Ads,RND_IT_GOOGLE_SEARCH_GENERICA,29.17,525,24,3
2025-11-10,Molise,Google Ads,RND_IT_GOOGLE_SEARCH_LOCALE,14.35,312,13,1
2025-11-10,Piemonte,Google Ads,RND_IT_GOOGLE_DISPLAY,130.78,21272,133,2
2025-11-10,Piemonte,Google Ads,RND_IT_GOOGLE_PMAX,364.72,26629,574,8
2025-11-10,Piemonte,Google Ads,RND_IT_GOOGLE_SEARCH_BRAND,89.44,2920,212,2
2025-11-10,Piemonte,Google Ads,RND_IT_GOOGLE_SEARCH_GENERICA,664.14,11911,662,34
2025-11-10,Piemonte,Google Ads,RND_IT_GOOGLE_SEARCH_LOCALE,272.26,5618,248,5
2025-11-10,Puglia,Google Ads,RND_IT_GOOGLE_DISPLAY,178.35,28838,162,4
2025-11-10,Puglia,Google Ads,RND_IT_GOOGLE_PMAX,219.19,15794,307,7
2025-11-10,Puglia,Google Ads,RND_IT_GOOGLE_SEARCH_BRAND,75.26,2457,170,3
2025-11-10,Puglia,Google Ads,RND_IT_GOOGLE_SEARCH_GENERICA,197.64,3713,190,15
2025-11-10,Puglia,Google Ads,RND_IT_GOOGLE_SEARCH_LOCALE,227.12,4538,206,7
2025-11-10,Sardegna,Google Ads,RND_IT_GOOGLE_DISPLAY,50.21,8670,52,2
2025-11-10,Sardegna,Google Ads,RND_IT_GOOGLE_PMAX,104.11,7716,171,4
2025-11-10,Sardegna,Google Ads,RND_IT_GOOGLE_SEARCH_BRAND,37.59,1308,103,2
2025-11-10,Sardegna,Google Ads,RND_IT_GOOGLE_SEARCH_GENERICA,97.01,1826,89,8
2025-11-10,Sardegna,Google Ads,RND_IT_GOOGLE_SEARCH_LOCALE,63.01,1286,57,2
2025-11-10,Sicilia,Google Ads,RND_IT_GOOGLE_DISPLAY,135.53,23698,130,4
2025-11-10,Sicilia,Google Ads,RND_IT_GOOGLE_PMAX,312.73,22819,442,12
2025-11-10,Sicilia,Google Ads,RND_IT_GOOGLE_SEARCH_BRAND,84.88,2895,230,5
2025-11-10,Sicilia,Google Ads,RND_IT_GOOGLE_SEARCH_GENERICA,348.45,6174,317,33
2025-11-10,Sicilia,Google Ads,RND_IT_GOOGLE_SEARCH_LOCALE,170.62,3383,159,7
2025-11-10,Toscana,Google Ads,RND_IT_GOOGLE_DISPLAY,96.85,15274,87,3
2025-11-10,Toscana,Google Ads,RND_IT_GOOGLE_PMAX,204.15,14279,279,7
2025-11-10,Toscana,Google Ads,RND_IT_GOOGLE_SEARCH_BRAND,69.00,2273,182,4
2025-11-10,Toscana,Google Ads,RND_IT_GOOGLE_SEARCH_GENERICA,170.75,3080,133,16
2025-11-10,Toscana,Google Ads,RND_IT_GOOGLE_SEARCH_LOCALE,148.93,2982,121,5
2025-11-10,Trentino-Alto Adige,Google Ads,RND_IT_GOOGLE_DISPLAY,47.01,7973,48,1
2025-11-10,Trentino-Alto Adige,Google Ads,RND_IT_GOOGLE_PMAX,36.34,2822,55,2
2025-11-10,Trentino-Alto Adige,Google Ads,RND_IT_GOOGLE_SEARCH_BRAND,20.50,681,49,1
2025-11-10,Trentino-Alto Adige,Google Ads,RND_IT_GOOGLE_SEARCH_GENERICA,46.63,835,43,4
2025-11-10,Trentino-Alto Adige,Google Ads,RND_IT_GOOGLE_SEARCH_LOCALE,28.59,608,27,1
2025-11-10,Umbria,Google Ads,RND_IT_GOOGLE_DISPLAY,26.49,4529,29,1
2025-11-10,Umbria,Google Ads,RND_IT_GOOGLE_PMAX,39.47,2867,58,1
2025-11-10,Umbria,Google Ads,RND_IT_GOOGLE_SEARCH_BRAND,22.48,747,61,1
2025-11-10,Umbria,Google Ads,RND_IT_GOOGLE_SEARCH_GENERICA,70.73,1289,70,6
2025-11-10,Umbria,Google Ads,RND_IT_GOOGLE_SEARCH_LOCALE,24.16,481,25,1
2025-11-10,Valle d'Aosta,Google Ads,RND_IT_GOOGLE_DISPLAY,3.57,573,4,0
2025-11-10,Valle d'Aosta,Google Ads,RND_IT_GOOGLE_PMAX,5.37,377,7,0
2025-11-10,Valle d'Aosta,Google Ads,RND_IT_GOOGLE_SEARCH_BRAND,3.15,105,8,0
2025-11-10,Valle d'Aosta,Google Ads,RND_IT_GOOGLE_SEARCH_GENERICA,7.49,141,7,1
2025-11-10,Valle d'Aosta,Google Ads,RND_IT_GOOGLE_SEARCH_LOCALE,3.16,66,3,0
2025-11-10,Veneto,Google Ads,RND_IT_GOOGLE_DISPLAY,196.92,32356,184,4
2025-11-10,Veneto,Google Ads,RND_IT_GOOGLE_PMAX,303.30,21798,451,7
2025-11-10,Veneto,Google Ads,RND_IT_GOOGLE_SEARCH_BRAND,161.93,5474,429,6
2025-11-10,Veneto,Google Ads,RND_IT_GOOGLE_SEARCH_GENERICA,310.27,5505,241,20
2025-11-10,Veneto,Google Ads,RND_IT_GOOGLE_SEARCH_LOCALE,250.60,5225,245,5
2025-11-17,Abruzzo,Google Ads,RND_IT_GOOGLE_DISPLAY,37.91,6209,38,1
2025-11-17,Abruzzo,Google Ads,RND_IT_GOOGLE_PMAX,55.82,4063,79,1
2025-11-17,Abruzzo,Google Ads,RND_IT_GOOGLE_SEARCH_BRAND,24.93,894,65,1
2025-11-17,Abruzzo,Google Ads,RND_IT_GOOGLE_SEARCH_GENERICA,84.81,1592,77,3
2025-11-17,Abruzzo,Google Ads,RND_IT_GOOGLE_SEARCH_LOCALE,29.74,610,28,0
2025-11-17,Basilicata,Google Ads,RND_IT_GOOGLE_DISPLAY,11.42,2012,11,0
2025-11-17,Basilicata,Google Ads,RND_IT_GOOGLE_PMAX,24.06,1749,37,0
2025-11-17,Basilicata,Google Ads,RND_IT_GOOGLE_SEARCH_BRAND,15.91,533,39,0
2025-11-17,Basilicata,Google Ads,RND_IT_GOOGLE_SEARCH_GENERICA,33.38,609,33,1
2025-11-17,Basilicata,Google Ads,RND_IT_GOOGLE_SEARCH_LOCALE,25.55,536,23,0
2025-11-17,Calabria,Google Ads,RND_IT_GOOGLE_DISPLAY,47.52,8312,50,1
2025-11-17,Calabria,Google Ads,RND_IT_GOOGLE_PMAX,108.66,7877,174,3
2025-11-17,Calabria,Google Ads,RND_IT_GOOGLE_SEARCH_BRAND,45.32,1541,96,2
2025-11-17,Calabria,Google Ads,RND_IT_GOOGLE_SEARCH_GENERICA,119.54,2325,118,8
2025-11-17,Calabria,Google Ads,RND_IT_GOOGLE_SEARCH_LOCALE,60.33,1221,48,1
2025-11-17,Campania,Google Ads,RND_IT_GOOGLE_DISPLAY,226.44,36697,235,7
2025-11-17,Campania,Google Ads,RND_IT_GOOGLE_PMAX,259.19,19050,383,9
2025-11-17,Campania,Google Ads,RND_IT_GOOGLE_SEARCH_BRAND,101.47,3211,236,5
2025-11-17,Campania,Google Ads,RND_IT_GOOGLE_SEARCH_GENERICA,427.77,7852,354,32
2025-11-17,Campania,Google Ads,RND_IT_GOOGLE_SEARCH_LOCALE,211.64,4520,210,7
2025-11-17,Emilia-Romagna,Google Ads,RND_IT_GOOGLE_DISPLAY,165.28,26341,157,5
2025-11-17,Emilia-Romagna,Google Ads,RND_IT_GOOGLE_PMAX,358.70,26289,607,13
2025-11-17,Emilia-Romagna,Google Ads,RND_IT_GOOGLE_SEARCH_BRAND,182.96,6010,454,8
2025-11-17,Emilia-Romagna,Google Ads,RND_IT_GOOGLE_SEARCH_GENERICA,340.09,6165,359,27
2025-11-17,Emilia-Romagna,Google Ads,RND_IT_GOOGLE_SEARCH_LOCALE,177.91,3629,135,6
2025-11-17,Friuli-Venezia Giulia,Google Ads,RND_IT_GOOGLE_DISPLAY,34.16,5826,38,1
2025-11-17,Friuli-Venezia Giulia,Google Ads,RND_IT_GOOGLE_PMAX,71.33,4965,107,3
2025-11-17,Friuli-Venezia Giulia,Google Ads,RND_IT_GOOGLE_SEARCH_BRAND,35.29,1220,89,2
2025-11-17,Friuli-Venezia Giulia,Google Ads,RND_IT_GOOGLE_SEARCH_GENERICA,62.05,1148,52,6
2025-11-17,Friuli-Venezia Giulia,Google Ads,RND_IT_GOOGLE_SEARCH_LOCALE,26.80,552,24,1
2025-11-17,Lazio,Google Ads,RND_IT_GOOGLE_DISPLAY,146.88,24880,158,6
2025-11-17,Lazio,Google Ads,RND_IT_GOOGLE_PMAX,192.51,14620,336,8
2025-11-17,Lazio,Google Ads,RND_IT_GOOGLE_SEARCH_BRAND,96.11,3242,273,5
2025-11-17,Lazio,Google Ads,RND_IT_GOOGLE_SEARCH_GENERICA,390.56,7029,345,40
2025-11-17,Lazio,Google Ads,RND_IT_GOOGLE_SEARCH_LOCALE,317.75,6519,293,11
2025-11-17,Liguria,Google Ads,RND_IT_GOOGLE_DISPLAY,30.77,5320,32,1
2025-11-17,Liguria,Google Ads,RND_IT_GOOGLE_PMAX,54.58,4128,82,2
2025-11-17,Liguria,Google Ads,RND_IT_GOOGLE_SEARCH_BRAND,25.40,735,51,1
2025-11-17,Liguria,Google Ads,RND_IT_GOOGLE_SEARCH_GENERICA,89.57,1541,71,12
2025-11-17,Liguria,Google Ads,RND_IT_GOOGLE_SEARCH_LOCALE,60.45,1285,56,2
2025-11-17,Lombardia,Google Ads,RND_IT_GOOGLE_DISPLAY,435.27,70240,414,8
2025-11-17,Lombardia,Google Ads,RND_IT_GOOGLE_PMAX,695.86,50898,900,16
2025-11-17,Lombardia,Google Ads,RND_IT_GOOGLE_SEARCH_BRAND,322.05,10952,789,10
2025-11-17,Lombardia,Google Ads,RND_IT_GOOGLE_SEARCH_GENERICA,1179.56,21292,987,73
2025-11-17,Lombardia,Google Ads,RND_IT_GOOGLE_SEARCH_LOCALE,549.48,11634,603,11
2025-11-17,Marche,Google Ads,RND_IT_GOOGLE_DISPLAY,29.90,5092,29,1
2025-11-17,Marche,Google Ads,RND_IT_GOOGLE_PMAX,88.91,6358,121,3
2025-11-17,Marche,Google Ads,RND_IT_GOOGLE_SEARCH_BRAND,34.84,1228,86,1
2025-11-17,Marche,Google Ads,RND_IT_GOOGLE_SEARCH_GENERICA,73.46,1325,64,6
2025-11-17,Marche,Google Ads,RND_IT_GOOGLE_SEARCH_LOCALE,41.55,797,40,1
2025-11-17,Molise,Google Ads,RND_IT_GOOGLE_DISPLAY,14.27,2326,13,0
2025-11-17,Molise,Google Ads,RND_IT_GOOGLE_PMAX,19.13,1368,26,1
2025-11-17,Molise,Google Ads,RND_IT_GOOGLE_SEARCH_BRAND,5.09,159,11,0
2025-11-17,Molise,Google Ads,RND_IT_GOOGLE_SEARCH_GENERICA,28.64,496,26,2
2025-11-17,Molise,Google Ads,RND_IT_GOOGLE_SEARCH_LOCALE,15.91,334,16,1
2025-11-17,Piemonte,Google Ads,RND_IT_GOOGLE_DISPLAY,122.78,20846,114,3
2025-11-17,Piemonte,Google Ads,RND_IT_GOOGLE_PMAX,327.23,23147,432,8
2025-11-17,Piemonte,Google Ads,RND_IT_GOOGLE_SEARCH_BRAND,98.04,3417,275,3
2025-11-17,Piemonte,Google Ads,RND_IT_GOOGLE_SEARCH_GENERICA,567.89,10303,562,30
2025-11-17,Piemonte,Google Ads,RND_IT_GOOGLE_SEARCH_LOCALE,213.90,4223,178,5
2025-11-17,Puglia,Google Ads,RND_IT_GOOGLE_DISPLAY,157.40,26204,168,4
2025-11-17,Puglia,Google Ads,RND_IT_GOOGLE_PMAX,241.98,17184,291,8
2025-11-17,Puglia,Google Ads,RND_IT_GOOGLE_SEARCH_BRAND,88.48,2704,224,3
2025-11-17,Puglia,Google Ads,RND_IT_GOOGLE_SEARCH_GENERICA,196.24,3347,163,14
2025-11-17,Puglia,Google Ads,RND_IT_GOOGLE_SEARCH_LOCALE,233.92,4823,246,6
2025-11-17,Sardegna,Google Ads,RND_IT_GOOGLE_DISPLAY,40.97,7218,48,1
2025-11-17,Sardegna,Google Ads,RND_IT_GOOGLE_PMAX,105.55,7045,151,4
2025-11-17,Sardegna,Google Ads,RND_IT_GOOGLE_SEARCH_BRAND,37.95,1301,93,2
2025-11-17,Sardegna,Google Ads,RND_IT_GOOGLE_SEARCH_GENERICA,109.14,1964,91,10
2025-11-17,Sardegna,Google Ads,RND_IT_GOOGLE_SEARCH_LOCALE,57.34,1191,56,2
2025-11-17,Sicilia,Google Ads,RND_IT_GOOGLE_DISPLAY,120.06,20279,112,4
2025-11-17,Sicilia,Google Ads,RND_IT_GOOGLE_PMAX,298.92,22332,388,12
2025-11-17,Sicilia,Google Ads,RND_IT_GOOGLE_SEARCH_BRAND,88.84,2960,211,4
2025-11-17,Sicilia,Google Ads,RND_IT_GOOGLE_SEARCH_GENERICA,402.64,7374,381,38
2025-11-17,Sicilia,Google Ads,RND_IT_GOOGLE_SEARCH_LOCALE,171.41,3533,149,6
2025-11-17,Toscana,Google Ads,RND_IT_GOOGLE_DISPLAY,86.85,14339,86,2
2025-11-17,Toscana,Google Ads,RND_IT_GOOGLE_PMAX,175.31,12965,276,7
2025-11-17,Toscana,Google Ads,RND_IT_GOOGLE_SEARCH_BRAND,63.30,1961,135,3
2025-11-17,Toscana,Google Ads,RND_IT_GOOGLE_SEARCH_GENERICA,189.10,3448,179,18
2025-11-17,Toscana,Google Ads,RND_IT_GOOGLE_SEARCH_LOCALE,120.45,2547,115,5
2025-11-17,Trentino-Alto Adige,Google Ads,RND_IT_GOOGLE_DISPLAY,37.91,6345,34,1
2025-11-17,Trentino-Alto Adige,Google Ads,RND_IT_GOOGLE_PMAX,39.38,2671,62,1
2025-11-17,Trentino-Alto Adige,Google Ads,RND_IT_GOOGLE_SEARCH_BRAND,22.97,776,64,1
2025-11-17,Trentino-Alto Adige,Google Ads,RND_IT_GOOGLE_SEARCH_GENERICA,53.17,955,49,4
2025-11-17,Trentino-Alto Adige,Google Ads,RND_IT_GOOGLE_SEARCH_LOCALE,29.40,626,30,1
2025-11-17,Umbria,Google Ads,RND_IT_GOOGLE_DISPLAY,22.62,3759,21,1
2025-11-17,Umbria,Google Ads,RND_IT_GOOGLE_PMAX,39.85,2922,55,1
2025-11-17,Umbria,Google Ads,RND_IT_GOOGLE_SEARCH_BRAND,22.18,765,62,1
2025-11-17,Umbria,Google Ads,RND_IT_GOOGLE_SEARCH_GENERICA,72.96,1323,67,6
2025-11-17,Umbria,Google Ads,RND_IT_GOOGLE_SEARCH_LOCALE,29.57,602,26,1
2025-11-17,Valle d'Aosta,Google Ads,RND_IT_GOOGLE_DISPLAY,3.46,557,3,0
2025-11-17,Valle d'Aosta,Google Ads,RND_IT_GOOGLE_PMAX,5.14,367,8,0
2025-11-17,Valle d'Aosta,Google Ads,RND_IT_GOOGLE_SEARCH_BRAND,3.52,119,9,0
2025-11-17,Valle d'Aosta,Google Ads,RND_IT_GOOGLE_SEARCH_GENERICA,7.79,138,7,1
2025-11-17,Valle d'Aosta,Google Ads,RND_IT_GOOGLE_SEARCH_LOCALE,3.23,66,3,0
2025-11-17,Veneto,Google Ads,RND_IT_GOOGLE_DISPLAY,162.44,28636,166,3
2025-11-17,Veneto,Google Ads,RND_IT_GOOGLE_PMAX,329.83,23419,455,9
2025-11-17,Veneto,Google Ads,RND_IT_GOOGLE_SEARCH_BRAND,146.08,4955,335,5
2025-11-17,Veneto,Google Ads,RND_IT_GOOGLE_SEARCH_GENERICA,321.10,5840,294,21
2025-11-17,Veneto,Google Ads,RND_IT_GOOGLE_SEARCH_LOCALE,270.19,5623,259,6
2025-11-24,Abruzzo,Google Ads,RND_IT_GOOGLE_DISPLAY,35.10,6131,32,0
2025-11-24,Abruzzo,Google Ads,RND_IT_GOOGLE_PMAX,52.99,3841,81,1
2025-11-24,Abruzzo,Google Ads,RND_IT_GOOGLE_SEARCH_BRAND,27.58,908,62,1
2025-11-24,Abruzzo,Google Ads,RND_IT_GOOGLE_SEARCH_GENERICA,77.29,1408,69,3
2025-11-24,Abruzzo,Google Ads,RND_IT_GOOGLE_SEARCH_LOCALE,35.46,705,29,1
2025-11-24,Basilicata,Google Ads,RND_IT_GOOGLE_DISPLAY,10.93,1811,12,0
2025-11-24,Basilicata,Google Ads,RND_IT_GOOGLE_PMAX,20.20,1367,25,0
2025-11-24,Basilicata,Google Ads,RND_IT_GOOGLE_SEARCH_BRAND,16.82,529,40,0
2025-11-24,Basilicata,Google Ads,RND_IT_GOOGLE_SEARCH_GENERICA,31.52,558,30,2
2025-11-24,Basilicata,Google Ads,RND_IT_GOOGLE_SEARCH_LOCALE,29.04,596,26,0
2025-11-24,Calabria,Google Ads,RND_IT_GOOGLE_DISPLAY,43.22,7355,44,1
2025-11-24,Calabria,Google Ads,RND_IT_GOOGLE_PMAX,91.05,6502,129,2
2025-11-24,Calabria,Google Ads,RND_IT_GOOGLE_SEARCH_BRAND,46.68,1588,124,2
2025-11-24,Calabria,Google Ads,RND_IT_GOOGLE_SEARCH_GENERICA,108.03,1980,114,6
2025-11-24,Calabria,Google Ads,RND_IT_GOOGLE_SEARCH_LOCALE,65.92,1429,60,2
2025-11-24,Campania,Google Ads,RND_IT_GOOGLE_DISPLAY,201.73,35691,198,5
2025-11-24,Campania,Google Ads,RND_IT_GOOGLE_PMAX,227.43,16284,351,8
2025-11-24,Campania,Google Ads,RND_IT_GOOGLE_SEARCH_BRAND,121.32,4256,273,6
2025-11-24,Campania,Google Ads,RND_IT_GOOGLE_SEARCH_GENERICA,450.85,8262,418,37
2025-11-24,Campania,Google Ads,RND_IT_GOOGLE_SEARCH_LOCALE,216.02,4297,205,5
2025-11-24,Emilia-Romagna,Google Ads,RND_IT_GOOGLE_DISPLAY,164.97,28515,173,5
2025-11-24,Emilia-Romagna,Google Ads,RND_IT_GOOGLE_PMAX,314.73,22535,449,10
2025-11-24,Emilia-Romagna,Google Ads,RND_IT_GOOGLE_SEARCH_BRAND,189.14,6518,478,10
2025-11-24,Emilia-Romagna,Google Ads,RND_IT_GOOGLE_SEARCH_GENERICA,312.93,5661,283,27
2025-11-24,Emilia-Romagna,Google Ads,RND_IT_GOOGLE_SEARCH_LOCALE,197.19,4066,171,7
2025-11-24,Friuli-Venezia Giulia,Google Ads,RND_IT_GOOGLE_DISPLAY,35.58,5875,35,1
2025-11-24,Friuli-Venezia Giulia,Google Ads,RND_IT_GOOGLE_PMAX,63.93,4379,78,2
2025-11-24,Friuli-Venezia Giulia,Google Ads,RND_IT_GOOGLE_SEARCH_BRAND,30.84,967,81,1
2025-11-24,Friuli-Venezia Giulia,Google Ads,RND_IT_GOOGLE_SEARCH_GENERICA,87.77,1712,87,7
2025-11-24,Friuli-Venezia Giulia,Google Ads,RND_IT_GOOGLE_SEARCH_LOCALE,35.89,734,34,1
2025-11-24,Lazio,Google Ads,RND_IT_GOOGLE_DISPLAY,133.62,22212,137,4
2025-11-24,Lazio,Google Ads,RND_IT_GOOGLE_PMAX,201.08,14556,316,8
2025-11-24,Lazio,Google Ads,RND_IT_GOOGLE_SEARCH_BRAND,114.67,3649,269,7
2025-11-24,Lazio,Google Ads,RND_IT_GOOGLE_SEARCH_GENERICA,346.08,6266,299,36
2025-11-24,Lazio,Google Ads,RND_IT_GOOGLE_SEARCH_LOCALE,353.83,7815,317,11
2025-11-24,Liguria,Google Ads,RND_IT_GOOGLE_DISPLAY,31.40,4964,29,1
2025-11-24,Liguria,Google Ads,RND_IT_GOOGLE_PMAX,39.27,2894,53,2
2025-11-24,Liguria,Google Ads,RND_IT_GOOGLE_SEARCH_BRAND,31.00,1007,83,2
2025-11-24,Liguria,Google Ads,RND_IT_GOOGLE_SEARCH_GENERICA,86.66,1562,82,11
2025-11-24,Liguria,Google Ads,RND_IT_GOOGLE_SEARCH_LOCALE,65.47,1342,56,2
2025-11-24,Lombardia,Google Ads,RND_IT_GOOGLE_DISPLAY,447.66,76343,468,9
2025-11-24,Lombardia,Google Ads,RND_IT_GOOGLE_PMAX,634.71,45890,923,15
2025-11-24,Lombardia,Google Ads,RND_IT_GOOGLE_SEARCH_BRAND,326.27,10356,812,12
2025-11-24,Lombardia,Google Ads,RND_IT_GOOGLE_SEARCH_GENERICA,979.11,17576,906,58
2025-11-24,Lombardia,Google Ads,RND_IT_GOOGLE_SEARCH_LOCALE,701.78,14410,595,16
2025-11-24,Marche,Google Ads,RND_IT_GOOGLE_DISPLAY,25.41,4393,28,1
2025-11-24,Marche,Google Ads,RND_IT_GOOGLE_PMAX,73.60,5221,109,2
2025-11-24,Marche,Google Ads,RND_IT_GOOGLE_SEARCH_BRAND,39.76,1327,92,1
2025-11-24,Marche,Google Ads,RND_IT_GOOGLE_SEARCH_GENERICA,73.45,1296,63,5
2025-11-24,Marche,Google Ads,RND_IT_GOOGLE_SEARCH_LOCALE,54.49,1100,49,1
2025-11-24,Molise,Google Ads,RND_IT_GOOGLE_DISPLAY,12.81,2215,12,0
2025-11-24,Molise,Google Ads,RND_IT_GOOGLE_PMAX,17.51,1351,27,1
2025-11-24,Molise,Google Ads,RND_IT_GOOGLE_SEARCH_BRAND,4.89,165,12,0
2025-11-24,Molise,Google Ads,RND_IT_GOOGLE_SEARCH_GENERICA,27.43,509,27,3
2025-11-24,Molise,Google Ads,RND_IT_GOOGLE_SEARCH_LOCALE,18.55,386,18,1
2025-11-24,Piemonte,Google Ads,RND_IT_GOOGLE_DISPLAY,140.52,23913,137,3
2025-11-24,Piemonte,Google Ads,RND_IT_GOOGLE_PMAX,305.16,21193,499,8
2025-11-24,Piemonte,Google Ads,RND_IT_GOOGLE_SEARCH_BRAND,97.50,3111,231,3
2025-11-24,Piemonte,Google Ads,RND_IT_GOOGLE_SEARCH_GENERICA,607.84,10824,542,33
2025-11-24,Piemonte,Google Ads,RND_IT_GOOGLE_SEARCH_LOCALE,255.09,5357,247,5
2025-11-24,Puglia,Google Ads,RND_IT_GOOGLE_DISPLAY,125.22,21090,134,3
2025-11-24,Puglia,Google Ads,RND_IT_GOOGLE_PMAX,199.23,14561,306,5
2025-11-24,Puglia,Google Ads,RND_IT_GOOGLE_SEARCH_BRAND,98.40,3357,235,4
2025-11-24,Puglia,Google Ads,RND_IT_GOOGLE_SEARCH_GENERICA,206.71,3694,172,14
2025-11-24,Puglia,Google Ads,RND_IT_GOOGLE_SEARCH_LOCALE,251.88,5108,201,7
2025-11-24,Sardegna,Google Ads,RND_IT_GOOGLE_DISPLAY,35.13,5679,33,1
2025-11-24,Sardegna,Google Ads,RND_IT_GOOGLE_PMAX,94.64,6809,134,3
2025-11-24,Sardegna,Google Ads,RND_IT_GOOGLE_SEARCH_BRAND,32.45,1101,77,2
2025-11-24,Sardegna,Google Ads,RND_IT_GOOGLE_SEARCH_GENERICA,106.74,1909,98,8
2025-11-24,Sardegna,Google Ads,RND_IT_GOOGLE_SEARCH_LOCALE,65.28,1400,62,2
2025-11-24,Sicilia,Google Ads,RND_IT_GOOGLE_DISPLAY,122.97,20691,123,4
2025-11-24,Sicilia,Google Ads,RND_IT_GOOGLE_PMAX,261.04,19771,412,12
2025-11-24,Sicilia,Google Ads,RND_IT_GOOGLE_SEARCH_BRAND,98.81,3240,269,5
2025-11-24,Sicilia,Google Ads,RND_IT_GOOGLE_SEARCH_GENERICA,374.78,6613,336,33
2025-11-24,Sicilia,Google Ads,RND_IT_GOOGLE_SEARCH_LOCALE,155.74,3271,139,6
2025-11-24,Toscana,Google Ads,RND_IT_GOOGLE_DISPLAY,72.78,11901,69,2
2025-11-24,Toscana,Google Ads,RND_IT_GOOGLE_PMAX,148.29,10715,217,6
2025-11-24,Toscana,Google Ads,RND_IT_GOOGLE_SEARCH_BRAND,69.10,2291,160,3
2025-11-24,Toscana,Google Ads,RND_IT_GOOGLE_SEARCH_GENERICA,158.13,2724,145,14
2025-11-24,Toscana,Google Ads,RND_IT_GOOGLE_SEARCH_LOCALE,149.60,3196,149,5
2025-11-24,Trentino-Alto Adige,Google Ads,RND_IT_GOOGLE_DISPLAY,32.45,5494,32,1
2025-11-24,Trentino-Alto Adige,Google Ads,RND_IT_GOOGLE_PMAX,36.61,2662,53,1
2025-11-24,Trentino-Alto Adige,Google Ads,RND_IT_GOOGLE_SEARCH_BRAND,22.82,716,58,1
2025-11-24,Trentino-Alto Adige,Google Ads,RND_IT_GOOGLE_SEARCH_GENERICA,47.86,858,45,4
2025-11-24,Trentino-Alto Adige,Google Ads,RND_IT_GOOGLE_SEARCH_LOCALE,34.12,704,31,1
2025-11-24,Umbria,Google Ads,RND_IT_GOOGLE_DISPLAY,18.71,3047,18,0
2025-11-24,Umbria,Google Ads,RND_IT_GOOGLE_PMAX,35.40,2567,52,1
2025-11-24,Umbria,Google Ads,RND_IT_GOOGLE_SEARCH_BRAND,24.48,808,59,1
2025-11-24,Umbria,Google Ads,RND_IT_GOOGLE_SEARCH_GENERICA,67.33,1256,62,5
2025-11-24,Umbria,Google Ads,RND_IT_GOOGLE_SEARCH_LOCALE,31.20,655,29,1
2025-11-24,Valle d'Aosta,Google Ads,RND_IT_GOOGLE_DISPLAY,3.73,631,3,0
2025-11-24,Valle d'Aosta,Google Ads,RND_IT_GOOGLE_PMAX,4.38,303,6,0
2025-11-24,Valle d'Aosta,Google Ads,RND_IT_GOOGLE_SEARCH_BRAND,3.80,127,9,0
2025-11-24,Valle d'Aosta,Google Ads,RND_IT_GOOGLE_SEARCH_GENERICA,7.74,142,7,1
2025-11-24,Valle d'Aosta,Google Ads,RND_IT_GOOGLE_SEARCH_LOCALE,3.74,77,3,0
2025-11-24,Veneto,Google Ads,RND_IT_GOOGLE_DISPLAY,144.33,25010,155,3
2025-11-24,Veneto,Google Ads,RND_IT_GOOGLE_PMAX,296.32,20614,418,7
2025-11-24,Veneto,Google Ads,RND_IT_GOOGLE_SEARCH_BRAND,142.10,4761,371,5
2025-11-24,Veneto,Google Ads,RND_IT_GOOGLE_SEARCH_GENERICA,359.85,6849,342,19
2025-11-24,Veneto,Google Ads,RND_IT_GOOGLE_SEARCH_LOCALE,253.92,5521,278,6
2025-12-01,Abruzzo,Google Ads,RND_IT_GOOGLE_DISPLAY,25.41,4282,28,0
2025-12-01,Abruzzo,Google Ads,RND_IT_GOOGLE_PMAX,43.77,3101,60,1
2025-12-01,Abruzzo,Google Ads,RND_IT_GOOGLE_SEARCH_BRAND,26.23,884,64,1
2025-12-01,Abruzzo,Google Ads,RND_IT_GOOGLE_SEARCH_GENERICA,65.21,1212,62,3
2025-12-01,Abruzzo,Google Ads,RND_IT_GOOGLE_SEARCH_LOCALE,22.71,475,19,0
2025-12-01,Basilicata,Google Ads,RND_IT_GOOGLE_DISPLAY,7.50,1262,7,0
2025-12-01,Basilicata,Google Ads,RND_IT_GOOGLE_PMAX,16.71,1228,21,0
2025-12-01,Basilicata,Google Ads,RND_IT_GOOGLE_SEARCH_BRAND,14.44,485,38,0
2025-12-01,Basilicata,Google Ads,RND_IT_GOOGLE_SEARCH_GENERICA,29.52,545,28,1
2025-12-01,Basilicata,Google Ads,RND_IT_GOOGLE_SEARCH_LOCALE,21.94,457,20,0
2025-12-01,Calabria,Google Ads,RND_IT_GOOGLE_DISPLAY,38.95,6669,43,1
2025-12-01,Calabria,Google Ads,RND_IT_GOOGLE_PMAX,68.21,4906,106,2
2025-12-01,Calabria,Google Ads,RND_IT_GOOGLE_SEARCH_BRAND,36.33,1201,77,2
2025-12-01,Calabria,Google Ads,RND_IT_GOOGLE_SEARCH_GENERICA,81.75,1570,80,6
2025-12-01,Calabria,Google Ads,RND_IT_GOOGLE_SEARCH_LOCALE,49.06,1008,46,2
2025-12-01,Campania,Google Ads,RND_IT_GOOGLE_DISPLAY,127.97,22462,130,3
2025-12-01,Campania,Google Ads,RND_IT_GOOGLE_PMAX,200.26,14216,273,5
2025-12-01,Campania,Google Ads,RND_IT_GOOGLE_SEARCH_BRAND,108.63,3652,282,5
2025-12-01,Campania,Google Ads,RND_IT_GOOGLE_SEARCH_GENERICA,424.99,7705,383,32
2025-12-01,Campania,Google Ads,RND_IT_GOOGLE_SEARCH_LOCALE,130.41,2675,118,3
2025-12-01,Emilia-Romagna,Google Ads,RND_IT_GOOGLE_DISPLAY,85.93,14276,82,3
2025-12-01,Emilia-Romagna,Google Ads,RND_IT_GOOGLE_PMAX,189.09,14062,284,8
2025-12-01,Emilia-Romagna,Google Ads,RND_IT_GOOGLE_SEARCH_BRAND,142.29,4886,303,8
2025-12-01,Emilia-Romagna,Google Ads,RND_IT_GOOGLE_SEARCH_GENERICA,182.47,3324,178,17
2025-12-01,Emilia-Romagna,Google Ads,RND_IT_GOOGLE_SEARCH_LOCALE,100.51,2109,90,4
2025-12-01,Friuli-Venezia Giulia,Google Ads,RND_IT_GOOGLE_DISPLAY,23.92,4050,25,1
2025-12-01,Friuli-Venezia Giulia,Google Ads,RND_IT_GOOGLE_PMAX,61.94,4161,79,2
2025-12-01,Friuli-Venezia Giulia,Google Ads,RND_IT_GOOGLE_SEARCH_BRAND,30.22,1004,74,2
2025-12-01,Friuli-Venezia Giulia,Google Ads,RND_IT_GOOGLE_SEARCH_GENERICA,75.67,1375,66,6
2025-12-01,Friuli-Venezia Giulia,Google Ads,RND_IT_GOOGLE_SEARCH_LOCALE,27.44,586,23,1
2025-12-01,Lazio,Google Ads,RND_IT_GOOGLE_DISPLAY,110.56,19262,119,3
2025-12-01,Lazio,Google Ads,RND_IT_GOOGLE_PMAX,170.68,11717,222,6
2025-12-01,Lazio,Google Ads,RND_IT_GOOGLE_SEARCH_BRAND,99.49,3348,266,5
2025-12-01,Lazio,Google Ads,RND_IT_GOOGLE_SEARCH_GENERICA,363.51,6915,406,32
2025-12-01,Lazio,Google Ads,RND_IT_GOOGLE_SEARCH_LOCALE,240.79,4913,210,9
2025-12-01,Liguria,Google Ads,RND_IT_GOOGLE_DISPLAY,23.77,4041,24,1
2025-12-01,Liguria,Google Ads,RND_IT_GOOGLE_PMAX,31.52,2083,39,1
2025-12-01,Liguria,Google Ads,RND_IT_GOOGLE_SEARCH_BRAND,23.94,794,62,1
2025-12-01,Liguria,Google Ads,RND_IT_GOOGLE_SEARCH_GENERICA,73.87,1343,71,8
2025-12-01,Liguria,Google Ads,RND_IT_GOOGLE_SEARCH_LOCALE,53.80,1125,47,2
2025-12-01,Lombardia,Google Ads,RND_IT_GOOGLE_DISPLAY,266.57,41759,262,8
2025-12-01,Lombardia,Google Ads,RND_IT_GOOGLE_PMAX,466.48,34527,736,12
2025-12-01,Lombardia,Google Ads,RND_IT_GOOGLE_SEARCH_BRAND,233.45,7631,520,9
2025-12-01,Lombardia,Google Ads,RND_IT_GOOGLE_SEARCH_GENERICA,589.55,10511,484,47
2025-12-01,Lombardia,Google Ads,RND_IT_GOOGLE_SEARCH_LOCALE,368.61,7722,388,10
2025-12-01,Marche,Google Ads,RND_IT_GOOGLE_DISPLAY,17.35,2830,15,0
2025-12-01,Marche,Google Ads,RND_IT_GOOGLE_PMAX,58.27,4150,90,2
2025-12-01,Marche,Google Ads,RND_IT_GOOGLE_SEARCH_BRAND,37.58,1272,88,2
2025-12-01,Marche,Google Ads,RND_IT_GOOGLE_SEARCH_GENERICA,66.57,1232,62,6
2025-12-01,Marche,Google Ads,RND_IT_GOOGLE_SEARCH_LOCALE,34.62,729,38,1
2025-12-01,Molise,Google Ads,RND_IT_GOOGLE_DISPLAY,8.58,1462,9,0
2025-12-01,Molise,Google Ads,RND_IT_GOOGLE_PMAX,13.12,964,19,1
2025-12-01,Molise,Google Ads,RND_IT_GOOGLE_SEARCH_BRAND,4.67,153,11,0
2025-12-01,Molise,Google Ads,RND_IT_GOOGLE_SEARCH_GENERICA,24.99,443,23,2
2025-12-01,Molise,Google Ads,RND_IT_GOOGLE_SEARCH_LOCALE,12.75,252,11,0
2025-12-01,Piemonte,Google Ads,RND_IT_GOOGLE_DISPLAY,95.32,15695,101,2
2025-12-01,Piemonte,Google Ads,RND_IT_GOOGLE_PMAX,197.53,14063,271,5
2025-12-01,Piemonte,Google Ads,RND_IT_GOOGLE_SEARCH_BRAND,73.92,2493,189,3
2025-12-01,Piemonte,Google Ads,RND_IT_GOOGLE_SEARCH_GENERICA,366.99,6779,331,22
2025-12-01,Piemonte,Google Ads,RND_IT_GOOGLE_SEARCH_LOCALE,134.14,2717,110,3
2025-12-01,Puglia,Google Ads,RND_IT_GOOGLE_DISPLAY,89.26,15520,99,2
2025-12-01,Puglia,Google Ads,RND_IT_GOOGLE_PMAX,140.43,10339,182,4
2025-12-01,Puglia,Google Ads,RND_IT_GOOGLE_SEARCH_BRAND,83.58,2788,179,3
2025-12-01,Puglia,Google Ads,RND_IT_GOOGLE_SEARCH_GENERICA,184.50,3396,152,13
2025-12-01,Puglia,Google Ads,RND_IT_GOOGLE_SEARCH_LOCALE,147.68,2951,140,4
2025-12-01,Sardegna,Google Ads,RND_IT_GOOGLE_DISPLAY,25.35,4460,28,1
2025-12-01,Sardegna,Google Ads,RND_IT_GOOGLE_PMAX,91.23,6491,137,3
2025-12-01,Sardegna,Google Ads,RND_IT_GOOGLE_SEARCH_BRAND,29.37,970,73,1
2025-12-01,Sardegna,Google Ads,RND_IT_GOOGLE_SEARCH_GENERICA,99.05,1791,83,8
2025-12-01,Sardegna,Google Ads,RND_IT_GOOGLE_SEARCH_LOCALE,39.21,818,34,1
2025-12-01,Sicilia,Google Ads,RND_IT_GOOGLE_DISPLAY,89.16,14597,94,3
2025-12-01,Sicilia,Google Ads,RND_IT_GOOGLE_PMAX,223.84,16185,308,9
2025-12-01,Sicilia,Google Ads,RND_IT_GOOGLE_SEARCH_BRAND,77.25,2550,195,4
2025-12-01,Sicilia,Google Ads,RND_IT_GOOGLE_SEARCH_GENERICA,343.28,6347,329,26
2025-12-01,Sicilia,Google Ads,RND_IT_GOOGLE_SEARCH_LOCALE,115.36,2338,101,4
2025-12-01,Toscana,Google Ads,RND_IT_GOOGLE_DISPLAY,60.01,9693,57,2
2025-12-01,Toscana,Google Ads,RND_IT_GOOGLE_PMAX,117.52,8460,156,4
2025-12-01,Toscana,Google Ads,RND_IT_GOOGLE_SEARCH_BRAND,52.85,1735,128,3
2025-12-01,Toscana,Google Ads,RND_IT_GOOGLE_SEARCH_GENERICA,137.49,2388,105,11
2025-12-01,Toscana,Google Ads,RND_IT_GOOGLE_SEARCH_LOCALE,106.03,2176,94,4
2025-12-01,Trentino-Alto Adige,Google Ads,RND_IT_GOOGLE_DISPLAY,25.72,4240,22,1
2025-12-01,Trentino-Alto Adige,Google Ads,RND_IT_GOOGLE_PMAX,26.79,1933,39,1
2025-12-01,Trentino-Alto Adige,Google Ads,RND_IT_GOOGLE_SEARCH_BRAND,20.37,646,50,1
2025-12-01,Trentino-Alto Adige,Google Ads,RND_IT_GOOGLE_SEARCH_GENERICA,35.70,652,29,2
2025-12-01,Trentino-Alto Adige,Google Ads,RND_IT_GOOGLE_SEARCH_LOCALE,26.77,538,23,1
2025-12-01,Umbria,Google Ads,RND_IT_GOOGLE_DISPLAY,13.33,2194,13,0
2025-12-01,Umbria,Google Ads,RND_IT_GOOGLE_PMAX,24.87,1866,36,1
2025-12-01,Umbria,Google Ads,RND_IT_GOOGLE_SEARCH_BRAND,21.60,728,55,1
2025-12-01,Umbria,Google Ads,RND_IT_GOOGLE_SEARCH_GENERICA,60.83,1091,57,5
2025-12-01,Umbria,Google Ads,RND_IT_GOOGLE_SEARCH_LOCALE,25.68,529,23,1
2025-12-01,Valle d'Aosta,Google Ads,RND_IT_GOOGLE_DISPLAY,2.64,459,3,0
2025-12-01,Valle d'Aosta,Google Ads,RND_IT_GOOGLE_PMAX,4.06,276,5,0
2025-12-01,Valle d'Aosta,Google Ads,RND_IT_GOOGLE_SEARCH_BRAND,3.37,113,8,0
2025-12-01,Valle d'Aosta,Google Ads,RND_IT_GOOGLE_SEARCH_GENERICA,6.22,123,6,1
2025-12-01,Valle d'Aosta,Google Ads,RND_IT_GOOGLE_SEARCH_LOCALE,3.01,61,2,0
2025-12-01,Veneto,Google Ads,RND_IT_GOOGLE_DISPLAY,79.51,12840,81,2
2025-12-01,Veneto,Google Ads,RND_IT_GOOGLE_PMAX,154.01,10978,198,3
2025-12-01,Veneto,Google Ads,RND_IT_GOOGLE_SEARCH_BRAND,83.77,2864,186,3
2025-12-01,Veneto,Google Ads,RND_IT_GOOGLE_SEARCH_GENERICA,241.53,4412,210,14
2025-12-01,Veneto,Google Ads,RND_IT_GOOGLE_SEARCH_LOCALE,155.44,3312,142,4
2025-12-08,Abruzzo,Google Ads,RND_IT_GOOGLE_DISPLAY,27.01,4603,27,0
2025-12-08,Abruzzo,Google Ads,RND_IT_GOOGLE_PMAX,68.59,4928,101,1
2025-12-08,Abruzzo,Google Ads,RND_IT_GOOGLE_SEARCH_BRAND,33.10,1086,82,1
2025-12-08,Abruzzo,Google Ads,RND_IT_GOOGLE_SEARCH_GENERICA,78.66,1405,68,3
2025-12-08,Abruzzo,Google Ads,RND_IT_GOOGLE_SEARCH_LOCALE,32.04,677,33,0
2025-12-08,Basilicata,Google Ads,RND_IT_GOOGLE_DISPLAY,7.69,1335,7,0
2025-12-08,Basilicata,Google Ads,RND_IT_GOOGLE_PMAX,22.45,1606,31,0
2025-12-08,Basilicata,Google Ads,RND_IT_GOOGLE_SEARCH_BRAND,20.79,732,51,0
2025-12-08,Basilicata,Google Ads,RND_IT_GOOGLE_SEARCH_GENERICA,31.22,544,24,1
2025-12-08,Basilicata,Google Ads,RND_IT_GOOGLE_SEARCH_LOCALE,27.73,580,26,0
2025-12-08,Calabria,Google Ads,RND_IT_GOOGLE_DISPLAY,52.52,8968,51,1
2025-12-08,Calabria,Google Ads,RND_IT_GOOGLE_PMAX,88.29,6231,129,2
2025-12-08,Calabria,Google Ads,RND_IT_GOOGLE_SEARCH_BRAND,46.53,1533,110,2
2025-12-08,Calabria,Google Ads,RND_IT_GOOGLE_SEARCH_GENERICA,105.84,2000,103,8
2025-12-08,Calabria,Google Ads,RND_IT_GOOGLE_SEARCH_LOCALE,61.63,1272,58,2
2025-12-08,Campania,Google Ads,RND_IT_GOOGLE_DISPLAY,137.05,23141,134,2
2025-12-08,Campania,Google Ads,RND_IT_GOOGLE_PMAX,280.27,19698,398,7
2025-12-08,Campania,Google Ads,RND_IT_GOOGLE_SEARCH_BRAND,134.52,4366,338,5
2025-12-08,Campania,Google Ads,RND_IT_GOOGLE_SEARCH_GENERICA,526.71,9476,447,31
2025-12-08,Campania,Google Ads,RND_IT_GOOGLE_SEARCH_LOCALE,185.15,3621,138,4
2025-12-08,Emilia-Romagna,Google Ads,RND_IT_GOOGLE_DISPLAY,103.75,17207,90,3
2025-12-08,Emilia-Romagna,Google Ads,RND_IT_GOOGLE_PMAX,286.63,21413,460,9
2025-12-08,Emilia-Romagna,Google Ads,RND_IT_GOOGLE_SEARCH_BRAND,169.68,5488,452,8
2025-12-08,Emilia-Romagna,Google Ads,RND_IT_GOOGLE_SEARCH_GENERICA,231.23,4104,198,20
2025-12-08,Emilia-Romagna,Google Ads,RND_IT_GOOGLE_SEARCH_LOCALE,161.98,3328,160,5
2025-12-08,Friuli-Venezia Giulia,Google Ads,RND_IT_GOOGLE_DISPLAY,28.31,4980,29,1
2025-12-08,Friuli-Venezia Giulia,Google Ads,RND_IT_GOOGLE_PMAX,97.53,6952,131,3
2025-12-08,Friuli-Venezia Giulia,Google Ads,RND_IT_GOOGLE_SEARCH_BRAND,40.46,1278,96,2
2025-12-08,Friuli-Venezia Giulia,Google Ads,RND_IT_GOOGLE_SEARCH_GENERICA,83.89,1541,79,8
2025-12-08,Friuli-Venezia Giulia,Google Ads,RND_IT_GOOGLE_SEARCH_LOCALE,27.29,556,24,1
2025-12-08,Lazio,Google Ads,RND_IT_GOOGLE_DISPLAY,123.43,20420,123,5
2025-12-08,Lazio,Google Ads,RND_IT_GOOGLE_PMAX,212.56,16293,331,8
2025-12-08,Lazio,Google Ads,RND_IT_GOOGLE_SEARCH_BRAND,101.24,3530,275,6
2025-12-08,Lazio,Google Ads,RND_IT_GOOGLE_SEARCH_GENERICA,351.28,6511,320,35
2025-12-08,Lazio,Google Ads,RND_IT_GOOGLE_SEARCH_LOCALE,260.89,5475,266,8
2025-12-08,Liguria,Google Ads,RND_IT_GOOGLE_DISPLAY,26.25,4500,27,1
2025-12-08,Liguria,Google Ads,RND_IT_GOOGLE_PMAX,44.16,3204,67,2
2025-12-08,Liguria,Google Ads,RND_IT_GOOGLE_SEARCH_BRAND,30.70,1066,72,2
2025-12-08,Liguria,Google Ads,RND_IT_GOOGLE_SEARCH_GENERICA,99.44,1842,88,9
2025-12-08,Liguria,Google Ads,RND_IT_GOOGLE_SEARCH_LOCALE,70.03,1486,68,2
2025-12-08,Lombardia,Google Ads,RND_IT_GOOGLE_DISPLAY,267.27,44334,260,6
2025-12-08,Lombardia,Google Ads,RND_IT_GOOGLE_PMAX,566.55,40116,767,13
2025-12-08,Lombardia,Google Ads,RND_IT_GOOGLE_SEARCH_BRAND,264.54,8977,685,9
2025-12-08,Lombardia,Google Ads,RND_IT_GOOGLE_SEARCH_GENERICA,769.09,13992,602,49
2025-12-08,Lombardia,Google Ads,RND_IT_GOOGLE_SEARCH_LOCALE,420.46,8845,382,9
2025-12-08,Marche,Google Ads,RND_IT_GOOGLE_DISPLAY,23.42,3688,21,1
2025-12-08,Marche,Google Ads,RND_IT_GOOGLE_PMAX,85.44,6204,134,2
2025-12-08,Marche,Google Ads,RND_IT_GOOGLE_SEARCH_BRAND,41.61,1350,101,2
2025-12-08,Marche,Google Ads,RND_IT_GOOGLE_SEARCH_GENERICA,72.07,1317,68,5
2025-12-08,Marche,Google Ads,RND_IT_GOOGLE_SEARCH_LOCALE,41.63,900,36,1
2025-12-08,Molise,Google Ads,RND_IT_GOOGLE_DISPLAY,9.84,1627,9,0
2025-12-08,Molise,Google Ads,RND_IT_GOOGLE_PMAX,18.12,1299,23,1
2025-12-08,Molise,Google Ads,RND_IT_GOOGLE_SEARCH_BRAND,5.52,194,16,0
2025-12-08,Molise,Google Ads,RND_IT_GOOGLE_SEARCH_GENERICA,27.28,499,25,2
2025-12-08,Molise,Google Ads,RND_IT_GOOGLE_SEARCH_LOCALE,14.84,304,16,0
2025-12-08,Piemonte,Google Ads,RND_IT_GOOGLE_DISPLAY,94.74,15717,91,2
2025-12-08,Piemonte,Google Ads,RND_IT_GOOGLE_PMAX,249.09,18508,349,7
2025-12-08,Piemonte,Google Ads,RND_IT_GOOGLE_SEARCH_BRAND,103.60,3417,247,3
2025-12-08,Piemonte,Google Ads,RND_IT_GOOGLE_SEARCH_GENERICA,440.36,8087,390,23
2025-12-08,Piemonte,Google Ads,RND_IT_GOOGLE_SEARCH_LOCALE,165.94,3394,161,4
2025-12-08,Puglia,Google Ads,RND_IT_GOOGLE_DISPLAY,94.80,15731,99,2
2025-12-08,Puglia,Google Ads,RND_IT_GOOGLE_PMAX,207.82,14324,252,5
2025-12-08,Puglia,Google Ads,RND_IT_GOOGLE_SEARCH_BRAND,113.93,3767,278,3
2025-12-08,Puglia,Google Ads,RND_IT_GOOGLE_SEARCH_GENERICA,249.96,4603,213,15
2025-12-08,Puglia,Google Ads,RND_IT_GOOGLE_SEARCH_LOCALE,212.26,4560,218,4
2025-12-08,Sardegna,Google Ads,RND_IT_GOOGLE_DISPLAY,32.90,5374,32,1
2025-12-08,Sardegna,Google Ads,RND_IT_GOOGLE_PMAX,122.98,8309,158,4
2025-12-08,Sardegna,Google Ads,RND_IT_GOOGLE_SEARCH_BRAND,38.08,1324,107,2
2025-12-08,Sardegna,Google Ads,RND_IT_GOOGLE_SEARCH_GENERICA,110.20,2069,104,8
2025-12-08,Sardegna,Google Ads,RND_IT_GOOGLE_SEARCH_LOCALE,59.32,1242,63,2
2025-12-08,Sicilia,Google Ads,RND_IT_GOOGLE_DISPLAY,97.73,16594,122,3
2025-12-08,Sicilia,Google Ads,RND_IT_GOOGLE_PMAX,312.59,22570,447,11
2025-12-08,Sicilia,Google Ads,RND_IT_GOOGLE_SEARCH_BRAND,89.24,3033,226,4
2025-12-08,Sicilia,Google Ads,RND_IT_GOOGLE_SEARCH_GENERICA,432.60,7879,407,32
2025-12-08,Sicilia,Google Ads,RND_IT_GOOGLE_SEARCH_LOCALE,193.79,4007,183,7
2025-12-08,Toscana,Google Ads,RND_IT_GOOGLE_DISPLAY,60.75,10349,61,2
2025-12-08,Toscana,Google Ads,RND_IT_GOOGLE_PMAX,190.25,13930,295,8
2025-12-08,Toscana,Google Ads,RND_IT_GOOGLE_SEARCH_BRAND,89.83,3192,221,5
2025-12-08,Toscana,Google Ads,RND_IT_GOOGLE_SEARCH_GENERICA,141.62,2512,126,12
2025-12-08,Toscana,Google Ads,RND_IT_GOOGLE_SEARCH_LOCALE,125.25,2754,136,4
2025-12-08,Trentino-Alto Adige,Google Ads,RND_IT_GOOGLE_DISPLAY,31.64,5225,32,1
2025-12-08,Trentino-Alto Adige,Google Ads,RND_IT_GOOGLE_PMAX,37.24,2683,53,1
2025-12-08,Trentino-Alto Adige,Google Ads,RND_IT_GOOGLE_SEARCH_BRAND,23.15,777,69,1
2025-12-08,Trentino-Alto Adige,Google Ads,RND_IT_GOOGLE_SEARCH_GENERICA,40.88,740,41,3
2025-12-08,Trentino-Alto Adige,Google Ads,RND_IT_GOOGLE_SEARCH_LOCALE,31.41,666,29,1
2025-12-08,Umbria,Google Ads,RND_IT_GOOGLE_DISPLAY,14.50,2394,14,0
2025-12-08,Umbria,Google Ads,RND_IT_GOOGLE_PMAX,34.43,2509,48,1
2025-12-08,Umbria,Google Ads,RND_IT_GOOGLE_SEARCH_BRAND,24.41,804,56,1
2025-12-08,Umbria,Google Ads,RND_IT_GOOGLE_SEARCH_GENERICA,57.84,1075,56,4
2025-12-08,Umbria,Google Ads,RND_IT_GOOGLE_SEARCH_LOCALE,28.65,594,28,1
2025-12-08,Valle d'Aosta,Google Ads,RND_IT_GOOGLE_DISPLAY,3.32,535,3,0
2025-12-08,Valle d'Aosta,Google Ads,RND_IT_GOOGLE_PMAX,5.90,428,8,0
2025-12-08,Valle d'Aosta,Google Ads,RND_IT_GOOGLE_SEARCH_BRAND,3.29,108,8,0
2025-12-08,Valle d'Aosta,Google Ads,RND_IT_GOOGLE_SEARCH_GENERICA,6.94,119,6,1
2025-12-08,Valle d'Aosta,Google Ads,RND_IT_GOOGLE_SEARCH_LOCALE,4.52,92,4,0
2025-12-08,Veneto,Google Ads,RND_IT_GOOGLE_DISPLAY,72.49,12174,81,1
2025-12-08,Veneto,Google Ads,RND_IT_GOOGLE_PMAX,200.22,13667,250,4
2025-12-08,Veneto,Google Ads,RND_IT_GOOGLE_SEARCH_BRAND,124.37,3916,301,3
2025-12-08,Veneto,Google Ads,RND_IT_GOOGLE_SEARCH_GENERICA,331.79,5710,300,16
2025-12-08,Veneto,Google Ads,RND_IT_GOOGLE_SEARCH_LOCALE,213.57,4626,201,3
2025-12-15,Abruzzo,Google Ads,RND_IT_GOOGLE_DISPLAY,28.07,4871,31,0
2025-12-15,Abruzzo,Google Ads,RND_IT_GOOGLE_PMAX,55.05,3965,81,1
2025-12-15,Abruzzo,Google Ads,RND_IT_GOOGLE_SEARCH_BRAND,33.64,1112,85,1
2025-12-15,Abruzzo,Google Ads,RND_IT_GOOGLE_SEARCH_GENERICA,84.56,1580,79,3
2025-12-15,Abruzzo,Google Ads,RND_IT_GOOGLE_SEARCH_LOCALE,34.71,728,33,0
2025-12-15,Basilicata,Google Ads,RND_IT_GOOGLE_DISPLAY,9.51,1650,9,0
2025-12-15,Basilicata,Google Ads,RND_IT_GOOGLE_PMAX,16.36,1214,26,0
2025-12-15,Basilicata,Google Ads,RND_IT_GOOGLE_SEARCH_BRAND,22.96,792,59,1
2025-12-15,Basilicata,Google Ads,RND_IT_GOOGLE_SEARCH_GENERICA,31.67,602,30,1
2025-12-15,Basilicata,Google Ads,RND_IT_GOOGLE_SEARCH_LOCALE,26.24,547,22,0
2025-12-15,Calabria,Google Ads,RND_IT_GOOGLE_DISPLAY,51.12,8366,47,1
2025-12-15,Calabria,Google Ads,RND_IT_GOOGLE_PMAX,67.01,4811,93,2
2025-12-15,Calabria,Google Ads,RND_IT_GOOGLE_SEARCH_BRAND,40.18,1363,101,2
2025-12-15,Calabria,Google Ads,RND_IT_GOOGLE_SEARCH_GENERICA,92.26,1614,88,6
2025-12-15,Calabria,Google Ads,RND_IT_GOOGLE_SEARCH_LOCALE,60.75,1291,59,1
2025-12-15,Campania,Google Ads,RND_IT_GOOGLE_DISPLAY,152.11,26867,160,4
2025-12-15,Campania,Google Ads,RND_IT_GOOGLE_PMAX,203.14,13940,302,6
2025-12-15,Campania,Google Ads,RND_IT_GOOGLE_SEARCH_BRAND,151.64,5058,373,6
2025-12-15,Campania,Google Ads,RND_IT_GOOGLE_SEARCH_GENERICA,446.55,8144,382,30
2025-12-15,Campania,Google Ads,RND_IT_GOOGLE_SEARCH_LOCALE,182.41,3901,172,5
2025-12-15,Emilia-Romagna,Google Ads,RND_IT_GOOGLE_DISPLAY,106.56,17568,102,3
2025-12-15,Emilia-Romagna,Google Ads,RND_IT_GOOGLE_PMAX,246.13,17405,325,8
2025-12-15,Emilia-Romagna,Google Ads,RND_IT_GOOGLE_SEARCH_BRAND,157.96,5108,353,7
2025-12-15,Emilia-Romagna,Google Ads,RND_IT_GOOGLE_SEARCH_GENERICA,209.90,3771,189,18
2025-12-15,Emilia-Romagna,Google Ads,RND_IT_GOOGLE_SEARCH_LOCALE,160.93,3408,132,5
2025-12-15,Friuli-Venezia Giulia,Google Ads,RND_IT_GOOGLE_DISPLAY,32.29,5218,28,1
2025-12-15,Friuli-Venezia Giulia,Google Ads,RND_IT_GOOGLE_PMAX,72.49,5264,102,3
2025-12-15,Friuli-Venezia Giulia,Google Ads,RND_IT_GOOGLE_SEARCH_BRAND,36.72,1232,106,2
2025-12-15,Friuli-Venezia Giulia,Google Ads,RND_IT_GOOGLE_SEARCH_GENERICA,60.75,1096,59,6
2025-12-15,Friuli-Venezia Giulia,Google Ads,RND_IT_GOOGLE_SEARCH_LOCALE,28.48,609,27,1
2025-12-15,Lazio,Google Ads,RND_IT_GOOGLE_DISPLAY,128.57,20554,124,4
2025-12-15,Lazio,Google Ads,RND_IT_GOOGLE_PMAX,158.06,11898,233,6
2025-12-15,Lazio,Google Ads,RND_IT_GOOGLE_SEARCH_BRAND,82.58,2836,209,5
2025-12-15,Lazio,Google Ads,RND_IT_GOOGLE_SEARCH_GENERICA,315.04,5781,295,33
2025-12-15,Lazio,Google Ads,RND_IT_GOOGLE_SEARCH_LOCALE,248.84,5254,231,9
2025-12-15,Liguria,Google Ads,RND_IT_GOOGLE_DISPLAY,26.46,4268,22,1
2025-12-15,Liguria,Google Ads,RND_IT_GOOGLE_PMAX,30.90,2077,46,1
2025-12-15,Liguria,Google Ads,RND_IT_GOOGLE_SEARCH_BRAND,34.49,1164,91,2
2025-12-15,Liguria,Google Ads,RND_IT_GOOGLE_SEARCH_GENERICA,96.53,1687,82,8
2025-12-15,Liguria,Google Ads,RND_IT_GOOGLE_SEARCH_LOCALE,71.19,1508,72,2
2025-12-15,Lombardia,Google Ads,RND_IT_GOOGLE_DISPLAY,329.31,55434,336,8
2025-12-15,Lombardia,Google Ads,RND_IT_GOOGLE_PMAX,445.15,32141,649,11
2025-12-15,Lombardia,Google Ads,RND_IT_GOOGLE_SEARCH_BRAND,284.58,9533,698,10
2025-12-15,Lombardia,Google Ads,RND_IT_GOOGLE_SEARCH_GENERICA,627.46,11029,486,44
2025-12-15,Lombardia,Google Ads,RND_IT_GOOGLE_SEARCH_LOCALE,381.79,7779,357,8
2025-12-15,Marche,Google Ads,RND_IT_GOOGLE_DISPLAY,27.55,4557,29,1
2025-12-15,Marche,Google Ads,RND_IT_GOOGLE_PMAX,62.81,4361,76,2
2025-12-15,Marche,Google Ads,RND_IT_GOOGLE_SEARCH_BRAND,39.80,1295,95,2
2025-12-15,Marche,Google Ads,RND_IT_GOOGLE_SEARCH_GENERICA,63.17,1138,48,5
2025-12-15,Marche,Google Ads,RND_IT_GOOGLE_SEARCH_LOCALE,46.49,1021,51,2
2025-12-15,Molise,Google Ads,RND_IT_GOOGLE_DISPLAY,10.53,1722,11,0
2025-12-15,Molise,Google Ads,RND_IT_GOOGLE_PMAX,12.47,904,19,0
2025-12-15,Molise,Google Ads,RND_IT_GOOGLE_SEARCH_BRAND,5.59,191,14,0
2025-12-15,Molise,Google Ads,RND_IT_GOOGLE_SEARCH_GENERICA,24.84,450,26,2
2025-12-15,Molise,Google Ads,RND_IT_GOOGLE_SEARCH_LOCALE,15.14,304,14,1
2025-12-15,Piemonte,Google Ads,RND_IT_GOOGLE_DISPLAY,100.47,16319,97,2
2025-12-15,Piemonte,Google Ads,RND_IT_GOOGLE_PMAX,178.24,12956,293,4
2025-12-15,Piemonte,Google Ads,RND_IT_GOOGLE_SEARCH_BRAND,88.77,2681,179,3
2025-12-15,Piemonte,Google Ads,RND_IT_GOOGLE_SEARCH_GENERICA,394.95,6938,354,23
2025-12-15,Piemonte,Google Ads,RND_IT_GOOGLE_SEARCH_LOCALE,191.26,4022,174,4
2025-12-15,Puglia,Google Ads,RND_IT_GOOGLE_DISPLAY,92.87,14974,99,2
2025-12-15,Puglia,Google Ads,RND_IT_GOOGLE_PMAX,169.81,12044,237,4
2025-12-15,Puglia,Google Ads,RND_IT_GOOGLE_SEARCH_BRAND,93.56,3155,234,3
2025-12-15,Puglia,Google Ads,RND_IT_GOOGLE_SEARCH_GENERICA,211.68,3940,189,14
2025-12-15,Puglia,Google Ads,RND_IT_GOOGLE_SEARCH_LOCALE,210.81,4216,189,4
2025-12-15,Sardegna,Google Ads,RND_IT_GOOGLE_DISPLAY,32.04,5198,32,1
2025-12-15,Sardegna,Google Ads,RND_IT_GOOGLE_PMAX,80.53,5861,110,3
2025-12-15,Sardegna,Google Ads,RND_IT_GOOGLE_SEARCH_BRAND,34.94,1255,91,1
2025-12-15,Sardegna,Google Ads,RND_IT_GOOGLE_SEARCH_GENERICA,99.22,1781,91,9
2025-12-15,Sardegna,Google Ads,RND_IT_GOOGLE_SEARCH_LOCALE,53.00,1101,48,2
2025-12-15,Sicilia,Google Ads,RND_IT_GOOGLE_DISPLAY,87.56,15039,96,2
2025-12-15,Sicilia,Google Ads,RND_IT_GOOGLE_PMAX,229.95,16987,360,8
2025-12-15,Sicilia,Google Ads,RND_IT_GOOGLE_SEARCH_BRAND,72.37,2303,187,4
2025-12-15,Sicilia,Google Ads,RND_IT_GOOGLE_SEARCH_GENERICA,389.35,6990,326,29
2025-12-15,Sicilia,Google Ads,RND_IT_GOOGLE_SEARCH_LOCALE,198.66,4068,189,6
2025-12-15,Toscana,Google Ads,RND_IT_GOOGLE_DISPLAY,59.04,10373,59,2
2025-12-15,Toscana,Google Ads,RND_IT_GOOGLE_PMAX,146.37,10403,237,5
2025-12-15,Toscana,Google Ads,RND_IT_GOOGLE_SEARCH_BRAND,90.49,2994,206,4
2025-12-15,Toscana,Google Ads,RND_IT_GOOGLE_SEARCH_GENERICA,165.37,3032,148,13
2025-12-15,Toscana,Google Ads,RND_IT_GOOGLE_SEARCH_LOCALE,142.14,2973,134,5
2025-12-15,Trentino-Alto Adige,Google Ads,RND_IT_GOOGLE_DISPLAY,28.86,5079,34,1
2025-12-15,Trentino-Alto Adige,Google Ads,RND_IT_GOOGLE_PMAX,27.77,1904,40,1
2025-12-15,Trentino-Alto Adige,Google Ads,RND_IT_GOOGLE_SEARCH_BRAND,25.02,834,60,1
2025-12-15,Trentino-Alto Adige,Google Ads,RND_IT_GOOGLE_SEARCH_GENERICA,38.72,701,33,3
2025-12-15,Trentino-Alto Adige,Google Ads,RND_IT_GOOGLE_SEARCH_LOCALE,35.29,743,32,1
2025-12-15,Umbria,Google Ads,RND_IT_GOOGLE_DISPLAY,15.78,2683,16,0
2025-12-15,Umbria,Google Ads,RND_IT_GOOGLE_PMAX,30.33,2259,40,1
2025-12-15,Umbria,Google Ads,RND_IT_GOOGLE_SEARCH_BRAND,22.23,731,51,1
2025-12-15,Umbria,Google Ads,RND_IT_GOOGLE_SEARCH_GENERICA,54.51,1016,46,4
2025-12-15,Umbria,Google Ads,RND_IT_GOOGLE_SEARCH_LOCALE,33.06,669,30,1
2025-12-15,Valle d'Aosta,Google Ads,RND_IT_GOOGLE_DISPLAY,3.01,494,3,0
2025-12-15,Valle d'Aosta,Google Ads,RND_IT_GOOGLE_PMAX,3.89,285,6,0
2025-12-15,Valle d'Aosta,Google Ads,RND_IT_GOOGLE_SEARCH_BRAND,3.40,117,10,0
2025-12-15,Valle d'Aosta,Google Ads,RND_IT_GOOGLE_SEARCH_GENERICA,7.48,132,6,1
2025-12-15,Valle d'Aosta,Google Ads,RND_IT_GOOGLE_SEARCH_LOCALE,4.10,85,4,0
2025-12-15,Veneto,Google Ads,RND_IT_GOOGLE_DISPLAY,84.13,13740,90,2
2025-12-15,Veneto,Google Ads,RND_IT_GOOGLE_PMAX,189.50,13765,283,4
2025-12-15,Veneto,Google Ads,RND_IT_GOOGLE_SEARCH_BRAND,115.19,3894,274,3
2025-12-15,Veneto,Google Ads,RND_IT_GOOGLE_SEARCH_GENERICA,263.57,4591,204,13
2025-12-15,Veneto,Google Ads,RND_IT_GOOGLE_SEARCH_LOCALE,225.58,4896,205,4
2025-12-22,Abruzzo,Google Ads,RND_IT_GOOGLE_DISPLAY,30.07,5126,31,0
2025-12-22,Abruzzo,Google Ads,RND_IT_GOOGLE_PMAX,53.09,3713,69,1
2025-12-22,Abruzzo,Google Ads,RND_IT_GOOGLE_SEARCH_BRAND,34.91,1169,91,1
2025-12-22,Abruzzo,Google Ads,RND_IT_GOOGLE_SEARCH_GENERICA,67.36,1213,65,2
2025-12-22,Abruzzo,Google Ads,RND_IT_GOOGLE_SEARCH_LOCALE,27.06,542,25,0
2025-12-22,Basilicata,Google Ads,RND_IT_GOOGLE_DISPLAY,8.89,1470,9,0
2025-12-22,Basilicata,Google Ads,RND_IT_GOOGLE_PMAX,17.14,1260,27,0
2025-12-22,Basilicata,Google Ads,RND_IT_GOOGLE_SEARCH_BRAND,19.88,679,54,0
2025-12-22,Basilicata,Google Ads,RND_IT_GOOGLE_SEARCH_GENERICA,33.75,615,29,1
2025-12-22,Basilicata,Google Ads,RND_IT_GOOGLE_SEARCH_LOCALE,21.69,440,18,0
2025-12-22,Calabria,Google Ads,RND_IT_GOOGLE_DISPLAY,59.70,10072,60,2
2025-12-22,Calabria,Google Ads,RND_IT_GOOGLE_PMAX,65.73,4983,103,2
2025-12-22,Calabria,Google Ads,RND_IT_GOOGLE_SEARCH_BRAND,42.21,1408,104,2
2025-12-22,Calabria,Google Ads,RND_IT_GOOGLE_SEARCH_GENERICA,105.69,1850,96,7
2025-12-22,Calabria,Google Ads,RND_IT_GOOGLE_SEARCH_LOCALE,52.13,1114,54,1
2025-12-22,Campania,Google Ads,RND_IT_GOOGLE_DISPLAY,138.11,24351,138,3
2025-12-22,Campania,Google Ads,RND_IT_GOOGLE_PMAX,161.98,11528,252,5
2025-12-22,Campania,Google Ads,RND_IT_GOOGLE_SEARCH_BRAND,171.26,6253,424,6
2025-12-22,Campania,Google Ads,RND_IT_GOOGLE_SEARCH_GENERICA,451.33,7864,420,29
2025-12-22,Campania,Google Ads,RND_IT_GOOGLE_SEARCH_LOCALE,204.47,4270,199,5
2025-12-22,Emilia-Romagna,Google Ads,RND_IT_GOOGLE_DISPLAY,134.84,22619,141,5
2025-12-22,Emilia-Romagna,Google Ads,RND_IT_GOOGLE_PMAX,202.92,14535,269,7
2025-12-22,Emilia-Romagna,Google Ads,RND_IT_GOOGLE_SEARCH_BRAND,163.24,5466,371,8
2025-12-22,Emilia-Romagna,Google Ads,RND_IT_GOOGLE_SEARCH_GENERICA,197.86,3617,181,19
2025-12-22,Emilia-Romagna,Google Ads,RND_IT_GOOGLE_SEARCH_LOCALE,132.86,2780,139,5
2025-12-22,Friuli-Venezia Giulia,Google Ads,RND_IT_GOOGLE_DISPLAY,27.92,4972,31,1
2025-12-22,Friuli-Venezia Giulia,Google Ads,RND_IT_GOOGLE_PMAX,64.84,4483,92,3
2025-12-22,Friuli-Venezia Giulia,Google Ads,RND_IT_GOOGLE_SEARCH_BRAND,42.54,1426,113,2
2025-12-22,Friuli-Venezia Giulia,Google Ads,RND_IT_GOOGLE_SEARCH_GENERICA,53.41,949,46,5
2025-12-22,Friuli-Venezia Giulia,Google Ads,RND_IT_GOOGLE_SEARCH_LOCALE,27.87,598,25,1
2025-12-22,Lazio,Google Ads,RND_IT_GOOGLE_DISPLAY,133.27,21461,114,5
2025-12-22,Lazio,Google Ads,RND_IT_GOOGLE_PMAX,168.53,11778,221,6
2025-12-22,Lazio,Google Ads,RND_IT_GOOGLE_SEARCH_BRAND,93.95,2971,203,5
2025-12-22,Lazio,Google Ads,RND_IT_GOOGLE_SEARCH_GENERICA,327.18,5690,287,29
2025-12-22,Lazio,Google Ads,RND_IT_GOOGLE_SEARCH_LOCALE,202.56,4120,200,7
2025-12-22,Liguria,Google Ads,RND_IT_GOOGLE_DISPLAY,23.75,4011,24,1
2025-12-22,Liguria,Google Ads,RND_IT_GOOGLE_PMAX,27.20,1881,38,1
2025-12-22,Liguria,Google Ads,RND_IT_GOOGLE_SEARCH_BRAND,32.11,1053,81,2
2025-12-22,Liguria,Google Ads,RND_IT_GOOGLE_SEARCH_GENERICA,98.15,1836,89,8
2025-12-22,Liguria,Google Ads,RND_IT_GOOGLE_SEARCH_LOCALE,58.14,1192,57,2
2025-12-22,Lombardia,Google Ads,RND_IT_GOOGLE_DISPLAY,295.60,49731,317,7
2025-12-22,Lombardia,Google Ads,RND_IT_GOOGLE_PMAX,383.00,27464,606,11
2025-12-22,Lombardia,Google Ads,RND_IT_GOOGLE_SEARCH_BRAND,338.93,11687,884,14
2025-12-22,Lombardia,Google Ads,RND_IT_GOOGLE_SEARCH_GENERICA,575.51,10266,557,40
2025-12-22,Lombardia,Google Ads,RND_IT_GOOGLE_SEARCH_LOCALE,305.86,6249,278,7
2025-12-22,Marche,Google Ads,RND_IT_GOOGLE_DISPLAY,32.71,5290,35,1
2025-12-22,Marche,Google Ads,RND_IT_GOOGLE_PMAX,63.48,4488,81,2
2025-12-22,Marche,Google Ads,RND_IT_GOOGLE_SEARCH_BRAND,45.16,1445,111,2
2025-12-22,Marche,Google Ads,RND_IT_GOOGLE_SEARCH_GENERICA,64.64,1216,69,5
2025-12-22,Marche,Google Ads,RND_IT_GOOGLE_SEARCH_LOCALE,54.47,1123,49,2
2025-12-22,Molise,Google Ads,RND_IT_GOOGLE_DISPLAY,10.09,1722,11,0
2025-12-22,Molise,Google Ads,RND_IT_GOOGLE_PMAX,14.08,1017,18,1
2025-12-22,Molise,Google Ads,RND_IT_GOOGLE_SEARCH_BRAND,6.20,193,15,0
2025-12-22,Molise,Google Ads,RND_IT_GOOGLE_SEARCH_GENERICA,23.84,434,24,2
2025-12-22,Molise,Google Ads,RND_IT_GOOGLE_SEARCH_LOCALE,12.86,279,12,0
2025-12-22,Piemonte,Google Ads,RND_IT_GOOGLE_DISPLAY,88.87,15491,83,2
2025-12-22,Piemonte,Google Ads,RND_IT_GOOGLE_PMAX,180.75,12565,268,5
2025-12-22,Piemonte,Google Ads,RND_IT_GOOGLE_SEARCH_BRAND,106.67,3559,249,4
2025-12-22,Piemonte,Google Ads,RND_IT_GOOGLE_SEARCH_GENERICA,355.33,6518,277,24
2025-12-22,Piemonte,Google Ads,RND_IT_GOOGLE_SEARCH_LOCALE,170.17,3364,137,4
2025-12-22,Puglia,Google Ads,RND_IT_GOOGLE_DISPLAY,107.59,19117,106,2
2025-12-22,Puglia,Google Ads,RND_IT_GOOGLE_PMAX,156.67,11134,222,4
2025-12-22,Puglia,Google Ads,RND_IT_GOOGLE_SEARCH_BRAND,90.21,3131,219,3
2025-12-22,Puglia,Google Ads,RND_IT_GOOGLE_SEARCH_GENERICA,219.84,3972,193,14
2025-12-22,Puglia,Google Ads,RND_IT_GOOGLE_SEARCH_LOCALE,183.90,3694,157,4
2025-12-22,Sardegna,Google Ads,RND_IT_GOOGLE_DISPLAY,32.71,5519,32,1
2025-12-22,Sardegna,Google Ads,RND_IT_GOOGLE_PMAX,67.58,4689,101,2
2025-12-22,Sardegna,Google Ads,RND_IT_GOOGLE_SEARCH_BRAND,37.45,1250,98,2
2025-12-22,Sardegna,Google Ads,RND_IT_GOOGLE_SEARCH_GENERICA,101.83,1704,85,8
2025-12-22,Sardegna,Google Ads,RND_IT_GOOGLE_SEARCH_LOCALE,40.91,817,34,1
2025-12-22,Sicilia,Google Ads,RND_IT_GOOGLE_DISPLAY,98.84,15534,102,3
2025-12-22,Sicilia,Google Ads,RND_IT_GOOGLE_PMAX,237.52,17061,322,8
2025-12-22,Sicilia,Google Ads,RND_IT_GOOGLE_SEARCH_BRAND,81.96,2705,194,4
2025-12-22,Sicilia,Google Ads,RND_IT_GOOGLE_SEARCH_GENERICA,379.27,6661,344,29
2025-12-22,Sicilia,Google Ads,RND_IT_GOOGLE_SEARCH_LOCALE,164.28,3566,178,5
2025-12-22,Toscana,Google Ads,RND_IT_GOOGLE_DISPLAY,61.60,10413,60,2
2025-12-22,Toscana,Google Ads,RND_IT_GOOGLE_PMAX,168.47,11444,230,6
2025-12-22,Toscana,Google Ads,RND_IT_GOOGLE_SEARCH_BRAND,80.78,2543,154,4
2025-12-22,Toscana,Google Ads,RND_IT_GOOGLE_SEARCH_GENERICA,144.44,2616,115,13
2025-12-22,Toscana,Google Ads,RND_IT_GOOGLE_SEARCH_LOCALE,136.19,2785,112,5
2025-12-22,Trentino-Alto Adige,Google Ads,RND_IT_GOOGLE_DISPLAY,28.07,4782,31,1
2025-12-22,Trentino-Alto Adige,Google Ads,RND_IT_GOOGLE_PMAX,26.41,1895,40,1
2025-12-22,Trentino-Alto Adige,Google Ads,RND_IT_GOOGLE_SEARCH_BRAND,24.92,842,66,1
2025-12-22,Trentino-Alto Adige,Google Ads,RND_IT_GOOGLE_SEARCH_GENERICA,34.19,628,28,3
2025-12-22,Trentino-Alto Adige,Google Ads,RND_IT_GOOGLE_SEARCH_LOCALE,32.10,662,30,1
2025-12-22,Umbria,Google Ads,RND_IT_GOOGLE_DISPLAY,15.82,2619,15,0
2025-12-22,Umbria,Google Ads,RND_IT_GOOGLE_PMAX,26.09,1848,38,1
2025-12-22,Umbria,Google Ads,RND_IT_GOOGLE_SEARCH_BRAND,27.93,949,66,1
2025-12-22,Umbria,Google Ads,RND_IT_GOOGLE_SEARCH_GENERICA,57.16,983,54,4
2025-12-22,Umbria,Google Ads,RND_IT_GOOGLE_SEARCH_LOCALE,23.11,458,21,1
2025-12-22,Valle d'Aosta,Google Ads,RND_IT_GOOGLE_DISPLAY,3.54,594,4,0
2025-12-22,Valle d'Aosta,Google Ads,RND_IT_GOOGLE_PMAX,3.84,276,5,0
2025-12-22,Valle d'Aosta,Google Ads,RND_IT_GOOGLE_SEARCH_BRAND,3.75,118,9,0
2025-12-22,Valle d'Aosta,Google Ads,RND_IT_GOOGLE_SEARCH_GENERICA,6.79,123,6,1
2025-12-22,Valle d'Aosta,Google Ads,RND_IT_GOOGLE_SEARCH_LOCALE,3.43,71,3,0
2025-12-22,Veneto,Google Ads,RND_IT_GOOGLE_DISPLAY,92.67,15221,85,2
2025-12-22,Veneto,Google Ads,RND_IT_GOOGLE_PMAX,182.63,12399,297,3
2025-12-22,Veneto,Google Ads,RND_IT_GOOGLE_SEARCH_BRAND,108.37,3735,307,3
2025-12-22,Veneto,Google Ads,RND_IT_GOOGLE_SEARCH_GENERICA,304.66,5353,240,14
2025-12-22,Veneto,Google Ads,RND_IT_GOOGLE_SEARCH_LOCALE,213.12,4555,211,3
