settimana,regione,canale,candidature_incrementali_vere
2024-01-01,Abruzzo,Google Ads,2.551
2024-01-01,Basilicata,Google Ads,1.578
2024-01-01,Calabria,Google Ads,6.492
2024-01-01,Campania,Google Ads,29.556
2024-01-01,Emilia-Romagna,Google Ads,22.371
2024-01-01,Friuli-Venezia Giulia,Google Ads,6.019
2024-01-01,Lazio,Google Ads,33.506
2024-01-01,Liguria,Google Ads,6.816
2024-01-01,Lombardia,Google Ads,45.648
2024-01-01,Marche,Google Ads,4.91
2024-01-01,Molise,Google Ads,1.757
2024-01-01,Piemonte,Google Ads,16.052
2024-01-01,Puglia,Google Ads,14.912
2024-01-01,Sardegna,Google Ads,6.457
2024-01-01,Sicilia,Google Ads,27.957
2024-01-01,Toscana,Google Ads,14.658
2024-01-01,Trentino-Alto Adige,Google Ads,3.797
2024-01-01,Umbria,Google Ads,4.092
2024-01-01,Valle d'Aosta,Google Ads,0.575
2024-01-01,Veneto,Google Ads,14.32
2024-01-08,Abruzzo,Google Ads,3.085
2024-01-08,Basilicata,Google Ads,1.842
2024-01-08,Calabria,Google Ads,7.974
2024-01-08,Campania,Google Ads,35.62
2024-01-08,Emilia-Romagna,Google Ads,26.743
2024-01-08,Friuli-Venezia Giulia,Google Ads,7.551
2024-01-08,Lazio,Google Ads,39.243
2024-01-08,Liguria,Google Ads,8.211
2024-01-08,Lombardia,Google Ads,52.732
2024-01-08,Marche,Google Ads,6.231
2024-01-08,Molise,Google Ads,2.4
2024-01-08,Piemonte,Google Ads,20.391
2024-01-08,Puglia,Google Ads,17.152
2024-01-08,Sardegna,Google Ads,7.011
2024-01-08,Sicilia,Google Ads,31.659
2024-01-08,Toscana,Google Ads,19.945
2024-01-08,Trentino-Alto Adige,Google Ads,4.017
2024-01-08,Umbria,Google Ads,5.098
2024-01-08,Valle d'Aosta,Google Ads,0.643
2024-01-08,Veneto,Google Ads,18.839
2024-01-15,Abruzzo,Google Ads,3.103
2024-01-15,Basilicata,Google Ads,1.943
2024-01-15,Calabria,Google Ads,9.583
2024-01-15,Campania,Google Ads,34.42
2024-01-15,Emilia-Romagna,Google Ads,26.941
2024-01-15,Friuli-Venezia Giulia,Google Ads,7.476
2024-01-15,Lazio,Google Ads,38.848
2024-01-15,Liguria,Google Ads,8.622
2024-01-15,Lombardia,Google Ads,52.146
2024-01-15,Marche,Google Ads,6.179
2024-01-15,Molise,Google Ads,2.467
2024-01-15,Piemonte,Google Ads,21.129
2024-01-15,Puglia,Google Ads,16.848
2024-01-15,Sardegna,Google Ads,7.385
2024-01-15,Sicilia,Google Ads,34.376
2024-01-15,Toscana,Google Ads,18.437
2024-01-15,Trentino-Alto Adige,Google Ads,4.801
2024-01-15,Umbria,Google Ads,4.876
2024-01-15,Valle d'Aosta,Google Ads,0.714
2024-01-15,Veneto,Google Ads,20.9
2024-01-22,Abruzzo,Google Ads,4.157
2024-01-22,Basilicata,Google Ads,2.145
2024-01-22,Calabria,Google Ads,10.299
2024-01-22,Campania,Google Ads,39.727
2024-01-22,Emilia-Romagna,Google Ads,29.807
2024-01-22,Friuli-Venezia Giulia,Google Ads,9.675
2024-01-22,Lazio,Google Ads,44.748
2024-01-22,Liguria,Google Ads,10.334
2024-01-22,Lombardia,Google Ads,55.147
2024-01-22,Marche,Google Ads,6.342
2024-01-22,Molise,Google Ads,2.914
2024-01-22,Piemonte,Google Ads,23.946
2024-01-22,Puglia,Google Ads,19.843
2024-01-22,Sardegna,Google Ads,8.068
2024-01-22,Sicilia,Google Ads,38.443
2024-01-22,Toscana,Google Ads,23.197
2024-01-22,Trentino-Alto Adige,Google Ads,5.173
2024-01-22,Umbria,Google Ads,5.979
2024-01-22,Valle d'Aosta,Google Ads,0.683
2024-01-22,Veneto,Google Ads,22.934
2024-01-29,Abruzzo,Google Ads,4.053
2024-01-29,Basilicata,Google Ads,2.632
2024-01-29,Calabria,Google Ads,11.537
2024-01-29,Campania,Google Ads,41.488
2024-01-29,Emilia-Romagna,Google Ads,35.24
2024-01-29,Friuli-Venezia Giulia,Google Ads,11.634
2024-01-29,Lazio,Google Ads,54.31
2024-01-29,Liguria,Google Ads,11.571
2024-01-29,Lombardia,Google Ads,54.219
2024-01-29,Marche,Google Ads,7.265
2024-01-29,Molise,Google Ads,3.294
2024-01-29,Piemonte,Google Ads,30.004
2024-01-29,Puglia,Google Ads,22.243
2024-01-29,Sardegna,Google Ads,9.263
2024-01-29,Sicilia,Google Ads,47.48
2024-01-29,Toscana,Google Ads,26.506
2024-01-29,Trentino-Alto Adige,Google Ads,5.55
2024-01-29,Umbria,Google Ads,6.514
2024-01-29,Valle d'Aosta,Google Ads,0.881
2024-01-29,Veneto,Google Ads,25.304
2024-02-05,Abruzzo,Google Ads,3.755
2024-02-05,Basilicata,Google Ads,1.995
2024-02-05,Calabria,Google Ads,9.11
2024-02-05,Campania,Google Ads,34.286
2024-02-05,Emilia-Romagna,Google Ads,28.996
2024-02-05,Friuli-Venezia Giulia,Google Ads,9.518
2024-02-05,Lazio,Google Ads,48.42
2024-02-05,Liguria,Google Ads,11.137
2024-02-05,Lombardia,Google Ads,46.098
2024-02-05,Marche,Google Ads,6.134
2024-02-05,Molise,Google Ads,2.6
2024-02-05,Piemonte,Google Ads,26.202
2024-02-05,Puglia,Google Ads,19.644
2024-02-05,Sardegna,Google Ads,7.84
2024-02-05,Sicilia,Google Ads,44.162
2024-02-05,Toscana,Google Ads,19.797
2024-02-05,Trentino-Alto Adige,Google Ads,5.184
2024-02-05,Umbria,Google Ads,5.802
2024-02-05,Valle d'Aosta,Google Ads,0.72
2024-02-05,Veneto,Google Ads,20.725
2024-02-12,Abruzzo,Google Ads,4.275
2024-02-12,Basilicata,Google Ads,2.533
2024-02-12,Calabria,Google Ads,11.773
2024-02-12,Campania,Google Ads,50.047
2024-02-12,Emilia-Romagna,Google Ads,44.71
2024-02-12,Friuli-Venezia Giulia,Google Ads,13.734
2024-02-12,Lazio,Google Ads,64.881
2024-02-12,Liguria,Google Ads,15.677
2024-02-12,Lombardia,Google Ads,66.679
2024-02-12,Marche,Google Ads,8.939
2024-02-12,Molise,Google Ads,3.409
2024-02-12,Piemonte,Google Ads,33.212
2024-02-12,Puglia,Google Ads,26.077
2024-02-12,Sardegna,Google Ads,10.385
2024-02-12,Sicilia,Google Ads,49.488
2024-02-12,Toscana,Google Ads,25.075
2024-02-12,Trentino-Alto Adige,Google Ads,6.173
2024-02-12,Umbria,Google Ads,7.793
2024-02-12,Valle d'Aosta,Google Ads,1.038
2024-02-12,Veneto,Google Ads,23.986
2024-02-19,Abruzzo,Google Ads,4.244
2024-02-19,Basilicata,Google Ads,2.482
2024-02-19,Calabria,Google Ads,10.93
2024-02-19,Campania,Google Ads,45.545
2024-02-19,Emilia-Romagna,Google Ads,44.066
2024-02-19,Friuli-Venezia Giulia,Google Ads,11.965
2024-02-19,Lazio,Google Ads,62.108
2024-02-19,Liguria,Google Ads,15.141
2024-02-19,Lombardia,Google Ads,65.056
2024-02-19,Marche,Google Ads,9.334
2024-02-19,Molise,Google Ads,3.395
2024-02-19,Piemonte,Google Ads,30.817
2024-02-19,Puglia,Google Ads,29.142
2024-02-19,Sardegna,Google Ads,11.508
2024-02-19,Sicilia,Google Ads,44.781
2024-02-19,Toscana,Google Ads,25.366
2024-02-19,Trentino-Alto Adige,Google Ads,6.97
2024-02-19,Umbria,Google Ads,6.935
2024-02-19,Valle d'Aosta,Google Ads,1.042
2024-02-19,Veneto,Google Ads,23.946
2024-02-26,Abruzzo,Google Ads,4.169
2024-02-26,Basilicata,Google Ads,2.261
2024-02-26,Calabria,Google Ads,10.222
2024-02-26,Campania,Google Ads,41.935
2024-02-26,Emilia-Romagna,Google Ads,36.943
2024-02-26,Friuli-Venezia Giulia,Google Ads,9.843
2024-02-26,Lazio,Google Ads,52.08
2024-02-26,Liguria,Google Ads,12.399
2024-02-26,Lombardia,Google Ads,62.042
2024-02-26,Marche,Google Ads,7.639
2024-02-26,Molise,Google Ads,3.303
2024-02-26,Piemonte,Google Ads,26.148
2024-02-26,Puglia,Google Ads,24.273
2024-02-26,Sardegna,Google Ads,9.056
2024-02-26,Sicilia,Google Ads,41.802
2024-02-26,Toscana,Google Ads,22.473
2024-02-26,Trentino-Alto Adige,Google Ads,5.402
2024-02-26,Umbria,Google Ads,6.31
2024-02-26,Valle d'Aosta,Google Ads,0.909
2024-02-26,Veneto,Google Ads,20.841
2024-03-04,Abruzzo,Google Ads,3.276
2024-03-04,Basilicata,Google Ads,1.549
2024-03-04,Calabria,Google Ads,7.67
2024-03-04,Campania,Google Ads,30.183
2024-03-04,Emilia-Romagna,Google Ads,27.522
2024-03-04,Friuli-Venezia Giulia,Google Ads,8.167
2024-03-04,Lazio,Google Ads,37.602
2024-03-04,Liguria,Google Ads,9.19
2024-03-04,Lombardia,Google Ads,54.676
2024-03-04,Marche,Google Ads,5.661
2024-03-04,Molise,Google Ads,2.588
2024-03-04,Piemonte,Google Ads,17.82
2024-03-04,Puglia,Google Ads,19.439
2024-03-04,Sardegna,Google Ads,6.486
2024-03-04,Sicilia,Google Ads,32.008
2024-03-04,Toscana,Google Ads,16.764
2024-03-04,Trentino-Alto Adige,Google Ads,3.872
2024-03-04,Umbria,Google Ads,4.753
2024-03-04,Valle d'Aosta,Google Ads,0.664
2024-03-04,Veneto,Google Ads,17.6
2024-03-11,Abruzzo,Google Ads,4.4
2024-03-11,Basilicata,Google Ads,2.041
2024-03-11,Calabria,Google Ads,10.44
2024-03-11,Campania,Google Ads,33.07
2024-03-11,Emilia-Romagna,Google Ads,32.775
2024-03-11,Friuli-Venezia Giulia,Google Ads,8.993
2024-03-11,Lazio,Google Ads,46.696
2024-03-11,Liguria,Google Ads,12.327
2024-03-11,Lombardia,Google Ads,70.702
2024-03-11,Marche,Google Ads,8.194
2024-03-11,Molise,Google Ads,3.095
2024-03-11,Piemonte,Google Ads,25.935
2024-03-11,Puglia,Google Ads,23.192
2024-03-11,Sardegna,Google Ads,9.263
2024-03-11,Sicilia,Google Ads,40.561
2024-03-11,Toscana,Google Ads,24.68
2024-03-11,Trentino-Alto Adige,Google Ads,5.125
2024-03-11,Umbria,Google Ads,5.74
2024-03-11,Valle d'Aosta,Google Ads,0.834
2024-03-11,Veneto,Google Ads,22.468
2024-03-18,Abruzzo,Google Ads,4.208
2024-03-18,Basilicata,Google Ads,2.009
2024-03-18,Calabria,Google Ads,10.437
2024-03-18,Campania,Google Ads,36.031
2024-03-18,Emilia-Romagna,Google Ads,31.102
2024-03-18,Friuli-Venezia Giulia,Google Ads,8.824
2024-03-18,Lazio,Google Ads,47.463
2024-03-18,Liguria,Google Ads,12.1
2024-03-18,Lombardia,Google Ads,71.534
2024-03-18,Marche,Google Ads,8.31
2024-03-18,Molise,Google Ads,2.945
2024-03-18,Piemonte,Google Ads,25.598
2024-03-18,Puglia,Google Ads,21.889
2024-03-18,Sardegna,Google Ads,8.984
2024-03-18,Sicilia,Google Ads,41.852
2024-03-18,Toscana,Google Ads,23.499
2024-03-18,Trentino-Alto Adige,Google Ads,4.708
2024-03-18,Umbria,Google Ads,6.318
2024-03-18,Valle d'Aosta,Google Ads,0.834
2024-03-18,Veneto,Google Ads,23.472
2024-03-25,Abruzzo,Google Ads,4.344
2024-03-25,Basilicata,Google Ads,2.139
2024-03-25,Calabria,Google Ads,10.798
2024-03-25,Campania,Google Ads,38.266
2024-03-25,Emilia-Romagna,Google Ads,30.605
2024-03-25,Friuli-Venezia Giulia,Google Ads,9.822
2024-03-25,Lazio,Google Ads,48.921
2024-03-25,Liguria,Google Ads,12.817
2024-03-25,Lombardia,Google Ads,71.426
2024-03-25,Marche,Google Ads,8.691
2024-03-25,Molise,Google Ads,3.01
2024-03-25,Piemonte,Google Ads,29.063
2024-03-25,Puglia,Google Ads,23.435
2024-03-25,Sardegna,Google Ads,9.862
2024-03-25,Sicilia,Google Ads,41.675
2024-03-25,Toscana,Google Ads,27.407
2024-03-25,Trentino-Alto Adige,Google Ads,4.966
2024-03-25,Umbria,Google Ads,6.054
2024-03-25,Valle d'Aosta,Google Ads,0.894
2024-03-25,Veneto,Google Ads,23.539
2024-04-01,Abruzzo,Google Ads,5.15
2024-04-01,Basilicata,Google Ads,2.6
2024-04-01,Calabria,Google Ads,13.396
2024-04-01,Campania,Google Ads,49.883
2024-04-01,Emilia-Romagna,Google Ads,39.613
2024-04-01,Friuli-Venezia Giulia,Google Ads,11.819
2024-04-01,Lazio,Google Ads,62.732
2024-04-01,Liguria,Google Ads,16.958
2024-04-01,Lombardia,Google Ads,88.438
2024-04-01,Marche,Google Ads,10.512
2024-04-01,Molise,Google Ads,3.668
2024-04-01,Piemonte,Google Ads,37.259
2024-04-01,Puglia,Google Ads,28.333
2024-04-01,Sardegna,Google Ads,12.591
2024-04-01,Sicilia,Google Ads,52.882
2024-04-01,Toscana,Google Ads,32.294
2024-04-01,Trentino-Alto Adige,Google Ads,6.894
2024-04-01,Umbria,Google Ads,7.13
2024-04-01,Valle d'Aosta,Google Ads,1.048
2024-04-01,Veneto,Google Ads,26.809
2024-04-08,Abruzzo,Google Ads,6.461
2024-04-08,Basilicata,Google Ads,3.294
2024-04-08,Calabria,Google Ads,17.121
2024-04-08,Campania,Google Ads,63.693
2024-04-08,Emilia-Romagna,Google Ads,49.609
2024-04-08,Friuli-Venezia Giulia,Google Ads,13.714
2024-04-08,Lazio,Google Ads,79.63
2024-04-08,Liguria,Google Ads,20.518
2024-04-08,Lombardia,Google Ads,97.886
2024-04-08,Marche,Google Ads,13.125
2024-04-08,Molise,Google Ads,4.671
2024-04-08,Piemonte,Google Ads,47.291
2024-04-08,Puglia,Google Ads,36.78
2024-04-08,Sardegna,Google Ads,16.239
2024-04-08,Sicilia,Google Ads,58.819
2024-04-08,Toscana,Google Ads,39.205
2024-04-08,Trentino-Alto Adige,Google Ads,8.604
2024-04-08,Umbria,Google Ads,9.58
2024-04-08,Valle d'Aosta,Google Ads,1.352
2024-04-08,Veneto,Google Ads,34.596
2024-04-15,Abruzzo,Google Ads,6.324
2024-04-15,Basilicata,Google Ads,2.983
2024-04-15,Calabria,Google Ads,16.776
2024-04-15,Campania,Google Ads,53.031
2024-04-15,Emilia-Romagna,Google Ads,42.182
2024-04-15,Friuli-Venezia Giulia,Google Ads,12.133
2024-04-15,Lazio,Google Ads,68.771
2024-04-15,Liguria,Google Ads,18.14
2024-04-15,Lombardia,Google Ads,84.788
2024-04-15,Marche,Google Ads,12.232
2024-04-15,Molise,Google Ads,4.063
2024-04-15,Piemonte,Google Ads,39.041
2024-04-15,Puglia,Google Ads,34.004
2024-04-15,Sardegna,Google Ads,14.845
2024-04-15,Sicilia,Google Ads,53.243
2024-04-15,Toscana,Google Ads,33.671
2024-04-15,Trentino-Alto Adige,Google Ads,7.228
2024-04-15,Umbria,Google Ads,8.416
2024-04-15,Valle d'Aosta,Google Ads,1.201
2024-04-15,Veneto,Google Ads,30.644
2024-04-22,Abruzzo,Google Ads,5.463
2024-04-22,Basilicata,Google Ads,2.791
2024-04-22,Calabria,Google Ads,14.146
2024-04-22,Campania,Google Ads,48.96
2024-04-22,Emilia-Romagna,Google Ads,35.621
2024-04-22,Friuli-Venezia Giulia,Google Ads,11.118
2024-04-22,Lazio,Google Ads,62.028
2024-04-22,Liguria,Google Ads,15.022
2024-04-22,Lombardia,Google Ads,73.966
2024-04-22,Marche,Google Ads,10.842
2024-04-22,Molise,Google Ads,3.563
2024-04-22,Piemonte,Google Ads,32.16
2024-04-22,Puglia,Google Ads,30.014
2024-04-22,Sardegna,Google Ads,12.598
2024-04-22,Sicilia,Google Ads,45.44
2024-04-22,Toscana,Google Ads,28.733
2024-04-22,Trentino-Alto Adige,Google Ads,6.443
2024-04-22,Umbria,Google Ads,7.544
2024-04-22,Valle d'Aosta,Google Ads,1.104
2024-04-22,Veneto,Google Ads,27.604
2024-04-29,Abruzzo,Google Ads,5.179
2024-04-29,Basilicata,Google Ads,3.014
2024-04-29,Calabria,Google Ads,14.907
2024-04-29,Campania,Google Ads,47.449
2024-04-29,Emilia-Romagna,Google Ads,36.345
2024-04-29,Friuli-Venezia Giulia,Google Ads,10.718
2024-04-29,Lazio,Google Ads,62.97
2024-04-29,Liguria,Google Ads,14.047
2024-04-29,Lombardia,Google Ads,74.092
2024-04-29,Marche,Google Ads,11.442
2024-04-29,Molise,Google Ads,3.334
2024-04-29,Piemonte,Google Ads,33.73
2024-04-29,Puglia,Google Ads,30.518
2024-04-29,Sardegna,Google Ads,11.722
2024-04-29,Sicilia,Google Ads,44.228
2024-04-29,Toscana,Google Ads,26.737
2024-04-29,Trentino-Alto Adige,Google Ads,5.878
2024-04-29,Umbria,Google Ads,7.571
2024-04-29,Valle d'Aosta,Google Ads,1.132
2024-04-29,Veneto,Google Ads,25.068
2024-05-06,Abruzzo,Google Ads,5.312
2024-05-06,Basilicata,Google Ads,2.886
2024-05-06,Calabria,Google Ads,13.747
2024-05-06,Campania,Google Ads,45.863
2024-05-06,Emilia-Romagna,Google Ads,39.682
2024-05-06,Friuli-Venezia Giulia,Google Ads,11.872
2024-05-06,Lazio,Google Ads,61.073
2024-05-06,Liguria,Google Ads,13.429
2024-05-06,Lombardia,Google Ads,75.775
2024-05-06,Marche,Google Ads,11.225
2024-05-06,Molise,Google Ads,3.453
2024-05-06,Piemonte,Google Ads,32.272
2024-05-06,Puglia,Google Ads,26.616
2024-05-06,Sardegna,Google Ads,11.531
2024-05-06,Sicilia,Google Ads,47.377
2024-05-06,Toscana,Google Ads,26.398
2024-05-06,Trentino-Alto Adige,Google Ads,5.79
2024-05-06,Umbria,Google Ads,7.774
2024-05-06,Valle d'Aosta,Google Ads,1.202
2024-05-06,Veneto,Google Ads,25.174
2024-05-13,Abruzzo,Google Ads,5.339
2024-05-13,Basilicata,Google Ads,3.399
2024-05-13,Calabria,Google Ads,14.933
2024-05-13,Campania,Google Ads,55.034
2024-05-13,Emilia-Romagna,Google Ads,44.664
2024-05-13,Friuli-Venezia Giulia,Google Ads,12.56
2024-05-13,Lazio,Google Ads,68.796
2024-05-13,Liguria,Google Ads,16.128
2024-05-13,Lombardia,Google Ads,84.134
2024-05-13,Marche,Google Ads,12.604
2024-05-13,Molise,Google Ads,3.957
2024-05-13,Piemonte,Google Ads,35.087
2024-05-13,Puglia,Google Ads,32.11
2024-05-13,Sardegna,Google Ads,13.779
2024-05-13,Sicilia,Google Ads,53.964
2024-05-13,Toscana,Google Ads,31.148
2024-05-13,Trentino-Alto Adige,Google Ads,6.355
2024-05-13,Umbria,Google Ads,8.224
2024-05-13,Valle d'Aosta,Google Ads,1.183
2024-05-13,Veneto,Google Ads,29.013
2024-05-20,Abruzzo,Google Ads,5.527
2024-05-20,Basilicata,Google Ads,3.236
2024-05-20,Calabria,Google Ads,15.549
2024-05-20,Campania,Google Ads,52.579
2024-05-20,Emilia-Romagna,Google Ads,43.47
2024-05-20,Friuli-Venezia Giulia,Google Ads,12.655
2024-05-20,Lazio,Google Ads,68.925
2024-05-20,Liguria,Google Ads,15.016
2024-05-20,Lombardia,Google Ads,88.699
2024-05-20,Marche,Google Ads,12.759
2024-05-20,Molise,Google Ads,4.055
2024-05-20,Piemonte,Google Ads,33.094
2024-05-20,Puglia,Google Ads,31.74
2024-05-20,Sardegna,Google Ads,14.72
2024-05-20,Sicilia,Google Ads,53.403
2024-05-20,Toscana,Google Ads,34.221
2024-05-20,Trentino-Alto Adige,Google Ads,6.544
2024-05-20,Umbria,Google Ads,8.84
2024-05-20,Valle d'Aosta,Google Ads,1.221
2024-05-20,Veneto,Google Ads,29.558
2024-05-27,Abruzzo,Google Ads,5.513
2024-05-27,Basilicata,Google Ads,3.152
2024-05-27,Calabria,Google Ads,14.738
2024-05-27,Campania,Google Ads,50.156
2024-05-27,Emilia-Romagna,Google Ads,40.982
2024-05-27,Friuli-Venezia Giulia,Google Ads,11.477
2024-05-27,Lazio,Google Ads,59.735
2024-05-27,Liguria,Google Ads,13.788
2024-05-27,Lombardia,Google Ads,81.242
2024-05-27,Marche,Google Ads,11.349
2024-05-27,Molise,Google Ads,3.979
2024-05-27,Piemonte,Google Ads,32.687
2024-05-27,Puglia,Google Ads,32.288
2024-05-27,Sardegna,Google Ads,13.674
2024-05-27,Sicilia,Google Ads,53.081
2024-05-27,Toscana,Google Ads,30.118
2024-05-27,Trentino-Alto Adige,Google Ads,6.793
2024-05-27,Umbria,Google Ads,8.737
2024-05-27,Valle d'Aosta,Google Ads,1.151
2024-05-27,Veneto,Google Ads,27.401
2024-06-03,Abruzzo,Google Ads,7.043
2024-06-03,Basilicata,Google Ads,3.369
2024-06-03,Calabria,Google Ads,17.999
2024-06-03,Campania,Google Ads,62.093
2024-06-03,Emilia-Romagna,Google Ads,52.128
2024-06-03,Friuli-Venezia Giulia,Google Ads,15.318
2024-06-03,Lazio,Google Ads,74.495
2024-06-03,Liguria,Google Ads,18.584
2024-06-03,Lombardia,Google Ads,104.256
2024-06-03,Marche,Google Ads,13.499
2024-06-03,Molise,Google Ads,5.595
2024-06-03,Piemonte,Google Ads,39.622
2024-06-03,Puglia,Google Ads,33.966
2024-06-03,Sardegna,Google Ads,16.712
2024-06-03,Sicilia,Google Ads,65.197
2024-06-03,Toscana,Google Ads,37.68
2024-06-03,Trentino-Alto Adige,Google Ads,8.386
2024-06-03,Umbria,Google Ads,10.185
2024-06-03,Valle d'Aosta,Google Ads,1.405
2024-06-03,Veneto,Google Ads,32.584
2024-06-10,Abruzzo,Google Ads,5.285
2024-06-10,Basilicata,Google Ads,2.309
2024-06-10,Calabria,Google Ads,15.923
2024-06-10,Campania,Google Ads,48.865
2024-06-10,Emilia-Romagna,Google Ads,42.991
2024-06-10,Friuli-Venezia Giulia,Google Ads,10.351
2024-06-10,Lazio,Google Ads,58.25
2024-06-10,Liguria,Google Ads,12.535
2024-06-10,Lombardia,Google Ads,80.21
2024-06-10,Marche,Google Ads,9.411
2024-06-10,Molise,Google Ads,3.997
2024-06-10,Piemonte,Google Ads,30.911
2024-06-10,Puglia,Google Ads,32.151
2024-06-10,Sardegna,Google Ads,14.633
2024-06-10,Sicilia,Google Ads,52.932
2024-06-10,Toscana,Google Ads,28.564
2024-06-10,Trentino-Alto Adige,Google Ads,7.012
2024-06-10,Umbria,Google Ads,7.091
2024-06-10,Valle d'Aosta,Google Ads,1.025
2024-06-10,Veneto,Google Ads,25.835
2024-06-17,Abruzzo,Google Ads,4.318
2024-06-17,Basilicata,Google Ads,1.892
2024-06-17,Calabria,Google Ads,14.706
2024-06-17,Campania,Google Ads,43.668
2024-06-17,Emilia-Romagna,Google Ads,39.335
2024-06-17,Friuli-Venezia Giulia,Google Ads,9.016
2024-06-17,Lazio,Google Ads,52.812
2024-06-17,Liguria,Google Ads,10.174
2024-06-17,Lombardia,Google Ads,60.055
2024-06-17,Marche,Google Ads,7.921
2024-06-17,Molise,Google Ads,3.12
2024-06-17,Piemonte,Google Ads,26.127
2024-06-17,Puglia,Google Ads,26.983
2024-06-17,Sardegna,Google Ads,13.556
2024-06-17,Sicilia,Google Ads,46.863
2024-06-17,Toscana,Google Ads,23.436
2024-06-17,Trentino-Alto Adige,Google Ads,6.042
2024-06-17,Umbria,Google Ads,5.913
2024-06-17,Valle d'Aosta,Google Ads,0.846
2024-06-17,Veneto,Google Ads,23.236
2024-06-24,Abruzzo,Google Ads,3.324
2024-06-24,Basilicata,Google Ads,1.772
2024-06-24,Calabria,Google Ads,12.402
2024-06-24,Campania,Google Ads,37.562
2024-06-24,Emilia-Romagna,Google Ads,38.134
2024-06-24,Friuli-Venezia Giulia,Google Ads,8.431
2024-06-24,Lazio,Google Ads,44.913
2024-06-24,Liguria,Google Ads,9.793
2024-06-24,Lombardia,Google Ads,48.766
2024-06-24,Marche,Google Ads,6.509
2024-06-24,Molise,Google Ads,2.81
2024-06-24,Piemonte,Google Ads,22.348
2024-06-24,Puglia,Google Ads,25.619
2024-06-24,Sardegna,Google Ads,12.247
2024-06-24,Sicilia,Google Ads,44.952
2024-06-24,Toscana,Google Ads,20.225
2024-06-24,Trentino-Alto Adige,Google Ads,5.378
2024-06-24,Umbria,Google Ads,5.548
2024-06-24,Valle d'Aosta,Google Ads,0.774
2024-06-24,Veneto,Google Ads,18.305
2024-07-01,Abruzzo,Google Ads,3.377
2024-07-01,Basilicata,Google Ads,1.634
2024-07-01,Calabria,Google Ads,10.647
2024-07-01,Campania,Google Ads,32.448
2024-07-01,Emilia-Romagna,Google Ads,37.486
2024-07-01,Friuli-Venezia Giulia,Google Ads,7.795
2024-07-01,Lazio,Google Ads,39.058
2024-07-01,Liguria,Google Ads,9.042
2024-07-01,Lombardia,Google Ads,41.522
2024-07-01,Marche,Google Ads,6.539
2024-07-01,Molise,Google Ads,2.848
2024-07-01,Piemonte,Google Ads,22.93
2024-07-01,Puglia,Google Ads,24.866
2024-07-01,Sardegna,Google Ads,13.049
2024-07-01,Sicilia,Google Ads,51.028
2024-07-01,Toscana,Google Ads,18.723
2024-07-01,Trentino-Alto Adige,Google Ads,4.712
2024-07-01,Umbria,Google Ads,4.56
2024-07-01,Valle d'Aosta,Google Ads,0.699
2024-07-01,Veneto,Google Ads,17.194
2024-07-08,Abruzzo,Google Ads,2.954
2024-07-08,Basilicata,Google Ads,1.457
2024-07-08,Calabria,Google Ads,8.57
2024-07-08,Campania,Google Ads,28.586
2024-07-08,Emilia-Romagna,Google Ads,32.125
2024-07-08,Friuli-Venezia Giulia,Google Ads,6.704
2024-07-08,Lazio,Google Ads,31.56
2024-07-08,Liguria,Google Ads,7.955
2024-07-08,Lombardia,Google Ads,39.766
2024-07-08,Marche,Google Ads,6.411
2024-07-08,Molise,Google Ads,2.428
2024-07-08,Piemonte,Google Ads,16.728
2024-07-08,Puglia,Google Ads,20.666
2024-07-08,Sardegna,Google Ads,12.531
2024-07-08,Sicilia,Google Ads,40.988
2024-07-08,Toscana,Google Ads,15.83
2024-07-08,Trentino-Alto Adige,Google Ads,4.09
2024-07-08,Umbria,Google Ads,3.877
2024-07-08,Valle d'Aosta,Google Ads,0.576
2024-07-08,Veneto,Google Ads,14.206
2024-07-15,Abruzzo,Google Ads,3.396
2024-07-15,Basilicata,Google Ads,1.797
2024-07-15,Calabria,Google Ads,9.71
2024-07-15,Campania,Google Ads,32.428
2024-07-15,Emilia-Romagna,Google Ads,37.102
2024-07-15,Friuli-Venezia Giulia,Google Ads,7.727
2024-07-15,Lazio,Google Ads,40.3
2024-07-15,Liguria,Google Ads,9.625
2024-07-15,Lombardia,Google Ads,50.114
2024-07-15,Marche,Google Ads,7.839
2024-07-15,Molise,Google Ads,2.83
2024-07-15,Piemonte,Google Ads,20.851
2024-07-15,Puglia,Google Ads,24.008
2024-07-15,Sardegna,Google Ads,15.414
2024-07-15,Sicilia,Google Ads,49.885
2024-07-15,Toscana,Google Ads,21.276
2024-07-15,Trentino-Alto Adige,Google Ads,5.392
2024-07-15,Umbria,Google Ads,4.826
2024-07-15,Valle d'Aosta,Google Ads,0.69
2024-07-15,Veneto,Google Ads,17.915
2024-07-22,Abruzzo,Google Ads,3.583
2024-07-22,Basilicata,Google Ads,1.86
2024-07-22,Calabria,Google Ads,11.592
2024-07-22,Campania,Google Ads,33.082
2024-07-22,Emilia-Romagna,Google Ads,39.921
2024-07-22,Friuli-Venezia Giulia,Google Ads,8.726
2024-07-22,Lazio,Google Ads,39.772
2024-07-22,Liguria,Google Ads,10.076
2024-07-22,Lombardia,Google Ads,55.423
2024-07-22,Marche,Google Ads,8.461
2024-07-22,Molise,Google Ads,2.822
2024-07-22,Piemonte,Google Ads,20.912
2024-07-22,Puglia,Google Ads,24.618
2024-07-22,Sardegna,Google Ads,16.151
2024-07-22,Sicilia,Google Ads,52.404
2024-07-22,Toscana,Google Ads,24.141
2024-07-22,Trentino-Alto Adige,Google Ads,5.89
2024-07-22,Umbria,Google Ads,5.49
2024-07-22,Valle d'Aosta,Google Ads,0.757
2024-07-22,Veneto,Google Ads,18.142
2024-07-29,Abruzzo,Google Ads,3.196
2024-07-29,Basilicata,Google Ads,1.659
2024-07-29,Calabria,Google Ads,10.222
2024-07-29,Campania,Google Ads,30.048
2024-07-29,Emilia-Romagna,Google Ads,37.837
2024-07-29,Friuli-Venezia Giulia,Google Ads,8.772
2024-07-29,Lazio,Google Ads,35.262
2024-07-29,Liguria,Google Ads,9.072
2024-07-29,Lombardia,Google Ads,50.482
2024-07-29,Marche,Google Ads,7.332
2024-07-29,Molise,Google Ads,2.419
2024-07-29,Piemonte,Google Ads,19.803
2024-07-29,Puglia,Google Ads,21.411
2024-07-29,Sardegna,Google Ads,14.005
2024-07-29,Sicilia,Google Ads,51.818
2024-07-29,Toscana,Google Ads,21.307
2024-07-29,Trentino-Alto Adige,Google Ads,5.106
2024-07-29,Umbria,Google Ads,5.017
2024-07-29,Valle d'Aosta,Google Ads,0.627
2024-07-29,Veneto,Google Ads,15.592
2024-08-05,Abruzzo,Google Ads,2.604
2024-08-05,Basilicata,Google Ads,1.499
2024-08-05,Calabria,Google Ads,9.186
2024-08-05,Campania,Google Ads,27.222
2024-08-05,Emilia-Romagna,Google Ads,33.255
2024-08-05,Friuli-Venezia Giulia,Google Ads,8.111
2024-08-05,Lazio,Google Ads,32.793
2024-08-05,Liguria,Google Ads,7.702
2024-08-05,Lombardia,Google Ads,44.039
2024-08-05,Marche,Google Ads,6.292
2024-08-05,Molise,Google Ads,2.343
2024-08-05,Piemonte,Google Ads,16.967
2024-08-05,Puglia,Google Ads,18.361
2024-08-05,Sardegna,Google Ads,12.701
2024-08-05,Sicilia,Google Ads,45.347
2024-08-05,Toscana,Google Ads,18.404
2024-08-05,Trentino-Alto Adige,Google Ads,4.729
2024-08-05,Umbria,Google Ads,4.256
2024-08-05,Valle d'Aosta,Google Ads,0.544
2024-08-05,Veneto,Google Ads,14.002
2024-08-12,Abruzzo,Google Ads,3.06
2024-08-12,Basilicata,Google Ads,1.838
2024-08-12,Calabria,Google Ads,9.208
2024-08-12,Campania,Google Ads,34.578
2024-08-12,Emilia-Romagna,Google Ads,31.729
2024-08-12,Friuli-Venezia Giulia,Google Ads,9.315
2024-08-12,Lazio,Google Ads,38.34
2024-08-12,Liguria,Google Ads,9.191
2024-08-12,Lombardia,Google Ads,54.561
2024-08-12,Marche,Google Ads,7.267
2024-08-12,Molise,Google Ads,2.725
2024-08-12,Piemonte,Google Ads,21.55
2024-08-12,Puglia,Google Ads,17.944
2024-08-12,Sardegna,Google Ads,12.206
2024-08-12,Sicilia,Google Ads,43.072
2024-08-12,Toscana,Google Ads,24.263
2024-08-12,Trentino-Alto Adige,Google Ads,4.315
2024-08-12,Umbria,Google Ads,5.48
2024-08-12,Valle d'Aosta,Google Ads,0.646
2024-08-12,Veneto,Google Ads,16.051
2024-08-19,Abruzzo,Google Ads,3.491
2024-08-19,Basilicata,Google Ads,2.123
2024-08-19,Calabria,Google Ads,10.0
2024-08-19,Campania,Google Ads,37.143
2024-08-19,Emilia-Romagna,Google Ads,31.987
2024-08-19,Friuli-Venezia Giulia,Google Ads,9.659
2024-08-19,Lazio,Google Ads,45.184
2024-08-19,Liguria,Google Ads,10.388
2024-08-19,Lombardia,Google Ads,64.838
2024-08-19,Marche,Google Ads,9.238
2024-08-19,Molise,Google Ads,3.074
2024-08-19,Piemonte,Google Ads,25.415
2024-08-19,Puglia,Google Ads,19.726
2024-08-19,Sardegna,Google Ads,12.291
2024-08-19,Sicilia,Google Ads,46.886
2024-08-19,Toscana,Google Ads,26.026
2024-08-19,Trentino-Alto Adige,Google Ads,4.707
2024-08-19,Umbria,Google Ads,5.828
2024-08-19,Valle d'Aosta,Google Ads,0.75
2024-08-19,Veneto,Google Ads,18.085
2024-08-26,Abruzzo,Google Ads,5.461
2024-08-26,Basilicata,Google Ads,3.035
2024-08-26,Calabria,Google Ads,14.557
2024-08-26,Campania,Google Ads,53.698
2024-08-26,Emilia-Romagna,Google Ads,47.09
2024-08-26,Friuli-Venezia Giulia,Google Ads,13.496
2024-08-26,Lazio,Google Ads,59.879
2024-08-26,Liguria,Google Ads,16.184
2024-08-26,Lombardia,Google Ads,86.81
2024-08-26,Marche,Google Ads,13.428
2024-08-26,Molise,Google Ads,4.495
2024-08-26,Piemonte,Google Ads,37.034
2024-08-26,Puglia,Google Ads,29.612
2024-08-26,Sardegna,Google Ads,17.426
2024-08-26,Sicilia,Google Ads,61.682
2024-08-26,Toscana,Google Ads,36.288
2024-08-26,Trentino-Alto Adige,Google Ads,6.862
2024-08-26,Umbria,Google Ads,8.332
2024-08-26,Valle d'Aosta,Google Ads,1.081
2024-08-26,Veneto,Google Ads,26.657
2024-09-02,Abruzzo,Google Ads,7.315
2024-09-02,Basilicata,Google Ads,4.047
2024-09-02,Calabria,Google Ads,19.158
2024-09-02,Campania,Google Ads,72.913
2024-09-02,Emilia-Romagna,Google Ads,59.587
2024-09-02,Friuli-Venezia Giulia,Google Ads,18.348
2024-09-02,Lazio,Google Ads,78.752
2024-09-02,Liguria,Google Ads,21.932
2024-09-02,Lombardia,Google Ads,112.582
2024-09-02,Marche,Google Ads,17.422
2024-09-02,Molise,Google Ads,5.55
2024-09-02,Piemonte,Google Ads,52.004
2024-09-02,Puglia,Google Ads,37.701
2024-09-02,Sardegna,Google Ads,22.603
2024-09-02,Sicilia,Google Ads,78.105
2024-09-02,Toscana,Google Ads,46.933
2024-09-02,Trentino-Alto Adige,Google Ads,9.358
2024-09-02,Umbria,Google Ads,11.546
2024-09-02,Valle d'Aosta,Google Ads,1.396
2024-09-02,Veneto,Google Ads,35.254
2024-09-09,Abruzzo,Google Ads,6.628
2024-09-09,Basilicata,Google Ads,3.588
2024-09-09,Calabria,Google Ads,16.25
2024-09-09,Campania,Google Ads,65.291
2024-09-09,Emilia-Romagna,Google Ads,51.544
2024-09-09,Friuli-Venezia Giulia,Google Ads,16.194
2024-09-09,Lazio,Google Ads,73.467
2024-09-09,Liguria,Google Ads,19.274
2024-09-09,Lombardia,Google Ads,97.719
2024-09-09,Marche,Google Ads,16.221
2024-09-09,Molise,Google Ads,5.056
2024-09-09,Piemonte,Google Ads,47.269
2024-09-09,Puglia,Google Ads,33.145
2024-09-09,Sardegna,Google Ads,18.735
2024-09-09,Sicilia,Google Ads,71.659
2024-09-09,Toscana,Google Ads,40.443
2024-09-09,Trentino-Alto Adige,Google Ads,8.329
2024-09-09,Umbria,Google Ads,10.201
2024-09-09,Valle d'Aosta,Google Ads,1.311
2024-09-09,Veneto,Google Ads,34.104
2024-09-16,Abruzzo,Google Ads,5.079
2024-09-16,Basilicata,Google Ads,2.678
2024-09-16,Calabria,Google Ads,11.994
2024-09-16,Campania,Google Ads,49.181
2024-09-16,Emilia-Romagna,Google Ads,41.633
2024-09-16,Friuli-Venezia Giulia,Google Ads,12.74
2024-09-16,Lazio,Google Ads,53.823
2024-09-16,Liguria,Google Ads,14.582
2024-09-16,Lombardia,Google Ads,76.91
2024-09-16,Marche,Google Ads,12.021
2024-09-16,Molise,Google Ads,4.083
2024-09-16,Piemonte,Google Ads,34.353
2024-09-16,Puglia,Google Ads,26.078
2024-09-16,Sardegna,Google Ads,14.505
2024-09-16,Sicilia,Google Ads,56.035
2024-09-16,Toscana,Google Ads,28.081
2024-09-16,Trentino-Alto Adige,Google Ads,6.311
2024-09-16,Umbria,Google Ads,7.587
2024-09-16,Valle d'Aosta,Google Ads,1.039
2024-09-16,Veneto,Google Ads,25.266
2024-09-23,Abruzzo,Google Ads,3.645
2024-09-23,Basilicata,Google Ads,1.707
2024-09-23,Calabria,Google Ads,8.307
2024-09-23,Campania,Google Ads,33.174
2024-09-23,Emilia-Romagna,Google Ads,30.422
2024-09-23,Friuli-Venezia Giulia,Google Ads,8.416
2024-09-23,Lazio,Google Ads,36.761
2024-09-23,Liguria,Google Ads,9.516
2024-09-23,Lombardia,Google Ads,50.245
2024-09-23,Marche,Google Ads,7.602
2024-09-23,Molise,Google Ads,2.847
2024-09-23,Piemonte,Google Ads,22.876
2024-09-23,Puglia,Google Ads,18.093
2024-09-23,Sardegna,Google Ads,9.736
2024-09-23,Sicilia,Google Ads,37.105
2024-09-23,Toscana,Google Ads,20.021
2024-09-23,Trentino-Alto Adige,Google Ads,4.174
2024-09-23,Umbria,Google Ads,4.984
2024-09-23,Valle d'Aosta,Google Ads,0.695
2024-09-23,Veneto,Google Ads,15.611
2024-09-30,Abruzzo,Google Ads,4.317
2024-09-30,Basilicata,Google Ads,1.905
2024-09-30,Calabria,Google Ads,9.871
2024-09-30,Campania,Google Ads,39.29
2024-09-30,Emilia-Romagna,Google Ads,44.328
2024-09-30,Friuli-Venezia Giulia,Google Ads,9.454
2024-09-30,Lazio,Google Ads,40.954
2024-09-30,Liguria,Google Ads,11.422
2024-09-30,Lombardia,Google Ads,71.252
2024-09-30,Marche,Google Ads,8.115
2024-09-30,Molise,Google Ads,2.883
2024-09-30,Piemonte,Google Ads,34.205
2024-09-30,Puglia,Google Ads,19.334
2024-09-30,Sardegna,Google Ads,10.893
2024-09-30,Sicilia,Google Ads,38.443
2024-09-30,Toscana,Google Ads,21.805
2024-09-30,Trentino-Alto Adige,Google Ads,4.678
2024-09-30,Umbria,Google Ads,5.894
2024-09-30,Valle d'Aosta,Google Ads,0.858
2024-09-30,Veneto,Google Ads,24.424
2024-10-07,Abruzzo,Google Ads,4.37
2024-10-07,Basilicata,Google Ads,1.894
2024-10-07,Calabria,Google Ads,9.635
2024-10-07,Campania,Google Ads,38.765
2024-10-07,Emilia-Romagna,Google Ads,44.375
2024-10-07,Friuli-Venezia Giulia,Google Ads,10.043
2024-10-07,Lazio,Google Ads,38.029
2024-10-07,Liguria,Google Ads,9.907
2024-10-07,Lombardia,Google Ads,73.211
2024-10-07,Marche,Google Ads,7.875
2024-10-07,Molise,Google Ads,2.703
2024-10-07,Piemonte,Google Ads,35.665
2024-10-07,Puglia,Google Ads,19.029
2024-10-07,Sardegna,Google Ads,10.629
2024-10-07,Sicilia,Google Ads,38.927
2024-10-07,Toscana,Google Ads,22.755
2024-10-07,Trentino-Alto Adige,Google Ads,4.393
2024-10-07,Umbria,Google Ads,5.67
2024-10-07,Valle d'Aosta,Google Ads,0.807
2024-10-07,Veneto,Google Ads,25.802
2024-10-14,Abruzzo,Google Ads,4.325
2024-10-14,Basilicata,Google Ads,2.066
2024-10-14,Calabria,Google Ads,8.883
2024-10-14,Campania,Google Ads,34.779
2024-10-14,Emilia-Romagna,Google Ads,40.803
2024-10-14,Friuli-Venezia Giulia,Google Ads,9.223
2024-10-14,Lazio,Google Ads,36.626
2024-10-14,Liguria,Google Ads,9.319
2024-10-14,Lombardia,Google Ads,67.998
2024-10-14,Marche,Google Ads,7.742
2024-10-14,Molise,Google Ads,2.657
2024-10-14,Piemonte,Google Ads,35.05
2024-10-14,Puglia,Google Ads,18.993
2024-10-14,Sardegna,Google Ads,9.407
2024-10-14,Sicilia,Google Ads,36.193
2024-10-14,Toscana,Google Ads,21.618
2024-10-14,Trentino-Alto Adige,Google Ads,3.903
2024-10-14,Umbria,Google Ads,5.096
2024-10-14,Valle d'Aosta,Google Ads,0.712
2024-10-14,Veneto,Google Ads,24.065
2024-10-21,Abruzzo,Google Ads,4.042
2024-10-21,Basilicata,Google Ads,2.024
2024-10-21,Calabria,Google Ads,8.337
2024-10-21,Campania,Google Ads,30.326
2024-10-21,Emilia-Romagna,Google Ads,39.538
2024-10-21,Friuli-Venezia Giulia,Google Ads,8.346
2024-10-21,Lazio,Google Ads,37.753
2024-10-21,Liguria,Google Ads,8.814
2024-10-21,Lombardia,Google Ads,62.987
2024-10-21,Marche,Google Ads,7.141
2024-10-21,Molise,Google Ads,2.404
2024-10-21,Piemonte,Google Ads,33.516
2024-10-21,Puglia,Google Ads,18.13
2024-10-21,Sardegna,Google Ads,8.724
2024-10-21,Sicilia,Google Ads,33.213
2024-10-21,Toscana,Google Ads,21.153
2024-10-21,Trentino-Alto Adige,Google Ads,3.969
2024-10-21,Umbria,Google Ads,4.755
2024-10-21,Valle d'Aosta,Google Ads,0.668
2024-10-21,Veneto,Google Ads,21.857
2024-10-28,Abruzzo,Google Ads,4.325
2024-10-28,Basilicata,Google Ads,2.034
2024-10-28,Calabria,Google Ads,8.441
2024-10-28,Campania,Google Ads,36.408
2024-10-28,Emilia-Romagna,Google Ads,40.344
2024-10-28,Friuli-Venezia Giulia,Google Ads,9.151
2024-10-28,Lazio,Google Ads,42.175
2024-10-28,Liguria,Google Ads,10.077
2024-10-28,Lombardia,Google Ads,64.444
2024-10-28,Marche,Google Ads,8.035
2024-10-28,Molise,Google Ads,2.856
2024-10-28,Piemonte,Google Ads,34.958
2024-10-28,Puglia,Google Ads,20.394
2024-10-28,Sardegna,Google Ads,9.481
2024-10-28,Sicilia,Google Ads,33.423
2024-10-28,Toscana,Google Ads,23.425
2024-10-28,Trentino-Alto Adige,Google Ads,4.051
2024-10-28,Umbria,Google Ads,5.042
2024-10-28,Valle d'Aosta,Google Ads,0.767
2024-10-28,Veneto,Google Ads,22.924
2024-11-04,Abruzzo,Google Ads,4.768
2024-11-04,Basilicata,Google Ads,2.459
2024-11-04,Calabria,Google Ads,10.069
2024-11-04,Campania,Google Ads,45.964
2024-11-04,Emilia-Romagna,Google Ads,51.3
2024-11-04,Friuli-Venezia Giulia,Google Ads,11.514
2024-11-04,Lazio,Google Ads,49.821
2024-11-04,Liguria,Google Ads,11.278
2024-11-04,Lombardia,Google Ads,84.082
2024-11-04,Marche,Google Ads,10.094
2024-11-04,Molise,Google Ads,3.485
2024-11-04,Piemonte,Google Ads,38.862
2024-11-04,Puglia,Google Ads,24.375
2024-11-04,Sardegna,Google Ads,11.981
2024-11-04,Sicilia,Google Ads,41.666
2024-11-04,Toscana,Google Ads,27.862
2024-11-04,Trentino-Alto Adige,Google Ads,5.098
2024-11-04,Umbria,Google Ads,6.245
2024-11-04,Valle d'Aosta,Google Ads,0.964
2024-11-04,Veneto,Google Ads,29.809
2024-11-11,Abruzzo,Google Ads,4.462
2024-11-11,Basilicata,Google Ads,2.344
2024-11-11,Calabria,Google Ads,9.722
2024-11-11,Campania,Google Ads,45.018
2024-11-11,Emilia-Romagna,Google Ads,50.21
2024-11-11,Friuli-Venezia Giulia,Google Ads,11.884
2024-11-11,Lazio,Google Ads,53.753
2024-11-11,Liguria,Google Ads,11.458
2024-11-11,Lombardia,Google Ads,89.336
2024-11-11,Marche,Google Ads,10.377
2024-11-11,Molise,Google Ads,3.425
2024-11-11,Piemonte,Google Ads,40.842
2024-11-11,Puglia,Google Ads,25.088
2024-11-11,Sardegna,Google Ads,12.774
2024-11-11,Sicilia,Google Ads,44.815
2024-11-11,Toscana,Google Ads,27.716
2024-11-11,Trentino-Alto Adige,Google Ads,5.108
2024-11-11,Umbria,Google Ads,6.26
2024-11-11,Valle d'Aosta,Google Ads,0.996
2024-11-11,Veneto,Google Ads,32.234
2024-11-18,Abruzzo,Google Ads,4.644
2024-11-18,Basilicata,Google Ads,2.188
2024-11-18,Calabria,Google Ads,10.728
2024-11-18,Campania,Google Ads,45.698
2024-11-18,Emilia-Romagna,Google Ads,48.742
2024-11-18,Friuli-Venezia Giulia,Google Ads,11.76
2024-11-18,Lazio,Google Ads,52.883
2024-11-18,Liguria,Google Ads,11.593
2024-11-18,Lombardia,Google Ads,93.265
2024-11-18,Marche,Google Ads,10.772
2024-11-18,Molise,Google Ads,3.266
2024-11-18,Piemonte,Google Ads,39.318
2024-11-18,Puglia,Google Ads,25.901
2024-11-18,Sardegna,Google Ads,12.406
2024-11-18,Sicilia,Google Ads,43.219
2024-11-18,Toscana,Google Ads,30.872
2024-11-18,Trentino-Alto Adige,Google Ads,5.724
2024-11-18,Umbria,Google Ads,6.546
2024-11-18,Valle d'Aosta,Google Ads,0.896
2024-11-18,Veneto,Google Ads,33.269
2024-11-25,Abruzzo,Google Ads,4.216
2024-11-25,Basilicata,Google Ads,1.973
2024-11-25,Calabria,Google Ads,9.466
2024-11-25,Campania,Google Ads,40.76
2024-11-25,Emilia-Romagna,Google Ads,42.896
2024-11-25,Friuli-Venezia Giulia,Google Ads,10.73
2024-11-25,Lazio,Google Ads,47.212
2024-11-25,Liguria,Google Ads,10.347
2024-11-25,Lombardia,Google Ads,83.624
2024-11-25,Marche,Google Ads,9.069
2024-11-25,Molise,Google Ads,2.757
2024-11-25,Piemonte,Google Ads,35.756
2024-11-25,Puglia,Google Ads,23.322
2024-11-25,Sardegna,Google Ads,10.819
2024-11-25,Sicilia,Google Ads,39.441
2024-11-25,Toscana,Google Ads,27.086
2024-11-25,Trentino-Alto Adige,Google Ads,5.619
2024-11-25,Umbria,Google Ads,6.165
2024-11-25,Valle d'Aosta,Google Ads,0.803
2024-11-25,Veneto,Google Ads,28.27
2024-12-02,Abruzzo,Google Ads,4.543
2024-12-02,Basilicata,Google Ads,2.026
2024-12-02,Calabria,Google Ads,9.642
2024-12-02,Campania,Google Ads,39.023
2024-12-02,Emilia-Romagna,Google Ads,35.874
2024-12-02,Friuli-Venezia Giulia,Google Ads,10.45
2024-12-02,Lazio,Google Ads,48.672
2024-12-02,Liguria,Google Ads,10.895
2024-12-02,Lombardia,Google Ads,68.643
2024-12-02,Marche,Google Ads,8.679
2024-12-02,Molise,Google Ads,2.875
2024-12-02,Piemonte,Google Ads,28.171
2024-12-02,Puglia,Google Ads,22.023
2024-12-02,Sardegna,Google Ads,10.727
2024-12-02,Sicilia,Google Ads,38.834
2024-12-02,Toscana,Google Ads,24.844
2024-12-02,Trentino-Alto Adige,Google Ads,5.462
2024-12-02,Umbria,Google Ads,5.974
2024-12-02,Valle d'Aosta,Google Ads,0.81
2024-12-02,Veneto,Google Ads,21.248
2024-12-09,Abruzzo,Google Ads,4.885
2024-12-09,Basilicata,Google Ads,2.084
2024-12-09,Calabria,Google Ads,9.958
2024-12-09,Campania,Google Ads,37.781
2024-12-09,Emilia-Romagna,Google Ads,32.892
2024-12-09,Friuli-Venezia Giulia,Google Ads,9.899
2024-12-09,Lazio,Google Ads,45.503
2024-12-09,Liguria,Google Ads,11.054
2024-12-09,Lombardia,Google Ads,63.532
2024-12-09,Marche,Google Ads,8.353
2024-12-09,Molise,Google Ads,2.868
2024-12-09,Piemonte,Google Ads,27.366
2024-12-09,Puglia,Google Ads,21.061
2024-12-09,Sardegna,Google Ads,10.766
2024-12-09,Sicilia,Google Ads,42.438
2024-12-09,Toscana,Google Ads,24.9
2024-12-09,Trentino-Alto Adige,Google Ads,4.694
2024-12-09,Umbria,Google Ads,5.857
2024-12-09,Valle d'Aosta,Google Ads,0.743
2024-12-09,Veneto,Google Ads,20.979
2024-12-16,Abruzzo,Google Ads,5.191
2024-12-16,Basilicata,Google Ads,2.201
2024-12-16,Calabria,Google Ads,11.971
2024-12-16,Campania,Google Ads,41.824
2024-12-16,Emilia-Romagna,Google Ads,34.726
2024-12-16,Friuli-Venezia Giulia,Google Ads,10.612
2024-12-16,Lazio,Google Ads,49.664
2024-12-16,Liguria,Google Ads,12.169
2024-12-16,Lombardia,Google Ads,68.017
2024-12-16,Marche,Google Ads,9.425
2024-12-16,Molise,Google Ads,3.352
2024-12-16,Piemonte,Google Ads,30.397
2024-12-16,Puglia,Google Ads,23.979
2024-12-16,Sardegna,Google Ads,11.892
2024-12-16,Sicilia,Google Ads,47.608
2024-12-16,Toscana,Google Ads,28.081
2024-12-16,Trentino-Alto Adige,Google Ads,4.988
2024-12-16,Umbria,Google Ads,6.314
2024-12-16,Valle d'Aosta,Google Ads,0.841
2024-12-16,Veneto,Google Ads,22.297
2024-12-23,Abruzzo,Google Ads,6.755
2024-12-23,Basilicata,Google Ads,3.022
2024-12-23,Calabria,Google Ads,15.253
2024-12-23,Campania,Google Ads,55.403
2024-12-23,Emilia-Romagna,Google Ads,49.159
2024-12-23,Friuli-Venezia Giulia,Google Ads,13.782
2024-12-23,Lazio,Google Ads,70.54
2024-12-23,Liguria,Google Ads,17.235
2024-12-23,Lombardia,Google Ads,89.356
2024-12-23,Marche,Google Ads,12.509
2024-12-23,Molise,Google Ads,4.182
2024-12-23,Piemonte,Google Ads,43.754
2024-12-23,Puglia,Google Ads,31.856
2024-12-23,Sardegna,Google Ads,17.423
2024-12-23,Sicilia,Google Ads,64.997
2024-12-23,Toscana,Google Ads,38.554
2024-12-23,Trentino-Alto Adige,Google Ads,6.834
2024-12-23,Umbria,Google Ads,8.51
2024-12-23,Valle d'Aosta,Google Ads,1.199
2024-12-23,Veneto,Google Ads,30.425
2024-12-30,Abruzzo,Google Ads,5.969
2024-12-30,Basilicata,Google Ads,2.494
2024-12-30,Calabria,Google Ads,14.025
2024-12-30,Campania,Google Ads,47.627
2024-12-30,Emilia-Romagna,Google Ads,47.037
2024-12-30,Friuli-Venezia Giulia,Google Ads,12.105
2024-12-30,Lazio,Google Ads,56.813
2024-12-30,Liguria,Google Ads,13.907
2024-12-30,Lombardia,Google Ads,80.462
2024-12-30,Marche,Google Ads,11.164
2024-12-30,Molise,Google Ads,3.606
2024-12-30,Piemonte,Google Ads,36.845
2024-12-30,Puglia,Google Ads,29.762
2024-12-30,Sardegna,Google Ads,15.348
2024-12-30,Sicilia,Google Ads,55.258
2024-12-30,Toscana,Google Ads,36.119
2024-12-30,Trentino-Alto Adige,Google Ads,5.845
2024-12-30,Umbria,Google Ads,7.268
2024-12-30,Valle d'Aosta,Google Ads,1.02
2024-12-30,Veneto,Google Ads,26.955
2025-01-06,Abruzzo,Google Ads,6.445
2025-01-06,Basilicata,Google Ads,2.666
2025-01-06,Calabria,Google Ads,16.568
2025-01-06,Campania,Google Ads,55.842
2025-01-06,Emilia-Romagna,Google Ads,48.099
2025-01-06,Friuli-Venezia Giulia,Google Ads,13.022
2025-01-06,Lazio,Google Ads,62.445
2025-01-06,Liguria,Google Ads,16.117
2025-01-06,Lombardia,Google Ads,91.597
2025-01-06,Marche,Google Ads,12.273
2025-01-06,Molise,Google Ads,4.263
2025-01-06,Piemonte,Google Ads,38.141
2025-01-06,Puglia,Google Ads,33.012
2025-01-06,Sardegna,Google Ads,16.423
2025-01-06,Sicilia,Google Ads,55.709
2025-01-06,Toscana,Google Ads,38.031
2025-01-06,Trentino-Alto Adige,Google Ads,6.826
2025-01-06,Umbria,Google Ads,7.674
2025-01-06,Valle d'Aosta,Google Ads,1.223
2025-01-06,Veneto,Google Ads,32.349
2025-01-13,Abruzzo,Google Ads,5.71
2025-01-13,Basilicata,Google Ads,2.591
2025-01-13,Calabria,Google Ads,15.681
2025-01-13,Campania,Google Ads,54.535
2025-01-13,Emilia-Romagna,Google Ads,43.325
2025-01-13,Friuli-Venezia Giulia,Google Ads,11.673
2025-01-13,Lazio,Google Ads,59.193
2025-01-13,Liguria,Google Ads,15.647
2025-01-13,Lombardia,Google Ads,80.732
2025-01-13,Marche,Google Ads,11.492
2025-01-13,Molise,Google Ads,4.361
2025-01-13,Piemonte,Google Ads,32.689
2025-01-13,Puglia,Google Ads,29.346
2025-01-13,Sardegna,Google Ads,13.885
2025-01-13,Sicilia,Google Ads,51.072
2025-01-13,Toscana,Google Ads,34.307
2025-01-13,Trentino-Alto Adige,Google Ads,6.395
2025-01-13,Umbria,Google Ads,7.248
2025-01-13,Valle d'Aosta,Google Ads,1.2
2025-01-13,Veneto,Google Ads,30.55
2025-01-20,Abruzzo,Google Ads,4.33
2025-01-20,Basilicata,Google Ads,2.226
2025-01-20,Calabria,Google Ads,12.134
2025-01-20,Campania,Google Ads,43.127
2025-01-20,Emilia-Romagna,Google Ads,34.432
2025-01-20,Friuli-Venezia Giulia,Google Ads,9.62
2025-01-20,Lazio,Google Ads,46.891
2025-01-20,Liguria,Google Ads,12.022
2025-01-20,Lombardia,Google Ads,67.495
2025-01-20,Marche,Google Ads,9.656
2025-01-20,Molise,Google Ads,3.471
2025-01-20,Piemonte,Google Ads,26.275
2025-01-20,Puglia,Google Ads,24.595
2025-01-20,Sardegna,Google Ads,10.996
2025-01-20,Sicilia,Google Ads,43.101
2025-01-20,Toscana,Google Ads,29.023
2025-01-20,Trentino-Alto Adige,Google Ads,5.084
2025-01-20,Umbria,Google Ads,6.375
2025-01-20,Valle d'Aosta,Google Ads,0.909
2025-01-20,Veneto,Google Ads,23.65
2025-01-27,Abruzzo,Google Ads,3.81
2025-01-27,Basilicata,Google Ads,1.886
2025-01-27,Calabria,Google Ads,9.238
2025-01-27,Campania,Google Ads,37.636
2025-01-27,Emilia-Romagna,Google Ads,29.414
2025-01-27,Friuli-Venezia Giulia,Google Ads,8.178
2025-01-27,Lazio,Google Ads,38.705
2025-01-27,Liguria,Google Ads,8.939
2025-01-27,Lombardia,Google Ads,58.269
2025-01-27,Marche,Google Ads,7.399
2025-01-27,Molise,Google Ads,2.673
2025-01-27,Piemonte,Google Ads,22.515
2025-01-27,Puglia,Google Ads,18.732
2025-01-27,Sardegna,Google Ads,9.712
2025-01-27,Sicilia,Google Ads,39.134
2025-01-27,Toscana,Google Ads,21.453
2025-01-27,Trentino-Alto Adige,Google Ads,4.979
2025-01-27,Umbria,Google Ads,6.007
2025-01-27,Valle d'Aosta,Google Ads,0.756
2025-01-27,Veneto,Google Ads,19.046
2025-02-03,Abruzzo,Google Ads,3.976
2025-02-03,Basilicata,Google Ads,1.786
2025-02-03,Calabria,Google Ads,9.144
2025-02-03,Campania,Google Ads,36.022
2025-02-03,Emilia-Romagna,Google Ads,29.374
2025-02-03,Friuli-Venezia Giulia,Google Ads,8.776
2025-02-03,Lazio,Google Ads,36.256
2025-02-03,Liguria,Google Ads,7.577
2025-02-03,Lombardia,Google Ads,53.685
2025-02-03,Marche,Google Ads,6.787
2025-02-03,Molise,Google Ads,2.406
2025-02-03,Piemonte,Google Ads,21.383
2025-02-03,Puglia,Google Ads,17.56
2025-02-03,Sardegna,Google Ads,9.632
2025-02-03,Sicilia,Google Ads,38.367
2025-02-03,Toscana,Google Ads,21.048
2025-02-03,Trentino-Alto Adige,Google Ads,4.592
2025-02-03,Umbria,Google Ads,5.647
2025-02-03,Valle d'Aosta,Google Ads,0.718
2025-02-03,Veneto,Google Ads,18.158
2025-02-10,Abruzzo,Google Ads,5.05
2025-02-10,Basilicata,Google Ads,2.261
2025-02-10,Calabria,Google Ads,11.284
2025-02-10,Campania,Google Ads,49.804
2025-02-10,Emilia-Romagna,Google Ads,37.342
2025-02-10,Friuli-Venezia Giulia,Google Ads,12.228
2025-02-10,Lazio,Google Ads,46.628
2025-02-10,Liguria,Google Ads,10.821
2025-02-10,Lombardia,Google Ads,67.181
2025-02-10,Marche,Google Ads,8.732
2025-02-10,Molise,Google Ads,3.165
2025-02-10,Piemonte,Google Ads,27.664
2025-02-10,Puglia,Google Ads,22.001
2025-02-10,Sardegna,Google Ads,13.385
2025-02-10,Sicilia,Google Ads,54.706
2025-02-10,Toscana,Google Ads,28.568
2025-02-10,Trentino-Alto Adige,Google Ads,6.72
2025-02-10,Umbria,Google Ads,7.065
2025-02-10,Valle d'Aosta,Google Ads,0.951
2025-02-10,Veneto,Google Ads,26.089
2025-02-17,Abruzzo,Google Ads,4.34
2025-02-17,Basilicata,Google Ads,2.278
2025-02-17,Calabria,Google Ads,11.011
2025-02-17,Campania,Google Ads,47.003
2025-02-17,Emilia-Romagna,Google Ads,39.856
2025-02-17,Friuli-Venezia Giulia,Google Ads,11.472
2025-02-17,Lazio,Google Ads,50.686
2025-02-17,Liguria,Google Ads,10.958
2025-02-17,Lombardia,Google Ads,70.099
2025-02-17,Marche,Google Ads,8.725
2025-02-17,Molise,Google Ads,3.141
2025-02-17,Piemonte,Google Ads,28.314
2025-02-17,Puglia,Google Ads,22.012
2025-02-17,Sardegna,Google Ads,12.557
2025-02-17,Sicilia,Google Ads,49.896
2025-02-17,Toscana,Google Ads,25.77
2025-02-17,Trentino-Alto Adige,Google Ads,7.197
2025-02-17,Umbria,Google Ads,6.893
2025-02-17,Valle d'Aosta,Google Ads,0.919
2025-02-17,Veneto,Google Ads,22.518
2025-02-24,Abruzzo,Google Ads,4.317
2025-02-24,Basilicata,Google Ads,2.274
2025-02-24,Calabria,Google Ads,11.977
2025-02-24,Campania,Google Ads,46.342
2025-02-24,Emilia-Romagna,Google Ads,36.938
2025-02-24,Friuli-Venezia Giulia,Google Ads,12.425
2025-02-24,Lazio,Google Ads,50.38
2025-02-24,Liguria,Google Ads,12.316
2025-02-24,Lombardia,Google Ads,72.963
2025-02-24,Marche,Google Ads,10.008
2025-02-24,Molise,Google Ads,3.265
2025-02-24,Piemonte,Google Ads,28.49
2025-02-24,Puglia,Google Ads,23.343
2025-02-24,Sardegna,Google Ads,12.906
2025-02-24,Sicilia,Google Ads,51.087
2025-02-24,Toscana,Google Ads,27.005
2025-02-24,Trentino-Alto Adige,Google Ads,7.123
2025-02-24,Umbria,Google Ads,6.727
2025-02-24,Valle d'Aosta,Google Ads,0.897
2025-02-24,Veneto,Google Ads,20.758
2025-03-03,Abruzzo,Google Ads,4.243
2025-03-03,Basilicata,Google Ads,2.266
2025-03-03,Calabria,Google Ads,11.1
2025-03-03,Campania,Google Ads,43.625
2025-03-03,Emilia-Romagna,Google Ads,36.475
2025-03-03,Friuli-Venezia Giulia,Google Ads,11.152
2025-03-03,Lazio,Google Ads,47.482
2025-03-03,Liguria,Google Ads,12.083
2025-03-03,Lombardia,Google Ads,61.682
2025-03-03,Marche,Google Ads,9.602
2025-03-03,Molise,Google Ads,3.216
2025-03-03,Piemonte,Google Ads,26.087
2025-03-03,Puglia,Google Ads,23.399
2025-03-03,Sardegna,Google Ads,11.691
2025-03-03,Sicilia,Google Ads,45.237
2025-03-03,Toscana,Google Ads,28.3
2025-03-03,Trentino-Alto Adige,Google Ads,7.295
2025-03-03,Umbria,Google Ads,5.896
2025-03-03,Valle d'Aosta,Google Ads,0.784
2025-03-03,Veneto,Google Ads,20.911
2025-03-10,Abruzzo,Google Ads,5.24
2025-03-10,Basilicata,Google Ads,2.467
2025-03-10,Calabria,Google Ads,11.4
2025-03-10,Campania,Google Ads,50.009
2025-03-10,Emilia-Romagna,Google Ads,38.777
2025-03-10,Friuli-Venezia Giulia,Google Ads,12.458
2025-03-10,Lazio,Google Ads,52.741
2025-03-10,Liguria,Google Ads,13.007
2025-03-10,Lombardia,Google Ads,64.399
2025-03-10,Marche,Google Ads,11.843
2025-03-10,Molise,Google Ads,3.613
2025-03-10,Piemonte,Google Ads,29.598
2025-03-10,Puglia,Google Ads,27.036
2025-03-10,Sardegna,Google Ads,13.472
2025-03-10,Sicilia,Google Ads,49.233
2025-03-10,Toscana,Google Ads,32.042
2025-03-10,Trentino-Alto Adige,Google Ads,7.182
2025-03-10,Umbria,Google Ads,6.538
2025-03-10,Valle d'Aosta,Google Ads,0.894
2025-03-10,Veneto,Google Ads,24.768
2025-03-17,Abruzzo,Google Ads,6.042
2025-03-17,Basilicata,Google Ads,2.729
2025-03-17,Calabria,Google Ads,12.482
2025-03-17,Campania,Google Ads,51.264
2025-03-17,Emilia-Romagna,Google Ads,46.139
2025-03-17,Friuli-Venezia Giulia,Google Ads,12.792
2025-03-17,Lazio,Google Ads,61.471
2025-03-17,Liguria,Google Ads,15.078
2025-03-17,Lombardia,Google Ads,71.064
2025-03-17,Marche,Google Ads,12.627
2025-03-17,Molise,Google Ads,3.812
2025-03-17,Piemonte,Google Ads,34.889
2025-03-17,Puglia,Google Ads,28.762
2025-03-17,Sardegna,Google Ads,14.489
2025-03-17,Sicilia,Google Ads,51.516
2025-03-17,Toscana,Google Ads,33.539
2025-03-17,Trentino-Alto Adige,Google Ads,8.093
2025-03-17,Umbria,Google Ads,7.782
2025-03-17,Valle d'Aosta,Google Ads,1.054
2025-03-17,Veneto,Google Ads,26.955
2025-03-24,Abruzzo,Google Ads,5.738
2025-03-24,Basilicata,Google Ads,2.582
2025-03-24,Calabria,Google Ads,12.959
2025-03-24,Campania,Google Ads,49.487
2025-03-24,Emilia-Romagna,Google Ads,41.261
2025-03-24,Friuli-Venezia Giulia,Google Ads,11.917
2025-03-24,Lazio,Google Ads,58.108
2025-03-24,Liguria,Google Ads,14.222
2025-03-24,Lombardia,Google Ads,76.701
2025-03-24,Marche,Google Ads,11.434
2025-03-24,Molise,Google Ads,3.747
2025-03-24,Piemonte,Google Ads,32.721
2025-03-24,Puglia,Google Ads,26.044
2025-03-24,Sardegna,Google Ads,14.554
2025-03-24,Sicilia,Google Ads,49.854
2025-03-24,Toscana,Google Ads,31.631
2025-03-24,Trentino-Alto Adige,Google Ads,6.347
2025-03-24,Umbria,Google Ads,7.855
2025-03-24,Valle d'Aosta,Google Ads,1.009
2025-03-24,Veneto,Google Ads,24.597
2025-03-31,Abruzzo,Google Ads,5.095
2025-03-31,Basilicata,Google Ads,2.628
2025-03-31,Calabria,Google Ads,12.528
2025-03-31,Campania,Google Ads,46.316
2025-03-31,Emilia-Romagna,Google Ads,40.924
2025-03-31,Friuli-Venezia Giulia,Google Ads,11.914
2025-03-31,Lazio,Google Ads,60.076
2025-03-31,Liguria,Google Ads,14.633
2025-03-31,Lombardia,Google Ads,73.827
2025-03-31,Marche,Google Ads,11.571
2025-03-31,Molise,Google Ads,3.942
2025-03-31,Piemonte,Google Ads,31.706
2025-03-31,Puglia,Google Ads,25.451
2025-03-31,Sardegna,Google Ads,12.666
2025-03-31,Sicilia,Google Ads,49.887
2025-03-31,Toscana,Google Ads,29.054
2025-03-31,Trentino-Alto Adige,Google Ads,6.076
2025-03-31,Umbria,Google Ads,7.582
2025-03-31,Valle d'Aosta,Google Ads,0.951
2025-03-31,Veneto,Google Ads,25.12
2025-04-07,Abruzzo,Google Ads,4.157
2025-04-07,Basilicata,Google Ads,2.329
2025-04-07,Calabria,Google Ads,10.999
2025-04-07,Campania,Google Ads,40.992
2025-04-07,Emilia-Romagna,Google Ads,36.591
2025-04-07,Friuli-Venezia Giulia,Google Ads,10.218
2025-04-07,Lazio,Google Ads,53.688
2025-04-07,Liguria,Google Ads,12.497
2025-04-07,Lombardia,Google Ads,66.513
2025-04-07,Marche,Google Ads,9.712
2025-04-07,Molise,Google Ads,3.571
2025-04-07,Piemonte,Google Ads,29.153
2025-04-07,Puglia,Google Ads,24.26
2025-04-07,Sardegna,Google Ads,11.275
2025-04-07,Sicilia,Google Ads,46.429
2025-04-07,Toscana,Google Ads,27.188
2025-04-07,Trentino-Alto Adige,Google Ads,5.118
2025-04-07,Umbria,Google Ads,6.569
2025-04-07,Valle d'Aosta,Google Ads,0.86
2025-04-07,Veneto,Google Ads,22.959
2025-04-14,Abruzzo,Google Ads,4.732
2025-04-14,Basilicata,Google Ads,2.377
2025-04-14,Calabria,Google Ads,11.259
2025-04-14,Campania,Google Ads,42.267
2025-04-14,Emilia-Romagna,Google Ads,35.782
2025-04-14,Friuli-Venezia Giulia,Google Ads,10.523
2025-04-14,Lazio,Google Ads,52.87
2025-04-14,Liguria,Google Ads,12.636
2025-04-14,Lombardia,Google Ads,67.244
2025-04-14,Marche,Google Ads,10.225
2025-04-14,Molise,Google Ads,3.733
2025-04-14,Piemonte,Google Ads,30.975
2025-04-14,Puglia,Google Ads,25.881
2025-04-14,Sardegna,Google Ads,12.751
2025-04-14,Sicilia,Google Ads,45.729
2025-04-14,Toscana,Google Ads,30.929
2025-04-14,Trentino-Alto Adige,Google Ads,4.893
2025-04-14,Umbria,Google Ads,6.911
2025-04-14,Valle d'Aosta,Google Ads,0.921
2025-04-14,Veneto,Google Ads,23.742
2025-04-21,Abruzzo,Google Ads,4.408
2025-04-21,Basilicata,Google Ads,2.35
2025-04-21,Calabria,Google Ads,11.157
2025-04-21,Campania,Google Ads,45.941
2025-04-21,Emilia-Romagna,Google Ads,36.934
2025-04-21,Friuli-Venezia Giulia,Google Ads,10.154
2025-04-21,Lazio,Google Ads,53.429
2025-04-21,Liguria,Google Ads,12.088
2025-04-21,Lombardia,Google Ads,69.962
2025-04-21,Marche,Google Ads,9.711
2025-04-21,Molise,Google Ads,3.647
2025-04-21,Piemonte,Google Ads,31.476
2025-04-21,Puglia,Google Ads,25.12
2025-04-21,Sardegna,Google Ads,13.045
2025-04-21,Sicilia,Google Ads,43.688
2025-04-21,Toscana,Google Ads,28.253
2025-04-21,Trentino-Alto Adige,Google Ads,5.815
2025-04-21,Umbria,Google Ads,7.052
2025-04-21,Valle d'Aosta,Google Ads,0.964
2025-04-21,Veneto,Google Ads,22.576
2025-04-28,Abruzzo,Google Ads,3.776
2025-04-28,Basilicata,Google Ads,1.984
2025-04-28,Calabria,Google Ads,9.235
2025-04-28,Campania,Google Ads,42.111
2025-04-28,Emilia-Romagna,Google Ads,32.414
2025-04-28,Friuli-Venezia Giulia,Google Ads,8.991
2025-04-28,Lazio,Google Ads,43.967
2025-04-28,Liguria,Google Ads,9.766
2025-04-28,Lombardia,Google Ads,54.555
2025-04-28,Marche,Google Ads,8.773
2025-04-28,Molise,Google Ads,3.171
2025-04-28,Piemonte,Google Ads,26.648
2025-04-28,Puglia,Google Ads,21.358
2025-04-28,Sardegna,Google Ads,10.389
2025-04-28,Sicilia,Google Ads,35.628
2025-04-28,Toscana,Google Ads,22.113
2025-04-28,Trentino-Alto Adige,Google Ads,4.926
2025-04-28,Umbria,Google Ads,6.057
2025-04-28,Valle d'Aosta,Google Ads,0.798
2025-04-28,Veneto,Google Ads,18.186
2025-05-05,Abruzzo,Google Ads,2.896
2025-05-05,Basilicata,Google Ads,1.557
2025-05-05,Calabria,Google Ads,7.375
2025-05-05,Campania,Google Ads,34.481
2025-05-05,Emilia-Romagna,Google Ads,28.314
2025-05-05,Friuli-Venezia Giulia,Google Ads,7.301
2025-05-05,Lazio,Google Ads,36.497
2025-05-05,Liguria,Google Ads,8.381
2025-05-05,Lombardia,Google Ads,50.019
2025-05-05,Marche,Google Ads,7.632
2025-05-05,Molise,Google Ads,2.361
2025-05-05,Piemonte,Google Ads,21.294
2025-05-05,Puglia,Google Ads,17.255
2025-05-05,Sardegna,Google Ads,7.801
2025-05-05,Sicilia,Google Ads,32.075
2025-05-05,Toscana,Google Ads,18.921
2025-05-05,Trentino-Alto Adige,Google Ads,3.686
2025-05-05,Umbria,Google Ads,4.731
2025-05-05,Valle d'Aosta,Google Ads,0.652
2025-05-05,Veneto,Google Ads,15.11
2025-05-12,Abruzzo,Google Ads,3.291
2025-05-12,Basilicata,Google Ads,1.652
2025-05-12,Calabria,Google Ads,8.094
2025-05-12,Campania,Google Ads,33.873
2025-05-12,Emilia-Romagna,Google Ads,31.07
2025-05-12,Friuli-Venezia Giulia,Google Ads,8.25
2025-05-12,Lazio,Google Ads,37.268
2025-05-12,Liguria,Google Ads,9.31
2025-05-12,Lombardia,Google Ads,53.465
2025-05-12,Marche,Google Ads,8.412
2025-05-12,Molise,Google Ads,2.777
2025-05-12,Piemonte,Google Ads,22.195
2025-05-12,Puglia,Google Ads,18.313
2025-05-12,Sardegna,Google Ads,8.814
2025-05-12,Sicilia,Google Ads,34.211
2025-05-12,Toscana,Google Ads,22.095
2025-05-12,Trentino-Alto Adige,Google Ads,4.53
2025-05-12,Umbria,Google Ads,5.098
2025-05-12,Valle d'Aosta,Google Ads,0.71
2025-05-12,Veneto,Google Ads,17.322
2025-05-19,Abruzzo,Google Ads,4.768
2025-05-19,Basilicata,Google Ads,2.252
2025-05-19,Calabria,Google Ads,10.824
2025-05-19,Campania,Google Ads,46.402
2025-05-19,Emilia-Romagna,Google Ads,39.807
2025-05-19,Friuli-Venezia Giulia,Google Ads,11.82
2025-05-19,Lazio,Google Ads,48.179
2025-05-19,Liguria,Google Ads,13.037
2025-05-19,Lombardia,Google Ads,69.533
2025-05-19,Marche,Google Ads,10.666
2025-05-19,Molise,Google Ads,3.621
2025-05-19,Piemonte,Google Ads,31.279
2025-05-19,Puglia,Google Ads,24.014
2025-05-19,Sardegna,Google Ads,12.143
2025-05-19,Sicilia,Google Ads,45.784
2025-05-19,Toscana,Google Ads,28.422
2025-05-19,Trentino-Alto Adige,Google Ads,5.566
2025-05-19,Umbria,Google Ads,7.443
2025-05-19,Valle d'Aosta,Google Ads,0.957
2025-05-19,Veneto,Google Ads,23.244
2025-05-26,Abruzzo,Google Ads,5.276
2025-05-26,Basilicata,Google Ads,2.626
2025-05-26,Calabria,Google Ads,13.734
2025-05-26,Campania,Google Ads,49.915
2025-05-26,Emilia-Romagna,Google Ads,44.182
2025-05-26,Friuli-Venezia Giulia,Google Ads,13.7
2025-05-26,Lazio,Google Ads,53.663
2025-05-26,Liguria,Google Ads,14.611
2025-05-26,Lombardia,Google Ads,75.914
2025-05-26,Marche,Google Ads,11.314
2025-05-26,Molise,Google Ads,3.975
2025-05-26,Piemonte,Google Ads,34.366
2025-05-26,Puglia,Google Ads,25.737
2025-05-26,Sardegna,Google Ads,14.128
2025-05-26,Sicilia,Google Ads,53.129
2025-05-26,Toscana,Google Ads,30.711
2025-05-26,Trentino-Alto Adige,Google Ads,6.32
2025-05-26,Umbria,Google Ads,7.528
2025-05-26,Valle d'Aosta,Google Ads,1.074
2025-05-26,Veneto,Google Ads,25.1
2025-06-02,Abruzzo,Google Ads,5.399
2025-06-02,Basilicata,Google Ads,2.359
2025-06-02,Calabria,Google Ads,13.201
2025-06-02,Campania,Google Ads,46.666
2025-06-02,Emilia-Romagna,Google Ads,44.575
2025-06-02,Friuli-Venezia Giulia,Google Ads,12.977
2025-06-02,Lazio,Google Ads,49.473
2025-06-02,Liguria,Google Ads,13.669
2025-06-02,Lombardia,Google Ads,72.688
2025-06-02,Marche,Google Ads,10.705
2025-06-02,Molise,Google Ads,3.666
2025-06-02,Piemonte,Google Ads,31.285
2025-06-02,Puglia,Google Ads,25.736
2025-06-02,Sardegna,Google Ads,13.711
2025-06-02,Sicilia,Google Ads,51.545
2025-06-02,Toscana,Google Ads,27.922
2025-06-02,Trentino-Alto Adige,Google Ads,6.067
2025-06-02,Umbria,Google Ads,7.011
2025-06-02,Valle d'Aosta,Google Ads,1.083
2025-06-02,Veneto,Google Ads,24.144
2025-06-09,Abruzzo,Google Ads,4.931
2025-06-09,Basilicata,Google Ads,2.347
2025-06-09,Calabria,Google Ads,14.478
2025-06-09,Campania,Google Ads,45.442
2025-06-09,Emilia-Romagna,Google Ads,50.05
2025-06-09,Friuli-Venezia Giulia,Google Ads,12.086
2025-06-09,Lazio,Google Ads,50.865
2025-06-09,Liguria,Google Ads,12.635
2025-06-09,Lombardia,Google Ads,67.858
2025-06-09,Marche,Google Ads,10.961
2025-06-09,Molise,Google Ads,3.54
2025-06-09,Piemonte,Google Ads,30.614
2025-06-09,Puglia,Google Ads,31.439
2025-06-09,Sardegna,Google Ads,16.46
2025-06-09,Sicilia,Google Ads,63.716
2025-06-09,Toscana,Google Ads,26.732
2025-06-09,Trentino-Alto Adige,Google Ads,6.696
2025-06-09,Umbria,Google Ads,6.867
2025-06-09,Valle d'Aosta,Google Ads,1.031
2025-06-09,Veneto,Google Ads,22.556
2025-06-16,Abruzzo,Google Ads,5.241
2025-06-16,Basilicata,Google Ads,2.569
2025-06-16,Calabria,Google Ads,15.707
2025-06-16,Campania,Google Ads,50.554
2025-06-16,Emilia-Romagna,Google Ads,54.491
2025-06-16,Friuli-Venezia Giulia,Google Ads,13.901
2025-06-16,Lazio,Google Ads,54.311
2025-06-16,Liguria,Google Ads,14.044
2025-06-16,Lombardia,Google Ads,68.509
2025-06-16,Marche,Google Ads,10.451
2025-06-16,Molise,Google Ads,3.506
2025-06-16,Piemonte,Google Ads,31.169
2025-06-16,Puglia,Google Ads,31.948
2025-06-16,Sardegna,Google Ads,18.662
2025-06-16,Sicilia,Google Ads,68.411
2025-06-16,Toscana,Google Ads,27.775
2025-06-16,Trentino-Alto Adige,Google Ads,7.716
2025-06-16,Umbria,Google Ads,6.955
2025-06-16,Valle d'Aosta,Google Ads,1.082
2025-06-16,Veneto,Google Ads,23.824
2025-06-23,Abruzzo,Google Ads,5.011
2025-06-23,Basilicata,Google Ads,2.588
2025-06-23,Calabria,Google Ads,15.531
2025-06-23,Campania,Google Ads,49.919
2025-06-23,Emilia-Romagna,Google Ads,52.225
2025-06-23,Friuli-Venezia Giulia,Google Ads,12.439
2025-06-23,Lazio,Google Ads,57.067
2025-06-23,Liguria,Google Ads,13.234
2025-06-23,Lombardia,Google Ads,69.57
2025-06-23,Marche,Google Ads,9.699
2025-06-23,Molise,Google Ads,3.449
2025-06-23,Piemonte,Google Ads,30.529
2025-06-23,Puglia,Google Ads,30.792
2025-06-23,Sardegna,Google Ads,18.316
2025-06-23,Sicilia,Google Ads,63.636
2025-06-23,Toscana,Google Ads,28.269
2025-06-23,Trentino-Alto Adige,Google Ads,7.646
2025-06-23,Umbria,Google Ads,6.874
2025-06-23,Valle d'Aosta,Google Ads,0.993
2025-06-23,Veneto,Google Ads,23.347
2025-06-30,Abruzzo,Google Ads,4.782
2025-06-30,Basilicata,Google Ads,2.702
2025-06-30,Calabria,Google Ads,15.001
2025-06-30,Campania,Google Ads,50.857
2025-06-30,Emilia-Romagna,Google Ads,52.025
2025-06-30,Friuli-Venezia Giulia,Google Ads,11.783
2025-06-30,Lazio,Google Ads,56.417
2025-06-30,Liguria,Google Ads,12.834
2025-06-30,Lombardia,Google Ads,66.012
2025-06-30,Marche,Google Ads,9.39
2025-06-30,Molise,Google Ads,3.316
2025-06-30,Piemonte,Google Ads,30.519
2025-06-30,Puglia,Google Ads,29.401
2025-06-30,Sardegna,Google Ads,17.705
2025-06-30,Sicilia,Google Ads,64.988
2025-06-30,Toscana,Google Ads,29.965
2025-06-30,Trentino-Alto Adige,Google Ads,7.524
2025-06-30,Umbria,Google Ads,6.743
2025-06-30,Valle d'Aosta,Google Ads,0.987
2025-06-30,Veneto,Google Ads,25.266
2025-07-07,Abruzzo,Google Ads,5.651
2025-07-07,Basilicata,Google Ads,3.108
2025-07-07,Calabria,Google Ads,18.038
2025-07-07,Campania,Google Ads,57.935
2025-07-07,Emilia-Romagna,Google Ads,63.28
2025-07-07,Friuli-Venezia Giulia,Google Ads,13.385
2025-07-07,Lazio,Google Ads,59.935
2025-07-07,Liguria,Google Ads,14.006
2025-07-07,Lombardia,Google Ads,75.94
2025-07-07,Marche,Google Ads,10.651
2025-07-07,Molise,Google Ads,3.711
2025-07-07,Piemonte,Google Ads,33.339
2025-07-07,Puglia,Google Ads,35.68
2025-07-07,Sardegna,Google Ads,19.408
2025-07-07,Sicilia,Google Ads,70.079
2025-07-07,Toscana,Google Ads,35.738
2025-07-07,Trentino-Alto Adige,Google Ads,9.369
2025-07-07,Umbria,Google Ads,7.735
2025-07-07,Valle d'Aosta,Google Ads,1.155
2025-07-07,Veneto,Google Ads,27.662
2025-07-14,Abruzzo,Google Ads,5.621
2025-07-14,Basilicata,Google Ads,2.983
2025-07-14,Calabria,Google Ads,16.505
2025-07-14,Campania,Google Ads,53.161
2025-07-14,Emilia-Romagna,Google Ads,57.511
2025-07-14,Friuli-Venezia Giulia,Google Ads,12.828
2025-07-14,Lazio,Google Ads,53.937
2025-07-14,Liguria,Google Ads,13.686
2025-07-14,Lombardia,Google Ads,70.619
2025-07-14,Marche,Google Ads,10.423
2025-07-14,Molise,Google Ads,3.515
2025-07-14,Piemonte,Google Ads,33.041
2025-07-14,Puglia,Google Ads,36.874
2025-07-14,Sardegna,Google Ads,19.878
2025-07-14,Sicilia,Google Ads,74.438
2025-07-14,Toscana,Google Ads,34.437
2025-07-14,Trentino-Alto Adige,Google Ads,9.059
2025-07-14,Umbria,Google Ads,8.084
2025-07-14,Valle d'Aosta,Google Ads,1.057
2025-07-14,Veneto,Google Ads,28.671
2025-07-21,Abruzzo,Google Ads,6.705
2025-07-21,Basilicata,Google Ads,3.18
2025-07-21,Calabria,Google Ads,18.492
2025-07-21,Campania,Google Ads,57.654
2025-07-21,Emilia-Romagna,Google Ads,61.912
2025-07-21,Friuli-Venezia Giulia,Google Ads,14.636
2025-07-21,Lazio,Google Ads,62.146
2025-07-21,Liguria,Google Ads,15.534
2025-07-21,Lombardia,Google Ads,78.046
2025-07-21,Marche,Google Ads,11.939
2025-07-21,Molise,Google Ads,3.774
2025-07-21,Piemonte,Google Ads,37.049
2025-07-21,Puglia,Google Ads,39.577
2025-07-21,Sardegna,Google Ads,21.488
2025-07-21,Sicilia,Google Ads,81.154
2025-07-21,Toscana,Google Ads,39.269
2025-07-21,Trentino-Alto Adige,Google Ads,9.698
2025-07-21,Umbria,Google Ads,8.702
2025-07-21,Valle d'Aosta,Google Ads,1.195
2025-07-21,Veneto,Google Ads,35.519
2025-07-28,Abruzzo,Google Ads,6.323
2025-07-28,Basilicata,Google Ads,3.057
2025-07-28,Calabria,Google Ads,16.771
2025-07-28,Campania,Google Ads,55.138
2025-07-28,Emilia-Romagna,Google Ads,68.204
2025-07-28,Friuli-Venezia Giulia,Google Ads,14.328
2025-07-28,Lazio,Google Ads,62.25
2025-07-28,Liguria,Google Ads,15.069
2025-07-28,Lombardia,Google Ads,80.506
2025-07-28,Marche,Google Ads,10.795
2025-07-28,Molise,Google Ads,3.596
2025-07-28,Piemonte,Google Ads,35.464
2025-07-28,Puglia,Google Ads,38.014
2025-07-28,Sardegna,Google Ads,20.407
2025-07-28,Sicilia,Google Ads,75.403
2025-07-28,Toscana,Google Ads,35.829
2025-07-28,Trentino-Alto Adige,Google Ads,9.442
2025-07-28,Umbria,Google Ads,8.554
2025-07-28,Valle d'Aosta,Google Ads,1.199
2025-07-28,Veneto,Google Ads,33.512
2025-08-04,Abruzzo,Google Ads,4.689
2025-08-04,Basilicata,Google Ads,2.313
2025-08-04,Calabria,Google Ads,13.455
2025-08-04,Campania,Google Ads,42.735
2025-08-04,Emilia-Romagna,Google Ads,57.651
2025-08-04,Friuli-Venezia Giulia,Google Ads,10.855
2025-08-04,Lazio,Google Ads,48.291
2025-08-04,Liguria,Google Ads,11.53
2025-08-04,Lombardia,Google Ads,69.276
2025-08-04,Marche,Google Ads,8.754
2025-08-04,Molise,Google Ads,2.877
2025-08-04,Piemonte,Google Ads,27.48
2025-08-04,Puglia,Google Ads,31.35
2025-08-04,Sardegna,Google Ads,15.691
2025-08-04,Sicilia,Google Ads,66.534
2025-08-04,Toscana,Google Ads,26.741
2025-08-04,Trentino-Alto Adige,Google Ads,7.597
2025-08-04,Umbria,Google Ads,6.432
2025-08-04,Valle d'Aosta,Google Ads,0.972
2025-08-04,Veneto,Google Ads,23.412
2025-08-11,Abruzzo,Google Ads,3.839
2025-08-11,Basilicata,Google Ads,2.18
2025-08-11,Calabria,Google Ads,11.203
2025-08-11,Campania,Google Ads,38.89
2025-08-11,Emilia-Romagna,Google Ads,43.247
2025-08-11,Friuli-Venezia Giulia,Google Ads,10.233
2025-08-11,Lazio,Google Ads,45.661
2025-08-11,Liguria,Google Ads,10.535
2025-08-11,Lombardia,Google Ads,64.884
2025-08-11,Marche,Google Ads,7.522
2025-08-11,Molise,Google Ads,2.754
2025-08-11,Piemonte,Google Ads,24.514
2025-08-11,Puglia,Google Ads,23.875
2025-08-11,Sardegna,Google Ads,11.034
2025-08-11,Sicilia,Google Ads,52.035
2025-08-11,Toscana,Google Ads,26.633
2025-08-11,Trentino-Alto Adige,Google Ads,5.42
2025-08-11,Umbria,Google Ads,5.962
2025-08-11,Valle d'Aosta,Google Ads,0.879
2025-08-11,Veneto,Google Ads,20.084
2025-08-18,Abruzzo,Google Ads,5.507
2025-08-18,Basilicata,Google Ads,3.058
2025-08-18,Calabria,Google Ads,15.24
2025-08-18,Campania,Google Ads,52.702
2025-08-18,Emilia-Romagna,Google Ads,56.131
2025-08-18,Friuli-Venezia Giulia,Google Ads,15.343
2025-08-18,Lazio,Google Ads,67.172
2025-08-18,Liguria,Google Ads,14.327
2025-08-18,Lombardia,Google Ads,83.642
2025-08-18,Marche,Google Ads,10.503
2025-08-18,Molise,Google Ads,3.907
2025-08-18,Piemonte,Google Ads,37.099
2025-08-18,Puglia,Google Ads,33.851
2025-08-18,Sardegna,Google Ads,13.755
2025-08-18,Sicilia,Google Ads,64.384
2025-08-18,Toscana,Google Ads,37.577
2025-08-18,Trentino-Alto Adige,Google Ads,7.446
2025-08-18,Umbria,Google Ads,7.922
2025-08-18,Valle d'Aosta,Google Ads,1.301
2025-08-18,Veneto,Google Ads,27.229
2025-08-25,Abruzzo,Google Ads,6.951
2025-08-25,Basilicata,Google Ads,3.816
2025-08-25,Calabria,Google Ads,18.285
2025-08-25,Campania,Google Ads,70.021
2025-08-25,Emilia-Romagna,Google Ads,65.534
2025-08-25,Friuli-Venezia Giulia,Google Ads,17.44
2025-08-25,Lazio,Google Ads,83.583
2025-08-25,Liguria,Google Ads,21.198
2025-08-25,Lombardia,Google Ads,108.555
2025-08-25,Marche,Google Ads,15.173
2025-08-25,Molise,Google Ads,4.801
2025-08-25,Piemonte,Google Ads,44.779
2025-08-25,Puglia,Google Ads,39.05
2025-08-25,Sardegna,Google Ads,17.426
2025-08-25,Sicilia,Google Ads,78.168
2025-08-25,Toscana,Google Ads,49.1
2025-08-25,Trentino-Alto Adige,Google Ads,8.722
2025-08-25,Umbria,Google Ads,9.596
2025-08-25,Valle d'Aosta,Google Ads,1.5
2025-08-25,Veneto,Google Ads,36.158
2025-09-01,Abruzzo,Google Ads,6.757
2025-09-01,Basilicata,Google Ads,3.571
2025-09-01,Calabria,Google Ads,17.326
2025-09-01,Campania,Google Ads,62.082
2025-09-01,Emilia-Romagna,Google Ads,65.23
2025-09-01,Friuli-Venezia Giulia,Google Ads,16.31
2025-09-01,Lazio,Google Ads,76.676
2025-09-01,Liguria,Google Ads,21.512
2025-09-01,Lombardia,Google Ads,101.314
2025-09-01,Marche,Google Ads,14.973
2025-09-01,Molise,Google Ads,4.715
2025-09-01,Piemonte,Google Ads,44.037
2025-09-01,Puglia,Google Ads,38.018
2025-09-01,Sardegna,Google Ads,16.767
2025-09-01,Sicilia,Google Ads,67.315
2025-09-01,Toscana,Google Ads,48.012
2025-09-01,Trentino-Alto Adige,Google Ads,7.726
2025-09-01,Umbria,Google Ads,9.137
2025-09-01,Valle d'Aosta,Google Ads,1.434
2025-09-01,Veneto,Google Ads,34.595
2025-09-08,Abruzzo,Google Ads,5.534
2025-09-08,Basilicata,Google Ads,3.023
2025-09-08,Calabria,Google Ads,14.159
2025-09-08,Campania,Google Ads,55.594
2025-09-08,Emilia-Romagna,Google Ads,59.739
2025-09-08,Friuli-Venezia Giulia,Google Ads,13.895
2025-09-08,Lazio,Google Ads,67.43
2025-09-08,Liguria,Google Ads,17.726
2025-09-08,Lombardia,Google Ads,94.381
2025-09-08,Marche,Google Ads,12.853
2025-09-08,Molise,Google Ads,4.308
2025-09-08,Piemonte,Google Ads,39.78
2025-09-08,Puglia,Google Ads,33.381
2025-09-08,Sardegna,Google Ads,15.022
2025-09-08,Sicilia,Google Ads,62.654
2025-09-08,Toscana,Google Ads,41.549
2025-09-08,Trentino-Alto Adige,Google Ads,6.799
2025-09-08,Umbria,Google Ads,8.297
2025-09-08,Valle d'Aosta,Google Ads,1.185
2025-09-08,Veneto,Google Ads,29.536
2025-09-15,Abruzzo,Google Ads,6.382
2025-09-15,Basilicata,Google Ads,3.386
2025-09-15,Calabria,Google Ads,15.726
2025-09-15,Campania,Google Ads,62.11
2025-09-15,Emilia-Romagna,Google Ads,61.296
2025-09-15,Friuli-Venezia Giulia,Google Ads,15.472
2025-09-15,Lazio,Google Ads,73.401
2025-09-15,Liguria,Google Ads,20.629
2025-09-15,Lombardia,Google Ads,103.637
2025-09-15,Marche,Google Ads,14.398
2025-09-15,Molise,Google Ads,4.637
2025-09-15,Piemonte,Google Ads,48.06
2025-09-15,Puglia,Google Ads,39.152
2025-09-15,Sardegna,Google Ads,16.94
2025-09-15,Sicilia,Google Ads,77.486
2025-09-15,Toscana,Google Ads,43.183
2025-09-15,Trentino-Alto Adige,Google Ads,7.473
2025-09-15,Umbria,Google Ads,9.189
2025-09-15,Valle d'Aosta,Google Ads,1.325
2025-09-15,Veneto,Google Ads,32.277
2025-09-22,Abruzzo,Google Ads,5.93
2025-09-22,Basilicata,Google Ads,2.88
2025-09-22,Calabria,Google Ads,14.282
2025-09-22,Campania,Google Ads,51.366
2025-09-22,Emilia-Romagna,Google Ads,53.718
2025-09-22,Friuli-Venezia Giulia,Google Ads,12.814
2025-09-22,Lazio,Google Ads,66.777
2025-09-22,Liguria,Google Ads,17.506
2025-09-22,Lombardia,Google Ads,87.27
2025-09-22,Marche,Google Ads,12.238
2025-09-22,Molise,Google Ads,4.351
2025-09-22,Piemonte,Google Ads,40.824
2025-09-22,Puglia,Google Ads,32.398
2025-09-22,Sardegna,Google Ads,15.128
2025-09-22,Sicilia,Google Ads,63.768
2025-09-22,Toscana,Google Ads,34.811
2025-09-22,Trentino-Alto Adige,Google Ads,6.367
2025-09-22,Umbria,Google Ads,7.785
2025-09-22,Valle d'Aosta,Google Ads,1.084
2025-09-22,Veneto,Google Ads,28.626
2025-09-29,Abruzzo,Google Ads,5.026
2025-09-29,Basilicata,Google Ads,2.168
2025-09-29,Calabria,Google Ads,11.304
2025-09-29,Campania,Google Ads,40.258
2025-09-29,Emilia-Romagna,Google Ads,53.603
2025-09-29,Friuli-Venezia Giulia,Google Ads,10.177
2025-09-29,Lazio,Google Ads,51.246
2025-09-29,Liguria,Google Ads,13.185
2025-09-29,Lombardia,Google Ads,87.852
2025-09-29,Marche,Google Ads,9.481
2025-09-29,Molise,Google Ads,3.382
2025-09-29,Piemonte,Google Ads,35.565
2025-09-29,Puglia,Google Ads,26.288
2025-09-29,Sardegna,Google Ads,12.685
2025-09-29,Sicilia,Google Ads,47.245
2025-09-29,Toscana,Google Ads,27.107
2025-09-29,Trentino-Alto Adige,Google Ads,5.168
2025-09-29,Umbria,Google Ads,6.479
2025-09-29,Valle d'Aosta,Google Ads,0.83
2025-09-29,Veneto,Google Ads,31.099
2025-10-06,Abruzzo,Google Ads,5.324
2025-10-06,Basilicata,Google Ads,2.333
2025-10-06,Calabria,Google Ads,11.558
2025-10-06,Campania,Google Ads,44.292
2025-10-06,Emilia-Romagna,Google Ads,59.341
2025-10-06,Friuli-Venezia Giulia,Google Ads,10.777
2025-10-06,Lazio,Google Ads,51.417
2025-10-06,Liguria,Google Ads,14.303
2025-10-06,Lombardia,Google Ads,97.679
2025-10-06,Marche,Google Ads,11.044
2025-10-06,Molise,Google Ads,3.541
2025-10-06,Piemonte,Google Ads,38.266
2025-10-06,Puglia,Google Ads,27.45
2025-10-06,Sardegna,Google Ads,13.647
2025-10-06,Sicilia,Google Ads,50.603
2025-10-06,Toscana,Google Ads,29.668
2025-10-06,Trentino-Alto Adige,Google Ads,6.069
2025-10-06,Umbria,Google Ads,7.224
2025-10-06,Valle d'Aosta,Google Ads,0.925
2025-10-06,Veneto,Google Ads,33.597
2025-10-13,Abruzzo,Google Ads,4.979
2025-10-13,Basilicata,Google Ads,2.306
2025-10-13,Calabria,Google Ads,10.778
2025-10-13,Campania,Google Ads,44.169
2025-10-13,Emilia-Romagna,Google Ads,58.242
2025-10-13,Friuli-Venezia Giulia,Google Ads,10.296
2025-10-13,Lazio,Google Ads,50.69
2025-10-13,Liguria,Google Ads,12.655
2025-10-13,Lombardia,Google Ads,93.38
2025-10-13,Marche,Google Ads,10.275
2025-10-13,Molise,Google Ads,3.213
2025-10-13,Piemonte,Google Ads,36.886
2025-10-13,Puglia,Google Ads,27.293
2025-10-13,Sardegna,Google Ads,12.996
2025-10-13,Sicilia,Google Ads,48.369
2025-10-13,Toscana,Google Ads,29.805
2025-10-13,Trentino-Alto Adige,Google Ads,5.774
2025-10-13,Umbria,Google Ads,6.545
2025-10-13,Valle d'Aosta,Google Ads,0.832
2025-10-13,Veneto,Google Ads,32.407
2025-10-20,Abruzzo,Google Ads,4.766
2025-10-20,Basilicata,Google Ads,2.192
2025-10-20,Calabria,Google Ads,11.03
2025-10-20,Campania,Google Ads,41.893
2025-10-20,Emilia-Romagna,Google Ads,55.586
2025-10-20,Friuli-Venezia Giulia,Google Ads,9.601
2025-10-20,Lazio,Google Ads,50.991
2025-10-20,Liguria,Google Ads,11.549
2025-10-20,Lombardia,Google Ads,92.812
2025-10-20,Marche,Google Ads,10.403
2025-10-20,Molise,Google Ads,3.07
2025-10-20,Piemonte,Google Ads,35.633
2025-10-20,Puglia,Google Ads,26.386
2025-10-20,Sardegna,Google Ads,12.038
2025-10-20,Sicilia,Google Ads,46.998
2025-10-20,Toscana,Google Ads,28.569
2025-10-20,Trentino-Alto Adige,Google Ads,5.959
2025-10-20,Umbria,Google Ads,6.034
2025-10-20,Valle d'Aosta,Google Ads,0.889
2025-10-20,Veneto,Google Ads,30.337
2025-10-27,Abruzzo,Google Ads,4.765
2025-10-27,Basilicata,Google Ads,2.091
2025-10-27,Calabria,Google Ads,10.356
2025-10-27,Campania,Google Ads,41.338
2025-10-27,Emilia-Romagna,Google Ads,53.388
2025-10-27,Friuli-Venezia Giulia,Google Ads,10.499
2025-10-27,Lazio,Google Ads,48.513
2025-10-27,Liguria,Google Ads,11.682
2025-10-27,Lombardia,Google Ads,88.55
2025-10-27,Marche,Google Ads,9.703
2025-10-27,Molise,Google Ads,3.063
2025-10-27,Piemonte,Google Ads,35.507
2025-10-27,Puglia,Google Ads,26.382
2025-10-27,Sardegna,Google Ads,11.834
2025-10-27,Sicilia,Google Ads,45.542
2025-10-27,Toscana,Google Ads,26.522
2025-10-27,Trentino-Alto Adige,Google Ads,5.744
2025-10-27,Umbria,Google Ads,6.127
2025-10-27,Valle d'Aosta,Google Ads,0.866
2025-10-27,Veneto,Google Ads,31.925
2025-11-03,Abruzzo,Google Ads,4.589
2025-11-03,Basilicata,Google Ads,2.039
2025-11-03,Calabria,Google Ads,10.014
2025-11-03,Campania,Google Ads,42.206
2025-11-03,Emilia-Romagna,Google Ads,47.821
2025-11-03,Friuli-Venezia Giulia,Google Ads,10.226
2025-11-03,Lazio,Google Ads,47.155
2025-11-03,Liguria,Google Ads,10.953
2025-11-03,Lombardia,Google Ads,87.405
2025-11-03,Marche,Google Ads,8.925
2025-11-03,Molise,Google Ads,3.369
2025-11-03,Piemonte,Google Ads,38.139
2025-11-03,Puglia,Google Ads,25.631
2025-11-03,Sardegna,Google Ads,12.024
2025-11-03,Sicilia,Google Ads,44.619
2025-11-03,Toscana,Google Ads,25.226
2025-11-03,Trentino-Alto Adige,Google Ads,5.971
2025-11-03,Umbria,Google Ads,6.068
2025-11-03,Valle d'Aosta,Google Ads,0.855
2025-11-03,Veneto,Google Ads,29.097
2025-11-10,Abruzzo,Google Ads,5.675
2025-11-10,Basilicata,Google Ads,2.647
2025-11-10,Calabria,Google Ads,12.183
2025-11-10,Campania,Google Ads,55.895
2025-11-10,Emilia-Romagna,Google Ads,51.912
2025-11-10,Friuli-Venezia Giulia,Google Ads,12.14
2025-11-10,Lazio,Google Ads,55.779
2025-11-10,Liguria,Google Ads,13.891
2025-11-10,Lombardia,Google Ads,97.581
2025-11-10,Marche,Google Ads,10.53
2025-11-10,Molise,Google Ads,4.112
2025-11-10,Piemonte,Google Ads,45.14
2025-11-10,Puglia,Google Ads,29.961
2025-11-10,Sardegna,Google Ads,15.708
2025-11-10,Sicilia,Google Ads,56.047
2025-11-10,Toscana,Google Ads,31.151
2025-11-10,Trentino-Alto Adige,Google Ads,7.241
2025-11-10,Umbria,Google Ads,7.915
2025-11-10,Valle d'Aosta,Google Ads,0.93
2025-11-10,Veneto,Google Ads,36.208
2025-11-17,Abruzzo,Google Ads,5.24
2025-11-17,Basilicata,Google Ads,2.775
2025-11-17,Calabria,Google Ads,13.013
2025-11-17,Campania,Google Ads,54.227
2025-11-17,Emilia-Romagna,Google Ads,50.623
2025-11-17,Friuli-Venezia Giulia,Google Ads,11.497
2025-11-17,Lazio,Google Ads,56.491
2025-11-17,Liguria,Google Ads,15.265
2025-11-17,Lombardia,Google Ads,100.134
2025-11-17,Marche,Google Ads,11.049
2025-11-17,Molise,Google Ads,4.096
2025-11-17,Piemonte,Google Ads,43.398
2025-11-17,Puglia,Google Ads,30.262
2025-11-17,Sardegna,Google Ads,15.135
2025-11-17,Sicilia,Google Ads,56.186
2025-11-17,Toscana,Google Ads,30.411
2025-11-17,Trentino-Alto Adige,Google Ads,6.785
2025-11-17,Umbria,Google Ads,7.896
2025-11-17,Valle d'Aosta,Google Ads,0.932
2025-11-17,Veneto,Google Ads,36.712
2025-11-24,Abruzzo,Google Ads,5.004
2025-11-24,Basilicata,Google Ads,2.547
2025-11-24,Calabria,Google Ads,11.951
2025-11-24,Campania,Google Ads,52.146
2025-11-24,Emilia-Romagna,Google Ads,49.494
2025-11-24,Friuli-Venezia Giulia,Google Ads,11.258
2025-11-24,Lazio,Google Ads,54.786
2025-11-24,Liguria,Google Ads,14.203
2025-11-24,Lombardia,Google Ads,99.842
2025-11-24,Marche,Google Ads,10.2
2025-11-24,Molise,Google Ads,4.034
2025-11-24,Piemonte,Google Ads,43.891
2025-11-24,Puglia,Google Ads,27.586
2025-11-24,Sardegna,Google Ads,13.828
2025-11-24,Sicilia,Google Ads,53.687
2025-11-24,Toscana,Google Ads,27.008
2025-11-24,Trentino-Alto Adige,Google Ads,6.222
2025-11-24,Umbria,Google Ads,7.172
2025-11-24,Valle d'Aosta,Google Ads,0.944
2025-11-24,Veneto,Google Ads,34.437
2025-12-01,Abruzzo,Google Ads,3.965
2025-12-01,Basilicata,Google Ads,2.09
2025-12-01,Calabria,Google Ads,9.837
2025-12-01,Campania,Google Ads,40.678
2025-12-01,Emilia-Romagna,Google Ads,33.306
2025-12-01,Friuli-Venezia Giulia,Google Ads,9.48
2025-12-01,Lazio,Google Ads,46.846
2025-12-01,Liguria,Google Ads,11.38
2025-12-01,Lombardia,Google Ads,71.862
2025-12-01,Marche,Google Ads,7.948
2025-12-01,Molise,Google Ads,3.144
2025-12-01,Piemonte,Google Ads,32.241
2025-12-01,Puglia,Google Ads,21.176
2025-12-01,Sardegna,Google Ads,11.869
2025-12-01,Sicilia,Google Ads,43.501
2025-12-01,Toscana,Google Ads,21.384
2025-12-01,Trentino-Alto Adige,Google Ads,4.875
2025-12-01,Umbria,Google Ads,5.627
2025-12-01,Valle d'Aosta,Google Ads,0.789
2025-12-01,Veneto,Google Ads,21.749
2025-12-08,Abruzzo,Google Ads,4.399
2025-12-08,Basilicata,Google Ads,2.244
2025-12-08,Calabria,Google Ads,11.201
2025-12-08,Campania,Google Ads,42.207
2025-12-08,Emilia-Romagna,Google Ads,35.769
2025-12-08,Friuli-Venezia Giulia,Google Ads,11.215
2025-12-08,Lazio,Google Ads,48.101
2025-12-08,Liguria,Google Ads,12.918
2025-12-08,Lombardia,Google Ads,69.636
2025-12-08,Marche,Google Ads,9.084
2025-12-08,Molise,Google Ads,3.249
2025-12-08,Piemonte,Google Ads,32.366
2025-12-08,Puglia,Google Ads,22.43
2025-12-08,Sardegna,Google Ads,13.263
2025-12-08,Sicilia,Google Ads,48.702
2025-12-08,Toscana,Google Ads,24.941
2025-12-08,Trentino-Alto Adige,Google Ads,5.352
2025-12-08,Umbria,Google Ads,5.726
2025-12-08,Valle d'Aosta,Google Ads,0.866
2025-12-08,Veneto,Google Ads,20.659
2025-12-15,Abruzzo,Google Ads,4.171
2025-12-15,Basilicata,Google Ads,2.176
2025-12-15,Calabria,Google Ads,9.861
2025-12-15,Campania,Google Ads,39.439
2025-12-15,Emilia-Romagna,Google Ads,32.516
2025-12-15,Friuli-Venezia Giulia,Google Ads,10.048
2025-12-15,Lazio,Google Ads,41.874
2025-12-15,Liguria,Google Ads,11.377
2025-12-15,Lombardia,Google Ads,66.205
2025-12-15,Marche,Google Ads,8.295
2025-12-15,Molise,Google Ads,2.932
2025-12-15,Piemonte,Google Ads,27.998
2025-12-15,Puglia,Google Ads,19.864
2025-12-15,Sardegna,Google Ads,11.224
2025-12-15,Sicilia,Google Ads,41.564
2025-12-15,Toscana,Google Ads,22.637
2025-12-15,Trentino-Alto Adige,Google Ads,4.854
2025-12-15,Umbria,Google Ads,5.479
2025-12-15,Valle d'Aosta,Google Ads,0.756
2025-12-15,Veneto,Google Ads,19.842
2025-12-22,Abruzzo,Google Ads,3.968
2025-12-22,Basilicata,Google Ads,2.022
2025-12-22,Calabria,Google Ads,10.409
2025-12-22,Campania,Google Ads,36.709
2025-12-22,Emilia-Romagna,Google Ads,32.613
2025-12-22,Friuli-Venezia Giulia,Google Ads,9.195
2025-12-22,Lazio,Google Ads,40.155
2025-12-22,Liguria,Google Ads,10.345
2025-12-22,Lombardia,Google Ads,60.541
2025-12-22,Marche,Google Ads,8.744
2025-12-22,Molise,Google Ads,2.897
2025-12-22,Piemonte,Google Ads,26.238
2025-12-22,Puglia,Google Ads,20.332
2025-12-22,Sardegna,Google Ads,10.04
2025-12-22,Sicilia,Google Ads,39.977
2025-12-22,Toscana,Google Ads,22.061
2025-12-22,Trentino-Alto Adige,Google Ads,4.534
2025-12-22,Umbria,Google Ads,5.09
2025-12-22,Valle d'Aosta,Google Ads,0.766
2025-12-22,Veneto,Google Ads,19.719
2024-01-01,Abruzzo,Meta Ads,4.494
2024-01-01,Basilicata,Meta Ads,1.546
2024-01-01,Calabria,Meta Ads,8.124
2024-01-01,Campania,Meta Ads,30.619
2024-01-01,Emilia-Romagna,Meta Ads,15.221
2024-01-01,Friuli-Venezia Giulia,Meta Ads,4.595
2024-01-01,Lazio,Meta Ads,22.501
2024-01-01,Liguria,Meta Ads,6.436
2024-01-01,Lombardia,Meta Ads,26.89
2024-01-01,Marche,Meta Ads,4.725
2024-01-01,Molise,Meta Ads,1.447
2024-01-01,Piemonte,Meta Ads,16.647
2024-01-01,Puglia,Meta Ads,14.116
2024-01-01,Sardegna,Meta Ads,5.187
2024-01-01,Sicilia,Meta Ads,34.655
2024-01-01,Toscana,Meta Ads,13.298
2024-01-01,Trentino-Alto Adige,Meta Ads,4.988
2024-01-01,Umbria,Meta Ads,2.546
2024-01-01,Valle d'Aosta,Meta Ads,0.594
2024-01-01,Veneto,Meta Ads,19.49
2024-01-08,Abruzzo,Meta Ads,6.206
2024-01-08,Basilicata,Meta Ads,1.973
2024-01-08,Calabria,Meta Ads,11.273
2024-01-08,Campania,Meta Ads,41.102
2024-01-08,Emilia-Romagna,Meta Ads,19.792
2024-01-08,Friuli-Venezia Giulia,Meta Ads,5.888
2024-01-08,Lazio,Meta Ads,29.121
2024-01-08,Liguria,Meta Ads,8.575
2024-01-08,Lombardia,Meta Ads,35.91
2024-01-08,Marche,Meta Ads,6.485
2024-01-08,Molise,Meta Ads,1.883
2024-01-08,Piemonte,Meta Ads,24.903
2024-01-08,Puglia,Meta Ads,18.297
2024-01-08,Sardegna,Meta Ads,6.962
2024-01-08,Sicilia,Meta Ads,45.306
2024-01-08,Toscana,Meta Ads,16.848
2024-01-08,Trentino-Alto Adige,Meta Ads,6.57
2024-01-08,Umbria,Meta Ads,3.659
2024-01-08,Valle d'Aosta,Meta Ads,0.773
2024-01-08,Veneto,Meta Ads,28.394
2024-01-15,Abruzzo,Meta Ads,7.032
2024-01-15,Basilicata,Meta Ads,2.1
2024-01-15,Calabria,Meta Ads,11.892
2024-01-15,Campania,Meta Ads,46.061
2024-01-15,Emilia-Romagna,Meta Ads,22.154
2024-01-15,Friuli-Venezia Giulia,Meta Ads,6.533
2024-01-15,Lazio,Meta Ads,33.193
2024-01-15,Liguria,Meta Ads,9.153
2024-01-15,Lombardia,Meta Ads,40.082
2024-01-15,Marche,Meta Ads,7.275
2024-01-15,Molise,Meta Ads,2.07
2024-01-15,Piemonte,Meta Ads,29.308
2024-01-15,Puglia,Meta Ads,20.189
2024-01-15,Sardegna,Meta Ads,7.618
2024-01-15,Sicilia,Meta Ads,48.604
2024-01-15,Toscana,Meta Ads,18.367
2024-01-15,Trentino-Alto Adige,Meta Ads,6.962
2024-01-15,Umbria,Meta Ads,4.124
2024-01-15,Valle d'Aosta,Meta Ads,0.885
2024-01-15,Veneto,Meta Ads,32.574
2024-01-22,Abruzzo,Meta Ads,7.396
2024-01-22,Basilicata,Meta Ads,2.218
2024-01-22,Calabria,Meta Ads,12.004
2024-01-22,Campania,Meta Ads,47.027
2024-01-22,Emilia-Romagna,Meta Ads,23.919
2024-01-22,Friuli-Venezia Giulia,Meta Ads,6.519
2024-01-22,Lazio,Meta Ads,35.89
2024-01-22,Liguria,Meta Ads,9.536
2024-01-22,Lombardia,Meta Ads,42.298
2024-01-22,Marche,Meta Ads,7.739
2024-01-22,Molise,Meta Ads,2.114
2024-01-22,Piemonte,Meta Ads,31.821
2024-01-22,Puglia,Meta Ads,20.159
2024-01-22,Sardegna,Meta Ads,7.812
2024-01-22,Sicilia,Meta Ads,50.702
2024-01-22,Toscana,Meta Ads,19.503
2024-01-22,Trentino-Alto Adige,Meta Ads,7.389
2024-01-22,Umbria,Meta Ads,4.332
2024-01-22,Valle d'Aosta,Meta Ads,0.922
2024-01-22,Veneto,Meta Ads,34.96
2024-01-29,Abruzzo,Meta Ads,7.352
2024-01-29,Basilicata,Meta Ads,2.229
2024-01-29,Calabria,Meta Ads,11.731
2024-01-29,Campania,Meta Ads,46.083
2024-01-29,Emilia-Romagna,Meta Ads,23.594
2024-01-29,Friuli-Venezia Giulia,Meta Ads,6.506
2024-01-29,Lazio,Meta Ads,35.849
2024-01-29,Liguria,Meta Ads,9.353
2024-01-29,Lombardia,Meta Ads,42.692
2024-01-29,Marche,Meta Ads,7.679
2024-01-29,Molise,Meta Ads,2.021
2024-01-29,Piemonte,Meta Ads,31.773
2024-01-29,Puglia,Meta Ads,20.956
2024-01-29,Sardegna,Meta Ads,7.754
2024-01-29,Sicilia,Meta Ads,49.608
2024-01-29,Toscana,Meta Ads,19.68
2024-01-29,Trentino-Alto Adige,Meta Ads,7.371
2024-01-29,Umbria,Meta Ads,4.223
2024-01-29,Valle d'Aosta,Meta Ads,0.929
2024-01-29,Veneto,Meta Ads,34.935
2024-02-05,Abruzzo,Meta Ads,7.637
2024-02-05,Basilicata,Meta Ads,2.356
2024-02-05,Calabria,Meta Ads,12.111
2024-02-05,Campania,Meta Ads,47.583
2024-02-05,Emilia-Romagna,Meta Ads,24.439
2024-02-05,Friuli-Venezia Giulia,Meta Ads,6.82
2024-02-05,Lazio,Meta Ads,36.343
2024-02-05,Liguria,Meta Ads,9.418
2024-02-05,Lombardia,Meta Ads,44.749
2024-02-05,Marche,Meta Ads,7.918
2024-02-05,Molise,Meta Ads,2.045
2024-02-05,Piemonte,Meta Ads,32.937
2024-02-05,Puglia,Meta Ads,21.384
2024-02-05,Sardegna,Meta Ads,7.927
2024-02-05,Sicilia,Meta Ads,51.312
2024-02-05,Toscana,Meta Ads,19.87
2024-02-05,Trentino-Alto Adige,Meta Ads,7.755
2024-02-05,Umbria,Meta Ads,4.241
2024-02-05,Valle d'Aosta,Meta Ads,0.937
2024-02-05,Veneto,Meta Ads,34.522
2024-02-12,Abruzzo,Meta Ads,7.426
2024-02-12,Basilicata,Meta Ads,2.351
2024-02-12,Calabria,Meta Ads,12.4
2024-02-12,Campania,Meta Ads,47.451
2024-02-12,Emilia-Romagna,Meta Ads,23.952
2024-02-12,Friuli-Venezia Giulia,Meta Ads,6.85
2024-02-12,Lazio,Meta Ads,34.873
2024-02-12,Liguria,Meta Ads,9.09
2024-02-12,Lombardia,Meta Ads,43.892
2024-02-12,Marche,Meta Ads,7.973
2024-02-12,Molise,Meta Ads,2.056
2024-02-12,Piemonte,Meta Ads,31.982
2024-02-12,Puglia,Meta Ads,21.42
2024-02-12,Sardegna,Meta Ads,7.938
2024-02-12,Sicilia,Meta Ads,49.859
2024-02-12,Toscana,Meta Ads,19.16
2024-02-12,Trentino-Alto Adige,Meta Ads,7.479
2024-02-12,Umbria,Meta Ads,4.221
2024-02-12,Valle d'Aosta,Meta Ads,0.898
2024-02-12,Veneto,Meta Ads,33.749
2024-02-19,Abruzzo,Meta Ads,7.419
2024-02-19,Basilicata,Meta Ads,2.485
2024-02-19,Calabria,Meta Ads,12.948
2024-02-19,Campania,Meta Ads,48.736
2024-02-19,Emilia-Romagna,Meta Ads,23.681
2024-02-19,Friuli-Venezia Giulia,Meta Ads,6.906
2024-02-19,Lazio,Meta Ads,35.059
2024-02-19,Liguria,Meta Ads,9.255
2024-02-19,Lombardia,Meta Ads,43.903
2024-02-19,Marche,Meta Ads,7.995
2024-02-19,Molise,Meta Ads,2.19
2024-02-19,Piemonte,Meta Ads,32.798
2024-02-19,Puglia,Meta Ads,21.158
2024-02-19,Sardegna,Meta Ads,8.272
2024-02-19,Sicilia,Meta Ads,50.339
2024-02-19,Toscana,Meta Ads,19.041
2024-02-19,Trentino-Alto Adige,Meta Ads,7.34
2024-02-19,Umbria,Meta Ads,4.43
2024-02-19,Valle d'Aosta,Meta Ads,0.927
2024-02-19,Veneto,Meta Ads,34.189
2024-02-26,Abruzzo,Meta Ads,7.887
2024-02-26,Basilicata,Meta Ads,2.493
2024-02-26,Calabria,Meta Ads,13.526
2024-02-26,Campania,Meta Ads,49.382
2024-02-26,Emilia-Romagna,Meta Ads,24.489
2024-02-26,Friuli-Venezia Giulia,Meta Ads,6.926
2024-02-26,Lazio,Meta Ads,36.551
2024-02-26,Liguria,Meta Ads,9.747
2024-02-26,Lombardia,Meta Ads,45.933
2024-02-26,Marche,Meta Ads,8.319
2024-02-26,Molise,Meta Ads,2.396
2024-02-26,Piemonte,Meta Ads,33.143
2024-02-26,Puglia,Meta Ads,21.54
2024-02-26,Sardegna,Meta Ads,8.543
2024-02-26,Sicilia,Meta Ads,52.01
2024-02-26,Toscana,Meta Ads,19.668
2024-02-26,Trentino-Alto Adige,Meta Ads,7.495
2024-02-26,Umbria,Meta Ads,4.597
2024-02-26,Valle d'Aosta,Meta Ads,0.954
2024-02-26,Veneto,Meta Ads,34.914
2024-03-04,Abruzzo,Meta Ads,8.848
2024-03-04,Basilicata,Meta Ads,2.824
2024-03-04,Calabria,Meta Ads,15.471
2024-03-04,Campania,Meta Ads,56.35
2024-03-04,Emilia-Romagna,Meta Ads,27.337
2024-03-04,Friuli-Venezia Giulia,Meta Ads,8.157
2024-03-04,Lazio,Meta Ads,42.388
2024-03-04,Liguria,Meta Ads,11.023
2024-03-04,Lombardia,Meta Ads,52.276
2024-03-04,Marche,Meta Ads,9.554
2024-03-04,Molise,Meta Ads,2.757
2024-03-04,Piemonte,Meta Ads,38.18
2024-03-04,Puglia,Meta Ads,25.604
2024-03-04,Sardegna,Meta Ads,9.831
2024-03-04,Sicilia,Meta Ads,58.944
2024-03-04,Toscana,Meta Ads,22.663
2024-03-04,Trentino-Alto Adige,Meta Ads,8.733
2024-03-04,Umbria,Meta Ads,5.314
2024-03-04,Valle d'Aosta,Meta Ads,1.137
2024-03-04,Veneto,Meta Ads,39.881
2024-03-11,Abruzzo,Meta Ads,9.749
2024-03-11,Basilicata,Meta Ads,3.139
2024-03-11,Calabria,Meta Ads,17.713
2024-03-11,Campania,Meta Ads,62.021
2024-03-11,Emilia-Romagna,Meta Ads,31.667
2024-03-11,Friuli-Venezia Giulia,Meta Ads,9.289
2024-03-11,Lazio,Meta Ads,47.256
2024-03-11,Liguria,Meta Ads,12.394
2024-03-11,Lombardia,Meta Ads,59.609
2024-03-11,Marche,Meta Ads,10.82
2024-03-11,Molise,Meta Ads,3.114
2024-03-11,Piemonte,Meta Ads,42.908
2024-03-11,Puglia,Meta Ads,29.038
2024-03-11,Sardegna,Meta Ads,10.703
2024-03-11,Sicilia,Meta Ads,66.898
2024-03-11,Toscana,Meta Ads,25.377
2024-03-11,Trentino-Alto Adige,Meta Ads,9.842
2024-03-11,Umbria,Meta Ads,6.029
2024-03-11,Valle d'Aosta,Meta Ads,1.301
2024-03-11,Veneto,Meta Ads,44.562
2024-03-18,Abruzzo,Meta Ads,9.26
2024-03-18,Basilicata,Meta Ads,3.011
2024-03-18,Calabria,Meta Ads,17.056
2024-03-18,Campania,Meta Ads,59.269
2024-03-18,Emilia-Romagna,Meta Ads,30.565
2024-03-18,Friuli-Venezia Giulia,Meta Ads,8.929
2024-03-18,Lazio,Meta Ads,43.982
2024-03-18,Liguria,Meta Ads,11.961
2024-03-18,Lombardia,Meta Ads,56.657
2024-03-18,Marche,Meta Ads,10.312
2024-03-18,Molise,Meta Ads,2.947
2024-03-18,Piemonte,Meta Ads,41.502
2024-03-18,Puglia,Meta Ads,28.494
2024-03-18,Sardegna,Meta Ads,10.509
2024-03-18,Sicilia,Meta Ads,63.911
2024-03-18,Toscana,Meta Ads,24.088
2024-03-18,Trentino-Alto Adige,Meta Ads,9.507
2024-03-18,Umbria,Meta Ads,5.788
2024-03-18,Valle d'Aosta,Meta Ads,1.244
2024-03-18,Veneto,Meta Ads,42.541
2024-03-25,Abruzzo,Meta Ads,8.775
2024-03-25,Basilicata,Meta Ads,2.852
2024-03-25,Calabria,Meta Ads,16.056
2024-03-25,Campania,Meta Ads,56.065
2024-03-25,Emilia-Romagna,Meta Ads,28.022
2024-03-25,Friuli-Venezia Giulia,Meta Ads,8.438
2024-03-25,Lazio,Meta Ads,41.191
2024-03-25,Liguria,Meta Ads,11.396
2024-03-25,Lombardia,Meta Ads,52.473
2024-03-25,Marche,Meta Ads,9.662
2024-03-25,Molise,Meta Ads,2.74
2024-03-25,Piemonte,Meta Ads,38.678
2024-03-25,Puglia,Meta Ads,26.683
2024-03-25,Sardegna,Meta Ads,9.911
2024-03-25,Sicilia,Meta Ads,60.123
2024-03-25,Toscana,Meta Ads,22.338
2024-03-25,Trentino-Alto Adige,Meta Ads,8.812
2024-03-25,Umbria,Meta Ads,5.278
2024-03-25,Valle d'Aosta,Meta Ads,1.128
2024-03-25,Veneto,Meta Ads,39.845
2024-04-01,Abruzzo,Meta Ads,8.091
2024-04-01,Basilicata,Meta Ads,2.578
2024-04-01,Calabria,Meta Ads,14.568
2024-04-01,Campania,Meta Ads,50.908
2024-04-01,Emilia-Romagna,Meta Ads,24.652
2024-04-01,Friuli-Venezia Giulia,Meta Ads,7.677
2024-04-01,Lazio,Meta Ads,37.406
2024-04-01,Liguria,Meta Ads,10.628
2024-04-01,Lombardia,Meta Ads,45.939
2024-04-01,Marche,Meta Ads,8.669
2024-04-01,Molise,Meta Ads,2.569
2024-04-01,Piemonte,Meta Ads,35.195
2024-04-01,Puglia,Meta Ads,24.952
2024-04-01,Sardegna,Meta Ads,9.102
2024-04-01,Sicilia,Meta Ads,55.125
2024-04-01,Toscana,Meta Ads,20.328
2024-04-01,Trentino-Alto Adige,Meta Ads,8.084
2024-04-01,Umbria,Meta Ads,4.794
2024-04-01,Valle d'Aosta,Meta Ads,1.027
2024-04-01,Veneto,Meta Ads,35.929
2024-04-08,Abruzzo,Meta Ads,7.724
2024-04-08,Basilicata,Meta Ads,2.386
2024-04-08,Calabria,Meta Ads,13.37
2024-04-08,Campania,Meta Ads,48.242
2024-04-08,Emilia-Romagna,Meta Ads,22.814
2024-04-08,Friuli-Venezia Giulia,Meta Ads,7.001
2024-04-08,Lazio,Meta Ads,35.543
2024-04-08,Liguria,Meta Ads,9.893
2024-04-08,Lombardia,Meta Ads,41.939
2024-04-08,Marche,Meta Ads,8.127
2024-04-08,Molise,Meta Ads,2.441
2024-04-08,Piemonte,Meta Ads,33.418
2024-04-08,Puglia,Meta Ads,22.936
2024-04-08,Sardegna,Meta Ads,8.238
2024-04-08,Sicilia,Meta Ads,53.238
2024-04-08,Toscana,Meta Ads,19.032
2024-04-08,Trentino-Alto Adige,Meta Ads,7.418
2024-04-08,Umbria,Meta Ads,4.432
2024-04-08,Valle d'Aosta,Meta Ads,0.966
2024-04-08,Veneto,Meta Ads,32.828
2024-04-15,Abruzzo,Meta Ads,7.652
2024-04-15,Basilicata,Meta Ads,2.218
2024-04-15,Calabria,Meta Ads,13.218
2024-04-15,Campania,Meta Ads,47.666
2024-04-15,Emilia-Romagna,Meta Ads,22.672
2024-04-15,Friuli-Venezia Giulia,Meta Ads,6.813
2024-04-15,Lazio,Meta Ads,36.797
2024-04-15,Liguria,Meta Ads,9.567
2024-04-15,Lombardia,Meta Ads,41.165
2024-04-15,Marche,Meta Ads,8.001
2024-04-15,Molise,Meta Ads,2.337
2024-04-15,Piemonte,Meta Ads,32.106
2024-04-15,Puglia,Meta Ads,22.138
2024-04-15,Sardegna,Meta Ads,7.738
2024-04-15,Sicilia,Meta Ads,53.223
2024-04-15,Toscana,Meta Ads,19.237
2024-04-15,Trentino-Alto Adige,Meta Ads,7.101
2024-04-15,Umbria,Meta Ads,4.288
2024-04-15,Valle d'Aosta,Meta Ads,0.941
2024-04-15,Veneto,Meta Ads,31.58
2024-04-22,Abruzzo,Meta Ads,8.216
2024-04-22,Basilicata,Meta Ads,2.443
2024-04-22,Calabria,Meta Ads,14.018
2024-04-22,Campania,Meta Ads,51.093
2024-04-22,Emilia-Romagna,Meta Ads,26.342
2024-04-22,Friuli-Venezia Giulia,Meta Ads,7.481
2024-04-22,Lazio,Meta Ads,39.432
2024-04-22,Liguria,Meta Ads,10.186
2024-04-22,Lombardia,Meta Ads,46.022
2024-04-22,Marche,Meta Ads,8.717
2024-04-22,Molise,Meta Ads,2.53
2024-04-22,Piemonte,Meta Ads,33.878
2024-04-22,Puglia,Meta Ads,23.819
2024-04-22,Sardegna,Meta Ads,8.414
2024-04-22,Sicilia,Meta Ads,57.328
2024-04-22,Toscana,Meta Ads,21.376
2024-04-22,Trentino-Alto Adige,Meta Ads,7.786
2024-04-22,Umbria,Meta Ads,4.712
2024-04-22,Valle d'Aosta,Meta Ads,1.039
2024-04-22,Veneto,Meta Ads,36.377
2024-04-29,Abruzzo,Meta Ads,7.915
2024-04-29,Basilicata,Meta Ads,2.385
2024-04-29,Calabria,Meta Ads,13.268
2024-04-29,Campania,Meta Ads,49.362
2024-04-29,Emilia-Romagna,Meta Ads,25.155
2024-04-29,Friuli-Venezia Giulia,Meta Ads,7.327
2024-04-29,Lazio,Meta Ads,37.283
2024-04-29,Liguria,Meta Ads,9.97
2024-04-29,Lombardia,Meta Ads,45.227
2024-04-29,Marche,Meta Ads,8.307
2024-04-29,Molise,Meta Ads,2.437
2024-04-29,Piemonte,Meta Ads,32.772
2024-04-29,Puglia,Meta Ads,23.59
2024-04-29,Sardegna,Meta Ads,8.115
2024-04-29,Sicilia,Meta Ads,54.294
2024-04-29,Toscana,Meta Ads,20.334
2024-04-29,Trentino-Alto Adige,Meta Ads,7.692
2024-04-29,Umbria,Meta Ads,4.556
2024-04-29,Valle d'Aosta,Meta Ads,0.998
2024-04-29,Veneto,Meta Ads,34.492
2024-05-06,Abruzzo,Meta Ads,7.505
2024-05-06,Basilicata,Meta Ads,2.337
2024-05-06,Calabria,Meta Ads,12.951
2024-05-06,Campania,Meta Ads,47.614
2024-05-06,Emilia-Romagna,Meta Ads,24.947
2024-05-06,Friuli-Venezia Giulia,Meta Ads,7.343
2024-05-06,Lazio,Meta Ads,36.532
2024-05-06,Liguria,Meta Ads,9.901
2024-05-06,Lombardia,Meta Ads,44.905
2024-05-06,Marche,Meta Ads,8.099
2024-05-06,Molise,Meta Ads,2.349
2024-05-06,Piemonte,Meta Ads,33.215
2024-05-06,Puglia,Meta Ads,23.359
2024-05-06,Sardegna,Meta Ads,8.061
2024-05-06,Sicilia,Meta Ads,51.901
2024-05-06,Toscana,Meta Ads,19.723
2024-05-06,Trentino-Alto Adige,Meta Ads,7.497
2024-05-06,Umbria,Meta Ads,4.77
2024-05-06,Valle d'Aosta,Meta Ads,0.988
2024-05-06,Veneto,Meta Ads,33.294
2024-05-13,Abruzzo,Meta Ads,6.825
2024-05-13,Basilicata,Meta Ads,2.059
2024-05-13,Calabria,Meta Ads,11.519
2024-05-13,Campania,Meta Ads,40.677
2024-05-13,Emilia-Romagna,Meta Ads,22.081
2024-05-13,Friuli-Venezia Giulia,Meta Ads,6.685
2024-05-13,Lazio,Meta Ads,33.067
2024-05-13,Liguria,Meta Ads,8.97
2024-05-13,Lombardia,Meta Ads,41.168
2024-05-13,Marche,Meta Ads,7.316
2024-05-13,Molise,Meta Ads,2.048
2024-05-13,Piemonte,Meta Ads,30.094
2024-05-13,Puglia,Meta Ads,21.278
2024-05-13,Sardegna,Meta Ads,7.288
2024-05-13,Sicilia,Meta Ads,47.581
2024-05-13,Toscana,Meta Ads,17.533
2024-05-13,Trentino-Alto Adige,Meta Ads,6.746
2024-05-13,Umbria,Meta Ads,4.313
2024-05-13,Valle d'Aosta,Meta Ads,0.923
2024-05-13,Veneto,Meta Ads,29.32
2024-05-20,Abruzzo,Meta Ads,6.744
2024-05-20,Basilicata,Meta Ads,2.055
2024-05-20,Calabria,Meta Ads,11.325
2024-05-20,Campania,Meta Ads,39.131
2024-05-20,Emilia-Romagna,Meta Ads,21.28
2024-05-20,Friuli-Venezia Giulia,Meta Ads,6.526
2024-05-20,Lazio,Meta Ads,32.975
2024-05-20,Liguria,Meta Ads,8.805
2024-05-20,Lombardia,Meta Ads,40.093
2024-05-20,Marche,Meta Ads,7.187
2024-05-20,Molise,Meta Ads,2.008
2024-05-20,Piemonte,Meta Ads,29.995
2024-05-20,Puglia,Meta Ads,20.434
2024-05-20,Sardegna,Meta Ads,7.239
2024-05-20,Sicilia,Meta Ads,47.727
2024-05-20,Toscana,Meta Ads,17.286
2024-05-20,Trentino-Alto Adige,Meta Ads,6.605
2024-05-20,Umbria,Meta Ads,4.269
2024-05-20,Valle d'Aosta,Meta Ads,0.89
2024-05-20,Veneto,Meta Ads,28.896
2024-05-27,Abruzzo,Meta Ads,6.614
2024-05-27,Basilicata,Meta Ads,2.082
2024-05-27,Calabria,Meta Ads,11.177
2024-05-27,Campania,Meta Ads,37.464
2024-05-27,Emilia-Romagna,Meta Ads,20.661
2024-05-27,Friuli-Venezia Giulia,Meta Ads,6.213
2024-05-27,Lazio,Meta Ads,31.622
2024-05-27,Liguria,Meta Ads,8.594
2024-05-27,Lombardia,Meta Ads,37.799
2024-05-27,Marche,Meta Ads,7.079
2024-05-27,Molise,Meta Ads,1.946
2024-05-27,Piemonte,Meta Ads,29.431
2024-05-27,Puglia,Meta Ads,19.421
2024-05-27,Sardegna,Meta Ads,7.267
2024-05-27,Sicilia,Meta Ads,44.78
2024-05-27,Toscana,Meta Ads,16.467
2024-05-27,Trentino-Alto Adige,Meta Ads,6.353
2024-05-27,Umbria,Meta Ads,4.052
2024-05-27,Valle d'Aosta,Meta Ads,0.846
2024-05-27,Veneto,Meta Ads,27.76
2024-06-03,Abruzzo,Meta Ads,6.823
2024-06-03,Basilicata,Meta Ads,2.215
2024-06-03,Calabria,Meta Ads,11.786
2024-06-03,Campania,Meta Ads,39.612
2024-06-03,Emilia-Romagna,Meta Ads,20.26
2024-06-03,Friuli-Venezia Giulia,Meta Ads,6.595
2024-06-03,Lazio,Meta Ads,32.594
2024-06-03,Liguria,Meta Ads,8.877
2024-06-03,Lombardia,Meta Ads,40.119
2024-06-03,Marche,Meta Ads,7.366
2024-06-03,Molise,Meta Ads,2.021
2024-06-03,Piemonte,Meta Ads,30.235
2024-06-03,Puglia,Meta Ads,20.193
2024-06-03,Sardegna,Meta Ads,7.626
2024-06-03,Sicilia,Meta Ads,46.747
2024-06-03,Toscana,Meta Ads,17.038
2024-06-03,Trentino-Alto Adige,Meta Ads,6.802
2024-06-03,Umbria,Meta Ads,4.143
2024-06-03,Valle d'Aosta,Meta Ads,0.895
2024-06-03,Veneto,Meta Ads,27.98
2024-06-10,Abruzzo,Meta Ads,6.666
2024-06-10,Basilicata,Meta Ads,2.131
2024-06-10,Calabria,Meta Ads,12.157
2024-06-10,Campania,Meta Ads,39.562
2024-06-10,Emilia-Romagna,Meta Ads,21.698
2024-06-10,Friuli-Venezia Giulia,Meta Ads,6.345
2024-06-10,Lazio,Meta Ads,31.283
2024-06-10,Liguria,Meta Ads,8.509
2024-06-10,Lombardia,Meta Ads,38.914
2024-06-10,Marche,Meta Ads,6.849
2024-06-10,Molise,Meta Ads,1.94
2024-06-10,Piemonte,Meta Ads,29.222
2024-06-10,Puglia,Meta Ads,20.372
2024-06-10,Sardegna,Meta Ads,7.612
2024-06-10,Sicilia,Meta Ads,49.116
2024-06-10,Toscana,Meta Ads,16.414
2024-06-10,Trentino-Alto Adige,Meta Ads,7.195
2024-06-10,Umbria,Meta Ads,3.816
2024-06-10,Valle d'Aosta,Meta Ads,0.836
2024-06-10,Veneto,Meta Ads,26.872
2024-06-17,Abruzzo,Meta Ads,6.646
2024-06-17,Basilicata,Meta Ads,2.093
2024-06-17,Calabria,Meta Ads,12.894
2024-06-17,Campania,Meta Ads,40.125
2024-06-17,Emilia-Romagna,Meta Ads,24.018
2024-06-17,Friuli-Venezia Giulia,Meta Ads,6.221
2024-06-17,Lazio,Meta Ads,32.102
2024-06-17,Liguria,Meta Ads,8.534
2024-06-17,Lombardia,Meta Ads,37.319
2024-06-17,Marche,Meta Ads,7.057
2024-06-17,Molise,Meta Ads,1.99
2024-06-17,Piemonte,Meta Ads,29.771
2024-06-17,Puglia,Meta Ads,21.054
2024-06-17,Sardegna,Meta Ads,7.847
2024-06-17,Sicilia,Meta Ads,52.001
2024-06-17,Toscana,Meta Ads,16.817
2024-06-17,Trentino-Alto Adige,Meta Ads,7.467
2024-06-17,Umbria,Meta Ads,3.785
2024-06-17,Valle d'Aosta,Meta Ads,0.84
2024-06-17,Veneto,Meta Ads,26.407
2024-06-24,Abruzzo,Meta Ads,6.03
2024-06-24,Basilicata,Meta Ads,1.944
2024-06-24,Calabria,Meta Ads,12.752
2024-06-24,Campania,Meta Ads,38.25
2024-06-24,Emilia-Romagna,Meta Ads,23.382
2024-06-24,Friuli-Venezia Giulia,Meta Ads,5.804
2024-06-24,Lazio,Meta Ads,30.448
2024-06-24,Liguria,Meta Ads,8.24
2024-06-24,Lombardia,Meta Ads,34.967
2024-06-24,Marche,Meta Ads,6.725
2024-06-24,Molise,Meta Ads,1.862
2024-06-24,Piemonte,Meta Ads,27.693
2024-06-24,Puglia,Meta Ads,20.296
2024-06-24,Sardegna,Meta Ads,7.455
2024-06-24,Sicilia,Meta Ads,50.209
2024-06-24,Toscana,Meta Ads,15.626
2024-06-24,Trentino-Alto Adige,Meta Ads,7.112
2024-06-24,Umbria,Meta Ads,3.527
2024-06-24,Valle d'Aosta,Meta Ads,0.779
2024-06-24,Veneto,Meta Ads,24.983
2024-07-01,Abruzzo,Meta Ads,5.968
2024-07-01,Basilicata,Meta Ads,1.964
2024-07-01,Calabria,Meta Ads,12.746
2024-07-01,Campania,Meta Ads,38.52
2024-07-01,Emilia-Romagna,Meta Ads,23.947
2024-07-01,Friuli-Venezia Giulia,Meta Ads,5.973
2024-07-01,Lazio,Meta Ads,29.767
2024-07-01,Liguria,Meta Ads,8.272
2024-07-01,Lombardia,Meta Ads,34.897
2024-07-01,Marche,Meta Ads,6.68
2024-07-01,Molise,Meta Ads,1.809
2024-07-01,Piemonte,Meta Ads,27.511
2024-07-01,Puglia,Meta Ads,20.553
2024-07-01,Sardegna,Meta Ads,7.746
2024-07-01,Sicilia,Meta Ads,50.427
2024-07-01,Toscana,Meta Ads,15.616
2024-07-01,Trentino-Alto Adige,Meta Ads,7.154
2024-07-01,Umbria,Meta Ads,3.589
2024-07-01,Valle d'Aosta,Meta Ads,0.756
2024-07-01,Veneto,Meta Ads,25.406
2024-07-08,Abruzzo,Meta Ads,7.378
2024-07-08,Basilicata,Meta Ads,2.434
2024-07-08,Calabria,Meta Ads,14.696
2024-07-08,Campania,Meta Ads,47.791
2024-07-08,Emilia-Romagna,Meta Ads,28.357
2024-07-08,Friuli-Venezia Giulia,Meta Ads,7.275
2024-07-08,Lazio,Meta Ads,35.715
2024-07-08,Liguria,Meta Ads,9.994
2024-07-08,Lombardia,Meta Ads,43.723
2024-07-08,Marche,Meta Ads,8.011
2024-07-08,Molise,Meta Ads,2.126
2024-07-08,Piemonte,Meta Ads,33.508
2024-07-08,Puglia,Meta Ads,24.225
2024-07-08,Sardegna,Meta Ads,8.997
2024-07-08,Sicilia,Meta Ads,60.35
2024-07-08,Toscana,Meta Ads,19.505
2024-07-08,Trentino-Alto Adige,Meta Ads,8.59
2024-07-08,Umbria,Meta Ads,4.41
2024-07-08,Valle d'Aosta,Meta Ads,0.902
2024-07-08,Veneto,Meta Ads,30.976
2024-07-15,Abruzzo,Meta Ads,7.495
2024-07-15,Basilicata,Meta Ads,2.407
2024-07-15,Calabria,Meta Ads,14.878
2024-07-15,Campania,Meta Ads,46.84
2024-07-15,Emilia-Romagna,Meta Ads,28.216
2024-07-15,Friuli-Venezia Giulia,Meta Ads,7.202
2024-07-15,Lazio,Meta Ads,35.15
2024-07-15,Liguria,Meta Ads,10.043
2024-07-15,Lombardia,Meta Ads,43.161
2024-07-15,Marche,Meta Ads,7.952
2024-07-15,Molise,Meta Ads,2.135
2024-07-15,Piemonte,Meta Ads,32.827
2024-07-15,Puglia,Meta Ads,24.533
2024-07-15,Sardegna,Meta Ads,8.985
2024-07-15,Sicilia,Meta Ads,60.915
2024-07-15,Toscana,Meta Ads,20.025
2024-07-15,Trentino-Alto Adige,Meta Ads,8.657
2024-07-15,Umbria,Meta Ads,4.484
2024-07-15,Valle d'Aosta,Meta Ads,0.902
2024-07-15,Veneto,Meta Ads,30.537
2024-07-22,Abruzzo,Meta Ads,7.155
2024-07-22,Basilicata,Meta Ads,2.291
2024-07-22,Calabria,Meta Ads,14.489
2024-07-22,Campania,Meta Ads,44.707
2024-07-22,Emilia-Romagna,Meta Ads,27.502
2024-07-22,Friuli-Venezia Giulia,Meta Ads,6.849
2024-07-22,Lazio,Meta Ads,34.376
2024-07-22,Liguria,Meta Ads,9.676
2024-07-22,Lombardia,Meta Ads,42.108
2024-07-22,Marche,Meta Ads,7.604
2024-07-22,Molise,Meta Ads,2.095
2024-07-22,Piemonte,Meta Ads,31.157
2024-07-22,Puglia,Meta Ads,23.46
2024-07-22,Sardegna,Meta Ads,8.614
2024-07-22,Sicilia,Meta Ads,58.863
2024-07-22,Toscana,Meta Ads,19.481
2024-07-22,Trentino-Alto Adige,Meta Ads,8.365
2024-07-22,Umbria,Meta Ads,4.302
2024-07-22,Valle d'Aosta,Meta Ads,0.855
2024-07-22,Veneto,Meta Ads,30.326
2024-07-29,Abruzzo,Meta Ads,8.115
2024-07-29,Basilicata,Meta Ads,2.658
2024-07-29,Calabria,Meta Ads,16.748
2024-07-29,Campania,Meta Ads,50.208
2024-07-29,Emilia-Romagna,Meta Ads,31.891
2024-07-29,Friuli-Venezia Giulia,Meta Ads,7.956
2024-07-29,Lazio,Meta Ads,40.336
2024-07-29,Liguria,Meta Ads,10.981
2024-07-29,Lombardia,Meta Ads,48.785
2024-07-29,Marche,Meta Ads,8.808
2024-07-29,Molise,Meta Ads,2.564
2024-07-29,Piemonte,Meta Ads,36.459
2024-07-29,Puglia,Meta Ads,27.15
2024-07-29,Sardegna,Meta Ads,9.611
2024-07-29,Sicilia,Meta Ads,66.484
2024-07-29,Toscana,Meta Ads,22.607
2024-07-29,Trentino-Alto Adige,Meta Ads,9.577
2024-07-29,Umbria,Meta Ads,5.066
2024-07-29,Valle d'Aosta,Meta Ads,0.998
2024-07-29,Veneto,Meta Ads,36.685
2024-08-05,Abruzzo,Meta Ads,4.895
2024-08-05,Basilicata,Meta Ads,1.57
2024-08-05,Calabria,Meta Ads,10.618
2024-08-05,Campania,Meta Ads,30.05
2024-08-05,Emilia-Romagna,Meta Ads,20.006
2024-08-05,Friuli-Venezia Giulia,Meta Ads,4.816
2024-08-05,Lazio,Meta Ads,25.055
2024-08-05,Liguria,Meta Ads,6.911
2024-08-05,Lombardia,Meta Ads,29.518
2024-08-05,Marche,Meta Ads,5.249
2024-08-05,Molise,Meta Ads,1.54
2024-08-05,Piemonte,Meta Ads,21.551
2024-08-05,Puglia,Meta Ads,16.903
2024-08-05,Sardegna,Meta Ads,6.235
2024-08-05,Sicilia,Meta Ads,42.949
2024-08-05,Toscana,Meta Ads,14.087
2024-08-05,Trentino-Alto Adige,Meta Ads,6.067
2024-08-05,Umbria,Meta Ads,3.058
2024-08-05,Valle d'Aosta,Meta Ads,0.59
2024-08-05,Veneto,Meta Ads,21.995
2024-08-12,Abruzzo,Meta Ads,7.129
2024-08-12,Basilicata,Meta Ads,2.291
2024-08-12,Calabria,Meta Ads,13.329
2024-08-12,Campania,Meta Ads,43.227
2024-08-12,Emilia-Romagna,Meta Ads,24.951
2024-08-12,Friuli-Venezia Giulia,Meta Ads,6.854
2024-08-12,Lazio,Meta Ads,33.979
2024-08-12,Liguria,Meta Ads,9.58
2024-08-12,Lombardia,Meta Ads,41.718
2024-08-12,Marche,Meta Ads,7.848
2024-08-12,Molise,Meta Ads,2.309
2024-08-12,Piemonte,Meta Ads,30.57
2024-08-12,Puglia,Meta Ads,20.389
2024-08-12,Sardegna,Meta Ads,7.766
2024-08-12,Sicilia,Meta Ads,53.094
2024-08-12,Toscana,Meta Ads,19.604
2024-08-12,Trentino-Alto Adige,Meta Ads,7.442
2024-08-12,Umbria,Meta Ads,4.376
2024-08-12,Valle d'Aosta,Meta Ads,0.899
2024-08-12,Veneto,Meta Ads,31.513
2024-08-19,Abruzzo,Meta Ads,7.729
2024-08-19,Basilicata,Meta Ads,2.486
2024-08-19,Calabria,Meta Ads,13.712
2024-08-19,Campania,Meta Ads,45.661
2024-08-19,Emilia-Romagna,Meta Ads,25.869
2024-08-19,Friuli-Venezia Giulia,Meta Ads,7.173
2024-08-19,Lazio,Meta Ads,36.481
2024-08-19,Liguria,Meta Ads,10.39
2024-08-19,Lombardia,Meta Ads,44.508
2024-08-19,Marche,Meta Ads,8.423
2024-08-19,Molise,Meta Ads,2.532
2024-08-19,Piemonte,Meta Ads,32.948
2024-08-19,Puglia,Meta Ads,21.238
2024-08-19,Sardegna,Meta Ads,8.193
2024-08-19,Sicilia,Meta Ads,54.811
2024-08-19,Toscana,Meta Ads,21.255
2024-08-19,Trentino-Alto Adige,Meta Ads,8.012
2024-08-19,Umbria,Meta Ads,4.901
2024-08-19,Valle d'Aosta,Meta Ads,1.001
2024-08-19,Veneto,Meta Ads,33.615
2024-08-26,Abruzzo,Meta Ads,8.214
2024-08-26,Basilicata,Meta Ads,2.749
2024-08-26,Calabria,Meta Ads,15.037
2024-08-26,Campania,Meta Ads,49.431
2024-08-26,Emilia-Romagna,Meta Ads,26.959
2024-08-26,Friuli-Venezia Giulia,Meta Ads,7.511
2024-08-26,Lazio,Meta Ads,39.483
2024-08-26,Liguria,Meta Ads,10.896
2024-08-26,Lombardia,Meta Ads,48.302
2024-08-26,Marche,Meta Ads,8.911
2024-08-26,Molise,Meta Ads,2.853
2024-08-26,Piemonte,Meta Ads,35.146
2024-08-26,Puglia,Meta Ads,23.325
2024-08-26,Sardegna,Meta Ads,9.024
2024-08-26,Sicilia,Meta Ads,57.517
2024-08-26,Toscana,Meta Ads,22.885
2024-08-26,Trentino-Alto Adige,Meta Ads,8.83
2024-08-26,Umbria,Meta Ads,5.206
2024-08-26,Valle d'Aosta,Meta Ads,1.058
2024-08-26,Veneto,Meta Ads,35.893
2024-09-02,Abruzzo,Meta Ads,9.171
2024-09-02,Basilicata,Meta Ads,3.144
2024-09-02,Calabria,Meta Ads,17.03
2024-09-02,Campania,Meta Ads,56.951
2024-09-02,Emilia-Romagna,Meta Ads,30.56
2024-09-02,Friuli-Venezia Giulia,Meta Ads,8.738
2024-09-02,Lazio,Meta Ads,44.361
2024-09-02,Liguria,Meta Ads,12.48
2024-09-02,Lombardia,Meta Ads,54.85
2024-09-02,Marche,Meta Ads,9.621
2024-09-02,Molise,Meta Ads,3.108
2024-09-02,Piemonte,Meta Ads,40.22
2024-09-02,Puglia,Meta Ads,27.074
2024-09-02,Sardegna,Meta Ads,10.01
2024-09-02,Sicilia,Meta Ads,63.221
2024-09-02,Toscana,Meta Ads,25.073
2024-09-02,Trentino-Alto Adige,Meta Ads,9.754
2024-09-02,Umbria,Meta Ads,5.915
2024-09-02,Valle d'Aosta,Meta Ads,1.224
2024-09-02,Veneto,Meta Ads,40.963
2024-09-09,Abruzzo,Meta Ads,8.566
2024-09-09,Basilicata,Meta Ads,3.049
2024-09-09,Calabria,Meta Ads,16.012
2024-09-09,Campania,Meta Ads,55.018
2024-09-09,Emilia-Romagna,Meta Ads,28.767
2024-09-09,Friuli-Venezia Giulia,Meta Ads,8.629
2024-09-09,Lazio,Meta Ads,42.35
2024-09-09,Liguria,Meta Ads,11.776
2024-09-09,Lombardia,Meta Ads,52.103
2024-09-09,Marche,Meta Ads,9.207
2024-09-09,Molise,Meta Ads,2.96
2024-09-09,Piemonte,Meta Ads,37.728
2024-09-09,Puglia,Meta Ads,25.776
2024-09-09,Sardegna,Meta Ads,9.549
2024-09-09,Sicilia,Meta Ads,61.226
2024-09-09,Toscana,Meta Ads,23.764
2024-09-09,Trentino-Alto Adige,Meta Ads,9.268
2024-09-09,Umbria,Meta Ads,5.577
2024-09-09,Valle d'Aosta,Meta Ads,1.165
2024-09-09,Veneto,Meta Ads,38.945
2024-09-16,Abruzzo,Meta Ads,8.075
2024-09-16,Basilicata,Meta Ads,2.888
2024-09-16,Calabria,Meta Ads,14.836
2024-09-16,Campania,Meta Ads,52.614
2024-09-16,Emilia-Romagna,Meta Ads,26.968
2024-09-16,Friuli-Venezia Giulia,Meta Ads,8.366
2024-09-16,Lazio,Meta Ads,40.512
2024-09-16,Liguria,Meta Ads,11.127
2024-09-16,Lombardia,Meta Ads,50.157
2024-09-16,Marche,Meta Ads,8.937
2024-09-16,Molise,Meta Ads,2.801
2024-09-16,Piemonte,Meta Ads,36.065
2024-09-16,Puglia,Meta Ads,23.798
2024-09-16,Sardegna,Meta Ads,9.112
2024-09-16,Sicilia,Meta Ads,57.932
2024-09-16,Toscana,Meta Ads,22.304
2024-09-16,Trentino-Alto Adige,Meta Ads,8.825
2024-09-16,Umbria,Meta Ads,5.279
2024-09-16,Valle d'Aosta,Meta Ads,1.122
2024-09-16,Veneto,Meta Ads,38.165
2024-09-23,Abruzzo,Meta Ads,8.059
2024-09-23,Basilicata,Meta Ads,2.899
2024-09-23,Calabria,Meta Ads,14.968
2024-09-23,Campania,Meta Ads,52.644
2024-09-23,Emilia-Romagna,Meta Ads,27.745
2024-09-23,Friuli-Venezia Giulia,Meta Ads,8.491
2024-09-23,Lazio,Meta Ads,40.854
2024-09-23,Liguria,Meta Ads,11.018
2024-09-23,Lombardia,Meta Ads,50.307
2024-09-23,Marche,Meta Ads,9.166
2024-09-23,Molise,Meta Ads,2.758
2024-09-23,Piemonte,Meta Ads,36.2
2024-09-23,Puglia,Meta Ads,24.872
2024-09-23,Sardegna,Meta Ads,9.333
2024-09-23,Sicilia,Meta Ads,58.943
2024-09-23,Toscana,Meta Ads,22.456
2024-09-23,Trentino-Alto Adige,Meta Ads,8.878
2024-09-23,Umbria,Meta Ads,5.363
2024-09-23,Valle d'Aosta,Meta Ads,1.135
2024-09-23,Veneto,Meta Ads,37.978
2024-09-30,Abruzzo,Meta Ads,7.866
2024-09-30,Basilicata,Meta Ads,2.767
2024-09-30,Calabria,Meta Ads,14.546
2024-09-30,Campania,Meta Ads,49.931
2024-09-30,Emilia-Romagna,Meta Ads,29.843
2024-09-30,Friuli-Venezia Giulia,Meta Ads,8.006
2024-09-30,Lazio,Meta Ads,38.738
2024-09-30,Liguria,Meta Ads,10.501
2024-09-30,Lombardia,Meta Ads,53.852
2024-09-30,Marche,Meta Ads,8.844
2024-09-30,Molise,Meta Ads,2.704
2024-09-30,Piemonte,Meta Ads,38.668
2024-09-30,Puglia,Meta Ads,24.546
2024-09-30,Sardegna,Meta Ads,9.224
2024-09-30,Sicilia,Meta Ads,57.419
2024-09-30,Toscana,Meta Ads,21.852
2024-09-30,Trentino-Alto Adige,Meta Ads,8.436
2024-09-30,Umbria,Meta Ads,5.224
2024-09-30,Valle d'Aosta,Meta Ads,1.119
2024-09-30,Veneto,Meta Ads,40.449
2024-10-07,Abruzzo,Meta Ads,7.814
2024-10-07,Basilicata,Meta Ads,2.579
2024-10-07,Calabria,Meta Ads,13.786
2024-10-07,Campania,Meta Ads,48.222
2024-10-07,Emilia-Romagna,Meta Ads,29.669
2024-10-07,Friuli-Venezia Giulia,Meta Ads,7.607
2024-10-07,Lazio,Meta Ads,36.697
2024-10-07,Liguria,Meta Ads,10.283
2024-10-07,Lombardia,Meta Ads,53.216
2024-10-07,Marche,Meta Ads,8.438
2024-10-07,Molise,Meta Ads,2.565
2024-10-07,Piemonte,Meta Ads,38.316
2024-10-07,Puglia,Meta Ads,22.9
2024-10-07,Sardegna,Meta Ads,8.578
2024-10-07,Sicilia,Meta Ads,56.076
2024-10-07,Toscana,Meta Ads,20.877
2024-10-07,Trentino-Alto Adige,Meta Ads,8.025
2024-10-07,Umbria,Meta Ads,4.898
2024-10-07,Valle d'Aosta,Meta Ads,1.085
2024-10-07,Veneto,Meta Ads,40.071
2024-10-14,Abruzzo,Meta Ads,7.639
2024-10-14,Basilicata,Meta Ads,2.488
2024-10-14,Calabria,Meta Ads,13.116
2024-10-14,Campania,Meta Ads,47.89
2024-10-14,Emilia-Romagna,Meta Ads,29.941
2024-10-14,Friuli-Venezia Giulia,Meta Ads,7.154
2024-10-14,Lazio,Meta Ads,34.955
2024-10-14,Liguria,Meta Ads,10.245
2024-10-14,Lombardia,Meta Ads,51.559
2024-10-14,Marche,Meta Ads,8.106
2024-10-14,Molise,Meta Ads,2.486
2024-10-14,Piemonte,Meta Ads,38.0
2024-10-14,Puglia,Meta Ads,21.644
2024-10-14,Sardegna,Meta Ads,7.888
2024-10-14,Sicilia,Meta Ads,54.416
2024-10-14,Toscana,Meta Ads,19.999
2024-10-14,Trentino-Alto Adige,Meta Ads,7.772
2024-10-14,Umbria,Meta Ads,4.553
2024-10-14,Valle d'Aosta,Meta Ads,1.029
2024-10-14,Veneto,Meta Ads,39.69
2024-10-21,Abruzzo,Meta Ads,6.924
2024-10-21,Basilicata,Meta Ads,2.276
2024-10-21,Calabria,Meta Ads,11.79
2024-10-21,Campania,Meta Ads,43.234
2024-10-21,Emilia-Romagna,Meta Ads,27.816
2024-10-21,Friuli-Venezia Giulia,Meta Ads,6.272
2024-10-21,Lazio,Meta Ads,32.051
2024-10-21,Liguria,Meta Ads,9.441
2024-10-21,Lombardia,Meta Ads,46.047
2024-10-21,Marche,Meta Ads,7.371
2024-10-21,Molise,Meta Ads,2.238
2024-10-21,Piemonte,Meta Ads,34.24
2024-10-21,Puglia,Meta Ads,19.935
2024-10-21,Sardegna,Meta Ads,6.917
2024-10-21,Sicilia,Meta Ads,49.756
2024-10-21,Toscana,Meta Ads,18.086
2024-10-21,Trentino-Alto Adige,Meta Ads,7.063
2024-10-21,Umbria,Meta Ads,4.042
2024-10-21,Valle d'Aosta,Meta Ads,0.905
2024-10-21,Veneto,Meta Ads,36.425
2024-10-28,Abruzzo,Meta Ads,6.777
2024-10-28,Basilicata,Meta Ads,2.339
2024-10-28,Calabria,Meta Ads,11.411
2024-10-28,Campania,Meta Ads,41.212
2024-10-28,Emilia-Romagna,Meta Ads,27.461
2024-10-28,Friuli-Venezia Giulia,Meta Ads,6.015
2024-10-28,Lazio,Meta Ads,32.028
2024-10-28,Liguria,Meta Ads,9.024
2024-10-28,Lombardia,Meta Ads,45.134
2024-10-28,Marche,Meta Ads,7.309
2024-10-28,Molise,Meta Ads,2.177
2024-10-28,Piemonte,Meta Ads,33.22
2024-10-28,Puglia,Meta Ads,20.058
2024-10-28,Sardegna,Meta Ads,6.766
2024-10-28,Sicilia,Meta Ads,47.28
2024-10-28,Toscana,Meta Ads,17.345
2024-10-28,Trentino-Alto Adige,Meta Ads,6.803
2024-10-28,Umbria,Meta Ads,3.921
2024-10-28,Valle d'Aosta,Meta Ads,0.856
2024-10-28,Veneto,Meta Ads,37.604
2024-11-04,Abruzzo,Meta Ads,6.955
2024-11-04,Basilicata,Meta Ads,2.332
2024-11-04,Calabria,Meta Ads,11.233
2024-11-04,Campania,Meta Ads,41.155
2024-11-04,Emilia-Romagna,Meta Ads,26.885
2024-11-04,Friuli-Venezia Giulia,Meta Ads,6.078
2024-11-04,Lazio,Meta Ads,32.116
2024-11-04,Liguria,Meta Ads,8.898
2024-11-04,Lombardia,Meta Ads,44.196
2024-11-04,Marche,Meta Ads,7.599
2024-11-04,Molise,Meta Ads,2.115
2024-11-04,Piemonte,Meta Ads,34.256
2024-11-04,Puglia,Meta Ads,20.546
2024-11-04,Sardegna,Meta Ads,6.903
2024-11-04,Sicilia,Meta Ads,47.518
2024-11-04,Toscana,Meta Ads,17.224
2024-11-04,Trentino-Alto Adige,Meta Ads,6.979
2024-11-04,Umbria,Meta Ads,4.162
2024-11-04,Valle d'Aosta,Meta Ads,0.858
2024-11-04,Veneto,Meta Ads,37.607
2024-11-11,Abruzzo,Meta Ads,7.302
2024-11-11,Basilicata,Meta Ads,2.406
2024-11-11,Calabria,Meta Ads,11.415
2024-11-11,Campania,Meta Ads,42.383
2024-11-11,Emilia-Romagna,Meta Ads,26.839
2024-11-11,Friuli-Venezia Giulia,Meta Ads,6.268
2024-11-11,Lazio,Meta Ads,32.631
2024-11-11,Liguria,Meta Ads,8.931
2024-11-11,Lombardia,Meta Ads,47.806
2024-11-11,Marche,Meta Ads,8.03
2024-11-11,Molise,Meta Ads,2.157
2024-11-11,Piemonte,Meta Ads,35.3
2024-11-11,Puglia,Meta Ads,21.122
2024-11-11,Sardegna,Meta Ads,7.357
2024-11-11,Sicilia,Meta Ads,49.509
2024-11-11,Toscana,Meta Ads,17.534
2024-11-11,Trentino-Alto Adige,Meta Ads,7.178
2024-11-11,Umbria,Meta Ads,4.279
2024-11-11,Valle d'Aosta,Meta Ads,0.889
2024-11-11,Veneto,Meta Ads,38.26
2024-11-18,Abruzzo,Meta Ads,7.384
2024-11-18,Basilicata,Meta Ads,2.365
2024-11-18,Calabria,Meta Ads,11.508
2024-11-18,Campania,Meta Ads,42.334
2024-11-18,Emilia-Romagna,Meta Ads,27.192
2024-11-18,Friuli-Venezia Giulia,Meta Ads,6.401
2024-11-18,Lazio,Meta Ads,32.425
2024-11-18,Liguria,Meta Ads,9.123
2024-11-18,Lombardia,Meta Ads,48.326
2024-11-18,Marche,Meta Ads,7.946
2024-11-18,Molise,Meta Ads,2.095
2024-11-18,Piemonte,Meta Ads,35.042
2024-11-18,Puglia,Meta Ads,20.829
2024-11-18,Sardegna,Meta Ads,7.492
2024-11-18,Sicilia,Meta Ads,49.68
2024-11-18,Toscana,Meta Ads,17.882
2024-11-18,Trentino-Alto Adige,Meta Ads,7.203
2024-11-18,Umbria,Meta Ads,4.186
2024-11-18,Valle d'Aosta,Meta Ads,0.901
2024-11-18,Veneto,Meta Ads,37.88
2024-11-25,Abruzzo,Meta Ads,7.375
2024-11-25,Basilicata,Meta Ads,2.425
2024-11-25,Calabria,Meta Ads,12.085
2024-11-25,Campania,Meta Ads,43.754
2024-11-25,Emilia-Romagna,Meta Ads,27.935
2024-11-25,Friuli-Venezia Giulia,Meta Ads,6.697
2024-11-25,Lazio,Meta Ads,33.17
2024-11-25,Liguria,Meta Ads,9.684
2024-11-25,Lombardia,Meta Ads,50.29
2024-11-25,Marche,Meta Ads,7.93
2024-11-25,Molise,Meta Ads,2.206
2024-11-25,Piemonte,Meta Ads,36.392
2024-11-25,Puglia,Meta Ads,20.932
2024-11-25,Sardegna,Meta Ads,7.943
2024-11-25,Sicilia,Meta Ads,52.273
2024-11-25,Toscana,Meta Ads,17.871
2024-11-25,Trentino-Alto Adige,Meta Ads,7.233
2024-11-25,Umbria,Meta Ads,4.22
2024-11-25,Valle d'Aosta,Meta Ads,0.935
2024-11-25,Veneto,Meta Ads,37.752
2024-12-02,Abruzzo,Meta Ads,8.134
2024-12-02,Basilicata,Meta Ads,2.704
2024-12-02,Calabria,Meta Ads,13.206
2024-12-02,Campania,Meta Ads,49.904
2024-12-02,Emilia-Romagna,Meta Ads,29.215
2024-12-02,Friuli-Venezia Giulia,Meta Ads,7.732
2024-12-02,Lazio,Meta Ads,36.186
2024-12-02,Liguria,Meta Ads,10.863
2024-12-02,Lombardia,Meta Ads,50.427
2024-12-02,Marche,Meta Ads,8.658
2024-12-02,Molise,Meta Ads,2.424
2024-12-02,Piemonte,Meta Ads,37.952
2024-12-02,Puglia,Meta Ads,22.741
2024-12-02,Sardegna,Meta Ads,8.71
2024-12-02,Sicilia,Meta Ads,58.73
2024-12-02,Toscana,Meta Ads,20.51
2024-12-02,Trentino-Alto Adige,Meta Ads,8.057
2024-12-02,Umbria,Meta Ads,4.693
2024-12-02,Valle d'Aosta,Meta Ads,1.089
2024-12-02,Veneto,Meta Ads,37.22
2024-12-09,Abruzzo,Meta Ads,8.063
2024-12-09,Basilicata,Meta Ads,2.711
2024-12-09,Calabria,Meta Ads,13.678
2024-12-09,Campania,Meta Ads,50.532
2024-12-09,Emilia-Romagna,Meta Ads,28.682
2024-12-09,Friuli-Venezia Giulia,Meta Ads,8.141
2024-12-09,Lazio,Meta Ads,37.032
2024-12-09,Liguria,Meta Ads,11.106
2024-12-09,Lombardia,Meta Ads,48.357
2024-12-09,Marche,Meta Ads,8.757
2024-12-09,Molise,Meta Ads,2.49
2024-12-09,Piemonte,Meta Ads,37.087
2024-12-09,Puglia,Meta Ads,23.327
2024-12-09,Sardegna,Meta Ads,8.975
2024-12-09,Sicilia,Meta Ads,60.247
2024-12-09,Toscana,Meta Ads,21.378
2024-12-09,Trentino-Alto Adige,Meta Ads,8.513
2024-12-09,Umbria,Meta Ads,4.889
2024-12-09,Valle d'Aosta,Meta Ads,1.124
2024-12-09,Veneto,Meta Ads,37.18
2024-12-16,Abruzzo,Meta Ads,7.989
2024-12-16,Basilicata,Meta Ads,2.722
2024-12-16,Calabria,Meta Ads,14.178
2024-12-16,Campania,Meta Ads,50.267
2024-12-16,Emilia-Romagna,Meta Ads,28.338
2024-12-16,Friuli-Venezia Giulia,Meta Ads,8.332
2024-12-16,Lazio,Meta Ads,38.146
2024-12-16,Liguria,Meta Ads,10.99
2024-12-16,Lombardia,Meta Ads,48.258
2024-12-16,Marche,Meta Ads,8.902
2024-12-16,Molise,Meta Ads,2.567
2024-12-16,Piemonte,Meta Ads,36.562
2024-12-16,Puglia,Meta Ads,24.197
2024-12-16,Sardegna,Meta Ads,9.026
2024-12-16,Sicilia,Meta Ads,61.283
2024-12-16,Toscana,Meta Ads,21.22
2024-12-16,Trentino-Alto Adige,Meta Ads,8.664
2024-12-16,Umbria,Meta Ads,4.832
2024-12-16,Valle d'Aosta,Meta Ads,1.11
2024-12-16,Veneto,Meta Ads,37.247
2024-12-23,Abruzzo,Meta Ads,7.842
2024-12-23,Basilicata,Meta Ads,2.686
2024-12-23,Calabria,Meta Ads,13.905
2024-12-23,Campania,Meta Ads,50.029
2024-12-23,Emilia-Romagna,Meta Ads,28.05
2024-12-23,Friuli-Venezia Giulia,Meta Ads,8.43
2024-12-23,Lazio,Meta Ads,38.224
2024-12-23,Liguria,Meta Ads,10.993
2024-12-23,Lombardia,Meta Ads,47.929
2024-12-23,Marche,Meta Ads,8.841
2024-12-23,Molise,Meta Ads,2.658
2024-12-23,Piemonte,Meta Ads,35.167
2024-12-23,Puglia,Meta Ads,24.049
2024-12-23,Sardegna,Meta Ads,8.979
2024-12-23,Sicilia,Meta Ads,60.359
2024-12-23,Toscana,Meta Ads,21.442
2024-12-23,Trentino-Alto Adige,Meta Ads,8.622
2024-12-23,Umbria,Meta Ads,4.95
2024-12-23,Valle d'Aosta,Meta Ads,1.07
2024-12-23,Veneto,Meta Ads,37.293
2024-12-30,Abruzzo,Meta Ads,7.174
2024-12-30,Basilicata,Meta Ads,2.347
2024-12-30,Calabria,Meta Ads,12.372
2024-12-30,Campania,Meta Ads,45.075
2024-12-30,Emilia-Romagna,Meta Ads,24.905
2024-12-30,Friuli-Venezia Giulia,Meta Ads,7.545
2024-12-30,Lazio,Meta Ads,35.424
2024-12-30,Liguria,Meta Ads,9.834
2024-12-30,Lombardia,Meta Ads,43.253
2024-12-30,Marche,Meta Ads,8.082
2024-12-30,Molise,Meta Ads,2.39
2024-12-30,Piemonte,Meta Ads,30.833
2024-12-30,Puglia,Meta Ads,21.506
2024-12-30,Sardegna,Meta Ads,8.164
2024-12-30,Sicilia,Meta Ads,54.21
2024-12-30,Toscana,Meta Ads,19.245
2024-12-30,Trentino-Alto Adige,Meta Ads,7.578
2024-12-30,Umbria,Meta Ads,4.514
2024-12-30,Valle d'Aosta,Meta Ads,0.979
2024-12-30,Veneto,Meta Ads,32.578
2025-01-06,Abruzzo,Meta Ads,6.57
2025-01-06,Basilicata,Meta Ads,2.132
2025-01-06,Calabria,Meta Ads,11.608
2025-01-06,Campania,Meta Ads,41.396
2025-01-06,Emilia-Romagna,Meta Ads,22.648
2025-01-06,Friuli-Venezia Giulia,Meta Ads,6.756
2025-01-06,Lazio,Meta Ads,32.758
2025-01-06,Liguria,Meta Ads,8.807
2025-01-06,Lombardia,Meta Ads,39.786
2025-01-06,Marche,Meta Ads,7.714
2025-01-06,Molise,Meta Ads,2.199
2025-01-06,Piemonte,Meta Ads,28.441
2025-01-06,Puglia,Meta Ads,19.88
2025-01-06,Sardegna,Meta Ads,7.687
2025-01-06,Sicilia,Meta Ads,49.115
2025-01-06,Toscana,Meta Ads,17.782
2025-01-06,Trentino-Alto Adige,Meta Ads,7.073
2025-01-06,Umbria,Meta Ads,4.141
2025-01-06,Valle d'Aosta,Meta Ads,0.91
2025-01-06,Veneto,Meta Ads,29.27
2025-01-13,Abruzzo,Meta Ads,6.588
2025-01-13,Basilicata,Meta Ads,2.088
2025-01-13,Calabria,Meta Ads,11.421
2025-01-13,Campania,Meta Ads,42.059
2025-01-13,Emilia-Romagna,Meta Ads,21.802
2025-01-13,Friuli-Venezia Giulia,Meta Ads,6.615
2025-01-13,Lazio,Meta Ads,30.786
2025-01-13,Liguria,Meta Ads,8.704
2025-01-13,Lombardia,Meta Ads,39.634
2025-01-13,Marche,Meta Ads,7.491
2025-01-13,Molise,Meta Ads,2.114
2025-01-13,Piemonte,Meta Ads,28.182
2025-01-13,Puglia,Meta Ads,19.36
2025-01-13,Sardegna,Meta Ads,7.424
2025-01-13,Sicilia,Meta Ads,47.095
2025-01-13,Toscana,Meta Ads,17.691
2025-01-13,Trentino-Alto Adige,Meta Ads,6.916
2025-01-13,Umbria,Meta Ads,3.996
2025-01-13,Valle d'Aosta,Meta Ads,0.886
2025-01-13,Veneto,Meta Ads,29.677
2025-01-20,Abruzzo,Meta Ads,6.59
2025-01-20,Basilicata,Meta Ads,2.02
2025-01-20,Calabria,Meta Ads,11.108
2025-01-20,Campania,Meta Ads,42.954
2025-01-20,Emilia-Romagna,Meta Ads,20.893
2025-01-20,Friuli-Venezia Giulia,Meta Ads,6.419
2025-01-20,Lazio,Meta Ads,30.494
2025-01-20,Liguria,Meta Ads,8.638
2025-01-20,Lombardia,Meta Ads,38.983
2025-01-20,Marche,Meta Ads,7.229
2025-01-20,Molise,Meta Ads,2.121
2025-01-20,Piemonte,Meta Ads,28.005
2025-01-20,Puglia,Meta Ads,19.238
2025-01-20,Sardegna,Meta Ads,7.171
2025-01-20,Sicilia,Meta Ads,45.305
2025-01-20,Toscana,Meta Ads,17.051
2025-01-20,Trentino-Alto Adige,Meta Ads,6.723
2025-01-20,Umbria,Meta Ads,3.92
2025-01-20,Valle d'Aosta,Meta Ads,0.857
2025-01-20,Veneto,Meta Ads,28.676
2025-01-27,Abruzzo,Meta Ads,7.655
2025-01-27,Basilicata,Meta Ads,2.408
2025-01-27,Calabria,Meta Ads,12.63
2025-01-27,Campania,Meta Ads,47.39
2025-01-27,Emilia-Romagna,Meta Ads,23.701
2025-01-27,Friuli-Venezia Giulia,Meta Ads,7.246
2025-01-27,Lazio,Meta Ads,33.645
2025-01-27,Liguria,Meta Ads,9.524
2025-01-27,Lombardia,Meta Ads,44.037
2025-01-27,Marche,Meta Ads,8.396
2025-01-27,Molise,Meta Ads,2.371
2025-01-27,Piemonte,Meta Ads,32.138
2025-01-27,Puglia,Meta Ads,21.307
2025-01-27,Sardegna,Meta Ads,8.328
2025-01-27,Sicilia,Meta Ads,49.984
2025-01-27,Toscana,Meta Ads,19.399
2025-01-27,Trentino-Alto Adige,Meta Ads,7.619
2025-01-27,Umbria,Meta Ads,4.45
2025-01-27,Valle d'Aosta,Meta Ads,0.939
2025-01-27,Veneto,Meta Ads,32.167
2025-02-03,Abruzzo,Meta Ads,8.713
2025-02-03,Basilicata,Meta Ads,2.701
2025-02-03,Calabria,Meta Ads,14.46
2025-02-03,Campania,Meta Ads,52.007
2025-02-03,Emilia-Romagna,Meta Ads,28.028
2025-02-03,Friuli-Venezia Giulia,Meta Ads,8.171
2025-02-03,Lazio,Meta Ads,38.301
2025-02-03,Liguria,Meta Ads,10.626
2025-02-03,Lombardia,Meta Ads,49.655
2025-02-03,Marche,Meta Ads,9.262
2025-02-03,Molise,Meta Ads,2.565
2025-02-03,Piemonte,Meta Ads,35.966
2025-02-03,Puglia,Meta Ads,23.775
2025-02-03,Sardegna,Meta Ads,9.263
2025-02-03,Sicilia,Meta Ads,56.013
2025-02-03,Toscana,Meta Ads,21.657
2025-02-03,Trentino-Alto Adige,Meta Ads,8.222
2025-02-03,Umbria,Meta Ads,4.967
2025-02-03,Valle d'Aosta,Meta Ads,1.1
2025-02-03,Veneto,Meta Ads,36.402
2025-02-10,Abruzzo,Meta Ads,8.302
2025-02-10,Basilicata,Meta Ads,2.587
2025-02-10,Calabria,Meta Ads,14.324
2025-02-10,Campania,Meta Ads,50.104
2025-02-10,Emilia-Romagna,Meta Ads,27.958
2025-02-10,Friuli-Venezia Giulia,Meta Ads,7.947
2025-02-10,Lazio,Meta Ads,37.11
2025-02-10,Liguria,Meta Ads,10.184
2025-02-10,Lombardia,Meta Ads,48.488
2025-02-10,Marche,Meta Ads,8.939
2025-02-10,Molise,Meta Ads,2.499
2025-02-10,Piemonte,Meta Ads,35.671
2025-02-10,Puglia,Meta Ads,23.151
2025-02-10,Sardegna,Meta Ads,8.845
2025-02-10,Sicilia,Meta Ads,56.369
2025-02-10,Toscana,Meta Ads,21.297
2025-02-10,Trentino-Alto Adige,Meta Ads,8.093
2025-02-10,Umbria,Meta Ads,4.828
2025-02-10,Valle d'Aosta,Meta Ads,1.097
2025-02-10,Veneto,Meta Ads,36.302
2025-02-17,Abruzzo,Meta Ads,7.663
2025-02-17,Basilicata,Meta Ads,2.427
2025-02-17,Calabria,Meta Ads,13.291
2025-02-17,Campania,Meta Ads,45.627
2025-02-17,Emilia-Romagna,Meta Ads,26.239
2025-02-17,Friuli-Venezia Giulia,Meta Ads,7.499
2025-02-17,Lazio,Meta Ads,35.452
2025-02-17,Liguria,Meta Ads,9.722
2025-02-17,Lombardia,Meta Ads,45.78
2025-02-17,Marche,Meta Ads,8.215
2025-02-17,Molise,Meta Ads,2.348
2025-02-17,Piemonte,Meta Ads,32.997
2025-02-17,Puglia,Meta Ads,21.728
2025-02-17,Sardegna,Meta Ads,8.251
2025-02-17,Sicilia,Meta Ads,53.564
2025-02-17,Toscana,Meta Ads,20.572
2025-02-17,Trentino-Alto Adige,Meta Ads,7.59
2025-02-17,Umbria,Meta Ads,4.539
2025-02-17,Valle d'Aosta,Meta Ads,1.069
2025-02-17,Veneto,Meta Ads,35.028
2025-02-24,Abruzzo,Meta Ads,6.695
2025-02-24,Basilicata,Meta Ads,2.15
2025-02-24,Calabria,Meta Ads,11.395
2025-02-24,Campania,Meta Ads,39.541
2025-02-24,Emilia-Romagna,Meta Ads,22.911
2025-02-24,Friuli-Venezia Giulia,Meta Ads,6.43
2025-02-24,Lazio,Meta Ads,31.234
2025-02-24,Liguria,Meta Ads,8.53
2025-02-24,Lombardia,Meta Ads,40.034
2025-02-24,Marche,Meta Ads,7.181
2025-02-24,Molise,Meta Ads,2.084
2025-02-24,Piemonte,Meta Ads,27.82
2025-02-24,Puglia,Meta Ads,19.281
2025-02-24,Sardegna,Meta Ads,7.307
2025-02-24,Sicilia,Meta Ads,46.43
2025-02-24,Toscana,Meta Ads,17.914
2025-02-24,Trentino-Alto Adige,Meta Ads,6.625
2025-02-24,Umbria,Meta Ads,4.003
2025-02-24,Valle d'Aosta,Meta Ads,0.924
2025-02-24,Veneto,Meta Ads,30.688
2025-03-03,Abruzzo,Meta Ads,6.839
2025-03-03,Basilicata,Meta Ads,2.2
2025-03-03,Calabria,Meta Ads,11.785
2025-03-03,Campania,Meta Ads,40.026
2025-03-03,Emilia-Romagna,Meta Ads,23.297
2025-03-03,Friuli-Venezia Giulia,Meta Ads,6.344
2025-03-03,Lazio,Meta Ads,32.229
2025-03-03,Liguria,Meta Ads,8.934
2025-03-03,Lombardia,Meta Ads,41.58
2025-03-03,Marche,Meta Ads,7.425
2025-03-03,Molise,Meta Ads,2.117
2025-03-03,Piemonte,Meta Ads,29.086
2025-03-03,Puglia,Meta Ads,19.676
2025-03-03,Sardegna,Meta Ads,7.534
2025-03-03,Sicilia,Meta Ads,47.367
2025-03-03,Toscana,Meta Ads,18.403
2025-03-03,Trentino-Alto Adige,Meta Ads,6.873
2025-03-03,Umbria,Meta Ads,4.103
2025-03-03,Valle d'Aosta,Meta Ads,0.943
2025-03-03,Veneto,Meta Ads,30.343
2025-03-10,Abruzzo,Meta Ads,6.911
2025-03-10,Basilicata,Meta Ads,2.25
2025-03-10,Calabria,Meta Ads,11.788
2025-03-10,Campania,Meta Ads,40.984
2025-03-10,Emilia-Romagna,Meta Ads,23.69
2025-03-10,Friuli-Venezia Giulia,Meta Ads,6.568
2025-03-10,Lazio,Meta Ads,33.331
2025-03-10,Liguria,Meta Ads,9.147
2025-03-10,Lombardia,Meta Ads,42.518
2025-03-10,Marche,Meta Ads,7.768
2025-03-10,Molise,Meta Ads,2.163
2025-03-10,Piemonte,Meta Ads,29.43
2025-03-10,Puglia,Meta Ads,19.464
2025-03-10,Sardegna,Meta Ads,7.717
2025-03-10,Sicilia,Meta Ads,48.749
2025-03-10,Toscana,Meta Ads,18.495
2025-03-10,Trentino-Alto Adige,Meta Ads,7.387
2025-03-10,Umbria,Meta Ads,4.31
2025-03-10,Valle d'Aosta,Meta Ads,0.971
2025-03-10,Veneto,Meta Ads,31.538
2025-03-17,Abruzzo,Meta Ads,7.167
2025-03-17,Basilicata,Meta Ads,2.332
2025-03-17,Calabria,Meta Ads,12.103
2025-03-17,Campania,Meta Ads,41.874
2025-03-17,Emilia-Romagna,Meta Ads,24.268
2025-03-17,Friuli-Venezia Giulia,Meta Ads,6.889
2025-03-17,Lazio,Meta Ads,34.006
2025-03-17,Liguria,Meta Ads,9.793
2025-03-17,Lombardia,Meta Ads,42.761
2025-03-17,Marche,Meta Ads,8.078
2025-03-17,Molise,Meta Ads,2.18
2025-03-17,Piemonte,Meta Ads,29.322
2025-03-17,Puglia,Meta Ads,20.12
2025-03-17,Sardegna,Meta Ads,7.998
2025-03-17,Sicilia,Meta Ads,50.287
2025-03-17,Toscana,Meta Ads,18.603
2025-03-17,Trentino-Alto Adige,Meta Ads,7.82
2025-03-17,Umbria,Meta Ads,4.547
2025-03-17,Valle d'Aosta,Meta Ads,0.996
2025-03-17,Veneto,Meta Ads,33.272
2025-03-24,Abruzzo,Meta Ads,6.395
2025-03-24,Basilicata,Meta Ads,2.084
2025-03-24,Calabria,Meta Ads,11.051
2025-03-24,Campania,Meta Ads,38.413
2025-03-24,Emilia-Romagna,Meta Ads,22.286
2025-03-24,Friuli-Venezia Giulia,Meta Ads,6.323
2025-03-24,Lazio,Meta Ads,30.383
2025-03-24,Liguria,Meta Ads,8.888
2025-03-24,Lombardia,Meta Ads,39.432
2025-03-24,Marche,Meta Ads,7.333
2025-03-24,Molise,Meta Ads,1.976
2025-03-24,Piemonte,Meta Ads,26.321
2025-03-24,Puglia,Meta Ads,17.903
2025-03-24,Sardegna,Meta Ads,7.245
2025-03-24,Sicilia,Meta Ads,47.361
2025-03-24,Toscana,Meta Ads,16.849
2025-03-24,Trentino-Alto Adige,Meta Ads,7.18
2025-03-24,Umbria,Meta Ads,4.001
2025-03-24,Valle d'Aosta,Meta Ads,0.895
2025-03-24,Veneto,Meta Ads,30.17
2025-03-31,Abruzzo,Meta Ads,7.087
2025-03-31,Basilicata,Meta Ads,2.312
2025-03-31,Calabria,Meta Ads,11.957
2025-03-31,Campania,Meta Ads,42.045
2025-03-31,Emilia-Romagna,Meta Ads,24.39
2025-03-31,Friuli-Venezia Giulia,Meta Ads,6.945
2025-03-31,Lazio,Meta Ads,33.053
2025-03-31,Liguria,Meta Ads,9.702
2025-03-31,Lombardia,Meta Ads,42.834
2025-03-31,Marche,Meta Ads,8.12
2025-03-31,Molise,Meta Ads,2.223
2025-03-31,Piemonte,Meta Ads,28.975
2025-03-31,Puglia,Meta Ads,19.775
2025-03-31,Sardegna,Meta Ads,7.879
2025-03-31,Sicilia,Meta Ads,51.444
2025-03-31,Toscana,Meta Ads,18.834
2025-03-31,Trentino-Alto Adige,Meta Ads,7.63
2025-03-31,Umbria,Meta Ads,4.289
2025-03-31,Valle d'Aosta,Meta Ads,0.97
2025-03-31,Veneto,Meta Ads,31.956
2025-04-07,Abruzzo,Meta Ads,7.285
2025-04-07,Basilicata,Meta Ads,2.369
2025-04-07,Calabria,Meta Ads,12.242
2025-04-07,Campania,Meta Ads,44.444
2025-04-07,Emilia-Romagna,Meta Ads,24.65
2025-04-07,Friuli-Venezia Giulia,Meta Ads,7.189
2025-04-07,Lazio,Meta Ads,33.912
2025-04-07,Liguria,Meta Ads,10.286
2025-04-07,Lombardia,Meta Ads,44.696
2025-04-07,Marche,Meta Ads,8.534
2025-04-07,Molise,Meta Ads,2.277
2025-04-07,Piemonte,Meta Ads,30.368
2025-04-07,Puglia,Meta Ads,20.79
2025-04-07,Sardegna,Meta Ads,7.941
2025-04-07,Sicilia,Meta Ads,54.11
2025-04-07,Toscana,Meta Ads,19.725
2025-04-07,Trentino-Alto Adige,Meta Ads,7.778
2025-04-07,Umbria,Meta Ads,4.457
2025-04-07,Valle d'Aosta,Meta Ads,1.007
2025-04-07,Veneto,Meta Ads,32.386
2025-04-14,Abruzzo,Meta Ads,6.992
2025-04-14,Basilicata,Meta Ads,2.217
2025-04-14,Calabria,Meta Ads,11.662
2025-04-14,Campania,Meta Ads,41.709
2025-04-14,Emilia-Romagna,Meta Ads,22.595
2025-04-14,Friuli-Venezia Giulia,Meta Ads,6.789
2025-04-14,Lazio,Meta Ads,32.433
2025-04-14,Liguria,Meta Ads,9.606
2025-04-14,Lombardia,Meta Ads,43.291
2025-04-14,Marche,Meta Ads,7.984
2025-04-14,Molise,Meta Ads,2.102
2025-04-14,Piemonte,Meta Ads,28.819
2025-04-14,Puglia,Meta Ads,19.453
2025-04-14,Sardegna,Meta Ads,7.529
2025-04-14,Sicilia,Meta Ads,50.747
2025-04-14,Toscana,Meta Ads,18.751
2025-04-14,Trentino-Alto Adige,Meta Ads,7.201
2025-04-14,Umbria,Meta Ads,4.216
2025-04-14,Valle d'Aosta,Meta Ads,0.941
2025-04-14,Veneto,Meta Ads,30.876
2025-04-21,Abruzzo,Meta Ads,7.005
2025-04-21,Basilicata,Meta Ads,2.248
2025-04-21,Calabria,Meta Ads,11.912
2025-04-21,Campania,Meta Ads,40.585
2025-04-21,Emilia-Romagna,Meta Ads,21.775
2025-04-21,Friuli-Venezia Giulia,Meta Ads,6.627
2025-04-21,Lazio,Meta Ads,33.034
2025-04-21,Liguria,Meta Ads,9.395
2025-04-21,Lombardia,Meta Ads,43.142
2025-04-21,Marche,Meta Ads,7.838
2025-04-21,Molise,Meta Ads,2.139
2025-04-21,Piemonte,Meta Ads,28.361
2025-04-21,Puglia,Meta Ads,19.971
2025-04-21,Sardegna,Meta Ads,7.274
2025-04-21,Sicilia,Meta Ads,50.644
2025-04-21,Toscana,Meta Ads,18.073
2025-04-21,Trentino-Alto Adige,Meta Ads,7.043
2025-04-21,Umbria,Meta Ads,4.119
2025-04-21,Valle d'Aosta,Meta Ads,0.9
2025-04-21,Veneto,Meta Ads,31.702
2025-04-28,Abruzzo,Meta Ads,7.174
2025-04-28,Basilicata,Meta Ads,2.264
2025-04-28,Calabria,Meta Ads,11.693
2025-04-28,Campania,Meta Ads,41.368
2025-04-28,Emilia-Romagna,Meta Ads,22.293
2025-04-28,Friuli-Venezia Giulia,Meta Ads,6.567
2025-04-28,Lazio,Meta Ads,33.943
2025-04-28,Liguria,Meta Ads,9.604
2025-04-28,Lombardia,Meta Ads,43.302
2025-04-28,Marche,Meta Ads,7.865
2025-04-28,Molise,Meta Ads,2.16
2025-04-28,Piemonte,Meta Ads,30.286
2025-04-28,Puglia,Meta Ads,20.933
2025-04-28,Sardegna,Meta Ads,7.256
2025-04-28,Sicilia,Meta Ads,52.063
2025-04-28,Toscana,Meta Ads,17.728
2025-04-28,Trentino-Alto Adige,Meta Ads,7.126
2025-04-28,Umbria,Meta Ads,4.118
2025-04-28,Valle d'Aosta,Meta Ads,0.873
2025-04-28,Veneto,Meta Ads,31.315
2025-05-05,Abruzzo,Meta Ads,7.138
2025-05-05,Basilicata,Meta Ads,2.205
2025-05-05,Calabria,Meta Ads,11.858
2025-05-05,Campania,Meta Ads,41.126
2025-05-05,Emilia-Romagna,Meta Ads,21.848
2025-05-05,Friuli-Venezia Giulia,Meta Ads,6.521
2025-05-05,Lazio,Meta Ads,34.585
2025-05-05,Liguria,Meta Ads,9.816
2025-05-05,Lombardia,Meta Ads,43.014
2025-05-05,Marche,Meta Ads,7.82
2025-05-05,Molise,Meta Ads,2.134
2025-05-05,Piemonte,Meta Ads,29.897
2025-05-05,Puglia,Meta Ads,21.181
2025-05-05,Sardegna,Meta Ads,7.32
2025-05-05,Sicilia,Meta Ads,50.954
2025-05-05,Toscana,Meta Ads,17.641
2025-05-05,Trentino-Alto Adige,Meta Ads,7.118
2025-05-05,Umbria,Meta Ads,4.17
2025-05-05,Valle d'Aosta,Meta Ads,0.869
2025-05-05,Veneto,Meta Ads,31.809
2025-05-12,Abruzzo,Meta Ads,7.274
2025-05-12,Basilicata,Meta Ads,2.172
2025-05-12,Calabria,Meta Ads,11.588
2025-05-12,Campania,Meta Ads,42.518
2025-05-12,Emilia-Romagna,Meta Ads,21.579
2025-05-12,Friuli-Venezia Giulia,Meta Ads,6.393
2025-05-12,Lazio,Meta Ads,34.721
2025-05-12,Liguria,Meta Ads,9.629
2025-05-12,Lombardia,Meta Ads,41.364
2025-05-12,Marche,Meta Ads,7.815
2025-05-12,Molise,Meta Ads,2.08
2025-05-12,Piemonte,Meta Ads,29.782
2025-05-12,Puglia,Meta Ads,20.999
2025-05-12,Sardegna,Meta Ads,7.025
2025-05-12,Sicilia,Meta Ads,48.631
2025-05-12,Toscana,Meta Ads,17.291
2025-05-12,Trentino-Alto Adige,Meta Ads,6.902
2025-05-12,Umbria,Meta Ads,4.352
2025-05-12,Valle d'Aosta,Meta Ads,0.866
2025-05-12,Veneto,Meta Ads,31.709
2025-05-19,Abruzzo,Meta Ads,7.262
2025-05-19,Basilicata,Meta Ads,2.147
2025-05-19,Calabria,Meta Ads,11.643
2025-05-19,Campania,Meta Ads,42.559
2025-05-19,Emilia-Romagna,Meta Ads,22.141
2025-05-19,Friuli-Venezia Giulia,Meta Ads,6.508
2025-05-19,Lazio,Meta Ads,33.525
2025-05-19,Liguria,Meta Ads,9.805
2025-05-19,Lombardia,Meta Ads,40.424
2025-05-19,Marche,Meta Ads,7.625
2025-05-19,Molise,Meta Ads,2.143
2025-05-19,Piemonte,Meta Ads,29.251
2025-05-19,Puglia,Meta Ads,21.513
2025-05-19,Sardegna,Meta Ads,7.127
2025-05-19,Sicilia,Meta Ads,47.762
2025-05-19,Toscana,Meta Ads,17.617
2025-05-19,Trentino-Alto Adige,Meta Ads,6.866
2025-05-19,Umbria,Meta Ads,4.362
2025-05-19,Valle d'Aosta,Meta Ads,0.898
2025-05-19,Veneto,Meta Ads,31.183
2025-05-26,Abruzzo,Meta Ads,7.149
2025-05-26,Basilicata,Meta Ads,2.251
2025-05-26,Calabria,Meta Ads,12.156
2025-05-26,Campania,Meta Ads,44.965
2025-05-26,Emilia-Romagna,Meta Ads,23.205
2025-05-26,Friuli-Venezia Giulia,Meta Ads,6.615
2025-05-26,Lazio,Meta Ads,33.232
2025-05-26,Liguria,Meta Ads,10.038
2025-05-26,Lombardia,Meta Ads,40.92
2025-05-26,Marche,Meta Ads,7.784
2025-05-26,Molise,Meta Ads,2.241
2025-05-26,Piemonte,Meta Ads,30.254
2025-05-26,Puglia,Meta Ads,21.908
2025-05-26,Sardegna,Meta Ads,7.36
2025-05-26,Sicilia,Meta Ads,48.421
2025-05-26,Toscana,Meta Ads,18.112
2025-05-26,Trentino-Alto Adige,Meta Ads,7.125
2025-05-26,Umbria,Meta Ads,4.479
2025-05-26,Valle d'Aosta,Meta Ads,0.955
2025-05-26,Veneto,Meta Ads,31.148
2025-06-02,Abruzzo,Meta Ads,7.506
2025-06-02,Basilicata,Meta Ads,2.328
2025-06-02,Calabria,Meta Ads,12.104
2025-06-02,Campania,Meta Ads,45.859
2025-06-02,Emilia-Romagna,Meta Ads,22.797
2025-06-02,Friuli-Venezia Giulia,Meta Ads,6.732
2025-06-02,Lazio,Meta Ads,32.962
2025-06-02,Liguria,Meta Ads,10.336
2025-06-02,Lombardia,Meta Ads,42.927
2025-06-02,Marche,Meta Ads,7.97
2025-06-02,Molise,Meta Ads,2.242
2025-06-02,Piemonte,Meta Ads,30.844
2025-06-02,Puglia,Meta Ads,22.355
2025-06-02,Sardegna,Meta Ads,7.618
2025-06-02,Sicilia,Meta Ads,50.727
2025-06-02,Toscana,Meta Ads,18.393
2025-06-02,Trentino-Alto Adige,Meta Ads,7.468
2025-06-02,Umbria,Meta Ads,4.424
2025-06-02,Valle d'Aosta,Meta Ads,0.995
2025-06-02,Veneto,Meta Ads,32.587
2025-06-09,Abruzzo,Meta Ads,7.952
2025-06-09,Basilicata,Meta Ads,2.543
2025-06-09,Calabria,Meta Ads,14.446
2025-06-09,Campania,Meta Ads,50.958
2025-06-09,Emilia-Romagna,Meta Ads,26.897
2025-06-09,Friuli-Venezia Giulia,Meta Ads,7.248
2025-06-09,Lazio,Meta Ads,34.918
2025-06-09,Liguria,Meta Ads,10.658
2025-06-09,Lombardia,Meta Ads,46.993
2025-06-09,Marche,Meta Ads,8.426
2025-06-09,Molise,Meta Ads,2.421
2025-06-09,Piemonte,Meta Ads,32.55
2025-06-09,Puglia,Meta Ads,25.722
2025-06-09,Sardegna,Meta Ads,8.946
2025-06-09,Sicilia,Meta Ads,59.901
2025-06-09,Toscana,Meta Ads,19.728
2025-06-09,Trentino-Alto Adige,Meta Ads,9.047
2025-06-09,Umbria,Meta Ads,4.63
2025-06-09,Valle d'Aosta,Meta Ads,1.085
2025-06-09,Veneto,Meta Ads,36.117
2025-06-16,Abruzzo,Meta Ads,6.788
2025-06-16,Basilicata,Meta Ads,2.187
2025-06-16,Calabria,Meta Ads,13.307
2025-06-16,Campania,Meta Ads,45.077
2025-06-16,Emilia-Romagna,Meta Ads,24.676
2025-06-16,Friuli-Venezia Giulia,Meta Ads,6.298
2025-06-16,Lazio,Meta Ads,31.032
2025-06-16,Liguria,Meta Ads,9.453
2025-06-16,Lombardia,Meta Ads,41.012
2025-06-16,Marche,Meta Ads,7.402
2025-06-16,Molise,Meta Ads,2.069
2025-06-16,Piemonte,Meta Ads,27.508
2025-06-16,Puglia,Meta Ads,22.979
2025-06-16,Sardegna,Meta Ads,8.362
2025-06-16,Sicilia,Meta Ads,53.886
2025-06-16,Toscana,Meta Ads,17.596
2025-06-16,Trentino-Alto Adige,Meta Ads,8.127
2025-06-16,Umbria,Meta Ads,4.102
2025-06-16,Valle d'Aosta,Meta Ads,0.971
2025-06-16,Veneto,Meta Ads,31.506
2025-06-23,Abruzzo,Meta Ads,6.388
2025-06-23,Basilicata,Meta Ads,2.063
2025-06-23,Calabria,Meta Ads,13.069
2025-06-23,Campania,Meta Ads,41.702
2025-06-23,Emilia-Romagna,Meta Ads,24.677
2025-06-23,Friuli-Venezia Giulia,Meta Ads,6.114
2025-06-23,Lazio,Meta Ads,30.335
2025-06-23,Liguria,Meta Ads,9.107
2025-06-23,Lombardia,Meta Ads,39.494
2025-06-23,Marche,Meta Ads,7.102
2025-06-23,Molise,Meta Ads,1.967
2025-06-23,Piemonte,Meta Ads,26.313
2025-06-23,Puglia,Meta Ads,22.013
2025-06-23,Sardegna,Meta Ads,8.32
2025-06-23,Sicilia,Meta Ads,52.99
2025-06-23,Toscana,Meta Ads,17.169
2025-06-23,Trentino-Alto Adige,Meta Ads,7.632
2025-06-23,Umbria,Meta Ads,3.851
2025-06-23,Valle d'Aosta,Meta Ads,0.924
2025-06-23,Veneto,Meta Ads,29.377
2025-06-30,Abruzzo,Meta Ads,6.358
2025-06-30,Basilicata,Meta Ads,2.011
2025-06-30,Calabria,Meta Ads,13.253
2025-06-30,Campania,Meta Ads,40.142
2025-06-30,Emilia-Romagna,Meta Ads,24.686
2025-06-30,Friuli-Venezia Giulia,Meta Ads,6.12
2025-06-30,Lazio,Meta Ads,29.519
2025-06-30,Liguria,Meta Ads,9.072
2025-06-30,Lombardia,Meta Ads,38.479
2025-06-30,Marche,Meta Ads,6.797
2025-06-30,Molise,Meta Ads,2.02
2025-06-30,Piemonte,Meta Ads,26.002
2025-06-30,Puglia,Meta Ads,22.064
2025-06-30,Sardegna,Meta Ads,8.307
2025-06-30,Sicilia,Meta Ads,52.837
2025-06-30,Toscana,Meta Ads,17.141
2025-06-30,Trentino-Alto Adige,Meta Ads,8.012
2025-06-30,Umbria,Meta Ads,3.655
2025-06-30,Valle d'Aosta,Meta Ads,0.878
2025-06-30,Veneto,Meta Ads,27.334
2025-07-07,Abruzzo,Meta Ads,6.435
2025-07-07,Basilicata,Meta Ads,2.02
2025-07-07,Calabria,Meta Ads,13.191
2025-07-07,Campania,Meta Ads,40.512
2025-07-07,Emilia-Romagna,Meta Ads,24.816
2025-07-07,Friuli-Venezia Giulia,Meta Ads,6.419
2025-07-07,Lazio,Meta Ads,29.954
2025-07-07,Liguria,Meta Ads,9.137
2025-07-07,Lombardia,Meta Ads,37.583
2025-07-07,Marche,Meta Ads,6.743
2025-07-07,Molise,Meta Ads,2.064
2025-07-07,Piemonte,Meta Ads,26.444
2025-07-07,Puglia,Meta Ads,21.747
2025-07-07,Sardegna,Meta Ads,8.246
2025-07-07,Sicilia,Meta Ads,52.419
2025-07-07,Toscana,Meta Ads,17.943
2025-07-07,Trentino-Alto Adige,Meta Ads,7.966
2025-07-07,Umbria,Meta Ads,3.681
2025-07-07,Valle d'Aosta,Meta Ads,0.882
2025-07-07,Veneto,Meta Ads,27.305
2025-07-14,Abruzzo,Meta Ads,6.4
2025-07-14,Basilicata,Meta Ads,1.933
2025-07-14,Calabria,Meta Ads,12.99
2025-07-14,Campania,Meta Ads,40.859
2025-07-14,Emilia-Romagna,Meta Ads,24.095
2025-07-14,Friuli-Venezia Giulia,Meta Ads,6.3
2025-07-14,Lazio,Meta Ads,29.37
2025-07-14,Liguria,Meta Ads,9.155
2025-07-14,Lombardia,Meta Ads,38.515
2025-07-14,Marche,Meta Ads,6.792
2025-07-14,Molise,Meta Ads,2.018
2025-07-14,Piemonte,Meta Ads,25.928
2025-07-14,Puglia,Meta Ads,21.731
2025-07-14,Sardegna,Meta Ads,8.378
2025-07-14,Sicilia,Meta Ads,51.888
2025-07-14,Toscana,Meta Ads,17.728
2025-07-14,Trentino-Alto Adige,Meta Ads,7.926
2025-07-14,Umbria,Meta Ads,3.725
2025-07-14,Valle d'Aosta,Meta Ads,0.864
2025-07-14,Veneto,Meta Ads,28.155
2025-07-21,Abruzzo,Meta Ads,5.481
2025-07-21,Basilicata,Meta Ads,1.743
2025-07-21,Calabria,Meta Ads,11.412
2025-07-21,Campania,Meta Ads,37.068
2025-07-21,Emilia-Romagna,Meta Ads,21.836
2025-07-21,Friuli-Venezia Giulia,Meta Ads,5.327
2025-07-21,Lazio,Meta Ads,25.889
2025-07-21,Liguria,Meta Ads,8.12
2025-07-21,Lombardia,Meta Ads,36.085
2025-07-21,Marche,Meta Ads,6.091
2025-07-21,Molise,Meta Ads,1.814
2025-07-21,Piemonte,Meta Ads,22.562
2025-07-21,Puglia,Meta Ads,19.658
2025-07-21,Sardegna,Meta Ads,7.687
2025-07-21,Sicilia,Meta Ads,45.757
2025-07-21,Toscana,Meta Ads,16.192
2025-07-21,Trentino-Alto Adige,Meta Ads,7.193
2025-07-21,Umbria,Meta Ads,3.333
2025-07-21,Valle d'Aosta,Meta Ads,0.745
2025-07-21,Veneto,Meta Ads,24.799
2025-07-28,Abruzzo,Meta Ads,5.306
2025-07-28,Basilicata,Meta Ads,1.753
2025-07-28,Calabria,Meta Ads,11.464
2025-07-28,Campania,Meta Ads,37.59
2025-07-28,Emilia-Romagna,Meta Ads,21.808
2025-07-28,Friuli-Venezia Giulia,Meta Ads,5.394
2025-07-28,Lazio,Meta Ads,25.622
2025-07-28,Liguria,Meta Ads,8.197
2025-07-28,Lombardia,Meta Ads,36.833
2025-07-28,Marche,Meta Ads,6.005
2025-07-28,Molise,Meta Ads,1.846
2025-07-28,Piemonte,Meta Ads,22.79
2025-07-28,Puglia,Meta Ads,20.684
2025-07-28,Sardegna,Meta Ads,7.778
2025-07-28,Sicilia,Meta Ads,48.282
2025-07-28,Toscana,Meta Ads,15.857
2025-07-28,Trentino-Alto Adige,Meta Ads,7.332
2025-07-28,Umbria,Meta Ads,3.514
2025-07-28,Valle d'Aosta,Meta Ads,0.768
2025-07-28,Veneto,Meta Ads,26.766
2025-08-04,Abruzzo,Meta Ads,2.899
2025-08-04,Basilicata,Meta Ads,0.948
2025-08-04,Calabria,Meta Ads,6.52
2025-08-04,Campania,Meta Ads,20.972
2025-08-04,Emilia-Romagna,Meta Ads,12.319
2025-08-04,Friuli-Venezia Giulia,Meta Ads,2.975
2025-08-04,Lazio,Meta Ads,14.172
2025-08-04,Liguria,Meta Ads,4.731
2025-08-04,Lombardia,Meta Ads,20.745
2025-08-04,Marche,Meta Ads,3.282
2025-08-04,Molise,Meta Ads,1.025
2025-08-04,Piemonte,Meta Ads,12.22
2025-08-04,Puglia,Meta Ads,11.912
2025-08-04,Sardegna,Meta Ads,4.692
2025-08-04,Sicilia,Meta Ads,28.179
2025-08-04,Toscana,Meta Ads,8.967
2025-08-04,Trentino-Alto Adige,Meta Ads,4.28
2025-08-04,Umbria,Meta Ads,1.943
2025-08-04,Valle d'Aosta,Meta Ads,0.427
2025-08-04,Veneto,Meta Ads,14.873
2025-08-11,Abruzzo,Meta Ads,4.287
2025-08-11,Basilicata,Meta Ads,1.445
2025-08-11,Calabria,Meta Ads,7.976
2025-08-11,Campania,Meta Ads,31.124
2025-08-11,Emilia-Romagna,Meta Ads,15.998
2025-08-11,Friuli-Venezia Giulia,Meta Ads,4.107
2025-08-11,Lazio,Meta Ads,21.174
2025-08-11,Liguria,Meta Ads,6.64
2025-08-11,Lombardia,Meta Ads,27.537
2025-08-11,Marche,Meta Ads,4.954
2025-08-11,Molise,Meta Ads,1.512
2025-08-11,Piemonte,Meta Ads,19.005
2025-08-11,Puglia,Meta Ads,15.195
2025-08-11,Sardegna,Meta Ads,5.879
2025-08-11,Sicilia,Meta Ads,35.306
2025-08-11,Toscana,Meta Ads,13.027
2025-08-11,Trentino-Alto Adige,Meta Ads,5.205
2025-08-11,Umbria,Meta Ads,3.032
2025-08-11,Valle d'Aosta,Meta Ads,0.627
2025-08-11,Veneto,Meta Ads,21.126
2025-08-18,Abruzzo,Meta Ads,6.007
2025-08-18,Basilicata,Meta Ads,1.911
2025-08-18,Calabria,Meta Ads,10.025
2025-08-18,Campania,Meta Ads,39.609
2025-08-18,Emilia-Romagna,Meta Ads,19.215
2025-08-18,Friuli-Venezia Giulia,Meta Ads,5.511
2025-08-18,Lazio,Meta Ads,28.578
2025-08-18,Liguria,Meta Ads,8.419
2025-08-18,Lombardia,Meta Ads,35.582
2025-08-18,Marche,Meta Ads,6.621
2025-08-18,Molise,Meta Ads,1.895
2025-08-18,Piemonte,Meta Ads,23.175
2025-08-18,Puglia,Meta Ads,18.797
2025-08-18,Sardegna,Meta Ads,6.897
2025-08-18,Sicilia,Meta Ads,44.288
2025-08-18,Toscana,Meta Ads,16.394
2025-08-18,Trentino-Alto Adige,Meta Ads,6.462
2025-08-18,Umbria,Meta Ads,4.028
2025-08-18,Valle d'Aosta,Meta Ads,0.794
2025-08-18,Veneto,Meta Ads,28.459
2025-08-25,Abruzzo,Meta Ads,6.34
2025-08-25,Basilicata,Meta Ads,2.043
2025-08-25,Calabria,Meta Ads,10.31
2025-08-25,Campania,Meta Ads,40.035
2025-08-25,Emilia-Romagna,Meta Ads,19.832
2025-08-25,Friuli-Venezia Giulia,Meta Ads,5.706
2025-08-25,Lazio,Meta Ads,29.975
2025-08-25,Liguria,Meta Ads,8.414
2025-08-25,Lombardia,Meta Ads,37.47
2025-08-25,Marche,Meta Ads,7.159
2025-08-25,Molise,Meta Ads,2.009
2025-08-25,Piemonte,Meta Ads,25.25
2025-08-25,Puglia,Meta Ads,19.383
2025-08-25,Sardegna,Meta Ads,7.204
2025-08-25,Sicilia,Meta Ads,45.686
2025-08-25,Toscana,Meta Ads,17.116
2025-08-25,Trentino-Alto Adige,Meta Ads,6.868
2025-08-25,Umbria,Meta Ads,4.155
2025-08-25,Valle d'Aosta,Meta Ads,0.858
2025-08-25,Veneto,Meta Ads,29.093
2025-09-01,Abruzzo,Meta Ads,6.591
2025-09-01,Basilicata,Meta Ads,2.103
2025-09-01,Calabria,Meta Ads,10.763
2025-09-01,Campania,Meta Ads,41.387
2025-09-01,Emilia-Romagna,Meta Ads,20.223
2025-09-01,Friuli-Venezia Giulia,Meta Ads,5.867
2025-09-01,Lazio,Meta Ads,31.29
2025-09-01,Liguria,Meta Ads,8.54
2025-09-01,Lombardia,Meta Ads,37.708
2025-09-01,Marche,Meta Ads,7.382
2025-09-01,Molise,Meta Ads,2.024
2025-09-01,Piemonte,Meta Ads,27.73
2025-09-01,Puglia,Meta Ads,20.386
2025-09-01,Sardegna,Meta Ads,7.357
2025-09-01,Sicilia,Meta Ads,46.788
2025-09-01,Toscana,Meta Ads,17.621
2025-09-01,Trentino-Alto Adige,Meta Ads,7.087
2025-09-01,Umbria,Meta Ads,4.203
2025-09-01,Valle d'Aosta,Meta Ads,0.896
2025-09-01,Veneto,Meta Ads,29.905
2025-09-08,Abruzzo,Meta Ads,6.131
2025-09-08,Basilicata,Meta Ads,2.071
2025-09-08,Calabria,Meta Ads,10.485
2025-09-08,Campania,Meta Ads,41.371
2025-09-08,Emilia-Romagna,Meta Ads,20.045
2025-09-08,Friuli-Venezia Giulia,Meta Ads,5.632
2025-09-08,Lazio,Meta Ads,29.237
2025-09-08,Liguria,Meta Ads,8.522
2025-09-08,Lombardia,Meta Ads,38.057
2025-09-08,Marche,Meta Ads,7.152
2025-09-08,Molise,Meta Ads,1.93
2025-09-08,Piemonte,Meta Ads,26.152
2025-09-08,Puglia,Meta Ads,18.921
2025-09-08,Sardegna,Meta Ads,7.018
2025-09-08,Sicilia,Meta Ads,44.899
2025-09-08,Toscana,Meta Ads,17.109
2025-09-08,Trentino-Alto Adige,Meta Ads,6.624
2025-09-08,Umbria,Meta Ads,3.966
2025-09-08,Valle d'Aosta,Meta Ads,0.867
2025-09-08,Veneto,Meta Ads,27.375
2025-09-15,Abruzzo,Meta Ads,6.071
2025-09-15,Basilicata,Meta Ads,2.025
2025-09-15,Calabria,Meta Ads,10.105
2025-09-15,Campania,Meta Ads,40.975
2025-09-15,Emilia-Romagna,Meta Ads,20.502
2025-09-15,Friuli-Venezia Giulia,Meta Ads,5.701
2025-09-15,Lazio,Meta Ads,28.982
2025-09-15,Liguria,Meta Ads,8.524
2025-09-15,Lombardia,Meta Ads,37.195
2025-09-15,Marche,Meta Ads,6.889
2025-09-15,Molise,Meta Ads,1.968
2025-09-15,Piemonte,Meta Ads,26.268
2025-09-15,Puglia,Meta Ads,19.159
2025-09-15,Sardegna,Meta Ads,7.201
2025-09-15,Sicilia,Meta Ads,43.365
2025-09-15,Toscana,Meta Ads,17.267
2025-09-15,Trentino-Alto Adige,Meta Ads,6.283
2025-09-15,Umbria,Meta Ads,3.922
2025-09-15,Valle d'Aosta,Meta Ads,0.851
2025-09-15,Veneto,Meta Ads,26.842
2025-09-22,Abruzzo,Meta Ads,6.524
2025-09-22,Basilicata,Meta Ads,2.189
2025-09-22,Calabria,Meta Ads,11.158
2025-09-22,Campania,Meta Ads,46.991
2025-09-22,Emilia-Romagna,Meta Ads,24.431
2025-09-22,Friuli-Venezia Giulia,Meta Ads,6.295
2025-09-22,Lazio,Meta Ads,31.748
2025-09-22,Liguria,Meta Ads,9.374
2025-09-22,Lombardia,Meta Ads,40.984
2025-09-22,Marche,Meta Ads,7.34
2025-09-22,Molise,Meta Ads,2.144
2025-09-22,Piemonte,Meta Ads,29.161
2025-09-22,Puglia,Meta Ads,21.319
2025-09-22,Sardegna,Meta Ads,7.86
2025-09-22,Sicilia,Meta Ads,46.216
2025-09-22,Toscana,Meta Ads,18.698
2025-09-22,Trentino-Alto Adige,Meta Ads,6.928
2025-09-22,Umbria,Meta Ads,4.219
2025-09-22,Valle d'Aosta,Meta Ads,0.91
2025-09-22,Veneto,Meta Ads,30.244
2025-09-29,Abruzzo,Meta Ads,6.66
2025-09-29,Basilicata,Meta Ads,2.269
2025-09-29,Calabria,Meta Ads,11.714
2025-09-29,Campania,Meta Ads,46.96
2025-09-29,Emilia-Romagna,Meta Ads,27.648
2025-09-29,Friuli-Venezia Giulia,Meta Ads,6.645
2025-09-29,Lazio,Meta Ads,32.816
2025-09-29,Liguria,Meta Ads,9.484
2025-09-29,Lombardia,Meta Ads,46.985
2025-09-29,Marche,Meta Ads,7.301
2025-09-29,Molise,Meta Ads,2.189
2025-09-29,Piemonte,Meta Ads,33.913
2025-09-29,Puglia,Meta Ads,21.354
2025-09-29,Sardegna,Meta Ads,7.906
2025-09-29,Sicilia,Meta Ads,47.211
2025-09-29,Toscana,Meta Ads,19.371
2025-09-29,Trentino-Alto Adige,Meta Ads,7.207
2025-09-29,Umbria,Meta Ads,4.13
2025-09-29,Valle d'Aosta,Meta Ads,0.912
2025-09-29,Veneto,Meta Ads,34.443
2025-10-06,Abruzzo,Meta Ads,7.482
2025-10-06,Basilicata,Meta Ads,2.49
2025-10-06,Calabria,Meta Ads,12.623
2025-10-06,Campania,Meta Ads,49.977
2025-10-06,Emilia-Romagna,Meta Ads,29.647
2025-10-06,Friuli-Venezia Giulia,Meta Ads,7.374
2025-10-06,Lazio,Meta Ads,35.036
2025-10-06,Liguria,Meta Ads,9.892
2025-10-06,Lombardia,Meta Ads,52.764
2025-10-06,Marche,Meta Ads,7.778
2025-10-06,Molise,Meta Ads,2.428
2025-10-06,Piemonte,Meta Ads,38.368
2025-10-06,Puglia,Meta Ads,22.141
2025-10-06,Sardegna,Meta Ads,8.064
2025-10-06,Sicilia,Meta Ads,51.499
2025-10-06,Toscana,Meta Ads,20.706
2025-10-06,Trentino-Alto Adige,Meta Ads,8.005
2025-10-06,Umbria,Meta Ads,4.493
2025-10-06,Valle d'Aosta,Meta Ads,0.984
2025-10-06,Veneto,Meta Ads,39.008
2025-10-13,Abruzzo,Meta Ads,8.052
2025-10-13,Basilicata,Meta Ads,2.677
2025-10-13,Calabria,Meta Ads,13.291
2025-10-13,Campania,Meta Ads,51.794
2025-10-13,Emilia-Romagna,Meta Ads,31.085
2025-10-13,Friuli-Venezia Giulia,Meta Ads,7.702
2025-10-13,Lazio,Meta Ads,37.104
2025-10-13,Liguria,Meta Ads,10.204
2025-10-13,Lombardia,Meta Ads,55.031
2025-10-13,Marche,Meta Ads,8.677
2025-10-13,Molise,Meta Ads,2.621
2025-10-13,Piemonte,Meta Ads,40.485
2025-10-13,Puglia,Meta Ads,24.071
2025-10-13,Sardegna,Meta Ads,8.329
2025-10-13,Sicilia,Meta Ads,55.418
2025-10-13,Toscana,Meta Ads,22.02
2025-10-13,Trentino-Alto Adige,Meta Ads,8.353
2025-10-13,Umbria,Meta Ads,4.696
2025-10-13,Valle d'Aosta,Meta Ads,1.078
2025-10-13,Veneto,Meta Ads,42.424
2025-10-20,Abruzzo,Meta Ads,7.756
2025-10-20,Basilicata,Meta Ads,2.528
2025-10-20,Calabria,Meta Ads,13.118
2025-10-20,Campania,Meta Ads,49.022
2025-10-20,Emilia-Romagna,Meta Ads,30.37
2025-10-20,Friuli-Venezia Giulia,Meta Ads,7.38
2025-10-20,Lazio,Meta Ads,35.891
2025-10-20,Liguria,Meta Ads,9.807
2025-10-20,Lombardia,Meta Ads,54.498
2025-10-20,Marche,Meta Ads,8.414
2025-10-20,Molise,Meta Ads,2.581
2025-10-20,Piemonte,Meta Ads,39.891
2025-10-20,Puglia,Meta Ads,23.196
2025-10-20,Sardegna,Meta Ads,7.911
2025-10-20,Sicilia,Meta Ads,52.833
2025-10-20,Toscana,Meta Ads,21.029
2025-10-20,Trentino-Alto Adige,Meta Ads,7.948
2025-10-20,Umbria,Meta Ads,4.369
2025-10-20,Valle d'Aosta,Meta Ads,1.07
2025-10-20,Veneto,Meta Ads,40.996
2025-10-27,Abruzzo,Meta Ads,8.275
2025-10-27,Basilicata,Meta Ads,2.606
2025-10-27,Calabria,Meta Ads,13.592
2025-10-27,Campania,Meta Ads,50.37
2025-10-27,Emilia-Romagna,Meta Ads,31.346
2025-10-27,Friuli-Venezia Giulia,Meta Ads,7.622
2025-10-27,Lazio,Meta Ads,37.579
2025-10-27,Liguria,Meta Ads,10.107
2025-10-27,Lombardia,Meta Ads,57.178
2025-10-27,Marche,Meta Ads,8.726
2025-10-27,Molise,Meta Ads,2.619
2025-10-27,Piemonte,Meta Ads,41.616
2025-10-27,Puglia,Meta Ads,24.132
2025-10-27,Sardegna,Meta Ads,8.315
2025-10-27,Sicilia,Meta Ads,54.932
2025-10-27,Toscana,Meta Ads,21.348
2025-10-27,Trentino-Alto Adige,Meta Ads,8.402
2025-10-27,Umbria,Meta Ads,4.528
2025-10-27,Valle d'Aosta,Meta Ads,1.094
2025-10-27,Veneto,Meta Ads,41.324
2025-11-03,Abruzzo,Meta Ads,8.332
2025-11-03,Basilicata,Meta Ads,2.448
2025-11-03,Calabria,Meta Ads,13.214
2025-11-03,Campania,Meta Ads,49.506
2025-11-03,Emilia-Romagna,Meta Ads,30.414
2025-11-03,Friuli-Venezia Giulia,Meta Ads,7.638
2025-11-03,Lazio,Meta Ads,37.001
2025-11-03,Liguria,Meta Ads,10.004
2025-11-03,Lombardia,Meta Ads,57.138
2025-11-03,Marche,Meta Ads,8.672
2025-11-03,Molise,Meta Ads,2.506
2025-11-03,Piemonte,Meta Ads,41.617
2025-11-03,Puglia,Meta Ads,24.342
2025-11-03,Sardegna,Meta Ads,8.212
2025-11-03,Sicilia,Meta Ads,54.393
2025-11-03,Toscana,Meta Ads,20.516
2025-11-03,Trentino-Alto Adige,Meta Ads,8.033
2025-11-03,Umbria,Meta Ads,4.475
2025-11-03,Valle d'Aosta,Meta Ads,1.09
2025-11-03,Veneto,Meta Ads,40.569
2025-11-10,Abruzzo,Meta Ads,8.331
2025-11-10,Basilicata,Meta Ads,2.403
2025-11-10,Calabria,Meta Ads,13.083
2025-11-10,Campania,Meta Ads,49.574
2025-11-10,Emilia-Romagna,Meta Ads,30.589
2025-11-10,Friuli-Venezia Giulia,Meta Ads,7.435
2025-11-10,Lazio,Meta Ads,37.284
2025-11-10,Liguria,Meta Ads,9.939
2025-11-10,Lombardia,Meta Ads,56.152
2025-11-10,Marche,Meta Ads,8.525
2025-11-10,Molise,Meta Ads,2.399
2025-11-10,Piemonte,Meta Ads,41.408
2025-11-10,Puglia,Meta Ads,23.95
2025-11-10,Sardegna,Meta Ads,8.27
2025-11-10,Sicilia,Meta Ads,53.286
2025-11-10,Toscana,Meta Ads,20.287
2025-11-10,Trentino-Alto Adige,Meta Ads,7.904
2025-11-10,Umbria,Meta Ads,4.59
2025-11-10,Valle d'Aosta,Meta Ads,1.052
2025-11-10,Veneto,Meta Ads,40.926
2025-11-17,Abruzzo,Meta Ads,7.88
2025-11-17,Basilicata,Meta Ads,2.213
2025-11-17,Calabria,Meta Ads,12.507
2025-11-17,Campania,Meta Ads,48.009
2025-11-17,Emilia-Romagna,Meta Ads,28.419
2025-11-17,Friuli-Venezia Giulia,Meta Ads,7.136
2025-11-17,Lazio,Meta Ads,36.096
2025-11-17,Liguria,Meta Ads,9.437
2025-11-17,Lombardia,Meta Ads,54.405
2025-11-17,Marche,Meta Ads,8.301
2025-11-17,Molise,Meta Ads,2.321
2025-11-17,Piemonte,Meta Ads,40.22
2025-11-17,Puglia,Meta Ads,22.908
2025-11-17,Sardegna,Meta Ads,8.116
2025-11-17,Sicilia,Meta Ads,50.997
2025-11-17,Toscana,Meta Ads,19.932
2025-11-17,Trentino-Alto Adige,Meta Ads,7.558
2025-11-17,Umbria,Meta Ads,4.285
2025-11-17,Valle d'Aosta,Meta Ads,0.985
2025-11-17,Veneto,Meta Ads,40.204
2025-11-24,Abruzzo,Meta Ads,7.272
2025-11-24,Basilicata,Meta Ads,2.136
2025-11-24,Calabria,Meta Ads,11.997
2025-11-24,Campania,Meta Ads,45.593
2025-11-24,Emilia-Romagna,Meta Ads,27.46
2025-11-24,Friuli-Venezia Giulia,Meta Ads,6.983
2025-11-24,Lazio,Meta Ads,33.73
2025-11-24,Liguria,Meta Ads,9.089
2025-11-24,Lombardia,Meta Ads,50.772
2025-11-24,Marche,Meta Ads,7.983
2025-11-24,Molise,Meta Ads,2.278
2025-11-24,Piemonte,Meta Ads,38.017
2025-11-24,Puglia,Meta Ads,21.767
2025-11-24,Sardegna,Meta Ads,7.758
2025-11-24,Sicilia,Meta Ads,47.911
2025-11-24,Toscana,Meta Ads,18.848
2025-11-24,Trentino-Alto Adige,Meta Ads,7.197
2025-11-24,Umbria,Meta Ads,4.153
2025-11-24,Valle d'Aosta,Meta Ads,0.963
2025-11-24,Veneto,Meta Ads,38.606
2025-12-01,Abruzzo,Meta Ads,7.098
2025-12-01,Basilicata,Meta Ads,2.055
2025-12-01,Calabria,Meta Ads,11.266
2025-12-01,Campania,Meta Ads,44.13
2025-12-01,Emilia-Romagna,Meta Ads,24.291
2025-12-01,Friuli-Venezia Giulia,Meta Ads,6.582
2025-12-01,Lazio,Meta Ads,31.754
2025-12-01,Liguria,Meta Ads,9.179
2025-12-01,Lombardia,Meta Ads,45.749
2025-12-01,Marche,Meta Ads,8.001
2025-12-01,Molise,Meta Ads,2.208
2025-12-01,Piemonte,Meta Ads,34.756
2025-12-01,Puglia,Meta Ads,21.106
2025-12-01,Sardegna,Meta Ads,7.466
2025-12-01,Sicilia,Meta Ads,46.139
2025-12-01,Toscana,Meta Ads,18.186
2025-12-01,Trentino-Alto Adige,Meta Ads,6.9
2025-12-01,Umbria,Meta Ads,4.11
2025-12-01,Valle d'Aosta,Meta Ads,0.918
2025-12-01,Veneto,Meta Ads,34.453
2025-12-08,Abruzzo,Meta Ads,7.799
2025-12-08,Basilicata,Meta Ads,2.252
2025-12-08,Calabria,Meta Ads,11.858
2025-12-08,Campania,Meta Ads,47.939
2025-12-08,Emilia-Romagna,Meta Ads,25.636
2025-12-08,Friuli-Venezia Giulia,Meta Ads,7.031
2025-12-08,Lazio,Meta Ads,33.222
2025-12-08,Liguria,Meta Ads,9.86
2025-12-08,Lombardia,Meta Ads,46.451
2025-12-08,Marche,Meta Ads,8.428
2025-12-08,Molise,Meta Ads,2.35
2025-12-08,Piemonte,Meta Ads,36.699
2025-12-08,Puglia,Meta Ads,21.894
2025-12-08,Sardegna,Meta Ads,7.87
2025-12-08,Sicilia,Meta Ads,48.76
2025-12-08,Toscana,Meta Ads,19.362
2025-12-08,Trentino-Alto Adige,Meta Ads,7.75
2025-12-08,Umbria,Meta Ads,4.485
2025-12-08,Valle d'Aosta,Meta Ads,0.999
2025-12-08,Veneto,Meta Ads,34.574
2025-12-15,Abruzzo,Meta Ads,7.395
2025-12-15,Basilicata,Meta Ads,2.134
2025-12-15,Calabria,Meta Ads,10.986
2025-12-15,Campania,Meta Ads,44.404
2025-12-15,Emilia-Romagna,Meta Ads,23.351
2025-12-15,Friuli-Venezia Giulia,Meta Ads,6.506
2025-12-15,Lazio,Meta Ads,30.857
2025-12-15,Liguria,Meta Ads,9.233
2025-12-15,Lombardia,Meta Ads,43.053
2025-12-15,Marche,Meta Ads,7.536
2025-12-15,Molise,Meta Ads,2.171
2025-12-15,Piemonte,Meta Ads,33.805
2025-12-15,Puglia,Meta Ads,20.656
2025-12-15,Sardegna,Meta Ads,7.294
2025-12-15,Sicilia,Meta Ads,45.954
2025-12-15,Toscana,Meta Ads,18.324
2025-12-15,Trentino-Alto Adige,Meta Ads,6.908
2025-12-15,Umbria,Meta Ads,4.103
2025-12-15,Valle d'Aosta,Meta Ads,0.982
2025-12-15,Veneto,Meta Ads,30.92
2025-12-22,Abruzzo,Meta Ads,7.772
2025-12-22,Basilicata,Meta Ads,2.24
2025-12-22,Calabria,Meta Ads,11.579
2025-12-22,Campania,Meta Ads,46.408
2025-12-22,Emilia-Romagna,Meta Ads,24.032
2025-12-22,Friuli-Venezia Giulia,Meta Ads,6.586
2025-12-22,Lazio,Meta Ads,31.81
2025-12-22,Liguria,Meta Ads,9.683
2025-12-22,Lombardia,Meta Ads,43.516
2025-12-22,Marche,Meta Ads,7.873
2025-12-22,Molise,Meta Ads,2.252
2025-12-22,Piemonte,Meta Ads,33.916
2025-12-22,Puglia,Meta Ads,20.819
2025-12-22,Sardegna,Meta Ads,7.427
2025-12-22,Sicilia,Meta Ads,47.959
2025-12-22,Toscana,Meta Ads,19.006
2025-12-22,Trentino-Alto Adige,Meta Ads,7.124
2025-12-22,Umbria,Meta Ads,4.329
2025-12-22,Valle d'Aosta,Meta Ads,1.024
2025-12-22,Veneto,Meta Ads,31.693
2024-01-01,Abruzzo,LinkedIn Ads,0.879
2024-01-01,Basilicata,LinkedIn Ads,0.336
2024-01-01,Calabria,LinkedIn Ads,1.058
2024-01-01,Campania,LinkedIn Ads,4.065
2024-01-01,Emilia-Romagna,LinkedIn Ads,2.238
2024-01-01,Friuli-Venezia Giulia,LinkedIn Ads,0.923
2024-01-01,Lazio,LinkedIn Ads,3.787
2024-01-01,Liguria,LinkedIn Ads,1.3
2024-01-01,Lombardia,LinkedIn Ads,7.455
2024-01-01,Marche,LinkedIn Ads,0.864
2024-01-01,Molise,LinkedIn Ads,0.246
2024-01-01,Piemonte,LinkedIn Ads,2.499
2024-01-01,Puglia,LinkedIn Ads,2.759
2024-01-01,Sardegna,LinkedIn Ads,0.849
2024-01-01,Sicilia,LinkedIn Ads,1.889
2024-01-01,Toscana,LinkedIn Ads,1.557
2024-01-01,Trentino-Alto Adige,LinkedIn Ads,0.344
2024-01-01,Umbria,LinkedIn Ads,0.333
2024-01-01,Valle d'Aosta,LinkedIn Ads,0.043
2024-01-01,Veneto,LinkedIn Ads,2.622
2024-01-08,Abruzzo,LinkedIn Ads,1.519
2024-01-08,Basilicata,LinkedIn Ads,0.641
2024-01-08,Calabria,LinkedIn Ads,1.887
2024-01-08,Campania,LinkedIn Ads,7.736
2024-01-08,Emilia-Romagna,LinkedIn Ads,4.087
2024-01-08,Friuli-Venezia Giulia,LinkedIn Ads,1.7
2024-01-08,Lazio,LinkedIn Ads,6.631
2024-01-08,Liguria,LinkedIn Ads,2.169
2024-01-08,Lombardia,LinkedIn Ads,12.843
2024-01-08,Marche,LinkedIn Ads,1.5
2024-01-08,Molise,LinkedIn Ads,0.445
2024-01-08,Piemonte,LinkedIn Ads,4.947
2024-01-08,Puglia,LinkedIn Ads,4.594
2024-01-08,Sardegna,LinkedIn Ads,1.531
2024-01-08,Sicilia,LinkedIn Ads,3.626
2024-01-08,Toscana,LinkedIn Ads,2.714
2024-01-08,Trentino-Alto Adige,LinkedIn Ads,0.656
2024-01-08,Umbria,LinkedIn Ads,0.62
2024-01-08,Valle d'Aosta,LinkedIn Ads,0.077
2024-01-08,Veneto,LinkedIn Ads,4.674
2024-01-15,Abruzzo,LinkedIn Ads,1.941
2024-01-15,Basilicata,LinkedIn Ads,0.792
2024-01-15,Calabria,LinkedIn Ads,2.31
2024-01-15,Campania,LinkedIn Ads,9.446
2024-01-15,Emilia-Romagna,LinkedIn Ads,5.155
2024-01-15,Friuli-Venezia Giulia,LinkedIn Ads,2.122
2024-01-15,Lazio,LinkedIn Ads,8.612
2024-01-15,Liguria,LinkedIn Ads,2.627
2024-01-15,Lombardia,LinkedIn Ads,15.471
2024-01-15,Marche,LinkedIn Ads,1.828
2024-01-15,Molise,LinkedIn Ads,0.546
2024-01-15,Piemonte,LinkedIn Ads,5.874
2024-01-15,Puglia,LinkedIn Ads,5.771
2024-01-15,Sardegna,LinkedIn Ads,1.873
2024-01-15,Sicilia,LinkedIn Ads,4.552
2024-01-15,Toscana,LinkedIn Ads,3.529
2024-01-15,Trentino-Alto Adige,LinkedIn Ads,0.846
2024-01-15,Umbria,LinkedIn Ads,0.777
2024-01-15,Valle d'Aosta,LinkedIn Ads,0.095
2024-01-15,Veneto,LinkedIn Ads,5.803
2024-01-22,Abruzzo,LinkedIn Ads,2.095
2024-01-22,Basilicata,LinkedIn Ads,0.854
2024-01-22,Calabria,LinkedIn Ads,2.474
2024-01-22,Campania,LinkedIn Ads,9.979
2024-01-22,Emilia-Romagna,LinkedIn Ads,5.481
2024-01-22,Friuli-Venezia Giulia,LinkedIn Ads,2.233
2024-01-22,Lazio,LinkedIn Ads,9.366
2024-01-22,Liguria,LinkedIn Ads,2.84
2024-01-22,Lombardia,LinkedIn Ads,16.684
2024-01-22,Marche,LinkedIn Ads,1.985
2024-01-22,Molise,LinkedIn Ads,0.583
2024-01-22,Piemonte,LinkedIn Ads,6.165
2024-01-22,Puglia,LinkedIn Ads,6.256
2024-01-22,Sardegna,LinkedIn Ads,1.937
2024-01-22,Sicilia,LinkedIn Ads,4.765
2024-01-22,Toscana,LinkedIn Ads,4.3
2024-01-22,Trentino-Alto Adige,LinkedIn Ads,0.904
2024-01-22,Umbria,LinkedIn Ads,0.832
2024-01-22,Valle d'Aosta,LinkedIn Ads,0.1
2024-01-22,Veneto,LinkedIn Ads,6.225
2024-01-29,Abruzzo,LinkedIn Ads,2.126
2024-01-29,Basilicata,LinkedIn Ads,0.874
2024-01-29,Calabria,LinkedIn Ads,2.597
2024-01-29,Campania,LinkedIn Ads,9.907
2024-01-29,Emilia-Romagna,LinkedIn Ads,5.581
2024-01-29,Friuli-Venezia Giulia,LinkedIn Ads,2.215
2024-01-29,Lazio,LinkedIn Ads,9.414
2024-01-29,Liguria,LinkedIn Ads,2.878
2024-01-29,Lombardia,LinkedIn Ads,17.441
2024-01-29,Marche,LinkedIn Ads,2.038
2024-01-29,Molise,LinkedIn Ads,0.596
2024-01-29,Piemonte,LinkedIn Ads,6.28
2024-01-29,Puglia,LinkedIn Ads,6.421
2024-01-29,Sardegna,LinkedIn Ads,1.958
2024-01-29,Sicilia,LinkedIn Ads,4.761
2024-01-29,Toscana,LinkedIn Ads,5.072
2024-01-29,Trentino-Alto Adige,LinkedIn Ads,0.941
2024-01-29,Umbria,LinkedIn Ads,0.863
2024-01-29,Valle d'Aosta,LinkedIn Ads,0.102
2024-01-29,Veneto,LinkedIn Ads,6.321
2024-02-05,Abruzzo,LinkedIn Ads,2.011
2024-02-05,Basilicata,LinkedIn Ads,0.854
2024-02-05,Calabria,LinkedIn Ads,2.549
2024-02-05,Campania,LinkedIn Ads,9.82
2024-02-05,Emilia-Romagna,LinkedIn Ads,5.441
2024-02-05,Friuli-Venezia Giulia,LinkedIn Ads,2.126
2024-02-05,Lazio,LinkedIn Ads,9.109
2024-02-05,Liguria,LinkedIn Ads,2.774
2024-02-05,Lombardia,LinkedIn Ads,16.999
2024-02-05,Marche,LinkedIn Ads,2.009
2024-02-05,Molise,LinkedIn Ads,0.567
2024-02-05,Piemonte,LinkedIn Ads,6.114
2024-02-05,Puglia,LinkedIn Ads,6.325
2024-02-05,Sardegna,LinkedIn Ads,1.888
2024-02-05,Sicilia,LinkedIn Ads,4.519
2024-02-05,Toscana,LinkedIn Ads,5.412
2024-02-05,Trentino-Alto Adige,LinkedIn Ads,0.925
2024-02-05,Umbria,LinkedIn Ads,0.859
2024-02-05,Valle d'Aosta,LinkedIn Ads,0.098
2024-02-05,Veneto,LinkedIn Ads,6.122
2024-02-12,Abruzzo,LinkedIn Ads,1.952
2024-02-12,Basilicata,LinkedIn Ads,0.855
2024-02-12,Calabria,LinkedIn Ads,2.516
2024-02-12,Campania,LinkedIn Ads,9.763
2024-02-12,Emilia-Romagna,LinkedIn Ads,5.62
2024-02-12,Friuli-Venezia Giulia,LinkedIn Ads,2.161
2024-02-12,Lazio,LinkedIn Ads,9.228
2024-02-12,Liguria,LinkedIn Ads,2.731
2024-02-12,Lombardia,LinkedIn Ads,17.173
2024-02-12,Marche,LinkedIn Ads,2.007
2024-02-12,Molise,LinkedIn Ads,0.573
2024-02-12,Piemonte,LinkedIn Ads,6.34
2024-02-12,Puglia,LinkedIn Ads,6.305
2024-02-12,Sardegna,LinkedIn Ads,1.971
2024-02-12,Sicilia,LinkedIn Ads,4.392
2024-02-12,Toscana,LinkedIn Ads,5.546
2024-02-12,Trentino-Alto Adige,LinkedIn Ads,0.934
2024-02-12,Umbria,LinkedIn Ads,0.89
2024-02-12,Valle d'Aosta,LinkedIn Ads,0.101
2024-02-12,Veneto,LinkedIn Ads,6.219
2024-02-19,Abruzzo,LinkedIn Ads,1.967
2024-02-19,Basilicata,LinkedIn Ads,0.883
2024-02-19,Calabria,LinkedIn Ads,2.675
2024-02-19,Campania,LinkedIn Ads,10.056
2024-02-19,Emilia-Romagna,LinkedIn Ads,5.904
2024-02-19,Friuli-Venezia Giulia,LinkedIn Ads,2.256
2024-02-19,Lazio,LinkedIn Ads,9.37
2024-02-19,Liguria,LinkedIn Ads,2.843
2024-02-19,Lombardia,LinkedIn Ads,18.637
2024-02-19,Marche,LinkedIn Ads,2.106
2024-02-19,Molise,LinkedIn Ads,0.595
2024-02-19,Piemonte,LinkedIn Ads,6.85
2024-02-19,Puglia,LinkedIn Ads,6.477
2024-02-19,Sardegna,LinkedIn Ads,2.168
2024-02-19,Sicilia,LinkedIn Ads,4.473
2024-02-19,Toscana,LinkedIn Ads,5.813
2024-02-19,Trentino-Alto Adige,LinkedIn Ads,0.99
2024-02-19,Umbria,LinkedIn Ads,0.969
2024-02-19,Valle d'Aosta,LinkedIn Ads,0.109
2024-02-19,Veneto,LinkedIn Ads,6.282
2024-02-26,Abruzzo,LinkedIn Ads,2.12
2024-02-26,Basilicata,LinkedIn Ads,0.953
2024-02-26,Calabria,LinkedIn Ads,2.914
2024-02-26,Campania,LinkedIn Ads,11.276
2024-02-26,Emilia-Romagna,LinkedIn Ads,6.63
2024-02-26,Friuli-Venezia Giulia,LinkedIn Ads,2.515
2024-02-26,Lazio,LinkedIn Ads,10.065
2024-02-26,Liguria,LinkedIn Ads,3.125
2024-02-26,Lombardia,LinkedIn Ads,21.523
2024-02-26,Marche,LinkedIn Ads,2.287
2024-02-26,Molise,LinkedIn Ads,0.649
2024-02-26,Piemonte,LinkedIn Ads,7.518
2024-02-26,Puglia,LinkedIn Ads,7.125
2024-02-26,Sardegna,LinkedIn Ads,2.491
2024-02-26,Sicilia,LinkedIn Ads,4.822
2024-02-26,Toscana,LinkedIn Ads,6.424
2024-02-26,Trentino-Alto Adige,LinkedIn Ads,1.113
2024-02-26,Umbria,LinkedIn Ads,1.091
2024-02-26,Valle d'Aosta,LinkedIn Ads,0.122
2024-02-26,Veneto,LinkedIn Ads,6.952
2024-03-04,Abruzzo,LinkedIn Ads,2.281
2024-03-04,Basilicata,LinkedIn Ads,1.01
2024-03-04,Calabria,LinkedIn Ads,2.909
2024-03-04,Campania,LinkedIn Ads,11.834
2024-03-04,Emilia-Romagna,LinkedIn Ads,7.117
2024-03-04,Friuli-Venezia Giulia,LinkedIn Ads,2.664
2024-03-04,Lazio,LinkedIn Ads,10.408
2024-03-04,Liguria,LinkedIn Ads,3.239
2024-03-04,Lombardia,LinkedIn Ads,22.401
2024-03-04,Marche,LinkedIn Ads,2.392
2024-03-04,Molise,LinkedIn Ads,0.702
2024-03-04,Piemonte,LinkedIn Ads,7.702
2024-03-04,Puglia,LinkedIn Ads,7.446
2024-03-04,Sardegna,LinkedIn Ads,2.687
2024-03-04,Sicilia,LinkedIn Ads,5.194
2024-03-04,Toscana,LinkedIn Ads,6.818
2024-03-04,Trentino-Alto Adige,LinkedIn Ads,1.202
2024-03-04,Umbria,LinkedIn Ads,1.136
2024-03-04,Valle d'Aosta,LinkedIn Ads,0.128
2024-03-04,Veneto,LinkedIn Ads,7.559
2024-03-11,Abruzzo,LinkedIn Ads,2.186
2024-03-11,Basilicata,LinkedIn Ads,0.981
2024-03-11,Calabria,LinkedIn Ads,2.711
2024-03-11,Campania,LinkedIn Ads,10.981
2024-03-11,Emilia-Romagna,LinkedIn Ads,6.517
2024-03-11,Friuli-Venezia Giulia,LinkedIn Ads,2.473
2024-03-11,Lazio,LinkedIn Ads,9.831
2024-03-11,Liguria,LinkedIn Ads,3.191
2024-03-11,Lombardia,LinkedIn Ads,20.822
2024-03-11,Marche,LinkedIn Ads,2.196
2024-03-11,Molise,LinkedIn Ads,0.658
2024-03-11,Piemonte,LinkedIn Ads,7.197
2024-03-11,Puglia,LinkedIn Ads,7.0
2024-03-11,Sardegna,LinkedIn Ads,2.525
2024-03-11,Sicilia,LinkedIn Ads,4.844
2024-03-11,Toscana,LinkedIn Ads,6.467
2024-03-11,Trentino-Alto Adige,LinkedIn Ads,1.132
2024-03-11,Umbria,LinkedIn Ads,1.046
2024-03-11,Valle d'Aosta,LinkedIn Ads,0.122
2024-03-11,Veneto,LinkedIn Ads,6.992
2024-03-18,Abruzzo,LinkedIn Ads,2.255
2024-03-18,Basilicata,LinkedIn Ads,0.962
2024-03-18,Calabria,LinkedIn Ads,2.712
2024-03-18,Campania,LinkedIn Ads,10.997
2024-03-18,Emilia-Romagna,LinkedIn Ads,6.574
2024-03-18,Friuli-Venezia Giulia,LinkedIn Ads,2.382
2024-03-18,Lazio,LinkedIn Ads,10.193
2024-03-18,Liguria,LinkedIn Ads,3.152
2024-03-18,Lombardia,LinkedIn Ads,21.025
2024-03-18,Marche,LinkedIn Ads,2.162
2024-03-18,Molise,LinkedIn Ads,0.66
2024-03-18,Piemonte,LinkedIn Ads,7.259
2024-03-18,Puglia,LinkedIn Ads,7.022
2024-03-18,Sardegna,LinkedIn Ads,2.612
2024-03-18,Sicilia,LinkedIn Ads,4.829
2024-03-18,Toscana,LinkedIn Ads,6.512
2024-03-18,Trentino-Alto Adige,LinkedIn Ads,1.159
2024-03-18,Umbria,LinkedIn Ads,1.016
2024-03-18,Valle d'Aosta,LinkedIn Ads,0.122
2024-03-18,Veneto,LinkedIn Ads,7.093
2024-03-25,Abruzzo,LinkedIn Ads,2.383
2024-03-25,Basilicata,LinkedIn Ads,0.977
2024-03-25,Calabria,LinkedIn Ads,2.809
2024-03-25,Campania,LinkedIn Ads,11.11
2024-03-25,Emilia-Romagna,LinkedIn Ads,6.533
2024-03-25,Friuli-Venezia Giulia,LinkedIn Ads,2.417
2024-03-25,Lazio,LinkedIn Ads,10.251
2024-03-25,Liguria,LinkedIn Ads,3.196
2024-03-25,Lombardia,LinkedIn Ads,20.914
2024-03-25,Marche,LinkedIn Ads,2.239
2024-03-25,Molise,LinkedIn Ads,0.668
2024-03-25,Piemonte,LinkedIn Ads,7.261
2024-03-25,Puglia,LinkedIn Ads,7.305
2024-03-25,Sardegna,LinkedIn Ads,2.666
2024-03-25,Sicilia,LinkedIn Ads,4.969
2024-03-25,Toscana,LinkedIn Ads,6.043
2024-03-25,Trentino-Alto Adige,LinkedIn Ads,1.162
2024-03-25,Umbria,LinkedIn Ads,1.005
2024-03-25,Valle d'Aosta,LinkedIn Ads,0.128
2024-03-25,Veneto,LinkedIn Ads,7.306
2024-04-01,Abruzzo,LinkedIn Ads,2.531
2024-04-01,Basilicata,LinkedIn Ads,1.073
2024-04-01,Calabria,LinkedIn Ads,3.164
2024-04-01,Campania,LinkedIn Ads,11.422
2024-04-01,Emilia-Romagna,LinkedIn Ads,6.803
2024-04-01,Friuli-Venezia Giulia,LinkedIn Ads,2.541
2024-04-01,Lazio,LinkedIn Ads,11.021
2024-04-01,Liguria,LinkedIn Ads,3.458
2024-04-01,Lombardia,LinkedIn Ads,21.507
2024-04-01,Marche,LinkedIn Ads,2.411
2024-04-01,Molise,LinkedIn Ads,0.682
2024-04-01,Piemonte,LinkedIn Ads,7.763
2024-04-01,Puglia,LinkedIn Ads,7.545
2024-04-01,Sardegna,LinkedIn Ads,2.761
2024-04-01,Sicilia,LinkedIn Ads,5.531
2024-04-01,Toscana,LinkedIn Ads,5.991
2024-04-01,Trentino-Alto Adige,LinkedIn Ads,1.196
2024-04-01,Umbria,LinkedIn Ads,1.055
2024-04-01,Valle d'Aosta,LinkedIn Ads,0.139
2024-04-01,Veneto,LinkedIn Ads,7.807
2024-04-08,Abruzzo,LinkedIn Ads,2.909
2024-04-08,Basilicata,LinkedIn Ads,1.204
2024-04-08,Calabria,LinkedIn Ads,3.672
2024-04-08,Campania,LinkedIn Ads,12.837
2024-04-08,Emilia-Romagna,LinkedIn Ads,7.583
2024-04-08,Friuli-Venezia Giulia,LinkedIn Ads,2.816
2024-04-08,Lazio,LinkedIn Ads,12.493
2024-04-08,Liguria,LinkedIn Ads,3.855
2024-04-08,Lombardia,LinkedIn Ads,23.143
2024-04-08,Marche,LinkedIn Ads,2.65
2024-04-08,Molise,LinkedIn Ads,0.762
2024-04-08,Piemonte,LinkedIn Ads,8.687
2024-04-08,Puglia,LinkedIn Ads,8.284
2024-04-08,Sardegna,LinkedIn Ads,3.015
2024-04-08,Sicilia,LinkedIn Ads,6.162
2024-04-08,Toscana,LinkedIn Ads,6.485
2024-04-08,Trentino-Alto Adige,LinkedIn Ads,1.308
2024-04-08,Umbria,LinkedIn Ads,1.194
2024-04-08,Valle d'Aosta,LinkedIn Ads,0.16
2024-04-08,Veneto,LinkedIn Ads,8.641
2024-04-15,Abruzzo,LinkedIn Ads,2.678
2024-04-15,Basilicata,LinkedIn Ads,1.121
2024-04-15,Calabria,LinkedIn Ads,3.364
2024-04-15,Campania,LinkedIn Ads,11.843
2024-04-15,Emilia-Romagna,LinkedIn Ads,7.015
2024-04-15,Friuli-Venezia Giulia,LinkedIn Ads,2.582
2024-04-15,Lazio,LinkedIn Ads,11.759
2024-04-15,Liguria,LinkedIn Ads,3.581
2024-04-15,Lombardia,LinkedIn Ads,20.861
2024-04-15,Marche,LinkedIn Ads,2.419
2024-04-15,Molise,LinkedIn Ads,0.7
2024-04-15,Piemonte,LinkedIn Ads,8.152
2024-04-15,Puglia,LinkedIn Ads,7.665
2024-04-15,Sardegna,LinkedIn Ads,2.74
2024-04-15,Sicilia,LinkedIn Ads,5.822
2024-04-15,Toscana,LinkedIn Ads,5.759
2024-04-15,Trentino-Alto Adige,LinkedIn Ads,1.206
2024-04-15,Umbria,LinkedIn Ads,1.124
2024-04-15,Valle d'Aosta,LinkedIn Ads,0.153
2024-04-15,Veneto,LinkedIn Ads,8.009
2024-04-22,Abruzzo,LinkedIn Ads,2.559
2024-04-22,Basilicata,LinkedIn Ads,1.085
2024-04-22,Calabria,LinkedIn Ads,3.235
2024-04-22,Campania,LinkedIn Ads,11.414
2024-04-22,Emilia-Romagna,LinkedIn Ads,6.75
2024-04-22,Friuli-Venezia Giulia,LinkedIn Ads,2.468
2024-04-22,Lazio,LinkedIn Ads,11.309
2024-04-22,Liguria,LinkedIn Ads,3.392
2024-04-22,Lombardia,LinkedIn Ads,19.193
2024-04-22,Marche,LinkedIn Ads,2.304
2024-04-22,Molise,LinkedIn Ads,0.657
2024-04-22,Piemonte,LinkedIn Ads,7.807
2024-04-22,Puglia,LinkedIn Ads,7.29
2024-04-22,Sardegna,LinkedIn Ads,2.647
2024-04-22,Sicilia,LinkedIn Ads,5.723
2024-04-22,Toscana,LinkedIn Ads,5.372
2024-04-22,Trentino-Alto Adige,LinkedIn Ads,1.162
2024-04-22,Umbria,LinkedIn Ads,1.063
2024-04-22,Valle d'Aosta,LinkedIn Ads,0.145
2024-04-22,Veneto,LinkedIn Ads,7.641
2024-04-29,Abruzzo,LinkedIn Ads,2.512
2024-04-29,Basilicata,LinkedIn Ads,1.063
2024-04-29,Calabria,LinkedIn Ads,3.222
2024-04-29,Campania,LinkedIn Ads,11.553
2024-04-29,Emilia-Romagna,LinkedIn Ads,6.871
2024-04-29,Friuli-Venezia Giulia,LinkedIn Ads,2.404
2024-04-29,Lazio,LinkedIn Ads,11.287
2024-04-29,Liguria,LinkedIn Ads,3.266
2024-04-29,Lombardia,LinkedIn Ads,18.862
2024-04-29,Marche,LinkedIn Ads,2.256
2024-04-29,Molise,LinkedIn Ads,0.64
2024-04-29,Piemonte,LinkedIn Ads,7.74
2024-04-29,Puglia,LinkedIn Ads,7.271
2024-04-29,Sardegna,LinkedIn Ads,2.509
2024-04-29,Sicilia,LinkedIn Ads,5.63
2024-04-29,Toscana,LinkedIn Ads,5.283
2024-04-29,Trentino-Alto Adige,LinkedIn Ads,1.139
2024-04-29,Umbria,LinkedIn Ads,1.059
2024-04-29,Valle d'Aosta,LinkedIn Ads,0.142
2024-04-29,Veneto,LinkedIn Ads,7.514
2024-05-06,Abruzzo,LinkedIn Ads,2.387
2024-05-06,Basilicata,LinkedIn Ads,1.0
2024-05-06,Calabria,LinkedIn Ads,3.018
2024-05-06,Campania,LinkedIn Ads,11.425
2024-05-06,Emilia-Romagna,LinkedIn Ads,6.746
2024-05-06,Friuli-Venezia Giulia,LinkedIn Ads,2.351
2024-05-06,Lazio,LinkedIn Ads,10.689
2024-05-06,Liguria,LinkedIn Ads,3.12
2024-05-06,Lombardia,LinkedIn Ads,17.796
2024-05-06,Marche,LinkedIn Ads,2.137
2024-05-06,Molise,LinkedIn Ads,0.604
2024-05-06,Piemonte,LinkedIn Ads,7.381
2024-05-06,Puglia,LinkedIn Ads,7.014
2024-05-06,Sardegna,LinkedIn Ads,2.328
2024-05-06,Sicilia,LinkedIn Ads,5.302
2024-05-06,Toscana,LinkedIn Ads,4.769
2024-05-06,Trentino-Alto Adige,LinkedIn Ads,1.057
2024-05-06,Umbria,LinkedIn Ads,1.013
2024-05-06,Valle d'Aosta,LinkedIn Ads,0.135
2024-05-06,Veneto,LinkedIn Ads,6.949
2024-05-13,Abruzzo,LinkedIn Ads,2.521
2024-05-13,Basilicata,LinkedIn Ads,1.064
2024-05-13,Calabria,LinkedIn Ads,3.11
2024-05-13,Campania,LinkedIn Ads,12.18
2024-05-13,Emilia-Romagna,LinkedIn Ads,7.189
2024-05-13,Friuli-Venezia Giulia,LinkedIn Ads,2.492
2024-05-13,Lazio,LinkedIn Ads,11.438
2024-05-13,Liguria,LinkedIn Ads,3.381
2024-05-13,Lombardia,LinkedIn Ads,19.022
2024-05-13,Marche,LinkedIn Ads,2.332
2024-05-13,Molise,LinkedIn Ads,0.652
2024-05-13,Piemonte,LinkedIn Ads,8.063
2024-05-13,Puglia,LinkedIn Ads,7.445
2024-05-13,Sardegna,LinkedIn Ads,2.47
2024-05-13,Sicilia,LinkedIn Ads,5.545
2024-05-13,Toscana,LinkedIn Ads,5.07
2024-05-13,Trentino-Alto Adige,LinkedIn Ads,1.136
2024-05-13,Umbria,LinkedIn Ads,1.108
2024-05-13,Valle d'Aosta,LinkedIn Ads,0.142
2024-05-13,Veneto,LinkedIn Ads,7.376
2024-05-20,Abruzzo,LinkedIn Ads,2.636
2024-05-20,Basilicata,LinkedIn Ads,1.103
2024-05-20,Calabria,LinkedIn Ads,3.231
2024-05-20,Campania,LinkedIn Ads,12.888
2024-05-20,Emilia-Romagna,LinkedIn Ads,7.489
2024-05-20,Friuli-Venezia Giulia,LinkedIn Ads,2.595
2024-05-20,Lazio,LinkedIn Ads,11.587
2024-05-20,Liguria,LinkedIn Ads,3.519
2024-05-20,Lombardia,LinkedIn Ads,19.928
2024-05-20,Marche,LinkedIn Ads,2.437
2024-05-20,Molise,LinkedIn Ads,0.684
2024-05-20,Piemonte,LinkedIn Ads,8.234
2024-05-20,Puglia,LinkedIn Ads,7.691
2024-05-20,Sardegna,LinkedIn Ads,2.644
2024-05-20,Sicilia,LinkedIn Ads,5.879
2024-05-20,Toscana,LinkedIn Ads,5.315
2024-05-20,Trentino-Alto Adige,LinkedIn Ads,1.198
2024-05-20,Umbria,LinkedIn Ads,1.193
2024-05-20,Valle d'Aosta,LinkedIn Ads,0.145
2024-05-20,Veneto,LinkedIn Ads,7.738
2024-05-27,Abruzzo,LinkedIn Ads,2.778
2024-05-27,Basilicata,LinkedIn Ads,1.148
2024-05-27,Calabria,LinkedIn Ads,3.344
2024-05-27,Campania,LinkedIn Ads,13.528
2024-05-27,Emilia-Romagna,LinkedIn Ads,7.571
2024-05-27,Friuli-Venezia Giulia,LinkedIn Ads,2.686
2024-05-27,Lazio,LinkedIn Ads,12.043
2024-05-27,Liguria,LinkedIn Ads,3.662
2024-05-27,Lombardia,LinkedIn Ads,21.784
2024-05-27,Marche,LinkedIn Ads,2.516
2024-05-27,Molise,LinkedIn Ads,0.739
2024-05-27,Piemonte,LinkedIn Ads,8.467
2024-05-27,Puglia,LinkedIn Ads,7.921
2024-05-27,Sardegna,LinkedIn Ads,2.734
2024-05-27,Sicilia,LinkedIn Ads,6.129
2024-05-27,Toscana,LinkedIn Ads,5.704
2024-05-27,Trentino-Alto Adige,LinkedIn Ads,1.293
2024-05-27,Umbria,LinkedIn Ads,1.235
2024-05-27,Valle d'Aosta,LinkedIn Ads,0.153
2024-05-27,Veneto,LinkedIn Ads,8.139
2024-06-03,Abruzzo,LinkedIn Ads,2.786
2024-06-03,Basilicata,LinkedIn Ads,1.171
2024-06-03,Calabria,LinkedIn Ads,3.361
2024-06-03,Campania,LinkedIn Ads,13.627
2024-06-03,Emilia-Romagna,LinkedIn Ads,7.386
2024-06-03,Friuli-Venezia Giulia,LinkedIn Ads,2.765
2024-06-03,Lazio,LinkedIn Ads,12.46
2024-06-03,Liguria,LinkedIn Ads,3.615
2024-06-03,Lombardia,LinkedIn Ads,22.395
2024-06-03,Marche,LinkedIn Ads,2.527
2024-06-03,Molise,LinkedIn Ads,0.78
2024-06-03,Piemonte,LinkedIn Ads,8.544
2024-06-03,Puglia,LinkedIn Ads,7.863
2024-06-03,Sardegna,LinkedIn Ads,2.816
2024-06-03,Sicilia,LinkedIn Ads,6.043
2024-06-03,Toscana,LinkedIn Ads,5.72
2024-06-03,Trentino-Alto Adige,LinkedIn Ads,1.306
2024-06-03,Umbria,LinkedIn Ads,1.24
2024-06-03,Valle d'Aosta,LinkedIn Ads,0.155
2024-06-03,Veneto,LinkedIn Ads,8.239
2024-06-10,Abruzzo,LinkedIn Ads,2.676
2024-06-10,Basilicata,LinkedIn Ads,1.19
2024-06-10,Calabria,LinkedIn Ads,3.71
2024-06-10,Campania,LinkedIn Ads,13.47
2024-06-10,Emilia-Romagna,LinkedIn Ads,7.876
2024-06-10,Friuli-Venezia Giulia,LinkedIn Ads,2.723
2024-06-10,Lazio,LinkedIn Ads,11.954
2024-06-10,Liguria,LinkedIn Ads,3.587
2024-06-10,Lombardia,LinkedIn Ads,21.971
2024-06-10,Marche,LinkedIn Ads,2.564
2024-06-10,Molise,LinkedIn Ads,0.781
2024-06-10,Piemonte,LinkedIn Ads,8.629
2024-06-10,Puglia,LinkedIn Ads,8.746
2024-06-10,Sardegna,LinkedIn Ads,2.969
2024-06-10,Sicilia,LinkedIn Ads,6.648
2024-06-10,Toscana,LinkedIn Ads,5.506
2024-06-10,Trentino-Alto Adige,LinkedIn Ads,1.41
2024-06-10,Umbria,LinkedIn Ads,1.228
2024-06-10,Valle d'Aosta,LinkedIn Ads,0.153
2024-06-10,Veneto,LinkedIn Ads,8.223
2024-06-17,Abruzzo,LinkedIn Ads,2.648
2024-06-17,Basilicata,LinkedIn Ads,1.274
2024-06-17,Calabria,LinkedIn Ads,4.153
2024-06-17,Campania,LinkedIn Ads,14.115
2024-06-17,Emilia-Romagna,LinkedIn Ads,8.401
2024-06-17,Friuli-Venezia Giulia,LinkedIn Ads,2.82
2024-06-17,Lazio,LinkedIn Ads,12.389
2024-06-17,Liguria,LinkedIn Ads,3.696
2024-06-17,Lombardia,LinkedIn Ads,22.704
2024-06-17,Marche,LinkedIn Ads,2.633
2024-06-17,Molise,LinkedIn Ads,0.777
2024-06-17,Piemonte,LinkedIn Ads,8.886
2024-06-17,Puglia,LinkedIn Ads,9.443
2024-06-17,Sardegna,LinkedIn Ads,3.257
2024-06-17,Sicilia,LinkedIn Ads,7.178
2024-06-17,Toscana,LinkedIn Ads,5.557
2024-06-17,Trentino-Alto Adige,LinkedIn Ads,1.545
2024-06-17,Umbria,LinkedIn Ads,1.229
2024-06-17,Valle d'Aosta,LinkedIn Ads,0.157
2024-06-17,Veneto,LinkedIn Ads,8.458
2024-06-24,Abruzzo,LinkedIn Ads,2.617
2024-06-24,Basilicata,LinkedIn Ads,1.265
2024-06-24,Calabria,LinkedIn Ads,4.22
2024-06-24,Campania,LinkedIn Ads,14.44
2024-06-24,Emilia-Romagna,LinkedIn Ads,8.708
2024-06-24,Friuli-Venezia Giulia,LinkedIn Ads,2.846
2024-06-24,Lazio,LinkedIn Ads,12.513
2024-06-24,Liguria,LinkedIn Ads,3.696
2024-06-24,Lombardia,LinkedIn Ads,22.564
2024-06-24,Marche,LinkedIn Ads,2.567
2024-06-24,Molise,LinkedIn Ads,0.77
2024-06-24,Piemonte,LinkedIn Ads,8.815
2024-06-24,Puglia,LinkedIn Ads,9.94
2024-06-24,Sardegna,LinkedIn Ads,3.341
2024-06-24,Sicilia,LinkedIn Ads,7.46
2024-06-24,Toscana,LinkedIn Ads,5.405
2024-06-24,Trentino-Alto Adige,LinkedIn Ads,1.594
2024-06-24,Umbria,LinkedIn Ads,1.212
2024-06-24,Valle d'Aosta,LinkedIn Ads,0.157
2024-06-24,Veneto,LinkedIn Ads,8.526
2024-07-01,Abruzzo,LinkedIn Ads,2.59
2024-07-01,Basilicata,LinkedIn Ads,1.234
2024-07-01,Calabria,LinkedIn Ads,4.231
2024-07-01,Campania,LinkedIn Ads,13.835
2024-07-01,Emilia-Romagna,LinkedIn Ads,8.731
2024-07-01,Friuli-Venezia Giulia,LinkedIn Ads,2.756
2024-07-01,Lazio,LinkedIn Ads,12.23
2024-07-01,Liguria,LinkedIn Ads,3.766
2024-07-01,Lombardia,LinkedIn Ads,22.73
2024-07-01,Marche,LinkedIn Ads,2.462
2024-07-01,Molise,LinkedIn Ads,0.764
2024-07-01,Piemonte,LinkedIn Ads,8.511
2024-07-01,Puglia,LinkedIn Ads,9.963
2024-07-01,Sardegna,LinkedIn Ads,3.409
2024-07-01,Sicilia,LinkedIn Ads,7.642
2024-07-01,Toscana,LinkedIn Ads,5.319
2024-07-01,Trentino-Alto Adige,LinkedIn Ads,1.619
2024-07-01,Umbria,LinkedIn Ads,1.23
2024-07-01,Valle d'Aosta,LinkedIn Ads,0.159
2024-07-01,Veneto,LinkedIn Ads,8.44
2024-07-08,Abruzzo,LinkedIn Ads,2.596
2024-07-08,Basilicata,LinkedIn Ads,1.201
2024-07-08,Calabria,LinkedIn Ads,4.149
2024-07-08,Campania,LinkedIn Ads,13.493
2024-07-08,Emilia-Romagna,LinkedIn Ads,8.664
2024-07-08,Friuli-Venezia Giulia,LinkedIn Ads,2.739
2024-07-08,Lazio,LinkedIn Ads,12.108
2024-07-08,Liguria,LinkedIn Ads,3.669
2024-07-08,Lombardia,LinkedIn Ads,22.025
2024-07-08,Marche,LinkedIn Ads,2.426
2024-07-08,Molise,LinkedIn Ads,0.756
2024-07-08,Piemonte,LinkedIn Ads,8.356
2024-07-08,Puglia,LinkedIn Ads,9.772
2024-07-08,Sardegna,LinkedIn Ads,3.459
2024-07-08,Sicilia,LinkedIn Ads,7.704
2024-07-08,Toscana,LinkedIn Ads,5.322
2024-07-08,Trentino-Alto Adige,LinkedIn Ads,1.634
2024-07-08,Umbria,LinkedIn Ads,1.251
2024-07-08,Valle d'Aosta,LinkedIn Ads,0.156
2024-07-08,Veneto,LinkedIn Ads,8.2
2024-07-15,Abruzzo,LinkedIn Ads,2.401
2024-07-15,Basilicata,LinkedIn Ads,1.131
2024-07-15,Calabria,LinkedIn Ads,3.897
2024-07-15,Campania,LinkedIn Ads,12.799
2024-07-15,Emilia-Romagna,LinkedIn Ads,8.465
2024-07-15,Friuli-Venezia Giulia,LinkedIn Ads,2.612
2024-07-15,Lazio,LinkedIn Ads,11.401
2024-07-15,Liguria,LinkedIn Ads,3.426
2024-07-15,Lombardia,LinkedIn Ads,20.319
2024-07-15,Marche,LinkedIn Ads,2.275
2024-07-15,Molise,LinkedIn Ads,0.705
2024-07-15,Piemonte,LinkedIn Ads,7.825
2024-07-15,Puglia,LinkedIn Ads,9.165
2024-07-15,Sardegna,LinkedIn Ads,3.301
2024-07-15,Sicilia,LinkedIn Ads,7.451
2024-07-15,Toscana,LinkedIn Ads,4.954
2024-07-15,Trentino-Alto Adige,LinkedIn Ads,1.57
2024-07-15,Umbria,LinkedIn Ads,1.208
2024-07-15,Valle d'Aosta,LinkedIn Ads,0.144
2024-07-15,Veneto,LinkedIn Ads,7.674
2024-07-22,Abruzzo,LinkedIn Ads,2.235
2024-07-22,Basilicata,LinkedIn Ads,1.091
2024-07-22,Calabria,LinkedIn Ads,3.872
2024-07-22,Campania,LinkedIn Ads,11.999
2024-07-22,Emilia-Romagna,LinkedIn Ads,8.399
2024-07-22,Friuli-Venezia Giulia,LinkedIn Ads,2.591
2024-07-22,Lazio,LinkedIn Ads,10.669
2024-07-22,Liguria,LinkedIn Ads,3.27
2024-07-22,Lombardia,LinkedIn Ads,19.213
2024-07-22,Marche,LinkedIn Ads,2.162
2024-07-22,Molise,LinkedIn Ads,0.667
2024-07-22,Piemonte,LinkedIn Ads,7.293
2024-07-22,Puglia,LinkedIn Ads,8.853
2024-07-22,Sardegna,LinkedIn Ads,3.152
2024-07-22,Sicilia,LinkedIn Ads,7.077
2024-07-22,Toscana,LinkedIn Ads,4.779
2024-07-22,Trentino-Alto Adige,LinkedIn Ads,1.512
2024-07-22,Umbria,LinkedIn Ads,1.177
2024-07-22,Valle d'Aosta,LinkedIn Ads,0.138
2024-07-22,Veneto,LinkedIn Ads,7.594
2024-07-29,Abruzzo,LinkedIn Ads,2.197
2024-07-29,Basilicata,LinkedIn Ads,1.095
2024-07-29,Calabria,LinkedIn Ads,3.845
2024-07-29,Campania,LinkedIn Ads,11.843
2024-07-29,Emilia-Romagna,LinkedIn Ads,8.244
2024-07-29,Friuli-Venezia Giulia,LinkedIn Ads,2.545
2024-07-29,Lazio,LinkedIn Ads,10.429
2024-07-29,Liguria,LinkedIn Ads,3.191
2024-07-29,Lombardia,LinkedIn Ads,19.288
2024-07-29,Marche,LinkedIn Ads,2.147
2024-07-29,Molise,LinkedIn Ads,0.642
2024-07-29,Piemonte,LinkedIn Ads,7.302
2024-07-29,Puglia,LinkedIn Ads,8.976
2024-07-29,Sardegna,LinkedIn Ads,3.112
2024-07-29,Sicilia,LinkedIn Ads,6.918
2024-07-29,Toscana,LinkedIn Ads,4.795
2024-07-29,Trentino-Alto Adige,LinkedIn Ads,1.486
2024-07-29,Umbria,LinkedIn Ads,1.146
2024-07-29,Valle d'Aosta,LinkedIn Ads,0.132
2024-07-29,Veneto,LinkedIn Ads,7.545
2024-08-05,Abruzzo,LinkedIn Ads,2.219
2024-08-05,Basilicata,LinkedIn Ads,1.055
2024-08-05,Calabria,LinkedIn Ads,3.622
2024-08-05,Campania,LinkedIn Ads,11.696
2024-08-05,Emilia-Romagna,LinkedIn Ads,8.013
2024-08-05,Friuli-Venezia Giulia,LinkedIn Ads,2.507
2024-08-05,Lazio,LinkedIn Ads,10.157
2024-08-05,Liguria,LinkedIn Ads,3.099
2024-08-05,Lombardia,LinkedIn Ads,19.426
2024-08-05,Marche,LinkedIn Ads,2.102
2024-08-05,Molise,LinkedIn Ads,0.601
2024-08-05,Piemonte,LinkedIn Ads,7.227
2024-08-05,Puglia,LinkedIn Ads,8.879
2024-08-05,Sardegna,LinkedIn Ads,3.023
2024-08-05,Sicilia,LinkedIn Ads,6.818
2024-08-05,Toscana,LinkedIn Ads,4.84
2024-08-05,Trentino-Alto Adige,LinkedIn Ads,1.452
2024-08-05,Umbria,LinkedIn Ads,1.092
2024-08-05,Valle d'Aosta,LinkedIn Ads,0.126
2024-08-05,Veneto,LinkedIn Ads,7.231
2024-08-12,Abruzzo,LinkedIn Ads,2.375
2024-08-12,Basilicata,LinkedIn Ads,1.098
2024-08-12,Calabria,LinkedIn Ads,3.436
2024-08-12,Campania,LinkedIn Ads,12.455
2024-08-12,Emilia-Romagna,LinkedIn Ads,7.71
2024-08-12,Friuli-Venezia Giulia,LinkedIn Ads,2.569
2024-08-12,Lazio,LinkedIn Ads,10.816
2024-08-12,Liguria,LinkedIn Ads,3.087
2024-08-12,Lombardia,LinkedIn Ads,20.579
2024-08-12,Marche,LinkedIn Ads,2.156
2024-08-12,Molise,LinkedIn Ads,0.638
2024-08-12,Piemonte,LinkedIn Ads,7.6
2024-08-12,Puglia,LinkedIn Ads,8.745
2024-08-12,Sardegna,LinkedIn Ads,2.849
2024-08-12,Sicilia,LinkedIn Ads,6.394
2024-08-12,Toscana,LinkedIn Ads,5.222
2024-08-12,Trentino-Alto Adige,LinkedIn Ads,1.401
2024-08-12,Umbria,LinkedIn Ads,1.159
2024-08-12,Valle d'Aosta,LinkedIn Ads,0.132
2024-08-12,Veneto,LinkedIn Ads,7.707
2024-08-19,Abruzzo,LinkedIn Ads,2.28
2024-08-19,Basilicata,LinkedIn Ads,1.057
2024-08-19,Calabria,LinkedIn Ads,3.098
2024-08-19,Campania,LinkedIn Ads,12.009
2024-08-19,Emilia-Romagna,LinkedIn Ads,7.093
2024-08-19,Friuli-Venezia Giulia,LinkedIn Ads,2.458
2024-08-19,Lazio,LinkedIn Ads,10.33
2024-08-19,Liguria,LinkedIn Ads,2.932
2024-08-19,Lombardia,LinkedIn Ads,19.655
2024-08-19,Marche,LinkedIn Ads,2.094
2024-08-19,Molise,LinkedIn Ads,0.628
2024-08-19,Piemonte,LinkedIn Ads,7.345
2024-08-19,Puglia,LinkedIn Ads,8.095
2024-08-19,Sardegna,LinkedIn Ads,2.635
2024-08-19,Sicilia,LinkedIn Ads,5.846
2024-08-19,Toscana,LinkedIn Ads,5.16
2024-08-19,Trentino-Alto Adige,LinkedIn Ads,1.264
2024-08-19,Umbria,LinkedIn Ads,1.124
2024-08-19,Valle d'Aosta,LinkedIn Ads,0.128
2024-08-19,Veneto,LinkedIn Ads,7.299
2024-08-26,Abruzzo,LinkedIn Ads,2.258
2024-08-26,Basilicata,LinkedIn Ads,1.059
2024-08-26,Calabria,LinkedIn Ads,2.958
2024-08-26,Campania,LinkedIn Ads,11.63
2024-08-26,Emilia-Romagna,LinkedIn Ads,6.727
2024-08-26,Friuli-Venezia Giulia,LinkedIn Ads,2.378
2024-08-26,Lazio,LinkedIn Ads,10.293
2024-08-26,Liguria,LinkedIn Ads,2.899
2024-08-26,Lombardia,LinkedIn Ads,19.705
2024-08-26,Marche,LinkedIn Ads,2.089
2024-08-26,Molise,LinkedIn Ads,0.651
2024-08-26,Piemonte,LinkedIn Ads,7.253
2024-08-26,Puglia,LinkedIn Ads,7.742
2024-08-26,Sardegna,LinkedIn Ads,2.523
2024-08-26,Sicilia,LinkedIn Ads,5.746
2024-08-26,Toscana,LinkedIn Ads,5.167
2024-08-26,Trentino-Alto Adige,LinkedIn Ads,1.372
2024-08-26,Umbria,LinkedIn Ads,1.123
2024-08-26,Valle d'Aosta,LinkedIn Ads,0.13
2024-08-26,Veneto,LinkedIn Ads,7.198
2024-09-02,Abruzzo,LinkedIn Ads,2.466
2024-09-02,Basilicata,LinkedIn Ads,1.168
2024-09-02,Calabria,LinkedIn Ads,3.012
2024-09-02,Campania,LinkedIn Ads,12.483
2024-09-02,Emilia-Romagna,LinkedIn Ads,7.341
2024-09-02,Friuli-Venezia Giulia,LinkedIn Ads,2.689
2024-09-02,Lazio,LinkedIn Ads,11.267
2024-09-02,Liguria,LinkedIn Ads,3.204
2024-09-02,Lombardia,LinkedIn Ads,20.669
2024-09-02,Marche,LinkedIn Ads,2.273
2024-09-02,Molise,LinkedIn Ads,0.719
2024-09-02,Piemonte,LinkedIn Ads,8.29
2024-09-02,Puglia,LinkedIn Ads,8.482
2024-09-02,Sardegna,LinkedIn Ads,2.779
2024-09-02,Sicilia,LinkedIn Ads,6.181
2024-09-02,Toscana,LinkedIn Ads,5.654
2024-09-02,Trentino-Alto Adige,LinkedIn Ads,1.654
2024-09-02,Umbria,LinkedIn Ads,1.268
2024-09-02,Valle d'Aosta,LinkedIn Ads,0.141
2024-09-02,Veneto,LinkedIn Ads,7.861
2024-09-09,Abruzzo,LinkedIn Ads,2.362
2024-09-09,Basilicata,LinkedIn Ads,1.148
2024-09-09,Calabria,LinkedIn Ads,2.89
2024-09-09,Campania,LinkedIn Ads,12.009
2024-09-09,Emilia-Romagna,LinkedIn Ads,7.151
2024-09-09,Friuli-Venezia Giulia,LinkedIn Ads,2.631
2024-09-09,Lazio,LinkedIn Ads,11.007
2024-09-09,Liguria,LinkedIn Ads,3.149
2024-09-09,Lombardia,LinkedIn Ads,19.721
2024-09-09,Marche,LinkedIn Ads,2.233
2024-09-09,Molise,LinkedIn Ads,0.712
2024-09-09,Piemonte,LinkedIn Ads,8.151
2024-09-09,Puglia,LinkedIn Ads,8.288
2024-09-09,Sardegna,LinkedIn Ads,2.61
2024-09-09,Sicilia,LinkedIn Ads,6.014
2024-09-09,Toscana,LinkedIn Ads,5.455
2024-09-09,Trentino-Alto Adige,LinkedIn Ads,1.641
2024-09-09,Umbria,LinkedIn Ads,1.248
2024-09-09,Valle d'Aosta,LinkedIn Ads,0.137
2024-09-09,Veneto,LinkedIn Ads,7.68
2024-09-16,Abruzzo,LinkedIn Ads,2.195
2024-09-16,Basilicata,LinkedIn Ads,1.076
2024-09-16,Calabria,LinkedIn Ads,2.654
2024-09-16,Campania,LinkedIn Ads,11.277
2024-09-16,Emilia-Romagna,LinkedIn Ads,6.619
2024-09-16,Friuli-Venezia Giulia,LinkedIn Ads,2.493
2024-09-16,Lazio,LinkedIn Ads,9.933
2024-09-16,Liguria,LinkedIn Ads,2.996
2024-09-16,Lombardia,LinkedIn Ads,18.382
2024-09-16,Marche,LinkedIn Ads,2.048
2024-09-16,Molise,LinkedIn Ads,0.666
2024-09-16,Piemonte,LinkedIn Ads,7.616
2024-09-16,Puglia,LinkedIn Ads,7.739
2024-09-16,Sardegna,LinkedIn Ads,2.401
2024-09-16,Sicilia,LinkedIn Ads,5.581
2024-09-16,Toscana,LinkedIn Ads,5.003
2024-09-16,Trentino-Alto Adige,LinkedIn Ads,1.565
2024-09-16,Umbria,LinkedIn Ads,1.165
2024-09-16,Valle d'Aosta,LinkedIn Ads,0.133
2024-09-16,Veneto,LinkedIn Ads,7.247
2024-09-23,Abruzzo,LinkedIn Ads,2.215
2024-09-23,Basilicata,LinkedIn Ads,1.058
2024-09-23,Calabria,LinkedIn Ads,2.667
2024-09-23,Campania,LinkedIn Ads,10.808
2024-09-23,Emilia-Romagna,LinkedIn Ads,6.489
2024-09-23,Friuli-Venezia Giulia,LinkedIn Ads,2.481
2024-09-23,Lazio,LinkedIn Ads,9.754
2024-09-23,Liguria,LinkedIn Ads,2.952
2024-09-23,Lombardia,LinkedIn Ads,17.724
2024-09-23,Marche,LinkedIn Ads,2.032
2024-09-23,Molise,LinkedIn Ads,0.644
2024-09-23,Piemonte,LinkedIn Ads,7.4
2024-09-23,Puglia,LinkedIn Ads,7.595
2024-09-23,Sardegna,LinkedIn Ads,2.427
2024-09-23,Sicilia,LinkedIn Ads,5.437
2024-09-23,Toscana,LinkedIn Ads,4.85
2024-09-23,Trentino-Alto Adige,LinkedIn Ads,1.539
2024-09-23,Umbria,LinkedIn Ads,1.164
2024-09-23,Valle d'Aosta,LinkedIn Ads,0.134
2024-09-23,Veneto,LinkedIn Ads,7.088
2024-09-30,Abruzzo,LinkedIn Ads,2.247
2024-09-30,Basilicata,LinkedIn Ads,1.074
2024-09-30,Calabria,LinkedIn Ads,2.787
2024-09-30,Campania,LinkedIn Ads,11.046
2024-09-30,Emilia-Romagna,LinkedIn Ads,7.473
2024-09-30,Friuli-Venezia Giulia,LinkedIn Ads,2.486
2024-09-30,Lazio,LinkedIn Ads,9.907
2024-09-30,Liguria,LinkedIn Ads,2.993
2024-09-30,Lombardia,LinkedIn Ads,20.494
2024-09-30,Marche,LinkedIn Ads,2.147
2024-09-30,Molise,LinkedIn Ads,0.648
2024-09-30,Piemonte,LinkedIn Ads,8.476
2024-09-30,Puglia,LinkedIn Ads,7.487
2024-09-30,Sardegna,LinkedIn Ads,2.475
2024-09-30,Sicilia,LinkedIn Ads,5.576
2024-09-30,Toscana,LinkedIn Ads,5.216
2024-09-30,Trentino-Alto Adige,LinkedIn Ads,1.647
2024-09-30,Umbria,LinkedIn Ads,1.199
2024-09-30,Valle d'Aosta,LinkedIn Ads,0.137
2024-09-30,Veneto,LinkedIn Ads,8.044
2024-10-07,Abruzzo,LinkedIn Ads,2.294
2024-10-07,Basilicata,LinkedIn Ads,1.102
2024-10-07,Calabria,LinkedIn Ads,2.801
2024-10-07,Campania,LinkedIn Ads,11.115
2024-10-07,Emilia-Romagna,LinkedIn Ads,7.892
2024-10-07,Friuli-Venezia Giulia,LinkedIn Ads,2.529
2024-10-07,Lazio,LinkedIn Ads,9.913
2024-10-07,Liguria,LinkedIn Ads,2.955
2024-10-07,Lombardia,LinkedIn Ads,22.49
2024-10-07,Marche,LinkedIn Ads,2.144
2024-10-07,Molise,LinkedIn Ads,0.641
2024-10-07,Piemonte,LinkedIn Ads,8.925
2024-10-07,Puglia,LinkedIn Ads,7.334
2024-10-07,Sardegna,LinkedIn Ads,2.527
2024-10-07,Sicilia,LinkedIn Ads,5.746
2024-10-07,Toscana,LinkedIn Ads,5.249
2024-10-07,Trentino-Alto Adige,LinkedIn Ads,1.65
2024-10-07,Umbria,LinkedIn Ads,1.221
2024-10-07,Valle d'Aosta,LinkedIn Ads,0.14
2024-10-07,Veneto,LinkedIn Ads,8.374
2024-10-14,Abruzzo,LinkedIn Ads,2.494
2024-10-14,Basilicata,LinkedIn Ads,1.173
2024-10-14,Calabria,LinkedIn Ads,2.965
2024-10-14,Campania,LinkedIn Ads,11.82
2024-10-14,Emilia-Romagna,LinkedIn Ads,8.716
2024-10-14,Friuli-Venezia Giulia,LinkedIn Ads,2.655
2024-10-14,Lazio,LinkedIn Ads,10.58
2024-10-14,Liguria,LinkedIn Ads,3.228
2024-10-14,Lombardia,LinkedIn Ads,24.849
2024-10-14,Marche,LinkedIn Ads,2.383
2024-10-14,Molise,LinkedIn Ads,0.682
2024-10-14,Piemonte,LinkedIn Ads,9.684
2024-10-14,Puglia,LinkedIn Ads,7.51
2024-10-14,Sardegna,LinkedIn Ads,2.736
2024-10-14,Sicilia,LinkedIn Ads,5.973
2024-10-14,Toscana,LinkedIn Ads,5.483
2024-10-14,Trentino-Alto Adige,LinkedIn Ads,1.731
2024-10-14,Umbria,LinkedIn Ads,1.286
2024-10-14,Valle d'Aosta,LinkedIn Ads,0.145
2024-10-14,Veneto,LinkedIn Ads,9.549
2024-10-21,Abruzzo,LinkedIn Ads,2.539
2024-10-21,Basilicata,LinkedIn Ads,1.188
2024-10-21,Calabria,LinkedIn Ads,3.121
2024-10-21,Campania,LinkedIn Ads,12.516
2024-10-21,Emilia-Romagna,LinkedIn Ads,9.145
2024-10-21,Friuli-Venezia Giulia,LinkedIn Ads,2.659
2024-10-21,Lazio,LinkedIn Ads,10.756
2024-10-21,Liguria,LinkedIn Ads,3.264
2024-10-21,Lombardia,LinkedIn Ads,25.791
2024-10-21,Marche,LinkedIn Ads,2.473
2024-10-21,Molise,LinkedIn Ads,0.707
2024-10-21,Piemonte,LinkedIn Ads,10.143
2024-10-21,Puglia,LinkedIn Ads,7.744
2024-10-21,Sardegna,LinkedIn Ads,2.811
2024-10-21,Sicilia,LinkedIn Ads,6.18
2024-10-21,Toscana,LinkedIn Ads,5.533
2024-10-21,Trentino-Alto Adige,LinkedIn Ads,1.738
2024-10-21,Umbria,LinkedIn Ads,1.309
2024-10-21,Valle d'Aosta,LinkedIn Ads,0.149
2024-10-21,Veneto,LinkedIn Ads,10.134
2024-10-28,Abruzzo,LinkedIn Ads,2.666
2024-10-28,Basilicata,LinkedIn Ads,1.233
2024-10-28,Calabria,LinkedIn Ads,3.382
2024-10-28,Campania,LinkedIn Ads,13.181
2024-10-28,Emilia-Romagna,LinkedIn Ads,9.874
2024-10-28,Friuli-Venezia Giulia,LinkedIn Ads,2.695
2024-10-28,Lazio,LinkedIn Ads,11.221
2024-10-28,Liguria,LinkedIn Ads,3.388
2024-10-28,Lombardia,LinkedIn Ads,26.67
2024-10-28,Marche,LinkedIn Ads,2.555
2024-10-28,Molise,LinkedIn Ads,0.749
2024-10-28,Piemonte,LinkedIn Ads,10.489
2024-10-28,Puglia,LinkedIn Ads,8.103
2024-10-28,Sardegna,LinkedIn Ads,2.997
2024-10-28,Sicilia,LinkedIn Ads,6.203
2024-10-28,Toscana,LinkedIn Ads,5.545
2024-10-28,Trentino-Alto Adige,LinkedIn Ads,1.797
2024-10-28,Umbria,LinkedIn Ads,1.338
2024-10-28,Valle d'Aosta,LinkedIn Ads,0.154
2024-10-28,Veneto,LinkedIn Ads,10.489
2024-11-04,Abruzzo,LinkedIn Ads,2.682
2024-11-04,Basilicata,LinkedIn Ads,1.208
2024-11-04,Calabria,LinkedIn Ads,3.384
2024-11-04,Campania,LinkedIn Ads,13.333
2024-11-04,Emilia-Romagna,LinkedIn Ads,9.907
2024-11-04,Friuli-Venezia Giulia,LinkedIn Ads,2.701
2024-11-04,Lazio,LinkedIn Ads,11.266
2024-11-04,Liguria,LinkedIn Ads,3.472
2024-11-04,Lombardia,LinkedIn Ads,27.614
2024-11-04,Marche,LinkedIn Ads,2.587
2024-11-04,Molise,LinkedIn Ads,0.759
2024-11-04,Piemonte,LinkedIn Ads,10.514
2024-11-04,Puglia,LinkedIn Ads,8.222
2024-11-04,Sardegna,LinkedIn Ads,3.06
2024-11-04,Sicilia,LinkedIn Ads,6.414
2024-11-04,Toscana,LinkedIn Ads,5.419
2024-11-04,Trentino-Alto Adige,LinkedIn Ads,1.824
2024-11-04,Umbria,LinkedIn Ads,1.343
2024-11-04,Valle d'Aosta,LinkedIn Ads,0.158
2024-11-04,Veneto,LinkedIn Ads,10.733
2024-11-11,Abruzzo,LinkedIn Ads,2.967
2024-11-11,Basilicata,LinkedIn Ads,1.309
2024-11-11,Calabria,LinkedIn Ads,3.586
2024-11-11,Campania,LinkedIn Ads,14.558
2024-11-11,Emilia-Romagna,LinkedIn Ads,10.554
2024-11-11,Friuli-Venezia Giulia,LinkedIn Ads,2.926
2024-11-11,Lazio,LinkedIn Ads,11.705
2024-11-11,Liguria,LinkedIn Ads,3.898
2024-11-11,Lombardia,LinkedIn Ads,30.364
2024-11-11,Marche,LinkedIn Ads,2.738
2024-11-11,Molise,LinkedIn Ads,0.836
2024-11-11,Piemonte,LinkedIn Ads,12.097
2024-11-11,Puglia,LinkedIn Ads,9.017
2024-11-11,Sardegna,LinkedIn Ads,3.355
2024-11-11,Sicilia,LinkedIn Ads,6.958
2024-11-11,Toscana,LinkedIn Ads,5.797
2024-11-11,Trentino-Alto Adige,LinkedIn Ads,2.036
2024-11-11,Umbria,LinkedIn Ads,1.393
2024-11-11,Valle d'Aosta,LinkedIn Ads,0.17
2024-11-11,Veneto,LinkedIn Ads,11.753
2024-11-18,Abruzzo,LinkedIn Ads,3.03
2024-11-18,Basilicata,LinkedIn Ads,1.28
2024-11-18,Calabria,LinkedIn Ads,3.561
2024-11-18,Campania,LinkedIn Ads,14.527
2024-11-18,Emilia-Romagna,LinkedIn Ads,10.768
2024-11-18,Friuli-Venezia Giulia,LinkedIn Ads,2.94
2024-11-18,Lazio,LinkedIn Ads,11.599
2024-11-18,Liguria,LinkedIn Ads,3.877
2024-11-18,Lombardia,LinkedIn Ads,30.205
2024-11-18,Marche,LinkedIn Ads,2.737
2024-11-18,Molise,LinkedIn Ads,0.842
2024-11-18,Piemonte,LinkedIn Ads,12.162
2024-11-18,Puglia,LinkedIn Ads,9.092
2024-11-18,Sardegna,LinkedIn Ads,3.391
2024-11-18,Sicilia,LinkedIn Ads,6.72
2024-11-18,Toscana,LinkedIn Ads,5.704
2024-11-18,Trentino-Alto Adige,LinkedIn Ads,2.008
2024-11-18,Umbria,LinkedIn Ads,1.32
2024-11-18,Valle d'Aosta,LinkedIn Ads,0.17
2024-11-18,Veneto,LinkedIn Ads,11.924
2024-11-25,Abruzzo,LinkedIn Ads,2.686
2024-11-25,Basilicata,LinkedIn Ads,1.118
2024-11-25,Calabria,LinkedIn Ads,3.224
2024-11-25,Campania,LinkedIn Ads,13.125
2024-11-25,Emilia-Romagna,LinkedIn Ads,9.834
2024-11-25,Friuli-Venezia Giulia,LinkedIn Ads,2.63
2024-11-25,Lazio,LinkedIn Ads,10.453
2024-11-25,Liguria,LinkedIn Ads,3.563
2024-11-25,Lombardia,LinkedIn Ads,27.299
2024-11-25,Marche,LinkedIn Ads,2.435
2024-11-25,Molise,LinkedIn Ads,0.749
2024-11-25,Piemonte,LinkedIn Ads,11.04
2024-11-25,Puglia,LinkedIn Ads,8.002
2024-11-25,Sardegna,LinkedIn Ads,3.086
2024-11-25,Sicilia,LinkedIn Ads,5.922
2024-11-25,Toscana,LinkedIn Ads,5.138
2024-11-25,Trentino-Alto Adige,LinkedIn Ads,1.809
2024-11-25,Umbria,LinkedIn Ads,1.176
2024-11-25,Valle d'Aosta,LinkedIn Ads,0.152
2024-11-25,Veneto,LinkedIn Ads,10.843
2024-12-02,Abruzzo,LinkedIn Ads,2.773
2024-12-02,Basilicata,LinkedIn Ads,1.159
2024-12-02,Calabria,LinkedIn Ads,3.431
2024-12-02,Campania,LinkedIn Ads,13.72
2024-12-02,Emilia-Romagna,LinkedIn Ads,9.517
2024-12-02,Friuli-Venezia Giulia,LinkedIn Ads,2.727
2024-12-02,Lazio,LinkedIn Ads,11.176
2024-12-02,Liguria,LinkedIn Ads,3.675
2024-12-02,Lombardia,LinkedIn Ads,26.461
2024-12-02,Marche,LinkedIn Ads,2.53
2024-12-02,Molise,LinkedIn Ads,0.8
2024-12-02,Piemonte,LinkedIn Ads,10.485
2024-12-02,Puglia,LinkedIn Ads,7.924
2024-12-02,Sardegna,LinkedIn Ads,3.235
2024-12-02,Sicilia,LinkedIn Ads,6.173
2024-12-02,Toscana,LinkedIn Ads,5.347
2024-12-02,Trentino-Alto Adige,LinkedIn Ads,1.929
2024-12-02,Umbria,LinkedIn Ads,1.202
2024-12-02,Valle d'Aosta,LinkedIn Ads,0.158
2024-12-02,Veneto,LinkedIn Ads,10.577
2024-12-09,Abruzzo,LinkedIn Ads,2.67
2024-12-09,Basilicata,LinkedIn Ads,1.111
2024-12-09,Calabria,LinkedIn Ads,3.376
2024-12-09,Campania,LinkedIn Ads,13.962
2024-12-09,Emilia-Romagna,LinkedIn Ads,8.985
2024-12-09,Friuli-Venezia Giulia,LinkedIn Ads,2.652
2024-12-09,Lazio,LinkedIn Ads,11.275
2024-12-09,Liguria,LinkedIn Ads,3.719
2024-12-09,Lombardia,LinkedIn Ads,23.942
2024-12-09,Marche,LinkedIn Ads,2.417
2024-12-09,Molise,LinkedIn Ads,0.799
2024-12-09,Piemonte,LinkedIn Ads,9.798
2024-12-09,Puglia,LinkedIn Ads,7.76
2024-12-09,Sardegna,LinkedIn Ads,3.08
2024-12-09,Sicilia,LinkedIn Ads,5.871
2024-12-09,Toscana,LinkedIn Ads,5.254
2024-12-09,Trentino-Alto Adige,LinkedIn Ads,1.742
2024-12-09,Umbria,LinkedIn Ads,1.18
2024-12-09,Valle d'Aosta,LinkedIn Ads,0.154
2024-12-09,Veneto,LinkedIn Ads,9.795
2024-12-16,Abruzzo,LinkedIn Ads,2.566
2024-12-16,Basilicata,LinkedIn Ads,1.101
2024-12-16,Calabria,LinkedIn Ads,3.369
2024-12-16,Campania,LinkedIn Ads,14.209
2024-12-16,Emilia-Romagna,LinkedIn Ads,8.442
2024-12-16,Friuli-Venezia Giulia,LinkedIn Ads,2.608
2024-12-16,Lazio,LinkedIn Ads,11.611
2024-12-16,Liguria,LinkedIn Ads,3.627
2024-12-16,Lombardia,LinkedIn Ads,23.108
2024-12-16,Marche,LinkedIn Ads,2.397
2024-12-16,Molise,LinkedIn Ads,0.805
2024-12-16,Piemonte,LinkedIn Ads,9.284
2024-12-16,Puglia,LinkedIn Ads,7.93
2024-12-16,Sardegna,LinkedIn Ads,2.936
2024-12-16,Sicilia,LinkedIn Ads,5.761
2024-12-16,Toscana,LinkedIn Ads,5.137
2024-12-16,Trentino-Alto Adige,LinkedIn Ads,1.591
2024-12-16,Umbria,LinkedIn Ads,1.156
2024-12-16,Valle d'Aosta,LinkedIn Ads,0.153
2024-12-16,Veneto,LinkedIn Ads,9.279
2024-12-23,Abruzzo,LinkedIn Ads,2.691
2024-12-23,Basilicata,LinkedIn Ads,1.15
2024-12-23,Calabria,LinkedIn Ads,3.56
2024-12-23,Campania,LinkedIn Ads,14.773
2024-12-23,Emilia-Romagna,LinkedIn Ads,8.448
2024-12-23,Friuli-Venezia Giulia,LinkedIn Ads,2.725
2024-12-23,Lazio,LinkedIn Ads,12.616
2024-12-23,Liguria,LinkedIn Ads,3.757
2024-12-23,Lombardia,LinkedIn Ads,24.523
2024-12-23,Marche,LinkedIn Ads,2.607
2024-12-23,Molise,LinkedIn Ads,0.84
2024-12-23,Piemonte,LinkedIn Ads,9.381
2024-12-23,Puglia,LinkedIn Ads,8.351
2024-12-23,Sardegna,LinkedIn Ads,2.984
2024-12-23,Sicilia,LinkedIn Ads,6.197
2024-12-23,Toscana,LinkedIn Ads,5.532
2024-12-23,Trentino-Alto Adige,LinkedIn Ads,1.616
2024-12-23,Umbria,LinkedIn Ads,1.244
2024-12-23,Valle d'Aosta,LinkedIn Ads,0.164
2024-12-23,Veneto,LinkedIn Ads,9.446
2024-12-30,Abruzzo,LinkedIn Ads,2.509
2024-12-30,Basilicata,LinkedIn Ads,1.089
2024-12-30,Calabria,LinkedIn Ads,3.387
2024-12-30,Campania,LinkedIn Ads,13.806
2024-12-30,Emilia-Romagna,LinkedIn Ads,7.742
2024-12-30,Friuli-Venezia Giulia,LinkedIn Ads,2.592
2024-12-30,Lazio,LinkedIn Ads,12.097
2024-12-30,Liguria,LinkedIn Ads,3.514
2024-12-30,Lombardia,LinkedIn Ads,22.99
2024-12-30,Marche,LinkedIn Ads,2.52
2024-12-30,Molise,LinkedIn Ads,0.783
2024-12-30,Piemonte,LinkedIn Ads,8.871
2024-12-30,Puglia,LinkedIn Ads,7.834
2024-12-30,Sardegna,LinkedIn Ads,2.798
2024-12-30,Sicilia,LinkedIn Ads,5.937
2024-12-30,Toscana,LinkedIn Ads,5.223
2024-12-30,Trentino-Alto Adige,LinkedIn Ads,1.462
2024-12-30,Umbria,LinkedIn Ads,1.179
2024-12-30,Valle d'Aosta,LinkedIn Ads,0.152
2024-12-30,Veneto,LinkedIn Ads,8.618
2025-01-06,Abruzzo,LinkedIn Ads,2.335
2025-01-06,Basilicata,LinkedIn Ads,1.065
2025-01-06,Calabria,LinkedIn Ads,3.174
2025-01-06,Campania,LinkedIn Ads,12.902
2025-01-06,Emilia-Romagna,LinkedIn Ads,7.225
2025-01-06,Friuli-Venezia Giulia,LinkedIn Ads,2.429
2025-01-06,Lazio,LinkedIn Ads,11.616
2025-01-06,Liguria,LinkedIn Ads,3.266
2025-01-06,Lombardia,LinkedIn Ads,21.256
2025-01-06,Marche,LinkedIn Ads,2.454
2025-01-06,Molise,LinkedIn Ads,0.734
2025-01-06,Piemonte,LinkedIn Ads,8.237
2025-01-06,Puglia,LinkedIn Ads,7.334
2025-01-06,Sardegna,LinkedIn Ads,2.625
2025-01-06,Sicilia,LinkedIn Ads,5.471
2025-01-06,Toscana,LinkedIn Ads,4.992
2025-01-06,Trentino-Alto Adige,LinkedIn Ads,1.35
2025-01-06,Umbria,LinkedIn Ads,1.126
2025-01-06,Valle d'Aosta,LinkedIn Ads,0.143
2025-01-06,Veneto,LinkedIn Ads,7.992
2025-01-13,Abruzzo,LinkedIn Ads,2.116
2025-01-13,Basilicata,LinkedIn Ads,0.993
2025-01-13,Calabria,LinkedIn Ads,2.868
2025-01-13,Campania,LinkedIn Ads,11.497
2025-01-13,Emilia-Romagna,LinkedIn Ads,6.716
2025-01-13,Friuli-Venezia Giulia,LinkedIn Ads,2.192
2025-01-13,Lazio,LinkedIn Ads,10.897
2025-01-13,Liguria,LinkedIn Ads,2.972
2025-01-13,Lombardia,LinkedIn Ads,19.385
2025-01-13,Marche,LinkedIn Ads,2.3
2025-01-13,Molise,LinkedIn Ads,0.659
2025-01-13,Piemonte,LinkedIn Ads,7.536
2025-01-13,Puglia,LinkedIn Ads,6.496
2025-01-13,Sardegna,LinkedIn Ads,2.435
2025-01-13,Sicilia,LinkedIn Ads,4.859
2025-01-13,Toscana,LinkedIn Ads,4.569
2025-01-13,Trentino-Alto Adige,LinkedIn Ads,1.195
2025-01-13,Umbria,LinkedIn Ads,1.047
2025-01-13,Valle d'Aosta,LinkedIn Ads,0.128
2025-01-13,Veneto,LinkedIn Ads,7.4
2025-01-20,Abruzzo,LinkedIn Ads,1.983
2025-01-20,Basilicata,LinkedIn Ads,0.941
2025-01-20,Calabria,LinkedIn Ads,2.635
2025-01-20,Campania,LinkedIn Ads,11.003
2025-01-20,Emilia-Romagna,LinkedIn Ads,6.251
2025-01-20,Friuli-Venezia Giulia,LinkedIn Ads,2.105
2025-01-20,Lazio,LinkedIn Ads,10.277
2025-01-20,Liguria,LinkedIn Ads,2.758
2025-01-20,Lombardia,LinkedIn Ads,18.095
2025-01-20,Marche,LinkedIn Ads,2.2
2025-01-20,Molise,LinkedIn Ads,0.604
2025-01-20,Piemonte,LinkedIn Ads,7.038
2025-01-20,Puglia,LinkedIn Ads,6.165
2025-01-20,Sardegna,LinkedIn Ads,2.246
2025-01-20,Sicilia,LinkedIn Ads,4.518
2025-01-20,Toscana,LinkedIn Ads,4.442
2025-01-20,Trentino-Alto Adige,LinkedIn Ads,1.096
2025-01-20,Umbria,LinkedIn Ads,1.001
2025-01-20,Valle d'Aosta,LinkedIn Ads,0.119
2025-01-20,Veneto,LinkedIn Ads,7.072
2025-01-27,Abruzzo,LinkedIn Ads,2.077
2025-01-27,Basilicata,LinkedIn Ads,0.992
2025-01-27,Calabria,LinkedIn Ads,2.689
2025-01-27,Campania,LinkedIn Ads,11.832
2025-01-27,Emilia-Romagna,LinkedIn Ads,6.325
2025-01-27,Friuli-Venezia Giulia,LinkedIn Ads,2.209
2025-01-27,Lazio,LinkedIn Ads,10.598
2025-01-27,Liguria,LinkedIn Ads,2.873
2025-01-27,Lombardia,LinkedIn Ads,19.011
2025-01-27,Marche,LinkedIn Ads,2.182
2025-01-27,Molise,LinkedIn Ads,0.621
2025-01-27,Piemonte,LinkedIn Ads,7.285
2025-01-27,Puglia,LinkedIn Ads,6.553
2025-01-27,Sardegna,LinkedIn Ads,2.343
2025-01-27,Sicilia,LinkedIn Ads,4.71
2025-01-27,Toscana,LinkedIn Ads,4.697
2025-01-27,Trentino-Alto Adige,LinkedIn Ads,1.082
2025-01-27,Umbria,LinkedIn Ads,1.017
2025-01-27,Valle d'Aosta,LinkedIn Ads,0.124
2025-01-27,Veneto,LinkedIn Ads,7.303
2025-02-03,Abruzzo,LinkedIn Ads,2.315
2025-02-03,Basilicata,LinkedIn Ads,1.136
2025-02-03,Calabria,LinkedIn Ads,3.157
2025-02-03,Campania,LinkedIn Ads,13.498
2025-02-03,Emilia-Romagna,LinkedIn Ads,6.713
2025-02-03,Friuli-Venezia Giulia,LinkedIn Ads,2.453
2025-02-03,Lazio,LinkedIn Ads,11.798
2025-02-03,Liguria,LinkedIn Ads,3.178
2025-02-03,Lombardia,LinkedIn Ads,21.782
2025-02-03,Marche,LinkedIn Ads,2.407
2025-02-03,Molise,LinkedIn Ads,0.68
2025-02-03,Piemonte,LinkedIn Ads,7.902
2025-02-03,Puglia,LinkedIn Ads,7.397
2025-02-03,Sardegna,LinkedIn Ads,2.502
2025-02-03,Sicilia,LinkedIn Ads,5.202
2025-02-03,Toscana,LinkedIn Ads,5.093
2025-02-03,Trentino-Alto Adige,LinkedIn Ads,1.187
2025-02-03,Umbria,LinkedIn Ads,1.159
2025-02-03,Valle d'Aosta,LinkedIn Ads,0.142
2025-02-03,Veneto,LinkedIn Ads,8.045
2025-02-10,Abruzzo,LinkedIn Ads,2.384
2025-02-10,Basilicata,LinkedIn Ads,1.194
2025-02-10,Calabria,LinkedIn Ads,3.283
2025-02-10,Campania,LinkedIn Ads,13.742
2025-02-10,Emilia-Romagna,LinkedIn Ads,6.851
2025-02-10,Friuli-Venezia Giulia,LinkedIn Ads,2.553
2025-02-10,Lazio,LinkedIn Ads,12.66
2025-02-10,Liguria,LinkedIn Ads,3.253
2025-02-10,Lombardia,LinkedIn Ads,22.645
2025-02-10,Marche,LinkedIn Ads,2.492
2025-02-10,Molise,LinkedIn Ads,0.71
2025-02-10,Piemonte,LinkedIn Ads,8.033
2025-02-10,Puglia,LinkedIn Ads,7.931
2025-02-10,Sardegna,LinkedIn Ads,2.653
2025-02-10,Sicilia,LinkedIn Ads,5.44
2025-02-10,Toscana,LinkedIn Ads,5.389
2025-02-10,Trentino-Alto Adige,LinkedIn Ads,1.23
2025-02-10,Umbria,LinkedIn Ads,1.179
2025-02-10,Valle d'Aosta,LinkedIn Ads,0.147
2025-02-10,Veneto,LinkedIn Ads,8.432
2025-02-17,Abruzzo,LinkedIn Ads,2.352
2025-02-17,Basilicata,LinkedIn Ads,1.174
2025-02-17,Calabria,LinkedIn Ads,3.138
2025-02-17,Campania,LinkedIn Ads,13.25
2025-02-17,Emilia-Romagna,LinkedIn Ads,6.738
2025-02-17,Friuli-Venezia Giulia,LinkedIn Ads,2.542
2025-02-17,Lazio,LinkedIn Ads,12.262
2025-02-17,Liguria,LinkedIn Ads,3.219
2025-02-17,Lombardia,LinkedIn Ads,22.105
2025-02-17,Marche,LinkedIn Ads,2.37
2025-02-17,Molise,LinkedIn Ads,0.681
2025-02-17,Piemonte,LinkedIn Ads,7.963
2025-02-17,Puglia,LinkedIn Ads,7.94
2025-02-17,Sardegna,LinkedIn Ads,2.583
2025-02-17,Sicilia,LinkedIn Ads,5.453
2025-02-17,Toscana,LinkedIn Ads,5.289
2025-02-17,Trentino-Alto Adige,LinkedIn Ads,1.211
2025-02-17,Umbria,LinkedIn Ads,1.17
2025-02-17,Valle d'Aosta,LinkedIn Ads,0.138
2025-02-17,Veneto,LinkedIn Ads,8.266
2025-02-24,Abruzzo,LinkedIn Ads,2.088
2025-02-24,Basilicata,LinkedIn Ads,1.04
2025-02-24,Calabria,LinkedIn Ads,2.768
2025-02-24,Campania,LinkedIn Ads,11.762
2025-02-24,Emilia-Romagna,LinkedIn Ads,6.228
2025-02-24,Friuli-Venezia Giulia,LinkedIn Ads,2.304
2025-02-24,Lazio,LinkedIn Ads,10.874
2025-02-24,Liguria,LinkedIn Ads,2.886
2025-02-24,Lombardia,LinkedIn Ads,19.131
2025-02-24,Marche,LinkedIn Ads,2.105
2025-02-24,Molise,LinkedIn Ads,0.597
2025-02-24,Piemonte,LinkedIn Ads,7.204
2025-02-24,Puglia,LinkedIn Ads,7.202
2025-02-24,Sardegna,LinkedIn Ads,2.333
2025-02-24,Sicilia,LinkedIn Ads,4.77
2025-02-24,Toscana,LinkedIn Ads,4.805
2025-02-24,Trentino-Alto Adige,LinkedIn Ads,1.058
2025-02-24,Umbria,LinkedIn Ads,1.05
2025-02-24,Valle d'Aosta,LinkedIn Ads,0.119
2025-02-24,Veneto,LinkedIn Ads,7.39
2025-03-03,Abruzzo,LinkedIn Ads,2.045
2025-03-03,Basilicata,LinkedIn Ads,1.002
2025-03-03,Calabria,LinkedIn Ads,2.6
2025-03-03,Campania,LinkedIn Ads,11.105
2025-03-03,Emilia-Romagna,LinkedIn Ads,6.36
2025-03-03,Friuli-Venezia Giulia,LinkedIn Ads,2.229
2025-03-03,Lazio,LinkedIn Ads,10.649
2025-03-03,Liguria,LinkedIn Ads,2.877
2025-03-03,Lombardia,LinkedIn Ads,18.949
2025-03-03,Marche,LinkedIn Ads,1.983
2025-03-03,Molise,LinkedIn Ads,0.59
2025-03-03,Piemonte,LinkedIn Ads,7.221
2025-03-03,Puglia,LinkedIn Ads,7.271
2025-03-03,Sardegna,LinkedIn Ads,2.249
2025-03-03,Sicilia,LinkedIn Ads,4.829
2025-03-03,Toscana,LinkedIn Ads,4.716
2025-03-03,Trentino-Alto Adige,LinkedIn Ads,1.029
2025-03-03,Umbria,LinkedIn Ads,1.008
2025-03-03,Valle d'Aosta,LinkedIn Ads,0.117
2025-03-03,Veneto,LinkedIn Ads,6.941
2025-03-10,Abruzzo,LinkedIn Ads,2.043
2025-03-10,Basilicata,LinkedIn Ads,1.003
2025-03-10,Calabria,LinkedIn Ads,2.559
2025-03-10,Campania,LinkedIn Ads,11.025
2025-03-10,Emilia-Romagna,LinkedIn Ads,6.564
2025-03-10,Friuli-Venezia Giulia,LinkedIn Ads,2.281
2025-03-10,Lazio,LinkedIn Ads,10.764
2025-03-10,Liguria,LinkedIn Ads,2.984
2025-03-10,Lombardia,LinkedIn Ads,18.833
2025-03-10,Marche,LinkedIn Ads,1.979
2025-03-10,Molise,LinkedIn Ads,0.615
2025-03-10,Piemonte,LinkedIn Ads,7.344
2025-03-10,Puglia,LinkedIn Ads,7.511
2025-03-10,Sardegna,LinkedIn Ads,2.272
2025-03-10,Sicilia,LinkedIn Ads,4.967
2025-03-10,Toscana,LinkedIn Ads,4.647
2025-03-10,Trentino-Alto Adige,LinkedIn Ads,0.988
2025-03-10,Umbria,LinkedIn Ads,1.029
2025-03-10,Valle d'Aosta,LinkedIn Ads,0.12
2025-03-10,Veneto,LinkedIn Ads,6.724
2025-03-17,Abruzzo,LinkedIn Ads,2.238
2025-03-17,Basilicata,LinkedIn Ads,1.063
2025-03-17,Calabria,LinkedIn Ads,2.753
2025-03-17,Campania,LinkedIn Ads,11.252
2025-03-17,Emilia-Romagna,LinkedIn Ads,7.089
2025-03-17,Friuli-Venezia Giulia,LinkedIn Ads,2.453
2025-03-17,Lazio,LinkedIn Ads,11.495
2025-03-17,Liguria,LinkedIn Ads,3.296
2025-03-17,Lombardia,LinkedIn Ads,20.575
2025-03-17,Marche,LinkedIn Ads,2.134
2025-03-17,Molise,LinkedIn Ads,0.673
2025-03-17,Piemonte,LinkedIn Ads,8.011
2025-03-17,Puglia,LinkedIn Ads,7.57
2025-03-17,Sardegna,LinkedIn Ads,2.405
2025-03-17,Sicilia,LinkedIn Ads,5.509
2025-03-17,Toscana,LinkedIn Ads,4.935
2025-03-17,Trentino-Alto Adige,LinkedIn Ads,1.059
2025-03-17,Umbria,LinkedIn Ads,1.091
2025-03-17,Valle d'Aosta,LinkedIn Ads,0.131
2025-03-17,Veneto,LinkedIn Ads,7.06
2025-03-24,Abruzzo,LinkedIn Ads,2.44
2025-03-24,Basilicata,LinkedIn Ads,1.172
2025-03-24,Calabria,LinkedIn Ads,3.009
2025-03-24,Campania,LinkedIn Ads,12.087
2025-03-24,Emilia-Romagna,LinkedIn Ads,7.661
2025-03-24,Friuli-Venezia Giulia,LinkedIn Ads,2.781
2025-03-24,Lazio,LinkedIn Ads,12.872
2025-03-24,Liguria,LinkedIn Ads,3.549
2025-03-24,Lombardia,LinkedIn Ads,22.019
2025-03-24,Marche,LinkedIn Ads,2.415
2025-03-24,Molise,LinkedIn Ads,0.772
2025-03-24,Piemonte,LinkedIn Ads,8.975
2025-03-24,Puglia,LinkedIn Ads,7.851
2025-03-24,Sardegna,LinkedIn Ads,2.55
2025-03-24,Sicilia,LinkedIn Ads,6.323
2025-03-24,Toscana,LinkedIn Ads,5.349
2025-03-24,Trentino-Alto Adige,LinkedIn Ads,1.107
2025-03-24,Umbria,LinkedIn Ads,1.167
2025-03-24,Valle d'Aosta,LinkedIn Ads,0.146
2025-03-24,Veneto,LinkedIn Ads,7.688
2025-03-31,Abruzzo,LinkedIn Ads,2.481
2025-03-31,Basilicata,LinkedIn Ads,1.21
2025-03-31,Calabria,LinkedIn Ads,3.142
2025-03-31,Campania,LinkedIn Ads,12.521
2025-03-31,Emilia-Romagna,LinkedIn Ads,7.785
2025-03-31,Friuli-Venezia Giulia,LinkedIn Ads,2.91
2025-03-31,Lazio,LinkedIn Ads,12.876
2025-03-31,Liguria,LinkedIn Ads,3.617
2025-03-31,Lombardia,LinkedIn Ads,23.037
2025-03-31,Marche,LinkedIn Ads,2.47
2025-03-31,Molise,LinkedIn Ads,0.82
2025-03-31,Piemonte,LinkedIn Ads,9.166
2025-03-31,Puglia,LinkedIn Ads,7.686
2025-03-31,Sardegna,LinkedIn Ads,2.633
2025-03-31,Sicilia,LinkedIn Ads,6.536
2025-03-31,Toscana,LinkedIn Ads,5.503
2025-03-31,Trentino-Alto Adige,LinkedIn Ads,1.159
2025-03-31,Umbria,LinkedIn Ads,1.179
2025-03-31,Valle d'Aosta,LinkedIn Ads,0.144
2025-03-31,Veneto,LinkedIn Ads,7.996
2025-04-07,Abruzzo,LinkedIn Ads,2.621
2025-04-07,Basilicata,LinkedIn Ads,1.232
2025-04-07,Calabria,LinkedIn Ads,3.406
2025-04-07,Campania,LinkedIn Ads,13.103
2025-04-07,Emilia-Romagna,LinkedIn Ads,7.729
2025-04-07,Friuli-Venezia Giulia,LinkedIn Ads,2.997
2025-04-07,Lazio,LinkedIn Ads,13.131
2025-04-07,Liguria,LinkedIn Ads,3.764
2025-04-07,Lombardia,LinkedIn Ads,23.617
2025-04-07,Marche,LinkedIn Ads,2.469
2025-04-07,Molise,LinkedIn Ads,0.823
2025-04-07,Piemonte,LinkedIn Ads,9.438
2025-04-07,Puglia,LinkedIn Ads,8.034
2025-04-07,Sardegna,LinkedIn Ads,2.694
2025-04-07,Sicilia,LinkedIn Ads,6.691
2025-04-07,Toscana,LinkedIn Ads,5.867
2025-04-07,Trentino-Alto Adige,LinkedIn Ads,1.189
2025-04-07,Umbria,LinkedIn Ads,1.212
2025-04-07,Valle d'Aosta,LinkedIn Ads,0.147
2025-04-07,Veneto,LinkedIn Ads,8.264
2025-04-14,Abruzzo,LinkedIn Ads,2.668
2025-04-14,Basilicata,LinkedIn Ads,1.208
2025-04-14,Calabria,LinkedIn Ads,3.523
2025-04-14,Campania,LinkedIn Ads,13.36
2025-04-14,Emilia-Romagna,LinkedIn Ads,7.423
2025-04-14,Friuli-Venezia Giulia,LinkedIn Ads,2.98
2025-04-14,Lazio,LinkedIn Ads,13.29
2025-04-14,Liguria,LinkedIn Ads,3.792
2025-04-14,Lombardia,LinkedIn Ads,24.525
2025-04-14,Marche,LinkedIn Ads,2.473
2025-04-14,Molise,LinkedIn Ads,0.797
2025-04-14,Piemonte,LinkedIn Ads,9.613
2025-04-14,Puglia,LinkedIn Ads,8.174
2025-04-14,Sardegna,LinkedIn Ads,2.689
2025-04-14,Sicilia,LinkedIn Ads,6.446
2025-04-14,Toscana,LinkedIn Ads,6.126
2025-04-14,Trentino-Alto Adige,LinkedIn Ads,1.166
2025-04-14,Umbria,LinkedIn Ads,1.228
2025-04-14,Valle d'Aosta,LinkedIn Ads,0.153
2025-04-14,Veneto,LinkedIn Ads,8.457
2025-04-21,Abruzzo,LinkedIn Ads,2.807
2025-04-21,Basilicata,LinkedIn Ads,1.212
2025-04-21,Calabria,LinkedIn Ads,3.64
2025-04-21,Campania,LinkedIn Ads,13.644
2025-04-21,Emilia-Romagna,LinkedIn Ads,7.834
2025-04-21,Friuli-Venezia Giulia,LinkedIn Ads,3.046
2025-04-21,Lazio,LinkedIn Ads,13.675
2025-04-21,Liguria,LinkedIn Ads,3.851
2025-04-21,Lombardia,LinkedIn Ads,25.681
2025-04-21,Marche,LinkedIn Ads,2.571
2025-04-21,Molise,LinkedIn Ads,0.817
2025-04-21,Piemonte,LinkedIn Ads,9.66
2025-04-21,Puglia,LinkedIn Ads,8.77
2025-04-21,Sardegna,LinkedIn Ads,2.885
2025-04-21,Sicilia,LinkedIn Ads,6.523
2025-04-21,Toscana,LinkedIn Ads,6.445
2025-04-21,Trentino-Alto Adige,LinkedIn Ads,1.222
2025-04-21,Umbria,LinkedIn Ads,1.29
2025-04-21,Valle d'Aosta,LinkedIn Ads,0.162
2025-04-21,Veneto,LinkedIn Ads,9.004
2025-04-28,Abruzzo,LinkedIn Ads,2.703
2025-04-28,Basilicata,LinkedIn Ads,1.14
2025-04-28,Calabria,LinkedIn Ads,3.501
2025-04-28,Campania,LinkedIn Ads,13.209
2025-04-28,Emilia-Romagna,LinkedIn Ads,7.67
2025-04-28,Friuli-Venezia Giulia,LinkedIn Ads,2.893
2025-04-28,Lazio,LinkedIn Ads,13.069
2025-04-28,Liguria,LinkedIn Ads,3.826
2025-04-28,Lombardia,LinkedIn Ads,24.187
2025-04-28,Marche,LinkedIn Ads,2.498
2025-04-28,Molise,LinkedIn Ads,0.761
2025-04-28,Piemonte,LinkedIn Ads,9.116
2025-04-28,Puglia,LinkedIn Ads,8.635
2025-04-28,Sardegna,LinkedIn Ads,2.848
2025-04-28,Sicilia,LinkedIn Ads,6.236
2025-04-28,Toscana,LinkedIn Ads,6.045
2025-04-28,Trentino-Alto Adige,LinkedIn Ads,1.186
2025-04-28,Umbria,LinkedIn Ads,1.256
2025-04-28,Valle d'Aosta,LinkedIn Ads,0.16
2025-04-28,Veneto,LinkedIn Ads,8.678
2025-05-05,Abruzzo,LinkedIn Ads,2.529
2025-05-05,Basilicata,LinkedIn Ads,1.12
2025-05-05,Calabria,LinkedIn Ads,3.37
2025-05-05,Campania,LinkedIn Ads,12.421
2025-05-05,Emilia-Romagna,LinkedIn Ads,7.351
2025-05-05,Friuli-Venezia Giulia,LinkedIn Ads,2.747
2025-05-05,Lazio,LinkedIn Ads,12.303
2025-05-05,Liguria,LinkedIn Ads,3.764
2025-05-05,Lombardia,LinkedIn Ads,22.37
2025-05-05,Marche,LinkedIn Ads,2.478
2025-05-05,Molise,LinkedIn Ads,0.727
2025-05-05,Piemonte,LinkedIn Ads,8.711
2025-05-05,Puglia,LinkedIn Ads,8.315
2025-05-05,Sardegna,LinkedIn Ads,2.755
2025-05-05,Sicilia,LinkedIn Ads,6.028
2025-05-05,Toscana,LinkedIn Ads,5.77
2025-05-05,Trentino-Alto Adige,LinkedIn Ads,1.149
2025-05-05,Umbria,LinkedIn Ads,1.221
2025-05-05,Valle d'Aosta,LinkedIn Ads,0.155
2025-05-05,Veneto,LinkedIn Ads,8.289
2025-05-12,Abruzzo,LinkedIn Ads,2.501
2025-05-12,Basilicata,LinkedIn Ads,1.131
2025-05-12,Calabria,LinkedIn Ads,3.325
2025-05-12,Campania,LinkedIn Ads,12.422
2025-05-12,Emilia-Romagna,LinkedIn Ads,7.202
2025-05-12,Friuli-Venezia Giulia,LinkedIn Ads,2.666
2025-05-12,Lazio,LinkedIn Ads,11.73
2025-05-12,Liguria,LinkedIn Ads,3.689
2025-05-12,Lombardia,LinkedIn Ads,21.971
2025-05-12,Marche,LinkedIn Ads,2.505
2025-05-12,Molise,LinkedIn Ads,0.737
2025-05-12,Piemonte,LinkedIn Ads,8.352
2025-05-12,Puglia,LinkedIn Ads,8.093
2025-05-12,Sardegna,LinkedIn Ads,2.711
2025-05-12,Sicilia,LinkedIn Ads,6.094
2025-05-12,Toscana,LinkedIn Ads,5.628
2025-05-12,Trentino-Alto Adige,LinkedIn Ads,1.216
2025-05-12,Umbria,LinkedIn Ads,1.195
2025-05-12,Valle d'Aosta,LinkedIn Ads,0.153
2025-05-12,Veneto,LinkedIn Ads,8.396
2025-05-19,Abruzzo,LinkedIn Ads,2.606
2025-05-19,Basilicata,LinkedIn Ads,1.174
2025-05-19,Calabria,LinkedIn Ads,3.466
2025-05-19,Campania,LinkedIn Ads,12.905
2025-05-19,Emilia-Romagna,LinkedIn Ads,7.371
2025-05-19,Friuli-Venezia Giulia,LinkedIn Ads,2.803
2025-05-19,Lazio,LinkedIn Ads,12.045
2025-05-19,Liguria,LinkedIn Ads,3.743
2025-05-19,Lombardia,LinkedIn Ads,22.757
2025-05-19,Marche,LinkedIn Ads,2.579
2025-05-19,Molise,LinkedIn Ads,0.756
2025-05-19,Piemonte,LinkedIn Ads,8.541
2025-05-19,Puglia,LinkedIn Ads,8.086
2025-05-19,Sardegna,LinkedIn Ads,2.786
2025-05-19,Sicilia,LinkedIn Ads,6.263
2025-05-19,Toscana,LinkedIn Ads,5.771
2025-05-19,Trentino-Alto Adige,LinkedIn Ads,1.28
2025-05-19,Umbria,LinkedIn Ads,1.26
2025-05-19,Valle d'Aosta,LinkedIn Ads,0.155
2025-05-19,Veneto,LinkedIn Ads,8.797
2025-05-26,Abruzzo,LinkedIn Ads,2.505
2025-05-26,Basilicata,LinkedIn Ads,1.179
2025-05-26,Calabria,LinkedIn Ads,3.399
2025-05-26,Campania,LinkedIn Ads,13.384
2025-05-26,Emilia-Romagna,LinkedIn Ads,7.371
2025-05-26,Friuli-Venezia Giulia,LinkedIn Ads,2.716
2025-05-26,Lazio,LinkedIn Ads,12.243
2025-05-26,Liguria,LinkedIn Ads,3.7
2025-05-26,Lombardia,LinkedIn Ads,22.441
2025-05-26,Marche,LinkedIn Ads,2.511
2025-05-26,Molise,LinkedIn Ads,0.734
2025-05-26,Piemonte,LinkedIn Ads,8.551
2025-05-26,Puglia,LinkedIn Ads,7.941
2025-05-26,Sardegna,LinkedIn Ads,2.775
2025-05-26,Sicilia,LinkedIn Ads,6.238
2025-05-26,Toscana,LinkedIn Ads,5.652
2025-05-26,Trentino-Alto Adige,LinkedIn Ads,1.288
2025-05-26,Umbria,LinkedIn Ads,1.292
2025-05-26,Valle d'Aosta,LinkedIn Ads,0.153
2025-05-26,Veneto,LinkedIn Ads,8.851
2025-06-02,Abruzzo,LinkedIn Ads,2.5
2025-06-02,Basilicata,LinkedIn Ads,1.221
2025-06-02,Calabria,LinkedIn Ads,3.337
2025-06-02,Campania,LinkedIn Ads,14.084
2025-06-02,Emilia-Romagna,LinkedIn Ads,7.419
2025-06-02,Friuli-Venezia Giulia,LinkedIn Ads,2.75
2025-06-02,Lazio,LinkedIn Ads,12.973
2025-06-02,Liguria,LinkedIn Ads,3.655
2025-06-02,Lombardia,LinkedIn Ads,22.737
2025-06-02,Marche,LinkedIn Ads,2.548
2025-06-02,Molise,LinkedIn Ads,0.708
2025-06-02,Piemonte,LinkedIn Ads,8.652
2025-06-02,Puglia,LinkedIn Ads,8.06
2025-06-02,Sardegna,LinkedIn Ads,2.898
2025-06-02,Sicilia,LinkedIn Ads,6.415
2025-06-02,Toscana,LinkedIn Ads,5.728
2025-06-02,Trentino-Alto Adige,LinkedIn Ads,1.301
2025-06-02,Umbria,LinkedIn Ads,1.35
2025-06-02,Valle d'Aosta,LinkedIn Ads,0.157
2025-06-02,Veneto,LinkedIn Ads,8.546
2025-06-09,Abruzzo,LinkedIn Ads,2.453
2025-06-09,Basilicata,LinkedIn Ads,1.226
2025-06-09,Calabria,LinkedIn Ads,3.426
2025-06-09,Campania,LinkedIn Ads,13.94
2025-06-09,Emilia-Romagna,LinkedIn Ads,7.771
2025-06-09,Friuli-Venezia Giulia,LinkedIn Ads,2.628
2025-06-09,Lazio,LinkedIn Ads,12.688
2025-06-09,Liguria,LinkedIn Ads,3.441
2025-06-09,Lombardia,LinkedIn Ads,21.966
2025-06-09,Marche,LinkedIn Ads,2.484
2025-06-09,Molise,LinkedIn Ads,0.7
2025-06-09,Piemonte,LinkedIn Ads,8.421
2025-06-09,Puglia,LinkedIn Ads,8.31
2025-06-09,Sardegna,LinkedIn Ads,3.042
2025-06-09,Sicilia,LinkedIn Ads,6.597
2025-06-09,Toscana,LinkedIn Ads,5.665
2025-06-09,Trentino-Alto Adige,LinkedIn Ads,1.425
2025-06-09,Umbria,LinkedIn Ads,1.325
2025-06-09,Valle d'Aosta,LinkedIn Ads,0.153
2025-06-09,Veneto,LinkedIn Ads,7.99
2025-06-16,Abruzzo,LinkedIn Ads,2.364
2025-06-16,Basilicata,LinkedIn Ads,1.195
2025-06-16,Calabria,LinkedIn Ads,3.319
2025-06-16,Campania,LinkedIn Ads,13.446
2025-06-16,Emilia-Romagna,LinkedIn Ads,7.931
2025-06-16,Friuli-Venezia Giulia,LinkedIn Ads,2.472
2025-06-16,Lazio,LinkedIn Ads,11.89
2025-06-16,Liguria,LinkedIn Ads,3.385
2025-06-16,Lombardia,LinkedIn Ads,20.958
2025-06-16,Marche,LinkedIn Ads,2.429
2025-06-16,Molise,LinkedIn Ads,0.669
2025-06-16,Piemonte,LinkedIn Ads,8.2
2025-06-16,Puglia,LinkedIn Ads,8.335
2025-06-16,Sardegna,LinkedIn Ads,2.963
2025-06-16,Sicilia,LinkedIn Ads,6.495
2025-06-16,Toscana,LinkedIn Ads,5.502
2025-06-16,Trentino-Alto Adige,LinkedIn Ads,1.416
2025-06-16,Umbria,LinkedIn Ads,1.276
2025-06-16,Valle d'Aosta,LinkedIn Ads,0.144
2025-06-16,Veneto,LinkedIn Ads,7.647
2025-06-23,Abruzzo,LinkedIn Ads,2.415
2025-06-23,Basilicata,LinkedIn Ads,1.188
2025-06-23,Calabria,LinkedIn Ads,3.51
2025-06-23,Campania,LinkedIn Ads,13.724
2025-06-23,Emilia-Romagna,LinkedIn Ads,8.221
2025-06-23,Friuli-Venezia Giulia,LinkedIn Ads,2.639
2025-06-23,Lazio,LinkedIn Ads,11.859
2025-06-23,Liguria,LinkedIn Ads,3.387
2025-06-23,Lombardia,LinkedIn Ads,21.347
2025-06-23,Marche,LinkedIn Ads,2.539
2025-06-23,Molise,LinkedIn Ads,0.651
2025-06-23,Piemonte,LinkedIn Ads,8.316
2025-06-23,Puglia,LinkedIn Ads,8.928
2025-06-23,Sardegna,LinkedIn Ads,3.058
2025-06-23,Sicilia,LinkedIn Ads,6.799
2025-06-23,Toscana,LinkedIn Ads,5.56
2025-06-23,Trentino-Alto Adige,LinkedIn Ads,1.495
2025-06-23,Umbria,LinkedIn Ads,1.3
2025-06-23,Valle d'Aosta,LinkedIn Ads,0.148
2025-06-23,Veneto,LinkedIn Ads,7.864
2025-06-30,Abruzzo,LinkedIn Ads,2.221
2025-06-30,Basilicata,LinkedIn Ads,1.135
2025-06-30,Calabria,LinkedIn Ads,3.354
2025-06-30,Campania,LinkedIn Ads,12.89
2025-06-30,Emilia-Romagna,LinkedIn Ads,7.858
2025-06-30,Friuli-Venezia Giulia,LinkedIn Ads,2.489
2025-06-30,Lazio,LinkedIn Ads,11.11
2025-06-30,Liguria,LinkedIn Ads,3.215
2025-06-30,Lombardia,LinkedIn Ads,19.858
2025-06-30,Marche,LinkedIn Ads,2.399
2025-06-30,Molise,LinkedIn Ads,0.618
2025-06-30,Piemonte,LinkedIn Ads,7.911
2025-06-30,Puglia,LinkedIn Ads,8.502
2025-06-30,Sardegna,LinkedIn Ads,2.97
2025-06-30,Sicilia,LinkedIn Ads,6.518
2025-06-30,Toscana,LinkedIn Ads,5.117
2025-06-30,Trentino-Alto Adige,LinkedIn Ads,1.43
2025-06-30,Umbria,LinkedIn Ads,1.2
2025-06-30,Valle d'Aosta,LinkedIn Ads,0.138
2025-06-30,Veneto,LinkedIn Ads,7.354
2025-07-07,Abruzzo,LinkedIn Ads,2.001
2025-07-07,Basilicata,LinkedIn Ads,1.053
2025-07-07,Calabria,LinkedIn Ads,3.153
2025-07-07,Campania,LinkedIn Ads,12.248
2025-07-07,Emilia-Romagna,LinkedIn Ads,7.356
2025-07-07,Friuli-Venezia Giulia,LinkedIn Ads,2.308
2025-07-07,Lazio,LinkedIn Ads,10.118
2025-07-07,Liguria,LinkedIn Ads,2.962
2025-07-07,Lombardia,LinkedIn Ads,18.0
2025-07-07,Marche,LinkedIn Ads,2.205
2025-07-07,Molise,LinkedIn Ads,0.589
2025-07-07,Piemonte,LinkedIn Ads,7.264
2025-07-07,Puglia,LinkedIn Ads,7.889
2025-07-07,Sardegna,LinkedIn Ads,2.847
2025-07-07,Sicilia,LinkedIn Ads,6.147
2025-07-07,Toscana,LinkedIn Ads,4.576
2025-07-07,Trentino-Alto Adige,LinkedIn Ads,1.353
2025-07-07,Umbria,LinkedIn Ads,1.119
2025-07-07,Valle d'Aosta,LinkedIn Ads,0.127
2025-07-07,Veneto,LinkedIn Ads,6.874
2025-07-14,Abruzzo,LinkedIn Ads,1.825
2025-07-14,Basilicata,LinkedIn Ads,0.974
2025-07-14,Calabria,LinkedIn Ads,3.038
2025-07-14,Campania,LinkedIn Ads,11.685
2025-07-14,Emilia-Romagna,LinkedIn Ads,6.872
2025-07-14,Friuli-Venezia Giulia,LinkedIn Ads,2.206
2025-07-14,Lazio,LinkedIn Ads,9.269
2025-07-14,Liguria,LinkedIn Ads,2.81
2025-07-14,Lombardia,LinkedIn Ads,16.646
2025-07-14,Marche,LinkedIn Ads,2.031
2025-07-14,Molise,LinkedIn Ads,0.569
2025-07-14,Piemonte,LinkedIn Ads,6.771
2025-07-14,Puglia,LinkedIn Ads,7.446
2025-07-14,Sardegna,LinkedIn Ads,2.729
2025-07-14,Sicilia,LinkedIn Ads,5.87
2025-07-14,Toscana,LinkedIn Ads,4.199
2025-07-14,Trentino-Alto Adige,LinkedIn Ads,1.262
2025-07-14,Umbria,LinkedIn Ads,1.074
2025-07-14,Valle d'Aosta,LinkedIn Ads,0.12
2025-07-14,Veneto,LinkedIn Ads,6.511
2025-07-21,Abruzzo,LinkedIn Ads,1.681
2025-07-21,Basilicata,LinkedIn Ads,0.901
2025-07-21,Calabria,LinkedIn Ads,2.872
2025-07-21,Campania,LinkedIn Ads,10.803
2025-07-21,Emilia-Romagna,LinkedIn Ads,6.197
2025-07-21,Friuli-Venezia Giulia,LinkedIn Ads,2.024
2025-07-21,Lazio,LinkedIn Ads,8.478
2025-07-21,Liguria,LinkedIn Ads,2.597
2025-07-21,Lombardia,LinkedIn Ads,15.566
2025-07-21,Marche,LinkedIn Ads,1.849
2025-07-21,Molise,LinkedIn Ads,0.533
2025-07-21,Piemonte,LinkedIn Ads,6.135
2025-07-21,Puglia,LinkedIn Ads,6.818
2025-07-21,Sardegna,LinkedIn Ads,2.557
2025-07-21,Sicilia,LinkedIn Ads,5.564
2025-07-21,Toscana,LinkedIn Ads,3.875
2025-07-21,Trentino-Alto Adige,LinkedIn Ads,1.136
2025-07-21,Umbria,LinkedIn Ads,0.964
2025-07-21,Valle d'Aosta,LinkedIn Ads,0.11
2025-07-21,Veneto,LinkedIn Ads,6.15
2025-07-28,Abruzzo,LinkedIn Ads,1.615
2025-07-28,Basilicata,LinkedIn Ads,0.85
2025-07-28,Calabria,LinkedIn Ads,2.919
2025-07-28,Campania,LinkedIn Ads,10.12
2025-07-28,Emilia-Romagna,LinkedIn Ads,5.869
2025-07-28,Friuli-Venezia Giulia,LinkedIn Ads,1.95
2025-07-28,Lazio,LinkedIn Ads,7.936
2025-07-28,Liguria,LinkedIn Ads,2.485
2025-07-28,Lombardia,LinkedIn Ads,15.069
2025-07-28,Marche,LinkedIn Ads,1.745
2025-07-28,Molise,LinkedIn Ads,0.517
2025-07-28,Piemonte,LinkedIn Ads,5.886
2025-07-28,Puglia,LinkedIn Ads,6.536
2025-07-28,Sardegna,LinkedIn Ads,2.432
2025-07-28,Sicilia,LinkedIn Ads,5.379
2025-07-28,Toscana,LinkedIn Ads,3.676
2025-07-28,Trentino-Alto Adige,LinkedIn Ads,1.056
2025-07-28,Umbria,LinkedIn Ads,0.916
2025-07-28,Valle d'Aosta,LinkedIn Ads,0.106
2025-07-28,Veneto,LinkedIn Ads,5.963
2025-08-04,Abruzzo,LinkedIn Ads,1.714
2025-08-04,Basilicata,LinkedIn Ads,0.907
2025-08-04,Calabria,LinkedIn Ads,3.128
2025-08-04,Campania,LinkedIn Ads,10.757
2025-08-04,Emilia-Romagna,LinkedIn Ads,6.138
2025-08-04,Friuli-Venezia Giulia,LinkedIn Ads,2.086
2025-08-04,Lazio,LinkedIn Ads,8.506
2025-08-04,Liguria,LinkedIn Ads,2.716
2025-08-04,Lombardia,LinkedIn Ads,15.447
2025-08-04,Marche,LinkedIn Ads,1.766
2025-08-04,Molise,LinkedIn Ads,0.542
2025-08-04,Piemonte,LinkedIn Ads,6.552
2025-08-04,Puglia,LinkedIn Ads,7.123
2025-08-04,Sardegna,LinkedIn Ads,2.651
2025-08-04,Sicilia,LinkedIn Ads,5.824
2025-08-04,Toscana,LinkedIn Ads,3.778
2025-08-04,Trentino-Alto Adige,LinkedIn Ads,1.118
2025-08-04,Umbria,LinkedIn Ads,0.987
2025-08-04,Valle d'Aosta,LinkedIn Ads,0.112
2025-08-04,Veneto,LinkedIn Ads,6.334
2025-08-11,Abruzzo,LinkedIn Ads,1.807
2025-08-11,Basilicata,LinkedIn Ads,0.95
2025-08-11,Calabria,LinkedIn Ads,3.026
2025-08-11,Campania,LinkedIn Ads,11.342
2025-08-11,Emilia-Romagna,LinkedIn Ads,6.016
2025-08-11,Friuli-Venezia Giulia,LinkedIn Ads,2.261
2025-08-11,Lazio,LinkedIn Ads,8.995
2025-08-11,Liguria,LinkedIn Ads,2.825
2025-08-11,Lombardia,LinkedIn Ads,16.79
2025-08-11,Marche,LinkedIn Ads,1.835
2025-08-11,Molise,LinkedIn Ads,0.583
2025-08-11,Piemonte,LinkedIn Ads,6.988
2025-08-11,Puglia,LinkedIn Ads,6.923
2025-08-11,Sardegna,LinkedIn Ads,2.586
2025-08-11,Sicilia,LinkedIn Ads,5.729
2025-08-11,Toscana,LinkedIn Ads,4.019
2025-08-11,Trentino-Alto Adige,LinkedIn Ads,1.103
2025-08-11,Umbria,LinkedIn Ads,1.064
2025-08-11,Valle d'Aosta,LinkedIn Ads,0.118
2025-08-11,Veneto,LinkedIn Ads,6.518
2025-08-18,Abruzzo,LinkedIn Ads,2.055
2025-08-18,Basilicata,LinkedIn Ads,0.993
2025-08-18,Calabria,LinkedIn Ads,3.12
2025-08-18,Campania,LinkedIn Ads,12.428
2025-08-18,Emilia-Romagna,LinkedIn Ads,6.458
2025-08-18,Friuli-Venezia Giulia,LinkedIn Ads,2.431
2025-08-18,Lazio,LinkedIn Ads,10.032
2025-08-18,Liguria,LinkedIn Ads,3.05
2025-08-18,Lombardia,LinkedIn Ads,18.67
2025-08-18,Marche,LinkedIn Ads,2.085
2025-08-18,Molise,LinkedIn Ads,0.662
2025-08-18,Piemonte,LinkedIn Ads,7.686
2025-08-18,Puglia,LinkedIn Ads,7.243
2025-08-18,Sardegna,LinkedIn Ads,2.626
2025-08-18,Sicilia,LinkedIn Ads,6.079
2025-08-18,Toscana,LinkedIn Ads,4.342
2025-08-18,Trentino-Alto Adige,LinkedIn Ads,1.16
2025-08-18,Umbria,LinkedIn Ads,1.191
2025-08-18,Valle d'Aosta,LinkedIn Ads,0.135
2025-08-18,Veneto,LinkedIn Ads,7.308
2025-08-25,Abruzzo,LinkedIn Ads,2.346
2025-08-25,Basilicata,LinkedIn Ads,1.113
2025-08-25,Calabria,LinkedIn Ads,3.433
2025-08-25,Campania,LinkedIn Ads,13.037
2025-08-25,Emilia-Romagna,LinkedIn Ads,7.298
2025-08-25,Friuli-Venezia Giulia,LinkedIn Ads,2.698
2025-08-25,Lazio,LinkedIn Ads,11.181
2025-08-25,Liguria,LinkedIn Ads,3.54
2025-08-25,Lombardia,LinkedIn Ads,20.799
2025-08-25,Marche,LinkedIn Ads,2.423
2025-08-25,Molise,LinkedIn Ads,0.75
2025-08-25,Piemonte,LinkedIn Ads,8.626
2025-08-25,Puglia,LinkedIn Ads,7.608
2025-08-25,Sardegna,LinkedIn Ads,2.778
2025-08-25,Sicilia,LinkedIn Ads,6.297
2025-08-25,Toscana,LinkedIn Ads,4.844
2025-08-25,Trentino-Alto Adige,LinkedIn Ads,1.3
2025-08-25,Umbria,LinkedIn Ads,1.301
2025-08-25,Valle d'Aosta,LinkedIn Ads,0.15
2025-08-25,Veneto,LinkedIn Ads,8.155
2025-09-01,Abruzzo,LinkedIn Ads,2.645
2025-09-01,Basilicata,LinkedIn Ads,1.24
2025-09-01,Calabria,LinkedIn Ads,3.802
2025-09-01,Campania,LinkedIn Ads,14.163
2025-09-01,Emilia-Romagna,LinkedIn Ads,8.218
2025-09-01,Friuli-Venezia Giulia,LinkedIn Ads,3.056
2025-09-01,Lazio,LinkedIn Ads,12.819
2025-09-01,Liguria,LinkedIn Ads,3.968
2025-09-01,Lombardia,LinkedIn Ads,23.303
2025-09-01,Marche,LinkedIn Ads,2.786
2025-09-01,Molise,LinkedIn Ads,0.843
2025-09-01,Piemonte,LinkedIn Ads,9.58
2025-09-01,Puglia,LinkedIn Ads,8.549
2025-09-01,Sardegna,LinkedIn Ads,3.021
2025-09-01,Sicilia,LinkedIn Ads,7.002
2025-09-01,Toscana,LinkedIn Ads,5.327
2025-09-01,Trentino-Alto Adige,LinkedIn Ads,1.468
2025-09-01,Umbria,LinkedIn Ads,1.42
2025-09-01,Valle d'Aosta,LinkedIn Ads,0.17
2025-09-01,Veneto,LinkedIn Ads,9.327
2025-09-08,Abruzzo,LinkedIn Ads,2.771
2025-09-08,Basilicata,LinkedIn Ads,1.314
2025-09-08,Calabria,LinkedIn Ads,3.83
2025-09-08,Campania,LinkedIn Ads,14.36
2025-09-08,Emilia-Romagna,LinkedIn Ads,8.771
2025-09-08,Friuli-Venezia Giulia,LinkedIn Ads,3.286
2025-09-08,Lazio,LinkedIn Ads,13.553
2025-09-08,Liguria,LinkedIn Ads,3.99
2025-09-08,Lombardia,LinkedIn Ads,24.404
2025-09-08,Marche,LinkedIn Ads,2.914
2025-09-08,Molise,LinkedIn Ads,0.884
2025-09-08,Piemonte,LinkedIn Ads,10.02
2025-09-08,Puglia,LinkedIn Ads,8.684
2025-09-08,Sardegna,LinkedIn Ads,3.002
2025-09-08,Sicilia,LinkedIn Ads,7.089
2025-09-08,Toscana,LinkedIn Ads,5.577
2025-09-08,Trentino-Alto Adige,LinkedIn Ads,1.511
2025-09-08,Umbria,LinkedIn Ads,1.422
2025-09-08,Valle d'Aosta,LinkedIn Ads,0.182
2025-09-08,Veneto,LinkedIn Ads,9.779
2025-09-15,Abruzzo,LinkedIn Ads,3.028
2025-09-15,Basilicata,LinkedIn Ads,1.454
2025-09-15,Calabria,LinkedIn Ads,4.099
2025-09-15,Campania,LinkedIn Ads,15.719
2025-09-15,Emilia-Romagna,LinkedIn Ads,9.382
2025-09-15,Friuli-Venezia Giulia,LinkedIn Ads,3.612
2025-09-15,Lazio,LinkedIn Ads,14.492
2025-09-15,Liguria,LinkedIn Ads,4.134
2025-09-15,Lombardia,LinkedIn Ads,27.187
2025-09-15,Marche,LinkedIn Ads,3.121
2025-09-15,Molise,LinkedIn Ads,0.942
2025-09-15,Piemonte,LinkedIn Ads,10.321
2025-09-15,Puglia,LinkedIn Ads,8.948
2025-09-15,Sardegna,LinkedIn Ads,3.205
2025-09-15,Sicilia,LinkedIn Ads,7.546
2025-09-15,Toscana,LinkedIn Ads,6.283
2025-09-15,Trentino-Alto Adige,LinkedIn Ads,1.581
2025-09-15,Umbria,LinkedIn Ads,1.464
2025-09-15,Valle d'Aosta,LinkedIn Ads,0.193
2025-09-15,Veneto,LinkedIn Ads,10.544
2025-09-22,Abruzzo,LinkedIn Ads,3.005
2025-09-22,Basilicata,LinkedIn Ads,1.484
2025-09-22,Calabria,LinkedIn Ads,4.181
2025-09-22,Campania,LinkedIn Ads,15.775
2025-09-22,Emilia-Romagna,LinkedIn Ads,9.605
2025-09-22,Friuli-Venezia Giulia,LinkedIn Ads,3.665
2025-09-22,Lazio,LinkedIn Ads,14.762
2025-09-22,Liguria,LinkedIn Ads,4.086
2025-09-22,Lombardia,LinkedIn Ads,27.296
2025-09-22,Marche,LinkedIn Ads,3.151
2025-09-22,Molise,LinkedIn Ads,0.929
2025-09-22,Piemonte,LinkedIn Ads,10.342
2025-09-22,Puglia,LinkedIn Ads,9.019
2025-09-22,Sardegna,LinkedIn Ads,3.212
2025-09-22,Sicilia,LinkedIn Ads,7.81
2025-09-22,Toscana,LinkedIn Ads,6.577
2025-09-22,Trentino-Alto Adige,LinkedIn Ads,1.599
2025-09-22,Umbria,LinkedIn Ads,1.467
2025-09-22,Valle d'Aosta,LinkedIn Ads,0.191
2025-09-22,Veneto,LinkedIn Ads,10.736
2025-09-29,Abruzzo,LinkedIn Ads,2.748
2025-09-29,Basilicata,LinkedIn Ads,1.371
2025-09-29,Calabria,LinkedIn Ads,3.766
2025-09-29,Campania,LinkedIn Ads,14.843
2025-09-29,Emilia-Romagna,LinkedIn Ads,9.509
2025-09-29,Friuli-Venezia Giulia,LinkedIn Ads,3.322
2025-09-29,Lazio,LinkedIn Ads,13.637
2025-09-29,Liguria,LinkedIn Ads,3.745
2025-09-29,Lombardia,LinkedIn Ads,26.555
2025-09-29,Marche,LinkedIn Ads,2.922
2025-09-29,Molise,LinkedIn Ads,0.83
2025-09-29,Piemonte,LinkedIn Ads,10.239
2025-09-29,Puglia,LinkedIn Ads,8.401
2025-09-29,Sardegna,LinkedIn Ads,3.02
2025-09-29,Sicilia,LinkedIn Ads,7.061
2025-09-29,Toscana,LinkedIn Ads,6.081
2025-09-29,Trentino-Alto Adige,LinkedIn Ads,1.458
2025-09-29,Umbria,LinkedIn Ads,1.321
2025-09-29,Valle d'Aosta,LinkedIn Ads,0.174
2025-09-29,Veneto,LinkedIn Ads,10.82
2025-10-06,Abruzzo,LinkedIn Ads,2.494
2025-10-06,Basilicata,LinkedIn Ads,1.255
2025-10-06,Calabria,LinkedIn Ads,3.372
2025-10-06,Campania,LinkedIn Ads,13.737
2025-10-06,Emilia-Romagna,LinkedIn Ads,8.906
2025-10-06,Friuli-Venezia Giulia,LinkedIn Ads,3.011
2025-10-06,Lazio,LinkedIn Ads,12.414
2025-10-06,Liguria,LinkedIn Ads,3.447
2025-10-06,Lombardia,LinkedIn Ads,26.003
2025-10-06,Marche,LinkedIn Ads,2.649
2025-10-06,Molise,LinkedIn Ads,0.747
2025-10-06,Piemonte,LinkedIn Ads,9.96
2025-10-06,Puglia,LinkedIn Ads,7.831
2025-10-06,Sardegna,LinkedIn Ads,2.824
2025-10-06,Sicilia,LinkedIn Ads,6.29
2025-10-06,Toscana,LinkedIn Ads,5.483
2025-10-06,Trentino-Alto Adige,LinkedIn Ads,1.334
2025-10-06,Umbria,LinkedIn Ads,1.21
2025-10-06,Valle d'Aosta,LinkedIn Ads,0.16
2025-10-06,Veneto,LinkedIn Ads,10.295
2025-10-13,Abruzzo,LinkedIn Ads,2.236
2025-10-13,Basilicata,LinkedIn Ads,1.145
2025-10-13,Calabria,LinkedIn Ads,2.986
2025-10-13,Campania,LinkedIn Ads,12.582
2025-10-13,Emilia-Romagna,LinkedIn Ads,8.165
2025-10-13,Friuli-Venezia Giulia,LinkedIn Ads,2.786
2025-10-13,Lazio,LinkedIn Ads,11.072
2025-10-13,Liguria,LinkedIn Ads,3.181
2025-10-13,Lombardia,LinkedIn Ads,24.506
2025-10-13,Marche,LinkedIn Ads,2.411
2025-10-13,Molise,LinkedIn Ads,0.678
2025-10-13,Piemonte,LinkedIn Ads,9.402
2025-10-13,Puglia,LinkedIn Ads,7.075
2025-10-13,Sardegna,LinkedIn Ads,2.594
2025-10-13,Sicilia,LinkedIn Ads,5.465
2025-10-13,Toscana,LinkedIn Ads,4.874
2025-10-13,Trentino-Alto Adige,LinkedIn Ads,1.197
2025-10-13,Umbria,LinkedIn Ads,1.087
2025-10-13,Valle d'Aosta,LinkedIn Ads,0.145
2025-10-13,Veneto,LinkedIn Ads,9.578
2025-10-20,Abruzzo,LinkedIn Ads,1.988
2025-10-20,Basilicata,LinkedIn Ads,1.046
2025-10-20,Calabria,LinkedIn Ads,2.667
2025-10-20,Campania,LinkedIn Ads,11.604
2025-10-20,Emilia-Romagna,LinkedIn Ads,7.357
2025-10-20,Friuli-Venezia Giulia,LinkedIn Ads,2.485
2025-10-20,Lazio,LinkedIn Ads,10.057
2025-10-20,Liguria,LinkedIn Ads,2.923
2025-10-20,Lombardia,LinkedIn Ads,22.907
2025-10-20,Marche,LinkedIn Ads,2.193
2025-10-20,Molise,LinkedIn Ads,0.612
2025-10-20,Piemonte,LinkedIn Ads,8.538
2025-10-20,Puglia,LinkedIn Ads,6.34
2025-10-20,Sardegna,LinkedIn Ads,2.338
2025-10-20,Sicilia,LinkedIn Ads,4.759
2025-10-20,Toscana,LinkedIn Ads,4.547
2025-10-20,Trentino-Alto Adige,LinkedIn Ads,1.057
2025-10-20,Umbria,LinkedIn Ads,0.983
2025-10-20,Valle d'Aosta,LinkedIn Ads,0.131
2025-10-20,Veneto,LinkedIn Ads,8.784
2025-10-27,Abruzzo,LinkedIn Ads,1.85
2025-10-27,Basilicata,LinkedIn Ads,0.973
2025-10-27,Calabria,LinkedIn Ads,2.552
2025-10-27,Campania,LinkedIn Ads,11.326
2025-10-27,Emilia-Romagna,LinkedIn Ads,6.99
2025-10-27,Friuli-Venezia Giulia,LinkedIn Ads,2.275
2025-10-27,Lazio,LinkedIn Ads,9.545
2025-10-27,Liguria,LinkedIn Ads,2.764
2025-10-27,Lombardia,LinkedIn Ads,22.218
2025-10-27,Marche,LinkedIn Ads,2.036
2025-10-27,Molise,LinkedIn Ads,0.583
2025-10-27,Piemonte,LinkedIn Ads,8.004
2025-10-27,Puglia,LinkedIn Ads,5.808
2025-10-27,Sardegna,LinkedIn Ads,2.205
2025-10-27,Sicilia,LinkedIn Ads,4.423
2025-10-27,Toscana,LinkedIn Ads,4.356
2025-10-27,Trentino-Alto Adige,LinkedIn Ads,0.989
2025-10-27,Umbria,LinkedIn Ads,0.958
2025-10-27,Valle d'Aosta,LinkedIn Ads,0.118
2025-10-27,Veneto,LinkedIn Ads,8.429
2025-11-03,Abruzzo,LinkedIn Ads,1.895
2025-11-03,Basilicata,LinkedIn Ads,0.962
2025-11-03,Calabria,LinkedIn Ads,2.608
2025-11-03,Campania,LinkedIn Ads,11.841
2025-11-03,Emilia-Romagna,LinkedIn Ads,7.277
2025-11-03,Friuli-Venezia Giulia,LinkedIn Ads,2.343
2025-11-03,Lazio,LinkedIn Ads,9.762
2025-11-03,Liguria,LinkedIn Ads,2.758
2025-11-03,Lombardia,LinkedIn Ads,22.768
2025-11-03,Marche,LinkedIn Ads,2.043
2025-11-03,Molise,LinkedIn Ads,0.601
2025-11-03,Piemonte,LinkedIn Ads,8.275
2025-11-03,Puglia,LinkedIn Ads,5.912
2025-11-03,Sardegna,LinkedIn Ads,2.342
2025-11-03,Sicilia,LinkedIn Ads,4.445
2025-11-03,Toscana,LinkedIn Ads,4.403
2025-11-03,Trentino-Alto Adige,LinkedIn Ads,1.002
2025-11-03,Umbria,LinkedIn Ads,1.014
2025-11-03,Valle d'Aosta,LinkedIn Ads,0.116
2025-11-03,Veneto,LinkedIn Ads,9.105
2025-11-10,Abruzzo,LinkedIn Ads,2.092
2025-11-10,Basilicata,LinkedIn Ads,1.091
2025-11-10,Calabria,LinkedIn Ads,2.945
2025-11-10,Campania,LinkedIn Ads,13.382
2025-11-10,Emilia-Romagna,LinkedIn Ads,8.25
2025-11-10,Friuli-Venezia Giulia,LinkedIn Ads,2.648
2025-11-10,Lazio,LinkedIn Ads,10.949
2025-11-10,Liguria,LinkedIn Ads,3.043
2025-11-10,Lombardia,LinkedIn Ads,25.217
2025-11-10,Marche,LinkedIn Ads,2.235
2025-11-10,Molise,LinkedIn Ads,0.665
2025-11-10,Piemonte,LinkedIn Ads,9.406
2025-11-10,Puglia,LinkedIn Ads,6.791
2025-11-10,Sardegna,LinkedIn Ads,2.594
2025-11-10,Sicilia,LinkedIn Ads,5.087
2025-11-10,Toscana,LinkedIn Ads,4.91
2025-11-10,Trentino-Alto Adige,LinkedIn Ads,1.127
2025-11-10,Umbria,LinkedIn Ads,1.154
2025-11-10,Valle d'Aosta,LinkedIn Ads,0.126
2025-11-10,Veneto,LinkedIn Ads,10.325
2025-11-17,Abruzzo,LinkedIn Ads,2.059
2025-11-17,Basilicata,LinkedIn Ads,1.091
2025-11-17,Calabria,LinkedIn Ads,2.945
2025-11-17,Campania,LinkedIn Ads,13.184
2025-11-17,Emilia-Romagna,LinkedIn Ads,8.367
2025-11-17,Friuli-Venezia Giulia,LinkedIn Ads,2.579
2025-11-17,Lazio,LinkedIn Ads,10.91
2025-11-17,Liguria,LinkedIn Ads,2.999
2025-11-17,Lombardia,LinkedIn Ads,24.893
2025-11-17,Marche,LinkedIn Ads,2.125
2025-11-17,Molise,LinkedIn Ads,0.666
2025-11-17,Piemonte,LinkedIn Ads,9.564
2025-11-17,Puglia,LinkedIn Ads,6.569
2025-11-17,Sardegna,LinkedIn Ads,2.541
2025-11-17,Sicilia,LinkedIn Ads,5.001
2025-11-17,Toscana,LinkedIn Ads,4.723
2025-11-17,Trentino-Alto Adige,LinkedIn Ads,1.1
2025-11-17,Umbria,LinkedIn Ads,1.156
2025-11-17,Valle d'Aosta,LinkedIn Ads,0.124
2025-11-17,Veneto,LinkedIn Ads,10.024
2025-11-24,Abruzzo,LinkedIn Ads,2.073
2025-11-24,Basilicata,LinkedIn Ads,1.096
2025-11-24,Calabria,LinkedIn Ads,3.051
2025-11-24,Campania,LinkedIn Ads,13.268
2025-11-24,Emilia-Romagna,LinkedIn Ads,8.738
2025-11-24,Friuli-Venezia Giulia,LinkedIn Ads,2.508
2025-11-24,Lazio,LinkedIn Ads,11.204
2025-11-24,Liguria,LinkedIn Ads,3.048
2025-11-24,Lombardia,LinkedIn Ads,25.625
2025-11-24,Marche,LinkedIn Ads,2.073
2025-11-24,Molise,LinkedIn Ads,0.666
2025-11-24,Piemonte,LinkedIn Ads,9.582
2025-11-24,Puglia,LinkedIn Ads,6.567
2025-11-24,Sardegna,LinkedIn Ads,2.512
2025-11-24,Sicilia,LinkedIn Ads,4.922
2025-11-24,Toscana,LinkedIn Ads,4.711
2025-11-24,Trentino-Alto Adige,LinkedIn Ads,1.088
2025-11-24,Umbria,LinkedIn Ads,1.131
2025-11-24,Valle d'Aosta,LinkedIn Ads,0.125
2025-11-24,Veneto,LinkedIn Ads,9.947
2025-12-01,Abruzzo,LinkedIn Ads,2.103
2025-12-01,Basilicata,LinkedIn Ads,1.085
2025-12-01,Calabria,LinkedIn Ads,3.062
2025-12-01,Campania,LinkedIn Ads,12.93
2025-12-01,Emilia-Romagna,LinkedIn Ads,8.119
2025-12-01,Friuli-Venezia Giulia,LinkedIn Ads,2.546
2025-12-01,Lazio,LinkedIn Ads,11.49
2025-12-01,Liguria,LinkedIn Ads,3.127
2025-12-01,Lombardia,LinkedIn Ads,22.895
2025-12-01,Marche,LinkedIn Ads,2.1
2025-12-01,Molise,LinkedIn Ads,0.672
2025-12-01,Piemonte,LinkedIn Ads,9.095
2025-12-01,Puglia,LinkedIn Ads,6.603
2025-12-01,Sardegna,LinkedIn Ads,2.563
2025-12-01,Sicilia,LinkedIn Ads,5.005
2025-12-01,Toscana,LinkedIn Ads,4.867
2025-12-01,Trentino-Alto Adige,LinkedIn Ads,1.12
2025-12-01,Umbria,LinkedIn Ads,1.142
2025-12-01,Valle d'Aosta,LinkedIn Ads,0.126
2025-12-01,Veneto,LinkedIn Ads,9.097
2025-12-08,Abruzzo,LinkedIn Ads,2.243
2025-12-08,Basilicata,LinkedIn Ads,1.189
2025-12-08,Calabria,LinkedIn Ads,3.363
2025-12-08,Campania,LinkedIn Ads,13.59
2025-12-08,Emilia-Romagna,LinkedIn Ads,7.839
2025-12-08,Friuli-Venezia Giulia,LinkedIn Ads,2.76
2025-12-08,Lazio,LinkedIn Ads,12.218
2025-12-08,Liguria,LinkedIn Ads,3.418
2025-12-08,Lombardia,LinkedIn Ads,22.686
2025-12-08,Marche,LinkedIn Ads,2.263
2025-12-08,Molise,LinkedIn Ads,0.701
2025-12-08,Piemonte,LinkedIn Ads,9.326
2025-12-08,Puglia,LinkedIn Ads,6.984
2025-12-08,Sardegna,LinkedIn Ads,2.813
2025-12-08,Sicilia,LinkedIn Ads,5.645
2025-12-08,Toscana,LinkedIn Ads,5.575
2025-12-08,Trentino-Alto Adige,LinkedIn Ads,1.207
2025-12-08,Umbria,LinkedIn Ads,1.227
2025-12-08,Valle d'Aosta,LinkedIn Ads,0.142
2025-12-08,Veneto,LinkedIn Ads,9.105
2025-12-15,Abruzzo,LinkedIn Ads,2.3
2025-12-15,Basilicata,LinkedIn Ads,1.224
2025-12-15,Calabria,LinkedIn Ads,3.336
2025-12-15,Campania,LinkedIn Ads,13.744
2025-12-15,Emilia-Romagna,LinkedIn Ads,7.753
2025-12-15,Friuli-Venezia Giulia,LinkedIn Ads,2.826
2025-12-15,Lazio,LinkedIn Ads,12.676
2025-12-15,Liguria,LinkedIn Ads,3.427
2025-12-15,Lombardia,LinkedIn Ads,21.904
2025-12-15,Marche,LinkedIn Ads,2.285
2025-12-15,Molise,LinkedIn Ads,0.726
2025-12-15,Piemonte,LinkedIn Ads,9.235
2025-12-15,Puglia,LinkedIn Ads,7.072
2025-12-15,Sardegna,LinkedIn Ads,2.88
2025-12-15,Sicilia,LinkedIn Ads,5.784
2025-12-15,Toscana,LinkedIn Ads,5.794
2025-12-15,Trentino-Alto Adige,LinkedIn Ads,1.241
2025-12-15,Umbria,LinkedIn Ads,1.224
2025-12-15,Valle d'Aosta,LinkedIn Ads,0.145
2025-12-15,Veneto,LinkedIn Ads,8.886
2025-12-22,Abruzzo,LinkedIn Ads,2.198
2025-12-22,Basilicata,LinkedIn Ads,1.163
2025-12-22,Calabria,LinkedIn Ads,3.077
2025-12-22,Campania,LinkedIn Ads,13.002
2025-12-22,Emilia-Romagna,LinkedIn Ads,7.096
2025-12-22,Friuli-Venezia Giulia,LinkedIn Ads,2.729
2025-12-22,Lazio,LinkedIn Ads,12.118
2025-12-22,Liguria,LinkedIn Ads,3.245
2025-12-22,Lombardia,LinkedIn Ads,19.993
2025-12-22,Marche,LinkedIn Ads,2.112
2025-12-22,Molise,LinkedIn Ads,0.689
2025-12-22,Piemonte,LinkedIn Ads,8.677
2025-12-22,Puglia,LinkedIn Ads,6.77
2025-12-22,Sardegna,LinkedIn Ads,2.671
2025-12-22,Sicilia,LinkedIn Ads,5.545
2025-12-22,Toscana,LinkedIn Ads,5.52
2025-12-22,Trentino-Alto Adige,LinkedIn Ads,1.202
2025-12-22,Umbria,LinkedIn Ads,1.152
2025-12-22,Valle d'Aosta,LinkedIn Ads,0.138
2025-12-22,Veneto,LinkedIn Ads,8.259
2024-01-01,Abruzzo,Indeed,7.064
2024-01-01,Basilicata,Indeed,1.518
2024-01-01,Calabria,Indeed,10.83
2024-01-01,Campania,Indeed,17.468
2024-01-01,Emilia-Romagna,Indeed,18.392
2024-01-01,Friuli-Venezia Giulia,Indeed,5.84
2024-01-01,Lazio,Indeed,24.705
2024-01-01,Liguria,Indeed,4.974
2024-01-01,Lombardia,Indeed,58.111
2024-01-01,Marche,Indeed,10.039
2024-01-01,Molise,Indeed,1.665
2024-01-01,Piemonte,Indeed,25.588
2024-01-01,Puglia,Indeed,21.125
2024-01-01,Sardegna,Indeed,7.573
2024-01-01,Sicilia,Indeed,14.863
2024-01-01,Toscana,Indeed,19.501
2024-01-01,Trentino-Alto Adige,Indeed,7.331
2024-01-01,Umbria,Indeed,2.539
2024-01-01,Valle d'Aosta,Indeed,0.596
2024-01-01,Veneto,Indeed,31.517
2024-01-08,Abruzzo,Indeed,7.212
2024-01-08,Basilicata,Indeed,1.623
2024-01-08,Calabria,Indeed,11.434
2024-01-08,Campania,Indeed,19.236
2024-01-08,Emilia-Romagna,Indeed,20.433
2024-01-08,Friuli-Venezia Giulia,Indeed,6.297
2024-01-08,Lazio,Indeed,27.699
2024-01-08,Liguria,Indeed,5.968
2024-01-08,Lombardia,Indeed,64.249
2024-01-08,Marche,Indeed,12.129
2024-01-08,Molise,Indeed,1.803
2024-01-08,Piemonte,Indeed,28.943
2024-01-08,Puglia,Indeed,21.991
2024-01-08,Sardegna,Indeed,8.117
2024-01-08,Sicilia,Indeed,15.307
2024-01-08,Toscana,Indeed,21.011
2024-01-08,Trentino-Alto Adige,Indeed,8.004
2024-01-08,Umbria,Indeed,3.056
2024-01-08,Valle d'Aosta,Indeed,0.632
2024-01-08,Veneto,Indeed,33.419
2024-01-15,Abruzzo,Indeed,7.019
2024-01-15,Basilicata,Indeed,1.615
2024-01-15,Calabria,Indeed,11.363
2024-01-15,Campania,Indeed,20.508
2024-01-15,Emilia-Romagna,Indeed,20.011
2024-01-15,Friuli-Venezia Giulia,Indeed,6.1
2024-01-15,Lazio,Indeed,28.368
2024-01-15,Liguria,Indeed,6.034
2024-01-15,Lombardia,Indeed,63.753
2024-01-15,Marche,Indeed,12.388
2024-01-15,Molise,Indeed,1.829
2024-01-15,Piemonte,Indeed,29.064
2024-01-15,Puglia,Indeed,22.088
2024-01-15,Sardegna,Indeed,7.821
2024-01-15,Sicilia,Indeed,15.672
2024-01-15,Toscana,Indeed,20.922
2024-01-15,Trentino-Alto Adige,Indeed,7.965
2024-01-15,Umbria,Indeed,3.113
2024-01-15,Valle d'Aosta,Indeed,0.637
2024-01-15,Veneto,Indeed,33.461
2024-01-22,Abruzzo,Indeed,7.921
2024-01-22,Basilicata,Indeed,1.91
2024-01-22,Calabria,Indeed,12.708
2024-01-22,Campania,Indeed,22.911
2024-01-22,Emilia-Romagna,Indeed,22.187
2024-01-22,Friuli-Venezia Giulia,Indeed,7.236
2024-01-22,Lazio,Indeed,32.048
2024-01-22,Liguria,Indeed,7.32
2024-01-22,Lombardia,Indeed,67.867
2024-01-22,Marche,Indeed,14.203
2024-01-22,Molise,Indeed,2.172
2024-01-22,Piemonte,Indeed,34.064
2024-01-22,Puglia,Indeed,24.488
2024-01-22,Sardegna,Indeed,8.927
2024-01-22,Sicilia,Indeed,18.315
2024-01-22,Toscana,Indeed,23.817
2024-01-22,Trentino-Alto Adige,Indeed,9.009
2024-01-22,Umbria,Indeed,3.628
2024-01-22,Valle d'Aosta,Indeed,0.699
2024-01-22,Veneto,Indeed,36.681
2024-01-29,Abruzzo,Indeed,7.383
2024-01-29,Basilicata,Indeed,1.854
2024-01-29,Calabria,Indeed,11.96
2024-01-29,Campania,Indeed,22.238
2024-01-29,Emilia-Romagna,Indeed,20.57
2024-01-29,Friuli-Venezia Giulia,Indeed,7.2
2024-01-29,Lazio,Indeed,31.543
2024-01-29,Liguria,Indeed,7.121
2024-01-29,Lombardia,Indeed,68.211
2024-01-29,Marche,Indeed,14.044
2024-01-29,Molise,Indeed,2.148
2024-01-29,Piemonte,Indeed,33.469
2024-01-29,Puglia,Indeed,23.463
2024-01-29,Sardegna,Indeed,8.565
2024-01-29,Sicilia,Indeed,17.611
2024-01-29,Toscana,Indeed,23.611
2024-01-29,Trentino-Alto Adige,Indeed,8.502
2024-01-29,Umbria,Indeed,3.472
2024-01-29,Valle d'Aosta,Indeed,0.674
2024-01-29,Veneto,Indeed,36.388
2024-02-05,Abruzzo,Indeed,7.842
2024-02-05,Basilicata,Indeed,1.983
2024-02-05,Calabria,Indeed,12.0
2024-02-05,Campania,Indeed,23.274
2024-02-05,Emilia-Romagna,Indeed,22.565
2024-02-05,Friuli-Venezia Giulia,Indeed,7.79
2024-02-05,Lazio,Indeed,32.397
2024-02-05,Liguria,Indeed,7.369
2024-02-05,Lombardia,Indeed,72.565
2024-02-05,Marche,Indeed,14.4
2024-02-05,Molise,Indeed,2.123
2024-02-05,Piemonte,Indeed,34.23
2024-02-05,Puglia,Indeed,25.477
2024-02-05,Sardegna,Indeed,8.784
2024-02-05,Sicilia,Indeed,18.719
2024-02-05,Toscana,Indeed,24.812
2024-02-05,Trentino-Alto Adige,Indeed,8.694
2024-02-05,Umbria,Indeed,3.683
2024-02-05,Valle d'Aosta,Indeed,0.722
2024-02-05,Veneto,Indeed,38.489
2024-02-12,Abruzzo,Indeed,7.824
2024-02-12,Basilicata,Indeed,1.972
2024-02-12,Calabria,Indeed,11.734
2024-02-12,Campania,Indeed,22.472
2024-02-12,Emilia-Romagna,Indeed,23.578
2024-02-12,Friuli-Venezia Giulia,Indeed,7.795
2024-02-12,Lazio,Indeed,32.266
2024-02-12,Liguria,Indeed,6.858
2024-02-12,Lombardia,Indeed,73.868
2024-02-12,Marche,Indeed,14.032
2024-02-12,Molise,Indeed,2.057
2024-02-12,Piemonte,Indeed,33.98
2024-02-12,Puglia,Indeed,25.068
2024-02-12,Sardegna,Indeed,8.876
2024-02-12,Sicilia,Indeed,18.163
2024-02-12,Toscana,Indeed,23.863
2024-02-12,Trentino-Alto Adige,Indeed,9.161
2024-02-12,Umbria,Indeed,3.667
2024-02-12,Valle d'Aosta,Indeed,0.717
2024-02-12,Veneto,Indeed,38.262
2024-02-19,Abruzzo,Indeed,7.695
2024-02-19,Basilicata,Indeed,1.951
2024-02-19,Calabria,Indeed,11.713
2024-02-19,Campania,Indeed,21.232
2024-02-19,Emilia-Romagna,Indeed,22.125
2024-02-19,Friuli-Venezia Giulia,Indeed,7.395
2024-02-19,Lazio,Indeed,30.609
2024-02-19,Liguria,Indeed,6.794
2024-02-19,Lombardia,Indeed,71.099
2024-02-19,Marche,Indeed,13.041
2024-02-19,Molise,Indeed,1.964
2024-02-19,Piemonte,Indeed,32.35
2024-02-19,Puglia,Indeed,23.487
2024-02-19,Sardegna,Indeed,8.305
2024-02-19,Sicilia,Indeed,17.083
2024-02-19,Toscana,Indeed,23.619
2024-02-19,Trentino-Alto Adige,Indeed,8.742
2024-02-19,Umbria,Indeed,3.441
2024-02-19,Valle d'Aosta,Indeed,0.713
2024-02-19,Veneto,Indeed,36.503
2024-02-26,Abruzzo,Indeed,7.924
2024-02-26,Basilicata,Indeed,1.903
2024-02-26,Calabria,Indeed,12.233
2024-02-26,Campania,Indeed,21.435
2024-02-26,Emilia-Romagna,Indeed,21.591
2024-02-26,Friuli-Venezia Giulia,Indeed,7.255
2024-02-26,Lazio,Indeed,30.699
2024-02-26,Liguria,Indeed,6.891
2024-02-26,Lombardia,Indeed,72.813
2024-02-26,Marche,Indeed,13.008
2024-02-26,Molise,Indeed,1.996
2024-02-26,Piemonte,Indeed,33.239
2024-02-26,Puglia,Indeed,23.634
2024-02-26,Sardegna,Indeed,8.483
2024-02-26,Sicilia,Indeed,17.839
2024-02-26,Toscana,Indeed,23.385
2024-02-26,Trentino-Alto Adige,Indeed,8.557
2024-02-26,Umbria,Indeed,3.371
2024-02-26,Valle d'Aosta,Indeed,0.687
2024-02-26,Veneto,Indeed,35.744
2024-03-04,Abruzzo,Indeed,8.598
2024-03-04,Basilicata,Indeed,2.099
2024-03-04,Calabria,Indeed,13.12
2024-03-04,Campania,Indeed,22.893
2024-03-04,Emilia-Romagna,Indeed,22.538
2024-03-04,Friuli-Venezia Giulia,Indeed,7.874
2024-03-04,Lazio,Indeed,33.063
2024-03-04,Liguria,Indeed,7.68
2024-03-04,Lombardia,Indeed,77.381
2024-03-04,Marche,Indeed,13.79
2024-03-04,Molise,Indeed,2.178
2024-03-04,Piemonte,Indeed,34.52
2024-03-04,Puglia,Indeed,25.494
2024-03-04,Sardegna,Indeed,9.097
2024-03-04,Sicilia,Indeed,18.439
2024-03-04,Toscana,Indeed,24.178
2024-03-04,Trentino-Alto Adige,Indeed,9.188
2024-03-04,Umbria,Indeed,3.65
2024-03-04,Valle d'Aosta,Indeed,0.69
2024-03-04,Veneto,Indeed,38.414
2024-03-11,Abruzzo,Indeed,8.937
2024-03-11,Basilicata,Indeed,2.241
2024-03-11,Calabria,Indeed,13.887
2024-03-11,Campania,Indeed,25.705
2024-03-11,Emilia-Romagna,Indeed,24.032
2024-03-11,Friuli-Venezia Giulia,Indeed,8.56
2024-03-11,Lazio,Indeed,34.914
2024-03-11,Liguria,Indeed,8.181
2024-03-11,Lombardia,Indeed,80.38
2024-03-11,Marche,Indeed,15.783
2024-03-11,Molise,Indeed,2.329
2024-03-11,Piemonte,Indeed,37.335
2024-03-11,Puglia,Indeed,27.52
2024-03-11,Sardegna,Indeed,9.822
2024-03-11,Sicilia,Indeed,20.356
2024-03-11,Toscana,Indeed,25.916
2024-03-11,Trentino-Alto Adige,Indeed,9.746
2024-03-11,Umbria,Indeed,4.053
2024-03-11,Valle d'Aosta,Indeed,0.756
2024-03-11,Veneto,Indeed,40.143
2024-03-18,Abruzzo,Indeed,8.768
2024-03-18,Basilicata,Indeed,2.14
2024-03-18,Calabria,Indeed,13.534
2024-03-18,Campania,Indeed,24.064
2024-03-18,Emilia-Romagna,Indeed,23.584
2024-03-18,Friuli-Venezia Giulia,Indeed,8.067
2024-03-18,Lazio,Indeed,34.255
2024-03-18,Liguria,Indeed,7.737
2024-03-18,Lombardia,Indeed,76.968
2024-03-18,Marche,Indeed,15.902
2024-03-18,Molise,Indeed,2.22
2024-03-18,Piemonte,Indeed,36.594
2024-03-18,Puglia,Indeed,26.481
2024-03-18,Sardegna,Indeed,9.289
2024-03-18,Sicilia,Indeed,19.547
2024-03-18,Toscana,Indeed,24.731
2024-03-18,Trentino-Alto Adige,Indeed,9.282
2024-03-18,Umbria,Indeed,3.822
2024-03-18,Valle d'Aosta,Indeed,0.724
2024-03-18,Veneto,Indeed,39.762
2024-03-25,Abruzzo,Indeed,8.329
2024-03-25,Basilicata,Indeed,2.01
2024-03-25,Calabria,Indeed,12.917
2024-03-25,Campania,Indeed,23.044
2024-03-25,Emilia-Romagna,Indeed,22.46
2024-03-25,Friuli-Venezia Giulia,Indeed,7.557
2024-03-25,Lazio,Indeed,33.0
2024-03-25,Liguria,Indeed,7.265
2024-03-25,Lombardia,Indeed,72.995
2024-03-25,Marche,Indeed,14.545
2024-03-25,Molise,Indeed,2.143
2024-03-25,Piemonte,Indeed,35.513
2024-03-25,Puglia,Indeed,25.527
2024-03-25,Sardegna,Indeed,8.984
2024-03-25,Sicilia,Indeed,17.992
2024-03-25,Toscana,Indeed,23.733
2024-03-25,Trentino-Alto Adige,Indeed,9.281
2024-03-25,Umbria,Indeed,3.694
2024-03-25,Valle d'Aosta,Indeed,0.702
2024-03-25,Veneto,Indeed,38.752
2024-04-01,Abruzzo,Indeed,8.576
2024-04-01,Basilicata,Indeed,2.126
2024-04-01,Calabria,Indeed,13.203
2024-04-01,Campania,Indeed,23.178
2024-04-01,Emilia-Romagna,Indeed,23.715
2024-04-01,Friuli-Venezia Giulia,Indeed,7.634
2024-04-01,Lazio,Indeed,34.014
2024-04-01,Liguria,Indeed,7.529
2024-04-01,Lombardia,Indeed,76.205
2024-04-01,Marche,Indeed,15.774
2024-04-01,Molise,Indeed,2.212
2024-04-01,Piemonte,Indeed,36.67
2024-04-01,Puglia,Indeed,25.959
2024-04-01,Sardegna,Indeed,9.112
2024-04-01,Sicilia,Indeed,18.904
2024-04-01,Toscana,Indeed,24.601
2024-04-01,Trentino-Alto Adige,Indeed,9.91
2024-04-01,Umbria,Indeed,3.831
2024-04-01,Valle d'Aosta,Indeed,0.746
2024-04-01,Veneto,Indeed,41.013
2024-04-08,Abruzzo,Indeed,8.17
2024-04-08,Basilicata,Indeed,2.067
2024-04-08,Calabria,Indeed,12.658
2024-04-08,Campania,Indeed,21.675
2024-04-08,Emilia-Romagna,Indeed,21.7
2024-04-08,Friuli-Venezia Giulia,Indeed,7.321
2024-04-08,Lazio,Indeed,31.839
2024-04-08,Liguria,Indeed,6.933
2024-04-08,Lombardia,Indeed,71.606
2024-04-08,Marche,Indeed,13.43
2024-04-08,Molise,Indeed,2.11
2024-04-08,Piemonte,Indeed,33.891
2024-04-08,Puglia,Indeed,23.783
2024-04-08,Sardegna,Indeed,8.929
2024-04-08,Sicilia,Indeed,16.939
2024-04-08,Toscana,Indeed,23.183
2024-04-08,Trentino-Alto Adige,Indeed,9.5
2024-04-08,Umbria,Indeed,3.585
2024-04-08,Valle d'Aosta,Indeed,0.692
2024-04-08,Veneto,Indeed,39.028
2024-04-15,Abruzzo,Indeed,8.099
2024-04-15,Basilicata,Indeed,1.964
2024-04-15,Calabria,Indeed,12.593
2024-04-15,Campania,Indeed,21.196
2024-04-15,Emilia-Romagna,Indeed,21.559
2024-04-15,Friuli-Venezia Giulia,Indeed,7.377
2024-04-15,Lazio,Indeed,31.829
2024-04-15,Liguria,Indeed,6.623
2024-04-15,Lombardia,Indeed,70.548
2024-04-15,Marche,Indeed,12.576
2024-04-15,Molise,Indeed,2.075
2024-04-15,Piemonte,Indeed,33.6
2024-04-15,Puglia,Indeed,25.333
2024-04-15,Sardegna,Indeed,8.836
2024-04-15,Sicilia,Indeed,16.451
2024-04-15,Toscana,Indeed,22.492
2024-04-15,Trentino-Alto Adige,Indeed,9.411
2024-04-15,Umbria,Indeed,3.53
2024-04-15,Valle d'Aosta,Indeed,0.711
2024-04-15,Veneto,Indeed,36.518
2024-04-22,Abruzzo,Indeed,8.113
2024-04-22,Basilicata,Indeed,2.109
2024-04-22,Calabria,Indeed,12.743
2024-04-22,Campania,Indeed,22.912
2024-04-22,Emilia-Romagna,Indeed,21.204
2024-04-22,Friuli-Venezia Giulia,Indeed,7.615
2024-04-22,Lazio,Indeed,32.196
2024-04-22,Liguria,Indeed,6.838
2024-04-22,Lombardia,Indeed,73.027
2024-04-22,Marche,Indeed,13.391
2024-04-22,Molise,Indeed,2.218
2024-04-22,Piemonte,Indeed,33.484
2024-04-22,Puglia,Indeed,25.705
2024-04-22,Sardegna,Indeed,8.939
2024-04-22,Sicilia,Indeed,17.265
2024-04-22,Toscana,Indeed,23.524
2024-04-22,Trentino-Alto Adige,Indeed,9.502
2024-04-22,Umbria,Indeed,3.671
2024-04-22,Valle d'Aosta,Indeed,0.717
2024-04-22,Veneto,Indeed,37.797
2024-04-29,Abruzzo,Indeed,7.75
2024-04-29,Basilicata,Indeed,2.005
2024-04-29,Calabria,Indeed,12.216
2024-04-29,Campania,Indeed,20.799
2024-04-29,Emilia-Romagna,Indeed,21.814
2024-04-29,Friuli-Venezia Giulia,Indeed,7.15
2024-04-29,Lazio,Indeed,30.487
2024-04-29,Liguria,Indeed,6.366
2024-04-29,Lombardia,Indeed,70.588
2024-04-29,Marche,Indeed,13.053
2024-04-29,Molise,Indeed,2.126
2024-04-29,Piemonte,Indeed,33.045
2024-04-29,Puglia,Indeed,25.238
2024-04-29,Sardegna,Indeed,9.021
2024-04-29,Sicilia,Indeed,16.325
2024-04-29,Toscana,Indeed,22.495
2024-04-29,Trentino-Alto Adige,Indeed,9.114
2024-04-29,Umbria,Indeed,3.535
2024-04-29,Valle d'Aosta,Indeed,0.687
2024-04-29,Veneto,Indeed,37.735
2024-05-06,Abruzzo,Indeed,7.641
2024-05-06,Basilicata,Indeed,1.878
2024-05-06,Calabria,Indeed,11.815
2024-05-06,Campania,Indeed,21.26
2024-05-06,Emilia-Romagna,Indeed,21.866
2024-05-06,Friuli-Venezia Giulia,Indeed,6.998
2024-05-06,Lazio,Indeed,29.805
2024-05-06,Liguria,Indeed,6.793
2024-05-06,Lombardia,Indeed,70.324
2024-05-06,Marche,Indeed,13.109
2024-05-06,Molise,Indeed,2.029
2024-05-06,Piemonte,Indeed,30.157
2024-05-06,Puglia,Indeed,24.043
2024-05-06,Sardegna,Indeed,8.337
2024-05-06,Sicilia,Indeed,15.839
2024-05-06,Toscana,Indeed,22.623
2024-05-06,Trentino-Alto Adige,Indeed,8.737
2024-05-06,Umbria,Indeed,3.29
2024-05-06,Valle d'Aosta,Indeed,0.664
2024-05-06,Veneto,Indeed,37.729
2024-05-13,Abruzzo,Indeed,6.983
2024-05-13,Basilicata,Indeed,1.687
2024-05-13,Calabria,Indeed,10.194
2024-05-13,Campania,Indeed,15.713
2024-05-13,Emilia-Romagna,Indeed,19.454
2024-05-13,Friuli-Venezia Giulia,Indeed,6.212
2024-05-13,Lazio,Indeed,26.537
2024-05-13,Liguria,Indeed,5.795
2024-05-13,Lombardia,Indeed,64.98
2024-05-13,Marche,Indeed,11.602
2024-05-13,Molise,Indeed,1.774
2024-05-13,Piemonte,Indeed,26.43
2024-05-13,Puglia,Indeed,20.202
2024-05-13,Sardegna,Indeed,6.602
2024-05-13,Sicilia,Indeed,14.503
2024-05-13,Toscana,Indeed,20.036
2024-05-13,Trentino-Alto Adige,Indeed,7.666
2024-05-13,Umbria,Indeed,2.838
2024-05-13,Valle d'Aosta,Indeed,0.571
2024-05-13,Veneto,Indeed,32.768
2024-05-20,Abruzzo,Indeed,6.127
2024-05-20,Basilicata,Indeed,1.455
2024-05-20,Calabria,Indeed,10.097
2024-05-20,Campania,Indeed,14.276
2024-05-20,Emilia-Romagna,Indeed,16.617
2024-05-20,Friuli-Venezia Giulia,Indeed,5.785
2024-05-20,Lazio,Indeed,23.577
2024-05-20,Liguria,Indeed,4.809
2024-05-20,Lombardia,Indeed,57.206
2024-05-20,Marche,Indeed,9.787
2024-05-20,Molise,Indeed,1.535
2024-05-20,Piemonte,Indeed,25.345
2024-05-20,Puglia,Indeed,18.994
2024-05-20,Sardegna,Indeed,6.047
2024-05-20,Sicilia,Indeed,12.858
2024-05-20,Toscana,Indeed,18.534
2024-05-20,Trentino-Alto Adige,Indeed,6.565
2024-05-20,Umbria,Indeed,2.436
2024-05-20,Valle d'Aosta,Indeed,0.518
2024-05-20,Veneto,Indeed,28.831
2024-05-27,Abruzzo,Indeed,6.065
2024-05-27,Basilicata,Indeed,1.349
2024-05-27,Calabria,Indeed,9.477
2024-05-27,Campania,Indeed,15.176
2024-05-27,Emilia-Romagna,Indeed,17.282
2024-05-27,Friuli-Venezia Giulia,Indeed,5.871
2024-05-27,Lazio,Indeed,23.852
2024-05-27,Liguria,Indeed,4.671
2024-05-27,Lombardia,Indeed,55.132
2024-05-27,Marche,Indeed,9.407
2024-05-27,Molise,Indeed,1.639
2024-05-27,Piemonte,Indeed,23.728
2024-05-27,Puglia,Indeed,18.65
2024-05-27,Sardegna,Indeed,6.136
2024-05-27,Sicilia,Indeed,13.072
2024-05-27,Toscana,Indeed,18.702
2024-05-27,Trentino-Alto Adige,Indeed,5.943
2024-05-27,Umbria,Indeed,2.386
2024-05-27,Valle d'Aosta,Indeed,0.496
2024-05-27,Veneto,Indeed,27.468
2024-06-03,Abruzzo,Indeed,6.603
2024-06-03,Basilicata,Indeed,1.44
2024-06-03,Calabria,Indeed,9.877
2024-06-03,Campania,Indeed,17.419
2024-06-03,Emilia-Romagna,Indeed,19.364
2024-06-03,Friuli-Venezia Giulia,Indeed,6.445
2024-06-03,Lazio,Indeed,25.462
2024-06-03,Liguria,Indeed,4.644
2024-06-03,Lombardia,Indeed,59.026
2024-06-03,Marche,Indeed,10.278
2024-06-03,Molise,Indeed,1.636
2024-06-03,Piemonte,Indeed,26.585
2024-06-03,Puglia,Indeed,20.394
2024-06-03,Sardegna,Indeed,6.563
2024-06-03,Sicilia,Indeed,14.208
2024-06-03,Toscana,Indeed,18.676
2024-06-03,Trentino-Alto Adige,Indeed,6.432
2024-06-03,Umbria,Indeed,2.643
2024-06-03,Valle d'Aosta,Indeed,0.534
2024-06-03,Veneto,Indeed,30.088
2024-06-10,Abruzzo,Indeed,6.564
2024-06-10,Basilicata,Indeed,1.451
2024-06-10,Calabria,Indeed,11.496
2024-06-10,Campania,Indeed,16.937
2024-06-10,Emilia-Romagna,Indeed,19.926
2024-06-10,Friuli-Venezia Giulia,Indeed,6.162
2024-06-10,Lazio,Indeed,24.519
2024-06-10,Liguria,Indeed,4.631
2024-06-10,Lombardia,Indeed,59.967
2024-06-10,Marche,Indeed,10.821
2024-06-10,Molise,Indeed,1.618
2024-06-10,Piemonte,Indeed,27.292
2024-06-10,Puglia,Indeed,23.007
2024-06-10,Sardegna,Indeed,7.693
2024-06-10,Sicilia,Indeed,16.369
2024-06-10,Toscana,Indeed,18.157
2024-06-10,Trentino-Alto Adige,Indeed,7.129
2024-06-10,Umbria,Indeed,2.607
2024-06-10,Valle d'Aosta,Indeed,0.555
2024-06-10,Veneto,Indeed,30.793
2024-06-17,Abruzzo,Indeed,7.602
2024-06-17,Basilicata,Indeed,1.767
2024-06-17,Calabria,Indeed,12.666
2024-06-17,Campania,Indeed,21.031
2024-06-17,Emilia-Romagna,Indeed,23.618
2024-06-17,Friuli-Venezia Giulia,Indeed,7.237
2024-06-17,Lazio,Indeed,28.968
2024-06-17,Liguria,Indeed,6.279
2024-06-17,Lombardia,Indeed,69.473
2024-06-17,Marche,Indeed,13.896
2024-06-17,Molise,Indeed,1.924
2024-06-17,Piemonte,Indeed,32.117
2024-06-17,Puglia,Indeed,26.401
2024-06-17,Sardegna,Indeed,9.059
2024-06-17,Sicilia,Indeed,19.234
2024-06-17,Toscana,Indeed,22.07
2024-06-17,Trentino-Alto Adige,Indeed,8.813
2024-06-17,Umbria,Indeed,3.225
2024-06-17,Valle d'Aosta,Indeed,0.644
2024-06-17,Veneto,Indeed,36.035
2024-06-24,Abruzzo,Indeed,8.107
2024-06-24,Basilicata,Indeed,1.949
2024-06-24,Calabria,Indeed,13.08
2024-06-24,Campania,Indeed,22.758
2024-06-24,Emilia-Romagna,Indeed,24.924
2024-06-24,Friuli-Venezia Giulia,Indeed,7.429
2024-06-24,Lazio,Indeed,30.929
2024-06-24,Liguria,Indeed,7.001
2024-06-24,Lombardia,Indeed,72.22
2024-06-24,Marche,Indeed,15.119
2024-06-24,Molise,Indeed,2.125
2024-06-24,Piemonte,Indeed,34.129
2024-06-24,Puglia,Indeed,27.523
2024-06-24,Sardegna,Indeed,9.55
2024-06-24,Sicilia,Indeed,19.519
2024-06-24,Toscana,Indeed,22.911
2024-06-24,Trentino-Alto Adige,Indeed,9.491
2024-06-24,Umbria,Indeed,3.359
2024-06-24,Valle d'Aosta,Indeed,0.667
2024-06-24,Veneto,Indeed,37.353
2024-07-01,Abruzzo,Indeed,7.597
2024-07-01,Basilicata,Indeed,1.652
2024-07-01,Calabria,Indeed,12.484
2024-07-01,Campania,Indeed,21.282
2024-07-01,Emilia-Romagna,Indeed,23.173
2024-07-01,Friuli-Venezia Giulia,Indeed,6.662
2024-07-01,Lazio,Indeed,28.754
2024-07-01,Liguria,Indeed,6.55
2024-07-01,Lombardia,Indeed,66.988
2024-07-01,Marche,Indeed,13.296
2024-07-01,Molise,Indeed,2.017
2024-07-01,Piemonte,Indeed,30.075
2024-07-01,Puglia,Indeed,25.557
2024-07-01,Sardegna,Indeed,8.942
2024-07-01,Sicilia,Indeed,18.439
2024-07-01,Toscana,Indeed,21.054
2024-07-01,Trentino-Alto Adige,Indeed,9.1
2024-07-01,Umbria,Indeed,3.062
2024-07-01,Valle d'Aosta,Indeed,0.608
2024-07-01,Veneto,Indeed,34.663
2024-07-08,Abruzzo,Indeed,7.574
2024-07-08,Basilicata,Indeed,1.77
2024-07-08,Calabria,Indeed,12.776
2024-07-08,Campania,Indeed,21.489
2024-07-08,Emilia-Romagna,Indeed,23.399
2024-07-08,Friuli-Venezia Giulia,Indeed,6.966
2024-07-08,Lazio,Indeed,29.82
2024-07-08,Liguria,Indeed,6.419
2024-07-08,Lombardia,Indeed,67.595
2024-07-08,Marche,Indeed,14.025
2024-07-08,Molise,Indeed,1.973
2024-07-08,Piemonte,Indeed,31.158
2024-07-08,Puglia,Indeed,26.267
2024-07-08,Sardegna,Indeed,9.194
2024-07-08,Sicilia,Indeed,19.159
2024-07-08,Toscana,Indeed,20.862
2024-07-08,Trentino-Alto Adige,Indeed,9.133
2024-07-08,Umbria,Indeed,3.31
2024-07-08,Valle d'Aosta,Indeed,0.627
2024-07-08,Veneto,Indeed,36.639
2024-07-15,Abruzzo,Indeed,7.496
2024-07-15,Basilicata,Indeed,1.632
2024-07-15,Calabria,Indeed,12.873
2024-07-15,Campania,Indeed,20.214
2024-07-15,Emilia-Romagna,Indeed,22.291
2024-07-15,Friuli-Venezia Giulia,Indeed,6.632
2024-07-15,Lazio,Indeed,28.564
2024-07-15,Liguria,Indeed,6.012
2024-07-15,Lombardia,Indeed,64.135
2024-07-15,Marche,Indeed,12.501
2024-07-15,Molise,Indeed,1.737
2024-07-15,Piemonte,Indeed,30.747
2024-07-15,Puglia,Indeed,24.554
2024-07-15,Sardegna,Indeed,8.572
2024-07-15,Sicilia,Indeed,17.981
2024-07-15,Toscana,Indeed,19.241
2024-07-15,Trentino-Alto Adige,Indeed,8.608
2024-07-15,Umbria,Indeed,3.138
2024-07-15,Valle d'Aosta,Indeed,0.607
2024-07-15,Veneto,Indeed,35.677
2024-07-22,Abruzzo,Indeed,7.403
2024-07-22,Basilicata,Indeed,1.611
2024-07-22,Calabria,Indeed,12.491
2024-07-22,Campania,Indeed,20.57
2024-07-22,Emilia-Romagna,Indeed,21.842
2024-07-22,Friuli-Venezia Giulia,Indeed,6.442
2024-07-22,Lazio,Indeed,27.592
2024-07-22,Liguria,Indeed,6.166
2024-07-22,Lombardia,Indeed,63.58
2024-07-22,Marche,Indeed,11.958
2024-07-22,Molise,Indeed,1.789
2024-07-22,Piemonte,Indeed,30.444
2024-07-22,Puglia,Indeed,23.914
2024-07-22,Sardegna,Indeed,8.28
2024-07-22,Sicilia,Indeed,17.452
2024-07-22,Toscana,Indeed,19.597
2024-07-22,Trentino-Alto Adige,Indeed,8.544
2024-07-22,Umbria,Indeed,3.056
2024-07-22,Valle d'Aosta,Indeed,0.581
2024-07-22,Veneto,Indeed,34.42
2024-07-29,Abruzzo,Indeed,7.478
2024-07-29,Basilicata,Indeed,1.799
2024-07-29,Calabria,Indeed,12.938
2024-07-29,Campania,Indeed,21.279
2024-07-29,Emilia-Romagna,Indeed,22.381
2024-07-29,Friuli-Venezia Giulia,Indeed,6.928
2024-07-29,Lazio,Indeed,29.505
2024-07-29,Liguria,Indeed,6.595
2024-07-29,Lombardia,Indeed,68.118
2024-07-29,Marche,Indeed,12.719
2024-07-29,Molise,Indeed,1.907
2024-07-29,Piemonte,Indeed,32.323
2024-07-29,Puglia,Indeed,25.6
2024-07-29,Sardegna,Indeed,8.639
2024-07-29,Sicilia,Indeed,18.495
2024-07-29,Toscana,Indeed,21.125
2024-07-29,Trentino-Alto Adige,Indeed,9.187
2024-07-29,Umbria,Indeed,3.315
2024-07-29,Valle d'Aosta,Indeed,0.656
2024-07-29,Veneto,Indeed,35.983
2024-08-05,Abruzzo,Indeed,7.514
2024-08-05,Basilicata,Indeed,1.714
2024-08-05,Calabria,Indeed,12.749
2024-08-05,Campania,Indeed,20.361
2024-08-05,Emilia-Romagna,Indeed,21.992
2024-08-05,Friuli-Venezia Giulia,Indeed,6.865
2024-08-05,Lazio,Indeed,28.651
2024-08-05,Liguria,Indeed,6.6
2024-08-05,Lombardia,Indeed,67.008
2024-08-05,Marche,Indeed,12.691
2024-08-05,Molise,Indeed,1.982
2024-08-05,Piemonte,Indeed,32.176
2024-08-05,Puglia,Indeed,24.986
2024-08-05,Sardegna,Indeed,8.47
2024-08-05,Sicilia,Indeed,18.337
2024-08-05,Toscana,Indeed,21.193
2024-08-05,Trentino-Alto Adige,Indeed,9.154
2024-08-05,Umbria,Indeed,3.203
2024-08-05,Valle d'Aosta,Indeed,0.652
2024-08-05,Veneto,Indeed,35.296
2024-08-12,Abruzzo,Indeed,7.541
2024-08-12,Basilicata,Indeed,1.723
2024-08-12,Calabria,Indeed,11.518
2024-08-12,Campania,Indeed,20.338
2024-08-12,Emilia-Romagna,Indeed,20.014
2024-08-12,Friuli-Venezia Giulia,Indeed,7.16
2024-08-12,Lazio,Indeed,28.558
2024-08-12,Liguria,Indeed,6.428
2024-08-12,Lombardia,Indeed,68.956
2024-08-12,Marche,Indeed,12.982
2024-08-12,Molise,Indeed,1.957
2024-08-12,Piemonte,Indeed,33.237
2024-08-12,Puglia,Indeed,22.39
2024-08-12,Sardegna,Indeed,7.382
2024-08-12,Sicilia,Indeed,16.361
2024-08-12,Toscana,Indeed,21.393
2024-08-12,Trentino-Alto Adige,Indeed,8.513
2024-08-12,Umbria,Indeed,3.197
2024-08-12,Valle d'Aosta,Indeed,0.619
2024-08-12,Veneto,Indeed,34.576
2024-08-19,Abruzzo,Indeed,7.937
2024-08-19,Basilicata,Indeed,1.912
2024-08-19,Calabria,Indeed,12.153
2024-08-19,Campania,Indeed,22.738
2024-08-19,Emilia-Romagna,Indeed,21.514
2024-08-19,Friuli-Venezia Giulia,Indeed,7.339
2024-08-19,Lazio,Indeed,30.458
2024-08-19,Liguria,Indeed,7.009
2024-08-19,Lombardia,Indeed,71.583
2024-08-19,Marche,Indeed,14.539
2024-08-19,Molise,Indeed,2.15
2024-08-19,Piemonte,Indeed,34.579
2024-08-19,Puglia,Indeed,23.767
2024-08-19,Sardegna,Indeed,7.506
2024-08-19,Sicilia,Indeed,17.844
2024-08-19,Toscana,Indeed,23.048
2024-08-19,Trentino-Alto Adige,Indeed,8.99
2024-08-19,Umbria,Indeed,3.507
2024-08-19,Valle d'Aosta,Indeed,0.667
2024-08-19,Veneto,Indeed,36.998
2024-08-26,Abruzzo,Indeed,7.546
2024-08-26,Basilicata,Indeed,1.765
2024-08-26,Calabria,Indeed,11.445
2024-08-26,Campania,Indeed,20.822
2024-08-26,Emilia-Romagna,Indeed,20.528
2024-08-26,Friuli-Venezia Giulia,Indeed,7.191
2024-08-26,Lazio,Indeed,28.268
2024-08-26,Liguria,Indeed,6.464
2024-08-26,Lombardia,Indeed,68.149
2024-08-26,Marche,Indeed,13.765
2024-08-26,Molise,Indeed,1.986
2024-08-26,Piemonte,Indeed,32.802
2024-08-26,Puglia,Indeed,23.331
2024-08-26,Sardegna,Indeed,7.152
2024-08-26,Sicilia,Indeed,16.597
2024-08-26,Toscana,Indeed,21.94
2024-08-26,Trentino-Alto Adige,Indeed,8.288
2024-08-26,Umbria,Indeed,3.239
2024-08-26,Valle d'Aosta,Indeed,0.64
2024-08-26,Veneto,Indeed,35.214
2024-09-02,Abruzzo,Indeed,7.992
2024-09-02,Basilicata,Indeed,1.854
2024-09-02,Calabria,Indeed,12.294
2024-09-02,Campania,Indeed,21.052
2024-09-02,Emilia-Romagna,Indeed,21.262
2024-09-02,Friuli-Venezia Giulia,Indeed,7.419
2024-09-02,Lazio,Indeed,30.65
2024-09-02,Liguria,Indeed,6.927
2024-09-02,Lombardia,Indeed,71.997
2024-09-02,Marche,Indeed,14.244
2024-09-02,Molise,Indeed,2.103
2024-09-02,Piemonte,Indeed,33.196
2024-09-02,Puglia,Indeed,24.025
2024-09-02,Sardegna,Indeed,7.949
2024-09-02,Sicilia,Indeed,16.045
2024-09-02,Toscana,Indeed,22.554
2024-09-02,Trentino-Alto Adige,Indeed,8.605
2024-09-02,Umbria,Indeed,3.489
2024-09-02,Valle d'Aosta,Indeed,0.684
2024-09-02,Veneto,Indeed,37.107
2024-09-09,Abruzzo,Indeed,8.592
2024-09-09,Basilicata,Indeed,2.121
2024-09-09,Calabria,Indeed,13.233
2024-09-09,Campania,Indeed,24.923
2024-09-09,Emilia-Romagna,Indeed,24.754
2024-09-09,Friuli-Venezia Giulia,Indeed,8.213
2024-09-09,Lazio,Indeed,34.278
2024-09-09,Liguria,Indeed,7.773
2024-09-09,Lombardia,Indeed,79.206
2024-09-09,Marche,Indeed,16.776
2024-09-09,Molise,Indeed,2.35
2024-09-09,Piemonte,Indeed,37.03
2024-09-09,Puglia,Indeed,27.301
2024-09-09,Sardegna,Indeed,9.208
2024-09-09,Sicilia,Indeed,18.93
2024-09-09,Toscana,Indeed,25.037
2024-09-09,Trentino-Alto Adige,Indeed,9.519
2024-09-09,Umbria,Indeed,3.819
2024-09-09,Valle d'Aosta,Indeed,0.773
2024-09-09,Veneto,Indeed,39.835
2024-09-16,Abruzzo,Indeed,8.302
2024-09-16,Basilicata,Indeed,2.093
2024-09-16,Calabria,Indeed,12.773
2024-09-16,Campania,Indeed,24.053
2024-09-16,Emilia-Romagna,Indeed,23.867
2024-09-16,Friuli-Venezia Giulia,Indeed,8.006
2024-09-16,Lazio,Indeed,33.461
2024-09-16,Liguria,Indeed,7.493
2024-09-16,Lombardia,Indeed,75.31
2024-09-16,Marche,Indeed,15.861
2024-09-16,Molise,Indeed,2.253
2024-09-16,Piemonte,Indeed,36.442
2024-09-16,Puglia,Indeed,26.791
2024-09-16,Sardegna,Indeed,8.796
2024-09-16,Sicilia,Indeed,18.425
2024-09-16,Toscana,Indeed,24.733
2024-09-16,Trentino-Alto Adige,Indeed,9.243
2024-09-16,Umbria,Indeed,3.622
2024-09-16,Valle d'Aosta,Indeed,0.762
2024-09-16,Veneto,Indeed,39.534
2024-09-23,Abruzzo,Indeed,8.406
2024-09-23,Basilicata,Indeed,2.145
2024-09-23,Calabria,Indeed,13.129
2024-09-23,Campania,Indeed,25.327
2024-09-23,Emilia-Romagna,Indeed,24.299
2024-09-23,Friuli-Venezia Giulia,Indeed,8.344
2024-09-23,Lazio,Indeed,34.154
2024-09-23,Liguria,Indeed,7.657
2024-09-23,Lombardia,Indeed,76.889
2024-09-23,Marche,Indeed,16.147
2024-09-23,Molise,Indeed,2.339
2024-09-23,Piemonte,Indeed,37.634
2024-09-23,Puglia,Indeed,27.707
2024-09-23,Sardegna,Indeed,9.348
2024-09-23,Sicilia,Indeed,19.379
2024-09-23,Toscana,Indeed,24.931
2024-09-23,Trentino-Alto Adige,Indeed,9.559
2024-09-23,Umbria,Indeed,3.83
2024-09-23,Valle d'Aosta,Indeed,0.778
2024-09-23,Veneto,Indeed,39.139
2024-09-30,Abruzzo,Indeed,7.785
2024-09-30,Basilicata,Indeed,2.08
2024-09-30,Calabria,Indeed,12.712
2024-09-30,Campania,Indeed,23.607
2024-09-30,Emilia-Romagna,Indeed,25.351
2024-09-30,Friuli-Venezia Giulia,Indeed,7.91
2024-09-30,Lazio,Indeed,32.481
2024-09-30,Liguria,Indeed,7.254
2024-09-30,Lombardia,Indeed,79.09
2024-09-30,Marche,Indeed,15.895
2024-09-30,Molise,Indeed,2.226
2024-09-30,Piemonte,Indeed,38.72
2024-09-30,Puglia,Indeed,26.057
2024-09-30,Sardegna,Indeed,8.904
2024-09-30,Sicilia,Indeed,17.85
2024-09-30,Toscana,Indeed,23.788
2024-09-30,Trentino-Alto Adige,Indeed,9.118
2024-09-30,Umbria,Indeed,3.625
2024-09-30,Valle d'Aosta,Indeed,0.74
2024-09-30,Veneto,Indeed,40.385
2024-10-07,Abruzzo,Indeed,7.786
2024-10-07,Basilicata,Indeed,1.987
2024-10-07,Calabria,Indeed,12.535
2024-10-07,Campania,Indeed,22.246
2024-10-07,Emilia-Romagna,Indeed,25.188
2024-10-07,Friuli-Venezia Giulia,Indeed,7.35
2024-10-07,Lazio,Indeed,30.907
2024-10-07,Liguria,Indeed,6.649
2024-10-07,Lombardia,Indeed,77.46
2024-10-07,Marche,Indeed,14.597
2024-10-07,Molise,Indeed,2.06
2024-10-07,Piemonte,Indeed,38.033
2024-10-07,Puglia,Indeed,24.353
2024-10-07,Sardegna,Indeed,8.391
2024-10-07,Sicilia,Indeed,17.357
2024-10-07,Toscana,Indeed,22.923
2024-10-07,Trentino-Alto Adige,Indeed,8.602
2024-10-07,Umbria,Indeed,3.341
2024-10-07,Valle d'Aosta,Indeed,0.695
2024-10-07,Veneto,Indeed,40.406
2024-10-14,Abruzzo,Indeed,7.549
2024-10-14,Basilicata,Indeed,1.928
2024-10-14,Calabria,Indeed,12.102
2024-10-14,Campania,Indeed,22.48
2024-10-14,Emilia-Romagna,Indeed,24.723
2024-10-14,Friuli-Venezia Giulia,Indeed,7.028
2024-10-14,Lazio,Indeed,29.838
2024-10-14,Liguria,Indeed,6.153
2024-10-14,Lombardia,Indeed,76.482
2024-10-14,Marche,Indeed,14.349
2024-10-14,Molise,Indeed,2.009
2024-10-14,Piemonte,Indeed,36.425
2024-10-14,Puglia,Indeed,23.408
2024-10-14,Sardegna,Indeed,8.0
2024-10-14,Sicilia,Indeed,16.754
2024-10-14,Toscana,Indeed,22.385
2024-10-14,Trentino-Alto Adige,Indeed,8.517
2024-10-14,Umbria,Indeed,3.361
2024-10-14,Valle d'Aosta,Indeed,0.691
2024-10-14,Veneto,Indeed,39.143
2024-10-21,Abruzzo,Indeed,7.14
2024-10-21,Basilicata,Indeed,1.754
2024-10-21,Calabria,Indeed,11.816
2024-10-21,Campania,Indeed,20.387
2024-10-21,Emilia-Romagna,Indeed,23.194
2024-10-21,Friuli-Venezia Giulia,Indeed,6.735
2024-10-21,Lazio,Indeed,27.278
2024-10-21,Liguria,Indeed,5.923
2024-10-21,Lombardia,Indeed,73.505
2024-10-21,Marche,Indeed,12.626
2024-10-21,Molise,Indeed,1.85
2024-10-21,Piemonte,Indeed,35.245
2024-10-21,Puglia,Indeed,21.393
2024-10-21,Sardegna,Indeed,7.495
2024-10-21,Sicilia,Indeed,14.902
2024-10-21,Toscana,Indeed,20.773
2024-10-21,Trentino-Alto Adige,Indeed,8.22
2024-10-21,Umbria,Indeed,3.132
2024-10-21,Valle d'Aosta,Indeed,0.65
2024-10-21,Veneto,Indeed,37.208
2024-10-28,Abruzzo,Indeed,6.655
2024-10-28,Basilicata,Indeed,1.498
2024-10-28,Calabria,Indeed,11.012
2024-10-28,Campania,Indeed,18.949
2024-10-28,Emilia-Romagna,Indeed,22.096
2024-10-28,Friuli-Venezia Giulia,Indeed,6.252
2024-10-28,Lazio,Indeed,25.238
2024-10-28,Liguria,Indeed,5.578
2024-10-28,Lombardia,Indeed,70.806
2024-10-28,Marche,Indeed,11.647
2024-10-28,Molise,Indeed,1.694
2024-10-28,Piemonte,Indeed,33.427
2024-10-28,Puglia,Indeed,18.458
2024-10-28,Sardegna,Indeed,6.735
2024-10-28,Sicilia,Indeed,14.9
2024-10-28,Toscana,Indeed,19.271
2024-10-28,Trentino-Alto Adige,Indeed,7.238
2024-10-28,Umbria,Indeed,2.974
2024-10-28,Valle d'Aosta,Indeed,0.641
2024-10-28,Veneto,Indeed,34.941
2024-11-04,Abruzzo,Indeed,6.509
2024-11-04,Basilicata,Indeed,1.69
2024-11-04,Calabria,Indeed,11.271
2024-11-04,Campania,Indeed,19.646
2024-11-04,Emilia-Romagna,Indeed,22.66
2024-11-04,Friuli-Venezia Giulia,Indeed,6.686
2024-11-04,Lazio,Indeed,27.2
2024-11-04,Liguria,Indeed,5.732
2024-11-04,Lombardia,Indeed,71.244
2024-11-04,Marche,Indeed,11.637
2024-11-04,Molise,Indeed,1.661
2024-11-04,Piemonte,Indeed,33.504
2024-11-04,Puglia,Indeed,19.067
2024-11-04,Sardegna,Indeed,6.891
2024-11-04,Sicilia,Indeed,15.625
2024-11-04,Toscana,Indeed,20.21
2024-11-04,Trentino-Alto Adige,Indeed,7.501
2024-11-04,Umbria,Indeed,3.094
2024-11-04,Valle d'Aosta,Indeed,0.656
2024-11-04,Veneto,Indeed,35.541
2024-11-11,Abruzzo,Indeed,6.558
2024-11-11,Basilicata,Indeed,1.585
2024-11-11,Calabria,Indeed,11.304
2024-11-11,Campania,Indeed,17.706
2024-11-11,Emilia-Romagna,Indeed,21.774
2024-11-11,Friuli-Venezia Giulia,Indeed,6.327
2024-11-11,Lazio,Indeed,27.525
2024-11-11,Liguria,Indeed,5.503
2024-11-11,Lombardia,Indeed,69.348
2024-11-11,Marche,Indeed,11.821
2024-11-11,Molise,Indeed,1.634
2024-11-11,Piemonte,Indeed,31.556
2024-11-11,Puglia,Indeed,19.513
2024-11-11,Sardegna,Indeed,6.523
2024-11-11,Sicilia,Indeed,14.613
2024-11-11,Toscana,Indeed,19.57
2024-11-11,Trentino-Alto Adige,Indeed,7.452
2024-11-11,Umbria,Indeed,3.022
2024-11-11,Valle d'Aosta,Indeed,0.618
2024-11-11,Veneto,Indeed,35.618
2024-11-18,Abruzzo,Indeed,7.458
2024-11-18,Basilicata,Indeed,1.861
2024-11-18,Calabria,Indeed,11.879
2024-11-18,Campania,Indeed,21.156
2024-11-18,Emilia-Romagna,Indeed,23.429
2024-11-18,Friuli-Venezia Giulia,Indeed,6.711
2024-11-18,Lazio,Indeed,29.463
2024-11-18,Liguria,Indeed,6.18
2024-11-18,Lombardia,Indeed,74.898
2024-11-18,Marche,Indeed,12.49
2024-11-18,Molise,Indeed,1.932
2024-11-18,Piemonte,Indeed,34.581
2024-11-18,Puglia,Indeed,22.125
2024-11-18,Sardegna,Indeed,8.068
2024-11-18,Sicilia,Indeed,16.921
2024-11-18,Toscana,Indeed,21.876
2024-11-18,Trentino-Alto Adige,Indeed,8.392
2024-11-18,Umbria,Indeed,3.264
2024-11-18,Valle d'Aosta,Indeed,0.695
2024-11-18,Veneto,Indeed,38.248
2024-11-25,Abruzzo,Indeed,7.696
2024-11-25,Basilicata,Indeed,1.882
2024-11-25,Calabria,Indeed,12.295
2024-11-25,Campania,Indeed,23.017
2024-11-25,Emilia-Romagna,Indeed,24.654
2024-11-25,Friuli-Venezia Giulia,Indeed,7.453
2024-11-25,Lazio,Indeed,31.352
2024-11-25,Liguria,Indeed,6.61
2024-11-25,Lombardia,Indeed,77.098
2024-11-25,Marche,Indeed,14.428
2024-11-25,Molise,Indeed,2.176
2024-11-25,Piemonte,Indeed,36.712
2024-11-25,Puglia,Indeed,25.205
2024-11-25,Sardegna,Indeed,8.596
2024-11-25,Sicilia,Indeed,18.313
2024-11-25,Toscana,Indeed,23.279
2024-11-25,Trentino-Alto Adige,Indeed,8.713
2024-11-25,Umbria,Indeed,3.415
2024-11-25,Valle d'Aosta,Indeed,0.731
2024-11-25,Veneto,Indeed,40.345
2024-12-02,Abruzzo,Indeed,8.053
2024-12-02,Basilicata,Indeed,2.0
2024-12-02,Calabria,Indeed,12.534
2024-12-02,Campania,Indeed,24.264
2024-12-02,Emilia-Romagna,Indeed,23.455
2024-12-02,Friuli-Venezia Giulia,Indeed,7.71
2024-12-02,Lazio,Indeed,31.747
2024-12-02,Liguria,Indeed,6.834
2024-12-02,Lombardia,Indeed,73.777
2024-12-02,Marche,Indeed,14.629
2024-12-02,Molise,Indeed,2.177
2024-12-02,Piemonte,Indeed,34.658
2024-12-02,Puglia,Indeed,26.315
2024-12-02,Sardegna,Indeed,9.061
2024-12-02,Sicilia,Indeed,18.915
2024-12-02,Toscana,Indeed,23.479
2024-12-02,Trentino-Alto Adige,Indeed,8.933
2024-12-02,Umbria,Indeed,3.453
2024-12-02,Valle d'Aosta,Indeed,0.734
2024-12-02,Veneto,Indeed,39.207
2024-12-09,Abruzzo,Indeed,7.861
2024-12-09,Basilicata,Indeed,1.959
2024-12-09,Calabria,Indeed,11.983
2024-12-09,Campania,Indeed,22.934
2024-12-09,Emilia-Romagna,Indeed,21.628
2024-12-09,Friuli-Venezia Giulia,Indeed,7.634
2024-12-09,Lazio,Indeed,30.348
2024-12-09,Liguria,Indeed,6.491
2024-12-09,Lombardia,Indeed,71.508
2024-12-09,Marche,Indeed,14.595
2024-12-09,Molise,Indeed,2.108
2024-12-09,Piemonte,Indeed,33.214
2024-12-09,Puglia,Indeed,26.193
2024-12-09,Sardegna,Indeed,8.555
2024-12-09,Sicilia,Indeed,17.696
2024-12-09,Toscana,Indeed,22.733
2024-12-09,Trentino-Alto Adige,Indeed,8.7
2024-12-09,Umbria,Indeed,3.247
2024-12-09,Valle d'Aosta,Indeed,0.674
2024-12-09,Veneto,Indeed,37.94
2024-12-16,Abruzzo,Indeed,7.96
2024-12-16,Basilicata,Indeed,1.976
2024-12-16,Calabria,Indeed,12.468
2024-12-16,Campania,Indeed,22.511
2024-12-16,Emilia-Romagna,Indeed,22.178
2024-12-16,Friuli-Venezia Giulia,Indeed,7.909
2024-12-16,Lazio,Indeed,31.701
2024-12-16,Liguria,Indeed,7.017
2024-12-16,Lombardia,Indeed,72.363
2024-12-16,Marche,Indeed,15.15
2024-12-16,Molise,Indeed,2.207
2024-12-16,Piemonte,Indeed,35.004
2024-12-16,Puglia,Indeed,26.982
2024-12-16,Sardegna,Indeed,8.453
2024-12-16,Sicilia,Indeed,18.762
2024-12-16,Toscana,Indeed,23.303
2024-12-16,Trentino-Alto Adige,Indeed,9.026
2024-12-16,Umbria,Indeed,3.515
2024-12-16,Valle d'Aosta,Indeed,0.719
2024-12-16,Veneto,Indeed,38.443
2024-12-23,Abruzzo,Indeed,8.144
2024-12-23,Basilicata,Indeed,2.027
2024-12-23,Calabria,Indeed,12.466
2024-12-23,Campania,Indeed,21.309
2024-12-23,Emilia-Romagna,Indeed,22.152
2024-12-23,Friuli-Venezia Giulia,Indeed,7.655
2024-12-23,Lazio,Indeed,30.648
2024-12-23,Liguria,Indeed,6.983
2024-12-23,Lombardia,Indeed,72.477
2024-12-23,Marche,Indeed,15.268
2024-12-23,Molise,Indeed,2.184
2024-12-23,Piemonte,Indeed,33.905
2024-12-23,Puglia,Indeed,25.612
2024-12-23,Sardegna,Indeed,8.522
2024-12-23,Sicilia,Indeed,18.362
2024-12-23,Toscana,Indeed,23.343
2024-12-23,Trentino-Alto Adige,Indeed,8.981
2024-12-23,Umbria,Indeed,3.548
2024-12-23,Valle d'Aosta,Indeed,0.707
2024-12-23,Veneto,Indeed,37.941
2024-12-30,Abruzzo,Indeed,8.213
2024-12-30,Basilicata,Indeed,2.017
2024-12-30,Calabria,Indeed,12.986
2024-12-30,Campania,Indeed,21.862
2024-12-30,Emilia-Romagna,Indeed,22.738
2024-12-30,Friuli-Venezia Giulia,Indeed,7.619
2024-12-30,Lazio,Indeed,31.529
2024-12-30,Liguria,Indeed,7.25
2024-12-30,Lombardia,Indeed,71.485
2024-12-30,Marche,Indeed,15.336
2024-12-30,Molise,Indeed,2.208
2024-12-30,Piemonte,Indeed,34.878
2024-12-30,Puglia,Indeed,25.13
2024-12-30,Sardegna,Indeed,8.348
2024-12-30,Sicilia,Indeed,18.714
2024-12-30,Toscana,Indeed,23.172
2024-12-30,Trentino-Alto Adige,Indeed,8.91
2024-12-30,Umbria,Indeed,3.57
2024-12-30,Valle d'Aosta,Indeed,0.715
2024-12-30,Veneto,Indeed,38.048
2025-01-06,Abruzzo,Indeed,7.741
2025-01-06,Basilicata,Indeed,1.851
2025-01-06,Calabria,Indeed,11.898
2025-01-06,Campania,Indeed,18.504
2025-01-06,Emilia-Romagna,Indeed,21.703
2025-01-06,Friuli-Venezia Giulia,Indeed,6.978
2025-01-06,Lazio,Indeed,30.115
2025-01-06,Liguria,Indeed,6.755
2025-01-06,Lombardia,Indeed,64.581
2025-01-06,Marche,Indeed,13.808
2025-01-06,Molise,Indeed,2.026
2025-01-06,Piemonte,Indeed,31.961
2025-01-06,Puglia,Indeed,23.917
2025-01-06,Sardegna,Indeed,7.494
2025-01-06,Sicilia,Indeed,17.731
2025-01-06,Toscana,Indeed,20.625
2025-01-06,Trentino-Alto Adige,Indeed,8.339
2025-01-06,Umbria,Indeed,3.067
2025-01-06,Valle d'Aosta,Indeed,0.647
2025-01-06,Veneto,Indeed,37.381
2025-01-13,Abruzzo,Indeed,7.728
2025-01-13,Basilicata,Indeed,1.765
2025-01-13,Calabria,Indeed,11.046
2025-01-13,Campania,Indeed,18.37
2025-01-13,Emilia-Romagna,Indeed,21.449
2025-01-13,Friuli-Venezia Giulia,Indeed,6.983
2025-01-13,Lazio,Indeed,29.118
2025-01-13,Liguria,Indeed,6.551
2025-01-13,Lombardia,Indeed,61.067
2025-01-13,Marche,Indeed,13.061
2025-01-13,Molise,Indeed,1.909
2025-01-13,Piemonte,Indeed,30.165
2025-01-13,Puglia,Indeed,21.942
2025-01-13,Sardegna,Indeed,7.502
2025-01-13,Sicilia,Indeed,15.823
2025-01-13,Toscana,Indeed,20.309
2025-01-13,Trentino-Alto Adige,Indeed,8.153
2025-01-13,Umbria,Indeed,3.107
2025-01-13,Valle d'Aosta,Indeed,0.617
2025-01-13,Veneto,Indeed,35.156
2025-01-20,Abruzzo,Indeed,6.758
2025-01-20,Basilicata,Indeed,1.551
2025-01-20,Calabria,Indeed,10.224
2025-01-20,Campania,Indeed,15.581
2025-01-20,Emilia-Romagna,Indeed,17.843
2025-01-20,Friuli-Venezia Giulia,Indeed,5.93
2025-01-20,Lazio,Indeed,25.638
2025-01-20,Liguria,Indeed,5.125
2025-01-20,Lombardia,Indeed,55.512
2025-01-20,Marche,Indeed,10.274
2025-01-20,Molise,Indeed,1.643
2025-01-20,Piemonte,Indeed,25.774
2025-01-20,Puglia,Indeed,19.213
2025-01-20,Sardegna,Indeed,6.262
2025-01-20,Sicilia,Indeed,13.177
2025-01-20,Toscana,Indeed,17.848
2025-01-20,Trentino-Alto Adige,Indeed,7.539
2025-01-20,Umbria,Indeed,2.742
2025-01-20,Valle d'Aosta,Indeed,0.554
2025-01-20,Veneto,Indeed,31.889
2025-01-27,Abruzzo,Indeed,6.332
2025-01-27,Basilicata,Indeed,1.418
2025-01-27,Calabria,Indeed,9.708
2025-01-27,Campania,Indeed,15.797
2025-01-27,Emilia-Romagna,Indeed,17.338
2025-01-27,Friuli-Venezia Giulia,Indeed,5.397
2025-01-27,Lazio,Indeed,25.041
2025-01-27,Liguria,Indeed,4.952
2025-01-27,Lombardia,Indeed,52.23
2025-01-27,Marche,Indeed,9.709
2025-01-27,Molise,Indeed,1.522
2025-01-27,Piemonte,Indeed,25.347
2025-01-27,Puglia,Indeed,19.965
2025-01-27,Sardegna,Indeed,6.27
2025-01-27,Sicilia,Indeed,13.093
2025-01-27,Toscana,Indeed,18.598
2025-01-27,Trentino-Alto Adige,Indeed,6.842
2025-01-27,Umbria,Indeed,2.645
2025-01-27,Valle d'Aosta,Indeed,0.512
2025-01-27,Veneto,Indeed,32.263
2025-02-03,Abruzzo,Indeed,7.931
2025-02-03,Basilicata,Indeed,1.897
2025-02-03,Calabria,Indeed,11.558
2025-02-03,Campania,Indeed,20.45
2025-02-03,Emilia-Romagna,Indeed,21.284
2025-02-03,Friuli-Venezia Giulia,Indeed,6.828
2025-02-03,Lazio,Indeed,30.846
2025-02-03,Liguria,Indeed,6.562
2025-02-03,Lombardia,Indeed,71.648
2025-02-03,Marche,Indeed,13.064
2025-02-03,Molise,Indeed,2.119
2025-02-03,Piemonte,Indeed,31.739
2025-02-03,Puglia,Indeed,24.267
2025-02-03,Sardegna,Indeed,8.192
2025-02-03,Sicilia,Indeed,17.131
2025-02-03,Toscana,Indeed,22.209
2025-02-03,Trentino-Alto Adige,Indeed,8.179
2025-02-03,Umbria,Indeed,3.354
2025-02-03,Valle d'Aosta,Indeed,0.636
2025-02-03,Veneto,Indeed,37.17
2025-02-10,Abruzzo,Indeed,7.968
2025-02-10,Basilicata,Indeed,1.954
2025-02-10,Calabria,Indeed,12.122
2025-02-10,Campania,Indeed,21.224
2025-02-10,Emilia-Romagna,Indeed,20.726
2025-02-10,Friuli-Venezia Giulia,Indeed,6.896
2025-02-10,Lazio,Indeed,31.435
2025-02-10,Liguria,Indeed,6.689
2025-02-10,Lombardia,Indeed,72.889
2025-02-10,Marche,Indeed,12.837
2025-02-10,Molise,Indeed,2.072
2025-02-10,Piemonte,Indeed,30.985
2025-02-10,Puglia,Indeed,23.401
2025-02-10,Sardegna,Indeed,8.01
2025-02-10,Sicilia,Indeed,17.002
2025-02-10,Toscana,Indeed,22.861
2025-02-10,Trentino-Alto Adige,Indeed,8.036
2025-02-10,Umbria,Indeed,3.357
2025-02-10,Valle d'Aosta,Indeed,0.614
2025-02-10,Veneto,Indeed,38.312
2025-02-17,Abruzzo,Indeed,7.702
2025-02-17,Basilicata,Indeed,1.862
2025-02-17,Calabria,Indeed,12.046
2025-02-17,Campania,Indeed,22.21
2025-02-17,Emilia-Romagna,Indeed,20.399
2025-02-17,Friuli-Venezia Giulia,Indeed,6.678
2025-02-17,Lazio,Indeed,31.246
2025-02-17,Liguria,Indeed,6.827
2025-02-17,Lombardia,Indeed,70.122
2025-02-17,Marche,Indeed,12.797
2025-02-17,Molise,Indeed,2.077
2025-02-17,Piemonte,Indeed,31.743
2025-02-17,Puglia,Indeed,23.916
2025-02-17,Sardegna,Indeed,7.553
2025-02-17,Sicilia,Indeed,17.362
2025-02-17,Toscana,Indeed,22.179
2025-02-17,Trentino-Alto Adige,Indeed,7.993
2025-02-17,Umbria,Indeed,3.448
2025-02-17,Valle d'Aosta,Indeed,0.608
2025-02-17,Veneto,Indeed,37.495
2025-02-24,Abruzzo,Indeed,1.089
2025-02-24,Basilicata,Indeed,0.196
2025-02-24,Calabria,Indeed,1.689
2025-02-24,Campania,Indeed,2.249
2025-02-24,Emilia-Romagna,Indeed,2.07
2025-02-24,Friuli-Venezia Giulia,Indeed,0.665
2025-02-24,Lazio,Indeed,4.502
2025-02-24,Liguria,Indeed,0.733
2025-02-24,Lombardia,Indeed,8.939
2025-02-24,Marche,Indeed,1.102
2025-02-24,Molise,Indeed,0.233
2025-02-24,Piemonte,Indeed,3.468
2025-02-24,Puglia,Indeed,2.83
2025-02-24,Sardegna,Indeed,0.699
2025-02-24,Sicilia,Indeed,1.931
2025-02-24,Toscana,Indeed,2.934
2025-02-24,Trentino-Alto Adige,Indeed,0.85
2025-02-24,Umbria,Indeed,0.41
2025-02-24,Valle d'Aosta,Indeed,0.059
2025-02-24,Veneto,Indeed,5.675
2025-03-03,Abruzzo,Indeed,0.04
2025-03-03,Basilicata,Indeed,0.007
2025-03-03,Calabria,Indeed,0.062
2025-03-03,Campania,Indeed,0.079
2025-03-03,Emilia-Romagna,Indeed,0.073
2025-03-03,Friuli-Venezia Giulia,Indeed,0.023
2025-03-03,Lazio,Indeed,0.167
2025-03-03,Liguria,Indeed,0.026
2025-03-03,Lombardia,Indeed,0.325
2025-03-03,Marche,Indeed,0.038
2025-03-03,Molise,Indeed,0.008
2025-03-03,Piemonte,Indeed,0.123
2025-03-03,Puglia,Indeed,0.102
2025-03-03,Sardegna,Indeed,0.024
2025-03-03,Sicilia,Indeed,0.069
2025-03-03,Toscana,Indeed,0.107
2025-03-03,Trentino-Alto Adige,Indeed,0.03
2025-03-03,Umbria,Indeed,0.015
2025-03-03,Valle d'Aosta,Indeed,0.002
2025-03-03,Veneto,Indeed,0.212
2025-03-10,Abruzzo,Indeed,0.001
2025-03-10,Basilicata,Indeed,0.0
2025-03-10,Calabria,Indeed,0.002
2025-03-10,Campania,Indeed,0.003
2025-03-10,Emilia-Romagna,Indeed,0.002
2025-03-10,Friuli-Venezia Giulia,Indeed,0.001
2025-03-10,Lazio,Indeed,0.005
2025-03-10,Liguria,Indeed,0.001
2025-03-10,Lombardia,Indeed,0.011
2025-03-10,Marche,Indeed,0.001
2025-03-10,Molise,Indeed,0.0
2025-03-10,Piemonte,Indeed,0.004
2025-03-10,Puglia,Indeed,0.003
2025-03-10,Sardegna,Indeed,0.001
2025-03-10,Sicilia,Indeed,0.002
2025-03-10,Toscana,Indeed,0.004
2025-03-10,Trentino-Alto Adige,Indeed,0.001
2025-03-10,Umbria,Indeed,0.0
2025-03-10,Valle d'Aosta,Indeed,0.0
2025-03-10,Veneto,Indeed,0.007
2025-03-17,Abruzzo,Indeed,7.377
2025-03-17,Basilicata,Indeed,1.951
2025-03-17,Calabria,Indeed,11.916
2025-03-17,Campania,Indeed,19.853
2025-03-17,Emilia-Romagna,Indeed,22.442
2025-03-17,Friuli-Venezia Giulia,Indeed,7.118
2025-03-17,Lazio,Indeed,30.372
2025-03-17,Liguria,Indeed,6.838
2025-03-17,Lombardia,Indeed,67.149
2025-03-17,Marche,Indeed,12.383
2025-03-17,Molise,Indeed,1.692
2025-03-17,Piemonte,Indeed,31.683
2025-03-17,Puglia,Indeed,22.94
2025-03-17,Sardegna,Indeed,8.002
2025-03-17,Sicilia,Indeed,16.018
2025-03-17,Toscana,Indeed,21.991
2025-03-17,Trentino-Alto Adige,Indeed,8.372
2025-03-17,Umbria,Indeed,3.268
2025-03-17,Valle d'Aosta,Indeed,0.67
2025-03-17,Veneto,Indeed,38.302
2025-03-24,Abruzzo,Indeed,7.871
2025-03-24,Basilicata,Indeed,2.033
2025-03-24,Calabria,Indeed,12.746
2025-03-24,Campania,Indeed,21.888
2025-03-24,Emilia-Romagna,Indeed,23.066
2025-03-24,Friuli-Venezia Giulia,Indeed,7.764
2025-03-24,Lazio,Indeed,32.252
2025-03-24,Liguria,Indeed,7.438
2025-03-24,Lombardia,Indeed,72.129
2025-03-24,Marche,Indeed,14.715
2025-03-24,Molise,Indeed,2.058
2025-03-24,Piemonte,Indeed,34.646
2025-03-24,Puglia,Indeed,24.976
2025-03-24,Sardegna,Indeed,9.067
2025-03-24,Sicilia,Indeed,18.621
2025-03-24,Toscana,Indeed,23.734
2025-03-24,Trentino-Alto Adige,Indeed,8.96
2025-03-24,Umbria,Indeed,3.55
2025-03-24,Valle d'Aosta,Indeed,0.694
2025-03-24,Veneto,Indeed,39.07
2025-03-31,Abruzzo,Indeed,8.085
2025-03-31,Basilicata,Indeed,1.994
2025-03-31,Calabria,Indeed,13.078
2025-03-31,Campania,Indeed,22.958
2025-03-31,Emilia-Romagna,Indeed,23.611
2025-03-31,Friuli-Venezia Giulia,Indeed,7.776
2025-03-31,Lazio,Indeed,32.51
2025-03-31,Liguria,Indeed,7.551
2025-03-31,Lombardia,Indeed,71.891
2025-03-31,Marche,Indeed,14.336
2025-03-31,Molise,Indeed,2.124
2025-03-31,Piemonte,Indeed,34.854
2025-03-31,Puglia,Indeed,24.58
2025-03-31,Sardegna,Indeed,9.014
2025-03-31,Sicilia,Indeed,19.516
2025-03-31,Toscana,Indeed,23.556
2025-03-31,Trentino-Alto Adige,Indeed,9.231
2025-03-31,Umbria,Indeed,3.444
2025-03-31,Valle d'Aosta,Indeed,0.691
2025-03-31,Veneto,Indeed,38.767
2025-04-07,Abruzzo,Indeed,8.104
2025-04-07,Basilicata,Indeed,2.045
2025-04-07,Calabria,Indeed,12.876
2025-04-07,Campania,Indeed,22.252
2025-04-07,Emilia-Romagna,Indeed,23.747
2025-04-07,Friuli-Venezia Giulia,Indeed,7.447
2025-04-07,Lazio,Indeed,33.075
2025-04-07,Liguria,Indeed,7.467
2025-04-07,Lombardia,Indeed,73.002
2025-04-07,Marche,Indeed,13.908
2025-04-07,Molise,Indeed,2.167
2025-04-07,Piemonte,Indeed,35.216
2025-04-07,Puglia,Indeed,25.065
2025-04-07,Sardegna,Indeed,9.034
2025-04-07,Sicilia,Indeed,19.038
2025-04-07,Toscana,Indeed,22.527
2025-04-07,Trentino-Alto Adige,Indeed,9.196
2025-04-07,Umbria,Indeed,3.512
2025-04-07,Valle d'Aosta,Indeed,0.701
2025-04-07,Veneto,Indeed,38.575
2025-04-14,Abruzzo,Indeed,7.681
2025-04-14,Basilicata,Indeed,1.876
2025-04-14,Calabria,Indeed,12.048
2025-04-14,Campania,Indeed,19.482
2025-04-14,Emilia-Romagna,Indeed,22.551
2025-04-14,Friuli-Venezia Giulia,Indeed,6.828
2025-04-14,Lazio,Indeed,30.899
2025-04-14,Liguria,Indeed,6.729
2025-04-14,Lombardia,Indeed,70.408
2025-04-14,Marche,Indeed,12.463
2025-04-14,Molise,Indeed,1.916
2025-04-14,Piemonte,Indeed,31.539
2025-04-14,Puglia,Indeed,22.916
2025-04-14,Sardegna,Indeed,8.285
2025-04-14,Sicilia,Indeed,17.268
2025-04-14,Toscana,Indeed,21.16
2025-04-14,Trentino-Alto Adige,Indeed,8.46
2025-04-14,Umbria,Indeed,3.282
2025-04-14,Valle d'Aosta,Indeed,0.653
2025-04-14,Veneto,Indeed,35.141
2025-04-21,Abruzzo,Indeed,7.911
2025-04-21,Basilicata,Indeed,1.974
2025-04-21,Calabria,Indeed,12.833
2025-04-21,Campania,Indeed,20.672
2025-04-21,Emilia-Romagna,Indeed,22.306
2025-04-21,Friuli-Venezia Giulia,Indeed,7.436
2025-04-21,Lazio,Indeed,31.816
2025-04-21,Liguria,Indeed,7.062
2025-04-21,Lombardia,Indeed,71.018
2025-04-21,Marche,Indeed,13.926
2025-04-21,Molise,Indeed,2.044
2025-04-21,Piemonte,Indeed,33.579
2025-04-21,Puglia,Indeed,24.527
2025-04-21,Sardegna,Indeed,8.297
2025-04-21,Sicilia,Indeed,17.66
2025-04-21,Toscana,Indeed,22.797
2025-04-21,Trentino-Alto Adige,Indeed,8.555
2025-04-21,Umbria,Indeed,3.389
2025-04-21,Valle d'Aosta,Indeed,0.681
2025-04-21,Veneto,Indeed,36.851
2025-04-28,Abruzzo,Indeed,7.802
2025-04-28,Basilicata,Indeed,1.981
2025-04-28,Calabria,Indeed,13.127
2025-04-28,Campania,Indeed,21.315
2025-04-28,Emilia-Romagna,Indeed,23.629
2025-04-28,Friuli-Venezia Giulia,Indeed,7.619
2025-04-28,Lazio,Indeed,32.174
2025-04-28,Liguria,Indeed,7.149
2025-04-28,Lombardia,Indeed,70.757
2025-04-28,Marche,Indeed,14.716
2025-04-28,Molise,Indeed,2.078
2025-04-28,Piemonte,Indeed,33.441
2025-04-28,Puglia,Indeed,26.155
2025-04-28,Sardegna,Indeed,8.749
2025-04-28,Sicilia,Indeed,18.264
2025-04-28,Toscana,Indeed,23.578
2025-04-28,Trentino-Alto Adige,Indeed,8.41
2025-04-28,Umbria,Indeed,3.484
2025-04-28,Valle d'Aosta,Indeed,0.694
2025-04-28,Veneto,Indeed,37.881
2025-05-05,Abruzzo,Indeed,8.183
2025-05-05,Basilicata,Indeed,2.021
2025-05-05,Calabria,Indeed,12.957
2025-05-05,Campania,Indeed,21.998
2025-05-05,Emilia-Romagna,Indeed,23.987
2025-05-05,Friuli-Venezia Giulia,Indeed,7.547
2025-05-05,Lazio,Indeed,32.217
2025-05-05,Liguria,Indeed,7.172
2025-05-05,Lombardia,Indeed,72.774
2025-05-05,Marche,Indeed,14.969
2025-05-05,Molise,Indeed,2.285
2025-05-05,Piemonte,Indeed,33.735
2025-05-05,Puglia,Indeed,26.709
2025-05-05,Sardegna,Indeed,8.613
2025-05-05,Sicilia,Indeed,18.498
2025-05-05,Toscana,Indeed,23.673
2025-05-05,Trentino-Alto Adige,Indeed,8.593
2025-05-05,Umbria,Indeed,3.47
2025-05-05,Valle d'Aosta,Indeed,0.716
2025-05-05,Veneto,Indeed,39.132
2025-05-12,Abruzzo,Indeed,8.445
2025-05-12,Basilicata,Indeed,2.113
2025-05-12,Calabria,Indeed,13.148
2025-05-12,Campania,Indeed,24.57
2025-05-12,Emilia-Romagna,Indeed,24.917
2025-05-12,Friuli-Venezia Giulia,Indeed,8.017
2025-05-12,Lazio,Indeed,33.005
2025-05-12,Liguria,Indeed,7.754
2025-05-12,Lombardia,Indeed,75.45
2025-05-12,Marche,Indeed,15.784
2025-05-12,Molise,Indeed,2.39
2025-05-12,Piemonte,Indeed,35.103
2025-05-12,Puglia,Indeed,27.176
2025-05-12,Sardegna,Indeed,8.829
2025-05-12,Sicilia,Indeed,18.786
2025-05-12,Toscana,Indeed,24.679
2025-05-12,Trentino-Alto Adige,Indeed,9.11
2025-05-12,Umbria,Indeed,3.647
2025-05-12,Valle d'Aosta,Indeed,0.756
2025-05-12,Veneto,Indeed,40.129
2025-05-19,Abruzzo,Indeed,8.398
2025-05-19,Basilicata,Indeed,2.132
2025-05-19,Calabria,Indeed,13.093
2025-05-19,Campania,Indeed,24.781
2025-05-19,Emilia-Romagna,Indeed,23.741
2025-05-19,Friuli-Venezia Giulia,Indeed,8.301
2025-05-19,Lazio,Indeed,33.16
2025-05-19,Liguria,Indeed,7.733
2025-05-19,Lombardia,Indeed,74.759
2025-05-19,Marche,Indeed,15.384
2025-05-19,Molise,Indeed,2.335
2025-05-19,Piemonte,Indeed,36.339
2025-05-19,Puglia,Indeed,27.561
2025-05-19,Sardegna,Indeed,8.849
2025-05-19,Sicilia,Indeed,18.006
2025-05-19,Toscana,Indeed,24.252
2025-05-19,Trentino-Alto Adige,Indeed,9.277
2025-05-19,Umbria,Indeed,3.663
2025-05-19,Valle d'Aosta,Indeed,0.759
2025-05-19,Veneto,Indeed,39.846
2025-05-26,Abruzzo,Indeed,8.485
2025-05-26,Basilicata,Indeed,2.168
2025-05-26,Calabria,Indeed,13.113
2025-05-26,Campania,Indeed,26.047
2025-05-26,Emilia-Romagna,Indeed,24.462
2025-05-26,Friuli-Venezia Giulia,Indeed,8.14
2025-05-26,Lazio,Indeed,33.97
2025-05-26,Liguria,Indeed,7.846
2025-05-26,Lombardia,Indeed,76.753
2025-05-26,Marche,Indeed,15.74
2025-05-26,Molise,Indeed,2.358
2025-05-26,Piemonte,Indeed,36.931
2025-05-26,Puglia,Indeed,27.952
2025-05-26,Sardegna,Indeed,9.417
2025-05-26,Sicilia,Indeed,19.09
2025-05-26,Toscana,Indeed,24.861
2025-05-26,Trentino-Alto Adige,Indeed,9.532
2025-05-26,Umbria,Indeed,3.693
2025-05-26,Valle d'Aosta,Indeed,0.749
2025-05-26,Veneto,Indeed,40.448
2025-06-02,Abruzzo,Indeed,8.056
2025-06-02,Basilicata,Indeed,1.988
2025-06-02,Calabria,Indeed,11.997
2025-06-02,Campania,Indeed,24.475
2025-06-02,Emilia-Romagna,Indeed,22.724
2025-06-02,Friuli-Venezia Giulia,Indeed,7.524
2025-06-02,Lazio,Indeed,31.856
2025-06-02,Liguria,Indeed,6.949
2025-06-02,Lombardia,Indeed,71.408
2025-06-02,Marche,Indeed,14.638
2025-06-02,Molise,Indeed,2.161
2025-06-02,Piemonte,Indeed,33.148
2025-06-02,Puglia,Indeed,26.46
2025-06-02,Sardegna,Indeed,8.613
2025-06-02,Sicilia,Indeed,17.707
2025-06-02,Toscana,Indeed,23.495
2025-06-02,Trentino-Alto Adige,Indeed,9.008
2025-06-02,Umbria,Indeed,3.285
2025-06-02,Valle d'Aosta,Indeed,0.69
2025-06-02,Veneto,Indeed,37.762
2025-06-09,Abruzzo,Indeed,8.25
2025-06-09,Basilicata,Indeed,1.975
2025-06-09,Calabria,Indeed,12.743
2025-06-09,Campania,Indeed,24.052
2025-06-09,Emilia-Romagna,Indeed,25.042
2025-06-09,Friuli-Venezia Giulia,Indeed,7.69
2025-06-09,Lazio,Indeed,31.83
2025-06-09,Liguria,Indeed,7.048
2025-06-09,Lombardia,Indeed,72.638
2025-06-09,Marche,Indeed,14.855
2025-06-09,Molise,Indeed,2.226
2025-06-09,Piemonte,Indeed,34.813
2025-06-09,Puglia,Indeed,27.503
2025-06-09,Sardegna,Indeed,9.341
2025-06-09,Sicilia,Indeed,20.161
2025-06-09,Toscana,Indeed,23.811
2025-06-09,Trentino-Alto Adige,Indeed,9.713
2025-06-09,Umbria,Indeed,3.424
2025-06-09,Valle d'Aosta,Indeed,0.712
2025-06-09,Veneto,Indeed,38.92
2025-06-16,Abruzzo,Indeed,8.44
2025-06-16,Basilicata,Indeed,2.112
2025-06-16,Calabria,Indeed,13.471
2025-06-16,Campania,Indeed,25.739
2025-06-16,Emilia-Romagna,Indeed,25.692
2025-06-16,Friuli-Venezia Giulia,Indeed,8.056
2025-06-16,Lazio,Indeed,33.231
2025-06-16,Liguria,Indeed,7.648
2025-06-16,Lombardia,Indeed,77.933
2025-06-16,Marche,Indeed,16.164
2025-06-16,Molise,Indeed,2.305
2025-06-16,Piemonte,Indeed,36.633
2025-06-16,Puglia,Indeed,28.591
2025-06-16,Sardegna,Indeed,9.539
2025-06-16,Sicilia,Indeed,20.832
2025-06-16,Toscana,Indeed,24.799
2025-06-16,Trentino-Alto Adige,Indeed,10.033
2025-06-16,Umbria,Indeed,3.629
2025-06-16,Valle d'Aosta,Indeed,0.752
2025-06-16,Veneto,Indeed,40.205
2025-06-23,Abruzzo,Indeed,7.787
2025-06-23,Basilicata,Indeed,1.903
2025-06-23,Calabria,Indeed,13.176
2025-06-23,Campania,Indeed,22.375
2025-06-23,Emilia-Romagna,Indeed,24.536
2025-06-23,Friuli-Venezia Giulia,Indeed,7.515
2025-06-23,Lazio,Indeed,31.959
2025-06-23,Liguria,Indeed,6.714
2025-06-23,Lombardia,Indeed,72.711
2025-06-23,Marche,Indeed,14.509
2025-06-23,Molise,Indeed,2.06
2025-06-23,Piemonte,Indeed,32.46
2025-06-23,Puglia,Indeed,26.836
2025-06-23,Sardegna,Indeed,8.921
2025-06-23,Sicilia,Indeed,19.749
2025-06-23,Toscana,Indeed,23.134
2025-06-23,Trentino-Alto Adige,Indeed,9.453
2025-06-23,Umbria,Indeed,3.298
2025-06-23,Valle d'Aosta,Indeed,0.703
2025-06-23,Veneto,Indeed,36.949
2025-06-30,Abruzzo,Indeed,6.771
2025-06-30,Basilicata,Indeed,1.594
2025-06-30,Calabria,Indeed,12.215
2025-06-30,Campania,Indeed,18.054
2025-06-30,Emilia-Romagna,Indeed,21.98
2025-06-30,Friuli-Venezia Giulia,Indeed,6.299
2025-06-30,Lazio,Indeed,29.539
2025-06-30,Liguria,Indeed,5.331
2025-06-30,Lombardia,Indeed,60.292
2025-06-30,Marche,Indeed,12.133
2025-06-30,Molise,Indeed,1.737
2025-06-30,Piemonte,Indeed,26.71
2025-06-30,Puglia,Indeed,23.488
2025-06-30,Sardegna,Indeed,7.758
2025-06-30,Sicilia,Indeed,17.32
2025-06-30,Toscana,Indeed,19.97
2025-06-30,Trentino-Alto Adige,Indeed,8.466
2025-06-30,Umbria,Indeed,2.829
2025-06-30,Valle d'Aosta,Indeed,0.596
2025-06-30,Veneto,Indeed,32.466
2025-07-07,Abruzzo,Indeed,7.088
2025-07-07,Basilicata,Indeed,1.65
2025-07-07,Calabria,Indeed,12.64
2025-07-07,Campania,Indeed,19.868
2025-07-07,Emilia-Romagna,Indeed,22.721
2025-07-07,Friuli-Venezia Giulia,Indeed,6.802
2025-07-07,Lazio,Indeed,30.727
2025-07-07,Liguria,Indeed,5.512
2025-07-07,Lombardia,Indeed,64.593
2025-07-07,Marche,Indeed,13.34
2025-07-07,Molise,Indeed,1.877
2025-07-07,Piemonte,Indeed,29.378
2025-07-07,Puglia,Indeed,24.87
2025-07-07,Sardegna,Indeed,8.466
2025-07-07,Sicilia,Indeed,18.042
2025-07-07,Toscana,Indeed,20.767
2025-07-07,Trentino-Alto Adige,Indeed,9.145
2025-07-07,Umbria,Indeed,3.061
2025-07-07,Valle d'Aosta,Indeed,0.632
2025-07-07,Veneto,Indeed,33.958
2025-07-14,Abruzzo,Indeed,7.31
2025-07-14,Basilicata,Indeed,1.658
2025-07-14,Calabria,Indeed,12.593
2025-07-14,Campania,Indeed,20.41
2025-07-14,Emilia-Romagna,Indeed,23.252
2025-07-14,Friuli-Venezia Giulia,Indeed,6.933
2025-07-14,Lazio,Indeed,30.251
2025-07-14,Liguria,Indeed,5.71
2025-07-14,Lombardia,Indeed,66.807
2025-07-14,Marche,Indeed,13.254
2025-07-14,Molise,Indeed,1.81
2025-07-14,Piemonte,Indeed,28.829
2025-07-14,Puglia,Indeed,25.572
2025-07-14,Sardegna,Indeed,8.423
2025-07-14,Sicilia,Indeed,17.937
2025-07-14,Toscana,Indeed,20.765
2025-07-14,Trentino-Alto Adige,Indeed,9.357
2025-07-14,Umbria,Indeed,2.839
2025-07-14,Valle d'Aosta,Indeed,0.637
2025-07-14,Veneto,Indeed,34.086
2025-07-21,Abruzzo,Indeed,7.862
2025-07-21,Basilicata,Indeed,1.811
2025-07-21,Calabria,Indeed,13.059
2025-07-21,Campania,Indeed,22.288
2025-07-21,Emilia-Romagna,Indeed,23.944
2025-07-21,Friuli-Venezia Giulia,Indeed,7.188
2025-07-21,Lazio,Indeed,31.045
2025-07-21,Liguria,Indeed,6.045
2025-07-21,Lombardia,Indeed,70.245
2025-07-21,Marche,Indeed,14.322
2025-07-21,Molise,Indeed,1.964
2025-07-21,Piemonte,Indeed,31.865
2025-07-21,Puglia,Indeed,26.816
2025-07-21,Sardegna,Indeed,9.274
2025-07-21,Sicilia,Indeed,19.323
2025-07-21,Toscana,Indeed,22.008
2025-07-21,Trentino-Alto Adige,Indeed,9.654
2025-07-21,Umbria,Indeed,3.061
2025-07-21,Valle d'Aosta,Indeed,0.68
2025-07-21,Veneto,Indeed,36.817
2025-07-28,Abruzzo,Indeed,7.372
2025-07-28,Basilicata,Indeed,1.788
2025-07-28,Calabria,Indeed,12.531
2025-07-28,Campania,Indeed,22.443
2025-07-28,Emilia-Romagna,Indeed,23.638
2025-07-28,Friuli-Venezia Giulia,Indeed,6.731
2025-07-28,Lazio,Indeed,29.303
2025-07-28,Liguria,Indeed,5.836
2025-07-28,Lombardia,Indeed,66.616
2025-07-28,Marche,Indeed,13.348
2025-07-28,Molise,Indeed,1.883
2025-07-28,Piemonte,Indeed,29.827
2025-07-28,Puglia,Indeed,25.825
2025-07-28,Sardegna,Indeed,8.732
2025-07-28,Sicilia,Indeed,18.675
2025-07-28,Toscana,Indeed,20.928
2025-07-28,Trentino-Alto Adige,Indeed,9.158
2025-07-28,Umbria,Indeed,3.028
2025-07-28,Valle d'Aosta,Indeed,0.654
2025-07-28,Veneto,Indeed,35.883
2025-08-04,Abruzzo,Indeed,7.613
2025-08-04,Basilicata,Indeed,1.952
2025-08-04,Calabria,Indeed,13.033
2025-08-04,Campania,Indeed,23.369
2025-08-04,Emilia-Romagna,Indeed,24.315
2025-08-04,Friuli-Venezia Giulia,Indeed,7.187
2025-08-04,Lazio,Indeed,31.232
2025-08-04,Liguria,Indeed,6.262
2025-08-04,Lombardia,Indeed,71.305
2025-08-04,Marche,Indeed,14.508
2025-08-04,Molise,Indeed,1.929
2025-08-04,Piemonte,Indeed,31.77
2025-08-04,Puglia,Indeed,28.027
2025-08-04,Sardegna,Indeed,8.939
2025-08-04,Sicilia,Indeed,19.886
2025-08-04,Toscana,Indeed,22.385
2025-08-04,Trentino-Alto Adige,Indeed,9.592
2025-08-04,Umbria,Indeed,3.251
2025-08-04,Valle d'Aosta,Indeed,0.699
2025-08-04,Veneto,Indeed,37.562
2025-08-11,Abruzzo,Indeed,7.708
2025-08-11,Basilicata,Indeed,1.843
2025-08-11,Calabria,Indeed,12.141
2025-08-11,Campania,Indeed,23.167
2025-08-11,Emilia-Romagna,Indeed,22.412
2025-08-11,Friuli-Venezia Giulia,Indeed,7.386
2025-08-11,Lazio,Indeed,31.413
2025-08-11,Liguria,Indeed,6.235
2025-08-11,Lombardia,Indeed,72.459
2025-08-11,Marche,Indeed,13.835
2025-08-11,Molise,Indeed,1.87
2025-08-11,Piemonte,Indeed,32.056
2025-08-11,Puglia,Indeed,26.116
2025-08-11,Sardegna,Indeed,8.066
2025-08-11,Sicilia,Indeed,18.295
2025-08-11,Toscana,Indeed,21.277
2025-08-11,Trentino-Alto Adige,Indeed,8.83
2025-08-11,Umbria,Indeed,3.24
2025-08-11,Valle d'Aosta,Indeed,0.692
2025-08-11,Veneto,Indeed,37.014
2025-08-18,Abruzzo,Indeed,7.928
2025-08-18,Basilicata,Indeed,1.867
2025-08-18,Calabria,Indeed,12.421
2025-08-18,Campania,Indeed,22.154
2025-08-18,Emilia-Romagna,Indeed,22.62
2025-08-18,Friuli-Venezia Giulia,Indeed,7.399
2025-08-18,Lazio,Indeed,32.03
2025-08-18,Liguria,Indeed,6.616
2025-08-18,Lombardia,Indeed,71.981
2025-08-18,Marche,Indeed,14.261
2025-08-18,Molise,Indeed,1.871
2025-08-18,Piemonte,Indeed,33.181
2025-08-18,Puglia,Indeed,26.065
2025-08-18,Sardegna,Indeed,7.591
2025-08-18,Sicilia,Indeed,17.756
2025-08-18,Toscana,Indeed,21.923
2025-08-18,Trentino-Alto Adige,Indeed,8.677
2025-08-18,Umbria,Indeed,3.263
2025-08-18,Valle d'Aosta,Indeed,0.696
2025-08-18,Veneto,Indeed,35.502
2025-08-25,Abruzzo,Indeed,8.09
2025-08-25,Basilicata,Indeed,1.972
2025-08-25,Calabria,Indeed,12.632
2025-08-25,Campania,Indeed,22.752
2025-08-25,Emilia-Romagna,Indeed,23.098
2025-08-25,Friuli-Venezia Giulia,Indeed,7.565
2025-08-25,Lazio,Indeed,32.496
2025-08-25,Liguria,Indeed,6.768
2025-08-25,Lombardia,Indeed,75.192
2025-08-25,Marche,Indeed,14.566
2025-08-25,Molise,Indeed,1.944
2025-08-25,Piemonte,Indeed,33.964
2025-08-25,Puglia,Indeed,26.252
2025-08-25,Sardegna,Indeed,8.202
2025-08-25,Sicilia,Indeed,18.036
2025-08-25,Toscana,Indeed,22.722
2025-08-25,Trentino-Alto Adige,Indeed,8.928
2025-08-25,Umbria,Indeed,3.415
2025-08-25,Valle d'Aosta,Indeed,0.731
2025-08-25,Veneto,Indeed,36.428
2025-09-01,Abruzzo,Indeed,8.007
2025-09-01,Basilicata,Indeed,2.011
2025-09-01,Calabria,Indeed,12.425
2025-09-01,Campania,Indeed,21.689
2025-09-01,Emilia-Romagna,Indeed,22.574
2025-09-01,Friuli-Venezia Giulia,Indeed,7.392
2025-09-01,Lazio,Indeed,32.307
2025-09-01,Liguria,Indeed,6.813
2025-09-01,Lombardia,Indeed,71.685
2025-09-01,Marche,Indeed,13.696
2025-09-01,Molise,Indeed,1.999
2025-09-01,Piemonte,Indeed,32.842
2025-09-01,Puglia,Indeed,26.359
2025-09-01,Sardegna,Indeed,8.1
2025-09-01,Sicilia,Indeed,17.858
2025-09-01,Toscana,Indeed,23.115
2025-09-01,Trentino-Alto Adige,Indeed,8.805
2025-09-01,Umbria,Indeed,3.409
2025-09-01,Valle d'Aosta,Indeed,0.719
2025-09-01,Veneto,Indeed,38.291
2025-09-08,Abruzzo,Indeed,7.799
2025-09-08,Basilicata,Indeed,1.845
2025-09-08,Calabria,Indeed,11.758
2025-09-08,Campania,Indeed,20.013
2025-09-08,Emilia-Romagna,Indeed,20.517
2025-09-08,Friuli-Venezia Giulia,Indeed,6.623
2025-09-08,Lazio,Indeed,29.572
2025-09-08,Liguria,Indeed,6.48
2025-09-08,Lombardia,Indeed,65.89
2025-09-08,Marche,Indeed,11.905
2025-09-08,Molise,Indeed,1.779
2025-09-08,Piemonte,Indeed,29.885
2025-09-08,Puglia,Indeed,24.434
2025-09-08,Sardegna,Indeed,7.776
2025-09-08,Sicilia,Indeed,16.441
2025-09-08,Toscana,Indeed,22.022
2025-09-08,Trentino-Alto Adige,Indeed,8.133
2025-09-08,Umbria,Indeed,3.231
2025-09-08,Valle d'Aosta,Indeed,0.639
2025-09-08,Veneto,Indeed,35.816
2025-09-15,Abruzzo,Indeed,7.595
2025-09-15,Basilicata,Indeed,1.738
2025-09-15,Calabria,Indeed,11.846
2025-09-15,Campania,Indeed,19.103
2025-09-15,Emilia-Romagna,Indeed,19.645
2025-09-15,Friuli-Venezia Giulia,Indeed,6.558
2025-09-15,Lazio,Indeed,28.759
2025-09-15,Liguria,Indeed,6.421
2025-09-15,Lombardia,Indeed,62.518
2025-09-15,Marche,Indeed,10.505
2025-09-15,Molise,Indeed,1.8
2025-09-15,Piemonte,Indeed,29.03
2025-09-15,Puglia,Indeed,22.934
2025-09-15,Sardegna,Indeed,7.427
2025-09-15,Sicilia,Indeed,15.51
2025-09-15,Toscana,Indeed,21.136
2025-09-15,Trentino-Alto Adige,Indeed,8.022
2025-09-15,Umbria,Indeed,3.046
2025-09-15,Valle d'Aosta,Indeed,0.615
2025-09-15,Veneto,Indeed,34.963
2025-09-22,Abruzzo,Indeed,7.726
2025-09-22,Basilicata,Indeed,1.779
2025-09-22,Calabria,Indeed,11.631
2025-09-22,Campania,Indeed,20.604
2025-09-22,Emilia-Romagna,Indeed,20.64
2025-09-22,Friuli-Venezia Giulia,Indeed,6.643
2025-09-22,Lazio,Indeed,30.43
2025-09-22,Liguria,Indeed,7.035
2025-09-22,Lombardia,Indeed,66.709
2025-09-22,Marche,Indeed,10.936
2025-09-22,Molise,Indeed,1.895
2025-09-22,Piemonte,Indeed,29.892
2025-09-22,Puglia,Indeed,23.137
2025-09-22,Sardegna,Indeed,8.2
2025-09-22,Sicilia,Indeed,16.187
2025-09-22,Toscana,Indeed,22.028
2025-09-22,Trentino-Alto Adige,Indeed,8.428
2025-09-22,Umbria,Indeed,3.214
2025-09-22,Valle d'Aosta,Indeed,0.627
2025-09-22,Veneto,Indeed,36.611
2025-09-29,Abruzzo,Indeed,6.548
2025-09-29,Basilicata,Indeed,1.226
2025-09-29,Calabria,Indeed,9.349
2025-09-29,Campania,Indeed,14.592
2025-09-29,Emilia-Romagna,Indeed,18.855
2025-09-29,Friuli-Venezia Giulia,Indeed,5.352
2025-09-29,Lazio,Indeed,27.587
2025-09-29,Liguria,Indeed,5.393
2025-09-29,Lombardia,Indeed,63.79
2025-09-29,Marche,Indeed,7.747
2025-09-29,Molise,Indeed,1.474
2025-09-29,Piemonte,Indeed,28.106
2025-09-29,Puglia,Indeed,19.062
2025-09-29,Sardegna,Indeed,6.714
2025-09-29,Sicilia,Indeed,12.165
2025-09-29,Toscana,Indeed,16.892
2025-09-29,Trentino-Alto Adige,Indeed,6.933
2025-09-29,Umbria,Indeed,2.573
2025-09-29,Valle d'Aosta,Indeed,0.488
2025-09-29,Veneto,Indeed,33.463
2025-10-06,Abruzzo,Indeed,6.81
2025-10-06,Basilicata,Indeed,1.367
2025-10-06,Calabria,Indeed,9.862
2025-10-06,Campania,Indeed,15.913
2025-10-06,Emilia-Romagna,Indeed,20.961
2025-10-06,Friuli-Venezia Giulia,Indeed,5.963
2025-10-06,Lazio,Indeed,26.377
2025-10-06,Liguria,Indeed,5.557
2025-10-06,Lombardia,Indeed,66.247
2025-10-06,Marche,Indeed,9.23
2025-10-06,Molise,Indeed,1.617
2025-10-06,Piemonte,Indeed,30.505
2025-10-06,Puglia,Indeed,19.507
2025-10-06,Sardegna,Indeed,6.633
2025-10-06,Sicilia,Indeed,14.119
2025-10-06,Toscana,Indeed,17.916
2025-10-06,Trentino-Alto Adige,Indeed,7.059
2025-10-06,Umbria,Indeed,2.717
2025-10-06,Valle d'Aosta,Indeed,0.533
2025-10-06,Veneto,Indeed,35.226
2025-10-13,Abruzzo,Indeed,6.41
2025-10-13,Basilicata,Indeed,1.335
2025-10-13,Calabria,Indeed,9.372
2025-10-13,Campania,Indeed,15.295
2025-10-13,Emilia-Romagna,Indeed,21.631
2025-10-13,Friuli-Venezia Giulia,Indeed,5.838
2025-10-13,Lazio,Indeed,25.678
2025-10-13,Liguria,Indeed,5.514
2025-10-13,Lombardia,Indeed,68.044
2025-10-13,Marche,Indeed,9.441
2025-10-13,Molise,Indeed,1.533
2025-10-13,Piemonte,Indeed,30.336
2025-10-13,Puglia,Indeed,19.535
2025-10-13,Sardegna,Indeed,6.738
2025-10-13,Sicilia,Indeed,12.989
2025-10-13,Toscana,Indeed,17.984
2025-10-13,Trentino-Alto Adige,Indeed,7.194
2025-10-13,Umbria,Indeed,2.541
2025-10-13,Valle d'Aosta,Indeed,0.518
2025-10-13,Veneto,Indeed,33.8
2025-10-20,Abruzzo,Indeed,6.984
2025-10-20,Basilicata,Indeed,1.484
2025-10-20,Calabria,Indeed,10.46
2025-10-20,Campania,Indeed,17.478
2025-10-20,Emilia-Romagna,Indeed,22.511
2025-10-20,Friuli-Venezia Giulia,Indeed,6.234
2025-10-20,Lazio,Indeed,28.086
2025-10-20,Liguria,Indeed,6.14
2025-10-20,Lombardia,Indeed,72.705
2025-10-20,Marche,Indeed,12.273
2025-10-20,Molise,Indeed,1.684
2025-10-20,Piemonte,Indeed,33.23
2025-10-20,Puglia,Indeed,22.234
2025-10-20,Sardegna,Indeed,6.993
2025-10-20,Sicilia,Indeed,14.899
2025-10-20,Toscana,Indeed,19.374
2025-10-20,Trentino-Alto Adige,Indeed,7.724
2025-10-20,Umbria,Indeed,2.775
2025-10-20,Valle d'Aosta,Indeed,0.561
2025-10-20,Veneto,Indeed,37.038
2025-10-27,Abruzzo,Indeed,5.489
2025-10-27,Basilicata,Indeed,1.22
2025-10-27,Calabria,Indeed,8.653
2025-10-27,Campania,Indeed,14.215
2025-10-27,Emilia-Romagna,Indeed,18.763
2025-10-27,Friuli-Venezia Giulia,Indeed,5.214
2025-10-27,Lazio,Indeed,24.105
2025-10-27,Liguria,Indeed,4.482
2025-10-27,Lombardia,Indeed,64.077
2025-10-27,Marche,Indeed,9.78
2025-10-27,Molise,Indeed,1.407
2025-10-27,Piemonte,Indeed,28.021
2025-10-27,Puglia,Indeed,16.989
2025-10-27,Sardegna,Indeed,5.816
2025-10-27,Sicilia,Indeed,12.712
2025-10-27,Toscana,Indeed,16.729
2025-10-27,Trentino-Alto Adige,Indeed,6.502
2025-10-27,Umbria,Indeed,2.185
2025-10-27,Valle d'Aosta,Indeed,0.461
2025-10-27,Veneto,Indeed,33.412
2025-11-03,Abruzzo,Indeed,5.387
2025-11-03,Basilicata,Indeed,1.224
2025-11-03,Calabria,Indeed,8.364
2025-11-03,Campania,Indeed,12.706
2025-11-03,Emilia-Romagna,Indeed,17.465
2025-11-03,Friuli-Venezia Giulia,Indeed,4.919
2025-11-03,Lazio,Indeed,21.229
2025-11-03,Liguria,Indeed,4.153
2025-11-03,Lombardia,Indeed,62.897
2025-11-03,Marche,Indeed,8.644
2025-11-03,Molise,Indeed,1.389
2025-11-03,Piemonte,Indeed,27.292
2025-11-03,Puglia,Indeed,15.472
2025-11-03,Sardegna,Indeed,5.409
2025-11-03,Sicilia,Indeed,12.572
2025-11-03,Toscana,Indeed,16.03
2025-11-03,Trentino-Alto Adige,Indeed,6.3
2025-11-03,Umbria,Indeed,1.942
2025-11-03,Valle d'Aosta,Indeed,0.459
2025-11-03,Veneto,Indeed,31.431
2025-11-10,Abruzzo,Indeed,5.271
2025-11-10,Basilicata,Indeed,1.048
2025-11-10,Calabria,Indeed,7.805
2025-11-10,Campania,Indeed,11.275
2025-11-10,Emilia-Romagna,Indeed,16.24
2025-11-10,Friuli-Venezia Giulia,Indeed,4.467
2025-11-10,Lazio,Indeed,20.672
2025-11-10,Liguria,Indeed,3.633
2025-11-10,Lombardia,Indeed,56.291
2025-11-10,Marche,Indeed,7.359
2025-11-10,Molise,Indeed,1.302
2025-11-10,Piemonte,Indeed,24.636
2025-11-10,Puglia,Indeed,13.588
2025-11-10,Sardegna,Indeed,4.87
2025-11-10,Sicilia,Indeed,11.111
2025-11-10,Toscana,Indeed,13.995
2025-11-10,Trentino-Alto Adige,Indeed,5.79
2025-11-10,Umbria,Indeed,1.957
2025-11-10,Valle d'Aosta,Indeed,0.415
2025-11-10,Veneto,Indeed,27.928
2025-11-17,Abruzzo,Indeed,5.134
2025-11-17,Basilicata,Indeed,1.12
2025-11-17,Calabria,Indeed,8.434
2025-11-17,Campania,Indeed,12.563
2025-11-17,Emilia-Romagna,Indeed,17.086
2025-11-17,Friuli-Venezia Giulia,Indeed,4.788
2025-11-17,Lazio,Indeed,21.555
2025-11-17,Liguria,Indeed,4.013
2025-11-17,Lombardia,Indeed,56.922
2025-11-17,Marche,Indeed,7.184
2025-11-17,Molise,Indeed,1.316
2025-11-17,Piemonte,Indeed,25.771
2025-11-17,Puglia,Indeed,13.797
2025-11-17,Sardegna,Indeed,4.928
2025-11-17,Sicilia,Indeed,11.108
2025-11-17,Toscana,Indeed,14.475
2025-11-17,Trentino-Alto Adige,Indeed,5.949
2025-11-17,Umbria,Indeed,2.036
2025-11-17,Valle d'Aosta,Indeed,0.463
2025-11-17,Veneto,Indeed,29.472
2025-11-24,Abruzzo,Indeed,5.979
2025-11-24,Basilicata,Indeed,1.309
2025-11-24,Calabria,Indeed,10.015
2025-11-24,Campania,Indeed,15.155
2025-11-24,Emilia-Romagna,Indeed,19.293
2025-11-24,Friuli-Venezia Giulia,Indeed,5.716
2025-11-24,Lazio,Indeed,23.645
2025-11-24,Liguria,Indeed,4.518
2025-11-24,Lombardia,Indeed,63.296
2025-11-24,Marche,Indeed,9.063
2025-11-24,Molise,Indeed,1.399
2025-11-24,Piemonte,Indeed,28.497
2025-11-24,Puglia,Indeed,16.915
2025-11-24,Sardegna,Indeed,5.443
2025-11-24,Sicilia,Indeed,13.317
2025-11-24,Toscana,Indeed,16.645
2025-11-24,Trentino-Alto Adige,Indeed,6.77
2025-11-24,Umbria,Indeed,2.3
2025-11-24,Valle d'Aosta,Indeed,0.494
2025-11-24,Veneto,Indeed,33.338
2025-12-01,Abruzzo,Indeed,6.621
2025-12-01,Basilicata,Indeed,1.569
2025-12-01,Calabria,Indeed,11.063
2025-12-01,Campania,Indeed,17.676
2025-12-01,Emilia-Romagna,Indeed,18.414
2025-12-01,Friuli-Venezia Giulia,Indeed,6.376
2025-12-01,Lazio,Indeed,25.987
2025-12-01,Liguria,Indeed,4.884
2025-12-01,Lombardia,Indeed,61.008
2025-12-01,Marche,Indeed,10.749
2025-12-01,Molise,Indeed,1.636
2025-12-01,Piemonte,Indeed,26.481
2025-12-01,Puglia,Indeed,19.28
2025-12-01,Sardegna,Indeed,6.42
2025-12-01,Sicilia,Indeed,14.887
2025-12-01,Toscana,Indeed,19.553
2025-12-01,Trentino-Alto Adige,Indeed,7.76
2025-12-01,Umbria,Indeed,2.468
2025-12-01,Valle d'Aosta,Indeed,0.568
2025-12-01,Veneto,Indeed,31.846
2025-12-08,Abruzzo,Indeed,7.362
2025-12-08,Basilicata,Indeed,1.685
2025-12-08,Calabria,Indeed,11.864
2025-12-08,Campania,Indeed,19.331
2025-12-08,Emilia-Romagna,Indeed,19.542
2025-12-08,Friuli-Venezia Giulia,Indeed,6.885
2025-12-08,Lazio,Indeed,29.96
2025-12-08,Liguria,Indeed,6.104
2025-12-08,Lombardia,Indeed,65.883
2025-12-08,Marche,Indeed,13.327
2025-12-08,Molise,Indeed,1.952
2025-12-08,Piemonte,Indeed,30.439
2025-12-08,Puglia,Indeed,22.601
2025-12-08,Sardegna,Indeed,7.569
2025-12-08,Sicilia,Indeed,16.654
2025-12-08,Toscana,Indeed,21.137
2025-12-08,Trentino-Alto Adige,Indeed,7.982
2025-12-08,Umbria,Indeed,3.023
2025-12-08,Valle d'Aosta,Indeed,0.683
2025-12-08,Veneto,Indeed,34.875
2025-12-15,Abruzzo,Indeed,7.21
2025-12-15,Basilicata,Indeed,1.59
2025-12-15,Calabria,Indeed,11.493
2025-12-15,Campania,Indeed,18.256
2025-12-15,Emilia-Romagna,Indeed,19.12
2025-12-15,Friuli-Venezia Giulia,Indeed,6.551
2025-12-15,Lazio,Indeed,28.302
2025-12-15,Liguria,Indeed,5.47
2025-12-15,Lombardia,Indeed,63.129
2025-12-15,Marche,Indeed,11.989
2025-12-15,Molise,Indeed,1.757
2025-12-15,Piemonte,Indeed,29.815
2025-12-15,Puglia,Indeed,21.914
2025-12-15,Sardegna,Indeed,7.599
2025-12-15,Sicilia,Indeed,15.558
2025-12-15,Toscana,Indeed,20.841
2025-12-15,Trentino-Alto Adige,Indeed,7.423
2025-12-15,Umbria,Indeed,3.109
2025-12-15,Valle d'Aosta,Indeed,0.64
2025-12-15,Veneto,Indeed,33.374
2025-12-22,Abruzzo,Indeed,7.373
2025-12-22,Basilicata,Indeed,1.794
2025-12-22,Calabria,Indeed,11.674
2025-12-22,Campania,Indeed,19.945
2025-12-22,Emilia-Romagna,Indeed,19.202
2025-12-22,Friuli-Venezia Giulia,Indeed,6.63
2025-12-22,Lazio,Indeed,29.615
2025-12-22,Liguria,Indeed,5.932
2025-12-22,Lombardia,Indeed,66.346
2025-12-22,Marche,Indeed,11.947
2025-12-22,Molise,Indeed,1.754
2025-12-22,Piemonte,Indeed,31.038
2025-12-22,Puglia,Indeed,21.847
2025-12-22,Sardegna,Indeed,8.168
2025-12-22,Sicilia,Indeed,15.836
2025-12-22,Toscana,Indeed,21.414
2025-12-22,Trentino-Alto Adige,Indeed,8.028
2025-12-22,Umbria,Indeed,3.286
2025-12-22,Valle d'Aosta,Indeed,0.684
2025-12-22,Veneto,Indeed,33.569
2024-01-01,Abruzzo,Subito Lavoro,1.859
2024-01-01,Basilicata,Subito Lavoro,0.75
2024-01-01,Calabria,Subito Lavoro,3.576
2024-01-01,Campania,Subito Lavoro,6.046
2024-01-01,Emilia-Romagna,Subito Lavoro,5.994
2024-01-01,Friuli-Venezia Giulia,Subito Lavoro,1.619
2024-01-01,Lazio,Subito Lavoro,6.127
2024-01-01,Liguria,Subito Lavoro,1.709
2024-01-01,Lombardia,Subito Lavoro,16.064
2024-01-01,Marche,Subito Lavoro,2.68
2024-01-01,Molise,Subito Lavoro,0.314
2024-01-01,Piemonte,Subito Lavoro,4.056
2024-01-01,Puglia,Subito Lavoro,4.504
2024-01-01,Sardegna,Subito Lavoro,2.352
2024-01-01,Sicilia,Subito Lavoro,4.632
2024-01-01,Toscana,Subito Lavoro,7.176
2024-01-01,Trentino-Alto Adige,Subito Lavoro,1.821
2024-01-01,Umbria,Subito Lavoro,1.2
2024-01-01,Valle d'Aosta,Subito Lavoro,0.133
2024-01-01,Veneto,Subito Lavoro,4.118
2024-01-08,Abruzzo,Subito Lavoro,2.066
2024-01-08,Basilicata,Subito Lavoro,0.929
2024-01-08,Calabria,Subito Lavoro,4.163
2024-01-08,Campania,Subito Lavoro,7.223
2024-01-08,Emilia-Romagna,Subito Lavoro,7.361
2024-01-08,Friuli-Venezia Giulia,Subito Lavoro,2.08
2024-01-08,Lazio,Subito Lavoro,7.072
2024-01-08,Liguria,Subito Lavoro,2.012
2024-01-08,Lombardia,Subito Lavoro,19.079
2024-01-08,Marche,Subito Lavoro,3.253
2024-01-08,Molise,Subito Lavoro,0.402
2024-01-08,Piemonte,Subito Lavoro,5.054
2024-01-08,Puglia,Subito Lavoro,5.056
2024-01-08,Sardegna,Subito Lavoro,2.828
2024-01-08,Sicilia,Subito Lavoro,5.377
2024-01-08,Toscana,Subito Lavoro,7.573
2024-01-08,Trentino-Alto Adige,Subito Lavoro,2.13
2024-01-08,Umbria,Subito Lavoro,1.467
2024-01-08,Valle d'Aosta,Subito Lavoro,0.15
2024-01-08,Veneto,Subito Lavoro,5.039
2024-01-15,Abruzzo,Subito Lavoro,2.184
2024-01-15,Basilicata,Subito Lavoro,0.869
2024-01-15,Calabria,Subito Lavoro,4.543
2024-01-15,Campania,Subito Lavoro,7.616
2024-01-15,Emilia-Romagna,Subito Lavoro,8.089
2024-01-15,Friuli-Venezia Giulia,Subito Lavoro,2.244
2024-01-15,Lazio,Subito Lavoro,7.923
2024-01-15,Liguria,Subito Lavoro,2.208
2024-01-15,Lombardia,Subito Lavoro,20.256
2024-01-15,Marche,Subito Lavoro,3.543
2024-01-15,Molise,Subito Lavoro,0.439
2024-01-15,Piemonte,Subito Lavoro,5.32
2024-01-15,Puglia,Subito Lavoro,5.516
2024-01-15,Sardegna,Subito Lavoro,3.045
2024-01-15,Sicilia,Subito Lavoro,6.097
2024-01-15,Toscana,Subito Lavoro,8.05
2024-01-15,Trentino-Alto Adige,Subito Lavoro,2.226
2024-01-15,Umbria,Subito Lavoro,1.598
2024-01-15,Valle d'Aosta,Subito Lavoro,0.157
2024-01-15,Veneto,Subito Lavoro,5.352
2024-01-22,Abruzzo,Subito Lavoro,2.244
2024-01-22,Basilicata,Subito Lavoro,0.923
2024-01-22,Calabria,Subito Lavoro,4.887
2024-01-22,Campania,Subito Lavoro,8.178
2024-01-22,Emilia-Romagna,Subito Lavoro,8.203
2024-01-22,Friuli-Venezia Giulia,Subito Lavoro,2.332
2024-01-22,Lazio,Subito Lavoro,8.709
2024-01-22,Liguria,Subito Lavoro,2.186
2024-01-22,Lombardia,Subito Lavoro,21.135
2024-01-22,Marche,Subito Lavoro,3.534
2024-01-22,Molise,Subito Lavoro,0.469
2024-01-22,Piemonte,Subito Lavoro,5.489
2024-01-22,Puglia,Subito Lavoro,5.471
2024-01-22,Sardegna,Subito Lavoro,2.981
2024-01-22,Sicilia,Subito Lavoro,6.565
2024-01-22,Toscana,Subito Lavoro,8.547
2024-01-22,Trentino-Alto Adige,Subito Lavoro,2.102
2024-01-22,Umbria,Subito Lavoro,1.75
2024-01-22,Valle d'Aosta,Subito Lavoro,0.167
2024-01-22,Veneto,Subito Lavoro,5.895
2024-01-29,Abruzzo,Subito Lavoro,2.32
2024-01-29,Basilicata,Subito Lavoro,0.984
2024-01-29,Calabria,Subito Lavoro,5.103
2024-01-29,Campania,Subito Lavoro,7.894
2024-01-29,Emilia-Romagna,Subito Lavoro,8.305
2024-01-29,Friuli-Venezia Giulia,Subito Lavoro,2.504
2024-01-29,Lazio,Subito Lavoro,8.557
2024-01-29,Liguria,Subito Lavoro,2.267
2024-01-29,Lombardia,Subito Lavoro,21.52
2024-01-29,Marche,Subito Lavoro,3.531
2024-01-29,Molise,Subito Lavoro,0.482
2024-01-29,Piemonte,Subito Lavoro,5.57
2024-01-29,Puglia,Subito Lavoro,5.631
2024-01-29,Sardegna,Subito Lavoro,2.913
2024-01-29,Sicilia,Subito Lavoro,6.292
2024-01-29,Toscana,Subito Lavoro,8.535
2024-01-29,Trentino-Alto Adige,Subito Lavoro,2.131
2024-01-29,Umbria,Subito Lavoro,1.72
2024-01-29,Valle d'Aosta,Subito Lavoro,0.163
2024-01-29,Veneto,Subito Lavoro,6.282
2024-02-05,Abruzzo,Subito Lavoro,2.529
2024-02-05,Basilicata,Subito Lavoro,1.106
2024-02-05,Calabria,Subito Lavoro,5.72
2024-02-05,Campania,Subito Lavoro,8.299
2024-02-05,Emilia-Romagna,Subito Lavoro,9.113
2024-02-05,Friuli-Venezia Giulia,Subito Lavoro,2.645
2024-02-05,Lazio,Subito Lavoro,10.008
2024-02-05,Liguria,Subito Lavoro,2.359
2024-02-05,Lombardia,Subito Lavoro,23.513
2024-02-05,Marche,Subito Lavoro,3.783
2024-02-05,Molise,Subito Lavoro,0.524
2024-02-05,Piemonte,Subito Lavoro,6.104
2024-02-05,Puglia,Subito Lavoro,6.0
2024-02-05,Sardegna,Subito Lavoro,3.245
2024-02-05,Sicilia,Subito Lavoro,6.98
2024-02-05,Toscana,Subito Lavoro,9.472
2024-02-05,Trentino-Alto Adige,Subito Lavoro,2.389
2024-02-05,Umbria,Subito Lavoro,1.962
2024-02-05,Valle d'Aosta,Subito Lavoro,0.185
2024-02-05,Veneto,Subito Lavoro,7.572
2024-02-12,Abruzzo,Subito Lavoro,2.567
2024-02-12,Basilicata,Subito Lavoro,1.186
2024-02-12,Calabria,Subito Lavoro,5.966
2024-02-12,Campania,Subito Lavoro,9.507
2024-02-12,Emilia-Romagna,Subito Lavoro,9.858
2024-02-12,Friuli-Venezia Giulia,Subito Lavoro,2.759
2024-02-12,Lazio,Subito Lavoro,10.546
2024-02-12,Liguria,Subito Lavoro,2.491
2024-02-12,Lombardia,Subito Lavoro,25.103
2024-02-12,Marche,Subito Lavoro,4.08
2024-02-12,Molise,Subito Lavoro,0.565
2024-02-12,Piemonte,Subito Lavoro,6.646
2024-02-12,Puglia,Subito Lavoro,6.186
2024-02-12,Sardegna,Subito Lavoro,3.566
2024-02-12,Sicilia,Subito Lavoro,7.153
2024-02-12,Toscana,Subito Lavoro,10.402
2024-02-12,Trentino-Alto Adige,Subito Lavoro,2.403
2024-02-12,Umbria,Subito Lavoro,2.063
2024-02-12,Valle d'Aosta,Subito Lavoro,0.2
2024-02-12,Veneto,Subito Lavoro,7.825
2024-02-19,Abruzzo,Subito Lavoro,2.467
2024-02-19,Basilicata,Subito Lavoro,1.15
2024-02-19,Calabria,Subito Lavoro,5.543
2024-02-19,Campania,Subito Lavoro,9.007
2024-02-19,Emilia-Romagna,Subito Lavoro,9.637
2024-02-19,Friuli-Venezia Giulia,Subito Lavoro,2.715
2024-02-19,Lazio,Subito Lavoro,9.643
2024-02-19,Liguria,Subito Lavoro,2.363
2024-02-19,Lombardia,Subito Lavoro,24.047
2024-02-19,Marche,Subito Lavoro,4.039
2024-02-19,Molise,Subito Lavoro,0.543
2024-02-19,Piemonte,Subito Lavoro,6.848
2024-02-19,Puglia,Subito Lavoro,6.353
2024-02-19,Sardegna,Subito Lavoro,3.443
2024-02-19,Sicilia,Subito Lavoro,6.85
2024-02-19,Toscana,Subito Lavoro,9.753
2024-02-19,Trentino-Alto Adige,Subito Lavoro,2.348
2024-02-19,Umbria,Subito Lavoro,1.984
2024-02-19,Valle d'Aosta,Subito Lavoro,0.194
2024-02-19,Veneto,Subito Lavoro,7.351
2024-02-26,Abruzzo,Subito Lavoro,2.711
2024-02-26,Basilicata,Subito Lavoro,1.251
2024-02-26,Calabria,Subito Lavoro,5.761
2024-02-26,Campania,Subito Lavoro,9.825
2024-02-26,Emilia-Romagna,Subito Lavoro,10.639
2024-02-26,Friuli-Venezia Giulia,Subito Lavoro,3.118
2024-02-26,Lazio,Subito Lavoro,10.911
2024-02-26,Liguria,Subito Lavoro,2.603
2024-02-26,Lombardia,Subito Lavoro,26.327
2024-02-26,Marche,Subito Lavoro,4.321
2024-02-26,Molise,Subito Lavoro,0.615
2024-02-26,Piemonte,Subito Lavoro,7.408
2024-02-26,Puglia,Subito Lavoro,6.688
2024-02-26,Sardegna,Subito Lavoro,3.524
2024-02-26,Sicilia,Subito Lavoro,7.556
2024-02-26,Toscana,Subito Lavoro,10.724
2024-02-26,Trentino-Alto Adige,Subito Lavoro,2.588
2024-02-26,Umbria,Subito Lavoro,2.161
2024-02-26,Valle d'Aosta,Subito Lavoro,0.204
2024-02-26,Veneto,Subito Lavoro,7.523
2024-03-04,Abruzzo,Subito Lavoro,2.757
2024-03-04,Basilicata,Subito Lavoro,1.368
2024-03-04,Calabria,Subito Lavoro,6.08
2024-03-04,Campania,Subito Lavoro,10.157
2024-03-04,Emilia-Romagna,Subito Lavoro,11.062
2024-03-04,Friuli-Venezia Giulia,Subito Lavoro,3.222
2024-03-04,Lazio,Subito Lavoro,11.718
2024-03-04,Liguria,Subito Lavoro,2.818
2024-03-04,Lombardia,Subito Lavoro,26.877
2024-03-04,Marche,Subito Lavoro,4.653
2024-03-04,Molise,Subito Lavoro,0.611
2024-03-04,Piemonte,Subito Lavoro,7.8
2024-03-04,Puglia,Subito Lavoro,7.18
2024-03-04,Sardegna,Subito Lavoro,3.593
2024-03-04,Sicilia,Subito Lavoro,7.921
2024-03-04,Toscana,Subito Lavoro,11.437
2024-03-04,Trentino-Alto Adige,Subito Lavoro,2.794
2024-03-04,Umbria,Subito Lavoro,2.268
2024-03-04,Valle d'Aosta,Subito Lavoro,0.225
2024-03-04,Veneto,Subito Lavoro,7.533
2024-03-11,Abruzzo,Subito Lavoro,2.886
2024-03-11,Basilicata,Subito Lavoro,1.393
2024-03-11,Calabria,Subito Lavoro,6.101
2024-03-11,Campania,Subito Lavoro,10.751
2024-03-11,Emilia-Romagna,Subito Lavoro,10.784
2024-03-11,Friuli-Venezia Giulia,Subito Lavoro,3.421
2024-03-11,Lazio,Subito Lavoro,12.318
2024-03-11,Liguria,Subito Lavoro,2.83
2024-03-11,Lombardia,Subito Lavoro,26.125
2024-03-11,Marche,Subito Lavoro,4.732
2024-03-11,Molise,Subito Lavoro,0.648
2024-03-11,Piemonte,Subito Lavoro,7.606
2024-03-11,Puglia,Subito Lavoro,7.769
2024-03-11,Sardegna,Subito Lavoro,3.664
2024-03-11,Sicilia,Subito Lavoro,7.719
2024-03-11,Toscana,Subito Lavoro,11.789
2024-03-11,Trentino-Alto Adige,Subito Lavoro,2.83
2024-03-11,Umbria,Subito Lavoro,2.32
2024-03-11,Valle d'Aosta,Subito Lavoro,0.23
2024-03-11,Veneto,Subito Lavoro,8.501
2024-03-18,Abruzzo,Subito Lavoro,2.863
2024-03-18,Basilicata,Subito Lavoro,1.259
2024-03-18,Calabria,Subito Lavoro,5.976
2024-03-18,Campania,Subito Lavoro,10.306
2024-03-18,Emilia-Romagna,Subito Lavoro,10.548
2024-03-18,Friuli-Venezia Giulia,Subito Lavoro,3.114
2024-03-18,Lazio,Subito Lavoro,12.288
2024-03-18,Liguria,Subito Lavoro,2.61
2024-03-18,Lombardia,Subito Lavoro,24.44
2024-03-18,Marche,Subito Lavoro,4.573
2024-03-18,Molise,Subito Lavoro,0.6
2024-03-18,Piemonte,Subito Lavoro,7.325
2024-03-18,Puglia,Subito Lavoro,7.204
2024-03-18,Sardegna,Subito Lavoro,3.511
2024-03-18,Sicilia,Subito Lavoro,7.136
2024-03-18,Toscana,Subito Lavoro,10.761
2024-03-18,Trentino-Alto Adige,Subito Lavoro,2.769
2024-03-18,Umbria,Subito Lavoro,2.24
2024-03-18,Valle d'Aosta,Subito Lavoro,0.213
2024-03-18,Veneto,Subito Lavoro,7.853
2024-03-25,Abruzzo,Subito Lavoro,2.909
2024-03-25,Basilicata,Subito Lavoro,1.277
2024-03-25,Calabria,Subito Lavoro,5.944
2024-03-25,Campania,Subito Lavoro,10.328
2024-03-25,Emilia-Romagna,Subito Lavoro,10.462
2024-03-25,Friuli-Venezia Giulia,Subito Lavoro,3.24
2024-03-25,Lazio,Subito Lavoro,12.631
2024-03-25,Liguria,Subito Lavoro,2.652
2024-03-25,Lombardia,Subito Lavoro,25.612
2024-03-25,Marche,Subito Lavoro,4.922
2024-03-25,Molise,Subito Lavoro,0.605
2024-03-25,Piemonte,Subito Lavoro,7.04
2024-03-25,Puglia,Subito Lavoro,7.122
2024-03-25,Sardegna,Subito Lavoro,3.539
2024-03-25,Sicilia,Subito Lavoro,7.238
2024-03-25,Toscana,Subito Lavoro,10.56
2024-03-25,Trentino-Alto Adige,Subito Lavoro,2.703
2024-03-25,Umbria,Subito Lavoro,2.259
2024-03-25,Valle d'Aosta,Subito Lavoro,0.207
2024-03-25,Veneto,Subito Lavoro,7.975
2024-04-01,Abruzzo,Subito Lavoro,1.123
2024-04-01,Basilicata,Subito Lavoro,0.463
2024-04-01,Calabria,Subito Lavoro,2.173
2024-04-01,Campania,Subito Lavoro,3.406
2024-04-01,Emilia-Romagna,Subito Lavoro,3.926
2024-04-01,Friuli-Venezia Giulia,Subito Lavoro,1.058
2024-04-01,Lazio,Subito Lavoro,4.091
2024-04-01,Liguria,Subito Lavoro,0.938
2024-04-01,Lombardia,Subito Lavoro,10.355
2024-04-01,Marche,Subito Lavoro,1.858
2024-04-01,Molise,Subito Lavoro,0.188
2024-04-01,Piemonte,Subito Lavoro,2.355
2024-04-01,Puglia,Subito Lavoro,2.638
2024-04-01,Sardegna,Subito Lavoro,1.28
2024-04-01,Sicilia,Subito Lavoro,2.097
2024-04-01,Toscana,Subito Lavoro,3.583
2024-04-01,Trentino-Alto Adige,Subito Lavoro,0.957
2024-04-01,Umbria,Subito Lavoro,0.732
2024-04-01,Valle d'Aosta,Subito Lavoro,0.066
2024-04-01,Veneto,Subito Lavoro,2.346
2024-04-08,Abruzzo,Subito Lavoro,0.26
2024-04-08,Basilicata,Subito Lavoro,0.104
2024-04-08,Calabria,Subito Lavoro,0.491
2024-04-08,Campania,Subito Lavoro,0.738
2024-04-08,Emilia-Romagna,Subito Lavoro,0.898
2024-04-08,Friuli-Venezia Giulia,Subito Lavoro,0.228
2024-04-08,Lazio,Subito Lavoro,0.88
2024-04-08,Liguria,Subito Lavoro,0.209
2024-04-08,Lombardia,Subito Lavoro,2.457
2024-04-08,Marche,Subito Lavoro,0.426
2024-04-08,Molise,Subito Lavoro,0.04
2024-04-08,Piemonte,Subito Lavoro,0.513
2024-04-08,Puglia,Subito Lavoro,0.6
2024-04-08,Sardegna,Subito Lavoro,0.288
2024-04-08,Sicilia,Subito Lavoro,0.434
2024-04-08,Toscana,Subito Lavoro,0.785
2024-04-08,Trentino-Alto Adige,Subito Lavoro,0.213
2024-04-08,Umbria,Subito Lavoro,0.158
2024-04-08,Valle d'Aosta,Subito Lavoro,0.014
2024-04-08,Veneto,Subito Lavoro,0.488
2024-04-15,Abruzzo,Subito Lavoro,1.917
2024-04-15,Basilicata,Subito Lavoro,0.827
2024-04-15,Calabria,Subito Lavoro,4.223
2024-04-15,Campania,Subito Lavoro,6.191
2024-04-15,Emilia-Romagna,Subito Lavoro,6.579
2024-04-15,Friuli-Venezia Giulia,Subito Lavoro,1.809
2024-04-15,Lazio,Subito Lavoro,7.219
2024-04-15,Liguria,Subito Lavoro,2.049
2024-04-15,Lombardia,Subito Lavoro,16.733
2024-04-15,Marche,Subito Lavoro,3.355
2024-04-15,Molise,Subito Lavoro,0.374
2024-04-15,Piemonte,Subito Lavoro,4.624
2024-04-15,Puglia,Subito Lavoro,5.362
2024-04-15,Sardegna,Subito Lavoro,2.351
2024-04-15,Sicilia,Subito Lavoro,4.643
2024-04-15,Toscana,Subito Lavoro,7.032
2024-04-15,Trentino-Alto Adige,Subito Lavoro,1.696
2024-04-15,Umbria,Subito Lavoro,1.529
2024-04-15,Valle d'Aosta,Subito Lavoro,0.153
2024-04-15,Veneto,Subito Lavoro,4.595
2024-04-22,Abruzzo,Subito Lavoro,2.306
2024-04-22,Basilicata,Subito Lavoro,1.066
2024-04-22,Calabria,Subito Lavoro,5.246
2024-04-22,Campania,Subito Lavoro,8.753
2024-04-22,Emilia-Romagna,Subito Lavoro,8.683
2024-04-22,Friuli-Venezia Giulia,Subito Lavoro,2.306
2024-04-22,Lazio,Subito Lavoro,9.393
2024-04-22,Liguria,Subito Lavoro,2.691
2024-04-22,Lombardia,Subito Lavoro,21.279
2024-04-22,Marche,Subito Lavoro,4.013
2024-04-22,Molise,Subito Lavoro,0.482
2024-04-22,Piemonte,Subito Lavoro,6.135
2024-04-22,Puglia,Subito Lavoro,7.03
2024-04-22,Sardegna,Subito Lavoro,3.021
2024-04-22,Sicilia,Subito Lavoro,6.216
2024-04-22,Toscana,Subito Lavoro,9.071
2024-04-22,Trentino-Alto Adige,Subito Lavoro,2.304
2024-04-22,Umbria,Subito Lavoro,1.916
2024-04-22,Valle d'Aosta,Subito Lavoro,0.201
2024-04-22,Veneto,Subito Lavoro,6.311
2024-04-29,Abruzzo,Subito Lavoro,2.271
2024-04-29,Basilicata,Subito Lavoro,1.07
2024-04-29,Calabria,Subito Lavoro,5.112
2024-04-29,Campania,Subito Lavoro,8.588
2024-04-29,Emilia-Romagna,Subito Lavoro,8.266
2024-04-29,Friuli-Venezia Giulia,Subito Lavoro,2.093
2024-04-29,Lazio,Subito Lavoro,8.67
2024-04-29,Liguria,Subito Lavoro,2.55
2024-04-29,Lombardia,Subito Lavoro,21.306
2024-04-29,Marche,Subito Lavoro,3.819
2024-04-29,Molise,Subito Lavoro,0.454
2024-04-29,Piemonte,Subito Lavoro,5.892
2024-04-29,Puglia,Subito Lavoro,6.64
2024-04-29,Sardegna,Subito Lavoro,2.859
2024-04-29,Sicilia,Subito Lavoro,5.609
2024-04-29,Toscana,Subito Lavoro,8.436
2024-04-29,Trentino-Alto Adige,Subito Lavoro,2.264
2024-04-29,Umbria,Subito Lavoro,1.744
2024-04-29,Valle d'Aosta,Subito Lavoro,0.192
2024-04-29,Veneto,Subito Lavoro,5.98
2024-05-06,Abruzzo,Subito Lavoro,2.459
2024-05-06,Basilicata,Subito Lavoro,1.226
2024-05-06,Calabria,Subito Lavoro,5.57
2024-05-06,Campania,Subito Lavoro,9.299
2024-05-06,Emilia-Romagna,Subito Lavoro,9.516
2024-05-06,Friuli-Venezia Giulia,Subito Lavoro,2.431
2024-05-06,Lazio,Subito Lavoro,9.892
2024-05-06,Liguria,Subito Lavoro,2.688
2024-05-06,Lombardia,Subito Lavoro,23.143
2024-05-06,Marche,Subito Lavoro,4.233
2024-05-06,Molise,Subito Lavoro,0.508
2024-05-06,Piemonte,Subito Lavoro,6.238
2024-05-06,Puglia,Subito Lavoro,7.107
2024-05-06,Sardegna,Subito Lavoro,3.116
2024-05-06,Sicilia,Subito Lavoro,6.238
2024-05-06,Toscana,Subito Lavoro,9.674
2024-05-06,Trentino-Alto Adige,Subito Lavoro,2.368
2024-05-06,Umbria,Subito Lavoro,1.897
2024-05-06,Valle d'Aosta,Subito Lavoro,0.212
2024-05-06,Veneto,Subito Lavoro,6.475
2024-05-13,Abruzzo,Subito Lavoro,2.312
2024-05-13,Basilicata,Subito Lavoro,1.04
2024-05-13,Calabria,Subito Lavoro,5.125
2024-05-13,Campania,Subito Lavoro,8.476
2024-05-13,Emilia-Romagna,Subito Lavoro,8.649
2024-05-13,Friuli-Venezia Giulia,Subito Lavoro,2.069
2024-05-13,Lazio,Subito Lavoro,9.204
2024-05-13,Liguria,Subito Lavoro,2.524
2024-05-13,Lombardia,Subito Lavoro,21.39
2024-05-13,Marche,Subito Lavoro,3.873
2024-05-13,Molise,Subito Lavoro,0.46
2024-05-13,Piemonte,Subito Lavoro,5.404
2024-05-13,Puglia,Subito Lavoro,6.488
2024-05-13,Sardegna,Subito Lavoro,2.934
2024-05-13,Sicilia,Subito Lavoro,5.048
2024-05-13,Toscana,Subito Lavoro,8.442
2024-05-13,Trentino-Alto Adige,Subito Lavoro,2.082
2024-05-13,Umbria,Subito Lavoro,1.602
2024-05-13,Valle d'Aosta,Subito Lavoro,0.193
2024-05-13,Veneto,Subito Lavoro,5.735
2024-05-20,Abruzzo,Subito Lavoro,2.648
2024-05-20,Basilicata,Subito Lavoro,1.057
2024-05-20,Calabria,Subito Lavoro,5.436
2024-05-20,Campania,Subito Lavoro,9.212
2024-05-20,Emilia-Romagna,Subito Lavoro,9.215
2024-05-20,Friuli-Venezia Giulia,Subito Lavoro,2.449
2024-05-20,Lazio,Subito Lavoro,10.459
2024-05-20,Liguria,Subito Lavoro,2.716
2024-05-20,Lombardia,Subito Lavoro,24.45
2024-05-20,Marche,Subito Lavoro,4.411
2024-05-20,Molise,Subito Lavoro,0.516
2024-05-20,Piemonte,Subito Lavoro,6.202
2024-05-20,Puglia,Subito Lavoro,7.003
2024-05-20,Sardegna,Subito Lavoro,3.364
2024-05-20,Sicilia,Subito Lavoro,6.335
2024-05-20,Toscana,Subito Lavoro,9.339
2024-05-20,Trentino-Alto Adige,Subito Lavoro,2.36
2024-05-20,Umbria,Subito Lavoro,1.78
2024-05-20,Valle d'Aosta,Subito Lavoro,0.209
2024-05-20,Veneto,Subito Lavoro,6.698
2024-05-27,Abruzzo,Subito Lavoro,2.868
2024-05-27,Basilicata,Subito Lavoro,1.223
2024-05-27,Calabria,Subito Lavoro,5.65
2024-05-27,Campania,Subito Lavoro,10.596
2024-05-27,Emilia-Romagna,Subito Lavoro,9.751
2024-05-27,Friuli-Venezia Giulia,Subito Lavoro,2.748
2024-05-27,Lazio,Subito Lavoro,11.724
2024-05-27,Liguria,Subito Lavoro,2.922
2024-05-27,Lombardia,Subito Lavoro,25.918
2024-05-27,Marche,Subito Lavoro,4.816
2024-05-27,Molise,Subito Lavoro,0.609
2024-05-27,Piemonte,Subito Lavoro,7.119
2024-05-27,Puglia,Subito Lavoro,7.53
2024-05-27,Sardegna,Subito Lavoro,3.624
2024-05-27,Sicilia,Subito Lavoro,7.402
2024-05-27,Toscana,Subito Lavoro,10.298
2024-05-27,Trentino-Alto Adige,Subito Lavoro,2.733
2024-05-27,Umbria,Subito Lavoro,2.06
2024-05-27,Valle d'Aosta,Subito Lavoro,0.224
2024-05-27,Veneto,Subito Lavoro,7.917
2024-06-03,Abruzzo,Subito Lavoro,2.842
2024-06-03,Basilicata,Subito Lavoro,1.183
2024-06-03,Calabria,Subito Lavoro,5.964
2024-06-03,Campania,Subito Lavoro,10.42
2024-06-03,Emilia-Romagna,Subito Lavoro,9.722
2024-06-03,Friuli-Venezia Giulia,Subito Lavoro,2.821
2024-06-03,Lazio,Subito Lavoro,12.193
2024-06-03,Liguria,Subito Lavoro,2.825
2024-06-03,Lombardia,Subito Lavoro,26.513
2024-06-03,Marche,Subito Lavoro,4.643
2024-06-03,Molise,Subito Lavoro,0.589
2024-06-03,Piemonte,Subito Lavoro,7.302
2024-06-03,Puglia,Subito Lavoro,7.679
2024-06-03,Sardegna,Subito Lavoro,3.535
2024-06-03,Sicilia,Subito Lavoro,7.103
2024-06-03,Toscana,Subito Lavoro,10.237
2024-06-03,Trentino-Alto Adige,Subito Lavoro,2.818
2024-06-03,Umbria,Subito Lavoro,2.181
2024-06-03,Valle d'Aosta,Subito Lavoro,0.213
2024-06-03,Veneto,Subito Lavoro,7.838
2024-06-10,Abruzzo,Subito Lavoro,2.731
2024-06-10,Basilicata,Subito Lavoro,1.205
2024-06-10,Calabria,Subito Lavoro,6.302
2024-06-10,Campania,Subito Lavoro,10.162
2024-06-10,Emilia-Romagna,Subito Lavoro,10.522
2024-06-10,Friuli-Venezia Giulia,Subito Lavoro,2.687
2024-06-10,Lazio,Subito Lavoro,11.226
2024-06-10,Liguria,Subito Lavoro,2.558
2024-06-10,Lombardia,Subito Lavoro,25.13
2024-06-10,Marche,Subito Lavoro,4.391
2024-06-10,Molise,Subito Lavoro,0.586
2024-06-10,Piemonte,Subito Lavoro,7.008
2024-06-10,Puglia,Subito Lavoro,7.785
2024-06-10,Sardegna,Subito Lavoro,3.808
2024-06-10,Sicilia,Subito Lavoro,8.141
2024-06-10,Toscana,Subito Lavoro,9.842
2024-06-10,Trentino-Alto Adige,Subito Lavoro,3.009
2024-06-10,Umbria,Subito Lavoro,2.027
2024-06-10,Valle d'Aosta,Subito Lavoro,0.201
2024-06-10,Veneto,Subito Lavoro,7.586
2024-06-17,Abruzzo,Subito Lavoro,2.3
2024-06-17,Basilicata,Subito Lavoro,0.97
2024-06-17,Calabria,Subito Lavoro,5.337
2024-06-17,Campania,Subito Lavoro,7.954
2024-06-17,Emilia-Romagna,Subito Lavoro,9.141
2024-06-17,Friuli-Venezia Giulia,Subito Lavoro,2.089
2024-06-17,Lazio,Subito Lavoro,8.429
2024-06-17,Liguria,Subito Lavoro,1.985
2024-06-17,Lombardia,Subito Lavoro,20.954
2024-06-17,Marche,Subito Lavoro,3.612
2024-06-17,Molise,Subito Lavoro,0.456
2024-06-17,Piemonte,Subito Lavoro,5.851
2024-06-17,Puglia,Subito Lavoro,6.581
2024-06-17,Sardegna,Subito Lavoro,3.368
2024-06-17,Sicilia,Subito Lavoro,6.934
2024-06-17,Toscana,Subito Lavoro,7.821
2024-06-17,Trentino-Alto Adige,Subito Lavoro,2.512
2024-06-17,Umbria,Subito Lavoro,1.658
2024-06-17,Valle d'Aosta,Subito Lavoro,0.158
2024-06-17,Veneto,Subito Lavoro,6.022
2024-06-24,Abruzzo,Subito Lavoro,2.058
2024-06-24,Basilicata,Subito Lavoro,0.91
2024-06-24,Calabria,Subito Lavoro,4.921
2024-06-24,Campania,Subito Lavoro,6.863
2024-06-24,Emilia-Romagna,Subito Lavoro,8.405
2024-06-24,Friuli-Venezia Giulia,Subito Lavoro,1.9
2024-06-24,Lazio,Subito Lavoro,7.279
2024-06-24,Liguria,Subito Lavoro,1.86
2024-06-24,Lombardia,Subito Lavoro,19.3
2024-06-24,Marche,Subito Lavoro,3.26
2024-06-24,Molise,Subito Lavoro,0.389
2024-06-24,Piemonte,Subito Lavoro,5.103
2024-06-24,Puglia,Subito Lavoro,6.168
2024-06-24,Sardegna,Subito Lavoro,3.258
2024-06-24,Sicilia,Subito Lavoro,6.266
2024-06-24,Toscana,Subito Lavoro,6.981
2024-06-24,Trentino-Alto Adige,Subito Lavoro,2.242
2024-06-24,Umbria,Subito Lavoro,1.497
2024-06-24,Valle d'Aosta,Subito Lavoro,0.141
2024-06-24,Veneto,Subito Lavoro,5.257
2024-07-01,Abruzzo,Subito Lavoro,2.241
2024-07-01,Basilicata,Subito Lavoro,1.019
2024-07-01,Calabria,Subito Lavoro,5.54
2024-07-01,Campania,Subito Lavoro,7.56
2024-07-01,Emilia-Romagna,Subito Lavoro,9.762
2024-07-01,Friuli-Venezia Giulia,Subito Lavoro,2.077
2024-07-01,Lazio,Subito Lavoro,8.001
2024-07-01,Liguria,Subito Lavoro,2.07
2024-07-01,Lombardia,Subito Lavoro,20.466
2024-07-01,Marche,Subito Lavoro,3.563
2024-07-01,Molise,Subito Lavoro,0.426
2024-07-01,Piemonte,Subito Lavoro,5.229
2024-07-01,Puglia,Subito Lavoro,6.407
2024-07-01,Sardegna,Subito Lavoro,3.444
2024-07-01,Sicilia,Subito Lavoro,7.282
2024-07-01,Toscana,Subito Lavoro,7.728
2024-07-01,Trentino-Alto Adige,Subito Lavoro,2.402
2024-07-01,Umbria,Subito Lavoro,1.683
2024-07-01,Valle d'Aosta,Subito Lavoro,0.151
2024-07-01,Veneto,Subito Lavoro,5.874
2024-07-08,Abruzzo,Subito Lavoro,2.326
2024-07-08,Basilicata,Subito Lavoro,0.993
2024-07-08,Calabria,Subito Lavoro,5.281
2024-07-08,Campania,Subito Lavoro,7.92
2024-07-08,Emilia-Romagna,Subito Lavoro,9.558
2024-07-08,Friuli-Venezia Giulia,Subito Lavoro,2.07
2024-07-08,Lazio,Subito Lavoro,7.995
2024-07-08,Liguria,Subito Lavoro,2.128
2024-07-08,Lombardia,Subito Lavoro,19.386
2024-07-08,Marche,Subito Lavoro,3.586
2024-07-08,Molise,Subito Lavoro,0.392
2024-07-08,Piemonte,Subito Lavoro,5.037
2024-07-08,Puglia,Subito Lavoro,6.381
2024-07-08,Sardegna,Subito Lavoro,3.366
2024-07-08,Sicilia,Subito Lavoro,7.519
2024-07-08,Toscana,Subito Lavoro,7.537
2024-07-08,Trentino-Alto Adige,Subito Lavoro,2.409
2024-07-08,Umbria,Subito Lavoro,1.628
2024-07-08,Valle d'Aosta,Subito Lavoro,0.154
2024-07-08,Veneto,Subito Lavoro,5.623
2024-07-15,Abruzzo,Subito Lavoro,2.477
2024-07-15,Basilicata,Subito Lavoro,1.015
2024-07-15,Calabria,Subito Lavoro,5.792
2024-07-15,Campania,Subito Lavoro,9.288
2024-07-15,Emilia-Romagna,Subito Lavoro,10.461
2024-07-15,Friuli-Venezia Giulia,Subito Lavoro,2.387
2024-07-15,Lazio,Subito Lavoro,8.811
2024-07-15,Liguria,Subito Lavoro,2.29
2024-07-15,Lombardia,Subito Lavoro,21.584
2024-07-15,Marche,Subito Lavoro,4.074
2024-07-15,Molise,Subito Lavoro,0.476
2024-07-15,Piemonte,Subito Lavoro,5.745
2024-07-15,Puglia,Subito Lavoro,6.951
2024-07-15,Sardegna,Subito Lavoro,3.68
2024-07-15,Sicilia,Subito Lavoro,8.347
2024-07-15,Toscana,Subito Lavoro,8.689
2024-07-15,Trentino-Alto Adige,Subito Lavoro,2.666
2024-07-15,Umbria,Subito Lavoro,1.854
2024-07-15,Valle d'Aosta,Subito Lavoro,0.175
2024-07-15,Veneto,Subito Lavoro,6.203
2024-07-22,Abruzzo,Subito Lavoro,2.962
2024-07-22,Basilicata,Subito Lavoro,1.225
2024-07-22,Calabria,Subito Lavoro,6.878
2024-07-22,Campania,Subito Lavoro,10.1
2024-07-22,Emilia-Romagna,Subito Lavoro,12.132
2024-07-22,Friuli-Venezia Giulia,Subito Lavoro,2.928
2024-07-22,Lazio,Subito Lavoro,11.526
2024-07-22,Liguria,Subito Lavoro,2.826
2024-07-22,Lombardia,Subito Lavoro,24.559
2024-07-22,Marche,Subito Lavoro,4.7
2024-07-22,Molise,Subito Lavoro,0.592
2024-07-22,Piemonte,Subito Lavoro,7.044
2024-07-22,Puglia,Subito Lavoro,8.263
2024-07-22,Sardegna,Subito Lavoro,4.325
2024-07-22,Sicilia,Subito Lavoro,9.858
2024-07-22,Toscana,Subito Lavoro,11.254
2024-07-22,Trentino-Alto Adige,Subito Lavoro,3.028
2024-07-22,Umbria,Subito Lavoro,2.326
2024-07-22,Valle d'Aosta,Subito Lavoro,0.204
2024-07-22,Veneto,Subito Lavoro,7.792
2024-07-29,Abruzzo,Subito Lavoro,2.837
2024-07-29,Basilicata,Subito Lavoro,1.207
2024-07-29,Calabria,Subito Lavoro,6.576
2024-07-29,Campania,Subito Lavoro,9.342
2024-07-29,Emilia-Romagna,Subito Lavoro,11.609
2024-07-29,Friuli-Venezia Giulia,Subito Lavoro,2.743
2024-07-29,Lazio,Subito Lavoro,11.186
2024-07-29,Liguria,Subito Lavoro,2.74
2024-07-29,Lombardia,Subito Lavoro,23.964
2024-07-29,Marche,Subito Lavoro,4.392
2024-07-29,Molise,Subito Lavoro,0.598
2024-07-29,Piemonte,Subito Lavoro,6.547
2024-07-29,Puglia,Subito Lavoro,8.152
2024-07-29,Sardegna,Subito Lavoro,4.129
2024-07-29,Sicilia,Subito Lavoro,9.605
2024-07-29,Toscana,Subito Lavoro,10.439
2024-07-29,Trentino-Alto Adige,Subito Lavoro,2.886
2024-07-29,Umbria,Subito Lavoro,2.248
2024-07-29,Valle d'Aosta,Subito Lavoro,0.196
2024-07-29,Veneto,Subito Lavoro,7.607
2024-08-05,Abruzzo,Subito Lavoro,2.573
2024-08-05,Basilicata,Subito Lavoro,1.067
2024-08-05,Calabria,Subito Lavoro,6.086
2024-08-05,Campania,Subito Lavoro,8.073
2024-08-05,Emilia-Romagna,Subito Lavoro,10.633
2024-08-05,Friuli-Venezia Giulia,Subito Lavoro,2.394
2024-08-05,Lazio,Subito Lavoro,10.064
2024-08-05,Liguria,Subito Lavoro,2.438
2024-08-05,Lombardia,Subito Lavoro,21.44
2024-08-05,Marche,Subito Lavoro,3.936
2024-08-05,Molise,Subito Lavoro,0.535
2024-08-05,Piemonte,Subito Lavoro,5.539
2024-08-05,Puglia,Subito Lavoro,7.681
2024-08-05,Sardegna,Subito Lavoro,3.681
2024-08-05,Sicilia,Subito Lavoro,8.228
2024-08-05,Toscana,Subito Lavoro,9.365
2024-08-05,Trentino-Alto Adige,Subito Lavoro,2.505
2024-08-05,Umbria,Subito Lavoro,1.886
2024-08-05,Valle d'Aosta,Subito Lavoro,0.181
2024-08-05,Veneto,Subito Lavoro,6.479
2024-08-12,Abruzzo,Subito Lavoro,2.695
2024-08-12,Basilicata,Subito Lavoro,1.096
2024-08-12,Calabria,Subito Lavoro,5.571
2024-08-12,Campania,Subito Lavoro,8.391
2024-08-12,Emilia-Romagna,Subito Lavoro,10.157
2024-08-12,Friuli-Venezia Giulia,Subito Lavoro,2.524
2024-08-12,Lazio,Subito Lavoro,10.737
2024-08-12,Liguria,Subito Lavoro,2.563
2024-08-12,Lombardia,Subito Lavoro,22.38
2024-08-12,Marche,Subito Lavoro,4.223
2024-08-12,Molise,Subito Lavoro,0.537
2024-08-12,Piemonte,Subito Lavoro,5.581
2024-08-12,Puglia,Subito Lavoro,7.108
2024-08-12,Sardegna,Subito Lavoro,3.389
2024-08-12,Sicilia,Subito Lavoro,7.913
2024-08-12,Toscana,Subito Lavoro,9.485
2024-08-12,Trentino-Alto Adige,Subito Lavoro,2.383
2024-08-12,Umbria,Subito Lavoro,2.046
2024-08-12,Valle d'Aosta,Subito Lavoro,0.197
2024-08-12,Veneto,Subito Lavoro,6.692
2024-08-19,Abruzzo,Subito Lavoro,3.034
2024-08-19,Basilicata,Subito Lavoro,1.33
2024-08-19,Calabria,Subito Lavoro,6.233
2024-08-19,Campania,Subito Lavoro,10.012
2024-08-19,Emilia-Romagna,Subito Lavoro,10.991
2024-08-19,Friuli-Venezia Giulia,Subito Lavoro,2.983
2024-08-19,Lazio,Subito Lavoro,11.953
2024-08-19,Liguria,Subito Lavoro,2.888
2024-08-19,Lombardia,Subito Lavoro,24.368
2024-08-19,Marche,Subito Lavoro,4.854
2024-08-19,Molise,Subito Lavoro,0.591
2024-08-19,Piemonte,Subito Lavoro,7.035
2024-08-19,Puglia,Subito Lavoro,7.547
2024-08-19,Sardegna,Subito Lavoro,3.761
2024-08-19,Sicilia,Subito Lavoro,9.036
2024-08-19,Toscana,Subito Lavoro,10.317
2024-08-19,Trentino-Alto Adige,Subito Lavoro,2.792
2024-08-19,Umbria,Subito Lavoro,2.29
2024-08-19,Valle d'Aosta,Subito Lavoro,0.226
2024-08-19,Veneto,Subito Lavoro,8.045
2024-08-26,Abruzzo,Subito Lavoro,2.865
2024-08-26,Basilicata,Subito Lavoro,1.184
2024-08-26,Calabria,Subito Lavoro,6.024
2024-08-26,Campania,Subito Lavoro,9.525
2024-08-26,Emilia-Romagna,Subito Lavoro,10.501
2024-08-26,Friuli-Venezia Giulia,Subito Lavoro,2.865
2024-08-26,Lazio,Subito Lavoro,11.407
2024-08-26,Liguria,Subito Lavoro,2.8
2024-08-26,Lombardia,Subito Lavoro,23.16
2024-08-26,Marche,Subito Lavoro,4.63
2024-08-26,Molise,Subito Lavoro,0.576
2024-08-26,Piemonte,Subito Lavoro,6.609
2024-08-26,Puglia,Subito Lavoro,7.49
2024-08-26,Sardegna,Subito Lavoro,3.538
2024-08-26,Sicilia,Subito Lavoro,8.404
2024-08-26,Toscana,Subito Lavoro,9.588
2024-08-26,Trentino-Alto Adige,Subito Lavoro,2.605
2024-08-26,Umbria,Subito Lavoro,1.929
2024-08-26,Valle d'Aosta,Subito Lavoro,0.214
2024-08-26,Veneto,Subito Lavoro,7.389
2024-09-02,Abruzzo,Subito Lavoro,2.956
2024-09-02,Basilicata,Subito Lavoro,1.212
2024-09-02,Calabria,Subito Lavoro,6.029
2024-09-02,Campania,Subito Lavoro,10.15
2024-09-02,Emilia-Romagna,Subito Lavoro,10.635
2024-09-02,Friuli-Venezia Giulia,Subito Lavoro,2.985
2024-09-02,Lazio,Subito Lavoro,11.799
2024-09-02,Liguria,Subito Lavoro,3.003
2024-09-02,Lombardia,Subito Lavoro,23.516
2024-09-02,Marche,Subito Lavoro,4.829
2024-09-02,Molise,Subito Lavoro,0.599
2024-09-02,Piemonte,Subito Lavoro,6.628
2024-09-02,Puglia,Subito Lavoro,7.468
2024-09-02,Sardegna,Subito Lavoro,3.568
2024-09-02,Sicilia,Subito Lavoro,8.666
2024-09-02,Toscana,Subito Lavoro,10.224
2024-09-02,Trentino-Alto Adige,Subito Lavoro,2.729
2024-09-02,Umbria,Subito Lavoro,2.059
2024-09-02,Valle d'Aosta,Subito Lavoro,0.218
2024-09-02,Veneto,Subito Lavoro,7.493
2024-09-09,Abruzzo,Subito Lavoro,3.02
2024-09-09,Basilicata,Subito Lavoro,1.352
2024-09-09,Calabria,Subito Lavoro,6.274
2024-09-09,Campania,Subito Lavoro,11.482
2024-09-09,Emilia-Romagna,Subito Lavoro,11.665
2024-09-09,Friuli-Venezia Giulia,Subito Lavoro,3.447
2024-09-09,Lazio,Subito Lavoro,14.245
2024-09-09,Liguria,Subito Lavoro,3.263
2024-09-09,Lombardia,Subito Lavoro,25.678
2024-09-09,Marche,Subito Lavoro,5.271
2024-09-09,Molise,Subito Lavoro,0.702
2024-09-09,Piemonte,Subito Lavoro,7.257
2024-09-09,Puglia,Subito Lavoro,7.955
2024-09-09,Sardegna,Subito Lavoro,3.897
2024-09-09,Sicilia,Subito Lavoro,9.089
2024-09-09,Toscana,Subito Lavoro,11.384
2024-09-09,Trentino-Alto Adige,Subito Lavoro,2.84
2024-09-09,Umbria,Subito Lavoro,2.288
2024-09-09,Valle d'Aosta,Subito Lavoro,0.236
2024-09-09,Veneto,Subito Lavoro,8.699
2024-09-16,Abruzzo,Subito Lavoro,2.67
2024-09-16,Basilicata,Subito Lavoro,1.198
2024-09-16,Calabria,Subito Lavoro,5.366
2024-09-16,Campania,Subito Lavoro,10.056
2024-09-16,Emilia-Romagna,Subito Lavoro,10.817
2024-09-16,Friuli-Venezia Giulia,Subito Lavoro,2.923
2024-09-16,Lazio,Subito Lavoro,11.961
2024-09-16,Liguria,Subito Lavoro,2.894
2024-09-16,Lombardia,Subito Lavoro,21.8
2024-09-16,Marche,Subito Lavoro,4.54
2024-09-16,Molise,Subito Lavoro,0.594
2024-09-16,Piemonte,Subito Lavoro,6.356
2024-09-16,Puglia,Subito Lavoro,7.289
2024-09-16,Sardegna,Subito Lavoro,3.541
2024-09-16,Sicilia,Subito Lavoro,7.879
2024-09-16,Toscana,Subito Lavoro,9.924
2024-09-16,Trentino-Alto Adige,Subito Lavoro,2.348
2024-09-16,Umbria,Subito Lavoro,1.98
2024-09-16,Valle d'Aosta,Subito Lavoro,0.207
2024-09-16,Veneto,Subito Lavoro,7.149
2024-09-23,Abruzzo,Subito Lavoro,2.377
2024-09-23,Basilicata,Subito Lavoro,1.052
2024-09-23,Calabria,Subito Lavoro,4.955
2024-09-23,Campania,Subito Lavoro,8.499
2024-09-23,Emilia-Romagna,Subito Lavoro,9.814
2024-09-23,Friuli-Venezia Giulia,Subito Lavoro,2.636
2024-09-23,Lazio,Subito Lavoro,10.21
2024-09-23,Liguria,Subito Lavoro,2.391
2024-09-23,Lombardia,Subito Lavoro,19.475
2024-09-23,Marche,Subito Lavoro,4.332
2024-09-23,Molise,Subito Lavoro,0.52
2024-09-23,Piemonte,Subito Lavoro,5.713
2024-09-23,Puglia,Subito Lavoro,6.565
2024-09-23,Sardegna,Subito Lavoro,3.164
2024-09-23,Sicilia,Subito Lavoro,7.021
2024-09-23,Toscana,Subito Lavoro,8.901
2024-09-23,Trentino-Alto Adige,Subito Lavoro,2.134
2024-09-23,Umbria,Subito Lavoro,1.735
2024-09-23,Valle d'Aosta,Subito Lavoro,0.191
2024-09-23,Veneto,Subito Lavoro,6.211
2024-09-30,Abruzzo,Subito Lavoro,2.378
2024-09-30,Basilicata,Subito Lavoro,1.018
2024-09-30,Calabria,Subito Lavoro,4.814
2024-09-30,Campania,Subito Lavoro,8.072
2024-09-30,Emilia-Romagna,Subito Lavoro,10.25
2024-09-30,Friuli-Venezia Giulia,Subito Lavoro,2.564
2024-09-30,Lazio,Subito Lavoro,10.051
2024-09-30,Liguria,Subito Lavoro,2.365
2024-09-30,Lombardia,Subito Lavoro,22.477
2024-09-30,Marche,Subito Lavoro,4.555
2024-09-30,Molise,Subito Lavoro,0.489
2024-09-30,Piemonte,Subito Lavoro,6.834
2024-09-30,Puglia,Subito Lavoro,6.009
2024-09-30,Sardegna,Subito Lavoro,2.96
2024-09-30,Sicilia,Subito Lavoro,6.624
2024-09-30,Toscana,Subito Lavoro,8.564
2024-09-30,Trentino-Alto Adige,Subito Lavoro,2.165
2024-09-30,Umbria,Subito Lavoro,1.817
2024-09-30,Valle d'Aosta,Subito Lavoro,0.189
2024-09-30,Veneto,Subito Lavoro,7.067
2024-10-07,Abruzzo,Subito Lavoro,2.323
2024-10-07,Basilicata,Subito Lavoro,1.088
2024-10-07,Calabria,Subito Lavoro,5.154
2024-10-07,Campania,Subito Lavoro,8.031
2024-10-07,Emilia-Romagna,Subito Lavoro,11.152
2024-10-07,Friuli-Venezia Giulia,Subito Lavoro,2.845
2024-10-07,Lazio,Subito Lavoro,11.167
2024-10-07,Liguria,Subito Lavoro,2.587
2024-10-07,Lombardia,Subito Lavoro,25.594
2024-10-07,Marche,Subito Lavoro,4.55
2024-10-07,Molise,Subito Lavoro,0.516
2024-10-07,Piemonte,Subito Lavoro,7.412
2024-10-07,Puglia,Subito Lavoro,6.488
2024-10-07,Sardegna,Subito Lavoro,2.957
2024-10-07,Sicilia,Subito Lavoro,7.504
2024-10-07,Toscana,Subito Lavoro,9.553
2024-10-07,Trentino-Alto Adige,Subito Lavoro,2.26
2024-10-07,Umbria,Subito Lavoro,1.951
2024-10-07,Valle d'Aosta,Subito Lavoro,0.214
2024-10-07,Veneto,Subito Lavoro,8.821
2024-10-14,Abruzzo,Subito Lavoro,2.647
2024-10-14,Basilicata,Subito Lavoro,1.265
2024-10-14,Calabria,Subito Lavoro,5.782
2024-10-14,Campania,Subito Lavoro,9.046
2024-10-14,Emilia-Romagna,Subito Lavoro,11.697
2024-10-14,Friuli-Venezia Giulia,Subito Lavoro,3.095
2024-10-14,Lazio,Subito Lavoro,13.111
2024-10-14,Liguria,Subito Lavoro,2.86
2024-10-14,Lombardia,Subito Lavoro,27.831
2024-10-14,Marche,Subito Lavoro,4.919
2024-10-14,Molise,Subito Lavoro,0.584
2024-10-14,Piemonte,Subito Lavoro,8.314
2024-10-14,Puglia,Subito Lavoro,7.174
2024-10-14,Sardegna,Subito Lavoro,3.312
2024-10-14,Sicilia,Subito Lavoro,8.015
2024-10-14,Toscana,Subito Lavoro,10.548
2024-10-14,Trentino-Alto Adige,Subito Lavoro,2.579
2024-10-14,Umbria,Subito Lavoro,2.22
2024-10-14,Valle d'Aosta,Subito Lavoro,0.242
2024-10-14,Veneto,Subito Lavoro,9.848
2024-10-21,Abruzzo,Subito Lavoro,2.718
2024-10-21,Basilicata,Subito Lavoro,1.271
2024-10-21,Calabria,Subito Lavoro,5.791
2024-10-21,Campania,Subito Lavoro,9.559
2024-10-21,Emilia-Romagna,Subito Lavoro,11.767
2024-10-21,Friuli-Venezia Giulia,Subito Lavoro,3.169
2024-10-21,Lazio,Subito Lavoro,13.508
2024-10-21,Liguria,Subito Lavoro,2.918
2024-10-21,Lombardia,Subito Lavoro,28.207
2024-10-21,Marche,Subito Lavoro,4.88
2024-10-21,Molise,Subito Lavoro,0.59
2024-10-21,Piemonte,Subito Lavoro,8.717
2024-10-21,Puglia,Subito Lavoro,7.078
2024-10-21,Sardegna,Subito Lavoro,3.345
2024-10-21,Sicilia,Subito Lavoro,8.035
2024-10-21,Toscana,Subito Lavoro,10.781
2024-10-21,Trentino-Alto Adige,Subito Lavoro,2.563
2024-10-21,Umbria,Subito Lavoro,2.162
2024-10-21,Valle d'Aosta,Subito Lavoro,0.244
2024-10-21,Veneto,Subito Lavoro,9.458
2024-10-28,Abruzzo,Subito Lavoro,2.469
2024-10-28,Basilicata,Subito Lavoro,1.174
2024-10-28,Calabria,Subito Lavoro,5.19
2024-10-28,Campania,Subito Lavoro,8.726
2024-10-28,Emilia-Romagna,Subito Lavoro,11.179
2024-10-28,Friuli-Venezia Giulia,Subito Lavoro,2.975
2024-10-28,Lazio,Subito Lavoro,12.233
2024-10-28,Liguria,Subito Lavoro,2.668
2024-10-28,Lombardia,Subito Lavoro,26.578
2024-10-28,Marche,Subito Lavoro,4.363
2024-10-28,Molise,Subito Lavoro,0.53
2024-10-28,Piemonte,Subito Lavoro,8.026
2024-10-28,Puglia,Subito Lavoro,6.655
2024-10-28,Sardegna,Subito Lavoro,3.081
2024-10-28,Sicilia,Subito Lavoro,7.454
2024-10-28,Toscana,Subito Lavoro,9.768
2024-10-28,Trentino-Alto Adige,Subito Lavoro,2.36
2024-10-28,Umbria,Subito Lavoro,1.996
2024-10-28,Valle d'Aosta,Subito Lavoro,0.218
2024-10-28,Veneto,Subito Lavoro,8.766
2024-11-04,Abruzzo,Subito Lavoro,2.679
2024-11-04,Basilicata,Subito Lavoro,1.285
2024-11-04,Calabria,Subito Lavoro,5.534
2024-11-04,Campania,Subito Lavoro,9.748
2024-11-04,Emilia-Romagna,Subito Lavoro,11.76
2024-11-04,Friuli-Venezia Giulia,Subito Lavoro,3.019
2024-11-04,Lazio,Subito Lavoro,13.119
2024-11-04,Liguria,Subito Lavoro,2.798
2024-11-04,Lombardia,Subito Lavoro,27.1
2024-11-04,Marche,Subito Lavoro,4.616
2024-11-04,Molise,Subito Lavoro,0.546
2024-11-04,Piemonte,Subito Lavoro,8.37
2024-11-04,Puglia,Subito Lavoro,6.985
2024-11-04,Sardegna,Subito Lavoro,3.27
2024-11-04,Sicilia,Subito Lavoro,8.158
2024-11-04,Toscana,Subito Lavoro,10.265
2024-11-04,Trentino-Alto Adige,Subito Lavoro,2.425
2024-11-04,Umbria,Subito Lavoro,2.114
2024-11-04,Valle d'Aosta,Subito Lavoro,0.229
2024-11-04,Veneto,Subito Lavoro,9.764
2024-11-11,Abruzzo,Subito Lavoro,2.597
2024-11-11,Basilicata,Subito Lavoro,1.233
2024-11-11,Calabria,Subito Lavoro,5.656
2024-11-11,Campania,Subito Lavoro,9.753
2024-11-11,Emilia-Romagna,Subito Lavoro,11.743
2024-11-11,Friuli-Venezia Giulia,Subito Lavoro,2.999
2024-11-11,Lazio,Subito Lavoro,12.501
2024-11-11,Liguria,Subito Lavoro,2.808
2024-11-11,Lombardia,Subito Lavoro,27.43
2024-11-11,Marche,Subito Lavoro,4.453
2024-11-11,Molise,Subito Lavoro,0.533
2024-11-11,Piemonte,Subito Lavoro,8.084
2024-11-11,Puglia,Subito Lavoro,7.089
2024-11-11,Sardegna,Subito Lavoro,3.246
2024-11-11,Sicilia,Subito Lavoro,7.755
2024-11-11,Toscana,Subito Lavoro,10.117
2024-11-11,Trentino-Alto Adige,Subito Lavoro,2.36
2024-11-11,Umbria,Subito Lavoro,2.085
2024-11-11,Valle d'Aosta,Subito Lavoro,0.217
2024-11-11,Veneto,Subito Lavoro,9.655
2024-11-18,Abruzzo,Subito Lavoro,2.957
2024-11-18,Basilicata,Subito Lavoro,1.395
2024-11-18,Calabria,Subito Lavoro,6.717
2024-11-18,Campania,Subito Lavoro,10.619
2024-11-18,Emilia-Romagna,Subito Lavoro,12.781
2024-11-18,Friuli-Venezia Giulia,Subito Lavoro,3.466
2024-11-18,Lazio,Subito Lavoro,13.386
2024-11-18,Liguria,Subito Lavoro,3.062
2024-11-18,Lombardia,Subito Lavoro,29.159
2024-11-18,Marche,Subito Lavoro,5.004
2024-11-18,Molise,Subito Lavoro,0.605
2024-11-18,Piemonte,Subito Lavoro,8.776
2024-11-18,Puglia,Subito Lavoro,7.689
2024-11-18,Sardegna,Subito Lavoro,3.647
2024-11-18,Sicilia,Subito Lavoro,8.817
2024-11-18,Toscana,Subito Lavoro,11.3
2024-11-18,Trentino-Alto Adige,Subito Lavoro,2.797
2024-11-18,Umbria,Subito Lavoro,2.405
2024-11-18,Valle d'Aosta,Subito Lavoro,0.242
2024-11-18,Veneto,Subito Lavoro,11.121
2024-11-25,Abruzzo,Subito Lavoro,2.926
2024-11-25,Basilicata,Subito Lavoro,1.357
2024-11-25,Calabria,Subito Lavoro,6.323
2024-11-25,Campania,Subito Lavoro,10.486
2024-11-25,Emilia-Romagna,Subito Lavoro,12.205
2024-11-25,Friuli-Venezia Giulia,Subito Lavoro,3.389
2024-11-25,Lazio,Subito Lavoro,12.37
2024-11-25,Liguria,Subito Lavoro,2.929
2024-11-25,Lombardia,Subito Lavoro,28.147
2024-11-25,Marche,Subito Lavoro,4.803
2024-11-25,Molise,Subito Lavoro,0.582
2024-11-25,Piemonte,Subito Lavoro,8.597
2024-11-25,Puglia,Subito Lavoro,7.58
2024-11-25,Sardegna,Subito Lavoro,3.402
2024-11-25,Sicilia,Subito Lavoro,8.632
2024-11-25,Toscana,Subito Lavoro,10.873
2024-11-25,Trentino-Alto Adige,Subito Lavoro,2.715
2024-11-25,Umbria,Subito Lavoro,2.308
2024-11-25,Valle d'Aosta,Subito Lavoro,0.236
2024-11-25,Veneto,Subito Lavoro,10.482
2024-12-02,Abruzzo,Subito Lavoro,2.979
2024-12-02,Basilicata,Subito Lavoro,1.326
2024-12-02,Calabria,Subito Lavoro,6.118
2024-12-02,Campania,Subito Lavoro,10.566
2024-12-02,Emilia-Romagna,Subito Lavoro,11.294
2024-12-02,Friuli-Venezia Giulia,Subito Lavoro,3.393
2024-12-02,Lazio,Subito Lavoro,12.698
2024-12-02,Liguria,Subito Lavoro,2.803
2024-12-02,Lombardia,Subito Lavoro,26.76
2024-12-02,Marche,Subito Lavoro,4.801
2024-12-02,Molise,Subito Lavoro,0.606
2024-12-02,Piemonte,Subito Lavoro,7.841
2024-12-02,Puglia,Subito Lavoro,7.703
2024-12-02,Sardegna,Subito Lavoro,3.398
2024-12-02,Sicilia,Subito Lavoro,8.408
2024-12-02,Toscana,Subito Lavoro,10.657
2024-12-02,Trentino-Alto Adige,Subito Lavoro,2.67
2024-12-02,Umbria,Subito Lavoro,2.398
2024-12-02,Valle d'Aosta,Subito Lavoro,0.248
2024-12-02,Veneto,Subito Lavoro,9.489
2024-12-09,Abruzzo,Subito Lavoro,2.997
2024-12-09,Basilicata,Subito Lavoro,1.368
2024-12-09,Calabria,Subito Lavoro,6.314
2024-12-09,Campania,Subito Lavoro,10.997
2024-12-09,Emilia-Romagna,Subito Lavoro,11.302
2024-12-09,Friuli-Venezia Giulia,Subito Lavoro,3.589
2024-12-09,Lazio,Subito Lavoro,13.841
2024-12-09,Liguria,Subito Lavoro,2.941
2024-12-09,Lombardia,Subito Lavoro,26.313
2024-12-09,Marche,Subito Lavoro,4.945
2024-12-09,Molise,Subito Lavoro,0.659
2024-12-09,Piemonte,Subito Lavoro,7.794
2024-12-09,Puglia,Subito Lavoro,7.859
2024-12-09,Sardegna,Subito Lavoro,3.647
2024-12-09,Sicilia,Subito Lavoro,9.152
2024-12-09,Toscana,Subito Lavoro,11.446
2024-12-09,Trentino-Alto Adige,Subito Lavoro,2.787
2024-12-09,Umbria,Subito Lavoro,2.396
2024-12-09,Valle d'Aosta,Subito Lavoro,0.248
2024-12-09,Veneto,Subito Lavoro,9.866
2024-12-16,Abruzzo,Subito Lavoro,3.055
2024-12-16,Basilicata,Subito Lavoro,1.426
2024-12-16,Calabria,Subito Lavoro,6.669
2024-12-16,Campania,Subito Lavoro,11.741
2024-12-16,Emilia-Romagna,Subito Lavoro,11.633
2024-12-16,Friuli-Venezia Giulia,Subito Lavoro,3.673
2024-12-16,Lazio,Subito Lavoro,14.784
2024-12-16,Liguria,Subito Lavoro,3.195
2024-12-16,Lombardia,Subito Lavoro,27.104
2024-12-16,Marche,Subito Lavoro,5.216
2024-12-16,Molise,Subito Lavoro,0.719
2024-12-16,Piemonte,Subito Lavoro,8.416
2024-12-16,Puglia,Subito Lavoro,7.93
2024-12-16,Sardegna,Subito Lavoro,3.724
2024-12-16,Sicilia,Subito Lavoro,9.976
2024-12-16,Toscana,Subito Lavoro,11.811
2024-12-16,Trentino-Alto Adige,Subito Lavoro,2.951
2024-12-16,Umbria,Subito Lavoro,2.491
2024-12-16,Valle d'Aosta,Subito Lavoro,0.27
2024-12-16,Veneto,Subito Lavoro,10.392
2024-12-23,Abruzzo,Subito Lavoro,3.021
2024-12-23,Basilicata,Subito Lavoro,1.439
2024-12-23,Calabria,Subito Lavoro,6.81
2024-12-23,Campania,Subito Lavoro,12.032
2024-12-23,Emilia-Romagna,Subito Lavoro,12.332
2024-12-23,Friuli-Venezia Giulia,Subito Lavoro,3.762
2024-12-23,Lazio,Subito Lavoro,15.525
2024-12-23,Liguria,Subito Lavoro,3.227
2024-12-23,Lombardia,Subito Lavoro,27.096
2024-12-23,Marche,Subito Lavoro,5.282
2024-12-23,Molise,Subito Lavoro,0.723
2024-12-23,Piemonte,Subito Lavoro,8.535
2024-12-23,Puglia,Subito Lavoro,8.348
2024-12-23,Sardegna,Subito Lavoro,3.779
2024-12-23,Sicilia,Subito Lavoro,10.034
2024-12-23,Toscana,Subito Lavoro,12.228
2024-12-23,Trentino-Alto Adige,Subito Lavoro,3.003
2024-12-23,Umbria,Subito Lavoro,2.573
2024-12-23,Valle d'Aosta,Subito Lavoro,0.27
2024-12-23,Veneto,Subito Lavoro,10.656
2024-12-30,Abruzzo,Subito Lavoro,2.331
2024-12-30,Basilicata,Subito Lavoro,1.106
2024-12-30,Calabria,Subito Lavoro,5.262
2024-12-30,Campania,Subito Lavoro,9.07
2024-12-30,Emilia-Romagna,Subito Lavoro,9.754
2024-12-30,Friuli-Venezia Giulia,Subito Lavoro,2.734
2024-12-30,Lazio,Subito Lavoro,11.304
2024-12-30,Liguria,Subito Lavoro,2.559
2024-12-30,Lombardia,Subito Lavoro,21.897
2024-12-30,Marche,Subito Lavoro,4.043
2024-12-30,Molise,Subito Lavoro,0.525
2024-12-30,Piemonte,Subito Lavoro,6.508
2024-12-30,Puglia,Subito Lavoro,6.774
2024-12-30,Sardegna,Subito Lavoro,3.016
2024-12-30,Sicilia,Subito Lavoro,7.129
2024-12-30,Toscana,Subito Lavoro,9.668
2024-12-30,Trentino-Alto Adige,Subito Lavoro,2.365
2024-12-30,Umbria,Subito Lavoro,1.89
2024-12-30,Valle d'Aosta,Subito Lavoro,0.204
2024-12-30,Veneto,Subito Lavoro,7.735
2025-01-06,Abruzzo,Subito Lavoro,2.375
2025-01-06,Basilicata,Subito Lavoro,1.148
2025-01-06,Calabria,Subito Lavoro,5.177
2025-01-06,Campania,Subito Lavoro,9.15
2025-01-06,Emilia-Romagna,Subito Lavoro,9.206
2025-01-06,Friuli-Venezia Giulia,Subito Lavoro,2.672
2025-01-06,Lazio,Subito Lavoro,10.214
2025-01-06,Liguria,Subito Lavoro,2.644
2025-01-06,Lombardia,Subito Lavoro,20.987
2025-01-06,Marche,Subito Lavoro,3.981
2025-01-06,Molise,Subito Lavoro,0.487
2025-01-06,Piemonte,Subito Lavoro,6.171
2025-01-06,Puglia,Subito Lavoro,6.732
2025-01-06,Sardegna,Subito Lavoro,3.12
2025-01-06,Sicilia,Subito Lavoro,6.75
2025-01-06,Toscana,Subito Lavoro,10.056
2025-01-06,Trentino-Alto Adige,Subito Lavoro,2.299
2025-01-06,Umbria,Subito Lavoro,1.851
2025-01-06,Valle d'Aosta,Subito Lavoro,0.213
2025-01-06,Veneto,Subito Lavoro,7.063
2025-01-13,Abruzzo,Subito Lavoro,2.232
2025-01-13,Basilicata,Subito Lavoro,1.066
2025-01-13,Calabria,Subito Lavoro,4.752
2025-01-13,Campania,Subito Lavoro,7.765
2025-01-13,Emilia-Romagna,Subito Lavoro,8.209
2025-01-13,Friuli-Venezia Giulia,Subito Lavoro,2.393
2025-01-13,Lazio,Subito Lavoro,9.348
2025-01-13,Liguria,Subito Lavoro,2.387
2025-01-13,Lombardia,Subito Lavoro,19.444
2025-01-13,Marche,Subito Lavoro,3.756
2025-01-13,Molise,Subito Lavoro,0.456
2025-01-13,Piemonte,Subito Lavoro,5.679
2025-01-13,Puglia,Subito Lavoro,6.149
2025-01-13,Sardegna,Subito Lavoro,2.977
2025-01-13,Sicilia,Subito Lavoro,6.058
2025-01-13,Toscana,Subito Lavoro,8.634
2025-01-13,Trentino-Alto Adige,Subito Lavoro,2.125
2025-01-13,Umbria,Subito Lavoro,1.728
2025-01-13,Valle d'Aosta,Subito Lavoro,0.183
2025-01-13,Veneto,Subito Lavoro,6.49
2025-01-20,Abruzzo,Subito Lavoro,2.226
2025-01-20,Basilicata,Subito Lavoro,1.108
2025-01-20,Calabria,Subito Lavoro,4.644
2025-01-20,Campania,Subito Lavoro,7.802
2025-01-20,Emilia-Romagna,Subito Lavoro,8.672
2025-01-20,Friuli-Venezia Giulia,Subito Lavoro,2.412
2025-01-20,Lazio,Subito Lavoro,9.89
2025-01-20,Liguria,Subito Lavoro,2.466
2025-01-20,Lombardia,Subito Lavoro,20.556
2025-01-20,Marche,Subito Lavoro,3.666
2025-01-20,Molise,Subito Lavoro,0.484
2025-01-20,Piemonte,Subito Lavoro,5.728
2025-01-20,Puglia,Subito Lavoro,6.229
2025-01-20,Sardegna,Subito Lavoro,2.893
2025-01-20,Sicilia,Subito Lavoro,6.041
2025-01-20,Toscana,Subito Lavoro,8.676
2025-01-20,Trentino-Alto Adige,Subito Lavoro,2.126
2025-01-20,Umbria,Subito Lavoro,1.734
2025-01-20,Valle d'Aosta,Subito Lavoro,0.177
2025-01-20,Veneto,Subito Lavoro,6.49
2025-01-27,Abruzzo,Subito Lavoro,2.119
2025-01-27,Basilicata,Subito Lavoro,1.035
2025-01-27,Calabria,Subito Lavoro,4.201
2025-01-27,Campania,Subito Lavoro,7.236
2025-01-27,Emilia-Romagna,Subito Lavoro,8.14
2025-01-27,Friuli-Venezia Giulia,Subito Lavoro,2.28
2025-01-27,Lazio,Subito Lavoro,8.345
2025-01-27,Liguria,Subito Lavoro,2.092
2025-01-27,Lombardia,Subito Lavoro,18.705
2025-01-27,Marche,Subito Lavoro,3.494
2025-01-27,Molise,Subito Lavoro,0.433
2025-01-27,Piemonte,Subito Lavoro,5.293
2025-01-27,Puglia,Subito Lavoro,6.027
2025-01-27,Sardegna,Subito Lavoro,2.528
2025-01-27,Sicilia,Subito Lavoro,5.463
2025-01-27,Toscana,Subito Lavoro,7.993
2025-01-27,Trentino-Alto Adige,Subito Lavoro,1.954
2025-01-27,Umbria,Subito Lavoro,1.611
2025-01-27,Valle d'Aosta,Subito Lavoro,0.159
2025-01-27,Veneto,Subito Lavoro,6.23
2025-02-03,Abruzzo,Subito Lavoro,2.467
2025-02-03,Basilicata,Subito Lavoro,1.157
2025-02-03,Calabria,Subito Lavoro,4.558
2025-02-03,Campania,Subito Lavoro,8.363
2025-02-03,Emilia-Romagna,Subito Lavoro,9.459
2025-02-03,Friuli-Venezia Giulia,Subito Lavoro,2.447
2025-02-03,Lazio,Subito Lavoro,9.619
2025-02-03,Liguria,Subito Lavoro,2.261
2025-02-03,Lombardia,Subito Lavoro,21.14
2025-02-03,Marche,Subito Lavoro,4.074
2025-02-03,Molise,Subito Lavoro,0.503
2025-02-03,Piemonte,Subito Lavoro,5.721
2025-02-03,Puglia,Subito Lavoro,6.665
2025-02-03,Sardegna,Subito Lavoro,2.859
2025-02-03,Sicilia,Subito Lavoro,5.969
2025-02-03,Toscana,Subito Lavoro,9.047
2025-02-03,Trentino-Alto Adige,Subito Lavoro,2.267
2025-02-03,Umbria,Subito Lavoro,1.914
2025-02-03,Valle d'Aosta,Subito Lavoro,0.182
2025-02-03,Veneto,Subito Lavoro,7.068
2025-02-10,Abruzzo,Subito Lavoro,2.213
2025-02-10,Basilicata,Subito Lavoro,1.067
2025-02-10,Calabria,Subito Lavoro,4.274
2025-02-10,Campania,Subito Lavoro,7.901
2025-02-10,Emilia-Romagna,Subito Lavoro,8.882
2025-02-10,Friuli-Venezia Giulia,Subito Lavoro,2.402
2025-02-10,Lazio,Subito Lavoro,8.723
2025-02-10,Liguria,Subito Lavoro,2.034
2025-02-10,Lombardia,Subito Lavoro,20.123
2025-02-10,Marche,Subito Lavoro,3.782
2025-02-10,Molise,Subito Lavoro,0.467
2025-02-10,Piemonte,Subito Lavoro,5.326
2025-02-10,Puglia,Subito Lavoro,6.012
2025-02-10,Sardegna,Subito Lavoro,2.703
2025-02-10,Sicilia,Subito Lavoro,5.781
2025-02-10,Toscana,Subito Lavoro,8.222
2025-02-10,Trentino-Alto Adige,Subito Lavoro,1.996
2025-02-10,Umbria,Subito Lavoro,1.628
2025-02-10,Valle d'Aosta,Subito Lavoro,0.167
2025-02-10,Veneto,Subito Lavoro,6.172
2025-02-17,Abruzzo,Subito Lavoro,2.065
2025-02-17,Basilicata,Subito Lavoro,0.96
2025-02-17,Calabria,Subito Lavoro,4.251
2025-02-17,Campania,Subito Lavoro,7.4
2025-02-17,Emilia-Romagna,Subito Lavoro,8.55
2025-02-17,Friuli-Venezia Giulia,Subito Lavoro,2.281
2025-02-17,Lazio,Subito Lavoro,8.397
2025-02-17,Liguria,Subito Lavoro,2.006
2025-02-17,Lombardia,Subito Lavoro,18.666
2025-02-17,Marche,Subito Lavoro,3.525
2025-02-17,Molise,Subito Lavoro,0.431
2025-02-17,Piemonte,Subito Lavoro,5.076
2025-02-17,Puglia,Subito Lavoro,5.962
2025-02-17,Sardegna,Subito Lavoro,2.644
2025-02-17,Sicilia,Subito Lavoro,5.474
2025-02-17,Toscana,Subito Lavoro,7.965
2025-02-17,Trentino-Alto Adige,Subito Lavoro,1.841
2025-02-17,Umbria,Subito Lavoro,1.515
2025-02-17,Valle d'Aosta,Subito Lavoro,0.154
2025-02-17,Veneto,Subito Lavoro,5.795
2025-02-24,Abruzzo,Subito Lavoro,2.108
2025-02-24,Basilicata,Subito Lavoro,1.041
2025-02-24,Calabria,Subito Lavoro,4.496
2025-02-24,Campania,Subito Lavoro,7.716
2025-02-24,Emilia-Romagna,Subito Lavoro,8.765
2025-02-24,Friuli-Venezia Giulia,Subito Lavoro,2.518
2025-02-24,Lazio,Subito Lavoro,8.329
2025-02-24,Liguria,Subito Lavoro,2.136
2025-02-24,Lombardia,Subito Lavoro,19.231
2025-02-24,Marche,Subito Lavoro,3.588
2025-02-24,Molise,Subito Lavoro,0.444
2025-02-24,Piemonte,Subito Lavoro,5.243
2025-02-24,Puglia,Subito Lavoro,6.392
2025-02-24,Sardegna,Subito Lavoro,2.77
2025-02-24,Sicilia,Subito Lavoro,5.82
2025-02-24,Toscana,Subito Lavoro,8.245
2025-02-24,Trentino-Alto Adige,Subito Lavoro,1.935
2025-02-24,Umbria,Subito Lavoro,1.623
2025-02-24,Valle d'Aosta,Subito Lavoro,0.152
2025-02-24,Veneto,Subito Lavoro,5.993
2025-03-03,Abruzzo,Subito Lavoro,2.333
2025-03-03,Basilicata,Subito Lavoro,1.082
2025-03-03,Calabria,Subito Lavoro,4.958
2025-03-03,Campania,Subito Lavoro,8.738
2025-03-03,Emilia-Romagna,Subito Lavoro,9.579
2025-03-03,Friuli-Venezia Giulia,Subito Lavoro,2.78
2025-03-03,Lazio,Subito Lavoro,8.585
2025-03-03,Liguria,Subito Lavoro,2.25
2025-03-03,Lombardia,Subito Lavoro,20.713
2025-03-03,Marche,Subito Lavoro,3.721
2025-03-03,Molise,Subito Lavoro,0.507
2025-03-03,Piemonte,Subito Lavoro,5.598
2025-03-03,Puglia,Subito Lavoro,6.393
2025-03-03,Sardegna,Subito Lavoro,2.969
2025-03-03,Sicilia,Subito Lavoro,7.075
2025-03-03,Toscana,Subito Lavoro,9.54
2025-03-03,Trentino-Alto Adige,Subito Lavoro,2.136
2025-03-03,Umbria,Subito Lavoro,1.894
2025-03-03,Valle d'Aosta,Subito Lavoro,0.171
2025-03-03,Veneto,Subito Lavoro,6.638
2025-03-10,Abruzzo,Subito Lavoro,2.276
2025-03-10,Basilicata,Subito Lavoro,1.044
2025-03-10,Calabria,Subito Lavoro,4.917
2025-03-10,Campania,Subito Lavoro,9.059
2025-03-10,Emilia-Romagna,Subito Lavoro,9.503
2025-03-10,Friuli-Venezia Giulia,Subito Lavoro,2.651
2025-03-10,Lazio,Subito Lavoro,8.883
2025-03-10,Liguria,Subito Lavoro,2.294
2025-03-10,Lombardia,Subito Lavoro,19.552
2025-03-10,Marche,Subito Lavoro,3.707
2025-03-10,Molise,Subito Lavoro,0.511
2025-03-10,Piemonte,Subito Lavoro,5.458
2025-03-10,Puglia,Subito Lavoro,6.427
2025-03-10,Sardegna,Subito Lavoro,3.018
2025-03-10,Sicilia,Subito Lavoro,6.757
2025-03-10,Toscana,Subito Lavoro,9.53
2025-03-10,Trentino-Alto Adige,Subito Lavoro,2.214
2025-03-10,Umbria,Subito Lavoro,1.955
2025-03-10,Valle d'Aosta,Subito Lavoro,0.176
2025-03-10,Veneto,Subito Lavoro,6.73
2025-03-17,Abruzzo,Subito Lavoro,2.654
2025-03-17,Basilicata,Subito Lavoro,1.163
2025-03-17,Calabria,Subito Lavoro,5.398
2025-03-17,Campania,Subito Lavoro,10.348
2025-03-17,Emilia-Romagna,Subito Lavoro,10.089
2025-03-17,Friuli-Venezia Giulia,Subito Lavoro,2.958
2025-03-17,Lazio,Subito Lavoro,10.604
2025-03-17,Liguria,Subito Lavoro,2.475
2025-03-17,Lombardia,Subito Lavoro,21.648
2025-03-17,Marche,Subito Lavoro,4.045
2025-03-17,Molise,Subito Lavoro,0.576
2025-03-17,Piemonte,Subito Lavoro,6.278
2025-03-17,Puglia,Subito Lavoro,6.935
2025-03-17,Sardegna,Subito Lavoro,3.553
2025-03-17,Sicilia,Subito Lavoro,7.304
2025-03-17,Toscana,Subito Lavoro,10.916
2025-03-17,Trentino-Alto Adige,Subito Lavoro,2.595
2025-03-17,Umbria,Subito Lavoro,2.186
2025-03-17,Valle d'Aosta,Subito Lavoro,0.214
2025-03-17,Veneto,Subito Lavoro,8.464
2025-03-24,Abruzzo,Subito Lavoro,2.691
2025-03-24,Basilicata,Subito Lavoro,1.138
2025-03-24,Calabria,Subito Lavoro,5.389
2025-03-24,Campania,Subito Lavoro,9.654
2025-03-24,Emilia-Romagna,Subito Lavoro,9.956
2025-03-24,Friuli-Venezia Giulia,Subito Lavoro,2.715
2025-03-24,Lazio,Subito Lavoro,10.986
2025-03-24,Liguria,Subito Lavoro,2.548
2025-03-24,Lombardia,Subito Lavoro,21.62
2025-03-24,Marche,Subito Lavoro,3.938
2025-03-24,Molise,Subito Lavoro,0.565
2025-03-24,Piemonte,Subito Lavoro,6.299
2025-03-24,Puglia,Subito Lavoro,6.633
2025-03-24,Sardegna,Subito Lavoro,3.507
2025-03-24,Sicilia,Subito Lavoro,6.881
2025-03-24,Toscana,Subito Lavoro,10.443
2025-03-24,Trentino-Alto Adige,Subito Lavoro,2.586
2025-03-24,Umbria,Subito Lavoro,2.068
2025-03-24,Valle d'Aosta,Subito Lavoro,0.213
2025-03-24,Veneto,Subito Lavoro,7.874
2025-03-31,Abruzzo,Subito Lavoro,0.96
2025-03-31,Basilicata,Subito Lavoro,0.374
2025-03-31,Calabria,Subito Lavoro,1.806
2025-03-31,Campania,Subito Lavoro,3.029
2025-03-31,Emilia-Romagna,Subito Lavoro,3.56
2025-03-31,Friuli-Venezia Giulia,Subito Lavoro,0.789
2025-03-31,Lazio,Subito Lavoro,3.243
2025-03-31,Liguria,Subito Lavoro,0.87
2025-03-31,Lombardia,Subito Lavoro,7.381
2025-03-31,Marche,Subito Lavoro,1.232
2025-03-31,Molise,Subito Lavoro,0.168
2025-03-31,Piemonte,Subito Lavoro,1.942
2025-03-31,Puglia,Subito Lavoro,2.299
2025-03-31,Sardegna,Subito Lavoro,1.258
2025-03-31,Sicilia,Subito Lavoro,1.94
2025-03-31,Toscana,Subito Lavoro,3.511
2025-03-31,Trentino-Alto Adige,Subito Lavoro,0.881
2025-03-31,Umbria,Subito Lavoro,0.631
2025-03-31,Valle d'Aosta,Subito Lavoro,0.07
2025-03-31,Veneto,Subito Lavoro,2.3
2025-04-07,Abruzzo,Subito Lavoro,0.215
2025-04-07,Basilicata,Subito Lavoro,0.081
2025-04-07,Calabria,Subito Lavoro,0.394
2025-04-07,Campania,Subito Lavoro,0.644
2025-04-07,Emilia-Romagna,Subito Lavoro,0.797
2025-04-07,Friuli-Venezia Giulia,Subito Lavoro,0.163
2025-04-07,Lazio,Subito Lavoro,0.675
2025-04-07,Liguria,Subito Lavoro,0.191
2025-04-07,Lombardia,Subito Lavoro,1.621
2025-04-07,Marche,Subito Lavoro,0.262
2025-04-07,Molise,Subito Lavoro,0.035
2025-04-07,Piemonte,Subito Lavoro,0.41
2025-04-07,Puglia,Subito Lavoro,0.508
2025-04-07,Sardegna,Subito Lavoro,0.282
2025-04-07,Sicilia,Subito Lavoro,0.398
2025-04-07,Toscana,Subito Lavoro,0.766
2025-04-07,Trentino-Alto Adige,Subito Lavoro,0.193
2025-04-07,Umbria,Subito Lavoro,0.133
2025-04-07,Valle d'Aosta,Subito Lavoro,0.015
2025-04-07,Veneto,Subito Lavoro,0.477
2025-04-14,Abruzzo,Subito Lavoro,1.801
2025-04-14,Basilicata,Subito Lavoro,0.881
2025-04-14,Calabria,Subito Lavoro,3.609
2025-04-14,Campania,Subito Lavoro,6.769
2025-04-14,Emilia-Romagna,Subito Lavoro,6.445
2025-04-14,Friuli-Venezia Giulia,Subito Lavoro,1.711
2025-04-14,Lazio,Subito Lavoro,7.705
2025-04-14,Liguria,Subito Lavoro,1.752
2025-04-14,Lombardia,Subito Lavoro,16.248
2025-04-14,Marche,Subito Lavoro,2.875
2025-04-14,Molise,Subito Lavoro,0.364
2025-04-14,Piemonte,Subito Lavoro,4.78
2025-04-14,Puglia,Subito Lavoro,4.926
2025-04-14,Sardegna,Subito Lavoro,2.809
2025-04-14,Sicilia,Subito Lavoro,4.472
2025-04-14,Toscana,Subito Lavoro,7.818
2025-04-14,Trentino-Alto Adige,Subito Lavoro,1.807
2025-04-14,Umbria,Subito Lavoro,1.43
2025-04-14,Valle d'Aosta,Subito Lavoro,0.134
2025-04-14,Veneto,Subito Lavoro,4.444
2025-04-21,Abruzzo,Subito Lavoro,2.424
2025-04-21,Basilicata,Subito Lavoro,1.13
2025-04-21,Calabria,Subito Lavoro,5.269
2025-04-21,Campania,Subito Lavoro,8.334
2025-04-21,Emilia-Romagna,Subito Lavoro,8.75
2025-04-21,Friuli-Venezia Giulia,Subito Lavoro,2.276
2025-04-21,Lazio,Subito Lavoro,10.03
2025-04-21,Liguria,Subito Lavoro,2.16
2025-04-21,Lombardia,Subito Lavoro,21.908
2025-04-21,Marche,Subito Lavoro,3.673
2025-04-21,Molise,Subito Lavoro,0.469
2025-04-21,Piemonte,Subito Lavoro,6.01
2025-04-21,Puglia,Subito Lavoro,6.474
2025-04-21,Sardegna,Subito Lavoro,3.251
2025-04-21,Sicilia,Subito Lavoro,6.292
2025-04-21,Toscana,Subito Lavoro,9.667
2025-04-21,Trentino-Alto Adige,Subito Lavoro,2.182
2025-04-21,Umbria,Subito Lavoro,1.855
2025-04-21,Valle d'Aosta,Subito Lavoro,0.179
2025-04-21,Veneto,Subito Lavoro,6.718
2025-04-28,Abruzzo,Subito Lavoro,2.273
2025-04-28,Basilicata,Subito Lavoro,1.132
2025-04-28,Calabria,Subito Lavoro,5.363
2025-04-28,Campania,Subito Lavoro,8.253
2025-04-28,Emilia-Romagna,Subito Lavoro,8.726
2025-04-28,Friuli-Venezia Giulia,Subito Lavoro,2.36
2025-04-28,Lazio,Subito Lavoro,9.252
2025-04-28,Liguria,Subito Lavoro,2.217
2025-04-28,Lombardia,Subito Lavoro,21.771
2025-04-28,Marche,Subito Lavoro,3.735
2025-04-28,Molise,Subito Lavoro,0.474
2025-04-28,Piemonte,Subito Lavoro,6.012
2025-04-28,Puglia,Subito Lavoro,6.349
2025-04-28,Sardegna,Subito Lavoro,3.211
2025-04-28,Sicilia,Subito Lavoro,6.43
2025-04-28,Toscana,Subito Lavoro,9.05
2025-04-28,Trentino-Alto Adige,Subito Lavoro,2.248
2025-04-28,Umbria,Subito Lavoro,1.83
2025-04-28,Valle d'Aosta,Subito Lavoro,0.181
2025-04-28,Veneto,Subito Lavoro,6.834
2025-05-05,Abruzzo,Subito Lavoro,2.298
2025-05-05,Basilicata,Subito Lavoro,1.023
2025-05-05,Calabria,Subito Lavoro,5.322
2025-05-05,Campania,Subito Lavoro,7.251
2025-05-05,Emilia-Romagna,Subito Lavoro,8.305
2025-05-05,Friuli-Venezia Giulia,Subito Lavoro,2.273
2025-05-05,Lazio,Subito Lavoro,8.384
2025-05-05,Liguria,Subito Lavoro,2.191
2025-05-05,Lombardia,Subito Lavoro,20.811
2025-05-05,Marche,Subito Lavoro,3.479
2025-05-05,Molise,Subito Lavoro,0.441
2025-05-05,Piemonte,Subito Lavoro,5.527
2025-05-05,Puglia,Subito Lavoro,6.589
2025-05-05,Sardegna,Subito Lavoro,3.091
2025-05-05,Sicilia,Subito Lavoro,6.157
2025-05-05,Toscana,Subito Lavoro,8.748
2025-05-05,Trentino-Alto Adige,Subito Lavoro,1.996
2025-05-05,Umbria,Subito Lavoro,1.602
2025-05-05,Valle d'Aosta,Subito Lavoro,0.169
2025-05-05,Veneto,Subito Lavoro,6.168
2025-05-12,Abruzzo,Subito Lavoro,2.621
2025-05-12,Basilicata,Subito Lavoro,1.208
2025-05-12,Calabria,Subito Lavoro,5.718
2025-05-12,Campania,Subito Lavoro,8.625
2025-05-12,Emilia-Romagna,Subito Lavoro,9.675
2025-05-12,Friuli-Venezia Giulia,Subito Lavoro,2.581
2025-05-12,Lazio,Subito Lavoro,9.603
2025-05-12,Liguria,Subito Lavoro,2.492
2025-05-12,Lombardia,Subito Lavoro,22.474
2025-05-12,Marche,Subito Lavoro,4.016
2025-05-12,Molise,Subito Lavoro,0.53
2025-05-12,Piemonte,Subito Lavoro,6.418
2025-05-12,Puglia,Subito Lavoro,7.397
2025-05-12,Sardegna,Subito Lavoro,3.448
2025-05-12,Sicilia,Subito Lavoro,6.771
2025-05-12,Toscana,Subito Lavoro,9.644
2025-05-12,Trentino-Alto Adige,Subito Lavoro,2.391
2025-05-12,Umbria,Subito Lavoro,1.821
2025-05-12,Valle d'Aosta,Subito Lavoro,0.19
2025-05-12,Veneto,Subito Lavoro,7.289
2025-05-19,Abruzzo,Subito Lavoro,2.462
2025-05-19,Basilicata,Subito Lavoro,1.162
2025-05-19,Calabria,Subito Lavoro,5.367
2025-05-19,Campania,Subito Lavoro,8.193
2025-05-19,Emilia-Romagna,Subito Lavoro,8.975
2025-05-19,Friuli-Venezia Giulia,Subito Lavoro,2.492
2025-05-19,Lazio,Subito Lavoro,8.69
2025-05-19,Liguria,Subito Lavoro,2.397
2025-05-19,Lombardia,Subito Lavoro,21.155
2025-05-19,Marche,Subito Lavoro,3.655
2025-05-19,Molise,Subito Lavoro,0.461
2025-05-19,Piemonte,Subito Lavoro,6.194
2025-05-19,Puglia,Subito Lavoro,6.819
2025-05-19,Sardegna,Subito Lavoro,3.124
2025-05-19,Sicilia,Subito Lavoro,6.316
2025-05-19,Toscana,Subito Lavoro,9.665
2025-05-19,Trentino-Alto Adige,Subito Lavoro,2.258
2025-05-19,Umbria,Subito Lavoro,1.634
2025-05-19,Valle d'Aosta,Subito Lavoro,0.179
2025-05-19,Veneto,Subito Lavoro,6.437
2025-05-26,Abruzzo,Subito Lavoro,2.177
2025-05-26,Basilicata,Subito Lavoro,0.955
2025-05-26,Calabria,Subito Lavoro,4.553
2025-05-26,Campania,Subito Lavoro,7.295
2025-05-26,Emilia-Romagna,Subito Lavoro,8.006
2025-05-26,Friuli-Venezia Giulia,Subito Lavoro,2.026
2025-05-26,Lazio,Subito Lavoro,7.278
2025-05-26,Liguria,Subito Lavoro,2.002
2025-05-26,Lombardia,Subito Lavoro,18.135
2025-05-26,Marche,Subito Lavoro,3.222
2025-05-26,Molise,Subito Lavoro,0.38
2025-05-26,Piemonte,Subito Lavoro,5.311
2025-05-26,Puglia,Subito Lavoro,5.856
2025-05-26,Sardegna,Subito Lavoro,2.575
2025-05-26,Sicilia,Subito Lavoro,5.369
2025-05-26,Toscana,Subito Lavoro,8.081
2025-05-26,Trentino-Alto Adige,Subito Lavoro,1.902
2025-05-26,Umbria,Subito Lavoro,1.373
2025-05-26,Valle d'Aosta,Subito Lavoro,0.152
2025-05-26,Veneto,Subito Lavoro,5.246
2025-06-02,Abruzzo,Subito Lavoro,2.503
2025-06-02,Basilicata,Subito Lavoro,1.065
2025-06-02,Calabria,Subito Lavoro,5.292
2025-06-02,Campania,Subito Lavoro,8.559
2025-06-02,Emilia-Romagna,Subito Lavoro,9.065
2025-06-02,Friuli-Venezia Giulia,Subito Lavoro,2.609
2025-06-02,Lazio,Subito Lavoro,9.43
2025-06-02,Liguria,Subito Lavoro,2.334
2025-06-02,Lombardia,Subito Lavoro,21.68
2025-06-02,Marche,Subito Lavoro,3.833
2025-06-02,Molise,Subito Lavoro,0.466
2025-06-02,Piemonte,Subito Lavoro,6.339
2025-06-02,Puglia,Subito Lavoro,6.44
2025-06-02,Sardegna,Subito Lavoro,3.107
2025-06-02,Sicilia,Subito Lavoro,6.423
2025-06-02,Toscana,Subito Lavoro,9.63
2025-06-02,Trentino-Alto Adige,Subito Lavoro,2.394
2025-06-02,Umbria,Subito Lavoro,1.778
2025-06-02,Valle d'Aosta,Subito Lavoro,0.202
2025-06-02,Veneto,Subito Lavoro,6.301
2025-06-09,Abruzzo,Subito Lavoro,2.981
2025-06-09,Basilicata,Subito Lavoro,1.242
2025-06-09,Calabria,Subito Lavoro,6.82
2025-06-09,Campania,Subito Lavoro,10.499
2025-06-09,Emilia-Romagna,Subito Lavoro,11.744
2025-06-09,Friuli-Venezia Giulia,Subito Lavoro,3.263
2025-06-09,Lazio,Subito Lavoro,12.57
2025-06-09,Liguria,Subito Lavoro,2.919
2025-06-09,Lombardia,Subito Lavoro,25.271
2025-06-09,Marche,Subito Lavoro,4.592
2025-06-09,Molise,Subito Lavoro,0.602
2025-06-09,Piemonte,Subito Lavoro,7.609
2025-06-09,Puglia,Subito Lavoro,8.466
2025-06-09,Sardegna,Subito Lavoro,4.104
2025-06-09,Sicilia,Subito Lavoro,9.217
2025-06-09,Toscana,Subito Lavoro,11.393
2025-06-09,Trentino-Alto Adige,Subito Lavoro,3.11
2025-06-09,Umbria,Subito Lavoro,2.184
2025-06-09,Valle d'Aosta,Subito Lavoro,0.245
2025-06-09,Veneto,Subito Lavoro,7.949
2025-06-16,Abruzzo,Subito Lavoro,2.706
2025-06-16,Basilicata,Subito Lavoro,1.113
2025-06-16,Calabria,Subito Lavoro,6.694
2025-06-16,Campania,Subito Lavoro,9.316
2025-06-16,Emilia-Romagna,Subito Lavoro,11.433
2025-06-16,Friuli-Venezia Giulia,Subito Lavoro,3.021
2025-06-16,Lazio,Subito Lavoro,11.667
2025-06-16,Liguria,Subito Lavoro,2.668
2025-06-16,Lombardia,Subito Lavoro,23.821
2025-06-16,Marche,Subito Lavoro,4.094
2025-06-16,Molise,Subito Lavoro,0.566
2025-06-16,Piemonte,Subito Lavoro,6.949
2025-06-16,Puglia,Subito Lavoro,7.831
2025-06-16,Sardegna,Subito Lavoro,4.037
2025-06-16,Sicilia,Subito Lavoro,9.032
2025-06-16,Toscana,Subito Lavoro,10.356
2025-06-16,Trentino-Alto Adige,Subito Lavoro,2.993
2025-06-16,Umbria,Subito Lavoro,1.952
2025-06-16,Valle d'Aosta,Subito Lavoro,0.226
2025-06-16,Veneto,Subito Lavoro,7.968
2025-06-23,Abruzzo,Subito Lavoro,2.252
2025-06-23,Basilicata,Subito Lavoro,0.953
2025-06-23,Calabria,Subito Lavoro,6.033
2025-06-23,Campania,Subito Lavoro,7.343
2025-06-23,Emilia-Romagna,Subito Lavoro,10.314
2025-06-23,Friuli-Venezia Giulia,Subito Lavoro,2.506
2025-06-23,Lazio,Subito Lavoro,9.175
2025-06-23,Liguria,Subito Lavoro,2.375
2025-06-23,Lombardia,Subito Lavoro,20.366
2025-06-23,Marche,Subito Lavoro,3.269
2025-06-23,Molise,Subito Lavoro,0.469
2025-06-23,Piemonte,Subito Lavoro,5.562
2025-06-23,Puglia,Subito Lavoro,6.71
2025-06-23,Sardegna,Subito Lavoro,3.695
2025-06-23,Sicilia,Subito Lavoro,7.177
2025-06-23,Toscana,Subito Lavoro,8.396
2025-06-23,Trentino-Alto Adige,Subito Lavoro,2.644
2025-06-23,Umbria,Subito Lavoro,1.61
2025-06-23,Valle d'Aosta,Subito Lavoro,0.196
2025-06-23,Veneto,Subito Lavoro,6.841
2025-06-30,Abruzzo,Subito Lavoro,2.463
2025-06-30,Basilicata,Subito Lavoro,1.104
2025-06-30,Calabria,Subito Lavoro,6.217
2025-06-30,Campania,Subito Lavoro,8.168
2025-06-30,Emilia-Romagna,Subito Lavoro,10.723
2025-06-30,Friuli-Venezia Giulia,Subito Lavoro,2.751
2025-06-30,Lazio,Subito Lavoro,9.9
2025-06-30,Liguria,Subito Lavoro,2.517
2025-06-30,Lombardia,Subito Lavoro,21.714
2025-06-30,Marche,Subito Lavoro,3.584
2025-06-30,Molise,Subito Lavoro,0.508
2025-06-30,Piemonte,Subito Lavoro,5.921
2025-06-30,Puglia,Subito Lavoro,7.428
2025-06-30,Sardegna,Subito Lavoro,3.884
2025-06-30,Sicilia,Subito Lavoro,7.36
2025-06-30,Toscana,Subito Lavoro,8.507
2025-06-30,Trentino-Alto Adige,Subito Lavoro,2.789
2025-06-30,Umbria,Subito Lavoro,1.729
2025-06-30,Valle d'Aosta,Subito Lavoro,0.207
2025-06-30,Veneto,Subito Lavoro,6.903
2025-07-07,Abruzzo,Subito Lavoro,2.512
2025-07-07,Basilicata,Subito Lavoro,1.109
2025-07-07,Calabria,Subito Lavoro,6.612
2025-07-07,Campania,Subito Lavoro,8.871
2025-07-07,Emilia-Romagna,Subito Lavoro,10.783
2025-07-07,Friuli-Venezia Giulia,Subito Lavoro,2.712
2025-07-07,Lazio,Subito Lavoro,10.099
2025-07-07,Liguria,Subito Lavoro,2.434
2025-07-07,Lombardia,Subito Lavoro,21.634
2025-07-07,Marche,Subito Lavoro,3.898
2025-07-07,Molise,Subito Lavoro,0.524
2025-07-07,Piemonte,Subito Lavoro,6.191
2025-07-07,Puglia,Subito Lavoro,7.577
2025-07-07,Sardegna,Subito Lavoro,3.75
2025-07-07,Sicilia,Subito Lavoro,7.344
2025-07-07,Toscana,Subito Lavoro,8.995
2025-07-07,Trentino-Alto Adige,Subito Lavoro,2.747
2025-07-07,Umbria,Subito Lavoro,1.698
2025-07-07,Valle d'Aosta,Subito Lavoro,0.195
2025-07-07,Veneto,Subito Lavoro,7.156
2025-07-14,Abruzzo,Subito Lavoro,2.548
2025-07-14,Basilicata,Subito Lavoro,1.173
2025-07-14,Calabria,Subito Lavoro,6.464
2025-07-14,Campania,Subito Lavoro,9.362
2025-07-14,Emilia-Romagna,Subito Lavoro,11.031
2025-07-14,Friuli-Venezia Giulia,Subito Lavoro,2.916
2025-07-14,Lazio,Subito Lavoro,10.226
2025-07-14,Liguria,Subito Lavoro,2.559
2025-07-14,Lombardia,Subito Lavoro,21.812
2025-07-14,Marche,Subito Lavoro,4.131
2025-07-14,Molise,Subito Lavoro,0.535
2025-07-14,Piemonte,Subito Lavoro,6.379
2025-07-14,Puglia,Subito Lavoro,8.179
2025-07-14,Sardegna,Subito Lavoro,3.873
2025-07-14,Sicilia,Subito Lavoro,7.757
2025-07-14,Toscana,Subito Lavoro,9.44
2025-07-14,Trentino-Alto Adige,Subito Lavoro,2.769
2025-07-14,Umbria,Subito Lavoro,1.832
2025-07-14,Valle d'Aosta,Subito Lavoro,0.197
2025-07-14,Veneto,Subito Lavoro,7.332
2025-07-21,Abruzzo,Subito Lavoro,2.426
2025-07-21,Basilicata,Subito Lavoro,1.072
2025-07-21,Calabria,Subito Lavoro,5.778
2025-07-21,Campania,Subito Lavoro,8.504
2025-07-21,Emilia-Romagna,Subito Lavoro,9.974
2025-07-21,Friuli-Venezia Giulia,Subito Lavoro,2.525
2025-07-21,Lazio,Subito Lavoro,9.654
2025-07-21,Liguria,Subito Lavoro,2.417
2025-07-21,Lombardia,Subito Lavoro,22.055
2025-07-21,Marche,Subito Lavoro,3.65
2025-07-21,Molise,Subito Lavoro,0.479
2025-07-21,Piemonte,Subito Lavoro,5.823
2025-07-21,Puglia,Subito Lavoro,7.547
2025-07-21,Sardegna,Subito Lavoro,3.728
2025-07-21,Sicilia,Subito Lavoro,7.112
2025-07-21,Toscana,Subito Lavoro,8.788
2025-07-21,Trentino-Alto Adige,Subito Lavoro,2.496
2025-07-21,Umbria,Subito Lavoro,1.659
2025-07-21,Valle d'Aosta,Subito Lavoro,0.173
2025-07-21,Veneto,Subito Lavoro,6.59
2025-07-28,Abruzzo,Subito Lavoro,2.637
2025-07-28,Basilicata,Subito Lavoro,1.11
2025-07-28,Calabria,Subito Lavoro,6.235
2025-07-28,Campania,Subito Lavoro,9.61
2025-07-28,Emilia-Romagna,Subito Lavoro,10.858
2025-07-28,Friuli-Venezia Giulia,Subito Lavoro,2.574
2025-07-28,Lazio,Subito Lavoro,11.46
2025-07-28,Liguria,Subito Lavoro,2.481
2025-07-28,Lombardia,Subito Lavoro,21.893
2025-07-28,Marche,Subito Lavoro,4.208
2025-07-28,Molise,Subito Lavoro,0.505
2025-07-28,Piemonte,Subito Lavoro,5.819
2025-07-28,Puglia,Subito Lavoro,7.995
2025-07-28,Sardegna,Subito Lavoro,3.872
2025-07-28,Sicilia,Subito Lavoro,7.896
2025-07-28,Toscana,Subito Lavoro,9.536
2025-07-28,Trentino-Alto Adige,Subito Lavoro,2.829
2025-07-28,Umbria,Subito Lavoro,1.883
2025-07-28,Valle d'Aosta,Subito Lavoro,0.194
2025-07-28,Veneto,Subito Lavoro,7.291
2025-08-04,Abruzzo,Subito Lavoro,2.878
2025-08-04,Basilicata,Subito Lavoro,1.124
2025-08-04,Calabria,Subito Lavoro,6.726
2025-08-04,Campania,Subito Lavoro,10.513
2025-08-04,Emilia-Romagna,Subito Lavoro,11.386
2025-08-04,Friuli-Venezia Giulia,Subito Lavoro,3.017
2025-08-04,Lazio,Subito Lavoro,11.577
2025-08-04,Liguria,Subito Lavoro,2.57
2025-08-04,Lombardia,Subito Lavoro,23.109
2025-08-04,Marche,Subito Lavoro,4.641
2025-08-04,Molise,Subito Lavoro,0.555
2025-08-04,Piemonte,Subito Lavoro,6.702
2025-08-04,Puglia,Subito Lavoro,8.106
2025-08-04,Sardegna,Subito Lavoro,4.071
2025-08-04,Sicilia,Subito Lavoro,8.676
2025-08-04,Toscana,Subito Lavoro,10.172
2025-08-04,Trentino-Alto Adige,Subito Lavoro,3.015
2025-08-04,Umbria,Subito Lavoro,2.013
2025-08-04,Valle d'Aosta,Subito Lavoro,0.201
2025-08-04,Veneto,Subito Lavoro,7.757
2025-08-11,Abruzzo,Subito Lavoro,2.592
2025-08-11,Basilicata,Subito Lavoro,1.112
2025-08-11,Calabria,Subito Lavoro,5.931
2025-08-11,Campania,Subito Lavoro,9.892
2025-08-11,Emilia-Romagna,Subito Lavoro,10.359
2025-08-11,Friuli-Venezia Giulia,Subito Lavoro,2.622
2025-08-11,Lazio,Subito Lavoro,10.233
2025-08-11,Liguria,Subito Lavoro,2.455
2025-08-11,Lombardia,Subito Lavoro,21.428
2025-08-11,Marche,Subito Lavoro,4.203
2025-08-11,Molise,Subito Lavoro,0.517
2025-08-11,Piemonte,Subito Lavoro,6.514
2025-08-11,Puglia,Subito Lavoro,7.001
2025-08-11,Sardegna,Subito Lavoro,3.658
2025-08-11,Sicilia,Subito Lavoro,6.878
2025-08-11,Toscana,Subito Lavoro,9.488
2025-08-11,Trentino-Alto Adige,Subito Lavoro,2.636
2025-08-11,Umbria,Subito Lavoro,1.929
2025-08-11,Valle d'Aosta,Subito Lavoro,0.194
2025-08-11,Veneto,Subito Lavoro,7.1
2025-08-18,Abruzzo,Subito Lavoro,2.888
2025-08-18,Basilicata,Subito Lavoro,1.282
2025-08-18,Calabria,Subito Lavoro,6.021
2025-08-18,Campania,Subito Lavoro,11.074
2025-08-18,Emilia-Romagna,Subito Lavoro,10.524
2025-08-18,Friuli-Venezia Giulia,Subito Lavoro,3.06
2025-08-18,Lazio,Subito Lavoro,10.799
2025-08-18,Liguria,Subito Lavoro,2.646
2025-08-18,Lombardia,Subito Lavoro,24.537
2025-08-18,Marche,Subito Lavoro,4.548
2025-08-18,Molise,Subito Lavoro,0.571
2025-08-18,Piemonte,Subito Lavoro,6.866
2025-08-18,Puglia,Subito Lavoro,7.353
2025-08-18,Sardegna,Subito Lavoro,3.82
2025-08-18,Sicilia,Subito Lavoro,7.669
2025-08-18,Toscana,Subito Lavoro,10.099
2025-08-18,Trentino-Alto Adige,Subito Lavoro,2.776
2025-08-18,Umbria,Subito Lavoro,2.196
2025-08-18,Valle d'Aosta,Subito Lavoro,0.213
2025-08-18,Veneto,Subito Lavoro,8.188
2025-08-25,Abruzzo,Subito Lavoro,3.16
2025-08-25,Basilicata,Subito Lavoro,1.398
2025-08-25,Calabria,Subito Lavoro,6.707
2025-08-25,Campania,Subito Lavoro,12.176
2025-08-25,Emilia-Romagna,Subito Lavoro,11.632
2025-08-25,Friuli-Venezia Giulia,Subito Lavoro,3.599
2025-08-25,Lazio,Subito Lavoro,13.811
2025-08-25,Liguria,Subito Lavoro,2.906
2025-08-25,Lombardia,Subito Lavoro,27.63
2025-08-25,Marche,Subito Lavoro,5.231
2025-08-25,Molise,Subito Lavoro,0.674
2025-08-25,Piemonte,Subito Lavoro,7.717
2025-08-25,Puglia,Subito Lavoro,7.868
2025-08-25,Sardegna,Subito Lavoro,4.041
2025-08-25,Sicilia,Subito Lavoro,9.251
2025-08-25,Toscana,Subito Lavoro,11.482
2025-08-25,Trentino-Alto Adige,Subito Lavoro,2.982
2025-08-25,Umbria,Subito Lavoro,2.461
2025-08-25,Valle d'Aosta,Subito Lavoro,0.248
2025-08-25,Veneto,Subito Lavoro,9.749
2025-09-01,Abruzzo,Subito Lavoro,3.147
2025-09-01,Basilicata,Subito Lavoro,1.381
2025-09-01,Calabria,Subito Lavoro,6.654
2025-09-01,Campania,Subito Lavoro,12.571
2025-09-01,Emilia-Romagna,Subito Lavoro,11.694
2025-09-01,Friuli-Venezia Giulia,Subito Lavoro,3.682
2025-09-01,Lazio,Subito Lavoro,14.291
2025-09-01,Liguria,Subito Lavoro,3.103
2025-09-01,Lombardia,Subito Lavoro,26.792
2025-09-01,Marche,Subito Lavoro,5.115
2025-09-01,Molise,Subito Lavoro,0.714
2025-09-01,Piemonte,Subito Lavoro,7.599
2025-09-01,Puglia,Subito Lavoro,8.052
2025-09-01,Sardegna,Subito Lavoro,3.991
2025-09-01,Sicilia,Subito Lavoro,9.655
2025-09-01,Toscana,Subito Lavoro,11.451
2025-09-01,Trentino-Alto Adige,Subito Lavoro,2.959
2025-09-01,Umbria,Subito Lavoro,2.426
2025-09-01,Valle d'Aosta,Subito Lavoro,0.25
2025-09-01,Veneto,Subito Lavoro,9.653
2025-09-08,Abruzzo,Subito Lavoro,3.087
2025-09-08,Basilicata,Subito Lavoro,1.383
2025-09-08,Calabria,Subito Lavoro,6.343
2025-09-08,Campania,Subito Lavoro,11.845
2025-09-08,Emilia-Romagna,Subito Lavoro,11.481
2025-09-08,Friuli-Venezia Giulia,Subito Lavoro,3.526
2025-09-08,Lazio,Subito Lavoro,13.942
2025-09-08,Liguria,Subito Lavoro,3.017
2025-09-08,Lombardia,Subito Lavoro,25.062
2025-09-08,Marche,Subito Lavoro,5.105
2025-09-08,Molise,Subito Lavoro,0.702
2025-09-08,Piemonte,Subito Lavoro,7.284
2025-09-08,Puglia,Subito Lavoro,7.754
2025-09-08,Sardegna,Subito Lavoro,3.793
2025-09-08,Sicilia,Subito Lavoro,9.365
2025-09-08,Toscana,Subito Lavoro,11.005
2025-09-08,Trentino-Alto Adige,Subito Lavoro,3.035
2025-09-08,Umbria,Subito Lavoro,2.374
2025-09-08,Valle d'Aosta,Subito Lavoro,0.237
2025-09-08,Veneto,Subito Lavoro,9.596
2025-09-15,Abruzzo,Subito Lavoro,2.994
2025-09-15,Basilicata,Subito Lavoro,1.316
2025-09-15,Calabria,Subito Lavoro,6.519
2025-09-15,Campania,Subito Lavoro,11.172
2025-09-15,Emilia-Romagna,Subito Lavoro,11.106
2025-09-15,Friuli-Venezia Giulia,Subito Lavoro,3.374
2025-09-15,Lazio,Subito Lavoro,12.963
2025-09-15,Liguria,Subito Lavoro,2.956
2025-09-15,Lombardia,Subito Lavoro,24.767
2025-09-15,Marche,Subito Lavoro,4.879
2025-09-15,Molise,Subito Lavoro,0.646
2025-09-15,Piemonte,Subito Lavoro,7.033
2025-09-15,Puglia,Subito Lavoro,7.667
2025-09-15,Sardegna,Subito Lavoro,3.662
2025-09-15,Sicilia,Subito Lavoro,8.779
2025-09-15,Toscana,Subito Lavoro,10.594
2025-09-15,Trentino-Alto Adige,Subito Lavoro,2.935
2025-09-15,Umbria,Subito Lavoro,2.28
2025-09-15,Valle d'Aosta,Subito Lavoro,0.231
2025-09-15,Veneto,Subito Lavoro,9.282
2025-09-22,Abruzzo,Subito Lavoro,3.076
2025-09-22,Basilicata,Subito Lavoro,1.336
2025-09-22,Calabria,Subito Lavoro,6.613
2025-09-22,Campania,Subito Lavoro,11.324
2025-09-22,Emilia-Romagna,Subito Lavoro,11.316
2025-09-22,Friuli-Venezia Giulia,Subito Lavoro,3.481
2025-09-22,Lazio,Subito Lavoro,13.715
2025-09-22,Liguria,Subito Lavoro,2.957
2025-09-22,Lombardia,Subito Lavoro,25.697
2025-09-22,Marche,Subito Lavoro,5.008
2025-09-22,Molise,Subito Lavoro,0.692
2025-09-22,Piemonte,Subito Lavoro,7.164
2025-09-22,Puglia,Subito Lavoro,7.691
2025-09-22,Sardegna,Subito Lavoro,3.74
2025-09-22,Sicilia,Subito Lavoro,8.849
2025-09-22,Toscana,Subito Lavoro,11.241
2025-09-22,Trentino-Alto Adige,Subito Lavoro,2.845
2025-09-22,Umbria,Subito Lavoro,2.463
2025-09-22,Valle d'Aosta,Subito Lavoro,0.237
2025-09-22,Veneto,Subito Lavoro,9.449
2025-09-29,Abruzzo,Subito Lavoro,2.585
2025-09-29,Basilicata,Subito Lavoro,1.092
2025-09-29,Calabria,Subito Lavoro,5.229
2025-09-29,Campania,Subito Lavoro,8.816
2025-09-29,Emilia-Romagna,Subito Lavoro,10.229
2025-09-29,Friuli-Venezia Giulia,Subito Lavoro,2.687
2025-09-29,Lazio,Subito Lavoro,10.975
2025-09-29,Liguria,Subito Lavoro,2.401
2025-09-29,Lombardia,Subito Lavoro,24.127
2025-09-29,Marche,Subito Lavoro,4.047
2025-09-29,Molise,Subito Lavoro,0.528
2025-09-29,Piemonte,Subito Lavoro,6.343
2025-09-29,Puglia,Subito Lavoro,6.313
2025-09-29,Sardegna,Subito Lavoro,3.054
2025-09-29,Sicilia,Subito Lavoro,7.084
2025-09-29,Toscana,Subito Lavoro,9.368
2025-09-29,Trentino-Alto Adige,Subito Lavoro,2.239
2025-09-29,Umbria,Subito Lavoro,1.849
2025-09-29,Valle d'Aosta,Subito Lavoro,0.184
2025-09-29,Veneto,Subito Lavoro,8.456
2025-10-06,Abruzzo,Subito Lavoro,2.558
2025-10-06,Basilicata,Subito Lavoro,1.086
2025-10-06,Calabria,Subito Lavoro,5.276
2025-10-06,Campania,Subito Lavoro,9.076
2025-10-06,Emilia-Romagna,Subito Lavoro,11.258
2025-10-06,Friuli-Venezia Giulia,Subito Lavoro,2.821
2025-10-06,Lazio,Subito Lavoro,11.872
2025-10-06,Liguria,Subito Lavoro,2.376
2025-10-06,Lombardia,Subito Lavoro,25.878
2025-10-06,Marche,Subito Lavoro,4.037
2025-10-06,Molise,Subito Lavoro,0.533
2025-10-06,Piemonte,Subito Lavoro,7.31
2025-10-06,Puglia,Subito Lavoro,6.241
2025-10-06,Sardegna,Subito Lavoro,3.071
2025-10-06,Sicilia,Subito Lavoro,7.28
2025-10-06,Toscana,Subito Lavoro,9.973
2025-10-06,Trentino-Alto Adige,Subito Lavoro,2.181
2025-10-06,Umbria,Subito Lavoro,1.817
2025-10-06,Valle d'Aosta,Subito Lavoro,0.192
2025-10-06,Veneto,Subito Lavoro,8.818
2025-10-13,Abruzzo,Subito Lavoro,2.527
2025-10-13,Basilicata,Subito Lavoro,1.084
2025-10-13,Calabria,Subito Lavoro,5.227
2025-10-13,Campania,Subito Lavoro,8.93
2025-10-13,Emilia-Romagna,Subito Lavoro,10.934
2025-10-13,Friuli-Venezia Giulia,Subito Lavoro,3.025
2025-10-13,Lazio,Subito Lavoro,12.072
2025-10-13,Liguria,Subito Lavoro,2.347
2025-10-13,Lombardia,Subito Lavoro,26.439
2025-10-13,Marche,Subito Lavoro,4.106
2025-10-13,Molise,Subito Lavoro,0.555
2025-10-13,Piemonte,Subito Lavoro,7.743
2025-10-13,Puglia,Subito Lavoro,6.048
2025-10-13,Sardegna,Subito Lavoro,2.961
2025-10-13,Sicilia,Subito Lavoro,7.143
2025-10-13,Toscana,Subito Lavoro,10.562
2025-10-13,Trentino-Alto Adige,Subito Lavoro,2.152
2025-10-13,Umbria,Subito Lavoro,1.859
2025-10-13,Valle d'Aosta,Subito Lavoro,0.193
2025-10-13,Veneto,Subito Lavoro,8.729
2025-10-20,Abruzzo,Subito Lavoro,2.826
2025-10-20,Basilicata,Subito Lavoro,1.259
2025-10-20,Calabria,Subito Lavoro,6.039
2025-10-20,Campania,Subito Lavoro,10.92
2025-10-20,Emilia-Romagna,Subito Lavoro,12.261
2025-10-20,Friuli-Venezia Giulia,Subito Lavoro,3.508
2025-10-20,Lazio,Subito Lavoro,13.686
2025-10-20,Liguria,Subito Lavoro,2.824
2025-10-20,Lombardia,Subito Lavoro,28.21
2025-10-20,Marche,Subito Lavoro,4.528
2025-10-20,Molise,Subito Lavoro,0.646
2025-10-20,Piemonte,Subito Lavoro,8.557
2025-10-20,Puglia,Subito Lavoro,6.981
2025-10-20,Sardegna,Subito Lavoro,3.429
2025-10-20,Sicilia,Subito Lavoro,8.228
2025-10-20,Toscana,Subito Lavoro,11.815
2025-10-20,Trentino-Alto Adige,Subito Lavoro,2.564
2025-10-20,Umbria,Subito Lavoro,2.275
2025-10-20,Valle d'Aosta,Subito Lavoro,0.235
2025-10-20,Veneto,Subito Lavoro,10.249
2025-10-27,Abruzzo,Subito Lavoro,2.731
2025-10-27,Basilicata,Subito Lavoro,1.245
2025-10-27,Calabria,Subito Lavoro,6.068
2025-10-27,Campania,Subito Lavoro,10.421
2025-10-27,Emilia-Romagna,Subito Lavoro,12.127
2025-10-27,Friuli-Venezia Giulia,Subito Lavoro,3.328
2025-10-27,Lazio,Subito Lavoro,13.509
2025-10-27,Liguria,Subito Lavoro,2.807
2025-10-27,Lombardia,Subito Lavoro,27.538
2025-10-27,Marche,Subito Lavoro,4.425
2025-10-27,Molise,Subito Lavoro,0.63
2025-10-27,Piemonte,Subito Lavoro,8.667
2025-10-27,Puglia,Subito Lavoro,6.997
2025-10-27,Sardegna,Subito Lavoro,3.4
2025-10-27,Sicilia,Subito Lavoro,8.061
2025-10-27,Toscana,Subito Lavoro,11.95
2025-10-27,Trentino-Alto Adige,Subito Lavoro,2.764
2025-10-27,Umbria,Subito Lavoro,2.306
2025-10-27,Valle d'Aosta,Subito Lavoro,0.236
2025-10-27,Veneto,Subito Lavoro,10.454
2025-11-03,Abruzzo,Subito Lavoro,2.883
2025-11-03,Basilicata,Subito Lavoro,1.327
2025-11-03,Calabria,Subito Lavoro,6.795
2025-11-03,Campania,Subito Lavoro,10.762
2025-11-03,Emilia-Romagna,Subito Lavoro,12.909
2025-11-03,Friuli-Venezia Giulia,Subito Lavoro,3.408
2025-11-03,Lazio,Subito Lavoro,13.865
2025-11-03,Liguria,Subito Lavoro,2.928
2025-11-03,Lombardia,Subito Lavoro,28.483
2025-11-03,Marche,Subito Lavoro,4.723
2025-11-03,Molise,Subito Lavoro,0.68
2025-11-03,Piemonte,Subito Lavoro,9.275
2025-11-03,Puglia,Subito Lavoro,7.804
2025-11-03,Sardegna,Subito Lavoro,3.656
2025-11-03,Sicilia,Subito Lavoro,9.18
2025-11-03,Toscana,Subito Lavoro,12.134
2025-11-03,Trentino-Alto Adige,Subito Lavoro,2.743
2025-11-03,Umbria,Subito Lavoro,2.462
2025-11-03,Valle d'Aosta,Subito Lavoro,0.249
2025-11-03,Veneto,Subito Lavoro,11.093
2025-11-10,Abruzzo,Subito Lavoro,2.708
2025-11-10,Basilicata,Subito Lavoro,1.219
2025-11-10,Calabria,Subito Lavoro,6.153
2025-11-10,Campania,Subito Lavoro,9.806
2025-11-10,Emilia-Romagna,Subito Lavoro,12.132
2025-11-10,Friuli-Venezia Giulia,Subito Lavoro,3.206
2025-11-10,Lazio,Subito Lavoro,12.095
2025-11-10,Liguria,Subito Lavoro,2.817
2025-11-10,Lombardia,Subito Lavoro,27.182
2025-11-10,Marche,Subito Lavoro,4.215
2025-11-10,Molise,Subito Lavoro,0.608
2025-11-10,Piemonte,Subito Lavoro,8.681
2025-11-10,Puglia,Subito Lavoro,7.083
2025-11-10,Sardegna,Subito Lavoro,3.262
2025-11-10,Sicilia,Subito Lavoro,7.976
2025-11-10,Toscana,Subito Lavoro,11.325
2025-11-10,Trentino-Alto Adige,Subito Lavoro,2.473
2025-11-10,Umbria,Subito Lavoro,2.093
2025-11-10,Valle d'Aosta,Subito Lavoro,0.217
2025-11-10,Veneto,Subito Lavoro,9.875
2025-11-17,Abruzzo,Subito Lavoro,2.905
2025-11-17,Basilicata,Subito Lavoro,1.309
2025-11-17,Calabria,Subito Lavoro,6.237
2025-11-17,Campania,Subito Lavoro,10.482
2025-11-17,Emilia-Romagna,Subito Lavoro,12.446
2025-11-17,Friuli-Venezia Giulia,Subito Lavoro,3.324
2025-11-17,Lazio,Subito Lavoro,12.759
2025-11-17,Liguria,Subito Lavoro,2.855
2025-11-17,Lombardia,Subito Lavoro,28.189
2025-11-17,Marche,Subito Lavoro,4.308
2025-11-17,Molise,Subito Lavoro,0.593
2025-11-17,Piemonte,Subito Lavoro,8.853
2025-11-17,Puglia,Subito Lavoro,7.155
2025-11-17,Sardegna,Subito Lavoro,3.39
2025-11-17,Sicilia,Subito Lavoro,8.351
2025-11-17,Toscana,Subito Lavoro,11.788
2025-11-17,Trentino-Alto Adige,Subito Lavoro,2.601
2025-11-17,Umbria,Subito Lavoro,2.201
2025-11-17,Valle d'Aosta,Subito Lavoro,0.228
2025-11-17,Veneto,Subito Lavoro,10.357
2025-11-24,Abruzzo,Subito Lavoro,2.775
2025-11-24,Basilicata,Subito Lavoro,1.326
2025-11-24,Calabria,Subito Lavoro,6.326
2025-11-24,Campania,Subito Lavoro,10.331
2025-11-24,Emilia-Romagna,Subito Lavoro,12.34
2025-11-24,Friuli-Venezia Giulia,Subito Lavoro,3.229
2025-11-24,Lazio,Subito Lavoro,12.049
2025-11-24,Liguria,Subito Lavoro,2.846
2025-11-24,Lombardia,Subito Lavoro,28.01
2025-11-24,Marche,Subito Lavoro,4.318
2025-11-24,Molise,Subito Lavoro,0.588
2025-11-24,Piemonte,Subito Lavoro,8.591
2025-11-24,Puglia,Subito Lavoro,7.258
2025-11-24,Sardegna,Subito Lavoro,3.298
2025-11-24,Sicilia,Subito Lavoro,8.502
2025-11-24,Toscana,Subito Lavoro,11.665
2025-11-24,Trentino-Alto Adige,Subito Lavoro,2.636
2025-11-24,Umbria,Subito Lavoro,2.199
2025-11-24,Valle d'Aosta,Subito Lavoro,0.224
2025-11-24,Veneto,Subito Lavoro,10.126
2025-12-01,Abruzzo,Subito Lavoro,2.862
2025-12-01,Basilicata,Subito Lavoro,1.267
2025-12-01,Calabria,Subito Lavoro,6.317
2025-12-01,Campania,Subito Lavoro,10.469
2025-12-01,Emilia-Romagna,Subito Lavoro,11.202
2025-12-01,Friuli-Venezia Giulia,Subito Lavoro,3.09
2025-12-01,Lazio,Subito Lavoro,12.66
2025-12-01,Liguria,Subito Lavoro,2.943
2025-12-01,Lombardia,Subito Lavoro,25.424
2025-12-01,Marche,Subito Lavoro,4.424
2025-12-01,Molise,Subito Lavoro,0.594
2025-12-01,Piemonte,Subito Lavoro,7.597
2025-12-01,Puglia,Subito Lavoro,7.527
2025-12-01,Sardegna,Subito Lavoro,3.369
2025-12-01,Sicilia,Subito Lavoro,8.584
2025-12-01,Toscana,Subito Lavoro,11.463
2025-12-01,Trentino-Alto Adige,Subito Lavoro,2.771
2025-12-01,Umbria,Subito Lavoro,2.133
2025-12-01,Valle d'Aosta,Subito Lavoro,0.227
2025-12-01,Veneto,Subito Lavoro,8.79
2025-12-08,Abruzzo,Subito Lavoro,2.887
2025-12-08,Basilicata,Subito Lavoro,1.33
2025-12-08,Calabria,Subito Lavoro,6.3
2025-12-08,Campania,Subito Lavoro,11.578
2025-12-08,Emilia-Romagna,Subito Lavoro,11.357
2025-12-08,Friuli-Venezia Giulia,Subito Lavoro,3.352
2025-12-08,Lazio,Subito Lavoro,13.816
2025-12-08,Liguria,Subito Lavoro,3.137
2025-12-08,Lombardia,Subito Lavoro,25.048
2025-12-08,Marche,Subito Lavoro,4.792
2025-12-08,Molise,Subito Lavoro,0.614
2025-12-08,Piemonte,Subito Lavoro,7.778
2025-12-08,Puglia,Subito Lavoro,7.565
2025-12-08,Sardegna,Subito Lavoro,3.347
2025-12-08,Sicilia,Subito Lavoro,8.833
2025-12-08,Toscana,Subito Lavoro,12.069
2025-12-08,Trentino-Alto Adige,Subito Lavoro,2.885
2025-12-08,Umbria,Subito Lavoro,2.238
2025-12-08,Valle d'Aosta,Subito Lavoro,0.235
2025-12-08,Veneto,Subito Lavoro,9.393
2025-12-15,Abruzzo,Subito Lavoro,3.111
2025-12-15,Basilicata,Subito Lavoro,1.432
2025-12-15,Calabria,Subito Lavoro,6.549
2025-12-15,Campania,Subito Lavoro,12.311
2025-12-15,Emilia-Romagna,Subito Lavoro,11.765
2025-12-15,Friuli-Venezia Giulia,Subito Lavoro,3.608
2025-12-15,Lazio,Subito Lavoro,14.394
2025-12-15,Liguria,Subito Lavoro,3.212
2025-12-15,Lombardia,Subito Lavoro,25.828
2025-12-15,Marche,Subito Lavoro,5.08
2025-12-15,Molise,Subito Lavoro,0.689
2025-12-15,Piemonte,Subito Lavoro,8.135
2025-12-15,Puglia,Subito Lavoro,7.753
2025-12-15,Sardegna,Subito Lavoro,3.695
2025-12-15,Sicilia,Subito Lavoro,8.992
2025-12-15,Toscana,Subito Lavoro,12.434
2025-12-15,Trentino-Alto Adige,Subito Lavoro,3.135
2025-12-15,Umbria,Subito Lavoro,2.498
2025-12-15,Valle d'Aosta,Subito Lavoro,0.257
2025-12-15,Veneto,Subito Lavoro,9.962
2025-12-22,Abruzzo,Subito Lavoro,3.028
2025-12-22,Basilicata,Subito Lavoro,1.422
2025-12-22,Calabria,Subito Lavoro,6.469
2025-12-22,Campania,Subito Lavoro,11.861
2025-12-22,Emilia-Romagna,Subito Lavoro,11.667
2025-12-22,Friuli-Venezia Giulia,Subito Lavoro,3.604
2025-12-22,Lazio,Subito Lavoro,14.011
2025-12-22,Liguria,Subito Lavoro,3.168
2025-12-22,Lombardia,Subito Lavoro,25.677
2025-12-22,Marche,Subito Lavoro,4.87
2025-12-22,Molise,Subito Lavoro,0.666
2025-12-22,Piemonte,Subito Lavoro,8.306
2025-12-22,Puglia,Subito Lavoro,7.693
2025-12-22,Sardegna,Subito Lavoro,3.636
2025-12-22,Sicilia,Subito Lavoro,9.104
2025-12-22,Toscana,Subito Lavoro,12.365
2025-12-22,Trentino-Alto Adige,Subito Lavoro,3.141
2025-12-22,Umbria,Subito Lavoro,2.584
2025-12-22,Valle d'Aosta,Subito Lavoro,0.259
2025-12-22,Veneto,Subito Lavoro,9.721
2024-01-01,Abruzzo,Jooble,1.173
2024-01-01,Basilicata,Jooble,0.475
2024-01-01,Calabria,Jooble,1.957
2024-01-01,Campania,Jooble,4.179
2024-01-01,Emilia-Romagna,Jooble,5.598
2024-01-01,Friuli-Venezia Giulia,Jooble,0.849
2024-01-01,Lazio,Jooble,4.377
2024-01-01,Liguria,Jooble,0.87
2024-01-01,Lombardia,Jooble,8.389
2024-01-01,Marche,Jooble,1.429
2024-01-01,Molise,Jooble,0.243
2024-01-01,Piemonte,Jooble,4.494
2024-01-01,Puglia,Jooble,3.839
2024-01-01,Sardegna,Jooble,1.186
2024-01-01,Sicilia,Jooble,3.595
2024-01-01,Toscana,Jooble,2.326
2024-01-01,Trentino-Alto Adige,Jooble,1.064
2024-01-01,Umbria,Jooble,0.621
2024-01-01,Valle d'Aosta,Jooble,0.063
2024-01-01,Veneto,Jooble,4.31
2024-01-08,Abruzzo,Jooble,1.219
2024-01-08,Basilicata,Jooble,0.476
2024-01-08,Calabria,Jooble,1.846
2024-01-08,Campania,Jooble,3.858
2024-01-08,Emilia-Romagna,Jooble,5.438
2024-01-08,Friuli-Venezia Giulia,Jooble,0.877
2024-01-08,Lazio,Jooble,4.413
2024-01-08,Liguria,Jooble,0.874
2024-01-08,Lombardia,Jooble,9.182
2024-01-08,Marche,Jooble,1.498
2024-01-08,Molise,Jooble,0.248
2024-01-08,Piemonte,Jooble,4.92
2024-01-08,Puglia,Jooble,4.148
2024-01-08,Sardegna,Jooble,1.186
2024-01-08,Sicilia,Jooble,3.925
2024-01-08,Toscana,Jooble,2.44
2024-01-08,Trentino-Alto Adige,Jooble,1.096
2024-01-08,Umbria,Jooble,0.611
2024-01-08,Valle d'Aosta,Jooble,0.063
2024-01-08,Veneto,Jooble,4.309
2024-01-15,Abruzzo,Jooble,1.228
2024-01-15,Basilicata,Jooble,0.495
2024-01-15,Calabria,Jooble,1.839
2024-01-15,Campania,Jooble,4.315
2024-01-15,Emilia-Romagna,Jooble,5.613
2024-01-15,Friuli-Venezia Giulia,Jooble,0.899
2024-01-15,Lazio,Jooble,4.339
2024-01-15,Liguria,Jooble,0.874
2024-01-15,Lombardia,Jooble,8.7
2024-01-15,Marche,Jooble,1.586
2024-01-15,Molise,Jooble,0.243
2024-01-15,Piemonte,Jooble,5.071
2024-01-15,Puglia,Jooble,4.225
2024-01-15,Sardegna,Jooble,1.247
2024-01-15,Sicilia,Jooble,3.754
2024-01-15,Toscana,Jooble,2.398
2024-01-15,Trentino-Alto Adige,Jooble,1.146
2024-01-15,Umbria,Jooble,0.648
2024-01-15,Valle d'Aosta,Jooble,0.063
2024-01-15,Veneto,Jooble,4.418
2024-01-22,Abruzzo,Jooble,1.135
2024-01-22,Basilicata,Jooble,0.468
2024-01-22,Calabria,Jooble,1.655
2024-01-22,Campania,Jooble,4.026
2024-01-22,Emilia-Romagna,Jooble,5.366
2024-01-22,Friuli-Venezia Giulia,Jooble,0.868
2024-01-22,Lazio,Jooble,3.814
2024-01-22,Liguria,Jooble,0.827
2024-01-22,Lombardia,Jooble,7.972
2024-01-22,Marche,Jooble,1.371
2024-01-22,Molise,Jooble,0.21
2024-01-22,Piemonte,Jooble,4.501
2024-01-22,Puglia,Jooble,3.965
2024-01-22,Sardegna,Jooble,1.175
2024-01-22,Sicilia,Jooble,3.496
2024-01-22,Toscana,Jooble,2.163
2024-01-22,Trentino-Alto Adige,Jooble,0.94
2024-01-22,Umbria,Jooble,0.568
2024-01-22,Valle d'Aosta,Jooble,0.053
2024-01-22,Veneto,Jooble,4.306
2024-01-29,Abruzzo,Jooble,0.965
2024-01-29,Basilicata,Jooble,0.377
2024-01-29,Calabria,Jooble,1.334
2024-01-29,Campania,Jooble,3.261
2024-01-29,Emilia-Romagna,Jooble,4.265
2024-01-29,Friuli-Venezia Giulia,Jooble,0.674
2024-01-29,Lazio,Jooble,3.31
2024-01-29,Liguria,Jooble,0.601
2024-01-29,Lombardia,Jooble,6.424
2024-01-29,Marche,Jooble,1.089
2024-01-29,Molise,Jooble,0.175
2024-01-29,Piemonte,Jooble,3.653
2024-01-29,Puglia,Jooble,3.081
2024-01-29,Sardegna,Jooble,0.942
2024-01-29,Sicilia,Jooble,2.758
2024-01-29,Toscana,Jooble,1.734
2024-01-29,Trentino-Alto Adige,Jooble,0.791
2024-01-29,Umbria,Jooble,0.441
2024-01-29,Valle d'Aosta,Jooble,0.042
2024-01-29,Veneto,Jooble,3.394
2024-02-05,Abruzzo,Jooble,0.134
2024-02-05,Basilicata,Jooble,0.053
2024-02-05,Calabria,Jooble,0.175
2024-02-05,Campania,Jooble,0.454
2024-02-05,Emilia-Romagna,Jooble,0.591
2024-02-05,Friuli-Venezia Giulia,Jooble,0.092
2024-02-05,Lazio,Jooble,0.498
2024-02-05,Liguria,Jooble,0.076
2024-02-05,Lombardia,Jooble,0.859
2024-02-05,Marche,Jooble,0.154
2024-02-05,Molise,Jooble,0.023
2024-02-05,Piemonte,Jooble,0.504
2024-02-05,Puglia,Jooble,0.402
2024-02-05,Sardegna,Jooble,0.126
2024-02-05,Sicilia,Jooble,0.365
2024-02-05,Toscana,Jooble,0.243
2024-02-05,Trentino-Alto Adige,Jooble,0.112
2024-02-05,Umbria,Jooble,0.056
2024-02-05,Valle d'Aosta,Jooble,0.006
2024-02-05,Veneto,Jooble,0.466
2024-02-12,Abruzzo,Jooble,0.014
2024-02-12,Basilicata,Jooble,0.006
2024-02-12,Calabria,Jooble,0.018
2024-02-12,Campania,Jooble,0.047
2024-02-12,Emilia-Romagna,Jooble,0.061
2024-02-12,Friuli-Venezia Giulia,Jooble,0.01
2024-02-12,Lazio,Jooble,0.052
2024-02-12,Liguria,Jooble,0.008
2024-02-12,Lombardia,Jooble,0.089
2024-02-12,Marche,Jooble,0.016
2024-02-12,Molise,Jooble,0.002
2024-02-12,Piemonte,Jooble,0.052
2024-02-12,Puglia,Jooble,0.041
2024-02-12,Sardegna,Jooble,0.013
2024-02-12,Sicilia,Jooble,0.038
2024-02-12,Toscana,Jooble,0.025
2024-02-12,Trentino-Alto Adige,Jooble,0.012
2024-02-12,Umbria,Jooble,0.006
2024-02-12,Valle d'Aosta,Jooble,0.001
2024-02-12,Veneto,Jooble,0.048
2024-02-19,Abruzzo,Jooble,1.324
2024-02-19,Basilicata,Jooble,0.503
2024-02-19,Calabria,Jooble,1.834
2024-02-19,Campania,Jooble,4.66
2024-02-19,Emilia-Romagna,Jooble,5.998
2024-02-19,Friuli-Venezia Giulia,Jooble,0.887
2024-02-19,Lazio,Jooble,4.555
2024-02-19,Liguria,Jooble,0.913
2024-02-19,Lombardia,Jooble,9.406
2024-02-19,Marche,Jooble,1.524
2024-02-19,Molise,Jooble,0.25
2024-02-19,Piemonte,Jooble,5.253
2024-02-19,Puglia,Jooble,4.15
2024-02-19,Sardegna,Jooble,1.292
2024-02-19,Sicilia,Jooble,3.686
2024-02-19,Toscana,Jooble,2.23
2024-02-19,Trentino-Alto Adige,Jooble,1.221
2024-02-19,Umbria,Jooble,0.716
2024-02-19,Valle d'Aosta,Jooble,0.058
2024-02-19,Veneto,Jooble,4.32
2024-02-26,Abruzzo,Jooble,1.288
2024-02-26,Basilicata,Jooble,0.456
2024-02-26,Calabria,Jooble,1.871
2024-02-26,Campania,Jooble,4.325
2024-02-26,Emilia-Romagna,Jooble,5.764
2024-02-26,Friuli-Venezia Giulia,Jooble,0.923
2024-02-26,Lazio,Jooble,4.602
2024-02-26,Liguria,Jooble,0.887
2024-02-26,Lombardia,Jooble,9.804
2024-02-26,Marche,Jooble,1.492
2024-02-26,Molise,Jooble,0.257
2024-02-26,Piemonte,Jooble,5.272
2024-02-26,Puglia,Jooble,4.431
2024-02-26,Sardegna,Jooble,1.259
2024-02-26,Sicilia,Jooble,3.617
2024-02-26,Toscana,Jooble,2.341
2024-02-26,Trentino-Alto Adige,Jooble,1.202
2024-02-26,Umbria,Jooble,0.654
2024-02-26,Valle d'Aosta,Jooble,0.061
2024-02-26,Veneto,Jooble,4.562
2024-03-04,Abruzzo,Jooble,1.238
2024-03-04,Basilicata,Jooble,0.437
2024-03-04,Calabria,Jooble,1.738
2024-03-04,Campania,Jooble,4.142
2024-03-04,Emilia-Romagna,Jooble,5.559
2024-03-04,Friuli-Venezia Giulia,Jooble,0.815
2024-03-04,Lazio,Jooble,4.724
2024-03-04,Liguria,Jooble,0.806
2024-03-04,Lombardia,Jooble,8.875
2024-03-04,Marche,Jooble,1.536
2024-03-04,Molise,Jooble,0.243
2024-03-04,Piemonte,Jooble,4.953
2024-03-04,Puglia,Jooble,3.852
2024-03-04,Sardegna,Jooble,1.208
2024-03-04,Sicilia,Jooble,3.543
2024-03-04,Toscana,Jooble,2.186
2024-03-04,Trentino-Alto Adige,Jooble,1.12
2024-03-04,Umbria,Jooble,0.663
2024-03-04,Valle d'Aosta,Jooble,0.054
2024-03-04,Veneto,Jooble,3.906
2024-03-11,Abruzzo,Jooble,1.187
2024-03-11,Basilicata,Jooble,0.446
2024-03-11,Calabria,Jooble,1.722
2024-03-11,Campania,Jooble,3.734
2024-03-11,Emilia-Romagna,Jooble,5.527
2024-03-11,Friuli-Venezia Giulia,Jooble,0.833
2024-03-11,Lazio,Jooble,4.421
2024-03-11,Liguria,Jooble,0.762
2024-03-11,Lombardia,Jooble,8.309
2024-03-11,Marche,Jooble,1.429
2024-03-11,Molise,Jooble,0.23
2024-03-11,Piemonte,Jooble,4.71
2024-03-11,Puglia,Jooble,3.677
2024-03-11,Sardegna,Jooble,1.102
2024-03-11,Sicilia,Jooble,3.614
2024-03-11,Toscana,Jooble,2.261
2024-03-11,Trentino-Alto Adige,Jooble,1.109
2024-03-11,Umbria,Jooble,0.668
2024-03-11,Valle d'Aosta,Jooble,0.053
2024-03-11,Veneto,Jooble,4.066
2024-03-18,Abruzzo,Jooble,1.258
2024-03-18,Basilicata,Jooble,0.492
2024-03-18,Calabria,Jooble,1.8
2024-03-18,Campania,Jooble,4.423
2024-03-18,Emilia-Romagna,Jooble,5.592
2024-03-18,Friuli-Venezia Giulia,Jooble,0.834
2024-03-18,Lazio,Jooble,4.591
2024-03-18,Liguria,Jooble,0.862
2024-03-18,Lombardia,Jooble,8.642
2024-03-18,Marche,Jooble,1.449
2024-03-18,Molise,Jooble,0.257
2024-03-18,Piemonte,Jooble,5.026
2024-03-18,Puglia,Jooble,4.049
2024-03-18,Sardegna,Jooble,1.134
2024-03-18,Sicilia,Jooble,3.598
2024-03-18,Toscana,Jooble,2.359
2024-03-18,Trentino-Alto Adige,Jooble,1.147
2024-03-18,Umbria,Jooble,0.704
2024-03-18,Valle d'Aosta,Jooble,0.06
2024-03-18,Veneto,Jooble,4.384
2024-03-25,Abruzzo,Jooble,1.361
2024-03-25,Basilicata,Jooble,0.468
2024-03-25,Calabria,Jooble,1.829
2024-03-25,Campania,Jooble,4.321
2024-03-25,Emilia-Romagna,Jooble,5.591
2024-03-25,Friuli-Venezia Giulia,Jooble,0.856
2024-03-25,Lazio,Jooble,4.313
2024-03-25,Liguria,Jooble,0.898
2024-03-25,Lombardia,Jooble,8.747
2024-03-25,Marche,Jooble,1.446
2024-03-25,Molise,Jooble,0.253
2024-03-25,Piemonte,Jooble,4.964
2024-03-25,Puglia,Jooble,4.134
2024-03-25,Sardegna,Jooble,1.159
2024-03-25,Sicilia,Jooble,3.539
2024-03-25,Toscana,Jooble,2.313
2024-03-25,Trentino-Alto Adige,Jooble,1.153
2024-03-25,Umbria,Jooble,0.696
2024-03-25,Valle d'Aosta,Jooble,0.061
2024-03-25,Veneto,Jooble,4.416
2024-04-01,Abruzzo,Jooble,1.528
2024-04-01,Basilicata,Jooble,0.507
2024-04-01,Calabria,Jooble,2.019
2024-04-01,Campania,Jooble,4.664
2024-04-01,Emilia-Romagna,Jooble,6.158
2024-04-01,Friuli-Venezia Giulia,Jooble,0.92
2024-04-01,Lazio,Jooble,4.797
2024-04-01,Liguria,Jooble,0.931
2024-04-01,Lombardia,Jooble,9.695
2024-04-01,Marche,Jooble,1.598
2024-04-01,Molise,Jooble,0.28
2024-04-01,Piemonte,Jooble,5.249
2024-04-01,Puglia,Jooble,4.762
2024-04-01,Sardegna,Jooble,1.228
2024-04-01,Sicilia,Jooble,4.143
2024-04-01,Toscana,Jooble,2.508
2024-04-01,Trentino-Alto Adige,Jooble,1.208
2024-04-01,Umbria,Jooble,0.742
2024-04-01,Valle d'Aosta,Jooble,0.067
2024-04-01,Veneto,Jooble,4.561
2024-04-08,Abruzzo,Jooble,1.413
2024-04-08,Basilicata,Jooble,0.473
2024-04-08,Calabria,Jooble,1.802
2024-04-08,Campania,Jooble,4.154
2024-04-08,Emilia-Romagna,Jooble,5.514
2024-04-08,Friuli-Venezia Giulia,Jooble,0.806
2024-04-08,Lazio,Jooble,4.252
2024-04-08,Liguria,Jooble,0.757
2024-04-08,Lombardia,Jooble,8.878
2024-04-08,Marche,Jooble,1.368
2024-04-08,Molise,Jooble,0.244
2024-04-08,Piemonte,Jooble,4.721
2024-04-08,Puglia,Jooble,4.078
2024-04-08,Sardegna,Jooble,1.13
2024-04-08,Sicilia,Jooble,3.614
2024-04-08,Toscana,Jooble,2.254
2024-04-08,Trentino-Alto Adige,Jooble,1.109
2024-04-08,Umbria,Jooble,0.64
2024-04-08,Valle d'Aosta,Jooble,0.061
2024-04-08,Veneto,Jooble,3.9
2024-04-15,Abruzzo,Jooble,1.196
2024-04-15,Basilicata,Jooble,0.441
2024-04-15,Calabria,Jooble,1.651
2024-04-15,Campania,Jooble,3.826
2024-04-15,Emilia-Romagna,Jooble,4.881
2024-04-15,Friuli-Venezia Giulia,Jooble,0.745
2024-04-15,Lazio,Jooble,3.897
2024-04-15,Liguria,Jooble,0.749
2024-04-15,Lombardia,Jooble,8.145
2024-04-15,Marche,Jooble,1.204
2024-04-15,Molise,Jooble,0.216
2024-04-15,Piemonte,Jooble,4.34
2024-04-15,Puglia,Jooble,3.478
2024-04-15,Sardegna,Jooble,0.974
2024-04-15,Sicilia,Jooble,3.367
2024-04-15,Toscana,Jooble,1.914
2024-04-15,Trentino-Alto Adige,Jooble,0.975
2024-04-15,Umbria,Jooble,0.614
2024-04-15,Valle d'Aosta,Jooble,0.055
2024-04-15,Veneto,Jooble,3.64
2024-04-22,Abruzzo,Jooble,1.152
2024-04-22,Basilicata,Jooble,0.407
2024-04-22,Calabria,Jooble,1.522
2024-04-22,Campania,Jooble,3.79
2024-04-22,Emilia-Romagna,Jooble,4.484
2024-04-22,Friuli-Venezia Giulia,Jooble,0.725
2024-04-22,Lazio,Jooble,3.719
2024-04-22,Liguria,Jooble,0.719
2024-04-22,Lombardia,Jooble,7.913
2024-04-22,Marche,Jooble,1.274
2024-04-22,Molise,Jooble,0.209
2024-04-22,Piemonte,Jooble,4.457
2024-04-22,Puglia,Jooble,3.331
2024-04-22,Sardegna,Jooble,0.886
2024-04-22,Sicilia,Jooble,3.304
2024-04-22,Toscana,Jooble,1.966
2024-04-22,Trentino-Alto Adige,Jooble,0.965
2024-04-22,Umbria,Jooble,0.58
2024-04-22,Valle d'Aosta,Jooble,0.05
2024-04-22,Veneto,Jooble,3.492
2024-04-29,Abruzzo,Jooble,1.224
2024-04-29,Basilicata,Jooble,0.45
2024-04-29,Calabria,Jooble,1.539
2024-04-29,Campania,Jooble,4.055
2024-04-29,Emilia-Romagna,Jooble,5.115
2024-04-29,Friuli-Venezia Giulia,Jooble,0.751
2024-04-29,Lazio,Jooble,3.978
2024-04-29,Liguria,Jooble,0.758
2024-04-29,Lombardia,Jooble,8.076
2024-04-29,Marche,Jooble,1.307
2024-04-29,Molise,Jooble,0.224
2024-04-29,Piemonte,Jooble,4.441
2024-04-29,Puglia,Jooble,3.539
2024-04-29,Sardegna,Jooble,0.951
2024-04-29,Sicilia,Jooble,3.33
2024-04-29,Toscana,Jooble,1.981
2024-04-29,Trentino-Alto Adige,Jooble,1.063
2024-04-29,Umbria,Jooble,0.593
2024-04-29,Valle d'Aosta,Jooble,0.056
2024-04-29,Veneto,Jooble,3.781
2024-05-06,Abruzzo,Jooble,1.359
2024-05-06,Basilicata,Jooble,0.526
2024-05-06,Calabria,Jooble,1.901
2024-05-06,Campania,Jooble,4.889
2024-05-06,Emilia-Romagna,Jooble,6.025
2024-05-06,Friuli-Venezia Giulia,Jooble,0.887
2024-05-06,Lazio,Jooble,4.78
2024-05-06,Liguria,Jooble,0.871
2024-05-06,Lombardia,Jooble,9.031
2024-05-06,Marche,Jooble,1.442
2024-05-06,Molise,Jooble,0.267
2024-05-06,Piemonte,Jooble,5.011
2024-05-06,Puglia,Jooble,4.254
2024-05-06,Sardegna,Jooble,1.239
2024-05-06,Sicilia,Jooble,3.884
2024-05-06,Toscana,Jooble,2.44
2024-05-06,Trentino-Alto Adige,Jooble,1.168
2024-05-06,Umbria,Jooble,0.756
2024-05-06,Valle d'Aosta,Jooble,0.061
2024-05-06,Veneto,Jooble,4.453
2024-05-13,Abruzzo,Jooble,1.196
2024-05-13,Basilicata,Jooble,0.483
2024-05-13,Calabria,Jooble,1.689
2024-05-13,Campania,Jooble,4.322
2024-05-13,Emilia-Romagna,Jooble,5.353
2024-05-13,Friuli-Venezia Giulia,Jooble,0.778
2024-05-13,Lazio,Jooble,4.034
2024-05-13,Liguria,Jooble,0.724
2024-05-13,Lombardia,Jooble,8.255
2024-05-13,Marche,Jooble,1.353
2024-05-13,Molise,Jooble,0.224
2024-05-13,Piemonte,Jooble,4.54
2024-05-13,Puglia,Jooble,4.168
2024-05-13,Sardegna,Jooble,1.117
2024-05-13,Sicilia,Jooble,3.291
2024-05-13,Toscana,Jooble,2.259
2024-05-13,Trentino-Alto Adige,Jooble,1.073
2024-05-13,Umbria,Jooble,0.69
2024-05-13,Valle d'Aosta,Jooble,0.051
2024-05-13,Veneto,Jooble,4.349
2024-05-20,Abruzzo,Jooble,1.063
2024-05-20,Basilicata,Jooble,0.439
2024-05-20,Calabria,Jooble,1.606
2024-05-20,Campania,Jooble,4.003
2024-05-20,Emilia-Romagna,Jooble,5.344
2024-05-20,Friuli-Venezia Giulia,Jooble,0.737
2024-05-20,Lazio,Jooble,3.49
2024-05-20,Liguria,Jooble,0.671
2024-05-20,Lombardia,Jooble,7.598
2024-05-20,Marche,Jooble,1.237
2024-05-20,Molise,Jooble,0.214
2024-05-20,Piemonte,Jooble,4.388
2024-05-20,Puglia,Jooble,3.872
2024-05-20,Sardegna,Jooble,1.031
2024-05-20,Sicilia,Jooble,3.162
2024-05-20,Toscana,Jooble,2.089
2024-05-20,Trentino-Alto Adige,Jooble,0.921
2024-05-20,Umbria,Jooble,0.646
2024-05-20,Valle d'Aosta,Jooble,0.048
2024-05-20,Veneto,Jooble,3.967
2024-05-27,Abruzzo,Jooble,1.038
2024-05-27,Basilicata,Jooble,0.421
2024-05-27,Calabria,Jooble,1.522
2024-05-27,Campania,Jooble,3.98
2024-05-27,Emilia-Romagna,Jooble,5.504
2024-05-27,Friuli-Venezia Giulia,Jooble,0.706
2024-05-27,Lazio,Jooble,3.884
2024-05-27,Liguria,Jooble,0.677
2024-05-27,Lombardia,Jooble,7.976
2024-05-27,Marche,Jooble,1.272
2024-05-27,Molise,Jooble,0.219
2024-05-27,Piemonte,Jooble,4.558
2024-05-27,Puglia,Jooble,3.745
2024-05-27,Sardegna,Jooble,1.058
2024-05-27,Sicilia,Jooble,3.105
2024-05-27,Toscana,Jooble,2.073
2024-05-27,Trentino-Alto Adige,Jooble,0.953
2024-05-27,Umbria,Jooble,0.637
2024-05-27,Valle d'Aosta,Jooble,0.049
2024-05-27,Veneto,Jooble,3.962
2024-06-03,Abruzzo,Jooble,1.011
2024-06-03,Basilicata,Jooble,0.445
2024-06-03,Calabria,Jooble,1.712
2024-06-03,Campania,Jooble,3.978
2024-06-03,Emilia-Romagna,Jooble,5.538
2024-06-03,Friuli-Venezia Giulia,Jooble,0.78
2024-06-03,Lazio,Jooble,4.041
2024-06-03,Liguria,Jooble,0.668
2024-06-03,Lombardia,Jooble,8.009
2024-06-03,Marche,Jooble,1.379
2024-06-03,Molise,Jooble,0.246
2024-06-03,Piemonte,Jooble,4.6
2024-06-03,Puglia,Jooble,3.925
2024-06-03,Sardegna,Jooble,0.969
2024-06-03,Sicilia,Jooble,3.271
2024-06-03,Toscana,Jooble,2.007
2024-06-03,Trentino-Alto Adige,Jooble,1.001
2024-06-03,Umbria,Jooble,0.668
2024-06-03,Valle d'Aosta,Jooble,0.051
2024-06-03,Veneto,Jooble,4.004
2024-06-10,Abruzzo,Jooble,1.015
2024-06-10,Basilicata,Jooble,0.45
2024-06-10,Calabria,Jooble,2.006
2024-06-10,Campania,Jooble,4.078
2024-06-10,Emilia-Romagna,Jooble,5.787
2024-06-10,Friuli-Venezia Giulia,Jooble,0.751
2024-06-10,Lazio,Jooble,3.98
2024-06-10,Liguria,Jooble,0.691
2024-06-10,Lombardia,Jooble,9.451
2024-06-10,Marche,Jooble,1.339
2024-06-10,Molise,Jooble,0.236
2024-06-10,Piemonte,Jooble,4.598
2024-06-10,Puglia,Jooble,4.259
2024-06-10,Sardegna,Jooble,1.276
2024-06-10,Sicilia,Jooble,3.923
2024-06-10,Toscana,Jooble,1.95
2024-06-10,Trentino-Alto Adige,Jooble,1.197
2024-06-10,Umbria,Jooble,0.678
2024-06-10,Valle d'Aosta,Jooble,0.056
2024-06-10,Veneto,Jooble,3.882
2024-06-17,Abruzzo,Jooble,0.825
2024-06-17,Basilicata,Jooble,0.367
2024-06-17,Calabria,Jooble,1.579
2024-06-17,Campania,Jooble,3.241
2024-06-17,Emilia-Romagna,Jooble,4.801
2024-06-17,Friuli-Venezia Giulia,Jooble,0.613
2024-06-17,Lazio,Jooble,3.053
2024-06-17,Liguria,Jooble,0.572
2024-06-17,Lombardia,Jooble,7.255
2024-06-17,Marche,Jooble,1.131
2024-06-17,Molise,Jooble,0.171
2024-06-17,Piemonte,Jooble,3.606
2024-06-17,Puglia,Jooble,3.372
2024-06-17,Sardegna,Jooble,1.045
2024-06-17,Sicilia,Jooble,3.552
2024-06-17,Toscana,Jooble,1.608
2024-06-17,Trentino-Alto Adige,Jooble,1.007
2024-06-17,Umbria,Jooble,0.542
2024-06-17,Valle d'Aosta,Jooble,0.047
2024-06-17,Veneto,Jooble,3.048
2024-06-24,Abruzzo,Jooble,0.788
2024-06-24,Basilicata,Jooble,0.32
2024-06-24,Calabria,Jooble,1.514
2024-06-24,Campania,Jooble,3.27
2024-06-24,Emilia-Romagna,Jooble,4.833
2024-06-24,Friuli-Venezia Giulia,Jooble,0.621
2024-06-24,Lazio,Jooble,3.068
2024-06-24,Liguria,Jooble,0.569
2024-06-24,Lombardia,Jooble,6.638
2024-06-24,Marche,Jooble,1.107
2024-06-24,Molise,Jooble,0.177
2024-06-24,Piemonte,Jooble,3.629
2024-06-24,Puglia,Jooble,3.3
2024-06-24,Sardegna,Jooble,0.983
2024-06-24,Sicilia,Jooble,3.335
2024-06-24,Toscana,Jooble,1.594
2024-06-24,Trentino-Alto Adige,Jooble,0.94
2024-06-24,Umbria,Jooble,0.521
2024-06-24,Valle d'Aosta,Jooble,0.045
2024-06-24,Veneto,Jooble,3.0
2024-07-01,Abruzzo,Jooble,0.812
2024-07-01,Basilicata,Jooble,0.293
2024-07-01,Calabria,Jooble,1.438
2024-07-01,Campania,Jooble,2.802
2024-07-01,Emilia-Romagna,Jooble,4.497
2024-07-01,Friuli-Venezia Giulia,Jooble,0.593
2024-07-01,Lazio,Jooble,2.973
2024-07-01,Liguria,Jooble,0.544
2024-07-01,Lombardia,Jooble,6.196
2024-07-01,Marche,Jooble,1.06
2024-07-01,Molise,Jooble,0.165
2024-07-01,Piemonte,Jooble,3.348
2024-07-01,Puglia,Jooble,3.066
2024-07-01,Sardegna,Jooble,0.923
2024-07-01,Sicilia,Jooble,3.192
2024-07-01,Toscana,Jooble,1.549
2024-07-01,Trentino-Alto Adige,Jooble,0.877
2024-07-01,Umbria,Jooble,0.453
2024-07-01,Valle d'Aosta,Jooble,0.043
2024-07-01,Veneto,Jooble,2.588
2024-07-08,Abruzzo,Jooble,0.686
2024-07-08,Basilicata,Jooble,0.245
2024-07-08,Calabria,Jooble,1.319
2024-07-08,Campania,Jooble,2.209
2024-07-08,Emilia-Romagna,Jooble,3.904
2024-07-08,Friuli-Venezia Giulia,Jooble,0.477
2024-07-08,Lazio,Jooble,2.521
2024-07-08,Liguria,Jooble,0.449
2024-07-08,Lombardia,Jooble,4.85
2024-07-08,Marche,Jooble,0.924
2024-07-08,Molise,Jooble,0.14
2024-07-08,Piemonte,Jooble,2.716
2024-07-08,Puglia,Jooble,2.607
2024-07-08,Sardegna,Jooble,0.747
2024-07-08,Sicilia,Jooble,2.751
2024-07-08,Toscana,Jooble,1.297
2024-07-08,Trentino-Alto Adige,Jooble,0.691
2024-07-08,Umbria,Jooble,0.383
2024-07-08,Valle d'Aosta,Jooble,0.035
2024-07-08,Veneto,Jooble,2.316
2024-07-15,Abruzzo,Jooble,0.743
2024-07-15,Basilicata,Jooble,0.254
2024-07-15,Calabria,Jooble,1.354
2024-07-15,Campania,Jooble,2.3
2024-07-15,Emilia-Romagna,Jooble,4.004
2024-07-15,Friuli-Venezia Giulia,Jooble,0.513
2024-07-15,Lazio,Jooble,2.772
2024-07-15,Liguria,Jooble,0.445
2024-07-15,Lombardia,Jooble,5.25
2024-07-15,Marche,Jooble,0.887
2024-07-15,Molise,Jooble,0.151
2024-07-15,Piemonte,Jooble,2.628
2024-07-15,Puglia,Jooble,2.854
2024-07-15,Sardegna,Jooble,0.822
2024-07-15,Sicilia,Jooble,2.587
2024-07-15,Toscana,Jooble,1.336
2024-07-15,Trentino-Alto Adige,Jooble,0.737
2024-07-15,Umbria,Jooble,0.382
2024-07-15,Valle d'Aosta,Jooble,0.034
2024-07-15,Veneto,Jooble,2.587
2024-07-22,Abruzzo,Jooble,0.768
2024-07-22,Basilicata,Jooble,0.261
2024-07-22,Calabria,Jooble,1.334
2024-07-22,Campania,Jooble,2.454
2024-07-22,Emilia-Romagna,Jooble,4.194
2024-07-22,Friuli-Venezia Giulia,Jooble,0.514
2024-07-22,Lazio,Jooble,2.753
2024-07-22,Liguria,Jooble,0.479
2024-07-22,Lombardia,Jooble,5.498
2024-07-22,Marche,Jooble,0.947
2024-07-22,Molise,Jooble,0.157
2024-07-22,Piemonte,Jooble,2.803
2024-07-22,Puglia,Jooble,3.103
2024-07-22,Sardegna,Jooble,0.927
2024-07-22,Sicilia,Jooble,2.861
2024-07-22,Toscana,Jooble,1.332
2024-07-22,Trentino-Alto Adige,Jooble,0.812
2024-07-22,Umbria,Jooble,0.384
2024-07-22,Valle d'Aosta,Jooble,0.039
2024-07-22,Veneto,Jooble,2.608
2024-07-29,Abruzzo,Jooble,0.826
2024-07-29,Basilicata,Jooble,0.341
2024-07-29,Calabria,Jooble,1.627
2024-07-29,Campania,Jooble,3.098
2024-07-29,Emilia-Romagna,Jooble,4.677
2024-07-29,Friuli-Venezia Giulia,Jooble,0.589
2024-07-29,Lazio,Jooble,3.302
2024-07-29,Liguria,Jooble,0.539
2024-07-29,Lombardia,Jooble,6.073
2024-07-29,Marche,Jooble,1.126
2024-07-29,Molise,Jooble,0.186
2024-07-29,Piemonte,Jooble,3.455
2024-07-29,Puglia,Jooble,3.389
2024-07-29,Sardegna,Jooble,1.069
2024-07-29,Sicilia,Jooble,3.386
2024-07-29,Toscana,Jooble,1.569
2024-07-29,Trentino-Alto Adige,Jooble,0.947
2024-07-29,Umbria,Jooble,0.484
2024-07-29,Valle d'Aosta,Jooble,0.048
2024-07-29,Veneto,Jooble,2.928
2024-08-05,Abruzzo,Jooble,0.109
2024-08-05,Basilicata,Jooble,0.046
2024-08-05,Calabria,Jooble,0.229
2024-08-05,Campania,Jooble,0.423
2024-08-05,Emilia-Romagna,Jooble,0.673
2024-08-05,Friuli-Venezia Giulia,Jooble,0.077
2024-08-05,Lazio,Jooble,0.496
2024-08-05,Liguria,Jooble,0.066
2024-08-05,Lombardia,Jooble,0.797
2024-08-05,Marche,Jooble,0.162
2024-08-05,Molise,Jooble,0.025
2024-08-05,Piemonte,Jooble,0.467
2024-08-05,Puglia,Jooble,0.456
2024-08-05,Sardegna,Jooble,0.15
2024-08-05,Sicilia,Jooble,0.484
2024-08-05,Toscana,Jooble,0.212
2024-08-05,Trentino-Alto Adige,Jooble,0.146
2024-08-05,Umbria,Jooble,0.063
2024-08-05,Valle d'Aosta,Jooble,0.007
2024-08-05,Veneto,Jooble,0.383
2024-08-12,Abruzzo,Jooble,0.011
2024-08-12,Basilicata,Jooble,0.005
2024-08-12,Calabria,Jooble,0.024
2024-08-12,Campania,Jooble,0.044
2024-08-12,Emilia-Romagna,Jooble,0.07
2024-08-12,Friuli-Venezia Giulia,Jooble,0.008
2024-08-12,Lazio,Jooble,0.052
2024-08-12,Liguria,Jooble,0.007
2024-08-12,Lombardia,Jooble,0.082
2024-08-12,Marche,Jooble,0.017
2024-08-12,Molise,Jooble,0.003
2024-08-12,Piemonte,Jooble,0.048
2024-08-12,Puglia,Jooble,0.047
2024-08-12,Sardegna,Jooble,0.016
2024-08-12,Sicilia,Jooble,0.051
2024-08-12,Toscana,Jooble,0.022
2024-08-12,Trentino-Alto Adige,Jooble,0.015
2024-08-12,Umbria,Jooble,0.006
2024-08-12,Valle d'Aosta,Jooble,0.001
2024-08-12,Veneto,Jooble,0.039
2024-08-19,Abruzzo,Jooble,0.001
2024-08-19,Basilicata,Jooble,0.0
2024-08-19,Calabria,Jooble,0.002
2024-08-19,Campania,Jooble,0.004
2024-08-19,Emilia-Romagna,Jooble,0.007
2024-08-19,Friuli-Venezia Giulia,Jooble,0.001
2024-08-19,Lazio,Jooble,0.005
2024-08-19,Liguria,Jooble,0.001
2024-08-19,Lombardia,Jooble,0.008
2024-08-19,Marche,Jooble,0.002
2024-08-19,Molise,Jooble,0.0
2024-08-19,Piemonte,Jooble,0.005
2024-08-19,Puglia,Jooble,0.005
2024-08-19,Sardegna,Jooble,0.002
2024-08-19,Sicilia,Jooble,0.005
2024-08-19,Toscana,Jooble,0.002
2024-08-19,Trentino-Alto Adige,Jooble,0.002
2024-08-19,Umbria,Jooble,0.001
2024-08-19,Valle d'Aosta,Jooble,0.0
2024-08-19,Veneto,Jooble,0.004
2024-08-26,Abruzzo,Jooble,0.849
2024-08-26,Basilicata,Jooble,0.346
2024-08-26,Calabria,Jooble,1.256
2024-08-26,Campania,Jooble,3.471
2024-08-26,Emilia-Romagna,Jooble,4.169
2024-08-26,Friuli-Venezia Giulia,Jooble,0.522
2024-08-26,Lazio,Jooble,3.096
2024-08-26,Liguria,Jooble,0.539
2024-08-26,Lombardia,Jooble,6.339
2024-08-26,Marche,Jooble,1.077
2024-08-26,Molise,Jooble,0.163
2024-08-26,Piemonte,Jooble,3.644
2024-08-26,Puglia,Jooble,3.038
2024-08-26,Sardegna,Jooble,0.866
2024-08-26,Sicilia,Jooble,2.838
2024-08-26,Toscana,Jooble,1.654
2024-08-26,Trentino-Alto Adige,Jooble,0.885
2024-08-26,Umbria,Jooble,0.619
2024-08-26,Valle d'Aosta,Jooble,0.043
2024-08-26,Veneto,Jooble,3.06
2024-09-02,Abruzzo,Jooble,1.039
2024-09-02,Basilicata,Jooble,0.394
2024-09-02,Calabria,Jooble,1.753
2024-09-02,Campania,Jooble,3.988
2024-09-02,Emilia-Romagna,Jooble,5.185
2024-09-02,Friuli-Venezia Giulia,Jooble,0.692
2024-09-02,Lazio,Jooble,3.683
2024-09-02,Liguria,Jooble,0.701
2024-09-02,Lombardia,Jooble,7.888
2024-09-02,Marche,Jooble,1.211
2024-09-02,Molise,Jooble,0.215
2024-09-02,Piemonte,Jooble,4.467
2024-09-02,Puglia,Jooble,3.86
2024-09-02,Sardegna,Jooble,1.021
2024-09-02,Sicilia,Jooble,3.564
2024-09-02,Toscana,Jooble,1.954
2024-09-02,Trentino-Alto Adige,Jooble,0.897
2024-09-02,Umbria,Jooble,0.685
2024-09-02,Valle d'Aosta,Jooble,0.049
2024-09-02,Veneto,Jooble,4.105
2024-09-09,Abruzzo,Jooble,0.944
2024-09-09,Basilicata,Jooble,0.357
2024-09-09,Calabria,Jooble,1.52
2024-09-09,Campania,Jooble,3.447
2024-09-09,Emilia-Romagna,Jooble,4.482
2024-09-09,Friuli-Venezia Giulia,Jooble,0.611
2024-09-09,Lazio,Jooble,3.463
2024-09-09,Liguria,Jooble,0.588
2024-09-09,Lombardia,Jooble,7.082
2024-09-09,Marche,Jooble,1.071
2024-09-09,Molise,Jooble,0.184
2024-09-09,Piemonte,Jooble,3.723
2024-09-09,Puglia,Jooble,3.147
2024-09-09,Sardegna,Jooble,0.786
2024-09-09,Sicilia,Jooble,3.027
2024-09-09,Toscana,Jooble,1.725
2024-09-09,Trentino-Alto Adige,Jooble,0.754
2024-09-09,Umbria,Jooble,0.666
2024-09-09,Valle d'Aosta,Jooble,0.044
2024-09-09,Veneto,Jooble,3.391
2024-09-16,Abruzzo,Jooble,0.84
2024-09-16,Basilicata,Jooble,0.316
2024-09-16,Calabria,Jooble,1.266
2024-09-16,Campania,Jooble,3.208
2024-09-16,Emilia-Romagna,Jooble,4.011
2024-09-16,Friuli-Venezia Giulia,Jooble,0.589
2024-09-16,Lazio,Jooble,3.248
2024-09-16,Liguria,Jooble,0.551
2024-09-16,Lombardia,Jooble,6.466
2024-09-16,Marche,Jooble,0.989
2024-09-16,Molise,Jooble,0.157
2024-09-16,Piemonte,Jooble,3.202
2024-09-16,Puglia,Jooble,2.707
2024-09-16,Sardegna,Jooble,0.723
2024-09-16,Sicilia,Jooble,2.696
2024-09-16,Toscana,Jooble,1.65
2024-09-16,Trentino-Alto Adige,Jooble,0.76
2024-09-16,Umbria,Jooble,0.602
2024-09-16,Valle d'Aosta,Jooble,0.039
2024-09-16,Veneto,Jooble,3.025
2024-09-23,Abruzzo,Jooble,0.919
2024-09-23,Basilicata,Jooble,0.368
2024-09-23,Calabria,Jooble,1.519
2024-09-23,Campania,Jooble,3.196
2024-09-23,Emilia-Romagna,Jooble,4.573
2024-09-23,Friuli-Venezia Giulia,Jooble,0.686
2024-09-23,Lazio,Jooble,3.623
2024-09-23,Liguria,Jooble,0.63
2024-09-23,Lombardia,Jooble,7.131
2024-09-23,Marche,Jooble,1.089
2024-09-23,Molise,Jooble,0.177
2024-09-23,Piemonte,Jooble,3.633
2024-09-23,Puglia,Jooble,3.006
2024-09-23,Sardegna,Jooble,0.868
2024-09-23,Sicilia,Jooble,2.987
2024-09-23,Toscana,Jooble,1.765
2024-09-23,Trentino-Alto Adige,Jooble,0.881
2024-09-23,Umbria,Jooble,0.634
2024-09-23,Valle d'Aosta,Jooble,0.044
2024-09-23,Veneto,Jooble,3.206
2024-09-30,Abruzzo,Jooble,0.956
2024-09-30,Basilicata,Jooble,0.41
2024-09-30,Calabria,Jooble,1.654
2024-09-30,Campania,Jooble,3.448
2024-09-30,Emilia-Romagna,Jooble,5.437
2024-09-30,Friuli-Venezia Giulia,Jooble,0.728
2024-09-30,Lazio,Jooble,3.679
2024-09-30,Liguria,Jooble,0.697
2024-09-30,Lombardia,Jooble,8.767
2024-09-30,Marche,Jooble,1.206
2024-09-30,Molise,Jooble,0.188
2024-09-30,Piemonte,Jooble,4.74
2024-09-30,Puglia,Jooble,3.275
2024-09-30,Sardegna,Jooble,0.933
2024-09-30,Sicilia,Jooble,3.085
2024-09-30,Toscana,Jooble,1.913
2024-09-30,Trentino-Alto Adige,Jooble,0.927
2024-09-30,Umbria,Jooble,0.665
2024-09-30,Valle d'Aosta,Jooble,0.048
2024-09-30,Veneto,Jooble,3.877
2024-10-07,Abruzzo,Jooble,1.092
2024-10-07,Basilicata,Jooble,0.439
2024-10-07,Calabria,Jooble,1.855
2024-10-07,Campania,Jooble,3.606
2024-10-07,Emilia-Romagna,Jooble,5.575
2024-10-07,Friuli-Venezia Giulia,Jooble,0.79
2024-10-07,Lazio,Jooble,4.005
2024-10-07,Liguria,Jooble,0.802
2024-10-07,Lombardia,Jooble,9.883
2024-10-07,Marche,Jooble,1.315
2024-10-07,Molise,Jooble,0.205
2024-10-07,Piemonte,Jooble,5.277
2024-10-07,Puglia,Jooble,3.375
2024-10-07,Sardegna,Jooble,0.971
2024-10-07,Sicilia,Jooble,3.345
2024-10-07,Toscana,Jooble,2.059
2024-10-07,Trentino-Alto Adige,Jooble,0.922
2024-10-07,Umbria,Jooble,0.751
2024-10-07,Valle d'Aosta,Jooble,0.05
2024-10-07,Veneto,Jooble,4.174
2024-10-14,Abruzzo,Jooble,1.087
2024-10-14,Basilicata,Jooble,0.401
2024-10-14,Calabria,Jooble,1.733
2024-10-14,Campania,Jooble,3.714
2024-10-14,Emilia-Romagna,Jooble,5.601
2024-10-14,Friuli-Venezia Giulia,Jooble,0.779
2024-10-14,Lazio,Jooble,3.869
2024-10-14,Liguria,Jooble,0.744
2024-10-14,Lombardia,Jooble,9.763
2024-10-14,Marche,Jooble,1.183
2024-10-14,Molise,Jooble,0.207
2024-10-14,Piemonte,Jooble,5.377
2024-10-14,Puglia,Jooble,3.315
2024-10-14,Sardegna,Jooble,0.953
2024-10-14,Sicilia,Jooble,3.428
2024-10-14,Toscana,Jooble,1.93
2024-10-14,Trentino-Alto Adige,Jooble,0.93
2024-10-14,Umbria,Jooble,0.681
2024-10-14,Valle d'Aosta,Jooble,0.051
2024-10-14,Veneto,Jooble,4.254
2024-10-21,Abruzzo,Jooble,1.141
2024-10-21,Basilicata,Jooble,0.433
2024-10-21,Calabria,Jooble,1.751
2024-10-21,Campania,Jooble,3.906
2024-10-21,Emilia-Romagna,Jooble,5.489
2024-10-21,Friuli-Venezia Giulia,Jooble,0.808
2024-10-21,Lazio,Jooble,3.944
2024-10-21,Liguria,Jooble,0.769
2024-10-21,Lombardia,Jooble,9.459
2024-10-21,Marche,Jooble,1.197
2024-10-21,Molise,Jooble,0.192
2024-10-21,Piemonte,Jooble,5.645
2024-10-21,Puglia,Jooble,3.366
2024-10-21,Sardegna,Jooble,0.958
2024-10-21,Sicilia,Jooble,3.522
2024-10-21,Toscana,Jooble,1.958
2024-10-21,Trentino-Alto Adige,Jooble,0.949
2024-10-21,Umbria,Jooble,0.732
2024-10-21,Valle d'Aosta,Jooble,0.052
2024-10-21,Veneto,Jooble,4.292
2024-10-28,Abruzzo,Jooble,1.034
2024-10-28,Basilicata,Jooble,0.383
2024-10-28,Calabria,Jooble,1.538
2024-10-28,Campania,Jooble,3.739
2024-10-28,Emilia-Romagna,Jooble,5.159
2024-10-28,Friuli-Venezia Giulia,Jooble,0.755
2024-10-28,Lazio,Jooble,3.525
2024-10-28,Liguria,Jooble,0.724
2024-10-28,Lombardia,Jooble,9.166
2024-10-28,Marche,Jooble,1.109
2024-10-28,Molise,Jooble,0.176
2024-10-28,Piemonte,Jooble,5.109
2024-10-28,Puglia,Jooble,3.306
2024-10-28,Sardegna,Jooble,0.9
2024-10-28,Sicilia,Jooble,3.052
2024-10-28,Toscana,Jooble,1.672
2024-10-28,Trentino-Alto Adige,Jooble,0.948
2024-10-28,Umbria,Jooble,0.675
2024-10-28,Valle d'Aosta,Jooble,0.048
2024-10-28,Veneto,Jooble,3.996
2024-11-04,Abruzzo,Jooble,1.072
2024-11-04,Basilicata,Jooble,0.36
2024-11-04,Calabria,Jooble,1.596
2024-11-04,Campania,Jooble,3.788
2024-11-04,Emilia-Romagna,Jooble,5.008
2024-11-04,Friuli-Venezia Giulia,Jooble,0.714
2024-11-04,Lazio,Jooble,3.372
2024-11-04,Liguria,Jooble,0.642
2024-11-04,Lombardia,Jooble,9.258
2024-11-04,Marche,Jooble,1.168
2024-11-04,Molise,Jooble,0.185
2024-11-04,Piemonte,Jooble,4.44
2024-11-04,Puglia,Jooble,3.266
2024-11-04,Sardegna,Jooble,0.867
2024-11-04,Sicilia,Jooble,3.301
2024-11-04,Toscana,Jooble,1.725
2024-11-04,Trentino-Alto Adige,Jooble,0.924
2024-11-04,Umbria,Jooble,0.634
2024-11-04,Valle d'Aosta,Jooble,0.049
2024-11-04,Veneto,Jooble,4.151
2024-11-11,Abruzzo,Jooble,1.121
2024-11-11,Basilicata,Jooble,0.384
2024-11-11,Calabria,Jooble,1.662
2024-11-11,Campania,Jooble,3.62
2024-11-11,Emilia-Romagna,Jooble,5.258
2024-11-11,Friuli-Venezia Giulia,Jooble,0.713
2024-11-11,Lazio,Jooble,3.424
2024-11-11,Liguria,Jooble,0.655
2024-11-11,Lombardia,Jooble,8.761
2024-11-11,Marche,Jooble,1.156
2024-11-11,Molise,Jooble,0.18
2024-11-11,Piemonte,Jooble,4.746
2024-11-11,Puglia,Jooble,3.178
2024-11-11,Sardegna,Jooble,0.915
2024-11-11,Sicilia,Jooble,3.173
2024-11-11,Toscana,Jooble,1.734
2024-11-11,Trentino-Alto Adige,Jooble,0.924
2024-11-11,Umbria,Jooble,0.679
2024-11-11,Valle d'Aosta,Jooble,0.048
2024-11-11,Veneto,Jooble,4.225
2024-11-18,Abruzzo,Jooble,0.976
2024-11-18,Basilicata,Jooble,0.36
2024-11-18,Calabria,Jooble,1.52
2024-11-18,Campania,Jooble,3.385
2024-11-18,Emilia-Romagna,Jooble,5.428
2024-11-18,Friuli-Venezia Giulia,Jooble,0.638
2024-11-18,Lazio,Jooble,3.171
2024-11-18,Liguria,Jooble,0.593
2024-11-18,Lombardia,Jooble,8.054
2024-11-18,Marche,Jooble,1.07
2024-11-18,Molise,Jooble,0.172
2024-11-18,Piemonte,Jooble,4.471
2024-11-18,Puglia,Jooble,2.905
2024-11-18,Sardegna,Jooble,0.821
2024-11-18,Sicilia,Jooble,2.915
2024-11-18,Toscana,Jooble,1.842
2024-11-18,Trentino-Alto Adige,Jooble,0.865
2024-11-18,Umbria,Jooble,0.496
2024-11-18,Valle d'Aosta,Jooble,0.047
2024-11-18,Veneto,Jooble,3.959
2024-11-25,Abruzzo,Jooble,0.798
2024-11-25,Basilicata,Jooble,0.313
2024-11-25,Calabria,Jooble,1.256
2024-11-25,Campania,Jooble,2.933
2024-11-25,Emilia-Romagna,Jooble,4.841
2024-11-25,Friuli-Venezia Giulia,Jooble,0.582
2024-11-25,Lazio,Jooble,2.766
2024-11-25,Liguria,Jooble,0.522
2024-11-25,Lombardia,Jooble,7.332
2024-11-25,Marche,Jooble,0.956
2024-11-25,Molise,Jooble,0.17
2024-11-25,Piemonte,Jooble,4.231
2024-11-25,Puglia,Jooble,2.374
2024-11-25,Sardegna,Jooble,0.71
2024-11-25,Sicilia,Jooble,2.524
2024-11-25,Toscana,Jooble,1.639
2024-11-25,Trentino-Alto Adige,Jooble,0.817
2024-11-25,Umbria,Jooble,0.425
2024-11-25,Valle d'Aosta,Jooble,0.041
2024-11-25,Veneto,Jooble,3.648
2024-12-02,Abruzzo,Jooble,0.978
2024-12-02,Basilicata,Jooble,0.404
2024-12-02,Calabria,Jooble,1.531
2024-12-02,Campania,Jooble,4.177
2024-12-02,Emilia-Romagna,Jooble,5.105
2024-12-02,Friuli-Venezia Giulia,Jooble,0.741
2024-12-02,Lazio,Jooble,3.452
2024-12-02,Liguria,Jooble,0.718
2024-12-02,Lombardia,Jooble,7.687
2024-12-02,Marche,Jooble,1.19
2024-12-02,Molise,Jooble,0.212
2024-12-02,Piemonte,Jooble,4.191
2024-12-02,Puglia,Jooble,3.162
2024-12-02,Sardegna,Jooble,1.032
2024-12-02,Sicilia,Jooble,3.257
2024-12-02,Toscana,Jooble,2.106
2024-12-02,Trentino-Alto Adige,Jooble,0.995
2024-12-02,Umbria,Jooble,0.562
2024-12-02,Valle d'Aosta,Jooble,0.052
2024-12-02,Veneto,Jooble,3.702
2024-12-09,Abruzzo,Jooble,1.071
2024-12-09,Basilicata,Jooble,0.402
2024-12-09,Calabria,Jooble,1.521
2024-12-09,Campania,Jooble,4.113
2024-12-09,Emilia-Romagna,Jooble,5.054
2024-12-09,Friuli-Venezia Giulia,Jooble,0.739
2024-12-09,Lazio,Jooble,3.631
2024-12-09,Liguria,Jooble,0.688
2024-12-09,Lombardia,Jooble,7.578
2024-12-09,Marche,Jooble,1.202
2024-12-09,Molise,Jooble,0.21
2024-12-09,Piemonte,Jooble,4.305
2024-12-09,Puglia,Jooble,3.378
2024-12-09,Sardegna,Jooble,0.986
2024-12-09,Sicilia,Jooble,3.392
2024-12-09,Toscana,Jooble,2.003
2024-12-09,Trentino-Alto Adige,Jooble,0.902
2024-12-09,Umbria,Jooble,0.545
2024-12-09,Valle d'Aosta,Jooble,0.047
2024-12-09,Veneto,Jooble,3.497
2024-12-16,Abruzzo,Jooble,0.156
2024-12-16,Basilicata,Jooble,0.058
2024-12-16,Calabria,Jooble,0.208
2024-12-16,Campania,Jooble,0.637
2024-12-16,Emilia-Romagna,Jooble,0.754
2024-12-16,Friuli-Venezia Giulia,Jooble,0.105
2024-12-16,Lazio,Jooble,0.574
2024-12-16,Liguria,Jooble,0.09
2024-12-16,Lombardia,Jooble,1.079
2024-12-16,Marche,Jooble,0.178
2024-12-16,Molise,Jooble,0.029
2024-12-16,Piemonte,Jooble,0.637
2024-12-16,Puglia,Jooble,0.454
2024-12-16,Sardegna,Jooble,0.134
2024-12-16,Sicilia,Jooble,0.485
2024-12-16,Toscana,Jooble,0.299
2024-12-16,Trentino-Alto Adige,Jooble,0.136
2024-12-16,Umbria,Jooble,0.073
2024-12-16,Valle d'Aosta,Jooble,0.007
2024-12-16,Veneto,Jooble,0.486
2024-12-23,Abruzzo,Jooble,0.016
2024-12-23,Basilicata,Jooble,0.006
2024-12-23,Calabria,Jooble,0.022
2024-12-23,Campania,Jooble,0.067
2024-12-23,Emilia-Romagna,Jooble,0.079
2024-12-23,Friuli-Venezia Giulia,Jooble,0.011
2024-12-23,Lazio,Jooble,0.061
2024-12-23,Liguria,Jooble,0.009
2024-12-23,Lombardia,Jooble,0.113
2024-12-23,Marche,Jooble,0.019
2024-12-23,Molise,Jooble,0.003
2024-12-23,Piemonte,Jooble,0.067
2024-12-23,Puglia,Jooble,0.047
2024-12-23,Sardegna,Jooble,0.014
2024-12-23,Sicilia,Jooble,0.051
2024-12-23,Toscana,Jooble,0.031
2024-12-23,Trentino-Alto Adige,Jooble,0.014
2024-12-23,Umbria,Jooble,0.008
2024-12-23,Valle d'Aosta,Jooble,0.001
2024-12-23,Veneto,Jooble,0.051
2024-12-30,Abruzzo,Jooble,1.033
2024-12-30,Basilicata,Jooble,0.397
2024-12-30,Calabria,Jooble,1.445
2024-12-30,Campania,Jooble,3.813
2024-12-30,Emilia-Romagna,Jooble,5.051
2024-12-30,Friuli-Venezia Giulia,Jooble,0.666
2024-12-30,Lazio,Jooble,3.708
2024-12-30,Liguria,Jooble,0.688
2024-12-30,Lombardia,Jooble,7.209
2024-12-30,Marche,Jooble,1.133
2024-12-30,Molise,Jooble,0.202
2024-12-30,Piemonte,Jooble,4.193
2024-12-30,Puglia,Jooble,3.397
2024-12-30,Sardegna,Jooble,0.933
2024-12-30,Sicilia,Jooble,3.171
2024-12-30,Toscana,Jooble,1.973
2024-12-30,Trentino-Alto Adige,Jooble,0.89
2024-12-30,Umbria,Jooble,0.547
2024-12-30,Valle d'Aosta,Jooble,0.052
2024-12-30,Veneto,Jooble,3.496
2025-01-06,Abruzzo,Jooble,0.936
2025-01-06,Basilicata,Jooble,0.35
2025-01-06,Calabria,Jooble,1.345
2025-01-06,Campania,Jooble,3.176
2025-01-06,Emilia-Romagna,Jooble,4.308
2025-01-06,Friuli-Venezia Giulia,Jooble,0.6
2025-01-06,Lazio,Jooble,3.105
2025-01-06,Liguria,Jooble,0.606
2025-01-06,Lombardia,Jooble,7.107
2025-01-06,Marche,Jooble,1.033
2025-01-06,Molise,Jooble,0.185
2025-01-06,Piemonte,Jooble,3.656
2025-01-06,Puglia,Jooble,3.01
2025-01-06,Sardegna,Jooble,0.858
2025-01-06,Sicilia,Jooble,2.716
2025-01-06,Toscana,Jooble,1.697
2025-01-06,Trentino-Alto Adige,Jooble,0.863
2025-01-06,Umbria,Jooble,0.506
2025-01-06,Valle d'Aosta,Jooble,0.046
2025-01-06,Veneto,Jooble,3.228
2025-01-13,Abruzzo,Jooble,0.935
2025-01-13,Basilicata,Jooble,0.332
2025-01-13,Calabria,Jooble,1.392
2025-01-13,Campania,Jooble,2.9
2025-01-13,Emilia-Romagna,Jooble,3.849
2025-01-13,Friuli-Venezia Giulia,Jooble,0.585
2025-01-13,Lazio,Jooble,2.856
2025-01-13,Liguria,Jooble,0.563
2025-01-13,Lombardia,Jooble,6.478
2025-01-13,Marche,Jooble,1.017
2025-01-13,Molise,Jooble,0.166
2025-01-13,Piemonte,Jooble,3.202
2025-01-13,Puglia,Jooble,2.807
2025-01-13,Sardegna,Jooble,0.804
2025-01-13,Sicilia,Jooble,2.521
2025-01-13,Toscana,Jooble,1.47
2025-01-13,Trentino-Alto Adige,Jooble,0.784
2025-01-13,Umbria,Jooble,0.47
2025-01-13,Valle d'Aosta,Jooble,0.041
2025-01-13,Veneto,Jooble,3.065
2025-01-20,Abruzzo,Jooble,0.997
2025-01-20,Basilicata,Jooble,0.331
2025-01-20,Calabria,Jooble,1.365
2025-01-20,Campania,Jooble,2.844
2025-01-20,Emilia-Romagna,Jooble,3.872
2025-01-20,Friuli-Venezia Giulia,Jooble,0.545
2025-01-20,Lazio,Jooble,2.904
2025-01-20,Liguria,Jooble,0.532
2025-01-20,Lombardia,Jooble,6.402
2025-01-20,Marche,Jooble,1.042
2025-01-20,Molise,Jooble,0.177
2025-01-20,Piemonte,Jooble,3.289
2025-01-20,Puglia,Jooble,2.838
2025-01-20,Sardegna,Jooble,0.823
2025-01-20,Sicilia,Jooble,2.657
2025-01-20,Toscana,Jooble,1.577
2025-01-20,Trentino-Alto Adige,Jooble,0.734
2025-01-20,Umbria,Jooble,0.478
2025-01-20,Valle d'Aosta,Jooble,0.04
2025-01-20,Veneto,Jooble,3.123
2025-01-27,Abruzzo,Jooble,1.239
2025-01-27,Basilicata,Jooble,0.429
2025-01-27,Calabria,Jooble,1.704
2025-01-27,Campania,Jooble,3.631
2025-01-27,Emilia-Romagna,Jooble,4.953
2025-01-27,Friuli-Venezia Giulia,Jooble,0.713
2025-01-27,Lazio,Jooble,3.704
2025-01-27,Liguria,Jooble,0.683
2025-01-27,Lombardia,Jooble,8.095
2025-01-27,Marche,Jooble,1.273
2025-01-27,Molise,Jooble,0.217
2025-01-27,Piemonte,Jooble,4.366
2025-01-27,Puglia,Jooble,3.602
2025-01-27,Sardegna,Jooble,1.107
2025-01-27,Sicilia,Jooble,3.397
2025-01-27,Toscana,Jooble,2.026
2025-01-27,Trentino-Alto Adige,Jooble,0.947
2025-01-27,Umbria,Jooble,0.623
2025-01-27,Valle d'Aosta,Jooble,0.051
2025-01-27,Veneto,Jooble,3.904
2025-02-03,Abruzzo,Jooble,1.293
2025-02-03,Basilicata,Jooble,0.451
2025-02-03,Calabria,Jooble,1.915
2025-02-03,Campania,Jooble,3.827
2025-02-03,Emilia-Romagna,Jooble,5.646
2025-02-03,Friuli-Venezia Giulia,Jooble,0.821
2025-02-03,Lazio,Jooble,4.154
2025-02-03,Liguria,Jooble,0.78
2025-02-03,Lombardia,Jooble,9.252
2025-02-03,Marche,Jooble,1.388
2025-02-03,Molise,Jooble,0.241
2025-02-03,Piemonte,Jooble,4.53
2025-02-03,Puglia,Jooble,4.012
2025-02-03,Sardegna,Jooble,1.191
2025-02-03,Sicilia,Jooble,3.621
2025-02-03,Toscana,Jooble,2.15
2025-02-03,Trentino-Alto Adige,Jooble,0.975
2025-02-03,Umbria,Jooble,0.713
2025-02-03,Valle d'Aosta,Jooble,0.053
2025-02-03,Veneto,Jooble,4.219
2025-02-10,Abruzzo,Jooble,1.24
2025-02-10,Basilicata,Jooble,0.443
2025-02-10,Calabria,Jooble,1.898
2025-02-10,Campania,Jooble,4.167
2025-02-10,Emilia-Romagna,Jooble,5.804
2025-02-10,Friuli-Venezia Giulia,Jooble,0.762
2025-02-10,Lazio,Jooble,3.932
2025-02-10,Liguria,Jooble,0.827
2025-02-10,Lombardia,Jooble,8.775
2025-02-10,Marche,Jooble,1.38
2025-02-10,Molise,Jooble,0.244
2025-02-10,Piemonte,Jooble,4.68
2025-02-10,Puglia,Jooble,4.091
2025-02-10,Sardegna,Jooble,1.214
2025-02-10,Sicilia,Jooble,3.584
2025-02-10,Toscana,Jooble,2.047
2025-02-10,Trentino-Alto Adige,Jooble,1.044
2025-02-10,Umbria,Jooble,0.667
2025-02-10,Valle d'Aosta,Jooble,0.056
2025-02-10,Veneto,Jooble,4.184
2025-02-17,Abruzzo,Jooble,1.106
2025-02-17,Basilicata,Jooble,0.419
2025-02-17,Calabria,Jooble,1.683
2025-02-17,Campania,Jooble,3.826
2025-02-17,Emilia-Romagna,Jooble,5.215
2025-02-17,Friuli-Venezia Giulia,Jooble,0.71
2025-02-17,Lazio,Jooble,3.848
2025-02-17,Liguria,Jooble,0.815
2025-02-17,Lombardia,Jooble,8.391
2025-02-17,Marche,Jooble,1.292
2025-02-17,Molise,Jooble,0.227
2025-02-17,Piemonte,Jooble,4.181
2025-02-17,Puglia,Jooble,3.696
2025-02-17,Sardegna,Jooble,1.148
2025-02-17,Sicilia,Jooble,3.346
2025-02-17,Toscana,Jooble,1.822
2025-02-17,Trentino-Alto Adige,Jooble,0.96
2025-02-17,Umbria,Jooble,0.611
2025-02-17,Valle d'Aosta,Jooble,0.054
2025-02-17,Veneto,Jooble,3.799
2025-02-24,Abruzzo,Jooble,0.919
2025-02-24,Basilicata,Jooble,0.349
2025-02-24,Calabria,Jooble,1.389
2025-02-24,Campania,Jooble,3.242
2025-02-24,Emilia-Romagna,Jooble,4.378
2025-02-24,Friuli-Venezia Giulia,Jooble,0.599
2025-02-24,Lazio,Jooble,3.265
2025-02-24,Liguria,Jooble,0.624
2025-02-24,Lombardia,Jooble,7.587
2025-02-24,Marche,Jooble,1.066
2025-02-24,Molise,Jooble,0.191
2025-02-24,Piemonte,Jooble,3.485
2025-02-24,Puglia,Jooble,3.039
2025-02-24,Sardegna,Jooble,0.902
2025-02-24,Sicilia,Jooble,2.999
2025-02-24,Toscana,Jooble,1.524
2025-02-24,Trentino-Alto Adige,Jooble,0.805
2025-02-24,Umbria,Jooble,0.517
2025-02-24,Valle d'Aosta,Jooble,0.043
2025-02-24,Veneto,Jooble,3.155
2025-03-03,Abruzzo,Jooble,1.127
2025-03-03,Basilicata,Jooble,0.397
2025-03-03,Calabria,Jooble,1.548
2025-03-03,Campania,Jooble,3.753
2025-03-03,Emilia-Romagna,Jooble,4.904
2025-03-03,Friuli-Venezia Giulia,Jooble,0.706
2025-03-03,Lazio,Jooble,3.512
2025-03-03,Liguria,Jooble,0.782
2025-03-03,Lombardia,Jooble,8.126
2025-03-03,Marche,Jooble,1.274
2025-03-03,Molise,Jooble,0.216
2025-03-03,Piemonte,Jooble,3.768
2025-03-03,Puglia,Jooble,3.586
2025-03-03,Sardegna,Jooble,0.984
2025-03-03,Sicilia,Jooble,3.487
2025-03-03,Toscana,Jooble,1.797
2025-03-03,Trentino-Alto Adige,Jooble,0.978
2025-03-03,Umbria,Jooble,0.589
2025-03-03,Valle d'Aosta,Jooble,0.049
2025-03-03,Veneto,Jooble,3.443
2025-03-10,Abruzzo,Jooble,1.14
2025-03-10,Basilicata,Jooble,0.447
2025-03-10,Calabria,Jooble,1.688
2025-03-10,Campania,Jooble,3.956
2025-03-10,Emilia-Romagna,Jooble,5.121
2025-03-10,Friuli-Venezia Giulia,Jooble,0.749
2025-03-10,Lazio,Jooble,3.637
2025-03-10,Liguria,Jooble,0.768
2025-03-10,Lombardia,Jooble,8.389
2025-03-10,Marche,Jooble,1.3
2025-03-10,Molise,Jooble,0.223
2025-03-10,Piemonte,Jooble,4.092
2025-03-10,Puglia,Jooble,3.745
2025-03-10,Sardegna,Jooble,0.985
2025-03-10,Sicilia,Jooble,3.487
2025-03-10,Toscana,Jooble,1.984
2025-03-10,Trentino-Alto Adige,Jooble,0.956
2025-03-10,Umbria,Jooble,0.577
2025-03-10,Valle d'Aosta,Jooble,0.052
2025-03-10,Veneto,Jooble,3.57
2025-03-17,Abruzzo,Jooble,1.2
2025-03-17,Basilicata,Jooble,0.471
2025-03-17,Calabria,Jooble,1.708
2025-03-17,Campania,Jooble,4.428
2025-03-17,Emilia-Romagna,Jooble,5.101
2025-03-17,Friuli-Venezia Giulia,Jooble,0.798
2025-03-17,Lazio,Jooble,3.899
2025-03-17,Liguria,Jooble,0.81
2025-03-17,Lombardia,Jooble,9.11
2025-03-17,Marche,Jooble,1.373
2025-03-17,Molise,Jooble,0.256
2025-03-17,Piemonte,Jooble,4.53
2025-03-17,Puglia,Jooble,3.853
2025-03-17,Sardegna,Jooble,1.111
2025-03-17,Sicilia,Jooble,3.605
2025-03-17,Toscana,Jooble,2.016
2025-03-17,Trentino-Alto Adige,Jooble,1.007
2025-03-17,Umbria,Jooble,0.599
2025-03-17,Valle d'Aosta,Jooble,0.053
2025-03-17,Veneto,Jooble,4.2
2025-03-24,Abruzzo,Jooble,1.126
2025-03-24,Basilicata,Jooble,0.465
2025-03-24,Calabria,Jooble,1.716
2025-03-24,Campania,Jooble,4.124
2025-03-24,Emilia-Romagna,Jooble,4.892
2025-03-24,Friuli-Venezia Giulia,Jooble,0.787
2025-03-24,Lazio,Jooble,3.757
2025-03-24,Liguria,Jooble,0.79
2025-03-24,Lombardia,Jooble,8.69
2025-03-24,Marche,Jooble,1.351
2025-03-24,Molise,Jooble,0.245
2025-03-24,Piemonte,Jooble,4.201
2025-03-24,Puglia,Jooble,3.953
2025-03-24,Sardegna,Jooble,1.124
2025-03-24,Sicilia,Jooble,3.651
2025-03-24,Toscana,Jooble,2.048
2025-03-24,Trentino-Alto Adige,Jooble,0.998
2025-03-24,Umbria,Jooble,0.584
2025-03-24,Valle d'Aosta,Jooble,0.052
2025-03-24,Veneto,Jooble,4.018
2025-03-31,Abruzzo,Jooble,1.078
2025-03-31,Basilicata,Jooble,0.4
2025-03-31,Calabria,Jooble,1.534
2025-03-31,Campania,Jooble,4.545
2025-03-31,Emilia-Romagna,Jooble,5.558
2025-03-31,Friuli-Venezia Giulia,Jooble,0.656
2025-03-31,Lazio,Jooble,3.47
2025-03-31,Liguria,Jooble,0.736
2025-03-31,Lombardia,Jooble,7.988
2025-03-31,Marche,Jooble,1.239
2025-03-31,Molise,Jooble,0.227
2025-03-31,Piemonte,Jooble,4.023
2025-03-31,Puglia,Jooble,3.478
2025-03-31,Sardegna,Jooble,0.931
2025-03-31,Sicilia,Jooble,3.201
2025-03-31,Toscana,Jooble,1.882
2025-03-31,Trentino-Alto Adige,Jooble,0.857
2025-03-31,Umbria,Jooble,0.529
2025-03-31,Valle d'Aosta,Jooble,0.047
2025-03-31,Veneto,Jooble,3.55
2025-04-07,Abruzzo,Jooble,0.978
2025-04-07,Basilicata,Jooble,0.394
2025-04-07,Calabria,Jooble,1.417
2025-04-07,Campania,Jooble,4.454
2025-04-07,Emilia-Romagna,Jooble,5.577
2025-04-07,Friuli-Venezia Giulia,Jooble,0.615
2025-04-07,Lazio,Jooble,3.374
2025-04-07,Liguria,Jooble,0.677
2025-04-07,Lombardia,Jooble,7.72
2025-04-07,Marche,Jooble,1.218
2025-04-07,Molise,Jooble,0.212
2025-04-07,Piemonte,Jooble,3.732
2025-04-07,Puglia,Jooble,3.128
2025-04-07,Sardegna,Jooble,0.955
2025-04-07,Sicilia,Jooble,3.326
2025-04-07,Toscana,Jooble,1.84
2025-04-07,Trentino-Alto Adige,Jooble,0.835
2025-04-07,Umbria,Jooble,0.522
2025-04-07,Valle d'Aosta,Jooble,0.045
2025-04-07,Veneto,Jooble,3.451
2025-04-14,Abruzzo,Jooble,1.058
2025-04-14,Basilicata,Jooble,0.408
2025-04-14,Calabria,Jooble,1.505
2025-04-14,Campania,Jooble,4.457
2025-04-14,Emilia-Romagna,Jooble,5.953
2025-04-14,Friuli-Venezia Giulia,Jooble,0.641
2025-04-14,Lazio,Jooble,3.545
2025-04-14,Liguria,Jooble,0.731
2025-04-14,Lombardia,Jooble,7.894
2025-04-14,Marche,Jooble,1.395
2025-04-14,Molise,Jooble,0.212
2025-04-14,Piemonte,Jooble,4.073
2025-04-14,Puglia,Jooble,3.449
2025-04-14,Sardegna,Jooble,0.954
2025-04-14,Sicilia,Jooble,3.396
2025-04-14,Toscana,Jooble,1.883
2025-04-14,Trentino-Alto Adige,Jooble,1.0
2025-04-14,Umbria,Jooble,0.525
2025-04-14,Valle d'Aosta,Jooble,0.046
2025-04-14,Veneto,Jooble,3.703
2025-04-21,Abruzzo,Jooble,1.169
2025-04-21,Basilicata,Jooble,0.421
2025-04-21,Calabria,Jooble,1.641
2025-04-21,Campania,Jooble,4.667
2025-04-21,Emilia-Romagna,Jooble,6.351
2025-04-21,Friuli-Venezia Giulia,Jooble,0.687
2025-04-21,Lazio,Jooble,3.727
2025-04-21,Liguria,Jooble,0.753
2025-04-21,Lombardia,Jooble,8.899
2025-04-21,Marche,Jooble,1.534
2025-04-21,Molise,Jooble,0.226
2025-04-21,Piemonte,Jooble,4.351
2025-04-21,Puglia,Jooble,3.812
2025-04-21,Sardegna,Jooble,1.052
2025-04-21,Sicilia,Jooble,3.547
2025-04-21,Toscana,Jooble,1.953
2025-04-21,Trentino-Alto Adige,Jooble,1.077
2025-04-21,Umbria,Jooble,0.583
2025-04-21,Valle d'Aosta,Jooble,0.052
2025-04-21,Veneto,Jooble,3.905
2025-04-28,Abruzzo,Jooble,0.87
2025-04-28,Basilicata,Jooble,0.35
2025-04-28,Calabria,Jooble,1.355
2025-04-28,Campania,Jooble,3.808
2025-04-28,Emilia-Romagna,Jooble,5.352
2025-04-28,Friuli-Venezia Giulia,Jooble,0.54
2025-04-28,Lazio,Jooble,3.034
2025-04-28,Liguria,Jooble,0.57
2025-04-28,Lombardia,Jooble,6.788
2025-04-28,Marche,Jooble,1.241
2025-04-28,Molise,Jooble,0.182
2025-04-28,Piemonte,Jooble,3.823
2025-04-28,Puglia,Jooble,2.946
2025-04-28,Sardegna,Jooble,0.84
2025-04-28,Sicilia,Jooble,2.965
2025-04-28,Toscana,Jooble,1.59
2025-04-28,Trentino-Alto Adige,Jooble,0.877
2025-04-28,Umbria,Jooble,0.474
2025-04-28,Valle d'Aosta,Jooble,0.043
2025-04-28,Veneto,Jooble,3.288
2025-05-05,Abruzzo,Jooble,0.727
2025-05-05,Basilicata,Jooble,0.285
2025-05-05,Calabria,Jooble,1.043
2025-05-05,Campania,Jooble,2.982
2025-05-05,Emilia-Romagna,Jooble,4.093
2025-05-05,Friuli-Venezia Giulia,Jooble,0.432
2025-05-05,Lazio,Jooble,2.498
2025-05-05,Liguria,Jooble,0.465
2025-05-05,Lombardia,Jooble,5.432
2025-05-05,Marche,Jooble,0.951
2025-05-05,Molise,Jooble,0.142
2025-05-05,Piemonte,Jooble,3.026
2025-05-05,Puglia,Jooble,2.397
2025-05-05,Sardegna,Jooble,0.647
2025-05-05,Sicilia,Jooble,2.271
2025-05-05,Toscana,Jooble,1.181
2025-05-05,Trentino-Alto Adige,Jooble,0.652
2025-05-05,Umbria,Jooble,0.372
2025-05-05,Valle d'Aosta,Jooble,0.031
2025-05-05,Veneto,Jooble,2.584
2025-05-12,Abruzzo,Jooble,0.846
2025-05-12,Basilicata,Jooble,0.343
2025-05-12,Calabria,Jooble,1.34
2025-05-12,Campania,Jooble,3.61
2025-05-12,Emilia-Romagna,Jooble,5.073
2025-05-12,Friuli-Venezia Giulia,Jooble,0.537
2025-05-12,Lazio,Jooble,3.049
2025-05-12,Liguria,Jooble,0.603
2025-05-12,Lombardia,Jooble,6.948
2025-05-12,Marche,Jooble,1.13
2025-05-12,Molise,Jooble,0.177
2025-05-12,Piemonte,Jooble,3.552
2025-05-12,Puglia,Jooble,2.758
2025-05-12,Sardegna,Jooble,0.772
2025-05-12,Sicilia,Jooble,2.647
2025-05-12,Toscana,Jooble,1.409
2025-05-12,Trentino-Alto Adige,Jooble,0.755
2025-05-12,Umbria,Jooble,0.427
2025-05-12,Valle d'Aosta,Jooble,0.04
2025-05-12,Veneto,Jooble,3.147
2025-05-19,Abruzzo,Jooble,0.985
2025-05-19,Basilicata,Jooble,0.427
2025-05-19,Calabria,Jooble,1.564
2025-05-19,Campania,Jooble,4.17
2025-05-19,Emilia-Romagna,Jooble,5.772
2025-05-19,Friuli-Venezia Giulia,Jooble,0.632
2025-05-19,Lazio,Jooble,3.451
2025-05-19,Liguria,Jooble,0.737
2025-05-19,Lombardia,Jooble,8.198
2025-05-19,Marche,Jooble,1.326
2025-05-19,Molise,Jooble,0.217
2025-05-19,Piemonte,Jooble,4.018
2025-05-19,Puglia,Jooble,3.379
2025-05-19,Sardegna,Jooble,0.92
2025-05-19,Sicilia,Jooble,3.145
2025-05-19,Toscana,Jooble,1.62
2025-05-19,Trentino-Alto Adige,Jooble,0.981
2025-05-19,Umbria,Jooble,0.538
2025-05-19,Valle d'Aosta,Jooble,0.051
2025-05-19,Veneto,Jooble,3.675
2025-05-26,Abruzzo,Jooble,1.009
2025-05-26,Basilicata,Jooble,0.402
2025-05-26,Calabria,Jooble,1.49
2025-05-26,Campania,Jooble,3.39
2025-05-26,Emilia-Romagna,Jooble,4.326
2025-05-26,Friuli-Venezia Giulia,Jooble,0.617
2025-05-26,Lazio,Jooble,3.115
2025-05-26,Liguria,Jooble,0.714
2025-05-26,Lombardia,Jooble,8.481
2025-05-26,Marche,Jooble,1.215
2025-05-26,Molise,Jooble,0.214
2025-05-26,Piemonte,Jooble,4.04
2025-05-26,Puglia,Jooble,3.286
2025-05-26,Sardegna,Jooble,0.901
2025-05-26,Sicilia,Jooble,3.125
2025-05-26,Toscana,Jooble,1.625
2025-05-26,Trentino-Alto Adige,Jooble,0.916
2025-05-26,Umbria,Jooble,0.526
2025-05-26,Valle d'Aosta,Jooble,0.046
2025-05-26,Veneto,Jooble,3.368
2025-06-02,Abruzzo,Jooble,0.85
2025-06-02,Basilicata,Jooble,0.334
2025-06-02,Calabria,Jooble,1.34
2025-06-02,Campania,Jooble,2.773
2025-06-02,Emilia-Romagna,Jooble,3.697
2025-06-02,Friuli-Venezia Giulia,Jooble,0.528
2025-06-02,Lazio,Jooble,2.711
2025-06-02,Liguria,Jooble,0.571
2025-06-02,Lombardia,Jooble,7.18
2025-06-02,Marche,Jooble,0.998
2025-06-02,Molise,Jooble,0.173
2025-06-02,Piemonte,Jooble,3.374
2025-06-02,Puglia,Jooble,2.82
2025-06-02,Sardegna,Jooble,0.791
2025-06-02,Sicilia,Jooble,2.53
2025-06-02,Toscana,Jooble,1.375
2025-06-02,Trentino-Alto Adige,Jooble,0.74
2025-06-02,Umbria,Jooble,0.45
2025-06-02,Valle d'Aosta,Jooble,0.039
2025-06-02,Veneto,Jooble,2.955
2025-06-09,Abruzzo,Jooble,0.881
2025-06-09,Basilicata,Jooble,0.348
2025-06-09,Calabria,Jooble,1.678
2025-06-09,Campania,Jooble,3.204
2025-06-09,Emilia-Romagna,Jooble,4.49
2025-06-09,Friuli-Venezia Giulia,Jooble,0.59
2025-06-09,Lazio,Jooble,3.075
2025-06-09,Liguria,Jooble,0.601
2025-06-09,Lombardia,Jooble,6.764
2025-06-09,Marche,Jooble,1.071
2025-06-09,Molise,Jooble,0.178
2025-06-09,Piemonte,Jooble,3.611
2025-06-09,Puglia,Jooble,3.384
2025-06-09,Sardegna,Jooble,1.063
2025-06-09,Sicilia,Jooble,3.058
2025-06-09,Toscana,Jooble,1.417
2025-06-09,Trentino-Alto Adige,Jooble,0.884
2025-06-09,Umbria,Jooble,0.499
2025-06-09,Valle d'Aosta,Jooble,0.042
2025-06-09,Veneto,Jooble,3.276
2025-06-16,Abruzzo,Jooble,1.028
2025-06-16,Basilicata,Jooble,0.365
2025-06-16,Calabria,Jooble,1.958
2025-06-16,Campania,Jooble,3.569
2025-06-16,Emilia-Romagna,Jooble,4.755
2025-06-16,Friuli-Venezia Giulia,Jooble,0.651
2025-06-16,Lazio,Jooble,3.482
2025-06-16,Liguria,Jooble,0.686
2025-06-16,Lombardia,Jooble,7.093
2025-06-16,Marche,Jooble,1.182
2025-06-16,Molise,Jooble,0.2
2025-06-16,Piemonte,Jooble,3.974
2025-06-16,Puglia,Jooble,3.904
2025-06-16,Sardegna,Jooble,1.224
2025-06-16,Sicilia,Jooble,3.454
2025-06-16,Toscana,Jooble,1.735
2025-06-16,Trentino-Alto Adige,Jooble,1.013
2025-06-16,Umbria,Jooble,0.532
2025-06-16,Valle d'Aosta,Jooble,0.048
2025-06-16,Veneto,Jooble,3.517
2025-06-23,Abruzzo,Jooble,1.173
2025-06-23,Basilicata,Jooble,0.419
2025-06-23,Calabria,Jooble,2.259
2025-06-23,Campania,Jooble,4.199
2025-06-23,Emilia-Romagna,Jooble,5.901
2025-06-23,Friuli-Venezia Giulia,Jooble,0.799
2025-06-23,Lazio,Jooble,4.231
2025-06-23,Liguria,Jooble,0.878
2025-06-23,Lombardia,Jooble,8.624
2025-06-23,Marche,Jooble,1.412
2025-06-23,Molise,Jooble,0.239
2025-06-23,Piemonte,Jooble,4.604
2025-06-23,Puglia,Jooble,4.63
2025-06-23,Sardegna,Jooble,1.426
2025-06-23,Sicilia,Jooble,3.883
2025-06-23,Toscana,Jooble,2.024
2025-06-23,Trentino-Alto Adige,Jooble,1.168
2025-06-23,Umbria,Jooble,0.608
2025-06-23,Valle d'Aosta,Jooble,0.059
2025-06-23,Veneto,Jooble,4.199
2025-06-30,Abruzzo,Jooble,1.313
2025-06-30,Basilicata,Jooble,0.485
2025-06-30,Calabria,Jooble,2.389
2025-06-30,Campania,Jooble,4.556
2025-06-30,Emilia-Romagna,Jooble,6.407
2025-06-30,Friuli-Venezia Giulia,Jooble,0.916
2025-06-30,Lazio,Jooble,4.292
2025-06-30,Liguria,Jooble,0.846
2025-06-30,Lombardia,Jooble,8.821
2025-06-30,Marche,Jooble,1.468
2025-06-30,Molise,Jooble,0.259
2025-06-30,Piemonte,Jooble,4.934
2025-06-30,Puglia,Jooble,4.973
2025-06-30,Sardegna,Jooble,1.435
2025-06-30,Sicilia,Jooble,4.086
2025-06-30,Toscana,Jooble,2.113
2025-06-30,Trentino-Alto Adige,Jooble,1.23
2025-06-30,Umbria,Jooble,0.651
2025-06-30,Valle d'Aosta,Jooble,0.058
2025-06-30,Veneto,Jooble,4.577
2025-07-07,Abruzzo,Jooble,1.186
2025-07-07,Basilicata,Jooble,0.429
2025-07-07,Calabria,Jooble,2.095
2025-07-07,Campania,Jooble,3.901
2025-07-07,Emilia-Romagna,Jooble,5.858
2025-07-07,Friuli-Venezia Giulia,Jooble,0.763
2025-07-07,Lazio,Jooble,4.097
2025-07-07,Liguria,Jooble,0.772
2025-07-07,Lombardia,Jooble,8.377
2025-07-07,Marche,Jooble,1.281
2025-07-07,Molise,Jooble,0.22
2025-07-07,Piemonte,Jooble,4.272
2025-07-07,Puglia,Jooble,4.385
2025-07-07,Sardegna,Jooble,1.308
2025-07-07,Sicilia,Jooble,3.844
2025-07-07,Toscana,Jooble,1.882
2025-07-07,Trentino-Alto Adige,Jooble,1.098
2025-07-07,Umbria,Jooble,0.56
2025-07-07,Valle d'Aosta,Jooble,0.051
2025-07-07,Veneto,Jooble,4.007
2025-07-14,Abruzzo,Jooble,1.064
2025-07-14,Basilicata,Jooble,0.382
2025-07-14,Calabria,Jooble,1.995
2025-07-14,Campania,Jooble,3.326
2025-07-14,Emilia-Romagna,Jooble,5.209
2025-07-14,Friuli-Venezia Giulia,Jooble,0.684
2025-07-14,Lazio,Jooble,3.962
2025-07-14,Liguria,Jooble,0.733
2025-07-14,Lombardia,Jooble,7.756
2025-07-14,Marche,Jooble,1.208
2025-07-14,Molise,Jooble,0.203
2025-07-14,Piemonte,Jooble,3.773
2025-07-14,Puglia,Jooble,3.99
2025-07-14,Sardegna,Jooble,1.173
2025-07-14,Sicilia,Jooble,3.539
2025-07-14,Toscana,Jooble,1.593
2025-07-14,Trentino-Alto Adige,Jooble,1.017
2025-07-14,Umbria,Jooble,0.48
2025-07-14,Valle d'Aosta,Jooble,0.048
2025-07-14,Veneto,Jooble,3.49
2025-07-21,Abruzzo,Jooble,1.057
2025-07-21,Basilicata,Jooble,0.39
2025-07-21,Calabria,Jooble,2.035
2025-07-21,Campania,Jooble,3.33
2025-07-21,Emilia-Romagna,Jooble,5.085
2025-07-21,Friuli-Venezia Giulia,Jooble,0.686
2025-07-21,Lazio,Jooble,3.923
2025-07-21,Liguria,Jooble,0.688
2025-07-21,Lombardia,Jooble,7.29
2025-07-21,Marche,Jooble,1.222
2025-07-21,Molise,Jooble,0.208
2025-07-21,Piemonte,Jooble,3.742
2025-07-21,Puglia,Jooble,4.299
2025-07-21,Sardegna,Jooble,1.183
2025-07-21,Sicilia,Jooble,3.487
2025-07-21,Toscana,Jooble,1.59
2025-07-21,Trentino-Alto Adige,Jooble,1.064
2025-07-21,Umbria,Jooble,0.498
2025-07-21,Valle d'Aosta,Jooble,0.047
2025-07-21,Veneto,Jooble,3.516
2025-07-28,Abruzzo,Jooble,1.051
2025-07-28,Basilicata,Jooble,0.395
2025-07-28,Calabria,Jooble,2.05
2025-07-28,Campania,Jooble,3.327
2025-07-28,Emilia-Romagna,Jooble,5.095
2025-07-28,Friuli-Venezia Giulia,Jooble,0.677
2025-07-28,Lazio,Jooble,3.61
2025-07-28,Liguria,Jooble,0.719
2025-07-28,Lombardia,Jooble,7.253
2025-07-28,Marche,Jooble,1.224
2025-07-28,Molise,Jooble,0.217
2025-07-28,Piemonte,Jooble,4.001
2025-07-28,Puglia,Jooble,4.153
2025-07-28,Sardegna,Jooble,1.16
2025-07-28,Sicilia,Jooble,3.595
2025-07-28,Toscana,Jooble,1.755
2025-07-28,Trentino-Alto Adige,Jooble,1.054
2025-07-28,Umbria,Jooble,0.505
2025-07-28,Valle d'Aosta,Jooble,0.047
2025-07-28,Veneto,Jooble,3.512
2025-08-04,Abruzzo,Jooble,0.95
2025-08-04,Basilicata,Jooble,0.349
2025-08-04,Calabria,Jooble,1.891
2025-08-04,Campania,Jooble,3.29
2025-08-04,Emilia-Romagna,Jooble,4.688
2025-08-04,Friuli-Venezia Giulia,Jooble,0.636
2025-08-04,Lazio,Jooble,3.211
2025-08-04,Liguria,Jooble,0.662
2025-08-04,Lombardia,Jooble,6.85
2025-08-04,Marche,Jooble,1.146
2025-08-04,Molise,Jooble,0.198
2025-08-04,Piemonte,Jooble,3.566
2025-08-04,Puglia,Jooble,3.708
2025-08-04,Sardegna,Jooble,1.151
2025-08-04,Sicilia,Jooble,3.556
2025-08-04,Toscana,Jooble,1.531
2025-08-04,Trentino-Alto Adige,Jooble,0.951
2025-08-04,Umbria,Jooble,0.486
2025-08-04,Valle d'Aosta,Jooble,0.042
2025-08-04,Veneto,Jooble,3.287
2025-08-11,Abruzzo,Jooble,0.131
2025-08-11,Basilicata,Jooble,0.048
2025-08-11,Calabria,Jooble,0.284
2025-08-11,Campania,Jooble,0.459
2025-08-11,Emilia-Romagna,Jooble,0.676
2025-08-11,Friuli-Venezia Giulia,Jooble,0.085
2025-08-11,Lazio,Jooble,0.476
2025-08-11,Liguria,Jooble,0.086
2025-08-11,Lombardia,Jooble,0.937
2025-08-11,Marche,Jooble,0.166
2025-08-11,Molise,Jooble,0.027
2025-08-11,Piemonte,Jooble,0.487
2025-08-11,Puglia,Jooble,0.516
2025-08-11,Sardegna,Jooble,0.166
2025-08-11,Sicilia,Jooble,0.519
2025-08-11,Toscana,Jooble,0.205
2025-08-11,Trentino-Alto Adige,Jooble,0.147
2025-08-11,Umbria,Jooble,0.063
2025-08-11,Valle d'Aosta,Jooble,0.006
2025-08-11,Veneto,Jooble,0.447
2025-08-18,Abruzzo,Jooble,0.014
2025-08-18,Basilicata,Jooble,0.005
2025-08-18,Calabria,Jooble,0.03
2025-08-18,Campania,Jooble,0.048
2025-08-18,Emilia-Romagna,Jooble,0.071
2025-08-18,Friuli-Venezia Giulia,Jooble,0.009
2025-08-18,Lazio,Jooble,0.05
2025-08-18,Liguria,Jooble,0.009
2025-08-18,Lombardia,Jooble,0.097
2025-08-18,Marche,Jooble,0.017
2025-08-18,Molise,Jooble,0.003
2025-08-18,Piemonte,Jooble,0.051
2025-08-18,Puglia,Jooble,0.054
2025-08-18,Sardegna,Jooble,0.017
2025-08-18,Sicilia,Jooble,0.054
2025-08-18,Toscana,Jooble,0.021
2025-08-18,Trentino-Alto Adige,Jooble,0.016
2025-08-18,Umbria,Jooble,0.006
2025-08-18,Valle d'Aosta,Jooble,0.001
2025-08-18,Veneto,Jooble,0.046
2025-08-25,Abruzzo,Jooble,0.001
2025-08-25,Basilicata,Jooble,0.0
2025-08-25,Calabria,Jooble,0.003
2025-08-25,Campania,Jooble,0.005
2025-08-25,Emilia-Romagna,Jooble,0.007
2025-08-25,Friuli-Venezia Giulia,Jooble,0.001
2025-08-25,Lazio,Jooble,0.005
2025-08-25,Liguria,Jooble,0.001
2025-08-25,Lombardia,Jooble,0.01
2025-08-25,Marche,Jooble,0.002
2025-08-25,Molise,Jooble,0.0
2025-08-25,Piemonte,Jooble,0.005
2025-08-25,Puglia,Jooble,0.005
2025-08-25,Sardegna,Jooble,0.002
2025-08-25,Sicilia,Jooble,0.005
2025-08-25,Toscana,Jooble,0.002
2025-08-25,Trentino-Alto Adige,Jooble,0.002
2025-08-25,Umbria,Jooble,0.001
2025-08-25,Valle d'Aosta,Jooble,0.0
2025-08-25,Veneto,Jooble,0.005
2025-09-01,Abruzzo,Jooble,1.093
2025-09-01,Basilicata,Jooble,0.463
2025-09-01,Calabria,Jooble,1.74
2025-09-01,Campania,Jooble,3.679
2025-09-01,Emilia-Romagna,Jooble,4.795
2025-09-01,Friuli-Venezia Giulia,Jooble,0.768
2025-09-01,Lazio,Jooble,3.854
2025-09-01,Liguria,Jooble,0.713
2025-09-01,Lombardia,Jooble,8.037
2025-09-01,Marche,Jooble,1.273
2025-09-01,Molise,Jooble,0.214
2025-09-01,Piemonte,Jooble,4.063
2025-09-01,Puglia,Jooble,3.586
2025-09-01,Sardegna,Jooble,1.195
2025-09-01,Sicilia,Jooble,3.538
2025-09-01,Toscana,Jooble,1.882
2025-09-01,Trentino-Alto Adige,Jooble,0.957
2025-09-01,Umbria,Jooble,0.614
2025-09-01,Valle d'Aosta,Jooble,0.05
2025-09-01,Veneto,Jooble,3.909
2025-09-08,Abruzzo,Jooble,1.275
2025-09-08,Basilicata,Jooble,0.501
2025-09-08,Calabria,Jooble,1.873
2025-09-08,Campania,Jooble,4.067
2025-09-08,Emilia-Romagna,Jooble,5.332
2025-09-08,Friuli-Venezia Giulia,Jooble,0.849
2025-09-08,Lazio,Jooble,3.965
2025-09-08,Liguria,Jooble,0.873
2025-09-08,Lombardia,Jooble,9.298
2025-09-08,Marche,Jooble,1.479
2025-09-08,Molise,Jooble,0.267
2025-09-08,Piemonte,Jooble,4.529
2025-09-08,Puglia,Jooble,4.072
2025-09-08,Sardegna,Jooble,1.325
2025-09-08,Sicilia,Jooble,4.167
2025-09-08,Toscana,Jooble,2.067
2025-09-08,Trentino-Alto Adige,Jooble,1.079
2025-09-08,Umbria,Jooble,0.703
2025-09-08,Valle d'Aosta,Jooble,0.061
2025-09-08,Veneto,Jooble,4.49
2025-09-15,Abruzzo,Jooble,1.27
2025-09-15,Basilicata,Jooble,0.489
2025-09-15,Calabria,Jooble,1.803
2025-09-15,Campania,Jooble,4.263
2025-09-15,Emilia-Romagna,Jooble,5.651
2025-09-15,Friuli-Venezia Giulia,Jooble,0.819
2025-09-15,Lazio,Jooble,4.156
2025-09-15,Liguria,Jooble,0.908
2025-09-15,Lombardia,Jooble,10.023
2025-09-15,Marche,Jooble,1.47
2025-09-15,Molise,Jooble,0.262
2025-09-15,Piemonte,Jooble,4.688
2025-09-15,Puglia,Jooble,4.281
2025-09-15,Sardegna,Jooble,1.257
2025-09-15,Sicilia,Jooble,4.177
2025-09-15,Toscana,Jooble,2.113
2025-09-15,Trentino-Alto Adige,Jooble,1.055
2025-09-15,Umbria,Jooble,0.698
2025-09-15,Valle d'Aosta,Jooble,0.064
2025-09-15,Veneto,Jooble,4.438
2025-09-22,Abruzzo,Jooble,1.241
2025-09-22,Basilicata,Jooble,0.478
2025-09-22,Calabria,Jooble,1.896
2025-09-22,Campania,Jooble,4.22
2025-09-22,Emilia-Romagna,Jooble,5.834
2025-09-22,Friuli-Venezia Giulia,Jooble,0.834
2025-09-22,Lazio,Jooble,4.432
2025-09-22,Liguria,Jooble,0.861
2025-09-22,Lombardia,Jooble,9.785
2025-09-22,Marche,Jooble,1.489
2025-09-22,Molise,Jooble,0.242
2025-09-22,Piemonte,Jooble,4.798
2025-09-22,Puglia,Jooble,4.105
2025-09-22,Sardegna,Jooble,1.161
2025-09-22,Sicilia,Jooble,3.905
2025-09-22,Toscana,Jooble,2.196
2025-09-22,Trentino-Alto Adige,Jooble,1.054
2025-09-22,Umbria,Jooble,0.668
2025-09-22,Valle d'Aosta,Jooble,0.06
2025-09-22,Veneto,Jooble,4.487
2025-09-29,Abruzzo,Jooble,1.227
2025-09-29,Basilicata,Jooble,0.452
2025-09-29,Calabria,Jooble,1.946
2025-09-29,Campania,Jooble,4.214
2025-09-29,Emilia-Romagna,Jooble,6.394
2025-09-29,Friuli-Venezia Giulia,Jooble,0.827
2025-09-29,Lazio,Jooble,4.341
2025-09-29,Liguria,Jooble,0.832
2025-09-29,Lombardia,Jooble,10.719
2025-09-29,Marche,Jooble,1.458
2025-09-29,Molise,Jooble,0.244
2025-09-29,Piemonte,Jooble,5.342
2025-09-29,Puglia,Jooble,3.974
2025-09-29,Sardegna,Jooble,1.179
2025-09-29,Sicilia,Jooble,3.821
2025-09-29,Toscana,Jooble,2.084
2025-09-29,Trentino-Alto Adige,Jooble,1.081
2025-09-29,Umbria,Jooble,0.632
2025-09-29,Valle d'Aosta,Jooble,0.056
2025-09-29,Veneto,Jooble,5.242
2025-10-06,Abruzzo,Jooble,1.181
2025-10-06,Basilicata,Jooble,0.471
2025-10-06,Calabria,Jooble,1.848
2025-10-06,Campania,Jooble,3.97
2025-10-06,Emilia-Romagna,Jooble,6.547
2025-10-06,Friuli-Venezia Giulia,Jooble,0.797
2025-10-06,Lazio,Jooble,4.132
2025-10-06,Liguria,Jooble,0.806
2025-10-06,Lombardia,Jooble,10.787
2025-10-06,Marche,Jooble,1.326
2025-10-06,Molise,Jooble,0.244
2025-10-06,Piemonte,Jooble,5.284
2025-10-06,Puglia,Jooble,3.753
2025-10-06,Sardegna,Jooble,1.148
2025-10-06,Sicilia,Jooble,3.705
2025-10-06,Toscana,Jooble,2.08
2025-10-06,Trentino-Alto Adige,Jooble,1.046
2025-10-06,Umbria,Jooble,0.655
2025-10-06,Valle d'Aosta,Jooble,0.056
2025-10-06,Veneto,Jooble,5.185
2025-10-13,Abruzzo,Jooble,1.199
2025-10-13,Basilicata,Jooble,0.466
2025-10-13,Calabria,Jooble,1.809
2025-10-13,Campania,Jooble,4.097
2025-10-13,Emilia-Romagna,Jooble,6.5
2025-10-13,Friuli-Venezia Giulia,Jooble,0.759
2025-10-13,Lazio,Jooble,4.052
2025-10-13,Liguria,Jooble,0.807
2025-10-13,Lombardia,Jooble,11.768
2025-10-13,Marche,Jooble,1.348
2025-10-13,Molise,Jooble,0.249
2025-10-13,Piemonte,Jooble,5.036
2025-10-13,Puglia,Jooble,4.116
2025-10-13,Sardegna,Jooble,1.127
2025-10-13,Sicilia,Jooble,3.618
2025-10-13,Toscana,Jooble,2.109
2025-10-13,Trentino-Alto Adige,Jooble,0.974
2025-10-13,Umbria,Jooble,0.656
2025-10-13,Valle d'Aosta,Jooble,0.055
2025-10-13,Veneto,Jooble,5.041
2025-10-20,Abruzzo,Jooble,1.16
2025-10-20,Basilicata,Jooble,0.456
2025-10-20,Calabria,Jooble,1.815
2025-10-20,Campania,Jooble,3.692
2025-10-20,Emilia-Romagna,Jooble,6.352
2025-10-20,Friuli-Venezia Giulia,Jooble,0.767
2025-10-20,Lazio,Jooble,3.941
2025-10-20,Liguria,Jooble,0.76
2025-10-20,Lombardia,Jooble,10.637
2025-10-20,Marche,Jooble,1.366
2025-10-20,Molise,Jooble,0.235
2025-10-20,Piemonte,Jooble,5.015
2025-10-20,Puglia,Jooble,3.966
2025-10-20,Sardegna,Jooble,1.115
2025-10-20,Sicilia,Jooble,3.45
2025-10-20,Toscana,Jooble,1.877
2025-10-20,Trentino-Alto Adige,Jooble,0.913
2025-10-20,Umbria,Jooble,0.627
2025-10-20,Valle d'Aosta,Jooble,0.054
2025-10-20,Veneto,Jooble,4.716
2025-10-27,Abruzzo,Jooble,1.151
2025-10-27,Basilicata,Jooble,0.43
2025-10-27,Calabria,Jooble,1.647
2025-10-27,Campania,Jooble,3.924
2025-10-27,Emilia-Romagna,Jooble,6.206
2025-10-27,Friuli-Venezia Giulia,Jooble,0.751
2025-10-27,Lazio,Jooble,3.856
2025-10-27,Liguria,Jooble,0.774
2025-10-27,Lombardia,Jooble,10.715
2025-10-27,Marche,Jooble,1.315
2025-10-27,Molise,Jooble,0.231
2025-10-27,Piemonte,Jooble,4.718
2025-10-27,Puglia,Jooble,3.756
2025-10-27,Sardegna,Jooble,1.073
2025-10-27,Sicilia,Jooble,3.356
2025-10-27,Toscana,Jooble,1.789
2025-10-27,Trentino-Alto Adige,Jooble,0.865
2025-10-27,Umbria,Jooble,0.587
2025-10-27,Valle d'Aosta,Jooble,0.052
2025-10-27,Veneto,Jooble,4.511
2025-11-03,Abruzzo,Jooble,0.885
2025-11-03,Basilicata,Jooble,0.351
2025-11-03,Calabria,Jooble,1.266
2025-11-03,Campania,Jooble,3.085
2025-11-03,Emilia-Romagna,Jooble,4.882
2025-11-03,Friuli-Venezia Giulia,Jooble,0.605
2025-11-03,Lazio,Jooble,3.332
2025-11-03,Liguria,Jooble,0.606
2025-11-03,Lombardia,Jooble,9.258
2025-11-03,Marche,Jooble,1.117
2025-11-03,Molise,Jooble,0.183
2025-11-03,Piemonte,Jooble,3.739
2025-11-03,Puglia,Jooble,2.908
2025-11-03,Sardegna,Jooble,0.843
2025-11-03,Sicilia,Jooble,2.715
2025-11-03,Toscana,Jooble,1.418
2025-11-03,Trentino-Alto Adige,Jooble,0.705
2025-11-03,Umbria,Jooble,0.466
2025-11-03,Valle d'Aosta,Jooble,0.042
2025-11-03,Veneto,Jooble,3.609
2025-11-10,Abruzzo,Jooble,0.886
2025-11-10,Basilicata,Jooble,0.355
2025-11-10,Calabria,Jooble,1.274
2025-11-10,Campania,Jooble,2.946
2025-11-10,Emilia-Romagna,Jooble,5.311
2025-11-10,Friuli-Venezia Giulia,Jooble,0.592
2025-11-10,Lazio,Jooble,3.428
2025-11-10,Liguria,Jooble,0.643
2025-11-10,Lombardia,Jooble,9.412
2025-11-10,Marche,Jooble,1.135
2025-11-10,Molise,Jooble,0.187
2025-11-10,Piemonte,Jooble,4.002
2025-11-10,Puglia,Jooble,2.959
2025-11-10,Sardegna,Jooble,0.877
2025-11-10,Sicilia,Jooble,2.884
2025-11-10,Toscana,Jooble,1.47
2025-11-10,Trentino-Alto Adige,Jooble,0.797
2025-11-10,Umbria,Jooble,0.45
2025-11-10,Valle d'Aosta,Jooble,0.044
2025-11-10,Veneto,Jooble,3.526
2025-11-17,Abruzzo,Jooble,0.119
2025-11-17,Basilicata,Jooble,0.049
2025-11-17,Calabria,Jooble,0.165
2025-11-17,Campania,Jooble,0.395
2025-11-17,Emilia-Romagna,Jooble,0.813
2025-11-17,Friuli-Venezia Giulia,Jooble,0.078
2025-11-17,Lazio,Jooble,0.525
2025-11-17,Liguria,Jooble,0.083
2025-11-17,Lombardia,Jooble,1.493
2025-11-17,Marche,Jooble,0.164
2025-11-17,Molise,Jooble,0.025
2025-11-17,Piemonte,Jooble,0.573
2025-11-17,Puglia,Jooble,0.382
2025-11-17,Sardegna,Jooble,0.115
2025-11-17,Sicilia,Jooble,0.387
2025-11-17,Toscana,Jooble,0.194
2025-11-17,Trentino-Alto Adige,Jooble,0.113
2025-11-17,Umbria,Jooble,0.057
2025-11-17,Valle d'Aosta,Jooble,0.006
2025-11-17,Veneto,Jooble,0.492
2025-11-24,Abruzzo,Jooble,0.012
2025-11-24,Basilicata,Jooble,0.005
2025-11-24,Calabria,Jooble,0.017
2025-11-24,Campania,Jooble,0.041
2025-11-24,Emilia-Romagna,Jooble,0.086
2025-11-24,Friuli-Venezia Giulia,Jooble,0.008
2025-11-24,Lazio,Jooble,0.055
2025-11-24,Liguria,Jooble,0.009
2025-11-24,Lombardia,Jooble,0.159
2025-11-24,Marche,Jooble,0.017
2025-11-24,Molise,Jooble,0.003
2025-11-24,Piemonte,Jooble,0.06
2025-11-24,Puglia,Jooble,0.039
2025-11-24,Sardegna,Jooble,0.012
2025-11-24,Sicilia,Jooble,0.04
2025-11-24,Toscana,Jooble,0.02
2025-11-24,Trentino-Alto Adige,Jooble,0.012
2025-11-24,Umbria,Jooble,0.006
2025-11-24,Valle d'Aosta,Jooble,0.001
2025-11-24,Veneto,Jooble,0.051
2025-12-01,Abruzzo,Jooble,1.199
2025-12-01,Basilicata,Jooble,0.42
2025-12-01,Calabria,Jooble,1.598
2025-12-01,Campania,Jooble,3.461
2025-12-01,Emilia-Romagna,Jooble,5.218
2025-12-01,Friuli-Venezia Giulia,Jooble,0.729
2025-12-01,Lazio,Jooble,3.965
2025-12-01,Liguria,Jooble,0.745
2025-12-01,Lombardia,Jooble,8.674
2025-12-01,Marche,Jooble,1.275
2025-12-01,Molise,Jooble,0.213
2025-12-01,Piemonte,Jooble,3.962
2025-12-01,Puglia,Jooble,3.458
2025-12-01,Sardegna,Jooble,1.056
2025-12-01,Sicilia,Jooble,3.3
2025-12-01,Toscana,Jooble,1.955
2025-12-01,Trentino-Alto Adige,Jooble,0.94
2025-12-01,Umbria,Jooble,0.588
2025-12-01,Valle d'Aosta,Jooble,0.051
2025-12-01,Veneto,Jooble,3.749
2025-12-08,Abruzzo,Jooble,1.49
2025-12-08,Basilicata,Jooble,0.523
2025-12-08,Calabria,Jooble,2.131
2025-12-08,Campania,Jooble,4.487
2025-12-08,Emilia-Romagna,Jooble,6.445
2025-12-08,Friuli-Venezia Giulia,Jooble,0.911
2025-12-08,Lazio,Jooble,4.717
2025-12-08,Liguria,Jooble,1.057
2025-12-08,Lombardia,Jooble,10.721
2025-12-08,Marche,Jooble,1.579
2025-12-08,Molise,Jooble,0.267
2025-12-08,Piemonte,Jooble,4.998
2025-12-08,Puglia,Jooble,4.424
2025-12-08,Sardegna,Jooble,1.358
2025-12-08,Sicilia,Jooble,4.157
2025-12-08,Toscana,Jooble,2.364
2025-12-08,Trentino-Alto Adige,Jooble,1.231
2025-12-08,Umbria,Jooble,0.774
2025-12-08,Valle d'Aosta,Jooble,0.065
2025-12-08,Veneto,Jooble,4.641
2025-12-15,Abruzzo,Jooble,1.457
2025-12-15,Basilicata,Jooble,0.503
2025-12-15,Calabria,Jooble,2.196
2025-12-15,Campania,Jooble,4.649
2025-12-15,Emilia-Romagna,Jooble,6.68
2025-12-15,Friuli-Venezia Giulia,Jooble,0.898
2025-12-15,Lazio,Jooble,4.486
2025-12-15,Liguria,Jooble,0.985
2025-12-15,Lombardia,Jooble,11.043
2025-12-15,Marche,Jooble,1.574
2025-12-15,Molise,Jooble,0.279
2025-12-15,Piemonte,Jooble,5.258
2025-12-15,Puglia,Jooble,4.476
2025-12-15,Sardegna,Jooble,1.322
2025-12-15,Sicilia,Jooble,4.268
2025-12-15,Toscana,Jooble,2.323
2025-12-15,Trentino-Alto Adige,Jooble,1.255
2025-12-15,Umbria,Jooble,0.787
2025-12-15,Valle d'Aosta,Jooble,0.066
2025-12-15,Veneto,Jooble,4.68
2025-12-22,Abruzzo,Jooble,1.293
2025-12-22,Basilicata,Jooble,0.476
2025-12-22,Calabria,Jooble,2.04
2025-12-22,Campania,Jooble,4.583
2025-12-22,Emilia-Romagna,Jooble,6.075
2025-12-22,Friuli-Venezia Giulia,Jooble,0.899
2025-12-22,Lazio,Jooble,4.226
2025-12-22,Liguria,Jooble,0.937
2025-12-22,Lombardia,Jooble,10.688
2025-12-22,Marche,Jooble,1.598
2025-12-22,Molise,Jooble,0.256
2025-12-22,Piemonte,Jooble,4.922
2025-12-22,Puglia,Jooble,4.33
2025-12-22,Sardegna,Jooble,1.265
2025-12-22,Sicilia,Jooble,4.064
2025-12-22,Toscana,Jooble,2.303
2025-12-22,Trentino-Alto Adige,Jooble,1.171
2025-12-22,Umbria,Jooble,0.731
2025-12-22,Valle d'Aosta,Jooble,0.063
2025-12-22,Veneto,Jooble,4.396
2024-01-01,Abruzzo,Altre job board,3.114
2024-01-01,Basilicata,Altre job board,1.179
2024-01-01,Calabria,Altre job board,3.049
2024-01-01,Campania,Altre job board,15.369
2024-01-01,Emilia-Romagna,Altre job board,7.486
2024-01-01,Friuli-Venezia Giulia,Altre job board,2.171
2024-01-01,Lazio,Altre job board,8.104
2024-01-01,Liguria,Altre job board,3.035
2024-01-01,Lombardia,Altre job board,11.597
2024-01-01,Marche,Altre job board,2.571
2024-01-01,Molise,Altre job board,0.313
2024-01-01,Piemonte,Altre job board,5.543
2024-01-01,Puglia,Altre job board,5.547
2024-01-01,Sardegna,Altre job board,2.973
2024-01-01,Sicilia,Altre job board,6.157
2024-01-01,Toscana,Altre job board,7.823
2024-01-01,Trentino-Alto Adige,Altre job board,3.733
2024-01-01,Umbria,Altre job board,0.945
2024-01-01,Valle d'Aosta,Altre job board,0.241
2024-01-01,Veneto,Altre job board,14.638
2024-01-08,Abruzzo,Altre job board,3.288
2024-01-08,Basilicata,Altre job board,1.227
2024-01-08,Calabria,Altre job board,3.38
2024-01-08,Campania,Altre job board,16.548
2024-01-08,Emilia-Romagna,Altre job board,8.002
2024-01-08,Friuli-Venezia Giulia,Altre job board,2.249
2024-01-08,Lazio,Altre job board,8.795
2024-01-08,Liguria,Altre job board,3.23
2024-01-08,Lombardia,Altre job board,11.898
2024-01-08,Marche,Altre job board,2.784
2024-01-08,Molise,Altre job board,0.333
2024-01-08,Piemonte,Altre job board,5.745
2024-01-08,Puglia,Altre job board,6.05
2024-01-08,Sardegna,Altre job board,3.304
2024-01-08,Sicilia,Altre job board,6.568
2024-01-08,Toscana,Altre job board,8.771
2024-01-08,Trentino-Alto Adige,Altre job board,4.237
2024-01-08,Umbria,Altre job board,1.026
2024-01-08,Valle d'Aosta,Altre job board,0.277
2024-01-08,Veneto,Altre job board,15.8
2024-01-15,Abruzzo,Altre job board,3.418
2024-01-15,Basilicata,Altre job board,1.225
2024-01-15,Calabria,Altre job board,3.337
2024-01-15,Campania,Altre job board,16.068
2024-01-15,Emilia-Romagna,Altre job board,8.008
2024-01-15,Friuli-Venezia Giulia,Altre job board,2.265
2024-01-15,Lazio,Altre job board,9.236
2024-01-15,Liguria,Altre job board,3.083
2024-01-15,Lombardia,Altre job board,11.725
2024-01-15,Marche,Altre job board,2.71
2024-01-15,Molise,Altre job board,0.342
2024-01-15,Piemonte,Altre job board,5.419
2024-01-15,Puglia,Altre job board,6.025
2024-01-15,Sardegna,Altre job board,3.29
2024-01-15,Sicilia,Altre job board,6.62
2024-01-15,Toscana,Altre job board,8.965
2024-01-15,Trentino-Alto Adige,Altre job board,4.075
2024-01-15,Umbria,Altre job board,0.975
2024-01-15,Valle d'Aosta,Altre job board,0.295
2024-01-15,Veneto,Altre job board,15.541
2024-01-22,Abruzzo,Altre job board,3.413
2024-01-22,Basilicata,Altre job board,1.17
2024-01-22,Calabria,Altre job board,3.438
2024-01-22,Campania,Altre job board,16.033
2024-01-22,Emilia-Romagna,Altre job board,7.635
2024-01-22,Friuli-Venezia Giulia,Altre job board,2.296
2024-01-22,Lazio,Altre job board,8.752
2024-01-22,Liguria,Altre job board,3.183
2024-01-22,Lombardia,Altre job board,11.996
2024-01-22,Marche,Altre job board,2.632
2024-01-22,Molise,Altre job board,0.34
2024-01-22,Piemonte,Altre job board,5.585
2024-01-22,Puglia,Altre job board,6.096
2024-01-22,Sardegna,Altre job board,3.39
2024-01-22,Sicilia,Altre job board,6.497
2024-01-22,Toscana,Altre job board,8.813
2024-01-22,Trentino-Alto Adige,Altre job board,4.181
2024-01-22,Umbria,Altre job board,1.018
2024-01-22,Valle d'Aosta,Altre job board,0.293
2024-01-22,Veneto,Altre job board,14.722
2024-01-29,Abruzzo,Altre job board,3.069
2024-01-29,Basilicata,Altre job board,1.051
2024-01-29,Calabria,Altre job board,3.113
2024-01-29,Campania,Altre job board,15.487
2024-01-29,Emilia-Romagna,Altre job board,6.733
2024-01-29,Friuli-Venezia Giulia,Altre job board,2.087
2024-01-29,Lazio,Altre job board,7.604
2024-01-29,Liguria,Altre job board,2.839
2024-01-29,Lombardia,Altre job board,10.512
2024-01-29,Marche,Altre job board,2.448
2024-01-29,Molise,Altre job board,0.315
2024-01-29,Piemonte,Altre job board,4.75
2024-01-29,Puglia,Altre job board,5.612
2024-01-29,Sardegna,Altre job board,3.014
2024-01-29,Sicilia,Altre job board,5.847
2024-01-29,Toscana,Altre job board,8.491
2024-01-29,Trentino-Alto Adige,Altre job board,3.65
2024-01-29,Umbria,Altre job board,0.9
2024-01-29,Valle d'Aosta,Altre job board,0.27
2024-01-29,Veneto,Altre job board,13.445
2024-02-05,Abruzzo,Altre job board,2.986
2024-02-05,Basilicata,Altre job board,1.057
2024-02-05,Calabria,Altre job board,2.955
2024-02-05,Campania,Altre job board,14.751
2024-02-05,Emilia-Romagna,Altre job board,6.702
2024-02-05,Friuli-Venezia Giulia,Altre job board,2.053
2024-02-05,Lazio,Altre job board,7.44
2024-02-05,Liguria,Altre job board,2.79
2024-02-05,Lombardia,Altre job board,9.678
2024-02-05,Marche,Altre job board,2.294
2024-02-05,Molise,Altre job board,0.3
2024-02-05,Piemonte,Altre job board,4.624
2024-02-05,Puglia,Altre job board,5.304
2024-02-05,Sardegna,Altre job board,3.034
2024-02-05,Sicilia,Altre job board,5.452
2024-02-05,Toscana,Altre job board,8.193
2024-02-05,Trentino-Alto Adige,Altre job board,3.515
2024-02-05,Umbria,Altre job board,0.896
2024-02-05,Valle d'Aosta,Altre job board,0.261
2024-02-05,Veneto,Altre job board,13.471
2024-02-12,Abruzzo,Altre job board,2.607
2024-02-12,Basilicata,Altre job board,0.97
2024-02-12,Calabria,Altre job board,2.672
2024-02-12,Campania,Altre job board,13.857
2024-02-12,Emilia-Romagna,Altre job board,6.165
2024-02-12,Friuli-Venezia Giulia,Altre job board,1.931
2024-02-12,Lazio,Altre job board,7.226
2024-02-12,Liguria,Altre job board,2.521
2024-02-12,Lombardia,Altre job board,9.298
2024-02-12,Marche,Altre job board,2.112
2024-02-12,Molise,Altre job board,0.286
2024-02-12,Piemonte,Altre job board,4.591
2024-02-12,Puglia,Altre job board,4.86
2024-02-12,Sardegna,Altre job board,2.756
2024-02-12,Sicilia,Altre job board,5.077
2024-02-12,Toscana,Altre job board,7.56
2024-02-12,Trentino-Alto Adige,Altre job board,3.17
2024-02-12,Umbria,Altre job board,0.879
2024-02-12,Valle d'Aosta,Altre job board,0.252
2024-02-12,Veneto,Altre job board,12.682
2024-02-19,Abruzzo,Altre job board,0.346
2024-02-19,Basilicata,Altre job board,0.131
2024-02-19,Calabria,Altre job board,0.379
2024-02-19,Campania,Altre job board,1.867
2024-02-19,Emilia-Romagna,Altre job board,0.849
2024-02-19,Friuli-Venezia Giulia,Altre job board,0.287
2024-02-19,Lazio,Altre job board,0.953
2024-02-19,Liguria,Altre job board,0.345
2024-02-19,Lombardia,Altre job board,1.233
2024-02-19,Marche,Altre job board,0.292
2024-02-19,Molise,Altre job board,0.04
2024-02-19,Piemonte,Altre job board,0.632
2024-02-19,Puglia,Altre job board,0.701
2024-02-19,Sardegna,Altre job board,0.385
2024-02-19,Sicilia,Altre job board,0.695
2024-02-19,Toscana,Altre job board,1.155
2024-02-19,Trentino-Alto Adige,Altre job board,0.427
2024-02-19,Umbria,Altre job board,0.113
2024-02-19,Valle d'Aosta,Altre job board,0.041
2024-02-19,Veneto,Altre job board,2.06
2024-02-26,Abruzzo,Altre job board,2.35
2024-02-26,Basilicata,Altre job board,0.872
2024-02-26,Calabria,Altre job board,2.218
2024-02-26,Campania,Altre job board,12.139
2024-02-26,Emilia-Romagna,Altre job board,5.523
2024-02-26,Friuli-Venezia Giulia,Altre job board,1.763
2024-02-26,Lazio,Altre job board,6.41
2024-02-26,Liguria,Altre job board,2.352
2024-02-26,Lombardia,Altre job board,8.2
2024-02-26,Marche,Altre job board,1.943
2024-02-26,Molise,Altre job board,0.235
2024-02-26,Piemonte,Altre job board,4.16
2024-02-26,Puglia,Altre job board,4.557
2024-02-26,Sardegna,Altre job board,2.433
2024-02-26,Sicilia,Altre job board,4.515
2024-02-26,Toscana,Altre job board,7.25
2024-02-26,Trentino-Alto Adige,Altre job board,2.64
2024-02-26,Umbria,Altre job board,0.708
2024-02-26,Valle d'Aosta,Altre job board,0.228
2024-02-26,Veneto,Altre job board,10.409
2024-03-04,Abruzzo,Altre job board,2.441
2024-03-04,Basilicata,Altre job board,0.883
2024-03-04,Calabria,Altre job board,2.175
2024-03-04,Campania,Altre job board,11.775
2024-03-04,Emilia-Romagna,Altre job board,5.166
2024-03-04,Friuli-Venezia Giulia,Altre job board,1.675
2024-03-04,Lazio,Altre job board,6.336
2024-03-04,Liguria,Altre job board,2.226
2024-03-04,Lombardia,Altre job board,7.649
2024-03-04,Marche,Altre job board,1.838
2024-03-04,Molise,Altre job board,0.229
2024-03-04,Piemonte,Altre job board,3.997
2024-03-04,Puglia,Altre job board,4.223
2024-03-04,Sardegna,Altre job board,2.368
2024-03-04,Sicilia,Altre job board,4.61
2024-03-04,Toscana,Altre job board,7.095
2024-03-04,Trentino-Alto Adige,Altre job board,2.814
2024-03-04,Umbria,Altre job board,0.67
2024-03-04,Valle d'Aosta,Altre job board,0.214
2024-03-04,Veneto,Altre job board,10.605
2024-03-11,Abruzzo,Altre job board,2.87
2024-03-11,Basilicata,Altre job board,1.114
2024-03-11,Calabria,Altre job board,2.449
2024-03-11,Campania,Altre job board,14.617
2024-03-11,Emilia-Romagna,Altre job board,6.553
2024-03-11,Friuli-Venezia Giulia,Altre job board,2.051
2024-03-11,Lazio,Altre job board,7.548
2024-03-11,Liguria,Altre job board,2.664
2024-03-11,Lombardia,Altre job board,9.36
2024-03-11,Marche,Altre job board,2.33
2024-03-11,Molise,Altre job board,0.282
2024-03-11,Piemonte,Altre job board,4.919
2024-03-11,Puglia,Altre job board,5.162
2024-03-11,Sardegna,Altre job board,2.698
2024-03-11,Sicilia,Altre job board,5.717
2024-03-11,Toscana,Altre job board,8.27
2024-03-11,Trentino-Alto Adige,Altre job board,3.389
2024-03-11,Umbria,Altre job board,0.808
2024-03-11,Valle d'Aosta,Altre job board,0.251
2024-03-11,Veneto,Altre job board,12.643
2024-03-18,Abruzzo,Altre job board,2.903
2024-03-18,Basilicata,Altre job board,1.151
2024-03-18,Calabria,Altre job board,2.889
2024-03-18,Campania,Altre job board,16.421
2024-03-18,Emilia-Romagna,Altre job board,7.483
2024-03-18,Friuli-Venezia Giulia,Altre job board,2.287
2024-03-18,Lazio,Altre job board,7.838
2024-03-18,Liguria,Altre job board,2.783
2024-03-18,Lombardia,Altre job board,10.662
2024-03-18,Marche,Altre job board,2.39
2024-03-18,Molise,Altre job board,0.292
2024-03-18,Piemonte,Altre job board,5.173
2024-03-18,Puglia,Altre job board,5.572
2024-03-18,Sardegna,Altre job board,2.865
2024-03-18,Sicilia,Altre job board,6.128
2024-03-18,Toscana,Altre job board,8.358
2024-03-18,Trentino-Alto Adige,Altre job board,3.887
2024-03-18,Umbria,Altre job board,0.947
2024-03-18,Valle d'Aosta,Altre job board,0.269
2024-03-18,Veneto,Altre job board,13.927
2024-03-25,Abruzzo,Altre job board,2.437
2024-03-25,Basilicata,Altre job board,0.947
2024-03-25,Calabria,Altre job board,2.395
2024-03-25,Campania,Altre job board,14.057
2024-03-25,Emilia-Romagna,Altre job board,6.125
2024-03-25,Friuli-Venezia Giulia,Altre job board,1.894
2024-03-25,Lazio,Altre job board,6.261
2024-03-25,Liguria,Altre job board,2.387
2024-03-25,Lombardia,Altre job board,8.836
2024-03-25,Marche,Altre job board,2.048
2024-03-25,Molise,Altre job board,0.237
2024-03-25,Piemonte,Altre job board,4.362
2024-03-25,Puglia,Altre job board,4.483
2024-03-25,Sardegna,Altre job board,2.357
2024-03-25,Sicilia,Altre job board,4.859
2024-03-25,Toscana,Altre job board,6.754
2024-03-25,Trentino-Alto Adige,Altre job board,3.352
2024-03-25,Umbria,Altre job board,0.784
2024-03-25,Valle d'Aosta,Altre job board,0.222
2024-03-25,Veneto,Altre job board,12.162
2024-04-01,Abruzzo,Altre job board,2.403
2024-04-01,Basilicata,Altre job board,0.867
2024-04-01,Calabria,Altre job board,2.291
2024-04-01,Campania,Altre job board,12.188
2024-04-01,Emilia-Romagna,Altre job board,6.006
2024-04-01,Friuli-Venezia Giulia,Altre job board,1.795
2024-04-01,Lazio,Altre job board,5.736
2024-04-01,Liguria,Altre job board,2.23
2024-04-01,Lombardia,Altre job board,8.194
2024-04-01,Marche,Altre job board,1.938
2024-04-01,Molise,Altre job board,0.243
2024-04-01,Piemonte,Altre job board,3.986
2024-04-01,Puglia,Altre job board,4.258
2024-04-01,Sardegna,Altre job board,2.281
2024-04-01,Sicilia,Altre job board,4.52
2024-04-01,Toscana,Altre job board,6.599
2024-04-01,Trentino-Alto Adige,Altre job board,3.22
2024-04-01,Umbria,Altre job board,0.715
2024-04-01,Valle d'Aosta,Altre job board,0.212
2024-04-01,Veneto,Altre job board,11.265
2024-04-08,Abruzzo,Altre job board,2.716
2024-04-08,Basilicata,Altre job board,0.945
2024-04-08,Calabria,Altre job board,2.489
2024-04-08,Campania,Altre job board,13.084
2024-04-08,Emilia-Romagna,Altre job board,6.354
2024-04-08,Friuli-Venezia Giulia,Altre job board,1.979
2024-04-08,Lazio,Altre job board,6.572
2024-04-08,Liguria,Altre job board,2.558
2024-04-08,Lombardia,Altre job board,8.768
2024-04-08,Marche,Altre job board,2.235
2024-04-08,Molise,Altre job board,0.262
2024-04-08,Piemonte,Altre job board,4.4
2024-04-08,Puglia,Altre job board,4.573
2024-04-08,Sardegna,Altre job board,2.734
2024-04-08,Sicilia,Altre job board,5.483
2024-04-08,Toscana,Altre job board,7.443
2024-04-08,Trentino-Alto Adige,Altre job board,3.438
2024-04-08,Umbria,Altre job board,0.812
2024-04-08,Valle d'Aosta,Altre job board,0.232
2024-04-08,Veneto,Altre job board,12.616
2024-04-15,Abruzzo,Altre job board,2.818
2024-04-15,Basilicata,Altre job board,0.993
2024-04-15,Calabria,Altre job board,2.618
2024-04-15,Campania,Altre job board,15.29
2024-04-15,Emilia-Romagna,Altre job board,6.582
2024-04-15,Friuli-Venezia Giulia,Altre job board,2.05
2024-04-15,Lazio,Altre job board,7.116
2024-04-15,Liguria,Altre job board,2.777
2024-04-15,Lombardia,Altre job board,9.928
2024-04-15,Marche,Altre job board,2.199
2024-04-15,Molise,Altre job board,0.282
2024-04-15,Piemonte,Altre job board,4.557
2024-04-15,Puglia,Altre job board,4.857
2024-04-15,Sardegna,Altre job board,2.964
2024-04-15,Sicilia,Altre job board,5.975
2024-04-15,Toscana,Altre job board,7.678
2024-04-15,Trentino-Alto Adige,Altre job board,3.678
2024-04-15,Umbria,Altre job board,0.854
2024-04-15,Valle d'Aosta,Altre job board,0.248
2024-04-15,Veneto,Altre job board,13.487
2024-04-22,Abruzzo,Altre job board,3.023
2024-04-22,Basilicata,Altre job board,1.075
2024-04-22,Calabria,Altre job board,2.93
2024-04-22,Campania,Altre job board,16.372
2024-04-22,Emilia-Romagna,Altre job board,7.064
2024-04-22,Friuli-Venezia Giulia,Altre job board,2.206
2024-04-22,Lazio,Altre job board,8.257
2024-04-22,Liguria,Altre job board,2.959
2024-04-22,Lombardia,Altre job board,10.335
2024-04-22,Marche,Altre job board,2.335
2024-04-22,Molise,Altre job board,0.301
2024-04-22,Piemonte,Altre job board,5.074
2024-04-22,Puglia,Altre job board,5.458
2024-04-22,Sardegna,Altre job board,3.121
2024-04-22,Sicilia,Altre job board,6.103
2024-04-22,Toscana,Altre job board,8.66
2024-04-22,Trentino-Alto Adige,Altre job board,3.764
2024-04-22,Umbria,Altre job board,0.959
2024-04-22,Valle d'Aosta,Altre job board,0.265
2024-04-22,Veneto,Altre job board,14.078
2024-04-29,Abruzzo,Altre job board,2.816
2024-04-29,Basilicata,Altre job board,0.956
2024-04-29,Calabria,Altre job board,2.583
2024-04-29,Campania,Altre job board,14.712
2024-04-29,Emilia-Romagna,Altre job board,6.724
2024-04-29,Friuli-Venezia Giulia,Altre job board,1.957
2024-04-29,Lazio,Altre job board,7.406
2024-04-29,Liguria,Altre job board,2.742
2024-04-29,Lombardia,Altre job board,9.508
2024-04-29,Marche,Altre job board,2.011
2024-04-29,Molise,Altre job board,0.276
2024-04-29,Piemonte,Altre job board,4.815
2024-04-29,Puglia,Altre job board,5.083
2024-04-29,Sardegna,Altre job board,2.712
2024-04-29,Sicilia,Altre job board,5.438
2024-04-29,Toscana,Altre job board,7.975
2024-04-29,Trentino-Alto Adige,Altre job board,3.517
2024-04-29,Umbria,Altre job board,0.828
2024-04-29,Valle d'Aosta,Altre job board,0.234
2024-04-29,Veneto,Altre job board,12.709
2024-05-06,Abruzzo,Altre job board,2.553
2024-05-06,Basilicata,Altre job board,0.912
2024-05-06,Calabria,Altre job board,2.532
2024-05-06,Campania,Altre job board,13.95
2024-05-06,Emilia-Romagna,Altre job board,6.076
2024-05-06,Friuli-Venezia Giulia,Altre job board,1.7
2024-05-06,Lazio,Altre job board,7.081
2024-05-06,Liguria,Altre job board,2.46
2024-05-06,Lombardia,Altre job board,9.074
2024-05-06,Marche,Altre job board,1.954
2024-05-06,Molise,Altre job board,0.245
2024-05-06,Piemonte,Altre job board,4.462
2024-05-06,Puglia,Altre job board,4.8
2024-05-06,Sardegna,Altre job board,2.363
2024-05-06,Sicilia,Altre job board,5.289
2024-05-06,Toscana,Altre job board,7.29
2024-05-06,Trentino-Alto Adige,Altre job board,3.141
2024-05-06,Umbria,Altre job board,0.744
2024-05-06,Valle d'Aosta,Altre job board,0.202
2024-05-06,Veneto,Altre job board,11.08
2024-05-13,Abruzzo,Altre job board,2.307
2024-05-13,Basilicata,Altre job board,0.742
2024-05-13,Calabria,Altre job board,2.34
2024-05-13,Campania,Altre job board,12.609
2024-05-13,Emilia-Romagna,Altre job board,5.027
2024-05-13,Friuli-Venezia Giulia,Altre job board,1.606
2024-05-13,Lazio,Altre job board,6.04
2024-05-13,Liguria,Altre job board,2.26
2024-05-13,Lombardia,Altre job board,7.472
2024-05-13,Marche,Altre job board,1.785
2024-05-13,Molise,Altre job board,0.218
2024-05-13,Piemonte,Altre job board,3.922
2024-05-13,Puglia,Altre job board,4.394
2024-05-13,Sardegna,Altre job board,2.026
2024-05-13,Sicilia,Altre job board,4.788
2024-05-13,Toscana,Altre job board,6.517
2024-05-13,Trentino-Alto Adige,Altre job board,3.059
2024-05-13,Umbria,Altre job board,0.622
2024-05-13,Valle d'Aosta,Altre job board,0.181
2024-05-13,Veneto,Altre job board,10.183
2024-05-20,Abruzzo,Altre job board,2.414
2024-05-20,Basilicata,Altre job board,0.778
2024-05-20,Calabria,Altre job board,2.378
2024-05-20,Campania,Altre job board,13.021
2024-05-20,Emilia-Romagna,Altre job board,5.229
2024-05-20,Friuli-Venezia Giulia,Altre job board,1.745
2024-05-20,Lazio,Altre job board,6.506
2024-05-20,Liguria,Altre job board,2.317
2024-05-20,Lombardia,Altre job board,8.157
2024-05-20,Marche,Altre job board,1.956
2024-05-20,Molise,Altre job board,0.25
2024-05-20,Piemonte,Altre job board,4.221
2024-05-20,Puglia,Altre job board,4.357
2024-05-20,Sardegna,Altre job board,2.302
2024-05-20,Sicilia,Altre job board,5.163
2024-05-20,Toscana,Altre job board,6.794
2024-05-20,Trentino-Alto Adige,Altre job board,3.179
2024-05-20,Umbria,Altre job board,0.685
2024-05-20,Valle d'Aosta,Altre job board,0.198
2024-05-20,Veneto,Altre job board,11.033
2024-05-27,Abruzzo,Altre job board,2.562
2024-05-27,Basilicata,Altre job board,0.859
2024-05-27,Calabria,Altre job board,2.547
2024-05-27,Campania,Altre job board,13.912
2024-05-27,Emilia-Romagna,Altre job board,5.845
2024-05-27,Friuli-Venezia Giulia,Altre job board,1.754
2024-05-27,Lazio,Altre job board,6.821
2024-05-27,Liguria,Altre job board,2.273
2024-05-27,Lombardia,Altre job board,8.322
2024-05-27,Marche,Altre job board,2.168
2024-05-27,Molise,Altre job board,0.275
2024-05-27,Piemonte,Altre job board,4.598
2024-05-27,Puglia,Altre job board,4.726
2024-05-27,Sardegna,Altre job board,2.632
2024-05-27,Sicilia,Altre job board,5.121
2024-05-27,Toscana,Altre job board,6.927
2024-05-27,Trentino-Alto Adige,Altre job board,3.348
2024-05-27,Umbria,Altre job board,0.794
2024-05-27,Valle d'Aosta,Altre job board,0.208
2024-05-27,Veneto,Altre job board,11.453
2024-06-03,Abruzzo,Altre job board,3.034
2024-06-03,Basilicata,Altre job board,1.082
2024-06-03,Calabria,Altre job board,2.964
2024-06-03,Campania,Altre job board,15.755
2024-06-03,Emilia-Romagna,Altre job board,6.706
2024-06-03,Friuli-Venezia Giulia,Altre job board,2.092
2024-06-03,Lazio,Altre job board,7.863
2024-06-03,Liguria,Altre job board,2.793
2024-06-03,Lombardia,Altre job board,10.527
2024-06-03,Marche,Altre job board,2.504
2024-06-03,Molise,Altre job board,0.309
2024-06-03,Piemonte,Altre job board,5.353
2024-06-03,Puglia,Altre job board,5.597
2024-06-03,Sardegna,Altre job board,3.026
2024-06-03,Sicilia,Altre job board,6.199
2024-06-03,Toscana,Altre job board,8.393
2024-06-03,Trentino-Alto Adige,Altre job board,4.003
2024-06-03,Umbria,Altre job board,0.976
2024-06-03,Valle d'Aosta,Altre job board,0.259
2024-06-03,Veneto,Altre job board,13.452
2024-06-10,Abruzzo,Altre job board,2.937
2024-06-10,Basilicata,Altre job board,1.021
2024-06-10,Calabria,Altre job board,3.339
2024-06-10,Campania,Altre job board,15.466
2024-06-10,Emilia-Romagna,Altre job board,7.264
2024-06-10,Friuli-Venezia Giulia,Altre job board,2.082
2024-06-10,Lazio,Altre job board,7.768
2024-06-10,Liguria,Altre job board,2.796
2024-06-10,Lombardia,Altre job board,10.405
2024-06-10,Marche,Altre job board,2.341
2024-06-10,Molise,Altre job board,0.3
2024-06-10,Piemonte,Altre job board,4.995
2024-06-10,Puglia,Altre job board,6.179
2024-06-10,Sardegna,Altre job board,3.519
2024-06-10,Sicilia,Altre job board,7.034
2024-06-10,Toscana,Altre job board,7.578
2024-06-10,Trentino-Alto Adige,Altre job board,4.315
2024-06-10,Umbria,Altre job board,0.934
2024-06-10,Valle d'Aosta,Altre job board,0.252
2024-06-10,Veneto,Altre job board,13.051
2024-06-17,Abruzzo,Altre job board,2.749
2024-06-17,Basilicata,Altre job board,0.9
2024-06-17,Calabria,Altre job board,3.109
2024-06-17,Campania,Altre job board,14.363
2024-06-17,Emilia-Romagna,Altre job board,6.71
2024-06-17,Friuli-Venezia Giulia,Altre job board,1.867
2024-06-17,Lazio,Altre job board,7.022
2024-06-17,Liguria,Altre job board,2.651
2024-06-17,Lombardia,Altre job board,9.66
2024-06-17,Marche,Altre job board,2.193
2024-06-17,Molise,Altre job board,0.261
2024-06-17,Piemonte,Altre job board,4.663
2024-06-17,Puglia,Altre job board,5.571
2024-06-17,Sardegna,Altre job board,3.338
2024-06-17,Sicilia,Altre job board,6.37
2024-06-17,Toscana,Altre job board,6.958
2024-06-17,Trentino-Alto Adige,Altre job board,4.081
2024-06-17,Umbria,Altre job board,0.781
2024-06-17,Valle d'Aosta,Altre job board,0.233
2024-06-17,Veneto,Altre job board,12.223
2024-06-24,Abruzzo,Altre job board,2.22
2024-06-24,Basilicata,Altre job board,0.752
2024-06-24,Calabria,Altre job board,2.615
2024-06-24,Campania,Altre job board,11.515
2024-06-24,Emilia-Romagna,Altre job board,6.082
2024-06-24,Friuli-Venezia Giulia,Altre job board,1.6
2024-06-24,Lazio,Altre job board,5.408
2024-06-24,Liguria,Altre job board,2.171
2024-06-24,Lombardia,Altre job board,8.215
2024-06-24,Marche,Altre job board,1.88
2024-06-24,Molise,Altre job board,0.222
2024-06-24,Piemonte,Altre job board,3.763
2024-06-24,Puglia,Altre job board,4.772
2024-06-24,Sardegna,Altre job board,2.881
2024-06-24,Sicilia,Altre job board,5.327
2024-06-24,Toscana,Altre job board,5.945
2024-06-24,Trentino-Alto Adige,Altre job board,3.425
2024-06-24,Umbria,Altre job board,0.595
2024-06-24,Valle d'Aosta,Altre job board,0.194
2024-06-24,Veneto,Altre job board,10.392
2024-07-01,Abruzzo,Altre job board,2.474
2024-07-01,Basilicata,Altre job board,0.824
2024-07-01,Calabria,Altre job board,2.852
2024-07-01,Campania,Altre job board,12.554
2024-07-01,Emilia-Romagna,Altre job board,6.781
2024-07-01,Friuli-Venezia Giulia,Altre job board,1.704
2024-07-01,Lazio,Altre job board,5.921
2024-07-01,Liguria,Altre job board,2.263
2024-07-01,Lombardia,Altre job board,8.493
2024-07-01,Marche,Altre job board,2.015
2024-07-01,Molise,Altre job board,0.242
2024-07-01,Piemonte,Altre job board,4.122
2024-07-01,Puglia,Altre job board,4.984
2024-07-01,Sardegna,Altre job board,2.785
2024-07-01,Sicilia,Altre job board,5.684
2024-07-01,Toscana,Altre job board,6.629
2024-07-01,Trentino-Alto Adige,Altre job board,3.996
2024-07-01,Umbria,Altre job board,0.773
2024-07-01,Valle d'Aosta,Altre job board,0.206
2024-07-01,Veneto,Altre job board,10.898
2024-07-08,Abruzzo,Altre job board,2.47
2024-07-08,Basilicata,Altre job board,0.919
2024-07-08,Calabria,Altre job board,2.908
2024-07-08,Campania,Altre job board,13.032
2024-07-08,Emilia-Romagna,Altre job board,7.076
2024-07-08,Friuli-Venezia Giulia,Altre job board,1.724
2024-07-08,Lazio,Altre job board,6.129
2024-07-08,Liguria,Altre job board,2.376
2024-07-08,Lombardia,Altre job board,8.913
2024-07-08,Marche,Altre job board,2.223
2024-07-08,Molise,Altre job board,0.252
2024-07-08,Piemonte,Altre job board,4.59
2024-07-08,Puglia,Altre job board,5.57
2024-07-08,Sardegna,Altre job board,2.907
2024-07-08,Sicilia,Altre job board,6.099
2024-07-08,Toscana,Altre job board,6.598
2024-07-08,Trentino-Alto Adige,Altre job board,3.913
2024-07-08,Umbria,Altre job board,0.767
2024-07-08,Valle d'Aosta,Altre job board,0.219
2024-07-08,Veneto,Altre job board,11.51
2024-07-15,Abruzzo,Altre job board,2.392
2024-07-15,Basilicata,Altre job board,0.901
2024-07-15,Calabria,Altre job board,3.087
2024-07-15,Campania,Altre job board,14.342
2024-07-15,Emilia-Romagna,Altre job board,7.419
2024-07-15,Friuli-Venezia Giulia,Altre job board,1.714
2024-07-15,Lazio,Altre job board,6.01
2024-07-15,Liguria,Altre job board,2.29
2024-07-15,Lombardia,Altre job board,8.633
2024-07-15,Marche,Altre job board,2.215
2024-07-15,Molise,Altre job board,0.25
2024-07-15,Piemonte,Altre job board,4.729
2024-07-15,Puglia,Altre job board,5.204
2024-07-15,Sardegna,Altre job board,2.921
2024-07-15,Sicilia,Altre job board,6.006
2024-07-15,Toscana,Altre job board,6.913
2024-07-15,Trentino-Alto Adige,Altre job board,3.738
2024-07-15,Umbria,Altre job board,0.76
2024-07-15,Valle d'Aosta,Altre job board,0.212
2024-07-15,Veneto,Altre job board,11.484
2024-07-22,Abruzzo,Altre job board,2.28
2024-07-22,Basilicata,Altre job board,0.882
2024-07-22,Calabria,Altre job board,2.952
2024-07-22,Campania,Altre job board,13.557
2024-07-22,Emilia-Romagna,Altre job board,7.183
2024-07-22,Friuli-Venezia Giulia,Altre job board,1.534
2024-07-22,Lazio,Altre job board,5.994
2024-07-22,Liguria,Altre job board,2.325
2024-07-22,Lombardia,Altre job board,7.885
2024-07-22,Marche,Altre job board,1.969
2024-07-22,Molise,Altre job board,0.246
2024-07-22,Piemonte,Altre job board,4.385
2024-07-22,Puglia,Altre job board,5.478
2024-07-22,Sardegna,Altre job board,2.899
2024-07-22,Sicilia,Altre job board,5.881
2024-07-22,Toscana,Altre job board,6.573
2024-07-22,Trentino-Alto Adige,Altre job board,3.855
2024-07-22,Umbria,Altre job board,0.691
2024-07-22,Valle d'Aosta,Altre job board,0.198
2024-07-22,Veneto,Altre job board,10.715
2024-07-29,Abruzzo,Altre job board,2.545
2024-07-29,Basilicata,Altre job board,0.964
2024-07-29,Calabria,Altre job board,3.206
2024-07-29,Campania,Altre job board,15.443
2024-07-29,Emilia-Romagna,Altre job board,7.825
2024-07-29,Friuli-Venezia Giulia,Altre job board,1.713
2024-07-29,Lazio,Altre job board,6.888
2024-07-29,Liguria,Altre job board,2.656
2024-07-29,Lombardia,Altre job board,8.633
2024-07-29,Marche,Altre job board,2.126
2024-07-29,Molise,Altre job board,0.287
2024-07-29,Piemonte,Altre job board,4.911
2024-07-29,Puglia,Altre job board,5.983
2024-07-29,Sardegna,Altre job board,3.238
2024-07-29,Sicilia,Altre job board,5.96
2024-07-29,Toscana,Altre job board,7.424
2024-07-29,Trentino-Alto Adige,Altre job board,4.186
2024-07-29,Umbria,Altre job board,0.789
2024-07-29,Valle d'Aosta,Altre job board,0.208
2024-07-29,Veneto,Altre job board,11.381
2024-08-05,Abruzzo,Altre job board,2.513
2024-08-05,Basilicata,Altre job board,0.868
2024-08-05,Calabria,Altre job board,2.676
2024-08-05,Campania,Altre job board,13.184
2024-08-05,Emilia-Romagna,Altre job board,6.805
2024-08-05,Friuli-Venezia Giulia,Altre job board,1.495
2024-08-05,Lazio,Altre job board,5.935
2024-08-05,Liguria,Altre job board,2.282
2024-08-05,Lombardia,Altre job board,7.915
2024-08-05,Marche,Altre job board,1.932
2024-08-05,Molise,Altre job board,0.241
2024-08-05,Piemonte,Altre job board,4.309
2024-08-05,Puglia,Altre job board,5.582
2024-08-05,Sardegna,Altre job board,2.854
2024-08-05,Sicilia,Altre job board,5.53
2024-08-05,Toscana,Altre job board,6.461
2024-08-05,Trentino-Alto Adige,Altre job board,3.773
2024-08-05,Umbria,Altre job board,0.645
2024-08-05,Valle d'Aosta,Altre job board,0.199
2024-08-05,Veneto,Altre job board,10.447
2024-08-12,Abruzzo,Altre job board,2.557
2024-08-12,Basilicata,Altre job board,0.863
2024-08-12,Calabria,Altre job board,2.331
2024-08-12,Campania,Altre job board,12.591
2024-08-12,Emilia-Romagna,Altre job board,6.038
2024-08-12,Friuli-Venezia Giulia,Altre job board,1.731
2024-08-12,Lazio,Altre job board,6.23
2024-08-12,Liguria,Altre job board,2.29
2024-08-12,Lombardia,Altre job board,8.349
2024-08-12,Marche,Altre job board,1.89
2024-08-12,Molise,Altre job board,0.253
2024-08-12,Piemonte,Altre job board,4.13
2024-08-12,Puglia,Altre job board,5.091
2024-08-12,Sardegna,Altre job board,2.441
2024-08-12,Sicilia,Altre job board,4.77
2024-08-12,Toscana,Altre job board,6.369
2024-08-12,Trentino-Alto Adige,Altre job board,3.323
2024-08-12,Umbria,Altre job board,0.642
2024-08-12,Valle d'Aosta,Altre job board,0.209
2024-08-12,Veneto,Altre job board,10.149
2024-08-19,Abruzzo,Altre job board,0.336
2024-08-19,Basilicata,Altre job board,0.109
2024-08-19,Calabria,Altre job board,0.304
2024-08-19,Campania,Altre job board,1.61
2024-08-19,Emilia-Romagna,Altre job board,0.821
2024-08-19,Friuli-Venezia Giulia,Altre job board,0.239
2024-08-19,Lazio,Altre job board,0.763
2024-08-19,Liguria,Altre job board,0.296
2024-08-19,Lombardia,Altre job board,1.047
2024-08-19,Marche,Altre job board,0.245
2024-08-19,Molise,Altre job board,0.033
2024-08-19,Piemonte,Altre job board,0.536
2024-08-19,Puglia,Altre job board,0.76
2024-08-19,Sardegna,Altre job board,0.317
2024-08-19,Sicilia,Altre job board,0.629
2024-08-19,Toscana,Altre job board,0.865
2024-08-19,Trentino-Alto Adige,Altre job board,0.46
2024-08-19,Umbria,Altre job board,0.072
2024-08-19,Valle d'Aosta,Altre job board,0.029
2024-08-19,Veneto,Altre job board,1.394
2024-08-26,Abruzzo,Altre job board,2.398
2024-08-26,Basilicata,Altre job board,0.93
2024-08-26,Calabria,Altre job board,2.28
2024-08-26,Campania,Altre job board,11.615
2024-08-26,Emilia-Romagna,Altre job board,5.426
2024-08-26,Friuli-Venezia Giulia,Altre job board,1.571
2024-08-26,Lazio,Altre job board,6.747
2024-08-26,Liguria,Altre job board,2.31
2024-08-26,Lombardia,Altre job board,8.122
2024-08-26,Marche,Altre job board,2.124
2024-08-26,Molise,Altre job board,0.252
2024-08-26,Piemonte,Altre job board,4.131
2024-08-26,Puglia,Altre job board,4.606
2024-08-26,Sardegna,Altre job board,2.39
2024-08-26,Sicilia,Altre job board,4.685
2024-08-26,Toscana,Altre job board,6.449
2024-08-26,Trentino-Alto Adige,Altre job board,2.884
2024-08-26,Umbria,Altre job board,0.69
2024-08-26,Valle d'Aosta,Altre job board,0.184
2024-08-26,Veneto,Altre job board,10.471
2024-09-02,Abruzzo,Altre job board,2.844
2024-09-02,Basilicata,Altre job board,1.025
2024-09-02,Calabria,Altre job board,2.801
2024-09-02,Campania,Altre job board,14.307
2024-09-02,Emilia-Romagna,Altre job board,6.743
2024-09-02,Friuli-Venezia Giulia,Altre job board,1.92
2024-09-02,Lazio,Altre job board,7.792
2024-09-02,Liguria,Altre job board,2.68
2024-09-02,Lombardia,Altre job board,9.598
2024-09-02,Marche,Altre job board,2.367
2024-09-02,Molise,Altre job board,0.289
2024-09-02,Piemonte,Altre job board,4.57
2024-09-02,Puglia,Altre job board,5.298
2024-09-02,Sardegna,Altre job board,2.805
2024-09-02,Sicilia,Altre job board,5.416
2024-09-02,Toscana,Altre job board,7.871
2024-09-02,Trentino-Alto Adige,Altre job board,3.517
2024-09-02,Umbria,Altre job board,0.78
2024-09-02,Valle d'Aosta,Altre job board,0.216
2024-09-02,Veneto,Altre job board,11.724
2024-09-09,Abruzzo,Altre job board,2.942
2024-09-09,Basilicata,Altre job board,1.051
2024-09-09,Calabria,Altre job board,2.932
2024-09-09,Campania,Altre job board,15.043
2024-09-09,Emilia-Romagna,Altre job board,6.506
2024-09-09,Friuli-Venezia Giulia,Altre job board,1.952
2024-09-09,Lazio,Altre job board,7.586
2024-09-09,Liguria,Altre job board,2.674
2024-09-09,Lombardia,Altre job board,9.644
2024-09-09,Marche,Altre job board,2.339
2024-09-09,Molise,Altre job board,0.28
2024-09-09,Piemonte,Altre job board,4.803
2024-09-09,Puglia,Altre job board,5.45
2024-09-09,Sardegna,Altre job board,2.871
2024-09-09,Sicilia,Altre job board,5.093
2024-09-09,Toscana,Altre job board,8.004
2024-09-09,Trentino-Alto Adige,Altre job board,3.727
2024-09-09,Umbria,Altre job board,0.813
2024-09-09,Valle d'Aosta,Altre job board,0.221
2024-09-09,Veneto,Altre job board,11.835
2024-09-16,Abruzzo,Altre job board,2.575
2024-09-16,Basilicata,Altre job board,0.907
2024-09-16,Calabria,Altre job board,2.511
2024-09-16,Campania,Altre job board,12.693
2024-09-16,Emilia-Romagna,Altre job board,5.538
2024-09-16,Friuli-Venezia Giulia,Altre job board,1.712
2024-09-16,Lazio,Altre job board,6.664
2024-09-16,Liguria,Altre job board,2.382
2024-09-16,Lombardia,Altre job board,8.096
2024-09-16,Marche,Altre job board,2.085
2024-09-16,Molise,Altre job board,0.233
2024-09-16,Piemonte,Altre job board,4.121
2024-09-16,Puglia,Altre job board,4.504
2024-09-16,Sardegna,Altre job board,2.33
2024-09-16,Sicilia,Altre job board,4.665
2024-09-16,Toscana,Altre job board,6.726
2024-09-16,Trentino-Alto Adige,Altre job board,2.997
2024-09-16,Umbria,Altre job board,0.727
2024-09-16,Valle d'Aosta,Altre job board,0.206
2024-09-16,Veneto,Altre job board,10.576
2024-09-23,Abruzzo,Altre job board,2.418
2024-09-23,Basilicata,Altre job board,0.872
2024-09-23,Calabria,Altre job board,2.323
2024-09-23,Campania,Altre job board,12.471
2024-09-23,Emilia-Romagna,Altre job board,5.53
2024-09-23,Friuli-Venezia Giulia,Altre job board,1.689
2024-09-23,Lazio,Altre job board,6.395
2024-09-23,Liguria,Altre job board,2.413
2024-09-23,Lombardia,Altre job board,7.981
2024-09-23,Marche,Altre job board,1.97
2024-09-23,Molise,Altre job board,0.22
2024-09-23,Piemonte,Altre job board,3.73
2024-09-23,Puglia,Altre job board,4.126
2024-09-23,Sardegna,Altre job board,2.137
2024-09-23,Sicilia,Altre job board,4.846
2024-09-23,Toscana,Altre job board,6.71
2024-09-23,Trentino-Alto Adige,Altre job board,2.647
2024-09-23,Umbria,Altre job board,0.683
2024-09-23,Valle d'Aosta,Altre job board,0.207
2024-09-23,Veneto,Altre job board,10.192
2024-09-30,Abruzzo,Altre job board,2.872
2024-09-30,Basilicata,Altre job board,1.086
2024-09-30,Calabria,Altre job board,2.753
2024-09-30,Campania,Altre job board,15.121
2024-09-30,Emilia-Romagna,Altre job board,7.892
2024-09-30,Friuli-Venezia Giulia,Altre job board,2.051
2024-09-30,Lazio,Altre job board,8.223
2024-09-30,Liguria,Altre job board,2.943
2024-09-30,Lombardia,Altre job board,11.715
2024-09-30,Marche,Altre job board,2.344
2024-09-30,Molise,Altre job board,0.292
2024-09-30,Piemonte,Altre job board,5.521
2024-09-30,Puglia,Altre job board,5.254
2024-09-30,Sardegna,Altre job board,2.828
2024-09-30,Sicilia,Altre job board,5.899
2024-09-30,Toscana,Altre job board,7.97
2024-09-30,Trentino-Alto Adige,Altre job board,3.379
2024-09-30,Umbria,Altre job board,0.922
2024-09-30,Valle d'Aosta,Altre job board,0.247
2024-09-30,Veneto,Altre job board,14.444
2024-10-07,Abruzzo,Altre job board,2.613
2024-10-07,Basilicata,Altre job board,0.939
2024-10-07,Calabria,Altre job board,2.329
2024-10-07,Campania,Altre job board,14.471
2024-10-07,Emilia-Romagna,Altre job board,7.409
2024-10-07,Friuli-Venezia Giulia,Altre job board,1.855
2024-10-07,Lazio,Altre job board,7.094
2024-10-07,Liguria,Altre job board,2.698
2024-10-07,Lombardia,Altre job board,10.399
2024-10-07,Marche,Altre job board,2.234
2024-10-07,Molise,Altre job board,0.264
2024-10-07,Piemonte,Altre job board,5.095
2024-10-07,Puglia,Altre job board,4.763
2024-10-07,Sardegna,Altre job board,2.411
2024-10-07,Sicilia,Altre job board,5.216
2024-10-07,Toscana,Altre job board,7.092
2024-10-07,Trentino-Alto Adige,Altre job board,2.991
2024-10-07,Umbria,Altre job board,0.812
2024-10-07,Valle d'Aosta,Altre job board,0.215
2024-10-07,Veneto,Altre job board,14.168
2024-10-14,Abruzzo,Altre job board,2.039
2024-10-14,Basilicata,Altre job board,0.762
2024-10-14,Calabria,Altre job board,1.953
2024-10-14,Campania,Altre job board,12.04
2024-10-14,Emilia-Romagna,Altre job board,6.086
2024-10-14,Friuli-Venezia Giulia,Altre job board,1.623
2024-10-14,Lazio,Altre job board,5.356
2024-10-14,Liguria,Altre job board,2.188
2024-10-14,Lombardia,Altre job board,8.389
2024-10-14,Marche,Altre job board,1.854
2024-10-14,Molise,Altre job board,0.231
2024-10-14,Piemonte,Altre job board,4.239
2024-10-14,Puglia,Altre job board,3.965
2024-10-14,Sardegna,Altre job board,2.029
2024-10-14,Sicilia,Altre job board,4.232
2024-10-14,Toscana,Altre job board,5.669
2024-10-14,Trentino-Alto Adige,Altre job board,2.478
2024-10-14,Umbria,Altre job board,0.674
2024-10-14,Valle d'Aosta,Altre job board,0.167
2024-10-14,Veneto,Altre job board,12.578
2024-10-21,Abruzzo,Altre job board,1.685
2024-10-21,Basilicata,Altre job board,0.66
2024-10-21,Calabria,Altre job board,1.737
2024-10-21,Campania,Altre job board,9.703
2024-10-21,Emilia-Romagna,Altre job board,5.188
2024-10-21,Friuli-Venezia Giulia,Altre job board,1.309
2024-10-21,Lazio,Altre job board,4.348
2024-10-21,Liguria,Altre job board,1.834
2024-10-21,Lombardia,Altre job board,7.224
2024-10-21,Marche,Altre job board,1.5
2024-10-21,Molise,Altre job board,0.191
2024-10-21,Piemonte,Altre job board,3.754
2024-10-21,Puglia,Altre job board,3.327
2024-10-21,Sardegna,Altre job board,1.762
2024-10-21,Sicilia,Altre job board,3.61
2024-10-21,Toscana,Altre job board,4.995
2024-10-21,Trentino-Alto Adige,Altre job board,2.149
2024-10-21,Umbria,Altre job board,0.551
2024-10-21,Valle d'Aosta,Altre job board,0.139
2024-10-21,Veneto,Altre job board,10.789
2024-10-28,Abruzzo,Altre job board,1.973
2024-10-28,Basilicata,Altre job board,0.758
2024-10-28,Calabria,Altre job board,1.959
2024-10-28,Campania,Altre job board,11.094
2024-10-28,Emilia-Romagna,Altre job board,6.182
2024-10-28,Friuli-Venezia Giulia,Altre job board,1.42
2024-10-28,Lazio,Altre job board,5.164
2024-10-28,Liguria,Altre job board,1.839
2024-10-28,Lombardia,Altre job board,8.957
2024-10-28,Marche,Altre job board,1.698
2024-10-28,Molise,Altre job board,0.221
2024-10-28,Piemonte,Altre job board,4.2
2024-10-28,Puglia,Altre job board,3.878
2024-10-28,Sardegna,Altre job board,2.06
2024-10-28,Sicilia,Altre job board,4.21
2024-10-28,Toscana,Altre job board,5.696
2024-10-28,Trentino-Alto Adige,Altre job board,2.5
2024-10-28,Umbria,Altre job board,0.582
2024-10-28,Valle d'Aosta,Altre job board,0.165
2024-10-28,Veneto,Altre job board,11.563
2024-11-04,Abruzzo,Altre job board,2.309
2024-11-04,Basilicata,Altre job board,0.845
2024-11-04,Calabria,Altre job board,2.075
2024-11-04,Campania,Altre job board,12.233
2024-11-04,Emilia-Romagna,Altre job board,6.86
2024-11-04,Friuli-Venezia Giulia,Altre job board,1.581
2024-11-04,Lazio,Altre job board,5.941
2024-11-04,Liguria,Altre job board,2.135
2024-11-04,Lombardia,Altre job board,10.364
2024-11-04,Marche,Altre job board,1.926
2024-11-04,Molise,Altre job board,0.232
2024-11-04,Piemonte,Altre job board,4.79
2024-11-04,Puglia,Altre job board,4.346
2024-11-04,Sardegna,Altre job board,2.142
2024-11-04,Sicilia,Altre job board,4.333
2024-11-04,Toscana,Altre job board,6.716
2024-11-04,Trentino-Alto Adige,Altre job board,2.875
2024-11-04,Umbria,Altre job board,0.713
2024-11-04,Valle d'Aosta,Altre job board,0.201
2024-11-04,Veneto,Altre job board,12.578
2024-11-11,Abruzzo,Altre job board,2.517
2024-11-11,Basilicata,Altre job board,0.862
2024-11-11,Calabria,Altre job board,2.169
2024-11-11,Campania,Altre job board,12.626
2024-11-11,Emilia-Romagna,Altre job board,7.322
2024-11-11,Friuli-Venezia Giulia,Altre job board,1.701
2024-11-11,Lazio,Altre job board,6.626
2024-11-11,Liguria,Altre job board,2.146
2024-11-11,Lombardia,Altre job board,10.444
2024-11-11,Marche,Altre job board,1.986
2024-11-11,Molise,Altre job board,0.253
2024-11-11,Piemonte,Altre job board,5.033
2024-11-11,Puglia,Altre job board,4.627
2024-11-11,Sardegna,Altre job board,2.322
2024-11-11,Sicilia,Altre job board,4.709
2024-11-11,Toscana,Altre job board,7.246
2024-11-11,Trentino-Alto Adige,Altre job board,3.113
2024-11-11,Umbria,Altre job board,0.761
2024-11-11,Valle d'Aosta,Altre job board,0.209
2024-11-11,Veneto,Altre job board,12.957
2024-11-18,Abruzzo,Altre job board,2.892
2024-11-18,Basilicata,Altre job board,1.09
2024-11-18,Calabria,Altre job board,2.706
2024-11-18,Campania,Altre job board,14.635
2024-11-18,Emilia-Romagna,Altre job board,8.739
2024-11-18,Friuli-Venezia Giulia,Altre job board,2.015
2024-11-18,Lazio,Altre job board,7.374
2024-11-18,Liguria,Altre job board,2.475
2024-11-18,Lombardia,Altre job board,12.293
2024-11-18,Marche,Altre job board,2.29
2024-11-18,Molise,Altre job board,0.324
2024-11-18,Piemonte,Altre job board,5.726
2024-11-18,Puglia,Altre job board,5.372
2024-11-18,Sardegna,Altre job board,2.804
2024-11-18,Sicilia,Altre job board,5.498
2024-11-18,Toscana,Altre job board,7.888
2024-11-18,Trentino-Alto Adige,Altre job board,3.471
2024-11-18,Umbria,Altre job board,0.868
2024-11-18,Valle d'Aosta,Altre job board,0.242
2024-11-18,Veneto,Altre job board,15.475
2024-11-25,Abruzzo,Altre job board,2.116
2024-11-25,Basilicata,Altre job board,0.771
2024-11-25,Calabria,Altre job board,2.087
2024-11-25,Campania,Altre job board,10.96
2024-11-25,Emilia-Romagna,Altre job board,6.942
2024-11-25,Friuli-Venezia Giulia,Altre job board,1.514
2024-11-25,Lazio,Altre job board,5.373
2024-11-25,Liguria,Altre job board,1.898
2024-11-25,Lombardia,Altre job board,8.907
2024-11-25,Marche,Altre job board,1.795
2024-11-25,Molise,Altre job board,0.244
2024-11-25,Piemonte,Altre job board,4.596
2024-11-25,Puglia,Altre job board,4.189
2024-11-25,Sardegna,Altre job board,2.05
2024-11-25,Sicilia,Altre job board,4.324
2024-11-25,Toscana,Altre job board,6.012
2024-11-25,Trentino-Alto Adige,Altre job board,2.835
2024-11-25,Umbria,Altre job board,0.639
2024-11-25,Valle d'Aosta,Altre job board,0.198
2024-11-25,Veneto,Altre job board,13.209
2024-12-02,Abruzzo,Altre job board,2.685
2024-12-02,Basilicata,Altre job board,0.915
2024-12-02,Calabria,Altre job board,2.688
2024-12-02,Campania,Altre job board,13.282
2024-12-02,Emilia-Romagna,Altre job board,6.645
2024-12-02,Friuli-Venezia Giulia,Altre job board,2.0
2024-12-02,Lazio,Altre job board,6.761
2024-12-02,Liguria,Altre job board,2.565
2024-12-02,Lombardia,Altre job board,9.36
2024-12-02,Marche,Altre job board,2.147
2024-12-02,Molise,Altre job board,0.281
2024-12-02,Piemonte,Altre job board,4.894
2024-12-02,Puglia,Altre job board,4.75
2024-12-02,Sardegna,Altre job board,2.683
2024-12-02,Sicilia,Altre job board,5.619
2024-12-02,Toscana,Altre job board,6.98
2024-12-02,Trentino-Alto Adige,Altre job board,3.625
2024-12-02,Umbria,Altre job board,0.856
2024-12-02,Valle d'Aosta,Altre job board,0.25
2024-12-02,Veneto,Altre job board,12.549
2024-12-09,Abruzzo,Altre job board,3.057
2024-12-09,Basilicata,Altre job board,1.09
2024-12-09,Calabria,Altre job board,3.215
2024-12-09,Campania,Altre job board,15.51
2024-12-09,Emilia-Romagna,Altre job board,7.9
2024-12-09,Friuli-Venezia Giulia,Altre job board,2.339
2024-12-09,Lazio,Altre job board,8.123
2024-12-09,Liguria,Altre job board,3.199
2024-12-09,Lombardia,Altre job board,11.613
2024-12-09,Marche,Altre job board,2.604
2024-12-09,Molise,Altre job board,0.329
2024-12-09,Piemonte,Altre job board,5.683
2024-12-09,Puglia,Altre job board,5.462
2024-12-09,Sardegna,Altre job board,3.282
2024-12-09,Sicilia,Altre job board,6.596
2024-12-09,Toscana,Altre job board,8.339
2024-12-09,Trentino-Alto Adige,Altre job board,4.049
2024-12-09,Umbria,Altre job board,1.079
2024-12-09,Valle d'Aosta,Altre job board,0.288
2024-12-09,Veneto,Altre job board,14.351
2024-12-16,Abruzzo,Altre job board,2.744
2024-12-16,Basilicata,Altre job board,1.012
2024-12-16,Calabria,Altre job board,2.78
2024-12-16,Campania,Altre job board,14.456
2024-12-16,Emilia-Romagna,Altre job board,6.565
2024-12-16,Friuli-Venezia Giulia,Altre job board,1.85
2024-12-16,Lazio,Altre job board,6.71
2024-12-16,Liguria,Altre job board,2.592
2024-12-16,Lombardia,Altre job board,10.8
2024-12-16,Marche,Altre job board,2.313
2024-12-16,Molise,Altre job board,0.273
2024-12-16,Piemonte,Altre job board,5.18
2024-12-16,Puglia,Altre job board,4.915
2024-12-16,Sardegna,Altre job board,2.947
2024-12-16,Sicilia,Altre job board,5.475
2024-12-16,Toscana,Altre job board,7.725
2024-12-16,Trentino-Alto Adige,Altre job board,3.445
2024-12-16,Umbria,Altre job board,0.913
2024-12-16,Valle d'Aosta,Altre job board,0.253
2024-12-16,Veneto,Altre job board,13.166
2024-12-23,Abruzzo,Altre job board,0.376
2024-12-23,Basilicata,Altre job board,0.14
2024-12-23,Calabria,Altre job board,0.405
2024-12-23,Campania,Altre job board,1.998
2024-12-23,Emilia-Romagna,Altre job board,0.943
2024-12-23,Friuli-Venezia Giulia,Altre job board,0.267
2024-12-23,Lazio,Altre job board,0.851
2024-12-23,Liguria,Altre job board,0.361
2024-12-23,Lombardia,Altre job board,1.574
2024-12-23,Marche,Altre job board,0.34
2024-12-23,Molise,Altre job board,0.037
2024-12-23,Piemonte,Altre job board,0.776
2024-12-23,Puglia,Altre job board,0.715
2024-12-23,Sardegna,Altre job board,0.43
2024-12-23,Sicilia,Altre job board,0.787
2024-12-23,Toscana,Altre job board,1.202
2024-12-23,Trentino-Alto Adige,Altre job board,0.488
2024-12-23,Umbria,Altre job board,0.119
2024-12-23,Valle d'Aosta,Altre job board,0.041
2024-12-23,Veneto,Altre job board,2.215
2024-12-30,Abruzzo,Altre job board,2.137
2024-12-30,Basilicata,Altre job board,0.74
2024-12-30,Calabria,Altre job board,2.087
2024-12-30,Campania,Altre job board,12.455
2024-12-30,Emilia-Romagna,Altre job board,5.175
2024-12-30,Friuli-Venezia Giulia,Altre job board,1.563
2024-12-30,Lazio,Altre job board,5.492
2024-12-30,Liguria,Altre job board,2.055
2024-12-30,Lombardia,Altre job board,8.239
2024-12-30,Marche,Altre job board,1.803
2024-12-30,Molise,Altre job board,0.198
2024-12-30,Piemonte,Altre job board,3.864
2024-12-30,Puglia,Altre job board,3.684
2024-12-30,Sardegna,Altre job board,2.176
2024-12-30,Sicilia,Altre job board,4.144
2024-12-30,Toscana,Altre job board,5.59
2024-12-30,Trentino-Alto Adige,Altre job board,2.975
2024-12-30,Umbria,Altre job board,0.632
2024-12-30,Valle d'Aosta,Altre job board,0.193
2024-12-30,Veneto,Altre job board,10.598
2025-01-06,Abruzzo,Altre job board,2.325
2025-01-06,Basilicata,Altre job board,0.887
2025-01-06,Calabria,Altre job board,2.328
2025-01-06,Campania,Altre job board,13.242
2025-01-06,Emilia-Romagna,Altre job board,5.459
2025-01-06,Friuli-Venezia Giulia,Altre job board,1.688
2025-01-06,Lazio,Altre job board,6.104
2025-01-06,Liguria,Altre job board,2.286
2025-01-06,Lombardia,Altre job board,8.414
2025-01-06,Marche,Altre job board,2.095
2025-01-06,Molise,Altre job board,0.219
2025-01-06,Piemonte,Altre job board,3.94
2025-01-06,Puglia,Altre job board,4.274
2025-01-06,Sardegna,Altre job board,2.423
2025-01-06,Sicilia,Altre job board,4.602
2025-01-06,Toscana,Altre job board,6.532
2025-01-06,Trentino-Alto Adige,Altre job board,3.23
2025-01-06,Umbria,Altre job board,0.704
2025-01-06,Valle d'Aosta,Altre job board,0.218
2025-01-06,Veneto,Altre job board,11.698
2025-01-13,Abruzzo,Altre job board,2.565
2025-01-13,Basilicata,Altre job board,0.901
2025-01-13,Calabria,Altre job board,2.47
2025-01-13,Campania,Altre job board,14.708
2025-01-13,Emilia-Romagna,Altre job board,5.843
2025-01-13,Friuli-Venezia Giulia,Altre job board,1.834
2025-01-13,Lazio,Altre job board,6.517
2025-01-13,Liguria,Altre job board,2.502
2025-01-13,Lombardia,Altre job board,9.096
2025-01-13,Marche,Altre job board,2.195
2025-01-13,Molise,Altre job board,0.242
2025-01-13,Piemonte,Altre job board,4.424
2025-01-13,Puglia,Altre job board,4.642
2025-01-13,Sardegna,Altre job board,2.615
2025-01-13,Sicilia,Altre job board,4.531
2025-01-13,Toscana,Altre job board,6.829
2025-01-13,Trentino-Alto Adige,Altre job board,3.448
2025-01-13,Umbria,Altre job board,0.735
2025-01-13,Valle d'Aosta,Altre job board,0.228
2025-01-13,Veneto,Altre job board,11.693
2025-01-20,Abruzzo,Altre job board,2.879
2025-01-20,Basilicata,Altre job board,1.137
2025-01-20,Calabria,Altre job board,2.844
2025-01-20,Campania,Altre job board,16.859
2025-01-20,Emilia-Romagna,Altre job board,6.991
2025-01-20,Friuli-Venezia Giulia,Altre job board,2.196
2025-01-20,Lazio,Altre job board,7.801
2025-01-20,Liguria,Altre job board,3.22
2025-01-20,Lombardia,Altre job board,10.92
2025-01-20,Marche,Altre job board,2.6
2025-01-20,Molise,Altre job board,0.281
2025-01-20,Piemonte,Altre job board,5.127
2025-01-20,Puglia,Altre job board,5.496
2025-01-20,Sardegna,Altre job board,3.163
2025-01-20,Sicilia,Altre job board,5.319
2025-01-20,Toscana,Altre job board,8.6
2025-01-20,Trentino-Alto Adige,Altre job board,4.292
2025-01-20,Umbria,Altre job board,0.914
2025-01-20,Valle d'Aosta,Altre job board,0.261
2025-01-20,Veneto,Altre job board,14.067
2025-01-27,Abruzzo,Altre job board,3.39
2025-01-27,Basilicata,Altre job board,1.353
2025-01-27,Calabria,Altre job board,3.434
2025-01-27,Campania,Altre job board,19.61
2025-01-27,Emilia-Romagna,Altre job board,8.346
2025-01-27,Friuli-Venezia Giulia,Altre job board,2.452
2025-01-27,Lazio,Altre job board,9.38
2025-01-27,Liguria,Altre job board,3.705
2025-01-27,Lombardia,Altre job board,13.172
2025-01-27,Marche,Altre job board,2.948
2025-01-27,Molise,Altre job board,0.347
2025-01-27,Piemonte,Altre job board,6.131
2025-01-27,Puglia,Altre job board,6.195
2025-01-27,Sardegna,Altre job board,3.655
2025-01-27,Sicilia,Altre job board,6.21
2025-01-27,Toscana,Altre job board,10.068
2025-01-27,Trentino-Alto Adige,Altre job board,5.125
2025-01-27,Umbria,Altre job board,1.114
2025-01-27,Valle d'Aosta,Altre job board,0.299
2025-01-27,Veneto,Altre job board,15.404
2025-02-03,Abruzzo,Altre job board,3.009
2025-02-03,Basilicata,Altre job board,1.212
2025-02-03,Calabria,Altre job board,3.209
2025-02-03,Campania,Altre job board,19.461
2025-02-03,Emilia-Romagna,Altre job board,7.959
2025-02-03,Friuli-Venezia Giulia,Altre job board,2.205
2025-02-03,Lazio,Altre job board,9.214
2025-02-03,Liguria,Altre job board,3.436
2025-02-03,Lombardia,Altre job board,13.053
2025-02-03,Marche,Altre job board,2.955
2025-02-03,Molise,Altre job board,0.325
2025-02-03,Piemonte,Altre job board,6.049
2025-02-03,Puglia,Altre job board,5.84
2025-02-03,Sardegna,Altre job board,3.433
2025-02-03,Sicilia,Altre job board,6.214
2025-02-03,Toscana,Altre job board,9.61
2025-02-03,Trentino-Alto Adige,Altre job board,4.602
2025-02-03,Umbria,Altre job board,1.05
2025-02-03,Valle d'Aosta,Altre job board,0.289
2025-02-03,Veneto,Altre job board,14.144
2025-02-10,Abruzzo,Altre job board,3.281
2025-02-10,Basilicata,Altre job board,1.287
2025-02-10,Calabria,Altre job board,3.362
2025-02-10,Campania,Altre job board,20.606
2025-02-10,Emilia-Romagna,Altre job board,8.268
2025-02-10,Friuli-Venezia Giulia,Altre job board,2.299
2025-02-10,Lazio,Altre job board,9.3
2025-02-10,Liguria,Altre job board,3.613
2025-02-10,Lombardia,Altre job board,12.786
2025-02-10,Marche,Altre job board,2.924
2025-02-10,Molise,Altre job board,0.358
2025-02-10,Piemonte,Altre job board,6.534
2025-02-10,Puglia,Altre job board,6.167
2025-02-10,Sardegna,Altre job board,3.495
2025-02-10,Sicilia,Altre job board,6.916
2025-02-10,Toscana,Altre job board,9.956
2025-02-10,Trentino-Alto Adige,Altre job board,4.679
2025-02-10,Umbria,Altre job board,1.116
2025-02-10,Valle d'Aosta,Altre job board,0.295
2025-02-10,Veneto,Altre job board,15.23
2025-02-17,Abruzzo,Altre job board,3.244
2025-02-17,Basilicata,Altre job board,1.232
2025-02-17,Calabria,Altre job board,3.403
2025-02-17,Campania,Altre job board,20.008
2025-02-17,Emilia-Romagna,Altre job board,8.092
2025-02-17,Friuli-Venezia Giulia,Altre job board,2.342
2025-02-17,Lazio,Altre job board,9.233
2025-02-17,Liguria,Altre job board,3.254
2025-02-17,Lombardia,Altre job board,12.033
2025-02-17,Marche,Altre job board,2.816
2025-02-17,Molise,Altre job board,0.34
2025-02-17,Piemonte,Altre job board,6.31
2025-02-17,Puglia,Altre job board,6.302
2025-02-17,Sardegna,Altre job board,3.334
2025-02-17,Sicilia,Altre job board,6.855
2025-02-17,Toscana,Altre job board,9.452
2025-02-17,Trentino-Alto Adige,Altre job board,4.776
2025-02-17,Umbria,Altre job board,1.13
2025-02-17,Valle d'Aosta,Altre job board,0.297
2025-02-17,Veneto,Altre job board,14.93
2025-02-24,Abruzzo,Altre job board,3.649
2025-02-24,Basilicata,Altre job board,1.293
2025-02-24,Calabria,Altre job board,3.648
2025-02-24,Campania,Altre job board,21.007
2025-02-24,Emilia-Romagna,Altre job board,8.324
2025-02-24,Friuli-Venezia Giulia,Altre job board,2.294
2025-02-24,Lazio,Altre job board,9.323
2025-02-24,Liguria,Altre job board,3.19
2025-02-24,Lombardia,Altre job board,11.768
2025-02-24,Marche,Altre job board,2.98
2025-02-24,Molise,Altre job board,0.349
2025-02-24,Piemonte,Altre job board,6.133
2025-02-24,Puglia,Altre job board,6.558
2025-02-24,Sardegna,Altre job board,3.411
2025-02-24,Sicilia,Altre job board,6.397
2025-02-24,Toscana,Altre job board,9.999
2025-02-24,Trentino-Alto Adige,Altre job board,4.688
2025-02-24,Umbria,Altre job board,1.077
2025-02-24,Valle d'Aosta,Altre job board,0.305
2025-02-24,Veneto,Altre job board,15.907
2025-03-03,Abruzzo,Altre job board,3.591
2025-03-03,Basilicata,Altre job board,1.25
2025-03-03,Calabria,Altre job board,3.31
2025-03-03,Campania,Altre job board,19.773
2025-03-03,Emilia-Romagna,Altre job board,7.407
2025-03-03,Friuli-Venezia Giulia,Altre job board,2.16
2025-03-03,Lazio,Altre job board,8.922
2025-03-03,Liguria,Altre job board,3.049
2025-03-03,Lombardia,Altre job board,11.425
2025-03-03,Marche,Altre job board,2.794
2025-03-03,Molise,Altre job board,0.339
2025-03-03,Piemonte,Altre job board,5.819
2025-03-03,Puglia,Altre job board,6.017
2025-03-03,Sardegna,Altre job board,3.339
2025-03-03,Sicilia,Altre job board,6.191
2025-03-03,Toscana,Altre job board,9.344
2025-03-03,Trentino-Alto Adige,Altre job board,4.506
2025-03-03,Umbria,Altre job board,1.017
2025-03-03,Valle d'Aosta,Altre job board,0.293
2025-03-03,Veneto,Altre job board,15.145
2025-03-10,Abruzzo,Altre job board,3.516
2025-03-10,Basilicata,Altre job board,1.152
2025-03-10,Calabria,Altre job board,3.374
2025-03-10,Campania,Altre job board,19.39
2025-03-10,Emilia-Romagna,Altre job board,7.371
2025-03-10,Friuli-Venezia Giulia,Altre job board,2.214
2025-03-10,Lazio,Altre job board,8.333
2025-03-10,Liguria,Altre job board,2.867
2025-03-10,Lombardia,Altre job board,11.048
2025-03-10,Marche,Altre job board,2.589
2025-03-10,Molise,Altre job board,0.332
2025-03-10,Piemonte,Altre job board,5.681
2025-03-10,Puglia,Altre job board,5.995
2025-03-10,Sardegna,Altre job board,3.31
2025-03-10,Sicilia,Altre job board,6.136
2025-03-10,Toscana,Altre job board,8.904
2025-03-10,Trentino-Alto Adige,Altre job board,4.391
2025-03-10,Umbria,Altre job board,0.988
2025-03-10,Valle d'Aosta,Altre job board,0.285
2025-03-10,Veneto,Altre job board,14.59
2025-03-17,Abruzzo,Altre job board,3.433
2025-03-17,Basilicata,Altre job board,1.179
2025-03-17,Calabria,Altre job board,3.239
2025-03-17,Campania,Altre job board,18.915
2025-03-17,Emilia-Romagna,Altre job board,8.013
2025-03-17,Friuli-Venezia Giulia,Altre job board,2.251
2025-03-17,Lazio,Altre job board,8.312
2025-03-17,Liguria,Altre job board,2.913
2025-03-17,Lombardia,Altre job board,10.763
2025-03-17,Marche,Altre job board,2.682
2025-03-17,Molise,Altre job board,0.315
2025-03-17,Piemonte,Altre job board,5.77
2025-03-17,Puglia,Altre job board,6.155
2025-03-17,Sardegna,Altre job board,3.353
2025-03-17,Sicilia,Altre job board,5.847
2025-03-17,Toscana,Altre job board,8.977
2025-03-17,Trentino-Alto Adige,Altre job board,4.72
2025-03-17,Umbria,Altre job board,0.952
2025-03-17,Valle d'Aosta,Altre job board,0.276
2025-03-17,Veneto,Altre job board,14.747
2025-03-24,Abruzzo,Altre job board,4.115
2025-03-24,Basilicata,Altre job board,1.43
2025-03-24,Calabria,Altre job board,3.8
2025-03-24,Campania,Altre job board,22.31
2025-03-24,Emilia-Romagna,Altre job board,9.548
2025-03-24,Friuli-Venezia Giulia,Altre job board,2.755
2025-03-24,Lazio,Altre job board,10.515
2025-03-24,Liguria,Altre job board,3.816
2025-03-24,Lombardia,Altre job board,13.988
2025-03-24,Marche,Altre job board,3.209
2025-03-24,Molise,Altre job board,0.395
2025-03-24,Piemonte,Altre job board,6.587
2025-03-24,Puglia,Altre job board,7.223
2025-03-24,Sardegna,Altre job board,4.166
2025-03-24,Sicilia,Altre job board,7.524
2025-03-24,Toscana,Altre job board,10.567
2025-03-24,Trentino-Alto Adige,Altre job board,5.484
2025-03-24,Umbria,Altre job board,1.233
2025-03-24,Valle d'Aosta,Altre job board,0.333
2025-03-24,Veneto,Altre job board,17.54
2025-03-31,Abruzzo,Altre job board,4.002
2025-03-31,Basilicata,Altre job board,1.43
2025-03-31,Calabria,Altre job board,3.625
2025-03-31,Campania,Altre job board,22.238
2025-03-31,Emilia-Romagna,Altre job board,9.0
2025-03-31,Friuli-Venezia Giulia,Altre job board,2.668
2025-03-31,Lazio,Altre job board,10.539
2025-03-31,Liguria,Altre job board,3.804
2025-03-31,Lombardia,Altre job board,13.062
2025-03-31,Marche,Altre job board,3.147
2025-03-31,Molise,Altre job board,0.397
2025-03-31,Piemonte,Altre job board,6.927
2025-03-31,Puglia,Altre job board,7.147
2025-03-31,Sardegna,Altre job board,4.325
2025-03-31,Sicilia,Altre job board,7.524
2025-03-31,Toscana,Altre job board,10.729
2025-03-31,Trentino-Alto Adige,Altre job board,5.3
2025-03-31,Umbria,Altre job board,1.25
2025-03-31,Valle d'Aosta,Altre job board,0.329
2025-03-31,Veneto,Altre job board,17.491
2025-04-07,Abruzzo,Altre job board,3.379
2025-04-07,Basilicata,Altre job board,1.151
2025-04-07,Calabria,Altre job board,3.258
2025-04-07,Campania,Altre job board,19.704
2025-04-07,Emilia-Romagna,Altre job board,7.519
2025-04-07,Friuli-Venezia Giulia,Altre job board,2.326
2025-04-07,Lazio,Altre job board,8.909
2025-04-07,Liguria,Altre job board,3.182
2025-04-07,Lombardia,Altre job board,10.733
2025-04-07,Marche,Altre job board,2.674
2025-04-07,Molise,Altre job board,0.347
2025-04-07,Piemonte,Altre job board,5.843
2025-04-07,Puglia,Altre job board,5.972
2025-04-07,Sardegna,Altre job board,3.866
2025-04-07,Sicilia,Altre job board,6.313
2025-04-07,Toscana,Altre job board,9.256
2025-04-07,Trentino-Alto Adige,Altre job board,4.391
2025-04-07,Umbria,Altre job board,0.959
2025-04-07,Valle d'Aosta,Altre job board,0.274
2025-04-07,Veneto,Altre job board,15.302
2025-04-14,Abruzzo,Altre job board,3.529
2025-04-14,Basilicata,Altre job board,1.257
2025-04-14,Calabria,Altre job board,3.198
2025-04-14,Campania,Altre job board,20.362
2025-04-14,Emilia-Romagna,Altre job board,8.12
2025-04-14,Friuli-Venezia Giulia,Altre job board,2.334
2025-04-14,Lazio,Altre job board,8.73
2025-04-14,Liguria,Altre job board,3.141
2025-04-14,Lombardia,Altre job board,11.325
2025-04-14,Marche,Altre job board,2.733
2025-04-14,Molise,Altre job board,0.339
2025-04-14,Piemonte,Altre job board,5.937
2025-04-14,Puglia,Altre job board,5.947
2025-04-14,Sardegna,Altre job board,3.75
2025-04-14,Sicilia,Altre job board,6.423
2025-04-14,Toscana,Altre job board,8.961
2025-04-14,Trentino-Alto Adige,Altre job board,4.403
2025-04-14,Umbria,Altre job board,1.031
2025-04-14,Valle d'Aosta,Altre job board,0.271
2025-04-14,Veneto,Altre job board,14.696
2025-04-21,Abruzzo,Altre job board,3.062
2025-04-21,Basilicata,Altre job board,1.196
2025-04-21,Calabria,Altre job board,3.09
2025-04-21,Campania,Altre job board,19.47
2025-04-21,Emilia-Romagna,Altre job board,7.692
2025-04-21,Friuli-Venezia Giulia,Altre job board,2.372
2025-04-21,Lazio,Altre job board,8.058
2025-04-21,Liguria,Altre job board,3.133
2025-04-21,Lombardia,Altre job board,11.646
2025-04-21,Marche,Altre job board,2.671
2025-04-21,Molise,Altre job board,0.325
2025-04-21,Piemonte,Altre job board,5.335
2025-04-21,Puglia,Altre job board,5.669
2025-04-21,Sardegna,Altre job board,3.223
2025-04-21,Sicilia,Altre job board,6.352
2025-04-21,Toscana,Altre job board,8.543
2025-04-21,Trentino-Alto Adige,Altre job board,4.155
2025-04-21,Umbria,Altre job board,1.011
2025-04-21,Valle d'Aosta,Altre job board,0.257
2025-04-21,Veneto,Altre job board,14.041
2025-04-28,Abruzzo,Altre job board,2.89
2025-04-28,Basilicata,Altre job board,1.058
2025-04-28,Calabria,Altre job board,2.785
2025-04-28,Campania,Altre job board,17.553
2025-04-28,Emilia-Romagna,Altre job board,7.225
2025-04-28,Friuli-Venezia Giulia,Altre job board,2.097
2025-04-28,Lazio,Altre job board,7.379
2025-04-28,Liguria,Altre job board,2.879
2025-04-28,Lombardia,Altre job board,10.793
2025-04-28,Marche,Altre job board,2.407
2025-04-28,Molise,Altre job board,0.298
2025-04-28,Piemonte,Altre job board,4.777
2025-04-28,Puglia,Altre job board,5.131
2025-04-28,Sardegna,Altre job board,2.887
2025-04-28,Sicilia,Altre job board,5.678
2025-04-28,Toscana,Altre job board,7.397
2025-04-28,Trentino-Alto Adige,Altre job board,3.568
2025-04-28,Umbria,Altre job board,0.923
2025-04-28,Valle d'Aosta,Altre job board,0.233
2025-04-28,Veneto,Altre job board,13.07
2025-05-05,Abruzzo,Altre job board,2.916
2025-05-05,Basilicata,Altre job board,1.138
2025-05-05,Calabria,Altre job board,2.968
2025-05-05,Campania,Altre job board,18.596
2025-05-05,Emilia-Romagna,Altre job board,7.635
2025-05-05,Friuli-Venezia Giulia,Altre job board,2.197
2025-05-05,Lazio,Altre job board,7.232
2025-05-05,Liguria,Altre job board,2.904
2025-05-05,Lombardia,Altre job board,11.457
2025-05-05,Marche,Altre job board,2.33
2025-05-05,Molise,Altre job board,0.296
2025-05-05,Piemonte,Altre job board,4.982
2025-05-05,Puglia,Altre job board,5.673
2025-05-05,Sardegna,Altre job board,2.865
2025-05-05,Sicilia,Altre job board,5.897
2025-05-05,Toscana,Altre job board,8.249
2025-05-05,Trentino-Alto Adige,Altre job board,3.61
2025-05-05,Umbria,Altre job board,0.898
2025-05-05,Valle d'Aosta,Altre job board,0.263
2025-05-05,Veneto,Altre job board,13.828
2025-05-12,Abruzzo,Altre job board,2.959
2025-05-12,Basilicata,Altre job board,1.175
2025-05-12,Calabria,Altre job board,2.929
2025-05-12,Campania,Altre job board,17.721
2025-05-12,Emilia-Romagna,Altre job board,7.471
2025-05-12,Friuli-Venezia Giulia,Altre job board,2.036
2025-05-12,Lazio,Altre job board,6.879
2025-05-12,Liguria,Altre job board,2.834
2025-05-12,Lombardia,Altre job board,11.088
2025-05-12,Marche,Altre job board,2.4
2025-05-12,Molise,Altre job board,0.294
2025-05-12,Piemonte,Altre job board,5.022
2025-05-12,Puglia,Altre job board,5.595
2025-05-12,Sardegna,Altre job board,2.756
2025-05-12,Sicilia,Altre job board,6.055
2025-05-12,Toscana,Altre job board,8.354
2025-05-12,Trentino-Alto Adige,Altre job board,3.672
2025-05-12,Umbria,Altre job board,0.848
2025-05-12,Valle d'Aosta,Altre job board,0.27
2025-05-12,Veneto,Altre job board,14.019
2025-05-19,Abruzzo,Altre job board,2.955
2025-05-19,Basilicata,Altre job board,1.238
2025-05-19,Calabria,Altre job board,2.976
2025-05-19,Campania,Altre job board,16.738
2025-05-19,Emilia-Romagna,Altre job board,7.4
2025-05-19,Friuli-Venezia Giulia,Altre job board,2.123
2025-05-19,Lazio,Altre job board,7.41
2025-05-19,Liguria,Altre job board,2.839
2025-05-19,Lombardia,Altre job board,10.884
2025-05-19,Marche,Altre job board,2.509
2025-05-19,Molise,Altre job board,0.305
2025-05-19,Piemonte,Altre job board,5.065
2025-05-19,Puglia,Altre job board,5.775
2025-05-19,Sardegna,Altre job board,2.719
2025-05-19,Sicilia,Altre job board,5.802
2025-05-19,Toscana,Altre job board,8.529
2025-05-19,Trentino-Alto Adige,Altre job board,3.753
2025-05-19,Umbria,Altre job board,0.857
2025-05-19,Valle d'Aosta,Altre job board,0.27
2025-05-19,Veneto,Altre job board,14.16
2025-05-26,Abruzzo,Altre job board,3.382
2025-05-26,Basilicata,Altre job board,1.26
2025-05-26,Calabria,Altre job board,3.037
2025-05-26,Campania,Altre job board,17.613
2025-05-26,Emilia-Romagna,Altre job board,7.714
2025-05-26,Friuli-Venezia Giulia,Altre job board,2.127
2025-05-26,Lazio,Altre job board,7.494
2025-05-26,Liguria,Altre job board,2.982
2025-05-26,Lombardia,Altre job board,10.916
2025-05-26,Marche,Altre job board,2.575
2025-05-26,Molise,Altre job board,0.311
2025-05-26,Piemonte,Altre job board,5.408
2025-05-26,Puglia,Altre job board,6.122
2025-05-26,Sardegna,Altre job board,2.983
2025-05-26,Sicilia,Altre job board,5.995
2025-05-26,Toscana,Altre job board,8.914
2025-05-26,Trentino-Alto Adige,Altre job board,3.717
2025-05-26,Umbria,Altre job board,0.878
2025-05-26,Valle d'Aosta,Altre job board,0.267
2025-05-26,Veneto,Altre job board,14.198
2025-06-02,Abruzzo,Altre job board,3.2
2025-06-02,Basilicata,Altre job board,1.216
2025-06-02,Calabria,Altre job board,3.171
2025-06-02,Campania,Altre job board,17.555
2025-06-02,Emilia-Romagna,Altre job board,7.875
2025-06-02,Friuli-Venezia Giulia,Altre job board,1.993
2025-06-02,Lazio,Altre job board,7.735
2025-06-02,Liguria,Altre job board,3.019
2025-06-02,Lombardia,Altre job board,11.007
2025-06-02,Marche,Altre job board,2.694
2025-06-02,Molise,Altre job board,0.326
2025-06-02,Piemonte,Altre job board,5.345
2025-06-02,Puglia,Altre job board,6.123
2025-06-02,Sardegna,Altre job board,3.063
2025-06-02,Sicilia,Altre job board,5.702
2025-06-02,Toscana,Altre job board,8.872
2025-06-02,Trentino-Alto Adige,Altre job board,3.773
2025-06-02,Umbria,Altre job board,0.877
2025-06-02,Valle d'Aosta,Altre job board,0.28
2025-06-02,Veneto,Altre job board,14.501
2025-06-09,Abruzzo,Altre job board,2.979
2025-06-09,Basilicata,Altre job board,1.191
2025-06-09,Calabria,Altre job board,3.62
2025-06-09,Campania,Altre job board,18.229
2025-06-09,Emilia-Romagna,Altre job board,7.977
2025-06-09,Friuli-Venezia Giulia,Altre job board,1.874
2025-06-09,Lazio,Altre job board,7.599
2025-06-09,Liguria,Altre job board,3.056
2025-06-09,Lombardia,Altre job board,10.411
2025-06-09,Marche,Altre job board,2.732
2025-06-09,Molise,Altre job board,0.314
2025-06-09,Piemonte,Altre job board,4.918
2025-06-09,Puglia,Altre job board,6.781
2025-06-09,Sardegna,Altre job board,3.592
2025-06-09,Sicilia,Altre job board,6.189
2025-06-09,Toscana,Altre job board,8.415
2025-06-09,Trentino-Alto Adige,Altre job board,4.452
2025-06-09,Umbria,Altre job board,0.905
2025-06-09,Valle d'Aosta,Altre job board,0.266
2025-06-09,Veneto,Altre job board,15.071
2025-06-16,Abruzzo,Altre job board,2.558
2025-06-16,Basilicata,Altre job board,0.921
2025-06-16,Calabria,Altre job board,3.013
2025-06-16,Campania,Altre job board,14.127
2025-06-16,Emilia-Romagna,Altre job board,6.943
2025-06-16,Friuli-Venezia Giulia,Altre job board,1.557
2025-06-16,Lazio,Altre job board,5.536
2025-06-16,Liguria,Altre job board,2.413
2025-06-16,Lombardia,Altre job board,7.508
2025-06-16,Marche,Altre job board,2.287
2025-06-16,Molise,Altre job board,0.257
2025-06-16,Piemonte,Altre job board,4.139
2025-06-16,Puglia,Altre job board,5.633
2025-06-16,Sardegna,Altre job board,2.933
2025-06-16,Sicilia,Altre job board,5.383
2025-06-16,Toscana,Altre job board,6.783
2025-06-16,Trentino-Alto Adige,Altre job board,3.667
2025-06-16,Umbria,Altre job board,0.707
2025-06-16,Valle d'Aosta,Altre job board,0.21
2025-06-16,Veneto,Altre job board,12.36
2025-06-23,Abruzzo,Altre job board,2.928
2025-06-23,Basilicata,Altre job board,1.006
2025-06-23,Calabria,Altre job board,3.343
2025-06-23,Campania,Altre job board,17.335
2025-06-23,Emilia-Romagna,Altre job board,7.748
2025-06-23,Friuli-Venezia Giulia,Altre job board,1.734
2025-06-23,Lazio,Altre job board,6.284
2025-06-23,Liguria,Altre job board,2.558
2025-06-23,Lombardia,Altre job board,8.461
2025-06-23,Marche,Altre job board,2.315
2025-06-23,Molise,Altre job board,0.27
2025-06-23,Piemonte,Altre job board,4.583
2025-06-23,Puglia,Altre job board,5.896
2025-06-23,Sardegna,Altre job board,3.063
2025-06-23,Sicilia,Altre job board,6.079
2025-06-23,Toscana,Altre job board,7.468
2025-06-23,Trentino-Alto Adige,Altre job board,3.989
2025-06-23,Umbria,Altre job board,0.816
2025-06-23,Valle d'Aosta,Altre job board,0.224
2025-06-23,Veneto,Altre job board,13.543
2025-06-30,Abruzzo,Altre job board,2.722
2025-06-30,Basilicata,Altre job board,0.956
2025-06-30,Calabria,Altre job board,3.127
2025-06-30,Campania,Altre job board,17.042
2025-06-30,Emilia-Romagna,Altre job board,7.571
2025-06-30,Friuli-Venezia Giulia,Altre job board,1.569
2025-06-30,Lazio,Altre job board,6.247
2025-06-30,Liguria,Altre job board,2.504
2025-06-30,Lombardia,Altre job board,8.541
2025-06-30,Marche,Altre job board,2.366
2025-06-30,Molise,Altre job board,0.269
2025-06-30,Piemonte,Altre job board,4.726
2025-06-30,Puglia,Altre job board,5.85
2025-06-30,Sardegna,Altre job board,2.887
2025-06-30,Sicilia,Altre job board,6.309
2025-06-30,Toscana,Altre job board,6.66
2025-06-30,Trentino-Alto Adige,Altre job board,3.748
2025-06-30,Umbria,Altre job board,0.829
2025-06-30,Valle d'Aosta,Altre job board,0.219
2025-06-30,Veneto,Altre job board,12.95
2025-07-07,Abruzzo,Altre job board,2.566
2025-07-07,Basilicata,Altre job board,0.863
2025-07-07,Calabria,Altre job board,2.894
2025-07-07,Campania,Altre job board,14.436
2025-07-07,Emilia-Romagna,Altre job board,6.686
2025-07-07,Friuli-Venezia Giulia,Altre job board,1.393
2025-07-07,Lazio,Altre job board,5.319
2025-07-07,Liguria,Altre job board,2.315
2025-07-07,Lombardia,Altre job board,7.505
2025-07-07,Marche,Altre job board,1.983
2025-07-07,Molise,Altre job board,0.226
2025-07-07,Piemonte,Altre job board,3.931
2025-07-07,Puglia,Altre job board,5.138
2025-07-07,Sardegna,Altre job board,2.663
2025-07-07,Sicilia,Altre job board,5.397
2025-07-07,Toscana,Altre job board,6.269
2025-07-07,Trentino-Alto Adige,Altre job board,3.43
2025-07-07,Umbria,Altre job board,0.683
2025-07-07,Valle d'Aosta,Altre job board,0.204
2025-07-07,Veneto,Altre job board,11.868
2025-07-14,Abruzzo,Altre job board,2.823
2025-07-14,Basilicata,Altre job board,0.984
2025-07-14,Calabria,Altre job board,3.204
2025-07-14,Campania,Altre job board,15.148
2025-07-14,Emilia-Romagna,Altre job board,6.755
2025-07-14,Friuli-Venezia Giulia,Altre job board,1.635
2025-07-14,Lazio,Altre job board,6.272
2025-07-14,Liguria,Altre job board,2.475
2025-07-14,Lombardia,Altre job board,8.544
2025-07-14,Marche,Altre job board,2.152
2025-07-14,Molise,Altre job board,0.254
2025-07-14,Piemonte,Altre job board,4.364
2025-07-14,Puglia,Altre job board,5.45
2025-07-14,Sardegna,Altre job board,3.074
2025-07-14,Sicilia,Altre job board,5.961
2025-07-14,Toscana,Altre job board,6.508
2025-07-14,Trentino-Alto Adige,Altre job board,3.774
2025-07-14,Umbria,Altre job board,0.794
2025-07-14,Valle d'Aosta,Altre job board,0.216
2025-07-14,Veneto,Altre job board,12.077
2025-07-21,Abruzzo,Altre job board,3.054
2025-07-21,Basilicata,Altre job board,1.042
2025-07-21,Calabria,Altre job board,3.29
2025-07-21,Campania,Altre job board,14.874
2025-07-21,Emilia-Romagna,Altre job board,6.968
2025-07-21,Friuli-Venezia Giulia,Altre job board,1.92
2025-07-21,Lazio,Altre job board,6.36
2025-07-21,Liguria,Altre job board,2.515
2025-07-21,Lombardia,Altre job board,9.652
2025-07-21,Marche,Altre job board,2.19
2025-07-21,Molise,Altre job board,0.25
2025-07-21,Piemonte,Altre job board,4.798
2025-07-21,Puglia,Altre job board,5.738
2025-07-21,Sardegna,Altre job board,2.855
2025-07-21,Sicilia,Altre job board,6.238
2025-07-21,Toscana,Altre job board,6.677
2025-07-21,Trentino-Alto Adige,Altre job board,3.894
2025-07-21,Umbria,Altre job board,0.849
2025-07-21,Valle d'Aosta,Altre job board,0.235
2025-07-21,Veneto,Altre job board,12.414
2025-07-28,Abruzzo,Altre job board,2.946
2025-07-28,Basilicata,Altre job board,1.047
2025-07-28,Calabria,Altre job board,3.192
2025-07-28,Campania,Altre job board,14.992
2025-07-28,Emilia-Romagna,Altre job board,6.866
2025-07-28,Friuli-Venezia Giulia,Altre job board,1.842
2025-07-28,Lazio,Altre job board,5.844
2025-07-28,Liguria,Altre job board,2.421
2025-07-28,Lombardia,Altre job board,9.102
2025-07-28,Marche,Altre job board,2.327
2025-07-28,Molise,Altre job board,0.258
2025-07-28,Piemonte,Altre job board,4.417
2025-07-28,Puglia,Altre job board,5.652
2025-07-28,Sardegna,Altre job board,2.9
2025-07-28,Sicilia,Altre job board,6.083
2025-07-28,Toscana,Altre job board,6.532
2025-07-28,Trentino-Alto Adige,Altre job board,3.936
2025-07-28,Umbria,Altre job board,0.808
2025-07-28,Valle d'Aosta,Altre job board,0.231
2025-07-28,Veneto,Altre job board,12.376
2025-08-04,Abruzzo,Altre job board,3.159
2025-08-04,Basilicata,Altre job board,1.162
2025-08-04,Calabria,Altre job board,3.552
2025-08-04,Campania,Altre job board,16.906
2025-08-04,Emilia-Romagna,Altre job board,7.693
2025-08-04,Friuli-Venezia Giulia,Altre job board,1.96
2025-08-04,Lazio,Altre job board,6.752
2025-08-04,Liguria,Altre job board,2.75
2025-08-04,Lombardia,Altre job board,10.118
2025-08-04,Marche,Altre job board,2.575
2025-08-04,Molise,Altre job board,0.309
2025-08-04,Piemonte,Altre job board,5.508
2025-08-04,Puglia,Altre job board,6.18
2025-08-04,Sardegna,Altre job board,3.535
2025-08-04,Sicilia,Altre job board,6.616
2025-08-04,Toscana,Altre job board,7.504
2025-08-04,Trentino-Alto Adige,Altre job board,4.196
2025-08-04,Umbria,Altre job board,0.946
2025-08-04,Valle d'Aosta,Altre job board,0.253
2025-08-04,Veneto,Altre job board,13.279
2025-08-11,Abruzzo,Altre job board,2.79
2025-08-11,Basilicata,Altre job board,1.046
2025-08-11,Calabria,Altre job board,2.67
2025-08-11,Campania,Altre job board,14.433
2025-08-11,Emilia-Romagna,Altre job board,6.442
2025-08-11,Friuli-Venezia Giulia,Altre job board,1.949
2025-08-11,Lazio,Altre job board,6.307
2025-08-11,Liguria,Altre job board,2.567
2025-08-11,Lombardia,Altre job board,9.649
2025-08-11,Marche,Altre job board,2.439
2025-08-11,Molise,Altre job board,0.29
2025-08-11,Piemonte,Altre job board,4.998
2025-08-11,Puglia,Altre job board,5.338
2025-08-11,Sardegna,Altre job board,2.701
2025-08-11,Sicilia,Altre job board,5.066
2025-08-11,Toscana,Altre job board,7.134
2025-08-11,Trentino-Alto Adige,Altre job board,3.446
2025-08-11,Umbria,Altre job board,0.79
2025-08-11,Valle d'Aosta,Altre job board,0.226
2025-08-11,Veneto,Altre job board,12.036
2025-08-18,Abruzzo,Altre job board,0.386
2025-08-18,Basilicata,Altre job board,0.148
2025-08-18,Calabria,Altre job board,0.378
2025-08-18,Campania,Altre job board,1.993
2025-08-18,Emilia-Romagna,Altre job board,0.913
2025-08-18,Friuli-Venezia Giulia,Altre job board,0.292
2025-08-18,Lazio,Altre job board,0.777
2025-08-18,Liguria,Altre job board,0.355
2025-08-18,Lombardia,Altre job board,1.307
2025-08-18,Marche,Altre job board,0.374
2025-08-18,Molise,Altre job board,0.041
2025-08-18,Piemonte,Altre job board,0.729
2025-08-18,Puglia,Altre job board,0.827
2025-08-18,Sardegna,Altre job board,0.372
2025-08-18,Sicilia,Altre job board,0.692
2025-08-18,Toscana,Altre job board,1.043
2025-08-18,Trentino-Alto Adige,Altre job board,0.489
2025-08-18,Umbria,Altre job board,0.096
2025-08-18,Valle d'Aosta,Altre job board,0.033
2025-08-18,Veneto,Altre job board,1.868
2025-08-25,Abruzzo,Altre job board,0.035
2025-08-25,Basilicata,Altre job board,0.013
2025-08-25,Calabria,Altre job board,0.034
2025-08-25,Campania,Altre job board,0.179
2025-08-25,Emilia-Romagna,Altre job board,0.082
2025-08-25,Friuli-Venezia Giulia,Altre job board,0.027
2025-08-25,Lazio,Altre job board,0.069
2025-08-25,Liguria,Altre job board,0.032
2025-08-25,Lombardia,Altre job board,0.117
2025-08-25,Marche,Altre job board,0.034
2025-08-25,Molise,Altre job board,0.004
2025-08-25,Piemonte,Altre job board,0.066
2025-08-25,Puglia,Altre job board,0.076
2025-08-25,Sardegna,Altre job board,0.033
2025-08-25,Sicilia,Altre job board,0.062
2025-08-25,Toscana,Altre job board,0.094
2025-08-25,Trentino-Alto Adige,Altre job board,0.044
2025-08-25,Umbria,Altre job board,0.008
2025-08-25,Valle d'Aosta,Altre job board,0.003
2025-08-25,Veneto,Altre job board,0.171
2025-09-01,Abruzzo,Altre job board,2.311
2025-09-01,Basilicata,Altre job board,0.931
2025-09-01,Calabria,Altre job board,2.391
2025-09-01,Campania,Altre job board,13.353
2025-09-01,Emilia-Romagna,Altre job board,6.201
2025-09-01,Friuli-Venezia Giulia,Altre job board,1.853
2025-09-01,Lazio,Altre job board,6.661
2025-09-01,Liguria,Altre job board,2.484
2025-09-01,Lombardia,Altre job board,9.154
2025-09-01,Marche,Altre job board,2.32
2025-09-01,Molise,Altre job board,0.246
2025-09-01,Piemonte,Altre job board,4.574
2025-09-01,Puglia,Altre job board,4.836
2025-09-01,Sardegna,Altre job board,2.528
2025-09-01,Sicilia,Altre job board,4.948
2025-09-01,Toscana,Altre job board,6.697
2025-09-01,Trentino-Alto Adige,Altre job board,2.86
2025-09-01,Umbria,Altre job board,0.802
2025-09-01,Valle d'Aosta,Altre job board,0.227
2025-09-01,Veneto,Altre job board,11.93
2025-09-08,Abruzzo,Altre job board,2.877
2025-09-08,Basilicata,Altre job board,1.105
2025-09-08,Calabria,Altre job board,2.947
2025-09-08,Campania,Altre job board,16.183
2025-09-08,Emilia-Romagna,Altre job board,7.033
2025-09-08,Friuli-Venezia Giulia,Altre job board,2.023
2025-09-08,Lazio,Altre job board,7.101
2025-09-08,Liguria,Altre job board,2.903
2025-09-08,Lombardia,Altre job board,11.071
2025-09-08,Marche,Altre job board,2.63
2025-09-08,Molise,Altre job board,0.281
2025-09-08,Piemonte,Altre job board,5.273
2025-09-08,Puglia,Altre job board,5.529
2025-09-08,Sardegna,Altre job board,3.216
2025-09-08,Sicilia,Altre job board,6.048
2025-09-08,Toscana,Altre job board,8.109
2025-09-08,Trentino-Alto Adige,Altre job board,3.552
2025-09-08,Umbria,Altre job board,0.9
2025-09-08,Valle d'Aosta,Altre job board,0.256
2025-09-08,Veneto,Altre job board,13.962
2025-09-15,Abruzzo,Altre job board,2.528
2025-09-15,Basilicata,Altre job board,1.055
2025-09-15,Calabria,Altre job board,2.82
2025-09-15,Campania,Altre job board,14.219
2025-09-15,Emilia-Romagna,Altre job board,6.721
2025-09-15,Friuli-Venezia Giulia,Altre job board,1.89
2025-09-15,Lazio,Altre job board,6.578
2025-09-15,Liguria,Altre job board,2.614
2025-09-15,Lombardia,Altre job board,10.585
2025-09-15,Marche,Altre job board,2.502
2025-09-15,Molise,Altre job board,0.283
2025-09-15,Piemonte,Altre job board,4.851
2025-09-15,Puglia,Altre job board,5.431
2025-09-15,Sardegna,Altre job board,2.94
2025-09-15,Sicilia,Altre job board,6.058
2025-09-15,Toscana,Altre job board,7.531
2025-09-15,Trentino-Alto Adige,Altre job board,3.391
2025-09-15,Umbria,Altre job board,0.868
2025-09-15,Valle d'Aosta,Altre job board,0.229
2025-09-15,Veneto,Altre job board,12.733
2025-09-22,Abruzzo,Altre job board,2.886
2025-09-22,Basilicata,Altre job board,1.251
2025-09-22,Calabria,Altre job board,3.125
2025-09-22,Campania,Altre job board,16.251
2025-09-22,Emilia-Romagna,Altre job board,7.347
2025-09-22,Friuli-Venezia Giulia,Altre job board,2.092
2025-09-22,Lazio,Altre job board,7.526
2025-09-22,Liguria,Altre job board,3.036
2025-09-22,Lombardia,Altre job board,11.311
2025-09-22,Marche,Altre job board,2.587
2025-09-22,Molise,Altre job board,0.317
2025-09-22,Piemonte,Altre job board,5.701
2025-09-22,Puglia,Altre job board,5.862
2025-09-22,Sardegna,Altre job board,3.11
2025-09-22,Sicilia,Altre job board,6.22
2025-09-22,Toscana,Altre job board,7.971
2025-09-22,Trentino-Alto Adige,Altre job board,3.784
2025-09-22,Umbria,Altre job board,0.965
2025-09-22,Valle d'Aosta,Altre job board,0.25
2025-09-22,Veneto,Altre job board,14.692
2025-09-29,Abruzzo,Altre job board,2.579
2025-09-29,Basilicata,Altre job board,1.091
2025-09-29,Calabria,Altre job board,2.773
2025-09-29,Campania,Altre job board,15.606
2025-09-29,Emilia-Romagna,Altre job board,7.68
2025-09-29,Friuli-Venezia Giulia,Altre job board,1.974
2025-09-29,Lazio,Altre job board,6.827
2025-09-29,Liguria,Altre job board,2.631
2025-09-29,Lombardia,Altre job board,12.253
2025-09-29,Marche,Altre job board,2.307
2025-09-29,Molise,Altre job board,0.292
2025-09-29,Piemonte,Altre job board,6.019
2025-09-29,Puglia,Altre job board,5.373
2025-09-29,Sardegna,Altre job board,2.737
2025-09-29,Sicilia,Altre job board,5.293
2025-09-29,Toscana,Altre job board,7.283
2025-09-29,Trentino-Alto Adige,Altre job board,3.469
2025-09-29,Umbria,Altre job board,0.885
2025-09-29,Valle d'Aosta,Altre job board,0.224
2025-09-29,Veneto,Altre job board,15.096
2025-10-06,Abruzzo,Altre job board,2.019
2025-10-06,Basilicata,Altre job board,0.785
2025-10-06,Calabria,Altre job board,2.035
2025-10-06,Campania,Altre job board,11.876
2025-10-06,Emilia-Romagna,Altre job board,6.394
2025-10-06,Friuli-Venezia Giulia,Altre job board,1.651
2025-10-06,Lazio,Altre job board,5.828
2025-10-06,Liguria,Altre job board,1.909
2025-10-06,Lombardia,Altre job board,10.327
2025-10-06,Marche,Altre job board,1.859
2025-10-06,Molise,Altre job board,0.218
2025-10-06,Piemonte,Altre job board,5.092
2025-10-06,Puglia,Altre job board,4.185
2025-10-06,Sardegna,Altre job board,2.211
2025-10-06,Sicilia,Altre job board,4.442
2025-10-06,Toscana,Altre job board,5.954
2025-10-06,Trentino-Alto Adige,Altre job board,2.7
2025-10-06,Umbria,Altre job board,0.71
2025-10-06,Valle d'Aosta,Altre job board,0.186
2025-10-06,Veneto,Altre job board,14.028
2025-10-13,Abruzzo,Altre job board,1.827
2025-10-13,Basilicata,Altre job board,0.65
2025-10-13,Calabria,Altre job board,1.683
2025-10-13,Campania,Altre job board,10.697
2025-10-13,Emilia-Romagna,Altre job board,5.424
2025-10-13,Friuli-Venezia Giulia,Altre job board,1.405
2025-10-13,Lazio,Altre job board,5.086
2025-10-13,Liguria,Altre job board,1.479
2025-10-13,Lombardia,Altre job board,9.032
2025-10-13,Marche,Altre job board,1.603
2025-10-13,Molise,Altre job board,0.165
2025-10-13,Piemonte,Altre job board,4.332
2025-10-13,Puglia,Altre job board,3.659
2025-10-13,Sardegna,Altre job board,1.847
2025-10-13,Sicilia,Altre job board,3.709
2025-10-13,Toscana,Altre job board,4.633
2025-10-13,Trentino-Alto Adige,Altre job board,2.233
2025-10-13,Umbria,Altre job board,0.565
2025-10-13,Valle d'Aosta,Altre job board,0.152
2025-10-13,Veneto,Altre job board,12.504
2025-10-20,Abruzzo,Altre job board,1.8
2025-10-20,Basilicata,Altre job board,0.675
2025-10-20,Calabria,Altre job board,1.853
2025-10-20,Campania,Altre job board,11.677
2025-10-20,Emilia-Romagna,Altre job board,6.473
2025-10-20,Friuli-Venezia Giulia,Altre job board,1.507
2025-10-20,Lazio,Altre job board,5.67
2025-10-20,Liguria,Altre job board,1.892
2025-10-20,Lombardia,Altre job board,8.826
2025-10-20,Marche,Altre job board,1.755
2025-10-20,Molise,Altre job board,0.189
2025-10-20,Piemonte,Altre job board,4.636
2025-10-20,Puglia,Altre job board,3.997
2025-10-20,Sardegna,Altre job board,2.179
2025-10-20,Sicilia,Altre job board,3.65
2025-10-20,Toscana,Altre job board,5.152
2025-10-20,Trentino-Alto Adige,Altre job board,2.331
2025-10-20,Umbria,Altre job board,0.62
2025-10-20,Valle d'Aosta,Altre job board,0.154
2025-10-20,Veneto,Altre job board,13.084
2025-10-27,Abruzzo,Altre job board,2.204
2025-10-27,Basilicata,Altre job board,0.755
2025-10-27,Calabria,Altre job board,2.197
2025-10-27,Campania,Altre job board,11.131
2025-10-27,Emilia-Romagna,Altre job board,6.991
2025-10-27,Friuli-Venezia Giulia,Altre job board,1.652
2025-10-27,Lazio,Altre job board,5.486
2025-10-27,Liguria,Altre job board,2.223
2025-10-27,Lombardia,Altre job board,9.658
2025-10-27,Marche,Altre job board,1.903
2025-10-27,Molise,Altre job board,0.208
2025-10-27,Piemonte,Altre job board,5.233
2025-10-27,Puglia,Altre job board,3.949
2025-10-27,Sardegna,Altre job board,2.347
2025-10-27,Sicilia,Altre job board,4.253
2025-10-27,Toscana,Altre job board,5.708
2025-10-27,Trentino-Alto Adige,Altre job board,2.469
2025-10-27,Umbria,Altre job board,0.647
2025-10-27,Valle d'Aosta,Altre job board,0.167
2025-10-27,Veneto,Altre job board,13.89
2025-11-03,Abruzzo,Altre job board,2.501
2025-11-03,Basilicata,Altre job board,0.834
2025-11-03,Calabria,Altre job board,2.353
2025-11-03,Campania,Altre job board,12.119
2025-11-03,Emilia-Romagna,Altre job board,7.135
2025-11-03,Friuli-Venezia Giulia,Altre job board,1.668
2025-11-03,Lazio,Altre job board,6.142
2025-11-03,Liguria,Altre job board,2.375
2025-11-03,Lombardia,Altre job board,10.368
2025-11-03,Marche,Altre job board,1.846
2025-11-03,Molise,Altre job board,0.227
2025-11-03,Piemonte,Altre job board,5.577
2025-11-03,Puglia,Altre job board,4.133
2025-11-03,Sardegna,Altre job board,2.406
2025-11-03,Sicilia,Altre job board,4.482
2025-11-03,Toscana,Altre job board,6.681
2025-11-03,Trentino-Alto Adige,Altre job board,2.891
2025-11-03,Umbria,Altre job board,0.741
2025-11-03,Valle d'Aosta,Altre job board,0.18
2025-11-03,Veneto,Altre job board,13.656
2025-11-10,Abruzzo,Altre job board,2.571
2025-11-10,Basilicata,Altre job board,0.853
2025-11-10,Calabria,Altre job board,2.518
2025-11-10,Campania,Altre job board,13.239
2025-11-10,Emilia-Romagna,Altre job board,7.286
2025-11-10,Friuli-Venezia Giulia,Altre job board,1.787
2025-11-10,Lazio,Altre job board,6.431
2025-11-10,Liguria,Altre job board,2.382
2025-11-10,Lombardia,Altre job board,11.215
2025-11-10,Marche,Altre job board,1.917
2025-11-10,Molise,Altre job board,0.261
2025-11-10,Piemonte,Altre job board,5.388
2025-11-10,Puglia,Altre job board,4.066
2025-11-10,Sardegna,Altre job board,2.453
2025-11-10,Sicilia,Altre job board,4.69
2025-11-10,Toscana,Altre job board,6.607
2025-11-10,Trentino-Alto Adige,Altre job board,3.355
2025-11-10,Umbria,Altre job board,0.773
2025-11-10,Valle d'Aosta,Altre job board,0.195
2025-11-10,Veneto,Altre job board,14.504
2025-11-17,Abruzzo,Altre job board,2.723
2025-11-17,Basilicata,Altre job board,0.951
2025-11-17,Calabria,Altre job board,2.857
2025-11-17,Campania,Altre job board,15.465
2025-11-17,Emilia-Romagna,Altre job board,7.761
2025-11-17,Friuli-Venezia Giulia,Altre job board,2.022
2025-11-17,Lazio,Altre job board,7.886
2025-11-17,Liguria,Altre job board,2.778
2025-11-17,Lombardia,Altre job board,12.375
2025-11-17,Marche,Altre job board,2.33
2025-11-17,Molise,Altre job board,0.275
2025-11-17,Piemonte,Altre job board,5.461
2025-11-17,Puglia,Altre job board,4.823
2025-11-17,Sardegna,Altre job board,2.857
2025-11-17,Sicilia,Altre job board,5.489
2025-11-17,Toscana,Altre job board,7.507
2025-11-17,Trentino-Alto Adige,Altre job board,3.722
2025-11-17,Umbria,Altre job board,0.848
2025-11-17,Valle d'Aosta,Altre job board,0.22
2025-11-17,Veneto,Altre job board,14.894
2025-11-24,Abruzzo,Altre job board,0.371
2025-11-24,Basilicata,Altre job board,0.127
2025-11-24,Calabria,Altre job board,0.425
2025-11-24,Campania,Altre job board,2.236
2025-11-24,Emilia-Romagna,Altre job board,1.275
2025-11-24,Friuli-Venezia Giulia,Altre job board,0.312
2025-11-24,Lazio,Altre job board,1.095
2025-11-24,Liguria,Altre job board,0.405
2025-11-24,Lombardia,Altre job board,2.015
2025-11-24,Marche,Altre job board,0.345
2025-11-24,Molise,Altre job board,0.038
2025-11-24,Piemonte,Altre job board,0.853
2025-11-24,Puglia,Altre job board,0.692
2025-11-24,Sardegna,Altre job board,0.408
2025-11-24,Sicilia,Altre job board,0.79
2025-11-24,Toscana,Altre job board,1.141
2025-11-24,Trentino-Alto Adige,Altre job board,0.558
2025-11-24,Umbria,Altre job board,0.107
2025-11-24,Valle d'Aosta,Altre job board,0.032
2025-11-24,Veneto,Altre job board,2.877
2025-12-01,Abruzzo,Altre job board,2.464
2025-12-01,Basilicata,Altre job board,0.942
2025-12-01,Calabria,Altre job board,2.544
2025-12-01,Campania,Altre job board,14.901
2025-12-01,Emilia-Romagna,Altre job board,5.898
2025-12-01,Friuli-Venezia Giulia,Altre job board,1.693
2025-12-01,Lazio,Altre job board,6.834
2025-12-01,Liguria,Altre job board,2.235
2025-12-01,Lombardia,Altre job board,8.916
2025-12-01,Marche,Altre job board,2.019
2025-12-01,Molise,Altre job board,0.25
2025-12-01,Piemonte,Altre job board,3.784
2025-12-01,Puglia,Altre job board,4.613
2025-12-01,Sardegna,Altre job board,2.57
2025-12-01,Sicilia,Altre job board,4.501
2025-12-01,Toscana,Altre job board,7.329
2025-12-01,Trentino-Alto Adige,Altre job board,3.429
2025-12-01,Umbria,Altre job board,0.65
2025-12-01,Valle d'Aosta,Altre job board,0.202
2025-12-01,Veneto,Altre job board,11.453
2025-12-08,Abruzzo,Altre job board,2.54
2025-12-08,Basilicata,Altre job board,0.962
2025-12-08,Calabria,Altre job board,2.612
2025-12-08,Campania,Altre job board,15.663
2025-12-08,Emilia-Romagna,Altre job board,6.572
2025-12-08,Friuli-Venezia Giulia,Altre job board,1.854
2025-12-08,Lazio,Altre job board,6.731
2025-12-08,Liguria,Altre job board,2.344
2025-12-08,Lombardia,Altre job board,9.302
2025-12-08,Marche,Altre job board,2.211
2025-12-08,Molise,Altre job board,0.281
2025-12-08,Piemonte,Altre job board,3.747
2025-12-08,Puglia,Altre job board,4.684
2025-12-08,Sardegna,Altre job board,2.722
2025-12-08,Sicilia,Altre job board,4.679
2025-12-08,Toscana,Altre job board,7.502
2025-12-08,Trentino-Alto Adige,Altre job board,3.476
2025-12-08,Umbria,Altre job board,0.726
2025-12-08,Valle d'Aosta,Altre job board,0.205
2025-12-08,Veneto,Altre job board,11.893
2025-12-15,Abruzzo,Altre job board,2.032
2025-12-15,Basilicata,Altre job board,0.858
2025-12-15,Calabria,Altre job board,2.597
2025-12-15,Campania,Altre job board,13.905
2025-12-15,Emilia-Romagna,Altre job board,5.991
2025-12-15,Friuli-Venezia Giulia,Altre job board,1.71
2025-12-15,Lazio,Altre job board,5.969
2025-12-15,Liguria,Altre job board,2.2
2025-12-15,Lombardia,Altre job board,8.029
2025-12-15,Marche,Altre job board,2.092
2025-12-15,Molise,Altre job board,0.253
2025-12-15,Piemonte,Altre job board,3.437
2025-12-15,Puglia,Altre job board,4.212
2025-12-15,Sardegna,Altre job board,2.579
2025-12-15,Sicilia,Altre job board,4.619
2025-12-15,Toscana,Altre job board,6.947
2025-12-15,Trentino-Alto Adige,Altre job board,3.245
2025-12-15,Umbria,Altre job board,0.705
2025-12-15,Valle d'Aosta,Altre job board,0.196
2025-12-15,Veneto,Altre job board,11.711
2025-12-22,Abruzzo,Altre job board,2.754
2025-12-22,Basilicata,Altre job board,0.942
2025-12-22,Calabria,Altre job board,2.77
2025-12-22,Campania,Altre job board,14.839
2025-12-22,Emilia-Romagna,Altre job board,6.558
2025-12-22,Friuli-Venezia Giulia,Altre job board,1.813
2025-12-22,Lazio,Altre job board,6.622
2025-12-22,Liguria,Altre job board,2.666
2025-12-22,Lombardia,Altre job board,9.692
2025-12-22,Marche,Altre job board,2.24
2025-12-22,Molise,Altre job board,0.281
2025-12-22,Piemonte,Altre job board,4.117
2025-12-22,Puglia,Altre job board,4.934
2025-12-22,Sardegna,Altre job board,2.886
2025-12-22,Sicilia,Altre job board,4.965
2025-12-22,Toscana,Altre job board,7.94
2025-12-22,Trentino-Alto Adige,Altre job board,3.489
2025-12-22,Umbria,Altre job board,0.836
2025-12-22,Valle d'Aosta,Altre job board,0.236
2025-12-22,Veneto,Altre job board,13.475
