settimana,regione,canale,campagna,spesa,impressioni,clic,conversioni_piattaforma
2024-01-01,Abruzzo,Subito Lavoro,AZ_IT_SUBITO_RETARGETING,2.40,338,4,0
2024-01-01,Abruzzo,Subito Lavoro,AZ_IT_SUBITO_SLOT_PREMIUM,11.49,1106,14,1
2024-01-01,Abruzzo,Subito Lavoro,AZ_IT_SUBITO_SPONSORED_ANNUNCI,13.41,1023,20,1
2024-01-01,Basilicata,Subito Lavoro,AZ_IT_SUBITO_RETARGETING,1.40,197,2,0
2024-01-01,Basilicata,Subito Lavoro,AZ_IT_SUBITO_SLOT_PREMIUM,4.91,443,6,0
2024-01-01,Basilicata,Subito Lavoro,AZ_IT_SUBITO_SPONSORED_ANNUNCI,3.18,255,4,0
2024-01-01,Calabria,Subito Lavoro,AZ_IT_SUBITO_RETARGETING,4.03,597,8,0
2024-01-01,Calabria,Subito Lavoro,AZ_IT_SUBITO_SLOT_PREMIUM,19.58,1870,27,2
2024-01-01,Calabria,Subito Lavoro,AZ_IT_SUBITO_SPONSORED_ANNUNCI,9.76,724,12,1
2024-01-01,Campania,Subito Lavoro,AZ_IT_SUBITO_RETARGETING,19.10,2809,37,1
2024-01-01,Campania,Subito Lavoro,AZ_IT_SUBITO_SLOT_PREMIUM,25.59,2258,34,1
2024-01-01,Campania,Subito Lavoro,AZ_IT_SUBITO_SPONSORED_ANNUNCI,43.07,3289,56,3
2024-01-01,Emilia-Romagna,Subito Lavoro,AZ_IT_SUBITO_RETARGETING,16.20,2244,28,1
2024-01-01,Emilia-Romagna,Subito Lavoro,AZ_IT_SUBITO_SLOT_PREMIUM,36.01,3432,51,2
2024-01-01,Emilia-Romagna,Subito Lavoro,AZ_IT_SUBITO_SPONSORED_ANNUNCI,24.35,1856,33,2
2024-01-01,Friuli-Venezia Giulia,Subito Lavoro,AZ_IT_SUBITO_RETARGETING,2.05,313,4,0
2024-01-01,Friuli-Venezia Giulia,Subito Lavoro,AZ_IT_SUBITO_SLOT_PREMIUM,7.14,685,9,1
2024-01-01,Friuli-Venezia Giulia,Subito Lavoro,AZ_IT_SUBITO_SPONSORED_ANNUNCI,6.32,484,10,1
2024-01-01,Lazio,Subito Lavoro,AZ_IT_SUBITO_RETARGETING,12.91,1835,25,1
2024-01-01,Lazio,Subito Lavoro,AZ_IT_SUBITO_SLOT_PREMIUM,39.89,3849,58,3
2024-01-01,Lazio,Subito Lavoro,AZ_IT_SUBITO_SPONSORED_ANNUNCI,16.25,1225,21,2
2024-01-01,Liguria,Subito Lavoro,AZ_IT_SUBITO_RETARGETING,2.98,418,5,0
2024-01-01,Liguria,Subito Lavoro,AZ_IT_SUBITO_SLOT_PREMIUM,18.95,1803,27,1
2024-01-01,Liguria,Subito Lavoro,AZ_IT_SUBITO_SPONSORED_ANNUNCI,5.89,453,8,0
2024-01-01,Lombardia,Subito Lavoro,AZ_IT_SUBITO_RETARGETING,22.68,3184,41,2
2024-01-01,Lombardia,Subito Lavoro,AZ_IT_SUBITO_SLOT_PREMIUM,142.10,13083,187,8
2024-01-01,Lombardia,Subito Lavoro,AZ_IT_SUBITO_SPONSORED_ANNUNCI,52.56,4132,72,4
2024-01-01,Marche,Subito Lavoro,AZ_IT_SUBITO_RETARGETING,4.14,566,7,0
2024-01-01,Marche,Subito Lavoro,AZ_IT_SUBITO_SLOT_PREMIUM,14.60,1335,20,1
2024-01-01,Marche,Subito Lavoro,AZ_IT_SUBITO_SPONSORED_ANNUNCI,6.35,487,7,1
2024-01-01,Molise,Subito Lavoro,AZ_IT_SUBITO_RETARGETING,0.71,99,1,0
2024-01-01,Molise,Subito Lavoro,AZ_IT_SUBITO_SLOT_PREMIUM,1.70,156,3,0
2024-01-01,Molise,Subito Lavoro,AZ_IT_SUBITO_SPONSORED_ANNUNCI,1.33,104,2,0
2024-01-01,Piemonte,Subito Lavoro,AZ_IT_SUBITO_RETARGETING,9.86,1486,19,1
2024-01-01,Piemonte,Subito Lavoro,AZ_IT_SUBITO_SLOT_PREMIUM,34.83,3079,42,2
2024-01-01,Piemonte,Subito Lavoro,AZ_IT_SUBITO_SPONSORED_ANNUNCI,22.49,1782,35,1
2024-01-01,Puglia,Subito Lavoro,AZ_IT_SUBITO_RETARGETING,6.97,1027,13,0
2024-01-01,Puglia,Subito Lavoro,AZ_IT_SUBITO_SLOT_PREMIUM,53.94,4897,67,3
2024-01-01,Puglia,Subito Lavoro,AZ_IT_SUBITO_SPONSORED_ANNUNCI,18.16,1380,27,1
2024-01-01,Sardegna,Subito Lavoro,AZ_IT_SUBITO_RETARGETING,4.99,717,8,0
2024-01-01,Sardegna,Subito Lavoro,AZ_IT_SUBITO_SLOT_PREMIUM,14.90,1400,19,1
2024-01-01,Sardegna,Subito Lavoro,AZ_IT_SUBITO_SPONSORED_ANNUNCI,13.23,964,17,1
2024-01-01,Sicilia,Subito Lavoro,AZ_IT_SUBITO_RETARGETING,9.57,1417,16,1
2024-01-01,Sicilia,Subito Lavoro,AZ_IT_SUBITO_SLOT_PREMIUM,36.43,3499,48,2
2024-01-01,Sicilia,Subito Lavoro,AZ_IT_SUBITO_SPONSORED_ANNUNCI,19.51,1480,24,1
2024-01-01,Toscana,Subito Lavoro,AZ_IT_SUBITO_RETARGETING,9.31,1316,17,1
2024-01-01,Toscana,Subito Lavoro,AZ_IT_SUBITO_SLOT_PREMIUM,41.59,3760,56,3
2024-01-01,Toscana,Subito Lavoro,AZ_IT_SUBITO_SPONSORED_ANNUNCI,21.54,1594,26,2
2024-01-01,Trentino-Alto Adige,Subito Lavoro,AZ_IT_SUBITO_RETARGETING,3.92,569,7,0
2024-01-01,Trentino-Alto Adige,Subito Lavoro,AZ_IT_SUBITO_SLOT_PREMIUM,10.07,912,11,1
2024-01-01,Trentino-Alto Adige,Subito Lavoro,AZ_IT_SUBITO_SPONSORED_ANNUNCI,6.92,549,9,1
2024-01-01,Umbria,Subito Lavoro,AZ_IT_SUBITO_RETARGETING,2.05,298,3,0
2024-01-01,Umbria,Subito Lavoro,AZ_IT_SUBITO_SLOT_PREMIUM,4.97,476,6,0
2024-01-01,Umbria,Subito Lavoro,AZ_IT_SUBITO_SPONSORED_ANNUNCI,4.12,317,5,0
2024-01-01,Valle d'Aosta,Subito Lavoro,AZ_IT_SUBITO_RETARGETING,0.32,47,1,0
2024-01-01,Valle d'Aosta,Subito Lavoro,AZ_IT_SUBITO_SLOT_PREMIUM,1.05,95,1,0
2024-01-01,Valle d'Aosta,Subito Lavoro,AZ_IT_SUBITO_SPONSORED_ANNUNCI,0.56,44,1,0
2024-01-01,Veneto,Subito Lavoro,AZ_IT_SUBITO_RETARGETING,10.76,1574,19,1
2024-01-01,Veneto,Subito Lavoro,AZ_IT_SUBITO_SLOT_PREMIUM,29.03,2586,36,2
2024-01-01,Veneto,Subito Lavoro,AZ_IT_SUBITO_SPONSORED_ANNUNCI,15.87,1242,20,1
2024-01-08,Abruzzo,Subito Lavoro,AZ_IT_SUBITO_RETARGETING,2.98,408,5,0
2024-01-08,Abruzzo,Subito Lavoro,AZ_IT_SUBITO_SLOT_PREMIUM,10.06,951,14,1
2024-01-08,Abruzzo,Subito Lavoro,AZ_IT_SUBITO_SPONSORED_ANNUNCI,13.79,1096,18,1
2024-01-08,Basilicata,Subito Lavoro,AZ_IT_SUBITO_RETARGETING,1.82,271,3,0
2024-01-08,Basilicata,Subito Lavoro,AZ_IT_SUBITO_SLOT_PREMIUM,4.59,419,5,0
2024-01-08,Basilicata,Subito Lavoro,AZ_IT_SUBITO_SPONSORED_ANNUNCI,4.43,350,5,0
2024-01-08,Calabria,Subito Lavoro,AZ_IT_SUBITO_RETARGETING,4.73,672,8,1
2024-01-08,Calabria,Subito Lavoro,AZ_IT_SUBITO_SLOT_PREMIUM,19.05,1760,24,2
2024-01-08,Calabria,Subito Lavoro,AZ_IT_SUBITO_SPONSORED_ANNUNCI,12.77,949,17,2
2024-01-08,Campania,Subito Lavoro,AZ_IT_SUBITO_RETARGETING,23.02,3226,40,2
2024-01-08,Campania,Subito Lavoro,AZ_IT_SUBITO_SLOT_PREMIUM,22.98,2084,29,1
2024-01-08,Campania,Subito Lavoro,AZ_IT_SUBITO_SPONSORED_ANNUNCI,49.62,3717,69,4
2024-01-08,Emilia-Romagna,Subito Lavoro,AZ_IT_SUBITO_RETARGETING,21.22,2792,31,2
2024-01-08,Emilia-Romagna,Subito Lavoro,AZ_IT_SUBITO_SLOT_PREMIUM,37.99,3520,52,3
2024-01-08,Emilia-Romagna,Subito Lavoro,AZ_IT_SUBITO_SPONSORED_ANNUNCI,30.84,2367,42,3
2024-01-08,Friuli-Venezia Giulia,Subito Lavoro,AZ_IT_SUBITO_RETARGETING,2.57,348,4,0
2024-01-08,Friuli-Venezia Giulia,Subito Lavoro,AZ_IT_SUBITO_SLOT_PREMIUM,7.72,680,9,1
2024-01-08,Friuli-Venezia Giulia,Subito Lavoro,AZ_IT_SUBITO_SPONSORED_ANNUNCI,8.84,711,13,1
2024-01-08,Lazio,Subito Lavoro,AZ_IT_SUBITO_RETARGETING,17.88,2580,29,2
2024-01-08,Lazio,Subito Lavoro,AZ_IT_SUBITO_SLOT_PREMIUM,31.00,2803,37,2
2024-01-08,Lazio,Subito Lavoro,AZ_IT_SUBITO_SPONSORED_ANNUNCI,21.38,1573,29,2
2024-01-08,Liguria,Subito Lavoro,AZ_IT_SUBITO_RETARGETING,3.77,529,7,0
2024-01-08,Liguria,Subito Lavoro,AZ_IT_SUBITO_SLOT_PREMIUM,18.94,1730,25,1
2024-01-08,Liguria,Subito Lavoro,AZ_IT_SUBITO_SPONSORED_ANNUNCI,8.38,644,12,1
2024-01-08,Lombardia,Subito Lavoro,AZ_IT_SUBITO_RETARGETING,29.70,4110,52,3
2024-01-08,Lombardia,Subito Lavoro,AZ_IT_SUBITO_SLOT_PREMIUM,148.42,13313,186,10
2024-01-08,Lombardia,Subito Lavoro,AZ_IT_SUBITO_SPONSORED_ANNUNCI,70.94,5564,87,7
2024-01-08,Marche,Subito Lavoro,AZ_IT_SUBITO_RETARGETING,5.73,824,8,1
2024-01-08,Marche,Subito Lavoro,AZ_IT_SUBITO_SLOT_PREMIUM,13.41,1249,17,2
2024-01-08,Marche,Subito Lavoro,AZ_IT_SUBITO_SPONSORED_ANNUNCI,7.94,604,10,1
2024-01-08,Molise,Subito Lavoro,AZ_IT_SUBITO_RETARGETING,0.89,127,1,0
2024-01-08,Molise,Subito Lavoro,AZ_IT_SUBITO_SLOT_PREMIUM,1.41,135,2,0
2024-01-08,Molise,Subito Lavoro,AZ_IT_SUBITO_SPONSORED_ANNUNCI,1.92,155,3,0
2024-01-08,Piemonte,Subito Lavoro,AZ_IT_SUBITO_RETARGETING,14.34,2027,24,1
2024-01-08,Piemonte,Subito Lavoro,AZ_IT_SUBITO_SLOT_PREMIUM,33.88,3150,47,2
2024-01-08,Piemonte,Subito Lavoro,AZ_IT_SUBITO_SPONSORED_ANNUNCI,28.43,2138,36,2
2024-01-08,Puglia,Subito Lavoro,AZ_IT_SUBITO_RETARGETING,10.64,1427,21,1
2024-01-08,Puglia,Subito Lavoro,AZ_IT_SUBITO_SLOT_PREMIUM,47.48,4310,59,3
2024-01-08,Puglia,Subito Lavoro,AZ_IT_SUBITO_SPONSORED_ANNUNCI,21.16,1608,25,2
2024-01-08,Sardegna,Subito Lavoro,AZ_IT_SUBITO_RETARGETING,6.15,862,10,1
2024-01-08,Sardegna,Subito Lavoro,AZ_IT_SUBITO_SLOT_PREMIUM,14.26,1282,18,1
2024-01-08,Sardegna,Subito Lavoro,AZ_IT_SUBITO_SPONSORED_ANNUNCI,17.46,1367,26,1
2024-01-08,Sicilia,Subito Lavoro,AZ_IT_SUBITO_RETARGETING,10.72,1472,17,1
2024-01-08,Sicilia,Subito Lavoro,AZ_IT_SUBITO_SLOT_PREMIUM,35.17,3023,44,3
2024-01-08,Sicilia,Subito Lavoro,AZ_IT_SUBITO_SPONSORED_ANNUNCI,26.95,2050,38,2
2024-01-08,Toscana,Subito Lavoro,AZ_IT_SUBITO_RETARGETING,8.87,1280,17,1
2024-01-08,Toscana,Subito Lavoro,AZ_IT_SUBITO_SLOT_PREMIUM,32.12,2851,37,4
2024-01-08,Toscana,Subito Lavoro,AZ_IT_SUBITO_SPONSORED_ANNUNCI,24.36,1902,30,3
2024-01-08,Trentino-Alto Adige,Subito Lavoro,AZ_IT_SUBITO_RETARGETING,4.95,693,8,1
2024-01-08,Trentino-Alto Adige,Subito Lavoro,AZ_IT_SUBITO_SLOT_PREMIUM,9.39,845,12,1
2024-01-08,Trentino-Alto Adige,Subito Lavoro,AZ_IT_SUBITO_SPONSORED_ANNUNCI,8.22,658,11,1
2024-01-08,Umbria,Subito Lavoro,AZ_IT_SUBITO_RETARGETING,2.56,356,4,0
2024-01-08,Umbria,Subito Lavoro,AZ_IT_SUBITO_SLOT_PREMIUM,4.52,421,6,0
2024-01-08,Umbria,Subito Lavoro,AZ_IT_SUBITO_SPONSORED_ANNUNCI,5.57,423,7,1
2024-01-08,Valle d'Aosta,Subito Lavoro,AZ_IT_SUBITO_RETARGETING,0.38,57,1,0
2024-01-08,Valle d'Aosta,Subito Lavoro,AZ_IT_SUBITO_SLOT_PREMIUM,0.83,74,1,0
2024-01-08,Valle d'Aosta,Subito Lavoro,AZ_IT_SUBITO_SPONSORED_ANNUNCI,0.79,56,1,0
2024-01-08,Veneto,Subito Lavoro,AZ_IT_SUBITO_RETARGETING,11.31,1577,20,1
2024-01-08,Veneto,Subito Lavoro,AZ_IT_SUBITO_SLOT_PREMIUM,30.50,2824,38,2
2024-01-08,Veneto,Subito Lavoro,AZ_IT_SUBITO_SPONSORED_ANNUNCI,18.06,1444,26,2
2024-01-15,Abruzzo,Subito Lavoro,AZ_IT_SUBITO_RETARGETING,2.73,396,4,0
2024-01-15,Abruzzo,Subito Lavoro,AZ_IT_SUBITO_SLOT_PREMIUM,12.86,1214,16,1
2024-01-15,Abruzzo,Subito Lavoro,AZ_IT_SUBITO_SPONSORED_ANNUNCI,14.10,1127,18,1
2024-01-15,Basilicata,Subito Lavoro,AZ_IT_SUBITO_RETARGETING,1.80,242,3,0
2024-01-15,Basilicata,Subito Lavoro,AZ_IT_SUBITO_SLOT_PREMIUM,4.25,380,5,0
2024-01-15,Basilicata,Subito Lavoro,AZ_IT_SUBITO_SPONSORED_ANNUNCI,3.71,270,5,0
2024-01-15,Calabria,Subito Lavoro,AZ_IT_SUBITO_RETARGETING,5.46,784,9,1
2024-01-15,Calabria,Subito Lavoro,AZ_IT_SUBITO_SLOT_PREMIUM,23.62,2169,32,3
2024-01-15,Calabria,Subito Lavoro,AZ_IT_SUBITO_SPONSORED_ANNUNCI,12.46,955,13,2
2024-01-15,Campania,Subito Lavoro,AZ_IT_SUBITO_RETARGETING,24.17,3508,39,2
2024-01-15,Campania,Subito Lavoro,AZ_IT_SUBITO_SLOT_PREMIUM,26.27,2480,32,2
2024-01-15,Campania,Subito Lavoro,AZ_IT_SUBITO_SPONSORED_ANNUNCI,48.04,3698,70,4
2024-01-15,Emilia-Romagna,Subito Lavoro,AZ_IT_SUBITO_RETARGETING,22.90,3187,42,2
2024-01-15,Emilia-Romagna,Subito Lavoro,AZ_IT_SUBITO_SLOT_PREMIUM,44.69,4069,57,3
2024-01-15,Emilia-Romagna,Subito Lavoro,AZ_IT_SUBITO_SPONSORED_ANNUNCI,36.08,2739,47,4
2024-01-15,Friuli-Venezia Giulia,Subito Lavoro,AZ_IT_SUBITO_RETARGETING,2.61,371,4,0
2024-01-15,Friuli-Venezia Giulia,Subito Lavoro,AZ_IT_SUBITO_SLOT_PREMIUM,8.85,805,11,1
2024-01-15,Friuli-Venezia Giulia,Subito Lavoro,AZ_IT_SUBITO_SPONSORED_ANNUNCI,9.10,707,13,1
2024-01-15,Lazio,Subito Lavoro,AZ_IT_SUBITO_RETARGETING,19.05,2718,33,2
2024-01-15,Lazio,Subito Lavoro,AZ_IT_SUBITO_SLOT_PREMIUM,43.77,3933,57,4
2024-01-15,Lazio,Subito Lavoro,AZ_IT_SUBITO_SPONSORED_ANNUNCI,20.25,1559,27,2
2024-01-15,Liguria,Subito Lavoro,AZ_IT_SUBITO_RETARGETING,4.44,643,9,0
2024-01-15,Liguria,Subito Lavoro,AZ_IT_SUBITO_SLOT_PREMIUM,23.40,2091,27,2
2024-01-15,Liguria,Subito Lavoro,AZ_IT_SUBITO_SPONSORED_ANNUNCI,8.56,656,11,1
2024-01-15,Lombardia,Subito Lavoro,AZ_IT_SUBITO_RETARGETING,36.39,5294,68,3
2024-01-15,Lombardia,Subito Lavoro,AZ_IT_SUBITO_SLOT_PREMIUM,166.52,14586,196,12
2024-01-15,Lombardia,Subito Lavoro,AZ_IT_SUBITO_SPONSORED_ANNUNCI,69.87,5415,87,6
2024-01-15,Marche,Subito Lavoro,AZ_IT_SUBITO_RETARGETING,5.88,851,10,1
2024-01-15,Marche,Subito Lavoro,AZ_IT_SUBITO_SLOT_PREMIUM,16.59,1481,21,2
2024-01-15,Marche,Subito Lavoro,AZ_IT_SUBITO_SPONSORED_ANNUNCI,8.62,700,11,1
2024-01-15,Molise,Subito Lavoro,AZ_IT_SUBITO_RETARGETING,1.02,147,2,0
2024-01-15,Molise,Subito Lavoro,AZ_IT_SUBITO_SLOT_PREMIUM,1.74,157,2,0
2024-01-15,Molise,Subito Lavoro,AZ_IT_SUBITO_SPONSORED_ANNUNCI,2.09,157,2,0
2024-01-15,Piemonte,Subito Lavoro,AZ_IT_SUBITO_RETARGETING,12.54,1750,21,1
2024-01-15,Piemonte,Subito Lavoro,AZ_IT_SUBITO_SLOT_PREMIUM,42.06,3867,48,2
2024-01-15,Piemonte,Subito Lavoro,AZ_IT_SUBITO_SPONSORED_ANNUNCI,28.05,2106,40,2
2024-01-15,Puglia,Subito Lavoro,AZ_IT_SUBITO_RETARGETING,10.58,1448,16,1
2024-01-15,Puglia,Subito Lavoro,AZ_IT_SUBITO_SLOT_PREMIUM,58.64,5522,84,4
2024-01-15,Puglia,Subito Lavoro,AZ_IT_SUBITO_SPONSORED_ANNUNCI,21.02,1657,31,1
2024-01-15,Sardegna,Subito Lavoro,AZ_IT_SUBITO_RETARGETING,6.87,1042,13,1
2024-01-15,Sardegna,Subito Lavoro,AZ_IT_SUBITO_SLOT_PREMIUM,17.79,1556,21,1
2024-01-15,Sardegna,Subito Lavoro,AZ_IT_SUBITO_SPONSORED_ANNUNCI,17.16,1349,25,2
2024-01-15,Sicilia,Subito Lavoro,AZ_IT_SUBITO_RETARGETING,13.01,1879,21,1
2024-01-15,Sicilia,Subito Lavoro,AZ_IT_SUBITO_SLOT_PREMIUM,45.69,4010,55,3
2024-01-15,Sicilia,Subito Lavoro,AZ_IT_SUBITO_SPONSORED_ANNUNCI,27.16,2018,34,3
2024-01-15,Toscana,Subito Lavoro,AZ_IT_SUBITO_RETARGETING,9.64,1331,15,1
2024-01-15,Toscana,Subito Lavoro,AZ_IT_SUBITO_SLOT_PREMIUM,42.15,3990,56,4
2024-01-15,Toscana,Subito Lavoro,AZ_IT_SUBITO_SPONSORED_ANNUNCI,21.04,1582,28,3
2024-01-15,Trentino-Alto Adige,Subito Lavoro,AZ_IT_SUBITO_RETARGETING,4.63,695,8,0
2024-01-15,Trentino-Alto Adige,Subito Lavoro,AZ_IT_SUBITO_SLOT_PREMIUM,10.91,982,15,1
2024-01-15,Trentino-Alto Adige,Subito Lavoro,AZ_IT_SUBITO_SPONSORED_ANNUNCI,8.85,671,11,1
2024-01-15,Umbria,Subito Lavoro,AZ_IT_SUBITO_RETARGETING,2.22,305,4,0
2024-01-15,Umbria,Subito Lavoro,AZ_IT_SUBITO_SLOT_PREMIUM,6.75,625,9,1
2024-01-15,Umbria,Subito Lavoro,AZ_IT_SUBITO_SPONSORED_ANNUNCI,5.48,414,8,1
2024-01-15,Valle d'Aosta,Subito Lavoro,AZ_IT_SUBITO_RETARGETING,0.34,48,1,0
2024-01-15,Valle d'Aosta,Subito Lavoro,AZ_IT_SUBITO_SLOT_PREMIUM,0.93,87,1,0
2024-01-15,Valle d'Aosta,Subito Lavoro,AZ_IT_SUBITO_SPONSORED_ANNUNCI,0.88,66,1,0
2024-01-15,Veneto,Subito Lavoro,AZ_IT_SUBITO_RETARGETING,10.97,1551,16,1
2024-01-15,Veneto,Subito Lavoro,AZ_IT_SUBITO_SLOT_PREMIUM,35.79,3305,40,2
2024-01-15,Veneto,Subito Lavoro,AZ_IT_SUBITO_SPONSORED_ANNUNCI,17.56,1408,23,2
2024-01-22,Abruzzo,Subito Lavoro,AZ_IT_SUBITO_RETARGETING,3.17,463,6,0
2024-01-22,Abruzzo,Subito Lavoro,AZ_IT_SUBITO_SLOT_PREMIUM,15.20,1383,22,1
2024-01-22,Abruzzo,Subito Lavoro,AZ_IT_SUBITO_SPONSORED_ANNUNCI,12.88,969,15,1
2024-01-22,Basilicata,Subito Lavoro,AZ_IT_SUBITO_RETARGETING,1.92,272,4,0
2024-01-22,Basilicata,Subito Lavoro,AZ_IT_SUBITO_SLOT_PREMIUM,4.94,460,6,0
2024-01-22,Basilicata,Subito Lavoro,AZ_IT_SUBITO_SPONSORED_ANNUNCI,3.89,302,5,0
2024-01-22,Calabria,Subito Lavoro,AZ_IT_SUBITO_RETARGETING,5.68,801,9,1
2024-01-22,Calabria,Subito Lavoro,AZ_IT_SUBITO_SLOT_PREMIUM,26.93,2461,30,3
2024-01-22,Calabria,Subito Lavoro,AZ_IT_SUBITO_SPONSORED_ANNUNCI,13.81,1061,17,2
2024-01-22,Campania,Subito Lavoro,AZ_IT_SUBITO_RETARGETING,23.54,3449,40,2
2024-01-22,Campania,Subito Lavoro,AZ_IT_SUBITO_SLOT_PREMIUM,31.30,2810,42,2
2024-01-22,Campania,Subito Lavoro,AZ_IT_SUBITO_SPONSORED_ANNUNCI,57.82,4457,68,4
2024-01-22,Emilia-Romagna,Subito Lavoro,AZ_IT_SUBITO_RETARGETING,23.09,3200,33,2
2024-01-22,Emilia-Romagna,Subito Lavoro,AZ_IT_SUBITO_SLOT_PREMIUM,41.12,3741,49,3
2024-01-22,Emilia-Romagna,Subito Lavoro,AZ_IT_SUBITO_SPONSORED_ANNUNCI,37.26,2894,48,3
2024-01-22,Friuli-Venezia Giulia,Subito Lavoro,AZ_IT_SUBITO_RETARGETING,3.02,422,5,0
2024-01-22,Friuli-Venezia Giulia,Subito Lavoro,AZ_IT_SUBITO_SLOT_PREMIUM,8.67,782,10,1
2024-01-22,Friuli-Venezia Giulia,Subito Lavoro,AZ_IT_SUBITO_SPONSORED_ANNUNCI,9.90,747,13,1
2024-01-22,Lazio,Subito Lavoro,AZ_IT_SUBITO_RETARGETING,19.05,2684,28,2
2024-01-22,Lazio,Subito Lavoro,AZ_IT_SUBITO_SLOT_PREMIUM,52.50,4809,63,5
2024-01-22,Lazio,Subito Lavoro,AZ_IT_SUBITO_SPONSORED_ANNUNCI,20.87,1608,27,3
2024-01-22,Liguria,Subito Lavoro,AZ_IT_SUBITO_RETARGETING,4.04,573,7,0
2024-01-22,Liguria,Subito Lavoro,AZ_IT_SUBITO_SLOT_PREMIUM,22.59,1996,23,2
2024-01-22,Liguria,Subito Lavoro,AZ_IT_SUBITO_SPONSORED_ANNUNCI,8.52,611,10,1
2024-01-22,Lombardia,Subito Lavoro,AZ_IT_SUBITO_RETARGETING,39.33,5252,70,3
2024-01-22,Lombardia,Subito Lavoro,AZ_IT_SUBITO_SLOT_PREMIUM,171.31,16089,219,12
2024-01-22,Lombardia,Subito Lavoro,AZ_IT_SUBITO_SPONSORED_ANNUNCI,75.54,5583,116,7
2024-01-22,Marche,Subito Lavoro,AZ_IT_SUBITO_RETARGETING,5.17,745,10,1
2024-01-22,Marche,Subito Lavoro,AZ_IT_SUBITO_SLOT_PREMIUM,16.72,1519,23,2
2024-01-22,Marche,Subito Lavoro,AZ_IT_SUBITO_SPONSORED_ANNUNCI,8.35,646,11,1
2024-01-22,Molise,Subito Lavoro,AZ_IT_SUBITO_RETARGETING,0.98,138,2,0
2024-01-22,Molise,Subito Lavoro,AZ_IT_SUBITO_SLOT_PREMIUM,2.04,181,3,0
2024-01-22,Molise,Subito Lavoro,AZ_IT_SUBITO_SPONSORED_ANNUNCI,2.34,178,3,0
2024-01-22,Piemonte,Subito Lavoro,AZ_IT_SUBITO_RETARGETING,12.73,1935,24,1
2024-01-22,Piemonte,Subito Lavoro,AZ_IT_SUBITO_SLOT_PREMIUM,43.02,3838,52,3
2024-01-22,Piemonte,Subito Lavoro,AZ_IT_SUBITO_SPONSORED_ANNUNCI,30.07,2225,33,2
2024-01-22,Puglia,Subito Lavoro,AZ_IT_SUBITO_RETARGETING,10.15,1375,18,1
2024-01-22,Puglia,Subito Lavoro,AZ_IT_SUBITO_SLOT_PREMIUM,58.29,5169,69,4
2024-01-22,Puglia,Subito Lavoro,AZ_IT_SUBITO_SPONSORED_ANNUNCI,21.27,1615,22,2
2024-01-22,Sardegna,Subito Lavoro,AZ_IT_SUBITO_RETARGETING,7.48,1047,14,1
2024-01-22,Sardegna,Subito Lavoro,AZ_IT_SUBITO_SLOT_PREMIUM,15.74,1388,19,1
2024-01-22,Sardegna,Subito Lavoro,AZ_IT_SUBITO_SPONSORED_ANNUNCI,15.26,1204,23,1
2024-01-22,Sicilia,Subito Lavoro,AZ_IT_SUBITO_RETARGETING,12.53,1702,18,1
2024-01-22,Sicilia,Subito Lavoro,AZ_IT_SUBITO_SLOT_PREMIUM,49.42,4709,60,4
2024-01-22,Sicilia,Subito Lavoro,AZ_IT_SUBITO_SPONSORED_ANNUNCI,25.58,2089,36,2
2024-01-22,Toscana,Subito Lavoro,AZ_IT_SUBITO_RETARGETING,11.02,1584,19,1
2024-01-22,Toscana,Subito Lavoro,AZ_IT_SUBITO_SLOT_PREMIUM,42.91,4048,58,4
2024-01-22,Toscana,Subito Lavoro,AZ_IT_SUBITO_SPONSORED_ANNUNCI,25.36,1863,34,3
2024-01-22,Trentino-Alto Adige,Subito Lavoro,AZ_IT_SUBITO_RETARGETING,4.08,598,7,0
2024-01-22,Trentino-Alto Adige,Subito Lavoro,AZ_IT_SUBITO_SLOT_PREMIUM,10.13,892,13,1
2024-01-22,Trentino-Alto Adige,Subito Lavoro,AZ_IT_SUBITO_SPONSORED_ANNUNCI,7.70,571,10,1
2024-01-22,Umbria,Subito Lavoro,AZ_IT_SUBITO_RETARGETING,2.58,383,5,0
2024-01-22,Umbria,Subito Lavoro,AZ_IT_SUBITO_SLOT_PREMIUM,7.37,652,10,1
2024-01-22,Umbria,Subito Lavoro,AZ_IT_SUBITO_SPONSORED_ANNUNCI,5.81,472,7,1
2024-01-22,Valle d'Aosta,Subito Lavoro,AZ_IT_SUBITO_RETARGETING,0.37,55,1,0
2024-01-22,Valle d'Aosta,Subito Lavoro,AZ_IT_SUBITO_SLOT_PREMIUM,1.08,96,1,0
2024-01-22,Valle d'Aosta,Subito Lavoro,AZ_IT_SUBITO_SPONSORED_ANNUNCI,0.88,67,1,0
2024-01-22,Veneto,Subito Lavoro,AZ_IT_SUBITO_RETARGETING,14.13,1983,22,1
2024-01-22,Veneto,Subito Lavoro,AZ_IT_SUBITO_SLOT_PREMIUM,37.50,3460,50,3
2024-01-22,Veneto,Subito Lavoro,AZ_IT_SUBITO_SPONSORED_ANNUNCI,20.85,1633,30,2
2024-01-29,Abruzzo,Subito Lavoro,AZ_IT_SUBITO_RETARGETING,2.99,429,6,0
2024-01-29,Abruzzo,Subito Lavoro,AZ_IT_SUBITO_SLOT_PREMIUM,15.60,1427,20,1
2024-01-29,Abruzzo,Subito Lavoro,AZ_IT_SUBITO_SPONSORED_ANNUNCI,14.22,1100,16,1
2024-01-29,Basilicata,Subito Lavoro,AZ_IT_SUBITO_RETARGETING,1.70,236,3,0
2024-01-29,Basilicata,Subito Lavoro,AZ_IT_SUBITO_SLOT_PREMIUM,6.06,557,8,1
2024-01-29,Basilicata,Subito Lavoro,AZ_IT_SUBITO_SPONSORED_ANNUNCI,4.25,331,5,0
2024-01-29,Calabria,Subito Lavoro,AZ_IT_SUBITO_RETARGETING,5.63,836,12,1
2024-01-29,Calabria,Subito Lavoro,AZ_IT_SUBITO_SLOT_PREMIUM,26.51,2342,33,3
2024-01-29,Calabria,Subito Lavoro,AZ_IT_SUBITO_SPONSORED_ANNUNCI,18.03,1346,24,2
2024-01-29,Campania,Subito Lavoro,AZ_IT_SUBITO_RETARGETING,20.40,2900,33,1
2024-01-29,Campania,Subito Lavoro,AZ_IT_SUBITO_SLOT_PREMIUM,29.62,2599,32,2
2024-01-29,Campania,Subito Lavoro,AZ_IT_SUBITO_SPONSORED_ANNUNCI,54.47,4194,66,5
2024-01-29,Emilia-Romagna,Subito Lavoro,AZ_IT_SUBITO_RETARGETING,19.33,2881,34,2
2024-01-29,Emilia-Romagna,Subito Lavoro,AZ_IT_SUBITO_SLOT_PREMIUM,45.42,4063,55,4
2024-01-29,Emilia-Romagna,Subito Lavoro,AZ_IT_SUBITO_SPONSORED_ANNUNCI,39.65,3025,55,4
2024-01-29,Friuli-Venezia Giulia,Subito Lavoro,AZ_IT_SUBITO_RETARGETING,3.00,427,5,0
2024-01-29,Friuli-Venezia Giulia,Subito Lavoro,AZ_IT_SUBITO_SLOT_PREMIUM,10.47,973,14,1
2024-01-29,Friuli-Venezia Giulia,Subito Lavoro,AZ_IT_SUBITO_SPONSORED_ANNUNCI,9.49,747,12,1
2024-01-29,Lazio,Subito Lavoro,AZ_IT_SUBITO_RETARGETING,13.49,1953,23,1
2024-01-29,Lazio,Subito Lavoro,AZ_IT_SUBITO_SLOT_PREMIUM,46.52,4523,65,5
2024-01-29,Lazio,Subito Lavoro,AZ_IT_SUBITO_SPONSORED_ANNUNCI,24.71,1989,29,3
2024-01-29,Liguria,Subito Lavoro,AZ_IT_SUBITO_RETARGETING,3.99,560,6,0
2024-01-29,Liguria,Subito Lavoro,AZ_IT_SUBITO_SLOT_PREMIUM,25.60,2242,30,2
2024-01-29,Liguria,Subito Lavoro,AZ_IT_SUBITO_SPONSORED_ANNUNCI,8.33,629,11,1
2024-01-29,Lombardia,Subito Lavoro,AZ_IT_SUBITO_RETARGETING,34.16,4914,61,4
2024-01-29,Lombardia,Subito Lavoro,AZ_IT_SUBITO_SLOT_PREMIUM,169.54,15989,219,11
2024-01-29,Lombardia,Subito Lavoro,AZ_IT_SUBITO_SPONSORED_ANNUNCI,81.37,6324,115,9
2024-01-29,Marche,Subito Lavoro,AZ_IT_SUBITO_RETARGETING,4.51,660,8,1
2024-01-29,Marche,Subito Lavoro,AZ_IT_SUBITO_SLOT_PREMIUM,15.00,1390,19,2
2024-01-29,Marche,Subito Lavoro,AZ_IT_SUBITO_SPONSORED_ANNUNCI,11.01,849,16,1
2024-01-29,Molise,Subito Lavoro,AZ_IT_SUBITO_RETARGETING,0.93,132,2,0
2024-01-29,Molise,Subito Lavoro,AZ_IT_SUBITO_SLOT_PREMIUM,2.31,205,3,0
2024-01-29,Molise,Subito Lavoro,AZ_IT_SUBITO_SPONSORED_ANNUNCI,2.11,164,3,0
2024-01-29,Piemonte,Subito Lavoro,AZ_IT_SUBITO_RETARGETING,13.66,1915,22,1
2024-01-29,Piemonte,Subito Lavoro,AZ_IT_SUBITO_SLOT_PREMIUM,39.97,3686,55,3
2024-01-29,Piemonte,Subito Lavoro,AZ_IT_SUBITO_SPONSORED_ANNUNCI,31.55,2453,37,2
2024-01-29,Puglia,Subito Lavoro,AZ_IT_SUBITO_RETARGETING,9.31,1323,16,1
2024-01-29,Puglia,Subito Lavoro,AZ_IT_SUBITO_SLOT_PREMIUM,62.23,5690,89,4
2024-01-29,Puglia,Subito Lavoro,AZ_IT_SUBITO_SPONSORED_ANNUNCI,20.64,1632,28,2
2024-01-29,Sardegna,Subito Lavoro,AZ_IT_SUBITO_RETARGETING,6.68,941,12,1
2024-01-29,Sardegna,Subito Lavoro,AZ_IT_SUBITO_SLOT_PREMIUM,17.13,1568,23,1
2024-01-29,Sardegna,Subito Lavoro,AZ_IT_SUBITO_SPONSORED_ANNUNCI,13.23,1000,18,1
2024-01-29,Sicilia,Subito Lavoro,AZ_IT_SUBITO_RETARGETING,9.56,1383,14,1
2024-01-29,Sicilia,Subito Lavoro,AZ_IT_SUBITO_SLOT_PREMIUM,47.54,4419,52,3
2024-01-29,Sicilia,Subito Lavoro,AZ_IT_SUBITO_SPONSORED_ANNUNCI,24.86,1815,32,3
2024-01-29,Toscana,Subito Lavoro,AZ_IT_SUBITO_RETARGETING,10.65,1608,20,2
2024-01-29,Toscana,Subito Lavoro,AZ_IT_SUBITO_SLOT_PREMIUM,40.53,3884,51,4
2024-01-29,Toscana,Subito Lavoro,AZ_IT_SUBITO_SPONSORED_ANNUNCI,23.00,1732,29,4
2024-01-29,Trentino-Alto Adige,Subito Lavoro,AZ_IT_SUBITO_RETARGETING,3.97,536,6,0
2024-01-29,Trentino-Alto Adige,Subito Lavoro,AZ_IT_SUBITO_SLOT_PREMIUM,12.28,1140,16,1
2024-01-29,Trentino-Alto Adige,Subito Lavoro,AZ_IT_SUBITO_SPONSORED_ANNUNCI,6.70,508,10,1
2024-01-29,Umbria,Subito Lavoro,AZ_IT_SUBITO_RETARGETING,2.48,341,4,0
2024-01-29,Umbria,Subito Lavoro,AZ_IT_SUBITO_SLOT_PREMIUM,6.89,629,10,1
2024-01-29,Umbria,Subito Lavoro,AZ_IT_SUBITO_SPONSORED_ANNUNCI,5.38,428,8,1
2024-01-29,Valle d'Aosta,Subito Lavoro,AZ_IT_SUBITO_RETARGETING,0.29,42,1,0
2024-01-29,Valle d'Aosta,Subito Lavoro,AZ_IT_SUBITO_SLOT_PREMIUM,1.09,98,2,0
2024-01-29,Valle d'Aosta,Subito Lavoro,AZ_IT_SUBITO_SPONSORED_ANNUNCI,0.82,64,1,0
2024-01-29,Veneto,Subito Lavoro,AZ_IT_SUBITO_RETARGETING,14.19,2058,25,1
2024-01-29,Veneto,Subito Lavoro,AZ_IT_SUBITO_SLOT_PREMIUM,42.64,3869,59,4
2024-01-29,Veneto,Subito Lavoro,AZ_IT_SUBITO_SPONSORED_ANNUNCI,19.15,1548,24,2
2024-02-05,Abruzzo,Subito Lavoro,AZ_IT_SUBITO_RETARGETING,4.40,602,8,0
2024-02-05,Abruzzo,Subito Lavoro,AZ_IT_SUBITO_SLOT_PREMIUM,19.49,1787,24,1
2024-02-05,Abruzzo,Subito Lavoro,AZ_IT_SUBITO_SPONSORED_ANNUNCI,14.08,1082,18,1
2024-02-05,Basilicata,Subito Lavoro,AZ_IT_SUBITO_RETARGETING,2.55,376,4,0
2024-02-05,Basilicata,Subito Lavoro,AZ_IT_SUBITO_SLOT_PREMIUM,7.37,664,9,1
2024-02-05,Basilicata,Subito Lavoro,AZ_IT_SUBITO_SPONSORED_ANNUNCI,4.05,320,5,0
2024-02-05,Calabria,Subito Lavoro,AZ_IT_SUBITO_RETARGETING,7.13,1046,14,1
2024-02-05,Calabria,Subito Lavoro,AZ_IT_SUBITO_SLOT_PREMIUM,31.20,2906,43,3
2024-02-05,Calabria,Subito Lavoro,AZ_IT_SUBITO_SPONSORED_ANNUNCI,22.07,1700,29,2
2024-02-05,Campania,Subito Lavoro,AZ_IT_SUBITO_RETARGETING,23.25,3469,47,2
2024-02-05,Campania,Subito Lavoro,AZ_IT_SUBITO_SLOT_PREMIUM,34.05,3259,38,2
2024-02-05,Campania,Subito Lavoro,AZ_IT_SUBITO_SPONSORED_ANNUNCI,53.83,4028,67,5
2024-02-05,Emilia-Romagna,Subito Lavoro,AZ_IT_SUBITO_RETARGETING,22.64,3270,40,2
2024-02-05,Emilia-Romagna,Subito Lavoro,AZ_IT_SUBITO_SLOT_PREMIUM,64.82,5630,75,5
2024-02-05,Emilia-Romagna,Subito Lavoro,AZ_IT_SUBITO_SPONSORED_ANNUNCI,40.83,3049,57,3
2024-02-05,Friuli-Venezia Giulia,Subito Lavoro,AZ_IT_SUBITO_RETARGETING,3.60,535,7,0
2024-02-05,Friuli-Venezia Giulia,Subito Lavoro,AZ_IT_SUBITO_SLOT_PREMIUM,11.70,1045,16,1
2024-02-05,Friuli-Venezia Giulia,Subito Lavoro,AZ_IT_SUBITO_SPONSORED_ANNUNCI,10.02,700,11,1
2024-02-05,Lazio,Subito Lavoro,AZ_IT_SUBITO_RETARGETING,22.18,3249,35,3
2024-02-05,Lazio,Subito Lavoro,AZ_IT_SUBITO_SLOT_PREMIUM,60.40,5776,83,6
2024-02-05,Lazio,Subito Lavoro,AZ_IT_SUBITO_SPONSORED_ANNUNCI,24.69,1926,32,3
2024-02-05,Liguria,Subito Lavoro,AZ_IT_SUBITO_RETARGETING,4.62,690,8,0
2024-02-05,Liguria,Subito Lavoro,AZ_IT_SUBITO_SLOT_PREMIUM,25.43,2320,32,1
2024-02-05,Liguria,Subito Lavoro,AZ_IT_SUBITO_SPONSORED_ANNUNCI,7.76,625,11,1
2024-02-05,Lombardia,Subito Lavoro,AZ_IT_SUBITO_RETARGETING,52.12,7327,94,4
2024-02-05,Lombardia,Subito Lavoro,AZ_IT_SUBITO_SLOT_PREMIUM,210.91,19861,283,15
2024-02-05,Lombardia,Subito Lavoro,AZ_IT_SUBITO_SPONSORED_ANNUNCI,75.94,5962,92,7
2024-02-05,Marche,Subito Lavoro,AZ_IT_SUBITO_RETARGETING,6.00,877,12,1
2024-02-05,Marche,Subito Lavoro,AZ_IT_SUBITO_SLOT_PREMIUM,17.61,1553,25,2
2024-02-05,Marche,Subito Lavoro,AZ_IT_SUBITO_SPONSORED_ANNUNCI,11.08,861,14,1
2024-02-05,Molise,Subito Lavoro,AZ_IT_SUBITO_RETARGETING,1.29,181,2,0
2024-02-05,Molise,Subito Lavoro,AZ_IT_SUBITO_SLOT_PREMIUM,2.38,219,3,0
2024-02-05,Molise,Subito Lavoro,AZ_IT_SUBITO_SPONSORED_ANNUNCI,2.14,170,3,0
2024-02-05,Piemonte,Subito Lavoro,AZ_IT_SUBITO_RETARGETING,17.67,2520,32,1
2024-02-05,Piemonte,Subito Lavoro,AZ_IT_SUBITO_SLOT_PREMIUM,46.17,4165,62,3
2024-02-05,Piemonte,Subito Lavoro,AZ_IT_SUBITO_SPONSORED_ANNUNCI,36.66,2739,45,3
2024-02-05,Puglia,Subito Lavoro,AZ_IT_SUBITO_RETARGETING,12.09,1578,21,1
2024-02-05,Puglia,Subito Lavoro,AZ_IT_SUBITO_SLOT_PREMIUM,67.80,6158,93,4
2024-02-05,Puglia,Subito Lavoro,AZ_IT_SUBITO_SPONSORED_ANNUNCI,24.59,1898,31,2
2024-02-05,Sardegna,Subito Lavoro,AZ_IT_SUBITO_RETARGETING,8.36,1183,14,1
2024-02-05,Sardegna,Subito Lavoro,AZ_IT_SUBITO_SLOT_PREMIUM,21.17,1906,32,1
2024-02-05,Sardegna,Subito Lavoro,AZ_IT_SUBITO_SPONSORED_ANNUNCI,17.64,1346,23,1
2024-02-05,Sicilia,Subito Lavoro,AZ_IT_SUBITO_RETARGETING,11.09,1596,18,1
2024-02-05,Sicilia,Subito Lavoro,AZ_IT_SUBITO_SLOT_PREMIUM,56.69,5406,76,4
2024-02-05,Sicilia,Subito Lavoro,AZ_IT_SUBITO_SPONSORED_ANNUNCI,28.66,2241,36,3
2024-02-05,Toscana,Subito Lavoro,AZ_IT_SUBITO_RETARGETING,15.49,2219,27,2
2024-02-05,Toscana,Subito Lavoro,AZ_IT_SUBITO_SLOT_PREMIUM,51.06,4575,66,5
2024-02-05,Toscana,Subito Lavoro,AZ_IT_SUBITO_SPONSORED_ANNUNCI,26.19,1987,34,3
2024-02-05,Trentino-Alto Adige,Subito Lavoro,AZ_IT_SUBITO_RETARGETING,5.67,822,9,1
2024-02-05,Trentino-Alto Adige,Subito Lavoro,AZ_IT_SUBITO_SLOT_PREMIUM,14.12,1328,20,1
2024-02-05,Trentino-Alto Adige,Subito Lavoro,AZ_IT_SUBITO_SPONSORED_ANNUNCI,6.73,546,9,1
2024-02-05,Umbria,Subito Lavoro,AZ_IT_SUBITO_RETARGETING,2.94,430,4,0
2024-02-05,Umbria,Subito Lavoro,AZ_IT_SUBITO_SLOT_PREMIUM,9.57,871,11,1
2024-02-05,Umbria,Subito Lavoro,AZ_IT_SUBITO_SPONSORED_ANNUNCI,5.80,466,8,1
2024-02-05,Valle d'Aosta,Subito Lavoro,AZ_IT_SUBITO_RETARGETING,0.47,65,1,0
2024-02-05,Valle d'Aosta,Subito Lavoro,AZ_IT_SUBITO_SLOT_PREMIUM,1.36,130,2,0
2024-02-05,Valle d'Aosta,Subito Lavoro,AZ_IT_SUBITO_SPONSORED_ANNUNCI,0.85,62,1,0
2024-02-05,Veneto,Subito Lavoro,AZ_IT_SUBITO_RETARGETING,19.30,2885,35,2
2024-02-05,Veneto,Subito Lavoro,AZ_IT_SUBITO_SLOT_PREMIUM,58.09,5382,74,4
2024-02-05,Veneto,Subito Lavoro,AZ_IT_SUBITO_SPONSORED_ANNUNCI,18.72,1532,27,2
2024-02-12,Abruzzo,Subito Lavoro,AZ_IT_SUBITO_RETARGETING,3.95,536,6,0
2024-02-12,Abruzzo,Subito Lavoro,AZ_IT_SUBITO_SLOT_PREMIUM,15.74,1375,18,1
2024-02-12,Abruzzo,Subito Lavoro,AZ_IT_SUBITO_SPONSORED_ANNUNCI,19.34,1498,25,1
2024-02-12,Basilicata,Subito Lavoro,AZ_IT_SUBITO_RETARGETING,3.33,480,6,0
2024-02-12,Basilicata,Subito Lavoro,AZ_IT_SUBITO_SLOT_PREMIUM,7.56,690,10,1
2024-02-12,Basilicata,Subito Lavoro,AZ_IT_SUBITO_SPONSORED_ANNUNCI,4.05,313,6,0
2024-02-12,Calabria,Subito Lavoro,AZ_IT_SUBITO_RETARGETING,8.11,1063,13,1
2024-02-12,Calabria,Subito Lavoro,AZ_IT_SUBITO_SLOT_PREMIUM,31.20,2823,36,3
2024-02-12,Calabria,Subito Lavoro,AZ_IT_SUBITO_SPONSORED_ANNUNCI,25.07,1964,35,3
2024-02-12,Campania,Subito Lavoro,AZ_IT_SUBITO_RETARGETING,32.06,4776,62,2
2024-02-12,Campania,Subito Lavoro,AZ_IT_SUBITO_SLOT_PREMIUM,35.36,3275,45,2
2024-02-12,Campania,Subito Lavoro,AZ_IT_SUBITO_SPONSORED_ANNUNCI,68.28,5391,86,6
2024-02-12,Emilia-Romagna,Subito Lavoro,AZ_IT_SUBITO_RETARGETING,26.71,3734,47,2
2024-02-12,Emilia-Romagna,Subito Lavoro,AZ_IT_SUBITO_SLOT_PREMIUM,70.08,6407,92,5
2024-02-12,Emilia-Romagna,Subito Lavoro,AZ_IT_SUBITO_SPONSORED_ANNUNCI,45.93,3391,61,4
2024-02-12,Friuli-Venezia Giulia,Subito Lavoro,AZ_IT_SUBITO_RETARGETING,4.09,614,7,1
2024-02-12,Friuli-Venezia Giulia,Subito Lavoro,AZ_IT_SUBITO_SLOT_PREMIUM,12.05,1046,13,1
2024-02-12,Friuli-Venezia Giulia,Subito Lavoro,AZ_IT_SUBITO_SPONSORED_ANNUNCI,9.23,730,12,1
2024-02-12,Lazio,Subito Lavoro,AZ_IT_SUBITO_RETARGETING,25.50,3434,44,3
2024-02-12,Lazio,Subito Lavoro,AZ_IT_SUBITO_SLOT_PREMIUM,61.67,5551,79,5
2024-02-12,Lazio,Subito Lavoro,AZ_IT_SUBITO_SPONSORED_ANNUNCI,29.03,2209,39,3
2024-02-12,Liguria,Subito Lavoro,AZ_IT_SUBITO_RETARGETING,5.11,771,10,0
2024-02-12,Liguria,Subito Lavoro,AZ_IT_SUBITO_SLOT_PREMIUM,28.21,2531,32,2
2024-02-12,Liguria,Subito Lavoro,AZ_IT_SUBITO_SPONSORED_ANNUNCI,8.36,685,12,1
2024-02-12,Lombardia,Subito Lavoro,AZ_IT_SUBITO_RETARGETING,54.69,7777,93,4
2024-02-12,Lombardia,Subito Lavoro,AZ_IT_SUBITO_SLOT_PREMIUM,244.91,22266,315,16
2024-02-12,Lombardia,Subito Lavoro,AZ_IT_SUBITO_SPONSORED_ANNUNCI,100.20,7201,124,7
2024-02-12,Marche,Subito Lavoro,AZ_IT_SUBITO_RETARGETING,7.44,1047,14,1
2024-02-12,Marche,Subito Lavoro,AZ_IT_SUBITO_SLOT_PREMIUM,18.19,1670,24,2
2024-02-12,Marche,Subito Lavoro,AZ_IT_SUBITO_SPONSORED_ANNUNCI,12.66,967,17,2
2024-02-12,Molise,Subito Lavoro,AZ_IT_SUBITO_RETARGETING,1.46,206,3,0
2024-02-12,Molise,Subito Lavoro,AZ_IT_SUBITO_SLOT_PREMIUM,2.50,232,3,0
2024-02-12,Molise,Subito Lavoro,AZ_IT_SUBITO_SPONSORED_ANNUNCI,2.48,187,3,0
2024-02-12,Piemonte,Subito Lavoro,AZ_IT_SUBITO_RETARGETING,17.97,2673,34,1
2024-02-12,Piemonte,Subito Lavoro,AZ_IT_SUBITO_SLOT_PREMIUM,53.45,4943,69,3
2024-02-12,Piemonte,Subito Lavoro,AZ_IT_SUBITO_SPONSORED_ANNUNCI,38.82,3004,49,3
2024-02-12,Puglia,Subito Lavoro,AZ_IT_SUBITO_RETARGETING,13.14,1785,21,1
2024-02-12,Puglia,Subito Lavoro,AZ_IT_SUBITO_SLOT_PREMIUM,71.31,6016,91,4
2024-02-12,Puglia,Subito Lavoro,AZ_IT_SUBITO_SPONSORED_ANNUNCI,27.52,2102,34,2
2024-02-12,Sardegna,Subito Lavoro,AZ_IT_SUBITO_RETARGETING,10.43,1520,16,1
2024-02-12,Sardegna,Subito Lavoro,AZ_IT_SUBITO_SLOT_PREMIUM,23.31,2154,26,1
2024-02-12,Sardegna,Subito Lavoro,AZ_IT_SUBITO_SPONSORED_ANNUNCI,20.02,1518,25,2
2024-02-12,Sicilia,Subito Lavoro,AZ_IT_SUBITO_RETARGETING,11.88,1747,22,1
2024-02-12,Sicilia,Subito Lavoro,AZ_IT_SUBITO_SLOT_PREMIUM,54.15,5125,71,4
2024-02-12,Sicilia,Subito Lavoro,AZ_IT_SUBITO_SPONSORED_ANNUNCI,31.64,2310,43,3
2024-02-12,Toscana,Subito Lavoro,AZ_IT_SUBITO_RETARGETING,18.42,2627,32,2
2024-02-12,Toscana,Subito Lavoro,AZ_IT_SUBITO_SLOT_PREMIUM,53.06,4848,71,5
2024-02-12,Toscana,Subito Lavoro,AZ_IT_SUBITO_SPONSORED_ANNUNCI,34.48,2618,46,4
2024-02-12,Trentino-Alto Adige,Subito Lavoro,AZ_IT_SUBITO_RETARGETING,5.21,736,8,1
2024-02-12,Trentino-Alto Adige,Subito Lavoro,AZ_IT_SUBITO_SLOT_PREMIUM,13.96,1246,20,1
2024-02-12,Trentino-Alto Adige,Subito Lavoro,AZ_IT_SUBITO_SPONSORED_ANNUNCI,7.38,581,10,1
2024-02-12,Umbria,Subito Lavoro,AZ_IT_SUBITO_RETARGETING,3.19,455,6,0
2024-02-12,Umbria,Subito Lavoro,AZ_IT_SUBITO_SLOT_PREMIUM,9.02,798,11,1
2024-02-12,Umbria,Subito Lavoro,AZ_IT_SUBITO_SPONSORED_ANNUNCI,7.32,570,10,1
2024-02-12,Valle d'Aosta,Subito Lavoro,AZ_IT_SUBITO_RETARGETING,0.58,82,1,0
2024-02-12,Valle d'Aosta,Subito Lavoro,AZ_IT_SUBITO_SLOT_PREMIUM,1.38,129,2,0
2024-02-12,Valle d'Aosta,Subito Lavoro,AZ_IT_SUBITO_SPONSORED_ANNUNCI,0.91,69,1,0
2024-02-12,Veneto,Subito Lavoro,AZ_IT_SUBITO_RETARGETING,24.61,3400,41,2
2024-02-12,Veneto,Subito Lavoro,AZ_IT_SUBITO_SLOT_PREMIUM,50.14,4606,71,4
2024-02-12,Veneto,Subito Lavoro,AZ_IT_SUBITO_SPONSORED_ANNUNCI,20.80,1567,25,2
2024-02-19,Abruzzo,Subito Lavoro,AZ_IT_SUBITO_RETARGETING,3.57,518,6,0
2024-02-19,Abruzzo,Subito Lavoro,AZ_IT_SUBITO_SLOT_PREMIUM,13.00,1162,16,1
2024-02-19,Abruzzo,Subito Lavoro,AZ_IT_SUBITO_SPONSORED_ANNUNCI,18.56,1397,25,2
2024-02-19,Basilicata,Subito Lavoro,AZ_IT_SUBITO_RETARGETING,3.09,451,5,0
2024-02-19,Basilicata,Subito Lavoro,AZ_IT_SUBITO_SLOT_PREMIUM,6.08,555,8,1
2024-02-19,Basilicata,Subito Lavoro,AZ_IT_SUBITO_SPONSORED_ANNUNCI,4.26,319,6,0
2024-02-19,Calabria,Subito Lavoro,AZ_IT_SUBITO_RETARGETING,6.29,894,10,1
2024-02-19,Calabria,Subito Lavoro,AZ_IT_SUBITO_SLOT_PREMIUM,25.19,2263,34,3
2024-02-19,Calabria,Subito Lavoro,AZ_IT_SUBITO_SPONSORED_ANNUNCI,20.46,1551,28,3
2024-02-19,Campania,Subito Lavoro,AZ_IT_SUBITO_RETARGETING,27.20,3851,47,2
2024-02-19,Campania,Subito Lavoro,AZ_IT_SUBITO_SLOT_PREMIUM,34.06,3057,47,2
2024-02-19,Campania,Subito Lavoro,AZ_IT_SUBITO_SPONSORED_ANNUNCI,56.01,4351,72,6
2024-02-19,Emilia-Romagna,Subito Lavoro,AZ_IT_SUBITO_RETARGETING,25.03,3625,42,2
2024-02-19,Emilia-Romagna,Subito Lavoro,AZ_IT_SUBITO_SLOT_PREMIUM,52.30,4760,64,4
2024-02-19,Emilia-Romagna,Subito Lavoro,AZ_IT_SUBITO_SPONSORED_ANNUNCI,48.82,3782,60,4
2024-02-19,Friuli-Venezia Giulia,Subito Lavoro,AZ_IT_SUBITO_RETARGETING,3.61,518,6,0
2024-02-19,Friuli-Venezia Giulia,Subito Lavoro,AZ_IT_SUBITO_SLOT_PREMIUM,11.68,1068,14,1
2024-02-19,Friuli-Venezia Giulia,Subito Lavoro,AZ_IT_SUBITO_SPONSORED_ANNUNCI,9.06,682,12,1
2024-02-19,Lazio,Subito Lavoro,AZ_IT_SUBITO_RETARGETING,21.69,3013,35,2
2024-02-19,Lazio,Subito Lavoro,AZ_IT_SUBITO_SLOT_PREMIUM,45.26,4023,49,4
2024-02-19,Lazio,Subito Lavoro,AZ_IT_SUBITO_SPONSORED_ANNUNCI,30.25,2234,38,3
2024-02-19,Liguria,Subito Lavoro,AZ_IT_SUBITO_RETARGETING,4.90,657,8,0
2024-02-19,Liguria,Subito Lavoro,AZ_IT_SUBITO_SLOT_PREMIUM,21.94,1973,27,1
2024-02-19,Liguria,Subito Lavoro,AZ_IT_SUBITO_SPONSORED_ANNUNCI,9.90,796,13,1
2024-02-19,Lombardia,Subito Lavoro,AZ_IT_SUBITO_RETARGETING,42.63,6053,71,4
2024-02-19,Lombardia,Subito Lavoro,AZ_IT_SUBITO_SLOT_PREMIUM,191.54,18311,262,11
2024-02-19,Lombardia,Subito Lavoro,AZ_IT_SUBITO_SPONSORED_ANNUNCI,91.50,6941,115,9
2024-02-19,Marche,Subito Lavoro,AZ_IT_SUBITO_RETARGETING,6.64,934,11,1
2024-02-19,Marche,Subito Lavoro,AZ_IT_SUBITO_SLOT_PREMIUM,17.97,1589,24,2
2024-02-19,Marche,Subito Lavoro,AZ_IT_SUBITO_SPONSORED_ANNUNCI,12.43,930,17,2
2024-02-19,Molise,Subito Lavoro,AZ_IT_SUBITO_RETARGETING,1.51,207,2,0
2024-02-19,Molise,Subito Lavoro,AZ_IT_SUBITO_SLOT_PREMIUM,1.95,178,3,0
2024-02-19,Molise,Subito Lavoro,AZ_IT_SUBITO_SPONSORED_ANNUNCI,2.23,172,3,0
2024-02-19,Piemonte,Subito Lavoro,AZ_IT_SUBITO_RETARGETING,17.87,2634,32,1
2024-02-19,Piemonte,Subito Lavoro,AZ_IT_SUBITO_SLOT_PREMIUM,49.55,4585,66,3
2024-02-19,Piemonte,Subito Lavoro,AZ_IT_SUBITO_SPONSORED_ANNUNCI,46.95,3569,57,3
2024-02-19,Puglia,Subito Lavoro,AZ_IT_SUBITO_RETARGETING,14.03,1921,24,1
2024-02-19,Puglia,Subito Lavoro,AZ_IT_SUBITO_SLOT_PREMIUM,65.97,5892,77,3
2024-02-19,Puglia,Subito Lavoro,AZ_IT_SUBITO_SPONSORED_ANNUNCI,31.13,2481,50,2
2024-02-19,Sardegna,Subito Lavoro,AZ_IT_SUBITO_RETARGETING,9.03,1260,16,1
2024-02-19,Sardegna,Subito Lavoro,AZ_IT_SUBITO_SLOT_PREMIUM,19.26,1723,21,1
2024-02-19,Sardegna,Subito Lavoro,AZ_IT_SUBITO_SPONSORED_ANNUNCI,19.71,1482,28,2
2024-02-19,Sicilia,Subito Lavoro,AZ_IT_SUBITO_RETARGETING,12.38,1817,21,1
2024-02-19,Sicilia,Subito Lavoro,AZ_IT_SUBITO_SLOT_PREMIUM,45.45,4044,62,3
2024-02-19,Sicilia,Subito Lavoro,AZ_IT_SUBITO_SPONSORED_ANNUNCI,33.89,2519,42,3
2024-02-19,Toscana,Subito Lavoro,AZ_IT_SUBITO_RETARGETING,14.13,2072,25,2
2024-02-19,Toscana,Subito Lavoro,AZ_IT_SUBITO_SLOT_PREMIUM,45.11,3978,58,4
2024-02-19,Toscana,Subito Lavoro,AZ_IT_SUBITO_SPONSORED_ANNUNCI,28.93,2222,43,4
2024-02-19,Trentino-Alto Adige,Subito Lavoro,AZ_IT_SUBITO_RETARGETING,5.98,806,9,1
2024-02-19,Trentino-Alto Adige,Subito Lavoro,AZ_IT_SUBITO_SLOT_PREMIUM,11.07,1050,16,1
2024-02-19,Trentino-Alto Adige,Subito Lavoro,AZ_IT_SUBITO_SPONSORED_ANNUNCI,7.49,573,9,1
2024-02-19,Umbria,Subito Lavoro,AZ_IT_SUBITO_RETARGETING,2.71,385,5,0
2024-02-19,Umbria,Subito Lavoro,AZ_IT_SUBITO_SLOT_PREMIUM,7.05,632,8,1
2024-02-19,Umbria,Subito Lavoro,AZ_IT_SUBITO_SPONSORED_ANNUNCI,8.27,624,10,1
2024-02-19,Valle d'Aosta,Subito Lavoro,AZ_IT_SUBITO_RETARGETING,0.59,82,1,0
2024-02-19,Valle d'Aosta,Subito Lavoro,AZ_IT_SUBITO_SLOT_PREMIUM,1.09,99,1,0
2024-02-19,Valle d'Aosta,Subito Lavoro,AZ_IT_SUBITO_SPONSORED_ANNUNCI,0.94,71,1,0
2024-02-19,Veneto,Subito Lavoro,AZ_IT_SUBITO_RETARGETING,21.12,3184,41,2
2024-02-19,Veneto,Subito Lavoro,AZ_IT_SUBITO_SLOT_PREMIUM,39.12,3460,45,4
2024-02-19,Veneto,Subito Lavoro,AZ_IT_SUBITO_SPONSORED_ANNUNCI,22.30,1743,32,2
2024-02-26,Abruzzo,Subito Lavoro,AZ_IT_SUBITO_RETARGETING,4.68,705,9,0
2024-02-26,Abruzzo,Subito Lavoro,AZ_IT_SUBITO_SLOT_PREMIUM,19.49,1792,24,1
2024-02-26,Abruzzo,Subito Lavoro,AZ_IT_SUBITO_SPONSORED_ANNUNCI,17.97,1431,23,1
2024-02-26,Basilicata,Subito Lavoro,AZ_IT_SUBITO_RETARGETING,3.14,440,5,0
2024-02-26,Basilicata,Subito Lavoro,AZ_IT_SUBITO_SLOT_PREMIUM,8.91,796,12,1
2024-02-26,Basilicata,Subito Lavoro,AZ_IT_SUBITO_SPONSORED_ANNUNCI,5.44,403,7,0
2024-02-26,Calabria,Subito Lavoro,AZ_IT_SUBITO_RETARGETING,7.73,1083,12,1
2024-02-26,Calabria,Subito Lavoro,AZ_IT_SUBITO_SLOT_PREMIUM,29.32,2725,41,3
2024-02-26,Calabria,Subito Lavoro,AZ_IT_SUBITO_SPONSORED_ANNUNCI,21.86,1668,27,3
2024-02-26,Campania,Subito Lavoro,AZ_IT_SUBITO_RETARGETING,36.43,5215,56,3
2024-02-26,Campania,Subito Lavoro,AZ_IT_SUBITO_SLOT_PREMIUM,42.12,3724,54,3
2024-02-26,Campania,Subito Lavoro,AZ_IT_SUBITO_SPONSORED_ANNUNCI,62.00,4861,84,5
2024-02-26,Emilia-Romagna,Subito Lavoro,AZ_IT_SUBITO_RETARGETING,31.47,4638,65,3
2024-02-26,Emilia-Romagna,Subito Lavoro,AZ_IT_SUBITO_SLOT_PREMIUM,75.86,7230,96,5
2024-02-26,Emilia-Romagna,Subito Lavoro,AZ_IT_SUBITO_SPONSORED_ANNUNCI,49.84,3944,68,4
2024-02-26,Friuli-Venezia Giulia,Subito Lavoro,AZ_IT_SUBITO_RETARGETING,4.25,619,8,1
2024-02-26,Friuli-Venezia Giulia,Subito Lavoro,AZ_IT_SUBITO_SLOT_PREMIUM,14.46,1291,18,1
2024-02-26,Friuli-Venezia Giulia,Subito Lavoro,AZ_IT_SUBITO_SPONSORED_ANNUNCI,13.29,1060,17,1
2024-02-26,Lazio,Subito Lavoro,AZ_IT_SUBITO_RETARGETING,25.09,3466,41,3
2024-02-26,Lazio,Subito Lavoro,AZ_IT_SUBITO_SLOT_PREMIUM,65.71,6031,87,6
2024-02-26,Lazio,Subito Lavoro,AZ_IT_SUBITO_SPONSORED_ANNUNCI,35.01,2583,45,4
2024-02-26,Liguria,Subito Lavoro,AZ_IT_SUBITO_RETARGETING,6.14,906,11,0
2024-02-26,Liguria,Subito Lavoro,AZ_IT_SUBITO_SLOT_PREMIUM,28.81,2647,34,2
2024-02-26,Liguria,Subito Lavoro,AZ_IT_SUBITO_SPONSORED_ANNUNCI,10.97,838,13,1
2024-02-26,Lombardia,Subito Lavoro,AZ_IT_SUBITO_RETARGETING,50.66,7166,80,3
2024-02-26,Lombardia,Subito Lavoro,AZ_IT_SUBITO_SLOT_PREMIUM,279.87,26111,354,18
2024-02-26,Lombardia,Subito Lavoro,AZ_IT_SUBITO_SPONSORED_ANNUNCI,113.49,8826,138,8
2024-02-26,Marche,Subito Lavoro,AZ_IT_SUBITO_RETARGETING,8.20,1128,14,1
2024-02-26,Marche,Subito Lavoro,AZ_IT_SUBITO_SLOT_PREMIUM,23.30,2026,28,3
2024-02-26,Marche,Subito Lavoro,AZ_IT_SUBITO_SPONSORED_ANNUNCI,11.54,858,14,1
2024-02-26,Molise,Subito Lavoro,AZ_IT_SUBITO_RETARGETING,1.64,245,3,0
2024-02-26,Molise,Subito Lavoro,AZ_IT_SUBITO_SLOT_PREMIUM,2.84,251,4,0
2024-02-26,Molise,Subito Lavoro,AZ_IT_SUBITO_SPONSORED_ANNUNCI,2.94,226,4,0
2024-02-26,Piemonte,Subito Lavoro,AZ_IT_SUBITO_RETARGETING,21.49,3189,37,1
2024-02-26,Piemonte,Subito Lavoro,AZ_IT_SUBITO_SLOT_PREMIUM,65.48,5887,85,3
2024-02-26,Piemonte,Subito Lavoro,AZ_IT_SUBITO_SPONSORED_ANNUNCI,48.52,3542,55,4
2024-02-26,Puglia,Subito Lavoro,AZ_IT_SUBITO_RETARGETING,14.09,1945,24,1
2024-02-26,Puglia,Subito Lavoro,AZ_IT_SUBITO_SLOT_PREMIUM,73.31,6889,86,4
2024-02-26,Puglia,Subito Lavoro,AZ_IT_SUBITO_SPONSORED_ANNUNCI,34.14,2546,48,2
2024-02-26,Sardegna,Subito Lavoro,AZ_IT_SUBITO_RETARGETING,10.44,1523,19,1
2024-02-26,Sardegna,Subito Lavoro,AZ_IT_SUBITO_SLOT_PREMIUM,20.39,1843,23,1
2024-02-26,Sardegna,Subito Lavoro,AZ_IT_SUBITO_SPONSORED_ANNUNCI,20.49,1495,25,2
2024-02-26,Sicilia,Subito Lavoro,AZ_IT_SUBITO_RETARGETING,13.76,2042,25,1
2024-02-26,Sicilia,Subito Lavoro,AZ_IT_SUBITO_SLOT_PREMIUM,54.19,5176,66,4
2024-02-26,Sicilia,Subito Lavoro,AZ_IT_SUBITO_SPONSORED_ANNUNCI,39.93,3003,50,4
2024-02-26,Toscana,Subito Lavoro,AZ_IT_SUBITO_RETARGETING,18.79,2767,37,2
2024-02-26,Toscana,Subito Lavoro,AZ_IT_SUBITO_SLOT_PREMIUM,57.64,5561,82,6
2024-02-26,Toscana,Subito Lavoro,AZ_IT_SUBITO_SPONSORED_ANNUNCI,32.50,2293,38,4
2024-02-26,Trentino-Alto Adige,Subito Lavoro,AZ_IT_SUBITO_RETARGETING,7.03,986,12,1
2024-02-26,Trentino-Alto Adige,Subito Lavoro,AZ_IT_SUBITO_SLOT_PREMIUM,14.77,1341,18,1
2024-02-26,Trentino-Alto Adige,Subito Lavoro,AZ_IT_SUBITO_SPONSORED_ANNUNCI,8.97,706,12,1
2024-02-26,Umbria,Subito Lavoro,AZ_IT_SUBITO_RETARGETING,2.74,379,4,0
2024-02-26,Umbria,Subito Lavoro,AZ_IT_SUBITO_SLOT_PREMIUM,10.27,994,13,1
2024-02-26,Umbria,Subito Lavoro,AZ_IT_SUBITO_SPONSORED_ANNUNCI,7.89,611,9,1
2024-02-26,Valle d'Aosta,Subito Lavoro,AZ_IT_SUBITO_RETARGETING,0.54,77,1,0
2024-02-26,Valle d'Aosta,Subito Lavoro,AZ_IT_SUBITO_SLOT_PREMIUM,1.32,119,1,0
2024-02-26,Valle d'Aosta,Subito Lavoro,AZ_IT_SUBITO_SPONSORED_ANNUNCI,1.17,89,2,0
2024-02-26,Veneto,Subito Lavoro,AZ_IT_SUBITO_RETARGETING,20.46,2869,34,2
2024-02-26,Veneto,Subito Lavoro,AZ_IT_SUBITO_SLOT_PREMIUM,46.69,4275,63,4
2024-02-26,Veneto,Subito Lavoro,AZ_IT_SUBITO_SPONSORED_ANNUNCI,25.66,1910,37,3
2024-03-04,Abruzzo,Subito Lavoro,AZ_IT_SUBITO_RETARGETING,5.65,740,9,0
2024-03-04,Abruzzo,Subito Lavoro,AZ_IT_SUBITO_SLOT_PREMIUM,20.48,1882,26,1
2024-03-04,Abruzzo,Subito Lavoro,AZ_IT_SUBITO_SPONSORED_ANNUNCI,17.22,1239,20,1
2024-03-04,Basilicata,Subito Lavoro,AZ_IT_SUBITO_RETARGETING,3.98,575,7,0
2024-03-04,Basilicata,Subito Lavoro,AZ_IT_SUBITO_SLOT_PREMIUM,10.64,1007,16,1
2024-03-04,Basilicata,Subito Lavoro,AZ_IT_SUBITO_SPONSORED_ANNUNCI,4.77,370,6,0
2024-03-04,Calabria,Subito Lavoro,AZ_IT_SUBITO_RETARGETING,7.53,1034,12,1
2024-03-04,Calabria,Subito Lavoro,AZ_IT_SUBITO_SLOT_PREMIUM,36.56,3432,38,3
2024-03-04,Calabria,Subito Lavoro,AZ_IT_SUBITO_SPONSORED_ANNUNCI,22.06,1644,29,3
2024-03-04,Campania,Subito Lavoro,AZ_IT_SUBITO_RETARGETING,39.58,5590,60,4
2024-03-04,Campania,Subito Lavoro,AZ_IT_SUBITO_SLOT_PREMIUM,44.20,4012,51,3
2024-03-04,Campania,Subito Lavoro,AZ_IT_SUBITO_SPONSORED_ANNUNCI,59.03,4509,74,5
2024-03-04,Emilia-Romagna,Subito Lavoro,AZ_IT_SUBITO_RETARGETING,33.41,4891,62,2
2024-03-04,Emilia-Romagna,Subito Lavoro,AZ_IT_SUBITO_SLOT_PREMIUM,85.79,7663,110,5
2024-03-04,Emilia-Romagna,Subito Lavoro,AZ_IT_SUBITO_SPONSORED_ANNUNCI,50.32,3954,65,4
2024-03-04,Friuli-Venezia Giulia,Subito Lavoro,AZ_IT_SUBITO_RETARGETING,5.22,766,9,1
2024-03-04,Friuli-Venezia Giulia,Subito Lavoro,AZ_IT_SUBITO_SLOT_PREMIUM,15.06,1385,22,1
2024-03-04,Friuli-Venezia Giulia,Subito Lavoro,AZ_IT_SUBITO_SPONSORED_ANNUNCI,11.17,813,14,2
2024-03-04,Lazio,Subito Lavoro,AZ_IT_SUBITO_RETARGETING,29.34,4281,57,3
2024-03-04,Lazio,Subito Lavoro,AZ_IT_SUBITO_SLOT_PREMIUM,64.83,6006,77,6
2024-03-04,Lazio,Subito Lavoro,AZ_IT_SUBITO_SPONSORED_ANNUNCI,35.56,2742,42,4
2024-03-04,Liguria,Subito Lavoro,AZ_IT_SUBITO_RETARGETING,7.55,1109,14,1
2024-03-04,Liguria,Subito Lavoro,AZ_IT_SUBITO_SLOT_PREMIUM,33.75,3184,38,2
2024-03-04,Liguria,Subito Lavoro,AZ_IT_SUBITO_SPONSORED_ANNUNCI,9.66,742,13,1
2024-03-04,Lombardia,Subito Lavoro,AZ_IT_SUBITO_RETARGETING,50.04,7338,90,4
2024-03-04,Lombardia,Subito Lavoro,AZ_IT_SUBITO_SLOT_PREMIUM,278.23,26539,369,20
2024-03-04,Lombardia,Subito Lavoro,AZ_IT_SUBITO_SPONSORED_ANNUNCI,95.42,8114,133,8
2024-03-04,Marche,Subito Lavoro,AZ_IT_SUBITO_RETARGETING,8.30,1223,13,1
2024-03-04,Marche,Subito Lavoro,AZ_IT_SUBITO_SLOT_PREMIUM,27.87,2514,33,3
2024-03-04,Marche,Subito Lavoro,AZ_IT_SUBITO_SPONSORED_ANNUNCI,11.06,836,12,1
2024-03-04,Molise,Subito Lavoro,AZ_IT_SUBITO_RETARGETING,1.71,242,3,0
2024-03-04,Molise,Subito Lavoro,AZ_IT_SUBITO_SLOT_PREMIUM,3.13,280,4,0
2024-03-04,Molise,Subito Lavoro,AZ_IT_SUBITO_SPONSORED_ANNUNCI,2.02,145,2,0
2024-03-04,Piemonte,Subito Lavoro,AZ_IT_SUBITO_RETARGETING,23.34,3311,34,2
2024-03-04,Piemonte,Subito Lavoro,AZ_IT_SUBITO_SLOT_PREMIUM,75.89,6999,110,4
2024-03-04,Piemonte,Subito Lavoro,AZ_IT_SUBITO_SPONSORED_ANNUNCI,44.06,3320,55,3
2024-03-04,Puglia,Subito Lavoro,AZ_IT_SUBITO_RETARGETING,17.83,2416,29,1
2024-03-04,Puglia,Subito Lavoro,AZ_IT_SUBITO_SLOT_PREMIUM,98.78,8634,116,5
2024-03-04,Puglia,Subito Lavoro,AZ_IT_SUBITO_SPONSORED_ANNUNCI,28.35,2067,37,2
2024-03-04,Sardegna,Subito Lavoro,AZ_IT_SUBITO_RETARGETING,10.11,1434,16,1
2024-03-04,Sardegna,Subito Lavoro,AZ_IT_SUBITO_SLOT_PREMIUM,22.56,2147,30,2
2024-03-04,Sardegna,Subito Lavoro,AZ_IT_SUBITO_SPONSORED_ANNUNCI,18.02,1443,27,1
2024-03-04,Sicilia,Subito Lavoro,AZ_IT_SUBITO_RETARGETING,15.94,2166,26,1
2024-03-04,Sicilia,Subito Lavoro,AZ_IT_SUBITO_SLOT_PREMIUM,59.95,5318,73,4
2024-03-04,Sicilia,Subito Lavoro,AZ_IT_SUBITO_SPONSORED_ANNUNCI,39.29,3165,57,3
2024-03-04,Toscana,Subito Lavoro,AZ_IT_SUBITO_RETARGETING,21.48,2979,36,3
2024-03-04,Toscana,Subito Lavoro,AZ_IT_SUBITO_SLOT_PREMIUM,70.09,6394,93,6
2024-03-04,Toscana,Subito Lavoro,AZ_IT_SUBITO_SPONSORED_ANNUNCI,30.66,2339,41,4
2024-03-04,Trentino-Alto Adige,Subito Lavoro,AZ_IT_SUBITO_RETARGETING,8.97,1341,15,1
2024-03-04,Trentino-Alto Adige,Subito Lavoro,AZ_IT_SUBITO_SLOT_PREMIUM,16.90,1475,20,1
2024-03-04,Trentino-Alto Adige,Subito Lavoro,AZ_IT_SUBITO_SPONSORED_ANNUNCI,7.97,622,11,1
2024-03-04,Umbria,Subito Lavoro,AZ_IT_SUBITO_RETARGETING,3.18,441,5,0
2024-03-04,Umbria,Subito Lavoro,AZ_IT_SUBITO_SLOT_PREMIUM,12.36,1100,14,1
2024-03-04,Umbria,Subito Lavoro,AZ_IT_SUBITO_SPONSORED_ANNUNCI,7.14,552,9,1
2024-03-04,Valle d'Aosta,Subito Lavoro,AZ_IT_SUBITO_RETARGETING,0.71,103,1,0
2024-03-04,Valle d'Aosta,Subito Lavoro,AZ_IT_SUBITO_SLOT_PREMIUM,1.73,160,2,0
2024-03-04,Valle d'Aosta,Subito Lavoro,AZ_IT_SUBITO_SPONSORED_ANNUNCI,1.02,78,1,0
2024-03-04,Veneto,Subito Lavoro,AZ_IT_SUBITO_RETARGETING,22.55,3048,37,2
2024-03-04,Veneto,Subito Lavoro,AZ_IT_SUBITO_SLOT_PREMIUM,47.07,4156,53,4
2024-03-04,Veneto,Subito Lavoro,AZ_IT_SUBITO_SPONSORED_ANNUNCI,23.90,1767,32,2
2024-03-11,Abruzzo,Subito Lavoro,AZ_IT_SUBITO_RETARGETING,7.21,1076,13,1
2024-03-11,Abruzzo,Subito Lavoro,AZ_IT_SUBITO_SLOT_PREMIUM,22.91,2058,28,1
2024-03-11,Abruzzo,Subito Lavoro,AZ_IT_SUBITO_SPONSORED_ANNUNCI,14.92,1169,19,1
2024-03-11,Basilicata,Subito Lavoro,AZ_IT_SUBITO_RETARGETING,3.76,561,7,0
2024-03-11,Basilicata,Subito Lavoro,AZ_IT_SUBITO_SLOT_PREMIUM,10.43,996,14,1
2024-03-11,Basilicata,Subito Lavoro,AZ_IT_SUBITO_SPONSORED_ANNUNCI,4.92,380,6,0
2024-03-11,Calabria,Subito Lavoro,AZ_IT_SUBITO_RETARGETING,7.63,1039,12,1
2024-03-11,Calabria,Subito Lavoro,AZ_IT_SUBITO_SLOT_PREMIUM,38.18,3520,44,3
2024-03-11,Calabria,Subito Lavoro,AZ_IT_SUBITO_SPONSORED_ANNUNCI,16.70,1379,23,2
2024-03-11,Campania,Subito Lavoro,AZ_IT_SUBITO_RETARGETING,44.40,6558,75,3
2024-03-11,Campania,Subito Lavoro,AZ_IT_SUBITO_SLOT_PREMIUM,50.25,4518,68,3
2024-03-11,Campania,Subito Lavoro,AZ_IT_SUBITO_SPONSORED_ANNUNCI,59.96,4602,70,5
2024-03-11,Emilia-Romagna,Subito Lavoro,AZ_IT_SUBITO_RETARGETING,32.34,4518,60,3
2024-03-11,Emilia-Romagna,Subito Lavoro,AZ_IT_SUBITO_SLOT_PREMIUM,83.83,7307,97,6
2024-03-11,Emilia-Romagna,Subito Lavoro,AZ_IT_SUBITO_SPONSORED_ANNUNCI,38.80,3025,56,3
2024-03-11,Friuli-Venezia Giulia,Subito Lavoro,AZ_IT_SUBITO_RETARGETING,5.96,823,9,1
2024-03-11,Friuli-Venezia Giulia,Subito Lavoro,AZ_IT_SUBITO_SLOT_PREMIUM,18.26,1722,22,2
2024-03-11,Friuli-Venezia Giulia,Subito Lavoro,AZ_IT_SUBITO_SPONSORED_ANNUNCI,9.96,770,13,1
2024-03-11,Lazio,Subito Lavoro,AZ_IT_SUBITO_RETARGETING,31.19,4402,56,3
2024-03-11,Lazio,Subito Lavoro,AZ_IT_SUBITO_SLOT_PREMIUM,72.17,6895,107,6
2024-03-11,Lazio,Subito Lavoro,AZ_IT_SUBITO_SPONSORED_ANNUNCI,33.99,2574,39,4
2024-03-11,Liguria,Subito Lavoro,AZ_IT_SUBITO_RETARGETING,9.17,1305,15,1
2024-03-11,Liguria,Subito Lavoro,AZ_IT_SUBITO_SLOT_PREMIUM,33.72,2861,41,2
2024-03-11,Liguria,Subito Lavoro,AZ_IT_SUBITO_SPONSORED_ANNUNCI,8.52,658,9,1
2024-03-11,Lombardia,Subito Lavoro,AZ_IT_SUBITO_RETARGETING,55.69,8286,101,4
2024-03-11,Lombardia,Subito Lavoro,AZ_IT_SUBITO_SLOT_PREMIUM,254.88,22200,295,19
2024-03-11,Lombardia,Subito Lavoro,AZ_IT_SUBITO_SPONSORED_ANNUNCI,91.68,7010,132,8
2024-03-11,Marche,Subito Lavoro,AZ_IT_SUBITO_RETARGETING,9.04,1281,17,1
2024-03-11,Marche,Subito Lavoro,AZ_IT_SUBITO_SLOT_PREMIUM,26.59,2479,34,3
2024-03-11,Marche,Subito Lavoro,AZ_IT_SUBITO_SPONSORED_ANNUNCI,10.62,786,14,2
2024-03-11,Molise,Subito Lavoro,AZ_IT_SUBITO_RETARGETING,2.00,290,3,0
2024-03-11,Molise,Subito Lavoro,AZ_IT_SUBITO_SLOT_PREMIUM,3.58,319,5,0
2024-03-11,Molise,Subito Lavoro,AZ_IT_SUBITO_SPONSORED_ANNUNCI,1.87,148,2,0
2024-03-11,Piemonte,Subito Lavoro,AZ_IT_SUBITO_RETARGETING,23.27,3346,42,2
2024-03-11,Piemonte,Subito Lavoro,AZ_IT_SUBITO_SLOT_PREMIUM,63.53,5942,84,4
2024-03-11,Piemonte,Subito Lavoro,AZ_IT_SUBITO_SPONSORED_ANNUNCI,40.27,3044,54,3
2024-03-11,Puglia,Subito Lavoro,AZ_IT_SUBITO_RETARGETING,20.73,2902,35,1
2024-03-11,Puglia,Subito Lavoro,AZ_IT_SUBITO_SLOT_PREMIUM,114.56,10242,147,5
2024-03-11,Puglia,Subito Lavoro,AZ_IT_SUBITO_SPONSORED_ANNUNCI,30.51,2404,38,2
2024-03-11,Sardegna,Subito Lavoro,AZ_IT_SUBITO_RETARGETING,11.28,1560,19,1
2024-03-11,Sardegna,Subito Lavoro,AZ_IT_SUBITO_SLOT_PREMIUM,24.39,2308,32,2
2024-03-11,Sardegna,Subito Lavoro,AZ_IT_SUBITO_SPONSORED_ANNUNCI,17.53,1348,23,1
2024-03-11,Sicilia,Subito Lavoro,AZ_IT_SUBITO_RETARGETING,20.81,3054,37,2
2024-03-11,Sicilia,Subito Lavoro,AZ_IT_SUBITO_SLOT_PREMIUM,49.93,4353,68,3
2024-03-11,Sicilia,Subito Lavoro,AZ_IT_SUBITO_SPONSORED_ANNUNCI,31.67,2462,40,3
2024-03-11,Toscana,Subito Lavoro,AZ_IT_SUBITO_RETARGETING,20.43,3127,39,2
2024-03-11,Toscana,Subito Lavoro,AZ_IT_SUBITO_SLOT_PREMIUM,77.00,6943,100,8
2024-03-11,Toscana,Subito Lavoro,AZ_IT_SUBITO_SPONSORED_ANNUNCI,26.78,2069,32,3
2024-03-11,Trentino-Alto Adige,Subito Lavoro,AZ_IT_SUBITO_RETARGETING,7.99,1130,13,1
2024-03-11,Trentino-Alto Adige,Subito Lavoro,AZ_IT_SUBITO_SLOT_PREMIUM,18.68,1684,24,2
2024-03-11,Trentino-Alto Adige,Subito Lavoro,AZ_IT_SUBITO_SPONSORED_ANNUNCI,7.07,567,10,1
2024-03-11,Umbria,Subito Lavoro,AZ_IT_SUBITO_RETARGETING,4.16,577,7,1
2024-03-11,Umbria,Subito Lavoro,AZ_IT_SUBITO_SLOT_PREMIUM,11.46,1064,14,1
2024-03-11,Umbria,Subito Lavoro,AZ_IT_SUBITO_SPONSORED_ANNUNCI,6.22,497,9,1
2024-03-11,Valle d'Aosta,Subito Lavoro,AZ_IT_SUBITO_RETARGETING,0.69,98,1,0
2024-03-11,Valle d'Aosta,Subito Lavoro,AZ_IT_SUBITO_SLOT_PREMIUM,1.77,161,2,0
2024-03-11,Valle d'Aosta,Subito Lavoro,AZ_IT_SUBITO_SPONSORED_ANNUNCI,1.02,79,1,0
2024-03-11,Veneto,Subito Lavoro,AZ_IT_SUBITO_RETARGETING,27.92,4118,52,3
2024-03-11,Veneto,Subito Lavoro,AZ_IT_SUBITO_SLOT_PREMIUM,57.18,5157,65,5
2024-03-11,Veneto,Subito Lavoro,AZ_IT_SUBITO_SPONSORED_ANNUNCI,24.07,1903,34,2
2024-03-18,Abruzzo,Subito Lavoro,AZ_IT_SUBITO_RETARGETING,5.51,776,11,0
2024-03-18,Abruzzo,Subito Lavoro,AZ_IT_SUBITO_SLOT_PREMIUM,22.41,2015,30,1
2024-03-18,Abruzzo,Subito Lavoro,AZ_IT_SUBITO_SPONSORED_ANNUNCI,16.62,1282,22,1
2024-03-18,Basilicata,Subito Lavoro,AZ_IT_SUBITO_RETARGETING,3.13,435,6,0
2024-03-18,Basilicata,Subito Lavoro,AZ_IT_SUBITO_SLOT_PREMIUM,8.41,721,10,1
2024-03-18,Basilicata,Subito Lavoro,AZ_IT_SUBITO_SPONSORED_ANNUNCI,3.58,278,4,0
2024-03-18,Calabria,Subito Lavoro,AZ_IT_SUBITO_RETARGETING,6.27,887,11,1
2024-03-18,Calabria,Subito Lavoro,AZ_IT_SUBITO_SLOT_PREMIUM,36.81,3302,47,3
2024-03-18,Calabria,Subito Lavoro,AZ_IT_SUBITO_SPONSORED_ANNUNCI,17.41,1419,23,2
2024-03-18,Campania,Subito Lavoro,AZ_IT_SUBITO_RETARGETING,37.11,5278,61,3
2024-03-18,Campania,Subito Lavoro,AZ_IT_SUBITO_SLOT_PREMIUM,44.39,3938,59,3
2024-03-18,Campania,Subito Lavoro,AZ_IT_SUBITO_SPONSORED_ANNUNCI,59.28,4533,81,5
2024-03-18,Emilia-Romagna,Subito Lavoro,AZ_IT_SUBITO_RETARGETING,25.30,3602,38,2
2024-03-18,Emilia-Romagna,Subito Lavoro,AZ_IT_SUBITO_SLOT_PREMIUM,77.34,7133,108,6
2024-03-18,Emilia-Romagna,Subito Lavoro,AZ_IT_SUBITO_SPONSORED_ANNUNCI,45.01,3569,61,4
2024-03-18,Friuli-Venezia Giulia,Subito Lavoro,AZ_IT_SUBITO_RETARGETING,3.97,586,6,1
2024-03-18,Friuli-Venezia Giulia,Subito Lavoro,AZ_IT_SUBITO_SLOT_PREMIUM,12.74,1136,14,1
2024-03-18,Friuli-Venezia Giulia,Subito Lavoro,AZ_IT_SUBITO_SPONSORED_ANNUNCI,11.05,863,14,1
2024-03-18,Lazio,Subito Lavoro,AZ_IT_SUBITO_RETARGETING,29.70,4342,42,3
2024-03-18,Lazio,Subito Lavoro,AZ_IT_SUBITO_SLOT_PREMIUM,73.72,6844,92,7
2024-03-18,Lazio,Subito Lavoro,AZ_IT_SUBITO_SPONSORED_ANNUNCI,29.18,2240,37,3
2024-03-18,Liguria,Subito Lavoro,AZ_IT_SUBITO_RETARGETING,6.29,903,11,0
2024-03-18,Liguria,Subito Lavoro,AZ_IT_SUBITO_SLOT_PREMIUM,25.58,2291,32,2
2024-03-18,Liguria,Subito Lavoro,AZ_IT_SUBITO_SPONSORED_ANNUNCI,9.01,698,13,1
2024-03-18,Lombardia,Subito Lavoro,AZ_IT_SUBITO_RETARGETING,43.22,5840,66,3
2024-03-18,Lombardia,Subito Lavoro,AZ_IT_SUBITO_SLOT_PREMIUM,200.11,18096,233,13
2024-03-18,Lombardia,Subito Lavoro,AZ_IT_SUBITO_SPONSORED_ANNUNCI,97.85,7582,135,8
2024-03-18,Marche,Subito Lavoro,AZ_IT_SUBITO_RETARGETING,7.24,964,12,1
2024-03-18,Marche,Subito Lavoro,AZ_IT_SUBITO_SLOT_PREMIUM,25.11,2282,33,3
2024-03-18,Marche,Subito Lavoro,AZ_IT_SUBITO_SPONSORED_ANNUNCI,11.37,882,15,2
2024-03-18,Molise,Subito Lavoro,AZ_IT_SUBITO_RETARGETING,1.30,185,2,0
2024-03-18,Molise,Subito Lavoro,AZ_IT_SUBITO_SLOT_PREMIUM,2.98,266,4,0
2024-03-18,Molise,Subito Lavoro,AZ_IT_SUBITO_SPONSORED_ANNUNCI,2.18,170,3,0
2024-03-18,Piemonte,Subito Lavoro,AZ_IT_SUBITO_RETARGETING,19.22,2741,32,1
2024-03-18,Piemonte,Subito Lavoro,AZ_IT_SUBITO_SLOT_PREMIUM,58.10,5298,72,3
2024-03-18,Piemonte,Subito Lavoro,AZ_IT_SUBITO_SPONSORED_ANNUNCI,44.53,3443,58,3
2024-03-18,Puglia,Subito Lavoro,AZ_IT_SUBITO_RETARGETING,15.42,2253,26,1
2024-03-18,Puglia,Subito Lavoro,AZ_IT_SUBITO_SLOT_PREMIUM,82.96,7198,105,5
2024-03-18,Puglia,Subito Lavoro,AZ_IT_SUBITO_SPONSORED_ANNUNCI,29.03,2256,40,2
2024-03-18,Sardegna,Subito Lavoro,AZ_IT_SUBITO_RETARGETING,9.70,1459,19,1
2024-03-18,Sardegna,Subito Lavoro,AZ_IT_SUBITO_SLOT_PREMIUM,19.86,1830,26,1
2024-03-18,Sardegna,Subito Lavoro,AZ_IT_SUBITO_SPONSORED_ANNUNCI,16.53,1309,23,2
2024-03-18,Sicilia,Subito Lavoro,AZ_IT_SUBITO_RETARGETING,14.36,2034,25,1
2024-03-18,Sicilia,Subito Lavoro,AZ_IT_SUBITO_SLOT_PREMIUM,45.88,4190,54,4
2024-03-18,Sicilia,Subito Lavoro,AZ_IT_SUBITO_SPONSORED_ANNUNCI,30.42,2413,36,3
2024-03-18,Toscana,Subito Lavoro,AZ_IT_SUBITO_RETARGETING,14.40,2020,24,2
2024-03-18,Toscana,Subito Lavoro,AZ_IT_SUBITO_SLOT_PREMIUM,53.08,4897,68,6
2024-03-18,Toscana,Subito Lavoro,AZ_IT_SUBITO_SPONSORED_ANNUNCI,31.15,2442,41,4
2024-03-18,Trentino-Alto Adige,Subito Lavoro,AZ_IT_SUBITO_RETARGETING,6.28,860,10,1
2024-03-18,Trentino-Alto Adige,Subito Lavoro,AZ_IT_SUBITO_SLOT_PREMIUM,17.55,1652,21,1
2024-03-18,Trentino-Alto Adige,Subito Lavoro,AZ_IT_SUBITO_SPONSORED_ANNUNCI,8.09,654,11,1
2024-03-18,Umbria,Subito Lavoro,AZ_IT_SUBITO_RETARGETING,3.57,527,7,0
2024-03-18,Umbria,Subito Lavoro,AZ_IT_SUBITO_SLOT_PREMIUM,9.66,930,13,1
2024-03-18,Umbria,Subito Lavoro,AZ_IT_SUBITO_SPONSORED_ANNUNCI,6.51,496,7,1
2024-03-18,Valle d'Aosta,Subito Lavoro,AZ_IT_SUBITO_RETARGETING,0.57,80,1,0
2024-03-18,Valle d'Aosta,Subito Lavoro,AZ_IT_SUBITO_SLOT_PREMIUM,1.36,122,2,0
2024-03-18,Valle d'Aosta,Subito Lavoro,AZ_IT_SUBITO_SPONSORED_ANNUNCI,1.04,78,1,0
2024-03-18,Veneto,Subito Lavoro,AZ_IT_SUBITO_RETARGETING,18.38,2610,34,2
2024-03-18,Veneto,Subito Lavoro,AZ_IT_SUBITO_SLOT_PREMIUM,50.16,4457,65,4
2024-03-18,Veneto,Subito Lavoro,AZ_IT_SUBITO_SPONSORED_ANNUNCI,25.28,1950,29,3
2024-03-25,Abruzzo,Subito Lavoro,AZ_IT_SUBITO_RETARGETING,5.13,749,9,0
2024-03-25,Abruzzo,Subito Lavoro,AZ_IT_SUBITO_SLOT_PREMIUM,24.81,2226,31,1
2024-03-25,Abruzzo,Subito Lavoro,AZ_IT_SUBITO_SPONSORED_ANNUNCI,17.54,1323,27,1
2024-03-25,Basilicata,Subito Lavoro,AZ_IT_SUBITO_RETARGETING,2.78,383,5,0
2024-03-25,Basilicata,Subito Lavoro,AZ_IT_SUBITO_SLOT_PREMIUM,9.87,937,13,1
2024-03-25,Basilicata,Subito Lavoro,AZ_IT_SUBITO_SPONSORED_ANNUNCI,3.94,315,6,0
2024-03-25,Calabria,Subito Lavoro,AZ_IT_SUBITO_RETARGETING,5.61,778,10,1
2024-03-25,Calabria,Subito Lavoro,AZ_IT_SUBITO_SLOT_PREMIUM,39.26,3464,51,4
2024-03-25,Calabria,Subito Lavoro,AZ_IT_SUBITO_SPONSORED_ANNUNCI,19.81,1401,22,2
2024-03-25,Campania,Subito Lavoro,AZ_IT_SUBITO_RETARGETING,37.41,5259,66,3
2024-03-25,Campania,Subito Lavoro,AZ_IT_SUBITO_SLOT_PREMIUM,48.90,4787,64,4
2024-03-25,Campania,Subito Lavoro,AZ_IT_SUBITO_SPONSORED_ANNUNCI,55.81,4226,83,5
2024-03-25,Emilia-Romagna,Subito Lavoro,AZ_IT_SUBITO_RETARGETING,23.07,3179,41,2
2024-03-25,Emilia-Romagna,Subito Lavoro,AZ_IT_SUBITO_SLOT_PREMIUM,80.76,7371,96,6
2024-03-25,Emilia-Romagna,Subito Lavoro,AZ_IT_SUBITO_SPONSORED_ANNUNCI,51.46,3741,69,4
2024-03-25,Friuli-Venezia Giulia,Subito Lavoro,AZ_IT_SUBITO_RETARGETING,4.26,581,7,1
2024-03-25,Friuli-Venezia Giulia,Subito Lavoro,AZ_IT_SUBITO_SLOT_PREMIUM,18.36,1686,26,2
2024-03-25,Friuli-Venezia Giulia,Subito Lavoro,AZ_IT_SUBITO_SPONSORED_ANNUNCI,9.67,748,13,1
2024-03-25,Lazio,Subito Lavoro,AZ_IT_SUBITO_RETARGETING,27.25,3913,50,3
2024-03-25,Lazio,Subito Lavoro,AZ_IT_SUBITO_SLOT_PREMIUM,83.64,7959,106,7
2024-03-25,Lazio,Subito Lavoro,AZ_IT_SUBITO_SPONSORED_ANNUNCI,32.45,2411,42,4
2024-03-25,Liguria,Subito Lavoro,AZ_IT_SUBITO_RETARGETING,6.04,874,10,0
2024-03-25,Liguria,Subito Lavoro,AZ_IT_SUBITO_SLOT_PREMIUM,29.31,2636,34,2
2024-03-25,Liguria,Subito Lavoro,AZ_IT_SUBITO_SPONSORED_ANNUNCI,10.84,835,14,1
2024-03-25,Lombardia,Subito Lavoro,AZ_IT_SUBITO_RETARGETING,44.44,6455,85,4
2024-03-25,Lombardia,Subito Lavoro,AZ_IT_SUBITO_SLOT_PREMIUM,258.07,23742,342,18
2024-03-25,Lombardia,Subito Lavoro,AZ_IT_SUBITO_SPONSORED_ANNUNCI,104.15,8384,140,9
2024-03-25,Marche,Subito Lavoro,AZ_IT_SUBITO_RETARGETING,6.42,946,12,1
2024-03-25,Marche,Subito Lavoro,AZ_IT_SUBITO_SLOT_PREMIUM,34.52,3255,42,3
2024-03-25,Marche,Subito Lavoro,AZ_IT_SUBITO_SPONSORED_ANNUNCI,11.82,906,16,1
2024-03-25,Molise,Subito Lavoro,AZ_IT_SUBITO_RETARGETING,1.42,210,2,0
2024-03-25,Molise,Subito Lavoro,AZ_IT_SUBITO_SLOT_PREMIUM,3.50,309,5,0
2024-03-25,Molise,Subito Lavoro,AZ_IT_SUBITO_SPONSORED_ANNUNCI,1.86,148,3,0
2024-03-25,Piemonte,Subito Lavoro,AZ_IT_SUBITO_RETARGETING,14.99,2129,27,1
2024-03-25,Piemonte,Subito Lavoro,AZ_IT_SUBITO_SLOT_PREMIUM,64.19,5551,75,4
2024-03-25,Piemonte,Subito Lavoro,AZ_IT_SUBITO_SPONSORED_ANNUNCI,39.19,3112,56,3
2024-03-25,Puglia,Subito Lavoro,AZ_IT_SUBITO_RETARGETING,15.14,2180,28,1
2024-03-25,Puglia,Subito Lavoro,AZ_IT_SUBITO_SLOT_PREMIUM,83.42,7633,104,4
2024-03-25,Puglia,Subito Lavoro,AZ_IT_SUBITO_SPONSORED_ANNUNCI,30.76,2430,46,2
2024-03-25,Sardegna,Subito Lavoro,AZ_IT_SUBITO_RETARGETING,10.58,1546,19,1
2024-03-25,Sardegna,Subito Lavoro,AZ_IT_SUBITO_SLOT_PREMIUM,23.67,2076,30,2
2024-03-25,Sardegna,Subito Lavoro,AZ_IT_SUBITO_SPONSORED_ANNUNCI,17.08,1247,22,2
2024-03-25,Sicilia,Subito Lavoro,AZ_IT_SUBITO_RETARGETING,15.46,2219,26,1
2024-03-25,Sicilia,Subito Lavoro,AZ_IT_SUBITO_SLOT_PREMIUM,50.00,4603,72,3
2024-03-25,Sicilia,Subito Lavoro,AZ_IT_SUBITO_SPONSORED_ANNUNCI,31.10,2495,41,3
2024-03-25,Toscana,Subito Lavoro,AZ_IT_SUBITO_RETARGETING,14.09,2072,22,2
2024-03-25,Toscana,Subito Lavoro,AZ_IT_SUBITO_SLOT_PREMIUM,63.66,5757,82,6
2024-03-25,Toscana,Subito Lavoro,AZ_IT_SUBITO_SPONSORED_ANNUNCI,24.57,1874,36,3
2024-03-25,Trentino-Alto Adige,Subito Lavoro,AZ_IT_SUBITO_RETARGETING,6.79,945,11,1
2024-03-25,Trentino-Alto Adige,Subito Lavoro,AZ_IT_SUBITO_SLOT_PREMIUM,15.58,1459,21,1
2024-03-25,Trentino-Alto Adige,Subito Lavoro,AZ_IT_SUBITO_SPONSORED_ANNUNCI,8.12,636,12,1
2024-03-25,Umbria,Subito Lavoro,AZ_IT_SUBITO_RETARGETING,3.05,438,6,0
2024-03-25,Umbria,Subito Lavoro,AZ_IT_SUBITO_SLOT_PREMIUM,11.64,1088,15,1
2024-03-25,Umbria,Subito Lavoro,AZ_IT_SUBITO_SPONSORED_ANNUNCI,6.66,515,8,1
2024-03-25,Valle d'Aosta,Subito Lavoro,AZ_IT_SUBITO_RETARGETING,0.55,83,1,0
2024-03-25,Valle d'Aosta,Subito Lavoro,AZ_IT_SUBITO_SLOT_PREMIUM,1.37,118,2,0
2024-03-25,Valle d'Aosta,Subito Lavoro,AZ_IT_SUBITO_SPONSORED_ANNUNCI,1.02,77,1,0
2024-03-25,Veneto,Subito Lavoro,AZ_IT_SUBITO_RETARGETING,18.52,2580,30,2
2024-03-25,Veneto,Subito Lavoro,AZ_IT_SUBITO_SLOT_PREMIUM,59.02,5302,77,4
2024-03-25,Veneto,Subito Lavoro,AZ_IT_SUBITO_SPONSORED_ANNUNCI,25.30,1892,35,2
2024-04-15,Abruzzo,Subito Lavoro,AZ_IT_SUBITO_RETARGETING,3.25,464,6,0
2024-04-15,Abruzzo,Subito Lavoro,AZ_IT_SUBITO_SLOT_PREMIUM,17.84,1607,22,1
2024-04-15,Abruzzo,Subito Lavoro,AZ_IT_SUBITO_SPONSORED_ANNUNCI,13.44,1041,19,1
2024-04-15,Basilicata,Subito Lavoro,AZ_IT_SUBITO_RETARGETING,2.37,335,4,0
2024-04-15,Basilicata,Subito Lavoro,AZ_IT_SUBITO_SLOT_PREMIUM,6.81,577,8,0
2024-04-15,Basilicata,Subito Lavoro,AZ_IT_SUBITO_SPONSORED_ANNUNCI,3.77,303,5,0
2024-04-15,Calabria,Subito Lavoro,AZ_IT_SUBITO_RETARGETING,5.82,826,9,1
2024-04-15,Calabria,Subito Lavoro,AZ_IT_SUBITO_SLOT_PREMIUM,31.50,2907,38,2
2024-04-15,Calabria,Subito Lavoro,AZ_IT_SUBITO_SPONSORED_ANNUNCI,13.57,1021,17,2
2024-04-15,Campania,Subito Lavoro,AZ_IT_SUBITO_RETARGETING,18.80,2792,32,1
2024-04-15,Campania,Subito Lavoro,AZ_IT_SUBITO_SLOT_PREMIUM,48.70,4248,64,3
2024-04-15,Campania,Subito Lavoro,AZ_IT_SUBITO_SPONSORED_ANNUNCI,45.22,3371,56,3
2024-04-15,Emilia-Romagna,Subito Lavoro,AZ_IT_SUBITO_RETARGETING,18.12,2681,30,1
2024-04-15,Emilia-Romagna,Subito Lavoro,AZ_IT_SUBITO_SLOT_PREMIUM,51.91,4804,61,3
2024-04-15,Emilia-Romagna,Subito Lavoro,AZ_IT_SUBITO_SPONSORED_ANNUNCI,33.59,2674,47,3
2024-04-15,Friuli-Venezia Giulia,Subito Lavoro,AZ_IT_SUBITO_RETARGETING,3.01,443,5,0
2024-04-15,Friuli-Venezia Giulia,Subito Lavoro,AZ_IT_SUBITO_SLOT_PREMIUM,12.43,1078,15,1
2024-04-15,Friuli-Venezia Giulia,Subito Lavoro,AZ_IT_SUBITO_SPONSORED_ANNUNCI,5.91,481,8,1
2024-04-15,Lazio,Subito Lavoro,AZ_IT_SUBITO_RETARGETING,22.70,3335,41,2
2024-04-15,Lazio,Subito Lavoro,AZ_IT_SUBITO_SLOT_PREMIUM,48.60,4514,60,4
2024-04-15,Lazio,Subito Lavoro,AZ_IT_SUBITO_SPONSORED_ANNUNCI,26.58,2006,36,3
2024-04-15,Liguria,Subito Lavoro,AZ_IT_SUBITO_RETARGETING,5.17,719,8,0
2024-04-15,Liguria,Subito Lavoro,AZ_IT_SUBITO_SLOT_PREMIUM,31.84,2876,44,1
2024-04-15,Liguria,Subito Lavoro,AZ_IT_SUBITO_SPONSORED_ANNUNCI,6.56,510,7,1
2024-04-15,Lombardia,Subito Lavoro,AZ_IT_SUBITO_RETARGETING,22.66,3158,42,2
2024-04-15,Lombardia,Subito Lavoro,AZ_IT_SUBITO_SLOT_PREMIUM,185.35,16766,232,10
2024-04-15,Lombardia,Subito Lavoro,AZ_IT_SUBITO_SPONSORED_ANNUNCI,77.88,6101,101,7
2024-04-15,Marche,Subito Lavoro,AZ_IT_SUBITO_RETARGETING,5.56,791,8,1
2024-04-15,Marche,Subito Lavoro,AZ_IT_SUBITO_SLOT_PREMIUM,27.20,2519,35,2
2024-04-15,Marche,Subito Lavoro,AZ_IT_SUBITO_SPONSORED_ANNUNCI,6.05,468,8,1
2024-04-15,Molise,Subito Lavoro,AZ_IT_SUBITO_RETARGETING,1.06,151,2,0
2024-04-15,Molise,Subito Lavoro,AZ_IT_SUBITO_SLOT_PREMIUM,2.94,274,4,0
2024-04-15,Molise,Subito Lavoro,AZ_IT_SUBITO_SPONSORED_ANNUNCI,1.22,96,2,0
2024-04-15,Piemonte,Subito Lavoro,AZ_IT_SUBITO_RETARGETING,15.32,2146,24,1
2024-04-15,Piemonte,Subito Lavoro,AZ_IT_SUBITO_SLOT_PREMIUM,45.87,4182,60,2
2024-04-15,Piemonte,Subito Lavoro,AZ_IT_SUBITO_SPONSORED_ANNUNCI,33.91,2599,41,2
2024-04-15,Puglia,Subito Lavoro,AZ_IT_SUBITO_RETARGETING,14.52,2109,25,1
2024-04-15,Puglia,Subito Lavoro,AZ_IT_SUBITO_SLOT_PREMIUM,79.38,7214,100,4
2024-04-15,Puglia,Subito Lavoro,AZ_IT_SUBITO_SPONSORED_ANNUNCI,25.46,1807,31,2
2024-04-15,Sardegna,Subito Lavoro,AZ_IT_SUBITO_RETARGETING,7.35,1071,14,0
2024-04-15,Sardegna,Subito Lavoro,AZ_IT_SUBITO_SLOT_PREMIUM,17.52,1569,20,1
2024-04-15,Sardegna,Subito Lavoro,AZ_IT_SUBITO_SPONSORED_ANNUNCI,14.50,1113,20,1
2024-04-15,Sicilia,Subito Lavoro,AZ_IT_SUBITO_RETARGETING,10.61,1458,17,1
2024-04-15,Sicilia,Subito Lavoro,AZ_IT_SUBITO_SLOT_PREMIUM,45.94,4226,58,2
2024-04-15,Sicilia,Subito Lavoro,AZ_IT_SUBITO_SPONSORED_ANNUNCI,27.47,2163,38,2
2024-04-15,Toscana,Subito Lavoro,AZ_IT_SUBITO_RETARGETING,11.23,1653,19,1
2024-04-15,Toscana,Subito Lavoro,AZ_IT_SUBITO_SLOT_PREMIUM,51.38,4868,73,4
2024-04-15,Toscana,Subito Lavoro,AZ_IT_SUBITO_SPONSORED_ANNUNCI,18.44,1441,24,3
2024-04-15,Trentino-Alto Adige,Subito Lavoro,AZ_IT_SUBITO_RETARGETING,3.73,535,6,0
2024-04-15,Trentino-Alto Adige,Subito Lavoro,AZ_IT_SUBITO_SLOT_PREMIUM,13.72,1267,18,1
2024-04-15,Trentino-Alto Adige,Subito Lavoro,AZ_IT_SUBITO_SPONSORED_ANNUNCI,6.21,471,8,1
2024-04-15,Umbria,Subito Lavoro,AZ_IT_SUBITO_RETARGETING,2.79,404,5,0
2024-04-15,Umbria,Subito Lavoro,AZ_IT_SUBITO_SLOT_PREMIUM,11.46,1006,12,1
2024-04-15,Umbria,Subito Lavoro,AZ_IT_SUBITO_SPONSORED_ANNUNCI,3.90,310,5,0
2024-04-15,Valle d'Aosta,Subito Lavoro,AZ_IT_SUBITO_RETARGETING,0.42,63,1,0
2024-04-15,Valle d'Aosta,Subito Lavoro,AZ_IT_SUBITO_SLOT_PREMIUM,1.55,141,2,0
2024-04-15,Valle d'Aosta,Subito Lavoro,AZ_IT_SUBITO_SPONSORED_ANNUNCI,0.84,64,1,0
2024-04-15,Veneto,Subito Lavoro,AZ_IT_SUBITO_RETARGETING,12.80,1877,22,1
2024-04-15,Veneto,Subito Lavoro,AZ_IT_SUBITO_SLOT_PREMIUM,46.78,4170,58,3
2024-04-15,Veneto,Subito Lavoro,AZ_IT_SUBITO_SPONSORED_ANNUNCI,16.06,1251,23,1
2024-04-22,Abruzzo,Subito Lavoro,AZ_IT_SUBITO_RETARGETING,3.75,546,6,0
2024-04-22,Abruzzo,Subito Lavoro,AZ_IT_SUBITO_SLOT_PREMIUM,18.32,1610,24,1
2024-04-22,Abruzzo,Subito Lavoro,AZ_IT_SUBITO_SPONSORED_ANNUNCI,14.54,1099,17,1
2024-04-22,Basilicata,Subito Lavoro,AZ_IT_SUBITO_RETARGETING,2.39,352,4,0
2024-04-22,Basilicata,Subito Lavoro,AZ_IT_SUBITO_SLOT_PREMIUM,7.94,716,11,1
2024-04-22,Basilicata,Subito Lavoro,AZ_IT_SUBITO_SPONSORED_ANNUNCI,4.48,341,6,1
2024-04-22,Calabria,Subito Lavoro,AZ_IT_SUBITO_RETARGETING,6.10,861,11,1
2024-04-22,Calabria,Subito Lavoro,AZ_IT_SUBITO_SLOT_PREMIUM,35.91,3304,44,3
2024-04-22,Calabria,Subito Lavoro,AZ_IT_SUBITO_SPONSORED_ANNUNCI,14.54,1128,18,2
2024-04-22,Campania,Subito Lavoro,AZ_IT_SUBITO_RETARGETING,26.09,3838,49,2
2024-04-22,Campania,Subito Lavoro,AZ_IT_SUBITO_SLOT_PREMIUM,57.73,5352,74,3
2024-04-22,Campania,Subito Lavoro,AZ_IT_SUBITO_SPONSORED_ANNUNCI,53.63,4132,75,5
2024-04-22,Emilia-Romagna,Subito Lavoro,AZ_IT_SUBITO_RETARGETING,22.15,3067,37,2
2024-04-22,Emilia-Romagna,Subito Lavoro,AZ_IT_SUBITO_SLOT_PREMIUM,71.10,6558,86,5
2024-04-22,Emilia-Romagna,Subito Lavoro,AZ_IT_SUBITO_SPONSORED_ANNUNCI,35.84,2731,47,3
2024-04-22,Friuli-Venezia Giulia,Subito Lavoro,AZ_IT_SUBITO_RETARGETING,3.62,511,6,0
2024-04-22,Friuli-Venezia Giulia,Subito Lavoro,AZ_IT_SUBITO_SLOT_PREMIUM,12.69,1129,16,1
2024-04-22,Friuli-Venezia Giulia,Subito Lavoro,AZ_IT_SUBITO_SPONSORED_ANNUNCI,6.65,504,9,1
2024-04-22,Lazio,Subito Lavoro,AZ_IT_SUBITO_RETARGETING,23.97,3238,39,2
2024-04-22,Lazio,Subito Lavoro,AZ_IT_SUBITO_SLOT_PREMIUM,63.91,5651,76,5
2024-04-22,Lazio,Subito Lavoro,AZ_IT_SUBITO_SPONSORED_ANNUNCI,27.93,2000,37,3
2024-04-22,Liguria,Subito Lavoro,AZ_IT_SUBITO_RETARGETING,6.08,905,10,0
2024-04-22,Liguria,Subito Lavoro,AZ_IT_SUBITO_SLOT_PREMIUM,43.37,3790,52,2
2024-04-22,Liguria,Subito Lavoro,AZ_IT_SUBITO_SPONSORED_ANNUNCI,6.96,516,9,1
2024-04-22,Lombardia,Subito Lavoro,AZ_IT_SUBITO_RETARGETING,24.26,3448,45,2
2024-04-22,Lombardia,Subito Lavoro,AZ_IT_SUBITO_SLOT_PREMIUM,228.31,20677,282,12
2024-04-22,Lombardia,Subito Lavoro,AZ_IT_SUBITO_SPONSORED_ANNUNCI,86.41,6621,102,8
2024-04-22,Marche,Subito Lavoro,AZ_IT_SUBITO_RETARGETING,6.61,928,12,1
2024-04-22,Marche,Subito Lavoro,AZ_IT_SUBITO_SLOT_PREMIUM,25.64,2370,34,3
2024-04-22,Marche,Subito Lavoro,AZ_IT_SUBITO_SPONSORED_ANNUNCI,7.95,609,10,1
2024-04-22,Molise,Subito Lavoro,AZ_IT_SUBITO_RETARGETING,1.44,207,3,0
2024-04-22,Molise,Subito Lavoro,AZ_IT_SUBITO_SLOT_PREMIUM,2.80,258,4,0
2024-04-22,Molise,Subito Lavoro,AZ_IT_SUBITO_SPONSORED_ANNUNCI,1.32,102,2,0
2024-04-22,Piemonte,Subito Lavoro,AZ_IT_SUBITO_RETARGETING,17.70,2535,29,1
2024-04-22,Piemonte,Subito Lavoro,AZ_IT_SUBITO_SLOT_PREMIUM,54.27,4795,66,3
2024-04-22,Piemonte,Subito Lavoro,AZ_IT_SUBITO_SPONSORED_ANNUNCI,40.68,3248,63,4
2024-04-22,Puglia,Subito Lavoro,AZ_IT_SUBITO_RETARGETING,13.28,1780,22,1
2024-04-22,Puglia,Subito Lavoro,AZ_IT_SUBITO_SLOT_PREMIUM,107.24,10227,149,5
2024-04-22,Puglia,Subito Lavoro,AZ_IT_SUBITO_SPONSORED_ANNUNCI,30.31,2297,40,2
2024-04-22,Sardegna,Subito Lavoro,AZ_IT_SUBITO_RETARGETING,8.47,1221,15,1
2024-04-22,Sardegna,Subito Lavoro,AZ_IT_SUBITO_SLOT_PREMIUM,21.62,1978,27,1
2024-04-22,Sardegna,Subito Lavoro,AZ_IT_SUBITO_SPONSORED_ANNUNCI,15.56,1152,21,2
2024-04-22,Sicilia,Subito Lavoro,AZ_IT_SUBITO_RETARGETING,12.10,1802,22,1
2024-04-22,Sicilia,Subito Lavoro,AZ_IT_SUBITO_SLOT_PREMIUM,51.60,4797,51,3
2024-04-22,Sicilia,Subito Lavoro,AZ_IT_SUBITO_SPONSORED_ANNUNCI,28.26,2271,43,3
2024-04-22,Toscana,Subito Lavoro,AZ_IT_SUBITO_RETARGETING,14.97,2156,24,2
2024-04-22,Toscana,Subito Lavoro,AZ_IT_SUBITO_SLOT_PREMIUM,53.44,4937,70,5
2024-04-22,Toscana,Subito Lavoro,AZ_IT_SUBITO_SPONSORED_ANNUNCI,25.33,1975,35,4
2024-04-22,Trentino-Alto Adige,Subito Lavoro,AZ_IT_SUBITO_RETARGETING,4.60,648,8,0
2024-04-22,Trentino-Alto Adige,Subito Lavoro,AZ_IT_SUBITO_SLOT_PREMIUM,19.68,1713,24,1
2024-04-22,Trentino-Alto Adige,Subito Lavoro,AZ_IT_SUBITO_SPONSORED_ANNUNCI,6.33,479,8,1
2024-04-22,Umbria,Subito Lavoro,AZ_IT_SUBITO_RETARGETING,3.71,526,7,0
2024-04-22,Umbria,Subito Lavoro,AZ_IT_SUBITO_SLOT_PREMIUM,9.85,915,14,1
2024-04-22,Umbria,Subito Lavoro,AZ_IT_SUBITO_SPONSORED_ANNUNCI,5.49,400,7,1
2024-04-22,Valle d'Aosta,Subito Lavoro,AZ_IT_SUBITO_RETARGETING,0.59,85,1,0
2024-04-22,Valle d'Aosta,Subito Lavoro,AZ_IT_SUBITO_SLOT_PREMIUM,1.66,158,2,0
2024-04-22,Valle d'Aosta,Subito Lavoro,AZ_IT_SUBITO_SPONSORED_ANNUNCI,0.91,75,1,0
2024-04-22,Veneto,Subito Lavoro,AZ_IT_SUBITO_RETARGETING,17.04,2480,30,1
2024-04-22,Veneto,Subito Lavoro,AZ_IT_SUBITO_SLOT_PREMIUM,49.60,4378,60,4
2024-04-22,Veneto,Subito Lavoro,AZ_IT_SUBITO_SPONSORED_ANNUNCI,21.14,1614,25,2
2024-04-29,Abruzzo,Subito Lavoro,AZ_IT_SUBITO_RETARGETING,2.95,425,5,0
2024-04-29,Abruzzo,Subito Lavoro,AZ_IT_SUBITO_SLOT_PREMIUM,16.38,1447,18,1
2024-04-29,Abruzzo,Subito Lavoro,AZ_IT_SUBITO_SPONSORED_ANNUNCI,13.71,1067,18,1
2024-04-29,Basilicata,Subito Lavoro,AZ_IT_SUBITO_RETARGETING,2.19,301,4,0
2024-04-29,Basilicata,Subito Lavoro,AZ_IT_SUBITO_SLOT_PREMIUM,6.81,627,9,0
2024-04-29,Basilicata,Subito Lavoro,AZ_IT_SUBITO_SPONSORED_ANNUNCI,4.84,362,7,0
2024-04-29,Calabria,Subito Lavoro,AZ_IT_SUBITO_RETARGETING,4.53,646,8,1
2024-04-29,Calabria,Subito Lavoro,AZ_IT_SUBITO_SLOT_PREMIUM,32.15,2929,44,3
2024-04-29,Calabria,Subito Lavoro,AZ_IT_SUBITO_SPONSORED_ANNUNCI,13.59,1011,17,3
2024-04-29,Campania,Subito Lavoro,AZ_IT_SUBITO_RETARGETING,21.96,3222,35,2
2024-04-29,Campania,Subito Lavoro,AZ_IT_SUBITO_SLOT_PREMIUM,40.41,3731,62,2
2024-04-29,Campania,Subito Lavoro,AZ_IT_SUBITO_SPONSORED_ANNUNCI,56.54,4512,78,6
2024-04-29,Emilia-Romagna,Subito Lavoro,AZ_IT_SUBITO_RETARGETING,17.01,2445,28,1
2024-04-29,Emilia-Romagna,Subito Lavoro,AZ_IT_SUBITO_SLOT_PREMIUM,59.20,5215,74,4
2024-04-29,Emilia-Romagna,Subito Lavoro,AZ_IT_SUBITO_SPONSORED_ANNUNCI,31.49,2389,35,4
2024-04-29,Friuli-Venezia Giulia,Subito Lavoro,AZ_IT_SUBITO_RETARGETING,2.70,367,5,0
2024-04-29,Friuli-Venezia Giulia,Subito Lavoro,AZ_IT_SUBITO_SLOT_PREMIUM,9.62,893,13,1
2024-04-29,Friuli-Venezia Giulia,Subito Lavoro,AZ_IT_SUBITO_SPONSORED_ANNUNCI,5.79,437,8,1
2024-04-29,Lazio,Subito Lavoro,AZ_IT_SUBITO_RETARGETING,19.80,2804,29,2
2024-04-29,Lazio,Subito Lavoro,AZ_IT_SUBITO_SLOT_PREMIUM,47.56,4121,58,4
2024-04-29,Lazio,Subito Lavoro,AZ_IT_SUBITO_SPONSORED_ANNUNCI,23.96,1846,35,4
2024-04-29,Liguria,Subito Lavoro,AZ_IT_SUBITO_RETARGETING,4.57,638,8,0
2024-04-29,Liguria,Subito Lavoro,AZ_IT_SUBITO_SLOT_PREMIUM,32.38,2915,43,2
2024-04-29,Liguria,Subito Lavoro,AZ_IT_SUBITO_SPONSORED_ANNUNCI,6.71,517,8,1
2024-04-29,Lombardia,Subito Lavoro,AZ_IT_SUBITO_RETARGETING,27.04,3859,47,2
2024-04-29,Lombardia,Subito Lavoro,AZ_IT_SUBITO_SLOT_PREMIUM,200.32,18382,263,16
2024-04-29,Lombardia,Subito Lavoro,AZ_IT_SUBITO_SPONSORED_ANNUNCI,72.13,5725,85,9
2024-04-29,Marche,Subito Lavoro,AZ_IT_SUBITO_RETARGETING,4.86,700,9,1
2024-04-29,Marche,Subito Lavoro,AZ_IT_SUBITO_SLOT_PREMIUM,22.66,2016,26,3
2024-04-29,Marche,Subito Lavoro,AZ_IT_SUBITO_SPONSORED_ANNUNCI,7.53,577,10,1
2024-04-29,Molise,Subito Lavoro,AZ_IT_SUBITO_RETARGETING,0.96,136,1,0
2024-04-29,Molise,Subito Lavoro,AZ_IT_SUBITO_SLOT_PREMIUM,2.54,231,3,0
2024-04-29,Molise,Subito Lavoro,AZ_IT_SUBITO_SPONSORED_ANNUNCI,1.34,105,2,0
2024-04-29,Piemonte,Subito Lavoro,AZ_IT_SUBITO_RETARGETING,12.87,1813,22,1
2024-04-29,Piemonte,Subito Lavoro,AZ_IT_SUBITO_SLOT_PREMIUM,46.69,4381,60,2
2024-04-29,Piemonte,Subito Lavoro,AZ_IT_SUBITO_SPONSORED_ANNUNCI,35.27,2658,35,3
2024-04-29,Puglia,Subito Lavoro,AZ_IT_SUBITO_RETARGETING,11.08,1647,21,1
2024-04-29,Puglia,Subito Lavoro,AZ_IT_SUBITO_SLOT_PREMIUM,87.45,7759,110,5
2024-04-29,Puglia,Subito Lavoro,AZ_IT_SUBITO_SPONSORED_ANNUNCI,21.38,1598,28,2
2024-04-29,Sardegna,Subito Lavoro,AZ_IT_SUBITO_RETARGETING,6.37,895,13,0
2024-04-29,Sardegna,Subito Lavoro,AZ_IT_SUBITO_SLOT_PREMIUM,18.24,1640,24,1
2024-04-29,Sardegna,Subito Lavoro,AZ_IT_SUBITO_SPONSORED_ANNUNCI,13.32,996,17,2
2024-04-29,Sicilia,Subito Lavoro,AZ_IT_SUBITO_RETARGETING,10.52,1503,19,1
2024-04-29,Sicilia,Subito Lavoro,AZ_IT_SUBITO_SLOT_PREMIUM,41.81,3537,52,3
2024-04-29,Sicilia,Subito Lavoro,AZ_IT_SUBITO_SPONSORED_ANNUNCI,24.04,1807,29,3
2024-04-29,Toscana,Subito Lavoro,AZ_IT_SUBITO_RETARGETING,10.26,1387,17,1
2024-04-29,Toscana,Subito Lavoro,AZ_IT_SUBITO_SLOT_PREMIUM,43.20,3947,54,4
2024-04-29,Toscana,Subito Lavoro,AZ_IT_SUBITO_SPONSORED_ANNUNCI,23.00,1857,28,4
2024-04-29,Trentino-Alto Adige,Subito Lavoro,AZ_IT_SUBITO_RETARGETING,4.05,596,7,0
2024-04-29,Trentino-Alto Adige,Subito Lavoro,AZ_IT_SUBITO_SLOT_PREMIUM,15.08,1425,20,1
2024-04-29,Trentino-Alto Adige,Subito Lavoro,AZ_IT_SUBITO_SPONSORED_ANNUNCI,5.74,434,8,1
2024-04-29,Umbria,Subito Lavoro,AZ_IT_SUBITO_RETARGETING,2.36,333,4,0
2024-04-29,Umbria,Subito Lavoro,AZ_IT_SUBITO_SLOT_PREMIUM,7.82,689,9,1
2024-04-29,Umbria,Subito Lavoro,AZ_IT_SUBITO_SPONSORED_ANNUNCI,5.45,412,7,1
2024-04-29,Valle d'Aosta,Subito Lavoro,AZ_IT_SUBITO_RETARGETING,0.37,51,1,0
2024-04-29,Valle d'Aosta,Subito Lavoro,AZ_IT_SUBITO_SLOT_PREMIUM,1.62,145,2,0
2024-04-29,Valle d'Aosta,Subito Lavoro,AZ_IT_SUBITO_SPONSORED_ANNUNCI,0.83,65,1,0
2024-04-29,Veneto,Subito Lavoro,AZ_IT_SUBITO_RETARGETING,11.82,1618,19,1
2024-04-29,Veneto,Subito Lavoro,AZ_IT_SUBITO_SLOT_PREMIUM,41.35,3875,52,3
2024-04-29,Veneto,Subito Lavoro,AZ_IT_SUBITO_SPONSORED_ANNUNCI,20.11,1580,31,2
2024-05-06,Abruzzo,Subito Lavoro,AZ_IT_SUBITO_RETARGETING,4.90,696,7,0
2024-05-06,Abruzzo,Subito Lavoro,AZ_IT_SUBITO_SLOT_PREMIUM,17.64,1673,23,1
2024-05-06,Abruzzo,Subito Lavoro,AZ_IT_SUBITO_SPONSORED_ANNUNCI,16.29,1212,23,1
2024-05-06,Basilicata,Subito Lavoro,AZ_IT_SUBITO_RETARGETING,3.28,489,5,0
2024-05-06,Basilicata,Subito Lavoro,AZ_IT_SUBITO_SLOT_PREMIUM,9.17,832,12,1
2024-05-06,Basilicata,Subito Lavoro,AZ_IT_SUBITO_SPONSORED_ANNUNCI,5.78,441,8,1
2024-05-06,Calabria,Subito Lavoro,AZ_IT_SUBITO_RETARGETING,7.27,1062,12,1
2024-05-06,Calabria,Subito Lavoro,AZ_IT_SUBITO_SLOT_PREMIUM,40.61,3591,60,4
2024-05-06,Calabria,Subito Lavoro,AZ_IT_SUBITO_SPONSORED_ANNUNCI,15.58,1108,18,2
2024-05-06,Campania,Subito Lavoro,AZ_IT_SUBITO_RETARGETING,31.32,4447,53,2
2024-05-06,Campania,Subito Lavoro,AZ_IT_SUBITO_SLOT_PREMIUM,51.89,4655,67,3
2024-05-06,Campania,Subito Lavoro,AZ_IT_SUBITO_SPONSORED_ANNUNCI,59.72,4665,76,6
2024-05-06,Emilia-Romagna,Subito Lavoro,AZ_IT_SUBITO_RETARGETING,27.27,3824,46,1
2024-05-06,Emilia-Romagna,Subito Lavoro,AZ_IT_SUBITO_SLOT_PREMIUM,72.75,6720,87,4
2024-05-06,Emilia-Romagna,Subito Lavoro,AZ_IT_SUBITO_SPONSORED_ANNUNCI,46.99,3687,62,4
2024-05-06,Friuli-Venezia Giulia,Subito Lavoro,AZ_IT_SUBITO_RETARGETING,3.74,557,6,0
2024-05-06,Friuli-Venezia Giulia,Subito Lavoro,AZ_IT_SUBITO_SLOT_PREMIUM,12.79,1140,16,1
2024-05-06,Friuli-Venezia Giulia,Subito Lavoro,AZ_IT_SUBITO_SPONSORED_ANNUNCI,7.85,615,11,1
2024-05-06,Lazio,Subito Lavoro,AZ_IT_SUBITO_RETARGETING,25.33,3525,45,2
2024-05-06,Lazio,Subito Lavoro,AZ_IT_SUBITO_SLOT_PREMIUM,62.53,5603,77,6
2024-05-06,Lazio,Subito Lavoro,AZ_IT_SUBITO_SPONSORED_ANNUNCI,30.10,2455,38,4
2024-05-06,Liguria,Subito Lavoro,AZ_IT_SUBITO_RETARGETING,6.56,941,10,0
2024-05-06,Liguria,Subito Lavoro,AZ_IT_SUBITO_SLOT_PREMIUM,37.61,3344,51,2
2024-05-06,Liguria,Subito Lavoro,AZ_IT_SUBITO_SPONSORED_ANNUNCI,8.14,634,10,1
2024-05-06,Lombardia,Subito Lavoro,AZ_IT_SUBITO_RETARGETING,41.59,5917,65,3
2024-05-06,Lombardia,Subito Lavoro,AZ_IT_SUBITO_SLOT_PREMIUM,243.06,22716,305,14
2024-05-06,Lombardia,Subito Lavoro,AZ_IT_SUBITO_SPONSORED_ANNUNCI,79.14,6104,105,9
2024-05-06,Marche,Subito Lavoro,AZ_IT_SUBITO_RETARGETING,6.73,1007,12,1
2024-05-06,Marche,Subito Lavoro,AZ_IT_SUBITO_SLOT_PREMIUM,26.19,2392,34,3
2024-05-06,Marche,Subito Lavoro,AZ_IT_SUBITO_SPONSORED_ANNUNCI,11.51,890,15,2
2024-05-06,Molise,Subito Lavoro,AZ_IT_SUBITO_RETARGETING,1.54,219,3,0
2024-05-06,Molise,Subito Lavoro,AZ_IT_SUBITO_SLOT_PREMIUM,2.61,233,4,0
2024-05-06,Molise,Subito Lavoro,AZ_IT_SUBITO_SPONSORED_ANNUNCI,1.96,148,2,0
2024-05-06,Piemonte,Subito Lavoro,AZ_IT_SUBITO_RETARGETING,16.30,2495,29,1
2024-05-06,Piemonte,Subito Lavoro,AZ_IT_SUBITO_SLOT_PREMIUM,52.70,4805,67,3
2024-05-06,Piemonte,Subito Lavoro,AZ_IT_SUBITO_SPONSORED_ANNUNCI,37.30,3049,53,3
2024-05-06,Puglia,Subito Lavoro,AZ_IT_SUBITO_RETARGETING,16.05,2312,28,1
2024-05-06,Puglia,Subito Lavoro,AZ_IT_SUBITO_SLOT_PREMIUM,104.24,9608,129,6
2024-05-06,Puglia,Subito Lavoro,AZ_IT_SUBITO_SPONSORED_ANNUNCI,24.72,2004,31,2
2024-05-06,Sardegna,Subito Lavoro,AZ_IT_SUBITO_RETARGETING,9.84,1352,14,1
2024-05-06,Sardegna,Subito Lavoro,AZ_IT_SUBITO_SLOT_PREMIUM,21.07,1822,27,1
2024-05-06,Sardegna,Subito Lavoro,AZ_IT_SUBITO_SPONSORED_ANNUNCI,16.98,1285,22,1
2024-05-06,Sicilia,Subito Lavoro,AZ_IT_SUBITO_RETARGETING,12.88,1897,24,1
2024-05-06,Sicilia,Subito Lavoro,AZ_IT_SUBITO_SLOT_PREMIUM,50.42,4643,64,3
2024-05-06,Sicilia,Subito Lavoro,AZ_IT_SUBITO_SPONSORED_ANNUNCI,29.55,2194,33,3
2024-05-06,Toscana,Subito Lavoro,AZ_IT_SUBITO_RETARGETING,14.78,2207,24,1
2024-05-06,Toscana,Subito Lavoro,AZ_IT_SUBITO_SLOT_PREMIUM,60.37,5699,89,5
2024-05-06,Toscana,Subito Lavoro,AZ_IT_SUBITO_SPONSORED_ANNUNCI,26.69,2057,37,4
2024-05-06,Trentino-Alto Adige,Subito Lavoro,AZ_IT_SUBITO_RETARGETING,6.28,902,11,1
2024-05-06,Trentino-Alto Adige,Subito Lavoro,AZ_IT_SUBITO_SLOT_PREMIUM,15.23,1354,19,1
2024-05-06,Trentino-Alto Adige,Subito Lavoro,AZ_IT_SUBITO_SPONSORED_ANNUNCI,6.86,527,8,1
2024-05-06,Umbria,Subito Lavoro,AZ_IT_SUBITO_RETARGETING,3.44,504,7,0
2024-05-06,Umbria,Subito Lavoro,AZ_IT_SUBITO_SLOT_PREMIUM,9.03,803,11,1
2024-05-06,Umbria,Subito Lavoro,AZ_IT_SUBITO_SPONSORED_ANNUNCI,6.32,487,7,1
2024-05-06,Valle d'Aosta,Subito Lavoro,AZ_IT_SUBITO_RETARGETING,0.56,84,1,0
2024-05-06,Valle d'Aosta,Subito Lavoro,AZ_IT_SUBITO_SLOT_PREMIUM,1.97,185,3,0
2024-05-06,Valle d'Aosta,Subito Lavoro,AZ_IT_SUBITO_SPONSORED_ANNUNCI,0.89,69,1,0
2024-05-06,Veneto,Subito Lavoro,AZ_IT_SUBITO_RETARGETING,17.38,2532,29,1
2024-05-06,Veneto,Subito Lavoro,AZ_IT_SUBITO_SLOT_PREMIUM,49.84,4276,61,3
2024-05-06,Veneto,Subito Lavoro,AZ_IT_SUBITO_SPONSORED_ANNUNCI,22.07,1610,24,3
2024-05-13,Abruzzo,Subito Lavoro,AZ_IT_SUBITO_RETARGETING,3.52,479,6,0
2024-05-13,Abruzzo,Subito Lavoro,AZ_IT_SUBITO_SLOT_PREMIUM,13.25,1286,17,1
2024-05-13,Abruzzo,Subito Lavoro,AZ_IT_SUBITO_SPONSORED_ANNUNCI,17.11,1307,22,2
2024-05-13,Basilicata,Subito Lavoro,AZ_IT_SUBITO_RETARGETING,2.74,380,5,0
2024-05-13,Basilicata,Subito Lavoro,AZ_IT_SUBITO_SLOT_PREMIUM,4.78,421,6,0
2024-05-13,Basilicata,Subito Lavoro,AZ_IT_SUBITO_SPONSORED_ANNUNCI,4.43,342,6,1
2024-05-13,Calabria,Subito Lavoro,AZ_IT_SUBITO_RETARGETING,6.79,970,12,1
2024-05-13,Calabria,Subito Lavoro,AZ_IT_SUBITO_SLOT_PREMIUM,28.75,2576,35,2
2024-05-13,Calabria,Subito Lavoro,AZ_IT_SUBITO_SPONSORED_ANNUNCI,14.71,1097,19,2
2024-05-13,Campania,Subito Lavoro,AZ_IT_SUBITO_RETARGETING,22.75,3227,40,2
2024-05-13,Campania,Subito Lavoro,AZ_IT_SUBITO_SLOT_PREMIUM,39.41,3481,44,3
2024-05-13,Campania,Subito Lavoro,AZ_IT_SUBITO_SPONSORED_ANNUNCI,58.00,4627,76,6
2024-05-13,Emilia-Romagna,Subito Lavoro,AZ_IT_SUBITO_RETARGETING,20.74,2891,35,2
2024-05-13,Emilia-Romagna,Subito Lavoro,AZ_IT_SUBITO_SLOT_PREMIUM,49.36,4327,57,4
2024-05-13,Emilia-Romagna,Subito Lavoro,AZ_IT_SUBITO_SPONSORED_ANNUNCI,48.33,3653,64,5
2024-05-13,Friuli-Venezia Giulia,Subito Lavoro,AZ_IT_SUBITO_RETARGETING,2.65,393,5,0
2024-05-13,Friuli-Venezia Giulia,Subito Lavoro,AZ_IT_SUBITO_SLOT_PREMIUM,8.40,772,11,1
2024-05-13,Friuli-Venezia Giulia,Subito Lavoro,AZ_IT_SUBITO_SPONSORED_ANNUNCI,6.98,533,9,1
2024-05-13,Lazio,Subito Lavoro,AZ_IT_SUBITO_RETARGETING,20.42,2888,35,2
2024-05-13,Lazio,Subito Lavoro,AZ_IT_SUBITO_SLOT_PREMIUM,52.91,4882,71,6
2024-05-13,Lazio,Subito Lavoro,AZ_IT_SUBITO_SPONSORED_ANNUNCI,26.62,2153,43,4
2024-05-13,Liguria,Subito Lavoro,AZ_IT_SUBITO_RETARGETING,5.24,796,10,0
2024-05-13,Liguria,Subito Lavoro,AZ_IT_SUBITO_SLOT_PREMIUM,31.38,2793,39,2
2024-05-13,Liguria,Subito Lavoro,AZ_IT_SUBITO_SPONSORED_ANNUNCI,8.17,597,9,1
2024-05-13,Lombardia,Subito Lavoro,AZ_IT_SUBITO_RETARGETING,32.68,4630,58,3
2024-05-13,Lombardia,Subito Lavoro,AZ_IT_SUBITO_SLOT_PREMIUM,192.54,16750,249,13
2024-05-13,Lombardia,Subito Lavoro,AZ_IT_SUBITO_SPONSORED_ANNUNCI,83.99,6442,97,9
2024-05-13,Marche,Subito Lavoro,AZ_IT_SUBITO_RETARGETING,6.03,880,10,1
2024-05-13,Marche,Subito Lavoro,AZ_IT_SUBITO_SLOT_PREMIUM,19.14,1715,23,2
2024-05-13,Marche,Subito Lavoro,AZ_IT_SUBITO_SPONSORED_ANNUNCI,11.27,841,14,2
2024-05-13,Molise,Subito Lavoro,AZ_IT_SUBITO_RETARGETING,0.97,146,2,0
2024-05-13,Molise,Subito Lavoro,AZ_IT_SUBITO_SLOT_PREMIUM,1.94,178,3,0
2024-05-13,Molise,Subito Lavoro,AZ_IT_SUBITO_SPONSORED_ANNUNCI,2.17,169,3,0
2024-05-13,Piemonte,Subito Lavoro,AZ_IT_SUBITO_RETARGETING,13.09,1915,24,1
2024-05-13,Piemonte,Subito Lavoro,AZ_IT_SUBITO_SLOT_PREMIUM,36.58,3324,51,2
2024-05-13,Piemonte,Subito Lavoro,AZ_IT_SUBITO_SPONSORED_ANNUNCI,32.94,2569,43,3
2024-05-13,Puglia,Subito Lavoro,AZ_IT_SUBITO_RETARGETING,13.52,1958,19,1
2024-05-13,Puglia,Subito Lavoro,AZ_IT_SUBITO_SLOT_PREMIUM,78.02,7146,105,4
2024-05-13,Puglia,Subito Lavoro,AZ_IT_SUBITO_SPONSORED_ANNUNCI,22.48,1732,32,2
2024-05-13,Sardegna,Subito Lavoro,AZ_IT_SUBITO_RETARGETING,9.14,1345,14,1
2024-05-13,Sardegna,Subito Lavoro,AZ_IT_SUBITO_SLOT_PREMIUM,15.22,1369,20,1
2024-05-13,Sardegna,Subito Lavoro,AZ_IT_SUBITO_SPONSORED_ANNUNCI,15.07,1127,20,2
2024-05-13,Sicilia,Subito Lavoro,AZ_IT_SUBITO_RETARGETING,11.23,1658,18,1
2024-05-13,Sicilia,Subito Lavoro,AZ_IT_SUBITO_SLOT_PREMIUM,27.88,2362,29,2
2024-05-13,Sicilia,Subito Lavoro,AZ_IT_SUBITO_SPONSORED_ANNUNCI,27.17,2033,36,3
2024-05-13,Toscana,Subito Lavoro,AZ_IT_SUBITO_RETARGETING,12.51,1811,23,2
2024-05-13,Toscana,Subito Lavoro,AZ_IT_SUBITO_SLOT_PREMIUM,41.69,3606,56,4
2024-05-13,Toscana,Subito Lavoro,AZ_IT_SUBITO_SPONSORED_ANNUNCI,24.04,1817,30,3
2024-05-13,Trentino-Alto Adige,Subito Lavoro,AZ_IT_SUBITO_RETARGETING,4.18,606,8,0
2024-05-13,Trentino-Alto Adige,Subito Lavoro,AZ_IT_SUBITO_SLOT_PREMIUM,10.70,1004,13,1
2024-05-13,Trentino-Alto Adige,Subito Lavoro,AZ_IT_SUBITO_SPONSORED_ANNUNCI,7.13,532,9,1
2024-05-13,Umbria,Subito Lavoro,AZ_IT_SUBITO_RETARGETING,2.38,351,4,0
2024-05-13,Umbria,Subito Lavoro,AZ_IT_SUBITO_SLOT_PREMIUM,6.19,566,8,1
2024-05-13,Umbria,Subito Lavoro,AZ_IT_SUBITO_SPONSORED_ANNUNCI,4.98,388,7,1
2024-05-13,Valle d'Aosta,Subito Lavoro,AZ_IT_SUBITO_RETARGETING,0.51,73,1,0
2024-05-13,Valle d'Aosta,Subito Lavoro,AZ_IT_SUBITO_SLOT_PREMIUM,1.37,120,2,0
2024-05-13,Valle d'Aosta,Subito Lavoro,AZ_IT_SUBITO_SPONSORED_ANNUNCI,0.99,75,1,0
2024-05-13,Veneto,Subito Lavoro,AZ_IT_SUBITO_RETARGETING,15.68,2186,26,1
2024-05-13,Veneto,Subito Lavoro,AZ_IT_SUBITO_SLOT_PREMIUM,34.07,3088,43,3
2024-05-13,Veneto,Subito Lavoro,AZ_IT_SUBITO_SPONSORED_ANNUNCI,20.72,1601,28,3
2024-05-20,Abruzzo,Subito Lavoro,AZ_IT_SUBITO_RETARGETING,4.18,632,9,0
2024-05-20,Abruzzo,Subito Lavoro,AZ_IT_SUBITO_SLOT_PREMIUM,20.77,1989,28,1
2024-05-20,Abruzzo,Subito Lavoro,AZ_IT_SUBITO_SPONSORED_ANNUNCI,23.98,1814,30,2
2024-05-20,Basilicata,Subito Lavoro,AZ_IT_SUBITO_RETARGETING,3.04,434,6,0
2024-05-20,Basilicata,Subito Lavoro,AZ_IT_SUBITO_SLOT_PREMIUM,5.96,532,9,0
2024-05-20,Basilicata,Subito Lavoro,AZ_IT_SUBITO_SPONSORED_ANNUNCI,5.34,426,7,1
2024-05-20,Calabria,Subito Lavoro,AZ_IT_SUBITO_RETARGETING,7.93,1104,13,1
2024-05-20,Calabria,Subito Lavoro,AZ_IT_SUBITO_SLOT_PREMIUM,34.84,3168,44,3
2024-05-20,Calabria,Subito Lavoro,AZ_IT_SUBITO_SPONSORED_ANNUNCI,19.29,1527,25,3
2024-05-20,Campania,Subito Lavoro,AZ_IT_SUBITO_RETARGETING,25.41,3686,43,2
2024-05-20,Campania,Subito Lavoro,AZ_IT_SUBITO_SLOT_PREMIUM,53.47,4953,69,3
2024-05-20,Campania,Subito Lavoro,AZ_IT_SUBITO_SPONSORED_ANNUNCI,76.10,5840,97,7
2024-05-20,Emilia-Romagna,Subito Lavoro,AZ_IT_SUBITO_RETARGETING,28.06,3809,41,2
2024-05-20,Emilia-Romagna,Subito Lavoro,AZ_IT_SUBITO_SLOT_PREMIUM,58.20,5190,76,3
2024-05-20,Emilia-Romagna,Subito Lavoro,AZ_IT_SUBITO_SPONSORED_ANNUNCI,61.60,4806,84,5
2024-05-20,Friuli-Venezia Giulia,Subito Lavoro,AZ_IT_SUBITO_RETARGETING,3.58,521,6,0
2024-05-20,Friuli-Venezia Giulia,Subito Lavoro,AZ_IT_SUBITO_SLOT_PREMIUM,11.98,1173,17,1
2024-05-20,Friuli-Venezia Giulia,Subito Lavoro,AZ_IT_SUBITO_SPONSORED_ANNUNCI,10.16,805,14,2
2024-05-20,Lazio,Subito Lavoro,AZ_IT_SUBITO_RETARGETING,20.95,2972,34,2
2024-05-20,Lazio,Subito Lavoro,AZ_IT_SUBITO_SLOT_PREMIUM,79.96,7237,106,7
2024-05-20,Lazio,Subito Lavoro,AZ_IT_SUBITO_SPONSORED_ANNUNCI,38.95,2996,47,5
2024-05-20,Liguria,Subito Lavoro,AZ_IT_SUBITO_RETARGETING,6.35,854,10,0
2024-05-20,Liguria,Subito Lavoro,AZ_IT_SUBITO_SLOT_PREMIUM,39.21,3690,57,2
2024-05-20,Liguria,Subito Lavoro,AZ_IT_SUBITO_SPONSORED_ANNUNCI,11.34,853,16,1
2024-05-20,Lombardia,Subito Lavoro,AZ_IT_SUBITO_RETARGETING,36.46,5220,56,2
2024-05-20,Lombardia,Subito Lavoro,AZ_IT_SUBITO_SLOT_PREMIUM,294.81,27424,374,15
2024-05-20,Lombardia,Subito Lavoro,AZ_IT_SUBITO_SPONSORED_ANNUNCI,122.78,9631,180,11
2024-05-20,Marche,Subito Lavoro,AZ_IT_SUBITO_RETARGETING,8.34,1158,14,1
2024-05-20,Marche,Subito Lavoro,AZ_IT_SUBITO_SLOT_PREMIUM,27.16,2528,39,2
2024-05-20,Marche,Subito Lavoro,AZ_IT_SUBITO_SPONSORED_ANNUNCI,16.43,1258,22,2
2024-05-20,Molise,Subito Lavoro,AZ_IT_SUBITO_RETARGETING,1.16,167,2,0
2024-05-20,Molise,Subito Lavoro,AZ_IT_SUBITO_SLOT_PREMIUM,2.55,237,3,0
2024-05-20,Molise,Subito Lavoro,AZ_IT_SUBITO_SPONSORED_ANNUNCI,3.40,249,5,0
2024-05-20,Piemonte,Subito Lavoro,AZ_IT_SUBITO_RETARGETING,15.87,2247,29,1
2024-05-20,Piemonte,Subito Lavoro,AZ_IT_SUBITO_SLOT_PREMIUM,62.51,5414,73,3
2024-05-20,Piemonte,Subito Lavoro,AZ_IT_SUBITO_SPONSORED_ANNUNCI,48.29,3666,62,3
2024-05-20,Puglia,Subito Lavoro,AZ_IT_SUBITO_RETARGETING,15.92,2213,24,1
2024-05-20,Puglia,Subito Lavoro,AZ_IT_SUBITO_SLOT_PREMIUM,110.97,9673,128,5
2024-05-20,Puglia,Subito Lavoro,AZ_IT_SUBITO_SPONSORED_ANNUNCI,32.55,2593,41,2
2024-05-20,Sardegna,Subito Lavoro,AZ_IT_SUBITO_RETARGETING,10.86,1574,18,1
2024-05-20,Sardegna,Subito Lavoro,AZ_IT_SUBITO_SLOT_PREMIUM,23.48,2235,33,1
2024-05-20,Sardegna,Subito Lavoro,AZ_IT_SUBITO_SPONSORED_ANNUNCI,21.97,1697,30,2
2024-05-20,Sicilia,Subito Lavoro,AZ_IT_SUBITO_RETARGETING,16.60,2267,29,1
2024-05-20,Sicilia,Subito Lavoro,AZ_IT_SUBITO_SLOT_PREMIUM,51.64,4560,66,3
2024-05-20,Sicilia,Subito Lavoro,AZ_IT_SUBITO_SPONSORED_ANNUNCI,41.80,3046,52,4
2024-05-20,Toscana,Subito Lavoro,AZ_IT_SUBITO_RETARGETING,15.16,2111,26,2
2024-05-20,Toscana,Subito Lavoro,AZ_IT_SUBITO_SLOT_PREMIUM,54.88,5267,73,5
2024-05-20,Toscana,Subito Lavoro,AZ_IT_SUBITO_SPONSORED_ANNUNCI,33.44,2521,43,5
2024-05-20,Trentino-Alto Adige,Subito Lavoro,AZ_IT_SUBITO_RETARGETING,5.64,808,10,0
2024-05-20,Trentino-Alto Adige,Subito Lavoro,AZ_IT_SUBITO_SLOT_PREMIUM,16.28,1418,20,1
2024-05-20,Trentino-Alto Adige,Subito Lavoro,AZ_IT_SUBITO_SPONSORED_ANNUNCI,11.05,839,14,1
2024-05-20,Umbria,Subito Lavoro,AZ_IT_SUBITO_RETARGETING,2.75,392,5,0
2024-05-20,Umbria,Subito Lavoro,AZ_IT_SUBITO_SLOT_PREMIUM,8.80,791,11,1
2024-05-20,Umbria,Subito Lavoro,AZ_IT_SUBITO_SPONSORED_ANNUNCI,7.93,591,11,1
2024-05-20,Valle d'Aosta,Subito Lavoro,AZ_IT_SUBITO_RETARGETING,0.57,81,1,0
2024-05-20,Valle d'Aosta,Subito Lavoro,AZ_IT_SUBITO_SLOT_PREMIUM,1.96,179,3,0
2024-05-20,Valle d'Aosta,Subito Lavoro,AZ_IT_SUBITO_SPONSORED_ANNUNCI,1.17,86,1,0
2024-05-20,Veneto,Subito Lavoro,AZ_IT_SUBITO_RETARGETING,20.53,2856,39,1
2024-05-20,Veneto,Subito Lavoro,AZ_IT_SUBITO_SLOT_PREMIUM,46.50,4181,56,3
2024-05-20,Veneto,Subito Lavoro,AZ_IT_SUBITO_SPONSORED_ANNUNCI,35.30,2550,43,4
2024-05-27,Abruzzo,Subito Lavoro,AZ_IT_SUBITO_RETARGETING,5.49,762,10,0
2024-05-27,Abruzzo,Subito Lavoro,AZ_IT_SUBITO_SLOT_PREMIUM,24.86,2313,32,1
2024-05-27,Abruzzo,Subito Lavoro,AZ_IT_SUBITO_SPONSORED_ANNUNCI,27.65,2118,38,2
2024-05-27,Basilicata,Subito Lavoro,AZ_IT_SUBITO_RETARGETING,4.34,631,7,0
2024-05-27,Basilicata,Subito Lavoro,AZ_IT_SUBITO_SLOT_PREMIUM,8.80,847,10,1
2024-05-27,Basilicata,Subito Lavoro,AZ_IT_SUBITO_SPONSORED_ANNUNCI,5.95,462,9,1
2024-05-27,Calabria,Subito Lavoro,AZ_IT_SUBITO_RETARGETING,9.56,1371,17,1
2024-05-27,Calabria,Subito Lavoro,AZ_IT_SUBITO_SLOT_PREMIUM,38.66,3437,53,3
2024-05-27,Calabria,Subito Lavoro,AZ_IT_SUBITO_SPONSORED_ANNUNCI,21.25,1524,25,3
2024-05-27,Campania,Subito Lavoro,AZ_IT_SUBITO_RETARGETING,37.04,5443,57,2
2024-05-27,Campania,Subito Lavoro,AZ_IT_SUBITO_SLOT_PREMIUM,69.05,6094,94,3
2024-05-27,Campania,Subito Lavoro,AZ_IT_SUBITO_SPONSORED_ANNUNCI,92.35,7522,147,8
2024-05-27,Emilia-Romagna,Subito Lavoro,AZ_IT_SUBITO_RETARGETING,33.05,4521,56,2
2024-05-27,Emilia-Romagna,Subito Lavoro,AZ_IT_SUBITO_SLOT_PREMIUM,67.84,6245,86,3
2024-05-27,Emilia-Romagna,Subito Lavoro,AZ_IT_SUBITO_SPONSORED_ANNUNCI,65.85,4902,90,5
2024-05-27,Friuli-Venezia Giulia,Subito Lavoro,AZ_IT_SUBITO_RETARGETING,5.49,799,10,1
2024-05-27,Friuli-Venezia Giulia,Subito Lavoro,AZ_IT_SUBITO_SLOT_PREMIUM,13.36,1232,17,1
2024-05-27,Friuli-Venezia Giulia,Subito Lavoro,AZ_IT_SUBITO_SPONSORED_ANNUNCI,11.69,909,16,2
2024-05-27,Lazio,Subito Lavoro,AZ_IT_SUBITO_RETARGETING,31.10,4440,55,3
2024-05-27,Lazio,Subito Lavoro,AZ_IT_SUBITO_SLOT_PREMIUM,90.24,7961,101,7
2024-05-27,Lazio,Subito Lavoro,AZ_IT_SUBITO_SPONSORED_ANNUNCI,44.86,3501,63,5
2024-05-27,Liguria,Subito Lavoro,AZ_IT_SUBITO_RETARGETING,9.30,1316,19,1
2024-05-27,Liguria,Subito Lavoro,AZ_IT_SUBITO_SLOT_PREMIUM,42.53,4065,55,2
2024-05-27,Liguria,Subito Lavoro,AZ_IT_SUBITO_SPONSORED_ANNUNCI,14.55,1071,20,1
2024-05-27,Lombardia,Subito Lavoro,AZ_IT_SUBITO_RETARGETING,48.43,6945,89,3
2024-05-27,Lombardia,Subito Lavoro,AZ_IT_SUBITO_SLOT_PREMIUM,342.73,30408,426,17
2024-05-27,Lombardia,Subito Lavoro,AZ_IT_SUBITO_SPONSORED_ANNUNCI,133.21,10166,171,10
2024-05-27,Marche,Subito Lavoro,AZ_IT_SUBITO_RETARGETING,13.79,1982,24,1
2024-05-27,Marche,Subito Lavoro,AZ_IT_SUBITO_SLOT_PREMIUM,27.61,2565,36,2
2024-05-27,Marche,Subito Lavoro,AZ_IT_SUBITO_SPONSORED_ANNUNCI,16.74,1325,19,2
2024-05-27,Molise,Subito Lavoro,AZ_IT_SUBITO_RETARGETING,1.71,245,3,0
2024-05-27,Molise,Subito Lavoro,AZ_IT_SUBITO_SLOT_PREMIUM,3.43,313,4,0
2024-05-27,Molise,Subito Lavoro,AZ_IT_SUBITO_SPONSORED_ANNUNCI,4.16,309,5,0
2024-05-27,Piemonte,Subito Lavoro,AZ_IT_SUBITO_RETARGETING,23.15,3190,39,1
2024-05-27,Piemonte,Subito Lavoro,AZ_IT_SUBITO_SLOT_PREMIUM,70.29,6591,92,3
2024-05-27,Piemonte,Subito Lavoro,AZ_IT_SUBITO_SPONSORED_ANNUNCI,59.27,4739,75,4
2024-05-27,Puglia,Subito Lavoro,AZ_IT_SUBITO_RETARGETING,23.14,3237,44,1
2024-05-27,Puglia,Subito Lavoro,AZ_IT_SUBITO_SLOT_PREMIUM,130.10,11475,155,5
2024-05-27,Puglia,Subito Lavoro,AZ_IT_SUBITO_SPONSORED_ANNUNCI,36.28,2567,46,2
2024-05-27,Sardegna,Subito Lavoro,AZ_IT_SUBITO_RETARGETING,13.52,1949,20,1
2024-05-27,Sardegna,Subito Lavoro,AZ_IT_SUBITO_SLOT_PREMIUM,25.33,2346,30,1
2024-05-27,Sardegna,Subito Lavoro,AZ_IT_SUBITO_SPONSORED_ANNUNCI,26.47,2035,34,2
2024-05-27,Sicilia,Subito Lavoro,AZ_IT_SUBITO_RETARGETING,21.56,3088,39,1
2024-05-27,Sicilia,Subito Lavoro,AZ_IT_SUBITO_SLOT_PREMIUM,60.47,5167,66,3
2024-05-27,Sicilia,Subito Lavoro,AZ_IT_SUBITO_SPONSORED_ANNUNCI,50.09,3916,75,4
2024-05-27,Toscana,Subito Lavoro,AZ_IT_SUBITO_RETARGETING,20.03,2791,33,2
2024-05-27,Toscana,Subito Lavoro,AZ_IT_SUBITO_SLOT_PREMIUM,65.77,5958,77,5
2024-05-27,Toscana,Subito Lavoro,AZ_IT_SUBITO_SPONSORED_ANNUNCI,41.48,3142,57,6
2024-05-27,Trentino-Alto Adige,Subito Lavoro,AZ_IT_SUBITO_RETARGETING,8.26,1211,15,1
2024-05-27,Trentino-Alto Adige,Subito Lavoro,AZ_IT_SUBITO_SLOT_PREMIUM,21.10,1881,27,1
2024-05-27,Trentino-Alto Adige,Subito Lavoro,AZ_IT_SUBITO_SPONSORED_ANNUNCI,12.65,997,17,1
2024-05-27,Umbria,Subito Lavoro,AZ_IT_SUBITO_RETARGETING,3.76,537,6,0
2024-05-27,Umbria,Subito Lavoro,AZ_IT_SUBITO_SLOT_PREMIUM,11.31,1042,16,1
2024-05-27,Umbria,Subito Lavoro,AZ_IT_SUBITO_SPONSORED_ANNUNCI,9.17,692,12,1
2024-05-27,Valle d'Aosta,Subito Lavoro,AZ_IT_SUBITO_RETARGETING,0.77,111,1,0
2024-05-27,Valle d'Aosta,Subito Lavoro,AZ_IT_SUBITO_SLOT_PREMIUM,1.82,175,3,0
2024-05-27,Valle d'Aosta,Subito Lavoro,AZ_IT_SUBITO_SPONSORED_ANNUNCI,1.50,116,2,0
2024-05-27,Veneto,Subito Lavoro,AZ_IT_SUBITO_RETARGETING,30.52,4548,58,2
2024-05-27,Veneto,Subito Lavoro,AZ_IT_SUBITO_SLOT_PREMIUM,53.42,4740,64,3
2024-05-27,Veneto,Subito Lavoro,AZ_IT_SUBITO_SPONSORED_ANNUNCI,38.44,3033,50,4
2024-06-03,Abruzzo,Subito Lavoro,AZ_IT_SUBITO_RETARGETING,5.85,843,10,0
2024-06-03,Abruzzo,Subito Lavoro,AZ_IT_SUBITO_SLOT_PREMIUM,25.95,2378,30,1
2024-06-03,Abruzzo,Subito Lavoro,AZ_IT_SUBITO_SPONSORED_ANNUNCI,23.51,1738,30,2
2024-06-03,Basilicata,Subito Lavoro,AZ_IT_SUBITO_RETARGETING,3.30,465,6,0
2024-06-03,Basilicata,Subito Lavoro,AZ_IT_SUBITO_SLOT_PREMIUM,8.96,803,11,1
2024-06-03,Basilicata,Subito Lavoro,AZ_IT_SUBITO_SPONSORED_ANNUNCI,5.68,443,7,1
2024-06-03,Calabria,Subito Lavoro,AZ_IT_SUBITO_RETARGETING,9.62,1302,16,1
2024-06-03,Calabria,Subito Lavoro,AZ_IT_SUBITO_SLOT_PREMIUM,47.82,4531,58,3
2024-06-03,Calabria,Subito Lavoro,AZ_IT_SUBITO_SPONSORED_ANNUNCI,19.36,1464,22,3
2024-06-03,Campania,Subito Lavoro,AZ_IT_SUBITO_RETARGETING,36.46,5021,60,2
2024-06-03,Campania,Subito Lavoro,AZ_IT_SUBITO_SLOT_PREMIUM,63.72,5862,67,3
2024-06-03,Campania,Subito Lavoro,AZ_IT_SUBITO_SPONSORED_ANNUNCI,85.72,6722,113,7
2024-06-03,Emilia-Romagna,Subito Lavoro,AZ_IT_SUBITO_RETARGETING,32.72,4486,63,2
2024-06-03,Emilia-Romagna,Subito Lavoro,AZ_IT_SUBITO_SLOT_PREMIUM,67.62,6076,88,3
2024-06-03,Emilia-Romagna,Subito Lavoro,AZ_IT_SUBITO_SPONSORED_ANNUNCI,66.34,4965,85,6
2024-06-03,Friuli-Venezia Giulia,Subito Lavoro,AZ_IT_SUBITO_RETARGETING,6.04,822,9,1
2024-06-03,Friuli-Venezia Giulia,Subito Lavoro,AZ_IT_SUBITO_SLOT_PREMIUM,14.57,1356,18,1
2024-06-03,Friuli-Venezia Giulia,Subito Lavoro,AZ_IT_SUBITO_SPONSORED_ANNUNCI,10.67,844,14,2
2024-06-03,Lazio,Subito Lavoro,AZ_IT_SUBITO_RETARGETING,40.16,5724,71,4
2024-06-03,Lazio,Subito Lavoro,AZ_IT_SUBITO_SLOT_PREMIUM,96.16,8464,118,7
2024-06-03,Lazio,Subito Lavoro,AZ_IT_SUBITO_SPONSORED_ANNUNCI,37.97,2621,43,5
2024-06-03,Liguria,Subito Lavoro,AZ_IT_SUBITO_RETARGETING,8.09,1076,15,0
2024-06-03,Liguria,Subito Lavoro,AZ_IT_SUBITO_SLOT_PREMIUM,42.04,3853,53,2
2024-06-03,Liguria,Subito Lavoro,AZ_IT_SUBITO_SPONSORED_ANNUNCI,11.14,830,15,1
2024-06-03,Lombardia,Subito Lavoro,AZ_IT_SUBITO_RETARGETING,47.11,6695,75,3
2024-06-03,Lombardia,Subito Lavoro,AZ_IT_SUBITO_SLOT_PREMIUM,374.23,33816,453,22
2024-06-03,Lombardia,Subito Lavoro,AZ_IT_SUBITO_SPONSORED_ANNUNCI,121.76,9927,177,9
2024-06-03,Marche,Subito Lavoro,AZ_IT_SUBITO_RETARGETING,12.26,1750,21,1
2024-06-03,Marche,Subito Lavoro,AZ_IT_SUBITO_SLOT_PREMIUM,25.37,2354,27,2
2024-06-03,Marche,Subito Lavoro,AZ_IT_SUBITO_SPONSORED_ANNUNCI,14.25,1114,19,2
2024-06-03,Molise,Subito Lavoro,AZ_IT_SUBITO_RETARGETING,1.80,259,3,0
2024-06-03,Molise,Subito Lavoro,AZ_IT_SUBITO_SLOT_PREMIUM,3.51,300,4,0
2024-06-03,Molise,Subito Lavoro,AZ_IT_SUBITO_SPONSORED_ANNUNCI,2.85,212,3,0
2024-06-03,Piemonte,Subito Lavoro,AZ_IT_SUBITO_RETARGETING,20.84,3024,31,1
2024-06-03,Piemonte,Subito Lavoro,AZ_IT_SUBITO_SLOT_PREMIUM,92.28,8195,104,5
2024-06-03,Piemonte,Subito Lavoro,AZ_IT_SUBITO_SPONSORED_ANNUNCI,47.83,3558,57,4
2024-06-03,Puglia,Subito Lavoro,AZ_IT_SUBITO_RETARGETING,23.78,3430,40,1
2024-06-03,Puglia,Subito Lavoro,AZ_IT_SUBITO_SLOT_PREMIUM,132.18,11916,155,5
2024-06-03,Puglia,Subito Lavoro,AZ_IT_SUBITO_SPONSORED_ANNUNCI,34.57,2617,47,2
2024-06-03,Sardegna,Subito Lavoro,AZ_IT_SUBITO_RETARGETING,11.90,1731,22,1
2024-06-03,Sardegna,Subito Lavoro,AZ_IT_SUBITO_SLOT_PREMIUM,25.60,2219,30,1
2024-06-03,Sardegna,Subito Lavoro,AZ_IT_SUBITO_SPONSORED_ANNUNCI,24.64,1886,30,2
2024-06-03,Sicilia,Subito Lavoro,AZ_IT_SUBITO_RETARGETING,18.20,2533,33,1
2024-06-03,Sicilia,Subito Lavoro,AZ_IT_SUBITO_SLOT_PREMIUM,56.26,4841,69,4
2024-06-03,Sicilia,Subito Lavoro,AZ_IT_SUBITO_SPONSORED_ANNUNCI,45.76,3494,65,5
2024-06-03,Toscana,Subito Lavoro,AZ_IT_SUBITO_RETARGETING,18.03,2530,30,2
2024-06-03,Toscana,Subito Lavoro,AZ_IT_SUBITO_SLOT_PREMIUM,63.97,6015,82,6
2024-06-03,Toscana,Subito Lavoro,AZ_IT_SUBITO_SPONSORED_ANNUNCI,37.03,2950,52,6
2024-06-03,Trentino-Alto Adige,Subito Lavoro,AZ_IT_SUBITO_RETARGETING,8.69,1350,17,1
2024-06-03,Trentino-Alto Adige,Subito Lavoro,AZ_IT_SUBITO_SLOT_PREMIUM,21.12,1910,25,1
2024-06-03,Trentino-Alto Adige,Subito Lavoro,AZ_IT_SUBITO_SPONSORED_ANNUNCI,11.55,944,16,1
2024-06-03,Umbria,Subito Lavoro,AZ_IT_SUBITO_RETARGETING,3.86,566,7,0
2024-06-03,Umbria,Subito Lavoro,AZ_IT_SUBITO_SLOT_PREMIUM,13.41,1269,18,1
2024-06-03,Umbria,Subito Lavoro,AZ_IT_SUBITO_SPONSORED_ANNUNCI,8.08,619,10,1
2024-06-03,Valle d'Aosta,Subito Lavoro,AZ_IT_SUBITO_RETARGETING,0.61,89,1,0
2024-06-03,Valle d'Aosta,Subito Lavoro,AZ_IT_SUBITO_SLOT_PREMIUM,1.73,157,2,0
2024-06-03,Valle d'Aosta,Subito Lavoro,AZ_IT_SUBITO_SPONSORED_ANNUNCI,1.34,104,2,0
2024-06-03,Veneto,Subito Lavoro,AZ_IT_SUBITO_RETARGETING,31.27,4256,50,3
2024-06-03,Veneto,Subito Lavoro,AZ_IT_SUBITO_SLOT_PREMIUM,54.16,5098,77,4
2024-06-03,Veneto,Subito Lavoro,AZ_IT_SUBITO_SPONSORED_ANNUNCI,29.62,2255,38,4
2024-06-10,Abruzzo,Subito Lavoro,AZ_IT_SUBITO_RETARGETING,5.94,879,10,0
2024-06-10,Abruzzo,Subito Lavoro,AZ_IT_SUBITO_SLOT_PREMIUM,21.48,1888,32,1
2024-06-10,Abruzzo,Subito Lavoro,AZ_IT_SUBITO_SPONSORED_ANNUNCI,25.06,1871,31,2
2024-06-10,Basilicata,Subito Lavoro,AZ_IT_SUBITO_RETARGETING,4.05,546,7,0
2024-06-10,Basilicata,Subito Lavoro,AZ_IT_SUBITO_SLOT_PREMIUM,9.30,863,11,1
2024-06-10,Basilicata,Subito Lavoro,AZ_IT_SUBITO_SPONSORED_ANNUNCI,6.11,480,8,1
2024-06-10,Calabria,Subito Lavoro,AZ_IT_SUBITO_RETARGETING,13.01,1762,22,1
2024-06-10,Calabria,Subito Lavoro,AZ_IT_SUBITO_SLOT_PREMIUM,54.17,4713,69,4
2024-06-10,Calabria,Subito Lavoro,AZ_IT_SUBITO_SPONSORED_ANNUNCI,24.93,1922,33,2
2024-06-10,Campania,Subito Lavoro,AZ_IT_SUBITO_RETARGETING,41.05,6009,70,3
2024-06-10,Campania,Subito Lavoro,AZ_IT_SUBITO_SLOT_PREMIUM,44.18,4067,50,2
2024-06-10,Campania,Subito Lavoro,AZ_IT_SUBITO_SPONSORED_ANNUNCI,91.79,7321,118,8
2024-06-10,Emilia-Romagna,Subito Lavoro,AZ_IT_SUBITO_RETARGETING,43.15,6454,70,3
2024-06-10,Emilia-Romagna,Subito Lavoro,AZ_IT_SUBITO_SLOT_PREMIUM,78.39,7612,110,4
2024-06-10,Emilia-Romagna,Subito Lavoro,AZ_IT_SUBITO_SPONSORED_ANNUNCI,72.97,5492,94,7
2024-06-10,Friuli-Venezia Giulia,Subito Lavoro,AZ_IT_SUBITO_RETARGETING,5.71,785,10,1
2024-06-10,Friuli-Venezia Giulia,Subito Lavoro,AZ_IT_SUBITO_SLOT_PREMIUM,13.63,1226,15,1
2024-06-10,Friuli-Venezia Giulia,Subito Lavoro,AZ_IT_SUBITO_SPONSORED_ANNUNCI,10.36,796,15,2
2024-06-10,Lazio,Subito Lavoro,AZ_IT_SUBITO_RETARGETING,34.97,4818,61,3
2024-06-10,Lazio,Subito Lavoro,AZ_IT_SUBITO_SLOT_PREMIUM,75.80,6957,94,6
2024-06-10,Lazio,Subito Lavoro,AZ_IT_SUBITO_SPONSORED_ANNUNCI,34.76,2556,42,4
2024-06-10,Liguria,Subito Lavoro,AZ_IT_SUBITO_RETARGETING,7.47,1049,13,0
2024-06-10,Liguria,Subito Lavoro,AZ_IT_SUBITO_SLOT_PREMIUM,31.20,2814,36,2
2024-06-10,Liguria,Subito Lavoro,AZ_IT_SUBITO_SPONSORED_ANNUNCI,11.23,864,14,1
2024-06-10,Lombardia,Subito Lavoro,AZ_IT_SUBITO_RETARGETING,52.88,6984,89,4
2024-06-10,Lombardia,Subito Lavoro,AZ_IT_SUBITO_SLOT_PREMIUM,300.14,27596,385,14
2024-06-10,Lombardia,Subito Lavoro,AZ_IT_SUBITO_SPONSORED_ANNUNCI,108.66,8435,162,9
2024-06-10,Marche,Subito Lavoro,AZ_IT_SUBITO_RETARGETING,10.53,1513,19,1
2024-06-10,Marche,Subito Lavoro,AZ_IT_SUBITO_SLOT_PREMIUM,23.80,2159,28,2
2024-06-10,Marche,Subito Lavoro,AZ_IT_SUBITO_SPONSORED_ANNUNCI,15.52,1171,20,3
2024-06-10,Molise,Subito Lavoro,AZ_IT_SUBITO_RETARGETING,1.82,265,3,0
2024-06-10,Molise,Subito Lavoro,AZ_IT_SUBITO_SLOT_PREMIUM,3.37,328,5,0
2024-06-10,Molise,Subito Lavoro,AZ_IT_SUBITO_SPONSORED_ANNUNCI,2.77,214,4,0
2024-06-10,Piemonte,Subito Lavoro,AZ_IT_SUBITO_RETARGETING,25.84,3611,41,1
2024-06-10,Piemonte,Subito Lavoro,AZ_IT_SUBITO_SLOT_PREMIUM,69.65,6402,87,3
2024-06-10,Piemonte,Subito Lavoro,AZ_IT_SUBITO_SPONSORED_ANNUNCI,46.57,3614,61,4
2024-06-10,Puglia,Subito Lavoro,AZ_IT_SUBITO_RETARGETING,32.55,4324,50,1
2024-06-10,Puglia,Subito Lavoro,AZ_IT_SUBITO_SLOT_PREMIUM,127.30,11268,166,5
2024-06-10,Puglia,Subito Lavoro,AZ_IT_SUBITO_SPONSORED_ANNUNCI,47.07,3424,57,3
2024-06-10,Sardegna,Subito Lavoro,AZ_IT_SUBITO_RETARGETING,16.59,2315,30,1
2024-06-10,Sardegna,Subito Lavoro,AZ_IT_SUBITO_SLOT_PREMIUM,30.32,2705,37,1
2024-06-10,Sardegna,Subito Lavoro,AZ_IT_SUBITO_SPONSORED_ANNUNCI,33.14,2450,44,3
2024-06-10,Sicilia,Subito Lavoro,AZ_IT_SUBITO_RETARGETING,26.50,3935,43,2
2024-06-10,Sicilia,Subito Lavoro,AZ_IT_SUBITO_SLOT_PREMIUM,61.55,5828,92,3
2024-06-10,Sicilia,Subito Lavoro,AZ_IT_SUBITO_SPONSORED_ANNUNCI,65.39,5011,92,6
2024-06-10,Toscana,Subito Lavoro,AZ_IT_SUBITO_RETARGETING,18.21,2663,31,2
2024-06-10,Toscana,Subito Lavoro,AZ_IT_SUBITO_SLOT_PREMIUM,60.47,5449,74,5
2024-06-10,Toscana,Subito Lavoro,AZ_IT_SUBITO_SPONSORED_ANNUNCI,37.25,2818,44,5
2024-06-10,Trentino-Alto Adige,Subito Lavoro,AZ_IT_SUBITO_RETARGETING,10.25,1461,19,1
2024-06-10,Trentino-Alto Adige,Subito Lavoro,AZ_IT_SUBITO_SLOT_PREMIUM,26.17,2469,35,1
2024-06-10,Trentino-Alto Adige,Subito Lavoro,AZ_IT_SUBITO_SPONSORED_ANNUNCI,14.31,1134,16,2
2024-06-10,Umbria,Subito Lavoro,AZ_IT_SUBITO_RETARGETING,4.46,635,7,0
2024-06-10,Umbria,Subito Lavoro,AZ_IT_SUBITO_SLOT_PREMIUM,9.74,911,12,1
2024-06-10,Umbria,Subito Lavoro,AZ_IT_SUBITO_SPONSORED_ANNUNCI,7.26,566,10,1
2024-06-10,Valle d'Aosta,Subito Lavoro,AZ_IT_SUBITO_RETARGETING,0.72,101,1,0
2024-06-10,Valle d'Aosta,Subito Lavoro,AZ_IT_SUBITO_SLOT_PREMIUM,1.39,125,2,0
2024-06-10,Valle d'Aosta,Subito Lavoro,AZ_IT_SUBITO_SPONSORED_ANNUNCI,1.36,105,2,0
2024-06-10,Veneto,Subito Lavoro,AZ_IT_SUBITO_RETARGETING,26.36,3859,44,2
2024-06-10,Veneto,Subito Lavoro,AZ_IT_SUBITO_SLOT_PREMIUM,57.39,5124,68,4
2024-06-10,Veneto,Subito Lavoro,AZ_IT_SUBITO_SPONSORED_ANNUNCI,30.26,2373,40,4
2024-06-17,Abruzzo,Subito Lavoro,AZ_IT_SUBITO_RETARGETING,3.24,473,6,0
2024-06-17,Abruzzo,Subito Lavoro,AZ_IT_SUBITO_SLOT_PREMIUM,17.27,1595,23,1
2024-06-17,Abruzzo,Subito Lavoro,AZ_IT_SUBITO_SPONSORED_ANNUNCI,14.87,1167,19,2
2024-06-17,Basilicata,Subito Lavoro,AZ_IT_SUBITO_RETARGETING,2.09,286,3,0
2024-06-17,Basilicata,Subito Lavoro,AZ_IT_SUBITO_SLOT_PREMIUM,6.60,581,8,1
2024-06-17,Basilicata,Subito Lavoro,AZ_IT_SUBITO_SPONSORED_ANNUNCI,4.01,303,5,1
2024-06-17,Calabria,Subito Lavoro,AZ_IT_SUBITO_RETARGETING,6.85,971,12,1
2024-06-17,Calabria,Subito Lavoro,AZ_IT_SUBITO_SLOT_PREMIUM,31.78,2992,42,3
2024-06-17,Calabria,Subito Lavoro,AZ_IT_SUBITO_SPONSORED_ANNUNCI,16.79,1313,24,3
2024-06-17,Campania,Subito Lavoro,AZ_IT_SUBITO_RETARGETING,21.42,3017,37,2
2024-06-17,Campania,Subito Lavoro,AZ_IT_SUBITO_SLOT_PREMIUM,33.75,3012,40,2
2024-06-17,Campania,Subito Lavoro,AZ_IT_SUBITO_SPONSORED_ANNUNCI,59.49,4814,85,8
2024-06-17,Emilia-Romagna,Subito Lavoro,AZ_IT_SUBITO_RETARGETING,26.87,3969,45,2
2024-06-17,Emilia-Romagna,Subito Lavoro,AZ_IT_SUBITO_SLOT_PREMIUM,59.19,5358,79,4
2024-06-17,Emilia-Romagna,Subito Lavoro,AZ_IT_SUBITO_SPONSORED_ANNUNCI,48.74,3836,61,5
2024-06-17,Friuli-Venezia Giulia,Subito Lavoro,AZ_IT_SUBITO_RETARGETING,2.80,413,4,0
2024-06-17,Friuli-Venezia Giulia,Subito Lavoro,AZ_IT_SUBITO_SLOT_PREMIUM,9.77,897,13,1
2024-06-17,Friuli-Venezia Giulia,Subito Lavoro,AZ_IT_SUBITO_SPONSORED_ANNUNCI,7.49,570,9,1
2024-06-17,Lazio,Subito Lavoro,AZ_IT_SUBITO_RETARGETING,16.23,2263,29,2
2024-06-17,Lazio,Subito Lavoro,AZ_IT_SUBITO_SLOT_PREMIUM,55.09,5070,78,6
2024-06-17,Lazio,Subito Lavoro,AZ_IT_SUBITO_SPONSORED_ANNUNCI,23.49,1702,26,4
2024-06-17,Liguria,Subito Lavoro,AZ_IT_SUBITO_RETARGETING,4.13,600,7,0
2024-06-17,Liguria,Subito Lavoro,AZ_IT_SUBITO_SLOT_PREMIUM,19.98,1763,19,1
2024-06-17,Liguria,Subito Lavoro,AZ_IT_SUBITO_SPONSORED_ANNUNCI,8.44,622,11,1
2024-06-17,Lombardia,Subito Lavoro,AZ_IT_SUBITO_RETARGETING,36.03,5250,53,3
2024-06-17,Lombardia,Subito Lavoro,AZ_IT_SUBITO_SLOT_PREMIUM,199.30,17047,249,14
2024-06-17,Lombardia,Subito Lavoro,AZ_IT_SUBITO_SPONSORED_ANNUNCI,76.13,5883,111,9
2024-06-17,Marche,Subito Lavoro,AZ_IT_SUBITO_RETARGETING,6.42,914,11,1
2024-06-17,Marche,Subito Lavoro,AZ_IT_SUBITO_SLOT_PREMIUM,18.10,1615,23,2
2024-06-17,Marche,Subito Lavoro,AZ_IT_SUBITO_SPONSORED_ANNUNCI,11.05,827,12,2
2024-06-17,Molise,Subito Lavoro,AZ_IT_SUBITO_RETARGETING,1.19,170,2,0
2024-06-17,Molise,Subito Lavoro,AZ_IT_SUBITO_SLOT_PREMIUM,2.25,207,3,0
2024-06-17,Molise,Subito Lavoro,AZ_IT_SUBITO_SPONSORED_ANNUNCI,1.82,135,2,0
2024-06-17,Piemonte,Subito Lavoro,AZ_IT_SUBITO_RETARGETING,15.33,2278,25,1
2024-06-17,Piemonte,Subito Lavoro,AZ_IT_SUBITO_SLOT_PREMIUM,53.32,4989,74,4
2024-06-17,Piemonte,Subito Lavoro,AZ_IT_SUBITO_SPONSORED_ANNUNCI,31.22,2459,45,4
2024-06-17,Puglia,Subito Lavoro,AZ_IT_SUBITO_RETARGETING,16.60,2335,28,1
2024-06-17,Puglia,Subito Lavoro,AZ_IT_SUBITO_SLOT_PREMIUM,84.27,7333,107,5
2024-06-17,Puglia,Subito Lavoro,AZ_IT_SUBITO_SPONSORED_ANNUNCI,27.07,2155,34,2
2024-06-17,Sardegna,Subito Lavoro,AZ_IT_SUBITO_RETARGETING,9.09,1345,17,1
2024-06-17,Sardegna,Subito Lavoro,AZ_IT_SUBITO_SLOT_PREMIUM,23.63,2144,29,2
2024-06-17,Sardegna,Subito Lavoro,AZ_IT_SUBITO_SPONSORED_ANNUNCI,22.73,1692,30,2
2024-06-17,Sicilia,Subito Lavoro,AZ_IT_SUBITO_RETARGETING,14.52,2142,25,1
2024-06-17,Sicilia,Subito Lavoro,AZ_IT_SUBITO_SLOT_PREMIUM,55.88,4826,61,4
2024-06-17,Sicilia,Subito Lavoro,AZ_IT_SUBITO_SPONSORED_ANNUNCI,41.06,3304,53,4
2024-06-17,Toscana,Subito Lavoro,AZ_IT_SUBITO_RETARGETING,9.40,1352,15,1
2024-06-17,Toscana,Subito Lavoro,AZ_IT_SUBITO_SLOT_PREMIUM,46.86,3954,57,6
2024-06-17,Toscana,Subito Lavoro,AZ_IT_SUBITO_SPONSORED_ANNUNCI,24.56,1856,29,4
2024-06-17,Trentino-Alto Adige,Subito Lavoro,AZ_IT_SUBITO_RETARGETING,5.16,718,9,1
2024-06-17,Trentino-Alto Adige,Subito Lavoro,AZ_IT_SUBITO_SLOT_PREMIUM,15.56,1508,22,1
2024-06-17,Trentino-Alto Adige,Subito Lavoro,AZ_IT_SUBITO_SPONSORED_ANNUNCI,10.03,776,14,2
2024-06-17,Umbria,Subito Lavoro,AZ_IT_SUBITO_RETARGETING,2.63,381,4,0
2024-06-17,Umbria,Subito Lavoro,AZ_IT_SUBITO_SLOT_PREMIUM,8.67,776,10,1
2024-06-17,Umbria,Subito Lavoro,AZ_IT_SUBITO_SPONSORED_ANNUNCI,5.39,393,6,1
2024-06-17,Valle d'Aosta,Subito Lavoro,AZ_IT_SUBITO_RETARGETING,0.38,54,1,0
2024-06-17,Valle d'Aosta,Subito Lavoro,AZ_IT_SUBITO_SLOT_PREMIUM,1.07,98,1,0
2024-06-17,Valle d'Aosta,Subito Lavoro,AZ_IT_SUBITO_SPONSORED_ANNUNCI,0.86,68,1,0
2024-06-17,Veneto,Subito Lavoro,AZ_IT_SUBITO_RETARGETING,15.56,2112,26,1
2024-06-17,Veneto,Subito Lavoro,AZ_IT_SUBITO_SLOT_PREMIUM,45.63,4245,55,3
2024-06-17,Veneto,Subito Lavoro,AZ_IT_SUBITO_SPONSORED_ANNUNCI,20.59,1508,25,3
2024-06-24,Abruzzo,Subito Lavoro,AZ_IT_SUBITO_RETARGETING,2.94,428,6,0
2024-06-24,Abruzzo,Subito Lavoro,AZ_IT_SUBITO_SLOT_PREMIUM,17.56,1682,25,1
2024-06-24,Abruzzo,Subito Lavoro,AZ_IT_SUBITO_SPONSORED_ANNUNCI,12.53,919,18,1
2024-06-24,Basilicata,Subito Lavoro,AZ_IT_SUBITO_RETARGETING,2.10,294,3,0
2024-06-24,Basilicata,Subito Lavoro,AZ_IT_SUBITO_SLOT_PREMIUM,7.40,669,10,1
2024-06-24,Basilicata,Subito Lavoro,AZ_IT_SUBITO_SPONSORED_ANNUNCI,3.77,291,5,0
2024-06-24,Calabria,Subito Lavoro,AZ_IT_SUBITO_RETARGETING,7.45,1079,13,1
2024-06-24,Calabria,Subito Lavoro,AZ_IT_SUBITO_SLOT_PREMIUM,35.75,3179,44,3
2024-06-24,Calabria,Subito Lavoro,AZ_IT_SUBITO_SPONSORED_ANNUNCI,13.37,979,16,2
2024-06-24,Campania,Subito Lavoro,AZ_IT_SUBITO_RETARGETING,19.63,2919,36,1
2024-06-24,Campania,Subito Lavoro,AZ_IT_SUBITO_SLOT_PREMIUM,35.16,3139,43,2
2024-06-24,Campania,Subito Lavoro,AZ_IT_SUBITO_SPONSORED_ANNUNCI,54.70,4186,74,5
2024-06-24,Emilia-Romagna,Subito Lavoro,AZ_IT_SUBITO_RETARGETING,26.60,3589,44,2
2024-06-24,Emilia-Romagna,Subito Lavoro,AZ_IT_SUBITO_SLOT_PREMIUM,61.25,5525,80,4
2024-06-24,Emilia-Romagna,Subito Lavoro,AZ_IT_SUBITO_SPONSORED_ANNUNCI,47.00,3466,60,5
2024-06-24,Friuli-Venezia Giulia,Subito Lavoro,AZ_IT_SUBITO_RETARGETING,3.15,436,5,0
2024-06-24,Friuli-Venezia Giulia,Subito Lavoro,AZ_IT_SUBITO_SLOT_PREMIUM,10.93,993,14,1
2024-06-24,Friuli-Venezia Giulia,Subito Lavoro,AZ_IT_SUBITO_SPONSORED_ANNUNCI,6.33,501,8,1
2024-06-24,Lazio,Subito Lavoro,AZ_IT_SUBITO_RETARGETING,17.57,2417,28,2
2024-06-24,Lazio,Subito Lavoro,AZ_IT_SUBITO_SLOT_PREMIUM,53.13,4830,65,5
2024-06-24,Lazio,Subito Lavoro,AZ_IT_SUBITO_SPONSORED_ANNUNCI,20.24,1595,26,3
2024-06-24,Liguria,Subito Lavoro,AZ_IT_SUBITO_RETARGETING,4.02,557,7,0
2024-06-24,Liguria,Subito Lavoro,AZ_IT_SUBITO_SLOT_PREMIUM,24.64,2199,26,2
2024-06-24,Liguria,Subito Lavoro,AZ_IT_SUBITO_SPONSORED_ANNUNCI,7.46,559,9,1
2024-06-24,Lombardia,Subito Lavoro,AZ_IT_SUBITO_RETARGETING,34.46,4941,58,3
2024-06-24,Lombardia,Subito Lavoro,AZ_IT_SUBITO_SLOT_PREMIUM,218.16,19176,250,17
2024-06-24,Lombardia,Subito Lavoro,AZ_IT_SUBITO_SPONSORED_ANNUNCI,56.21,4410,73,6
2024-06-24,Marche,Subito Lavoro,AZ_IT_SUBITO_RETARGETING,5.45,768,10,1
2024-06-24,Marche,Subito Lavoro,AZ_IT_SUBITO_SLOT_PREMIUM,19.13,1825,28,2
2024-06-24,Marche,Subito Lavoro,AZ_IT_SUBITO_SPONSORED_ANNUNCI,9.04,679,12,2
2024-06-24,Molise,Subito Lavoro,AZ_IT_SUBITO_RETARGETING,1.13,154,2,0
2024-06-24,Molise,Subito Lavoro,AZ_IT_SUBITO_SLOT_PREMIUM,2.20,200,3,0
2024-06-24,Molise,Subito Lavoro,AZ_IT_SUBITO_SPONSORED_ANNUNCI,1.55,122,2,0
2024-06-24,Piemonte,Subito Lavoro,AZ_IT_SUBITO_RETARGETING,13.24,1798,24,1
2024-06-24,Piemonte,Subito Lavoro,AZ_IT_SUBITO_SLOT_PREMIUM,54.07,4784,65,3
2024-06-24,Piemonte,Subito Lavoro,AZ_IT_SUBITO_SPONSORED_ANNUNCI,28.26,2182,35,3
2024-06-24,Puglia,Subito Lavoro,AZ_IT_SUBITO_RETARGETING,15.29,2023,22,1
2024-06-24,Puglia,Subito Lavoro,AZ_IT_SUBITO_SLOT_PREMIUM,98.49,8431,120,6
2024-06-24,Puglia,Subito Lavoro,AZ_IT_SUBITO_SPONSORED_ANNUNCI,22.74,1814,34,2
2024-06-24,Sardegna,Subito Lavoro,AZ_IT_SUBITO_RETARGETING,11.01,1600,18,1
2024-06-24,Sardegna,Subito Lavoro,AZ_IT_SUBITO_SLOT_PREMIUM,23.13,2116,29,1
2024-06-24,Sardegna,Subito Lavoro,AZ_IT_SUBITO_SPONSORED_ANNUNCI,22.93,1729,29,2
2024-06-24,Sicilia,Subito Lavoro,AZ_IT_SUBITO_RETARGETING,16.78,2344,27,1
2024-06-24,Sicilia,Subito Lavoro,AZ_IT_SUBITO_SLOT_PREMIUM,52.59,4743,64,4
2024-06-24,Sicilia,Subito Lavoro,AZ_IT_SUBITO_SPONSORED_ANNUNCI,34.17,2620,47,4
2024-06-24,Toscana,Subito Lavoro,AZ_IT_SUBITO_RETARGETING,10.80,1483,19,1
2024-06-24,Toscana,Subito Lavoro,AZ_IT_SUBITO_SLOT_PREMIUM,42.04,3719,50,4
2024-06-24,Toscana,Subito Lavoro,AZ_IT_SUBITO_SPONSORED_ANNUNCI,23.88,1859,32,4
2024-06-24,Trentino-Alto Adige,Subito Lavoro,AZ_IT_SUBITO_RETARGETING,5.68,792,10,1
2024-06-24,Trentino-Alto Adige,Subito Lavoro,AZ_IT_SUBITO_SLOT_PREMIUM,14.60,1358,17,1
2024-06-24,Trentino-Alto Adige,Subito Lavoro,AZ_IT_SUBITO_SPONSORED_ANNUNCI,8.51,685,12,1
2024-06-24,Umbria,Subito Lavoro,AZ_IT_SUBITO_RETARGETING,2.69,384,5,0
2024-06-24,Umbria,Subito Lavoro,AZ_IT_SUBITO_SLOT_PREMIUM,8.52,746,10,1
2024-06-24,Umbria,Subito Lavoro,AZ_IT_SUBITO_SPONSORED_ANNUNCI,4.96,382,7,1
2024-06-24,Valle d'Aosta,Subito Lavoro,AZ_IT_SUBITO_RETARGETING,0.39,55,1,0
2024-06-24,Valle d'Aosta,Subito Lavoro,AZ_IT_SUBITO_SLOT_PREMIUM,1.25,114,2,0
2024-06-24,Valle d'Aosta,Subito Lavoro,AZ_IT_SUBITO_SPONSORED_ANNUNCI,0.66,49,1,0
2024-06-24,Veneto,Subito Lavoro,AZ_IT_SUBITO_RETARGETING,15.90,2329,28,1
2024-06-24,Veneto,Subito Lavoro,AZ_IT_SUBITO_SLOT_PREMIUM,39.33,3628,49,3
2024-06-24,Veneto,Subito Lavoro,AZ_IT_SUBITO_SPONSORED_ANNUNCI,20.42,1488,26,2
2024-07-01,Abruzzo,Subito Lavoro,AZ_IT_SUBITO_RETARGETING,3.15,454,5,0
2024-07-01,Abruzzo,Subito Lavoro,AZ_IT_SUBITO_SLOT_PREMIUM,23.61,2076,31,1
2024-07-01,Abruzzo,Subito Lavoro,AZ_IT_SUBITO_SPONSORED_ANNUNCI,16.91,1289,20,1
2024-07-01,Basilicata,Subito Lavoro,AZ_IT_SUBITO_RETARGETING,2.38,337,4,0
2024-07-01,Basilicata,Subito Lavoro,AZ_IT_SUBITO_SLOT_PREMIUM,9.70,885,12,1
2024-07-01,Basilicata,Subito Lavoro,AZ_IT_SUBITO_SPONSORED_ANNUNCI,4.85,373,6,0
2024-07-01,Calabria,Subito Lavoro,AZ_IT_SUBITO_RETARGETING,7.18,989,13,1
2024-07-01,Calabria,Subito Lavoro,AZ_IT_SUBITO_SLOT_PREMIUM,52.28,4713,62,4
2024-07-01,Calabria,Subito Lavoro,AZ_IT_SUBITO_SPONSORED_ANNUNCI,19.42,1398,22,2
2024-07-01,Campania,Subito Lavoro,AZ_IT_SUBITO_RETARGETING,24.01,3536,43,1
2024-07-01,Campania,Subito Lavoro,AZ_IT_SUBITO_SLOT_PREMIUM,45.04,4166,53,3
2024-07-01,Campania,Subito Lavoro,AZ_IT_SUBITO_SPONSORED_ANNUNCI,68.44,5267,81,6
2024-07-01,Emilia-Romagna,Subito Lavoro,AZ_IT_SUBITO_RETARGETING,32.30,4704,60,2
2024-07-01,Emilia-Romagna,Subito Lavoro,AZ_IT_SUBITO_SLOT_PREMIUM,94.94,8821,137,5
2024-07-01,Emilia-Romagna,Subito Lavoro,AZ_IT_SUBITO_SPONSORED_ANNUNCI,60.47,4760,88,5
2024-07-01,Friuli-Venezia Giulia,Subito Lavoro,AZ_IT_SUBITO_RETARGETING,3.69,494,6,0
2024-07-01,Friuli-Venezia Giulia,Subito Lavoro,AZ_IT_SUBITO_SLOT_PREMIUM,14.25,1199,16,1
2024-07-01,Friuli-Venezia Giulia,Subito Lavoro,AZ_IT_SUBITO_SPONSORED_ANNUNCI,8.30,612,10,1
2024-07-01,Lazio,Subito Lavoro,AZ_IT_SUBITO_RETARGETING,20.30,2972,32,2
2024-07-01,Lazio,Subito Lavoro,AZ_IT_SUBITO_SLOT_PREMIUM,65.82,6062,84,7
2024-07-01,Lazio,Subito Lavoro,AZ_IT_SUBITO_SPONSORED_ANNUNCI,25.07,1889,32,3
2024-07-01,Liguria,Subito Lavoro,AZ_IT_SUBITO_RETARGETING,4.04,585,7,0
2024-07-01,Liguria,Subito Lavoro,AZ_IT_SUBITO_SLOT_PREMIUM,29.81,2746,36,2
2024-07-01,Liguria,Subito Lavoro,AZ_IT_SUBITO_SPONSORED_ANNUNCI,11.21,803,14,1
2024-07-01,Lombardia,Subito Lavoro,AZ_IT_SUBITO_RETARGETING,34.56,5000,64,2
2024-07-01,Lombardia,Subito Lavoro,AZ_IT_SUBITO_SLOT_PREMIUM,248.84,23824,352,19
2024-07-01,Lombardia,Subito Lavoro,AZ_IT_SUBITO_SPONSORED_ANNUNCI,69.15,5233,98,7
2024-07-01,Marche,Subito Lavoro,AZ_IT_SUBITO_RETARGETING,7.65,1115,14,1
2024-07-01,Marche,Subito Lavoro,AZ_IT_SUBITO_SLOT_PREMIUM,21.67,2012,30,3
2024-07-01,Marche,Subito Lavoro,AZ_IT_SUBITO_SPONSORED_ANNUNCI,12.35,930,16,1
2024-07-01,Molise,Subito Lavoro,AZ_IT_SUBITO_RETARGETING,1.23,177,2,0
2024-07-01,Molise,Subito Lavoro,AZ_IT_SUBITO_SLOT_PREMIUM,2.75,251,4,0
2024-07-01,Molise,Subito Lavoro,AZ_IT_SUBITO_SPONSORED_ANNUNCI,2.06,162,3,0
2024-07-01,Piemonte,Subito Lavoro,AZ_IT_SUBITO_RETARGETING,13.21,1970,24,1
2024-07-01,Piemonte,Subito Lavoro,AZ_IT_SUBITO_SLOT_PREMIUM,59.33,5329,75,3
2024-07-01,Piemonte,Subito Lavoro,AZ_IT_SUBITO_SPONSORED_ANNUNCI,34.01,2603,40,3
2024-07-01,Puglia,Subito Lavoro,AZ_IT_SUBITO_RETARGETING,17.08,2422,28,1
2024-07-01,Puglia,Subito Lavoro,AZ_IT_SUBITO_SLOT_PREMIUM,101.73,8926,127,5
2024-07-01,Puglia,Subito Lavoro,AZ_IT_SUBITO_SPONSORED_ANNUNCI,33.39,2605,39,2
2024-07-01,Sardegna,Subito Lavoro,AZ_IT_SUBITO_RETARGETING,11.53,1496,19,1
2024-07-01,Sardegna,Subito Lavoro,AZ_IT_SUBITO_SLOT_PREMIUM,31.05,2856,41,2
2024-07-01,Sardegna,Subito Lavoro,AZ_IT_SUBITO_SPONSORED_ANNUNCI,25.11,1978,36,2
2024-07-01,Sicilia,Subito Lavoro,AZ_IT_SUBITO_RETARGETING,17.76,2572,32,1
2024-07-01,Sicilia,Subito Lavoro,AZ_IT_SUBITO_SLOT_PREMIUM,71.79,6406,95,5
2024-07-01,Sicilia,Subito Lavoro,AZ_IT_SUBITO_SPONSORED_ANNUNCI,51.41,4218,71,4
2024-07-01,Toscana,Subito Lavoro,AZ_IT_SUBITO_RETARGETING,12.46,1831,21,1
2024-07-01,Toscana,Subito Lavoro,AZ_IT_SUBITO_SLOT_PREMIUM,53.07,4721,61,6
2024-07-01,Toscana,Subito Lavoro,AZ_IT_SUBITO_SPONSORED_ANNUNCI,29.80,2300,41,4
2024-07-01,Trentino-Alto Adige,Subito Lavoro,AZ_IT_SUBITO_RETARGETING,5.84,834,11,0
2024-07-01,Trentino-Alto Adige,Subito Lavoro,AZ_IT_SUBITO_SLOT_PREMIUM,20.27,1834,27,2
2024-07-01,Trentino-Alto Adige,Subito Lavoro,AZ_IT_SUBITO_SPONSORED_ANNUNCI,11.47,857,15,1
2024-07-01,Umbria,Subito Lavoro,AZ_IT_SUBITO_RETARGETING,3.36,471,5,0
2024-07-01,Umbria,Subito Lavoro,AZ_IT_SUBITO_SLOT_PREMIUM,10.90,1001,13,1
2024-07-01,Umbria,Subito Lavoro,AZ_IT_SUBITO_SPONSORED_ANNUNCI,5.93,443,7,1
2024-07-01,Valle d'Aosta,Subito Lavoro,AZ_IT_SUBITO_RETARGETING,0.43,64,1,0
2024-07-01,Valle d'Aosta,Subito Lavoro,AZ_IT_SUBITO_SLOT_PREMIUM,1.39,130,2,0
2024-07-01,Valle d'Aosta,Subito Lavoro,AZ_IT_SUBITO_SPONSORED_ANNUNCI,0.83,65,1,0
2024-07-01,Veneto,Subito Lavoro,AZ_IT_SUBITO_RETARGETING,17.79,2559,27,1
2024-07-01,Veneto,Subito Lavoro,AZ_IT_SUBITO_SLOT_PREMIUM,53.40,4886,64,4
2024-07-01,Veneto,Subito Lavoro,AZ_IT_SUBITO_SPONSORED_ANNUNCI,24.39,1906,33,2
2024-07-08,Abruzzo,Subito Lavoro,AZ_IT_SUBITO_RETARGETING,2.80,376,5,0
2024-07-08,Abruzzo,Subito Lavoro,AZ_IT_SUBITO_SLOT_PREMIUM,22.51,2063,29,2
2024-07-08,Abruzzo,Subito Lavoro,AZ_IT_SUBITO_SPONSORED_ANNUNCI,18.04,1399,24,2
2024-07-08,Basilicata,Subito Lavoro,AZ_IT_SUBITO_RETARGETING,2.47,349,4,0
2024-07-08,Basilicata,Subito Lavoro,AZ_IT_SUBITO_SLOT_PREMIUM,8.52,766,11,1
2024-07-08,Basilicata,Subito Lavoro,AZ_IT_SUBITO_SPONSORED_ANNUNCI,3.78,285,5,0
2024-07-08,Calabria,Subito Lavoro,AZ_IT_SUBITO_RETARGETING,6.37,875,10,1
2024-07-08,Calabria,Subito Lavoro,AZ_IT_SUBITO_SLOT_PREMIUM,39.20,3514,52,4
2024-07-08,Calabria,Subito Lavoro,AZ_IT_SUBITO_SPONSORED_ANNUNCI,17.56,1408,23,2
2024-07-08,Campania,Subito Lavoro,AZ_IT_SUBITO_RETARGETING,20.64,2952,42,1
2024-07-08,Campania,Subito Lavoro,AZ_IT_SUBITO_SLOT_PREMIUM,61.41,5538,85,4
2024-07-08,Campania,Subito Lavoro,AZ_IT_SUBITO_SPONSORED_ANNUNCI,60.26,4623,73,5
2024-07-08,Emilia-Romagna,Subito Lavoro,AZ_IT_SUBITO_RETARGETING,28.84,4003,50,2
2024-07-08,Emilia-Romagna,Subito Lavoro,AZ_IT_SUBITO_SLOT_PREMIUM,84.63,7739,110,7
2024-07-08,Emilia-Romagna,Subito Lavoro,AZ_IT_SUBITO_SPONSORED_ANNUNCI,51.37,3844,66,5
2024-07-08,Friuli-Venezia Giulia,Subito Lavoro,AZ_IT_SUBITO_RETARGETING,2.90,434,6,0
2024-07-08,Friuli-Venezia Giulia,Subito Lavoro,AZ_IT_SUBITO_SLOT_PREMIUM,13.02,1141,15,1
2024-07-08,Friuli-Venezia Giulia,Subito Lavoro,AZ_IT_SUBITO_SPONSORED_ANNUNCI,7.26,580,11,1
2024-07-08,Lazio,Subito Lavoro,AZ_IT_SUBITO_RETARGETING,15.90,2136,27,1
2024-07-08,Lazio,Subito Lavoro,AZ_IT_SUBITO_SLOT_PREMIUM,66.19,5841,78,7
2024-07-08,Lazio,Subito Lavoro,AZ_IT_SUBITO_SPONSORED_ANNUNCI,27.89,2264,42,4
2024-07-08,Liguria,Subito Lavoro,AZ_IT_SUBITO_RETARGETING,3.81,580,7,0
2024-07-08,Liguria,Subito Lavoro,AZ_IT_SUBITO_SLOT_PREMIUM,28.98,2711,36,2
2024-07-08,Liguria,Subito Lavoro,AZ_IT_SUBITO_SPONSORED_ANNUNCI,9.23,744,12,1
2024-07-08,Lombardia,Subito Lavoro,AZ_IT_SUBITO_RETARGETING,29.67,4535,50,2
2024-07-08,Lombardia,Subito Lavoro,AZ_IT_SUBITO_SLOT_PREMIUM,211.27,19244,286,18
2024-07-08,Lombardia,Subito Lavoro,AZ_IT_SUBITO_SPONSORED_ANNUNCI,64.84,4796,82,6
2024-07-08,Marche,Subito Lavoro,AZ_IT_SUBITO_RETARGETING,7.10,992,12,1
2024-07-08,Marche,Subito Lavoro,AZ_IT_SUBITO_SLOT_PREMIUM,24.05,2005,24,2
2024-07-08,Marche,Subito Lavoro,AZ_IT_SUBITO_SPONSORED_ANNUNCI,10.33,838,16,2
2024-07-08,Molise,Subito Lavoro,AZ_IT_SUBITO_RETARGETING,0.94,132,2,0
2024-07-08,Molise,Subito Lavoro,AZ_IT_SUBITO_SLOT_PREMIUM,2.34,216,3,0
2024-07-08,Molise,Subito Lavoro,AZ_IT_SUBITO_SPONSORED_ANNUNCI,1.86,141,3,0
2024-07-08,Piemonte,Subito Lavoro,AZ_IT_SUBITO_RETARGETING,11.76,1713,20,1
2024-07-08,Piemonte,Subito Lavoro,AZ_IT_SUBITO_SLOT_PREMIUM,51.24,4666,65,3
2024-07-08,Piemonte,Subito Lavoro,AZ_IT_SUBITO_SPONSORED_ANNUNCI,34.20,2576,39,3
2024-07-08,Puglia,Subito Lavoro,AZ_IT_SUBITO_RETARGETING,14.36,2129,26,1
2024-07-08,Puglia,Subito Lavoro,AZ_IT_SUBITO_SLOT_PREMIUM,96.61,8833,132,6
2024-07-08,Puglia,Subito Lavoro,AZ_IT_SUBITO_SPONSORED_ANNUNCI,28.49,2213,40,2
2024-07-08,Sardegna,Subito Lavoro,AZ_IT_SUBITO_RETARGETING,8.53,1185,14,0
2024-07-08,Sardegna,Subito Lavoro,AZ_IT_SUBITO_SLOT_PREMIUM,30.64,2784,38,2
2024-07-08,Sardegna,Subito Lavoro,AZ_IT_SUBITO_SPONSORED_ANNUNCI,21.84,1664,27,2
2024-07-08,Sicilia,Subito Lavoro,AZ_IT_SUBITO_RETARGETING,14.07,1979,27,1
2024-07-08,Sicilia,Subito Lavoro,AZ_IT_SUBITO_SLOT_PREMIUM,79.64,7606,103,5
2024-07-08,Sicilia,Subito Lavoro,AZ_IT_SUBITO_SPONSORED_ANNUNCI,41.93,3167,55,4
2024-07-08,Toscana,Subito Lavoro,AZ_IT_SUBITO_RETARGETING,11.61,1736,19,1
2024-07-08,Toscana,Subito Lavoro,AZ_IT_SUBITO_SLOT_PREMIUM,47.32,4299,63,4
2024-07-08,Toscana,Subito Lavoro,AZ_IT_SUBITO_SPONSORED_ANNUNCI,24.59,1866,33,4
2024-07-08,Trentino-Alto Adige,Subito Lavoro,AZ_IT_SUBITO_RETARGETING,6.28,915,11,0
2024-07-08,Trentino-Alto Adige,Subito Lavoro,AZ_IT_SUBITO_SLOT_PREMIUM,19.66,1663,24,1
2024-07-08,Trentino-Alto Adige,Subito Lavoro,AZ_IT_SUBITO_SPONSORED_ANNUNCI,9.76,754,13,1
2024-07-08,Umbria,Subito Lavoro,AZ_IT_SUBITO_RETARGETING,2.89,411,5,0
2024-07-08,Umbria,Subito Lavoro,AZ_IT_SUBITO_SLOT_PREMIUM,8.55,810,12,1
2024-07-08,Umbria,Subito Lavoro,AZ_IT_SUBITO_SPONSORED_ANNUNCI,6.04,459,8,1
2024-07-08,Valle d'Aosta,Subito Lavoro,AZ_IT_SUBITO_RETARGETING,0.44,63,1,0
2024-07-08,Valle d'Aosta,Subito Lavoro,AZ_IT_SUBITO_SLOT_PREMIUM,1.29,121,2,0
2024-07-08,Valle d'Aosta,Subito Lavoro,AZ_IT_SUBITO_SPONSORED_ANNUNCI,0.86,68,1,0
2024-07-08,Veneto,Subito Lavoro,AZ_IT_SUBITO_RETARGETING,12.04,1811,22,1
2024-07-08,Veneto,Subito Lavoro,AZ_IT_SUBITO_SLOT_PREMIUM,51.02,4545,61,5
2024-07-08,Veneto,Subito Lavoro,AZ_IT_SUBITO_SPONSORED_ANNUNCI,23.49,1798,31,3
2024-07-15,Abruzzo,Subito Lavoro,AZ_IT_SUBITO_RETARGETING,2.83,401,4,0
2024-07-15,Abruzzo,Subito Lavoro,AZ_IT_SUBITO_SLOT_PREMIUM,25.51,2283,30,1
2024-07-15,Abruzzo,Subito Lavoro,AZ_IT_SUBITO_SPONSORED_ANNUNCI,18.66,1398,24,1
2024-07-15,Basilicata,Subito Lavoro,AZ_IT_SUBITO_RETARGETING,2.32,322,4,0
2024-07-15,Basilicata,Subito Lavoro,AZ_IT_SUBITO_SLOT_PREMIUM,7.63,713,10,1
2024-07-15,Basilicata,Subito Lavoro,AZ_IT_SUBITO_SPONSORED_ANNUNCI,5.04,373,7,0
2024-07-15,Calabria,Subito Lavoro,AZ_IT_SUBITO_RETARGETING,7.27,1047,13,1
2024-07-15,Calabria,Subito Lavoro,AZ_IT_SUBITO_SLOT_PREMIUM,40.40,3969,61,4
2024-07-15,Calabria,Subito Lavoro,AZ_IT_SUBITO_SPONSORED_ANNUNCI,25.99,2024,35,3
2024-07-15,Campania,Subito Lavoro,AZ_IT_SUBITO_RETARGETING,27.35,3986,50,1
2024-07-15,Campania,Subito Lavoro,AZ_IT_SUBITO_SLOT_PREMIUM,67.50,6236,77,4
2024-07-15,Campania,Subito Lavoro,AZ_IT_SUBITO_SPONSORED_ANNUNCI,77.10,5951,95,6
2024-07-15,Emilia-Romagna,Subito Lavoro,AZ_IT_SUBITO_RETARGETING,28.17,3902,45,1
2024-07-15,Emilia-Romagna,Subito Lavoro,AZ_IT_SUBITO_SLOT_PREMIUM,103.63,9218,133,6
2024-07-15,Emilia-Romagna,Subito Lavoro,AZ_IT_SUBITO_SPONSORED_ANNUNCI,72.49,5645,98,5
2024-07-15,Friuli-Venezia Giulia,Subito Lavoro,AZ_IT_SUBITO_RETARGETING,2.88,414,5,0
2024-07-15,Friuli-Venezia Giulia,Subito Lavoro,AZ_IT_SUBITO_SLOT_PREMIUM,14.30,1325,18,1
2024-07-15,Friuli-Venezia Giulia,Subito Lavoro,AZ_IT_SUBITO_SPONSORED_ANNUNCI,10.67,823,14,2
2024-07-15,Lazio,Subito Lavoro,AZ_IT_SUBITO_RETARGETING,15.90,2268,27,1
2024-07-15,Lazio,Subito Lavoro,AZ_IT_SUBITO_SLOT_PREMIUM,72.04,6410,90,7
2024-07-15,Lazio,Subito Lavoro,AZ_IT_SUBITO_SPONSORED_ANNUNCI,33.78,2632,47,4
2024-07-15,Liguria,Subito Lavoro,AZ_IT_SUBITO_RETARGETING,3.99,578,7,0
2024-07-15,Liguria,Subito Lavoro,AZ_IT_SUBITO_SLOT_PREMIUM,32.45,2881,44,2
2024-07-15,Liguria,Subito Lavoro,AZ_IT_SUBITO_SPONSORED_ANNUNCI,11.98,902,16,1
2024-07-15,Lombardia,Subito Lavoro,AZ_IT_SUBITO_RETARGETING,26.03,3851,52,1
2024-07-15,Lombardia,Subito Lavoro,AZ_IT_SUBITO_SLOT_PREMIUM,274.35,24806,370,19
2024-07-15,Lombardia,Subito Lavoro,AZ_IT_SUBITO_SPONSORED_ANNUNCI,87.72,6709,118,7
2024-07-15,Marche,Subito Lavoro,AZ_IT_SUBITO_RETARGETING,5.57,802,9,0
2024-07-15,Marche,Subito Lavoro,AZ_IT_SUBITO_SLOT_PREMIUM,28.80,2681,40,3
2024-07-15,Marche,Subito Lavoro,AZ_IT_SUBITO_SPONSORED_ANNUNCI,14.37,1159,18,2
2024-07-15,Molise,Subito Lavoro,AZ_IT_SUBITO_RETARGETING,1.00,146,2,0
2024-07-15,Molise,Subito Lavoro,AZ_IT_SUBITO_SLOT_PREMIUM,3.34,313,5,0
2024-07-15,Molise,Subito Lavoro,AZ_IT_SUBITO_SPONSORED_ANNUNCI,2.44,190,3,0
2024-07-15,Piemonte,Subito Lavoro,AZ_IT_SUBITO_RETARGETING,11.71,1637,20,1
2024-07-15,Piemonte,Subito Lavoro,AZ_IT_SUBITO_SLOT_PREMIUM,67.83,5915,84,4
2024-07-15,Piemonte,Subito Lavoro,AZ_IT_SUBITO_SPONSORED_ANNUNCI,41.74,3315,52,3
2024-07-15,Puglia,Subito Lavoro,AZ_IT_SUBITO_RETARGETING,13.83,1982,25,1
2024-07-15,Puglia,Subito Lavoro,AZ_IT_SUBITO_SLOT_PREMIUM,116.12,10351,152,6
2024-07-15,Puglia,Subito Lavoro,AZ_IT_SUBITO_SPONSORED_ANNUNCI,40.73,3009,47,3
2024-07-15,Sardegna,Subito Lavoro,AZ_IT_SUBITO_RETARGETING,9.69,1341,15,0
2024-07-15,Sardegna,Subito Lavoro,AZ_IT_SUBITO_SLOT_PREMIUM,33.70,2909,48,2
2024-07-15,Sardegna,Subito Lavoro,AZ_IT_SUBITO_SPONSORED_ANNUNCI,33.43,2532,42,3
2024-07-15,Sicilia,Subito Lavoro,AZ_IT_SUBITO_RETARGETING,19.54,2696,38,1
2024-07-15,Sicilia,Subito Lavoro,AZ_IT_SUBITO_SLOT_PREMIUM,88.37,8291,117,5
2024-07-15,Sicilia,Subito Lavoro,AZ_IT_SUBITO_SPONSORED_ANNUNCI,47.81,3590,63,4
2024-07-15,Toscana,Subito Lavoro,AZ_IT_SUBITO_RETARGETING,10.84,1585,20,1
2024-07-15,Toscana,Subito Lavoro,AZ_IT_SUBITO_SLOT_PREMIUM,57.52,5288,75,6
2024-07-15,Toscana,Subito Lavoro,AZ_IT_SUBITO_SPONSORED_ANNUNCI,38.52,2855,49,4
2024-07-15,Trentino-Alto Adige,Subito Lavoro,AZ_IT_SUBITO_RETARGETING,5.46,778,10,0
2024-07-15,Trentino-Alto Adige,Subito Lavoro,AZ_IT_SUBITO_SLOT_PREMIUM,24.11,2217,30,2
2024-07-15,Trentino-Alto Adige,Subito Lavoro,AZ_IT_SUBITO_SPONSORED_ANNUNCI,12.40,952,16,1
2024-07-15,Umbria,Subito Lavoro,AZ_IT_SUBITO_RETARGETING,2.99,434,5,0
2024-07-15,Umbria,Subito Lavoro,AZ_IT_SUBITO_SLOT_PREMIUM,10.72,975,12,1
2024-07-15,Umbria,Subito Lavoro,AZ_IT_SUBITO_SPONSORED_ANNUNCI,8.03,609,10,1
2024-07-15,Valle d'Aosta,Subito Lavoro,AZ_IT_SUBITO_RETARGETING,0.38,54,1,0
2024-07-15,Valle d'Aosta,Subito Lavoro,AZ_IT_SUBITO_SLOT_PREMIUM,1.75,160,2,0
2024-07-15,Valle d'Aosta,Subito Lavoro,AZ_IT_SUBITO_SPONSORED_ANNUNCI,1.05,80,2,0
2024-07-15,Veneto,Subito Lavoro,AZ_IT_SUBITO_RETARGETING,12.35,1716,21,1
2024-07-15,Veneto,Subito Lavoro,AZ_IT_SUBITO_SLOT_PREMIUM,54.97,5040,70,4
2024-07-15,Veneto,Subito Lavoro,AZ_IT_SUBITO_SPONSORED_ANNUNCI,31.43,2424,39,3
2024-07-22,Abruzzo,Subito Lavoro,AZ_IT_SUBITO_RETARGETING,3.41,520,6,0
2024-07-22,Abruzzo,Subito Lavoro,AZ_IT_SUBITO_SLOT_PREMIUM,37.04,3402,50,2
2024-07-22,Abruzzo,Subito Lavoro,AZ_IT_SUBITO_SPONSORED_ANNUNCI,21.91,1665,25,2
2024-07-22,Basilicata,Subito Lavoro,AZ_IT_SUBITO_RETARGETING,2.65,368,5,0
2024-07-22,Basilicata,Subito Lavoro,AZ_IT_SUBITO_SLOT_PREMIUM,11.29,1000,14,1
2024-07-22,Basilicata,Subito Lavoro,AZ_IT_SUBITO_SPONSORED_ANNUNCI,6.79,529,9,1
2024-07-22,Calabria,Subito Lavoro,AZ_IT_SUBITO_RETARGETING,7.83,1107,14,0
2024-07-22,Calabria,Subito Lavoro,AZ_IT_SUBITO_SLOT_PREMIUM,68.09,6354,98,5
2024-07-22,Calabria,Subito Lavoro,AZ_IT_SUBITO_SPONSORED_ANNUNCI,29.68,2346,37,3
2024-07-22,Campania,Subito Lavoro,AZ_IT_SUBITO_RETARGETING,28.41,4324,49,1
2024-07-22,Campania,Subito Lavoro,AZ_IT_SUBITO_SLOT_PREMIUM,74.12,6986,96,5
2024-07-22,Campania,Subito Lavoro,AZ_IT_SUBITO_SPONSORED_ANNUNCI,70.58,5130,89,6
2024-07-22,Emilia-Romagna,Subito Lavoro,AZ_IT_SUBITO_RETARGETING,35.08,4980,68,2
2024-07-22,Emilia-Romagna,Subito Lavoro,AZ_IT_SUBITO_SLOT_PREMIUM,154.49,14149,179,7
2024-07-22,Emilia-Romagna,Subito Lavoro,AZ_IT_SUBITO_SPONSORED_ANNUNCI,81.13,6155,93,5
2024-07-22,Friuli-Venezia Giulia,Subito Lavoro,AZ_IT_SUBITO_RETARGETING,3.19,452,5,0
2024-07-22,Friuli-Venezia Giulia,Subito Lavoro,AZ_IT_SUBITO_SLOT_PREMIUM,19.36,1748,27,1
2024-07-22,Friuli-Venezia Giulia,Subito Lavoro,AZ_IT_SUBITO_SPONSORED_ANNUNCI,12.38,976,14,1
2024-07-22,Lazio,Subito Lavoro,AZ_IT_SUBITO_RETARGETING,21.01,2973,36,2
2024-07-22,Lazio,Subito Lavoro,AZ_IT_SUBITO_SLOT_PREMIUM,105.42,10131,145,8
2024-07-22,Lazio,Subito Lavoro,AZ_IT_SUBITO_SPONSORED_ANNUNCI,34.57,2603,42,4
2024-07-22,Liguria,Subito Lavoro,AZ_IT_SUBITO_RETARGETING,4.80,647,7,0
2024-07-22,Liguria,Subito Lavoro,AZ_IT_SUBITO_SLOT_PREMIUM,50.04,4650,66,3
2024-07-22,Liguria,Subito Lavoro,AZ_IT_SUBITO_SPONSORED_ANNUNCI,10.78,868,16,1
2024-07-22,Lombardia,Subito Lavoro,AZ_IT_SUBITO_RETARGETING,35.33,4921,64,2
2024-07-22,Lombardia,Subito Lavoro,AZ_IT_SUBITO_SLOT_PREMIUM,349.63,30241,360,18
2024-07-22,Lombardia,Subito Lavoro,AZ_IT_SUBITO_SPONSORED_ANNUNCI,87.12,7025,115,7
2024-07-22,Marche,Subito Lavoro,AZ_IT_SUBITO_RETARGETING,5.60,819,10,0
2024-07-22,Marche,Subito Lavoro,AZ_IT_SUBITO_SLOT_PREMIUM,38.00,3523,51,4
2024-07-22,Marche,Subito Lavoro,AZ_IT_SUBITO_SPONSORED_ANNUNCI,15.75,1175,21,2
2024-07-22,Molise,Subito Lavoro,AZ_IT_SUBITO_RETARGETING,1.09,153,2,0
2024-07-22,Molise,Subito Lavoro,AZ_IT_SUBITO_SLOT_PREMIUM,4.85,456,6,0
2024-07-22,Molise,Subito Lavoro,AZ_IT_SUBITO_SPONSORED_ANNUNCI,2.63,200,3,0
2024-07-22,Piemonte,Subito Lavoro,AZ_IT_SUBITO_RETARGETING,12.33,1648,21,1
2024-07-22,Piemonte,Subito Lavoro,AZ_IT_SUBITO_SLOT_PREMIUM,91.96,8318,124,5
2024-07-22,Piemonte,Subito Lavoro,AZ_IT_SUBITO_SPONSORED_ANNUNCI,52.10,4051,61,3
2024-07-22,Puglia,Subito Lavoro,AZ_IT_SUBITO_RETARGETING,14.12,1933,24,0
2024-07-22,Puglia,Subito Lavoro,AZ_IT_SUBITO_SLOT_PREMIUM,178.94,15637,214,7
2024-07-22,Puglia,Subito Lavoro,AZ_IT_SUBITO_SPONSORED_ANNUNCI,52.11,4200,71,2
2024-07-22,Sardegna,Subito Lavoro,AZ_IT_SUBITO_RETARGETING,11.84,1717,20,1
2024-07-22,Sardegna,Subito Lavoro,AZ_IT_SUBITO_SLOT_PREMIUM,53.14,5011,73,2
2024-07-22,Sardegna,Subito Lavoro,AZ_IT_SUBITO_SPONSORED_ANNUNCI,36.51,2848,53,2
2024-07-22,Sicilia,Subito Lavoro,AZ_IT_SUBITO_RETARGETING,19.27,2740,34,1
2024-07-22,Sicilia,Subito Lavoro,AZ_IT_SUBITO_SLOT_PREMIUM,120.69,11073,155,7
2024-07-22,Sicilia,Subito Lavoro,AZ_IT_SUBITO_SPONSORED_ANNUNCI,58.98,4577,79,4
2024-07-22,Toscana,Subito Lavoro,AZ_IT_SUBITO_RETARGETING,11.01,1675,20,1
2024-07-22,Toscana,Subito Lavoro,AZ_IT_SUBITO_SLOT_PREMIUM,94.58,8917,122,9
2024-07-22,Toscana,Subito Lavoro,AZ_IT_SUBITO_SPONSORED_ANNUNCI,46.31,3588,66,5
2024-07-22,Trentino-Alto Adige,Subito Lavoro,AZ_IT_SUBITO_RETARGETING,5.97,816,10,0
2024-07-22,Trentino-Alto Adige,Subito Lavoro,AZ_IT_SUBITO_SLOT_PREMIUM,30.87,2826,37,2
2024-07-22,Trentino-Alto Adige,Subito Lavoro,AZ_IT_SUBITO_SPONSORED_ANNUNCI,14.31,1116,19,1
2024-07-22,Umbria,Subito Lavoro,AZ_IT_SUBITO_RETARGETING,2.51,359,4,0
2024-07-22,Umbria,Subito Lavoro,AZ_IT_SUBITO_SLOT_PREMIUM,19.06,1644,20,2
2024-07-22,Umbria,Subito Lavoro,AZ_IT_SUBITO_SPONSORED_ANNUNCI,8.99,692,13,1
2024-07-22,Valle d'Aosta,Subito Lavoro,AZ_IT_SUBITO_RETARGETING,0.42,59,1,0
2024-07-22,Valle d'Aosta,Subito Lavoro,AZ_IT_SUBITO_SLOT_PREMIUM,2.21,206,3,0
2024-07-22,Valle d'Aosta,Subito Lavoro,AZ_IT_SUBITO_SPONSORED_ANNUNCI,1.03,79,1,0
2024-07-22,Veneto,Subito Lavoro,AZ_IT_SUBITO_RETARGETING,16.22,2301,27,1
2024-07-22,Veneto,Subito Lavoro,AZ_IT_SUBITO_SLOT_PREMIUM,76.43,7093,101,6
2024-07-22,Veneto,Subito Lavoro,AZ_IT_SUBITO_SPONSORED_ANNUNCI,31.26,2392,36,3
2024-07-29,Abruzzo,Subito Lavoro,AZ_IT_SUBITO_RETARGETING,3.28,447,6,0
2024-07-29,Abruzzo,Subito Lavoro,AZ_IT_SUBITO_SLOT_PREMIUM,27.67,2443,35,2
2024-07-29,Abruzzo,Subito Lavoro,AZ_IT_SUBITO_SPONSORED_ANNUNCI,14.83,1140,18,1
2024-07-29,Basilicata,Subito Lavoro,AZ_IT_SUBITO_RETARGETING,1.60,222,2,0
2024-07-29,Basilicata,Subito Lavoro,AZ_IT_SUBITO_SLOT_PREMIUM,8.89,869,13,1
2024-07-29,Basilicata,Subito Lavoro,AZ_IT_SUBITO_SPONSORED_ANNUNCI,5.44,416,8,1
2024-07-29,Calabria,Subito Lavoro,AZ_IT_SUBITO_RETARGETING,6.09,899,10,1
2024-07-29,Calabria,Subito Lavoro,AZ_IT_SUBITO_SLOT_PREMIUM,49.27,4356,63,4
2024-07-29,Calabria,Subito Lavoro,AZ_IT_SUBITO_SPONSORED_ANNUNCI,19.71,1580,26,3
2024-07-29,Campania,Subito Lavoro,AZ_IT_SUBITO_RETARGETING,24.15,3423,38,2
2024-07-29,Campania,Subito Lavoro,AZ_IT_SUBITO_SLOT_PREMIUM,52.87,4702,75,4
2024-07-29,Campania,Subito Lavoro,AZ_IT_SUBITO_SPONSORED_ANNUNCI,50.63,3977,68,5
2024-07-29,Emilia-Romagna,Subito Lavoro,AZ_IT_SUBITO_RETARGETING,27.46,4055,44,2
2024-07-29,Emilia-Romagna,Subito Lavoro,AZ_IT_SUBITO_SLOT_PREMIUM,95.30,9073,122,8
2024-07-29,Emilia-Romagna,Subito Lavoro,AZ_IT_SUBITO_SPONSORED_ANNUNCI,58.28,4484,78,5
2024-07-29,Friuli-Venezia Giulia,Subito Lavoro,AZ_IT_SUBITO_RETARGETING,2.55,361,4,0
2024-07-29,Friuli-Venezia Giulia,Subito Lavoro,AZ_IT_SUBITO_SLOT_PREMIUM,12.51,1092,17,1
2024-07-29,Friuli-Venezia Giulia,Subito Lavoro,AZ_IT_SUBITO_SPONSORED_ANNUNCI,10.68,869,15,2
2024-07-29,Lazio,Subito Lavoro,AZ_IT_SUBITO_RETARGETING,17.49,2534,31,1
2024-07-29,Lazio,Subito Lavoro,AZ_IT_SUBITO_SLOT_PREMIUM,78.41,7109,101,9
2024-07-29,Lazio,Subito Lavoro,AZ_IT_SUBITO_SPONSORED_ANNUNCI,32.98,2397,39,4
2024-07-29,Liguria,Subito Lavoro,AZ_IT_SUBITO_RETARGETING,3.90,548,7,0
2024-07-29,Liguria,Subito Lavoro,AZ_IT_SUBITO_SLOT_PREMIUM,38.16,3398,50,2
2024-07-29,Liguria,Subito Lavoro,AZ_IT_SUBITO_SPONSORED_ANNUNCI,8.57,652,11,1
2024-07-29,Lombardia,Subito Lavoro,AZ_IT_SUBITO_RETARGETING,28.65,4066,51,2
2024-07-29,Lombardia,Subito Lavoro,AZ_IT_SUBITO_SLOT_PREMIUM,254.50,23127,346,17
2024-07-29,Lombardia,Subito Lavoro,AZ_IT_SUBITO_SPONSORED_ANNUNCI,75.16,5789,98,7
2024-07-29,Marche,Subito Lavoro,AZ_IT_SUBITO_RETARGETING,5.51,763,9,1
2024-07-29,Marche,Subito Lavoro,AZ_IT_SUBITO_SLOT_PREMIUM,25.73,2269,24,3
2024-07-29,Marche,Subito Lavoro,AZ_IT_SUBITO_SPONSORED_ANNUNCI,11.36,872,16,2
2024-07-29,Molise,Subito Lavoro,AZ_IT_SUBITO_RETARGETING,1.00,143,2,0
2024-07-29,Molise,Subito Lavoro,AZ_IT_SUBITO_SLOT_PREMIUM,3.88,374,6,0
2024-07-29,Molise,Subito Lavoro,AZ_IT_SUBITO_SPONSORED_ANNUNCI,2.09,164,3,0
2024-07-29,Piemonte,Subito Lavoro,AZ_IT_SUBITO_RETARGETING,9.64,1450,17,1
2024-07-29,Piemonte,Subito Lavoro,AZ_IT_SUBITO_SLOT_PREMIUM,66.24,5860,85,4
2024-07-29,Piemonte,Subito Lavoro,AZ_IT_SUBITO_SPONSORED_ANNUNCI,31.72,2486,41,2
2024-07-29,Puglia,Subito Lavoro,AZ_IT_SUBITO_RETARGETING,11.45,1643,18,0
2024-07-29,Puglia,Subito Lavoro,AZ_IT_SUBITO_SLOT_PREMIUM,127.42,11842,157,7
2024-07-29,Puglia,Subito Lavoro,AZ_IT_SUBITO_SPONSORED_ANNUNCI,41.92,3259,62,2
2024-07-29,Sardegna,Subito Lavoro,AZ_IT_SUBITO_RETARGETING,9.66,1446,17,0
2024-07-29,Sardegna,Subito Lavoro,AZ_IT_SUBITO_SLOT_PREMIUM,36.69,3191,43,2
2024-07-29,Sardegna,Subito Lavoro,AZ_IT_SUBITO_SPONSORED_ANNUNCI,25.19,1873,36,2
2024-07-29,Sicilia,Subito Lavoro,AZ_IT_SUBITO_RETARGETING,13.05,1900,24,1
2024-07-29,Sicilia,Subito Lavoro,AZ_IT_SUBITO_SLOT_PREMIUM,100.29,9069,134,7
2024-07-29,Sicilia,Subito Lavoro,AZ_IT_SUBITO_SPONSORED_ANNUNCI,41.39,3275,55,4
2024-07-29,Toscana,Subito Lavoro,AZ_IT_SUBITO_RETARGETING,9.87,1414,17,1
2024-07-29,Toscana,Subito Lavoro,AZ_IT_SUBITO_SLOT_PREMIUM,60.17,5689,78,6
2024-07-29,Toscana,Subito Lavoro,AZ_IT_SUBITO_SPONSORED_ANNUNCI,30.79,2329,37,4
2024-07-29,Trentino-Alto Adige,Subito Lavoro,AZ_IT_SUBITO_RETARGETING,5.39,745,8,0
2024-07-29,Trentino-Alto Adige,Subito Lavoro,AZ_IT_SUBITO_SLOT_PREMIUM,20.47,1869,25,2
2024-07-29,Trentino-Alto Adige,Subito Lavoro,AZ_IT_SUBITO_SPONSORED_ANNUNCI,10.95,842,15,1
2024-07-29,Umbria,Subito Lavoro,AZ_IT_SUBITO_RETARGETING,2.01,283,3,0
2024-07-29,Umbria,Subito Lavoro,AZ_IT_SUBITO_SLOT_PREMIUM,12.46,1178,16,1
2024-07-29,Umbria,Subito Lavoro,AZ_IT_SUBITO_SPONSORED_ANNUNCI,7.43,579,11,1
2024-07-29,Valle d'Aosta,Subito Lavoro,AZ_IT_SUBITO_RETARGETING,0.35,52,1,0
2024-07-29,Valle d'Aosta,Subito Lavoro,AZ_IT_SUBITO_SLOT_PREMIUM,1.60,145,2,0
2024-07-29,Valle d'Aosta,Subito Lavoro,AZ_IT_SUBITO_SPONSORED_ANNUNCI,0.98,70,1,0
2024-07-29,Veneto,Subito Lavoro,AZ_IT_SUBITO_RETARGETING,15.31,2100,22,1
2024-07-29,Veneto,Subito Lavoro,AZ_IT_SUBITO_SLOT_PREMIUM,60.12,5574,71,5
2024-07-29,Veneto,Subito Lavoro,AZ_IT_SUBITO_SPONSORED_ANNUNCI,21.63,1650,30,2
2024-08-05,Abruzzo,Subito Lavoro,AZ_IT_SUBITO_RETARGETING,2.70,382,4,0
2024-08-05,Abruzzo,Subito Lavoro,AZ_IT_SUBITO_SLOT_PREMIUM,18.06,1652,23,2
2024-08-05,Abruzzo,Subito Lavoro,AZ_IT_SUBITO_SPONSORED_ANNUNCI,12.81,925,16,1
2024-08-05,Basilicata,Subito Lavoro,AZ_IT_SUBITO_RETARGETING,1.27,185,2,0
2024-08-05,Basilicata,Subito Lavoro,AZ_IT_SUBITO_SLOT_PREMIUM,6.64,587,7,1
2024-08-05,Basilicata,Subito Lavoro,AZ_IT_SUBITO_SPONSORED_ANNUNCI,3.61,276,4,0
2024-08-05,Calabria,Subito Lavoro,AZ_IT_SUBITO_RETARGETING,4.30,618,7,0
2024-08-05,Calabria,Subito Lavoro,AZ_IT_SUBITO_SLOT_PREMIUM,37.39,3519,51,4
2024-08-05,Calabria,Subito Lavoro,AZ_IT_SUBITO_SPONSORED_ANNUNCI,14.60,1055,19,2
2024-08-05,Campania,Subito Lavoro,AZ_IT_SUBITO_RETARGETING,14.10,2189,27,1
2024-08-05,Campania,Subito Lavoro,AZ_IT_SUBITO_SLOT_PREMIUM,36.67,3252,42,3
2024-08-05,Campania,Subito Lavoro,AZ_IT_SUBITO_SPONSORED_ANNUNCI,41.58,3308,52,5
2024-08-05,Emilia-Romagna,Subito Lavoro,AZ_IT_SUBITO_RETARGETING,14.18,2062,21,1
2024-08-05,Emilia-Romagna,Subito Lavoro,AZ_IT_SUBITO_SLOT_PREMIUM,77.67,7162,114,7
2024-08-05,Emilia-Romagna,Subito Lavoro,AZ_IT_SUBITO_SPONSORED_ANNUNCI,47.45,3589,59,4
2024-08-05,Friuli-Venezia Giulia,Subito Lavoro,AZ_IT_SUBITO_RETARGETING,1.75,251,3,0
2024-08-05,Friuli-Venezia Giulia,Subito Lavoro,AZ_IT_SUBITO_SLOT_PREMIUM,9.39,849,12,1
2024-08-05,Friuli-Venezia Giulia,Subito Lavoro,AZ_IT_SUBITO_SPONSORED_ANNUNCI,8.21,618,10,1
2024-08-05,Lazio,Subito Lavoro,AZ_IT_SUBITO_RETARGETING,13.12,1844,21,1
2024-08-05,Lazio,Subito Lavoro,AZ_IT_SUBITO_SLOT_PREMIUM,56.86,5219,77,6
2024-08-05,Lazio,Subito Lavoro,AZ_IT_SUBITO_SPONSORED_ANNUNCI,25.60,2096,33,3
2024-08-05,Liguria,Subito Lavoro,AZ_IT_SUBITO_RETARGETING,2.85,400,5,0
2024-08-05,Liguria,Subito Lavoro,AZ_IT_SUBITO_SLOT_PREMIUM,25.83,2351,29,2
2024-08-05,Liguria,Subito Lavoro,AZ_IT_SUBITO_SPONSORED_ANNUNCI,6.07,464,8,1
2024-08-05,Lombardia,Subito Lavoro,AZ_IT_SUBITO_RETARGETING,20.79,2929,38,2
2024-08-05,Lombardia,Subito Lavoro,AZ_IT_SUBITO_SLOT_PREMIUM,155.19,14986,224,13
2024-08-05,Lombardia,Subito Lavoro,AZ_IT_SUBITO_SPONSORED_ANNUNCI,64.50,5082,79,7
2024-08-05,Marche,Subito Lavoro,AZ_IT_SUBITO_RETARGETING,3.76,543,7,0
2024-08-05,Marche,Subito Lavoro,AZ_IT_SUBITO_SLOT_PREMIUM,17.27,1604,20,2
2024-08-05,Marche,Subito Lavoro,AZ_IT_SUBITO_SPONSORED_ANNUNCI,10.60,787,13,2
2024-08-05,Molise,Subito Lavoro,AZ_IT_SUBITO_RETARGETING,0.70,109,1,0
2024-08-05,Molise,Subito Lavoro,AZ_IT_SUBITO_SLOT_PREMIUM,2.91,261,4,0
2024-08-05,Molise,Subito Lavoro,AZ_IT_SUBITO_SPONSORED_ANNUNCI,1.69,126,2,0
2024-08-05,Piemonte,Subito Lavoro,AZ_IT_SUBITO_RETARGETING,6.87,975,13,0
2024-08-05,Piemonte,Subito Lavoro,AZ_IT_SUBITO_SLOT_PREMIUM,38.59,3487,43,2
2024-08-05,Piemonte,Subito Lavoro,AZ_IT_SUBITO_SPONSORED_ANNUNCI,29.24,2238,40,3
2024-08-05,Puglia,Subito Lavoro,AZ_IT_SUBITO_RETARGETING,9.22,1320,15,1
2024-08-05,Puglia,Subito Lavoro,AZ_IT_SUBITO_SLOT_PREMIUM,98.71,8975,123,5
2024-08-05,Puglia,Subito Lavoro,AZ_IT_SUBITO_SPONSORED_ANNUNCI,32.28,2432,43,2
2024-08-05,Sardegna,Subito Lavoro,AZ_IT_SUBITO_RETARGETING,6.85,971,11,0
2024-08-05,Sardegna,Subito Lavoro,AZ_IT_SUBITO_SLOT_PREMIUM,20.55,1846,26,2
2024-08-05,Sardegna,Subito Lavoro,AZ_IT_SUBITO_SPONSORED_ANNUNCI,20.20,1524,28,2
2024-08-05,Sicilia,Subito Lavoro,AZ_IT_SUBITO_RETARGETING,9.37,1325,15,1
2024-08-05,Sicilia,Subito Lavoro,AZ_IT_SUBITO_SLOT_PREMIUM,64.94,5679,78,4
2024-08-05,Sicilia,Subito Lavoro,AZ_IT_SUBITO_SPONSORED_ANNUNCI,28.40,2172,41,3
2024-08-05,Toscana,Subito Lavoro,AZ_IT_SUBITO_RETARGETING,6.92,943,11,1
2024-08-05,Toscana,Subito Lavoro,AZ_IT_SUBITO_SLOT_PREMIUM,47.65,4601,61,8
2024-08-05,Toscana,Subito Lavoro,AZ_IT_SUBITO_SPONSORED_ANNUNCI,21.73,1632,24,4
2024-08-05,Trentino-Alto Adige,Subito Lavoro,AZ_IT_SUBITO_RETARGETING,2.97,415,5,0
2024-08-05,Trentino-Alto Adige,Subito Lavoro,AZ_IT_SUBITO_SLOT_PREMIUM,12.71,1188,17,1
2024-08-05,Trentino-Alto Adige,Subito Lavoro,AZ_IT_SUBITO_SPONSORED_ANNUNCI,9.29,679,12,1
2024-08-05,Umbria,Subito Lavoro,AZ_IT_SUBITO_RETARGETING,1.40,196,2,0
2024-08-05,Umbria,Subito Lavoro,AZ_IT_SUBITO_SLOT_PREMIUM,7.57,675,9,1
2024-08-05,Umbria,Subito Lavoro,AZ_IT_SUBITO_SPONSORED_ANNUNCI,5.79,450,7,1
2024-08-05,Valle d'Aosta,Subito Lavoro,AZ_IT_SUBITO_RETARGETING,0.24,36,0,0
2024-08-05,Valle d'Aosta,Subito Lavoro,AZ_IT_SUBITO_SLOT_PREMIUM,1.29,118,2,0
2024-08-05,Valle d'Aosta,Subito Lavoro,AZ_IT_SUBITO_SPONSORED_ANNUNCI,0.75,57,1,0
2024-08-05,Veneto,Subito Lavoro,AZ_IT_SUBITO_RETARGETING,10.57,1452,19,1
2024-08-05,Veneto,Subito Lavoro,AZ_IT_SUBITO_SLOT_PREMIUM,39.29,3708,53,4
2024-08-05,Veneto,Subito Lavoro,AZ_IT_SUBITO_SPONSORED_ANNUNCI,17.43,1316,20,3
2024-08-12,Abruzzo,Subito Lavoro,AZ_IT_SUBITO_RETARGETING,3.50,501,6,0
2024-08-12,Abruzzo,Subito Lavoro,AZ_IT_SUBITO_SLOT_PREMIUM,18.70,1678,22,1
2024-08-12,Abruzzo,Subito Lavoro,AZ_IT_SUBITO_SPONSORED_ANNUNCI,15.13,1221,24,1
2024-08-12,Basilicata,Subito Lavoro,AZ_IT_SUBITO_RETARGETING,1.67,243,3,0
2024-08-12,Basilicata,Subito Lavoro,AZ_IT_SUBITO_SLOT_PREMIUM,6.95,598,9,1
2024-08-12,Basilicata,Subito Lavoro,AZ_IT_SUBITO_SPONSORED_ANNUNCI,3.95,310,5,0
2024-08-12,Calabria,Subito Lavoro,AZ_IT_SUBITO_RETARGETING,5.59,803,10,1
2024-08-12,Calabria,Subito Lavoro,AZ_IT_SUBITO_SLOT_PREMIUM,26.51,2350,35,3
2024-08-12,Calabria,Subito Lavoro,AZ_IT_SUBITO_SPONSORED_ANNUNCI,13.87,1051,18,2
2024-08-12,Campania,Subito Lavoro,AZ_IT_SUBITO_RETARGETING,18.68,2580,30,1
2024-08-12,Campania,Subito Lavoro,AZ_IT_SUBITO_SLOT_PREMIUM,42.07,3689,50,3
2024-08-12,Campania,Subito Lavoro,AZ_IT_SUBITO_SPONSORED_ANNUNCI,45.53,3468,66,5
2024-08-12,Emilia-Romagna,Subito Lavoro,AZ_IT_SUBITO_RETARGETING,15.80,2249,29,1
2024-08-12,Emilia-Romagna,Subito Lavoro,AZ_IT_SUBITO_SLOT_PREMIUM,70.29,6380,91,6
2024-08-12,Emilia-Romagna,Subito Lavoro,AZ_IT_SUBITO_SPONSORED_ANNUNCI,43.25,3093,52,4
2024-08-12,Friuli-Venezia Giulia,Subito Lavoro,AZ_IT_SUBITO_RETARGETING,2.35,307,4,0
2024-08-12,Friuli-Venezia Giulia,Subito Lavoro,AZ_IT_SUBITO_SLOT_PREMIUM,11.14,973,14,1
2024-08-12,Friuli-Venezia Giulia,Subito Lavoro,AZ_IT_SUBITO_SPONSORED_ANNUNCI,8.67,646,9,1
2024-08-12,Lazio,Subito Lavoro,AZ_IT_SUBITO_RETARGETING,14.02,2065,27,1
2024-08-12,Lazio,Subito Lavoro,AZ_IT_SUBITO_SLOT_PREMIUM,68.38,6376,96,6
2024-08-12,Lazio,Subito Lavoro,AZ_IT_SUBITO_SPONSORED_ANNUNCI,24.75,1917,38,4
2024-08-12,Liguria,Subito Lavoro,AZ_IT_SUBITO_RETARGETING,3.69,535,6,0
2024-08-12,Liguria,Subito Lavoro,AZ_IT_SUBITO_SLOT_PREMIUM,27.58,2522,42,2
2024-08-12,Liguria,Subito Lavoro,AZ_IT_SUBITO_SPONSORED_ANNUNCI,8.60,691,13,1
2024-08-12,Lombardia,Subito Lavoro,AZ_IT_SUBITO_RETARGETING,23.82,3290,41,2
2024-08-12,Lombardia,Subito Lavoro,AZ_IT_SUBITO_SLOT_PREMIUM,180.76,16770,257,14
2024-08-12,Lombardia,Subito Lavoro,AZ_IT_SUBITO_SPONSORED_ANNUNCI,85.29,6409,101,8
2024-08-12,Marche,Subito Lavoro,AZ_IT_SUBITO_RETARGETING,5.22,770,9,1
2024-08-12,Marche,Subito Lavoro,AZ_IT_SUBITO_SLOT_PREMIUM,21.17,1959,25,3
2024-08-12,Marche,Subito Lavoro,AZ_IT_SUBITO_SPONSORED_ANNUNCI,9.92,754,14,1
2024-08-12,Molise,Subito Lavoro,AZ_IT_SUBITO_RETARGETING,0.86,122,2,0
2024-08-12,Molise,Subito Lavoro,AZ_IT_SUBITO_SLOT_PREMIUM,2.91,256,4,0
2024-08-12,Molise,Subito Lavoro,AZ_IT_SUBITO_SPONSORED_ANNUNCI,1.69,130,2,0
2024-08-12,Piemonte,Subito Lavoro,AZ_IT_SUBITO_RETARGETING,8.46,1221,13,1
2024-08-12,Piemonte,Subito Lavoro,AZ_IT_SUBITO_SLOT_PREMIUM,39.97,3391,57,3
2024-08-12,Piemonte,Subito Lavoro,AZ_IT_SUBITO_SPONSORED_ANNUNCI,33.52,2593,40,3
2024-08-12,Puglia,Subito Lavoro,AZ_IT_SUBITO_RETARGETING,10.28,1469,16,1
2024-08-12,Puglia,Subito Lavoro,AZ_IT_SUBITO_SLOT_PREMIUM,74.31,6927,90,5
2024-08-12,Puglia,Subito Lavoro,AZ_IT_SUBITO_SPONSORED_ANNUNCI,24.73,1835,33,2
2024-08-12,Sardegna,Subito Lavoro,AZ_IT_SUBITO_RETARGETING,6.73,950,12,0
2024-08-12,Sardegna,Subito Lavoro,AZ_IT_SUBITO_SLOT_PREMIUM,18.36,1633,25,1
2024-08-12,Sardegna,Subito Lavoro,AZ_IT_SUBITO_SPONSORED_ANNUNCI,15.72,1162,19,1
2024-08-12,Sicilia,Subito Lavoro,AZ_IT_SUBITO_RETARGETING,10.79,1509,18,1
2024-08-12,Sicilia,Subito Lavoro,AZ_IT_SUBITO_SLOT_PREMIUM,56.16,5212,76,5
2024-08-12,Sicilia,Subito Lavoro,AZ_IT_SUBITO_SPONSORED_ANNUNCI,28.58,2364,40,3
2024-08-12,Toscana,Subito Lavoro,AZ_IT_SUBITO_RETARGETING,9.78,1450,17,1
2024-08-12,Toscana,Subito Lavoro,AZ_IT_SUBITO_SLOT_PREMIUM,49.94,4522,64,5
2024-08-12,Toscana,Subito Lavoro,AZ_IT_SUBITO_SPONSORED_ANNUNCI,21.34,1561,28,4
2024-08-12,Trentino-Alto Adige,Subito Lavoro,AZ_IT_SUBITO_RETARGETING,3.26,464,6,0
2024-08-12,Trentino-Alto Adige,Subito Lavoro,AZ_IT_SUBITO_SLOT_PREMIUM,12.89,1179,17,1
2024-08-12,Trentino-Alto Adige,Subito Lavoro,AZ_IT_SUBITO_SPONSORED_ANNUNCI,6.86,548,10,1
2024-08-12,Umbria,Subito Lavoro,AZ_IT_SUBITO_RETARGETING,1.89,265,3,0
2024-08-12,Umbria,Subito Lavoro,AZ_IT_SUBITO_SLOT_PREMIUM,9.96,931,13,1
2024-08-12,Umbria,Subito Lavoro,AZ_IT_SUBITO_SPONSORED_ANNUNCI,5.76,448,8,1
2024-08-12,Valle d'Aosta,Subito Lavoro,AZ_IT_SUBITO_RETARGETING,0.33,47,1,0
2024-08-12,Valle d'Aosta,Subito Lavoro,AZ_IT_SUBITO_SLOT_PREMIUM,1.53,136,2,0
2024-08-12,Valle d'Aosta,Subito Lavoro,AZ_IT_SUBITO_SPONSORED_ANNUNCI,0.83,64,1,0
2024-08-12,Veneto,Subito Lavoro,AZ_IT_SUBITO_RETARGETING,11.43,1648,19,1
2024-08-12,Veneto,Subito Lavoro,AZ_IT_SUBITO_SLOT_PREMIUM,42.40,3770,57,4
2024-08-12,Veneto,Subito Lavoro,AZ_IT_SUBITO_SPONSORED_ANNUNCI,21.66,1678,23,2
2024-08-19,Abruzzo,Subito Lavoro,AZ_IT_SUBITO_RETARGETING,4.46,641,8,0
2024-08-19,Abruzzo,Subito Lavoro,AZ_IT_SUBITO_SLOT_PREMIUM,24.91,2356,29,1
2024-08-19,Abruzzo,Subito Lavoro,AZ_IT_SUBITO_SPONSORED_ANNUNCI,18.96,1533,25,1
2024-08-19,Basilicata,Subito Lavoro,AZ_IT_SUBITO_RETARGETING,2.71,398,5,0
2024-08-19,Basilicata,Subito Lavoro,AZ_IT_SUBITO_SLOT_PREMIUM,11.01,1029,14,1
2024-08-19,Basilicata,Subito Lavoro,AZ_IT_SUBITO_SPONSORED_ANNUNCI,4.30,331,6,0
2024-08-19,Calabria,Subito Lavoro,AZ_IT_SUBITO_RETARGETING,8.00,1157,15,1
2024-08-19,Calabria,Subito Lavoro,AZ_IT_SUBITO_SLOT_PREMIUM,38.57,3550,50,4
2024-08-19,Calabria,Subito Lavoro,AZ_IT_SUBITO_SPONSORED_ANNUNCI,16.82,1313,20,2
2024-08-19,Campania,Subito Lavoro,AZ_IT_SUBITO_RETARGETING,27.61,3965,42,2
2024-08-19,Campania,Subito Lavoro,AZ_IT_SUBITO_SLOT_PREMIUM,58.92,5139,70,4
2024-08-19,Campania,Subito Lavoro,AZ_IT_SUBITO_SPONSORED_ANNUNCI,53.03,4283,72,5
2024-08-19,Emilia-Romagna,Subito Lavoro,AZ_IT_SUBITO_RETARGETING,19.23,2780,30,1
2024-08-19,Emilia-Romagna,Subito Lavoro,AZ_IT_SUBITO_SLOT_PREMIUM,88.13,7961,113,6
2024-08-19,Emilia-Romagna,Subito Lavoro,AZ_IT_SUBITO_SPONSORED_ANNUNCI,55.85,4420,77,5
2024-08-19,Friuli-Venezia Giulia,Subito Lavoro,AZ_IT_SUBITO_RETARGETING,3.88,565,6,0
2024-08-19,Friuli-Venezia Giulia,Subito Lavoro,AZ_IT_SUBITO_SLOT_PREMIUM,14.70,1294,21,1
2024-08-19,Friuli-Venezia Giulia,Subito Lavoro,AZ_IT_SUBITO_SPONSORED_ANNUNCI,9.47,691,12,1
2024-08-19,Lazio,Subito Lavoro,AZ_IT_SUBITO_RETARGETING,22.78,3114,38,2
2024-08-19,Lazio,Subito Lavoro,AZ_IT_SUBITO_SLOT_PREMIUM,81.27,7247,103,7
2024-08-19,Lazio,Subito Lavoro,AZ_IT_SUBITO_SPONSORED_ANNUNCI,27.34,1996,37,3
2024-08-19,Liguria,Subito Lavoro,AZ_IT_SUBITO_RETARGETING,5.33,754,9,0
2024-08-19,Liguria,Subito Lavoro,AZ_IT_SUBITO_SLOT_PREMIUM,37.13,3293,47,2
2024-08-19,Liguria,Subito Lavoro,AZ_IT_SUBITO_SPONSORED_ANNUNCI,11.04,855,14,1
2024-08-19,Lombardia,Subito Lavoro,AZ_IT_SUBITO_RETARGETING,35.13,4812,64,2
2024-08-19,Lombardia,Subito Lavoro,AZ_IT_SUBITO_SLOT_PREMIUM,243.10,21402,321,18
2024-08-19,Lombardia,Subito Lavoro,AZ_IT_SUBITO_SPONSORED_ANNUNCI,78.60,5897,99,7
2024-08-19,Marche,Subito Lavoro,AZ_IT_SUBITO_RETARGETING,7.53,1049,13,1
2024-08-19,Marche,Subito Lavoro,AZ_IT_SUBITO_SLOT_PREMIUM,30.39,2761,40,3
2024-08-19,Marche,Subito Lavoro,AZ_IT_SUBITO_SPONSORED_ANNUNCI,10.76,832,14,1
2024-08-19,Molise,Subito Lavoro,AZ_IT_SUBITO_RETARGETING,1.16,165,2,0
2024-08-19,Molise,Subito Lavoro,AZ_IT_SUBITO_SLOT_PREMIUM,3.65,323,5,0
2024-08-19,Molise,Subito Lavoro,AZ_IT_SUBITO_SPONSORED_ANNUNCI,1.56,121,2,0
2024-08-19,Piemonte,Subito Lavoro,AZ_IT_SUBITO_RETARGETING,18.28,2594,31,1
2024-08-19,Piemonte,Subito Lavoro,AZ_IT_SUBITO_SLOT_PREMIUM,59.48,5331,73,3
2024-08-19,Piemonte,Subito Lavoro,AZ_IT_SUBITO_SPONSORED_ANNUNCI,40.42,3270,50,3
2024-08-19,Puglia,Subito Lavoro,AZ_IT_SUBITO_RETARGETING,16.12,2274,29,1
2024-08-19,Puglia,Subito Lavoro,AZ_IT_SUBITO_SLOT_PREMIUM,99.48,8814,124,5
2024-08-19,Puglia,Subito Lavoro,AZ_IT_SUBITO_SPONSORED_ANNUNCI,25.83,1965,37,2
2024-08-19,Sardegna,Subito Lavoro,AZ_IT_SUBITO_RETARGETING,9.21,1297,15,0
2024-08-19,Sardegna,Subito Lavoro,AZ_IT_SUBITO_SLOT_PREMIUM,25.41,2401,35,2
2024-08-19,Sardegna,Subito Lavoro,AZ_IT_SUBITO_SPONSORED_ANNUNCI,20.33,1554,28,2
2024-08-19,Sicilia,Subito Lavoro,AZ_IT_SUBITO_RETARGETING,19.35,2662,31,1
2024-08-19,Sicilia,Subito Lavoro,AZ_IT_SUBITO_SLOT_PREMIUM,75.21,6886,100,5
2024-08-19,Sicilia,Subito Lavoro,AZ_IT_SUBITO_SPONSORED_ANNUNCI,37.08,2753,44,4
2024-08-19,Toscana,Subito Lavoro,AZ_IT_SUBITO_RETARGETING,15.49,2151,25,1
2024-08-19,Toscana,Subito Lavoro,AZ_IT_SUBITO_SLOT_PREMIUM,52.86,4878,64,6
2024-08-19,Toscana,Subito Lavoro,AZ_IT_SUBITO_SPONSORED_ANNUNCI,25.43,1949,34,3
2024-08-19,Trentino-Alto Adige,Subito Lavoro,AZ_IT_SUBITO_RETARGETING,4.74,636,8,0
2024-08-19,Trentino-Alto Adige,Subito Lavoro,AZ_IT_SUBITO_SLOT_PREMIUM,20.70,1875,24,2
2024-08-19,Trentino-Alto Adige,Subito Lavoro,AZ_IT_SUBITO_SPONSORED_ANNUNCI,9.89,735,12,1
2024-08-19,Umbria,Subito Lavoro,AZ_IT_SUBITO_RETARGETING,2.63,368,4,0
2024-08-19,Umbria,Subito Lavoro,AZ_IT_SUBITO_SLOT_PREMIUM,12.72,1156,17,1
2024-08-19,Umbria,Subito Lavoro,AZ_IT_SUBITO_SPONSORED_ANNUNCI,5.95,465,8,1
2024-08-19,Valle d'Aosta,Subito Lavoro,AZ_IT_SUBITO_RETARGETING,0.60,85,1,0
2024-08-19,Valle d'Aosta,Subito Lavoro,AZ_IT_SUBITO_SLOT_PREMIUM,1.83,167,2,0
2024-08-19,Valle d'Aosta,Subito Lavoro,AZ_IT_SUBITO_SPONSORED_ANNUNCI,0.89,68,1,0
2024-08-19,Veneto,Subito Lavoro,AZ_IT_SUBITO_RETARGETING,18.73,2657,33,1
2024-08-19,Veneto,Subito Lavoro,AZ_IT_SUBITO_SLOT_PREMIUM,54.58,5187,73,4
2024-08-19,Veneto,Subito Lavoro,AZ_IT_SUBITO_SPONSORED_ANNUNCI,23.12,1760,27,2
2024-08-26,Abruzzo,Subito Lavoro,AZ_IT_SUBITO_RETARGETING,3.04,444,5,0
2024-08-26,Abruzzo,Subito Lavoro,AZ_IT_SUBITO_SLOT_PREMIUM,21.33,2004,28,1
2024-08-26,Abruzzo,Subito Lavoro,AZ_IT_SUBITO_SPONSORED_ANNUNCI,16.20,1275,24,2
2024-08-26,Basilicata,Subito Lavoro,AZ_IT_SUBITO_RETARGETING,2.03,297,4,0
2024-08-26,Basilicata,Subito Lavoro,AZ_IT_SUBITO_SLOT_PREMIUM,6.71,612,8,1
2024-08-26,Basilicata,Subito Lavoro,AZ_IT_SUBITO_SPONSORED_ANNUNCI,4.17,321,6,0
2024-08-26,Calabria,Subito Lavoro,AZ_IT_SUBITO_RETARGETING,5.46,771,9,0
2024-08-26,Calabria,Subito Lavoro,AZ_IT_SUBITO_SLOT_PREMIUM,36.95,3265,47,4
2024-08-26,Calabria,Subito Lavoro,AZ_IT_SUBITO_SPONSORED_ANNUNCI,17.10,1346,21,2
2024-08-26,Campania,Subito Lavoro,AZ_IT_SUBITO_RETARGETING,25.48,3589,42,2
2024-08-26,Campania,Subito Lavoro,AZ_IT_SUBITO_SLOT_PREMIUM,46.24,4289,60,3
2024-08-26,Campania,Subito Lavoro,AZ_IT_SUBITO_SPONSORED_ANNUNCI,50.47,3801,54,5
2024-08-26,Emilia-Romagna,Subito Lavoro,AZ_IT_SUBITO_RETARGETING,16.82,2515,32,1
2024-08-26,Emilia-Romagna,Subito Lavoro,AZ_IT_SUBITO_SLOT_PREMIUM,80.93,7252,110,5
2024-08-26,Emilia-Romagna,Subito Lavoro,AZ_IT_SUBITO_SPONSORED_ANNUNCI,44.52,3502,60,4
2024-08-26,Friuli-Venezia Giulia,Subito Lavoro,AZ_IT_SUBITO_RETARGETING,3.07,437,4,0
2024-08-26,Friuli-Venezia Giulia,Subito Lavoro,AZ_IT_SUBITO_SLOT_PREMIUM,13.85,1243,18,2
2024-08-26,Friuli-Venezia Giulia,Subito Lavoro,AZ_IT_SUBITO_SPONSORED_ANNUNCI,8.33,619,11,1
2024-08-26,Lazio,Subito Lavoro,AZ_IT_SUBITO_RETARGETING,20.64,2912,31,2
2024-08-26,Lazio,Subito Lavoro,AZ_IT_SUBITO_SLOT_PREMIUM,68.12,6158,81,7
2024-08-26,Lazio,Subito Lavoro,AZ_IT_SUBITO_SPONSORED_ANNUNCI,27.68,2183,35,4
2024-08-26,Liguria,Subito Lavoro,AZ_IT_SUBITO_RETARGETING,4.11,591,7,0
2024-08-26,Liguria,Subito Lavoro,AZ_IT_SUBITO_SLOT_PREMIUM,34.69,3167,43,2
2024-08-26,Liguria,Subito Lavoro,AZ_IT_SUBITO_SPONSORED_ANNUNCI,8.51,641,10,1
2024-08-26,Lombardia,Subito Lavoro,AZ_IT_SUBITO_RETARGETING,29.21,4293,55,2
2024-08-26,Lombardia,Subito Lavoro,AZ_IT_SUBITO_SLOT_PREMIUM,198.51,18573,256,18
2024-08-26,Lombardia,Subito Lavoro,AZ_IT_SUBITO_SPONSORED_ANNUNCI,67.62,5022,89,7
2024-08-26,Marche,Subito Lavoro,AZ_IT_SUBITO_RETARGETING,6.66,968,11,1
2024-08-26,Marche,Subito Lavoro,AZ_IT_SUBITO_SLOT_PREMIUM,24.10,2125,28,3
2024-08-26,Marche,Subito Lavoro,AZ_IT_SUBITO_SPONSORED_ANNUNCI,11.54,891,15,2
2024-08-26,Molise,Subito Lavoro,AZ_IT_SUBITO_RETARGETING,0.95,138,2,0
2024-08-26,Molise,Subito Lavoro,AZ_IT_SUBITO_SLOT_PREMIUM,3.58,331,5,0
2024-08-26,Molise,Subito Lavoro,AZ_IT_SUBITO_SPONSORED_ANNUNCI,1.42,114,2,0
2024-08-26,Piemonte,Subito Lavoro,AZ_IT_SUBITO_RETARGETING,12.78,1821,21,1
2024-08-26,Piemonte,Subito Lavoro,AZ_IT_SUBITO_SLOT_PREMIUM,55.71,5018,68,4
2024-08-26,Piemonte,Subito Lavoro,AZ_IT_SUBITO_SPONSORED_ANNUNCI,30.93,2379,43,3
2024-08-26,Puglia,Subito Lavoro,AZ_IT_SUBITO_RETARGETING,10.91,1539,18,1
2024-08-26,Puglia,Subito Lavoro,AZ_IT_SUBITO_SLOT_PREMIUM,93.16,9245,129,6
2024-08-26,Puglia,Subito Lavoro,AZ_IT_SUBITO_SPONSORED_ANNUNCI,27.57,2122,36,2
2024-08-26,Sardegna,Subito Lavoro,AZ_IT_SUBITO_RETARGETING,7.03,1077,13,0
2024-08-26,Sardegna,Subito Lavoro,AZ_IT_SUBITO_SLOT_PREMIUM,22.12,2003,29,2
2024-08-26,Sardegna,Subito Lavoro,AZ_IT_SUBITO_SPONSORED_ANNUNCI,17.62,1300,25,2
2024-08-26,Sicilia,Subito Lavoro,AZ_IT_SUBITO_RETARGETING,15.97,2120,27,1
2024-08-26,Sicilia,Subito Lavoro,AZ_IT_SUBITO_SLOT_PREMIUM,55.63,5220,67,3
2024-08-26,Sicilia,Subito Lavoro,AZ_IT_SUBITO_SPONSORED_ANNUNCI,35.48,2941,58,4
2024-08-26,Toscana,Subito Lavoro,AZ_IT_SUBITO_RETARGETING,10.63,1502,18,1
2024-08-26,Toscana,Subito Lavoro,AZ_IT_SUBITO_SLOT_PREMIUM,48.70,4659,65,6
2024-08-26,Toscana,Subito Lavoro,AZ_IT_SUBITO_SPONSORED_ANNUNCI,20.77,1538,27,3
2024-08-26,Trentino-Alto Adige,Subito Lavoro,AZ_IT_SUBITO_RETARGETING,4.05,581,8,0
2024-08-26,Trentino-Alto Adige,Subito Lavoro,AZ_IT_SUBITO_SLOT_PREMIUM,15.03,1325,21,2
2024-08-26,Trentino-Alto Adige,Subito Lavoro,AZ_IT_SUBITO_SPONSORED_ANNUNCI,9.30,721,12,1
2024-08-26,Umbria,Subito Lavoro,AZ_IT_SUBITO_RETARGETING,1.83,257,3,0
2024-08-26,Umbria,Subito Lavoro,AZ_IT_SUBITO_SLOT_PREMIUM,9.02,819,12,1
2024-08-26,Umbria,Subito Lavoro,AZ_IT_SUBITO_SPONSORED_ANNUNCI,3.82,297,5,1
2024-08-26,Valle d'Aosta,Subito Lavoro,AZ_IT_SUBITO_RETARGETING,0.48,67,1,0
2024-08-26,Valle d'Aosta,Subito Lavoro,AZ_IT_SUBITO_SLOT_PREMIUM,1.56,144,2,0
2024-08-26,Valle d'Aosta,Subito Lavoro,AZ_IT_SUBITO_SPONSORED_ANNUNCI,0.84,64,1,0
2024-08-26,Veneto,Subito Lavoro,AZ_IT_SUBITO_RETARGETING,14.58,2037,25,1
2024-08-26,Veneto,Subito Lavoro,AZ_IT_SUBITO_SLOT_PREMIUM,45.85,4057,60,4
2024-08-26,Veneto,Subito Lavoro,AZ_IT_SUBITO_SPONSORED_ANNUNCI,24.14,1886,33,3
2024-09-02,Abruzzo,Subito Lavoro,AZ_IT_SUBITO_RETARGETING,4.54,636,8,0
2024-09-02,Abruzzo,Subito Lavoro,AZ_IT_SUBITO_SLOT_PREMIUM,25.29,2272,34,2
2024-09-02,Abruzzo,Subito Lavoro,AZ_IT_SUBITO_SPONSORED_ANNUNCI,20.96,1650,26,1
2024-09-02,Basilicata,Subito Lavoro,AZ_IT_SUBITO_RETARGETING,3.03,442,6,0
2024-09-02,Basilicata,Subito Lavoro,AZ_IT_SUBITO_SLOT_PREMIUM,7.79,702,8,1
2024-09-02,Basilicata,Subito Lavoro,AZ_IT_SUBITO_SPONSORED_ANNUNCI,5.27,383,7,1
2024-09-02,Calabria,Subito Lavoro,AZ_IT_SUBITO_RETARGETING,6.96,990,13,1
2024-09-02,Calabria,Subito Lavoro,AZ_IT_SUBITO_SLOT_PREMIUM,33.71,3138,44,3
2024-09-02,Calabria,Subito Lavoro,AZ_IT_SUBITO_SPONSORED_ANNUNCI,22.00,1776,29,3
2024-09-02,Campania,Subito Lavoro,AZ_IT_SUBITO_RETARGETING,32.21,4545,56,2
2024-09-02,Campania,Subito Lavoro,AZ_IT_SUBITO_SLOT_PREMIUM,57.98,5529,79,4
2024-09-02,Campania,Subito Lavoro,AZ_IT_SUBITO_SPONSORED_ANNUNCI,60.56,4547,73,5
2024-09-02,Emilia-Romagna,Subito Lavoro,AZ_IT_SUBITO_RETARGETING,24.95,3597,44,1
2024-09-02,Emilia-Romagna,Subito Lavoro,AZ_IT_SUBITO_SLOT_PREMIUM,90.55,8186,121,6
2024-09-02,Emilia-Romagna,Subito Lavoro,AZ_IT_SUBITO_SPONSORED_ANNUNCI,45.36,3443,57,4
2024-09-02,Friuli-Venezia Giulia,Subito Lavoro,AZ_IT_SUBITO_RETARGETING,3.96,536,7,0
2024-09-02,Friuli-Venezia Giulia,Subito Lavoro,AZ_IT_SUBITO_SLOT_PREMIUM,16.66,1472,22,2
2024-09-02,Friuli-Venezia Giulia,Subito Lavoro,AZ_IT_SUBITO_SPONSORED_ANNUNCI,9.40,705,12,1
2024-09-02,Lazio,Subito Lavoro,AZ_IT_SUBITO_RETARGETING,26.81,3773,46,2
2024-09-02,Lazio,Subito Lavoro,AZ_IT_SUBITO_SLOT_PREMIUM,74.65,7229,99,7
2024-09-02,Lazio,Subito Lavoro,AZ_IT_SUBITO_SPONSORED_ANNUNCI,29.07,2159,38,4
2024-09-02,Liguria,Subito Lavoro,AZ_IT_SUBITO_RETARGETING,7.32,1018,10,0
2024-09-02,Liguria,Subito Lavoro,AZ_IT_SUBITO_SLOT_PREMIUM,43.43,4016,56,2
2024-09-02,Liguria,Subito Lavoro,AZ_IT_SUBITO_SPONSORED_ANNUNCI,9.90,790,14,1
2024-09-02,Lombardia,Subito Lavoro,AZ_IT_SUBITO_RETARGETING,36.18,5111,64,2
2024-09-02,Lombardia,Subito Lavoro,AZ_IT_SUBITO_SLOT_PREMIUM,231.76,21570,288,21
2024-09-02,Lombardia,Subito Lavoro,AZ_IT_SUBITO_SPONSORED_ANNUNCI,72.60,5532,94,7
2024-09-02,Marche,Subito Lavoro,AZ_IT_SUBITO_RETARGETING,10.50,1443,16,1
2024-09-02,Marche,Subito Lavoro,AZ_IT_SUBITO_SLOT_PREMIUM,27.32,2359,36,2
2024-09-02,Marche,Subito Lavoro,AZ_IT_SUBITO_SPONSORED_ANNUNCI,13.87,1094,19,2
2024-09-02,Molise,Subito Lavoro,AZ_IT_SUBITO_RETARGETING,1.51,220,3,0
2024-09-02,Molise,Subito Lavoro,AZ_IT_SUBITO_SLOT_PREMIUM,3.91,339,4,0
2024-09-02,Molise,Subito Lavoro,AZ_IT_SUBITO_SPONSORED_ANNUNCI,1.54,121,2,0
2024-09-02,Piemonte,Subito Lavoro,AZ_IT_SUBITO_RETARGETING,16.98,2356,28,1
2024-09-02,Piemonte,Subito Lavoro,AZ_IT_SUBITO_SLOT_PREMIUM,56.15,5049,64,3
2024-09-02,Piemonte,Subito Lavoro,AZ_IT_SUBITO_SPONSORED_ANNUNCI,36.08,2900,46,3
2024-09-02,Puglia,Subito Lavoro,AZ_IT_SUBITO_RETARGETING,14.46,1977,25,1
2024-09-02,Puglia,Subito Lavoro,AZ_IT_SUBITO_SLOT_PREMIUM,103.61,9584,149,5
2024-09-02,Puglia,Subito Lavoro,AZ_IT_SUBITO_SPONSORED_ANNUNCI,28.96,2141,37,2
2024-09-02,Sardegna,Subito Lavoro,AZ_IT_SUBITO_RETARGETING,9.01,1268,16,1
2024-09-02,Sardegna,Subito Lavoro,AZ_IT_SUBITO_SLOT_PREMIUM,25.40,2311,32,2
2024-09-02,Sardegna,Subito Lavoro,AZ_IT_SUBITO_SPONSORED_ANNUNCI,19.03,1438,24,2
2024-09-02,Sicilia,Subito Lavoro,AZ_IT_SUBITO_RETARGETING,23.91,3368,43,2
2024-09-02,Sicilia,Subito Lavoro,AZ_IT_SUBITO_SLOT_PREMIUM,66.77,5958,81,4
2024-09-02,Sicilia,Subito Lavoro,AZ_IT_SUBITO_SPONSORED_ANNUNCI,37.94,2958,48,3
2024-09-02,Toscana,Subito Lavoro,AZ_IT_SUBITO_RETARGETING,13.77,1982,25,1
2024-09-02,Toscana,Subito Lavoro,AZ_IT_SUBITO_SLOT_PREMIUM,61.28,5385,81,6
2024-09-02,Toscana,Subito Lavoro,AZ_IT_SUBITO_SPONSORED_ANNUNCI,31.41,2490,45,5
2024-09-02,Trentino-Alto Adige,Subito Lavoro,AZ_IT_SUBITO_RETARGETING,5.17,768,9,0
2024-09-02,Trentino-Alto Adige,Subito Lavoro,AZ_IT_SUBITO_SLOT_PREMIUM,19.56,1824,23,2
2024-09-02,Trentino-Alto Adige,Subito Lavoro,AZ_IT_SUBITO_SPONSORED_ANNUNCI,9.45,706,14,1
2024-09-02,Umbria,Subito Lavoro,AZ_IT_SUBITO_RETARGETING,2.66,379,5,0
2024-09-02,Umbria,Subito Lavoro,AZ_IT_SUBITO_SLOT_PREMIUM,12.36,1141,16,1
2024-09-02,Umbria,Subito Lavoro,AZ_IT_SUBITO_SPONSORED_ANNUNCI,4.67,347,6,1
2024-09-02,Valle d'Aosta,Subito Lavoro,AZ_IT_SUBITO_RETARGETING,0.56,81,1,0
2024-09-02,Valle d'Aosta,Subito Lavoro,AZ_IT_SUBITO_SLOT_PREMIUM,1.72,153,2,0
2024-09-02,Valle d'Aosta,Subito Lavoro,AZ_IT_SUBITO_SPONSORED_ANNUNCI,1.06,83,2,0
2024-09-02,Veneto,Subito Lavoro,AZ_IT_SUBITO_RETARGETING,20.85,2915,33,2
2024-09-02,Veneto,Subito Lavoro,AZ_IT_SUBITO_SLOT_PREMIUM,46.39,4207,59,3
2024-09-02,Veneto,Subito Lavoro,AZ_IT_SUBITO_SPONSORED_ANNUNCI,26.32,2028,35,2
2024-09-09,Abruzzo,Subito Lavoro,AZ_IT_SUBITO_RETARGETING,5.83,799,9,0
2024-09-09,Abruzzo,Subito Lavoro,AZ_IT_SUBITO_SLOT_PREMIUM,25.12,2227,24,1
2024-09-09,Abruzzo,Subito Lavoro,AZ_IT_SUBITO_SPONSORED_ANNUNCI,25.34,1908,33,2
2024-09-09,Basilicata,Subito Lavoro,AZ_IT_SUBITO_RETARGETING,3.83,555,8,0
2024-09-09,Basilicata,Subito Lavoro,AZ_IT_SUBITO_SLOT_PREMIUM,11.52,1021,14,1
2024-09-09,Basilicata,Subito Lavoro,AZ_IT_SUBITO_SPONSORED_ANNUNCI,6.45,475,8,0
2024-09-09,Calabria,Subito Lavoro,AZ_IT_SUBITO_RETARGETING,9.15,1369,14,1
2024-09-09,Calabria,Subito Lavoro,AZ_IT_SUBITO_SLOT_PREMIUM,39.30,3595,47,4
2024-09-09,Calabria,Subito Lavoro,AZ_IT_SUBITO_SPONSORED_ANNUNCI,25.24,1881,33,3
2024-09-09,Campania,Subito Lavoro,AZ_IT_SUBITO_RETARGETING,44.32,6240,73,3
2024-09-09,Campania,Subito Lavoro,AZ_IT_SUBITO_SLOT_PREMIUM,68.99,6654,105,5
2024-09-09,Campania,Subito Lavoro,AZ_IT_SUBITO_SPONSORED_ANNUNCI,82.59,6464,119,7
2024-09-09,Emilia-Romagna,Subito Lavoro,AZ_IT_SUBITO_RETARGETING,38.55,5453,60,2
2024-09-09,Emilia-Romagna,Subito Lavoro,AZ_IT_SUBITO_SLOT_PREMIUM,115.22,10570,159,7
2024-09-09,Emilia-Romagna,Subito Lavoro,AZ_IT_SUBITO_SPONSORED_ANNUNCI,56.97,4527,76,4
2024-09-09,Friuli-Venezia Giulia,Subito Lavoro,AZ_IT_SUBITO_RETARGETING,4.96,726,8,0
2024-09-09,Friuli-Venezia Giulia,Subito Lavoro,AZ_IT_SUBITO_SLOT_PREMIUM,20.74,1918,26,2
2024-09-09,Friuli-Venezia Giulia,Subito Lavoro,AZ_IT_SUBITO_SPONSORED_ANNUNCI,13.55,1075,18,2
2024-09-09,Lazio,Subito Lavoro,AZ_IT_SUBITO_RETARGETING,39.38,5732,61,2
2024-09-09,Lazio,Subito Lavoro,AZ_IT_SUBITO_SLOT_PREMIUM,116.13,10473,128,9
2024-09-09,Lazio,Subito Lavoro,AZ_IT_SUBITO_SPONSORED_ANNUNCI,50.92,3802,70,5
2024-09-09,Liguria,Subito Lavoro,AZ_IT_SUBITO_RETARGETING,10.56,1486,19,0
2024-09-09,Liguria,Subito Lavoro,AZ_IT_SUBITO_SLOT_PREMIUM,55.54,5014,70,3
2024-09-09,Liguria,Subito Lavoro,AZ_IT_SUBITO_SPONSORED_ANNUNCI,12.46,990,16,1
2024-09-09,Lombardia,Subito Lavoro,AZ_IT_SUBITO_RETARGETING,54.84,8109,104,3
2024-09-09,Lombardia,Subito Lavoro,AZ_IT_SUBITO_SLOT_PREMIUM,279.38,25858,332,18
2024-09-09,Lombardia,Subito Lavoro,AZ_IT_SUBITO_SPONSORED_ANNUNCI,102.88,8218,135,8
2024-09-09,Marche,Subito Lavoro,AZ_IT_SUBITO_RETARGETING,14.58,2025,25,1
2024-09-09,Marche,Subito Lavoro,AZ_IT_SUBITO_SLOT_PREMIUM,31.46,2881,42,3
2024-09-09,Marche,Subito Lavoro,AZ_IT_SUBITO_SPONSORED_ANNUNCI,17.84,1388,23,2
2024-09-09,Molise,Subito Lavoro,AZ_IT_SUBITO_RETARGETING,2.21,317,4,0
2024-09-09,Molise,Subito Lavoro,AZ_IT_SUBITO_SLOT_PREMIUM,4.93,455,7,0
2024-09-09,Molise,Subito Lavoro,AZ_IT_SUBITO_SPONSORED_ANNUNCI,2.50,193,3,0
2024-09-09,Piemonte,Subito Lavoro,AZ_IT_SUBITO_RETARGETING,20.15,2777,32,1
2024-09-09,Piemonte,Subito Lavoro,AZ_IT_SUBITO_SLOT_PREMIUM,70.61,6193,84,4
2024-09-09,Piemonte,Subito Lavoro,AZ_IT_SUBITO_SPONSORED_ANNUNCI,51.84,4060,74,4
2024-09-09,Puglia,Subito Lavoro,AZ_IT_SUBITO_RETARGETING,17.15,2447,32,1
2024-09-09,Puglia,Subito Lavoro,AZ_IT_SUBITO_SLOT_PREMIUM,135.37,12263,176,6
2024-09-09,Puglia,Subito Lavoro,AZ_IT_SUBITO_SPONSORED_ANNUNCI,34.74,2547,49,2
2024-09-09,Sardegna,Subito Lavoro,AZ_IT_SUBITO_RETARGETING,11.10,1607,21,1
2024-09-09,Sardegna,Subito Lavoro,AZ_IT_SUBITO_SLOT_PREMIUM,37.90,3445,57,2
2024-09-09,Sardegna,Subito Lavoro,AZ_IT_SUBITO_SPONSORED_ANNUNCI,20.99,1528,25,2
2024-09-09,Sicilia,Subito Lavoro,AZ_IT_SUBITO_RETARGETING,28.78,4045,54,2
2024-09-09,Sicilia,Subito Lavoro,AZ_IT_SUBITO_SLOT_PREMIUM,72.19,6680,83,6
2024-09-09,Sicilia,Subito Lavoro,AZ_IT_SUBITO_SPONSORED_ANNUNCI,41.93,3217,49,4
2024-09-09,Toscana,Subito Lavoro,AZ_IT_SUBITO_RETARGETING,19.45,2761,30,2
2024-09-09,Toscana,Subito Lavoro,AZ_IT_SUBITO_SLOT_PREMIUM,70.40,6470,83,6
2024-09-09,Toscana,Subito Lavoro,AZ_IT_SUBITO_SPONSORED_ANNUNCI,44.53,3410,56,5
2024-09-09,Trentino-Alto Adige,Subito Lavoro,AZ_IT_SUBITO_RETARGETING,7.49,1074,12,0
2024-09-09,Trentino-Alto Adige,Subito Lavoro,AZ_IT_SUBITO_SLOT_PREMIUM,20.34,1810,26,2
2024-09-09,Trentino-Alto Adige,Subito Lavoro,AZ_IT_SUBITO_SPONSORED_ANNUNCI,11.43,801,14,1
2024-09-09,Umbria,Subito Lavoro,AZ_IT_SUBITO_RETARGETING,4.19,603,7,0
2024-09-09,Umbria,Subito Lavoro,AZ_IT_SUBITO_SLOT_PREMIUM,12.88,1211,16,1
2024-09-09,Umbria,Subito Lavoro,AZ_IT_SUBITO_SPONSORED_ANNUNCI,6.56,508,8,1
2024-09-09,Valle d'Aosta,Subito Lavoro,AZ_IT_SUBITO_RETARGETING,0.67,94,1,0
2024-09-09,Valle d'Aosta,Subito Lavoro,AZ_IT_SUBITO_SLOT_PREMIUM,2.00,189,3,0
2024-09-09,Valle d'Aosta,Subito Lavoro,AZ_IT_SUBITO_SPONSORED_ANNUNCI,1.36,107,2,0
2024-09-09,Veneto,Subito Lavoro,AZ_IT_SUBITO_RETARGETING,26.73,4005,47,2
2024-09-09,Veneto,Subito Lavoro,AZ_IT_SUBITO_SLOT_PREMIUM,62.49,5583,71,4
2024-09-09,Veneto,Subito Lavoro,AZ_IT_SUBITO_SPONSORED_ANNUNCI,35.37,2830,48,3
2024-09-16,Abruzzo,Subito Lavoro,AZ_IT_SUBITO_RETARGETING,2.61,373,5,0
2024-09-16,Abruzzo,Subito Lavoro,AZ_IT_SUBITO_SLOT_PREMIUM,18.21,1606,23,2
2024-09-16,Abruzzo,Subito Lavoro,AZ_IT_SUBITO_SPONSORED_ANNUNCI,19.41,1507,27,2
2024-09-16,Basilicata,Subito Lavoro,AZ_IT_SUBITO_RETARGETING,2.53,366,4,0
2024-09-16,Basilicata,Subito Lavoro,AZ_IT_SUBITO_SLOT_PREMIUM,8.31,740,10,1
2024-09-16,Basilicata,Subito Lavoro,AZ_IT_SUBITO_SPONSORED_ANNUNCI,4.06,308,5,0
2024-09-16,Calabria,Subito Lavoro,AZ_IT_SUBITO_RETARGETING,5.26,722,9,1
2024-09-16,Calabria,Subito Lavoro,AZ_IT_SUBITO_SLOT_PREMIUM,28.90,2575,38,3
2024-09-16,Calabria,Subito Lavoro,AZ_IT_SUBITO_SPONSORED_ANNUNCI,14.81,1181,17,2
2024-09-16,Campania,Subito Lavoro,AZ_IT_SUBITO_RETARGETING,26.06,3754,43,1
2024-09-16,Campania,Subito Lavoro,AZ_IT_SUBITO_SLOT_PREMIUM,53.88,4897,68,4
2024-09-16,Campania,Subito Lavoro,AZ_IT_SUBITO_SPONSORED_ANNUNCI,58.70,4676,73,6
2024-09-16,Emilia-Romagna,Subito Lavoro,AZ_IT_SUBITO_RETARGETING,19.49,2689,30,1
2024-09-16,Emilia-Romagna,Subito Lavoro,AZ_IT_SUBITO_SLOT_PREMIUM,101.10,9481,142,8
2024-09-16,Emilia-Romagna,Subito Lavoro,AZ_IT_SUBITO_SPONSORED_ANNUNCI,41.92,3242,54,3
2024-09-16,Friuli-Venezia Giulia,Subito Lavoro,AZ_IT_SUBITO_RETARGETING,3.11,457,5,0
2024-09-16,Friuli-Venezia Giulia,Subito Lavoro,AZ_IT_SUBITO_SLOT_PREMIUM,14.22,1289,17,2
2024-09-16,Friuli-Venezia Giulia,Subito Lavoro,AZ_IT_SUBITO_SPONSORED_ANNUNCI,8.63,678,10,1
2024-09-16,Lazio,Subito Lavoro,AZ_IT_SUBITO_RETARGETING,17.80,2559,32,2
2024-09-16,Lazio,Subito Lavoro,AZ_IT_SUBITO_SLOT_PREMIUM,72.85,6861,98,7
2024-09-16,Lazio,Subito Lavoro,AZ_IT_SUBITO_SPONSORED_ANNUNCI,35.04,2754,48,5
2024-09-16,Liguria,Subito Lavoro,AZ_IT_SUBITO_RETARGETING,5.48,767,8,0
2024-09-16,Liguria,Subito Lavoro,AZ_IT_SUBITO_SLOT_PREMIUM,34.00,3245,40,2
2024-09-16,Liguria,Subito Lavoro,AZ_IT_SUBITO_SPONSORED_ANNUNCI,9.08,743,13,1
2024-09-16,Lombardia,Subito Lavoro,AZ_IT_SUBITO_RETARGETING,29.29,4169,55,2
2024-09-16,Lombardia,Subito Lavoro,AZ_IT_SUBITO_SLOT_PREMIUM,175.72,16466,194,15
2024-09-16,Lombardia,Subito Lavoro,AZ_IT_SUBITO_SPONSORED_ANNUNCI,67.34,4665,81,7
2024-09-16,Marche,Subito Lavoro,AZ_IT_SUBITO_RETARGETING,7.08,1034,12,1
2024-09-16,Marche,Subito Lavoro,AZ_IT_SUBITO_SLOT_PREMIUM,21.40,2002,25,2
2024-09-16,Marche,Subito Lavoro,AZ_IT_SUBITO_SPONSORED_ANNUNCI,11.16,881,15,2
2024-09-16,Molise,Subito Lavoro,AZ_IT_SUBITO_RETARGETING,1.12,159,2,0
2024-09-16,Molise,Subito Lavoro,AZ_IT_SUBITO_SLOT_PREMIUM,3.26,305,5,0
2024-09-16,Molise,Subito Lavoro,AZ_IT_SUBITO_SPONSORED_ANNUNCI,1.98,151,3,0
2024-09-16,Piemonte,Subito Lavoro,AZ_IT_SUBITO_RETARGETING,11.99,1688,19,1
2024-09-16,Piemonte,Subito Lavoro,AZ_IT_SUBITO_SLOT_PREMIUM,51.61,4701,73,4
2024-09-16,Piemonte,Subito Lavoro,AZ_IT_SUBITO_SPONSORED_ANNUNCI,38.71,2983,48,3
2024-09-16,Puglia,Subito Lavoro,AZ_IT_SUBITO_RETARGETING,8.47,1227,14,0
2024-09-16,Puglia,Subito Lavoro,AZ_IT_SUBITO_SLOT_PREMIUM,109.39,9619,138,7
2024-09-16,Puglia,Subito Lavoro,AZ_IT_SUBITO_SPONSORED_ANNUNCI,25.00,1969,33,2
2024-09-16,Sardegna,Subito Lavoro,AZ_IT_SUBITO_RETARGETING,5.87,838,9,0
2024-09-16,Sardegna,Subito Lavoro,AZ_IT_SUBITO_SLOT_PREMIUM,26.43,2486,33,2
2024-09-16,Sardegna,Subito Lavoro,AZ_IT_SUBITO_SPONSORED_ANNUNCI,19.26,1482,23,2
2024-09-16,Sicilia,Subito Lavoro,AZ_IT_SUBITO_RETARGETING,14.65,2175,26,1
2024-09-16,Sicilia,Subito Lavoro,AZ_IT_SUBITO_SLOT_PREMIUM,59.53,5551,83,5
2024-09-16,Sicilia,Subito Lavoro,AZ_IT_SUBITO_SPONSORED_ANNUNCI,30.64,2376,39,3
2024-09-16,Toscana,Subito Lavoro,AZ_IT_SUBITO_RETARGETING,12.87,1923,25,1
2024-09-16,Toscana,Subito Lavoro,AZ_IT_SUBITO_SLOT_PREMIUM,50.57,4403,55,5
2024-09-16,Toscana,Subito Lavoro,AZ_IT_SUBITO_SPONSORED_ANNUNCI,30.45,2328,38,5
2024-09-16,Trentino-Alto Adige,Subito Lavoro,AZ_IT_SUBITO_RETARGETING,3.86,527,6,0
2024-09-16,Trentino-Alto Adige,Subito Lavoro,AZ_IT_SUBITO_SLOT_PREMIUM,12.86,1162,14,1
2024-09-16,Trentino-Alto Adige,Subito Lavoro,AZ_IT_SUBITO_SPONSORED_ANNUNCI,7.48,585,9,1
2024-09-16,Umbria,Subito Lavoro,AZ_IT_SUBITO_RETARGETING,2.46,348,4,0
2024-09-16,Umbria,Subito Lavoro,AZ_IT_SUBITO_SLOT_PREMIUM,10.15,923,13,1
2024-09-16,Umbria,Subito Lavoro,AZ_IT_SUBITO_SPONSORED_ANNUNCI,4.89,381,7,1
2024-09-16,Valle d'Aosta,Subito Lavoro,AZ_IT_SUBITO_RETARGETING,0.40,61,1,0
2024-09-16,Valle d'Aosta,Subito Lavoro,AZ_IT_SUBITO_SLOT_PREMIUM,1.60,143,2,0
2024-09-16,Valle d'Aosta,Subito Lavoro,AZ_IT_SUBITO_SPONSORED_ANNUNCI,0.99,74,1,0
2024-09-16,Veneto,Subito Lavoro,AZ_IT_SUBITO_RETARGETING,15.58,2262,28,1
2024-09-16,Veneto,Subito Lavoro,AZ_IT_SUBITO_SLOT_PREMIUM,43.47,4065,59,4
2024-09-16,Veneto,Subito Lavoro,AZ_IT_SUBITO_SPONSORED_ANNUNCI,21.79,1701,30,3
2024-09-23,Abruzzo,Subito Lavoro,AZ_IT_SUBITO_RETARGETING,3.21,471,6,0
2024-09-23,Abruzzo,Subito Lavoro,AZ_IT_SUBITO_SLOT_PREMIUM,14.81,1379,18,1
2024-09-23,Abruzzo,Subito Lavoro,AZ_IT_SUBITO_SPONSORED_ANNUNCI,15.34,1206,20,1
2024-09-23,Basilicata,Subito Lavoro,AZ_IT_SUBITO_RETARGETING,2.26,326,5,0
2024-09-23,Basilicata,Subito Lavoro,AZ_IT_SUBITO_SLOT_PREMIUM,6.47,601,8,1
2024-09-23,Basilicata,Subito Lavoro,AZ_IT_SUBITO_SPONSORED_ANNUNCI,3.57,277,4,0
2024-09-23,Calabria,Subito Lavoro,AZ_IT_SUBITO_RETARGETING,5.77,831,10,1
2024-09-23,Calabria,Subito Lavoro,AZ_IT_SUBITO_SLOT_PREMIUM,30.80,2783,44,4
2024-09-23,Calabria,Subito Lavoro,AZ_IT_SUBITO_SPONSORED_ANNUNCI,10.51,838,14,2
2024-09-23,Campania,Subito Lavoro,AZ_IT_SUBITO_RETARGETING,24.78,3290,41,2
2024-09-23,Campania,Subito Lavoro,AZ_IT_SUBITO_SLOT_PREMIUM,48.74,4332,60,4
2024-09-23,Campania,Subito Lavoro,AZ_IT_SUBITO_SPONSORED_ANNUNCI,40.48,3104,48,4
2024-09-23,Emilia-Romagna,Subito Lavoro,AZ_IT_SUBITO_RETARGETING,22.32,3243,41,2
2024-09-23,Emilia-Romagna,Subito Lavoro,AZ_IT_SUBITO_SLOT_PREMIUM,77.99,7358,99,6
2024-09-23,Emilia-Romagna,Subito Lavoro,AZ_IT_SUBITO_SPONSORED_ANNUNCI,33.26,2484,43,3
2024-09-23,Friuli-Venezia Giulia,Subito Lavoro,AZ_IT_SUBITO_RETARGETING,2.91,435,5,0
2024-09-23,Friuli-Venezia Giulia,Subito Lavoro,AZ_IT_SUBITO_SLOT_PREMIUM,14.00,1238,18,2
2024-09-23,Friuli-Venezia Giulia,Subito Lavoro,AZ_IT_SUBITO_SPONSORED_ANNUNCI,8.30,641,11,1
2024-09-23,Lazio,Subito Lavoro,AZ_IT_SUBITO_RETARGETING,18.48,2550,29,2
2024-09-23,Lazio,Subito Lavoro,AZ_IT_SUBITO_SLOT_PREMIUM,63.92,5561,75,7
2024-09-23,Lazio,Subito Lavoro,AZ_IT_SUBITO_SPONSORED_ANNUNCI,31.62,2429,41,4
2024-09-23,Liguria,Subito Lavoro,AZ_IT_SUBITO_RETARGETING,4.45,620,8,0
2024-09-23,Liguria,Subito Lavoro,AZ_IT_SUBITO_SLOT_PREMIUM,26.40,2387,38,2
2024-09-23,Liguria,Subito Lavoro,AZ_IT_SUBITO_SPONSORED_ANNUNCI,5.05,372,6,0
2024-09-23,Lombardia,Subito Lavoro,AZ_IT_SUBITO_RETARGETING,27.51,3917,52,2
2024-09-23,Lombardia,Subito Lavoro,AZ_IT_SUBITO_SLOT_PREMIUM,166.71,15084,216,13
2024-09-23,Lombardia,Subito Lavoro,AZ_IT_SUBITO_SPONSORED_ANNUNCI,59.42,4667,83,6
2024-09-23,Marche,Subito Lavoro,AZ_IT_SUBITO_RETARGETING,7.45,1011,12,1
2024-09-23,Marche,Subito Lavoro,AZ_IT_SUBITO_SLOT_PREMIUM,26.87,2460,34,3
2024-09-23,Marche,Subito Lavoro,AZ_IT_SUBITO_SPONSORED_ANNUNCI,8.73,712,13,1
2024-09-23,Molise,Subito Lavoro,AZ_IT_SUBITO_RETARGETING,1.03,146,2,0
2024-09-23,Molise,Subito Lavoro,AZ_IT_SUBITO_SLOT_PREMIUM,3.22,300,4,0
2024-09-23,Molise,Subito Lavoro,AZ_IT_SUBITO_SPONSORED_ANNUNCI,1.43,110,2,0
2024-09-23,Piemonte,Subito Lavoro,AZ_IT_SUBITO_RETARGETING,11.82,1628,19,1
2024-09-23,Piemonte,Subito Lavoro,AZ_IT_SUBITO_SLOT_PREMIUM,50.73,4742,57,3
2024-09-23,Piemonte,Subito Lavoro,AZ_IT_SUBITO_SPONSORED_ANNUNCI,29.47,2225,36,3
2024-09-23,Puglia,Subito Lavoro,AZ_IT_SUBITO_RETARGETING,10.49,1520,19,1
2024-09-23,Puglia,Subito Lavoro,AZ_IT_SUBITO_SLOT_PREMIUM,86.38,8013,114,6
2024-09-23,Puglia,Subito Lavoro,AZ_IT_SUBITO_SPONSORED_ANNUNCI,19.05,1373,22,2
2024-09-23,Sardegna,Subito Lavoro,AZ_IT_SUBITO_RETARGETING,5.74,825,11,0
2024-09-23,Sardegna,Subito Lavoro,AZ_IT_SUBITO_SLOT_PREMIUM,24.15,2161,28,2
2024-09-23,Sardegna,Subito Lavoro,AZ_IT_SUBITO_SPONSORED_ANNUNCI,14.19,1104,18,2
2024-09-23,Sicilia,Subito Lavoro,AZ_IT_SUBITO_RETARGETING,13.20,1866,22,1
2024-09-23,Sicilia,Subito Lavoro,AZ_IT_SUBITO_SLOT_PREMIUM,59.48,5421,66,4
2024-09-23,Sicilia,Subito Lavoro,AZ_IT_SUBITO_SPONSORED_ANNUNCI,24.39,1930,32,3
2024-09-23,Toscana,Subito Lavoro,AZ_IT_SUBITO_RETARGETING,11.76,1657,22,1
2024-09-23,Toscana,Subito Lavoro,AZ_IT_SUBITO_SLOT_PREMIUM,50.99,4632,59,6
2024-09-23,Toscana,Subito Lavoro,AZ_IT_SUBITO_SPONSORED_ANNUNCI,21.33,1624,27,3
2024-09-23,Trentino-Alto Adige,Subito Lavoro,AZ_IT_SUBITO_RETARGETING,4.15,595,6,0
2024-09-23,Trentino-Alto Adige,Subito Lavoro,AZ_IT_SUBITO_SLOT_PREMIUM,12.88,1225,19,1
2024-09-23,Trentino-Alto Adige,Subito Lavoro,AZ_IT_SUBITO_SPONSORED_ANNUNCI,5.90,452,9,1
2024-09-23,Umbria,Subito Lavoro,AZ_IT_SUBITO_RETARGETING,2.56,378,5,0
2024-09-23,Umbria,Subito Lavoro,AZ_IT_SUBITO_SLOT_PREMIUM,8.94,789,11,1
2024-09-23,Umbria,Subito Lavoro,AZ_IT_SUBITO_SPONSORED_ANNUNCI,4.10,299,5,1
2024-09-23,Valle d'Aosta,Subito Lavoro,AZ_IT_SUBITO_RETARGETING,0.40,57,1,0
2024-09-23,Valle d'Aosta,Subito Lavoro,AZ_IT_SUBITO_SLOT_PREMIUM,1.62,145,2,0
2024-09-23,Valle d'Aosta,Subito Lavoro,AZ_IT_SUBITO_SPONSORED_ANNUNCI,0.84,65,1,0
2024-09-23,Veneto,Subito Lavoro,AZ_IT_SUBITO_RETARGETING,13.02,1862,22,1
2024-09-23,Veneto,Subito Lavoro,AZ_IT_SUBITO_SLOT_PREMIUM,43.89,4217,60,4
2024-09-23,Veneto,Subito Lavoro,AZ_IT_SUBITO_SPONSORED_ANNUNCI,17.74,1317,23,2
2024-09-30,Abruzzo,Subito Lavoro,AZ_IT_SUBITO_RETARGETING,3.58,533,7,0
2024-09-30,Abruzzo,Subito Lavoro,AZ_IT_SUBITO_SLOT_PREMIUM,16.37,1549,25,1
2024-09-30,Abruzzo,Subito Lavoro,AZ_IT_SUBITO_SPONSORED_ANNUNCI,17.55,1373,23,1
2024-09-30,Basilicata,Subito Lavoro,AZ_IT_SUBITO_RETARGETING,2.40,334,4,0
2024-09-30,Basilicata,Subito Lavoro,AZ_IT_SUBITO_SLOT_PREMIUM,6.82,621,8,1
2024-09-30,Basilicata,Subito Lavoro,AZ_IT_SUBITO_SPONSORED_ANNUNCI,4.22,326,6,0
2024-09-30,Calabria,Subito Lavoro,AZ_IT_SUBITO_RETARGETING,5.63,830,9,1
2024-09-30,Calabria,Subito Lavoro,AZ_IT_SUBITO_SLOT_PREMIUM,29.09,2630,36,3
2024-09-30,Calabria,Subito Lavoro,AZ_IT_SUBITO_SPONSORED_ANNUNCI,14.65,1120,19,2
2024-09-30,Campania,Subito Lavoro,AZ_IT_SUBITO_RETARGETING,21.06,2984,35,2
2024-09-30,Campania,Subito Lavoro,AZ_IT_SUBITO_SLOT_PREMIUM,48.90,4569,68,3
2024-09-30,Campania,Subito Lavoro,AZ_IT_SUBITO_SPONSORED_ANNUNCI,47.56,3787,68,4
2024-09-30,Emilia-Romagna,Subito Lavoro,AZ_IT_SUBITO_RETARGETING,29.86,4500,54,2
2024-09-30,Emilia-Romagna,Subito Lavoro,AZ_IT_SUBITO_SLOT_PREMIUM,81.41,7640,107,5
2024-09-30,Emilia-Romagna,Subito Lavoro,AZ_IT_SUBITO_SPONSORED_ANNUNCI,57.45,4269,81,5
2024-09-30,Friuli-Venezia Giulia,Subito Lavoro,AZ_IT_SUBITO_RETARGETING,3.91,514,6,0
2024-09-30,Friuli-Venezia Giulia,Subito Lavoro,AZ_IT_SUBITO_SLOT_PREMIUM,12.93,1176,17,2
2024-09-30,Friuli-Venezia Giulia,Subito Lavoro,AZ_IT_SUBITO_SPONSORED_ANNUNCI,9.01,731,12,1
2024-09-30,Lazio,Subito Lavoro,AZ_IT_SUBITO_RETARGETING,21.97,3069,36,2
2024-09-30,Lazio,Subito Lavoro,AZ_IT_SUBITO_SLOT_PREMIUM,59.55,5731,79,6
2024-09-30,Lazio,Subito Lavoro,AZ_IT_SUBITO_SPONSORED_ANNUNCI,37.71,2941,53,4
2024-09-30,Liguria,Subito Lavoro,AZ_IT_SUBITO_RETARGETING,5.55,798,9,0
2024-09-30,Liguria,Subito Lavoro,AZ_IT_SUBITO_SLOT_PREMIUM,30.29,2743,36,2
2024-09-30,Liguria,Subito Lavoro,AZ_IT_SUBITO_SPONSORED_ANNUNCI,7.00,538,9,0
2024-09-30,Lombardia,Subito Lavoro,AZ_IT_SUBITO_RETARGETING,44.26,6364,75,4
2024-09-30,Lombardia,Subito Lavoro,AZ_IT_SUBITO_SLOT_PREMIUM,253.61,23188,350,17
2024-09-30,Lombardia,Subito Lavoro,AZ_IT_SUBITO_SPONSORED_ANNUNCI,86.83,6568,114,6
2024-09-30,Marche,Subito Lavoro,AZ_IT_SUBITO_RETARGETING,8.65,1265,14,1
2024-09-30,Marche,Subito Lavoro,AZ_IT_SUBITO_SLOT_PREMIUM,31.26,2970,41,4
2024-09-30,Marche,Subito Lavoro,AZ_IT_SUBITO_SPONSORED_ANNUNCI,9.77,773,13,1
2024-09-30,Molise,Subito Lavoro,AZ_IT_SUBITO_RETARGETING,1.20,170,2,0
2024-09-30,Molise,Subito Lavoro,AZ_IT_SUBITO_SLOT_PREMIUM,2.93,265,4,0
2024-09-30,Molise,Subito Lavoro,AZ_IT_SUBITO_SPONSORED_ANNUNCI,1.65,125,2,0
2024-09-30,Piemonte,Subito Lavoro,AZ_IT_SUBITO_RETARGETING,19.52,2898,36,1
2024-09-30,Piemonte,Subito Lavoro,AZ_IT_SUBITO_SLOT_PREMIUM,74.38,7130,102,4
2024-09-30,Piemonte,Subito Lavoro,AZ_IT_SUBITO_SPONSORED_ANNUNCI,41.52,3310,50,3
2024-09-30,Puglia,Subito Lavoro,AZ_IT_SUBITO_RETARGETING,12.24,1789,18,1
2024-09-30,Puglia,Subito Lavoro,AZ_IT_SUBITO_SLOT_PREMIUM,70.15,6528,68,5
2024-09-30,Puglia,Subito Lavoro,AZ_IT_SUBITO_SPONSORED_ANNUNCI,21.62,1732,29,1
2024-09-30,Sardegna,Subito Lavoro,AZ_IT_SUBITO_RETARGETING,7.01,971,11,1
2024-09-30,Sardegna,Subito Lavoro,AZ_IT_SUBITO_SLOT_PREMIUM,23.09,2061,29,2
2024-09-30,Sardegna,Subito Lavoro,AZ_IT_SUBITO_SPONSORED_ANNUNCI,12.92,969,15,1
2024-09-30,Sicilia,Subito Lavoro,AZ_IT_SUBITO_RETARGETING,13.90,2056,25,1
2024-09-30,Sicilia,Subito Lavoro,AZ_IT_SUBITO_SLOT_PREMIUM,53.36,5068,71,5
2024-09-30,Sicilia,Subito Lavoro,AZ_IT_SUBITO_SPONSORED_ANNUNCI,26.77,2090,31,3
2024-09-30,Toscana,Subito Lavoro,AZ_IT_SUBITO_RETARGETING,14.25,2057,25,2
2024-09-30,Toscana,Subito Lavoro,AZ_IT_SUBITO_SLOT_PREMIUM,46.15,4135,49,5
2024-09-30,Toscana,Subito Lavoro,AZ_IT_SUBITO_SPONSORED_ANNUNCI,26.79,1969,36,3
2024-09-30,Trentino-Alto Adige,Subito Lavoro,AZ_IT_SUBITO_RETARGETING,5.28,770,8,1
2024-09-30,Trentino-Alto Adige,Subito Lavoro,AZ_IT_SUBITO_SLOT_PREMIUM,13.90,1220,15,1
2024-09-30,Trentino-Alto Adige,Subito Lavoro,AZ_IT_SUBITO_SPONSORED_ANNUNCI,7.22,574,9,1
2024-09-30,Umbria,Subito Lavoro,AZ_IT_SUBITO_RETARGETING,2.91,433,5,0
2024-09-30,Umbria,Subito Lavoro,AZ_IT_SUBITO_SLOT_PREMIUM,10.70,974,13,1
2024-09-30,Umbria,Subito Lavoro,AZ_IT_SUBITO_SPONSORED_ANNUNCI,4.73,368,7,1
2024-09-30,Valle d'Aosta,Subito Lavoro,AZ_IT_SUBITO_RETARGETING,0.49,66,1,0
2024-09-30,Valle d'Aosta,Subito Lavoro,AZ_IT_SUBITO_SLOT_PREMIUM,1.61,144,2,0
2024-09-30,Valle d'Aosta,Subito Lavoro,AZ_IT_SUBITO_SPONSORED_ANNUNCI,0.97,74,1,0
2024-09-30,Veneto,Subito Lavoro,AZ_IT_SUBITO_RETARGETING,21.82,2962,34,2
2024-09-30,Veneto,Subito Lavoro,AZ_IT_SUBITO_SLOT_PREMIUM,54.71,4936,73,4
2024-09-30,Veneto,Subito Lavoro,AZ_IT_SUBITO_SPONSORED_ANNUNCI,30.78,2231,38,3
2024-10-07,Abruzzo,Subito Lavoro,AZ_IT_SUBITO_DISPLAY_HOME,4.68,906,3,0
2024-10-07,Abruzzo,Subito Lavoro,AZ_IT_SUBITO_RETARGETING,2.97,430,5,0
2024-10-07,Abruzzo,Subito Lavoro,AZ_IT_SUBITO_SLOT_PREMIUM,14.06,1261,20,1
2024-10-07,Abruzzo,Subito Lavoro,AZ_IT_SUBITO_SPONSORED_ANNUNCI,10.30,807,13,1
2024-10-07,Basilicata,Subito Lavoro,AZ_IT_SUBITO_DISPLAY_HOME,2.45,469,2,0
2024-10-07,Basilicata,Subito Lavoro,AZ_IT_SUBITO_RETARGETING,2.02,268,3,0
2024-10-07,Basilicata,Subito Lavoro,AZ_IT_SUBITO_SLOT_PREMIUM,7.02,622,8,1
2024-10-07,Basilicata,Subito Lavoro,AZ_IT_SUBITO_SPONSORED_ANNUNCI,2.43,187,3,0
2024-10-07,Calabria,Subito Lavoro,AZ_IT_SUBITO_DISPLAY_HOME,9.18,1885,7,1
2024-10-07,Calabria,Subito Lavoro,AZ_IT_SUBITO_RETARGETING,4.17,593,6,1
2024-10-07,Calabria,Subito Lavoro,AZ_IT_SUBITO_SLOT_PREMIUM,27.01,2335,31,3
2024-10-07,Calabria,Subito Lavoro,AZ_IT_SUBITO_SPONSORED_ANNUNCI,9.83,731,13,1
2024-10-07,Campania,Subito Lavoro,AZ_IT_SUBITO_DISPLAY_HOME,15.51,2997,10,1
2024-10-07,Campania,Subito Lavoro,AZ_IT_SUBITO_RETARGETING,15.35,2204,27,1
2024-10-07,Campania,Subito Lavoro,AZ_IT_SUBITO_SLOT_PREMIUM,40.81,3801,53,4
2024-10-07,Campania,Subito Lavoro,AZ_IT_SUBITO_SPONSORED_ANNUNCI,38.44,2981,51,4
2024-10-07,Emilia-Romagna,Subito Lavoro,AZ_IT_SUBITO_DISPLAY_HOME,28.69,5700,21,1
2024-10-07,Emilia-Romagna,Subito Lavoro,AZ_IT_SUBITO_RETARGETING,26.22,3701,45,2
2024-10-07,Emilia-Romagna,Subito Lavoro,AZ_IT_SUBITO_SLOT_PREMIUM,84.64,7838,118,6
2024-10-07,Emilia-Romagna,Subito Lavoro,AZ_IT_SUBITO_SPONSORED_ANNUNCI,43.19,3466,65,4
2024-10-07,Friuli-Venezia Giulia,Subito Lavoro,AZ_IT_SUBITO_DISPLAY_HOME,4.21,840,4,0
2024-10-07,Friuli-Venezia Giulia,Subito Lavoro,AZ_IT_SUBITO_RETARGETING,2.98,441,5,0
2024-10-07,Friuli-Venezia Giulia,Subito Lavoro,AZ_IT_SUBITO_SLOT_PREMIUM,14.23,1318,18,2
2024-10-07,Friuli-Venezia Giulia,Subito Lavoro,AZ_IT_SUBITO_SPONSORED_ANNUNCI,5.78,465,8,1
2024-10-07,Lazio,Subito Lavoro,AZ_IT_SUBITO_DISPLAY_HOME,30.34,5817,22,2
2024-10-07,Lazio,Subito Lavoro,AZ_IT_SUBITO_RETARGETING,17.09,2456,30,2
2024-10-07,Lazio,Subito Lavoro,AZ_IT_SUBITO_SLOT_PREMIUM,50.74,4651,70,7
2024-10-07,Lazio,Subito Lavoro,AZ_IT_SUBITO_SPONSORED_ANNUNCI,24.36,1861,31,3
2024-10-07,Liguria,Subito Lavoro,AZ_IT_SUBITO_DISPLAY_HOME,6.35,1282,5,0
2024-10-07,Liguria,Subito Lavoro,AZ_IT_SUBITO_RETARGETING,4.15,636,7,0
2024-10-07,Liguria,Subito Lavoro,AZ_IT_SUBITO_SLOT_PREMIUM,32.50,2877,43,2
2024-10-07,Liguria,Subito Lavoro,AZ_IT_SUBITO_SPONSORED_ANNUNCI,5.14,382,7,0
2024-10-07,Lombardia,Subito Lavoro,AZ_IT_SUBITO_DISPLAY_HOME,75.99,15623,55,3
2024-10-07,Lombardia,Subito Lavoro,AZ_IT_SUBITO_RETARGETING,35.03,4833,65,2
2024-10-07,Lombardia,Subito Lavoro,AZ_IT_SUBITO_SLOT_PREMIUM,236.50,21768,317,18
2024-10-07,Lombardia,Subito Lavoro,AZ_IT_SUBITO_SPONSORED_ANNUNCI,75.66,5997,114,6
2024-10-07,Marche,Subito Lavoro,AZ_IT_SUBITO_DISPLAY_HOME,6.12,1222,5,0
2024-10-07,Marche,Subito Lavoro,AZ_IT_SUBITO_RETARGETING,6.60,964,11,1
2024-10-07,Marche,Subito Lavoro,AZ_IT_SUBITO_SLOT_PREMIUM,25.85,2308,32,3
2024-10-07,Marche,Subito Lavoro,AZ_IT_SUBITO_SPONSORED_ANNUNCI,6.95,512,8,1
2024-10-07,Molise,Subito Lavoro,AZ_IT_SUBITO_DISPLAY_HOME,0.96,185,1,0
2024-10-07,Molise,Subito Lavoro,AZ_IT_SUBITO_RETARGETING,0.90,131,2,0
2024-10-07,Molise,Subito Lavoro,AZ_IT_SUBITO_SLOT_PREMIUM,3.02,268,3,0
2024-10-07,Molise,Subito Lavoro,AZ_IT_SUBITO_SPONSORED_ANNUNCI,0.99,74,1,0
2024-10-07,Piemonte,Subito Lavoro,AZ_IT_SUBITO_DISPLAY_HOME,25.51,5220,21,1
2024-10-07,Piemonte,Subito Lavoro,AZ_IT_SUBITO_RETARGETING,15.30,2175,26,1
2024-10-07,Piemonte,Subito Lavoro,AZ_IT_SUBITO_SLOT_PREMIUM,64.66,5534,78,5
2024-10-07,Piemonte,Subito Lavoro,AZ_IT_SUBITO_SPONSORED_ANNUNCI,27.82,2187,39,3
2024-10-07,Puglia,Subito Lavoro,AZ_IT_SUBITO_DISPLAY_HOME,19.45,3810,14,1
2024-10-07,Puglia,Subito Lavoro,AZ_IT_SUBITO_RETARGETING,9.55,1384,17,1
2024-10-07,Puglia,Subito Lavoro,AZ_IT_SUBITO_SLOT_PREMIUM,71.43,6688,90,6
2024-10-07,Puglia,Subito Lavoro,AZ_IT_SUBITO_SPONSORED_ANNUNCI,15.40,1228,22,1
2024-10-07,Sardegna,Subito Lavoro,AZ_IT_SUBITO_DISPLAY_HOME,4.90,953,4,0
2024-10-07,Sardegna,Subito Lavoro,AZ_IT_SUBITO_RETARGETING,6.65,948,12,1
2024-10-07,Sardegna,Subito Lavoro,AZ_IT_SUBITO_SLOT_PREMIUM,19.76,1755,28,2
2024-10-07,Sardegna,Subito Lavoro,AZ_IT_SUBITO_SPONSORED_ANNUNCI,8.52,669,11,1
2024-10-07,Sicilia,Subito Lavoro,AZ_IT_SUBITO_DISPLAY_HOME,20.13,4287,16,1
2024-10-07,Sicilia,Subito Lavoro,AZ_IT_SUBITO_RETARGETING,11.68,1598,17,1
2024-10-07,Sicilia,Subito Lavoro,AZ_IT_SUBITO_SLOT_PREMIUM,52.77,4886,74,5
2024-10-07,Sicilia,Subito Lavoro,AZ_IT_SUBITO_SPONSORED_ANNUNCI,19.21,1468,24,2
2024-10-07,Toscana,Subito Lavoro,AZ_IT_SUBITO_DISPLAY_HOME,16.08,3043,12,1
2024-10-07,Toscana,Subito Lavoro,AZ_IT_SUBITO_RETARGETING,13.54,1946,22,2
2024-10-07,Toscana,Subito Lavoro,AZ_IT_SUBITO_SLOT_PREMIUM,49.31,4303,60,6
2024-10-07,Toscana,Subito Lavoro,AZ_IT_SUBITO_SPONSORED_ANNUNCI,17.17,1347,23,3
2024-10-07,Trentino-Alto Adige,Subito Lavoro,AZ_IT_SUBITO_DISPLAY_HOME,4.01,774,3,0
2024-10-07,Trentino-Alto Adige,Subito Lavoro,AZ_IT_SUBITO_RETARGETING,4.10,616,7,0
2024-10-07,Trentino-Alto Adige,Subito Lavoro,AZ_IT_SUBITO_SLOT_PREMIUM,11.94,1062,15,1
2024-10-07,Trentino-Alto Adige,Subito Lavoro,AZ_IT_SUBITO_SPONSORED_ANNUNCI,5.16,411,7,1
2024-10-07,Umbria,Subito Lavoro,AZ_IT_SUBITO_DISPLAY_HOME,3.06,619,2,0
2024-10-07,Umbria,Subito Lavoro,AZ_IT_SUBITO_RETARGETING,2.23,334,4,0
2024-10-07,Umbria,Subito Lavoro,AZ_IT_SUBITO_SLOT_PREMIUM,8.98,845,11,1
2024-10-07,Umbria,Subito Lavoro,AZ_IT_SUBITO_SPONSORED_ANNUNCI,3.07,240,4,1
2024-10-07,Valle d'Aosta,Subito Lavoro,AZ_IT_SUBITO_DISPLAY_HOME,0.61,121,0,0
2024-10-07,Valle d'Aosta,Subito Lavoro,AZ_IT_SUBITO_RETARGETING,0.41,56,1,0
2024-10-07,Valle d'Aosta,Subito Lavoro,AZ_IT_SUBITO_SLOT_PREMIUM,1.70,159,2,0
2024-10-07,Valle d'Aosta,Subito Lavoro,AZ_IT_SUBITO_SPONSORED_ANNUNCI,0.62,45,1,0
2024-10-07,Veneto,Subito Lavoro,AZ_IT_SUBITO_DISPLAY_HOME,23.76,4783,21,1
2024-10-07,Veneto,Subito Lavoro,AZ_IT_SUBITO_RETARGETING,16.88,2418,29,2
2024-10-07,Veneto,Subito Lavoro,AZ_IT_SUBITO_SLOT_PREMIUM,61.10,5765,92,5
2024-10-07,Veneto,Subito Lavoro,AZ_IT_SUBITO_SPONSORED_ANNUNCI,22.30,1685,30,3
2024-10-14,Abruzzo,Subito Lavoro,AZ_IT_SUBITO_DISPLAY_HOME,6.20,1248,5,0
2024-10-14,Abruzzo,Subito Lavoro,AZ_IT_SUBITO_RETARGETING,3.94,587,6,0
2024-10-14,Abruzzo,Subito Lavoro,AZ_IT_SUBITO_SLOT_PREMIUM,20.05,1797,26,2
2024-10-14,Abruzzo,Subito Lavoro,AZ_IT_SUBITO_SPONSORED_ANNUNCI,14.08,1115,20,1
2024-10-14,Basilicata,Subito Lavoro,AZ_IT_SUBITO_DISPLAY_HOME,3.36,669,3,0
2024-10-14,Basilicata,Subito Lavoro,AZ_IT_SUBITO_RETARGETING,2.52,347,5,0
2024-10-14,Basilicata,Subito Lavoro,AZ_IT_SUBITO_SLOT_PREMIUM,9.73,857,12,1
2024-10-14,Basilicata,Subito Lavoro,AZ_IT_SUBITO_SPONSORED_ANNUNCI,3.56,268,5,0
2024-10-14,Calabria,Subito Lavoro,AZ_IT_SUBITO_DISPLAY_HOME,11.38,2349,10,1
2024-10-14,Calabria,Subito Lavoro,AZ_IT_SUBITO_RETARGETING,6.01,862,10,1
2024-10-14,Calabria,Subito Lavoro,AZ_IT_SUBITO_SLOT_PREMIUM,32.02,2950,43,4
2024-10-14,Calabria,Subito Lavoro,AZ_IT_SUBITO_SPONSORED_ANNUNCI,12.24,968,16,2
2024-10-14,Campania,Subito Lavoro,AZ_IT_SUBITO_DISPLAY_HOME,20.59,4222,17,1
2024-10-14,Campania,Subito Lavoro,AZ_IT_SUBITO_RETARGETING,20.63,2869,31,2
2024-10-14,Campania,Subito Lavoro,AZ_IT_SUBITO_SLOT_PREMIUM,50.67,4390,60,4
2024-10-14,Campania,Subito Lavoro,AZ_IT_SUBITO_SPONSORED_ANNUNCI,50.14,3908,71,5
2024-10-14,Emilia-Romagna,Subito Lavoro,AZ_IT_SUBITO_DISPLAY_HOME,31.87,6335,26,1
2024-10-14,Emilia-Romagna,Subito Lavoro,AZ_IT_SUBITO_RETARGETING,30.37,4469,57,2
2024-10-14,Emilia-Romagna,Subito Lavoro,AZ_IT_SUBITO_SLOT_PREMIUM,94.32,8419,118,7
2024-10-14,Emilia-Romagna,Subito Lavoro,AZ_IT_SUBITO_SPONSORED_ANNUNCI,53.13,4131,76,4
2024-10-14,Friuli-Venezia Giulia,Subito Lavoro,AZ_IT_SUBITO_DISPLAY_HOME,5.57,1106,4,0
2024-10-14,Friuli-Venezia Giulia,Subito Lavoro,AZ_IT_SUBITO_RETARGETING,3.71,535,6,0
2024-10-14,Friuli-Venezia Giulia,Subito Lavoro,AZ_IT_SUBITO_SLOT_PREMIUM,14.52,1290,18,2
2024-10-14,Friuli-Venezia Giulia,Subito Lavoro,AZ_IT_SUBITO_SPONSORED_ANNUNCI,7.74,617,10,1
2024-10-14,Lazio,Subito Lavoro,AZ_IT_SUBITO_DISPLAY_HOME,39.57,7989,34,2
2024-10-14,Lazio,Subito Lavoro,AZ_IT_SUBITO_RETARGETING,21.87,3051,35,2
2024-10-14,Lazio,Subito Lavoro,AZ_IT_SUBITO_SLOT_PREMIUM,63.15,6002,94,7
2024-10-14,Lazio,Subito Lavoro,AZ_IT_SUBITO_SPONSORED_ANNUNCI,37.97,2901,51,5
2024-10-14,Liguria,Subito Lavoro,AZ_IT_SUBITO_DISPLAY_HOME,8.65,1722,7,0
2024-10-14,Liguria,Subito Lavoro,AZ_IT_SUBITO_RETARGETING,4.95,698,9,0
2024-10-14,Liguria,Subito Lavoro,AZ_IT_SUBITO_SLOT_PREMIUM,38.71,3450,41,2
2024-10-14,Liguria,Subito Lavoro,AZ_IT_SUBITO_SPONSORED_ANNUNCI,7.95,626,10,1
2024-10-14,Lombardia,Subito Lavoro,AZ_IT_SUBITO_DISPLAY_HOME,72.91,15155,66,2
2024-10-14,Lombardia,Subito Lavoro,AZ_IT_SUBITO_RETARGETING,48.68,7180,82,3
2024-10-14,Lombardia,Subito Lavoro,AZ_IT_SUBITO_SLOT_PREMIUM,323.52,29560,393,21
2024-10-14,Lombardia,Subito Lavoro,AZ_IT_SUBITO_SPONSORED_ANNUNCI,102.87,7878,144,8
2024-10-14,Marche,Subito Lavoro,AZ_IT_SUBITO_DISPLAY_HOME,7.97,1640,7,0
2024-10-14,Marche,Subito Lavoro,AZ_IT_SUBITO_RETARGETING,7.56,1074,14,1
2024-10-14,Marche,Subito Lavoro,AZ_IT_SUBITO_SLOT_PREMIUM,33.07,2889,34,3
2024-10-14,Marche,Subito Lavoro,AZ_IT_SUBITO_SPONSORED_ANNUNCI,8.97,698,14,1
2024-10-14,Molise,Subito Lavoro,AZ_IT_SUBITO_DISPLAY_HOME,1.08,220,1,0
2024-10-14,Molise,Subito Lavoro,AZ_IT_SUBITO_RETARGETING,1.19,166,2,0
2024-10-14,Molise,Subito Lavoro,AZ_IT_SUBITO_SLOT_PREMIUM,3.54,332,4,0
2024-10-14,Molise,Subito Lavoro,AZ_IT_SUBITO_SPONSORED_ANNUNCI,1.40,111,2,0
2024-10-14,Piemonte,Subito Lavoro,AZ_IT_SUBITO_DISPLAY_HOME,30.97,6451,26,1
2024-10-14,Piemonte,Subito Lavoro,AZ_IT_SUBITO_RETARGETING,16.69,2433,28,1
2024-10-14,Piemonte,Subito Lavoro,AZ_IT_SUBITO_SLOT_PREMIUM,86.27,8013,111,6
2024-10-14,Piemonte,Subito Lavoro,AZ_IT_SUBITO_SPONSORED_ANNUNCI,39.92,2994,50,3
2024-10-14,Puglia,Subito Lavoro,AZ_IT_SUBITO_DISPLAY_HOME,20.50,4169,16,1
2024-10-14,Puglia,Subito Lavoro,AZ_IT_SUBITO_RETARGETING,10.54,1519,19,1
2024-10-14,Puglia,Subito Lavoro,AZ_IT_SUBITO_SLOT_PREMIUM,100.54,9026,132,6
2024-10-14,Puglia,Subito Lavoro,AZ_IT_SUBITO_SPONSORED_ANNUNCI,22.92,1776,30,1
2024-10-14,Sardegna,Subito Lavoro,AZ_IT_SUBITO_DISPLAY_HOME,5.55,1114,5,0
2024-10-14,Sardegna,Subito Lavoro,AZ_IT_SUBITO_RETARGETING,7.44,1061,12,1
2024-10-14,Sardegna,Subito Lavoro,AZ_IT_SUBITO_SLOT_PREMIUM,27.37,2564,33,2
2024-10-14,Sardegna,Subito Lavoro,AZ_IT_SUBITO_SPONSORED_ANNUNCI,12.80,954,16,1
2024-10-14,Sicilia,Subito Lavoro,AZ_IT_SUBITO_DISPLAY_HOME,19.13,3825,16,1
2024-10-14,Sicilia,Subito Lavoro,AZ_IT_SUBITO_RETARGETING,14.66,2070,27,1
2024-10-14,Sicilia,Subito Lavoro,AZ_IT_SUBITO_SLOT_PREMIUM,60.50,5733,75,5
2024-10-14,Sicilia,Subito Lavoro,AZ_IT_SUBITO_SPONSORED_ANNUNCI,25.06,1907,30,3
2024-10-14,Toscana,Subito Lavoro,AZ_IT_SUBITO_DISPLAY_HOME,17.51,3524,15,1
2024-10-14,Toscana,Subito Lavoro,AZ_IT_SUBITO_RETARGETING,15.53,2237,27,2
2024-10-14,Toscana,Subito Lavoro,AZ_IT_SUBITO_SLOT_PREMIUM,58.13,5214,76,7
2024-10-14,Toscana,Subito Lavoro,AZ_IT_SUBITO_SPONSORED_ANNUNCI,24.31,1845,27,3
2024-10-14,Trentino-Alto Adige,Subito Lavoro,AZ_IT_SUBITO_DISPLAY_HOME,4.33,906,4,0
2024-10-14,Trentino-Alto Adige,Subito Lavoro,AZ_IT_SUBITO_RETARGETING,5.80,848,11,1
2024-10-14,Trentino-Alto Adige,Subito Lavoro,AZ_IT_SUBITO_SLOT_PREMIUM,15.87,1492,22,2
2024-10-14,Trentino-Alto Adige,Subito Lavoro,AZ_IT_SUBITO_SPONSORED_ANNUNCI,7.38,556,9,1
2024-10-14,Umbria,Subito Lavoro,AZ_IT_SUBITO_DISPLAY_HOME,3.06,617,2,0
2024-10-14,Umbria,Subito Lavoro,AZ_IT_SUBITO_RETARGETING,2.60,362,4,0
2024-10-14,Umbria,Subito Lavoro,AZ_IT_SUBITO_SLOT_PREMIUM,13.48,1225,17,2
2024-10-14,Umbria,Subito Lavoro,AZ_IT_SUBITO_SPONSORED_ANNUNCI,5.11,404,7,1
2024-10-14,Valle d'Aosta,Subito Lavoro,AZ_IT_SUBITO_DISPLAY_HOME,0.85,163,1,0
2024-10-14,Valle d'Aosta,Subito Lavoro,AZ_IT_SUBITO_RETARGETING,0.49,69,1,0
2024-10-14,Valle d'Aosta,Subito Lavoro,AZ_IT_SUBITO_SLOT_PREMIUM,2.13,185,2,0
2024-10-14,Valle d'Aosta,Subito Lavoro,AZ_IT_SUBITO_SPONSORED_ANNUNCI,0.94,73,1,0
2024-10-14,Veneto,Subito Lavoro,AZ_IT_SUBITO_DISPLAY_HOME,26.50,5195,21,1
2024-10-14,Veneto,Subito Lavoro,AZ_IT_SUBITO_RETARGETING,20.39,2940,32,2
2024-10-14,Veneto,Subito Lavoro,AZ_IT_SUBITO_SLOT_PREMIUM,74.86,6882,96,6
2024-10-14,Veneto,Subito Lavoro,AZ_IT_SUBITO_SPONSORED_ANNUNCI,27.35,2267,38,2
2024-10-21,Abruzzo,Subito Lavoro,AZ_IT_SUBITO_DISPLAY_HOME,7.59,1563,6,0
2024-10-21,Abruzzo,Subito Lavoro,AZ_IT_SUBITO_RETARGETING,3.95,563,7,0
2024-10-21,Abruzzo,Subito Lavoro,AZ_IT_SUBITO_SLOT_PREMIUM,20.50,1834,26,2
2024-10-21,Abruzzo,Subito Lavoro,AZ_IT_SUBITO_SPONSORED_ANNUNCI,11.35,875,15,1
2024-10-21,Basilicata,Subito Lavoro,AZ_IT_SUBITO_DISPLAY_HOME,3.36,658,3,0
2024-10-21,Basilicata,Subito Lavoro,AZ_IT_SUBITO_RETARGETING,2.24,320,4,0
2024-10-21,Basilicata,Subito Lavoro,AZ_IT_SUBITO_SLOT_PREMIUM,9.30,813,11,1
2024-10-21,Basilicata,Subito Lavoro,AZ_IT_SUBITO_SPONSORED_ANNUNCI,3.39,257,4,0
2024-10-21,Calabria,Subito Lavoro,AZ_IT_SUBITO_DISPLAY_HOME,12.25,2467,10,1
2024-10-21,Calabria,Subito Lavoro,AZ_IT_SUBITO_RETARGETING,6.17,862,10,1
2024-10-21,Calabria,Subito Lavoro,AZ_IT_SUBITO_SLOT_PREMIUM,28.64,2621,32,3
2024-10-21,Calabria,Subito Lavoro,AZ_IT_SUBITO_SPONSORED_ANNUNCI,11.80,930,16,2
2024-10-21,Campania,Subito Lavoro,AZ_IT_SUBITO_DISPLAY_HOME,24.42,4974,19,1
2024-10-21,Campania,Subito Lavoro,AZ_IT_SUBITO_RETARGETING,21.97,3197,37,2
2024-10-21,Campania,Subito Lavoro,AZ_IT_SUBITO_SLOT_PREMIUM,46.70,4295,55,5
2024-10-21,Campania,Subito Lavoro,AZ_IT_SUBITO_SPONSORED_ANNUNCI,53.61,4187,71,4
2024-10-21,Emilia-Romagna,Subito Lavoro,AZ_IT_SUBITO_DISPLAY_HOME,32.72,6585,27,1
2024-10-21,Emilia-Romagna,Subito Lavoro,AZ_IT_SUBITO_RETARGETING,26.77,3725,42,2
2024-10-21,Emilia-Romagna,Subito Lavoro,AZ_IT_SUBITO_SLOT_PREMIUM,96.43,9289,138,8
2024-10-21,Emilia-Romagna,Subito Lavoro,AZ_IT_SUBITO_SPONSORED_ANNUNCI,49.87,3953,66,4
2024-10-21,Friuli-Venezia Giulia,Subito Lavoro,AZ_IT_SUBITO_DISPLAY_HOME,6.27,1249,5,0
2024-10-21,Friuli-Venezia Giulia,Subito Lavoro,AZ_IT_SUBITO_RETARGETING,3.09,456,6,0
2024-10-21,Friuli-Venezia Giulia,Subito Lavoro,AZ_IT_SUBITO_SLOT_PREMIUM,15.33,1388,22,2
2024-10-21,Friuli-Venezia Giulia,Subito Lavoro,AZ_IT_SUBITO_SPONSORED_ANNUNCI,7.58,576,10,1
2024-10-21,Lazio,Subito Lavoro,AZ_IT_SUBITO_DISPLAY_HOME,45.73,8895,37,2
2024-10-21,Lazio,Subito Lavoro,AZ_IT_SUBITO_RETARGETING,21.44,3178,39,3
2024-10-21,Lazio,Subito Lavoro,AZ_IT_SUBITO_SLOT_PREMIUM,64.12,5613,83,8
2024-10-21,Lazio,Subito Lavoro,AZ_IT_SUBITO_SPONSORED_ANNUNCI,33.17,2526,51,4
2024-10-21,Liguria,Subito Lavoro,AZ_IT_SUBITO_DISPLAY_HOME,9.50,1940,8,0
2024-10-21,Liguria,Subito Lavoro,AZ_IT_SUBITO_RETARGETING,4.57,681,7,0
2024-10-21,Liguria,Subito Lavoro,AZ_IT_SUBITO_SLOT_PREMIUM,34.80,3121,42,2
2024-10-21,Liguria,Subito Lavoro,AZ_IT_SUBITO_SPONSORED_ANNUNCI,11.37,882,16,1
2024-10-21,Lombardia,Subito Lavoro,AZ_IT_SUBITO_DISPLAY_HOME,78.04,15133,61,2
2024-10-21,Lombardia,Subito Lavoro,AZ_IT_SUBITO_RETARGETING,36.68,5565,64,2
2024-10-21,Lombardia,Subito Lavoro,AZ_IT_SUBITO_SLOT_PREMIUM,321.99,30198,413,21
2024-10-21,Lombardia,Subito Lavoro,AZ_IT_SUBITO_SPONSORED_ANNUNCI,121.41,9305,156,8
2024-10-21,Marche,Subito Lavoro,AZ_IT_SUBITO_DISPLAY_HOME,8.13,1650,7,1
2024-10-21,Marche,Subito Lavoro,AZ_IT_SUBITO_RETARGETING,8.09,1142,14,1
2024-10-21,Marche,Subito Lavoro,AZ_IT_SUBITO_SLOT_PREMIUM,26.08,2506,33,4
2024-10-21,Marche,Subito Lavoro,AZ_IT_SUBITO_SPONSORED_ANNUNCI,9.12,726,12,1
2024-10-21,Molise,Subito Lavoro,AZ_IT_SUBITO_DISPLAY_HOME,1.23,232,1,0
2024-10-21,Molise,Subito Lavoro,AZ_IT_SUBITO_RETARGETING,1.16,173,2,0
2024-10-21,Molise,Subito Lavoro,AZ_IT_SUBITO_SLOT_PREMIUM,2.97,277,4,0
2024-10-21,Molise,Subito Lavoro,AZ_IT_SUBITO_SPONSORED_ANNUNCI,1.88,140,3,0
2024-10-21,Piemonte,Subito Lavoro,AZ_IT_SUBITO_DISPLAY_HOME,30.68,5993,24,1
2024-10-21,Piemonte,Subito Lavoro,AZ_IT_SUBITO_RETARGETING,17.88,2507,30,1
2024-10-21,Piemonte,Subito Lavoro,AZ_IT_SUBITO_SLOT_PREMIUM,107.54,9904,150,6
2024-10-21,Piemonte,Subito Lavoro,AZ_IT_SUBITO_SPONSORED_ANNUNCI,43.11,3407,60,3
2024-10-21,Puglia,Subito Lavoro,AZ_IT_SUBITO_DISPLAY_HOME,21.01,4210,16,1
2024-10-21,Puglia,Subito Lavoro,AZ_IT_SUBITO_RETARGETING,10.25,1402,16,1
2024-10-21,Puglia,Subito Lavoro,AZ_IT_SUBITO_SLOT_PREMIUM,88.26,7921,117,6
2024-10-21,Puglia,Subito Lavoro,AZ_IT_SUBITO_SPONSORED_ANNUNCI,22.27,1818,31,2
2024-10-21,Sardegna,Subito Lavoro,AZ_IT_SUBITO_DISPLAY_HOME,5.56,1108,5,0
2024-10-21,Sardegna,Subito Lavoro,AZ_IT_SUBITO_RETARGETING,6.34,873,11,1
2024-10-21,Sardegna,Subito Lavoro,AZ_IT_SUBITO_SLOT_PREMIUM,27.75,2484,36,2
2024-10-21,Sardegna,Subito Lavoro,AZ_IT_SUBITO_SPONSORED_ANNUNCI,14.65,1158,21,1
2024-10-21,Sicilia,Subito Lavoro,AZ_IT_SUBITO_DISPLAY_HOME,22.47,4594,15,1
2024-10-21,Sicilia,Subito Lavoro,AZ_IT_SUBITO_RETARGETING,12.63,1760,21,1
2024-10-21,Sicilia,Subito Lavoro,AZ_IT_SUBITO_SLOT_PREMIUM,56.44,5209,69,6
2024-10-21,Sicilia,Subito Lavoro,AZ_IT_SUBITO_SPONSORED_ANNUNCI,24.86,1968,34,3
2024-10-21,Toscana,Subito Lavoro,AZ_IT_SUBITO_DISPLAY_HOME,20.21,3816,16,1
2024-10-21,Toscana,Subito Lavoro,AZ_IT_SUBITO_RETARGETING,15.25,2072,26,2
2024-10-21,Toscana,Subito Lavoro,AZ_IT_SUBITO_SLOT_PREMIUM,61.10,5591,77,7
2024-10-21,Toscana,Subito Lavoro,AZ_IT_SUBITO_SPONSORED_ANNUNCI,21.26,1640,29,2
2024-10-21,Trentino-Alto Adige,Subito Lavoro,AZ_IT_SUBITO_DISPLAY_HOME,4.77,932,4,0
2024-10-21,Trentino-Alto Adige,Subito Lavoro,AZ_IT_SUBITO_RETARGETING,4.65,705,7,0
2024-10-21,Trentino-Alto Adige,Subito Lavoro,AZ_IT_SUBITO_SLOT_PREMIUM,17.28,1498,20,2
2024-10-21,Trentino-Alto Adige,Subito Lavoro,AZ_IT_SUBITO_SPONSORED_ANNUNCI,6.07,451,8,1
2024-10-21,Umbria,Subito Lavoro,AZ_IT_SUBITO_DISPLAY_HOME,3.60,697,3,0
2024-10-21,Umbria,Subito Lavoro,AZ_IT_SUBITO_RETARGETING,2.51,356,4,0
2024-10-21,Umbria,Subito Lavoro,AZ_IT_SUBITO_SLOT_PREMIUM,10.20,893,13,1
2024-10-21,Umbria,Subito Lavoro,AZ_IT_SUBITO_SPONSORED_ANNUNCI,5.96,430,7,1
2024-10-21,Valle d'Aosta,Subito Lavoro,AZ_IT_SUBITO_DISPLAY_HOME,0.86,177,1,0
2024-10-21,Valle d'Aosta,Subito Lavoro,AZ_IT_SUBITO_RETARGETING,0.42,62,1,0
2024-10-21,Valle d'Aosta,Subito Lavoro,AZ_IT_SUBITO_SLOT_PREMIUM,1.85,167,2,0
2024-10-21,Valle d'Aosta,Subito Lavoro,AZ_IT_SUBITO_SPONSORED_ANNUNCI,0.93,73,1,0
2024-10-21,Veneto,Subito Lavoro,AZ_IT_SUBITO_DISPLAY_HOME,22.22,4326,17,1
2024-10-21,Veneto,Subito Lavoro,AZ_IT_SUBITO_RETARGETING,20.04,2975,35,2
2024-10-21,Veneto,Subito Lavoro,AZ_IT_SUBITO_SLOT_PREMIUM,65.95,6006,90,6
2024-10-21,Veneto,Subito Lavoro,AZ_IT_SUBITO_SPONSORED_ANNUNCI,25.14,1929,30,3
2024-10-28,Abruzzo,Subito Lavoro,AZ_IT_SUBITO_DISPLAY_HOME,6.67,1327,5,0
2024-10-28,Abruzzo,Subito Lavoro,AZ_IT_SUBITO_RETARGETING,3.46,484,6,0
2024-10-28,Abruzzo,Subito Lavoro,AZ_IT_SUBITO_SLOT_PREMIUM,13.99,1248,18,1
2024-10-28,Abruzzo,Subito Lavoro,AZ_IT_SUBITO_SPONSORED_ANNUNCI,10.39,770,14,1
2024-10-28,Basilicata,Subito Lavoro,AZ_IT_SUBITO_DISPLAY_HOME,2.66,535,2,0
2024-10-28,Basilicata,Subito Lavoro,AZ_IT_SUBITO_RETARGETING,2.05,294,3,0
2024-10-28,Basilicata,Subito Lavoro,AZ_IT_SUBITO_SLOT_PREMIUM,7.41,681,9,1
2024-10-28,Basilicata,Subito Lavoro,AZ_IT_SUBITO_SPONSORED_ANNUNCI,2.50,203,4,0
2024-10-28,Calabria,Subito Lavoro,AZ_IT_SUBITO_DISPLAY_HOME,10.64,2091,8,1
2024-10-28,Calabria,Subito Lavoro,AZ_IT_SUBITO_RETARGETING,5.24,717,7,1
2024-10-28,Calabria,Subito Lavoro,AZ_IT_SUBITO_SLOT_PREMIUM,20.56,1884,24,4
2024-10-28,Calabria,Subito Lavoro,AZ_IT_SUBITO_SPONSORED_ANNUNCI,9.14,694,12,2
2024-10-28,Campania,Subito Lavoro,AZ_IT_SUBITO_DISPLAY_HOME,21.08,4282,17,1
2024-10-28,Campania,Subito Lavoro,AZ_IT_SUBITO_RETARGETING,20.58,2976,36,2
2024-10-28,Campania,Subito Lavoro,AZ_IT_SUBITO_SLOT_PREMIUM,32.91,3027,48,3
2024-10-28,Campania,Subito Lavoro,AZ_IT_SUBITO_SPONSORED_ANNUNCI,44.68,3451,63,5
2024-10-28,Emilia-Romagna,Subito Lavoro,AZ_IT_SUBITO_DISPLAY_HOME,33.14,6507,28,1
2024-10-28,Emilia-Romagna,Subito Lavoro,AZ_IT_SUBITO_RETARGETING,20.77,3018,35,2
2024-10-28,Emilia-Romagna,Subito Lavoro,AZ_IT_SUBITO_SLOT_PREMIUM,73.30,6840,93,6
2024-10-28,Emilia-Romagna,Subito Lavoro,AZ_IT_SUBITO_SPONSORED_ANNUNCI,49.57,3835,54,5
2024-10-28,Friuli-Venezia Giulia,Subito Lavoro,AZ_IT_SUBITO_DISPLAY_HOME,5.69,1076,4,0
2024-10-28,Friuli-Venezia Giulia,Subito Lavoro,AZ_IT_SUBITO_RETARGETING,3.07,461,6,0
2024-10-28,Friuli-Venezia Giulia,Subito Lavoro,AZ_IT_SUBITO_SLOT_PREMIUM,14.39,1265,18,2
2024-10-28,Friuli-Venezia Giulia,Subito Lavoro,AZ_IT_SUBITO_SPONSORED_ANNUNCI,5.50,433,7,1
2024-10-28,Lazio,Subito Lavoro,AZ_IT_SUBITO_DISPLAY_HOME,40.08,7780,29,2
2024-10-28,Lazio,Subito Lavoro,AZ_IT_SUBITO_RETARGETING,16.81,2394,26,3
2024-10-28,Lazio,Subito Lavoro,AZ_IT_SUBITO_SLOT_PREMIUM,46.39,4233,66,6
2024-10-28,Lazio,Subito Lavoro,AZ_IT_SUBITO_SPONSORED_ANNUNCI,22.26,1739,29,4
2024-10-28,Liguria,Subito Lavoro,AZ_IT_SUBITO_DISPLAY_HOME,9.73,1837,7,0
2024-10-28,Liguria,Subito Lavoro,AZ_IT_SUBITO_RETARGETING,4.26,625,8,0
2024-10-28,Liguria,Subito Lavoro,AZ_IT_SUBITO_SLOT_PREMIUM,23.34,2135,31,2
2024-10-28,Liguria,Subito Lavoro,AZ_IT_SUBITO_SPONSORED_ANNUNCI,7.98,596,10,1
2024-10-28,Lombardia,Subito Lavoro,AZ_IT_SUBITO_DISPLAY_HOME,76.47,15358,68,3
2024-10-28,Lombardia,Subito Lavoro,AZ_IT_SUBITO_RETARGETING,39.01,5467,67,3
2024-10-28,Lombardia,Subito Lavoro,AZ_IT_SUBITO_SLOT_PREMIUM,224.60,20847,271,18
2024-10-28,Lombardia,Subito Lavoro,AZ_IT_SUBITO_SPONSORED_ANNUNCI,95.81,7048,120,7
2024-10-28,Marche,Subito Lavoro,AZ_IT_SUBITO_DISPLAY_HOME,7.16,1426,6,1
2024-10-28,Marche,Subito Lavoro,AZ_IT_SUBITO_RETARGETING,5.55,831,10,1
2024-10-28,Marche,Subito Lavoro,AZ_IT_SUBITO_SLOT_PREMIUM,19.64,1785,25,3
2024-10-28,Marche,Subito Lavoro,AZ_IT_SUBITO_SPONSORED_ANNUNCI,7.68,590,9,1
2024-10-28,Molise,Subito Lavoro,AZ_IT_SUBITO_DISPLAY_HOME,1.18,234,1,0
2024-10-28,Molise,Subito Lavoro,AZ_IT_SUBITO_RETARGETING,0.84,122,1,0
2024-10-28,Molise,Subito Lavoro,AZ_IT_SUBITO_SLOT_PREMIUM,2.38,211,3,0
2024-10-28,Molise,Subito Lavoro,AZ_IT_SUBITO_SPONSORED_ANNUNCI,1.40,107,2,0
2024-10-28,Piemonte,Subito Lavoro,AZ_IT_SUBITO_DISPLAY_HOME,31.23,6342,25,1
2024-10-28,Piemonte,Subito Lavoro,AZ_IT_SUBITO_RETARGETING,15.43,2112,25,1
2024-10-28,Piemonte,Subito Lavoro,AZ_IT_SUBITO_SLOT_PREMIUM,60.51,5491,79,4
2024-10-28,Piemonte,Subito Lavoro,AZ_IT_SUBITO_SPONSORED_ANNUNCI,34.30,2700,40,3
2024-10-28,Puglia,Subito Lavoro,AZ_IT_SUBITO_DISPLAY_HOME,19.01,3867,15,1
2024-10-28,Puglia,Subito Lavoro,AZ_IT_SUBITO_RETARGETING,9.26,1280,16,1
2024-10-28,Puglia,Subito Lavoro,AZ_IT_SUBITO_SLOT_PREMIUM,76.82,6978,121,6
2024-10-28,Puglia,Subito Lavoro,AZ_IT_SUBITO_SPONSORED_ANNUNCI,18.74,1411,22,2
2024-10-28,Sardegna,Subito Lavoro,AZ_IT_SUBITO_DISPLAY_HOME,5.01,972,4,0
2024-10-28,Sardegna,Subito Lavoro,AZ_IT_SUBITO_RETARGETING,5.79,830,10,1
2024-10-28,Sardegna,Subito Lavoro,AZ_IT_SUBITO_SLOT_PREMIUM,20.05,1826,22,2
2024-10-28,Sardegna,Subito Lavoro,AZ_IT_SUBITO_SPONSORED_ANNUNCI,14.06,1091,17,1
2024-10-28,Sicilia,Subito Lavoro,AZ_IT_SUBITO_DISPLAY_HOME,24.90,5026,18,1
2024-10-28,Sicilia,Subito Lavoro,AZ_IT_SUBITO_RETARGETING,9.74,1401,17,1
2024-10-28,Sicilia,Subito Lavoro,AZ_IT_SUBITO_SLOT_PREMIUM,38.34,3636,50,5
2024-10-28,Sicilia,Subito Lavoro,AZ_IT_SUBITO_SPONSORED_ANNUNCI,23.04,1824,32,3
2024-10-28,Toscana,Subito Lavoro,AZ_IT_SUBITO_DISPLAY_HOME,20.00,3871,16,1
2024-10-28,Toscana,Subito Lavoro,AZ_IT_SUBITO_RETARGETING,11.05,1555,16,2
2024-10-28,Toscana,Subito Lavoro,AZ_IT_SUBITO_SLOT_PREMIUM,42.79,3823,48,7
2024-10-28,Toscana,Subito Lavoro,AZ_IT_SUBITO_SPONSORED_ANNUNCI,17.08,1259,20,3
2024-10-28,Trentino-Alto Adige,Subito Lavoro,AZ_IT_SUBITO_DISPLAY_HOME,5.25,999,4,0
2024-10-28,Trentino-Alto Adige,Subito Lavoro,AZ_IT_SUBITO_RETARGETING,3.72,535,6,1
2024-10-28,Trentino-Alto Adige,Subito Lavoro,AZ_IT_SUBITO_SLOT_PREMIUM,12.82,1174,17,2
2024-10-28,Trentino-Alto Adige,Subito Lavoro,AZ_IT_SUBITO_SPONSORED_ANNUNCI,4.45,346,6,1
2024-10-28,Umbria,Subito Lavoro,AZ_IT_SUBITO_DISPLAY_HOME,3.77,781,3,0
2024-10-28,Umbria,Subito Lavoro,AZ_IT_SUBITO_RETARGETING,2.28,305,4,0
2024-10-28,Umbria,Subito Lavoro,AZ_IT_SUBITO_SLOT_PREMIUM,7.40,635,8,1
2024-10-28,Umbria,Subito Lavoro,AZ_IT_SUBITO_SPONSORED_ANNUNCI,4.88,377,6,1
2024-10-28,Valle d'Aosta,Subito Lavoro,AZ_IT_SUBITO_DISPLAY_HOME,0.76,151,1,0
2024-10-28,Valle d'Aosta,Subito Lavoro,AZ_IT_SUBITO_RETARGETING,0.38,52,1,0
2024-10-28,Valle d'Aosta,Subito Lavoro,AZ_IT_SUBITO_SLOT_PREMIUM,1.25,111,1,0
2024-10-28,Valle d'Aosta,Subito Lavoro,AZ_IT_SUBITO_SPONSORED_ANNUNCI,0.65,49,1,0
2024-10-28,Veneto,Subito Lavoro,AZ_IT_SUBITO_DISPLAY_HOME,19.53,3965,16,1
2024-10-28,Veneto,Subito Lavoro,AZ_IT_SUBITO_RETARGETING,17.97,2501,26,2
2024-10-28,Veneto,Subito Lavoro,AZ_IT_SUBITO_SLOT_PREMIUM,61.68,5521,74,6
2024-10-28,Veneto,Subito Lavoro,AZ_IT_SUBITO_SPONSORED_ANNUNCI,21.57,1578,27,2
2024-11-04,Abruzzo,Subito Lavoro,AZ_IT_SUBITO_DISPLAY_HOME,8.44,1627,6,0
2024-11-04,Abruzzo,Subito Lavoro,AZ_IT_SUBITO_RETARGETING,5.00,737,9,0
2024-11-04,Abruzzo,Subito Lavoro,AZ_IT_SUBITO_SLOT_PREMIUM,17.42,1567,22,1
2024-11-04,Abruzzo,Subito Lavoro,AZ_IT_SUBITO_SPONSORED_ANNUNCI,15.12,1082,19,1
2024-11-04,Basilicata,Subito Lavoro,AZ_IT_SUBITO_DISPLAY_HOME,4.42,893,3,0
2024-11-04,Basilicata,Subito Lavoro,AZ_IT_SUBITO_RETARGETING,2.75,384,5,0
2024-11-04,Basilicata,Subito Lavoro,AZ_IT_SUBITO_SLOT_PREMIUM,7.39,693,10,1
2024-11-04,Basilicata,Subito Lavoro,AZ_IT_SUBITO_SPONSORED_ANNUNCI,3.93,299,5,0
2024-11-04,Calabria,Subito Lavoro,AZ_IT_SUBITO_DISPLAY_HOME,14.65,2909,12,1
2024-11-04,Calabria,Subito Lavoro,AZ_IT_SUBITO_RETARGETING,5.67,763,9,1
2024-11-04,Calabria,Subito Lavoro,AZ_IT_SUBITO_SLOT_PREMIUM,23.96,2244,34,3
2024-11-04,Calabria,Subito Lavoro,AZ_IT_SUBITO_SPONSORED_ANNUNCI,11.60,898,15,2
2024-11-04,Campania,Subito Lavoro,AZ_IT_SUBITO_DISPLAY_HOME,28.86,5760,22,1
2024-11-04,Campania,Subito Lavoro,AZ_IT_SUBITO_RETARGETING,24.92,3642,46,2
2024-11-04,Campania,Subito Lavoro,AZ_IT_SUBITO_SLOT_PREMIUM,45.94,3928,51,4
2024-11-04,Campania,Subito Lavoro,AZ_IT_SUBITO_SPONSORED_ANNUNCI,61.35,4779,69,5
2024-11-04,Emilia-Romagna,Subito Lavoro,AZ_IT_SUBITO_DISPLAY_HOME,38.03,7976,30,1
2024-11-04,Emilia-Romagna,Subito Lavoro,AZ_IT_SUBITO_RETARGETING,31.32,4599,58,3
2024-11-04,Emilia-Romagna,Subito Lavoro,AZ_IT_SUBITO_SLOT_PREMIUM,82.45,7446,107,5
2024-11-04,Emilia-Romagna,Subito Lavoro,AZ_IT_SUBITO_SPONSORED_ANNUNCI,67.73,5124,103,5
2024-11-04,Friuli-Venezia Giulia,Subito Lavoro,AZ_IT_SUBITO_DISPLAY_HOME,6.52,1230,5,0
2024-11-04,Friuli-Venezia Giulia,Subito Lavoro,AZ_IT_SUBITO_RETARGETING,3.39,462,5,0
2024-11-04,Friuli-Venezia Giulia,Subito Lavoro,AZ_IT_SUBITO_SLOT_PREMIUM,12.89,1207,17,2
2024-11-04,Friuli-Venezia Giulia,Subito Lavoro,AZ_IT_SUBITO_SPONSORED_ANNUNCI,7.46,595,11,1
2024-11-04,Lazio,Subito Lavoro,AZ_IT_SUBITO_DISPLAY_HOME,46.87,9529,40,3
2024-11-04,Lazio,Subito Lavoro,AZ_IT_SUBITO_RETARGETING,26.65,3793,46,4
2024-11-04,Lazio,Subito Lavoro,AZ_IT_SUBITO_SLOT_PREMIUM,53.04,4858,59,7
2024-11-04,Lazio,Subito Lavoro,AZ_IT_SUBITO_SPONSORED_ANNUNCI,26.43,2099,38,4
2024-11-04,Liguria,Subito Lavoro,AZ_IT_SUBITO_DISPLAY_HOME,12.15,2514,10,0
2024-11-04,Liguria,Subito Lavoro,AZ_IT_SUBITO_RETARGETING,5.18,707,8,0
2024-11-04,Liguria,Subito Lavoro,AZ_IT_SUBITO_SLOT_PREMIUM,26.88,2433,37,2
2024-11-04,Liguria,Subito Lavoro,AZ_IT_SUBITO_SPONSORED_ANNUNCI,9.70,736,12,1
2024-11-04,Lombardia,Subito Lavoro,AZ_IT_SUBITO_DISPLAY_HOME,98.06,19905,82,3
2024-11-04,Lombardia,Subito Lavoro,AZ_IT_SUBITO_RETARGETING,49.41,6996,80,3
2024-11-04,Lombardia,Subito Lavoro,AZ_IT_SUBITO_SLOT_PREMIUM,227.02,20351,270,17
2024-11-04,Lombardia,Subito Lavoro,AZ_IT_SUBITO_SPONSORED_ANNUNCI,116.73,8921,150,9
2024-11-04,Marche,Subito Lavoro,AZ_IT_SUBITO_DISPLAY_HOME,10.02,2068,9,1
2024-11-04,Marche,Subito Lavoro,AZ_IT_SUBITO_RETARGETING,6.45,910,12,1
2024-11-04,Marche,Subito Lavoro,AZ_IT_SUBITO_SLOT_PREMIUM,24.67,2044,29,3
2024-11-04,Marche,Subito Lavoro,AZ_IT_SUBITO_SPONSORED_ANNUNCI,10.89,834,15,1
2024-11-04,Molise,Subito Lavoro,AZ_IT_SUBITO_DISPLAY_HOME,1.45,283,1,0
2024-11-04,Molise,Subito Lavoro,AZ_IT_SUBITO_RETARGETING,0.91,136,2,0
2024-11-04,Molise,Subito Lavoro,AZ_IT_SUBITO_SLOT_PREMIUM,2.28,207,3,0
2024-11-04,Molise,Subito Lavoro,AZ_IT_SUBITO_SPONSORED_ANNUNCI,1.83,141,2,0
2024-11-04,Piemonte,Subito Lavoro,AZ_IT_SUBITO_DISPLAY_HOME,35.96,7184,31,1
2024-11-04,Piemonte,Subito Lavoro,AZ_IT_SUBITO_RETARGETING,20.19,2984,35,1
2024-11-04,Piemonte,Subito Lavoro,AZ_IT_SUBITO_SLOT_PREMIUM,77.32,6667,112,5
2024-11-04,Piemonte,Subito Lavoro,AZ_IT_SUBITO_SPONSORED_ANNUNCI,46.24,3605,64,3
2024-11-04,Puglia,Subito Lavoro,AZ_IT_SUBITO_DISPLAY_HOME,28.79,5903,25,1
2024-11-04,Puglia,Subito Lavoro,AZ_IT_SUBITO_RETARGETING,11.05,1552,18,1
2024-11-04,Puglia,Subito Lavoro,AZ_IT_SUBITO_SLOT_PREMIUM,72.56,6553,102,5
2024-11-04,Puglia,Subito Lavoro,AZ_IT_SUBITO_SPONSORED_ANNUNCI,26.11,2107,39,2
2024-11-04,Sardegna,Subito Lavoro,AZ_IT_SUBITO_DISPLAY_HOME,6.90,1356,6,0
2024-11-04,Sardegna,Subito Lavoro,AZ_IT_SUBITO_RETARGETING,7.37,1066,13,1
2024-11-04,Sardegna,Subito Lavoro,AZ_IT_SUBITO_SLOT_PREMIUM,21.87,2065,28,2
2024-11-04,Sardegna,Subito Lavoro,AZ_IT_SUBITO_SPONSORED_ANNUNCI,16.88,1258,20,2
2024-11-04,Sicilia,Subito Lavoro,AZ_IT_SUBITO_DISPLAY_HOME,31.56,6034,23,2
2024-11-04,Sicilia,Subito Lavoro,AZ_IT_SUBITO_RETARGETING,13.53,1905,25,1
2024-11-04,Sicilia,Subito Lavoro,AZ_IT_SUBITO_SLOT_PREMIUM,50.38,4664,67,4
2024-11-04,Sicilia,Subito Lavoro,AZ_IT_SUBITO_SPONSORED_ANNUNCI,30.23,2298,42,3
2024-11-04,Toscana,Subito Lavoro,AZ_IT_SUBITO_DISPLAY_HOME,22.59,4836,20,1
2024-11-04,Toscana,Subito Lavoro,AZ_IT_SUBITO_RETARGETING,13.27,1926,25,2
2024-11-04,Toscana,Subito Lavoro,AZ_IT_SUBITO_SLOT_PREMIUM,47.45,4196,60,6
2024-11-04,Toscana,Subito Lavoro,AZ_IT_SUBITO_SPONSORED_ANNUNCI,22.03,1705,27,3
2024-11-04,Trentino-Alto Adige,Subito Lavoro,AZ_IT_SUBITO_DISPLAY_HOME,5.99,1222,5,0
2024-11-04,Trentino-Alto Adige,Subito Lavoro,AZ_IT_SUBITO_RETARGETING,4.10,585,8,1
2024-11-04,Trentino-Alto Adige,Subito Lavoro,AZ_IT_SUBITO_SLOT_PREMIUM,12.89,1176,15,2
2024-11-04,Trentino-Alto Adige,Subito Lavoro,AZ_IT_SUBITO_SPONSORED_ANNUNCI,6.32,473,8,1
2024-11-04,Umbria,Subito Lavoro,AZ_IT_SUBITO_DISPLAY_HOME,4.30,878,3,0
2024-11-04,Umbria,Subito Lavoro,AZ_IT_SUBITO_RETARGETING,2.58,364,5,0
2024-11-04,Umbria,Subito Lavoro,AZ_IT_SUBITO_SLOT_PREMIUM,8.43,796,12,1
2024-11-04,Umbria,Subito Lavoro,AZ_IT_SUBITO_SPONSORED_ANNUNCI,5.90,447,8,1
2024-11-04,Valle d'Aosta,Subito Lavoro,AZ_IT_SUBITO_DISPLAY_HOME,0.98,196,1,0
2024-11-04,Valle d'Aosta,Subito Lavoro,AZ_IT_SUBITO_RETARGETING,0.37,55,1,0
2024-11-04,Valle d'Aosta,Subito Lavoro,AZ_IT_SUBITO_SLOT_PREMIUM,1.42,128,2,0
2024-11-04,Valle d'Aosta,Subito Lavoro,AZ_IT_SUBITO_SPONSORED_ANNUNCI,0.87,70,1,0
2024-11-04,Veneto,Subito Lavoro,AZ_IT_SUBITO_DISPLAY_HOME,29.81,6070,23,1
2024-11-04,Veneto,Subito Lavoro,AZ_IT_SUBITO_RETARGETING,21.39,3043,30,2
2024-11-04,Veneto,Subito Lavoro,AZ_IT_SUBITO_SLOT_PREMIUM,75.28,6933,104,6
2024-11-04,Veneto,Subito Lavoro,AZ_IT_SUBITO_SPONSORED_ANNUNCI,25.14,1999,30,3
2024-11-11,Abruzzo,Subito Lavoro,AZ_IT_SUBITO_DISPLAY_HOME,6.74,1328,6,0
2024-11-11,Abruzzo,Subito Lavoro,AZ_IT_SUBITO_RETARGETING,3.93,591,7,0
2024-11-11,Abruzzo,Subito Lavoro,AZ_IT_SUBITO_SLOT_PREMIUM,14.96,1376,19,1
2024-11-11,Abruzzo,Subito Lavoro,AZ_IT_SUBITO_SPONSORED_ANNUNCI,13.84,1079,20,1
2024-11-11,Basilicata,Subito Lavoro,AZ_IT_SUBITO_DISPLAY_HOME,3.67,737,3,0
2024-11-11,Basilicata,Subito Lavoro,AZ_IT_SUBITO_RETARGETING,2.38,335,4,0
2024-11-11,Basilicata,Subito Lavoro,AZ_IT_SUBITO_SLOT_PREMIUM,6.27,572,7,1
2024-11-11,Basilicata,Subito Lavoro,AZ_IT_SUBITO_SPONSORED_ANNUNCI,3.44,264,4,0
2024-11-11,Calabria,Subito Lavoro,AZ_IT_SUBITO_DISPLAY_HOME,12.72,2557,11,1
2024-11-11,Calabria,Subito Lavoro,AZ_IT_SUBITO_RETARGETING,5.26,766,9,1
2024-11-11,Calabria,Subito Lavoro,AZ_IT_SUBITO_SLOT_PREMIUM,29.37,2642,35,4
2024-11-11,Calabria,Subito Lavoro,AZ_IT_SUBITO_SPONSORED_ANNUNCI,11.60,869,12,2
2024-11-11,Campania,Subito Lavoro,AZ_IT_SUBITO_DISPLAY_HOME,26.35,5334,23,1
2024-11-11,Campania,Subito Lavoro,AZ_IT_SUBITO_RETARGETING,22.65,3143,36,2
2024-11-11,Campania,Subito Lavoro,AZ_IT_SUBITO_SLOT_PREMIUM,43.13,4186,54,4
2024-11-11,Campania,Subito Lavoro,AZ_IT_SUBITO_SPONSORED_ANNUNCI,54.56,4297,70,7
2024-11-11,Emilia-Romagna,Subito Lavoro,AZ_IT_SUBITO_DISPLAY_HOME,34.38,6793,27,1
2024-11-11,Emilia-Romagna,Subito Lavoro,AZ_IT_SUBITO_RETARGETING,27.61,4020,47,2
2024-11-11,Emilia-Romagna,Subito Lavoro,AZ_IT_SUBITO_SLOT_PREMIUM,79.00,7514,106,5
2024-11-11,Emilia-Romagna,Subito Lavoro,AZ_IT_SUBITO_SPONSORED_ANNUNCI,68.52,5410,84,6
2024-11-11,Friuli-Venezia Giulia,Subito Lavoro,AZ_IT_SUBITO_DISPLAY_HOME,6.53,1295,5,0
2024-11-11,Friuli-Venezia Giulia,Subito Lavoro,AZ_IT_SUBITO_RETARGETING,2.82,423,5,0
2024-11-11,Friuli-Venezia Giulia,Subito Lavoro,AZ_IT_SUBITO_SLOT_PREMIUM,12.74,1162,17,2
2024-11-11,Friuli-Venezia Giulia,Subito Lavoro,AZ_IT_SUBITO_SPONSORED_ANNUNCI,6.83,514,9,1
2024-11-11,Lazio,Subito Lavoro,AZ_IT_SUBITO_DISPLAY_HOME,38.18,7791,28,2
2024-11-11,Lazio,Subito Lavoro,AZ_IT_SUBITO_RETARGETING,20.21,2951,35,3
2024-11-11,Lazio,Subito Lavoro,AZ_IT_SUBITO_SLOT_PREMIUM,52.82,4757,60,8
2024-11-11,Lazio,Subito Lavoro,AZ_IT_SUBITO_SPONSORED_ANNUNCI,23.41,1832,32,3
2024-11-11,Liguria,Subito Lavoro,AZ_IT_SUBITO_DISPLAY_HOME,10.94,2209,8,0
2024-11-11,Liguria,Subito Lavoro,AZ_IT_SUBITO_RETARGETING,4.32,650,9,0
2024-11-11,Liguria,Subito Lavoro,AZ_IT_SUBITO_SLOT_PREMIUM,29.35,2707,39,2
2024-11-11,Liguria,Subito Lavoro,AZ_IT_SUBITO_SPONSORED_ANNUNCI,8.45,620,10,1
2024-11-11,Lombardia,Subito Lavoro,AZ_IT_SUBITO_DISPLAY_HOME,90.54,18588,67,3
2024-11-11,Lombardia,Subito Lavoro,AZ_IT_SUBITO_RETARGETING,58.10,8048,87,4
2024-11-11,Lombardia,Subito Lavoro,AZ_IT_SUBITO_SLOT_PREMIUM,238.69,22993,338,18
2024-11-11,Lombardia,Subito Lavoro,AZ_IT_SUBITO_SPONSORED_ANNUNCI,93.70,7403,124,9
2024-11-11,Marche,Subito Lavoro,AZ_IT_SUBITO_DISPLAY_HOME,8.61,1660,6,1
2024-11-11,Marche,Subito Lavoro,AZ_IT_SUBITO_RETARGETING,6.16,897,11,1
2024-11-11,Marche,Subito Lavoro,AZ_IT_SUBITO_SLOT_PREMIUM,21.58,1982,29,3
2024-11-11,Marche,Subito Lavoro,AZ_IT_SUBITO_SPONSORED_ANNUNCI,7.88,586,11,1
2024-11-11,Molise,Subito Lavoro,AZ_IT_SUBITO_DISPLAY_HOME,1.24,253,1,0
2024-11-11,Molise,Subito Lavoro,AZ_IT_SUBITO_RETARGETING,1.10,156,2,0
2024-11-11,Molise,Subito Lavoro,AZ_IT_SUBITO_SLOT_PREMIUM,1.92,181,2,0
2024-11-11,Molise,Subito Lavoro,AZ_IT_SUBITO_SPONSORED_ANNUNCI,1.63,129,3,0
2024-11-11,Piemonte,Subito Lavoro,AZ_IT_SUBITO_DISPLAY_HOME,28.30,5496,21,1
2024-11-11,Piemonte,Subito Lavoro,AZ_IT_SUBITO_RETARGETING,16.63,2295,28,1
2024-11-11,Piemonte,Subito Lavoro,AZ_IT_SUBITO_SLOT_PREMIUM,74.91,6644,104,5
2024-11-11,Piemonte,Subito Lavoro,AZ_IT_SUBITO_SPONSORED_ANNUNCI,41.84,3305,55,3
2024-11-11,Puglia,Subito Lavoro,AZ_IT_SUBITO_DISPLAY_HOME,24.14,5035,19,1
2024-11-11,Puglia,Subito Lavoro,AZ_IT_SUBITO_RETARGETING,9.69,1382,17,1
2024-11-11,Puglia,Subito Lavoro,AZ_IT_SUBITO_SLOT_PREMIUM,83.51,7708,111,5
2024-11-11,Puglia,Subito Lavoro,AZ_IT_SUBITO_SPONSORED_ANNUNCI,23.85,1933,34,2
2024-11-11,Sardegna,Subito Lavoro,AZ_IT_SUBITO_DISPLAY_HOME,6.14,1231,5,0
2024-11-11,Sardegna,Subito Lavoro,AZ_IT_SUBITO_RETARGETING,5.94,881,11,1
2024-11-11,Sardegna,Subito Lavoro,AZ_IT_SUBITO_SLOT_PREMIUM,22.34,2128,26,2
2024-11-11,Sardegna,Subito Lavoro,AZ_IT_SUBITO_SPONSORED_ANNUNCI,14.72,1160,18,2
2024-11-11,Sicilia,Subito Lavoro,AZ_IT_SUBITO_DISPLAY_HOME,27.54,5502,20,1
2024-11-11,Sicilia,Subito Lavoro,AZ_IT_SUBITO_RETARGETING,11.01,1570,17,1
2024-11-11,Sicilia,Subito Lavoro,AZ_IT_SUBITO_SLOT_PREMIUM,37.83,3547,48,5
2024-11-11,Sicilia,Subito Lavoro,AZ_IT_SUBITO_SPONSORED_ANNUNCI,25.79,2098,35,3
2024-11-11,Toscana,Subito Lavoro,AZ_IT_SUBITO_DISPLAY_HOME,18.27,3676,16,1
2024-11-11,Toscana,Subito Lavoro,AZ_IT_SUBITO_RETARGETING,10.86,1581,18,2
2024-11-11,Toscana,Subito Lavoro,AZ_IT_SUBITO_SLOT_PREMIUM,51.23,4843,65,7
2024-11-11,Toscana,Subito Lavoro,AZ_IT_SUBITO_SPONSORED_ANNUNCI,22.69,1701,31,3
2024-11-11,Trentino-Alto Adige,Subito Lavoro,AZ_IT_SUBITO_DISPLAY_HOME,5.07,1026,4,0
2024-11-11,Trentino-Alto Adige,Subito Lavoro,AZ_IT_SUBITO_RETARGETING,3.74,521,6,1
2024-11-11,Trentino-Alto Adige,Subito Lavoro,AZ_IT_SUBITO_SLOT_PREMIUM,13.26,1199,17,2
2024-11-11,Trentino-Alto Adige,Subito Lavoro,AZ_IT_SUBITO_SPONSORED_ANNUNCI,5.88,437,7,1
2024-11-11,Umbria,Subito Lavoro,AZ_IT_SUBITO_DISPLAY_HOME,4.30,883,4,0
2024-11-11,Umbria,Subito Lavoro,AZ_IT_SUBITO_RETARGETING,2.26,331,5,0
2024-11-11,Umbria,Subito Lavoro,AZ_IT_SUBITO_SLOT_PREMIUM,8.02,719,11,1
2024-11-11,Umbria,Subito Lavoro,AZ_IT_SUBITO_SPONSORED_ANNUNCI,5.04,389,6,1
2024-11-11,Valle d'Aosta,Subito Lavoro,AZ_IT_SUBITO_DISPLAY_HOME,0.75,156,1,0
2024-11-11,Valle d'Aosta,Subito Lavoro,AZ_IT_SUBITO_RETARGETING,0.37,53,1,0
2024-11-11,Valle d'Aosta,Subito Lavoro,AZ_IT_SUBITO_SLOT_PREMIUM,1.15,108,2,0
2024-11-11,Valle d'Aosta,Subito Lavoro,AZ_IT_SUBITO_SPONSORED_ANNUNCI,0.87,64,1,0
2024-11-11,Veneto,Subito Lavoro,AZ_IT_SUBITO_DISPLAY_HOME,30.78,5840,22,1
2024-11-11,Veneto,Subito Lavoro,AZ_IT_SUBITO_RETARGETING,21.72,3097,35,2
2024-11-11,Veneto,Subito Lavoro,AZ_IT_SUBITO_SLOT_PREMIUM,61.49,5476,76,7
2024-11-11,Veneto,Subito Lavoro,AZ_IT_SUBITO_SPONSORED_ANNUNCI,23.87,1980,32,3
2024-11-18,Abruzzo,Subito Lavoro,AZ_IT_SUBITO_DISPLAY_HOME,7.73,1536,7,0
2024-11-18,Abruzzo,Subito Lavoro,AZ_IT_SUBITO_RETARGETING,4.49,646,8,0
2024-11-18,Abruzzo,Subito Lavoro,AZ_IT_SUBITO_SLOT_PREMIUM,23.97,2279,35,2
2024-11-18,Abruzzo,Subito Lavoro,AZ_IT_SUBITO_SPONSORED_ANNUNCI,19.92,1594,26,2
2024-11-18,Basilicata,Subito Lavoro,AZ_IT_SUBITO_DISPLAY_HOME,4.88,962,4,0
2024-11-18,Basilicata,Subito Lavoro,AZ_IT_SUBITO_RETARGETING,3.55,541,7,0
2024-11-18,Basilicata,Subito Lavoro,AZ_IT_SUBITO_SLOT_PREMIUM,8.91,835,12,1
2024-11-18,Basilicata,Subito Lavoro,AZ_IT_SUBITO_SPONSORED_ANNUNCI,4.09,308,5,0
2024-11-18,Calabria,Subito Lavoro,AZ_IT_SUBITO_DISPLAY_HOME,16.42,3215,13,1
2024-11-18,Calabria,Subito Lavoro,AZ_IT_SUBITO_RETARGETING,6.10,908,11,1
2024-11-18,Calabria,Subito Lavoro,AZ_IT_SUBITO_SLOT_PREMIUM,49.78,4791,77,5
2024-11-18,Calabria,Subito Lavoro,AZ_IT_SUBITO_SPONSORED_ANNUNCI,18.48,1377,22,2
2024-11-18,Campania,Subito Lavoro,AZ_IT_SUBITO_DISPLAY_HOME,26.93,5182,21,1
2024-11-18,Campania,Subito Lavoro,AZ_IT_SUBITO_RETARGETING,32.87,4561,48,2
2024-11-18,Campania,Subito Lavoro,AZ_IT_SUBITO_SLOT_PREMIUM,52.26,4686,66,4
2024-11-18,Campania,Subito Lavoro,AZ_IT_SUBITO_SPONSORED_ANNUNCI,70.34,5409,76,6
2024-11-18,Emilia-Romagna,Subito Lavoro,AZ_IT_SUBITO_DISPLAY_HOME,56.91,11400,51,2
2024-11-18,Emilia-Romagna,Subito Lavoro,AZ_IT_SUBITO_RETARGETING,34.78,5019,60,2
2024-11-18,Emilia-Romagna,Subito Lavoro,AZ_IT_SUBITO_SLOT_PREMIUM,109.89,9709,151,7
2024-11-18,Emilia-Romagna,Subito Lavoro,AZ_IT_SUBITO_SPONSORED_ANNUNCI,70.28,5401,88,5
2024-11-18,Friuli-Venezia Giulia,Subito Lavoro,AZ_IT_SUBITO_DISPLAY_HOME,9.89,1904,8,1
2024-11-18,Friuli-Venezia Giulia,Subito Lavoro,AZ_IT_SUBITO_RETARGETING,3.79,536,6,1
2024-11-18,Friuli-Venezia Giulia,Subito Lavoro,AZ_IT_SUBITO_SLOT_PREMIUM,15.12,1404,17,2
2024-11-18,Friuli-Venezia Giulia,Subito Lavoro,AZ_IT_SUBITO_SPONSORED_ANNUNCI,8.93,655,11,1
2024-11-18,Lazio,Subito Lavoro,AZ_IT_SUBITO_DISPLAY_HOME,41.35,8508,33,2
2024-11-18,Lazio,Subito Lavoro,AZ_IT_SUBITO_RETARGETING,23.83,3409,41,3
2024-11-18,Lazio,Subito Lavoro,AZ_IT_SUBITO_SLOT_PREMIUM,66.65,6112,90,7
2024-11-18,Lazio,Subito Lavoro,AZ_IT_SUBITO_SPONSORED_ANNUNCI,29.48,2276,39,5
2024-11-18,Liguria,Subito Lavoro,AZ_IT_SUBITO_DISPLAY_HOME,14.38,2814,10,0
2024-11-18,Liguria,Subito Lavoro,AZ_IT_SUBITO_RETARGETING,5.24,739,8,0
2024-11-18,Liguria,Subito Lavoro,AZ_IT_SUBITO_SLOT_PREMIUM,36.90,3261,45,2
2024-11-18,Liguria,Subito Lavoro,AZ_IT_SUBITO_SPONSORED_ANNUNCI,11.14,863,15,1
2024-11-18,Lombardia,Subito Lavoro,AZ_IT_SUBITO_DISPLAY_HOME,111.34,22537,99,3
2024-11-18,Lombardia,Subito Lavoro,AZ_IT_SUBITO_RETARGETING,70.79,10189,121,5
2024-11-18,Lombardia,Subito Lavoro,AZ_IT_SUBITO_SLOT_PREMIUM,291.56,27160,388,18
2024-11-18,Lombardia,Subito Lavoro,AZ_IT_SUBITO_SPONSORED_ANNUNCI,113.25,9236,157,9
2024-11-18,Marche,Subito Lavoro,AZ_IT_SUBITO_DISPLAY_HOME,9.31,1819,6,1
2024-11-18,Marche,Subito Lavoro,AZ_IT_SUBITO_RETARGETING,8.55,1277,15,1
2024-11-18,Marche,Subito Lavoro,AZ_IT_SUBITO_SLOT_PREMIUM,31.28,2995,43,3
2024-11-18,Marche,Subito Lavoro,AZ_IT_SUBITO_SPONSORED_ANNUNCI,9.77,760,12,1
2024-11-18,Molise,Subito Lavoro,AZ_IT_SUBITO_DISPLAY_HOME,1.45,282,1,0
2024-11-18,Molise,Subito Lavoro,AZ_IT_SUBITO_RETARGETING,1.28,176,2,0
2024-11-18,Molise,Subito Lavoro,AZ_IT_SUBITO_SLOT_PREMIUM,2.78,267,4,0
2024-11-18,Molise,Subito Lavoro,AZ_IT_SUBITO_SPONSORED_ANNUNCI,2.19,174,3,0
2024-11-18,Piemonte,Subito Lavoro,AZ_IT_SUBITO_DISPLAY_HOME,38.72,7653,30,1
2024-11-18,Piemonte,Subito Lavoro,AZ_IT_SUBITO_RETARGETING,19.41,2745,35,1
2024-11-18,Piemonte,Subito Lavoro,AZ_IT_SUBITO_SLOT_PREMIUM,89.87,8154,127,5
2024-11-18,Piemonte,Subito Lavoro,AZ_IT_SUBITO_SPONSORED_ANNUNCI,52.14,4086,73,4
2024-11-18,Puglia,Subito Lavoro,AZ_IT_SUBITO_DISPLAY_HOME,30.24,5874,22,1
2024-11-18,Puglia,Subito Lavoro,AZ_IT_SUBITO_RETARGETING,11.89,1688,19,1
2024-11-18,Puglia,Subito Lavoro,AZ_IT_SUBITO_SLOT_PREMIUM,113.29,9916,144,7
2024-11-18,Puglia,Subito Lavoro,AZ_IT_SUBITO_SPONSORED_ANNUNCI,24.06,1880,30,2
2024-11-18,Sardegna,Subito Lavoro,AZ_IT_SUBITO_DISPLAY_HOME,8.33,1721,6,0
2024-11-18,Sardegna,Subito Lavoro,AZ_IT_SUBITO_RETARGETING,7.59,1060,13,1
2024-11-18,Sardegna,Subito Lavoro,AZ_IT_SUBITO_SLOT_PREMIUM,29.58,2640,37,2
2024-11-18,Sardegna,Subito Lavoro,AZ_IT_SUBITO_SPONSORED_ANNUNCI,20.68,1559,26,2
2024-11-18,Sicilia,Subito Lavoro,AZ_IT_SUBITO_DISPLAY_HOME,36.45,7360,29,2
2024-11-18,Sicilia,Subito Lavoro,AZ_IT_SUBITO_RETARGETING,11.74,1653,22,1
2024-11-18,Sicilia,Subito Lavoro,AZ_IT_SUBITO_SLOT_PREMIUM,57.62,5094,74,5
2024-11-18,Sicilia,Subito Lavoro,AZ_IT_SUBITO_SPONSORED_ANNUNCI,33.05,2463,47,3
2024-11-18,Toscana,Subito Lavoro,AZ_IT_SUBITO_DISPLAY_HOME,24.85,5081,22,1
2024-11-18,Toscana,Subito Lavoro,AZ_IT_SUBITO_RETARGETING,10.89,1502,17,1
2024-11-18,Toscana,Subito Lavoro,AZ_IT_SUBITO_SLOT_PREMIUM,68.55,6090,80,7
2024-11-18,Toscana,Subito Lavoro,AZ_IT_SUBITO_SPONSORED_ANNUNCI,29.41,2286,41,4
2024-11-18,Trentino-Alto Adige,Subito Lavoro,AZ_IT_SUBITO_DISPLAY_HOME,7.50,1484,6,0
2024-11-18,Trentino-Alto Adige,Subito Lavoro,AZ_IT_SUBITO_RETARGETING,4.50,660,8,0
2024-11-18,Trentino-Alto Adige,Subito Lavoro,AZ_IT_SUBITO_SLOT_PREMIUM,19.63,1798,29,2
2024-11-18,Trentino-Alto Adige,Subito Lavoro,AZ_IT_SUBITO_SPONSORED_ANNUNCI,8.62,655,12,1
2024-11-18,Umbria,Subito Lavoro,AZ_IT_SUBITO_DISPLAY_HOME,5.44,1122,5,0
2024-11-18,Umbria,Subito Lavoro,AZ_IT_SUBITO_RETARGETING,2.57,352,4,0
2024-11-18,Umbria,Subito Lavoro,AZ_IT_SUBITO_SLOT_PREMIUM,12.31,1091,15,2
2024-11-18,Umbria,Subito Lavoro,AZ_IT_SUBITO_SPONSORED_ANNUNCI,6.79,507,9,1
2024-11-18,Valle d'Aosta,Subito Lavoro,AZ_IT_SUBITO_DISPLAY_HOME,0.95,194,1,0
2024-11-18,Valle d'Aosta,Subito Lavoro,AZ_IT_SUBITO_RETARGETING,0.42,64,1,0
2024-11-18,Valle d'Aosta,Subito Lavoro,AZ_IT_SUBITO_SLOT_PREMIUM,1.56,135,2,0
2024-11-18,Valle d'Aosta,Subito Lavoro,AZ_IT_SUBITO_SPONSORED_ANNUNCI,1.35,105,2,0
2024-11-18,Veneto,Subito Lavoro,AZ_IT_SUBITO_DISPLAY_HOME,39.28,7650,28,2
2024-11-18,Veneto,Subito Lavoro,AZ_IT_SUBITO_RETARGETING,26.15,3712,43,2
2024-11-18,Veneto,Subito Lavoro,AZ_IT_SUBITO_SLOT_PREMIUM,102.80,9081,138,7
2024-11-18,Veneto,Subito Lavoro,AZ_IT_SUBITO_SPONSORED_ANNUNCI,29.29,2181,39,2
2024-11-25,Abruzzo,Subito Lavoro,AZ_IT_SUBITO_DISPLAY_HOME,7.21,1448,5,0
2024-11-25,Abruzzo,Subito Lavoro,AZ_IT_SUBITO_RETARGETING,4.17,580,6,0
2024-11-25,Abruzzo,Subito Lavoro,AZ_IT_SUBITO_SLOT_PREMIUM,19.32,1835,27,2
2024-11-25,Abruzzo,Subito Lavoro,AZ_IT_SUBITO_SPONSORED_ANNUNCI,15.95,1282,21,1
2024-11-25,Basilicata,Subito Lavoro,AZ_IT_SUBITO_DISPLAY_HOME,3.57,731,3,0
2024-11-25,Basilicata,Subito Lavoro,AZ_IT_SUBITO_RETARGETING,3.00,415,5,0
2024-11-25,Basilicata,Subito Lavoro,AZ_IT_SUBITO_SLOT_PREMIUM,8.16,758,10,1
2024-11-25,Basilicata,Subito Lavoro,AZ_IT_SUBITO_SPONSORED_ANNUNCI,3.19,242,4,0
2024-11-25,Calabria,Subito Lavoro,AZ_IT_SUBITO_DISPLAY_HOME,11.02,2173,8,1
2024-11-25,Calabria,Subito Lavoro,AZ_IT_SUBITO_RETARGETING,6.15,895,11,1
2024-11-25,Calabria,Subito Lavoro,AZ_IT_SUBITO_SLOT_PREMIUM,35.98,3169,42,4
2024-11-25,Calabria,Subito Lavoro,AZ_IT_SUBITO_SPONSORED_ANNUNCI,14.52,1027,16,2
2024-11-25,Campania,Subito Lavoro,AZ_IT_SUBITO_DISPLAY_HOME,22.13,4520,17,1
2024-11-25,Campania,Subito Lavoro,AZ_IT_SUBITO_RETARGETING,28.21,3993,49,2
2024-11-25,Campania,Subito Lavoro,AZ_IT_SUBITO_SLOT_PREMIUM,47.05,4346,66,4
2024-11-25,Campania,Subito Lavoro,AZ_IT_SUBITO_SPONSORED_ANNUNCI,58.79,4662,81,7
2024-11-25,Emilia-Romagna,Subito Lavoro,AZ_IT_SUBITO_DISPLAY_HOME,38.72,7410,31,1
2024-11-25,Emilia-Romagna,Subito Lavoro,AZ_IT_SUBITO_RETARGETING,31.15,4725,57,2
2024-11-25,Emilia-Romagna,Subito Lavoro,AZ_IT_SUBITO_SLOT_PREMIUM,74.36,6763,97,6
2024-11-25,Emilia-Romagna,Subito Lavoro,AZ_IT_SUBITO_SPONSORED_ANNUNCI,50.95,4113,69,4
2024-11-25,Friuli-Venezia Giulia,Subito Lavoro,AZ_IT_SUBITO_DISPLAY_HOME,7.57,1508,6,1
2024-11-25,Friuli-Venezia Giulia,Subito Lavoro,AZ_IT_SUBITO_RETARGETING,3.88,548,6,1
2024-11-25,Friuli-Venezia Giulia,Subito Lavoro,AZ_IT_SUBITO_SLOT_PREMIUM,11.14,1005,14,2
2024-11-25,Friuli-Venezia Giulia,Subito Lavoro,AZ_IT_SUBITO_SPONSORED_ANNUNCI,9.17,702,12,2
2024-11-25,Lazio,Subito Lavoro,AZ_IT_SUBITO_DISPLAY_HOME,29.80,5886,23,2
2024-11-25,Lazio,Subito Lavoro,AZ_IT_SUBITO_RETARGETING,19.46,2866,37,3
2024-11-25,Lazio,Subito Lavoro,AZ_IT_SUBITO_SLOT_PREMIUM,53.80,4847,64,7
2024-11-25,Lazio,Subito Lavoro,AZ_IT_SUBITO_SPONSORED_ANNUNCI,25.71,1976,33,4
2024-11-25,Liguria,Subito Lavoro,AZ_IT_SUBITO_DISPLAY_HOME,10.34,2159,8,0
2024-11-25,Liguria,Subito Lavoro,AZ_IT_SUBITO_RETARGETING,4.97,705,9,0
2024-11-25,Liguria,Subito Lavoro,AZ_IT_SUBITO_SLOT_PREMIUM,26.52,2509,34,2
2024-11-25,Liguria,Subito Lavoro,AZ_IT_SUBITO_SPONSORED_ANNUNCI,8.17,621,10,1
2024-11-25,Lombardia,Subito Lavoro,AZ_IT_SUBITO_DISPLAY_HOME,90.63,17635,67,3
2024-11-25,Lombardia,Subito Lavoro,AZ_IT_SUBITO_RETARGETING,56.99,7944,91,5
2024-11-25,Lombardia,Subito Lavoro,AZ_IT_SUBITO_SLOT_PREMIUM,254.47,22519,320,22
2024-11-25,Lombardia,Subito Lavoro,AZ_IT_SUBITO_SPONSORED_ANNUNCI,69.43,5645,104,7
2024-11-25,Marche,Subito Lavoro,AZ_IT_SUBITO_DISPLAY_HOME,8.15,1635,7,0
2024-11-25,Marche,Subito Lavoro,AZ_IT_SUBITO_RETARGETING,6.86,1002,12,1
2024-11-25,Marche,Subito Lavoro,AZ_IT_SUBITO_SLOT_PREMIUM,23.52,2151,35,3
2024-11-25,Marche,Subito Lavoro,AZ_IT_SUBITO_SPONSORED_ANNUNCI,8.22,630,9,1
2024-11-25,Molise,Subito Lavoro,AZ_IT_SUBITO_DISPLAY_HOME,1.10,229,1,0
2024-11-25,Molise,Subito Lavoro,AZ_IT_SUBITO_RETARGETING,1.18,175,2,0
2024-11-25,Molise,Subito Lavoro,AZ_IT_SUBITO_SLOT_PREMIUM,2.17,194,2,0
2024-11-25,Molise,Subito Lavoro,AZ_IT_SUBITO_SPONSORED_ANNUNCI,1.95,145,3,0
2024-11-25,Piemonte,Subito Lavoro,AZ_IT_SUBITO_DISPLAY_HOME,32.48,6546,24,1
2024-11-25,Piemonte,Subito Lavoro,AZ_IT_SUBITO_RETARGETING,19.77,2729,32,1
2024-11-25,Piemonte,Subito Lavoro,AZ_IT_SUBITO_SLOT_PREMIUM,74.53,6520,76,5
2024-11-25,Piemonte,Subito Lavoro,AZ_IT_SUBITO_SPONSORED_ANNUNCI,42.54,3209,59,4
2024-11-25,Puglia,Subito Lavoro,AZ_IT_SUBITO_DISPLAY_HOME,24.32,4741,19,1
2024-11-25,Puglia,Subito Lavoro,AZ_IT_SUBITO_RETARGETING,10.74,1466,17,1
2024-11-25,Puglia,Subito Lavoro,AZ_IT_SUBITO_SLOT_PREMIUM,93.56,8770,123,6
2024-11-25,Puglia,Subito Lavoro,AZ_IT_SUBITO_SPONSORED_ANNUNCI,21.57,1701,29,2
2024-11-25,Sardegna,Subito Lavoro,AZ_IT_SUBITO_DISPLAY_HOME,5.38,1100,4,0
2024-11-25,Sardegna,Subito Lavoro,AZ_IT_SUBITO_RETARGETING,7.82,1108,15,1
2024-11-25,Sardegna,Subito Lavoro,AZ_IT_SUBITO_SLOT_PREMIUM,18.57,1753,23,2
2024-11-25,Sardegna,Subito Lavoro,AZ_IT_SUBITO_SPONSORED_ANNUNCI,15.17,1207,21,2
2024-11-25,Sicilia,Subito Lavoro,AZ_IT_SUBITO_DISPLAY_HOME,26.40,5575,23,1
2024-11-25,Sicilia,Subito Lavoro,AZ_IT_SUBITO_RETARGETING,12.30,1596,22,1
2024-11-25,Sicilia,Subito Lavoro,AZ_IT_SUBITO_SLOT_PREMIUM,53.29,4859,66,5
2024-11-25,Sicilia,Subito Lavoro,AZ_IT_SUBITO_SPONSORED_ANNUNCI,26.21,2068,38,3
2024-11-25,Toscana,Subito Lavoro,AZ_IT_SUBITO_DISPLAY_HOME,18.35,3680,15,1
2024-11-25,Toscana,Subito Lavoro,AZ_IT_SUBITO_RETARGETING,9.11,1306,15,1
2024-11-25,Toscana,Subito Lavoro,AZ_IT_SUBITO_SLOT_PREMIUM,57.38,5358,69,7
2024-11-25,Toscana,Subito Lavoro,AZ_IT_SUBITO_SPONSORED_ANNUNCI,23.55,1791,29,4
2024-11-25,Trentino-Alto Adige,Subito Lavoro,AZ_IT_SUBITO_DISPLAY_HOME,6.99,1467,6,0
2024-11-25,Trentino-Alto Adige,Subito Lavoro,AZ_IT_SUBITO_RETARGETING,4.00,553,7,1
2024-11-25,Trentino-Alto Adige,Subito Lavoro,AZ_IT_SUBITO_SLOT_PREMIUM,13.09,1172,18,1
2024-11-25,Trentino-Alto Adige,Subito Lavoro,AZ_IT_SUBITO_SPONSORED_ANNUNCI,6.42,499,9,1
2024-11-25,Umbria,Subito Lavoro,AZ_IT_SUBITO_DISPLAY_HOME,4.34,884,3,0
2024-11-25,Umbria,Subito Lavoro,AZ_IT_SUBITO_RETARGETING,2.65,372,4,0
2024-11-25,Umbria,Subito Lavoro,AZ_IT_SUBITO_SLOT_PREMIUM,8.91,829,11,1
2024-11-25,Umbria,Subito Lavoro,AZ_IT_SUBITO_SPONSORED_ANNUNCI,5.18,383,6,1
2024-11-25,Valle d'Aosta,Subito Lavoro,AZ_IT_SUBITO_DISPLAY_HOME,0.78,165,1,0
2024-11-25,Valle d'Aosta,Subito Lavoro,AZ_IT_SUBITO_RETARGETING,0.48,68,1,0
2024-11-25,Valle d'Aosta,Subito Lavoro,AZ_IT_SUBITO_SLOT_PREMIUM,1.24,112,2,0
2024-11-25,Valle d'Aosta,Subito Lavoro,AZ_IT_SUBITO_SPONSORED_ANNUNCI,0.96,73,1,0
2024-11-25,Veneto,Subito Lavoro,AZ_IT_SUBITO_DISPLAY_HOME,25.05,5095,21,1
2024-11-25,Veneto,Subito Lavoro,AZ_IT_SUBITO_RETARGETING,24.68,3700,50,2
2024-11-25,Veneto,Subito Lavoro,AZ_IT_SUBITO_SLOT_PREMIUM,69.23,6156,96,7
2024-11-25,Veneto,Subito Lavoro,AZ_IT_SUBITO_SPONSORED_ANNUNCI,25.14,1886,36,3
2024-12-02,Abruzzo,Subito Lavoro,AZ_IT_SUBITO_DISPLAY_HOME,6.03,1283,5,0
2024-12-02,Abruzzo,Subito Lavoro,AZ_IT_SUBITO_RETARGETING,4.31,620,7,0
2024-12-02,Abruzzo,Subito Lavoro,AZ_IT_SUBITO_SLOT_PREMIUM,18.67,1691,23,2
2024-12-02,Abruzzo,Subito Lavoro,AZ_IT_SUBITO_SPONSORED_ANNUNCI,16.13,1330,24,1
2024-12-02,Basilicata,Subito Lavoro,AZ_IT_SUBITO_DISPLAY_HOME,2.63,521,2,0
2024-12-02,Basilicata,Subito Lavoro,AZ_IT_SUBITO_RETARGETING,3.01,457,5,0
2024-12-02,Basilicata,Subito Lavoro,AZ_IT_SUBITO_SLOT_PREMIUM,6.25,568,7,1
2024-12-02,Basilicata,Subito Lavoro,AZ_IT_SUBITO_SPONSORED_ANNUNCI,4.06,307,5,0
2024-12-02,Calabria,Subito Lavoro,AZ_IT_SUBITO_DISPLAY_HOME,8.61,1732,8,1
2024-12-02,Calabria,Subito Lavoro,AZ_IT_SUBITO_RETARGETING,7.28,1072,13,1
2024-12-02,Calabria,Subito Lavoro,AZ_IT_SUBITO_SLOT_PREMIUM,22.30,2057,29,3
2024-12-02,Calabria,Subito Lavoro,AZ_IT_SUBITO_SPONSORED_ANNUNCI,18.67,1469,29,3
2024-12-02,Campania,Subito Lavoro,AZ_IT_SUBITO_DISPLAY_HOME,22.08,4289,16,1
2024-12-02,Campania,Subito Lavoro,AZ_IT_SUBITO_RETARGETING,28.46,4114,49,3
2024-12-02,Campania,Subito Lavoro,AZ_IT_SUBITO_SLOT_PREMIUM,37.58,3172,44,3
2024-12-02,Campania,Subito Lavoro,AZ_IT_SUBITO_SPONSORED_ANNUNCI,57.57,4604,84,5
2024-12-02,Emilia-Romagna,Subito Lavoro,AZ_IT_SUBITO_DISPLAY_HOME,23.77,4869,21,1
2024-12-02,Emilia-Romagna,Subito Lavoro,AZ_IT_SUBITO_RETARGETING,26.18,3979,51,3
2024-12-02,Emilia-Romagna,Subito Lavoro,AZ_IT_SUBITO_SLOT_PREMIUM,45.06,4045,59,4
2024-12-02,Emilia-Romagna,Subito Lavoro,AZ_IT_SUBITO_SPONSORED_ANNUNCI,48.41,3828,61,5
2024-12-02,Friuli-Venezia Giulia,Subito Lavoro,AZ_IT_SUBITO_DISPLAY_HOME,6.28,1264,5,0
2024-12-02,Friuli-Venezia Giulia,Subito Lavoro,AZ_IT_SUBITO_RETARGETING,3.97,575,6,1
2024-12-02,Friuli-Venezia Giulia,Subito Lavoro,AZ_IT_SUBITO_SLOT_PREMIUM,9.18,865,12,2
2024-12-02,Friuli-Venezia Giulia,Subito Lavoro,AZ_IT_SUBITO_SPONSORED_ANNUNCI,9.89,747,13,2
2024-12-02,Lazio,Subito Lavoro,AZ_IT_SUBITO_DISPLAY_HOME,30.75,6281,27,2
2024-12-02,Lazio,Subito Lavoro,AZ_IT_SUBITO_RETARGETING,19.16,2762,32,3
2024-12-02,Lazio,Subito Lavoro,AZ_IT_SUBITO_SLOT_PREMIUM,49.07,4447,63,6
2024-12-02,Lazio,Subito Lavoro,AZ_IT_SUBITO_SPONSORED_ANNUNCI,26.71,2188,36,4
2024-12-02,Liguria,Subito Lavoro,AZ_IT_SUBITO_DISPLAY_HOME,8.19,1667,6,0
2024-12-02,Liguria,Subito Lavoro,AZ_IT_SUBITO_RETARGETING,5.18,756,10,0
2024-12-02,Liguria,Subito Lavoro,AZ_IT_SUBITO_SLOT_PREMIUM,20.38,1782,24,2
2024-12-02,Liguria,Subito Lavoro,AZ_IT_SUBITO_SPONSORED_ANNUNCI,10.11,766,13,1
2024-12-02,Lombardia,Subito Lavoro,AZ_IT_SUBITO_DISPLAY_HOME,63.02,12798,65,3
2024-12-02,Lombardia,Subito Lavoro,AZ_IT_SUBITO_RETARGETING,41.03,6299,78,4
2024-12-02,Lombardia,Subito Lavoro,AZ_IT_SUBITO_SLOT_PREMIUM,190.47,17843,253,18
2024-12-02,Lombardia,Subito Lavoro,AZ_IT_SUBITO_SPONSORED_ANNUNCI,67.15,5128,92,6
2024-12-02,Marche,Subito Lavoro,AZ_IT_SUBITO_DISPLAY_HOME,7.55,1550,6,0
2024-12-02,Marche,Subito Lavoro,AZ_IT_SUBITO_RETARGETING,6.67,963,12,1
2024-12-02,Marche,Subito Lavoro,AZ_IT_SUBITO_SLOT_PREMIUM,18.62,1722,25,3
2024-12-02,Marche,Subito Lavoro,AZ_IT_SUBITO_SPONSORED_ANNUNCI,9.96,808,13,2
2024-12-02,Molise,Subito Lavoro,AZ_IT_SUBITO_DISPLAY_HOME,1.09,224,1,0
2024-12-02,Molise,Subito Lavoro,AZ_IT_SUBITO_RETARGETING,1.54,220,3,0
2024-12-02,Molise,Subito Lavoro,AZ_IT_SUBITO_SLOT_PREMIUM,1.95,174,3,0
2024-12-02,Molise,Subito Lavoro,AZ_IT_SUBITO_SPONSORED_ANNUNCI,1.59,124,2,0
2024-12-02,Piemonte,Subito Lavoro,AZ_IT_SUBITO_DISPLAY_HOME,23.18,4698,19,1
2024-12-02,Piemonte,Subito Lavoro,AZ_IT_SUBITO_RETARGETING,15.48,2093,25,1
2024-12-02,Piemonte,Subito Lavoro,AZ_IT_SUBITO_SLOT_PREMIUM,42.61,3718,46,4
2024-12-02,Piemonte,Subito Lavoro,AZ_IT_SUBITO_SPONSORED_ANNUNCI,36.05,2781,43,3
2024-12-02,Puglia,Subito Lavoro,AZ_IT_SUBITO_DISPLAY_HOME,22.49,4539,19,1
2024-12-02,Puglia,Subito Lavoro,AZ_IT_SUBITO_RETARGETING,11.53,1667,18,1
2024-12-02,Puglia,Subito Lavoro,AZ_IT_SUBITO_SLOT_PREMIUM,85.24,7915,102,6
2024-12-02,Puglia,Subito Lavoro,AZ_IT_SUBITO_SPONSORED_ANNUNCI,23.67,1826,31,2
2024-12-02,Sardegna,Subito Lavoro,AZ_IT_SUBITO_DISPLAY_HOME,5.14,1003,4,0
2024-12-02,Sardegna,Subito Lavoro,AZ_IT_SUBITO_RETARGETING,9.57,1326,16,1
2024-12-02,Sardegna,Subito Lavoro,AZ_IT_SUBITO_SLOT_PREMIUM,15.25,1371,17,1
2024-12-02,Sardegna,Subito Lavoro,AZ_IT_SUBITO_SPONSORED_ANNUNCI,16.71,1216,22,2
2024-12-02,Sicilia,Subito Lavoro,AZ_IT_SUBITO_DISPLAY_HOME,22.00,4545,20,1
2024-12-02,Sicilia,Subito Lavoro,AZ_IT_SUBITO_RETARGETING,12.44,1685,20,1
2024-12-02,Sicilia,Subito Lavoro,AZ_IT_SUBITO_SLOT_PREMIUM,44.63,3701,55,4
2024-12-02,Sicilia,Subito Lavoro,AZ_IT_SUBITO_SPONSORED_ANNUNCI,30.67,2228,33,4
2024-12-02,Toscana,Subito Lavoro,AZ_IT_SUBITO_DISPLAY_HOME,15.49,3021,12,1
2024-12-02,Toscana,Subito Lavoro,AZ_IT_SUBITO_RETARGETING,9.93,1409,19,1
2024-12-02,Toscana,Subito Lavoro,AZ_IT_SUBITO_SLOT_PREMIUM,47.65,4174,54,6
2024-12-02,Toscana,Subito Lavoro,AZ_IT_SUBITO_SPONSORED_ANNUNCI,27.09,2120,36,4
2024-12-02,Trentino-Alto Adige,Subito Lavoro,AZ_IT_SUBITO_DISPLAY_HOME,4.41,878,4,0
2024-12-02,Trentino-Alto Adige,Subito Lavoro,AZ_IT_SUBITO_RETARGETING,5.53,826,10,1
2024-12-02,Trentino-Alto Adige,Subito Lavoro,AZ_IT_SUBITO_SLOT_PREMIUM,11.10,997,14,1
2024-12-02,Trentino-Alto Adige,Subito Lavoro,AZ_IT_SUBITO_SPONSORED_ANNUNCI,7.37,562,10,1
2024-12-02,Umbria,Subito Lavoro,AZ_IT_SUBITO_DISPLAY_HOME,4.36,874,4,0
2024-12-02,Umbria,Subito Lavoro,AZ_IT_SUBITO_RETARGETING,2.78,408,5,0
2024-12-02,Umbria,Subito Lavoro,AZ_IT_SUBITO_SLOT_PREMIUM,7.87,754,11,1
2024-12-02,Umbria,Subito Lavoro,AZ_IT_SUBITO_SPONSORED_ANNUNCI,6.02,451,7,1
2024-12-02,Valle d'Aosta,Subito Lavoro,AZ_IT_SUBITO_DISPLAY_HOME,0.88,170,1,0
2024-12-02,Valle d'Aosta,Subito Lavoro,AZ_IT_SUBITO_RETARGETING,0.56,82,1,0
2024-12-02,Valle d'Aosta,Subito Lavoro,AZ_IT_SUBITO_SLOT_PREMIUM,1.18,110,1,0
2024-12-02,Valle d'Aosta,Subito Lavoro,AZ_IT_SUBITO_SPONSORED_ANNUNCI,0.96,75,1,0
2024-12-02,Veneto,Subito Lavoro,AZ_IT_SUBITO_DISPLAY_HOME,17.01,3279,13,1
2024-12-02,Veneto,Subito Lavoro,AZ_IT_SUBITO_RETARGETING,23.71,3503,45,3
2024-12-02,Veneto,Subito Lavoro,AZ_IT_SUBITO_SLOT_PREMIUM,45.19,3916,53,4
2024-12-02,Veneto,Subito Lavoro,AZ_IT_SUBITO_SPONSORED_ANNUNCI,24.02,1782,31,3
2024-12-09,Abruzzo,Subito Lavoro,AZ_IT_SUBITO_DISPLAY_HOME,5.52,1081,4,0
2024-12-09,Abruzzo,Subito Lavoro,AZ_IT_SUBITO_RETARGETING,2.81,380,5,0
2024-12-09,Abruzzo,Subito Lavoro,AZ_IT_SUBITO_SLOT_PREMIUM,16.64,1480,24,2
2024-12-09,Abruzzo,Subito Lavoro,AZ_IT_SUBITO_SPONSORED_ANNUNCI,13.07,1006,17,1
2024-12-09,Basilicata,Subito Lavoro,AZ_IT_SUBITO_DISPLAY_HOME,2.84,576,2,0
2024-12-09,Basilicata,Subito Lavoro,AZ_IT_SUBITO_RETARGETING,2.12,297,3,0
2024-12-09,Basilicata,Subito Lavoro,AZ_IT_SUBITO_SLOT_PREMIUM,5.81,551,8,1
2024-12-09,Basilicata,Subito Lavoro,AZ_IT_SUBITO_SPONSORED_ANNUNCI,2.98,224,4,0
2024-12-09,Calabria,Subito Lavoro,AZ_IT_SUBITO_DISPLAY_HOME,9.01,1821,7,1
2024-12-09,Calabria,Subito Lavoro,AZ_IT_SUBITO_RETARGETING,5.57,803,12,1
2024-12-09,Calabria,Subito Lavoro,AZ_IT_SUBITO_SLOT_PREMIUM,22.50,1975,31,3
2024-12-09,Calabria,Subito Lavoro,AZ_IT_SUBITO_SPONSORED_ANNUNCI,13.74,1083,18,2
2024-12-09,Campania,Subito Lavoro,AZ_IT_SUBITO_DISPLAY_HOME,21.53,4237,17,1
2024-12-09,Campania,Subito Lavoro,AZ_IT_SUBITO_RETARGETING,26.06,3597,38,3
2024-12-09,Campania,Subito Lavoro,AZ_IT_SUBITO_SLOT_PREMIUM,34.61,3215,43,3
2024-12-09,Campania,Subito Lavoro,AZ_IT_SUBITO_SPONSORED_ANNUNCI,40.18,3063,51,5
2024-12-09,Emilia-Romagna,Subito Lavoro,AZ_IT_SUBITO_DISPLAY_HOME,23.63,4922,21,1
2024-12-09,Emilia-Romagna,Subito Lavoro,AZ_IT_SUBITO_RETARGETING,21.32,3080,35,2
2024-12-09,Emilia-Romagna,Subito Lavoro,AZ_IT_SUBITO_SLOT_PREMIUM,40.72,3606,53,5
2024-12-09,Emilia-Romagna,Subito Lavoro,AZ_IT_SUBITO_SPONSORED_ANNUNCI,38.68,3065,51,5
2024-12-09,Friuli-Venezia Giulia,Subito Lavoro,AZ_IT_SUBITO_DISPLAY_HOME,6.79,1343,6,0
2024-12-09,Friuli-Venezia Giulia,Subito Lavoro,AZ_IT_SUBITO_RETARGETING,3.20,451,5,1
2024-12-09,Friuli-Venezia Giulia,Subito Lavoro,AZ_IT_SUBITO_SLOT_PREMIUM,9.45,849,12,2
2024-12-09,Friuli-Venezia Giulia,Subito Lavoro,AZ_IT_SUBITO_SPONSORED_ANNUNCI,6.62,503,10,1
2024-12-09,Lazio,Subito Lavoro,AZ_IT_SUBITO_DISPLAY_HOME,28.65,5998,21,2
2024-12-09,Lazio,Subito Lavoro,AZ_IT_SUBITO_RETARGETING,17.43,2606,35,2
2024-12-09,Lazio,Subito Lavoro,AZ_IT_SUBITO_SLOT_PREMIUM,55.17,4744,68,7
2024-12-09,Lazio,Subito Lavoro,AZ_IT_SUBITO_SPONSORED_ANNUNCI,21.26,1588,27,3
2024-12-09,Liguria,Subito Lavoro,AZ_IT_SUBITO_DISPLAY_HOME,8.05,1598,6,0
2024-12-09,Liguria,Subito Lavoro,AZ_IT_SUBITO_RETARGETING,4.02,546,6,0
2024-12-09,Liguria,Subito Lavoro,AZ_IT_SUBITO_SLOT_PREMIUM,22.26,2007,30,2
2024-12-09,Liguria,Subito Lavoro,AZ_IT_SUBITO_SPONSORED_ANNUNCI,7.31,563,10,1
2024-12-09,Lombardia,Subito Lavoro,AZ_IT_SUBITO_DISPLAY_HOME,55.23,10830,38,3
2024-12-09,Lombardia,Subito Lavoro,AZ_IT_SUBITO_RETARGETING,33.57,4524,50,4
2024-12-09,Lombardia,Subito Lavoro,AZ_IT_SUBITO_SLOT_PREMIUM,151.30,13630,185,16
2024-12-09,Lombardia,Subito Lavoro,AZ_IT_SUBITO_SPONSORED_ANNUNCI,60.26,4778,76,7
2024-12-09,Marche,Subito Lavoro,AZ_IT_SUBITO_DISPLAY_HOME,6.77,1462,6,1
2024-12-09,Marche,Subito Lavoro,AZ_IT_SUBITO_RETARGETING,5.31,783,10,1
2024-12-09,Marche,Subito Lavoro,AZ_IT_SUBITO_SLOT_PREMIUM,17.57,1579,23,3
2024-12-09,Marche,Subito Lavoro,AZ_IT_SUBITO_SPONSORED_ANNUNCI,7.25,540,9,1
2024-12-09,Molise,Subito Lavoro,AZ_IT_SUBITO_DISPLAY_HOME,1.11,209,1,0
2024-12-09,Molise,Subito Lavoro,AZ_IT_SUBITO_RETARGETING,1.21,174,2,0
2024-12-09,Molise,Subito Lavoro,AZ_IT_SUBITO_SLOT_PREMIUM,2.13,205,3,0
2024-12-09,Molise,Subito Lavoro,AZ_IT_SUBITO_SPONSORED_ANNUNCI,1.37,102,2,0
2024-12-09,Piemonte,Subito Lavoro,AZ_IT_SUBITO_DISPLAY_HOME,20.69,4181,15,1
2024-12-09,Piemonte,Subito Lavoro,AZ_IT_SUBITO_RETARGETING,11.75,1739,19,1
2024-12-09,Piemonte,Subito Lavoro,AZ_IT_SUBITO_SLOT_PREMIUM,39.84,3712,53,3
2024-12-09,Piemonte,Subito Lavoro,AZ_IT_SUBITO_SPONSORED_ANNUNCI,24.21,1815,29,2
2024-12-09,Puglia,Subito Lavoro,AZ_IT_SUBITO_DISPLAY_HOME,18.55,3628,14,1
2024-12-09,Puglia,Subito Lavoro,AZ_IT_SUBITO_RETARGETING,10.10,1402,17,1
2024-12-09,Puglia,Subito Lavoro,AZ_IT_SUBITO_SLOT_PREMIUM,75.10,6652,100,6
2024-12-09,Puglia,Subito Lavoro,AZ_IT_SUBITO_SPONSORED_ANNUNCI,20.93,1691,27,2
2024-12-09,Sardegna,Subito Lavoro,AZ_IT_SUBITO_DISPLAY_HOME,4.12,795,3,0
2024-12-09,Sardegna,Subito Lavoro,AZ_IT_SUBITO_RETARGETING,6.70,1016,12,1
2024-12-09,Sardegna,Subito Lavoro,AZ_IT_SUBITO_SLOT_PREMIUM,21.66,1912,29,2
2024-12-09,Sardegna,Subito Lavoro,AZ_IT_SUBITO_SPONSORED_ANNUNCI,12.74,960,15,1
2024-12-09,Sicilia,Subito Lavoro,AZ_IT_SUBITO_DISPLAY_HOME,19.08,3813,16,1
2024-12-09,Sicilia,Subito Lavoro,AZ_IT_SUBITO_RETARGETING,10.69,1565,18,1
2024-12-09,Sicilia,Subito Lavoro,AZ_IT_SUBITO_SLOT_PREMIUM,50.04,4662,70,5
2024-12-09,Sicilia,Subito Lavoro,AZ_IT_SUBITO_SPONSORED_ANNUNCI,22.96,1829,30,3
2024-12-09,Toscana,Subito Lavoro,AZ_IT_SUBITO_DISPLAY_HOME,16.93,3549,14,1
2024-12-09,Toscana,Subito Lavoro,AZ_IT_SUBITO_RETARGETING,8.85,1256,14,1
2024-12-09,Toscana,Subito Lavoro,AZ_IT_SUBITO_SLOT_PREMIUM,43.87,3856,54,6
2024-12-09,Toscana,Subito Lavoro,AZ_IT_SUBITO_SPONSORED_ANNUNCI,21.68,1658,33,4
2024-12-09,Trentino-Alto Adige,Subito Lavoro,AZ_IT_SUBITO_DISPLAY_HOME,4.14,842,3,0
2024-12-09,Trentino-Alto Adige,Subito Lavoro,AZ_IT_SUBITO_RETARGETING,4.18,597,7,1
2024-12-09,Trentino-Alto Adige,Subito Lavoro,AZ_IT_SUBITO_SLOT_PREMIUM,11.73,1051,16,1
2024-12-09,Trentino-Alto Adige,Subito Lavoro,AZ_IT_SUBITO_SPONSORED_ANNUNCI,5.90,447,9,1
2024-12-09,Umbria,Subito Lavoro,AZ_IT_SUBITO_DISPLAY_HOME,3.13,596,2,0
2024-12-09,Umbria,Subito Lavoro,AZ_IT_SUBITO_RETARGETING,2.28,323,4,0
2024-12-09,Umbria,Subito Lavoro,AZ_IT_SUBITO_SLOT_PREMIUM,7.21,676,10,1
2024-12-09,Umbria,Subito Lavoro,AZ_IT_SUBITO_SPONSORED_ANNUNCI,4.37,344,6,1
2024-12-09,Valle d'Aosta,Subito Lavoro,AZ_IT_SUBITO_DISPLAY_HOME,0.62,120,0,0
2024-12-09,Valle d'Aosta,Subito Lavoro,AZ_IT_SUBITO_RETARGETING,0.36,50,1,0
2024-12-09,Valle d'Aosta,Subito Lavoro,AZ_IT_SUBITO_SLOT_PREMIUM,1.10,98,1,0
2024-12-09,Valle d'Aosta,Subito Lavoro,AZ_IT_SUBITO_SPONSORED_ANNUNCI,0.87,67,1,0
2024-12-09,Veneto,Subito Lavoro,AZ_IT_SUBITO_DISPLAY_HOME,17.21,3386,14,1
2024-12-09,Veneto,Subito Lavoro,AZ_IT_SUBITO_RETARGETING,19.66,2785,36,2
2024-12-09,Veneto,Subito Lavoro,AZ_IT_SUBITO_SLOT_PREMIUM,45.67,4065,53,5
2024-12-09,Veneto,Subito Lavoro,AZ_IT_SUBITO_SPONSORED_ANNUNCI,19.68,1564,28,3
2024-12-16,Abruzzo,Subito Lavoro,AZ_IT_SUBITO_DISPLAY_HOME,3.98,774,4,0
2024-12-16,Abruzzo,Subito Lavoro,AZ_IT_SUBITO_RETARGETING,2.28,327,4,0
2024-12-16,Abruzzo,Subito Lavoro,AZ_IT_SUBITO_SLOT_PREMIUM,16.82,1497,18,2
2024-12-16,Abruzzo,Subito Lavoro,AZ_IT_SUBITO_SPONSORED_ANNUNCI,8.52,641,10,1
2024-12-16,Basilicata,Subito Lavoro,AZ_IT_SUBITO_DISPLAY_HOME,2.15,447,2,0
2024-12-16,Basilicata,Subito Lavoro,AZ_IT_SUBITO_RETARGETING,1.75,249,3,0
2024-12-16,Basilicata,Subito Lavoro,AZ_IT_SUBITO_SLOT_PREMIUM,5.95,527,8,1
2024-12-16,Basilicata,Subito Lavoro,AZ_IT_SUBITO_SPONSORED_ANNUNCI,2.45,190,3,0
2024-12-16,Calabria,Subito Lavoro,AZ_IT_SUBITO_DISPLAY_HOME,8.42,1713,7,1
2024-12-16,Calabria,Subito Lavoro,AZ_IT_SUBITO_RETARGETING,4.45,604,8,1
2024-12-16,Calabria,Subito Lavoro,AZ_IT_SUBITO_SLOT_PREMIUM,21.44,2011,25,3
2024-12-16,Calabria,Subito Lavoro,AZ_IT_SUBITO_SPONSORED_ANNUNCI,9.90,736,11,2
2024-12-16,Campania,Subito Lavoro,AZ_IT_SUBITO_DISPLAY_HOME,22.04,4347,18,1
2024-12-16,Campania,Subito Lavoro,AZ_IT_SUBITO_RETARGETING,18.33,2690,33,2
2024-12-16,Campania,Subito Lavoro,AZ_IT_SUBITO_SLOT_PREMIUM,40.09,3664,51,4
2024-12-16,Campania,Subito Lavoro,AZ_IT_SUBITO_SPONSORED_ANNUNCI,25.28,1854,35,4
2024-12-16,Emilia-Romagna,Subito Lavoro,AZ_IT_SUBITO_DISPLAY_HOME,22.00,4393,21,1
2024-12-16,Emilia-Romagna,Subito Lavoro,AZ_IT_SUBITO_RETARGETING,19.22,2534,29,2
2024-12-16,Emilia-Romagna,Subito Lavoro,AZ_IT_SUBITO_SLOT_PREMIUM,37.42,3373,49,5
2024-12-16,Emilia-Romagna,Subito Lavoro,AZ_IT_SUBITO_SPONSORED_ANNUNCI,29.15,2204,39,3
2024-12-16,Friuli-Venezia Giulia,Subito Lavoro,AZ_IT_SUBITO_DISPLAY_HOME,4.66,906,3,0
2024-12-16,Friuli-Venezia Giulia,Subito Lavoro,AZ_IT_SUBITO_RETARGETING,2.75,370,5,0
2024-12-16,Friuli-Venezia Giulia,Subito Lavoro,AZ_IT_SUBITO_SLOT_PREMIUM,9.38,849,11,2
2024-12-16,Friuli-Venezia Giulia,Subito Lavoro,AZ_IT_SUBITO_SPONSORED_ANNUNCI,4.88,373,6,1
2024-12-16,Lazio,Subito Lavoro,AZ_IT_SUBITO_DISPLAY_HOME,26.45,5209,20,2
2024-12-16,Lazio,Subito Lavoro,AZ_IT_SUBITO_RETARGETING,15.64,2268,29,3
2024-12-16,Lazio,Subito Lavoro,AZ_IT_SUBITO_SLOT_PREMIUM,45.13,4190,66,7
2024-12-16,Lazio,Subito Lavoro,AZ_IT_SUBITO_SPONSORED_ANNUNCI,17.06,1297,23,3
2024-12-16,Liguria,Subito Lavoro,AZ_IT_SUBITO_DISPLAY_HOME,7.80,1504,6,0
2024-12-16,Liguria,Subito Lavoro,AZ_IT_SUBITO_RETARGETING,4.40,624,8,0
2024-12-16,Liguria,Subito Lavoro,AZ_IT_SUBITO_SLOT_PREMIUM,22.18,1985,32,2
2024-12-16,Liguria,Subito Lavoro,AZ_IT_SUBITO_SPONSORED_ANNUNCI,5.89,435,7,1
2024-12-16,Lombardia,Subito Lavoro,AZ_IT_SUBITO_DISPLAY_HOME,43.59,8746,34,2
2024-12-16,Lombardia,Subito Lavoro,AZ_IT_SUBITO_RETARGETING,26.19,3825,49,3
2024-12-16,Lombardia,Subito Lavoro,AZ_IT_SUBITO_SLOT_PREMIUM,142.80,12978,183,14
2024-12-16,Lombardia,Subito Lavoro,AZ_IT_SUBITO_SPONSORED_ANNUNCI,51.39,3916,66,5
2024-12-16,Marche,Subito Lavoro,AZ_IT_SUBITO_DISPLAY_HOME,5.92,1170,5,0
2024-12-16,Marche,Subito Lavoro,AZ_IT_SUBITO_RETARGETING,3.96,562,7,1
2024-12-16,Marche,Subito Lavoro,AZ_IT_SUBITO_SLOT_PREMIUM,18.82,1663,23,3
2024-12-16,Marche,Subito Lavoro,AZ_IT_SUBITO_SPONSORED_ANNUNCI,6.10,465,8,1
2024-12-16,Molise,Subito Lavoro,AZ_IT_SUBITO_DISPLAY_HOME,1.03,207,1,0
2024-12-16,Molise,Subito Lavoro,AZ_IT_SUBITO_RETARGETING,1.03,154,2,0
2024-12-16,Molise,Subito Lavoro,AZ_IT_SUBITO_SLOT_PREMIUM,2.01,191,3,0
2024-12-16,Molise,Subito Lavoro,AZ_IT_SUBITO_SPONSORED_ANNUNCI,0.89,72,1,0
2024-12-16,Piemonte,Subito Lavoro,AZ_IT_SUBITO_DISPLAY_HOME,18.84,3890,15,1
2024-12-16,Piemonte,Subito Lavoro,AZ_IT_SUBITO_RETARGETING,11.11,1542,20,1
2024-12-16,Piemonte,Subito Lavoro,AZ_IT_SUBITO_SLOT_PREMIUM,43.64,4017,58,4
2024-12-16,Piemonte,Subito Lavoro,AZ_IT_SUBITO_SPONSORED_ANNUNCI,19.89,1553,30,2
2024-12-16,Puglia,Subito Lavoro,AZ_IT_SUBITO_DISPLAY_HOME,13.50,2688,10,0
2024-12-16,Puglia,Subito Lavoro,AZ_IT_SUBITO_RETARGETING,7.45,1079,14,1
2024-12-16,Puglia,Subito Lavoro,AZ_IT_SUBITO_SLOT_PREMIUM,65.98,5765,69,5
2024-12-16,Puglia,Subito Lavoro,AZ_IT_SUBITO_SPONSORED_ANNUNCI,13.60,989,18,1
2024-12-16,Sardegna,Subito Lavoro,AZ_IT_SUBITO_DISPLAY_HOME,3.55,658,3,0
2024-12-16,Sardegna,Subito Lavoro,AZ_IT_SUBITO_RETARGETING,5.00,745,9,0
2024-12-16,Sardegna,Subito Lavoro,AZ_IT_SUBITO_SLOT_PREMIUM,17.81,1590,22,2
2024-12-16,Sardegna,Subito Lavoro,AZ_IT_SUBITO_SPONSORED_ANNUNCI,9.00,679,12,1
2024-12-16,Sicilia,Subito Lavoro,AZ_IT_SUBITO_DISPLAY_HOME,16.71,3518,14,1
2024-12-16,Sicilia,Subito Lavoro,AZ_IT_SUBITO_RETARGETING,10.06,1456,20,1
2024-12-16,Sicilia,Subito Lavoro,AZ_IT_SUBITO_SLOT_PREMIUM,45.80,4082,60,5
2024-12-16,Sicilia,Subito Lavoro,AZ_IT_SUBITO_SPONSORED_ANNUNCI,22.10,1729,28,3
2024-12-16,Toscana,Subito Lavoro,AZ_IT_SUBITO_DISPLAY_HOME,13.70,2760,11,1
2024-12-16,Toscana,Subito Lavoro,AZ_IT_SUBITO_RETARGETING,8.31,1219,14,1
2024-12-16,Toscana,Subito Lavoro,AZ_IT_SUBITO_SLOT_PREMIUM,33.45,3022,40,6
2024-12-16,Toscana,Subito Lavoro,AZ_IT_SUBITO_SPONSORED_ANNUNCI,17.28,1309,22,3
2024-12-16,Trentino-Alto Adige,Subito Lavoro,AZ_IT_SUBITO_DISPLAY_HOME,3.54,683,2,0
2024-12-16,Trentino-Alto Adige,Subito Lavoro,AZ_IT_SUBITO_RETARGETING,3.98,574,7,1
2024-12-16,Trentino-Alto Adige,Subito Lavoro,AZ_IT_SUBITO_SLOT_PREMIUM,10.73,1029,15,1
2024-12-16,Trentino-Alto Adige,Subito Lavoro,AZ_IT_SUBITO_SPONSORED_ANNUNCI,3.89,292,5,1
2024-12-16,Umbria,Subito Lavoro,AZ_IT_SUBITO_DISPLAY_HOME,2.40,477,2,0
2024-12-16,Umbria,Subito Lavoro,AZ_IT_SUBITO_RETARGETING,2.02,296,3,0
2024-12-16,Umbria,Subito Lavoro,AZ_IT_SUBITO_SLOT_PREMIUM,7.00,628,9,1
2024-12-16,Umbria,Subito Lavoro,AZ_IT_SUBITO_SPONSORED_ANNUNCI,3.41,254,4,1
2024-12-16,Valle d'Aosta,Subito Lavoro,AZ_IT_SUBITO_DISPLAY_HOME,0.51,104,0,0
2024-12-16,Valle d'Aosta,Subito Lavoro,AZ_IT_SUBITO_RETARGETING,0.33,46,1,0
2024-12-16,Valle d'Aosta,Subito Lavoro,AZ_IT_SUBITO_SLOT_PREMIUM,1.31,119,2,0
2024-12-16,Valle d'Aosta,Subito Lavoro,AZ_IT_SUBITO_SPONSORED_ANNUNCI,0.79,61,1,0
2024-12-16,Veneto,Subito Lavoro,AZ_IT_SUBITO_DISPLAY_HOME,13.93,2758,10,1
2024-12-16,Veneto,Subito Lavoro,AZ_IT_SUBITO_RETARGETING,16.52,2380,28,2
2024-12-16,Veneto,Subito Lavoro,AZ_IT_SUBITO_SLOT_PREMIUM,43.63,3878,53,5
2024-12-16,Veneto,Subito Lavoro,AZ_IT_SUBITO_SPONSORED_ANNUNCI,13.75,1115,19,2
2024-12-23,Abruzzo,Subito Lavoro,AZ_IT_SUBITO_DISPLAY_HOME,4.46,891,4,0
2024-12-23,Abruzzo,Subito Lavoro,AZ_IT_SUBITO_RETARGETING,2.30,326,4,0
2024-12-23,Abruzzo,Subito Lavoro,AZ_IT_SUBITO_SLOT_PREMIUM,13.44,1226,18,1
2024-12-23,Abruzzo,Subito Lavoro,AZ_IT_SUBITO_SPONSORED_ANNUNCI,7.26,543,9,1
2024-12-23,Basilicata,Subito Lavoro,AZ_IT_SUBITO_DISPLAY_HOME,2.24,446,2,0
2024-12-23,Basilicata,Subito Lavoro,AZ_IT_SUBITO_RETARGETING,1.65,233,3,0
2024-12-23,Basilicata,Subito Lavoro,AZ_IT_SUBITO_SLOT_PREMIUM,5.48,488,6,1
2024-12-23,Basilicata,Subito Lavoro,AZ_IT_SUBITO_SPONSORED_ANNUNCI,2.46,196,3,0
2024-12-23,Calabria,Subito Lavoro,AZ_IT_SUBITO_DISPLAY_HOME,8.68,1822,7,1
2024-12-23,Calabria,Subito Lavoro,AZ_IT_SUBITO_RETARGETING,3.97,534,6,1
2024-12-23,Calabria,Subito Lavoro,AZ_IT_SUBITO_SLOT_PREMIUM,19.71,1751,23,3
2024-12-23,Calabria,Subito Lavoro,AZ_IT_SUBITO_SPONSORED_ANNUNCI,11.77,917,15,2
2024-12-23,Campania,Subito Lavoro,AZ_IT_SUBITO_DISPLAY_HOME,18.22,3912,15,1
2024-12-23,Campania,Subito Lavoro,AZ_IT_SUBITO_RETARGETING,19.89,2909,34,2
2024-12-23,Campania,Subito Lavoro,AZ_IT_SUBITO_SLOT_PREMIUM,39.56,3542,47,4
2024-12-23,Campania,Subito Lavoro,AZ_IT_SUBITO_SPONSORED_ANNUNCI,27.19,2055,32,3
2024-12-23,Emilia-Romagna,Subito Lavoro,AZ_IT_SUBITO_DISPLAY_HOME,23.71,4880,21,1
2024-12-23,Emilia-Romagna,Subito Lavoro,AZ_IT_SUBITO_RETARGETING,20.43,2987,39,2
2024-12-23,Emilia-Romagna,Subito Lavoro,AZ_IT_SUBITO_SLOT_PREMIUM,44.60,4062,58,5
2024-12-23,Emilia-Romagna,Subito Lavoro,AZ_IT_SUBITO_SPONSORED_ANNUNCI,32.17,2511,45,3
2024-12-23,Friuli-Venezia Giulia,Subito Lavoro,AZ_IT_SUBITO_DISPLAY_HOME,4.81,1012,4,0
2024-12-23,Friuli-Venezia Giulia,Subito Lavoro,AZ_IT_SUBITO_RETARGETING,2.77,409,5,0
2024-12-23,Friuli-Venezia Giulia,Subito Lavoro,AZ_IT_SUBITO_SLOT_PREMIUM,8.27,748,9,1
2024-12-23,Friuli-Venezia Giulia,Subito Lavoro,AZ_IT_SUBITO_SPONSORED_ANNUNCI,5.00,367,6,1
2024-12-23,Lazio,Subito Lavoro,AZ_IT_SUBITO_DISPLAY_HOME,28.10,5371,23,2
2024-12-23,Lazio,Subito Lavoro,AZ_IT_SUBITO_RETARGETING,13.86,1954,25,2
2024-12-23,Lazio,Subito Lavoro,AZ_IT_SUBITO_SLOT_PREMIUM,51.52,4673,60,6
2024-12-23,Lazio,Subito Lavoro,AZ_IT_SUBITO_SPONSORED_ANNUNCI,21.84,1714,29,3
2024-12-23,Liguria,Subito Lavoro,AZ_IT_SUBITO_DISPLAY_HOME,7.13,1410,6,0
2024-12-23,Liguria,Subito Lavoro,AZ_IT_SUBITO_RETARGETING,3.58,495,7,0
2024-12-23,Liguria,Subito Lavoro,AZ_IT_SUBITO_SLOT_PREMIUM,20.71,1929,25,2
2024-12-23,Liguria,Subito Lavoro,AZ_IT_SUBITO_SPONSORED_ANNUNCI,5.61,429,6,1
2024-12-23,Lombardia,Subito Lavoro,AZ_IT_SUBITO_DISPLAY_HOME,46.78,9122,34,3
2024-12-23,Lombardia,Subito Lavoro,AZ_IT_SUBITO_RETARGETING,21.43,3148,42,2
2024-12-23,Lombardia,Subito Lavoro,AZ_IT_SUBITO_SLOT_PREMIUM,134.49,11759,166,15
2024-12-23,Lombardia,Subito Lavoro,AZ_IT_SUBITO_SPONSORED_ANNUNCI,48.69,3736,67,5
2024-12-23,Marche,Subito Lavoro,AZ_IT_SUBITO_DISPLAY_HOME,6.02,1229,5,0
2024-12-23,Marche,Subito Lavoro,AZ_IT_SUBITO_RETARGETING,3.96,556,6,1
2024-12-23,Marche,Subito Lavoro,AZ_IT_SUBITO_SLOT_PREMIUM,15.80,1442,19,3
2024-12-23,Marche,Subito Lavoro,AZ_IT_SUBITO_SPONSORED_ANNUNCI,6.48,499,9,1
2024-12-23,Molise,Subito Lavoro,AZ_IT_SUBITO_DISPLAY_HOME,0.97,201,1,0
2024-12-23,Molise,Subito Lavoro,AZ_IT_SUBITO_RETARGETING,0.92,129,1,0
2024-12-23,Molise,Subito Lavoro,AZ_IT_SUBITO_SLOT_PREMIUM,1.90,178,2,0
2024-12-23,Molise,Subito Lavoro,AZ_IT_SUBITO_SPONSORED_ANNUNCI,0.92,73,1,0
2024-12-23,Piemonte,Subito Lavoro,AZ_IT_SUBITO_DISPLAY_HOME,18.65,3708,14,1
2024-12-23,Piemonte,Subito Lavoro,AZ_IT_SUBITO_RETARGETING,9.90,1427,17,1
2024-12-23,Piemonte,Subito Lavoro,AZ_IT_SUBITO_SLOT_PREMIUM,41.64,3909,50,4
2024-12-23,Piemonte,Subito Lavoro,AZ_IT_SUBITO_SPONSORED_ANNUNCI,19.48,1461,26,2
2024-12-23,Puglia,Subito Lavoro,AZ_IT_SUBITO_DISPLAY_HOME,16.35,3242,13,1
2024-12-23,Puglia,Subito Lavoro,AZ_IT_SUBITO_RETARGETING,8.66,1202,14,1
2024-12-23,Puglia,Subito Lavoro,AZ_IT_SUBITO_SLOT_PREMIUM,71.83,6558,86,5
2024-12-23,Puglia,Subito Lavoro,AZ_IT_SUBITO_SPONSORED_ANNUNCI,14.03,1007,17,1
2024-12-23,Sardegna,Subito Lavoro,AZ_IT_SUBITO_DISPLAY_HOME,3.92,786,3,0
2024-12-23,Sardegna,Subito Lavoro,AZ_IT_SUBITO_RETARGETING,4.91,686,7,1
2024-12-23,Sardegna,Subito Lavoro,AZ_IT_SUBITO_SLOT_PREMIUM,15.11,1400,19,2
2024-12-23,Sardegna,Subito Lavoro,AZ_IT_SUBITO_SPONSORED_ANNUNCI,10.90,778,15,1
2024-12-23,Sicilia,Subito Lavoro,AZ_IT_SUBITO_DISPLAY_HOME,19.44,3802,16,1
2024-12-23,Sicilia,Subito Lavoro,AZ_IT_SUBITO_RETARGETING,9.33,1329,15,1
2024-12-23,Sicilia,Subito Lavoro,AZ_IT_SUBITO_SLOT_PREMIUM,38.15,3594,46,4
2024-12-23,Sicilia,Subito Lavoro,AZ_IT_SUBITO_SPONSORED_ANNUNCI,17.16,1305,22,3
2024-12-23,Toscana,Subito Lavoro,AZ_IT_SUBITO_DISPLAY_HOME,14.83,2819,11,1
2024-12-23,Toscana,Subito Lavoro,AZ_IT_SUBITO_RETARGETING,7.60,1126,13,1
2024-12-23,Toscana,Subito Lavoro,AZ_IT_SUBITO_SLOT_PREMIUM,39.08,3468,49,7
2024-12-23,Toscana,Subito Lavoro,AZ_IT_SUBITO_SPONSORED_ANNUNCI,15.18,1246,23,3
2024-12-23,Trentino-Alto Adige,Subito Lavoro,AZ_IT_SUBITO_DISPLAY_HOME,3.22,664,3,0
2024-12-23,Trentino-Alto Adige,Subito Lavoro,AZ_IT_SUBITO_RETARGETING,3.91,547,7,0
2024-12-23,Trentino-Alto Adige,Subito Lavoro,AZ_IT_SUBITO_SLOT_PREMIUM,10.49,942,13,1
2024-12-23,Trentino-Alto Adige,Subito Lavoro,AZ_IT_SUBITO_SPONSORED_ANNUNCI,4.79,364,6,1
2024-12-23,Umbria,Subito Lavoro,AZ_IT_SUBITO_DISPLAY_HOME,2.92,575,3,0
2024-12-23,Umbria,Subito Lavoro,AZ_IT_SUBITO_RETARGETING,1.83,259,3,0
2024-12-23,Umbria,Subito Lavoro,AZ_IT_SUBITO_SLOT_PREMIUM,6.50,580,9,1
2024-12-23,Umbria,Subito Lavoro,AZ_IT_SUBITO_SPONSORED_ANNUNCI,3.44,276,5,1
2024-12-23,Valle d'Aosta,Subito Lavoro,AZ_IT_SUBITO_DISPLAY_HOME,0.53,105,0,0
2024-12-23,Valle d'Aosta,Subito Lavoro,AZ_IT_SUBITO_RETARGETING,0.25,37,0,0
2024-12-23,Valle d'Aosta,Subito Lavoro,AZ_IT_SUBITO_SLOT_PREMIUM,1.24,112,2,0
2024-12-23,Valle d'Aosta,Subito Lavoro,AZ_IT_SUBITO_SPONSORED_ANNUNCI,0.62,47,1,0
2024-12-23,Veneto,Subito Lavoro,AZ_IT_SUBITO_DISPLAY_HOME,15.92,3250,15,1
2024-12-23,Veneto,Subito Lavoro,AZ_IT_SUBITO_RETARGETING,16.04,2298,29,2
2024-12-23,Veneto,Subito Lavoro,AZ_IT_SUBITO_SLOT_PREMIUM,39.01,3455,48,4
2024-12-23,Veneto,Subito Lavoro,AZ_IT_SUBITO_SPONSORED_ANNUNCI,14.03,1103,18,2
2024-12-30,Abruzzo,Subito Lavoro,AZ_IT_SUBITO_RETARGETING,1.72,248,3,0
2024-12-30,Abruzzo,Subito Lavoro,AZ_IT_SUBITO_SLOT_PREMIUM,10.86,974,14,1
2024-12-30,Abruzzo,Subito Lavoro,AZ_IT_SUBITO_SPONSORED_ANNUNCI,7.13,539,8,1
2024-12-30,Basilicata,Subito Lavoro,AZ_IT_SUBITO_RETARGETING,1.23,179,2,0
2024-12-30,Basilicata,Subito Lavoro,AZ_IT_SUBITO_SLOT_PREMIUM,4.60,425,6,1
2024-12-30,Basilicata,Subito Lavoro,AZ_IT_SUBITO_SPONSORED_ANNUNCI,2.11,155,3,0
2024-12-30,Calabria,Subito Lavoro,AZ_IT_SUBITO_RETARGETING,2.94,413,4,1
2024-12-30,Calabria,Subito Lavoro,AZ_IT_SUBITO_SLOT_PREMIUM,18.17,1632,23,2
2024-12-30,Calabria,Subito Lavoro,AZ_IT_SUBITO_SPONSORED_ANNUNCI,8.68,668,12,1
2024-12-30,Campania,Subito Lavoro,AZ_IT_SUBITO_RETARGETING,16.92,2517,29,2
2024-12-30,Campania,Subito Lavoro,AZ_IT_SUBITO_SLOT_PREMIUM,28.71,2620,35,3
2024-12-30,Campania,Subito Lavoro,AZ_IT_SUBITO_SPONSORED_ANNUNCI,25.76,1994,32,3
2024-12-30,Emilia-Romagna,Subito Lavoro,AZ_IT_SUBITO_RETARGETING,13.44,1951,24,2
2024-12-30,Emilia-Romagna,Subito Lavoro,AZ_IT_SUBITO_SLOT_PREMIUM,42.44,3769,54,4
2024-12-30,Emilia-Romagna,Subito Lavoro,AZ_IT_SUBITO_SPONSORED_ANNUNCI,21.34,1653,25,3
2024-12-30,Friuli-Venezia Giulia,Subito Lavoro,AZ_IT_SUBITO_RETARGETING,2.22,318,3,1
2024-12-30,Friuli-Venezia Giulia,Subito Lavoro,AZ_IT_SUBITO_SLOT_PREMIUM,7.41,690,9,1
2024-12-30,Friuli-Venezia Giulia,Subito Lavoro,AZ_IT_SUBITO_SPONSORED_ANNUNCI,4.33,344,6,1
2024-12-30,Lazio,Subito Lavoro,AZ_IT_SUBITO_RETARGETING,11.55,1636,21,2
2024-12-30,Lazio,Subito Lavoro,AZ_IT_SUBITO_SLOT_PREMIUM,41.68,3613,52,5
2024-12-30,Lazio,Subito Lavoro,AZ_IT_SUBITO_SPONSORED_ANNUNCI,19.92,1557,30,2
2024-12-30,Liguria,Subito Lavoro,AZ_IT_SUBITO_RETARGETING,3.05,423,5,0
2024-12-30,Liguria,Subito Lavoro,AZ_IT_SUBITO_SLOT_PREMIUM,17.41,1571,22,2
2024-12-30,Liguria,Subito Lavoro,AZ_IT_SUBITO_SPONSORED_ANNUNCI,5.30,424,8,0
2024-12-30,Lombardia,Subito Lavoro,AZ_IT_SUBITO_RETARGETING,21.32,3047,41,3
2024-12-30,Lombardia,Subito Lavoro,AZ_IT_SUBITO_SLOT_PREMIUM,115.31,10778,153,12
2024-12-30,Lombardia,Subito Lavoro,AZ_IT_SUBITO_SPONSORED_ANNUNCI,41.52,3318,43,5
2024-12-30,Marche,Subito Lavoro,AZ_IT_SUBITO_RETARGETING,3.86,553,7,1
2024-12-30,Marche,Subito Lavoro,AZ_IT_SUBITO_SLOT_PREMIUM,12.62,1135,16,2
2024-12-30,Marche,Subito Lavoro,AZ_IT_SUBITO_SPONSORED_ANNUNCI,4.98,383,7,1
2024-12-30,Molise,Subito Lavoro,AZ_IT_SUBITO_RETARGETING,0.72,102,1,0
2024-12-30,Molise,Subito Lavoro,AZ_IT_SUBITO_SLOT_PREMIUM,1.83,162,2,0
2024-12-30,Molise,Subito Lavoro,AZ_IT_SUBITO_SPONSORED_ANNUNCI,0.85,62,1,0
2024-12-30,Piemonte,Subito Lavoro,AZ_IT_SUBITO_RETARGETING,10.14,1492,17,1
2024-12-30,Piemonte,Subito Lavoro,AZ_IT_SUBITO_SLOT_PREMIUM,34.83,3272,43,3
2024-12-30,Piemonte,Subito Lavoro,AZ_IT_SUBITO_SPONSORED_ANNUNCI,14.34,1088,17,1
2024-12-30,Puglia,Subito Lavoro,AZ_IT_SUBITO_RETARGETING,7.13,1021,14,1
2024-12-30,Puglia,Subito Lavoro,AZ_IT_SUBITO_SLOT_PREMIUM,54.63,4855,72,4
2024-12-30,Puglia,Subito Lavoro,AZ_IT_SUBITO_SPONSORED_ANNUNCI,13.55,1057,18,1
2024-12-30,Sardegna,Subito Lavoro,AZ_IT_SUBITO_RETARGETING,3.75,546,7,1
2024-12-30,Sardegna,Subito Lavoro,AZ_IT_SUBITO_SLOT_PREMIUM,12.13,1092,15,1
2024-12-30,Sardegna,Subito Lavoro,AZ_IT_SUBITO_SPONSORED_ANNUNCI,9.80,756,14,1
2024-12-30,Sicilia,Subito Lavoro,AZ_IT_SUBITO_RETARGETING,6.69,953,11,1
2024-12-30,Sicilia,Subito Lavoro,AZ_IT_SUBITO_SLOT_PREMIUM,31.25,2811,43,3
2024-12-30,Sicilia,Subito Lavoro,AZ_IT_SUBITO_SPONSORED_ANNUNCI,17.06,1381,24,2
2024-12-30,Toscana,Subito Lavoro,AZ_IT_SUBITO_RETARGETING,7.04,1030,13,1
2024-12-30,Toscana,Subito Lavoro,AZ_IT_SUBITO_SLOT_PREMIUM,35.00,3135,40,5
2024-12-30,Toscana,Subito Lavoro,AZ_IT_SUBITO_SPONSORED_ANNUNCI,15.60,1248,23,2
2024-12-30,Trentino-Alto Adige,Subito Lavoro,AZ_IT_SUBITO_RETARGETING,2.74,390,5,1
2024-12-30,Trentino-Alto Adige,Subito Lavoro,AZ_IT_SUBITO_SLOT_PREMIUM,8.76,823,11,1
2024-12-30,Trentino-Alto Adige,Subito Lavoro,AZ_IT_SUBITO_SPONSORED_ANNUNCI,4.51,353,5,0
2024-12-30,Umbria,Subito Lavoro,AZ_IT_SUBITO_RETARGETING,1.59,231,3,0
2024-12-30,Umbria,Subito Lavoro,AZ_IT_SUBITO_SLOT_PREMIUM,5.51,478,7,1
2024-12-30,Umbria,Subito Lavoro,AZ_IT_SUBITO_SPONSORED_ANNUNCI,3.11,241,4,0
2024-12-30,Valle d'Aosta,Subito Lavoro,AZ_IT_SUBITO_RETARGETING,0.24,33,0,0
2024-12-30,Valle d'Aosta,Subito Lavoro,AZ_IT_SUBITO_SLOT_PREMIUM,1.01,90,1,0
2024-12-30,Valle d'Aosta,Subito Lavoro,AZ_IT_SUBITO_SPONSORED_ANNUNCI,0.51,39,1,0
2024-12-30,Veneto,Subito Lavoro,AZ_IT_SUBITO_RETARGETING,12.42,1753,21,2
2024-12-30,Veneto,Subito Lavoro,AZ_IT_SUBITO_SLOT_PREMIUM,30.92,2801,35,4
2024-12-30,Veneto,Subito Lavoro,AZ_IT_SUBITO_SPONSORED_ANNUNCI,11.48,903,15,1
2025-01-06,Abruzzo,Subito Lavoro,AZ_IT_SUBITO_RETARGETING,2.93,418,6,0
2025-01-06,Abruzzo,Subito Lavoro,AZ_IT_SUBITO_SLOT_PREMIUM,16.54,1526,20,1
2025-01-06,Abruzzo,Subito Lavoro,AZ_IT_SUBITO_SPONSORED_ANNUNCI,11.97,919,15,1
2025-01-06,Basilicata,Subito Lavoro,AZ_IT_SUBITO_RETARGETING,2.09,305,4,0
2025-01-06,Basilicata,Subito Lavoro,AZ_IT_SUBITO_SLOT_PREMIUM,8.30,728,10,1
2025-01-06,Basilicata,Subito Lavoro,AZ_IT_SUBITO_SPONSORED_ANNUNCI,3.70,275,4,0
2025-01-06,Calabria,Subito Lavoro,AZ_IT_SUBITO_RETARGETING,4.83,686,9,1
2025-01-06,Calabria,Subito Lavoro,AZ_IT_SUBITO_SLOT_PREMIUM,27.50,2546,40,3
2025-01-06,Calabria,Subito Lavoro,AZ_IT_SUBITO_SPONSORED_ANNUNCI,12.22,973,17,1
2025-01-06,Campania,Subito Lavoro,AZ_IT_SUBITO_RETARGETING,29.23,4117,46,3
2025-01-06,Campania,Subito Lavoro,AZ_IT_SUBITO_SLOT_PREMIUM,43.00,3957,56,3
2025-01-06,Campania,Subito Lavoro,AZ_IT_SUBITO_SPONSORED_ANNUNCI,44.84,3249,53,3
2025-01-06,Emilia-Romagna,Subito Lavoro,AZ_IT_SUBITO_RETARGETING,21.91,3171,40,2
2025-01-06,Emilia-Romagna,Subito Lavoro,AZ_IT_SUBITO_SLOT_PREMIUM,55.68,4857,63,4
2025-01-06,Emilia-Romagna,Subito Lavoro,AZ_IT_SUBITO_SPONSORED_ANNUNCI,31.74,2390,43,3
2025-01-06,Friuli-Venezia Giulia,Subito Lavoro,AZ_IT_SUBITO_RETARGETING,3.11,440,5,0
2025-01-06,Friuli-Venezia Giulia,Subito Lavoro,AZ_IT_SUBITO_SLOT_PREMIUM,12.24,1093,16,1
2025-01-06,Friuli-Venezia Giulia,Subito Lavoro,AZ_IT_SUBITO_SPONSORED_ANNUNCI,7.42,564,8,1
2025-01-06,Lazio,Subito Lavoro,AZ_IT_SUBITO_RETARGETING,15.06,2233,25,2
2025-01-06,Lazio,Subito Lavoro,AZ_IT_SUBITO_SLOT_PREMIUM,56.12,5062,69,5
2025-01-06,Lazio,Subito Lavoro,AZ_IT_SUBITO_SPONSORED_ANNUNCI,27.03,2020,37,2
2025-01-06,Liguria,Subito Lavoro,AZ_IT_SUBITO_RETARGETING,5.62,813,10,0
2025-01-06,Liguria,Subito Lavoro,AZ_IT_SUBITO_SLOT_PREMIUM,27.37,2572,39,2
2025-01-06,Liguria,Subito Lavoro,AZ_IT_SUBITO_SPONSORED_ANNUNCI,9.78,732,11,1
2025-01-06,Lombardia,Subito Lavoro,AZ_IT_SUBITO_RETARGETING,35.80,5120,56,4
2025-01-06,Lombardia,Subito Lavoro,AZ_IT_SUBITO_SLOT_PREMIUM,143.31,13525,179,12
2025-01-06,Lombardia,Subito Lavoro,AZ_IT_SUBITO_SPONSORED_ANNUNCI,64.61,4996,80,5
2025-01-06,Marche,Subito Lavoro,AZ_IT_SUBITO_RETARGETING,6.58,919,11,1
2025-01-06,Marche,Subito Lavoro,AZ_IT_SUBITO_SLOT_PREMIUM,17.57,1634,21,2
2025-01-06,Marche,Subito Lavoro,AZ_IT_SUBITO_SPONSORED_ANNUNCI,8.40,637,12,1
2025-01-06,Molise,Subito Lavoro,AZ_IT_SUBITO_RETARGETING,0.99,136,2,0
2025-01-06,Molise,Subito Lavoro,AZ_IT_SUBITO_SLOT_PREMIUM,2.44,218,3,0
2025-01-06,Molise,Subito Lavoro,AZ_IT_SUBITO_SPONSORED_ANNUNCI,1.28,100,2,0
2025-01-06,Piemonte,Subito Lavoro,AZ_IT_SUBITO_RETARGETING,13.47,1901,25,1
2025-01-06,Piemonte,Subito Lavoro,AZ_IT_SUBITO_SLOT_PREMIUM,47.89,4386,64,3
2025-01-06,Piemonte,Subito Lavoro,AZ_IT_SUBITO_SPONSORED_ANNUNCI,26.59,2051,36,2
2025-01-06,Puglia,Subito Lavoro,AZ_IT_SUBITO_RETARGETING,12.40,1800,21,1
2025-01-06,Puglia,Subito Lavoro,AZ_IT_SUBITO_SLOT_PREMIUM,74.69,6848,99,5
2025-01-06,Puglia,Subito Lavoro,AZ_IT_SUBITO_SPONSORED_ANNUNCI,23.85,1838,33,2
2025-01-06,Sardegna,Subito Lavoro,AZ_IT_SUBITO_RETARGETING,6.20,900,12,1
2025-01-06,Sardegna,Subito Lavoro,AZ_IT_SUBITO_SLOT_PREMIUM,20.73,1818,28,2
2025-01-06,Sardegna,Subito Lavoro,AZ_IT_SUBITO_SPONSORED_ANNUNCI,13.67,1071,19,1
2025-01-06,Sicilia,Subito Lavoro,AZ_IT_SUBITO_RETARGETING,10.97,1588,21,1
2025-01-06,Sicilia,Subito Lavoro,AZ_IT_SUBITO_SLOT_PREMIUM,46.12,4171,66,3
2025-01-06,Sicilia,Subito Lavoro,AZ_IT_SUBITO_SPONSORED_ANNUNCI,26.57,1984,33,2
2025-01-06,Toscana,Subito Lavoro,AZ_IT_SUBITO_RETARGETING,12.92,1834,25,2
2025-01-06,Toscana,Subito Lavoro,AZ_IT_SUBITO_SLOT_PREMIUM,56.29,5349,78,7
2025-01-06,Toscana,Subito Lavoro,AZ_IT_SUBITO_SPONSORED_ANNUNCI,22.25,1609,27,2
2025-01-06,Trentino-Alto Adige,Subito Lavoro,AZ_IT_SUBITO_RETARGETING,4.45,654,6,1
2025-01-06,Trentino-Alto Adige,Subito Lavoro,AZ_IT_SUBITO_SLOT_PREMIUM,11.91,1046,14,1
2025-01-06,Trentino-Alto Adige,Subito Lavoro,AZ_IT_SUBITO_SPONSORED_ANNUNCI,6.71,527,9,1
2025-01-06,Umbria,Subito Lavoro,AZ_IT_SUBITO_RETARGETING,2.56,361,4,0
2025-01-06,Umbria,Subito Lavoro,AZ_IT_SUBITO_SLOT_PREMIUM,7.27,667,10,1
2025-01-06,Umbria,Subito Lavoro,AZ_IT_SUBITO_SPONSORED_ANNUNCI,5.38,411,7,1
2025-01-06,Valle d'Aosta,Subito Lavoro,AZ_IT_SUBITO_RETARGETING,0.44,61,1,0
2025-01-06,Valle d'Aosta,Subito Lavoro,AZ_IT_SUBITO_SLOT_PREMIUM,1.62,148,2,0
2025-01-06,Valle d'Aosta,Subito Lavoro,AZ_IT_SUBITO_SPONSORED_ANNUNCI,0.99,77,1,0
2025-01-06,Veneto,Subito Lavoro,AZ_IT_SUBITO_RETARGETING,16.96,2370,29,2
2025-01-06,Veneto,Subito Lavoro,AZ_IT_SUBITO_SLOT_PREMIUM,41.69,3687,52,4
2025-01-06,Veneto,Subito Lavoro,AZ_IT_SUBITO_SPONSORED_ANNUNCI,19.61,1387,22,2
2025-01-13,Abruzzo,Subito Lavoro,AZ_IT_SUBITO_RETARGETING,2.19,315,4,0
2025-01-13,Abruzzo,Subito Lavoro,AZ_IT_SUBITO_SLOT_PREMIUM,16.46,1529,21,1
2025-01-13,Abruzzo,Subito Lavoro,AZ_IT_SUBITO_SPONSORED_ANNUNCI,10.35,782,12,1
2025-01-13,Basilicata,Subito Lavoro,AZ_IT_SUBITO_RETARGETING,1.83,261,3,0
2025-01-13,Basilicata,Subito Lavoro,AZ_IT_SUBITO_SLOT_PREMIUM,7.05,631,8,1
2025-01-13,Basilicata,Subito Lavoro,AZ_IT_SUBITO_SPONSORED_ANNUNCI,3.40,260,4,0
2025-01-13,Calabria,Subito Lavoro,AZ_IT_SUBITO_RETARGETING,4.02,598,7,1
2025-01-13,Calabria,Subito Lavoro,AZ_IT_SUBITO_SLOT_PREMIUM,23.15,2181,29,3
2025-01-13,Calabria,Subito Lavoro,AZ_IT_SUBITO_SPONSORED_ANNUNCI,12.54,969,18,2
2025-01-13,Campania,Subito Lavoro,AZ_IT_SUBITO_RETARGETING,18.57,2735,37,3
2025-01-13,Campania,Subito Lavoro,AZ_IT_SUBITO_SLOT_PREMIUM,35.07,3408,44,3
2025-01-13,Campania,Subito Lavoro,AZ_IT_SUBITO_SPONSORED_ANNUNCI,32.24,2556,43,3
2025-01-13,Emilia-Romagna,Subito Lavoro,AZ_IT_SUBITO_RETARGETING,15.06,2081,25,2
2025-01-13,Emilia-Romagna,Subito Lavoro,AZ_IT_SUBITO_SLOT_PREMIUM,48.43,4411,54,4
2025-01-13,Emilia-Romagna,Subito Lavoro,AZ_IT_SUBITO_SPONSORED_ANNUNCI,32.50,2452,40,3
2025-01-13,Friuli-Venezia Giulia,Subito Lavoro,AZ_IT_SUBITO_RETARGETING,2.06,289,3,0
2025-01-13,Friuli-Venezia Giulia,Subito Lavoro,AZ_IT_SUBITO_SLOT_PREMIUM,10.87,1043,15,1
2025-01-13,Friuli-Venezia Giulia,Subito Lavoro,AZ_IT_SUBITO_SPONSORED_ANNUNCI,7.08,510,9,1
2025-01-13,Lazio,Subito Lavoro,AZ_IT_SUBITO_RETARGETING,11.57,1652,17,2
2025-01-13,Lazio,Subito Lavoro,AZ_IT_SUBITO_SLOT_PREMIUM,55.36,5051,78,5
2025-01-13,Lazio,Subito Lavoro,AZ_IT_SUBITO_SPONSORED_ANNUNCI,30.29,2264,38,3
2025-01-13,Liguria,Subito Lavoro,AZ_IT_SUBITO_RETARGETING,3.50,482,6,0
2025-01-13,Liguria,Subito Lavoro,AZ_IT_SUBITO_SLOT_PREMIUM,26.12,2220,32,2
2025-01-13,Liguria,Subito Lavoro,AZ_IT_SUBITO_SPONSORED_ANNUNCI,8.37,637,11,1
2025-01-13,Lombardia,Subito Lavoro,AZ_IT_SUBITO_RETARGETING,23.44,3301,36,3
2025-01-13,Lombardia,Subito Lavoro,AZ_IT_SUBITO_SLOT_PREMIUM,143.75,12950,190,11
2025-01-13,Lombardia,Subito Lavoro,AZ_IT_SUBITO_SPONSORED_ANNUNCI,71.17,5541,92,5
2025-01-13,Marche,Subito Lavoro,AZ_IT_SUBITO_RETARGETING,4.77,691,9,1
2025-01-13,Marche,Subito Lavoro,AZ_IT_SUBITO_SLOT_PREMIUM,19.04,1728,28,2
2025-01-13,Marche,Subito Lavoro,AZ_IT_SUBITO_SPONSORED_ANNUNCI,7.81,607,10,1
2025-01-13,Molise,Subito Lavoro,AZ_IT_SUBITO_RETARGETING,0.66,96,1,0
2025-01-13,Molise,Subito Lavoro,AZ_IT_SUBITO_SLOT_PREMIUM,2.59,248,3,0
2025-01-13,Molise,Subito Lavoro,AZ_IT_SUBITO_SPONSORED_ANNUNCI,1.40,104,2,0
2025-01-13,Piemonte,Subito Lavoro,AZ_IT_SUBITO_RETARGETING,10.45,1512,18,1
2025-01-13,Piemonte,Subito Lavoro,AZ_IT_SUBITO_SLOT_PREMIUM,45.19,4122,64,3
2025-01-13,Piemonte,Subito Lavoro,AZ_IT_SUBITO_SPONSORED_ANNUNCI,26.90,2131,36,2
2025-01-13,Puglia,Subito Lavoro,AZ_IT_SUBITO_RETARGETING,10.19,1456,15,1
2025-01-13,Puglia,Subito Lavoro,AZ_IT_SUBITO_SLOT_PREMIUM,66.77,5672,86,4
2025-01-13,Puglia,Subito Lavoro,AZ_IT_SUBITO_SPONSORED_ANNUNCI,25.38,1862,30,2
2025-01-13,Sardegna,Subito Lavoro,AZ_IT_SUBITO_RETARGETING,3.96,589,7,0
2025-01-13,Sardegna,Subito Lavoro,AZ_IT_SUBITO_SLOT_PREMIUM,18.94,1745,24,2
2025-01-13,Sardegna,Subito Lavoro,AZ_IT_SUBITO_SPONSORED_ANNUNCI,14.72,1217,19,1
2025-01-13,Sicilia,Subito Lavoro,AZ_IT_SUBITO_RETARGETING,8.06,1106,13,1
2025-01-13,Sicilia,Subito Lavoro,AZ_IT_SUBITO_SLOT_PREMIUM,44.80,4085,53,4
2025-01-13,Sicilia,Subito Lavoro,AZ_IT_SUBITO_SPONSORED_ANNUNCI,23.77,1816,31,2
2025-01-13,Toscana,Subito Lavoro,AZ_IT_SUBITO_RETARGETING,8.84,1298,16,2
2025-01-13,Toscana,Subito Lavoro,AZ_IT_SUBITO_SLOT_PREMIUM,43.15,3902,57,5
2025-01-13,Toscana,Subito Lavoro,AZ_IT_SUBITO_SPONSORED_ANNUNCI,18.48,1371,23,2
2025-01-13,Trentino-Alto Adige,Subito Lavoro,AZ_IT_SUBITO_RETARGETING,3.35,485,6,0
2025-01-13,Trentino-Alto Adige,Subito Lavoro,AZ_IT_SUBITO_SLOT_PREMIUM,11.60,1055,17,1
2025-01-13,Trentino-Alto Adige,Subito Lavoro,AZ_IT_SUBITO_SPONSORED_ANNUNCI,6.70,508,8,1
2025-01-13,Umbria,Subito Lavoro,AZ_IT_SUBITO_RETARGETING,1.79,257,3,0
2025-01-13,Umbria,Subito Lavoro,AZ_IT_SUBITO_SLOT_PREMIUM,7.22,679,10,1
2025-01-13,Umbria,Subito Lavoro,AZ_IT_SUBITO_SPONSORED_ANNUNCI,5.73,428,7,1
2025-01-13,Valle d'Aosta,Subito Lavoro,AZ_IT_SUBITO_RETARGETING,0.30,43,0,0
2025-01-13,Valle d'Aosta,Subito Lavoro,AZ_IT_SUBITO_SLOT_PREMIUM,1.27,116,2,0
2025-01-13,Valle d'Aosta,Subito Lavoro,AZ_IT_SUBITO_SPONSORED_ANNUNCI,0.74,56,1,0
2025-01-13,Veneto,Subito Lavoro,AZ_IT_SUBITO_RETARGETING,14.02,2007,21,2
2025-01-13,Veneto,Subito Lavoro,AZ_IT_SUBITO_SLOT_PREMIUM,38.44,3515,52,3
2025-01-13,Veneto,Subito Lavoro,AZ_IT_SUBITO_SPONSORED_ANNUNCI,21.15,1662,31,2
2025-01-20,Abruzzo,Subito Lavoro,AZ_IT_SUBITO_RETARGETING,2.94,395,5,0
2025-01-20,Abruzzo,Subito Lavoro,AZ_IT_SUBITO_SLOT_PREMIUM,18.02,1614,22,2
2025-01-20,Abruzzo,Subito Lavoro,AZ_IT_SUBITO_SPONSORED_ANNUNCI,9.14,725,11,1
2025-01-20,Basilicata,Subito Lavoro,AZ_IT_SUBITO_RETARGETING,1.95,276,3,0
2025-01-20,Basilicata,Subito Lavoro,AZ_IT_SUBITO_SLOT_PREMIUM,8.93,781,11,1
2025-01-20,Basilicata,Subito Lavoro,AZ_IT_SUBITO_SPONSORED_ANNUNCI,3.44,262,5,0
2025-01-20,Calabria,Subito Lavoro,AZ_IT_SUBITO_RETARGETING,4.70,686,8,1
2025-01-20,Calabria,Subito Lavoro,AZ_IT_SUBITO_SLOT_PREMIUM,25.10,2295,30,3
2025-01-20,Calabria,Subito Lavoro,AZ_IT_SUBITO_SPONSORED_ANNUNCI,10.94,837,15,1
2025-01-20,Campania,Subito Lavoro,AZ_IT_SUBITO_RETARGETING,22.42,3065,36,3
2025-01-20,Campania,Subito Lavoro,AZ_IT_SUBITO_SLOT_PREMIUM,44.50,3978,58,3
2025-01-20,Campania,Subito Lavoro,AZ_IT_SUBITO_SPONSORED_ANNUNCI,37.19,2754,47,3
2025-01-20,Emilia-Romagna,Subito Lavoro,AZ_IT_SUBITO_RETARGETING,15.03,2218,26,2
2025-01-20,Emilia-Romagna,Subito Lavoro,AZ_IT_SUBITO_SLOT_PREMIUM,68.36,6242,84,5
2025-01-20,Emilia-Romagna,Subito Lavoro,AZ_IT_SUBITO_SPONSORED_ANNUNCI,30.83,2447,43,2
2025-01-20,Friuli-Venezia Giulia,Subito Lavoro,AZ_IT_SUBITO_RETARGETING,2.68,389,5,0
2025-01-20,Friuli-Venezia Giulia,Subito Lavoro,AZ_IT_SUBITO_SLOT_PREMIUM,12.70,1084,13,1
2025-01-20,Friuli-Venezia Giulia,Subito Lavoro,AZ_IT_SUBITO_SPONSORED_ANNUNCI,6.96,526,9,1
2025-01-20,Lazio,Subito Lavoro,AZ_IT_SUBITO_RETARGETING,12.44,1867,24,2
2025-01-20,Lazio,Subito Lavoro,AZ_IT_SUBITO_SLOT_PREMIUM,73.13,6669,94,7
2025-01-20,Lazio,Subito Lavoro,AZ_IT_SUBITO_SPONSORED_ANNUNCI,23.68,1874,29,2
2025-01-20,Liguria,Subito Lavoro,AZ_IT_SUBITO_RETARGETING,4.35,616,7,0
2025-01-20,Liguria,Subito Lavoro,AZ_IT_SUBITO_SLOT_PREMIUM,30.89,2803,37,2
2025-01-20,Liguria,Subito Lavoro,AZ_IT_SUBITO_SPONSORED_ANNUNCI,6.19,479,8,0
2025-01-20,Lombardia,Subito Lavoro,AZ_IT_SUBITO_RETARGETING,25.51,3646,41,3
2025-01-20,Lombardia,Subito Lavoro,AZ_IT_SUBITO_SLOT_PREMIUM,189.08,17221,222,17
2025-01-20,Lombardia,Subito Lavoro,AZ_IT_SUBITO_SPONSORED_ANNUNCI,67.23,5090,84,4
2025-01-20,Marche,Subito Lavoro,AZ_IT_SUBITO_RETARGETING,4.70,666,9,1
2025-01-20,Marche,Subito Lavoro,AZ_IT_SUBITO_SLOT_PREMIUM,19.23,1760,22,2
2025-01-20,Marche,Subito Lavoro,AZ_IT_SUBITO_SPONSORED_ANNUNCI,7.89,586,9,1
2025-01-20,Molise,Subito Lavoro,AZ_IT_SUBITO_RETARGETING,0.83,114,1,0
2025-01-20,Molise,Subito Lavoro,AZ_IT_SUBITO_SLOT_PREMIUM,3.24,299,4,0
2025-01-20,Molise,Subito Lavoro,AZ_IT_SUBITO_SPONSORED_ANNUNCI,1.23,100,2,0
2025-01-20,Piemonte,Subito Lavoro,AZ_IT_SUBITO_RETARGETING,11.74,1688,20,1
2025-01-20,Piemonte,Subito Lavoro,AZ_IT_SUBITO_SLOT_PREMIUM,50.66,4682,64,3
2025-01-20,Piemonte,Subito Lavoro,AZ_IT_SUBITO_SPONSORED_ANNUNCI,25.30,1975,36,2
2025-01-20,Puglia,Subito Lavoro,AZ_IT_SUBITO_RETARGETING,9.22,1341,16,1
2025-01-20,Puglia,Subito Lavoro,AZ_IT_SUBITO_SLOT_PREMIUM,78.71,7115,101,4
2025-01-20,Puglia,Subito Lavoro,AZ_IT_SUBITO_SPONSORED_ANNUNCI,19.62,1507,25,1
2025-01-20,Sardegna,Subito Lavoro,AZ_IT_SUBITO_RETARGETING,4.22,640,8,1
2025-01-20,Sardegna,Subito Lavoro,AZ_IT_SUBITO_SLOT_PREMIUM,21.07,1970,26,2
2025-01-20,Sardegna,Subito Lavoro,AZ_IT_SUBITO_SPONSORED_ANNUNCI,10.86,862,16,1
2025-01-20,Sicilia,Subito Lavoro,AZ_IT_SUBITO_RETARGETING,9.33,1329,18,1
2025-01-20,Sicilia,Subito Lavoro,AZ_IT_SUBITO_SLOT_PREMIUM,48.44,4393,58,4
2025-01-20,Sicilia,Subito Lavoro,AZ_IT_SUBITO_SPONSORED_ANNUNCI,22.27,1723,30,2
2025-01-20,Toscana,Subito Lavoro,AZ_IT_SUBITO_RETARGETING,8.32,1155,13,1
2025-01-20,Toscana,Subito Lavoro,AZ_IT_SUBITO_SLOT_PREMIUM,55.49,4840,65,7
2025-01-20,Toscana,Subito Lavoro,AZ_IT_SUBITO_SPONSORED_ANNUNCI,18.87,1434,22,2
2025-01-20,Trentino-Alto Adige,Subito Lavoro,AZ_IT_SUBITO_RETARGETING,3.62,514,6,1
2025-01-20,Trentino-Alto Adige,Subito Lavoro,AZ_IT_SUBITO_SLOT_PREMIUM,13.45,1249,18,1
2025-01-20,Trentino-Alto Adige,Subito Lavoro,AZ_IT_SUBITO_SPONSORED_ANNUNCI,5.49,403,7,1
2025-01-20,Umbria,Subito Lavoro,AZ_IT_SUBITO_RETARGETING,2.22,313,4,0
2025-01-20,Umbria,Subito Lavoro,AZ_IT_SUBITO_SLOT_PREMIUM,8.04,727,10,1
2025-01-20,Umbria,Subito Lavoro,AZ_IT_SUBITO_SPONSORED_ANNUNCI,5.30,392,7,1
2025-01-20,Valle d'Aosta,Subito Lavoro,AZ_IT_SUBITO_RETARGETING,0.36,54,1,0
2025-01-20,Valle d'Aosta,Subito Lavoro,AZ_IT_SUBITO_SLOT_PREMIUM,1.36,122,2,0
2025-01-20,Valle d'Aosta,Subito Lavoro,AZ_IT_SUBITO_SPONSORED_ANNUNCI,0.62,49,1,0
2025-01-20,Veneto,Subito Lavoro,AZ_IT_SUBITO_RETARGETING,14.49,2028,25,2
2025-01-20,Veneto,Subito Lavoro,AZ_IT_SUBITO_SLOT_PREMIUM,42.76,4060,53,3
2025-01-20,Veneto,Subito Lavoro,AZ_IT_SUBITO_SPONSORED_ANNUNCI,19.44,1468,22,2
2025-01-27,Abruzzo,Subito Lavoro,AZ_IT_SUBITO_RETARGETING,2.48,365,5,0
2025-01-27,Abruzzo,Subito Lavoro,AZ_IT_SUBITO_SLOT_PREMIUM,15.35,1386,18,1
2025-01-27,Abruzzo,Subito Lavoro,AZ_IT_SUBITO_SPONSORED_ANNUNCI,9.75,728,12,1
2025-01-27,Basilicata,Subito Lavoro,AZ_IT_SUBITO_RETARGETING,1.84,265,3,0
2025-01-27,Basilicata,Subito Lavoro,AZ_IT_SUBITO_SLOT_PREMIUM,6.03,553,8,1
2025-01-27,Basilicata,Subito Lavoro,AZ_IT_SUBITO_SPONSORED_ANNUNCI,3.75,295,5,0
2025-01-27,Calabria,Subito Lavoro,AZ_IT_SUBITO_RETARGETING,4.01,593,8,1
2025-01-27,Calabria,Subito Lavoro,AZ_IT_SUBITO_SLOT_PREMIUM,17.85,1673,24,2
2025-01-27,Calabria,Subito Lavoro,AZ_IT_SUBITO_SPONSORED_ANNUNCI,12.07,918,15,2
2025-01-27,Campania,Subito Lavoro,AZ_IT_SUBITO_RETARGETING,16.80,2375,27,2
2025-01-27,Campania,Subito Lavoro,AZ_IT_SUBITO_SLOT_PREMIUM,29.74,2661,32,2
2025-01-27,Campania,Subito Lavoro,AZ_IT_SUBITO_SPONSORED_ANNUNCI,46.55,3529,65,4
2025-01-27,Emilia-Romagna,Subito Lavoro,AZ_IT_SUBITO_RETARGETING,13.36,1841,21,2
2025-01-27,Emilia-Romagna,Subito Lavoro,AZ_IT_SUBITO_SLOT_PREMIUM,51.61,4796,68,4
2025-01-27,Emilia-Romagna,Subito Lavoro,AZ_IT_SUBITO_SPONSORED_ANNUNCI,35.23,2595,47,3
2025-01-27,Friuli-Venezia Giulia,Subito Lavoro,AZ_IT_SUBITO_RETARGETING,2.54,385,4,0
2025-01-27,Friuli-Venezia Giulia,Subito Lavoro,AZ_IT_SUBITO_SLOT_PREMIUM,9.38,857,12,1
2025-01-27,Friuli-Venezia Giulia,Subito Lavoro,AZ_IT_SUBITO_SPONSORED_ANNUNCI,7.63,566,10,1
2025-01-27,Lazio,Subito Lavoro,AZ_IT_SUBITO_RETARGETING,11.06,1603,19,2
2025-01-27,Lazio,Subito Lavoro,AZ_IT_SUBITO_SLOT_PREMIUM,42.60,4024,51,4
2025-01-27,Lazio,Subito Lavoro,AZ_IT_SUBITO_SPONSORED_ANNUNCI,24.85,1911,34,3
2025-01-27,Liguria,Subito Lavoro,AZ_IT_SUBITO_RETARGETING,4.19,628,7,0
2025-01-27,Liguria,Subito Lavoro,AZ_IT_SUBITO_SLOT_PREMIUM,16.50,1474,23,1
2025-01-27,Liguria,Subito Lavoro,AZ_IT_SUBITO_SPONSORED_ANNUNCI,7.33,562,9,1
2025-01-27,Lombardia,Subito Lavoro,AZ_IT_SUBITO_RETARGETING,21.86,3284,40,3
2025-01-27,Lombardia,Subito Lavoro,AZ_IT_SUBITO_SLOT_PREMIUM,140.15,12497,154,12
2025-01-27,Lombardia,Subito Lavoro,AZ_IT_SUBITO_SPONSORED_ANNUNCI,61.26,4656,86,5
2025-01-27,Marche,Subito Lavoro,AZ_IT_SUBITO_RETARGETING,5.26,739,9,1
2025-01-27,Marche,Subito Lavoro,AZ_IT_SUBITO_SLOT_PREMIUM,16.36,1501,22,2
2025-01-27,Marche,Subito Lavoro,AZ_IT_SUBITO_SPONSORED_ANNUNCI,6.71,540,9,1
2025-01-27,Molise,Subito Lavoro,AZ_IT_SUBITO_RETARGETING,0.75,109,1,0
2025-01-27,Molise,Subito Lavoro,AZ_IT_SUBITO_SLOT_PREMIUM,1.98,175,2,0
2025-01-27,Molise,Subito Lavoro,AZ_IT_SUBITO_SPONSORED_ANNUNCI,1.70,130,2,0
2025-01-27,Piemonte,Subito Lavoro,AZ_IT_SUBITO_RETARGETING,11.73,1713,20,1
2025-01-27,Piemonte,Subito Lavoro,AZ_IT_SUBITO_SLOT_PREMIUM,38.48,3629,46,3
2025-01-27,Piemonte,Subito Lavoro,AZ_IT_SUBITO_SPONSORED_ANNUNCI,23.52,1827,32,2
2025-01-27,Puglia,Subito Lavoro,AZ_IT_SUBITO_RETARGETING,8.72,1248,15,1
2025-01-27,Puglia,Subito Lavoro,AZ_IT_SUBITO_SLOT_PREMIUM,67.46,6080,85,4
2025-01-27,Puglia,Subito Lavoro,AZ_IT_SUBITO_SPONSORED_ANNUNCI,24.88,1840,36,1
2025-01-27,Sardegna,Subito Lavoro,AZ_IT_SUBITO_RETARGETING,3.81,558,8,0
2025-01-27,Sardegna,Subito Lavoro,AZ_IT_SUBITO_SLOT_PREMIUM,13.32,1274,16,1
2025-01-27,Sardegna,Subito Lavoro,AZ_IT_SUBITO_SPONSORED_ANNUNCI,11.42,873,15,1
2025-01-27,Sicilia,Subito Lavoro,AZ_IT_SUBITO_RETARGETING,8.90,1319,16,1
2025-01-27,Sicilia,Subito Lavoro,AZ_IT_SUBITO_SLOT_PREMIUM,32.34,2852,43,2
2025-01-27,Sicilia,Subito Lavoro,AZ_IT_SUBITO_SPONSORED_ANNUNCI,28.17,2150,39,2
2025-01-27,Toscana,Subito Lavoro,AZ_IT_SUBITO_RETARGETING,7.08,990,11,1
2025-01-27,Toscana,Subito Lavoro,AZ_IT_SUBITO_SLOT_PREMIUM,37.50,3516,53,5
2025-01-27,Toscana,Subito Lavoro,AZ_IT_SUBITO_SPONSORED_ANNUNCI,24.28,1835,29,3
2025-01-27,Trentino-Alto Adige,Subito Lavoro,AZ_IT_SUBITO_RETARGETING,2.89,435,5,0
2025-01-27,Trentino-Alto Adige,Subito Lavoro,AZ_IT_SUBITO_SLOT_PREMIUM,10.27,927,13,1
2025-01-27,Trentino-Alto Adige,Subito Lavoro,AZ_IT_SUBITO_SPONSORED_ANNUNCI,5.90,482,8,1
2025-01-27,Umbria,Subito Lavoro,AZ_IT_SUBITO_RETARGETING,2.11,304,4,0
2025-01-27,Umbria,Subito Lavoro,AZ_IT_SUBITO_SLOT_PREMIUM,6.22,556,8,1
2025-01-27,Umbria,Subito Lavoro,AZ_IT_SUBITO_SPONSORED_ANNUNCI,5.21,398,7,1
2025-01-27,Valle d'Aosta,Subito Lavoro,AZ_IT_SUBITO_RETARGETING,0.33,48,1,0
2025-01-27,Valle d'Aosta,Subito Lavoro,AZ_IT_SUBITO_SLOT_PREMIUM,0.98,90,1,0
2025-01-27,Valle d'Aosta,Subito Lavoro,AZ_IT_SUBITO_SPONSORED_ANNUNCI,0.66,51,1,0
2025-01-27,Veneto,Subito Lavoro,AZ_IT_SUBITO_RETARGETING,12.26,1737,20,1
2025-01-27,Veneto,Subito Lavoro,AZ_IT_SUBITO_SLOT_PREMIUM,41.57,3795,49,4
2025-01-27,Veneto,Subito Lavoro,AZ_IT_SUBITO_SPONSORED_ANNUNCI,19.47,1522,25,2
2025-02-03,Abruzzo,Subito Lavoro,AZ_IT_SUBITO_RETARGETING,3.87,533,7,0
2025-02-03,Abruzzo,Subito Lavoro,AZ_IT_SUBITO_SLOT_PREMIUM,19.95,1845,28,1
2025-02-03,Abruzzo,Subito Lavoro,AZ_IT_SUBITO_SPONSORED_ANNUNCI,13.86,1060,17,1
2025-02-03,Basilicata,Subito Lavoro,AZ_IT_SUBITO_RETARGETING,2.76,412,5,0
2025-02-03,Basilicata,Subito Lavoro,AZ_IT_SUBITO_SLOT_PREMIUM,6.96,619,8,0
2025-02-03,Basilicata,Subito Lavoro,AZ_IT_SUBITO_SPONSORED_ANNUNCI,5.52,424,7,0
2025-02-03,Calabria,Subito Lavoro,AZ_IT_SUBITO_RETARGETING,6.15,876,12,1
2025-02-03,Calabria,Subito Lavoro,AZ_IT_SUBITO_SLOT_PREMIUM,23.55,2042,28,3
2025-02-03,Calabria,Subito Lavoro,AZ_IT_SUBITO_SPONSORED_ANNUNCI,12.67,998,17,1
2025-02-03,Campania,Subito Lavoro,AZ_IT_SUBITO_RETARGETING,26.59,3671,47,2
2025-02-03,Campania,Subito Lavoro,AZ_IT_SUBITO_SLOT_PREMIUM,37.23,3451,47,3
2025-02-03,Campania,Subito Lavoro,AZ_IT_SUBITO_SPONSORED_ANNUNCI,56.85,4191,80,4
2025-02-03,Emilia-Romagna,Subito Lavoro,AZ_IT_SUBITO_RETARGETING,21.98,3226,40,2
2025-02-03,Emilia-Romagna,Subito Lavoro,AZ_IT_SUBITO_SLOT_PREMIUM,67.99,6057,81,5
2025-02-03,Emilia-Romagna,Subito Lavoro,AZ_IT_SUBITO_SPONSORED_ANNUNCI,46.90,3773,63,3
2025-02-03,Friuli-Venezia Giulia,Subito Lavoro,AZ_IT_SUBITO_RETARGETING,3.87,535,6,1
2025-02-03,Friuli-Venezia Giulia,Subito Lavoro,AZ_IT_SUBITO_SLOT_PREMIUM,10.06,916,12,1
2025-02-03,Friuli-Venezia Giulia,Subito Lavoro,AZ_IT_SUBITO_SPONSORED_ANNUNCI,8.13,632,13,1
2025-02-03,Lazio,Subito Lavoro,AZ_IT_SUBITO_RETARGETING,19.24,2715,35,2
2025-02-03,Lazio,Subito Lavoro,AZ_IT_SUBITO_SLOT_PREMIUM,53.07,4913,70,6
2025-02-03,Lazio,Subito Lavoro,AZ_IT_SUBITO_SPONSORED_ANNUNCI,34.14,2742,47,2
2025-02-03,Liguria,Subito Lavoro,AZ_IT_SUBITO_RETARGETING,6.41,919,10,1
2025-02-03,Liguria,Subito Lavoro,AZ_IT_SUBITO_SLOT_PREMIUM,19.23,1756,25,1
2025-02-03,Liguria,Subito Lavoro,AZ_IT_SUBITO_SPONSORED_ANNUNCI,10.34,811,15,1
2025-02-03,Lombardia,Subito Lavoro,AZ_IT_SUBITO_RETARGETING,40.24,5378,65,4
2025-02-03,Lombardia,Subito Lavoro,AZ_IT_SUBITO_SLOT_PREMIUM,181.70,16419,211,14
2025-02-03,Lombardia,Subito Lavoro,AZ_IT_SUBITO_SPONSORED_ANNUNCI,84.35,6139,120,6
2025-02-03,Marche,Subito Lavoro,AZ_IT_SUBITO_RETARGETING,8.84,1290,15,2
2025-02-03,Marche,Subito Lavoro,AZ_IT_SUBITO_SLOT_PREMIUM,20.89,1868,26,2
2025-02-03,Marche,Subito Lavoro,AZ_IT_SUBITO_SPONSORED_ANNUNCI,8.74,654,11,1
2025-02-03,Molise,Subito Lavoro,AZ_IT_SUBITO_RETARGETING,1.32,190,2,0
2025-02-03,Molise,Subito Lavoro,AZ_IT_SUBITO_SLOT_PREMIUM,2.11,198,3,0
2025-02-03,Molise,Subito Lavoro,AZ_IT_SUBITO_SPONSORED_ANNUNCI,2.20,167,3,0
2025-02-03,Piemonte,Subito Lavoro,AZ_IT_SUBITO_RETARGETING,18.43,2546,30,2
2025-02-03,Piemonte,Subito Lavoro,AZ_IT_SUBITO_SLOT_PREMIUM,40.31,3749,49,2
2025-02-03,Piemonte,Subito Lavoro,AZ_IT_SUBITO_SPONSORED_ANNUNCI,31.05,2281,39,2
2025-02-03,Puglia,Subito Lavoro,AZ_IT_SUBITO_RETARGETING,13.54,2067,23,1
2025-02-03,Puglia,Subito Lavoro,AZ_IT_SUBITO_SLOT_PREMIUM,79.34,7462,116,5
2025-02-03,Puglia,Subito Lavoro,AZ_IT_SUBITO_SPONSORED_ANNUNCI,27.71,2118,36,2
2025-02-03,Sardegna,Subito Lavoro,AZ_IT_SUBITO_RETARGETING,6.33,885,10,1
2025-02-03,Sardegna,Subito Lavoro,AZ_IT_SUBITO_SLOT_PREMIUM,18.12,1593,22,1
2025-02-03,Sardegna,Subito Lavoro,AZ_IT_SUBITO_SPONSORED_ANNUNCI,16.23,1202,21,1
2025-02-03,Sicilia,Subito Lavoro,AZ_IT_SUBITO_RETARGETING,14.04,1880,22,1
2025-02-03,Sicilia,Subito Lavoro,AZ_IT_SUBITO_SLOT_PREMIUM,37.00,3298,42,3
2025-02-03,Sicilia,Subito Lavoro,AZ_IT_SUBITO_SPONSORED_ANNUNCI,31.90,2429,37,2
2025-02-03,Toscana,Subito Lavoro,AZ_IT_SUBITO_RETARGETING,12.63,1788,23,2
2025-02-03,Toscana,Subito Lavoro,AZ_IT_SUBITO_SLOT_PREMIUM,45.62,4100,59,4
2025-02-03,Toscana,Subito Lavoro,AZ_IT_SUBITO_SPONSORED_ANNUNCI,32.12,2404,38,4
2025-02-03,Trentino-Alto Adige,Subito Lavoro,AZ_IT_SUBITO_RETARGETING,4.66,653,8,1
2025-02-03,Trentino-Alto Adige,Subito Lavoro,AZ_IT_SUBITO_SLOT_PREMIUM,13.71,1259,17,1
2025-02-03,Trentino-Alto Adige,Subito Lavoro,AZ_IT_SUBITO_SPONSORED_ANNUNCI,8.10,619,10,1
2025-02-03,Umbria,Subito Lavoro,AZ_IT_SUBITO_RETARGETING,2.76,398,4,0
2025-02-03,Umbria,Subito Lavoro,AZ_IT_SUBITO_SLOT_PREMIUM,8.26,789,11,1
2025-02-03,Umbria,Subito Lavoro,AZ_IT_SUBITO_SPONSORED_ANNUNCI,6.90,549,9,1
2025-02-03,Valle d'Aosta,Subito Lavoro,AZ_IT_SUBITO_RETARGETING,0.58,82,1,0
2025-02-03,Valle d'Aosta,Subito Lavoro,AZ_IT_SUBITO_SLOT_PREMIUM,1.19,109,1,0
2025-02-03,Valle d'Aosta,Subito Lavoro,AZ_IT_SUBITO_SPONSORED_ANNUNCI,0.82,61,1,0
2025-02-03,Veneto,Subito Lavoro,AZ_IT_SUBITO_RETARGETING,19.62,2799,35,2
2025-02-03,Veneto,Subito Lavoro,AZ_IT_SUBITO_SLOT_PREMIUM,45.60,4092,57,4
2025-02-03,Veneto,Subito Lavoro,AZ_IT_SUBITO_SPONSORED_ANNUNCI,24.48,1893,31,2
2025-02-10,Abruzzo,Subito Lavoro,AZ_IT_SUBITO_RETARGETING,2.93,428,5,0
2025-02-10,Abruzzo,Subito Lavoro,AZ_IT_SUBITO_SLOT_PREMIUM,13.03,1193,18,1
2025-02-10,Abruzzo,Subito Lavoro,AZ_IT_SUBITO_SPONSORED_ANNUNCI,11.76,880,18,1
2025-02-10,Basilicata,Subito Lavoro,AZ_IT_SUBITO_RETARGETING,1.84,262,3,0
2025-02-10,Basilicata,Subito Lavoro,AZ_IT_SUBITO_SLOT_PREMIUM,5.57,486,7,0
2025-02-10,Basilicata,Subito Lavoro,AZ_IT_SUBITO_SPONSORED_ANNUNCI,5.07,396,6,0
2025-02-10,Calabria,Subito Lavoro,AZ_IT_SUBITO_RETARGETING,4.76,663,8,1
2025-02-10,Calabria,Subito Lavoro,AZ_IT_SUBITO_SLOT_PREMIUM,22.38,1906,29,2
2025-02-10,Calabria,Subito Lavoro,AZ_IT_SUBITO_SPONSORED_ANNUNCI,9.99,752,12,1
2025-02-10,Campania,Subito Lavoro,AZ_IT_SUBITO_RETARGETING,19.90,2857,33,2
2025-02-10,Campania,Subito Lavoro,AZ_IT_SUBITO_SLOT_PREMIUM,33.67,2952,40,2
2025-02-10,Campania,Subito Lavoro,AZ_IT_SUBITO_SPONSORED_ANNUNCI,48.09,3741,67,4
2025-02-10,Emilia-Romagna,Subito Lavoro,AZ_IT_SUBITO_RETARGETING,17.17,2421,31,2
2025-02-10,Emilia-Romagna,Subito Lavoro,AZ_IT_SUBITO_SLOT_PREMIUM,58.54,5256,70,5
2025-02-10,Emilia-Romagna,Subito Lavoro,AZ_IT_SUBITO_SPONSORED_ANNUNCI,37.52,2717,45,4
2025-02-10,Friuli-Venezia Giulia,Subito Lavoro,AZ_IT_SUBITO_RETARGETING,2.81,409,5,0
2025-02-10,Friuli-Venezia Giulia,Subito Lavoro,AZ_IT_SUBITO_SLOT_PREMIUM,11.13,1025,14,1
2025-02-10,Friuli-Venezia Giulia,Subito Lavoro,AZ_IT_SUBITO_SPONSORED_ANNUNCI,7.00,517,8,1
2025-02-10,Lazio,Subito Lavoro,AZ_IT_SUBITO_RETARGETING,13.97,1935,22,2
2025-02-10,Lazio,Subito Lavoro,AZ_IT_SUBITO_SLOT_PREMIUM,47.43,4456,62,4
2025-02-10,Lazio,Subito Lavoro,AZ_IT_SUBITO_SPONSORED_ANNUNCI,23.82,1858,33,3
2025-02-10,Liguria,Subito Lavoro,AZ_IT_SUBITO_RETARGETING,4.16,588,7,0
2025-02-10,Liguria,Subito Lavoro,AZ_IT_SUBITO_SLOT_PREMIUM,15.89,1502,21,1
2025-02-10,Liguria,Subito Lavoro,AZ_IT_SUBITO_SPONSORED_ANNUNCI,7.63,609,11,1
2025-02-10,Lombardia,Subito Lavoro,AZ_IT_SUBITO_RETARGETING,31.42,4539,55,4
2025-02-10,Lombardia,Subito Lavoro,AZ_IT_SUBITO_SLOT_PREMIUM,150.40,14043,182,11
2025-02-10,Lombardia,Subito Lavoro,AZ_IT_SUBITO_SPONSORED_ANNUNCI,60.13,4756,82,5
2025-02-10,Marche,Subito Lavoro,AZ_IT_SUBITO_RETARGETING,5.32,769,9,1
2025-02-10,Marche,Subito Lavoro,AZ_IT_SUBITO_SLOT_PREMIUM,19.70,1721,27,2
2025-02-10,Marche,Subito Lavoro,AZ_IT_SUBITO_SPONSORED_ANNUNCI,6.77,524,9,1
2025-02-10,Molise,Subito Lavoro,AZ_IT_SUBITO_RETARGETING,0.93,136,2,0
2025-02-10,Molise,Subito Lavoro,AZ_IT_SUBITO_SLOT_PREMIUM,2.17,196,3,0
2025-02-10,Molise,Subito Lavoro,AZ_IT_SUBITO_SPONSORED_ANNUNCI,1.67,126,2,0
2025-02-10,Piemonte,Subito Lavoro,AZ_IT_SUBITO_RETARGETING,12.38,1733,21,1
2025-02-10,Piemonte,Subito Lavoro,AZ_IT_SUBITO_SLOT_PREMIUM,31.56,2991,37,2
2025-02-10,Piemonte,Subito Lavoro,AZ_IT_SUBITO_SPONSORED_ANNUNCI,33.90,2507,48,2
2025-02-10,Puglia,Subito Lavoro,AZ_IT_SUBITO_RETARGETING,10.13,1391,18,1
2025-02-10,Puglia,Subito Lavoro,AZ_IT_SUBITO_SLOT_PREMIUM,61.49,5354,75,4
2025-02-10,Puglia,Subito Lavoro,AZ_IT_SUBITO_SPONSORED_ANNUNCI,24.32,1860,34,2
2025-02-10,Sardegna,Subito Lavoro,AZ_IT_SUBITO_RETARGETING,4.75,713,9,1
2025-02-10,Sardegna,Subito Lavoro,AZ_IT_SUBITO_SLOT_PREMIUM,15.81,1438,21,1
2025-02-10,Sardegna,Subito Lavoro,AZ_IT_SUBITO_SPONSORED_ANNUNCI,12.70,944,17,1
2025-02-10,Sicilia,Subito Lavoro,AZ_IT_SUBITO_RETARGETING,10.63,1475,17,1
2025-02-10,Sicilia,Subito Lavoro,AZ_IT_SUBITO_SLOT_PREMIUM,38.53,3505,58,3
2025-02-10,Sicilia,Subito Lavoro,AZ_IT_SUBITO_SPONSORED_ANNUNCI,25.89,1962,36,2
2025-02-10,Toscana,Subito Lavoro,AZ_IT_SUBITO_RETARGETING,9.01,1267,17,2
2025-02-10,Toscana,Subito Lavoro,AZ_IT_SUBITO_SLOT_PREMIUM,37.01,3445,49,5
2025-02-10,Toscana,Subito Lavoro,AZ_IT_SUBITO_SPONSORED_ANNUNCI,22.65,1764,30,3
2025-02-10,Trentino-Alto Adige,Subito Lavoro,AZ_IT_SUBITO_RETARGETING,2.86,414,5,0
2025-02-10,Trentino-Alto Adige,Subito Lavoro,AZ_IT_SUBITO_SLOT_PREMIUM,12.39,1031,15,1
2025-02-10,Trentino-Alto Adige,Subito Lavoro,AZ_IT_SUBITO_SPONSORED_ANNUNCI,5.07,382,7,1
2025-02-10,Umbria,Subito Lavoro,AZ_IT_SUBITO_RETARGETING,1.95,279,3,0
2025-02-10,Umbria,Subito Lavoro,AZ_IT_SUBITO_SLOT_PREMIUM,5.50,509,7,1
2025-02-10,Umbria,Subito Lavoro,AZ_IT_SUBITO_SPONSORED_ANNUNCI,5.37,407,5,1
2025-02-10,Valle d'Aosta,Subito Lavoro,AZ_IT_SUBITO_RETARGETING,0.39,56,1,0
2025-02-10,Valle d'Aosta,Subito Lavoro,AZ_IT_SUBITO_SLOT_PREMIUM,1.05,92,1,0
2025-02-10,Valle d'Aosta,Subito Lavoro,AZ_IT_SUBITO_SPONSORED_ANNUNCI,0.71,54,1,0
2025-02-10,Veneto,Subito Lavoro,AZ_IT_SUBITO_RETARGETING,13.17,1829,23,2
2025-02-10,Veneto,Subito Lavoro,AZ_IT_SUBITO_SLOT_PREMIUM,35.17,3280,47,3
2025-02-10,Veneto,Subito Lavoro,AZ_IT_SUBITO_SPONSORED_ANNUNCI,19.00,1479,25,2
2025-02-17,Abruzzo,Subito Lavoro,AZ_IT_SUBITO_RETARGETING,2.13,298,3,0
2025-02-17,Abruzzo,Subito Lavoro,AZ_IT_SUBITO_SLOT_PREMIUM,13.40,1172,16,1
2025-02-17,Abruzzo,Subito Lavoro,AZ_IT_SUBITO_SPONSORED_ANNUNCI,11.64,885,16,1
2025-02-17,Basilicata,Subito Lavoro,AZ_IT_SUBITO_RETARGETING,1.42,203,2,0
2025-02-17,Basilicata,Subito Lavoro,AZ_IT_SUBITO_SLOT_PREMIUM,4.88,445,6,1
2025-02-17,Basilicata,Subito Lavoro,AZ_IT_SUBITO_SPONSORED_ANNUNCI,4.15,331,6,0
2025-02-17,Calabria,Subito Lavoro,AZ_IT_SUBITO_RETARGETING,3.94,575,7,1
2025-02-17,Calabria,Subito Lavoro,AZ_IT_SUBITO_SLOT_PREMIUM,22.70,1942,28,3
2025-02-17,Calabria,Subito Lavoro,AZ_IT_SUBITO_SPONSORED_ANNUNCI,11.41,897,16,1
2025-02-17,Campania,Subito Lavoro,AZ_IT_SUBITO_RETARGETING,15.89,2215,25,2
2025-02-17,Campania,Subito Lavoro,AZ_IT_SUBITO_SLOT_PREMIUM,36.15,3185,45,3
2025-02-17,Campania,Subito Lavoro,AZ_IT_SUBITO_SPONSORED_ANNUNCI,42.70,3402,57,3
2025-02-17,Emilia-Romagna,Subito Lavoro,AZ_IT_SUBITO_RETARGETING,14.83,2104,25,2
2025-02-17,Emilia-Romagna,Subito Lavoro,AZ_IT_SUBITO_SLOT_PREMIUM,54.74,5047,74,4
2025-02-17,Emilia-Romagna,Subito Lavoro,AZ_IT_SUBITO_SPONSORED_ANNUNCI,36.92,2869,53,4
2025-02-17,Friuli-Venezia Giulia,Subito Lavoro,AZ_IT_SUBITO_RETARGETING,1.90,270,3,0
2025-02-17,Friuli-Venezia Giulia,Subito Lavoro,AZ_IT_SUBITO_SLOT_PREMIUM,11.84,1054,16,1
2025-02-17,Friuli-Venezia Giulia,Subito Lavoro,AZ_IT_SUBITO_SPONSORED_ANNUNCI,5.98,481,9,1
2025-02-17,Lazio,Subito Lavoro,AZ_IT_SUBITO_RETARGETING,10.45,1476,17,1
2025-02-17,Lazio,Subito Lavoro,AZ_IT_SUBITO_SLOT_PREMIUM,48.31,4471,55,5
2025-02-17,Lazio,Subito Lavoro,AZ_IT_SUBITO_SPONSORED_ANNUNCI,28.85,2230,35,3
2025-02-17,Liguria,Subito Lavoro,AZ_IT_SUBITO_RETARGETING,3.26,449,5,0
2025-02-17,Liguria,Subito Lavoro,AZ_IT_SUBITO_SLOT_PREMIUM,18.87,1731,23,1
2025-02-17,Liguria,Subito Lavoro,AZ_IT_SUBITO_SPONSORED_ANNUNCI,8.14,635,11,1
2025-02-17,Lombardia,Subito Lavoro,AZ_IT_SUBITO_RETARGETING,23.31,3372,35,3
2025-02-17,Lombardia,Subito Lavoro,AZ_IT_SUBITO_SLOT_PREMIUM,143.39,12973,200,14
2025-02-17,Lombardia,Subito Lavoro,AZ_IT_SUBITO_SPONSORED_ANNUNCI,58.30,4262,73,4
2025-02-17,Marche,Subito Lavoro,AZ_IT_SUBITO_RETARGETING,4.21,584,6,1
2025-02-17,Marche,Subito Lavoro,AZ_IT_SUBITO_SLOT_PREMIUM,19.08,1622,22,2
2025-02-17,Marche,Subito Lavoro,AZ_IT_SUBITO_SPONSORED_ANNUNCI,7.14,555,9,1
2025-02-17,Molise,Subito Lavoro,AZ_IT_SUBITO_RETARGETING,0.67,97,1,0
2025-02-17,Molise,Subito Lavoro,AZ_IT_SUBITO_SLOT_PREMIUM,2.00,183,2,0
2025-02-17,Molise,Subito Lavoro,AZ_IT_SUBITO_SPONSORED_ANNUNCI,1.74,136,2,0
2025-02-17,Piemonte,Subito Lavoro,AZ_IT_SUBITO_RETARGETING,8.18,1141,13,1
2025-02-17,Piemonte,Subito Lavoro,AZ_IT_SUBITO_SLOT_PREMIUM,33.36,3096,38,2
2025-02-17,Piemonte,Subito Lavoro,AZ_IT_SUBITO_SPONSORED_ANNUNCI,34.59,2691,43,3
2025-02-17,Puglia,Subito Lavoro,AZ_IT_SUBITO_RETARGETING,7.37,1111,13,1
2025-02-17,Puglia,Subito Lavoro,AZ_IT_SUBITO_SLOT_PREMIUM,68.45,6317,96,5
2025-02-17,Puglia,Subito Lavoro,AZ_IT_SUBITO_SPONSORED_ANNUNCI,21.72,1712,30,1
2025-02-17,Sardegna,Subito Lavoro,AZ_IT_SUBITO_RETARGETING,3.11,451,6,0
2025-02-17,Sardegna,Subito Lavoro,AZ_IT_SUBITO_SLOT_PREMIUM,18.86,1671,23,1
2025-02-17,Sardegna,Subito Lavoro,AZ_IT_SUBITO_SPONSORED_ANNUNCI,12.25,950,16,1
2025-02-17,Sicilia,Subito Lavoro,AZ_IT_SUBITO_RETARGETING,8.47,1159,13,1
2025-02-17,Sicilia,Subito Lavoro,AZ_IT_SUBITO_SLOT_PREMIUM,37.73,3453,44,3
2025-02-17,Sicilia,Subito Lavoro,AZ_IT_SUBITO_SPONSORED_ANNUNCI,24.22,1855,33,2
2025-02-17,Toscana,Subito Lavoro,AZ_IT_SUBITO_RETARGETING,6.60,942,11,1
2025-02-17,Toscana,Subito Lavoro,AZ_IT_SUBITO_SLOT_PREMIUM,39.80,3596,47,5
2025-02-17,Toscana,Subito Lavoro,AZ_IT_SUBITO_SPONSORED_ANNUNCI,24.38,1947,33,3
2025-02-17,Trentino-Alto Adige,Subito Lavoro,AZ_IT_SUBITO_RETARGETING,2.21,314,4,0
2025-02-17,Trentino-Alto Adige,Subito Lavoro,AZ_IT_SUBITO_SLOT_PREMIUM,11.04,1007,13,1
2025-02-17,Trentino-Alto Adige,Subito Lavoro,AZ_IT_SUBITO_SPONSORED_ANNUNCI,5.32,395,7,1
2025-02-17,Umbria,Subito Lavoro,AZ_IT_SUBITO_RETARGETING,1.51,215,3,0
2025-02-17,Umbria,Subito Lavoro,AZ_IT_SUBITO_SLOT_PREMIUM,5.67,534,8,1
2025-02-17,Umbria,Subito Lavoro,AZ_IT_SUBITO_SPONSORED_ANNUNCI,5.37,422,7,1
2025-02-17,Valle d'Aosta,Subito Lavoro,AZ_IT_SUBITO_RETARGETING,0.32,47,1,0
2025-02-17,Valle d'Aosta,Subito Lavoro,AZ_IT_SUBITO_SLOT_PREMIUM,0.84,77,1,0
2025-02-17,Valle d'Aosta,Subito Lavoro,AZ_IT_SUBITO_SPONSORED_ANNUNCI,0.77,59,1,0
2025-02-17,Veneto,Subito Lavoro,AZ_IT_SUBITO_RETARGETING,10.79,1621,19,1
2025-02-17,Veneto,Subito Lavoro,AZ_IT_SUBITO_SLOT_PREMIUM,38.38,3433,50,3
2025-02-17,Veneto,Subito Lavoro,AZ_IT_SUBITO_SPONSORED_ANNUNCI,17.67,1375,23,1
2025-02-24,Abruzzo,Subito Lavoro,AZ_IT_SUBITO_RETARGETING,2.09,296,4,0
2025-02-24,Abruzzo,Subito Lavoro,AZ_IT_SUBITO_SLOT_PREMIUM,15.59,1439,21,1
2025-02-24,Abruzzo,Subito Lavoro,AZ_IT_SUBITO_SPONSORED_ANNUNCI,10.84,820,12,1
2025-02-24,Basilicata,Subito Lavoro,AZ_IT_SUBITO_RETARGETING,1.55,232,3,0
2025-02-24,Basilicata,Subito Lavoro,AZ_IT_SUBITO_SLOT_PREMIUM,7.11,648,10,1
2025-02-24,Basilicata,Subito Lavoro,AZ_IT_SUBITO_SPONSORED_ANNUNCI,4.35,341,6,0
2025-02-24,Calabria,Subito Lavoro,AZ_IT_SUBITO_RETARGETING,4.05,569,7,1
2025-02-24,Calabria,Subito Lavoro,AZ_IT_SUBITO_SLOT_PREMIUM,24.73,2315,37,3
2025-02-24,Calabria,Subito Lavoro,AZ_IT_SUBITO_SPONSORED_ANNUNCI,12.17,908,15,1
2025-02-24,Campania,Subito Lavoro,AZ_IT_SUBITO_RETARGETING,19.12,2640,32,2
2025-02-24,Campania,Subito Lavoro,AZ_IT_SUBITO_SLOT_PREMIUM,41.51,3646,52,3
2025-02-24,Campania,Subito Lavoro,AZ_IT_SUBITO_SPONSORED_ANNUNCI,45.93,3488,53,3
2025-02-24,Emilia-Romagna,Subito Lavoro,AZ_IT_SUBITO_RETARGETING,15.85,2330,30,2
2025-02-24,Emilia-Romagna,Subito Lavoro,AZ_IT_SUBITO_SLOT_PREMIUM,64.23,5631,77,5
2025-02-24,Emilia-Romagna,Subito Lavoro,AZ_IT_SUBITO_SPONSORED_ANNUNCI,36.92,2860,48,3
2025-02-24,Friuli-Venezia Giulia,Subito Lavoro,AZ_IT_SUBITO_RETARGETING,1.95,274,3,0
2025-02-24,Friuli-Venezia Giulia,Subito Lavoro,AZ_IT_SUBITO_SLOT_PREMIUM,16.30,1470,23,2
2025-02-24,Friuli-Venezia Giulia,Subito Lavoro,AZ_IT_SUBITO_SPONSORED_ANNUNCI,5.82,437,6,1
2025-02-24,Lazio,Subito Lavoro,AZ_IT_SUBITO_RETARGETING,11.54,1680,18,2
2025-02-24,Lazio,Subito Lavoro,AZ_IT_SUBITO_SLOT_PREMIUM,51.62,4447,60,5
2025-02-24,Lazio,Subito Lavoro,AZ_IT_SUBITO_SPONSORED_ANNUNCI,26.44,2097,35,3
2025-02-24,Liguria,Subito Lavoro,AZ_IT_SUBITO_RETARGETING,3.31,479,6,0
2025-02-24,Liguria,Subito Lavoro,AZ_IT_SUBITO_SLOT_PREMIUM,22.86,2052,31,1
2025-02-24,Liguria,Subito Lavoro,AZ_IT_SUBITO_SPONSORED_ANNUNCI,8.23,653,11,0
2025-02-24,Lombardia,Subito Lavoro,AZ_IT_SUBITO_RETARGETING,18.71,2629,28,2
2025-02-24,Lombardia,Subito Lavoro,AZ_IT_SUBITO_SLOT_PREMIUM,174.00,15903,206,14
2025-02-24,Lombardia,Subito Lavoro,AZ_IT_SUBITO_SPONSORED_ANNUNCI,59.07,4460,81,4
2025-02-24,Marche,Subito Lavoro,AZ_IT_SUBITO_RETARGETING,3.06,444,5,0
2025-02-24,Marche,Subito Lavoro,AZ_IT_SUBITO_SLOT_PREMIUM,20.27,1903,27,3
2025-02-24,Marche,Subito Lavoro,AZ_IT_SUBITO_SPONSORED_ANNUNCI,8.05,632,13,1
2025-02-24,Molise,Subito Lavoro,AZ_IT_SUBITO_RETARGETING,0.70,104,1,0
2025-02-24,Molise,Subito Lavoro,AZ_IT_SUBITO_SLOT_PREMIUM,2.50,225,3,0
2025-02-24,Molise,Subito Lavoro,AZ_IT_SUBITO_SPONSORED_ANNUNCI,1.67,126,2,0
2025-02-24,Piemonte,Subito Lavoro,AZ_IT_SUBITO_RETARGETING,9.12,1295,15,1
2025-02-24,Piemonte,Subito Lavoro,AZ_IT_SUBITO_SLOT_PREMIUM,41.98,3914,54,3
2025-02-24,Piemonte,Subito Lavoro,AZ_IT_SUBITO_SPONSORED_ANNUNCI,28.61,2300,40,2
2025-02-24,Puglia,Subito Lavoro,AZ_IT_SUBITO_RETARGETING,10.07,1455,18,1
2025-02-24,Puglia,Subito Lavoro,AZ_IT_SUBITO_SLOT_PREMIUM,86.30,7893,112,5
2025-02-24,Puglia,Subito Lavoro,AZ_IT_SUBITO_SPONSORED_ANNUNCI,18.27,1311,20,1
2025-02-24,Sardegna,Subito Lavoro,AZ_IT_SUBITO_RETARGETING,3.65,512,5,0
2025-02-24,Sardegna,Subito Lavoro,AZ_IT_SUBITO_SLOT_PREMIUM,20.18,1827,25,2
2025-02-24,Sardegna,Subito Lavoro,AZ_IT_SUBITO_SPONSORED_ANNUNCI,13.40,1055,18,1
2025-02-24,Sicilia,Subito Lavoro,AZ_IT_SUBITO_RETARGETING,8.11,1184,15,1
2025-02-24,Sicilia,Subito Lavoro,AZ_IT_SUBITO_SLOT_PREMIUM,48.50,4277,52,3
2025-02-24,Sicilia,Subito Lavoro,AZ_IT_SUBITO_SPONSORED_ANNUNCI,23.29,1836,30,2
2025-02-24,Toscana,Subito Lavoro,AZ_IT_SUBITO_RETARGETING,7.98,1102,12,1
2025-02-24,Toscana,Subito Lavoro,AZ_IT_SUBITO_SLOT_PREMIUM,46.36,4138,61,5
2025-02-24,Toscana,Subito Lavoro,AZ_IT_SUBITO_SPONSORED_ANNUNCI,23.56,1775,27,2
2025-02-24,Trentino-Alto Adige,Subito Lavoro,AZ_IT_SUBITO_RETARGETING,2.28,328,4,0
2025-02-24,Trentino-Alto Adige,Subito Lavoro,AZ_IT_SUBITO_SLOT_PREMIUM,13.59,1215,17,1
2025-02-24,Trentino-Alto Adige,Subito Lavoro,AZ_IT_SUBITO_SPONSORED_ANNUNCI,5.29,412,8,0
2025-02-24,Umbria,Subito Lavoro,AZ_IT_SUBITO_RETARGETING,1.89,264,3,0
2025-02-24,Umbria,Subito Lavoro,AZ_IT_SUBITO_SLOT_PREMIUM,7.31,658,9,1
2025-02-24,Umbria,Subito Lavoro,AZ_IT_SUBITO_SPONSORED_ANNUNCI,5.74,433,8,1
2025-02-24,Valle d'Aosta,Subito Lavoro,AZ_IT_SUBITO_RETARGETING,0.28,39,0,0
2025-02-24,Valle d'Aosta,Subito Lavoro,AZ_IT_SUBITO_SLOT_PREMIUM,1.08,97,2,0
2025-02-24,Valle d'Aosta,Subito Lavoro,AZ_IT_SUBITO_SPONSORED_ANNUNCI,0.69,52,1,0
2025-02-24,Veneto,Subito Lavoro,AZ_IT_SUBITO_RETARGETING,11.56,1559,19,1
2025-02-24,Veneto,Subito Lavoro,AZ_IT_SUBITO_SLOT_PREMIUM,41.47,3864,53,3
2025-02-24,Veneto,Subito Lavoro,AZ_IT_SUBITO_SPONSORED_ANNUNCI,19.60,1552,29,2
2025-03-03,Abruzzo,Subito Lavoro,AZ_IT_SUBITO_RETARGETING,2.92,405,5,0
2025-03-03,Abruzzo,Subito Lavoro,AZ_IT_SUBITO_SLOT_PREMIUM,19.44,1759,25,1
2025-03-03,Abruzzo,Subito Lavoro,AZ_IT_SUBITO_SPONSORED_ANNUNCI,11.36,913,14,1
2025-03-03,Basilicata,Subito Lavoro,AZ_IT_SUBITO_RETARGETING,1.85,253,3,0
2025-03-03,Basilicata,Subito Lavoro,AZ_IT_SUBITO_SLOT_PREMIUM,6.91,659,9,1
2025-03-03,Basilicata,Subito Lavoro,AZ_IT_SUBITO_SPONSORED_ANNUNCI,4.72,353,5,0
2025-03-03,Calabria,Subito Lavoro,AZ_IT_SUBITO_RETARGETING,5.16,725,8,1
2025-03-03,Calabria,Subito Lavoro,AZ_IT_SUBITO_SLOT_PREMIUM,29.87,2640,43,4
2025-03-03,Calabria,Subito Lavoro,AZ_IT_SUBITO_SPONSORED_ANNUNCI,13.57,1076,20,1
2025-03-03,Campania,Subito Lavoro,AZ_IT_SUBITO_RETARGETING,22.58,3255,42,2
2025-03-03,Campania,Subito Lavoro,AZ_IT_SUBITO_SLOT_PREMIUM,48.15,4480,60,3
2025-03-03,Campania,Subito Lavoro,AZ_IT_SUBITO_SPONSORED_ANNUNCI,52.43,4145,66,4
2025-03-03,Emilia-Romagna,Subito Lavoro,AZ_IT_SUBITO_RETARGETING,19.28,2680,28,2
2025-03-03,Emilia-Romagna,Subito Lavoro,AZ_IT_SUBITO_SLOT_PREMIUM,81.82,7180,93,6
2025-03-03,Emilia-Romagna,Subito Lavoro,AZ_IT_SUBITO_SPONSORED_ANNUNCI,41.95,3078,55,3
2025-03-03,Friuli-Venezia Giulia,Subito Lavoro,AZ_IT_SUBITO_RETARGETING,3.08,424,5,0
2025-03-03,Friuli-Venezia Giulia,Subito Lavoro,AZ_IT_SUBITO_SLOT_PREMIUM,16.94,1527,17,2
2025-03-03,Friuli-Venezia Giulia,Subito Lavoro,AZ_IT_SUBITO_SPONSORED_ANNUNCI,7.00,528,9,1
2025-03-03,Lazio,Subito Lavoro,AZ_IT_SUBITO_RETARGETING,13.87,1941,23,2
2025-03-03,Lazio,Subito Lavoro,AZ_IT_SUBITO_SLOT_PREMIUM,49.03,4423,65,5
2025-03-03,Lazio,Subito Lavoro,AZ_IT_SUBITO_SPONSORED_ANNUNCI,30.74,2296,45,3
2025-03-03,Liguria,Subito Lavoro,AZ_IT_SUBITO_RETARGETING,3.66,528,5,0
2025-03-03,Liguria,Subito Lavoro,AZ_IT_SUBITO_SLOT_PREMIUM,24.63,2224,32,1
2025-03-03,Liguria,Subito Lavoro,AZ_IT_SUBITO_SPONSORED_ANNUNCI,8.56,660,12,1
2025-03-03,Lombardia,Subito Lavoro,AZ_IT_SUBITO_RETARGETING,26.48,3629,42,3
2025-03-03,Lombardia,Subito Lavoro,AZ_IT_SUBITO_SLOT_PREMIUM,193.04,18102,249,14
2025-03-03,Lombardia,Subito Lavoro,AZ_IT_SUBITO_SPONSORED_ANNUNCI,61.57,4631,87,5
2025-03-03,Marche,Subito Lavoro,AZ_IT_SUBITO_RETARGETING,4.06,574,7,1
2025-03-03,Marche,Subito Lavoro,AZ_IT_SUBITO_SLOT_PREMIUM,20.94,1908,26,2
2025-03-03,Marche,Subito Lavoro,AZ_IT_SUBITO_SPONSORED_ANNUNCI,8.80,677,10,1
2025-03-03,Molise,Subito Lavoro,AZ_IT_SUBITO_RETARGETING,1.04,154,2,0
2025-03-03,Molise,Subito Lavoro,AZ_IT_SUBITO_SLOT_PREMIUM,2.78,265,4,0
2025-03-03,Molise,Subito Lavoro,AZ_IT_SUBITO_SPONSORED_ANNUNCI,1.75,138,2,0
2025-03-03,Piemonte,Subito Lavoro,AZ_IT_SUBITO_RETARGETING,12.23,1727,23,1
2025-03-03,Piemonte,Subito Lavoro,AZ_IT_SUBITO_SLOT_PREMIUM,42.28,3986,62,3
2025-03-03,Piemonte,Subito Lavoro,AZ_IT_SUBITO_SPONSORED_ANNUNCI,32.89,2566,47,2
2025-03-03,Puglia,Subito Lavoro,AZ_IT_SUBITO_RETARGETING,13.76,2012,21,1
2025-03-03,Puglia,Subito Lavoro,AZ_IT_SUBITO_SLOT_PREMIUM,74.43,6746,90,4
2025-03-03,Puglia,Subito Lavoro,AZ_IT_SUBITO_SPONSORED_ANNUNCI,19.46,1467,25,1
2025-03-03,Sardegna,Subito Lavoro,AZ_IT_SUBITO_RETARGETING,4.65,642,8,0
2025-03-03,Sardegna,Subito Lavoro,AZ_IT_SUBITO_SLOT_PREMIUM,19.76,1849,25,1
2025-03-03,Sardegna,Subito Lavoro,AZ_IT_SUBITO_SPONSORED_ANNUNCI,16.41,1297,21,1
2025-03-03,Sicilia,Subito Lavoro,AZ_IT_SUBITO_RETARGETING,11.20,1672,21,1
2025-03-03,Sicilia,Subito Lavoro,AZ_IT_SUBITO_SLOT_PREMIUM,64.18,5622,68,5
2025-03-03,Sicilia,Subito Lavoro,AZ_IT_SUBITO_SPONSORED_ANNUNCI,30.78,2433,41,2
2025-03-03,Toscana,Subito Lavoro,AZ_IT_SUBITO_RETARGETING,13.94,1858,23,2
2025-03-03,Toscana,Subito Lavoro,AZ_IT_SUBITO_SLOT_PREMIUM,56.84,5153,75,5
2025-03-03,Toscana,Subito Lavoro,AZ_IT_SUBITO_SPONSORED_ANNUNCI,25.47,2017,36,2
2025-03-03,Trentino-Alto Adige,Subito Lavoro,AZ_IT_SUBITO_RETARGETING,3.72,492,6,0
2025-03-03,Trentino-Alto Adige,Subito Lavoro,AZ_IT_SUBITO_SLOT_PREMIUM,13.89,1255,18,1
2025-03-03,Trentino-Alto Adige,Subito Lavoro,AZ_IT_SUBITO_SPONSORED_ANNUNCI,6.67,526,8,1
2025-03-03,Umbria,Subito Lavoro,AZ_IT_SUBITO_RETARGETING,2.59,375,4,0
2025-03-03,Umbria,Subito Lavoro,AZ_IT_SUBITO_SLOT_PREMIUM,8.51,783,11,1
2025-03-03,Umbria,Subito Lavoro,AZ_IT_SUBITO_SPONSORED_ANNUNCI,7.31,542,10,1
2025-03-03,Valle d'Aosta,Subito Lavoro,AZ_IT_SUBITO_RETARGETING,0.42,59,1,0
2025-03-03,Valle d'Aosta,Subito Lavoro,AZ_IT_SUBITO_SLOT_PREMIUM,1.15,107,2,0
2025-03-03,Valle d'Aosta,Subito Lavoro,AZ_IT_SUBITO_SPONSORED_ANNUNCI,0.83,66,1,0
2025-03-03,Veneto,Subito Lavoro,AZ_IT_SUBITO_RETARGETING,14.92,2134,24,2
2025-03-03,Veneto,Subito Lavoro,AZ_IT_SUBITO_SLOT_PREMIUM,50.84,4502,64,4
2025-03-03,Veneto,Subito Lavoro,AZ_IT_SUBITO_SPONSORED_ANNUNCI,18.69,1424,23,2
2025-03-10,Abruzzo,Subito Lavoro,AZ_IT_SUBITO_RETARGETING,2.60,364,4,0
2025-03-10,Abruzzo,Subito Lavoro,AZ_IT_SUBITO_SLOT_PREMIUM,17.07,1569,21,1
2025-03-10,Abruzzo,Subito Lavoro,AZ_IT_SUBITO_SPONSORED_ANNUNCI,10.95,833,13,1
2025-03-10,Basilicata,Subito Lavoro,AZ_IT_SUBITO_RETARGETING,1.60,233,3,0
2025-03-10,Basilicata,Subito Lavoro,AZ_IT_SUBITO_SLOT_PREMIUM,6.68,629,8,1
2025-03-10,Basilicata,Subito Lavoro,AZ_IT_SUBITO_SPONSORED_ANNUNCI,3.72,286,5,0
2025-03-10,Calabria,Subito Lavoro,AZ_IT_SUBITO_RETARGETING,4.86,664,8,1
2025-03-10,Calabria,Subito Lavoro,AZ_IT_SUBITO_SLOT_PREMIUM,26.98,2502,36,3
2025-03-10,Calabria,Subito Lavoro,AZ_IT_SUBITO_SPONSORED_ANNUNCI,12.70,978,16,1
2025-03-10,Campania,Subito Lavoro,AZ_IT_SUBITO_RETARGETING,27.13,3998,45,3
2025-03-10,Campania,Subito Lavoro,AZ_IT_SUBITO_SLOT_PREMIUM,44.74,4110,55,3
2025-03-10,Campania,Subito Lavoro,AZ_IT_SUBITO_SPONSORED_ANNUNCI,53.33,3878,72,4
2025-03-10,Emilia-Romagna,Subito Lavoro,AZ_IT_SUBITO_RETARGETING,18.61,2821,32,2
2025-03-10,Emilia-Romagna,Subito Lavoro,AZ_IT_SUBITO_SLOT_PREMIUM,72.63,6767,99,6
2025-03-10,Emilia-Romagna,Subito Lavoro,AZ_IT_SUBITO_SPONSORED_ANNUNCI,31.39,2449,41,2
2025-03-10,Friuli-Venezia Giulia,Subito Lavoro,AZ_IT_SUBITO_RETARGETING,2.41,324,4,0
2025-03-10,Friuli-Venezia Giulia,Subito Lavoro,AZ_IT_SUBITO_SLOT_PREMIUM,14.72,1248,18,2
2025-03-10,Friuli-Venezia Giulia,Subito Lavoro,AZ_IT_SUBITO_SPONSORED_ANNUNCI,7.64,590,10,1
2025-03-10,Lazio,Subito Lavoro,AZ_IT_SUBITO_RETARGETING,13.38,1949,21,2
2025-03-10,Lazio,Subito Lavoro,AZ_IT_SUBITO_SLOT_PREMIUM,57.73,4965,73,6
2025-03-10,Lazio,Subito Lavoro,AZ_IT_SUBITO_SPONSORED_ANNUNCI,27.27,2110,36,2
2025-03-10,Liguria,Subito Lavoro,AZ_IT_SUBITO_RETARGETING,3.90,588,7,0
2025-03-10,Liguria,Subito Lavoro,AZ_IT_SUBITO_SLOT_PREMIUM,23.67,2252,29,2
2025-03-10,Liguria,Subito Lavoro,AZ_IT_SUBITO_SPONSORED_ANNUNCI,8.25,607,10,1
2025-03-10,Lombardia,Subito Lavoro,AZ_IT_SUBITO_RETARGETING,26.05,3761,41,4
2025-03-10,Lombardia,Subito Lavoro,AZ_IT_SUBITO_SLOT_PREMIUM,149.58,13830,187,12
2025-03-10,Lombardia,Subito Lavoro,AZ_IT_SUBITO_SPONSORED_ANNUNCI,62.41,4680,81,6
2025-03-10,Marche,Subito Lavoro,AZ_IT_SUBITO_RETARGETING,4.12,580,7,1
2025-03-10,Marche,Subito Lavoro,AZ_IT_SUBITO_SLOT_PREMIUM,20.84,1909,27,3
2025-03-10,Marche,Subito Lavoro,AZ_IT_SUBITO_SPONSORED_ANNUNCI,7.73,588,9,1
2025-03-10,Molise,Subito Lavoro,AZ_IT_SUBITO_RETARGETING,0.88,122,2,0
2025-03-10,Molise,Subito Lavoro,AZ_IT_SUBITO_SLOT_PREMIUM,3.08,281,4,0
2025-03-10,Molise,Subito Lavoro,AZ_IT_SUBITO_SPONSORED_ANNUNCI,1.65,129,2,0
2025-03-10,Piemonte,Subito Lavoro,AZ_IT_SUBITO_RETARGETING,10.09,1456,17,1
2025-03-10,Piemonte,Subito Lavoro,AZ_IT_SUBITO_SLOT_PREMIUM,40.07,3636,49,3
2025-03-10,Piemonte,Subito Lavoro,AZ_IT_SUBITO_SPONSORED_ANNUNCI,32.60,2570,40,2
2025-03-10,Puglia,Subito Lavoro,AZ_IT_SUBITO_RETARGETING,10.23,1488,18,1
2025-03-10,Puglia,Subito Lavoro,AZ_IT_SUBITO_SLOT_PREMIUM,78.89,7254,98,5
2025-03-10,Puglia,Subito Lavoro,AZ_IT_SUBITO_SPONSORED_ANNUNCI,21.42,1614,28,1
2025-03-10,Sardegna,Subito Lavoro,AZ_IT_SUBITO_RETARGETING,5.69,787,9,1
2025-03-10,Sardegna,Subito Lavoro,AZ_IT_SUBITO_SLOT_PREMIUM,18.88,1729,25,1
2025-03-10,Sardegna,Subito Lavoro,AZ_IT_SUBITO_SPONSORED_ANNUNCI,15.95,1256,22,1
2025-03-10,Sicilia,Subito Lavoro,AZ_IT_SUBITO_RETARGETING,10.54,1544,19,1
2025-03-10,Sicilia,Subito Lavoro,AZ_IT_SUBITO_SLOT_PREMIUM,52.86,4748,68,4
2025-03-10,Sicilia,Subito Lavoro,AZ_IT_SUBITO_SPONSORED_ANNUNCI,25.82,1948,34,2
2025-03-10,Toscana,Subito Lavoro,AZ_IT_SUBITO_RETARGETING,12.87,1849,22,2
2025-03-10,Toscana,Subito Lavoro,AZ_IT_SUBITO_SLOT_PREMIUM,49.51,4528,64,6
2025-03-10,Toscana,Subito Lavoro,AZ_IT_SUBITO_SPONSORED_ANNUNCI,26.35,1998,34,3
2025-03-10,Trentino-Alto Adige,Subito Lavoro,AZ_IT_SUBITO_RETARGETING,3.66,487,5,1
2025-03-10,Trentino-Alto Adige,Subito Lavoro,AZ_IT_SUBITO_SLOT_PREMIUM,14.37,1314,17,1
2025-03-10,Trentino-Alto Adige,Subito Lavoro,AZ_IT_SUBITO_SPONSORED_ANNUNCI,6.78,519,9,1
2025-03-10,Umbria,Subito Lavoro,AZ_IT_SUBITO_RETARGETING,2.32,337,4,0
2025-03-10,Umbria,Subito Lavoro,AZ_IT_SUBITO_SLOT_PREMIUM,9.62,859,11,1
2025-03-10,Umbria,Subito Lavoro,AZ_IT_SUBITO_SPONSORED_ANNUNCI,6.38,483,8,1
2025-03-10,Valle d'Aosta,Subito Lavoro,AZ_IT_SUBITO_RETARGETING,0.37,49,1,0
2025-03-10,Valle d'Aosta,Subito Lavoro,AZ_IT_SUBITO_SLOT_PREMIUM,1.36,128,2,0
2025-03-10,Valle d'Aosta,Subito Lavoro,AZ_IT_SUBITO_SPONSORED_ANNUNCI,0.69,54,1,0
2025-03-10,Veneto,Subito Lavoro,AZ_IT_SUBITO_RETARGETING,13.57,1908,26,2
2025-03-10,Veneto,Subito Lavoro,AZ_IT_SUBITO_SLOT_PREMIUM,53.08,4740,73,4
2025-03-10,Veneto,Subito Lavoro,AZ_IT_SUBITO_SPONSORED_ANNUNCI,16.46,1240,22,1
2025-03-17,Abruzzo,Subito Lavoro,AZ_IT_SUBITO_RETARGETING,2.48,367,4,0
2025-03-17,Abruzzo,Subito Lavoro,AZ_IT_SUBITO_SLOT_PREMIUM,19.77,1759,22,1
2025-03-17,Abruzzo,Subito Lavoro,AZ_IT_SUBITO_SPONSORED_ANNUNCI,22.75,1775,29,1
2025-03-17,Basilicata,Subito Lavoro,AZ_IT_SUBITO_RETARGETING,1.69,244,3,0
2025-03-17,Basilicata,Subito Lavoro,AZ_IT_SUBITO_SLOT_PREMIUM,7.13,640,8,0
2025-03-17,Basilicata,Subito Lavoro,AZ_IT_SUBITO_SPONSORED_ANNUNCI,7.58,584,10,1
2025-03-17,Calabria,Subito Lavoro,AZ_IT_SUBITO_RETARGETING,4.33,604,7,1
2025-03-17,Calabria,Subito Lavoro,AZ_IT_SUBITO_SLOT_PREMIUM,33.36,2907,41,3
2025-03-17,Calabria,Subito Lavoro,AZ_IT_SUBITO_SPONSORED_ANNUNCI,21.10,1561,29,2
2025-03-17,Campania,Subito Lavoro,AZ_IT_SUBITO_RETARGETING,23.23,3384,47,2
2025-03-17,Campania,Subito Lavoro,AZ_IT_SUBITO_SLOT_PREMIUM,55.64,5036,65,3
2025-03-17,Campania,Subito Lavoro,AZ_IT_SUBITO_SPONSORED_ANNUNCI,87.45,6904,119,5
2025-03-17,Emilia-Romagna,Subito Lavoro,AZ_IT_SUBITO_RETARGETING,18.90,2661,33,2
2025-03-17,Emilia-Romagna,Subito Lavoro,AZ_IT_SUBITO_SLOT_PREMIUM,70.54,6334,85,5
2025-03-17,Emilia-Romagna,Subito Lavoro,AZ_IT_SUBITO_SPONSORED_ANNUNCI,64.17,4993,94,4
2025-03-17,Friuli-Venezia Giulia,Subito Lavoro,AZ_IT_SUBITO_RETARGETING,2.56,376,5,0
2025-03-17,Friuli-Venezia Giulia,Subito Lavoro,AZ_IT_SUBITO_SLOT_PREMIUM,14.51,1341,18,2
2025-03-17,Friuli-Venezia Giulia,Subito Lavoro,AZ_IT_SUBITO_SPONSORED_ANNUNCI,12.97,1005,17,1
2025-03-17,Lazio,Subito Lavoro,AZ_IT_SUBITO_RETARGETING,15.24,2130,21,2
2025-03-17,Lazio,Subito Lavoro,AZ_IT_SUBITO_SLOT_PREMIUM,67.36,6103,74,5
2025-03-17,Lazio,Subito Lavoro,AZ_IT_SUBITO_SPONSORED_ANNUNCI,48.51,3669,67,3
2025-03-17,Liguria,Subito Lavoro,AZ_IT_SUBITO_RETARGETING,4.67,658,8,0
2025-03-17,Liguria,Subito Lavoro,AZ_IT_SUBITO_SLOT_PREMIUM,25.78,2234,31,1
2025-03-17,Liguria,Subito Lavoro,AZ_IT_SUBITO_SPONSORED_ANNUNCI,15.15,1112,18,1
2025-03-17,Lombardia,Subito Lavoro,AZ_IT_SUBITO_RETARGETING,29.58,4265,49,3
2025-03-17,Lombardia,Subito Lavoro,AZ_IT_SUBITO_SLOT_PREMIUM,186.10,16697,208,17
2025-03-17,Lombardia,Subito Lavoro,AZ_IT_SUBITO_SPONSORED_ANNUNCI,100.96,7847,136,7
2025-03-17,Marche,Subito Lavoro,AZ_IT_SUBITO_RETARGETING,4.76,708,9,1
2025-03-17,Marche,Subito Lavoro,AZ_IT_SUBITO_SLOT_PREMIUM,18.87,1646,26,2
2025-03-17,Marche,Subito Lavoro,AZ_IT_SUBITO_SPONSORED_ANNUNCI,15.77,1309,23,2
2025-03-17,Molise,Subito Lavoro,AZ_IT_SUBITO_RETARGETING,0.83,118,1,0
2025-03-17,Molise,Subito Lavoro,AZ_IT_SUBITO_SLOT_PREMIUM,3.46,323,4,0
2025-03-17,Molise,Subito Lavoro,AZ_IT_SUBITO_SPONSORED_ANNUNCI,3.05,216,4,0
2025-03-17,Piemonte,Subito Lavoro,AZ_IT_SUBITO_RETARGETING,9.91,1434,18,1
2025-03-17,Piemonte,Subito Lavoro,AZ_IT_SUBITO_SLOT_PREMIUM,48.37,4526,62,3
2025-03-17,Piemonte,Subito Lavoro,AZ_IT_SUBITO_SPONSORED_ANNUNCI,51.40,4063,72,4
2025-03-17,Puglia,Subito Lavoro,AZ_IT_SUBITO_RETARGETING,10.13,1446,17,1
2025-03-17,Puglia,Subito Lavoro,AZ_IT_SUBITO_SLOT_PREMIUM,87.42,8030,105,5
2025-03-17,Puglia,Subito Lavoro,AZ_IT_SUBITO_SPONSORED_ANNUNCI,38.65,2875,54,2
2025-03-17,Sardegna,Subito Lavoro,AZ_IT_SUBITO_RETARGETING,5.68,845,11,0
2025-03-17,Sardegna,Subito Lavoro,AZ_IT_SUBITO_SLOT_PREMIUM,22.55,2091,29,2
2025-03-17,Sardegna,Subito Lavoro,AZ_IT_SUBITO_SPONSORED_ANNUNCI,30.75,2408,43,2
2025-03-17,Sicilia,Subito Lavoro,AZ_IT_SUBITO_RETARGETING,8.96,1213,15,1
2025-03-17,Sicilia,Subito Lavoro,AZ_IT_SUBITO_SLOT_PREMIUM,54.15,4934,70,4
2025-03-17,Sicilia,Subito Lavoro,AZ_IT_SUBITO_SPONSORED_ANNUNCI,47.74,3557,61,4
2025-03-17,Toscana,Subito Lavoro,AZ_IT_SUBITO_RETARGETING,14.14,1928,22,2
2025-03-17,Toscana,Subito Lavoro,AZ_IT_SUBITO_SLOT_PREMIUM,60.23,5516,67,5
2025-03-17,Toscana,Subito Lavoro,AZ_IT_SUBITO_SPONSORED_ANNUNCI,47.99,3761,64,5
2025-03-17,Trentino-Alto Adige,Subito Lavoro,AZ_IT_SUBITO_RETARGETING,4.02,558,7,0
2025-03-17,Trentino-Alto Adige,Subito Lavoro,AZ_IT_SUBITO_SLOT_PREMIUM,17.51,1563,22,1
2025-03-17,Trentino-Alto Adige,Subito Lavoro,AZ_IT_SUBITO_SPONSORED_ANNUNCI,12.86,1025,17,1
2025-03-17,Umbria,Subito Lavoro,AZ_IT_SUBITO_RETARGETING,2.49,365,5,0
2025-03-17,Umbria,Subito Lavoro,AZ_IT_SUBITO_SLOT_PREMIUM,10.93,983,14,1
2025-03-17,Umbria,Subito Lavoro,AZ_IT_SUBITO_SPONSORED_ANNUNCI,9.08,700,12,1
2025-03-17,Valle d'Aosta,Subito Lavoro,AZ_IT_SUBITO_RETARGETING,0.37,53,1,0
2025-03-17,Valle d'Aosta,Subito Lavoro,AZ_IT_SUBITO_SLOT_PREMIUM,1.62,150,2,0
2025-03-17,Valle d'Aosta,Subito Lavoro,AZ_IT_SUBITO_SPONSORED_ANNUNCI,1.60,125,2,0
2025-03-17,Veneto,Subito Lavoro,AZ_IT_SUBITO_RETARGETING,15.06,2221,27,2
2025-03-17,Veneto,Subito Lavoro,AZ_IT_SUBITO_SLOT_PREMIUM,76.10,6741,97,5
2025-03-17,Veneto,Subito Lavoro,AZ_IT_SUBITO_SPONSORED_ANNUNCI,33.95,2631,45,3
2025-03-24,Abruzzo,Subito Lavoro,AZ_IT_SUBITO_RETARGETING,2.83,408,5,0
2025-03-24,Abruzzo,Subito Lavoro,AZ_IT_SUBITO_SLOT_PREMIUM,22.80,2081,26,1
2025-03-24,Abruzzo,Subito Lavoro,AZ_IT_SUBITO_SPONSORED_ANNUNCI,16.20,1218,21,1
2025-03-24,Basilicata,Subito Lavoro,AZ_IT_SUBITO_RETARGETING,2.18,321,4,0
2025-03-24,Basilicata,Subito Lavoro,AZ_IT_SUBITO_SLOT_PREMIUM,6.82,609,8,1
2025-03-24,Basilicata,Subito Lavoro,AZ_IT_SUBITO_SPONSORED_ANNUNCI,5.09,390,6,0
2025-03-24,Calabria,Subito Lavoro,AZ_IT_SUBITO_RETARGETING,5.33,772,9,1
2025-03-24,Calabria,Subito Lavoro,AZ_IT_SUBITO_SLOT_PREMIUM,32.33,2884,39,3
2025-03-24,Calabria,Subito Lavoro,AZ_IT_SUBITO_SPONSORED_ANNUNCI,14.59,1140,21,2
2025-03-24,Campania,Subito Lavoro,AZ_IT_SUBITO_RETARGETING,24.26,3529,43,3
2025-03-24,Campania,Subito Lavoro,AZ_IT_SUBITO_SLOT_PREMIUM,43.49,4074,52,3
2025-03-24,Campania,Subito Lavoro,AZ_IT_SUBITO_SPONSORED_ANNUNCI,58.60,4683,68,5
2025-03-24,Emilia-Romagna,Subito Lavoro,AZ_IT_SUBITO_RETARGETING,17.46,2366,24,2
2025-03-24,Emilia-Romagna,Subito Lavoro,AZ_IT_SUBITO_SLOT_PREMIUM,70.97,6545,84,5
2025-03-24,Emilia-Romagna,Subito Lavoro,AZ_IT_SUBITO_SPONSORED_ANNUNCI,54.32,4106,66,4
2025-03-24,Friuli-Venezia Giulia,Subito Lavoro,AZ_IT_SUBITO_RETARGETING,2.59,384,4,0
2025-03-24,Friuli-Venezia Giulia,Subito Lavoro,AZ_IT_SUBITO_SLOT_PREMIUM,13.06,1196,19,2
2025-03-24,Friuli-Venezia Giulia,Subito Lavoro,AZ_IT_SUBITO_SPONSORED_ANNUNCI,7.70,600,11,1
2025-03-24,Lazio,Subito Lavoro,AZ_IT_SUBITO_RETARGETING,16.60,2380,30,2
2025-03-24,Lazio,Subito Lavoro,AZ_IT_SUBITO_SLOT_PREMIUM,77.14,6818,83,7
2025-03-24,Lazio,Subito Lavoro,AZ_IT_SUBITO_SPONSORED_ANNUNCI,33.74,2568,41,3
2025-03-24,Liguria,Subito Lavoro,AZ_IT_SUBITO_RETARGETING,4.92,731,8,0
2025-03-24,Liguria,Subito Lavoro,AZ_IT_SUBITO_SLOT_PREMIUM,29.30,2664,40,2
2025-03-24,Liguria,Subito Lavoro,AZ_IT_SUBITO_SPONSORED_ANNUNCI,8.93,700,13,1
2025-03-24,Lombardia,Subito Lavoro,AZ_IT_SUBITO_RETARGETING,27.97,4146,46,3
2025-03-24,Lombardia,Subito Lavoro,AZ_IT_SUBITO_SLOT_PREMIUM,181.89,16390,226,14
2025-03-24,Lombardia,Subito Lavoro,AZ_IT_SUBITO_SPONSORED_ANNUNCI,83.72,6578,114,7
2025-03-24,Marche,Subito Lavoro,AZ_IT_SUBITO_RETARGETING,5.19,745,9,1
2025-03-24,Marche,Subito Lavoro,AZ_IT_SUBITO_SLOT_PREMIUM,19.89,1746,27,2
2025-03-24,Marche,Subito Lavoro,AZ_IT_SUBITO_SPONSORED_ANNUNCI,10.68,819,14,1
2025-03-24,Molise,Subito Lavoro,AZ_IT_SUBITO_RETARGETING,1.04,147,2,0
2025-03-24,Molise,Subito Lavoro,AZ_IT_SUBITO_SLOT_PREMIUM,3.42,316,5,0
2025-03-24,Molise,Subito Lavoro,AZ_IT_SUBITO_SPONSORED_ANNUNCI,1.75,137,2,0
2025-03-24,Piemonte,Subito Lavoro,AZ_IT_SUBITO_RETARGETING,12.49,1842,22,1
2025-03-24,Piemonte,Subito Lavoro,AZ_IT_SUBITO_SLOT_PREMIUM,53.00,4879,62,4
2025-03-24,Piemonte,Subito Lavoro,AZ_IT_SUBITO_SPONSORED_ANNUNCI,36.95,2716,45,2
2025-03-24,Puglia,Subito Lavoro,AZ_IT_SUBITO_RETARGETING,10.90,1514,17,1
2025-03-24,Puglia,Subito Lavoro,AZ_IT_SUBITO_SLOT_PREMIUM,78.74,6756,90,6
2025-03-24,Puglia,Subito Lavoro,AZ_IT_SUBITO_SPONSORED_ANNUNCI,28.95,2265,40,2
2025-03-24,Sardegna,Subito Lavoro,AZ_IT_SUBITO_RETARGETING,6.42,926,11,1
2025-03-24,Sardegna,Subito Lavoro,AZ_IT_SUBITO_SLOT_PREMIUM,25.04,2264,34,2
2025-03-24,Sardegna,Subito Lavoro,AZ_IT_SUBITO_SPONSORED_ANNUNCI,19.62,1527,26,1
2025-03-24,Sicilia,Subito Lavoro,AZ_IT_SUBITO_RETARGETING,11.67,1564,18,1
2025-03-24,Sicilia,Subito Lavoro,AZ_IT_SUBITO_SLOT_PREMIUM,42.62,4055,57,3
2025-03-24,Sicilia,Subito Lavoro,AZ_IT_SUBITO_SPONSORED_ANNUNCI,34.88,2767,46,3
2025-03-24,Toscana,Subito Lavoro,AZ_IT_SUBITO_RETARGETING,15.53,2242,29,2
2025-03-24,Toscana,Subito Lavoro,AZ_IT_SUBITO_SLOT_PREMIUM,49.58,4536,59,5
2025-03-24,Toscana,Subito Lavoro,AZ_IT_SUBITO_SPONSORED_ANNUNCI,35.39,2572,44,4
2025-03-24,Trentino-Alto Adige,Subito Lavoro,AZ_IT_SUBITO_RETARGETING,4.50,659,8,1
2025-03-24,Trentino-Alto Adige,Subito Lavoro,AZ_IT_SUBITO_SLOT_PREMIUM,16.04,1526,20,1
2025-03-24,Trentino-Alto Adige,Subito Lavoro,AZ_IT_SUBITO_SPONSORED_ANNUNCI,8.92,684,11,1
2025-03-24,Umbria,Subito Lavoro,AZ_IT_SUBITO_RETARGETING,2.79,407,5,0
2025-03-24,Umbria,Subito Lavoro,AZ_IT_SUBITO_SLOT_PREMIUM,9.68,888,14,1
2025-03-24,Umbria,Subito Lavoro,AZ_IT_SUBITO_SPONSORED_ANNUNCI,5.80,430,7,1
2025-03-24,Valle d'Aosta,Subito Lavoro,AZ_IT_SUBITO_RETARGETING,0.44,62,1,0
2025-03-24,Valle d'Aosta,Subito Lavoro,AZ_IT_SUBITO_SLOT_PREMIUM,1.57,145,2,0
2025-03-24,Valle d'Aosta,Subito Lavoro,AZ_IT_SUBITO_SPONSORED_ANNUNCI,1.19,88,2,0
2025-03-24,Veneto,Subito Lavoro,AZ_IT_SUBITO_RETARGETING,16.03,2245,31,2
2025-03-24,Veneto,Subito Lavoro,AZ_IT_SUBITO_SLOT_PREMIUM,57.16,5166,72,5
2025-03-24,Veneto,Subito Lavoro,AZ_IT_SUBITO_SPONSORED_ANNUNCI,23.58,1705,30,2
2025-04-14,Abruzzo,Subito Lavoro,AZ_IT_SUBITO_RETARGETING,2.57,368,4,0
2025-04-14,Abruzzo,Subito Lavoro,AZ_IT_SUBITO_SLOT_PREMIUM,16.58,1516,21,1
2025-04-14,Abruzzo,Subito Lavoro,AZ_IT_SUBITO_SPONSORED_ANNUNCI,13.30,1014,18,1
2025-04-14,Basilicata,Subito Lavoro,AZ_IT_SUBITO_RETARGETING,2.36,331,4,0
2025-04-14,Basilicata,Subito Lavoro,AZ_IT_SUBITO_SLOT_PREMIUM,7.59,671,10,1
2025-04-14,Basilicata,Subito Lavoro,AZ_IT_SUBITO_SPONSORED_ANNUNCI,4.18,324,6,0
2025-04-14,Calabria,Subito Lavoro,AZ_IT_SUBITO_RETARGETING,6.27,940,10,1
2025-04-14,Calabria,Subito Lavoro,AZ_IT_SUBITO_SLOT_PREMIUM,23.25,2132,31,2
2025-04-14,Calabria,Subito Lavoro,AZ_IT_SUBITO_SPONSORED_ANNUNCI,11.56,871,15,1
2025-04-14,Campania,Subito Lavoro,AZ_IT_SUBITO_RETARGETING,24.88,3626,41,2
2025-04-14,Campania,Subito Lavoro,AZ_IT_SUBITO_SLOT_PREMIUM,43.11,3885,54,3
2025-04-14,Campania,Subito Lavoro,AZ_IT_SUBITO_SPONSORED_ANNUNCI,53.06,4061,71,3
2025-04-14,Emilia-Romagna,Subito Lavoro,AZ_IT_SUBITO_RETARGETING,18.75,2580,31,2
2025-04-14,Emilia-Romagna,Subito Lavoro,AZ_IT_SUBITO_SLOT_PREMIUM,49.24,4246,56,3
2025-04-14,Emilia-Romagna,Subito Lavoro,AZ_IT_SUBITO_SPONSORED_ANNUNCI,40.30,3128,53,2
2025-04-14,Friuli-Venezia Giulia,Subito Lavoro,AZ_IT_SUBITO_RETARGETING,2.79,403,4,0
2025-04-14,Friuli-Venezia Giulia,Subito Lavoro,AZ_IT_SUBITO_SLOT_PREMIUM,10.87,977,12,1
2025-04-14,Friuli-Venezia Giulia,Subito Lavoro,AZ_IT_SUBITO_SPONSORED_ANNUNCI,6.81,533,9,1
2025-04-14,Lazio,Subito Lavoro,AZ_IT_SUBITO_RETARGETING,17.09,2459,29,1
2025-04-14,Lazio,Subito Lavoro,AZ_IT_SUBITO_SLOT_PREMIUM,65.87,6108,87,6
2025-04-14,Lazio,Subito Lavoro,AZ_IT_SUBITO_SPONSORED_ANNUNCI,26.40,2112,39,2
2025-04-14,Liguria,Subito Lavoro,AZ_IT_SUBITO_RETARGETING,4.23,609,7,0
2025-04-14,Liguria,Subito Lavoro,AZ_IT_SUBITO_SLOT_PREMIUM,22.67,2134,26,1
2025-04-14,Liguria,Subito Lavoro,AZ_IT_SUBITO_SPONSORED_ANNUNCI,7.76,623,12,0
2025-04-14,Lombardia,Subito Lavoro,AZ_IT_SUBITO_RETARGETING,36.05,5171,61,2
2025-04-14,Lombardia,Subito Lavoro,AZ_IT_SUBITO_SLOT_PREMIUM,170.27,15298,240,13
2025-04-14,Lombardia,Subito Lavoro,AZ_IT_SUBITO_SPONSORED_ANNUNCI,64.65,4958,91,3
2025-04-14,Marche,Subito Lavoro,AZ_IT_SUBITO_RETARGETING,5.62,829,11,1
2025-04-14,Marche,Subito Lavoro,AZ_IT_SUBITO_SLOT_PREMIUM,18.52,1735,26,2
2025-04-14,Marche,Subito Lavoro,AZ_IT_SUBITO_SPONSORED_ANNUNCI,8.33,610,11,1
2025-04-14,Molise,Subito Lavoro,AZ_IT_SUBITO_RETARGETING,1.15,168,2,0
2025-04-14,Molise,Subito Lavoro,AZ_IT_SUBITO_SLOT_PREMIUM,2.41,215,3,0
2025-04-14,Molise,Subito Lavoro,AZ_IT_SUBITO_SPONSORED_ANNUNCI,1.65,127,2,0
2025-04-14,Piemonte,Subito Lavoro,AZ_IT_SUBITO_RETARGETING,14.84,2133,24,1
2025-04-14,Piemonte,Subito Lavoro,AZ_IT_SUBITO_SLOT_PREMIUM,47.82,4616,64,3
2025-04-14,Piemonte,Subito Lavoro,AZ_IT_SUBITO_SPONSORED_ANNUNCI,32.51,2599,47,2
2025-04-14,Puglia,Subito Lavoro,AZ_IT_SUBITO_RETARGETING,11.05,1561,22,1
2025-04-14,Puglia,Subito Lavoro,AZ_IT_SUBITO_SLOT_PREMIUM,75.09,6681,94,4
2025-04-14,Puglia,Subito Lavoro,AZ_IT_SUBITO_SPONSORED_ANNUNCI,22.81,1748,30,1
2025-04-14,Sardegna,Subito Lavoro,AZ_IT_SUBITO_RETARGETING,7.19,1025,13,1
2025-04-14,Sardegna,Subito Lavoro,AZ_IT_SUBITO_SLOT_PREMIUM,24.12,2196,28,2
2025-04-14,Sardegna,Subito Lavoro,AZ_IT_SUBITO_SPONSORED_ANNUNCI,19.01,1532,25,1
2025-04-14,Sicilia,Subito Lavoro,AZ_IT_SUBITO_RETARGETING,11.17,1576,20,1
2025-04-14,Sicilia,Subito Lavoro,AZ_IT_SUBITO_SLOT_PREMIUM,47.05,4123,61,3
2025-04-14,Sicilia,Subito Lavoro,AZ_IT_SUBITO_SPONSORED_ANNUNCI,25.29,1873,30,1
2025-04-14,Toscana,Subito Lavoro,AZ_IT_SUBITO_RETARGETING,12.92,1801,21,1
2025-04-14,Toscana,Subito Lavoro,AZ_IT_SUBITO_SLOT_PREMIUM,58.14,5251,65,5
2025-04-14,Toscana,Subito Lavoro,AZ_IT_SUBITO_SPONSORED_ANNUNCI,25.97,2022,37,2
2025-04-14,Trentino-Alto Adige,Subito Lavoro,AZ_IT_SUBITO_RETARGETING,4.92,679,9,0
2025-04-14,Trentino-Alto Adige,Subito Lavoro,AZ_IT_SUBITO_SLOT_PREMIUM,14.00,1296,18,1
2025-04-14,Trentino-Alto Adige,Subito Lavoro,AZ_IT_SUBITO_SPONSORED_ANNUNCI,6.28,489,9,0
2025-04-14,Umbria,Subito Lavoro,AZ_IT_SUBITO_RETARGETING,2.09,303,4,0
2025-04-14,Umbria,Subito Lavoro,AZ_IT_SUBITO_SLOT_PREMIUM,9.34,920,12,1
2025-04-14,Umbria,Subito Lavoro,AZ_IT_SUBITO_SPONSORED_ANNUNCI,4.69,379,6,0
2025-04-14,Valle d'Aosta,Subito Lavoro,AZ_IT_SUBITO_RETARGETING,0.39,58,1,0
2025-04-14,Valle d'Aosta,Subito Lavoro,AZ_IT_SUBITO_SLOT_PREMIUM,1.33,118,2,0
2025-04-14,Valle d'Aosta,Subito Lavoro,AZ_IT_SUBITO_SPONSORED_ANNUNCI,0.71,55,1,0
2025-04-14,Veneto,Subito Lavoro,AZ_IT_SUBITO_RETARGETING,14.76,2135,27,1
2025-04-14,Veneto,Subito Lavoro,AZ_IT_SUBITO_SLOT_PREMIUM,40.73,3462,50,3
2025-04-14,Veneto,Subito Lavoro,AZ_IT_SUBITO_SPONSORED_ANNUNCI,18.79,1464,23,1
2025-04-21,Abruzzo,Subito Lavoro,AZ_IT_SUBITO_RETARGETING,2.43,337,4,0
2025-04-21,Abruzzo,Subito Lavoro,AZ_IT_SUBITO_SLOT_PREMIUM,21.21,1995,28,1
2025-04-21,Abruzzo,Subito Lavoro,AZ_IT_SUBITO_SPONSORED_ANNUNCI,16.80,1319,22,1
2025-04-21,Basilicata,Subito Lavoro,AZ_IT_SUBITO_RETARGETING,2.01,279,3,0
2025-04-21,Basilicata,Subito Lavoro,AZ_IT_SUBITO_SLOT_PREMIUM,10.21,929,13,1
2025-04-21,Basilicata,Subito Lavoro,AZ_IT_SUBITO_SPONSORED_ANNUNCI,4.46,332,5,0
2025-04-21,Calabria,Subito Lavoro,AZ_IT_SUBITO_RETARGETING,6.74,984,11,1
2025-04-21,Calabria,Subito Lavoro,AZ_IT_SUBITO_SLOT_PREMIUM,39.29,3715,55,4
2025-04-21,Calabria,Subito Lavoro,AZ_IT_SUBITO_SPONSORED_ANNUNCI,11.87,897,15,1
2025-04-21,Campania,Subito Lavoro,AZ_IT_SUBITO_RETARGETING,23.87,3344,44,2
2025-04-21,Campania,Subito Lavoro,AZ_IT_SUBITO_SLOT_PREMIUM,52.24,4589,71,4
2025-04-21,Campania,Subito Lavoro,AZ_IT_SUBITO_SPONSORED_ANNUNCI,51.93,4033,72,3
2025-04-21,Emilia-Romagna,Subito Lavoro,AZ_IT_SUBITO_RETARGETING,19.95,2842,33,2
2025-04-21,Emilia-Romagna,Subito Lavoro,AZ_IT_SUBITO_SLOT_PREMIUM,66.94,6452,100,6
2025-04-21,Emilia-Romagna,Subito Lavoro,AZ_IT_SUBITO_SPONSORED_ANNUNCI,42.93,3319,53,3
2025-04-21,Friuli-Venezia Giulia,Subito Lavoro,AZ_IT_SUBITO_RETARGETING,2.20,311,4,0
2025-04-21,Friuli-Venezia Giulia,Subito Lavoro,AZ_IT_SUBITO_SLOT_PREMIUM,14.33,1280,21,2
2025-04-21,Friuli-Venezia Giulia,Subito Lavoro,AZ_IT_SUBITO_SPONSORED_ANNUNCI,7.19,548,9,1
2025-04-21,Lazio,Subito Lavoro,AZ_IT_SUBITO_RETARGETING,19.72,2699,30,2
2025-04-21,Lazio,Subito Lavoro,AZ_IT_SUBITO_SLOT_PREMIUM,75.85,6855,89,7
2025-04-21,Lazio,Subito Lavoro,AZ_IT_SUBITO_SPONSORED_ANNUNCI,29.08,2263,39,2
2025-04-21,Liguria,Subito Lavoro,AZ_IT_SUBITO_RETARGETING,3.69,536,6,0
2025-04-21,Liguria,Subito Lavoro,AZ_IT_SUBITO_SLOT_PREMIUM,25.81,2353,32,2
2025-04-21,Liguria,Subito Lavoro,AZ_IT_SUBITO_SPONSORED_ANNUNCI,8.88,687,12,0
2025-04-21,Lombardia,Subito Lavoro,AZ_IT_SUBITO_RETARGETING,36.75,5167,70,3
2025-04-21,Lombardia,Subito Lavoro,AZ_IT_SUBITO_SLOT_PREMIUM,254.04,22312,329,17
2025-04-21,Lombardia,Subito Lavoro,AZ_IT_SUBITO_SPONSORED_ANNUNCI,69.07,5464,85,4
2025-04-21,Marche,Subito Lavoro,AZ_IT_SUBITO_RETARGETING,4.98,680,9,1
2025-04-21,Marche,Subito Lavoro,AZ_IT_SUBITO_SLOT_PREMIUM,25.25,2271,32,3
2025-04-21,Marche,Subito Lavoro,AZ_IT_SUBITO_SPONSORED_ANNUNCI,7.45,564,10,1
2025-04-21,Molise,Subito Lavoro,AZ_IT_SUBITO_RETARGETING,0.93,133,2,0
2025-04-21,Molise,Subito Lavoro,AZ_IT_SUBITO_SLOT_PREMIUM,3.22,278,4,0
2025-04-21,Molise,Subito Lavoro,AZ_IT_SUBITO_SPONSORED_ANNUNCI,1.76,137,2,0
2025-04-21,Piemonte,Subito Lavoro,AZ_IT_SUBITO_RETARGETING,13.84,1978,24,1
2025-04-21,Piemonte,Subito Lavoro,AZ_IT_SUBITO_SLOT_PREMIUM,57.01,5280,66,4
2025-04-21,Piemonte,Subito Lavoro,AZ_IT_SUBITO_SPONSORED_ANNUNCI,37.42,2845,53,2
2025-04-21,Puglia,Subito Lavoro,AZ_IT_SUBITO_RETARGETING,9.32,1397,15,1
2025-04-21,Puglia,Subito Lavoro,AZ_IT_SUBITO_SLOT_PREMIUM,100.60,9020,133,5
2025-04-21,Puglia,Subito Lavoro,AZ_IT_SUBITO_SPONSORED_ANNUNCI,25.25,1912,34,1
2025-04-21,Sardegna,Subito Lavoro,AZ_IT_SUBITO_RETARGETING,6.47,922,11,1
2025-04-21,Sardegna,Subito Lavoro,AZ_IT_SUBITO_SLOT_PREMIUM,25.07,2097,28,2
2025-04-21,Sardegna,Subito Lavoro,AZ_IT_SUBITO_SPONSORED_ANNUNCI,21.08,1683,31,1
2025-04-21,Sicilia,Subito Lavoro,AZ_IT_SUBITO_RETARGETING,9.18,1228,15,1
2025-04-21,Sicilia,Subito Lavoro,AZ_IT_SUBITO_SLOT_PREMIUM,61.37,5515,79,5
2025-04-21,Sicilia,Subito Lavoro,AZ_IT_SUBITO_SPONSORED_ANNUNCI,30.04,2377,40,2
2025-04-21,Toscana,Subito Lavoro,AZ_IT_SUBITO_RETARGETING,14.51,2156,26,2
2025-04-21,Toscana,Subito Lavoro,AZ_IT_SUBITO_SLOT_PREMIUM,61.79,5666,78,8
2025-04-21,Toscana,Subito Lavoro,AZ_IT_SUBITO_SPONSORED_ANNUNCI,25.95,2002,38,2
2025-04-21,Trentino-Alto Adige,Subito Lavoro,AZ_IT_SUBITO_RETARGETING,4.03,586,7,0
2025-04-21,Trentino-Alto Adige,Subito Lavoro,AZ_IT_SUBITO_SLOT_PREMIUM,15.78,1448,19,1
2025-04-21,Trentino-Alto Adige,Subito Lavoro,AZ_IT_SUBITO_SPONSORED_ANNUNCI,6.50,491,9,0
2025-04-21,Umbria,Subito Lavoro,AZ_IT_SUBITO_RETARGETING,2.20,308,4,0
2025-04-21,Umbria,Subito Lavoro,AZ_IT_SUBITO_SLOT_PREMIUM,11.19,1070,17,1
2025-04-21,Umbria,Subito Lavoro,AZ_IT_SUBITO_SPONSORED_ANNUNCI,5.05,404,7,0
2025-04-21,Valle d'Aosta,Subito Lavoro,AZ_IT_SUBITO_RETARGETING,0.38,58,1,0
2025-04-21,Valle d'Aosta,Subito Lavoro,AZ_IT_SUBITO_SLOT_PREMIUM,1.62,148,2,0
2025-04-21,Valle d'Aosta,Subito Lavoro,AZ_IT_SUBITO_SPONSORED_ANNUNCI,0.78,63,1,0
2025-04-21,Veneto,Subito Lavoro,AZ_IT_SUBITO_RETARGETING,15.31,2159,26,2
2025-04-21,Veneto,Subito Lavoro,AZ_IT_SUBITO_SLOT_PREMIUM,62.87,5672,79,5
2025-04-21,Veneto,Subito Lavoro,AZ_IT_SUBITO_SPONSORED_ANNUNCI,20.53,1511,27,1
2025-04-28,Abruzzo,Subito Lavoro,AZ_IT_SUBITO_RETARGETING,2.51,375,4,0
2025-04-28,Abruzzo,Subito Lavoro,AZ_IT_SUBITO_SLOT_PREMIUM,15.29,1385,18,1
2025-04-28,Abruzzo,Subito Lavoro,AZ_IT_SUBITO_SPONSORED_ANNUNCI,14.36,1084,17,1
2025-04-28,Basilicata,Subito Lavoro,AZ_IT_SUBITO_RETARGETING,2.10,302,4,0
2025-04-28,Basilicata,Subito Lavoro,AZ_IT_SUBITO_SLOT_PREMIUM,8.35,796,12,1
2025-04-28,Basilicata,Subito Lavoro,AZ_IT_SUBITO_SPONSORED_ANNUNCI,4.01,303,5,0
2025-04-28,Calabria,Subito Lavoro,AZ_IT_SUBITO_RETARGETING,7.34,1095,13,1
2025-04-28,Calabria,Subito Lavoro,AZ_IT_SUBITO_SLOT_PREMIUM,34.32,3032,44,4
2025-04-28,Calabria,Subito Lavoro,AZ_IT_SUBITO_SPONSORED_ANNUNCI,12.49,954,16,1
2025-04-28,Campania,Subito Lavoro,AZ_IT_SUBITO_RETARGETING,23.31,3259,39,2
2025-04-28,Campania,Subito Lavoro,AZ_IT_SUBITO_SLOT_PREMIUM,40.80,3660,48,4
2025-04-28,Campania,Subito Lavoro,AZ_IT_SUBITO_SPONSORED_ANNUNCI,53.14,4039,65,3
2025-04-28,Emilia-Romagna,Subito Lavoro,AZ_IT_SUBITO_RETARGETING,18.12,2573,29,2
2025-04-28,Emilia-Romagna,Subito Lavoro,AZ_IT_SUBITO_SLOT_PREMIUM,55.18,5126,74,5
2025-04-28,Emilia-Romagna,Subito Lavoro,AZ_IT_SUBITO_SPONSORED_ANNUNCI,45.71,3500,61,3
2025-04-28,Friuli-Venezia Giulia,Subito Lavoro,AZ_IT_SUBITO_RETARGETING,2.26,320,4,0
2025-04-28,Friuli-Venezia Giulia,Subito Lavoro,AZ_IT_SUBITO_SLOT_PREMIUM,12.94,1183,16,2
2025-04-28,Friuli-Venezia Giulia,Subito Lavoro,AZ_IT_SUBITO_SPONSORED_ANNUNCI,7.34,575,9,1
2025-04-28,Lazio,Subito Lavoro,AZ_IT_SUBITO_RETARGETING,19.31,2657,26,3
2025-04-28,Lazio,Subito Lavoro,AZ_IT_SUBITO_SLOT_PREMIUM,56.51,4969,72,6
2025-04-28,Lazio,Subito Lavoro,AZ_IT_SUBITO_SPONSORED_ANNUNCI,23.55,1794,32,2
2025-04-28,Liguria,Subito Lavoro,AZ_IT_SUBITO_RETARGETING,3.78,524,6,0
2025-04-28,Liguria,Subito Lavoro,AZ_IT_SUBITO_SLOT_PREMIUM,24.29,2225,32,2
2025-04-28,Liguria,Subito Lavoro,AZ_IT_SUBITO_SPONSORED_ANNUNCI,9.73,739,14,1
2025-04-28,Lombardia,Subito Lavoro,AZ_IT_SUBITO_RETARGETING,31.51,4253,50,3
2025-04-28,Lombardia,Subito Lavoro,AZ_IT_SUBITO_SLOT_PREMIUM,200.23,19172,256,18
2025-04-28,Lombardia,Subito Lavoro,AZ_IT_SUBITO_SPONSORED_ANNUNCI,70.19,5379,105,4
2025-04-28,Marche,Subito Lavoro,AZ_IT_SUBITO_RETARGETING,5.10,745,9,1
2025-04-28,Marche,Subito Lavoro,AZ_IT_SUBITO_SLOT_PREMIUM,21.52,1952,28,2
2025-04-28,Marche,Subito Lavoro,AZ_IT_SUBITO_SPONSORED_ANNUNCI,8.16,632,11,1
2025-04-28,Molise,Subito Lavoro,AZ_IT_SUBITO_RETARGETING,0.88,129,2,0
2025-04-28,Molise,Subito Lavoro,AZ_IT_SUBITO_SLOT_PREMIUM,2.65,238,4,0
2025-04-28,Molise,Subito Lavoro,AZ_IT_SUBITO_SPONSORED_ANNUNCI,1.92,148,3,0
2025-04-28,Piemonte,Subito Lavoro,AZ_IT_SUBITO_RETARGETING,12.99,1919,24,1
2025-04-28,Piemonte,Subito Lavoro,AZ_IT_SUBITO_SLOT_PREMIUM,47.40,4308,63,4
2025-04-28,Piemonte,Subito Lavoro,AZ_IT_SUBITO_SPONSORED_ANNUNCI,39.81,3090,52,2
2025-04-28,Puglia,Subito Lavoro,AZ_IT_SUBITO_RETARGETING,9.14,1284,17,1
2025-04-28,Puglia,Subito Lavoro,AZ_IT_SUBITO_SLOT_PREMIUM,80.61,7285,102,6
2025-04-28,Puglia,Subito Lavoro,AZ_IT_SUBITO_SPONSORED_ANNUNCI,26.01,1998,36,1
2025-04-28,Sardegna,Subito Lavoro,AZ_IT_SUBITO_RETARGETING,7.15,977,11,1
2025-04-28,Sardegna,Subito Lavoro,AZ_IT_SUBITO_SLOT_PREMIUM,19.74,1913,27,2
2025-04-28,Sardegna,Subito Lavoro,AZ_IT_SUBITO_SPONSORED_ANNUNCI,18.72,1415,24,1
2025-04-28,Sicilia,Subito Lavoro,AZ_IT_SUBITO_RETARGETING,8.63,1193,15,1
2025-04-28,Sicilia,Subito Lavoro,AZ_IT_SUBITO_SLOT_PREMIUM,54.21,5058,78,5
2025-04-28,Sicilia,Subito Lavoro,AZ_IT_SUBITO_SPONSORED_ANNUNCI,29.23,2269,38,2
2025-04-28,Toscana,Subito Lavoro,AZ_IT_SUBITO_RETARGETING,12.06,1743,19,2
2025-04-28,Toscana,Subito Lavoro,AZ_IT_SUBITO_SLOT_PREMIUM,51.81,4414,68,6
2025-04-28,Toscana,Subito Lavoro,AZ_IT_SUBITO_SPONSORED_ANNUNCI,23.85,1749,34,2
2025-04-28,Trentino-Alto Adige,Subito Lavoro,AZ_IT_SUBITO_RETARGETING,4.81,677,8,1
2025-04-28,Trentino-Alto Adige,Subito Lavoro,AZ_IT_SUBITO_SLOT_PREMIUM,13.55,1281,17,1
2025-04-28,Trentino-Alto Adige,Subito Lavoro,AZ_IT_SUBITO_SPONSORED_ANNUNCI,6.94,543,10,1
2025-04-28,Umbria,Subito Lavoro,AZ_IT_SUBITO_RETARGETING,2.09,287,3,0
2025-04-28,Umbria,Subito Lavoro,AZ_IT_SUBITO_SLOT_PREMIUM,10.45,937,14,1
2025-04-28,Umbria,Subito Lavoro,AZ_IT_SUBITO_SPONSORED_ANNUNCI,4.68,370,6,0
2025-04-28,Valle d'Aosta,Subito Lavoro,AZ_IT_SUBITO_RETARGETING,0.36,54,1,0
2025-04-28,Valle d'Aosta,Subito Lavoro,AZ_IT_SUBITO_SLOT_PREMIUM,1.46,134,2,0
2025-04-28,Valle d'Aosta,Subito Lavoro,AZ_IT_SUBITO_SPONSORED_ANNUNCI,0.83,62,1,0
2025-04-28,Veneto,Subito Lavoro,AZ_IT_SUBITO_RETARGETING,14.99,2091,23,2
2025-04-28,Veneto,Subito Lavoro,AZ_IT_SUBITO_SLOT_PREMIUM,47.78,4470,57,5
2025-04-28,Veneto,Subito Lavoro,AZ_IT_SUBITO_SPONSORED_ANNUNCI,24.67,1950,34,2
2025-05-05,Abruzzo,Subito Lavoro,AZ_IT_SUBITO_RETARGETING,2.75,410,4,0
2025-05-05,Abruzzo,Subito Lavoro,AZ_IT_SUBITO_SLOT_PREMIUM,17.16,1629,24,1
2025-05-05,Abruzzo,Subito Lavoro,AZ_IT_SUBITO_SPONSORED_ANNUNCI,13.32,1070,19,1
2025-05-05,Basilicata,Subito Lavoro,AZ_IT_SUBITO_RETARGETING,1.71,239,3,0
2025-05-05,Basilicata,Subito Lavoro,AZ_IT_SUBITO_SLOT_PREMIUM,6.36,586,9,1
2025-05-05,Basilicata,Subito Lavoro,AZ_IT_SUBITO_SPONSORED_ANNUNCI,4.39,329,5,0
2025-05-05,Calabria,Subito Lavoro,AZ_IT_SUBITO_RETARGETING,6.28,883,8,1
2025-05-05,Calabria,Subito Lavoro,AZ_IT_SUBITO_SLOT_PREMIUM,34.47,3137,42,4
2025-05-05,Calabria,Subito Lavoro,AZ_IT_SUBITO_SPONSORED_ANNUNCI,13.35,1035,17,1
2025-05-05,Campania,Subito Lavoro,AZ_IT_SUBITO_RETARGETING,19.07,2715,35,2
2025-05-05,Campania,Subito Lavoro,AZ_IT_SUBITO_SLOT_PREMIUM,25.36,2280,31,3
2025-05-05,Campania,Subito Lavoro,AZ_IT_SUBITO_SPONSORED_ANNUNCI,52.26,3974,75,4
2025-05-05,Emilia-Romagna,Subito Lavoro,AZ_IT_SUBITO_RETARGETING,20.23,2882,36,2
2025-05-05,Emilia-Romagna,Subito Lavoro,AZ_IT_SUBITO_SLOT_PREMIUM,45.25,4116,62,5
2025-05-05,Emilia-Romagna,Subito Lavoro,AZ_IT_SUBITO_SPONSORED_ANNUNCI,43.90,3359,61,3
2025-05-05,Friuli-Venezia Giulia,Subito Lavoro,AZ_IT_SUBITO_RETARGETING,2.28,331,4,0
2025-05-05,Friuli-Venezia Giulia,Subito Lavoro,AZ_IT_SUBITO_SLOT_PREMIUM,10.56,1013,14,1
2025-05-05,Friuli-Venezia Giulia,Subito Lavoro,AZ_IT_SUBITO_SPONSORED_ANNUNCI,8.19,620,11,1
2025-05-05,Lazio,Subito Lavoro,AZ_IT_SUBITO_RETARGETING,13.53,1950,24,2
2025-05-05,Lazio,Subito Lavoro,AZ_IT_SUBITO_SLOT_PREMIUM,47.83,4158,56,6
2025-05-05,Lazio,Subito Lavoro,AZ_IT_SUBITO_SPONSORED_ANNUNCI,33.23,2461,36,3
2025-05-05,Liguria,Subito Lavoro,AZ_IT_SUBITO_RETARGETING,4.44,654,7,0
2025-05-05,Liguria,Subito Lavoro,AZ_IT_SUBITO_SLOT_PREMIUM,21.38,1934,25,2
2025-05-05,Liguria,Subito Lavoro,AZ_IT_SUBITO_SPONSORED_ANNUNCI,10.57,848,13,1
2025-05-05,Lombardia,Subito Lavoro,AZ_IT_SUBITO_RETARGETING,31.77,4363,54,3
2025-05-05,Lombardia,Subito Lavoro,AZ_IT_SUBITO_SLOT_PREMIUM,173.57,16131,235,16
2025-05-05,Lombardia,Subito Lavoro,AZ_IT_SUBITO_SPONSORED_ANNUNCI,80.67,6194,104,6
2025-05-05,Marche,Subito Lavoro,AZ_IT_SUBITO_RETARGETING,4.59,637,8,1
2025-05-05,Marche,Subito Lavoro,AZ_IT_SUBITO_SLOT_PREMIUM,16.86,1633,21,3
2025-05-05,Marche,Subito Lavoro,AZ_IT_SUBITO_SPONSORED_ANNUNCI,8.76,676,11,1
2025-05-05,Molise,Subito Lavoro,AZ_IT_SUBITO_RETARGETING,0.78,115,1,0
2025-05-05,Molise,Subito Lavoro,AZ_IT_SUBITO_SLOT_PREMIUM,2.20,211,3,0
2025-05-05,Molise,Subito Lavoro,AZ_IT_SUBITO_SPONSORED_ANNUNCI,1.77,139,2,0
2025-05-05,Piemonte,Subito Lavoro,AZ_IT_SUBITO_RETARGETING,10.76,1491,18,1
2025-05-05,Piemonte,Subito Lavoro,AZ_IT_SUBITO_SLOT_PREMIUM,41.51,3812,52,3
2025-05-05,Piemonte,Subito Lavoro,AZ_IT_SUBITO_SPONSORED_ANNUNCI,36.20,2829,46,2
2025-05-05,Puglia,Subito Lavoro,AZ_IT_SUBITO_RETARGETING,8.55,1215,14,1
2025-05-05,Puglia,Subito Lavoro,AZ_IT_SUBITO_SLOT_PREMIUM,90.75,8449,113,6
2025-05-05,Puglia,Subito Lavoro,AZ_IT_SUBITO_SPONSORED_ANNUNCI,29.96,2271,39,1
2025-05-05,Sardegna,Subito Lavoro,AZ_IT_SUBITO_RETARGETING,6.83,939,10,1
2025-05-05,Sardegna,Subito Lavoro,AZ_IT_SUBITO_SLOT_PREMIUM,19.56,1832,23,2
2025-05-05,Sardegna,Subito Lavoro,AZ_IT_SUBITO_SPONSORED_ANNUNCI,17.32,1314,22,1
2025-05-05,Sicilia,Subito Lavoro,AZ_IT_SUBITO_RETARGETING,9.70,1422,17,1
2025-05-05,Sicilia,Subito Lavoro,AZ_IT_SUBITO_SLOT_PREMIUM,46.54,4198,54,4
2025-05-05,Sicilia,Subito Lavoro,AZ_IT_SUBITO_SPONSORED_ANNUNCI,31.53,2407,45,2
2025-05-05,Toscana,Subito Lavoro,AZ_IT_SUBITO_RETARGETING,8.78,1198,15,1
2025-05-05,Toscana,Subito Lavoro,AZ_IT_SUBITO_SLOT_PREMIUM,49.56,4626,57,6
2025-05-05,Toscana,Subito Lavoro,AZ_IT_SUBITO_SPONSORED_ANNUNCI,26.28,2086,29,2
2025-05-05,Trentino-Alto Adige,Subito Lavoro,AZ_IT_SUBITO_RETARGETING,4.20,593,6,1
2025-05-05,Trentino-Alto Adige,Subito Lavoro,AZ_IT_SUBITO_SLOT_PREMIUM,9.32,835,12,1
2025-05-05,Trentino-Alto Adige,Subito Lavoro,AZ_IT_SUBITO_SPONSORED_ANNUNCI,7.47,567,10,1
2025-05-05,Umbria,Subito Lavoro,AZ_IT_SUBITO_RETARGETING,2.10,290,4,0
2025-05-05,Umbria,Subito Lavoro,AZ_IT_SUBITO_SLOT_PREMIUM,7.06,618,8,1
2025-05-05,Umbria,Subito Lavoro,AZ_IT_SUBITO_SPONSORED_ANNUNCI,5.19,392,7,1
2025-05-05,Valle d'Aosta,Subito Lavoro,AZ_IT_SUBITO_RETARGETING,0.31,45,1,0
2025-05-05,Valle d'Aosta,Subito Lavoro,AZ_IT_SUBITO_SLOT_PREMIUM,1.17,109,1,0
2025-05-05,Valle d'Aosta,Subito Lavoro,AZ_IT_SUBITO_SPONSORED_ANNUNCI,0.95,72,1,0
2025-05-05,Veneto,Subito Lavoro,AZ_IT_SUBITO_RETARGETING,15.74,2273,25,2
2025-05-05,Veneto,Subito Lavoro,AZ_IT_SUBITO_SLOT_PREMIUM,36.16,3292,46,3
2025-05-05,Veneto,Subito Lavoro,AZ_IT_SUBITO_SPONSORED_ANNUNCI,22.37,1723,30,2
2025-05-12,Abruzzo,Subito Lavoro,AZ_IT_SUBITO_RETARGETING,3.83,569,6,0
2025-05-12,Abruzzo,Subito Lavoro,AZ_IT_SUBITO_SLOT_PREMIUM,22.23,2081,29,2
2025-05-12,Abruzzo,Subito Lavoro,AZ_IT_SUBITO_SPONSORED_ANNUNCI,20.05,1558,25,1
2025-05-12,Basilicata,Subito Lavoro,AZ_IT_SUBITO_RETARGETING,2.89,416,5,0
2025-05-12,Basilicata,Subito Lavoro,AZ_IT_SUBITO_SLOT_PREMIUM,8.65,795,11,1
2025-05-12,Basilicata,Subito Lavoro,AZ_IT_SUBITO_SPONSORED_ANNUNCI,6.99,581,10,0
2025-05-12,Calabria,Subito Lavoro,AZ_IT_SUBITO_RETARGETING,10.37,1447,17,1
2025-05-12,Calabria,Subito Lavoro,AZ_IT_SUBITO_SLOT_PREMIUM,37.30,3317,53,5
2025-05-12,Calabria,Subito Lavoro,AZ_IT_SUBITO_SPONSORED_ANNUNCI,18.74,1392,25,2
2025-05-12,Campania,Subito Lavoro,AZ_IT_SUBITO_RETARGETING,33.46,4794,62,3
2025-05-12,Campania,Subito Lavoro,AZ_IT_SUBITO_SLOT_PREMIUM,34.81,3298,44,3
2025-05-12,Campania,Subito Lavoro,AZ_IT_SUBITO_SPONSORED_ANNUNCI,69.80,5191,84,4
2025-05-12,Emilia-Romagna,Subito Lavoro,AZ_IT_SUBITO_RETARGETING,29.09,4223,50,3
2025-05-12,Emilia-Romagna,Subito Lavoro,AZ_IT_SUBITO_SLOT_PREMIUM,68.04,6327,70,5
2025-05-12,Emilia-Romagna,Subito Lavoro,AZ_IT_SUBITO_SPONSORED_ANNUNCI,57.23,4609,82,3
2025-05-12,Friuli-Venezia Giulia,Subito Lavoro,AZ_IT_SUBITO_RETARGETING,4.33,635,7,1
2025-05-12,Friuli-Venezia Giulia,Subito Lavoro,AZ_IT_SUBITO_SLOT_PREMIUM,11.17,1042,15,1
2025-05-12,Friuli-Venezia Giulia,Subito Lavoro,AZ_IT_SUBITO_SPONSORED_ANNUNCI,12.05,866,16,1
2025-05-12,Lazio,Subito Lavoro,AZ_IT_SUBITO_RETARGETING,22.36,3193,35,2
2025-05-12,Lazio,Subito Lavoro,AZ_IT_SUBITO_SLOT_PREMIUM,60.48,5327,68,6
2025-05-12,Lazio,Subito Lavoro,AZ_IT_SUBITO_SPONSORED_ANNUNCI,37.75,2989,46,2
2025-05-12,Liguria,Subito Lavoro,AZ_IT_SUBITO_RETARGETING,7.96,1169,16,1
2025-05-12,Liguria,Subito Lavoro,AZ_IT_SUBITO_SLOT_PREMIUM,26.14,2333,34,2
2025-05-12,Liguria,Subito Lavoro,AZ_IT_SUBITO_SPONSORED_ANNUNCI,14.95,1125,18,1
2025-05-12,Lombardia,Subito Lavoro,AZ_IT_SUBITO_RETARGETING,44.67,6367,67,4
2025-05-12,Lombardia,Subito Lavoro,AZ_IT_SUBITO_SLOT_PREMIUM,213.32,19144,250,17
2025-05-12,Lombardia,Subito Lavoro,AZ_IT_SUBITO_SPONSORED_ANNUNCI,108.06,8278,117,6
2025-05-12,Marche,Subito Lavoro,AZ_IT_SUBITO_RETARGETING,9.03,1248,14,1
2025-05-12,Marche,Subito Lavoro,AZ_IT_SUBITO_SLOT_PREMIUM,20.93,1907,27,2
2025-05-12,Marche,Subito Lavoro,AZ_IT_SUBITO_SPONSORED_ANNUNCI,12.88,986,18,1
2025-05-12,Molise,Subito Lavoro,AZ_IT_SUBITO_RETARGETING,1.57,217,2,0
2025-05-12,Molise,Subito Lavoro,AZ_IT_SUBITO_SLOT_PREMIUM,2.71,262,4,0
2025-05-12,Molise,Subito Lavoro,AZ_IT_SUBITO_SPONSORED_ANNUNCI,2.40,192,3,0
2025-05-12,Piemonte,Subito Lavoro,AZ_IT_SUBITO_RETARGETING,22.79,3238,33,2
2025-05-12,Piemonte,Subito Lavoro,AZ_IT_SUBITO_SLOT_PREMIUM,53.99,4720,64,3
2025-05-12,Piemonte,Subito Lavoro,AZ_IT_SUBITO_SPONSORED_ANNUNCI,47.53,3618,70,2
2025-05-12,Puglia,Subito Lavoro,AZ_IT_SUBITO_RETARGETING,14.96,2123,26,1
2025-05-12,Puglia,Subito Lavoro,AZ_IT_SUBITO_SLOT_PREMIUM,121.73,11112,136,7
2025-05-12,Puglia,Subito Lavoro,AZ_IT_SUBITO_SPONSORED_ANNUNCI,34.35,2707,45,1
2025-05-12,Sardegna,Subito Lavoro,AZ_IT_SUBITO_RETARGETING,11.34,1618,18,1
2025-05-12,Sardegna,Subito Lavoro,AZ_IT_SUBITO_SLOT_PREMIUM,26.16,2313,31,2
2025-05-12,Sardegna,Subito Lavoro,AZ_IT_SUBITO_SPONSORED_ANNUNCI,20.60,1563,30,1
2025-05-12,Sicilia,Subito Lavoro,AZ_IT_SUBITO_RETARGETING,14.92,2232,28,1
2025-05-12,Sicilia,Subito Lavoro,AZ_IT_SUBITO_SLOT_PREMIUM,54.93,4870,63,4
2025-05-12,Sicilia,Subito Lavoro,AZ_IT_SUBITO_SPONSORED_ANNUNCI,36.99,2779,47,2
2025-05-12,Toscana,Subito Lavoro,AZ_IT_SUBITO_RETARGETING,18.10,2594,31,2
2025-05-12,Toscana,Subito Lavoro,AZ_IT_SUBITO_SLOT_PREMIUM,56.22,5069,73,8
2025-05-12,Toscana,Subito Lavoro,AZ_IT_SUBITO_SPONSORED_ANNUNCI,31.32,2363,37,3
2025-05-12,Trentino-Alto Adige,Subito Lavoro,AZ_IT_SUBITO_RETARGETING,6.80,995,12,1
2025-05-12,Trentino-Alto Adige,Subito Lavoro,AZ_IT_SUBITO_SLOT_PREMIUM,13.51,1248,20,1
2025-05-12,Trentino-Alto Adige,Subito Lavoro,AZ_IT_SUBITO_SPONSORED_ANNUNCI,11.20,850,14,1
2025-05-12,Umbria,Subito Lavoro,AZ_IT_SUBITO_RETARGETING,4.12,597,6,1
2025-05-12,Umbria,Subito Lavoro,AZ_IT_SUBITO_SLOT_PREMIUM,7.85,662,9,1
2025-05-12,Umbria,Subito Lavoro,AZ_IT_SUBITO_SPONSORED_ANNUNCI,7.11,525,9,1
2025-05-12,Valle d'Aosta,Subito Lavoro,AZ_IT_SUBITO_RETARGETING,0.62,91,1,0
2025-05-12,Valle d'Aosta,Subito Lavoro,AZ_IT_SUBITO_SLOT_PREMIUM,1.20,105,2,0
2025-05-12,Valle d'Aosta,Subito Lavoro,AZ_IT_SUBITO_SPONSORED_ANNUNCI,1.32,100,2,0
2025-05-12,Veneto,Subito Lavoro,AZ_IT_SUBITO_RETARGETING,25.57,3546,45,3
2025-05-12,Veneto,Subito Lavoro,AZ_IT_SUBITO_SLOT_PREMIUM,48.58,4350,53,4
2025-05-12,Veneto,Subito Lavoro,AZ_IT_SUBITO_SPONSORED_ANNUNCI,30.43,2434,44,2
2025-05-19,Abruzzo,Subito Lavoro,AZ_IT_SUBITO_RETARGETING,3.30,477,5,0
2025-05-19,Abruzzo,Subito Lavoro,AZ_IT_SUBITO_SLOT_PREMIUM,20.26,1830,26,2
2025-05-19,Abruzzo,Subito Lavoro,AZ_IT_SUBITO_SPONSORED_ANNUNCI,14.86,1168,21,1
2025-05-19,Basilicata,Subito Lavoro,AZ_IT_SUBITO_RETARGETING,2.40,358,4,0
2025-05-19,Basilicata,Subito Lavoro,AZ_IT_SUBITO_SLOT_PREMIUM,9.08,803,11,1
2025-05-19,Basilicata,Subito Lavoro,AZ_IT_SUBITO_SPONSORED_ANNUNCI,4.96,381,7,0
2025-05-19,Calabria,Subito Lavoro,AZ_IT_SUBITO_RETARGETING,7.47,1047,11,1
2025-05-19,Calabria,Subito Lavoro,AZ_IT_SUBITO_SLOT_PREMIUM,32.69,2941,39,4
2025-05-19,Calabria,Subito Lavoro,AZ_IT_SUBITO_SPONSORED_ANNUNCI,15.83,1232,20,2
2025-05-19,Campania,Subito Lavoro,AZ_IT_SUBITO_RETARGETING,27.62,3877,46,3
2025-05-19,Campania,Subito Lavoro,AZ_IT_SUBITO_SLOT_PREMIUM,40.69,3658,44,4
2025-05-19,Campania,Subito Lavoro,AZ_IT_SUBITO_SPONSORED_ANNUNCI,52.75,4014,67,3
2025-05-19,Emilia-Romagna,Subito Lavoro,AZ_IT_SUBITO_RETARGETING,20.82,2933,32,2
2025-05-19,Emilia-Romagna,Subito Lavoro,AZ_IT_SUBITO_SLOT_PREMIUM,66.20,6123,88,5
2025-05-19,Emilia-Romagna,Subito Lavoro,AZ_IT_SUBITO_SPONSORED_ANNUNCI,38.80,2992,53,2
2025-05-19,Friuli-Venezia Giulia,Subito Lavoro,AZ_IT_SUBITO_RETARGETING,3.62,529,6,1
2025-05-19,Friuli-Venezia Giulia,Subito Lavoro,AZ_IT_SUBITO_SLOT_PREMIUM,11.46,1051,16,1
2025-05-19,Friuli-Venezia Giulia,Subito Lavoro,AZ_IT_SUBITO_SPONSORED_ANNUNCI,9.64,750,14,1
2025-05-19,Lazio,Subito Lavoro,AZ_IT_SUBITO_RETARGETING,20.28,2828,32,3
2025-05-19,Lazio,Subito Lavoro,AZ_IT_SUBITO_SLOT_PREMIUM,53.45,4852,68,6
2025-05-19,Lazio,Subito Lavoro,AZ_IT_SUBITO_SPONSORED_ANNUNCI,24.19,1786,33,2
2025-05-19,Liguria,Subito Lavoro,AZ_IT_SUBITO_RETARGETING,5.17,729,9,0
2025-05-19,Liguria,Subito Lavoro,AZ_IT_SUBITO_SLOT_PREMIUM,26.82,2527,31,2
2025-05-19,Liguria,Subito Lavoro,AZ_IT_SUBITO_SPONSORED_ANNUNCI,10.59,826,13,1
2025-05-19,Lombardia,Subito Lavoro,AZ_IT_SUBITO_RETARGETING,41.40,5812,74,4
2025-05-19,Lombardia,Subito Lavoro,AZ_IT_SUBITO_SLOT_PREMIUM,180.13,16804,219,15
2025-05-19,Lombardia,Subito Lavoro,AZ_IT_SUBITO_SPONSORED_ANNUNCI,78.53,6124,111,5
2025-05-19,Marche,Subito Lavoro,AZ_IT_SUBITO_RETARGETING,5.67,788,9,1
2025-05-19,Marche,Subito Lavoro,AZ_IT_SUBITO_SLOT_PREMIUM,19.15,1728,23,2
2025-05-19,Marche,Subito Lavoro,AZ_IT_SUBITO_SPONSORED_ANNUNCI,10.13,764,13,1
2025-05-19,Molise,Subito Lavoro,AZ_IT_SUBITO_RETARGETING,1.29,176,2,0
2025-05-19,Molise,Subito Lavoro,AZ_IT_SUBITO_SLOT_PREMIUM,2.29,200,3,0
2025-05-19,Molise,Subito Lavoro,AZ_IT_SUBITO_SPONSORED_ANNUNCI,1.59,120,2,0
2025-05-19,Piemonte,Subito Lavoro,AZ_IT_SUBITO_RETARGETING,15.90,2266,28,1
2025-05-19,Piemonte,Subito Lavoro,AZ_IT_SUBITO_SLOT_PREMIUM,57.47,5195,66,4
2025-05-19,Piemonte,Subito Lavoro,AZ_IT_SUBITO_SPONSORED_ANNUNCI,36.31,2875,52,2
2025-05-19,Puglia,Subito Lavoro,AZ_IT_SUBITO_RETARGETING,11.50,1687,21,1
2025-05-19,Puglia,Subito Lavoro,AZ_IT_SUBITO_SLOT_PREMIUM,99.06,8618,126,6
2025-05-19,Puglia,Subito Lavoro,AZ_IT_SUBITO_SPONSORED_ANNUNCI,24.00,1910,33,1
2025-05-19,Sardegna,Subito Lavoro,AZ_IT_SUBITO_RETARGETING,8.39,1145,15,1
2025-05-19,Sardegna,Subito Lavoro,AZ_IT_SUBITO_SLOT_PREMIUM,21.18,1959,30,2
2025-05-19,Sardegna,Subito Lavoro,AZ_IT_SUBITO_SPONSORED_ANNUNCI,14.38,1093,20,1
2025-05-19,Sicilia,Subito Lavoro,AZ_IT_SUBITO_RETARGETING,11.77,1689,21,1
2025-05-19,Sicilia,Subito Lavoro,AZ_IT_SUBITO_SLOT_PREMIUM,46.08,4434,62,4
2025-05-19,Sicilia,Subito Lavoro,AZ_IT_SUBITO_SPONSORED_ANNUNCI,32.36,2536,42,2
2025-05-19,Toscana,Subito Lavoro,AZ_IT_SUBITO_RETARGETING,15.56,2360,27,2
2025-05-19,Toscana,Subito Lavoro,AZ_IT_SUBITO_SLOT_PREMIUM,58.29,5365,76,7
2025-05-19,Toscana,Subito Lavoro,AZ_IT_SUBITO_SPONSORED_ANNUNCI,26.73,2149,32,2
2025-05-19,Trentino-Alto Adige,Subito Lavoro,AZ_IT_SUBITO_RETARGETING,4.39,617,6,0
2025-05-19,Trentino-Alto Adige,Subito Lavoro,AZ_IT_SUBITO_SLOT_PREMIUM,14.48,1353,19,2
2025-05-19,Trentino-Alto Adige,Subito Lavoro,AZ_IT_SUBITO_SPONSORED_ANNUNCI,8.07,624,10,1
2025-05-19,Umbria,Subito Lavoro,AZ_IT_SUBITO_RETARGETING,2.82,407,4,0
2025-05-19,Umbria,Subito Lavoro,AZ_IT_SUBITO_SLOT_PREMIUM,7.11,628,8,1
2025-05-19,Umbria,Subito Lavoro,AZ_IT_SUBITO_SPONSORED_ANNUNCI,5.44,403,6,1
2025-05-19,Valle d'Aosta,Subito Lavoro,AZ_IT_SUBITO_RETARGETING,0.49,71,1,0
2025-05-19,Valle d'Aosta,Subito Lavoro,AZ_IT_SUBITO_SLOT_PREMIUM,1.32,120,2,0
2025-05-19,Valle d'Aosta,Subito Lavoro,AZ_IT_SUBITO_SPONSORED_ANNUNCI,0.87,66,1,0
2025-05-19,Veneto,Subito Lavoro,AZ_IT_SUBITO_RETARGETING,17.94,2492,30,2
2025-05-19,Veneto,Subito Lavoro,AZ_IT_SUBITO_SLOT_PREMIUM,44.75,4049,53,4
2025-05-19,Veneto,Subito Lavoro,AZ_IT_SUBITO_SPONSORED_ANNUNCI,19.92,1465,24,1
2025-05-26,Abruzzo,Subito Lavoro,AZ_IT_SUBITO_RETARGETING,2.83,405,5,0
2025-05-26,Abruzzo,Subito Lavoro,AZ_IT_SUBITO_SLOT_PREMIUM,16.46,1458,22,1
2025-05-26,Abruzzo,Subito Lavoro,AZ_IT_SUBITO_SPONSORED_ANNUNCI,12.88,1028,17,1
2025-05-26,Basilicata,Subito Lavoro,AZ_IT_SUBITO_RETARGETING,2.16,296,4,0
2025-05-26,Basilicata,Subito Lavoro,AZ_IT_SUBITO_SLOT_PREMIUM,5.55,503,7,1
2025-05-26,Basilicata,Subito Lavoro,AZ_IT_SUBITO_SPONSORED_ANNUNCI,3.37,275,5,0
2025-05-26,Calabria,Subito Lavoro,AZ_IT_SUBITO_RETARGETING,5.25,748,9,1
2025-05-26,Calabria,Subito Lavoro,AZ_IT_SUBITO_SLOT_PREMIUM,24.20,2125,30,4
2025-05-26,Calabria,Subito Lavoro,AZ_IT_SUBITO_SPONSORED_ANNUNCI,13.96,1087,20,1
2025-05-26,Campania,Subito Lavoro,AZ_IT_SUBITO_RETARGETING,21.01,3177,39,2
2025-05-26,Campania,Subito Lavoro,AZ_IT_SUBITO_SLOT_PREMIUM,33.74,3148,43,3
2025-05-26,Campania,Subito Lavoro,AZ_IT_SUBITO_SPONSORED_ANNUNCI,49.55,3711,65,4
2025-05-26,Emilia-Romagna,Subito Lavoro,AZ_IT_SUBITO_RETARGETING,15.64,2385,26,2
2025-05-26,Emilia-Romagna,Subito Lavoro,AZ_IT_SUBITO_SLOT_PREMIUM,56.89,5100,74,5
2025-05-26,Emilia-Romagna,Subito Lavoro,AZ_IT_SUBITO_SPONSORED_ANNUNCI,36.23,2862,38,3
2025-05-26,Friuli-Venezia Giulia,Subito Lavoro,AZ_IT_SUBITO_RETARGETING,2.69,368,4,0
2025-05-26,Friuli-Venezia Giulia,Subito Lavoro,AZ_IT_SUBITO_SLOT_PREMIUM,8.59,761,10,1
2025-05-26,Friuli-Venezia Giulia,Subito Lavoro,AZ_IT_SUBITO_SPONSORED_ANNUNCI,7.95,596,8,1
2025-05-26,Lazio,Subito Lavoro,AZ_IT_SUBITO_RETARGETING,18.78,2581,33,3
2025-05-26,Lazio,Subito Lavoro,AZ_IT_SUBITO_SLOT_PREMIUM,39.66,3627,41,5
2025-05-26,Lazio,Subito Lavoro,AZ_IT_SUBITO_SPONSORED_ANNUNCI,19.53,1588,29,1
2025-05-26,Liguria,Subito Lavoro,AZ_IT_SUBITO_RETARGETING,4.29,631,7,0
2025-05-26,Liguria,Subito Lavoro,AZ_IT_SUBITO_SLOT_PREMIUM,19.26,1789,23,2
2025-05-26,Liguria,Subito Lavoro,AZ_IT_SUBITO_SPONSORED_ANNUNCI,7.39,555,10,0
2025-05-26,Lombardia,Subito Lavoro,AZ_IT_SUBITO_RETARGETING,29.94,4271,62,4
2025-05-26,Lombardia,Subito Lavoro,AZ_IT_SUBITO_SLOT_PREMIUM,131.86,12353,167,14
2025-05-26,Lombardia,Subito Lavoro,AZ_IT_SUBITO_SPONSORED_ANNUNCI,72.39,5597,94,5
2025-05-26,Marche,Subito Lavoro,AZ_IT_SUBITO_RETARGETING,4.34,633,7,1
2025-05-26,Marche,Subito Lavoro,AZ_IT_SUBITO_SLOT_PREMIUM,17.35,1545,20,2
2025-05-26,Marche,Subito Lavoro,AZ_IT_SUBITO_SPONSORED_ANNUNCI,8.54,675,11,1
2025-05-26,Molise,Subito Lavoro,AZ_IT_SUBITO_RETARGETING,0.99,142,2,0
2025-05-26,Molise,Subito Lavoro,AZ_IT_SUBITO_SLOT_PREMIUM,1.68,153,2,0
2025-05-26,Molise,Subito Lavoro,AZ_IT_SUBITO_SPONSORED_ANNUNCI,1.48,114,2,0
2025-05-26,Piemonte,Subito Lavoro,AZ_IT_SUBITO_RETARGETING,12.31,1723,21,1
2025-05-26,Piemonte,Subito Lavoro,AZ_IT_SUBITO_SLOT_PREMIUM,42.97,4031,50,3
2025-05-26,Piemonte,Subito Lavoro,AZ_IT_SUBITO_SPONSORED_ANNUNCI,32.63,2376,41,2
2025-05-26,Puglia,Subito Lavoro,AZ_IT_SUBITO_RETARGETING,8.53,1270,17,1
2025-05-26,Puglia,Subito Lavoro,AZ_IT_SUBITO_SLOT_PREMIUM,71.56,6303,90,5
2025-05-26,Puglia,Subito Lavoro,AZ_IT_SUBITO_SPONSORED_ANNUNCI,24.23,1891,34,1
2025-05-26,Sardegna,Subito Lavoro,AZ_IT_SUBITO_RETARGETING,7.03,956,11,1
2025-05-26,Sardegna,Subito Lavoro,AZ_IT_SUBITO_SLOT_PREMIUM,14.50,1322,19,2
2025-05-26,Sardegna,Subito Lavoro,AZ_IT_SUBITO_SPONSORED_ANNUNCI,11.29,847,13,1
2025-05-26,Sicilia,Subito Lavoro,AZ_IT_SUBITO_RETARGETING,9.45,1338,15,1
2025-05-26,Sicilia,Subito Lavoro,AZ_IT_SUBITO_SLOT_PREMIUM,38.75,3531,45,3
2025-05-26,Sicilia,Subito Lavoro,AZ_IT_SUBITO_SPONSORED_ANNUNCI,29.05,2251,37,2
2025-05-26,Toscana,Subito Lavoro,AZ_IT_SUBITO_RETARGETING,11.19,1589,20,1
2025-05-26,Toscana,Subito Lavoro,AZ_IT_SUBITO_SLOT_PREMIUM,46.66,4117,57,7
2025-05-26,Toscana,Subito Lavoro,AZ_IT_SUBITO_SPONSORED_ANNUNCI,18.80,1393,24,2
2025-05-26,Trentino-Alto Adige,Subito Lavoro,AZ_IT_SUBITO_RETARGETING,3.82,530,6,1
2025-05-26,Trentino-Alto Adige,Subito Lavoro,AZ_IT_SUBITO_SLOT_PREMIUM,10.51,988,13,1
2025-05-26,Trentino-Alto Adige,Subito Lavoro,AZ_IT_SUBITO_SPONSORED_ANNUNCI,6.14,476,8,0
2025-05-26,Umbria,Subito Lavoro,AZ_IT_SUBITO_RETARGETING,2.45,346,4,0
2025-05-26,Umbria,Subito Lavoro,AZ_IT_SUBITO_SLOT_PREMIUM,5.87,529,7,1
2025-05-26,Umbria,Subito Lavoro,AZ_IT_SUBITO_SPONSORED_ANNUNCI,4.02,315,5,0
2025-05-26,Valle d'Aosta,Subito Lavoro,AZ_IT_SUBITO_RETARGETING,0.34,49,1,0
2025-05-26,Valle d'Aosta,Subito Lavoro,AZ_IT_SUBITO_SLOT_PREMIUM,1.00,95,1,0
2025-05-26,Valle d'Aosta,Subito Lavoro,AZ_IT_SUBITO_SPONSORED_ANNUNCI,0.77,61,1,0
2025-05-26,Veneto,Subito Lavoro,AZ_IT_SUBITO_RETARGETING,14.18,2038,23,2
2025-05-26,Veneto,Subito Lavoro,AZ_IT_SUBITO_SLOT_PREMIUM,31.87,2806,34,3
2025-05-26,Veneto,Subito Lavoro,AZ_IT_SUBITO_SPONSORED_ANNUNCI,19.68,1552,27,2
2025-06-02,Abruzzo,Subito Lavoro,AZ_IT_SUBITO_RETARGETING,4.26,624,7,0
2025-06-02,Abruzzo,Subito Lavoro,AZ_IT_SUBITO_SLOT_PREMIUM,25.38,2138,26,2
2025-06-02,Abruzzo,Subito Lavoro,AZ_IT_SUBITO_SPONSORED_ANNUNCI,19.53,1570,29,1
2025-06-02,Basilicata,Subito Lavoro,AZ_IT_SUBITO_RETARGETING,2.92,441,5,0
2025-06-02,Basilicata,Subito Lavoro,AZ_IT_SUBITO_SLOT_PREMIUM,8.64,772,12,1
2025-06-02,Basilicata,Subito Lavoro,AZ_IT_SUBITO_SPONSORED_ANNUNCI,4.71,370,6,0
2025-06-02,Calabria,Subito Lavoro,AZ_IT_SUBITO_RETARGETING,9.02,1294,14,1
2025-06-02,Calabria,Subito Lavoro,AZ_IT_SUBITO_SLOT_PREMIUM,37.25,3429,49,4
2025-06-02,Calabria,Subito Lavoro,AZ_IT_SUBITO_SPONSORED_ANNUNCI,19.75,1507,23,1
2025-06-02,Campania,Subito Lavoro,AZ_IT_SUBITO_RETARGETING,36.93,5248,70,4
2025-06-02,Campania,Subito Lavoro,AZ_IT_SUBITO_SLOT_PREMIUM,42.84,3836,51,3
2025-06-02,Campania,Subito Lavoro,AZ_IT_SUBITO_SPONSORED_ANNUNCI,70.25,5426,89,4
2025-06-02,Emilia-Romagna,Subito Lavoro,AZ_IT_SUBITO_RETARGETING,25.39,3610,50,2
2025-06-02,Emilia-Romagna,Subito Lavoro,AZ_IT_SUBITO_SLOT_PREMIUM,83.88,7649,104,6
2025-06-02,Emilia-Romagna,Subito Lavoro,AZ_IT_SUBITO_SPONSORED_ANNUNCI,45.99,3617,54,3
2025-06-02,Friuli-Venezia Giulia,Subito Lavoro,AZ_IT_SUBITO_RETARGETING,4.30,589,6,0
2025-06-02,Friuli-Venezia Giulia,Subito Lavoro,AZ_IT_SUBITO_SLOT_PREMIUM,15.85,1440,19,2
2025-06-02,Friuli-Venezia Giulia,Subito Lavoro,AZ_IT_SUBITO_SPONSORED_ANNUNCI,13.08,958,17,1
2025-06-02,Lazio,Subito Lavoro,AZ_IT_SUBITO_RETARGETING,33.67,4903,64,3
2025-06-02,Lazio,Subito Lavoro,AZ_IT_SUBITO_SLOT_PREMIUM,62.28,5510,82,6
2025-06-02,Lazio,Subito Lavoro,AZ_IT_SUBITO_SPONSORED_ANNUNCI,35.98,2603,43,2
2025-06-02,Liguria,Subito Lavoro,AZ_IT_SUBITO_RETARGETING,6.25,879,11,1
2025-06-02,Liguria,Subito Lavoro,AZ_IT_SUBITO_SLOT_PREMIUM,29.48,2905,39,2
2025-06-02,Liguria,Subito Lavoro,AZ_IT_SUBITO_SPONSORED_ANNUNCI,11.44,889,16,1
2025-06-02,Lombardia,Subito Lavoro,AZ_IT_SUBITO_RETARGETING,42.09,6288,75,3
2025-06-02,Lombardia,Subito Lavoro,AZ_IT_SUBITO_SLOT_PREMIUM,231.25,20956,263,17
2025-06-02,Lombardia,Subito Lavoro,AZ_IT_SUBITO_SPONSORED_ANNUNCI,118.46,9698,169,6
2025-06-02,Marche,Subito Lavoro,AZ_IT_SUBITO_RETARGETING,7.87,1100,12,1
2025-06-02,Marche,Subito Lavoro,AZ_IT_SUBITO_SLOT_PREMIUM,23.20,2069,28,3
2025-06-02,Marche,Subito Lavoro,AZ_IT_SUBITO_SPONSORED_ANNUNCI,14.74,1172,21,1
2025-06-02,Molise,Subito Lavoro,AZ_IT_SUBITO_RETARGETING,1.42,204,3,0
2025-06-02,Molise,Subito Lavoro,AZ_IT_SUBITO_SLOT_PREMIUM,2.20,216,3,0
2025-06-02,Molise,Subito Lavoro,AZ_IT_SUBITO_SPONSORED_ANNUNCI,2.85,217,3,0
2025-06-02,Piemonte,Subito Lavoro,AZ_IT_SUBITO_RETARGETING,19.68,2909,30,1
2025-06-02,Piemonte,Subito Lavoro,AZ_IT_SUBITO_SLOT_PREMIUM,64.72,5722,79,4
2025-06-02,Piemonte,Subito Lavoro,AZ_IT_SUBITO_SPONSORED_ANNUNCI,51.94,4116,65,3
2025-06-02,Puglia,Subito Lavoro,AZ_IT_SUBITO_RETARGETING,13.98,2007,24,1
2025-06-02,Puglia,Subito Lavoro,AZ_IT_SUBITO_SLOT_PREMIUM,98.24,8967,137,6
2025-06-02,Puglia,Subito Lavoro,AZ_IT_SUBITO_SPONSORED_ANNUNCI,33.74,2574,43,1
2025-06-02,Sardegna,Subito Lavoro,AZ_IT_SUBITO_RETARGETING,10.29,1488,17,1
2025-06-02,Sardegna,Subito Lavoro,AZ_IT_SUBITO_SLOT_PREMIUM,24.85,2221,28,2
2025-06-02,Sardegna,Subito Lavoro,AZ_IT_SUBITO_SPONSORED_ANNUNCI,21.09,1584,26,1
2025-06-02,Sicilia,Subito Lavoro,AZ_IT_SUBITO_RETARGETING,15.71,2294,27,1
2025-06-02,Sicilia,Subito Lavoro,AZ_IT_SUBITO_SLOT_PREMIUM,60.52,5304,68,4
2025-06-02,Sicilia,Subito Lavoro,AZ_IT_SUBITO_SPONSORED_ANNUNCI,40.73,3012,50,3
2025-06-02,Toscana,Subito Lavoro,AZ_IT_SUBITO_RETARGETING,14.96,2097,28,2
2025-06-02,Toscana,Subito Lavoro,AZ_IT_SUBITO_SLOT_PREMIUM,72.15,6748,98,7
2025-06-02,Toscana,Subito Lavoro,AZ_IT_SUBITO_SPONSORED_ANNUNCI,34.29,2629,42,3
2025-06-02,Trentino-Alto Adige,Subito Lavoro,AZ_IT_SUBITO_RETARGETING,7.22,1093,11,1
2025-06-02,Trentino-Alto Adige,Subito Lavoro,AZ_IT_SUBITO_SLOT_PREMIUM,16.76,1526,20,2
2025-06-02,Trentino-Alto Adige,Subito Lavoro,AZ_IT_SUBITO_SPONSORED_ANNUNCI,11.73,881,16,1
2025-06-02,Umbria,Subito Lavoro,AZ_IT_SUBITO_RETARGETING,3.89,527,6,1
2025-06-02,Umbria,Subito Lavoro,AZ_IT_SUBITO_SLOT_PREMIUM,10.48,917,14,1
2025-06-02,Umbria,Subito Lavoro,AZ_IT_SUBITO_SPONSORED_ANNUNCI,7.16,565,9,1
2025-06-02,Valle d'Aosta,Subito Lavoro,AZ_IT_SUBITO_RETARGETING,0.54,77,1,0
2025-06-02,Valle d'Aosta,Subito Lavoro,AZ_IT_SUBITO_SLOT_PREMIUM,2.16,208,3,0
2025-06-02,Valle d'Aosta,Subito Lavoro,AZ_IT_SUBITO_SPONSORED_ANNUNCI,1.35,99,2,0
2025-06-02,Veneto,Subito Lavoro,AZ_IT_SUBITO_RETARGETING,20.94,2980,38,2
2025-06-02,Veneto,Subito Lavoro,AZ_IT_SUBITO_SLOT_PREMIUM,50.66,4614,68,4
2025-06-02,Veneto,Subito Lavoro,AZ_IT_SUBITO_SPONSORED_ANNUNCI,26.53,2082,32,2
2025-06-09,Abruzzo,Subito Lavoro,AZ_IT_SUBITO_RETARGETING,4.61,678,8,0
2025-06-09,Abruzzo,Subito Lavoro,AZ_IT_SUBITO_SLOT_PREMIUM,38.37,3630,55,2
2025-06-09,Abruzzo,Subito Lavoro,AZ_IT_SUBITO_SPONSORED_ANNUNCI,26.91,2017,38,1
2025-06-09,Basilicata,Subito Lavoro,AZ_IT_SUBITO_RETARGETING,4.20,596,8,0
2025-06-09,Basilicata,Subito Lavoro,AZ_IT_SUBITO_SLOT_PREMIUM,12.56,1190,18,1
2025-06-09,Basilicata,Subito Lavoro,AZ_IT_SUBITO_SPONSORED_ANNUNCI,4.63,358,6,0
2025-06-09,Calabria,Subito Lavoro,AZ_IT_SUBITO_RETARGETING,14.14,1938,24,1
2025-06-09,Calabria,Subito Lavoro,AZ_IT_SUBITO_SLOT_PREMIUM,74.15,6436,86,5
2025-06-09,Calabria,Subito Lavoro,AZ_IT_SUBITO_SPONSORED_ANNUNCI,36.13,2725,44,2
2025-06-09,Campania,Subito Lavoro,AZ_IT_SUBITO_RETARGETING,37.20,5322,65,3
2025-06-09,Campania,Subito Lavoro,AZ_IT_SUBITO_SLOT_PREMIUM,75.29,7007,114,5
2025-06-09,Campania,Subito Lavoro,AZ_IT_SUBITO_SPONSORED_ANNUNCI,104.65,8285,138,5
2025-06-09,Emilia-Romagna,Subito Lavoro,AZ_IT_SUBITO_RETARGETING,45.63,6607,76,3
2025-06-09,Emilia-Romagna,Subito Lavoro,AZ_IT_SUBITO_SLOT_PREMIUM,158.14,14856,188,9
2025-06-09,Emilia-Romagna,Subito Lavoro,AZ_IT_SUBITO_SPONSORED_ANNUNCI,75.21,5741,92,3
2025-06-09,Friuli-Venezia Giulia,Subito Lavoro,AZ_IT_SUBITO_RETARGETING,5.71,799,8,1
2025-06-09,Friuli-Venezia Giulia,Subito Lavoro,AZ_IT_SUBITO_SLOT_PREMIUM,25.20,2305,32,2
2025-06-09,Friuli-Venezia Giulia,Subito Lavoro,AZ_IT_SUBITO_SPONSORED_ANNUNCI,14.14,1113,19,1
2025-06-09,Lazio,Subito Lavoro,AZ_IT_SUBITO_RETARGETING,47.38,6594,88,4
2025-06-09,Lazio,Subito Lavoro,AZ_IT_SUBITO_SLOT_PREMIUM,108.11,10155,139,8
2025-06-09,Lazio,Subito Lavoro,AZ_IT_SUBITO_SPONSORED_ANNUNCI,43.65,3384,62,2
2025-06-09,Liguria,Subito Lavoro,AZ_IT_SUBITO_RETARGETING,10.43,1485,18,1
2025-06-09,Liguria,Subito Lavoro,AZ_IT_SUBITO_SLOT_PREMIUM,52.36,4701,73,2
2025-06-09,Liguria,Subito Lavoro,AZ_IT_SUBITO_SPONSORED_ANNUNCI,15.53,1229,20,1
2025-06-09,Lombardia,Subito Lavoro,AZ_IT_SUBITO_RETARGETING,56.66,7788,93,4
2025-06-09,Lombardia,Subito Lavoro,AZ_IT_SUBITO_SLOT_PREMIUM,358.69,34237,500,24
2025-06-09,Lombardia,Subito Lavoro,AZ_IT_SUBITO_SPONSORED_ANNUNCI,115.27,8735,150,5
2025-06-09,Marche,Subito Lavoro,AZ_IT_SUBITO_RETARGETING,11.95,1727,19,1
2025-06-09,Marche,Subito Lavoro,AZ_IT_SUBITO_SLOT_PREMIUM,32.94,2955,43,3
2025-06-09,Marche,Subito Lavoro,AZ_IT_SUBITO_SPONSORED_ANNUNCI,16.58,1330,22,1
2025-06-09,Molise,Subito Lavoro,AZ_IT_SUBITO_RETARGETING,1.96,278,4,0
2025-06-09,Molise,Subito Lavoro,AZ_IT_SUBITO_SLOT_PREMIUM,4.32,412,6,0
2025-06-09,Molise,Subito Lavoro,AZ_IT_SUBITO_SPONSORED_ANNUNCI,3.31,251,4,0
2025-06-09,Piemonte,Subito Lavoro,AZ_IT_SUBITO_RETARGETING,24.91,3503,37,1
2025-06-09,Piemonte,Subito Lavoro,AZ_IT_SUBITO_SLOT_PREMIUM,97.50,9007,119,6
2025-06-09,Piemonte,Subito Lavoro,AZ_IT_SUBITO_SPONSORED_ANNUNCI,68.50,5286,87,2
2025-06-09,Puglia,Subito Lavoro,AZ_IT_SUBITO_RETARGETING,23.08,3408,37,1
2025-06-09,Puglia,Subito Lavoro,AZ_IT_SUBITO_SLOT_PREMIUM,217.51,20055,265,7
2025-06-09,Puglia,Subito Lavoro,AZ_IT_SUBITO_SPONSORED_ANNUNCI,47.36,3634,56,1
2025-06-09,Sardegna,Subito Lavoro,AZ_IT_SUBITO_RETARGETING,18.09,2644,31,1
2025-06-09,Sardegna,Subito Lavoro,AZ_IT_SUBITO_SLOT_PREMIUM,50.01,4379,69,2
2025-06-09,Sardegna,Subito Lavoro,AZ_IT_SUBITO_SPONSORED_ANNUNCI,34.65,2726,52,1
2025-06-09,Sicilia,Subito Lavoro,AZ_IT_SUBITO_RETARGETING,27.20,3751,47,2
2025-06-09,Sicilia,Subito Lavoro,AZ_IT_SUBITO_SLOT_PREMIUM,110.24,10495,162,7
2025-06-09,Sicilia,Subito Lavoro,AZ_IT_SUBITO_SPONSORED_ANNUNCI,64.59,5189,90,3
2025-06-09,Toscana,Subito Lavoro,AZ_IT_SUBITO_RETARGETING,19.72,2793,33,2
2025-06-09,Toscana,Subito Lavoro,AZ_IT_SUBITO_SLOT_PREMIUM,105.36,9336,129,9
2025-06-09,Toscana,Subito Lavoro,AZ_IT_SUBITO_SPONSORED_ANNUNCI,46.21,3549,68,3
2025-06-09,Trentino-Alto Adige,Subito Lavoro,AZ_IT_SUBITO_RETARGETING,12.09,1715,22,1
2025-06-09,Trentino-Alto Adige,Subito Lavoro,AZ_IT_SUBITO_SLOT_PREMIUM,29.30,2809,37,2
2025-06-09,Trentino-Alto Adige,Subito Lavoro,AZ_IT_SUBITO_SPONSORED_ANNUNCI,18.50,1464,26,1
2025-06-09,Umbria,Subito Lavoro,AZ_IT_SUBITO_RETARGETING,4.63,680,9,1
2025-06-09,Umbria,Subito Lavoro,AZ_IT_SUBITO_SLOT_PREMIUM,15.39,1418,20,2
2025-06-09,Umbria,Subito Lavoro,AZ_IT_SUBITO_SPONSORED_ANNUNCI,8.19,610,9,1
2025-06-09,Valle d'Aosta,Subito Lavoro,AZ_IT_SUBITO_RETARGETING,0.62,89,1,0
2025-06-09,Valle d'Aosta,Subito Lavoro,AZ_IT_SUBITO_SLOT_PREMIUM,3.03,280,4,0
2025-06-09,Valle d'Aosta,Subito Lavoro,AZ_IT_SUBITO_SPONSORED_ANNUNCI,2.10,163,3,0
2025-06-09,Veneto,Subito Lavoro,AZ_IT_SUBITO_RETARGETING,25.74,3693,48,2
2025-06-09,Veneto,Subito Lavoro,AZ_IT_SUBITO_SLOT_PREMIUM,76.40,6854,99,6
2025-06-09,Veneto,Subito Lavoro,AZ_IT_SUBITO_SPONSORED_ANNUNCI,37.37,3015,51,2
2025-06-16,Abruzzo,Subito Lavoro,AZ_IT_SUBITO_RETARGETING,3.95,564,6,0
2025-06-16,Abruzzo,Subito Lavoro,AZ_IT_SUBITO_SLOT_PREMIUM,27.40,2467,33,2
2025-06-16,Abruzzo,Subito Lavoro,AZ_IT_SUBITO_SPONSORED_ANNUNCI,17.99,1388,23,1
2025-06-16,Basilicata,Subito Lavoro,AZ_IT_SUBITO_RETARGETING,3.29,478,6,0
2025-06-16,Basilicata,Subito Lavoro,AZ_IT_SUBITO_SLOT_PREMIUM,8.93,772,11,1
2025-06-16,Basilicata,Subito Lavoro,AZ_IT_SUBITO_SPONSORED_ANNUNCI,3.86,300,5,0
2025-06-16,Calabria,Subito Lavoro,AZ_IT_SUBITO_RETARGETING,11.47,1559,19,1
2025-06-16,Calabria,Subito Lavoro,AZ_IT_SUBITO_SLOT_PREMIUM,57.95,5412,76,6
2025-06-16,Calabria,Subito Lavoro,AZ_IT_SUBITO_SPONSORED_ANNUNCI,28.14,2237,42,2
2025-06-16,Campania,Subito Lavoro,AZ_IT_SUBITO_RETARGETING,31.73,4699,60,3
2025-06-16,Campania,Subito Lavoro,AZ_IT_SUBITO_SLOT_PREMIUM,48.72,4490,70,4
2025-06-16,Campania,Subito Lavoro,AZ_IT_SUBITO_SPONSORED_ANNUNCI,72.46,5487,86,6
2025-06-16,Emilia-Romagna,Subito Lavoro,AZ_IT_SUBITO_RETARGETING,39.33,5649,75,3
2025-06-16,Emilia-Romagna,Subito Lavoro,AZ_IT_SUBITO_SLOT_PREMIUM,117.86,11261,147,9
2025-06-16,Emilia-Romagna,Subito Lavoro,AZ_IT_SUBITO_SPONSORED_ANNUNCI,61.07,4994,83,3
2025-06-16,Friuli-Venezia Giulia,Subito Lavoro,AZ_IT_SUBITO_RETARGETING,4.86,668,8,1
2025-06-16,Friuli-Venezia Giulia,Subito Lavoro,AZ_IT_SUBITO_SLOT_PREMIUM,18.22,1647,23,2
2025-06-16,Friuli-Venezia Giulia,Subito Lavoro,AZ_IT_SUBITO_SPONSORED_ANNUNCI,12.74,973,17,1
2025-06-16,Lazio,Subito Lavoro,AZ_IT_SUBITO_RETARGETING,36.80,5032,62,5
2025-06-16,Lazio,Subito Lavoro,AZ_IT_SUBITO_SLOT_PREMIUM,77.64,7512,111,8
2025-06-16,Lazio,Subito Lavoro,AZ_IT_SUBITO_SPONSORED_ANNUNCI,38.66,3007,49,3
2025-06-16,Liguria,Subito Lavoro,AZ_IT_SUBITO_RETARGETING,6.26,896,10,0
2025-06-16,Liguria,Subito Lavoro,AZ_IT_SUBITO_SLOT_PREMIUM,39.68,3505,46,3
2025-06-16,Liguria,Subito Lavoro,AZ_IT_SUBITO_SPONSORED_ANNUNCI,11.24,823,14,1
2025-06-16,Lombardia,Subito Lavoro,AZ_IT_SUBITO_RETARGETING,47.15,6686,78,4
2025-06-16,Lombardia,Subito Lavoro,AZ_IT_SUBITO_SLOT_PREMIUM,281.49,25881,349,19
2025-06-16,Lombardia,Subito Lavoro,AZ_IT_SUBITO_SPONSORED_ANNUNCI,90.00,7154,131,5
2025-06-16,Marche,Subito Lavoro,AZ_IT_SUBITO_RETARGETING,10.48,1484,18,2
2025-06-16,Marche,Subito Lavoro,AZ_IT_SUBITO_SLOT_PREMIUM,21.06,1959,29,3
2025-06-16,Marche,Subito Lavoro,AZ_IT_SUBITO_SPONSORED_ANNUNCI,10.40,807,14,1
2025-06-16,Molise,Subito Lavoro,AZ_IT_SUBITO_RETARGETING,1.62,232,3,0
2025-06-16,Molise,Subito Lavoro,AZ_IT_SUBITO_SLOT_PREMIUM,3.59,332,5,0
2025-06-16,Molise,Subito Lavoro,AZ_IT_SUBITO_SPONSORED_ANNUNCI,2.55,196,3,0
2025-06-16,Piemonte,Subito Lavoro,AZ_IT_SUBITO_RETARGETING,18.64,2724,33,2
2025-06-16,Piemonte,Subito Lavoro,AZ_IT_SUBITO_SLOT_PREMIUM,83.95,7564,111,5
2025-06-16,Piemonte,Subito Lavoro,AZ_IT_SUBITO_SPONSORED_ANNUNCI,39.40,2942,47,2
2025-06-16,Puglia,Subito Lavoro,AZ_IT_SUBITO_RETARGETING,21.89,3058,35,1
2025-06-16,Puglia,Subito Lavoro,AZ_IT_SUBITO_SLOT_PREMIUM,136.46,11929,182,8
2025-06-16,Puglia,Subito Lavoro,AZ_IT_SUBITO_SPONSORED_ANNUNCI,34.42,2805,45,1
2025-06-16,Sardegna,Subito Lavoro,AZ_IT_SUBITO_RETARGETING,16.19,2169,26,1
2025-06-16,Sardegna,Subito Lavoro,AZ_IT_SUBITO_SLOT_PREMIUM,44.74,4081,57,3
2025-06-16,Sardegna,Subito Lavoro,AZ_IT_SUBITO_SPONSORED_ANNUNCI,23.39,1829,32,1
2025-06-16,Sicilia,Subito Lavoro,AZ_IT_SUBITO_RETARGETING,23.89,3417,40,2
2025-06-16,Sicilia,Subito Lavoro,AZ_IT_SUBITO_SLOT_PREMIUM,94.33,8458,134,7
2025-06-16,Sicilia,Subito Lavoro,AZ_IT_SUBITO_SPONSORED_ANNUNCI,54.61,4418,72,3
2025-06-16,Toscana,Subito Lavoro,AZ_IT_SUBITO_RETARGETING,13.11,1874,23,2
2025-06-16,Toscana,Subito Lavoro,AZ_IT_SUBITO_SLOT_PREMIUM,71.02,6842,106,9
2025-06-16,Toscana,Subito Lavoro,AZ_IT_SUBITO_SPONSORED_ANNUNCI,36.11,2803,48,3
2025-06-16,Trentino-Alto Adige,Subito Lavoro,AZ_IT_SUBITO_RETARGETING,9.88,1418,16,1
2025-06-16,Trentino-Alto Adige,Subito Lavoro,AZ_IT_SUBITO_SLOT_PREMIUM,23.75,2200,31,2
2025-06-16,Trentino-Alto Adige,Subito Lavoro,AZ_IT_SUBITO_SPONSORED_ANNUNCI,14.02,1089,18,1
2025-06-16,Umbria,Subito Lavoro,AZ_IT_SUBITO_RETARGETING,3.76,528,6,1
2025-06-16,Umbria,Subito Lavoro,AZ_IT_SUBITO_SLOT_PREMIUM,11.24,1029,15,1
2025-06-16,Umbria,Subito Lavoro,AZ_IT_SUBITO_SPONSORED_ANNUNCI,5.76,447,8,0
2025-06-16,Valle d'Aosta,Subito Lavoro,AZ_IT_SUBITO_RETARGETING,0.51,73,1,0
2025-06-16,Valle d'Aosta,Subito Lavoro,AZ_IT_SUBITO_SLOT_PREMIUM,2.17,207,3,0
2025-06-16,Valle d'Aosta,Subito Lavoro,AZ_IT_SUBITO_SPONSORED_ANNUNCI,1.61,121,2,0
2025-06-16,Veneto,Subito Lavoro,AZ_IT_SUBITO_RETARGETING,25.52,3790,46,2
2025-06-16,Veneto,Subito Lavoro,AZ_IT_SUBITO_SLOT_PREMIUM,72.42,6753,84,5
2025-06-16,Veneto,Subito Lavoro,AZ_IT_SUBITO_SPONSORED_ANNUNCI,27.76,2107,42,2
2025-06-23,Abruzzo,Subito Lavoro,AZ_IT_SUBITO_RETARGETING,2.43,342,4,0
2025-06-23,Abruzzo,Subito Lavoro,AZ_IT_SUBITO_SLOT_PREMIUM,22.85,1964,31,2
2025-06-23,Abruzzo,Subito Lavoro,AZ_IT_SUBITO_SPONSORED_ANNUNCI,11.02,850,15,1
2025-06-23,Basilicata,Subito Lavoro,AZ_IT_SUBITO_RETARGETING,2.29,322,4,0
2025-06-23,Basilicata,Subito Lavoro,AZ_IT_SUBITO_SLOT_PREMIUM,7.33,689,9,1
2025-06-23,Basilicata,Subito Lavoro,AZ_IT_SUBITO_SPONSORED_ANNUNCI,2.82,228,4,0
2025-06-23,Calabria,Subito Lavoro,AZ_IT_SUBITO_RETARGETING,7.72,1106,14,1
2025-06-23,Calabria,Subito Lavoro,AZ_IT_SUBITO_SLOT_PREMIUM,46.58,4304,64,5
2025-06-23,Calabria,Subito Lavoro,AZ_IT_SUBITO_SPONSORED_ANNUNCI,21.14,1518,26,2
2025-06-23,Campania,Subito Lavoro,AZ_IT_SUBITO_RETARGETING,21.44,3157,36,3
2025-06-23,Campania,Subito Lavoro,AZ_IT_SUBITO_SLOT_PREMIUM,37.68,3477,48,4
2025-06-23,Campania,Subito Lavoro,AZ_IT_SUBITO_SPONSORED_ANNUNCI,44.94,3588,68,4
2025-06-23,Emilia-Romagna,Subito Lavoro,AZ_IT_SUBITO_RETARGETING,26.37,3674,42,2
2025-06-23,Emilia-Romagna,Subito Lavoro,AZ_IT_SUBITO_SLOT_PREMIUM,106.39,9693,124,9
2025-06-23,Emilia-Romagna,Subito Lavoro,AZ_IT_SUBITO_SPONSORED_ANNUNCI,44.74,3345,58,3
2025-06-23,Friuli-Venezia Giulia,Subito Lavoro,AZ_IT_SUBITO_RETARGETING,3.79,545,6,1
2025-06-23,Friuli-Venezia Giulia,Subito Lavoro,AZ_IT_SUBITO_SLOT_PREMIUM,14.10,1265,19,2
2025-06-23,Friuli-Venezia Giulia,Subito Lavoro,AZ_IT_SUBITO_SPONSORED_ANNUNCI,8.09,621,9,1
2025-06-23,Lazio,Subito Lavoro,AZ_IT_SUBITO_RETARGETING,21.78,3005,36,3
2025-06-23,Lazio,Subito Lavoro,AZ_IT_SUBITO_SLOT_PREMIUM,63.20,5578,82,9
2025-06-23,Lazio,Subito Lavoro,AZ_IT_SUBITO_SPONSORED_ANNUNCI,23.90,1811,30,2
2025-06-23,Liguria,Subito Lavoro,AZ_IT_SUBITO_RETARGETING,4.23,626,8,0
2025-06-23,Liguria,Subito Lavoro,AZ_IT_SUBITO_SLOT_PREMIUM,33.10,3091,41,2
2025-06-23,Liguria,Subito Lavoro,AZ_IT_SUBITO_SPONSORED_ANNUNCI,8.01,629,10,0
2025-06-23,Lombardia,Subito Lavoro,AZ_IT_SUBITO_RETARGETING,29.98,4138,48,3
2025-06-23,Lombardia,Subito Lavoro,AZ_IT_SUBITO_SLOT_PREMIUM,212.45,19079,244,17
2025-06-23,Lombardia,Subito Lavoro,AZ_IT_SUBITO_SPONSORED_ANNUNCI,65.77,5283,84,4
2025-06-23,Marche,Subito Lavoro,AZ_IT_SUBITO_RETARGETING,5.70,792,10,1
2025-06-23,Marche,Subito Lavoro,AZ_IT_SUBITO_SLOT_PREMIUM,17.73,1582,22,3
2025-06-23,Marche,Subito Lavoro,AZ_IT_SUBITO_SPONSORED_ANNUNCI,7.49,589,10,1
2025-06-23,Molise,Subito Lavoro,AZ_IT_SUBITO_RETARGETING,1.06,148,2,0
2025-06-23,Molise,Subito Lavoro,AZ_IT_SUBITO_SLOT_PREMIUM,2.97,295,4,0
2025-06-23,Molise,Subito Lavoro,AZ_IT_SUBITO_SPONSORED_ANNUNCI,1.63,122,2,0
2025-06-23,Piemonte,Subito Lavoro,AZ_IT_SUBITO_RETARGETING,11.04,1571,19,1
2025-06-23,Piemonte,Subito Lavoro,AZ_IT_SUBITO_SLOT_PREMIUM,60.33,5419,80,5
2025-06-23,Piemonte,Subito Lavoro,AZ_IT_SUBITO_SPONSORED_ANNUNCI,25.04,1941,34,2
2025-06-23,Puglia,Subito Lavoro,AZ_IT_SUBITO_RETARGETING,14.27,1947,26,1
2025-06-23,Puglia,Subito Lavoro,AZ_IT_SUBITO_SLOT_PREMIUM,99.83,8919,105,6
2025-06-23,Puglia,Subito Lavoro,AZ_IT_SUBITO_SPONSORED_ANNUNCI,21.33,1684,31,1
2025-06-23,Sardegna,Subito Lavoro,AZ_IT_SUBITO_RETARGETING,10.42,1543,18,1
2025-06-23,Sardegna,Subito Lavoro,AZ_IT_SUBITO_SLOT_PREMIUM,36.79,3413,52,3
2025-06-23,Sardegna,Subito Lavoro,AZ_IT_SUBITO_SPONSORED_ANNUNCI,17.84,1388,21,1
2025-06-23,Sicilia,Subito Lavoro,AZ_IT_SUBITO_RETARGETING,15.41,2194,27,2
2025-06-23,Sicilia,Subito Lavoro,AZ_IT_SUBITO_SLOT_PREMIUM,58.84,5309,73,6
2025-06-23,Sicilia,Subito Lavoro,AZ_IT_SUBITO_SPONSORED_ANNUNCI,33.22,2614,47,3
2025-06-23,Toscana,Subito Lavoro,AZ_IT_SUBITO_RETARGETING,8.33,1175,15,2
2025-06-23,Toscana,Subito Lavoro,AZ_IT_SUBITO_SLOT_PREMIUM,50.85,4836,71,6
2025-06-23,Toscana,Subito Lavoro,AZ_IT_SUBITO_SPONSORED_ANNUNCI,24.99,1986,36,3
2025-06-23,Trentino-Alto Adige,Subito Lavoro,AZ_IT_SUBITO_RETARGETING,6.02,862,10,1
2025-06-23,Trentino-Alto Adige,Subito Lavoro,AZ_IT_SUBITO_SLOT_PREMIUM,21.20,1961,27,2
2025-06-23,Trentino-Alto Adige,Subito Lavoro,AZ_IT_SUBITO_SPONSORED_ANNUNCI,9.16,694,12,1
2025-06-23,Umbria,Subito Lavoro,AZ_IT_SUBITO_RETARGETING,2.59,377,4,0
2025-06-23,Umbria,Subito Lavoro,AZ_IT_SUBITO_SLOT_PREMIUM,9.09,831,12,1
2025-06-23,Umbria,Subito Lavoro,AZ_IT_SUBITO_SPONSORED_ANNUNCI,4.27,329,6,0
2025-06-23,Valle d'Aosta,Subito Lavoro,AZ_IT_SUBITO_RETARGETING,0.34,47,1,0
2025-06-23,Valle d'Aosta,Subito Lavoro,AZ_IT_SUBITO_SLOT_PREMIUM,1.87,174,2,0
2025-06-23,Valle d'Aosta,Subito Lavoro,AZ_IT_SUBITO_SPONSORED_ANNUNCI,1.16,90,2,0
2025-06-23,Veneto,Subito Lavoro,AZ_IT_SUBITO_RETARGETING,17.46,2586,32,2
2025-06-23,Veneto,Subito Lavoro,AZ_IT_SUBITO_SLOT_PREMIUM,63.03,5809,74,6
2025-06-23,Veneto,Subito Lavoro,AZ_IT_SUBITO_SPONSORED_ANNUNCI,16.15,1273,23,1
2025-06-30,Abruzzo,Subito Lavoro,AZ_IT_SUBITO_RETARGETING,3.55,505,6,0
2025-06-30,Abruzzo,Subito Lavoro,AZ_IT_SUBITO_SLOT_PREMIUM,29.68,2640,38,2
2025-06-30,Abruzzo,Subito Lavoro,AZ_IT_SUBITO_SPONSORED_ANNUNCI,16.44,1271,19,1
2025-06-30,Basilicata,Subito Lavoro,AZ_IT_SUBITO_RETARGETING,3.64,504,6,0
2025-06-30,Basilicata,Subito Lavoro,AZ_IT_SUBITO_SLOT_PREMIUM,10.81,995,15,1
2025-06-30,Basilicata,Subito Lavoro,AZ_IT_SUBITO_SPONSORED_ANNUNCI,4.40,323,6,0
2025-06-30,Calabria,Subito Lavoro,AZ_IT_SUBITO_RETARGETING,10.44,1421,17,1
2025-06-30,Calabria,Subito Lavoro,AZ_IT_SUBITO_SLOT_PREMIUM,53.51,4698,68,5
2025-06-30,Calabria,Subito Lavoro,AZ_IT_SUBITO_SPONSORED_ANNUNCI,28.81,2220,41,2
2025-06-30,Campania,Subito Lavoro,AZ_IT_SUBITO_RETARGETING,34.90,4893,57,3
2025-06-30,Campania,Subito Lavoro,AZ_IT_SUBITO_SLOT_PREMIUM,50.86,4456,58,4
2025-06-30,Campania,Subito Lavoro,AZ_IT_SUBITO_SPONSORED_ANNUNCI,65.09,4981,86,4
2025-06-30,Emilia-Romagna,Subito Lavoro,AZ_IT_SUBITO_RETARGETING,38.52,5230,65,3
2025-06-30,Emilia-Romagna,Subito Lavoro,AZ_IT_SUBITO_SLOT_PREMIUM,120.07,10727,163,8
2025-06-30,Emilia-Romagna,Subito Lavoro,AZ_IT_SUBITO_SPONSORED_ANNUNCI,60.68,4585,83,3
2025-06-30,Friuli-Venezia Giulia,Subito Lavoro,AZ_IT_SUBITO_RETARGETING,5.85,799,10,1
2025-06-30,Friuli-Venezia Giulia,Subito Lavoro,AZ_IT_SUBITO_SLOT_PREMIUM,18.95,1712,24,2
2025-06-30,Friuli-Venezia Giulia,Subito Lavoro,AZ_IT_SUBITO_SPONSORED_ANNUNCI,9.71,725,11,1
2025-06-30,Lazio,Subito Lavoro,AZ_IT_SUBITO_RETARGETING,32.26,4475,51,4
2025-06-30,Lazio,Subito Lavoro,AZ_IT_SUBITO_SLOT_PREMIUM,75.41,6883,94,6
2025-06-30,Lazio,Subito Lavoro,AZ_IT_SUBITO_SPONSORED_ANNUNCI,33.72,2510,45,2
2025-06-30,Liguria,Subito Lavoro,AZ_IT_SUBITO_RETARGETING,6.36,947,13,0
2025-06-30,Liguria,Subito Lavoro,AZ_IT_SUBITO_SLOT_PREMIUM,44.19,3686,53,2
2025-06-30,Liguria,Subito Lavoro,AZ_IT_SUBITO_SPONSORED_ANNUNCI,10.02,761,12,0
2025-06-30,Lombardia,Subito Lavoro,AZ_IT_SUBITO_RETARGETING,41.66,6185,78,3
2025-06-30,Lombardia,Subito Lavoro,AZ_IT_SUBITO_SLOT_PREMIUM,264.11,23715,332,19
2025-06-30,Lombardia,Subito Lavoro,AZ_IT_SUBITO_SPONSORED_ANNUNCI,101.97,7696,140,5
2025-06-30,Marche,Subito Lavoro,AZ_IT_SUBITO_RETARGETING,7.20,1031,12,1
2025-06-30,Marche,Subito Lavoro,AZ_IT_SUBITO_SLOT_PREMIUM,26.61,2309,30,3
2025-06-30,Marche,Subito Lavoro,AZ_IT_SUBITO_SPONSORED_ANNUNCI,9.91,756,15,1
2025-06-30,Molise,Subito Lavoro,AZ_IT_SUBITO_RETARGETING,1.31,184,2,0
2025-06-30,Molise,Subito Lavoro,AZ_IT_SUBITO_SLOT_PREMIUM,3.90,361,5,0
2025-06-30,Molise,Subito Lavoro,AZ_IT_SUBITO_SPONSORED_ANNUNCI,2.35,179,3,0
2025-06-30,Piemonte,Subito Lavoro,AZ_IT_SUBITO_RETARGETING,15.27,2235,26,1
2025-06-30,Piemonte,Subito Lavoro,AZ_IT_SUBITO_SLOT_PREMIUM,70.29,6305,83,5
2025-06-30,Piemonte,Subito Lavoro,AZ_IT_SUBITO_SPONSORED_ANNUNCI,44.17,3280,62,2
2025-06-30,Puglia,Subito Lavoro,AZ_IT_SUBITO_RETARGETING,18.16,2617,37,1
2025-06-30,Puglia,Subito Lavoro,AZ_IT_SUBITO_SLOT_PREMIUM,150.81,13621,201,7
2025-06-30,Puglia,Subito Lavoro,AZ_IT_SUBITO_SPONSORED_ANNUNCI,38.15,2738,46,1
2025-06-30,Sardegna,Subito Lavoro,AZ_IT_SUBITO_RETARGETING,13.01,1877,19,1
2025-06-30,Sardegna,Subito Lavoro,AZ_IT_SUBITO_SLOT_PREMIUM,45.32,3990,56,3
2025-06-30,Sardegna,Subito Lavoro,AZ_IT_SUBITO_SPONSORED_ANNUNCI,26.11,2087,38,1
2025-06-30,Sicilia,Subito Lavoro,AZ_IT_SUBITO_RETARGETING,20.13,2896,41,2
2025-06-30,Sicilia,Subito Lavoro,AZ_IT_SUBITO_SLOT_PREMIUM,65.90,6099,85,6
2025-06-30,Sicilia,Subito Lavoro,AZ_IT_SUBITO_SPONSORED_ANNUNCI,47.10,3656,61,3
2025-06-30,Toscana,Subito Lavoro,AZ_IT_SUBITO_RETARGETING,14.31,2106,25,2
2025-06-30,Toscana,Subito Lavoro,AZ_IT_SUBITO_SLOT_PREMIUM,53.32,4639,69,6
2025-06-30,Toscana,Subito Lavoro,AZ_IT_SUBITO_SPONSORED_ANNUNCI,37.81,2848,53,3
2025-06-30,Trentino-Alto Adige,Subito Lavoro,AZ_IT_SUBITO_RETARGETING,9.00,1266,14,1
2025-06-30,Trentino-Alto Adige,Subito Lavoro,AZ_IT_SUBITO_SLOT_PREMIUM,23.18,2088,27,2
2025-06-30,Trentino-Alto Adige,Subito Lavoro,AZ_IT_SUBITO_SPONSORED_ANNUNCI,14.72,1133,20,1
2025-06-30,Umbria,Subito Lavoro,AZ_IT_SUBITO_RETARGETING,3.14,451,6,0
2025-06-30,Umbria,Subito Lavoro,AZ_IT_SUBITO_SLOT_PREMIUM,11.43,1023,14,1
2025-06-30,Umbria,Subito Lavoro,AZ_IT_SUBITO_SPONSORED_ANNUNCI,5.84,471,7,0
2025-06-30,Valle d'Aosta,Subito Lavoro,AZ_IT_SUBITO_RETARGETING,0.43,62,1,0
2025-06-30,Valle d'Aosta,Subito Lavoro,AZ_IT_SUBITO_SLOT_PREMIUM,2.36,226,3,0
2025-06-30,Valle d'Aosta,Subito Lavoro,AZ_IT_SUBITO_SPONSORED_ANNUNCI,1.25,100,2,0
2025-06-30,Veneto,Subito Lavoro,AZ_IT_SUBITO_RETARGETING,22.68,3149,43,2
2025-06-30,Veneto,Subito Lavoro,AZ_IT_SUBITO_SLOT_PREMIUM,70.10,6008,82,6
2025-06-30,Veneto,Subito Lavoro,AZ_IT_SUBITO_SPONSORED_ANNUNCI,21.78,1595,24,1
2025-07-07,Abruzzo,Subito Lavoro,AZ_IT_SUBITO_RETARGETING,4.27,637,8,0
2025-07-07,Abruzzo,Subito Lavoro,AZ_IT_SUBITO_SLOT_PREMIUM,25.26,2404,25,2
2025-07-07,Abruzzo,Subito Lavoro,AZ_IT_SUBITO_SPONSORED_ANNUNCI,16.17,1238,24,1
2025-07-07,Basilicata,Subito Lavoro,AZ_IT_SUBITO_RETARGETING,3.02,421,5,0
2025-07-07,Basilicata,Subito Lavoro,AZ_IT_SUBITO_SLOT_PREMIUM,9.98,898,13,1
2025-07-07,Basilicata,Subito Lavoro,AZ_IT_SUBITO_SPONSORED_ANNUNCI,4.47,347,6,0
2025-07-07,Calabria,Subito Lavoro,AZ_IT_SUBITO_RETARGETING,13.49,1915,23,1
2025-07-07,Calabria,Subito Lavoro,AZ_IT_SUBITO_SLOT_PREMIUM,56.45,5097,75,5
2025-07-07,Calabria,Subito Lavoro,AZ_IT_SUBITO_SPONSORED_ANNUNCI,30.85,2473,42,2
2025-07-07,Campania,Subito Lavoro,AZ_IT_SUBITO_RETARGETING,38.63,5540,74,3
2025-07-07,Campania,Subito Lavoro,AZ_IT_SUBITO_SLOT_PREMIUM,52.48,4948,72,4
2025-07-07,Campania,Subito Lavoro,AZ_IT_SUBITO_SPONSORED_ANNUNCI,66.34,4945,95,4
2025-07-07,Emilia-Romagna,Subito Lavoro,AZ_IT_SUBITO_RETARGETING,39.08,5559,63,3
2025-07-07,Emilia-Romagna,Subito Lavoro,AZ_IT_SUBITO_SLOT_PREMIUM,103.28,9646,140,6
2025-07-07,Emilia-Romagna,Subito Lavoro,AZ_IT_SUBITO_SPONSORED_ANNUNCI,59.46,4569,79,3
2025-07-07,Friuli-Venezia Giulia,Subito Lavoro,AZ_IT_SUBITO_RETARGETING,4.99,688,8,1
2025-07-07,Friuli-Venezia Giulia,Subito Lavoro,AZ_IT_SUBITO_SLOT_PREMIUM,15.16,1387,19,2
2025-07-07,Friuli-Venezia Giulia,Subito Lavoro,AZ_IT_SUBITO_SPONSORED_ANNUNCI,11.55,865,14,1
2025-07-07,Lazio,Subito Lavoro,AZ_IT_SUBITO_RETARGETING,34.75,5020,60,4
2025-07-07,Lazio,Subito Lavoro,AZ_IT_SUBITO_SLOT_PREMIUM,64.42,5958,79,7
2025-07-07,Lazio,Subito Lavoro,AZ_IT_SUBITO_SPONSORED_ANNUNCI,33.39,2540,44,3
2025-07-07,Liguria,Subito Lavoro,AZ_IT_SUBITO_RETARGETING,6.53,899,11,0
2025-07-07,Liguria,Subito Lavoro,AZ_IT_SUBITO_SLOT_PREMIUM,34.32,2955,43,2
2025-07-07,Liguria,Subito Lavoro,AZ_IT_SUBITO_SPONSORED_ANNUNCI,11.11,856,16,0
2025-07-07,Lombardia,Subito Lavoro,AZ_IT_SUBITO_RETARGETING,38.74,5638,76,3
2025-07-07,Lombardia,Subito Lavoro,AZ_IT_SUBITO_SLOT_PREMIUM,257.47,22630,317,20
2025-07-07,Lombardia,Subito Lavoro,AZ_IT_SUBITO_SPONSORED_ANNUNCI,89.22,6688,118,5
2025-07-07,Marche,Subito Lavoro,AZ_IT_SUBITO_RETARGETING,7.67,1154,15,1
2025-07-07,Marche,Subito Lavoro,AZ_IT_SUBITO_SLOT_PREMIUM,26.14,2415,33,3
2025-07-07,Marche,Subito Lavoro,AZ_IT_SUBITO_SPONSORED_ANNUNCI,11.97,910,13,1
2025-07-07,Molise,Subito Lavoro,AZ_IT_SUBITO_RETARGETING,1.54,223,3,0
2025-07-07,Molise,Subito Lavoro,AZ_IT_SUBITO_SLOT_PREMIUM,3.67,323,4,0
2025-07-07,Molise,Subito Lavoro,AZ_IT_SUBITO_SPONSORED_ANNUNCI,2.23,172,3,0
2025-07-07,Piemonte,Subito Lavoro,AZ_IT_SUBITO_RETARGETING,17.99,2538,30,1
2025-07-07,Piemonte,Subito Lavoro,AZ_IT_SUBITO_SLOT_PREMIUM,69.86,6361,90,5
2025-07-07,Piemonte,Subito Lavoro,AZ_IT_SUBITO_SPONSORED_ANNUNCI,41.28,3260,57,2
2025-07-07,Puglia,Subito Lavoro,AZ_IT_SUBITO_RETARGETING,23.45,3500,39,1
2025-07-07,Puglia,Subito Lavoro,AZ_IT_SUBITO_SLOT_PREMIUM,137.78,12386,177,7
2025-07-07,Puglia,Subito Lavoro,AZ_IT_SUBITO_SPONSORED_ANNUNCI,31.99,2401,41,1
2025-07-07,Sardegna,Subito Lavoro,AZ_IT_SUBITO_RETARGETING,13.06,1800,22,1
2025-07-07,Sardegna,Subito Lavoro,AZ_IT_SUBITO_SLOT_PREMIUM,35.24,3078,41,2
2025-07-07,Sardegna,Subito Lavoro,AZ_IT_SUBITO_SPONSORED_ANNUNCI,23.90,1859,26,1
2025-07-07,Sicilia,Subito Lavoro,AZ_IT_SUBITO_RETARGETING,20.80,2923,37,2
2025-07-07,Sicilia,Subito Lavoro,AZ_IT_SUBITO_SLOT_PREMIUM,64.63,6066,85,6
2025-07-07,Sicilia,Subito Lavoro,AZ_IT_SUBITO_SPONSORED_ANNUNCI,41.08,3150,51,3
2025-07-07,Toscana,Subito Lavoro,AZ_IT_SUBITO_RETARGETING,15.76,2313,27,2
2025-07-07,Toscana,Subito Lavoro,AZ_IT_SUBITO_SLOT_PREMIUM,55.64,5171,65,7
2025-07-07,Toscana,Subito Lavoro,AZ_IT_SUBITO_SPONSORED_ANNUNCI,36.01,2834,50,3
2025-07-07,Trentino-Alto Adige,Subito Lavoro,AZ_IT_SUBITO_RETARGETING,8.70,1252,14,1
2025-07-07,Trentino-Alto Adige,Subito Lavoro,AZ_IT_SUBITO_SLOT_PREMIUM,21.34,1933,28,2
2025-07-07,Trentino-Alto Adige,Subito Lavoro,AZ_IT_SUBITO_SPONSORED_ANNUNCI,11.97,876,17,1
2025-07-07,Umbria,Subito Lavoro,AZ_IT_SUBITO_RETARGETING,3.59,523,7,1
2025-07-07,Umbria,Subito Lavoro,AZ_IT_SUBITO_SLOT_PREMIUM,9.06,865,12,1
2025-07-07,Umbria,Subito Lavoro,AZ_IT_SUBITO_SPONSORED_ANNUNCI,5.22,390,6,0
2025-07-07,Valle d'Aosta,Subito Lavoro,AZ_IT_SUBITO_RETARGETING,0.48,67,1,0
2025-07-07,Valle d'Aosta,Subito Lavoro,AZ_IT_SUBITO_SLOT_PREMIUM,1.87,163,2,0
2025-07-07,Valle d'Aosta,Subito Lavoro,AZ_IT_SUBITO_SPONSORED_ANNUNCI,1.26,95,2,0
2025-07-07,Veneto,Subito Lavoro,AZ_IT_SUBITO_RETARGETING,22.61,3104,34,2
2025-07-07,Veneto,Subito Lavoro,AZ_IT_SUBITO_SLOT_PREMIUM,72.62,6430,88,6
2025-07-07,Veneto,Subito Lavoro,AZ_IT_SUBITO_SPONSORED_ANNUNCI,21.25,1570,25,1
2025-07-14,Abruzzo,Subito Lavoro,AZ_IT_SUBITO_RETARGETING,3.79,538,6,0
2025-07-14,Abruzzo,Subito Lavoro,AZ_IT_SUBITO_SLOT_PREMIUM,24.41,2171,34,2
2025-07-14,Abruzzo,Subito Lavoro,AZ_IT_SUBITO_SPONSORED_ANNUNCI,18.63,1439,25,1
2025-07-14,Basilicata,Subito Lavoro,AZ_IT_SUBITO_RETARGETING,2.75,388,5,0
2025-07-14,Basilicata,Subito Lavoro,AZ_IT_SUBITO_SLOT_PREMIUM,9.45,852,11,1
2025-07-14,Basilicata,Subito Lavoro,AZ_IT_SUBITO_SPONSORED_ANNUNCI,7.05,542,10,0
2025-07-14,Calabria,Subito Lavoro,AZ_IT_SUBITO_RETARGETING,9.43,1354,16,1
2025-07-14,Calabria,Subito Lavoro,AZ_IT_SUBITO_SLOT_PREMIUM,47.28,4277,54,5
2025-07-14,Calabria,Subito Lavoro,AZ_IT_SUBITO_SPONSORED_ANNUNCI,30.58,2375,42,2
2025-07-14,Campania,Subito Lavoro,AZ_IT_SUBITO_RETARGETING,31.80,4665,59,3
2025-07-14,Campania,Subito Lavoro,AZ_IT_SUBITO_SLOT_PREMIUM,45.43,4241,58,4
2025-07-14,Campania,Subito Lavoro,AZ_IT_SUBITO_SPONSORED_ANNUNCI,86.73,6698,110,5
2025-07-14,Emilia-Romagna,Subito Lavoro,AZ_IT_SUBITO_RETARGETING,36.52,5115,57,3
2025-07-14,Emilia-Romagna,Subito Lavoro,AZ_IT_SUBITO_SLOT_PREMIUM,98.23,9540,122,8
2025-07-14,Emilia-Romagna,Subito Lavoro,AZ_IT_SUBITO_SPONSORED_ANNUNCI,65.40,5325,87,3
2025-07-14,Friuli-Venezia Giulia,Subito Lavoro,AZ_IT_SUBITO_RETARGETING,5.19,735,9,1
2025-07-14,Friuli-Venezia Giulia,Subito Lavoro,AZ_IT_SUBITO_SLOT_PREMIUM,15.46,1433,16,2
2025-07-14,Friuli-Venezia Giulia,Subito Lavoro,AZ_IT_SUBITO_SPONSORED_ANNUNCI,13.44,1056,19,1
2025-07-14,Lazio,Subito Lavoro,AZ_IT_SUBITO_RETARGETING,30.23,4367,62,4
2025-07-14,Lazio,Subito Lavoro,AZ_IT_SUBITO_SLOT_PREMIUM,58.26,5307,84,6
2025-07-14,Lazio,Subito Lavoro,AZ_IT_SUBITO_SPONSORED_ANNUNCI,42.67,3338,62,3
2025-07-14,Liguria,Subito Lavoro,AZ_IT_SUBITO_RETARGETING,5.57,747,8,0
2025-07-14,Liguria,Subito Lavoro,AZ_IT_SUBITO_SLOT_PREMIUM,37.32,3546,47,2
2025-07-14,Liguria,Subito Lavoro,AZ_IT_SUBITO_SPONSORED_ANNUNCI,10.92,835,14,0
2025-07-14,Lombardia,Subito Lavoro,AZ_IT_SUBITO_RETARGETING,34.25,5003,56,3
2025-07-14,Lombardia,Subito Lavoro,AZ_IT_SUBITO_SLOT_PREMIUM,233.15,21328,322,21
2025-07-14,Lombardia,Subito Lavoro,AZ_IT_SUBITO_SPONSORED_ANNUNCI,94.78,7651,134,5
2025-07-14,Marche,Subito Lavoro,AZ_IT_SUBITO_RETARGETING,7.29,983,11,1
2025-07-14,Marche,Subito Lavoro,AZ_IT_SUBITO_SLOT_PREMIUM,26.19,2387,34,3
2025-07-14,Marche,Subito Lavoro,AZ_IT_SUBITO_SPONSORED_ANNUNCI,15.94,1216,19,1
2025-07-14,Molise,Subito Lavoro,AZ_IT_SUBITO_RETARGETING,1.37,189,2,0
2025-07-14,Molise,Subito Lavoro,AZ_IT_SUBITO_SLOT_PREMIUM,3.38,311,5,0
2025-07-14,Molise,Subito Lavoro,AZ_IT_SUBITO_SPONSORED_ANNUNCI,2.53,198,3,0
2025-07-14,Piemonte,Subito Lavoro,AZ_IT_SUBITO_RETARGETING,15.64,2344,24,1
2025-07-14,Piemonte,Subito Lavoro,AZ_IT_SUBITO_SLOT_PREMIUM,64.06,5887,77,4
2025-07-14,Piemonte,Subito Lavoro,AZ_IT_SUBITO_SPONSORED_ANNUNCI,49.11,3742,66,2
2025-07-14,Puglia,Subito Lavoro,AZ_IT_SUBITO_RETARGETING,16.92,2450,33,1
2025-07-14,Puglia,Subito Lavoro,AZ_IT_SUBITO_SLOT_PREMIUM,167.39,15655,251,8
2025-07-14,Puglia,Subito Lavoro,AZ_IT_SUBITO_SPONSORED_ANNUNCI,45.49,3524,58,1
2025-07-14,Sardegna,Subito Lavoro,AZ_IT_SUBITO_RETARGETING,11.60,1697,20,1
2025-07-14,Sardegna,Subito Lavoro,AZ_IT_SUBITO_SLOT_PREMIUM,35.39,3014,39,2
2025-07-14,Sardegna,Subito Lavoro,AZ_IT_SUBITO_SPONSORED_ANNUNCI,32.54,2541,43,1
2025-07-14,Sicilia,Subito Lavoro,AZ_IT_SUBITO_RETARGETING,18.65,2593,29,2
2025-07-14,Sicilia,Subito Lavoro,AZ_IT_SUBITO_SLOT_PREMIUM,69.00,6379,90,5
2025-07-14,Sicilia,Subito Lavoro,AZ_IT_SUBITO_SPONSORED_ANNUNCI,48.48,3832,69,3
2025-07-14,Toscana,Subito Lavoro,AZ_IT_SUBITO_RETARGETING,13.28,1865,24,2
2025-07-14,Toscana,Subito Lavoro,AZ_IT_SUBITO_SLOT_PREMIUM,60.62,5549,75,7
2025-07-14,Toscana,Subito Lavoro,AZ_IT_SUBITO_SPONSORED_ANNUNCI,41.03,3056,54,3
2025-07-14,Trentino-Alto Adige,Subito Lavoro,AZ_IT_SUBITO_RETARGETING,7.87,1112,13,1
2025-07-14,Trentino-Alto Adige,Subito Lavoro,AZ_IT_SUBITO_SLOT_PREMIUM,20.50,1854,28,2
2025-07-14,Trentino-Alto Adige,Subito Lavoro,AZ_IT_SUBITO_SPONSORED_ANNUNCI,13.23,1023,17,1
2025-07-14,Umbria,Subito Lavoro,AZ_IT_SUBITO_RETARGETING,3.30,477,6,0
2025-07-14,Umbria,Subito Lavoro,AZ_IT_SUBITO_SLOT_PREMIUM,10.27,961,14,1
2025-07-14,Umbria,Subito Lavoro,AZ_IT_SUBITO_SPONSORED_ANNUNCI,6.74,503,9,1
2025-07-14,Valle d'Aosta,Subito Lavoro,AZ_IT_SUBITO_RETARGETING,0.40,59,1,0
2025-07-14,Valle d'Aosta,Subito Lavoro,AZ_IT_SUBITO_SLOT_PREMIUM,1.81,168,2,0
2025-07-14,Valle d'Aosta,Subito Lavoro,AZ_IT_SUBITO_SPONSORED_ANNUNCI,1.34,102,2,0
2025-07-14,Veneto,Subito Lavoro,AZ_IT_SUBITO_RETARGETING,21.00,3052,36,2
2025-07-14,Veneto,Subito Lavoro,AZ_IT_SUBITO_SLOT_PREMIUM,64.57,5775,79,6
2025-07-14,Veneto,Subito Lavoro,AZ_IT_SUBITO_SPONSORED_ANNUNCI,25.85,1995,37,1
2025-07-21,Abruzzo,Subito Lavoro,AZ_IT_SUBITO_RETARGETING,3.62,519,6,0
2025-07-21,Abruzzo,Subito Lavoro,AZ_IT_SUBITO_SLOT_PREMIUM,17.14,1563,24,2
2025-07-21,Abruzzo,Subito Lavoro,AZ_IT_SUBITO_SPONSORED_ANNUNCI,17.09,1326,22,1
2025-07-21,Basilicata,Subito Lavoro,AZ_IT_SUBITO_RETARGETING,2.41,345,4,0
2025-07-21,Basilicata,Subito Lavoro,AZ_IT_SUBITO_SLOT_PREMIUM,6.70,621,8,1
2025-07-21,Basilicata,Subito Lavoro,AZ_IT_SUBITO_SPONSORED_ANNUNCI,4.46,342,6,0
2025-07-21,Calabria,Subito Lavoro,AZ_IT_SUBITO_RETARGETING,8.22,1170,14,1
2025-07-21,Calabria,Subito Lavoro,AZ_IT_SUBITO_SLOT_PREMIUM,34.60,3133,43,5
2025-07-21,Calabria,Subito Lavoro,AZ_IT_SUBITO_SPONSORED_ANNUNCI,16.11,1204,19,1
2025-07-21,Campania,Subito Lavoro,AZ_IT_SUBITO_RETARGETING,24.54,3461,39,3
2025-07-21,Campania,Subito Lavoro,AZ_IT_SUBITO_SLOT_PREMIUM,40.40,3578,50,4
2025-07-21,Campania,Subito Lavoro,AZ_IT_SUBITO_SPONSORED_ANNUNCI,58.27,4587,82,4
2025-07-21,Emilia-Romagna,Subito Lavoro,AZ_IT_SUBITO_RETARGETING,27.73,3784,52,3
2025-07-21,Emilia-Romagna,Subito Lavoro,AZ_IT_SUBITO_SLOT_PREMIUM,74.25,6780,92,6
2025-07-21,Emilia-Romagna,Subito Lavoro,AZ_IT_SUBITO_SPONSORED_ANNUNCI,42.27,3091,56,2
2025-07-21,Friuli-Venezia Giulia,Subito Lavoro,AZ_IT_SUBITO_RETARGETING,3.98,561,7,1
2025-07-21,Friuli-Venezia Giulia,Subito Lavoro,AZ_IT_SUBITO_SLOT_PREMIUM,9.29,881,13,1
2025-07-21,Friuli-Venezia Giulia,Subito Lavoro,AZ_IT_SUBITO_SPONSORED_ANNUNCI,9.53,740,13,1
2025-07-21,Lazio,Subito Lavoro,AZ_IT_SUBITO_RETARGETING,23.52,3528,41,3
2025-07-21,Lazio,Subito Lavoro,AZ_IT_SUBITO_SLOT_PREMIUM,55.53,5018,67,6
2025-07-21,Lazio,Subito Lavoro,AZ_IT_SUBITO_SPONSORED_ANNUNCI,29.57,2283,43,2
2025-07-21,Liguria,Subito Lavoro,AZ_IT_SUBITO_RETARGETING,4.25,601,8,0
2025-07-21,Liguria,Subito Lavoro,AZ_IT_SUBITO_SLOT_PREMIUM,28.68,2650,37,2
2025-07-21,Liguria,Subito Lavoro,AZ_IT_SUBITO_SPONSORED_ANNUNCI,10.15,782,14,1
2025-07-21,Lombardia,Subito Lavoro,AZ_IT_SUBITO_RETARGETING,30.65,4335,54,3
2025-07-21,Lombardia,Subito Lavoro,AZ_IT_SUBITO_SLOT_PREMIUM,220.29,21478,317,17
2025-07-21,Lombardia,Subito Lavoro,AZ_IT_SUBITO_SPONSORED_ANNUNCI,79.33,6349,102,5
2025-07-21,Marche,Subito Lavoro,AZ_IT_SUBITO_RETARGETING,6.13,869,11,1
2025-07-21,Marche,Subito Lavoro,AZ_IT_SUBITO_SLOT_PREMIUM,18.97,1613,23,3
2025-07-21,Marche,Subito Lavoro,AZ_IT_SUBITO_SPONSORED_ANNUNCI,8.86,686,12,1
2025-07-21,Molise,Subito Lavoro,AZ_IT_SUBITO_RETARGETING,1.02,143,2,0
2025-07-21,Molise,Subito Lavoro,AZ_IT_SUBITO_SLOT_PREMIUM,2.70,252,4,0
2025-07-21,Molise,Subito Lavoro,AZ_IT_SUBITO_SPONSORED_ANNUNCI,1.61,131,2,0
2025-07-21,Piemonte,Subito Lavoro,AZ_IT_SUBITO_RETARGETING,13.90,1969,22,1
2025-07-21,Piemonte,Subito Lavoro,AZ_IT_SUBITO_SLOT_PREMIUM,49.64,4406,60,4
2025-07-21,Piemonte,Subito Lavoro,AZ_IT_SUBITO_SPONSORED_ANNUNCI,33.87,2720,48,2
2025-07-21,Puglia,Subito Lavoro,AZ_IT_SUBITO_RETARGETING,13.81,1921,24,1
2025-07-21,Puglia,Subito Lavoro,AZ_IT_SUBITO_SLOT_PREMIUM,111.73,9964,135,6
2025-07-21,Puglia,Subito Lavoro,AZ_IT_SUBITO_SPONSORED_ANNUNCI,33.49,2531,51,1
2025-07-21,Sardegna,Subito Lavoro,AZ_IT_SUBITO_RETARGETING,9.73,1395,16,1
2025-07-21,Sardegna,Subito Lavoro,AZ_IT_SUBITO_SLOT_PREMIUM,28.75,2592,37,3
2025-07-21,Sardegna,Subito Lavoro,AZ_IT_SUBITO_SPONSORED_ANNUNCI,24.36,1875,35,2
2025-07-21,Sicilia,Subito Lavoro,AZ_IT_SUBITO_RETARGETING,14.52,2115,26,2
2025-07-21,Sicilia,Subito Lavoro,AZ_IT_SUBITO_SLOT_PREMIUM,52.91,4703,65,5
2025-07-21,Sicilia,Subito Lavoro,AZ_IT_SUBITO_SPONSORED_ANNUNCI,38.75,2942,54,2
2025-07-21,Toscana,Subito Lavoro,AZ_IT_SUBITO_RETARGETING,11.05,1534,20,2
2025-07-21,Toscana,Subito Lavoro,AZ_IT_SUBITO_SLOT_PREMIUM,45.77,4238,60,6
2025-07-21,Toscana,Subito Lavoro,AZ_IT_SUBITO_SPONSORED_ANNUNCI,30.16,2410,37,3
2025-07-21,Trentino-Alto Adige,Subito Lavoro,AZ_IT_SUBITO_RETARGETING,6.17,901,12,1
2025-07-21,Trentino-Alto Adige,Subito Lavoro,AZ_IT_SUBITO_SLOT_PREMIUM,14.10,1234,17,2
2025-07-21,Trentino-Alto Adige,Subito Lavoro,AZ_IT_SUBITO_SPONSORED_ANNUNCI,9.08,710,13,1
2025-07-21,Umbria,Subito Lavoro,AZ_IT_SUBITO_RETARGETING,2.66,384,4,0
2025-07-21,Umbria,Subito Lavoro,AZ_IT_SUBITO_SLOT_PREMIUM,7.54,703,10,1
2025-07-21,Umbria,Subito Lavoro,AZ_IT_SUBITO_SPONSORED_ANNUNCI,4.98,371,7,1
2025-07-21,Valle d'Aosta,Subito Lavoro,AZ_IT_SUBITO_RETARGETING,0.31,43,1,0
2025-07-21,Valle d'Aosta,Subito Lavoro,AZ_IT_SUBITO_SLOT_PREMIUM,1.19,112,2,0
2025-07-21,Valle d'Aosta,Subito Lavoro,AZ_IT_SUBITO_SPONSORED_ANNUNCI,0.98,78,1,0
2025-07-21,Veneto,Subito Lavoro,AZ_IT_SUBITO_RETARGETING,18.30,2685,35,2
2025-07-21,Veneto,Subito Lavoro,AZ_IT_SUBITO_SLOT_PREMIUM,46.12,3992,58,5
2025-07-21,Veneto,Subito Lavoro,AZ_IT_SUBITO_SPONSORED_ANNUNCI,20.16,1556,23,1
2025-07-28,Abruzzo,Subito Lavoro,AZ_IT_SUBITO_RETARGETING,4.07,587,7,0
2025-07-28,Abruzzo,Subito Lavoro,AZ_IT_SUBITO_SLOT_PREMIUM,22.94,1992,27,2
2025-07-28,Abruzzo,Subito Lavoro,AZ_IT_SUBITO_SPONSORED_ANNUNCI,16.37,1294,21,1
2025-07-28,Basilicata,Subito Lavoro,AZ_IT_SUBITO_RETARGETING,2.19,303,4,0
2025-07-28,Basilicata,Subito Lavoro,AZ_IT_SUBITO_SLOT_PREMIUM,8.73,781,11,1
2025-07-28,Basilicata,Subito Lavoro,AZ_IT_SUBITO_SPONSORED_ANNUNCI,3.82,282,5,0
2025-07-28,Calabria,Subito Lavoro,AZ_IT_SUBITO_RETARGETING,9.54,1352,16,1
2025-07-28,Calabria,Subito Lavoro,AZ_IT_SUBITO_SLOT_PREMIUM,44.39,4166,57,4
2025-07-28,Calabria,Subito Lavoro,AZ_IT_SUBITO_SPONSORED_ANNUNCI,16.50,1266,19,1
2025-07-28,Campania,Subito Lavoro,AZ_IT_SUBITO_RETARGETING,31.20,4587,55,3
2025-07-28,Campania,Subito Lavoro,AZ_IT_SUBITO_SLOT_PREMIUM,54.56,4852,79,5
2025-07-28,Campania,Subito Lavoro,AZ_IT_SUBITO_SPONSORED_ANNUNCI,60.33,4699,89,4
2025-07-28,Emilia-Romagna,Subito Lavoro,AZ_IT_SUBITO_RETARGETING,22.70,3254,42,2
2025-07-28,Emilia-Romagna,Subito Lavoro,AZ_IT_SUBITO_SLOT_PREMIUM,115.60,10570,161,8
2025-07-28,Emilia-Romagna,Subito Lavoro,AZ_IT_SUBITO_SPONSORED_ANNUNCI,42.54,3218,57,2
2025-07-28,Friuli-Venezia Giulia,Subito Lavoro,AZ_IT_SUBITO_RETARGETING,3.39,477,5,1
2025-07-28,Friuli-Venezia Giulia,Subito Lavoro,AZ_IT_SUBITO_SLOT_PREMIUM,12.16,1057,17,2
2025-07-28,Friuli-Venezia Giulia,Subito Lavoro,AZ_IT_SUBITO_SPONSORED_ANNUNCI,9.20,718,12,1
2025-07-28,Lazio,Subito Lavoro,AZ_IT_SUBITO_RETARGETING,27.42,3942,44,3
2025-07-28,Lazio,Subito Lavoro,AZ_IT_SUBITO_SLOT_PREMIUM,88.20,7822,109,9
2025-07-28,Lazio,Subito Lavoro,AZ_IT_SUBITO_SPONSORED_ANNUNCI,25.91,1963,31,2
2025-07-28,Liguria,Subito Lavoro,AZ_IT_SUBITO_RETARGETING,4.51,632,8,0
2025-07-28,Liguria,Subito Lavoro,AZ_IT_SUBITO_SLOT_PREMIUM,30.81,2713,36,2
2025-07-28,Liguria,Subito Lavoro,AZ_IT_SUBITO_SPONSORED_ANNUNCI,9.21,713,12,0
2025-07-28,Lombardia,Subito Lavoro,AZ_IT_SUBITO_RETARGETING,29.82,4225,49,3
2025-07-28,Lombardia,Subito Lavoro,AZ_IT_SUBITO_SLOT_PREMIUM,202.93,18008,205,18
2025-07-28,Lombardia,Subito Lavoro,AZ_IT_SUBITO_SPONSORED_ANNUNCI,80.30,6328,99,5
2025-07-28,Marche,Subito Lavoro,AZ_IT_SUBITO_RETARGETING,6.79,969,12,1
2025-07-28,Marche,Subito Lavoro,AZ_IT_SUBITO_SLOT_PREMIUM,26.81,2430,32,3
2025-07-28,Marche,Subito Lavoro,AZ_IT_SUBITO_SPONSORED_ANNUNCI,9.68,753,13,1
2025-07-28,Molise,Subito Lavoro,AZ_IT_SUBITO_RETARGETING,1.01,151,2,0
2025-07-28,Molise,Subito Lavoro,AZ_IT_SUBITO_SLOT_PREMIUM,3.23,295,4,0
2025-07-28,Molise,Subito Lavoro,AZ_IT_SUBITO_SPONSORED_ANNUNCI,1.50,111,2,0
2025-07-28,Piemonte,Subito Lavoro,AZ_IT_SUBITO_RETARGETING,14.87,2076,21,1
2025-07-28,Piemonte,Subito Lavoro,AZ_IT_SUBITO_SLOT_PREMIUM,51.77,4751,73,4
2025-07-28,Piemonte,Subito Lavoro,AZ_IT_SUBITO_SPONSORED_ANNUNCI,24.19,1941,32,1
2025-07-28,Puglia,Subito Lavoro,AZ_IT_SUBITO_RETARGETING,18.25,2699,32,1
2025-07-28,Puglia,Subito Lavoro,AZ_IT_SUBITO_SLOT_PREMIUM,131.15,11484,154,6
2025-07-28,Puglia,Subito Lavoro,AZ_IT_SUBITO_SPONSORED_ANNUNCI,36.24,2859,52,1
2025-07-28,Sardegna,Subito Lavoro,AZ_IT_SUBITO_RETARGETING,8.69,1140,15,1
2025-07-28,Sardegna,Subito Lavoro,AZ_IT_SUBITO_SLOT_PREMIUM,32.55,3084,42,2
2025-07-28,Sardegna,Subito Lavoro,AZ_IT_SUBITO_SPONSORED_ANNUNCI,24.74,1922,30,1
2025-07-28,Sicilia,Subito Lavoro,AZ_IT_SUBITO_RETARGETING,16.23,2307,28,1
2025-07-28,Sicilia,Subito Lavoro,AZ_IT_SUBITO_SLOT_PREMIUM,72.35,6522,96,6
2025-07-28,Sicilia,Subito Lavoro,AZ_IT_SUBITO_SPONSORED_ANNUNCI,31.06,2523,37,2
2025-07-28,Toscana,Subito Lavoro,AZ_IT_SUBITO_RETARGETING,10.85,1565,18,1
2025-07-28,Toscana,Subito Lavoro,AZ_IT_SUBITO_SLOT_PREMIUM,56.51,5320,64,7
2025-07-28,Toscana,Subito Lavoro,AZ_IT_SUBITO_SPONSORED_ANNUNCI,29.22,2244,41,3
2025-07-28,Trentino-Alto Adige,Subito Lavoro,AZ_IT_SUBITO_RETARGETING,7.22,1057,12,1
2025-07-28,Trentino-Alto Adige,Subito Lavoro,AZ_IT_SUBITO_SLOT_PREMIUM,21.47,1998,29,2
2025-07-28,Trentino-Alto Adige,Subito Lavoro,AZ_IT_SUBITO_SPONSORED_ANNUNCI,8.97,707,11,1
2025-07-28,Umbria,Subito Lavoro,AZ_IT_SUBITO_RETARGETING,2.79,405,5,0
2025-07-28,Umbria,Subito Lavoro,AZ_IT_SUBITO_SLOT_PREMIUM,9.87,914,14,1
2025-07-28,Umbria,Subito Lavoro,AZ_IT_SUBITO_SPONSORED_ANNUNCI,5.74,417,7,0
2025-07-28,Valle d'Aosta,Subito Lavoro,AZ_IT_SUBITO_RETARGETING,0.39,52,1,0
2025-07-28,Valle d'Aosta,Subito Lavoro,AZ_IT_SUBITO_SLOT_PREMIUM,1.57,149,2,0
2025-07-28,Valle d'Aosta,Subito Lavoro,AZ_IT_SUBITO_SPONSORED_ANNUNCI,1.05,84,1,0
2025-07-28,Veneto,Subito Lavoro,AZ_IT_SUBITO_RETARGETING,18.48,2737,33,2
2025-07-28,Veneto,Subito Lavoro,AZ_IT_SUBITO_SLOT_PREMIUM,55.89,4968,71,6
2025-07-28,Veneto,Subito Lavoro,AZ_IT_SUBITO_SPONSORED_ANNUNCI,21.52,1693,29,1
2025-08-04,Abruzzo,Subito Lavoro,AZ_IT_SUBITO_RETARGETING,5.01,694,9,0
2025-08-04,Abruzzo,Subito Lavoro,AZ_IT_SUBITO_SLOT_PREMIUM,21.56,1993,28,2
2025-08-04,Abruzzo,Subito Lavoro,AZ_IT_SUBITO_SPONSORED_ANNUNCI,18.47,1487,28,1
2025-08-04,Basilicata,Subito Lavoro,AZ_IT_SUBITO_RETARGETING,2.35,327,4,0
2025-08-04,Basilicata,Subito Lavoro,AZ_IT_SUBITO_SLOT_PREMIUM,7.63,641,9,1
2025-08-04,Basilicata,Subito Lavoro,AZ_IT_SUBITO_SPONSORED_ANNUNCI,3.75,283,5,0
2025-08-04,Calabria,Subito Lavoro,AZ_IT_SUBITO_RETARGETING,11.14,1517,19,1
2025-08-04,Calabria,Subito Lavoro,AZ_IT_SUBITO_SLOT_PREMIUM,43.58,3997,59,4
2025-08-04,Calabria,Subito Lavoro,AZ_IT_SUBITO_SPONSORED_ANNUNCI,21.90,1793,27,2
2025-08-04,Campania,Subito Lavoro,AZ_IT_SUBITO_RETARGETING,39.97,5803,68,4
2025-08-04,Campania,Subito Lavoro,AZ_IT_SUBITO_SLOT_PREMIUM,41.78,3855,58,4
2025-08-04,Campania,Subito Lavoro,AZ_IT_SUBITO_SPONSORED_ANNUNCI,62.79,4946,77,4
2025-08-04,Emilia-Romagna,Subito Lavoro,AZ_IT_SUBITO_RETARGETING,32.40,4690,51,3
2025-08-04,Emilia-Romagna,Subito Lavoro,AZ_IT_SUBITO_SLOT_PREMIUM,94.50,8388,118,7
2025-08-04,Emilia-Romagna,Subito Lavoro,AZ_IT_SUBITO_SPONSORED_ANNUNCI,47.45,3745,64,2
2025-08-04,Friuli-Venezia Giulia,Subito Lavoro,AZ_IT_SUBITO_RETARGETING,4.53,640,8,1
2025-08-04,Friuli-Venezia Giulia,Subito Lavoro,AZ_IT_SUBITO_SLOT_PREMIUM,11.06,1009,14,1
2025-08-04,Friuli-Venezia Giulia,Subito Lavoro,AZ_IT_SUBITO_SPONSORED_ANNUNCI,14.15,1060,17,1
2025-08-04,Lazio,Subito Lavoro,AZ_IT_SUBITO_RETARGETING,27.14,3750,39,3
2025-08-04,Lazio,Subito Lavoro,AZ_IT_SUBITO_SLOT_PREMIUM,65.71,5660,75,6
2025-08-04,Lazio,Subito Lavoro,AZ_IT_SUBITO_SPONSORED_ANNUNCI,30.36,2373,38,2
2025-08-04,Liguria,Subito Lavoro,AZ_IT_SUBITO_RETARGETING,5.71,821,10,0
2025-08-04,Liguria,Subito Lavoro,AZ_IT_SUBITO_SLOT_PREMIUM,25.38,2232,32,2
2025-08-04,Liguria,Subito Lavoro,AZ_IT_SUBITO_SPONSORED_ANNUNCI,11.48,892,13,1
2025-08-04,Lombardia,Subito Lavoro,AZ_IT_SUBITO_RETARGETING,44.36,6008,85,4
2025-08-04,Lombardia,Subito Lavoro,AZ_IT_SUBITO_SLOT_PREMIUM,174.35,15842,228,16
2025-08-04,Lombardia,Subito Lavoro,AZ_IT_SUBITO_SPONSORED_ANNUNCI,103.34,7986,138,7
2025-08-04,Marche,Subito Lavoro,AZ_IT_SUBITO_RETARGETING,8.64,1340,16,1
2025-08-04,Marche,Subito Lavoro,AZ_IT_SUBITO_SLOT_PREMIUM,23.81,2082,28,3
2025-08-04,Marche,Subito Lavoro,AZ_IT_SUBITO_SPONSORED_ANNUNCI,12.28,958,17,1
2025-08-04,Molise,Subito Lavoro,AZ_IT_SUBITO_RETARGETING,1.37,196,2,0
2025-08-04,Molise,Subito Lavoro,AZ_IT_SUBITO_SLOT_PREMIUM,2.92,281,4,0
2025-08-04,Molise,Subito Lavoro,AZ_IT_SUBITO_SPONSORED_ANNUNCI,1.49,109,2,0
2025-08-04,Piemonte,Subito Lavoro,AZ_IT_SUBITO_RETARGETING,17.66,2627,30,1
2025-08-04,Piemonte,Subito Lavoro,AZ_IT_SUBITO_SLOT_PREMIUM,52.14,4819,79,4
2025-08-04,Piemonte,Subito Lavoro,AZ_IT_SUBITO_SPONSORED_ANNUNCI,38.40,3042,49,2
2025-08-04,Puglia,Subito Lavoro,AZ_IT_SUBITO_RETARGETING,17.87,2607,33,1
2025-08-04,Puglia,Subito Lavoro,AZ_IT_SUBITO_SLOT_PREMIUM,107.91,9785,151,6
2025-08-04,Puglia,Subito Lavoro,AZ_IT_SUBITO_SPONSORED_ANNUNCI,41.40,3107,54,2
2025-08-04,Sardegna,Subito Lavoro,AZ_IT_SUBITO_RETARGETING,8.68,1233,15,1
2025-08-04,Sardegna,Subito Lavoro,AZ_IT_SUBITO_SLOT_PREMIUM,31.55,2889,46,2
2025-08-04,Sardegna,Subito Lavoro,AZ_IT_SUBITO_SPONSORED_ANNUNCI,28.77,2213,39,1
2025-08-04,Sicilia,Subito Lavoro,AZ_IT_SUBITO_RETARGETING,20.92,2925,32,2
2025-08-04,Sicilia,Subito Lavoro,AZ_IT_SUBITO_SLOT_PREMIUM,65.44,6022,89,5
2025-08-04,Sicilia,Subito Lavoro,AZ_IT_SUBITO_SPONSORED_ANNUNCI,38.15,2915,50,2
2025-08-04,Toscana,Subito Lavoro,AZ_IT_SUBITO_RETARGETING,12.84,1887,22,2
2025-08-04,Toscana,Subito Lavoro,AZ_IT_SUBITO_SLOT_PREMIUM,54.90,4818,75,6
2025-08-04,Toscana,Subito Lavoro,AZ_IT_SUBITO_SPONSORED_ANNUNCI,31.25,2405,41,2
2025-08-04,Trentino-Alto Adige,Subito Lavoro,AZ_IT_SUBITO_RETARGETING,8.67,1239,15,1
2025-08-04,Trentino-Alto Adige,Subito Lavoro,AZ_IT_SUBITO_SLOT_PREMIUM,19.33,1784,24,2
2025-08-04,Trentino-Alto Adige,Subito Lavoro,AZ_IT_SUBITO_SPONSORED_ANNUNCI,10.14,749,12,1
2025-08-04,Umbria,Subito Lavoro,AZ_IT_SUBITO_RETARGETING,3.10,456,6,0
2025-08-04,Umbria,Subito Lavoro,AZ_IT_SUBITO_SLOT_PREMIUM,8.33,767,12,1
2025-08-04,Umbria,Subito Lavoro,AZ_IT_SUBITO_SPONSORED_ANNUNCI,6.33,465,8,0
2025-08-04,Valle d'Aosta,Subito Lavoro,AZ_IT_SUBITO_RETARGETING,0.47,67,1,0
2025-08-04,Valle d'Aosta,Subito Lavoro,AZ_IT_SUBITO_SLOT_PREMIUM,1.24,111,2,0
2025-08-04,Valle d'Aosta,Subito Lavoro,AZ_IT_SUBITO_SPONSORED_ANNUNCI,1.13,86,2,0
2025-08-04,Veneto,Subito Lavoro,AZ_IT_SUBITO_RETARGETING,19.34,2908,35,2
2025-08-04,Veneto,Subito Lavoro,AZ_IT_SUBITO_SLOT_PREMIUM,44.61,4115,62,4
2025-08-04,Veneto,Subito Lavoro,AZ_IT_SUBITO_SPONSORED_ANNUNCI,28.69,2097,33,2
2025-08-11,Abruzzo,Subito Lavoro,AZ_IT_SUBITO_RETARGETING,3.12,452,5,0
2025-08-11,Abruzzo,Subito Lavoro,AZ_IT_SUBITO_SLOT_PREMIUM,15.50,1399,20,2
2025-08-11,Abruzzo,Subito Lavoro,AZ_IT_SUBITO_SPONSORED_ANNUNCI,12.85,959,16,1
2025-08-11,Basilicata,Subito Lavoro,AZ_IT_SUBITO_RETARGETING,2.50,349,4,0
2025-08-11,Basilicata,Subito Lavoro,AZ_IT_SUBITO_SLOT_PREMIUM,5.94,548,7,1
2025-08-11,Basilicata,Subito Lavoro,AZ_IT_SUBITO_SPONSORED_ANNUNCI,3.22,252,4,0
2025-08-11,Calabria,Subito Lavoro,AZ_IT_SUBITO_RETARGETING,6.02,885,10,1
2025-08-11,Calabria,Subito Lavoro,AZ_IT_SUBITO_SLOT_PREMIUM,28.00,2638,36,4
2025-08-11,Calabria,Subito Lavoro,AZ_IT_SUBITO_SPONSORED_ANNUNCI,11.85,902,16,1
2025-08-11,Campania,Subito Lavoro,AZ_IT_SUBITO_RETARGETING,28.91,4169,49,3
2025-08-11,Campania,Subito Lavoro,AZ_IT_SUBITO_SLOT_PREMIUM,39.13,3555,55,5
2025-08-11,Campania,Subito Lavoro,AZ_IT_SUBITO_SPONSORED_ANNUNCI,48.78,3723,59,3
2025-08-11,Emilia-Romagna,Subito Lavoro,AZ_IT_SUBITO_RETARGETING,22.40,3147,36,3
2025-08-11,Emilia-Romagna,Subito Lavoro,AZ_IT_SUBITO_SLOT_PREMIUM,61.67,5922,78,7
2025-08-11,Emilia-Romagna,Subito Lavoro,AZ_IT_SUBITO_SPONSORED_ANNUNCI,30.22,2427,41,2
2025-08-11,Friuli-Venezia Giulia,Subito Lavoro,AZ_IT_SUBITO_RETARGETING,3.85,545,7,1
2025-08-11,Friuli-Venezia Giulia,Subito Lavoro,AZ_IT_SUBITO_SLOT_PREMIUM,7.15,642,9,1
2025-08-11,Friuli-Venezia Giulia,Subito Lavoro,AZ_IT_SUBITO_SPONSORED_ANNUNCI,8.55,609,10,1
2025-08-11,Lazio,Subito Lavoro,AZ_IT_SUBITO_RETARGETING,19.47,2715,33,3
2025-08-11,Lazio,Subito Lavoro,AZ_IT_SUBITO_SLOT_PREMIUM,50.62,4458,61,6
2025-08-11,Lazio,Subito Lavoro,AZ_IT_SUBITO_SPONSORED_ANNUNCI,20.45,1551,23,2
2025-08-11,Liguria,Subito Lavoro,AZ_IT_SUBITO_RETARGETING,4.45,622,8,0
2025-08-11,Liguria,Subito Lavoro,AZ_IT_SUBITO_SLOT_PREMIUM,21.88,2002,30,1
2025-08-11,Liguria,Subito Lavoro,AZ_IT_SUBITO_SPONSORED_ANNUNCI,8.45,653,12,0
2025-08-11,Lombardia,Subito Lavoro,AZ_IT_SUBITO_RETARGETING,31.58,4602,62,3
2025-08-11,Lombardia,Subito Lavoro,AZ_IT_SUBITO_SLOT_PREMIUM,145.25,12798,161,14
2025-08-11,Lombardia,Subito Lavoro,AZ_IT_SUBITO_SPONSORED_ANNUNCI,65.82,5127,85,4
2025-08-11,Marche,Subito Lavoro,AZ_IT_SUBITO_RETARGETING,6.15,917,12,1
2025-08-11,Marche,Subito Lavoro,AZ_IT_SUBITO_SLOT_PREMIUM,15.88,1463,20,2
2025-08-11,Marche,Subito Lavoro,AZ_IT_SUBITO_SPONSORED_ANNUNCI,9.32,687,11,1
2025-08-11,Molise,Subito Lavoro,AZ_IT_SUBITO_RETARGETING,1.08,156,2,0
2025-08-11,Molise,Subito Lavoro,AZ_IT_SUBITO_SLOT_PREMIUM,2.53,222,3,0
2025-08-11,Molise,Subito Lavoro,AZ_IT_SUBITO_SPONSORED_ANNUNCI,1.09,85,1,0
2025-08-11,Piemonte,Subito Lavoro,AZ_IT_SUBITO_RETARGETING,13.71,1950,25,1
2025-08-11,Piemonte,Subito Lavoro,AZ_IT_SUBITO_SLOT_PREMIUM,50.49,4689,63,4
2025-08-11,Piemonte,Subito Lavoro,AZ_IT_SUBITO_SPONSORED_ANNUNCI,26.81,2037,34,2
2025-08-11,Puglia,Subito Lavoro,AZ_IT_SUBITO_RETARGETING,12.27,1742,20,1
2025-08-11,Puglia,Subito Lavoro,AZ_IT_SUBITO_SLOT_PREMIUM,65.22,5889,87,5
2025-08-11,Puglia,Subito Lavoro,AZ_IT_SUBITO_SPONSORED_ANNUNCI,18.37,1472,27,1
2025-08-11,Sardegna,Subito Lavoro,AZ_IT_SUBITO_RETARGETING,5.49,789,9,1
2025-08-11,Sardegna,Subito Lavoro,AZ_IT_SUBITO_SLOT_PREMIUM,23.34,2235,27,2
2025-08-11,Sardegna,Subito Lavoro,AZ_IT_SUBITO_SPONSORED_ANNUNCI,13.76,1086,20,1
2025-08-11,Sicilia,Subito Lavoro,AZ_IT_SUBITO_RETARGETING,11.38,1645,19,1
2025-08-11,Sicilia,Subito Lavoro,AZ_IT_SUBITO_SLOT_PREMIUM,33.37,3177,42,4
2025-08-11,Sicilia,Subito Lavoro,AZ_IT_SUBITO_SPONSORED_ANNUNCI,22.27,1699,29,2
2025-08-11,Toscana,Subito Lavoro,AZ_IT_SUBITO_RETARGETING,9.89,1369,15,1
2025-08-11,Toscana,Subito Lavoro,AZ_IT_SUBITO_SLOT_PREMIUM,39.80,3736,49,6
2025-08-11,Toscana,Subito Lavoro,AZ_IT_SUBITO_SPONSORED_ANNUNCI,26.37,2026,37,3
2025-08-11,Trentino-Alto Adige,Subito Lavoro,AZ_IT_SUBITO_RETARGETING,5.41,767,8,1
2025-08-11,Trentino-Alto Adige,Subito Lavoro,AZ_IT_SUBITO_SLOT_PREMIUM,11.77,1038,14,2
2025-08-11,Trentino-Alto Adige,Subito Lavoro,AZ_IT_SUBITO_SPONSORED_ANNUNCI,6.84,531,9,1
2025-08-11,Umbria,Subito Lavoro,AZ_IT_SUBITO_RETARGETING,2.43,351,4,0
2025-08-11,Umbria,Subito Lavoro,AZ_IT_SUBITO_SLOT_PREMIUM,7.52,666,9,1
2025-08-11,Umbria,Subito Lavoro,AZ_IT_SUBITO_SPONSORED_ANNUNCI,5.22,404,6,0
2025-08-11,Valle d'Aosta,Subito Lavoro,AZ_IT_SUBITO_RETARGETING,0.45,62,1,0
2025-08-11,Valle d'Aosta,Subito Lavoro,AZ_IT_SUBITO_SLOT_PREMIUM,1.08,99,1,0
2025-08-11,Valle d'Aosta,Subito Lavoro,AZ_IT_SUBITO_SPONSORED_ANNUNCI,0.87,67,1,0
2025-08-11,Veneto,Subito Lavoro,AZ_IT_SUBITO_RETARGETING,16.05,2397,28,2
2025-08-11,Veneto,Subito Lavoro,AZ_IT_SUBITO_SLOT_PREMIUM,34.42,3184,47,4
2025-08-11,Veneto,Subito Lavoro,AZ_IT_SUBITO_SPONSORED_ANNUNCI,20.17,1541,25,2
2025-08-18,Abruzzo,Subito Lavoro,AZ_IT_SUBITO_RETARGETING,4.27,659,7,0
2025-08-18,Abruzzo,Subito Lavoro,AZ_IT_SUBITO_SLOT_PREMIUM,22.34,2031,25,2
2025-08-18,Abruzzo,Subito Lavoro,AZ_IT_SUBITO_SPONSORED_ANNUNCI,16.75,1364,22,1
2025-08-18,Basilicata,Subito Lavoro,AZ_IT_SUBITO_RETARGETING,3.27,482,5,0
2025-08-18,Basilicata,Subito Lavoro,AZ_IT_SUBITO_SLOT_PREMIUM,8.45,764,11,1
2025-08-18,Basilicata,Subito Lavoro,AZ_IT_SUBITO_SPONSORED_ANNUNCI,4.50,355,6,0
2025-08-18,Calabria,Subito Lavoro,AZ_IT_SUBITO_RETARGETING,7.05,980,10,1
2025-08-18,Calabria,Subito Lavoro,AZ_IT_SUBITO_SLOT_PREMIUM,33.48,3095,43,4
2025-08-18,Calabria,Subito Lavoro,AZ_IT_SUBITO_SPONSORED_ANNUNCI,15.66,1216,24,1
2025-08-18,Campania,Subito Lavoro,AZ_IT_SUBITO_RETARGETING,33.99,4939,66,3
2025-08-18,Campania,Subito Lavoro,AZ_IT_SUBITO_SLOT_PREMIUM,49.25,4672,67,4
2025-08-18,Campania,Subito Lavoro,AZ_IT_SUBITO_SPONSORED_ANNUNCI,73.70,5772,93,4
2025-08-18,Emilia-Romagna,Subito Lavoro,AZ_IT_SUBITO_RETARGETING,24.54,3572,42,2
2025-08-18,Emilia-Romagna,Subito Lavoro,AZ_IT_SUBITO_SLOT_PREMIUM,67.58,6486,88,6
2025-08-18,Emilia-Romagna,Subito Lavoro,AZ_IT_SUBITO_SPONSORED_ANNUNCI,42.91,3229,56,2
2025-08-18,Friuli-Venezia Giulia,Subito Lavoro,AZ_IT_SUBITO_RETARGETING,4.11,575,7,0
2025-08-18,Friuli-Venezia Giulia,Subito Lavoro,AZ_IT_SUBITO_SLOT_PREMIUM,11.68,1118,17,1
2025-08-18,Friuli-Venezia Giulia,Subito Lavoro,AZ_IT_SUBITO_SPONSORED_ANNUNCI,12.32,941,16,1
2025-08-18,Lazio,Subito Lavoro,AZ_IT_SUBITO_RETARGETING,23.51,3297,42,3
2025-08-18,Lazio,Subito Lavoro,AZ_IT_SUBITO_SLOT_PREMIUM,60.29,5191,71,6
2025-08-18,Lazio,Subito Lavoro,AZ_IT_SUBITO_SPONSORED_ANNUNCI,26.64,1980,38,2
2025-08-18,Liguria,Subito Lavoro,AZ_IT_SUBITO_RETARGETING,5.85,815,9,0
2025-08-18,Liguria,Subito Lavoro,AZ_IT_SUBITO_SLOT_PREMIUM,27.04,2237,34,2
2025-08-18,Liguria,Subito Lavoro,AZ_IT_SUBITO_SPONSORED_ANNUNCI,12.95,995,16,1
2025-08-18,Lombardia,Subito Lavoro,AZ_IT_SUBITO_RETARGETING,37.09,5235,62,3
2025-08-18,Lombardia,Subito Lavoro,AZ_IT_SUBITO_SLOT_PREMIUM,236.43,21914,340,17
2025-08-18,Lombardia,Subito Lavoro,AZ_IT_SUBITO_SPONSORED_ANNUNCI,84.81,6325,120,5
2025-08-18,Marche,Subito Lavoro,AZ_IT_SUBITO_RETARGETING,7.30,1006,12,1
2025-08-18,Marche,Subito Lavoro,AZ_IT_SUBITO_SLOT_PREMIUM,22.13,2076,29,3
2025-08-18,Marche,Subito Lavoro,AZ_IT_SUBITO_SPONSORED_ANNUNCI,11.91,907,13,1
2025-08-18,Molise,Subito Lavoro,AZ_IT_SUBITO_RETARGETING,1.21,170,2,0
2025-08-18,Molise,Subito Lavoro,AZ_IT_SUBITO_SLOT_PREMIUM,2.94,275,4,0
2025-08-18,Molise,Subito Lavoro,AZ_IT_SUBITO_SPONSORED_ANNUNCI,1.78,136,2,0
2025-08-18,Piemonte,Subito Lavoro,AZ_IT_SUBITO_RETARGETING,17.82,2595,31,1
2025-08-18,Piemonte,Subito Lavoro,AZ_IT_SUBITO_SLOT_PREMIUM,51.60,4828,69,3
2025-08-18,Piemonte,Subito Lavoro,AZ_IT_SUBITO_SPONSORED_ANNUNCI,33.42,2524,45,2
2025-08-18,Puglia,Subito Lavoro,AZ_IT_SUBITO_RETARGETING,13.67,1904,23,1
2025-08-18,Puglia,Subito Lavoro,AZ_IT_SUBITO_SLOT_PREMIUM,88.02,8259,118,6
2025-08-18,Puglia,Subito Lavoro,AZ_IT_SUBITO_SPONSORED_ANNUNCI,26.84,2117,31,1
2025-08-18,Sardegna,Subito Lavoro,AZ_IT_SUBITO_RETARGETING,8.38,1231,14,1
2025-08-18,Sardegna,Subito Lavoro,AZ_IT_SUBITO_SLOT_PREMIUM,27.57,2508,30,2
2025-08-18,Sardegna,Subito Lavoro,AZ_IT_SUBITO_SPONSORED_ANNUNCI,18.02,1483,25,1
2025-08-18,Sicilia,Subito Lavoro,AZ_IT_SUBITO_RETARGETING,13.29,1839,21,1
2025-08-18,Sicilia,Subito Lavoro,AZ_IT_SUBITO_SLOT_PREMIUM,54.11,4978,55,4
2025-08-18,Sicilia,Subito Lavoro,AZ_IT_SUBITO_SPONSORED_ANNUNCI,36.52,2682,41,2
2025-08-18,Toscana,Subito Lavoro,AZ_IT_SUBITO_RETARGETING,13.62,1986,25,2
2025-08-18,Toscana,Subito Lavoro,AZ_IT_SUBITO_SLOT_PREMIUM,43.45,4033,57,6
2025-08-18,Toscana,Subito Lavoro,AZ_IT_SUBITO_SPONSORED_ANNUNCI,32.53,2561,39,3
2025-08-18,Trentino-Alto Adige,Subito Lavoro,AZ_IT_SUBITO_RETARGETING,6.06,881,11,1
2025-08-18,Trentino-Alto Adige,Subito Lavoro,AZ_IT_SUBITO_SLOT_PREMIUM,14.58,1355,20,2
2025-08-18,Trentino-Alto Adige,Subito Lavoro,AZ_IT_SUBITO_SPONSORED_ANNUNCI,10.40,798,15,1
2025-08-18,Umbria,Subito Lavoro,AZ_IT_SUBITO_RETARGETING,2.88,411,5,0
2025-08-18,Umbria,Subito Lavoro,AZ_IT_SUBITO_SLOT_PREMIUM,10.45,942,14,1
2025-08-18,Umbria,Subito Lavoro,AZ_IT_SUBITO_SPONSORED_ANNUNCI,7.05,524,10,1
2025-08-18,Valle d'Aosta,Subito Lavoro,AZ_IT_SUBITO_RETARGETING,0.52,74,1,0
2025-08-18,Valle d'Aosta,Subito Lavoro,AZ_IT_SUBITO_SLOT_PREMIUM,1.46,128,2,0
2025-08-18,Valle d'Aosta,Subito Lavoro,AZ_IT_SUBITO_SPONSORED_ANNUNCI,1.07,81,1,0
2025-08-18,Veneto,Subito Lavoro,AZ_IT_SUBITO_RETARGETING,21.29,3048,37,2
2025-08-18,Veneto,Subito Lavoro,AZ_IT_SUBITO_SLOT_PREMIUM,52.30,4537,65,5
2025-08-18,Veneto,Subito Lavoro,AZ_IT_SUBITO_SPONSORED_ANNUNCI,27.20,2101,39,1
2025-08-25,Abruzzo,Subito Lavoro,AZ_IT_SUBITO_RETARGETING,4.81,704,8,0
2025-08-25,Abruzzo,Subito Lavoro,AZ_IT_SUBITO_SLOT_PREMIUM,31.18,2802,39,2
2025-08-25,Abruzzo,Subito Lavoro,AZ_IT_SUBITO_SPONSORED_ANNUNCI,21.90,1688,30,1
2025-08-25,Basilicata,Subito Lavoro,AZ_IT_SUBITO_RETARGETING,3.74,518,6,0
2025-08-25,Basilicata,Subito Lavoro,AZ_IT_SUBITO_SLOT_PREMIUM,11.82,1035,16,1
2025-08-25,Basilicata,Subito Lavoro,AZ_IT_SUBITO_SPONSORED_ANNUNCI,5.26,409,7,0
2025-08-25,Calabria,Subito Lavoro,AZ_IT_SUBITO_RETARGETING,10.97,1568,16,1
2025-08-25,Calabria,Subito Lavoro,AZ_IT_SUBITO_SLOT_PREMIUM,48.81,4434,60,5
2025-08-25,Calabria,Subito Lavoro,AZ_IT_SUBITO_SPONSORED_ANNUNCI,19.61,1471,26,1
2025-08-25,Campania,Subito Lavoro,AZ_IT_SUBITO_RETARGETING,50.59,7133,90,4
2025-08-25,Campania,Subito Lavoro,AZ_IT_SUBITO_SLOT_PREMIUM,61.09,5693,85,4
2025-08-25,Campania,Subito Lavoro,AZ_IT_SUBITO_SPONSORED_ANNUNCI,88.94,6468,107,5
2025-08-25,Emilia-Romagna,Subito Lavoro,AZ_IT_SUBITO_RETARGETING,32.83,4703,55,3
2025-08-25,Emilia-Romagna,Subito Lavoro,AZ_IT_SUBITO_SLOT_PREMIUM,96.36,8847,122,7
2025-08-25,Emilia-Romagna,Subito Lavoro,AZ_IT_SUBITO_SPONSORED_ANNUNCI,64.29,4960,80,3
2025-08-25,Friuli-Venezia Giulia,Subito Lavoro,AZ_IT_SUBITO_RETARGETING,5.08,718,8,1
2025-08-25,Friuli-Venezia Giulia,Subito Lavoro,AZ_IT_SUBITO_SLOT_PREMIUM,18.13,1647,23,2
2025-08-25,Friuli-Venezia Giulia,Subito Lavoro,AZ_IT_SUBITO_SPONSORED_ANNUNCI,16.24,1288,22,1
2025-08-25,Lazio,Subito Lavoro,AZ_IT_SUBITO_RETARGETING,32.97,4828,59,3
2025-08-25,Lazio,Subito Lavoro,AZ_IT_SUBITO_SLOT_PREMIUM,107.69,9956,152,9
2025-08-25,Lazio,Subito Lavoro,AZ_IT_SUBITO_SPONSORED_ANNUNCI,35.83,2658,40,2
2025-08-25,Liguria,Subito Lavoro,AZ_IT_SUBITO_RETARGETING,6.97,954,11,0
2025-08-25,Liguria,Subito Lavoro,AZ_IT_SUBITO_SLOT_PREMIUM,33.38,2948,42,2
2025-08-25,Liguria,Subito Lavoro,AZ_IT_SUBITO_SPONSORED_ANNUNCI,16.28,1279,22,1
2025-08-25,Lombardia,Subito Lavoro,AZ_IT_SUBITO_RETARGETING,56.16,7965,89,4
2025-08-25,Lombardia,Subito Lavoro,AZ_IT_SUBITO_SLOT_PREMIUM,305.86,28481,412,22
2025-08-25,Lombardia,Subito Lavoro,AZ_IT_SUBITO_SPONSORED_ANNUNCI,129.09,9982,188,6
2025-08-25,Marche,Subito Lavoro,AZ_IT_SUBITO_RETARGETING,11.06,1582,19,1
2025-08-25,Marche,Subito Lavoro,AZ_IT_SUBITO_SLOT_PREMIUM,33.05,3027,45,3
2025-08-25,Marche,Subito Lavoro,AZ_IT_SUBITO_SPONSORED_ANNUNCI,14.26,1142,18,1
2025-08-25,Molise,Subito Lavoro,AZ_IT_SUBITO_RETARGETING,1.75,243,3,0
2025-08-25,Molise,Subito Lavoro,AZ_IT_SUBITO_SLOT_PREMIUM,4.40,393,5,0
2025-08-25,Molise,Subito Lavoro,AZ_IT_SUBITO_SPONSORED_ANNUNCI,2.29,179,3,0
2025-08-25,Piemonte,Subito Lavoro,AZ_IT_SUBITO_RETARGETING,21.73,2958,36,2
2025-08-25,Piemonte,Subito Lavoro,AZ_IT_SUBITO_SLOT_PREMIUM,72.25,6733,97,5
2025-08-25,Piemonte,Subito Lavoro,AZ_IT_SUBITO_SPONSORED_ANNUNCI,44.44,3606,52,2
2025-08-25,Puglia,Subito Lavoro,AZ_IT_SUBITO_RETARGETING,16.46,2415,31,1
2025-08-25,Puglia,Subito Lavoro,AZ_IT_SUBITO_SLOT_PREMIUM,118.30,9763,138,6
2025-08-25,Puglia,Subito Lavoro,AZ_IT_SUBITO_SPONSORED_ANNUNCI,38.25,3047,52,1
2025-08-25,Sardegna,Subito Lavoro,AZ_IT_SUBITO_RETARGETING,9.65,1362,17,1
2025-08-25,Sardegna,Subito Lavoro,AZ_IT_SUBITO_SLOT_PREMIUM,34.90,3176,40,2
2025-08-25,Sardegna,Subito Lavoro,AZ_IT_SUBITO_SPONSORED_ANNUNCI,24.43,1776,36,1
2025-08-25,Sicilia,Subito Lavoro,AZ_IT_SUBITO_RETARGETING,18.97,2638,33,1
2025-08-25,Sicilia,Subito Lavoro,AZ_IT_SUBITO_SLOT_PREMIUM,87.29,7834,107,6
2025-08-25,Sicilia,Subito Lavoro,AZ_IT_SUBITO_SPONSORED_ANNUNCI,44.92,3396,58,2
2025-08-25,Toscana,Subito Lavoro,AZ_IT_SUBITO_RETARGETING,18.31,2626,28,2
2025-08-25,Toscana,Subito Lavoro,AZ_IT_SUBITO_SLOT_PREMIUM,67.01,5959,85,7
2025-08-25,Toscana,Subito Lavoro,AZ_IT_SUBITO_SPONSORED_ANNUNCI,42.95,3133,57,3
2025-08-25,Trentino-Alto Adige,Subito Lavoro,AZ_IT_SUBITO_RETARGETING,8.20,1149,15,1
2025-08-25,Trentino-Alto Adige,Subito Lavoro,AZ_IT_SUBITO_SLOT_PREMIUM,19.50,1745,23,2
2025-08-25,Trentino-Alto Adige,Subito Lavoro,AZ_IT_SUBITO_SPONSORED_ANNUNCI,10.54,842,14,1
2025-08-25,Umbria,Subito Lavoro,AZ_IT_SUBITO_RETARGETING,3.93,550,7,1
2025-08-25,Umbria,Subito Lavoro,AZ_IT_SUBITO_SLOT_PREMIUM,13.36,1234,18,1
2025-08-25,Umbria,Subito Lavoro,AZ_IT_SUBITO_SPONSORED_ANNUNCI,7.75,592,10,1
2025-08-25,Valle d'Aosta,Subito Lavoro,AZ_IT_SUBITO_RETARGETING,0.80,114,1,0
2025-08-25,Valle d'Aosta,Subito Lavoro,AZ_IT_SUBITO_SLOT_PREMIUM,1.93,173,2,0
2025-08-25,Valle d'Aosta,Subito Lavoro,AZ_IT_SUBITO_SPONSORED_ANNUNCI,1.46,114,2,0
2025-08-25,Veneto,Subito Lavoro,AZ_IT_SUBITO_RETARGETING,28.65,4047,54,2
2025-08-25,Veneto,Subito Lavoro,AZ_IT_SUBITO_SLOT_PREMIUM,79.75,7524,100,7
2025-08-25,Veneto,Subito Lavoro,AZ_IT_SUBITO_SPONSORED_ANNUNCI,27.11,1976,34,1
2025-09-01,Abruzzo,Subito Lavoro,AZ_IT_SUBITO_RETARGETING,4.87,723,9,0
2025-09-01,Abruzzo,Subito Lavoro,AZ_IT_SUBITO_SLOT_PREMIUM,31.11,2715,36,2
2025-09-01,Abruzzo,Subito Lavoro,AZ_IT_SUBITO_SPONSORED_ANNUNCI,22.30,1629,24,1
2025-09-01,Basilicata,Subito Lavoro,AZ_IT_SUBITO_RETARGETING,3.75,542,6,0
2025-09-01,Basilicata,Subito Lavoro,AZ_IT_SUBITO_SLOT_PREMIUM,9.08,829,12,1
2025-09-01,Basilicata,Subito Lavoro,AZ_IT_SUBITO_SPONSORED_ANNUNCI,6.77,513,9,0
2025-09-01,Calabria,Subito Lavoro,AZ_IT_SUBITO_RETARGETING,12.55,1746,18,1
2025-09-01,Calabria,Subito Lavoro,AZ_IT_SUBITO_SLOT_PREMIUM,41.47,3654,56,5
2025-09-01,Calabria,Subito Lavoro,AZ_IT_SUBITO_SPONSORED_ANNUNCI,22.78,1746,31,2
2025-09-01,Campania,Subito Lavoro,AZ_IT_SUBITO_RETARGETING,50.60,7510,80,4
2025-09-01,Campania,Subito Lavoro,AZ_IT_SUBITO_SLOT_PREMIUM,62.30,5910,86,5
2025-09-01,Campania,Subito Lavoro,AZ_IT_SUBITO_SPONSORED_ANNUNCI,101.62,7616,136,6
2025-09-01,Emilia-Romagna,Subito Lavoro,AZ_IT_SUBITO_RETARGETING,35.73,5062,56,3
2025-09-01,Emilia-Romagna,Subito Lavoro,AZ_IT_SUBITO_SLOT_PREMIUM,89.25,8256,111,6
2025-09-01,Emilia-Romagna,Subito Lavoro,AZ_IT_SUBITO_SPONSORED_ANNUNCI,68.17,5214,86,3
2025-09-01,Friuli-Venezia Giulia,Subito Lavoro,AZ_IT_SUBITO_RETARGETING,4.82,722,9,1
2025-09-01,Friuli-Venezia Giulia,Subito Lavoro,AZ_IT_SUBITO_SLOT_PREMIUM,16.68,1469,21,2
2025-09-01,Friuli-Venezia Giulia,Subito Lavoro,AZ_IT_SUBITO_SPONSORED_ANNUNCI,20.20,1560,27,2
2025-09-01,Lazio,Subito Lavoro,AZ_IT_SUBITO_RETARGETING,32.60,4524,57,4
2025-09-01,Lazio,Subito Lavoro,AZ_IT_SUBITO_SLOT_PREMIUM,101.95,9452,139,10
2025-09-01,Lazio,Subito Lavoro,AZ_IT_SUBITO_SPONSORED_ANNUNCI,49.63,3863,72,3
2025-09-01,Liguria,Subito Lavoro,AZ_IT_SUBITO_RETARGETING,9.39,1318,16,1
2025-09-01,Liguria,Subito Lavoro,AZ_IT_SUBITO_SLOT_PREMIUM,39.96,3767,52,3
2025-09-01,Liguria,Subito Lavoro,AZ_IT_SUBITO_SPONSORED_ANNUNCI,15.36,1171,19,1
2025-09-01,Lombardia,Subito Lavoro,AZ_IT_SUBITO_RETARGETING,61.66,8404,99,5
2025-09-01,Lombardia,Subito Lavoro,AZ_IT_SUBITO_SLOT_PREMIUM,261.28,23628,309,21
2025-09-01,Lombardia,Subito Lavoro,AZ_IT_SUBITO_SPONSORED_ANNUNCI,104.65,8251,148,7
2025-09-01,Marche,Subito Lavoro,AZ_IT_SUBITO_RETARGETING,11.95,1676,22,1
2025-09-01,Marche,Subito Lavoro,AZ_IT_SUBITO_SLOT_PREMIUM,25.86,2349,37,4
2025-09-01,Marche,Subito Lavoro,AZ_IT_SUBITO_SPONSORED_ANNUNCI,14.91,1173,20,1
2025-09-01,Molise,Subito Lavoro,AZ_IT_SUBITO_RETARGETING,1.74,275,3,0
2025-09-01,Molise,Subito Lavoro,AZ_IT_SUBITO_SLOT_PREMIUM,3.85,354,5,0
2025-09-01,Molise,Subito Lavoro,AZ_IT_SUBITO_SPONSORED_ANNUNCI,3.44,277,5,0
2025-09-01,Piemonte,Subito Lavoro,AZ_IT_SUBITO_RETARGETING,20.98,2975,32,2
2025-09-01,Piemonte,Subito Lavoro,AZ_IT_SUBITO_SLOT_PREMIUM,61.36,5576,78,4
2025-09-01,Piemonte,Subito Lavoro,AZ_IT_SUBITO_SPONSORED_ANNUNCI,50.84,4098,66,3
2025-09-01,Puglia,Subito Lavoro,AZ_IT_SUBITO_RETARGETING,18.43,2676,31,1
2025-09-01,Puglia,Subito Lavoro,AZ_IT_SUBITO_SLOT_PREMIUM,117.95,11114,149,7
2025-09-01,Puglia,Subito Lavoro,AZ_IT_SUBITO_SPONSORED_ANNUNCI,35.80,2723,45,1
2025-09-01,Sardegna,Subito Lavoro,AZ_IT_SUBITO_RETARGETING,11.41,1598,20,1
2025-09-01,Sardegna,Subito Lavoro,AZ_IT_SUBITO_SLOT_PREMIUM,28.08,2572,40,2
2025-09-01,Sardegna,Subito Lavoro,AZ_IT_SUBITO_SPONSORED_ANNUNCI,26.73,1982,36,1
2025-09-01,Sicilia,Subito Lavoro,AZ_IT_SUBITO_RETARGETING,19.01,2702,34,2
2025-09-01,Sicilia,Subito Lavoro,AZ_IT_SUBITO_SLOT_PREMIUM,92.56,8531,130,7
2025-09-01,Sicilia,Subito Lavoro,AZ_IT_SUBITO_SPONSORED_ANNUNCI,46.68,3558,60,2
2025-09-01,Toscana,Subito Lavoro,AZ_IT_SUBITO_RETARGETING,19.47,2791,28,3
2025-09-01,Toscana,Subito Lavoro,AZ_IT_SUBITO_SLOT_PREMIUM,58.97,5461,78,7
2025-09-01,Toscana,Subito Lavoro,AZ_IT_SUBITO_SPONSORED_ANNUNCI,40.84,3183,56,3
2025-09-01,Trentino-Alto Adige,Subito Lavoro,AZ_IT_SUBITO_RETARGETING,8.50,1246,15,1
2025-09-01,Trentino-Alto Adige,Subito Lavoro,AZ_IT_SUBITO_SLOT_PREMIUM,18.56,1703,26,2
2025-09-01,Trentino-Alto Adige,Subito Lavoro,AZ_IT_SUBITO_SPONSORED_ANNUNCI,9.69,739,13,1
2025-09-01,Umbria,Subito Lavoro,AZ_IT_SUBITO_RETARGETING,3.57,505,7,0
2025-09-01,Umbria,Subito Lavoro,AZ_IT_SUBITO_SLOT_PREMIUM,12.62,1151,16,2
2025-09-01,Umbria,Subito Lavoro,AZ_IT_SUBITO_SPONSORED_ANNUNCI,8.17,624,11,1
2025-09-01,Valle d'Aosta,Subito Lavoro,AZ_IT_SUBITO_RETARGETING,0.85,125,1,0
2025-09-01,Valle d'Aosta,Subito Lavoro,AZ_IT_SUBITO_SLOT_PREMIUM,1.74,157,2,0
2025-09-01,Valle d'Aosta,Subito Lavoro,AZ_IT_SUBITO_SPONSORED_ANNUNCI,1.52,118,2,0
2025-09-01,Veneto,Subito Lavoro,AZ_IT_SUBITO_RETARGETING,27.13,3790,43,3
2025-09-01,Veneto,Subito Lavoro,AZ_IT_SUBITO_SLOT_PREMIUM,70.33,6461,90,6
2025-09-01,Veneto,Subito Lavoro,AZ_IT_SUBITO_SPONSORED_ANNUNCI,34.15,2594,46,2
2025-09-08,Abruzzo,Subito Lavoro,AZ_IT_SUBITO_RETARGETING,6.10,868,10,0
2025-09-08,Abruzzo,Subito Lavoro,AZ_IT_SUBITO_SLOT_PREMIUM,28.88,2658,38,2
2025-09-08,Abruzzo,Subito Lavoro,AZ_IT_SUBITO_SPONSORED_ANNUNCI,19.33,1456,24,1
2025-09-08,Basilicata,Subito Lavoro,AZ_IT_SUBITO_RETARGETING,3.86,545,7,0
2025-09-08,Basilicata,Subito Lavoro,AZ_IT_SUBITO_SLOT_PREMIUM,11.13,1024,14,1
2025-09-08,Basilicata,Subito Lavoro,AZ_IT_SUBITO_SPONSORED_ANNUNCI,5.72,427,6,0
2025-09-08,Calabria,Subito Lavoro,AZ_IT_SUBITO_RETARGETING,10.62,1535,17,1
2025-09-08,Calabria,Subito Lavoro,AZ_IT_SUBITO_SLOT_PREMIUM,41.38,3567,43,5
2025-09-08,Calabria,Subito Lavoro,AZ_IT_SUBITO_SPONSORED_ANNUNCI,17.34,1372,26,1
2025-09-08,Campania,Subito Lavoro,AZ_IT_SUBITO_RETARGETING,44.78,6455,79,4
2025-09-08,Campania,Subito Lavoro,AZ_IT_SUBITO_SLOT_PREMIUM,60.90,5628,75,5
2025-09-08,Campania,Subito Lavoro,AZ_IT_SUBITO_SPONSORED_ANNUNCI,77.16,5907,109,4
2025-09-08,Emilia-Romagna,Subito Lavoro,AZ_IT_SUBITO_RETARGETING,32.54,4871,57,2
2025-09-08,Emilia-Romagna,Subito Lavoro,AZ_IT_SUBITO_SLOT_PREMIUM,95.02,8728,122,6
2025-09-08,Emilia-Romagna,Subito Lavoro,AZ_IT_SUBITO_SPONSORED_ANNUNCI,57.27,4476,70,3
2025-09-08,Friuli-Venezia Giulia,Subito Lavoro,AZ_IT_SUBITO_RETARGETING,4.87,716,8,1
2025-09-08,Friuli-Venezia Giulia,Subito Lavoro,AZ_IT_SUBITO_SLOT_PREMIUM,17.66,1638,22,2
2025-09-08,Friuli-Venezia Giulia,Subito Lavoro,AZ_IT_SUBITO_SPONSORED_ANNUNCI,14.21,1092,16,1
2025-09-08,Lazio,Subito Lavoro,AZ_IT_SUBITO_RETARGETING,33.63,4812,57,4
2025-09-08,Lazio,Subito Lavoro,AZ_IT_SUBITO_SLOT_PREMIUM,103.85,9086,149,10
2025-09-08,Lazio,Subito Lavoro,AZ_IT_SUBITO_SPONSORED_ANNUNCI,41.97,3161,53,2
2025-09-08,Liguria,Subito Lavoro,AZ_IT_SUBITO_RETARGETING,10.45,1470,17,1
2025-09-08,Liguria,Subito Lavoro,AZ_IT_SUBITO_SLOT_PREMIUM,36.37,3299,49,2
2025-09-08,Liguria,Subito Lavoro,AZ_IT_SUBITO_SPONSORED_ANNUNCI,11.59,880,17,1
2025-09-08,Lombardia,Subito Lavoro,AZ_IT_SUBITO_RETARGETING,49.06,6945,84,4
2025-09-08,Lombardia,Subito Lavoro,AZ_IT_SUBITO_SLOT_PREMIUM,224.63,20659,296,17
2025-09-08,Lombardia,Subito Lavoro,AZ_IT_SUBITO_SPONSORED_ANNUNCI,100.83,7396,117,5
2025-09-08,Marche,Subito Lavoro,AZ_IT_SUBITO_RETARGETING,10.82,1518,17,1
2025-09-08,Marche,Subito Lavoro,AZ_IT_SUBITO_SLOT_PREMIUM,31.07,2839,40,3
2025-09-08,Marche,Subito Lavoro,AZ_IT_SUBITO_SPONSORED_ANNUNCI,14.74,1143,19,1
2025-09-08,Molise,Subito Lavoro,AZ_IT_SUBITO_RETARGETING,2.35,335,4,0
2025-09-08,Molise,Subito Lavoro,AZ_IT_SUBITO_SLOT_PREMIUM,3.81,354,5,0
2025-09-08,Molise,Subito Lavoro,AZ_IT_SUBITO_SPONSORED_ANNUNCI,2.26,183,3,0
2025-09-08,Piemonte,Subito Lavoro,AZ_IT_SUBITO_RETARGETING,22.12,3284,37,2
2025-09-08,Piemonte,Subito Lavoro,AZ_IT_SUBITO_SLOT_PREMIUM,59.37,5387,81,4
2025-09-08,Piemonte,Subito Lavoro,AZ_IT_SUBITO_SPONSORED_ANNUNCI,43.17,3344,58,2
2025-09-08,Puglia,Subito Lavoro,AZ_IT_SUBITO_RETARGETING,21.87,3228,42,1
2025-09-08,Puglia,Subito Lavoro,AZ_IT_SUBITO_SLOT_PREMIUM,100.29,8722,122,5
2025-09-08,Puglia,Subito Lavoro,AZ_IT_SUBITO_SPONSORED_ANNUNCI,37.28,2942,50,2
2025-09-08,Sardegna,Subito Lavoro,AZ_IT_SUBITO_RETARGETING,13.20,1968,22,1
2025-09-08,Sardegna,Subito Lavoro,AZ_IT_SUBITO_SLOT_PREMIUM,26.48,2215,30,2
2025-09-08,Sardegna,Subito Lavoro,AZ_IT_SUBITO_SPONSORED_ANNUNCI,18.46,1368,22,1
2025-09-08,Sicilia,Subito Lavoro,AZ_IT_SUBITO_RETARGETING,19.65,2720,33,2
2025-09-08,Sicilia,Subito Lavoro,AZ_IT_SUBITO_SLOT_PREMIUM,96.38,8496,115,8
2025-09-08,Sicilia,Subito Lavoro,AZ_IT_SUBITO_SPONSORED_ANNUNCI,36.82,2667,41,2
2025-09-08,Toscana,Subito Lavoro,AZ_IT_SUBITO_RETARGETING,20.22,2970,34,3
2025-09-08,Toscana,Subito Lavoro,AZ_IT_SUBITO_SLOT_PREMIUM,54.92,4855,62,7
2025-09-08,Toscana,Subito Lavoro,AZ_IT_SUBITO_SPONSORED_ANNUNCI,39.02,2967,51,3
2025-09-08,Trentino-Alto Adige,Subito Lavoro,AZ_IT_SUBITO_RETARGETING,9.73,1355,16,1
2025-09-08,Trentino-Alto Adige,Subito Lavoro,AZ_IT_SUBITO_SLOT_PREMIUM,22.05,2069,27,2
2025-09-08,Trentino-Alto Adige,Subito Lavoro,AZ_IT_SUBITO_SPONSORED_ANNUNCI,8.93,739,13,1
2025-09-08,Umbria,Subito Lavoro,AZ_IT_SUBITO_RETARGETING,4.74,686,8,1
2025-09-08,Umbria,Subito Lavoro,AZ_IT_SUBITO_SLOT_PREMIUM,11.46,1078,16,2
2025-09-08,Umbria,Subito Lavoro,AZ_IT_SUBITO_SPONSORED_ANNUNCI,7.11,518,8,1
2025-09-08,Valle d'Aosta,Subito Lavoro,AZ_IT_SUBITO_RETARGETING,0.73,104,1,0
2025-09-08,Valle d'Aosta,Subito Lavoro,AZ_IT_SUBITO_SLOT_PREMIUM,1.76,165,2,0
2025-09-08,Valle d'Aosta,Subito Lavoro,AZ_IT_SUBITO_SPONSORED_ANNUNCI,1.12,89,2,0
2025-09-08,Veneto,Subito Lavoro,AZ_IT_SUBITO_RETARGETING,33.55,4864,50,3
2025-09-08,Veneto,Subito Lavoro,AZ_IT_SUBITO_SLOT_PREMIUM,67.34,6110,91,6
2025-09-08,Veneto,Subito Lavoro,AZ_IT_SUBITO_SPONSORED_ANNUNCI,29.89,2319,39,2
2025-09-15,Abruzzo,Subito Lavoro,AZ_IT_SUBITO_RETARGETING,4.14,615,8,0
2025-09-15,Abruzzo,Subito Lavoro,AZ_IT_SUBITO_SLOT_PREMIUM,27.79,2404,31,2
2025-09-15,Abruzzo,Subito Lavoro,AZ_IT_SUBITO_SPONSORED_ANNUNCI,21.97,1719,33,1
2025-09-15,Basilicata,Subito Lavoro,AZ_IT_SUBITO_RETARGETING,3.59,509,6,0
2025-09-15,Basilicata,Subito Lavoro,AZ_IT_SUBITO_SLOT_PREMIUM,9.13,818,12,1
2025-09-15,Basilicata,Subito Lavoro,AZ_IT_SUBITO_SPONSORED_ANNUNCI,5.80,449,8,0
2025-09-15,Calabria,Subito Lavoro,AZ_IT_SUBITO_RETARGETING,9.58,1340,17,1
2025-09-15,Calabria,Subito Lavoro,AZ_IT_SUBITO_SLOT_PREMIUM,51.30,4903,67,5
2025-09-15,Calabria,Subito Lavoro,AZ_IT_SUBITO_SPONSORED_ANNUNCI,17.18,1299,23,1
2025-09-15,Campania,Subito Lavoro,AZ_IT_SUBITO_RETARGETING,38.43,5393,60,3
2025-09-15,Campania,Subito Lavoro,AZ_IT_SUBITO_SLOT_PREMIUM,64.69,5706,78,6
2025-09-15,Campania,Subito Lavoro,AZ_IT_SUBITO_SPONSORED_ANNUNCI,74.34,5654,97,4
2025-09-15,Emilia-Romagna,Subito Lavoro,AZ_IT_SUBITO_RETARGETING,27.70,4099,52,2
2025-09-15,Emilia-Romagna,Subito Lavoro,AZ_IT_SUBITO_SLOT_PREMIUM,95.76,8851,116,8
2025-09-15,Emilia-Romagna,Subito Lavoro,AZ_IT_SUBITO_SPONSORED_ANNUNCI,51.88,4081,70,3
2025-09-15,Friuli-Venezia Giulia,Subito Lavoro,AZ_IT_SUBITO_RETARGETING,5.00,722,8,1
2025-09-15,Friuli-Venezia Giulia,Subito Lavoro,AZ_IT_SUBITO_SLOT_PREMIUM,17.47,1588,20,2
2025-09-15,Friuli-Venezia Giulia,Subito Lavoro,AZ_IT_SUBITO_SPONSORED_ANNUNCI,12.49,986,17,1
2025-09-15,Lazio,Subito Lavoro,AZ_IT_SUBITO_RETARGETING,27.10,3762,45,3
2025-09-15,Lazio,Subito Lavoro,AZ_IT_SUBITO_SLOT_PREMIUM,96.65,8695,113,10
2025-09-15,Lazio,Subito Lavoro,AZ_IT_SUBITO_SPONSORED_ANNUNCI,34.81,2555,43,2
2025-09-15,Liguria,Subito Lavoro,AZ_IT_SUBITO_RETARGETING,8.22,1189,13,1
2025-09-15,Liguria,Subito Lavoro,AZ_IT_SUBITO_SLOT_PREMIUM,39.39,3559,47,3
2025-09-15,Liguria,Subito Lavoro,AZ_IT_SUBITO_SPONSORED_ANNUNCI,11.14,858,13,0
2025-09-15,Lombardia,Subito Lavoro,AZ_IT_SUBITO_RETARGETING,40.29,5892,64,3
2025-09-15,Lombardia,Subito Lavoro,AZ_IT_SUBITO_SLOT_PREMIUM,246.34,23017,312,19
2025-09-15,Lombardia,Subito Lavoro,AZ_IT_SUBITO_SPONSORED_ANNUNCI,109.23,8323,159,5
2025-09-15,Marche,Subito Lavoro,AZ_IT_SUBITO_RETARGETING,10.12,1565,18,1
2025-09-15,Marche,Subito Lavoro,AZ_IT_SUBITO_SLOT_PREMIUM,27.31,2362,35,3
2025-09-15,Marche,Subito Lavoro,AZ_IT_SUBITO_SPONSORED_ANNUNCI,14.16,1048,16,1
2025-09-15,Molise,Subito Lavoro,AZ_IT_SUBITO_RETARGETING,1.80,249,3,0
2025-09-15,Molise,Subito Lavoro,AZ_IT_SUBITO_SLOT_PREMIUM,3.43,314,5,0
2025-09-15,Molise,Subito Lavoro,AZ_IT_SUBITO_SPONSORED_ANNUNCI,2.29,182,3,0
2025-09-15,Piemonte,Subito Lavoro,AZ_IT_SUBITO_RETARGETING,20.06,2876,37,2
2025-09-15,Piemonte,Subito Lavoro,AZ_IT_SUBITO_SLOT_PREMIUM,68.13,5804,86,5
2025-09-15,Piemonte,Subito Lavoro,AZ_IT_SUBITO_SPONSORED_ANNUNCI,40.28,3065,48,2
2025-09-15,Puglia,Subito Lavoro,AZ_IT_SUBITO_RETARGETING,14.55,2035,25,1
2025-09-15,Puglia,Subito Lavoro,AZ_IT_SUBITO_SLOT_PREMIUM,116.98,10542,142,7
2025-09-15,Puglia,Subito Lavoro,AZ_IT_SUBITO_SPONSORED_ANNUNCI,35.88,2771,46,1
2025-09-15,Sardegna,Subito Lavoro,AZ_IT_SUBITO_RETARGETING,10.29,1526,20,1
2025-09-15,Sardegna,Subito Lavoro,AZ_IT_SUBITO_SLOT_PREMIUM,24.94,2309,31,2
2025-09-15,Sardegna,Subito Lavoro,AZ_IT_SUBITO_SPONSORED_ANNUNCI,20.00,1594,27,1
2025-09-15,Sicilia,Subito Lavoro,AZ_IT_SUBITO_RETARGETING,15.54,2181,26,2
2025-09-15,Sicilia,Subito Lavoro,AZ_IT_SUBITO_SLOT_PREMIUM,81.45,7569,114,8
2025-09-15,Sicilia,Subito Lavoro,AZ_IT_SUBITO_SPONSORED_ANNUNCI,35.31,2787,48,2
2025-09-15,Toscana,Subito Lavoro,AZ_IT_SUBITO_RETARGETING,15.60,2192,25,2
2025-09-15,Toscana,Subito Lavoro,AZ_IT_SUBITO_SLOT_PREMIUM,58.37,5371,67,7
2025-09-15,Toscana,Subito Lavoro,AZ_IT_SUBITO_SPONSORED_ANNUNCI,35.90,2871,44,3
2025-09-15,Trentino-Alto Adige,Subito Lavoro,AZ_IT_SUBITO_RETARGETING,8.07,1166,14,1
2025-09-15,Trentino-Alto Adige,Subito Lavoro,AZ_IT_SUBITO_SLOT_PREMIUM,22.54,2037,24,2
2025-09-15,Trentino-Alto Adige,Subito Lavoro,AZ_IT_SUBITO_SPONSORED_ANNUNCI,7.93,590,11,1
2025-09-15,Umbria,Subito Lavoro,AZ_IT_SUBITO_RETARGETING,3.47,489,6,0
2025-09-15,Umbria,Subito Lavoro,AZ_IT_SUBITO_SLOT_PREMIUM,11.42,1056,13,1
2025-09-15,Umbria,Subito Lavoro,AZ_IT_SUBITO_SPONSORED_ANNUNCI,7.81,629,10,1
2025-09-15,Valle d'Aosta,Subito Lavoro,AZ_IT_SUBITO_RETARGETING,0.61,91,1,0
2025-09-15,Valle d'Aosta,Subito Lavoro,AZ_IT_SUBITO_SLOT_PREMIUM,1.74,167,2,0
2025-09-15,Valle d'Aosta,Subito Lavoro,AZ_IT_SUBITO_SPONSORED_ANNUNCI,1.36,103,2,0
2025-09-15,Veneto,Subito Lavoro,AZ_IT_SUBITO_RETARGETING,32.94,4996,66,3
2025-09-15,Veneto,Subito Lavoro,AZ_IT_SUBITO_SLOT_PREMIUM,61.38,5668,79,7
2025-09-15,Veneto,Subito Lavoro,AZ_IT_SUBITO_SPONSORED_ANNUNCI,27.52,2060,40,2
2025-09-22,Abruzzo,Subito Lavoro,AZ_IT_SUBITO_RETARGETING,4.82,666,8,0
2025-09-22,Abruzzo,Subito Lavoro,AZ_IT_SUBITO_SLOT_PREMIUM,32.39,2741,35,2
2025-09-22,Abruzzo,Subito Lavoro,AZ_IT_SUBITO_SPONSORED_ANNUNCI,25.90,2024,34,1
2025-09-22,Basilicata,Subito Lavoro,AZ_IT_SUBITO_RETARGETING,3.39,496,6,0
2025-09-22,Basilicata,Subito Lavoro,AZ_IT_SUBITO_SLOT_PREMIUM,10.29,946,13,1
2025-09-22,Basilicata,Subito Lavoro,AZ_IT_SUBITO_SPONSORED_ANNUNCI,7.18,545,9,0
2025-09-22,Calabria,Subito Lavoro,AZ_IT_SUBITO_RETARGETING,11.18,1651,20,1
2025-09-22,Calabria,Subito Lavoro,AZ_IT_SUBITO_SLOT_PREMIUM,49.24,4624,68,6
2025-09-22,Calabria,Subito Lavoro,AZ_IT_SUBITO_SPONSORED_ANNUNCI,20.60,1620,25,1
2025-09-22,Campania,Subito Lavoro,AZ_IT_SUBITO_RETARGETING,40.30,5663,71,4
2025-09-22,Campania,Subito Lavoro,AZ_IT_SUBITO_SLOT_PREMIUM,68.60,6269,104,5
2025-09-22,Campania,Subito Lavoro,AZ_IT_SUBITO_SPONSORED_ANNUNCI,89.21,6704,114,5
2025-09-22,Emilia-Romagna,Subito Lavoro,AZ_IT_SUBITO_RETARGETING,31.01,4524,50,2
2025-09-22,Emilia-Romagna,Subito Lavoro,AZ_IT_SUBITO_SLOT_PREMIUM,114.57,10193,156,8
2025-09-22,Emilia-Romagna,Subito Lavoro,AZ_IT_SUBITO_SPONSORED_ANNUNCI,56.79,4384,68,2
2025-09-22,Friuli-Venezia Giulia,Subito Lavoro,AZ_IT_SUBITO_RETARGETING,4.76,706,7,1
2025-09-22,Friuli-Venezia Giulia,Subito Lavoro,AZ_IT_SUBITO_SLOT_PREMIUM,19.52,1841,26,2
2025-09-22,Friuli-Venezia Giulia,Subito Lavoro,AZ_IT_SUBITO_SPONSORED_ANNUNCI,14.93,1206,20,1
2025-09-22,Lazio,Subito Lavoro,AZ_IT_SUBITO_RETARGETING,35.40,4949,60,3
2025-09-22,Lazio,Subito Lavoro,AZ_IT_SUBITO_SLOT_PREMIUM,115.33,10449,156,11
2025-09-22,Lazio,Subito Lavoro,AZ_IT_SUBITO_SPONSORED_ANNUNCI,39.34,3072,53,2
2025-09-22,Liguria,Subito Lavoro,AZ_IT_SUBITO_RETARGETING,9.63,1346,15,1
2025-09-22,Liguria,Subito Lavoro,AZ_IT_SUBITO_SLOT_PREMIUM,39.88,3489,58,2
2025-09-22,Liguria,Subito Lavoro,AZ_IT_SUBITO_SPONSORED_ANNUNCI,13.48,1034,16,1
2025-09-22,Lombardia,Subito Lavoro,AZ_IT_SUBITO_RETARGETING,51.03,7240,89,4
2025-09-22,Lombardia,Subito Lavoro,AZ_IT_SUBITO_SLOT_PREMIUM,282.12,25644,337,20
2025-09-22,Lombardia,Subito Lavoro,AZ_IT_SUBITO_SPONSORED_ANNUNCI,129.70,10073,160,6
2025-09-22,Marche,Subito Lavoro,AZ_IT_SUBITO_RETARGETING,12.10,1728,21,1
2025-09-22,Marche,Subito Lavoro,AZ_IT_SUBITO_SLOT_PREMIUM,30.10,2811,36,3
2025-09-22,Marche,Subito Lavoro,AZ_IT_SUBITO_SPONSORED_ANNUNCI,16.26,1164,21,1
2025-09-22,Molise,Subito Lavoro,AZ_IT_SUBITO_RETARGETING,1.99,280,3,0
2025-09-22,Molise,Subito Lavoro,AZ_IT_SUBITO_SLOT_PREMIUM,4.89,445,7,0
2025-09-22,Molise,Subito Lavoro,AZ_IT_SUBITO_SPONSORED_ANNUNCI,2.93,224,4,0
2025-09-22,Piemonte,Subito Lavoro,AZ_IT_SUBITO_RETARGETING,20.07,3038,34,1
2025-09-22,Piemonte,Subito Lavoro,AZ_IT_SUBITO_SLOT_PREMIUM,74.55,6650,92,5
2025-09-22,Piemonte,Subito Lavoro,AZ_IT_SUBITO_SPONSORED_ANNUNCI,43.13,3194,53,2
2025-09-22,Puglia,Subito Lavoro,AZ_IT_SUBITO_RETARGETING,15.95,2294,28,1
2025-09-22,Puglia,Subito Lavoro,AZ_IT_SUBITO_SLOT_PREMIUM,114.06,10557,137,7
2025-09-22,Puglia,Subito Lavoro,AZ_IT_SUBITO_SPONSORED_ANNUNCI,42.04,3205,60,2
2025-09-22,Sardegna,Subito Lavoro,AZ_IT_SUBITO_RETARGETING,11.48,1613,17,1
2025-09-22,Sardegna,Subito Lavoro,AZ_IT_SUBITO_SLOT_PREMIUM,29.70,2753,38,2
2025-09-22,Sardegna,Subito Lavoro,AZ_IT_SUBITO_SPONSORED_ANNUNCI,23.04,1711,27,1
2025-09-22,Sicilia,Subito Lavoro,AZ_IT_SUBITO_RETARGETING,18.29,2664,31,1
2025-09-22,Sicilia,Subito Lavoro,AZ_IT_SUBITO_SLOT_PREMIUM,87.78,7754,102,6
2025-09-22,Sicilia,Subito Lavoro,AZ_IT_SUBITO_SPONSORED_ANNUNCI,42.73,3313,51,2
2025-09-22,Toscana,Subito Lavoro,AZ_IT_SUBITO_RETARGETING,17.94,2519,30,2
2025-09-22,Toscana,Subito Lavoro,AZ_IT_SUBITO_SLOT_PREMIUM,79.75,7173,93,9
2025-09-22,Toscana,Subito Lavoro,AZ_IT_SUBITO_SPONSORED_ANNUNCI,41.07,2970,52,3
2025-09-22,Trentino-Alto Adige,Subito Lavoro,AZ_IT_SUBITO_RETARGETING,6.84,954,12,1
2025-09-22,Trentino-Alto Adige,Subito Lavoro,AZ_IT_SUBITO_SLOT_PREMIUM,22.35,1982,29,2
2025-09-22,Trentino-Alto Adige,Subito Lavoro,AZ_IT_SUBITO_SPONSORED_ANNUNCI,9.71,745,15,1
2025-09-22,Umbria,Subito Lavoro,AZ_IT_SUBITO_RETARGETING,4.05,585,7,1
2025-09-22,Umbria,Subito Lavoro,AZ_IT_SUBITO_SLOT_PREMIUM,14.52,1328,18,2
2025-09-22,Umbria,Subito Lavoro,AZ_IT_SUBITO_SPONSORED_ANNUNCI,10.12,809,14,1
2025-09-22,Valle d'Aosta,Subito Lavoro,AZ_IT_SUBITO_RETARGETING,0.60,81,1,0
2025-09-22,Valle d'Aosta,Subito Lavoro,AZ_IT_SUBITO_SLOT_PREMIUM,2.00,191,2,0
2025-09-22,Valle d'Aosta,Subito Lavoro,AZ_IT_SUBITO_SPONSORED_ANNUNCI,1.60,127,2,0
2025-09-22,Veneto,Subito Lavoro,AZ_IT_SUBITO_RETARGETING,35.70,5069,64,4
2025-09-22,Veneto,Subito Lavoro,AZ_IT_SUBITO_SLOT_PREMIUM,72.85,6910,97,7
2025-09-22,Veneto,Subito Lavoro,AZ_IT_SUBITO_SPONSORED_ANNUNCI,24.81,1903,33,1
2025-09-29,Abruzzo,Subito Lavoro,AZ_IT_SUBITO_RETARGETING,2.85,394,5,0
2025-09-29,Abruzzo,Subito Lavoro,AZ_IT_SUBITO_SLOT_PREMIUM,21.35,1944,26,2
2025-09-29,Abruzzo,Subito Lavoro,AZ_IT_SUBITO_SPONSORED_ANNUNCI,11.89,942,16,1
2025-09-29,Basilicata,Subito Lavoro,AZ_IT_SUBITO_RETARGETING,2.49,360,5,0
2025-09-29,Basilicata,Subito Lavoro,AZ_IT_SUBITO_SLOT_PREMIUM,6.82,591,9,1
2025-09-29,Basilicata,Subito Lavoro,AZ_IT_SUBITO_SPONSORED_ANNUNCI,3.20,246,5,0
2025-09-29,Calabria,Subito Lavoro,AZ_IT_SUBITO_RETARGETING,6.77,962,11,1
2025-09-29,Calabria,Subito Lavoro,AZ_IT_SUBITO_SLOT_PREMIUM,26.62,2423,33,4
2025-09-29,Calabria,Subito Lavoro,AZ_IT_SUBITO_SPONSORED_ANNUNCI,8.89,684,11,1
2025-09-29,Campania,Subito Lavoro,AZ_IT_SUBITO_RETARGETING,24.04,3417,39,3
2025-09-29,Campania,Subito Lavoro,AZ_IT_SUBITO_SLOT_PREMIUM,45.08,4070,55,5
2025-09-29,Campania,Subito Lavoro,AZ_IT_SUBITO_SPONSORED_ANNUNCI,40.38,3020,50,3
2025-09-29,Emilia-Romagna,Subito Lavoro,AZ_IT_SUBITO_RETARGETING,28.74,3934,48,3
2025-09-29,Emilia-Romagna,Subito Lavoro,AZ_IT_SUBITO_SLOT_PREMIUM,86.83,7658,117,8
2025-09-29,Emilia-Romagna,Subito Lavoro,AZ_IT_SUBITO_SPONSORED_ANNUNCI,35.91,2745,52,2
2025-09-29,Friuli-Venezia Giulia,Subito Lavoro,AZ_IT_SUBITO_RETARGETING,3.65,539,6,1
2025-09-29,Friuli-Venezia Giulia,Subito Lavoro,AZ_IT_SUBITO_SLOT_PREMIUM,11.22,1050,14,1
2025-09-29,Friuli-Venezia Giulia,Subito Lavoro,AZ_IT_SUBITO_SPONSORED_ANNUNCI,6.45,511,9,1
2025-09-29,Lazio,Subito Lavoro,AZ_IT_SUBITO_RETARGETING,22.56,3194,37,3
2025-09-29,Lazio,Subito Lavoro,AZ_IT_SUBITO_SLOT_PREMIUM,69.61,6508,98,7
2025-09-29,Lazio,Subito Lavoro,AZ_IT_SUBITO_SPONSORED_ANNUNCI,17.10,1341,24,1
2025-09-29,Liguria,Subito Lavoro,AZ_IT_SUBITO_RETARGETING,5.14,728,9,0
2025-09-29,Liguria,Subito Lavoro,AZ_IT_SUBITO_SLOT_PREMIUM,24.78,2256,32,2
2025-09-29,Liguria,Subito Lavoro,AZ_IT_SUBITO_SPONSORED_ANNUNCI,5.28,427,7,0
2025-09-29,Lombardia,Subito Lavoro,AZ_IT_SUBITO_RETARGETING,42.50,5760,70,4
2025-09-29,Lombardia,Subito Lavoro,AZ_IT_SUBITO_SLOT_PREMIUM,255.29,23077,346,19
2025-09-29,Lombardia,Subito Lavoro,AZ_IT_SUBITO_SPONSORED_ANNUNCI,85.64,6759,109,5
2025-09-29,Marche,Subito Lavoro,AZ_IT_SUBITO_RETARGETING,6.80,1008,13,1
2025-09-29,Marche,Subito Lavoro,AZ_IT_SUBITO_SLOT_PREMIUM,19.98,1765,25,3
2025-09-29,Marche,Subito Lavoro,AZ_IT_SUBITO_SPONSORED_ANNUNCI,6.76,505,9,1
2025-09-29,Molise,Subito Lavoro,AZ_IT_SUBITO_RETARGETING,1.13,160,2,0
2025-09-29,Molise,Subito Lavoro,AZ_IT_SUBITO_SLOT_PREMIUM,2.84,261,4,0
2025-09-29,Molise,Subito Lavoro,AZ_IT_SUBITO_SPONSORED_ANNUNCI,1.21,87,1,0
2025-09-29,Piemonte,Subito Lavoro,AZ_IT_SUBITO_RETARGETING,15.16,2145,25,1
2025-09-29,Piemonte,Subito Lavoro,AZ_IT_SUBITO_SLOT_PREMIUM,59.67,5540,80,4
2025-09-29,Piemonte,Subito Lavoro,AZ_IT_SUBITO_SPONSORED_ANNUNCI,29.41,2299,38,2
2025-09-29,Puglia,Subito Lavoro,AZ_IT_SUBITO_RETARGETING,13.44,2010,27,1
2025-09-29,Puglia,Subito Lavoro,AZ_IT_SUBITO_SLOT_PREMIUM,65.74,6082,94,6
2025-09-29,Puglia,Subito Lavoro,AZ_IT_SUBITO_SPONSORED_ANNUNCI,17.29,1356,21,1
2025-09-29,Sardegna,Subito Lavoro,AZ_IT_SUBITO_RETARGETING,6.90,961,11,1
2025-09-29,Sardegna,Subito Lavoro,AZ_IT_SUBITO_SLOT_PREMIUM,20.00,1829,26,2
2025-09-29,Sardegna,Subito Lavoro,AZ_IT_SUBITO_SPONSORED_ANNUNCI,10.74,827,14,1
2025-09-29,Sicilia,Subito Lavoro,AZ_IT_SUBITO_RETARGETING,10.23,1464,16,1
2025-09-29,Sicilia,Subito Lavoro,AZ_IT_SUBITO_SLOT_PREMIUM,60.46,5789,74,6
2025-09-29,Sicilia,Subito Lavoro,AZ_IT_SUBITO_SPONSORED_ANNUNCI,18.28,1473,25,1
2025-09-29,Toscana,Subito Lavoro,AZ_IT_SUBITO_RETARGETING,10.46,1537,19,2
2025-09-29,Toscana,Subito Lavoro,AZ_IT_SUBITO_SLOT_PREMIUM,55.00,5062,72,7
2025-09-29,Toscana,Subito Lavoro,AZ_IT_SUBITO_SPONSORED_ANNUNCI,19.33,1496,27,2
2025-09-29,Trentino-Alto Adige,Subito Lavoro,AZ_IT_SUBITO_RETARGETING,4.20,602,7,1
2025-09-29,Trentino-Alto Adige,Subito Lavoro,AZ_IT_SUBITO_SLOT_PREMIUM,12.58,1134,17,2
2025-09-29,Trentino-Alto Adige,Subito Lavoro,AZ_IT_SUBITO_SPONSORED_ANNUNCI,5.04,399,6,0
2025-09-29,Umbria,Subito Lavoro,AZ_IT_SUBITO_RETARGETING,1.91,272,3,0
2025-09-29,Umbria,Subito Lavoro,AZ_IT_SUBITO_SLOT_PREMIUM,8.74,781,12,1
2025-09-29,Umbria,Subito Lavoro,AZ_IT_SUBITO_SPONSORED_ANNUNCI,4.31,335,5,1
2025-09-29,Valle d'Aosta,Subito Lavoro,AZ_IT_SUBITO_RETARGETING,0.44,63,1,0
2025-09-29,Valle d'Aosta,Subito Lavoro,AZ_IT_SUBITO_SLOT_PREMIUM,1.29,113,2,0
2025-09-29,Valle d'Aosta,Subito Lavoro,AZ_IT_SUBITO_SPONSORED_ANNUNCI,0.62,48,1,0
2025-09-29,Veneto,Subito Lavoro,AZ_IT_SUBITO_RETARGETING,29.64,4289,49,3
2025-09-29,Veneto,Subito Lavoro,AZ_IT_SUBITO_SLOT_PREMIUM,56.56,5473,74,5
2025-09-29,Veneto,Subito Lavoro,AZ_IT_SUBITO_SPONSORED_ANNUNCI,17.19,1369,20,1
2025-10-06,Abruzzo,Subito Lavoro,AZ_IT_SUBITO_DISPLAY_HOME,5.59,1130,5,0
2025-10-06,Abruzzo,Subito Lavoro,AZ_IT_SUBITO_RETARGETING,2.39,340,4,0
2025-10-06,Abruzzo,Subito Lavoro,AZ_IT_SUBITO_SLOT_PREMIUM,16.52,1538,20,2
2025-10-06,Abruzzo,Subito Lavoro,AZ_IT_SUBITO_SPONSORED_ANNUNCI,11.89,973,17,1
2025-10-06,Basilicata,Subito Lavoro,AZ_IT_SUBITO_DISPLAY_HOME,2.30,448,2,0
2025-10-06,Basilicata,Subito Lavoro,AZ_IT_SUBITO_RETARGETING,1.67,242,3,0
2025-10-06,Basilicata,Subito Lavoro,AZ_IT_SUBITO_SLOT_PREMIUM,5.49,518,8,1
2025-10-06,Basilicata,Subito Lavoro,AZ_IT_SUBITO_SPONSORED_ANNUNCI,3.53,271,4,0
2025-10-06,Calabria,Subito Lavoro,AZ_IT_SUBITO_DISPLAY_HOME,8.17,1565,7,1
2025-10-06,Calabria,Subito Lavoro,AZ_IT_SUBITO_RETARGETING,5.31,781,10,1
2025-10-06,Calabria,Subito Lavoro,AZ_IT_SUBITO_SLOT_PREMIUM,27.55,2517,37,4
2025-10-06,Calabria,Subito Lavoro,AZ_IT_SUBITO_SPONSORED_ANNUNCI,8.81,691,11,1
2025-10-06,Campania,Subito Lavoro,AZ_IT_SUBITO_DISPLAY_HOME,20.09,4246,16,1
2025-10-06,Campania,Subito Lavoro,AZ_IT_SUBITO_RETARGETING,18.63,2641,33,2
2025-10-06,Campania,Subito Lavoro,AZ_IT_SUBITO_SLOT_PREMIUM,39.22,3595,56,5
2025-10-06,Campania,Subito Lavoro,AZ_IT_SUBITO_SPONSORED_ANNUNCI,48.87,3812,65,4
2025-10-06,Emilia-Romagna,Subito Lavoro,AZ_IT_SUBITO_DISPLAY_HOME,35.79,6990,26,2
2025-10-06,Emilia-Romagna,Subito Lavoro,AZ_IT_SUBITO_RETARGETING,24.98,3649,41,3
2025-10-06,Emilia-Romagna,Subito Lavoro,AZ_IT_SUBITO_SLOT_PREMIUM,83.16,7361,99,7
2025-10-06,Emilia-Romagna,Subito Lavoro,AZ_IT_SUBITO_SPONSORED_ANNUNCI,43.17,3298,51,3
2025-10-06,Friuli-Venezia Giulia,Subito Lavoro,AZ_IT_SUBITO_DISPLAY_HOME,5.96,1144,5,1
2025-10-06,Friuli-Venezia Giulia,Subito Lavoro,AZ_IT_SUBITO_RETARGETING,2.21,336,4,0
2025-10-06,Friuli-Venezia Giulia,Subito Lavoro,AZ_IT_SUBITO_SLOT_PREMIUM,10.33,931,13,2
2025-10-06,Friuli-Venezia Giulia,Subito Lavoro,AZ_IT_SUBITO_SPONSORED_ANNUNCI,7.16,538,9,1
2025-10-06,Lazio,Subito Lavoro,AZ_IT_SUBITO_DISPLAY_HOME,29.91,6031,22,2
2025-10-06,Lazio,Subito Lavoro,AZ_IT_SUBITO_RETARGETING,15.26,2235,28,2
2025-10-06,Lazio,Subito Lavoro,AZ_IT_SUBITO_SLOT_PREMIUM,64.98,5852,81,9
2025-10-06,Lazio,Subito Lavoro,AZ_IT_SUBITO_SPONSORED_ANNUNCI,22.67,1801,32,2
2025-10-06,Liguria,Subito Lavoro,AZ_IT_SUBITO_DISPLAY_HOME,8.00,1557,6,0
2025-10-06,Liguria,Subito Lavoro,AZ_IT_SUBITO_RETARGETING,3.52,501,6,0
2025-10-06,Liguria,Subito Lavoro,AZ_IT_SUBITO_SLOT_PREMIUM,20.00,1764,24,2
2025-10-06,Liguria,Subito Lavoro,AZ_IT_SUBITO_SPONSORED_ANNUNCI,5.39,434,6,0
2025-10-06,Lombardia,Subito Lavoro,AZ_IT_SUBITO_DISPLAY_HOME,69.61,14080,54,4
2025-10-06,Lombardia,Subito Lavoro,AZ_IT_SUBITO_RETARGETING,29.42,4084,53,3
2025-10-06,Lombardia,Subito Lavoro,AZ_IT_SUBITO_SLOT_PREMIUM,250.35,23107,323,21
2025-10-06,Lombardia,Subito Lavoro,AZ_IT_SUBITO_SPONSORED_ANNUNCI,83.69,6449,103,6
2025-10-06,Marche,Subito Lavoro,AZ_IT_SUBITO_DISPLAY_HOME,5.71,1100,4,1
2025-10-06,Marche,Subito Lavoro,AZ_IT_SUBITO_RETARGETING,5.25,740,9,1
2025-10-06,Marche,Subito Lavoro,AZ_IT_SUBITO_SLOT_PREMIUM,17.25,1740,22,3
2025-10-06,Marche,Subito Lavoro,AZ_IT_SUBITO_SPONSORED_ANNUNCI,7.43,565,10,1
2025-10-06,Molise,Subito Lavoro,AZ_IT_SUBITO_DISPLAY_HOME,1.18,245,1,0
2025-10-06,Molise,Subito Lavoro,AZ_IT_SUBITO_RETARGETING,0.97,136,2,0
2025-10-06,Molise,Subito Lavoro,AZ_IT_SUBITO_SLOT_PREMIUM,2.31,202,3,0
2025-10-06,Molise,Subito Lavoro,AZ_IT_SUBITO_SPONSORED_ANNUNCI,1.12,89,2,0
2025-10-06,Piemonte,Subito Lavoro,AZ_IT_SUBITO_DISPLAY_HOME,26.37,5205,20,1
2025-10-06,Piemonte,Subito Lavoro,AZ_IT_SUBITO_RETARGETING,13.59,1920,27,1
2025-10-06,Piemonte,Subito Lavoro,AZ_IT_SUBITO_SLOT_PREMIUM,59.06,5456,82,5
2025-10-06,Piemonte,Subito Lavoro,AZ_IT_SUBITO_SPONSORED_ANNUNCI,35.07,2627,47,2
2025-10-06,Puglia,Subito Lavoro,AZ_IT_SUBITO_DISPLAY_HOME,17.20,3418,14,1
2025-10-06,Puglia,Subito Lavoro,AZ_IT_SUBITO_RETARGETING,10.12,1502,19,1
2025-10-06,Puglia,Subito Lavoro,AZ_IT_SUBITO_SLOT_PREMIUM,60.18,5385,79,5
2025-10-06,Puglia,Subito Lavoro,AZ_IT_SUBITO_SPONSORED_ANNUNCI,17.59,1371,23,1
2025-10-06,Sardegna,Subito Lavoro,AZ_IT_SUBITO_DISPLAY_HOME,4.94,1019,4,0
2025-10-06,Sardegna,Subito Lavoro,AZ_IT_SUBITO_RETARGETING,5.60,830,10,1
2025-10-06,Sardegna,Subito Lavoro,AZ_IT_SUBITO_SLOT_PREMIUM,18.21,1670,23,2
2025-10-06,Sardegna,Subito Lavoro,AZ_IT_SUBITO_SPONSORED_ANNUNCI,13.75,1071,20,1
2025-10-06,Sicilia,Subito Lavoro,AZ_IT_SUBITO_DISPLAY_HOME,20.13,4131,16,1
2025-10-06,Sicilia,Subito Lavoro,AZ_IT_SUBITO_RETARGETING,8.98,1356,15,1
2025-10-06,Sicilia,Subito Lavoro,AZ_IT_SUBITO_SLOT_PREMIUM,44.08,4209,63,5
2025-10-06,Sicilia,Subito Lavoro,AZ_IT_SUBITO_SPONSORED_ANNUNCI,20.00,1545,25,2
2025-10-06,Toscana,Subito Lavoro,AZ_IT_SUBITO_DISPLAY_HOME,16.54,3347,14,1
2025-10-06,Toscana,Subito Lavoro,AZ_IT_SUBITO_RETARGETING,7.86,1098,13,1
2025-10-06,Toscana,Subito Lavoro,AZ_IT_SUBITO_SLOT_PREMIUM,55.00,4743,65,7
2025-10-06,Toscana,Subito Lavoro,AZ_IT_SUBITO_SPONSORED_ANNUNCI,24.05,1911,35,2
2025-10-06,Trentino-Alto Adige,Subito Lavoro,AZ_IT_SUBITO_DISPLAY_HOME,3.83,807,3,0
2025-10-06,Trentino-Alto Adige,Subito Lavoro,AZ_IT_SUBITO_RETARGETING,3.45,491,6,1
2025-10-06,Trentino-Alto Adige,Subito Lavoro,AZ_IT_SUBITO_SLOT_PREMIUM,10.45,917,12,1
2025-10-06,Trentino-Alto Adige,Subito Lavoro,AZ_IT_SUBITO_SPONSORED_ANNUNCI,5.17,403,7,0
2025-10-06,Umbria,Subito Lavoro,AZ_IT_SUBITO_DISPLAY_HOME,2.68,543,2,0
2025-10-06,Umbria,Subito Lavoro,AZ_IT_SUBITO_RETARGETING,1.63,221,3,0
2025-10-06,Umbria,Subito Lavoro,AZ_IT_SUBITO_SLOT_PREMIUM,6.78,610,8,1
2025-10-06,Umbria,Subito Lavoro,AZ_IT_SUBITO_SPONSORED_ANNUNCI,5.23,403,7,1
2025-10-06,Valle d'Aosta,Subito Lavoro,AZ_IT_SUBITO_DISPLAY_HOME,0.64,123,0,0
2025-10-06,Valle d'Aosta,Subito Lavoro,AZ_IT_SUBITO_RETARGETING,0.28,42,1,0
2025-10-06,Valle d'Aosta,Subito Lavoro,AZ_IT_SUBITO_SLOT_PREMIUM,1.04,95,1,0
2025-10-06,Valle d'Aosta,Subito Lavoro,AZ_IT_SUBITO_SPONSORED_ANNUNCI,0.69,53,1,0
2025-10-06,Veneto,Subito Lavoro,AZ_IT_SUBITO_DISPLAY_HOME,20.55,4112,16,1
2025-10-06,Veneto,Subito Lavoro,AZ_IT_SUBITO_RETARGETING,25.92,3907,46,3
2025-10-06,Veneto,Subito Lavoro,AZ_IT_SUBITO_SLOT_PREMIUM,45.56,4061,66,5
2025-10-06,Veneto,Subito Lavoro,AZ_IT_SUBITO_SPONSORED_ANNUNCI,19.09,1463,24,2
2025-10-13,Abruzzo,Subito Lavoro,AZ_IT_SUBITO_DISPLAY_HOME,5.47,1092,5,0
2025-10-13,Abruzzo,Subito Lavoro,AZ_IT_SUBITO_RETARGETING,2.39,331,4,0
2025-10-13,Abruzzo,Subito Lavoro,AZ_IT_SUBITO_SLOT_PREMIUM,15.67,1413,21,1
2025-10-13,Abruzzo,Subito Lavoro,AZ_IT_SUBITO_SPONSORED_ANNUNCI,15.79,1201,20,1
2025-10-13,Basilicata,Subito Lavoro,AZ_IT_SUBITO_DISPLAY_HOME,1.94,373,2,0
2025-10-13,Basilicata,Subito Lavoro,AZ_IT_SUBITO_RETARGETING,1.46,222,3,0
2025-10-13,Basilicata,Subito Lavoro,AZ_IT_SUBITO_SLOT_PREMIUM,6.63,619,9,1
2025-10-13,Basilicata,Subito Lavoro,AZ_IT_SUBITO_SPONSORED_ANNUNCI,4.17,319,5,0
2025-10-13,Calabria,Subito Lavoro,AZ_IT_SUBITO_DISPLAY_HOME,8.64,1764,8,1
2025-10-13,Calabria,Subito Lavoro,AZ_IT_SUBITO_RETARGETING,4.44,640,8,1
2025-10-13,Calabria,Subito Lavoro,AZ_IT_SUBITO_SLOT_PREMIUM,26.81,2353,36,4
2025-10-13,Calabria,Subito Lavoro,AZ_IT_SUBITO_SPONSORED_ANNUNCI,10.80,850,16,1
2025-10-13,Campania,Subito Lavoro,AZ_IT_SUBITO_DISPLAY_HOME,22.54,4321,17,1
2025-10-13,Campania,Subito Lavoro,AZ_IT_SUBITO_RETARGETING,18.91,2770,32,2
2025-10-13,Campania,Subito Lavoro,AZ_IT_SUBITO_SLOT_PREMIUM,41.25,3681,54,5
2025-10-13,Campania,Subito Lavoro,AZ_IT_SUBITO_SPONSORED_ANNUNCI,44.36,3349,51,3
2025-10-13,Emilia-Romagna,Subito Lavoro,AZ_IT_SUBITO_DISPLAY_HOME,29.34,5823,23,2
2025-10-13,Emilia-Romagna,Subito Lavoro,AZ_IT_SUBITO_RETARGETING,22.58,3116,40,2
2025-10-13,Emilia-Romagna,Subito Lavoro,AZ_IT_SUBITO_SLOT_PREMIUM,71.48,6358,90,6
2025-10-13,Emilia-Romagna,Subito Lavoro,AZ_IT_SUBITO_SPONSORED_ANNUNCI,44.55,3511,64,3
2025-10-13,Friuli-Venezia Giulia,Subito Lavoro,AZ_IT_SUBITO_DISPLAY_HOME,5.98,1162,5,1
2025-10-13,Friuli-Venezia Giulia,Subito Lavoro,AZ_IT_SUBITO_RETARGETING,2.16,315,4,0
2025-10-13,Friuli-Venezia Giulia,Subito Lavoro,AZ_IT_SUBITO_SLOT_PREMIUM,13.89,1307,18,2
2025-10-13,Friuli-Venezia Giulia,Subito Lavoro,AZ_IT_SUBITO_SPONSORED_ANNUNCI,7.89,624,9,1
2025-10-13,Lazio,Subito Lavoro,AZ_IT_SUBITO_DISPLAY_HOME,27.08,5557,20,2
2025-10-13,Lazio,Subito Lavoro,AZ_IT_SUBITO_RETARGETING,16.65,2468,29,3
2025-10-13,Lazio,Subito Lavoro,AZ_IT_SUBITO_SLOT_PREMIUM,71.08,6392,84,8
2025-10-13,Lazio,Subito Lavoro,AZ_IT_SUBITO_SPONSORED_ANNUNCI,24.00,1933,34,2
2025-10-13,Liguria,Subito Lavoro,AZ_IT_SUBITO_DISPLAY_HOME,8.18,1556,7,0
2025-10-13,Liguria,Subito Lavoro,AZ_IT_SUBITO_RETARGETING,3.29,461,5,0
2025-10-13,Liguria,Subito Lavoro,AZ_IT_SUBITO_SLOT_PREMIUM,20.49,1831,26,2
2025-10-13,Liguria,Subito Lavoro,AZ_IT_SUBITO_SPONSORED_ANNUNCI,6.10,478,8,0
2025-10-13,Lombardia,Subito Lavoro,AZ_IT_SUBITO_DISPLAY_HOME,70.32,14198,59,3
2025-10-13,Lombardia,Subito Lavoro,AZ_IT_SUBITO_RETARGETING,31.39,4547,48,3
2025-10-13,Lombardia,Subito Lavoro,AZ_IT_SUBITO_SLOT_PREMIUM,267.97,24174,361,20
2025-10-13,Lombardia,Subito Lavoro,AZ_IT_SUBITO_SPONSORED_ANNUNCI,91.56,7122,118,5
2025-10-13,Marche,Subito Lavoro,AZ_IT_SUBITO_DISPLAY_HOME,5.81,1208,5,1
2025-10-13,Marche,Subito Lavoro,AZ_IT_SUBITO_RETARGETING,5.17,745,8,1
2025-10-13,Marche,Subito Lavoro,AZ_IT_SUBITO_SLOT_PREMIUM,19.51,1775,23,3
2025-10-13,Marche,Subito Lavoro,AZ_IT_SUBITO_SPONSORED_ANNUNCI,9.24,729,12,1
2025-10-13,Molise,Subito Lavoro,AZ_IT_SUBITO_DISPLAY_HOME,1.24,240,1,0
2025-10-13,Molise,Subito Lavoro,AZ_IT_SUBITO_RETARGETING,0.95,135,2,0
2025-10-13,Molise,Subito Lavoro,AZ_IT_SUBITO_SLOT_PREMIUM,2.53,239,3,0
2025-10-13,Molise,Subito Lavoro,AZ_IT_SUBITO_SPONSORED_ANNUNCI,1.64,129,2,0
2025-10-13,Piemonte,Subito Lavoro,AZ_IT_SUBITO_DISPLAY_HOME,28.08,5651,24,1
2025-10-13,Piemonte,Subito Lavoro,AZ_IT_SUBITO_RETARGETING,12.55,1870,22,1
2025-10-13,Piemonte,Subito Lavoro,AZ_IT_SUBITO_SLOT_PREMIUM,68.63,6322,91,6
2025-10-13,Piemonte,Subito Lavoro,AZ_IT_SUBITO_SPONSORED_ANNUNCI,36.33,2867,49,2
2025-10-13,Puglia,Subito Lavoro,AZ_IT_SUBITO_DISPLAY_HOME,14.87,2828,11,1
2025-10-13,Puglia,Subito Lavoro,AZ_IT_SUBITO_RETARGETING,8.22,1176,14,1
2025-10-13,Puglia,Subito Lavoro,AZ_IT_SUBITO_SLOT_PREMIUM,61.84,5947,79,5
2025-10-13,Puglia,Subito Lavoro,AZ_IT_SUBITO_SPONSORED_ANNUNCI,19.29,1428,27,1
2025-10-13,Sardegna,Subito Lavoro,AZ_IT_SUBITO_DISPLAY_HOME,4.52,878,4,0
2025-10-13,Sardegna,Subito Lavoro,AZ_IT_SUBITO_RETARGETING,4.25,623,7,0
2025-10-13,Sardegna,Subito Lavoro,AZ_IT_SUBITO_SLOT_PREMIUM,18.61,1665,23,2
2025-10-13,Sardegna,Subito Lavoro,AZ_IT_SUBITO_SPONSORED_ANNUNCI,16.33,1221,19,1
2025-10-13,Sicilia,Subito Lavoro,AZ_IT_SUBITO_DISPLAY_HOME,19.47,3779,16,1
2025-10-13,Sicilia,Subito Lavoro,AZ_IT_SUBITO_RETARGETING,8.63,1274,16,1
2025-10-13,Sicilia,Subito Lavoro,AZ_IT_SUBITO_SLOT_PREMIUM,47.15,4400,55,5
2025-10-13,Sicilia,Subito Lavoro,AZ_IT_SUBITO_SPONSORED_ANNUNCI,21.66,1629,28,2
2025-10-13,Toscana,Subito Lavoro,AZ_IT_SUBITO_DISPLAY_HOME,18.03,3832,15,1
2025-10-13,Toscana,Subito Lavoro,AZ_IT_SUBITO_RETARGETING,8.08,1092,11,1
2025-10-13,Toscana,Subito Lavoro,AZ_IT_SUBITO_SLOT_PREMIUM,59.92,5680,81,8
2025-10-13,Toscana,Subito Lavoro,AZ_IT_SUBITO_SPONSORED_ANNUNCI,24.39,1961,34,2
2025-10-13,Trentino-Alto Adige,Subito Lavoro,AZ_IT_SUBITO_DISPLAY_HOME,3.85,749,3,0
2025-10-13,Trentino-Alto Adige,Subito Lavoro,AZ_IT_SUBITO_RETARGETING,3.06,437,5,0
2025-10-13,Trentino-Alto Adige,Subito Lavoro,AZ_IT_SUBITO_SLOT_PREMIUM,12.15,1063,15,1
2025-10-13,Trentino-Alto Adige,Subito Lavoro,AZ_IT_SUBITO_SPONSORED_ANNUNCI,6.11,439,7,1
2025-10-13,Umbria,Subito Lavoro,AZ_IT_SUBITO_DISPLAY_HOME,2.59,506,2,0
2025-10-13,Umbria,Subito Lavoro,AZ_IT_SUBITO_RETARGETING,1.67,234,2,0
2025-10-13,Umbria,Subito Lavoro,AZ_IT_SUBITO_SLOT_PREMIUM,8.19,713,10,1
2025-10-13,Umbria,Subito Lavoro,AZ_IT_SUBITO_SPONSORED_ANNUNCI,6.09,485,8,1
2025-10-13,Valle d'Aosta,Subito Lavoro,AZ_IT_SUBITO_DISPLAY_HOME,0.62,124,1,0
2025-10-13,Valle d'Aosta,Subito Lavoro,AZ_IT_SUBITO_RETARGETING,0.31,44,1,0
2025-10-13,Valle d'Aosta,Subito Lavoro,AZ_IT_SUBITO_SLOT_PREMIUM,1.11,99,1,0
2025-10-13,Valle d'Aosta,Subito Lavoro,AZ_IT_SUBITO_SPONSORED_ANNUNCI,0.68,52,1,0
2025-10-13,Veneto,Subito Lavoro,AZ_IT_SUBITO_DISPLAY_HOME,20.46,4011,16,1
2025-10-13,Veneto,Subito Lavoro,AZ_IT_SUBITO_RETARGETING,19.10,2673,34,2
2025-10-13,Veneto,Subito Lavoro,AZ_IT_SUBITO_SLOT_PREMIUM,52.33,5017,76,6
2025-10-13,Veneto,Subito Lavoro,AZ_IT_SUBITO_SPONSORED_ANNUNCI,22.25,1716,32,2
2025-10-20,Abruzzo,Subito Lavoro,AZ_IT_SUBITO_DISPLAY_HOME,8.16,1684,7,0
2025-10-20,Abruzzo,Subito Lavoro,AZ_IT_SUBITO_RETARGETING,3.75,528,6,0
2025-10-20,Abruzzo,Subito Lavoro,AZ_IT_SUBITO_SLOT_PREMIUM,18.17,1661,22,1
2025-10-20,Abruzzo,Subito Lavoro,AZ_IT_SUBITO_SPONSORED_ANNUNCI,20.71,1606,29,1
2025-10-20,Basilicata,Subito Lavoro,AZ_IT_SUBITO_DISPLAY_HOME,3.61,723,3,0
2025-10-20,Basilicata,Subito Lavoro,AZ_IT_SUBITO_RETARGETING,2.23,301,4,0
2025-10-20,Basilicata,Subito Lavoro,AZ_IT_SUBITO_SLOT_PREMIUM,7.29,668,10,1
2025-10-20,Basilicata,Subito Lavoro,AZ_IT_SUBITO_SPONSORED_ANNUNCI,6.85,495,9,0
2025-10-20,Calabria,Subito Lavoro,AZ_IT_SUBITO_DISPLAY_HOME,15.67,3116,13,1
2025-10-20,Calabria,Subito Lavoro,AZ_IT_SUBITO_RETARGETING,6.95,974,13,1
2025-10-20,Calabria,Subito Lavoro,AZ_IT_SUBITO_SLOT_PREMIUM,28.65,2585,35,4
2025-10-20,Calabria,Subito Lavoro,AZ_IT_SUBITO_SPONSORED_ANNUNCI,18.70,1414,28,2
2025-10-20,Campania,Subito Lavoro,AZ_IT_SUBITO_DISPLAY_HOME,38.53,7627,33,2
2025-10-20,Campania,Subito Lavoro,AZ_IT_SUBITO_RETARGETING,33.58,4632,50,3
2025-10-20,Campania,Subito Lavoro,AZ_IT_SUBITO_SLOT_PREMIUM,46.04,4246,56,4
2025-10-20,Campania,Subito Lavoro,AZ_IT_SUBITO_SPONSORED_ANNUNCI,70.10,5471,92,4
2025-10-20,Emilia-Romagna,Subito Lavoro,AZ_IT_SUBITO_DISPLAY_HOME,56.08,10851,47,2
2025-10-20,Emilia-Romagna,Subito Lavoro,AZ_IT_SUBITO_RETARGETING,34.59,4827,57,3
2025-10-20,Emilia-Romagna,Subito Lavoro,AZ_IT_SUBITO_SLOT_PREMIUM,79.51,7259,98,5
2025-10-20,Emilia-Romagna,Subito Lavoro,AZ_IT_SUBITO_SPONSORED_ANNUNCI,70.78,5584,100,4
2025-10-20,Friuli-Venezia Giulia,Subito Lavoro,AZ_IT_SUBITO_DISPLAY_HOME,9.49,1967,8,1
2025-10-20,Friuli-Venezia Giulia,Subito Lavoro,AZ_IT_SUBITO_RETARGETING,3.74,545,6,1
2025-10-20,Friuli-Venezia Giulia,Subito Lavoro,AZ_IT_SUBITO_SLOT_PREMIUM,12.75,1111,14,2
2025-10-20,Friuli-Venezia Giulia,Subito Lavoro,AZ_IT_SUBITO_SPONSORED_ANNUNCI,12.58,993,16,1
2025-10-20,Lazio,Subito Lavoro,AZ_IT_SUBITO_DISPLAY_HOME,46.68,9511,38,3
2025-10-20,Lazio,Subito Lavoro,AZ_IT_SUBITO_RETARGETING,23.61,3507,41,3
2025-10-20,Lazio,Subito Lavoro,AZ_IT_SUBITO_SLOT_PREMIUM,70.82,6000,86,7
2025-10-20,Lazio,Subito Lavoro,AZ_IT_SUBITO_SPONSORED_ANNUNCI,35.65,2750,47,3
2025-10-20,Liguria,Subito Lavoro,AZ_IT_SUBITO_DISPLAY_HOME,13.12,2768,10,1
2025-10-20,Liguria,Subito Lavoro,AZ_IT_SUBITO_RETARGETING,6.50,941,11,1
2025-10-20,Liguria,Subito Lavoro,AZ_IT_SUBITO_SLOT_PREMIUM,24.16,2280,29,2
2025-10-20,Liguria,Subito Lavoro,AZ_IT_SUBITO_SPONSORED_ANNUNCI,10.19,816,14,1
2025-10-20,Lombardia,Subito Lavoro,AZ_IT_SUBITO_DISPLAY_HOME,108.45,22339,103,5
2025-10-20,Lombardia,Subito Lavoro,AZ_IT_SUBITO_RETARGETING,57.37,8318,106,5
2025-10-20,Lombardia,Subito Lavoro,AZ_IT_SUBITO_SLOT_PREMIUM,260.27,21954,326,18
2025-10-20,Lombardia,Subito Lavoro,AZ_IT_SUBITO_SPONSORED_ANNUNCI,136.44,10479,179,8
2025-10-20,Marche,Subito Lavoro,AZ_IT_SUBITO_DISPLAY_HOME,9.09,1791,7,1
2025-10-20,Marche,Subito Lavoro,AZ_IT_SUBITO_RETARGETING,7.31,1020,11,1
2025-10-20,Marche,Subito Lavoro,AZ_IT_SUBITO_SLOT_PREMIUM,19.37,1735,25,3
2025-10-20,Marche,Subito Lavoro,AZ_IT_SUBITO_SPONSORED_ANNUNCI,13.99,1088,19,1
2025-10-20,Molise,Subito Lavoro,AZ_IT_SUBITO_DISPLAY_HOME,1.65,324,1,0
2025-10-20,Molise,Subito Lavoro,AZ_IT_SUBITO_RETARGETING,1.50,210,3,0
2025-10-20,Molise,Subito Lavoro,AZ_IT_SUBITO_SLOT_PREMIUM,2.83,252,4,0
2025-10-20,Molise,Subito Lavoro,AZ_IT_SUBITO_SPONSORED_ANNUNCI,2.80,219,4,0
2025-10-20,Piemonte,Subito Lavoro,AZ_IT_SUBITO_DISPLAY_HOME,36.77,7716,31,1
2025-10-20,Piemonte,Subito Lavoro,AZ_IT_SUBITO_RETARGETING,22.52,3214,43,2
2025-10-20,Piemonte,Subito Lavoro,AZ_IT_SUBITO_SLOT_PREMIUM,73.24,6613,91,5
2025-10-20,Piemonte,Subito Lavoro,AZ_IT_SUBITO_SPONSORED_ANNUNCI,54.45,4122,72,3
2025-10-20,Puglia,Subito Lavoro,AZ_IT_SUBITO_DISPLAY_HOME,27.46,5464,25,1
2025-10-20,Puglia,Subito Lavoro,AZ_IT_SUBITO_RETARGETING,17.36,2477,29,1
2025-10-20,Puglia,Subito Lavoro,AZ_IT_SUBITO_SLOT_PREMIUM,65.34,5928,71,4
2025-10-20,Puglia,Subito Lavoro,AZ_IT_SUBITO_SPONSORED_ANNUNCI,33.56,2617,42,1
2025-10-20,Sardegna,Subito Lavoro,AZ_IT_SUBITO_DISPLAY_HOME,7.60,1521,7,0
2025-10-20,Sardegna,Subito Lavoro,AZ_IT_SUBITO_RETARGETING,8.45,1229,15,1
2025-10-20,Sardegna,Subito Lavoro,AZ_IT_SUBITO_SLOT_PREMIUM,18.25,1727,24,2
2025-10-20,Sardegna,Subito Lavoro,AZ_IT_SUBITO_SPONSORED_ANNUNCI,24.25,1854,29,2
2025-10-20,Sicilia,Subito Lavoro,AZ_IT_SUBITO_DISPLAY_HOME,28.58,5677,19,1
2025-10-20,Sicilia,Subito Lavoro,AZ_IT_SUBITO_RETARGETING,16.38,2371,27,2
2025-10-20,Sicilia,Subito Lavoro,AZ_IT_SUBITO_SLOT_PREMIUM,46.10,4234,60,5
2025-10-20,Sicilia,Subito Lavoro,AZ_IT_SUBITO_SPONSORED_ANNUNCI,35.72,2732,46,3
2025-10-20,Toscana,Subito Lavoro,AZ_IT_SUBITO_DISPLAY_HOME,27.44,5484,19,2
2025-10-20,Toscana,Subito Lavoro,AZ_IT_SUBITO_RETARGETING,13.89,2010,27,2
2025-10-20,Toscana,Subito Lavoro,AZ_IT_SUBITO_SLOT_PREMIUM,60.63,5729,78,7
2025-10-20,Toscana,Subito Lavoro,AZ_IT_SUBITO_SPONSORED_ANNUNCI,40.18,3132,50,4
2025-10-20,Trentino-Alto Adige,Subito Lavoro,AZ_IT_SUBITO_DISPLAY_HOME,6.59,1330,6,0
2025-10-20,Trentino-Alto Adige,Subito Lavoro,AZ_IT_SUBITO_RETARGETING,5.36,808,8,1
2025-10-20,Trentino-Alto Adige,Subito Lavoro,AZ_IT_SUBITO_SLOT_PREMIUM,11.77,1056,16,1
2025-10-20,Trentino-Alto Adige,Subito Lavoro,AZ_IT_SUBITO_SPONSORED_ANNUNCI,9.67,758,14,1
2025-10-20,Umbria,Subito Lavoro,AZ_IT_SUBITO_DISPLAY_HOME,4.79,996,4,0
2025-10-20,Umbria,Subito Lavoro,AZ_IT_SUBITO_RETARGETING,3.00,428,5,0
2025-10-20,Umbria,Subito Lavoro,AZ_IT_SUBITO_SLOT_PREMIUM,8.37,757,10,1
2025-10-20,Umbria,Subito Lavoro,AZ_IT_SUBITO_SPONSORED_ANNUNCI,9.02,696,12,1
2025-10-20,Valle d'Aosta,Subito Lavoro,AZ_IT_SUBITO_DISPLAY_HOME,0.96,207,1,0
2025-10-20,Valle d'Aosta,Subito Lavoro,AZ_IT_SUBITO_RETARGETING,0.50,73,1,0
2025-10-20,Valle d'Aosta,Subito Lavoro,AZ_IT_SUBITO_SLOT_PREMIUM,1.29,113,2,0
2025-10-20,Valle d'Aosta,Subito Lavoro,AZ_IT_SUBITO_SPONSORED_ANNUNCI,1.27,98,2,0
2025-10-20,Veneto,Subito Lavoro,AZ_IT_SUBITO_DISPLAY_HOME,32.10,6394,26,2
2025-10-20,Veneto,Subito Lavoro,AZ_IT_SUBITO_RETARGETING,34.11,5101,53,4
2025-10-20,Veneto,Subito Lavoro,AZ_IT_SUBITO_SLOT_PREMIUM,59.78,5365,71,5
2025-10-20,Veneto,Subito Lavoro,AZ_IT_SUBITO_SPONSORED_ANNUNCI,34.60,2700,46,2
2025-10-27,Abruzzo,Subito Lavoro,AZ_IT_SUBITO_DISPLAY_HOME,6.70,1333,5,0
2025-10-27,Abruzzo,Subito Lavoro,AZ_IT_SUBITO_RETARGETING,3.67,528,6,0
2025-10-27,Abruzzo,Subito Lavoro,AZ_IT_SUBITO_SLOT_PREMIUM,18.88,1739,26,2
2025-10-27,Abruzzo,Subito Lavoro,AZ_IT_SUBITO_SPONSORED_ANNUNCI,14.90,1154,20,1
2025-10-27,Basilicata,Subito Lavoro,AZ_IT_SUBITO_DISPLAY_HOME,3.66,733,3,0
2025-10-27,Basilicata,Subito Lavoro,AZ_IT_SUBITO_RETARGETING,2.50,355,4,0
2025-10-27,Basilicata,Subito Lavoro,AZ_IT_SUBITO_SLOT_PREMIUM,6.17,527,8,1
2025-10-27,Basilicata,Subito Lavoro,AZ_IT_SUBITO_SPONSORED_ANNUNCI,5.01,376,6,0
2025-10-27,Calabria,Subito Lavoro,AZ_IT_SUBITO_DISPLAY_HOME,14.75,3008,12,1
2025-10-27,Calabria,Subito Lavoro,AZ_IT_SUBITO_RETARGETING,6.01,828,10,1
2025-10-27,Calabria,Subito Lavoro,AZ_IT_SUBITO_SLOT_PREMIUM,29.27,2687,36,4
2025-10-27,Calabria,Subito Lavoro,AZ_IT_SUBITO_SPONSORED_ANNUNCI,14.38,1140,19,1
2025-10-27,Campania,Subito Lavoro,AZ_IT_SUBITO_DISPLAY_HOME,30.14,5982,25,2
2025-10-27,Campania,Subito Lavoro,AZ_IT_SUBITO_RETARGETING,29.19,4017,48,4
2025-10-27,Campania,Subito Lavoro,AZ_IT_SUBITO_SLOT_PREMIUM,41.29,3607,54,4
2025-10-27,Campania,Subito Lavoro,AZ_IT_SUBITO_SPONSORED_ANNUNCI,59.85,4510,76,5
2025-10-27,Emilia-Romagna,Subito Lavoro,AZ_IT_SUBITO_DISPLAY_HOME,46.42,8854,35,2
2025-10-27,Emilia-Romagna,Subito Lavoro,AZ_IT_SUBITO_RETARGETING,31.41,4595,46,3
2025-10-27,Emilia-Romagna,Subito Lavoro,AZ_IT_SUBITO_SLOT_PREMIUM,74.65,6638,95,6
2025-10-27,Emilia-Romagna,Subito Lavoro,AZ_IT_SUBITO_SPONSORED_ANNUNCI,67.20,5338,96,4
2025-10-27,Friuli-Venezia Giulia,Subito Lavoro,AZ_IT_SUBITO_DISPLAY_HOME,7.51,1434,6,1
2025-10-27,Friuli-Venezia Giulia,Subito Lavoro,AZ_IT_SUBITO_RETARGETING,3.91,562,7,1
2025-10-27,Friuli-Venezia Giulia,Subito Lavoro,AZ_IT_SUBITO_SLOT_PREMIUM,10.65,998,13,2
2025-10-27,Friuli-Venezia Giulia,Subito Lavoro,AZ_IT_SUBITO_SPONSORED_ANNUNCI,10.62,832,13,1
2025-10-27,Lazio,Subito Lavoro,AZ_IT_SUBITO_DISPLAY_HOME,37.73,7911,31,3
2025-10-27,Lazio,Subito Lavoro,AZ_IT_SUBITO_RETARGETING,26.11,3819,44,3
2025-10-27,Lazio,Subito Lavoro,AZ_IT_SUBITO_SLOT_PREMIUM,71.63,6315,89,9
2025-10-27,Lazio,Subito Lavoro,AZ_IT_SUBITO_SPONSORED_ANNUNCI,25.58,2001,33,2
2025-10-27,Liguria,Subito Lavoro,AZ_IT_SUBITO_DISPLAY_HOME,11.52,2266,9,0
2025-10-27,Liguria,Subito Lavoro,AZ_IT_SUBITO_RETARGETING,5.43,772,9,1
2025-10-27,Liguria,Subito Lavoro,AZ_IT_SUBITO_SLOT_PREMIUM,27.04,2397,35,2
2025-10-27,Liguria,Subito Lavoro,AZ_IT_SUBITO_SPONSORED_ANNUNCI,8.78,700,13,0
2025-10-27,Lombardia,Subito Lavoro,AZ_IT_SUBITO_DISPLAY_HOME,98.27,19066,70,5
2025-10-27,Lombardia,Subito Lavoro,AZ_IT_SUBITO_RETARGETING,51.27,7180,84,5
2025-10-27,Lombardia,Subito Lavoro,AZ_IT_SUBITO_SLOT_PREMIUM,239.36,22256,274,16
2025-10-27,Lombardia,Subito Lavoro,AZ_IT_SUBITO_SPONSORED_ANNUNCI,88.04,6854,114,5
2025-10-27,Marche,Subito Lavoro,AZ_IT_SUBITO_DISPLAY_HOME,6.46,1385,6,0
2025-10-27,Marche,Subito Lavoro,AZ_IT_SUBITO_RETARGETING,7.32,1013,11,1
2025-10-27,Marche,Subito Lavoro,AZ_IT_SUBITO_SLOT_PREMIUM,20.24,1846,25,2
2025-10-27,Marche,Subito Lavoro,AZ_IT_SUBITO_SPONSORED_ANNUNCI,10.76,886,16,1
2025-10-27,Molise,Subito Lavoro,AZ_IT_SUBITO_DISPLAY_HOME,1.43,291,1,0
2025-10-27,Molise,Subito Lavoro,AZ_IT_SUBITO_RETARGETING,1.45,208,3,0
2025-10-27,Molise,Subito Lavoro,AZ_IT_SUBITO_SLOT_PREMIUM,2.86,247,4,0
2025-10-27,Molise,Subito Lavoro,AZ_IT_SUBITO_SPONSORED_ANNUNCI,1.97,152,3,0
2025-10-27,Piemonte,Subito Lavoro,AZ_IT_SUBITO_DISPLAY_HOME,38.26,7545,30,2
2025-10-27,Piemonte,Subito Lavoro,AZ_IT_SUBITO_RETARGETING,25.19,3545,46,2
2025-10-27,Piemonte,Subito Lavoro,AZ_IT_SUBITO_SLOT_PREMIUM,77.83,7002,89,6
2025-10-27,Piemonte,Subito Lavoro,AZ_IT_SUBITO_SPONSORED_ANNUNCI,45.31,3283,59,2
2025-10-27,Puglia,Subito Lavoro,AZ_IT_SUBITO_DISPLAY_HOME,24.50,4722,19,1
2025-10-27,Puglia,Subito Lavoro,AZ_IT_SUBITO_RETARGETING,17.00,2389,31,1
2025-10-27,Puglia,Subito Lavoro,AZ_IT_SUBITO_SLOT_PREMIUM,72.45,6506,81,5
2025-10-27,Puglia,Subito Lavoro,AZ_IT_SUBITO_SPONSORED_ANNUNCI,25.31,1929,32,1
2025-10-27,Sardegna,Subito Lavoro,AZ_IT_SUBITO_DISPLAY_HOME,7.53,1568,8,0
2025-10-27,Sardegna,Subito Lavoro,AZ_IT_SUBITO_RETARGETING,8.51,1289,16,1
2025-10-27,Sardegna,Subito Lavoro,AZ_IT_SUBITO_SLOT_PREMIUM,17.90,1627,24,2
2025-10-27,Sardegna,Subito Lavoro,AZ_IT_SUBITO_SPONSORED_ANNUNCI,16.67,1340,20,1
2025-10-27,Sicilia,Subito Lavoro,AZ_IT_SUBITO_DISPLAY_HOME,26.98,5173,18,2
2025-10-27,Sicilia,Subito Lavoro,AZ_IT_SUBITO_RETARGETING,15.53,2300,25,2
2025-10-27,Sicilia,Subito Lavoro,AZ_IT_SUBITO_SLOT_PREMIUM,42.01,3833,61,4
2025-10-27,Sicilia,Subito Lavoro,AZ_IT_SUBITO_SPONSORED_ANNUNCI,28.94,2376,40,2
2025-10-27,Toscana,Subito Lavoro,AZ_IT_SUBITO_DISPLAY_HOME,26.94,5158,20,2
2025-10-27,Toscana,Subito Lavoro,AZ_IT_SUBITO_RETARGETING,14.90,2097,24,2
2025-10-27,Toscana,Subito Lavoro,AZ_IT_SUBITO_SLOT_PREMIUM,68.02,6065,89,7
2025-10-27,Toscana,Subito Lavoro,AZ_IT_SUBITO_SPONSORED_ANNUNCI,32.72,2682,47,3
2025-10-27,Trentino-Alto Adige,Subito Lavoro,AZ_IT_SUBITO_DISPLAY_HOME,6.98,1414,6,0
2025-10-27,Trentino-Alto Adige,Subito Lavoro,AZ_IT_SUBITO_RETARGETING,7.17,1057,12,1
2025-10-27,Trentino-Alto Adige,Subito Lavoro,AZ_IT_SUBITO_SLOT_PREMIUM,11.96,1186,16,1
2025-10-27,Trentino-Alto Adige,Subito Lavoro,AZ_IT_SUBITO_SPONSORED_ANNUNCI,9.13,735,13,1
2025-10-27,Umbria,Subito Lavoro,AZ_IT_SUBITO_DISPLAY_HOME,5.12,987,4,0
2025-10-27,Umbria,Subito Lavoro,AZ_IT_SUBITO_RETARGETING,3.20,451,5,1
2025-10-27,Umbria,Subito Lavoro,AZ_IT_SUBITO_SLOT_PREMIUM,8.32,748,10,1
2025-10-27,Umbria,Subito Lavoro,AZ_IT_SUBITO_SPONSORED_ANNUNCI,7.20,556,9,1
2025-10-27,Valle d'Aosta,Subito Lavoro,AZ_IT_SUBITO_DISPLAY_HOME,0.90,173,1,0
2025-10-27,Valle d'Aosta,Subito Lavoro,AZ_IT_SUBITO_RETARGETING,0.57,83,1,0
2025-10-27,Valle d'Aosta,Subito Lavoro,AZ_IT_SUBITO_SLOT_PREMIUM,1.35,124,2,0
2025-10-27,Valle d'Aosta,Subito Lavoro,AZ_IT_SUBITO_SPONSORED_ANNUNCI,1.03,79,1,0
2025-10-27,Veneto,Subito Lavoro,AZ_IT_SUBITO_DISPLAY_HOME,29.93,6066,28,2
2025-10-27,Veneto,Subito Lavoro,AZ_IT_SUBITO_RETARGETING,34.44,5036,66,4
2025-10-27,Veneto,Subito Lavoro,AZ_IT_SUBITO_SLOT_PREMIUM,65.89,5638,76,6
2025-10-27,Veneto,Subito Lavoro,AZ_IT_SUBITO_SPONSORED_ANNUNCI,29.60,2417,40,2
2025-11-03,Abruzzo,Subito Lavoro,AZ_IT_SUBITO_DISPLAY_HOME,6.28,1268,5,0
2025-11-03,Abruzzo,Subito Lavoro,AZ_IT_SUBITO_RETARGETING,4.36,580,7,0
2025-11-03,Abruzzo,Subito Lavoro,AZ_IT_SUBITO_SLOT_PREMIUM,26.26,2343,36,2
2025-11-03,Abruzzo,Subito Lavoro,AZ_IT_SUBITO_SPONSORED_ANNUNCI,18.81,1476,28,1
2025-11-03,Basilicata,Subito Lavoro,AZ_IT_SUBITO_DISPLAY_HOME,3.36,639,3,0
2025-11-03,Basilicata,Subito Lavoro,AZ_IT_SUBITO_RETARGETING,2.50,356,4,0
2025-11-03,Basilicata,Subito Lavoro,AZ_IT_SUBITO_SLOT_PREMIUM,10.23,931,13,1
2025-11-03,Basilicata,Subito Lavoro,AZ_IT_SUBITO_SPONSORED_ANNUNCI,5.86,448,8,0
2025-11-03,Calabria,Subito Lavoro,AZ_IT_SUBITO_DISPLAY_HOME,16.70,3401,15,1
2025-11-03,Calabria,Subito Lavoro,AZ_IT_SUBITO_RETARGETING,6.98,1004,12,1
2025-11-03,Calabria,Subito Lavoro,AZ_IT_SUBITO_SLOT_PREMIUM,52.84,4620,68,5
2025-11-03,Calabria,Subito Lavoro,AZ_IT_SUBITO_SPONSORED_ANNUNCI,19.79,1569,27,1
2025-11-03,Campania,Subito Lavoro,AZ_IT_SUBITO_DISPLAY_HOME,29.05,5504,23,1
2025-11-03,Campania,Subito Lavoro,AZ_IT_SUBITO_RETARGETING,34.48,4842,56,3
2025-11-03,Campania,Subito Lavoro,AZ_IT_SUBITO_SLOT_PREMIUM,58.64,5264,77,5
2025-11-03,Campania,Subito Lavoro,AZ_IT_SUBITO_SPONSORED_ANNUNCI,63.08,4686,81,4
2025-11-03,Emilia-Romagna,Subito Lavoro,AZ_IT_SUBITO_DISPLAY_HOME,53.53,10762,46,2
2025-11-03,Emilia-Romagna,Subito Lavoro,AZ_IT_SUBITO_RETARGETING,38.69,5455,65,2
2025-11-03,Emilia-Romagna,Subito Lavoro,AZ_IT_SUBITO_SLOT_PREMIUM,114.90,10511,140,8
2025-11-03,Emilia-Romagna,Subito Lavoro,AZ_IT_SUBITO_SPONSORED_ANNUNCI,83.21,6248,90,3
2025-11-03,Friuli-Venezia Giulia,Subito Lavoro,AZ_IT_SUBITO_DISPLAY_HOME,7.04,1355,6,1
2025-11-03,Friuli-Venezia Giulia,Subito Lavoro,AZ_IT_SUBITO_RETARGETING,4.83,686,8,1
2025-11-03,Friuli-Venezia Giulia,Subito Lavoro,AZ_IT_SUBITO_SLOT_PREMIUM,14.75,1285,20,2
2025-11-03,Friuli-Venezia Giulia,Subito Lavoro,AZ_IT_SUBITO_SPONSORED_ANNUNCI,12.23,904,16,1
2025-11-03,Lazio,Subito Lavoro,AZ_IT_SUBITO_DISPLAY_HOME,32.11,6506,23,2
2025-11-03,Lazio,Subito Lavoro,AZ_IT_SUBITO_RETARGETING,30.92,4390,49,4
2025-11-03,Lazio,Subito Lavoro,AZ_IT_SUBITO_SLOT_PREMIUM,91.72,8171,119,8
2025-11-03,Lazio,Subito Lavoro,AZ_IT_SUBITO_SPONSORED_ANNUNCI,33.50,2594,44,2
2025-11-03,Liguria,Subito Lavoro,AZ_IT_SUBITO_DISPLAY_HOME,10.55,2112,8,0
2025-11-03,Liguria,Subito Lavoro,AZ_IT_SUBITO_RETARGETING,5.05,700,9,0
2025-11-03,Liguria,Subito Lavoro,AZ_IT_SUBITO_SLOT_PREMIUM,36.91,3357,43,3
2025-11-03,Liguria,Subito Lavoro,AZ_IT_SUBITO_SPONSORED_ANNUNCI,10.14,803,13,0
2025-11-03,Lombardia,Subito Lavoro,AZ_IT_SUBITO_DISPLAY_HOME,89.10,17512,70,3
2025-11-03,Lombardia,Subito Lavoro,AZ_IT_SUBITO_RETARGETING,58.58,8323,104,4
2025-11-03,Lombardia,Subito Lavoro,AZ_IT_SUBITO_SLOT_PREMIUM,318.45,29513,382,21
2025-11-03,Lombardia,Subito Lavoro,AZ_IT_SUBITO_SPONSORED_ANNUNCI,122.48,9549,187,7
2025-11-03,Marche,Subito Lavoro,AZ_IT_SUBITO_DISPLAY_HOME,8.51,1663,6,1
2025-11-03,Marche,Subito Lavoro,AZ_IT_SUBITO_RETARGETING,8.08,1119,15,1
2025-11-03,Marche,Subito Lavoro,AZ_IT_SUBITO_SLOT_PREMIUM,26.27,2434,29,3
2025-11-03,Marche,Subito Lavoro,AZ_IT_SUBITO_SPONSORED_ANNUNCI,12.44,920,17,1
2025-11-03,Molise,Subito Lavoro,AZ_IT_SUBITO_DISPLAY_HOME,1.40,281,1,0
2025-11-03,Molise,Subito Lavoro,AZ_IT_SUBITO_RETARGETING,1.43,207,2,0
2025-11-03,Molise,Subito Lavoro,AZ_IT_SUBITO_SLOT_PREMIUM,4.42,402,6,0
2025-11-03,Molise,Subito Lavoro,AZ_IT_SUBITO_SPONSORED_ANNUNCI,2.49,193,3,0
2025-11-03,Piemonte,Subito Lavoro,AZ_IT_SUBITO_DISPLAY_HOME,36.95,7250,29,1
2025-11-03,Piemonte,Subito Lavoro,AZ_IT_SUBITO_RETARGETING,27.92,3831,46,2
2025-11-03,Piemonte,Subito Lavoro,AZ_IT_SUBITO_SLOT_PREMIUM,122.28,11061,153,7
2025-11-03,Piemonte,Subito Lavoro,AZ_IT_SUBITO_SPONSORED_ANNUNCI,58.44,4423,76,2
2025-11-03,Puglia,Subito Lavoro,AZ_IT_SUBITO_DISPLAY_HOME,24.24,4729,19,1
2025-11-03,Puglia,Subito Lavoro,AZ_IT_SUBITO_RETARGETING,19.29,2651,33,1
2025-11-03,Puglia,Subito Lavoro,AZ_IT_SUBITO_SLOT_PREMIUM,119.98,11364,170,7
2025-11-03,Puglia,Subito Lavoro,AZ_IT_SUBITO_SPONSORED_ANNUNCI,30.12,2242,42,1
2025-11-03,Sardegna,Subito Lavoro,AZ_IT_SUBITO_DISPLAY_HOME,7.30,1447,6,0
2025-11-03,Sardegna,Subito Lavoro,AZ_IT_SUBITO_RETARGETING,9.06,1358,16,1
2025-11-03,Sardegna,Subito Lavoro,AZ_IT_SUBITO_SLOT_PREMIUM,26.54,2539,40,2
2025-11-03,Sardegna,Subito Lavoro,AZ_IT_SUBITO_SPONSORED_ANNUNCI,23.06,1715,31,1
2025-11-03,Sicilia,Subito Lavoro,AZ_IT_SUBITO_DISPLAY_HOME,29.07,5940,25,1
2025-11-03,Sicilia,Subito Lavoro,AZ_IT_SUBITO_RETARGETING,18.89,2803,31,2
2025-11-03,Sicilia,Subito Lavoro,AZ_IT_SUBITO_SLOT_PREMIUM,69.20,6620,96,6
2025-11-03,Sicilia,Subito Lavoro,AZ_IT_SUBITO_SPONSORED_ANNUNCI,36.69,2916,49,2
2025-11-03,Toscana,Subito Lavoro,AZ_IT_SUBITO_DISPLAY_HOME,23.30,4462,18,1
2025-11-03,Toscana,Subito Lavoro,AZ_IT_SUBITO_RETARGETING,14.44,2145,27,2
2025-11-03,Toscana,Subito Lavoro,AZ_IT_SUBITO_SLOT_PREMIUM,75.29,6888,84,9
2025-11-03,Toscana,Subito Lavoro,AZ_IT_SUBITO_SPONSORED_ANNUNCI,40.72,3167,54,4
2025-11-03,Trentino-Alto Adige,Subito Lavoro,AZ_IT_SUBITO_DISPLAY_HOME,5.70,1117,5,0
2025-11-03,Trentino-Alto Adige,Subito Lavoro,AZ_IT_SUBITO_RETARGETING,6.82,988,11,1
2025-11-03,Trentino-Alto Adige,Subito Lavoro,AZ_IT_SUBITO_SLOT_PREMIUM,13.93,1257,18,2
2025-11-03,Trentino-Alto Adige,Subito Lavoro,AZ_IT_SUBITO_SPONSORED_ANNUNCI,9.63,763,14,1
2025-11-03,Umbria,Subito Lavoro,AZ_IT_SUBITO_DISPLAY_HOME,4.22,873,3,0
2025-11-03,Umbria,Subito Lavoro,AZ_IT_SUBITO_RETARGETING,3.90,570,7,1
2025-11-03,Umbria,Subito Lavoro,AZ_IT_SUBITO_SLOT_PREMIUM,11.67,1063,14,2
2025-11-03,Umbria,Subito Lavoro,AZ_IT_SUBITO_SPONSORED_ANNUNCI,8.11,664,11,1
2025-11-03,Valle d'Aosta,Subito Lavoro,AZ_IT_SUBITO_DISPLAY_HOME,0.82,162,1,0
2025-11-03,Valle d'Aosta,Subito Lavoro,AZ_IT_SUBITO_RETARGETING,0.67,103,1,0
2025-11-03,Valle d'Aosta,Subito Lavoro,AZ_IT_SUBITO_SLOT_PREMIUM,1.97,173,2,0
2025-11-03,Valle d'Aosta,Subito Lavoro,AZ_IT_SUBITO_SPONSORED_ANNUNCI,1.15,89,2,0
2025-11-03,Veneto,Subito Lavoro,AZ_IT_SUBITO_DISPLAY_HOME,27.15,5822,23,1
2025-11-03,Veneto,Subito Lavoro,AZ_IT_SUBITO_RETARGETING,39.45,5317,61,3
2025-11-03,Veneto,Subito Lavoro,AZ_IT_SUBITO_SLOT_PREMIUM,90.50,8072,124,6
2025-11-03,Veneto,Subito Lavoro,AZ_IT_SUBITO_SPONSORED_ANNUNCI,37.07,2963,53,2
2025-11-10,Abruzzo,Subito Lavoro,AZ_IT_SUBITO_DISPLAY_HOME,5.53,1145,5,0
2025-11-10,Abruzzo,Subito Lavoro,AZ_IT_SUBITO_RETARGETING,2.71,392,5,0
2025-11-10,Abruzzo,Subito Lavoro,AZ_IT_SUBITO_SLOT_PREMIUM,21.03,1895,25,2
2025-11-10,Abruzzo,Subito Lavoro,AZ_IT_SUBITO_SPONSORED_ANNUNCI,14.73,1123,18,1
2025-11-10,Basilicata,Subito Lavoro,AZ_IT_SUBITO_DISPLAY_HOME,2.49,490,2,0
2025-11-10,Basilicata,Subito Lavoro,AZ_IT_SUBITO_RETARGETING,1.60,239,3,0
2025-11-10,Basilicata,Subito Lavoro,AZ_IT_SUBITO_SLOT_PREMIUM,8.05,739,9,1
2025-11-10,Basilicata,Subito Lavoro,AZ_IT_SUBITO_SPONSORED_ANNUNCI,4.34,333,7,0
2025-11-10,Calabria,Subito Lavoro,AZ_IT_SUBITO_DISPLAY_HOME,9.57,1860,8,1
2025-11-10,Calabria,Subito Lavoro,AZ_IT_SUBITO_RETARGETING,3.99,551,7,1
2025-11-10,Calabria,Subito Lavoro,AZ_IT_SUBITO_SLOT_PREMIUM,35.62,3313,46,4
2025-11-10,Calabria,Subito Lavoro,AZ_IT_SUBITO_SPONSORED_ANNUNCI,17.07,1328,22,2
2025-11-10,Campania,Subito Lavoro,AZ_IT_SUBITO_DISPLAY_HOME,23.05,4704,19,1
2025-11-10,Campania,Subito Lavoro,AZ_IT_SUBITO_RETARGETING,19.92,2811,30,2
2025-11-10,Campania,Subito Lavoro,AZ_IT_SUBITO_SLOT_PREMIUM,45.02,4268,53,4
2025-11-10,Campania,Subito Lavoro,AZ_IT_SUBITO_SPONSORED_ANNUNCI,54.07,4179,76,4
2025-11-10,Emilia-Romagna,Subito Lavoro,AZ_IT_SUBITO_DISPLAY_HOME,33.61,7158,29,1
2025-11-10,Emilia-Romagna,Subito Lavoro,AZ_IT_SUBITO_RETARGETING,26.67,3702,46,2
2025-11-10,Emilia-Romagna,Subito Lavoro,AZ_IT_SUBITO_SLOT_PREMIUM,92.23,8801,123,9
2025-11-10,Emilia-Romagna,Subito Lavoro,AZ_IT_SUBITO_SPONSORED_ANNUNCI,51.36,4004,66,3
2025-11-10,Friuli-Venezia Giulia,Subito Lavoro,AZ_IT_SUBITO_DISPLAY_HOME,5.75,1116,4,0
2025-11-10,Friuli-Venezia Giulia,Subito Lavoro,AZ_IT_SUBITO_RETARGETING,3.30,456,6,1
2025-11-10,Friuli-Venezia Giulia,Subito Lavoro,AZ_IT_SUBITO_SLOT_PREMIUM,14.68,1320,19,2
2025-11-10,Friuli-Venezia Giulia,Subito Lavoro,AZ_IT_SUBITO_SPONSORED_ANNUNCI,9.47,701,12,1
2025-11-10,Lazio,Subito Lavoro,AZ_IT_SUBITO_DISPLAY_HOME,23.87,5003,20,2
2025-11-10,Lazio,Subito Lavoro,AZ_IT_SUBITO_RETARGETING,16.75,2270,30,3
2025-11-10,Lazio,Subito Lavoro,AZ_IT_SUBITO_SLOT_PREMIUM,67.09,6130,75,8
2025-11-10,Lazio,Subito Lavoro,AZ_IT_SUBITO_SPONSORED_ANNUNCI,24.45,1944,34,2
2025-11-10,Liguria,Subito Lavoro,AZ_IT_SUBITO_DISPLAY_HOME,7.50,1545,6,0
2025-11-10,Liguria,Subito Lavoro,AZ_IT_SUBITO_RETARGETING,3.93,567,7,0
2025-11-10,Liguria,Subito Lavoro,AZ_IT_SUBITO_SLOT_PREMIUM,34.29,3237,43,3
2025-11-10,Liguria,Subito Lavoro,AZ_IT_SUBITO_SPONSORED_ANNUNCI,8.59,650,11,0
2025-11-10,Lombardia,Subito Lavoro,AZ_IT_SUBITO_DISPLAY_HOME,85.70,16658,61,4
2025-11-10,Lombardia,Subito Lavoro,AZ_IT_SUBITO_RETARGETING,44.58,6567,89,4
2025-11-10,Lombardia,Subito Lavoro,AZ_IT_SUBITO_SLOT_PREMIUM,247.21,22591,339,15
2025-11-10,Lombardia,Subito Lavoro,AZ_IT_SUBITO_SPONSORED_ANNUNCI,81.03,6249,107,4
2025-11-10,Marche,Subito Lavoro,AZ_IT_SUBITO_DISPLAY_HOME,6.33,1322,5,1
2025-11-10,Marche,Subito Lavoro,AZ_IT_SUBITO_RETARGETING,4.17,603,8,1
2025-11-10,Marche,Subito Lavoro,AZ_IT_SUBITO_SLOT_PREMIUM,19.97,1756,27,3
2025-11-10,Marche,Subito Lavoro,AZ_IT_SUBITO_SPONSORED_ANNUNCI,9.27,720,12,1
2025-11-10,Molise,Subito Lavoro,AZ_IT_SUBITO_DISPLAY_HOME,1.02,205,1,0
2025-11-10,Molise,Subito Lavoro,AZ_IT_SUBITO_RETARGETING,0.85,120,1,0
2025-11-10,Molise,Subito Lavoro,AZ_IT_SUBITO_SLOT_PREMIUM,3.46,324,5,0
2025-11-10,Molise,Subito Lavoro,AZ_IT_SUBITO_SPONSORED_ANNUNCI,1.88,151,3,0
2025-11-10,Piemonte,Subito Lavoro,AZ_IT_SUBITO_DISPLAY_HOME,27.08,5507,20,1
2025-11-10,Piemonte,Subito Lavoro,AZ_IT_SUBITO_RETARGETING,14.20,2028,27,1
2025-11-10,Piemonte,Subito Lavoro,AZ_IT_SUBITO_SLOT_PREMIUM,100.04,8950,135,8
2025-11-10,Piemonte,Subito Lavoro,AZ_IT_SUBITO_SPONSORED_ANNUNCI,40.12,3165,59,2
2025-11-10,Puglia,Subito Lavoro,AZ_IT_SUBITO_DISPLAY_HOME,17.12,3421,14,1
2025-11-10,Puglia,Subito Lavoro,AZ_IT_SUBITO_RETARGETING,12.78,1818,22,1
2025-11-10,Puglia,Subito Lavoro,AZ_IT_SUBITO_SLOT_PREMIUM,82.33,7172,102,6
2025-11-10,Puglia,Subito Lavoro,AZ_IT_SUBITO_SPONSORED_ANNUNCI,26.23,1998,42,1
2025-11-10,Sardegna,Subito Lavoro,AZ_IT_SUBITO_DISPLAY_HOME,6.29,1194,5,0
2025-11-10,Sardegna,Subito Lavoro,AZ_IT_SUBITO_RETARGETING,5.00,745,9,1
2025-11-10,Sardegna,Subito Lavoro,AZ_IT_SUBITO_SLOT_PREMIUM,17.85,1584,20,2
2025-11-10,Sardegna,Subito Lavoro,AZ_IT_SUBITO_SPONSORED_ANNUNCI,19.87,1439,27,2
2025-11-10,Sicilia,Subito Lavoro,AZ_IT_SUBITO_DISPLAY_HOME,19.50,3803,16,1
2025-11-10,Sicilia,Subito Lavoro,AZ_IT_SUBITO_RETARGETING,10.24,1444,19,1
2025-11-10,Sicilia,Subito Lavoro,AZ_IT_SUBITO_SLOT_PREMIUM,52.37,4831,71,6
2025-11-10,Sicilia,Subito Lavoro,AZ_IT_SUBITO_SPONSORED_ANNUNCI,27.88,2191,37,2
2025-11-10,Toscana,Subito Lavoro,AZ_IT_SUBITO_DISPLAY_HOME,18.27,3714,12,1
2025-11-10,Toscana,Subito Lavoro,AZ_IT_SUBITO_RETARGETING,9.18,1342,15,2
2025-11-10,Toscana,Subito Lavoro,AZ_IT_SUBITO_SLOT_PREMIUM,65.10,5960,82,10
2025-11-10,Toscana,Subito Lavoro,AZ_IT_SUBITO_SPONSORED_ANNUNCI,30.95,2480,40,3
2025-11-10,Trentino-Alto Adige,Subito Lavoro,AZ_IT_SUBITO_DISPLAY_HOME,4.09,846,3,0
2025-11-10,Trentino-Alto Adige,Subito Lavoro,AZ_IT_SUBITO_RETARGETING,3.86,609,7,1
2025-11-10,Trentino-Alto Adige,Subito Lavoro,AZ_IT_SUBITO_SLOT_PREMIUM,12.96,1161,14,2
2025-11-10,Trentino-Alto Adige,Subito Lavoro,AZ_IT_SUBITO_SPONSORED_ANNUNCI,7.77,583,11,1
2025-11-10,Umbria,Subito Lavoro,AZ_IT_SUBITO_DISPLAY_HOME,3.00,592,3,0
2025-11-10,Umbria,Subito Lavoro,AZ_IT_SUBITO_RETARGETING,1.96,282,3,0
2025-11-10,Umbria,Subito Lavoro,AZ_IT_SUBITO_SLOT_PREMIUM,7.91,772,11,1
2025-11-10,Umbria,Subito Lavoro,AZ_IT_SUBITO_SPONSORED_ANNUNCI,5.47,427,7,1
2025-11-10,Valle d'Aosta,Subito Lavoro,AZ_IT_SUBITO_DISPLAY_HOME,0.58,114,0,0
2025-11-10,Valle d'Aosta,Subito Lavoro,AZ_IT_SUBITO_RETARGETING,0.34,47,1,0
2025-11-10,Valle d'Aosta,Subito Lavoro,AZ_IT_SUBITO_SLOT_PREMIUM,1.44,126,2,0
2025-11-10,Valle d'Aosta,Subito Lavoro,AZ_IT_SUBITO_SPONSORED_ANNUNCI,0.82,64,1,0
2025-11-10,Veneto,Subito Lavoro,AZ_IT_SUBITO_DISPLAY_HOME,17.45,3628,15,1
2025-11-10,Veneto,Subito Lavoro,AZ_IT_SUBITO_RETARGETING,19.97,3060,38,2
2025-11-10,Veneto,Subito Lavoro,AZ_IT_SUBITO_SLOT_PREMIUM,72.68,6489,91,7
2025-11-10,Veneto,Subito Lavoro,AZ_IT_SUBITO_SPONSORED_ANNUNCI,28.45,2269,35,2
2025-11-17,Abruzzo,Subito Lavoro,AZ_IT_SUBITO_DISPLAY_HOME,6.99,1485,6,0
2025-11-17,Abruzzo,Subito Lavoro,AZ_IT_SUBITO_RETARGETING,2.93,405,5,0
2025-11-17,Abruzzo,Subito Lavoro,AZ_IT_SUBITO_SLOT_PREMIUM,22.68,2044,27,2
2025-11-17,Abruzzo,Subito Lavoro,AZ_IT_SUBITO_SPONSORED_ANNUNCI,22.47,1704,29,1
2025-11-17,Basilicata,Subito Lavoro,AZ_IT_SUBITO_DISPLAY_HOME,3.79,776,3,0
2025-11-17,Basilicata,Subito Lavoro,AZ_IT_SUBITO_RETARGETING,2.22,328,4,0
2025-11-17,Basilicata,Subito Lavoro,AZ_IT_SUBITO_SLOT_PREMIUM,7.60,663,9,1
2025-11-17,Basilicata,Subito Lavoro,AZ_IT_SUBITO_SPONSORED_ANNUNCI,6.14,485,7,0
2025-11-17,Calabria,Subito Lavoro,AZ_IT_SUBITO_DISPLAY_HOME,12.93,2573,10,1
2025-11-17,Calabria,Subito Lavoro,AZ_IT_SUBITO_RETARGETING,5.46,800,8,1
2025-11-17,Calabria,Subito Lavoro,AZ_IT_SUBITO_SLOT_PREMIUM,35.32,3176,45,4
2025-11-17,Calabria,Subito Lavoro,AZ_IT_SUBITO_SPONSORED_ANNUNCI,18.24,1393,25,2
2025-11-17,Campania,Subito Lavoro,AZ_IT_SUBITO_DISPLAY_HOME,27.70,5651,23,1
2025-11-17,Campania,Subito Lavoro,AZ_IT_SUBITO_RETARGETING,23.85,3369,41,3
2025-11-17,Campania,Subito Lavoro,AZ_IT_SUBITO_SLOT_PREMIUM,48.55,4204,58,4
2025-11-17,Campania,Subito Lavoro,AZ_IT_SUBITO_SPONSORED_ANNUNCI,80.31,6010,94,6
2025-11-17,Emilia-Romagna,Subito Lavoro,AZ_IT_SUBITO_DISPLAY_HOME,46.54,9447,39,2
2025-11-17,Emilia-Romagna,Subito Lavoro,AZ_IT_SUBITO_RETARGETING,29.46,4086,46,2
2025-11-17,Emilia-Romagna,Subito Lavoro,AZ_IT_SUBITO_SLOT_PREMIUM,89.03,8247,113,6
2025-11-17,Emilia-Romagna,Subito Lavoro,AZ_IT_SUBITO_SPONSORED_ANNUNCI,78.31,5905,107,4
2025-11-17,Friuli-Venezia Giulia,Subito Lavoro,AZ_IT_SUBITO_DISPLAY_HOME,7.34,1498,7,1
2025-11-17,Friuli-Venezia Giulia,Subito Lavoro,AZ_IT_SUBITO_RETARGETING,3.54,528,7,1
2025-11-17,Friuli-Venezia Giulia,Subito Lavoro,AZ_IT_SUBITO_SLOT_PREMIUM,13.61,1246,16,2
2025-11-17,Friuli-Venezia Giulia,Subito Lavoro,AZ_IT_SUBITO_SPONSORED_ANNUNCI,9.05,697,13,1
2025-11-17,Lazio,Subito Lavoro,AZ_IT_SUBITO_DISPLAY_HOME,33.39,6885,26,2
2025-11-17,Lazio,Subito Lavoro,AZ_IT_SUBITO_RETARGETING,17.67,2507,28,2
2025-11-17,Lazio,Subito Lavoro,AZ_IT_SUBITO_SLOT_PREMIUM,69.64,6369,82,8
2025-11-17,Lazio,Subito Lavoro,AZ_IT_SUBITO_SPONSORED_ANNUNCI,36.86,2887,49,3
2025-11-17,Liguria,Subito Lavoro,AZ_IT_SUBITO_DISPLAY_HOME,8.75,1780,7,0
2025-11-17,Liguria,Subito Lavoro,AZ_IT_SUBITO_RETARGETING,4.81,659,8,0
2025-11-17,Liguria,Subito Lavoro,AZ_IT_SUBITO_SLOT_PREMIUM,31.38,2963,39,2
2025-11-17,Liguria,Subito Lavoro,AZ_IT_SUBITO_SPONSORED_ANNUNCI,11.46,889,13,1
2025-11-17,Lombardia,Subito Lavoro,AZ_IT_SUBITO_DISPLAY_HOME,101.96,21597,87,5
2025-11-17,Lombardia,Subito Lavoro,AZ_IT_SUBITO_RETARGETING,51.73,7601,82,5
2025-11-17,Lombardia,Subito Lavoro,AZ_IT_SUBITO_SLOT_PREMIUM,241.31,21912,323,18
2025-11-17,Lombardia,Subito Lavoro,AZ_IT_SUBITO_SPONSORED_ANNUNCI,133.39,10170,195,7
2025-11-17,Marche,Subito Lavoro,AZ_IT_SUBITO_DISPLAY_HOME,8.32,1680,6,1
2025-11-17,Marche,Subito Lavoro,AZ_IT_SUBITO_RETARGETING,4.71,682,8,1
2025-11-17,Marche,Subito Lavoro,AZ_IT_SUBITO_SLOT_PREMIUM,17.79,1538,23,2
2025-11-17,Marche,Subito Lavoro,AZ_IT_SUBITO_SPONSORED_ANNUNCI,13.78,1052,18,1
2025-11-17,Molise,Subito Lavoro,AZ_IT_SUBITO_DISPLAY_HOME,1.34,262,1,0
2025-11-17,Molise,Subito Lavoro,AZ_IT_SUBITO_RETARGETING,0.98,132,2,0
2025-11-17,Molise,Subito Lavoro,AZ_IT_SUBITO_SLOT_PREMIUM,2.44,220,3,0
2025-11-17,Molise,Subito Lavoro,AZ_IT_SUBITO_SPONSORED_ANNUNCI,2.58,191,3,0
2025-11-17,Piemonte,Subito Lavoro,AZ_IT_SUBITO_DISPLAY_HOME,38.66,7964,31,2
2025-11-17,Piemonte,Subito Lavoro,AZ_IT_SUBITO_RETARGETING,20.21,2965,36,2
2025-11-17,Piemonte,Subito Lavoro,AZ_IT_SUBITO_SLOT_PREMIUM,75.27,7002,98,5
2025-11-17,Piemonte,Subito Lavoro,AZ_IT_SUBITO_SPONSORED_ANNUNCI,56.43,4107,64,3
2025-11-17,Puglia,Subito Lavoro,AZ_IT_SUBITO_DISPLAY_HOME,19.67,3946,16,1
2025-11-17,Puglia,Subito Lavoro,AZ_IT_SUBITO_RETARGETING,15.13,2180,26,1
2025-11-17,Puglia,Subito Lavoro,AZ_IT_SUBITO_SLOT_PREMIUM,81.07,7191,96,5
2025-11-17,Puglia,Subito Lavoro,AZ_IT_SUBITO_SPONSORED_ANNUNCI,34.90,2594,49,2
2025-11-17,Sardegna,Subito Lavoro,AZ_IT_SUBITO_DISPLAY_HOME,6.95,1411,5,0
2025-11-17,Sardegna,Subito Lavoro,AZ_IT_SUBITO_RETARGETING,6.50,951,12,1
2025-11-17,Sardegna,Subito Lavoro,AZ_IT_SUBITO_SLOT_PREMIUM,21.55,1967,31,2
2025-11-17,Sardegna,Subito Lavoro,AZ_IT_SUBITO_SPONSORED_ANNUNCI,20.51,1514,22,1
2025-11-17,Sicilia,Subito Lavoro,AZ_IT_SUBITO_DISPLAY_HOME,25.97,5327,23,2
2025-11-17,Sicilia,Subito Lavoro,AZ_IT_SUBITO_RETARGETING,12.42,1905,23,2
2025-11-17,Sicilia,Subito Lavoro,AZ_IT_SUBITO_SLOT_PREMIUM,53.88,4784,63,6
2025-11-17,Sicilia,Subito Lavoro,AZ_IT_SUBITO_SPONSORED_ANNUNCI,32.31,2606,40,2
2025-11-17,Toscana,Subito Lavoro,AZ_IT_SUBITO_DISPLAY_HOME,23.43,4838,20,2
2025-11-17,Toscana,Subito Lavoro,AZ_IT_SUBITO_RETARGETING,11.26,1561,19,2
2025-11-17,Toscana,Subito Lavoro,AZ_IT_SUBITO_SLOT_PREMIUM,67.25,5959,78,9
2025-11-17,Toscana,Subito Lavoro,AZ_IT_SUBITO_SPONSORED_ANNUNCI,40.88,3188,59,4
2025-11-17,Trentino-Alto Adige,Subito Lavoro,AZ_IT_SUBITO_DISPLAY_HOME,5.60,1064,4,0
2025-11-17,Trentino-Alto Adige,Subito Lavoro,AZ_IT_SUBITO_RETARGETING,5.13,738,9,1
2025-11-17,Trentino-Alto Adige,Subito Lavoro,AZ_IT_SUBITO_SLOT_PREMIUM,13.23,1205,16,1
2025-11-17,Trentino-Alto Adige,Subito Lavoro,AZ_IT_SUBITO_SPONSORED_ANNUNCI,10.04,792,12,1
2025-11-17,Umbria,Subito Lavoro,AZ_IT_SUBITO_DISPLAY_HOME,4.02,818,3,0
2025-11-17,Umbria,Subito Lavoro,AZ_IT_SUBITO_RETARGETING,2.29,327,4,0
2025-11-17,Umbria,Subito Lavoro,AZ_IT_SUBITO_SLOT_PREMIUM,8.57,803,12,1
2025-11-17,Umbria,Subito Lavoro,AZ_IT_SUBITO_SPONSORED_ANNUNCI,7.71,599,11,1
2025-11-17,Valle d'Aosta,Subito Lavoro,AZ_IT_SUBITO_DISPLAY_HOME,0.88,173,1,0
2025-11-17,Valle d'Aosta,Subito Lavoro,AZ_IT_SUBITO_RETARGETING,0.40,58,1,0
2025-11-17,Valle d'Aosta,Subito Lavoro,AZ_IT_SUBITO_SLOT_PREMIUM,1.36,121,1,0
2025-11-17,Valle d'Aosta,Subito Lavoro,AZ_IT_SUBITO_SPONSORED_ANNUNCI,1.09,82,1,0
2025-11-17,Veneto,Subito Lavoro,AZ_IT_SUBITO_DISPLAY_HOME,37.30,7453,31,2
2025-11-17,Veneto,Subito Lavoro,AZ_IT_SUBITO_RETARGETING,23.23,3259,37,3
2025-11-17,Veneto,Subito Lavoro,AZ_IT_SUBITO_SLOT_PREMIUM,57.08,5390,70,5
2025-11-17,Veneto,Subito Lavoro,AZ_IT_SUBITO_SPONSORED_ANNUNCI,34.66,2640,47,2
2025-11-24,Abruzzo,Subito Lavoro,AZ_IT_SUBITO_DISPLAY_HOME,6.82,1272,4,0
2025-11-24,Abruzzo,Subito Lavoro,AZ_IT_SUBITO_RETARGETING,2.41,349,4,0
2025-11-24,Abruzzo,Subito Lavoro,AZ_IT_SUBITO_SLOT_PREMIUM,17.25,1561,22,2
2025-11-24,Abruzzo,Subito Lavoro,AZ_IT_SUBITO_SPONSORED_ANNUNCI,18.35,1334,25,1
2025-11-24,Basilicata,Subito Lavoro,AZ_IT_SUBITO_DISPLAY_HOME,4.30,880,4,0
2025-11-24,Basilicata,Subito Lavoro,AZ_IT_SUBITO_RETARGETING,1.99,296,3,0
2025-11-24,Basilicata,Subito Lavoro,AZ_IT_SUBITO_SLOT_PREMIUM,6.50,582,8,1
2025-11-24,Basilicata,Subito Lavoro,AZ_IT_SUBITO_SPONSORED_ANNUNCI,4.86,367,6,0
2025-11-24,Calabria,Subito Lavoro,AZ_IT_SUBITO_DISPLAY_HOME,15.36,3150,11,1
2025-11-24,Calabria,Subito Lavoro,AZ_IT_SUBITO_RETARGETING,3.56,539,6,1
2025-11-24,Calabria,Subito Lavoro,AZ_IT_SUBITO_SLOT_PREMIUM,30.90,2734,40,5
2025-11-24,Calabria,Subito Lavoro,AZ_IT_SUBITO_SPONSORED_ANNUNCI,18.56,1396,27,2
2025-11-24,Campania,Subito Lavoro,AZ_IT_SUBITO_DISPLAY_HOME,27.08,5586,24,2
2025-11-24,Campania,Subito Lavoro,AZ_IT_SUBITO_RETARGETING,18.58,2695,34,2
2025-11-24,Campania,Subito Lavoro,AZ_IT_SUBITO_SLOT_PREMIUM,37.49,3416,40,4
2025-11-24,Campania,Subito Lavoro,AZ_IT_SUBITO_SPONSORED_ANNUNCI,74.27,5402,91,5
2025-11-24,Emilia-Romagna,Subito Lavoro,AZ_IT_SUBITO_DISPLAY_HOME,45.09,9082,32,2
2025-11-24,Emilia-Romagna,Subito Lavoro,AZ_IT_SUBITO_RETARGETING,19.76,2723,31,2
2025-11-24,Emilia-Romagna,Subito Lavoro,AZ_IT_SUBITO_SLOT_PREMIUM,81.31,7401,98,7
2025-11-24,Emilia-Romagna,Subito Lavoro,AZ_IT_SUBITO_SPONSORED_ANNUNCI,72.74,5698,102,5
2025-11-24,Friuli-Venezia Giulia,Subito Lavoro,AZ_IT_SUBITO_DISPLAY_HOME,5.93,1151,4,1
2025-11-24,Friuli-Venezia Giulia,Subito Lavoro,AZ_IT_SUBITO_RETARGETING,2.85,421,5,1
2025-11-24,Friuli-Venezia Giulia,Subito Lavoro,AZ_IT_SUBITO_SLOT_PREMIUM,12.60,1132,16,2
2025-11-24,Friuli-Venezia Giulia,Subito Lavoro,AZ_IT_SUBITO_SPONSORED_ANNUNCI,10.15,775,15,1
2025-11-24,Lazio,Subito Lavoro,AZ_IT_SUBITO_DISPLAY_HOME,33.74,6410,27,3
2025-11-24,Lazio,Subito Lavoro,AZ_IT_SUBITO_RETARGETING,12.77,1736,21,2
2025-11-24,Lazio,Subito Lavoro,AZ_IT_SUBITO_SLOT_PREMIUM,52.67,4643,61,6
2025-11-24,Lazio,Subito Lavoro,AZ_IT_SUBITO_SPONSORED_ANNUNCI,31.16,2482,43,3
2025-11-24,Liguria,Subito Lavoro,AZ_IT_SUBITO_DISPLAY_HOME,9.88,2035,7,0
2025-11-24,Liguria,Subito Lavoro,AZ_IT_SUBITO_RETARGETING,4.24,570,7,0
2025-11-24,Liguria,Subito Lavoro,AZ_IT_SUBITO_SLOT_PREMIUM,30.15,2560,33,2
2025-11-24,Liguria,Subito Lavoro,AZ_IT_SUBITO_SPONSORED_ANNUNCI,9.17,729,15,0
2025-11-24,Lombardia,Subito Lavoro,AZ_IT_SUBITO_DISPLAY_HOME,96.71,19826,79,5
2025-11-24,Lombardia,Subito Lavoro,AZ_IT_SUBITO_RETARGETING,38.44,5369,68,4
2025-11-24,Lombardia,Subito Lavoro,AZ_IT_SUBITO_SLOT_PREMIUM,225.33,20283,298,17
2025-11-24,Lombardia,Subito Lavoro,AZ_IT_SUBITO_SPONSORED_ANNUNCI,118.67,9644,141,7
2025-11-24,Marche,Subito Lavoro,AZ_IT_SUBITO_DISPLAY_HOME,8.38,1679,7,1
2025-11-24,Marche,Subito Lavoro,AZ_IT_SUBITO_RETARGETING,4.54,629,8,1
2025-11-24,Marche,Subito Lavoro,AZ_IT_SUBITO_SLOT_PREMIUM,15.19,1379,21,2
2025-11-24,Marche,Subito Lavoro,AZ_IT_SUBITO_SPONSORED_ANNUNCI,12.63,1005,19,2
2025-11-24,Molise,Subito Lavoro,AZ_IT_SUBITO_DISPLAY_HOME,1.39,277,1,0
2025-11-24,Molise,Subito Lavoro,AZ_IT_SUBITO_RETARGETING,0.78,112,1,0
2025-11-24,Molise,Subito Lavoro,AZ_IT_SUBITO_SLOT_PREMIUM,2.28,217,3,0
2025-11-24,Molise,Subito Lavoro,AZ_IT_SUBITO_SPONSORED_ANNUNCI,2.11,164,3,0
2025-11-24,Piemonte,Subito Lavoro,AZ_IT_SUBITO_DISPLAY_HOME,37.70,7768,32,2
2025-11-24,Piemonte,Subito Lavoro,AZ_IT_SUBITO_RETARGETING,14.01,2064,26,2
2025-11-24,Piemonte,Subito Lavoro,AZ_IT_SUBITO_SLOT_PREMIUM,58.92,5359,73,4
2025-11-24,Piemonte,Subito Lavoro,AZ_IT_SUBITO_SPONSORED_ANNUNCI,46.90,3596,56,3
2025-11-24,Puglia,Subito Lavoro,AZ_IT_SUBITO_DISPLAY_HOME,21.95,4230,19,1
2025-11-24,Puglia,Subito Lavoro,AZ_IT_SUBITO_RETARGETING,11.11,1610,18,1
2025-11-24,Puglia,Subito Lavoro,AZ_IT_SUBITO_SLOT_PREMIUM,82.15,7709,101,6
2025-11-24,Puglia,Subito Lavoro,AZ_IT_SUBITO_SPONSORED_ANNUNCI,28.21,2136,44,1
2025-11-24,Sardegna,Subito Lavoro,AZ_IT_SUBITO_DISPLAY_HOME,6.85,1354,6,0
2025-11-24,Sardegna,Subito Lavoro,AZ_IT_SUBITO_RETARGETING,5.12,691,8,1
2025-11-24,Sardegna,Subito Lavoro,AZ_IT_SUBITO_SLOT_PREMIUM,16.33,1457,21,2
2025-11-24,Sardegna,Subito Lavoro,AZ_IT_SUBITO_SPONSORED_ANNUNCI,20.02,1597,25,2
2025-11-24,Sicilia,Subito Lavoro,AZ_IT_SUBITO_DISPLAY_HOME,27.45,5717,22,2
2025-11-24,Sicilia,Subito Lavoro,AZ_IT_SUBITO_RETARGETING,9.34,1275,17,1
2025-11-24,Sicilia,Subito Lavoro,AZ_IT_SUBITO_SLOT_PREMIUM,52.70,4653,73,5
2025-11-24,Sicilia,Subito Lavoro,AZ_IT_SUBITO_SPONSORED_ANNUNCI,33.31,2487,39,2
2025-11-24,Toscana,Subito Lavoro,AZ_IT_SUBITO_DISPLAY_HOME,22.05,4211,15,2
2025-11-24,Toscana,Subito Lavoro,AZ_IT_SUBITO_RETARGETING,10.00,1421,16,1
2025-11-24,Toscana,Subito Lavoro,AZ_IT_SUBITO_SLOT_PREMIUM,64.72,5333,75,9
2025-11-24,Toscana,Subito Lavoro,AZ_IT_SUBITO_SPONSORED_ANNUNCI,39.83,3061,56,4
2025-11-24,Trentino-Alto Adige,Subito Lavoro,AZ_IT_SUBITO_DISPLAY_HOME,5.24,1073,4,0
2025-11-24,Trentino-Alto Adige,Subito Lavoro,AZ_IT_SUBITO_RETARGETING,3.41,486,6,0
2025-11-24,Trentino-Alto Adige,Subito Lavoro,AZ_IT_SUBITO_SLOT_PREMIUM,14.28,1285,18,2
2025-11-24,Trentino-Alto Adige,Subito Lavoro,AZ_IT_SUBITO_SPONSORED_ANNUNCI,10.16,784,14,1
2025-11-24,Umbria,Subito Lavoro,AZ_IT_SUBITO_DISPLAY_HOME,3.64,707,3,0
2025-11-24,Umbria,Subito Lavoro,AZ_IT_SUBITO_RETARGETING,1.90,279,3,0
2025-11-24,Umbria,Subito Lavoro,AZ_IT_SUBITO_SLOT_PREMIUM,8.94,838,12,1
2025-11-24,Umbria,Subito Lavoro,AZ_IT_SUBITO_SPONSORED_ANNUNCI,7.00,539,9,1
2025-11-24,Valle d'Aosta,Subito Lavoro,AZ_IT_SUBITO_DISPLAY_HOME,0.86,168,1,0
2025-11-24,Valle d'Aosta,Subito Lavoro,AZ_IT_SUBITO_RETARGETING,0.35,51,1,0
2025-11-24,Valle d'Aosta,Subito Lavoro,AZ_IT_SUBITO_SLOT_PREMIUM,1.21,103,1,0
2025-11-24,Valle d'Aosta,Subito Lavoro,AZ_IT_SUBITO_SPONSORED_ANNUNCI,0.85,62,1,0
2025-11-24,Veneto,Subito Lavoro,AZ_IT_SUBITO_DISPLAY_HOME,32.18,6402,26,2
2025-11-24,Veneto,Subito Lavoro,AZ_IT_SUBITO_RETARGETING,17.15,2488,32,2
2025-11-24,Veneto,Subito Lavoro,AZ_IT_SUBITO_SLOT_PREMIUM,55.15,4998,58,6
2025-11-24,Veneto,Subito Lavoro,AZ_IT_SUBITO_SPONSORED_ANNUNCI,32.79,2520,42,3
2025-12-01,Abruzzo,Subito Lavoro,AZ_IT_SUBITO_DISPLAY_HOME,7.52,1519,6,0
2025-12-01,Abruzzo,Subito Lavoro,AZ_IT_SUBITO_RETARGETING,3.10,431,5,0
2025-12-01,Abruzzo,Subito Lavoro,AZ_IT_SUBITO_SLOT_PREMIUM,15.52,1440,18,1
2025-12-01,Abruzzo,Subito Lavoro,AZ_IT_SUBITO_SPONSORED_ANNUNCI,15.66,1196,20,1
2025-12-01,Basilicata,Subito Lavoro,AZ_IT_SUBITO_DISPLAY_HOME,3.29,660,3,0
2025-12-01,Basilicata,Subito Lavoro,AZ_IT_SUBITO_RETARGETING,1.72,225,3,0
2025-12-01,Basilicata,Subito Lavoro,AZ_IT_SUBITO_SLOT_PREMIUM,5.15,451,7,1
2025-12-01,Basilicata,Subito Lavoro,AZ_IT_SUBITO_SPONSORED_ANNUNCI,4.27,340,5,0
2025-12-01,Calabria,Subito Lavoro,AZ_IT_SUBITO_DISPLAY_HOME,13.10,2660,11,1
2025-12-01,Calabria,Subito Lavoro,AZ_IT_SUBITO_RETARGETING,3.97,547,7,1
2025-12-01,Calabria,Subito Lavoro,AZ_IT_SUBITO_SLOT_PREMIUM,27.75,2563,40,4
2025-12-01,Calabria,Subito Lavoro,AZ_IT_SUBITO_SPONSORED_ANNUNCI,14.53,1155,19,2
2025-12-01,Campania,Subito Lavoro,AZ_IT_SUBITO_DISPLAY_HOME,29.08,5937,21,2
2025-12-01,Campania,Subito Lavoro,AZ_IT_SUBITO_RETARGETING,18.74,2781,34,2
2025-12-01,Campania,Subito Lavoro,AZ_IT_SUBITO_SLOT_PREMIUM,36.47,3241,44,4
2025-12-01,Campania,Subito Lavoro,AZ_IT_SUBITO_SPONSORED_ANNUNCI,53.90,4043,75,4
2025-12-01,Emilia-Romagna,Subito Lavoro,AZ_IT_SUBITO_DISPLAY_HOME,27.07,5271,19,2
2025-12-01,Emilia-Romagna,Subito Lavoro,AZ_IT_SUBITO_RETARGETING,13.28,2045,23,2
2025-12-01,Emilia-Romagna,Subito Lavoro,AZ_IT_SUBITO_SLOT_PREMIUM,52.85,5041,67,6
2025-12-01,Emilia-Romagna,Subito Lavoro,AZ_IT_SUBITO_SPONSORED_ANNUNCI,45.72,3629,65,4
2025-12-01,Friuli-Venezia Giulia,Subito Lavoro,AZ_IT_SUBITO_DISPLAY_HOME,5.60,1111,5,1
2025-12-01,Friuli-Venezia Giulia,Subito Lavoro,AZ_IT_SUBITO_RETARGETING,3.12,422,5,1
2025-12-01,Friuli-Venezia Giulia,Subito Lavoro,AZ_IT_SUBITO_SLOT_PREMIUM,9.22,808,12,1
2025-12-01,Friuli-Venezia Giulia,Subito Lavoro,AZ_IT_SUBITO_SPONSORED_ANNUNCI,7.48,563,10,1
2025-12-01,Lazio,Subito Lavoro,AZ_IT_SUBITO_DISPLAY_HOME,32.47,6443,26,3
2025-12-01,Lazio,Subito Lavoro,AZ_IT_SUBITO_RETARGETING,16.66,2280,27,3
2025-12-01,Lazio,Subito Lavoro,AZ_IT_SUBITO_SLOT_PREMIUM,51.29,4792,71,7
2025-12-01,Lazio,Subito Lavoro,AZ_IT_SUBITO_SPONSORED_ANNUNCI,30.39,2303,38,3
2025-12-01,Liguria,Subito Lavoro,AZ_IT_SUBITO_DISPLAY_HOME,11.37,2343,8,0
2025-12-01,Liguria,Subito Lavoro,AZ_IT_SUBITO_RETARGETING,4.53,678,8,0
2025-12-01,Liguria,Subito Lavoro,AZ_IT_SUBITO_SLOT_PREMIUM,26.61,2263,34,2
2025-12-01,Liguria,Subito Lavoro,AZ_IT_SUBITO_SPONSORED_ANNUNCI,7.23,558,9,0
2025-12-01,Lombardia,Subito Lavoro,AZ_IT_SUBITO_DISPLAY_HOME,65.88,13044,50,4
2025-12-01,Lombardia,Subito Lavoro,AZ_IT_SUBITO_RETARGETING,31.21,4468,54,4
2025-12-01,Lombardia,Subito Lavoro,AZ_IT_SUBITO_SLOT_PREMIUM,139.85,13050,167,17
2025-12-01,Lombardia,Subito Lavoro,AZ_IT_SUBITO_SPONSORED_ANNUNCI,63.16,4945,94,5
2025-12-01,Marche,Subito Lavoro,AZ_IT_SUBITO_DISPLAY_HOME,8.29,1594,6,1
2025-12-01,Marche,Subito Lavoro,AZ_IT_SUBITO_RETARGETING,4.86,713,9,1
2025-12-01,Marche,Subito Lavoro,AZ_IT_SUBITO_SLOT_PREMIUM,14.76,1333,17,2
2025-12-01,Marche,Subito Lavoro,AZ_IT_SUBITO_SPONSORED_ANNUNCI,10.94,812,13,1
2025-12-01,Molise,Subito Lavoro,AZ_IT_SUBITO_DISPLAY_HOME,1.28,252,1,0
2025-12-01,Molise,Subito Lavoro,AZ_IT_SUBITO_RETARGETING,0.74,101,1,0
2025-12-01,Molise,Subito Lavoro,AZ_IT_SUBITO_SLOT_PREMIUM,2.37,218,3,0
2025-12-01,Molise,Subito Lavoro,AZ_IT_SUBITO_SPONSORED_ANNUNCI,1.76,138,2,0
2025-12-01,Piemonte,Subito Lavoro,AZ_IT_SUBITO_DISPLAY_HOME,24.61,5076,20,2
2025-12-01,Piemonte,Subito Lavoro,AZ_IT_SUBITO_RETARGETING,10.41,1485,19,1
2025-12-01,Piemonte,Subito Lavoro,AZ_IT_SUBITO_SLOT_PREMIUM,41.65,3603,49,4
2025-12-01,Piemonte,Subito Lavoro,AZ_IT_SUBITO_SPONSORED_ANNUNCI,26.17,1997,35,2
2025-12-01,Puglia,Subito Lavoro,AZ_IT_SUBITO_DISPLAY_HOME,24.88,5032,21,1
2025-12-01,Puglia,Subito Lavoro,AZ_IT_SUBITO_RETARGETING,11.06,1668,24,1
2025-12-01,Puglia,Subito Lavoro,AZ_IT_SUBITO_SLOT_PREMIUM,78.10,7001,94,6
2025-12-01,Puglia,Subito Lavoro,AZ_IT_SUBITO_SPONSORED_ANNUNCI,22.90,1730,29,1
2025-12-01,Sardegna,Subito Lavoro,AZ_IT_SUBITO_DISPLAY_HOME,5.71,1158,4,0
2025-12-01,Sardegna,Subito Lavoro,AZ_IT_SUBITO_RETARGETING,5.38,765,9,1
2025-12-01,Sardegna,Subito Lavoro,AZ_IT_SUBITO_SLOT_PREMIUM,18.04,1677,24,2
2025-12-01,Sardegna,Subito Lavoro,AZ_IT_SUBITO_SPONSORED_ANNUNCI,17.76,1320,21,1
2025-12-01,Sicilia,Subito Lavoro,AZ_IT_SUBITO_DISPLAY_HOME,26.40,5105,20,2
2025-12-01,Sicilia,Subito Lavoro,AZ_IT_SUBITO_RETARGETING,10.69,1524,17,1
2025-12-01,Sicilia,Subito Lavoro,AZ_IT_SUBITO_SLOT_PREMIUM,42.80,3879,59,4
2025-12-01,Sicilia,Subito Lavoro,AZ_IT_SUBITO_SPONSORED_ANNUNCI,29.93,2326,37,2
2025-12-01,Toscana,Subito Lavoro,AZ_IT_SUBITO_DISPLAY_HOME,20.35,4240,16,2
2025-12-01,Toscana,Subito Lavoro,AZ_IT_SUBITO_RETARGETING,8.28,1211,15,1
2025-12-01,Toscana,Subito Lavoro,AZ_IT_SUBITO_SLOT_PREMIUM,48.68,4330,55,8
2025-12-01,Toscana,Subito Lavoro,AZ_IT_SUBITO_SPONSORED_ANNUNCI,30.11,2376,37,3
2025-12-01,Trentino-Alto Adige,Subito Lavoro,AZ_IT_SUBITO_DISPLAY_HOME,5.82,1182,5,0
2025-12-01,Trentino-Alto Adige,Subito Lavoro,AZ_IT_SUBITO_RETARGETING,4.81,719,8,1
2025-12-01,Trentino-Alto Adige,Subito Lavoro,AZ_IT_SUBITO_SLOT_PREMIUM,12.16,1152,17,2
2025-12-01,Trentino-Alto Adige,Subito Lavoro,AZ_IT_SUBITO_SPONSORED_ANNUNCI,8.11,597,10,1
2025-12-01,Umbria,Subito Lavoro,AZ_IT_SUBITO_DISPLAY_HOME,3.60,728,3,0
2025-12-01,Umbria,Subito Lavoro,AZ_IT_SUBITO_RETARGETING,1.91,277,3,0
2025-12-01,Umbria,Subito Lavoro,AZ_IT_SUBITO_SLOT_PREMIUM,6.17,562,8,1
2025-12-01,Umbria,Subito Lavoro,AZ_IT_SUBITO_SPONSORED_ANNUNCI,5.74,427,7,1
2025-12-01,Valle d'Aosta,Subito Lavoro,AZ_IT_SUBITO_DISPLAY_HOME,0.70,139,1,0
2025-12-01,Valle d'Aosta,Subito Lavoro,AZ_IT_SUBITO_RETARGETING,0.40,58,1,0
2025-12-01,Valle d'Aosta,Subito Lavoro,AZ_IT_SUBITO_SLOT_PREMIUM,1.19,111,2,0
2025-12-01,Valle d'Aosta,Subito Lavoro,AZ_IT_SUBITO_SPONSORED_ANNUNCI,0.72,54,1,0
2025-12-01,Veneto,Subito Lavoro,AZ_IT_SUBITO_DISPLAY_HOME,19.70,4115,17,2
2025-12-01,Veneto,Subito Lavoro,AZ_IT_SUBITO_RETARGETING,13.72,1921,27,2
2025-12-01,Veneto,Subito Lavoro,AZ_IT_SUBITO_SLOT_PREMIUM,38.75,3361,48,6
2025-12-01,Veneto,Subito Lavoro,AZ_IT_SUBITO_SPONSORED_ANNUNCI,17.95,1399,25,2
2025-12-08,Abruzzo,Subito Lavoro,AZ_IT_SUBITO_DISPLAY_HOME,5.25,1004,4,0
2025-12-08,Abruzzo,Subito Lavoro,AZ_IT_SUBITO_RETARGETING,2.64,386,5,0
2025-12-08,Abruzzo,Subito Lavoro,AZ_IT_SUBITO_SLOT_PREMIUM,14.72,1328,19,2
2025-12-08,Abruzzo,Subito Lavoro,AZ_IT_SUBITO_SPONSORED_ANNUNCI,12.18,951,16,1
2025-12-08,Basilicata,Subito Lavoro,AZ_IT_SUBITO_DISPLAY_HOME,2.96,564,2,0
2025-12-08,Basilicata,Subito Lavoro,AZ_IT_SUBITO_RETARGETING,1.73,251,3,0
2025-12-08,Basilicata,Subito Lavoro,AZ_IT_SUBITO_SLOT_PREMIUM,5.45,483,7,1
2025-12-08,Basilicata,Subito Lavoro,AZ_IT_SUBITO_SPONSORED_ANNUNCI,3.59,277,5,0
2025-12-08,Calabria,Subito Lavoro,AZ_IT_SUBITO_DISPLAY_HOME,9.95,1953,8,1
2025-12-08,Calabria,Subito Lavoro,AZ_IT_SUBITO_RETARGETING,4.25,621,8,1
2025-12-08,Calabria,Subito Lavoro,AZ_IT_SUBITO_SLOT_PREMIUM,23.40,2092,30,4
2025-12-08,Calabria,Subito Lavoro,AZ_IT_SUBITO_SPONSORED_ANNUNCI,11.35,835,16,1
2025-12-08,Campania,Subito Lavoro,AZ_IT_SUBITO_DISPLAY_HOME,24.76,4902,22,1
2025-12-08,Campania,Subito Lavoro,AZ_IT_SUBITO_RETARGETING,24.76,3648,45,3
2025-12-08,Campania,Subito Lavoro,AZ_IT_SUBITO_SLOT_PREMIUM,41.30,4014,65,4
2025-12-08,Campania,Subito Lavoro,AZ_IT_SUBITO_SPONSORED_ANNUNCI,45.13,3460,65,3
2025-12-08,Emilia-Romagna,Subito Lavoro,AZ_IT_SUBITO_DISPLAY_HOME,26.55,5311,21,2
2025-12-08,Emilia-Romagna,Subito Lavoro,AZ_IT_SUBITO_RETARGETING,13.30,1962,25,2
2025-12-08,Emilia-Romagna,Subito Lavoro,AZ_IT_SUBITO_SLOT_PREMIUM,52.27,4862,72,7
2025-12-08,Emilia-Romagna,Subito Lavoro,AZ_IT_SUBITO_SPONSORED_ANNUNCI,39.44,2872,54,3
2025-12-08,Friuli-Venezia Giulia,Subito Lavoro,AZ_IT_SUBITO_DISPLAY_HOME,5.17,1046,4,1
2025-12-08,Friuli-Venezia Giulia,Subito Lavoro,AZ_IT_SUBITO_RETARGETING,2.91,423,5,1
2025-12-08,Friuli-Venezia Giulia,Subito Lavoro,AZ_IT_SUBITO_SLOT_PREMIUM,10.38,941,13,2
2025-12-08,Friuli-Venezia Giulia,Subito Lavoro,AZ_IT_SUBITO_SPONSORED_ANNUNCI,5.57,431,8,1
2025-12-08,Lazio,Subito Lavoro,AZ_IT_SUBITO_DISPLAY_HOME,29.51,6085,24,2
2025-12-08,Lazio,Subito Lavoro,AZ_IT_SUBITO_RETARGETING,15.06,2108,23,3
2025-12-08,Lazio,Subito Lavoro,AZ_IT_SUBITO_SLOT_PREMIUM,52.06,4684,58,7
2025-12-08,Lazio,Subito Lavoro,AZ_IT_SUBITO_SPONSORED_ANNUNCI,25.65,2021,34,2
2025-12-08,Liguria,Subito Lavoro,AZ_IT_SUBITO_DISPLAY_HOME,8.88,1778,7,0
2025-12-08,Liguria,Subito Lavoro,AZ_IT_SUBITO_RETARGETING,4.47,655,8,0
2025-12-08,Liguria,Subito Lavoro,AZ_IT_SUBITO_SLOT_PREMIUM,30.83,2683,39,2
2025-12-08,Liguria,Subito Lavoro,AZ_IT_SUBITO_SPONSORED_ANNUNCI,5.42,389,8,0
2025-12-08,Lombardia,Subito Lavoro,AZ_IT_SUBITO_DISPLAY_HOME,49.35,9733,42,3
2025-12-08,Lombardia,Subito Lavoro,AZ_IT_SUBITO_RETARGETING,26.03,3848,46,3
2025-12-08,Lombardia,Subito Lavoro,AZ_IT_SUBITO_SLOT_PREMIUM,136.06,11947,155,15
2025-12-08,Lombardia,Subito Lavoro,AZ_IT_SUBITO_SPONSORED_ANNUNCI,67.78,4959,85,6
2025-12-08,Marche,Subito Lavoro,AZ_IT_SUBITO_DISPLAY_HOME,7.94,1577,7,1
2025-12-08,Marche,Subito Lavoro,AZ_IT_SUBITO_RETARGETING,4.92,711,8,1
2025-12-08,Marche,Subito Lavoro,AZ_IT_SUBITO_SLOT_PREMIUM,14.56,1349,21,2
2025-12-08,Marche,Subito Lavoro,AZ_IT_SUBITO_SPONSORED_ANNUNCI,8.05,605,10,1
2025-12-08,Molise,Subito Lavoro,AZ_IT_SUBITO_DISPLAY_HOME,0.96,196,1,0
2025-12-08,Molise,Subito Lavoro,AZ_IT_SUBITO_RETARGETING,0.72,101,1,0
2025-12-08,Molise,Subito Lavoro,AZ_IT_SUBITO_SLOT_PREMIUM,2.04,184,3,0
2025-12-08,Molise,Subito Lavoro,AZ_IT_SUBITO_SPONSORED_ANNUNCI,1.60,121,2,0
2025-12-08,Piemonte,Subito Lavoro,AZ_IT_SUBITO_DISPLAY_HOME,21.50,4232,16,1
2025-12-08,Piemonte,Subito Lavoro,AZ_IT_SUBITO_RETARGETING,10.53,1526,18,1
2025-12-08,Piemonte,Subito Lavoro,AZ_IT_SUBITO_SLOT_PREMIUM,45.63,4089,50,5
2025-12-08,Piemonte,Subito Lavoro,AZ_IT_SUBITO_SPONSORED_ANNUNCI,23.54,1810,29,2
2025-12-08,Puglia,Subito Lavoro,AZ_IT_SUBITO_DISPLAY_HOME,21.45,4278,17,1
2025-12-08,Puglia,Subito Lavoro,AZ_IT_SUBITO_RETARGETING,9.62,1351,16,1
2025-12-08,Puglia,Subito Lavoro,AZ_IT_SUBITO_SLOT_PREMIUM,60.94,5140,65,5
2025-12-08,Puglia,Subito Lavoro,AZ_IT_SUBITO_SPONSORED_ANNUNCI,17.30,1395,24,1
2025-12-08,Sardegna,Subito Lavoro,AZ_IT_SUBITO_DISPLAY_HOME,4.14,815,3,0
2025-12-08,Sardegna,Subito Lavoro,AZ_IT_SUBITO_RETARGETING,5.59,781,11,1
2025-12-08,Sardegna,Subito Lavoro,AZ_IT_SUBITO_SLOT_PREMIUM,15.08,1362,18,2
2025-12-08,Sardegna,Subito Lavoro,AZ_IT_SUBITO_SPONSORED_ANNUNCI,11.15,860,14,1
2025-12-08,Sicilia,Subito Lavoro,AZ_IT_SUBITO_DISPLAY_HOME,18.38,3740,16,1
2025-12-08,Sicilia,Subito Lavoro,AZ_IT_SUBITO_RETARGETING,9.16,1314,18,1
2025-12-08,Sicilia,Subito Lavoro,AZ_IT_SUBITO_SLOT_PREMIUM,40.36,3958,55,5
2025-12-08,Sicilia,Subito Lavoro,AZ_IT_SUBITO_SPONSORED_ANNUNCI,24.74,1843,30,2
2025-12-08,Toscana,Subito Lavoro,AZ_IT_SUBITO_DISPLAY_HOME,16.65,3391,12,1
2025-12-08,Toscana,Subito Lavoro,AZ_IT_SUBITO_RETARGETING,10.65,1527,19,2
2025-12-08,Toscana,Subito Lavoro,AZ_IT_SUBITO_SLOT_PREMIUM,51.23,4744,65,7
2025-12-08,Toscana,Subito Lavoro,AZ_IT_SUBITO_SPONSORED_ANNUNCI,23.42,1633,30,2
2025-12-08,Trentino-Alto Adige,Subito Lavoro,AZ_IT_SUBITO_DISPLAY_HOME,4.12,849,3,0
2025-12-08,Trentino-Alto Adige,Subito Lavoro,AZ_IT_SUBITO_RETARGETING,4.27,596,8,1
2025-12-08,Trentino-Alto Adige,Subito Lavoro,AZ_IT_SUBITO_SLOT_PREMIUM,13.12,1176,16,1
2025-12-08,Trentino-Alto Adige,Subito Lavoro,AZ_IT_SUBITO_SPONSORED_ANNUNCI,6.40,509,9,1
2025-12-08,Umbria,Subito Lavoro,AZ_IT_SUBITO_DISPLAY_HOME,3.45,688,3,0
2025-12-08,Umbria,Subito Lavoro,AZ_IT_SUBITO_RETARGETING,1.58,230,3,0
2025-12-08,Umbria,Subito Lavoro,AZ_IT_SUBITO_SLOT_PREMIUM,6.02,550,9,1
2025-12-08,Umbria,Subito Lavoro,AZ_IT_SUBITO_SPONSORED_ANNUNCI,4.30,327,6,1
2025-12-08,Valle d'Aosta,Subito Lavoro,AZ_IT_SUBITO_DISPLAY_HOME,0.56,112,0,0
2025-12-08,Valle d'Aosta,Subito Lavoro,AZ_IT_SUBITO_RETARGETING,0.43,62,1,0
2025-12-08,Valle d'Aosta,Subito Lavoro,AZ_IT_SUBITO_SLOT_PREMIUM,0.99,88,1,0
2025-12-08,Valle d'Aosta,Subito Lavoro,AZ_IT_SUBITO_SPONSORED_ANNUNCI,0.64,51,1,0
2025-12-08,Veneto,Subito Lavoro,AZ_IT_SUBITO_DISPLAY_HOME,18.34,3547,13,1
2025-12-08,Veneto,Subito Lavoro,AZ_IT_SUBITO_RETARGETING,12.77,1772,22,2
2025-12-08,Veneto,Subito Lavoro,AZ_IT_SUBITO_SLOT_PREMIUM,47.04,4513,60,5
2025-12-08,Veneto,Subito Lavoro,AZ_IT_SUBITO_SPONSORED_ANNUNCI,16.05,1240,25,1
2025-12-15,Abruzzo,Subito Lavoro,AZ_IT_SUBITO_DISPLAY_HOME,4.77,908,3,0
2025-12-15,Abruzzo,Subito Lavoro,AZ_IT_SUBITO_RETARGETING,3.35,488,6,0
2025-12-15,Abruzzo,Subito Lavoro,AZ_IT_SUBITO_SLOT_PREMIUM,11.28,1054,15,1
2025-12-15,Abruzzo,Subito Lavoro,AZ_IT_SUBITO_SPONSORED_ANNUNCI,14.01,1070,17,1
2025-12-15,Basilicata,Subito Lavoro,AZ_IT_SUBITO_DISPLAY_HOME,2.43,481,2,0
2025-12-15,Basilicata,Subito Lavoro,AZ_IT_SUBITO_RETARGETING,1.83,258,3,0
2025-12-15,Basilicata,Subito Lavoro,AZ_IT_SUBITO_SLOT_PREMIUM,4.85,444,6,1
2025-12-15,Basilicata,Subito Lavoro,AZ_IT_SUBITO_SPONSORED_ANNUNCI,3.66,276,5,0
2025-12-15,Calabria,Subito Lavoro,AZ_IT_SUBITO_DISPLAY_HOME,8.05,1600,7,1
2025-12-15,Calabria,Subito Lavoro,AZ_IT_SUBITO_RETARGETING,4.14,613,7,1
2025-12-15,Calabria,Subito Lavoro,AZ_IT_SUBITO_SLOT_PREMIUM,20.22,1801,26,4
2025-12-15,Calabria,Subito Lavoro,AZ_IT_SUBITO_SPONSORED_ANNUNCI,10.16,791,14,1
2025-12-15,Campania,Subito Lavoro,AZ_IT_SUBITO_DISPLAY_HOME,20.70,4120,18,2
2025-12-15,Campania,Subito Lavoro,AZ_IT_SUBITO_RETARGETING,24.18,3346,40,3
2025-12-15,Campania,Subito Lavoro,AZ_IT_SUBITO_SLOT_PREMIUM,28.00,2600,34,3
2025-12-15,Campania,Subito Lavoro,AZ_IT_SUBITO_SPONSORED_ANNUNCI,46.65,3685,64,4
2025-12-15,Emilia-Romagna,Subito Lavoro,AZ_IT_SUBITO_DISPLAY_HOME,20.28,4180,16,1
2025-12-15,Emilia-Romagna,Subito Lavoro,AZ_IT_SUBITO_RETARGETING,16.02,2285,29,2
2025-12-15,Emilia-Romagna,Subito Lavoro,AZ_IT_SUBITO_SLOT_PREMIUM,38.46,3542,50,5
2025-12-15,Emilia-Romagna,Subito Lavoro,AZ_IT_SUBITO_SPONSORED_ANNUNCI,36.77,2910,50,3
2025-12-15,Friuli-Venezia Giulia,Subito Lavoro,AZ_IT_SUBITO_DISPLAY_HOME,4.14,796,3,0
2025-12-15,Friuli-Venezia Giulia,Subito Lavoro,AZ_IT_SUBITO_RETARGETING,2.64,378,5,1
2025-12-15,Friuli-Venezia Giulia,Subito Lavoro,AZ_IT_SUBITO_SLOT_PREMIUM,8.84,816,10,1
2025-12-15,Friuli-Venezia Giulia,Subito Lavoro,AZ_IT_SUBITO_SPONSORED_ANNUNCI,6.51,508,8,1
2025-12-15,Lazio,Subito Lavoro,AZ_IT_SUBITO_DISPLAY_HOME,21.06,4011,16,2
2025-12-15,Lazio,Subito Lavoro,AZ_IT_SUBITO_RETARGETING,17.00,2437,28,3
2025-12-15,Lazio,Subito Lavoro,AZ_IT_SUBITO_SLOT_PREMIUM,39.64,3664,48,5
2025-12-15,Lazio,Subito Lavoro,AZ_IT_SUBITO_SPONSORED_ANNUNCI,26.39,2026,33,3
2025-12-15,Liguria,Subito Lavoro,AZ_IT_SUBITO_DISPLAY_HOME,7.47,1418,6,0
2025-12-15,Liguria,Subito Lavoro,AZ_IT_SUBITO_RETARGETING,4.64,701,9,0
2025-12-15,Liguria,Subito Lavoro,AZ_IT_SUBITO_SLOT_PREMIUM,19.26,1746,24,2
2025-12-15,Liguria,Subito Lavoro,AZ_IT_SUBITO_SPONSORED_ANNUNCI,6.79,535,9,1
2025-12-15,Lombardia,Subito Lavoro,AZ_IT_SUBITO_DISPLAY_HOME,40.45,7992,33,3
2025-12-15,Lombardia,Subito Lavoro,AZ_IT_SUBITO_RETARGETING,25.28,3712,46,3
2025-12-15,Lombardia,Subito Lavoro,AZ_IT_SUBITO_SLOT_PREMIUM,113.30,9794,132,14
2025-12-15,Lombardia,Subito Lavoro,AZ_IT_SUBITO_SPONSORED_ANNUNCI,64.51,4850,67,5
2025-12-15,Marche,Subito Lavoro,AZ_IT_SUBITO_DISPLAY_HOME,6.24,1306,5,1
2025-12-15,Marche,Subito Lavoro,AZ_IT_SUBITO_RETARGETING,4.58,661,8,1
2025-12-15,Marche,Subito Lavoro,AZ_IT_SUBITO_SLOT_PREMIUM,11.70,1068,15,2
2025-12-15,Marche,Subito Lavoro,AZ_IT_SUBITO_SPONSORED_ANNUNCI,7.91,626,12,1
2025-12-15,Molise,Subito Lavoro,AZ_IT_SUBITO_DISPLAY_HOME,0.84,173,1,0
2025-12-15,Molise,Subito Lavoro,AZ_IT_SUBITO_RETARGETING,0.85,122,1,0
2025-12-15,Molise,Subito Lavoro,AZ_IT_SUBITO_SLOT_PREMIUM,1.78,160,2,0
2025-12-15,Molise,Subito Lavoro,AZ_IT_SUBITO_SPONSORED_ANNUNCI,1.79,134,3,0
2025-12-15,Piemonte,Subito Lavoro,AZ_IT_SUBITO_DISPLAY_HOME,14.72,3037,11,1
2025-12-15,Piemonte,Subito Lavoro,AZ_IT_SUBITO_RETARGETING,13.02,1918,23,1
2025-12-15,Piemonte,Subito Lavoro,AZ_IT_SUBITO_SLOT_PREMIUM,36.88,3217,45,3
2025-12-15,Piemonte,Subito Lavoro,AZ_IT_SUBITO_SPONSORED_ANNUNCI,23.73,1866,36,2
2025-12-15,Puglia,Subito Lavoro,AZ_IT_SUBITO_DISPLAY_HOME,17.20,3384,13,1
2025-12-15,Puglia,Subito Lavoro,AZ_IT_SUBITO_RETARGETING,10.31,1417,17,1
2025-12-15,Puglia,Subito Lavoro,AZ_IT_SUBITO_SLOT_PREMIUM,44.56,3835,55,4
2025-12-15,Puglia,Subito Lavoro,AZ_IT_SUBITO_SPONSORED_ANNUNCI,19.07,1507,27,1
2025-12-15,Sardegna,Subito Lavoro,AZ_IT_SUBITO_DISPLAY_HOME,3.84,741,3,0
2025-12-15,Sardegna,Subito Lavoro,AZ_IT_SUBITO_RETARGETING,6.56,963,12,1
2025-12-15,Sardegna,Subito Lavoro,AZ_IT_SUBITO_SLOT_PREMIUM,12.62,1140,16,1
2025-12-15,Sardegna,Subito Lavoro,AZ_IT_SUBITO_SPONSORED_ANNUNCI,12.38,957,17,1
2025-12-15,Sicilia,Subito Lavoro,AZ_IT_SUBITO_DISPLAY_HOME,15.84,3212,13,1
2025-12-15,Sicilia,Subito Lavoro,AZ_IT_SUBITO_RETARGETING,10.09,1425,17,2
2025-12-15,Sicilia,Subito Lavoro,AZ_IT_SUBITO_SLOT_PREMIUM,26.99,2360,33,4
2025-12-15,Sicilia,Subito Lavoro,AZ_IT_SUBITO_SPONSORED_ANNUNCI,21.17,1640,29,2
2025-12-15,Toscana,Subito Lavoro,AZ_IT_SUBITO_DISPLAY_HOME,13.50,2839,11,1
2025-12-15,Toscana,Subito Lavoro,AZ_IT_SUBITO_RETARGETING,11.37,1571,21,2
2025-12-15,Toscana,Subito Lavoro,AZ_IT_SUBITO_SLOT_PREMIUM,34.01,2931,40,6
2025-12-15,Toscana,Subito Lavoro,AZ_IT_SUBITO_SPONSORED_ANNUNCI,24.10,1867,32,3
2025-12-15,Trentino-Alto Adige,Subito Lavoro,AZ_IT_SUBITO_DISPLAY_HOME,3.53,703,3,0
2025-12-15,Trentino-Alto Adige,Subito Lavoro,AZ_IT_SUBITO_RETARGETING,5.01,720,9,1
2025-12-15,Trentino-Alto Adige,Subito Lavoro,AZ_IT_SUBITO_SLOT_PREMIUM,11.48,1072,15,1
2025-12-15,Trentino-Alto Adige,Subito Lavoro,AZ_IT_SUBITO_SPONSORED_ANNUNCI,6.51,496,8,1
2025-12-15,Umbria,Subito Lavoro,AZ_IT_SUBITO_DISPLAY_HOME,3.21,626,3,0
2025-12-15,Umbria,Subito Lavoro,AZ_IT_SUBITO_RETARGETING,1.91,270,3,0
2025-12-15,Umbria,Subito Lavoro,AZ_IT_SUBITO_SLOT_PREMIUM,5.15,483,7,1
2025-12-15,Umbria,Subito Lavoro,AZ_IT_SUBITO_SPONSORED_ANNUNCI,4.65,351,6,1
2025-12-15,Valle d'Aosta,Subito Lavoro,AZ_IT_SUBITO_DISPLAY_HOME,0.48,95,0,0
2025-12-15,Valle d'Aosta,Subito Lavoro,AZ_IT_SUBITO_RETARGETING,0.44,65,1,0
2025-12-15,Valle d'Aosta,Subito Lavoro,AZ_IT_SUBITO_SLOT_PREMIUM,0.94,88,1,0
2025-12-15,Valle d'Aosta,Subito Lavoro,AZ_IT_SUBITO_SPONSORED_ANNUNCI,0.66,51,1,0
2025-12-15,Veneto,Subito Lavoro,AZ_IT_SUBITO_DISPLAY_HOME,16.04,3170,12,1
2025-12-15,Veneto,Subito Lavoro,AZ_IT_SUBITO_RETARGETING,12.22,1736,21,2
2025-12-15,Veneto,Subito Lavoro,AZ_IT_SUBITO_SLOT_PREMIUM,35.73,3361,47,4
2025-12-15,Veneto,Subito Lavoro,AZ_IT_SUBITO_SPONSORED_ANNUNCI,15.36,1181,20,2
2025-12-22,Abruzzo,Subito Lavoro,AZ_IT_SUBITO_DISPLAY_HOME,3.88,816,4,0
2025-12-22,Abruzzo,Subito Lavoro,AZ_IT_SUBITO_RETARGETING,1.89,278,3,0
2025-12-22,Abruzzo,Subito Lavoro,AZ_IT_SUBITO_SLOT_PREMIUM,11.67,1020,13,1
2025-12-22,Abruzzo,Subito Lavoro,AZ_IT_SUBITO_SPONSORED_ANNUNCI,10.84,840,14,1
2025-12-22,Basilicata,Subito Lavoro,AZ_IT_SUBITO_DISPLAY_HOME,2.25,449,2,0
2025-12-22,Basilicata,Subito Lavoro,AZ_IT_SUBITO_RETARGETING,1.10,160,2,0
2025-12-22,Basilicata,Subito Lavoro,AZ_IT_SUBITO_SLOT_PREMIUM,4.55,412,6,1
2025-12-22,Basilicata,Subito Lavoro,AZ_IT_SUBITO_SPONSORED_ANNUNCI,3.65,285,5,0
2025-12-22,Calabria,Subito Lavoro,AZ_IT_SUBITO_DISPLAY_HOME,8.31,1719,7,1
2025-12-22,Calabria,Subito Lavoro,AZ_IT_SUBITO_RETARGETING,3.06,431,5,1
2025-12-22,Calabria,Subito Lavoro,AZ_IT_SUBITO_SLOT_PREMIUM,15.27,1388,18,2
2025-12-22,Calabria,Subito Lavoro,AZ_IT_SUBITO_SPONSORED_ANNUNCI,10.24,810,14,1
2025-12-22,Campania,Subito Lavoro,AZ_IT_SUBITO_DISPLAY_HOME,19.01,3879,14,1
2025-12-22,Campania,Subito Lavoro,AZ_IT_SUBITO_RETARGETING,14.42,2016,25,2
2025-12-22,Campania,Subito Lavoro,AZ_IT_SUBITO_SLOT_PREMIUM,27.78,2552,30,3
2025-12-22,Campania,Subito Lavoro,AZ_IT_SUBITO_SPONSORED_ANNUNCI,39.85,3035,53,3
2025-12-22,Emilia-Romagna,Subito Lavoro,AZ_IT_SUBITO_DISPLAY_HOME,20.28,4128,16,1
2025-12-22,Emilia-Romagna,Subito Lavoro,AZ_IT_SUBITO_RETARGETING,11.76,1721,16,2
2025-12-22,Emilia-Romagna,Subito Lavoro,AZ_IT_SUBITO_SLOT_PREMIUM,40.89,3725,52,5
2025-12-22,Emilia-Romagna,Subito Lavoro,AZ_IT_SUBITO_SPONSORED_ANNUNCI,29.48,2219,38,3
2025-12-22,Friuli-Venezia Giulia,Subito Lavoro,AZ_IT_SUBITO_DISPLAY_HOME,4.31,894,4,0
2025-12-22,Friuli-Venezia Giulia,Subito Lavoro,AZ_IT_SUBITO_RETARGETING,1.65,239,2,0
2025-12-22,Friuli-Venezia Giulia,Subito Lavoro,AZ_IT_SUBITO_SLOT_PREMIUM,8.70,751,11,1
2025-12-22,Friuli-Venezia Giulia,Subito Lavoro,AZ_IT_SUBITO_SPONSORED_ANNUNCI,5.45,419,7,1
2025-12-22,Lazio,Subito Lavoro,AZ_IT_SUBITO_DISPLAY_HOME,22.40,4653,18,2
2025-12-22,Lazio,Subito Lavoro,AZ_IT_SUBITO_RETARGETING,10.65,1509,18,2
2025-12-22,Lazio,Subito Lavoro,AZ_IT_SUBITO_SLOT_PREMIUM,30.73,2742,40,5
2025-12-22,Lazio,Subito Lavoro,AZ_IT_SUBITO_SPONSORED_ANNUNCI,23.38,1788,31,3
2025-12-22,Liguria,Subito Lavoro,AZ_IT_SUBITO_DISPLAY_HOME,6.28,1247,5,0
2025-12-22,Liguria,Subito Lavoro,AZ_IT_SUBITO_RETARGETING,3.20,469,6,0
2025-12-22,Liguria,Subito Lavoro,AZ_IT_SUBITO_SLOT_PREMIUM,19.67,1793,25,2
2025-12-22,Liguria,Subito Lavoro,AZ_IT_SUBITO_SPONSORED_ANNUNCI,6.39,469,8,0
2025-12-22,Lombardia,Subito Lavoro,AZ_IT_SUBITO_DISPLAY_HOME,42.95,8303,33,3
2025-12-22,Lombardia,Subito Lavoro,AZ_IT_SUBITO_RETARGETING,17.47,2449,32,2
2025-12-22,Lombardia,Subito Lavoro,AZ_IT_SUBITO_SLOT_PREMIUM,109.79,9852,146,13
2025-12-22,Lombardia,Subito Lavoro,AZ_IT_SUBITO_SPONSORED_ANNUNCI,50.49,3843,63,4
2025-12-22,Marche,Subito Lavoro,AZ_IT_SUBITO_DISPLAY_HOME,5.24,1042,4,1
2025-12-22,Marche,Subito Lavoro,AZ_IT_SUBITO_RETARGETING,3.06,438,5,1
2025-12-22,Marche,Subito Lavoro,AZ_IT_SUBITO_SLOT_PREMIUM,11.18,1037,14,2
2025-12-22,Marche,Subito Lavoro,AZ_IT_SUBITO_SPONSORED_ANNUNCI,6.62,498,8,1
2025-12-22,Molise,Subito Lavoro,AZ_IT_SUBITO_DISPLAY_HOME,0.78,154,1,0
2025-12-22,Molise,Subito Lavoro,AZ_IT_SUBITO_RETARGETING,0.60,83,1,0
2025-12-22,Molise,Subito Lavoro,AZ_IT_SUBITO_SLOT_PREMIUM,1.58,145,2,0
2025-12-22,Molise,Subito Lavoro,AZ_IT_SUBITO_SPONSORED_ANNUNCI,1.43,109,2,0
2025-12-22,Piemonte,Subito Lavoro,AZ_IT_SUBITO_DISPLAY_HOME,17.39,3621,16,1
2025-12-22,Piemonte,Subito Lavoro,AZ_IT_SUBITO_RETARGETING,8.80,1248,16,1
2025-12-22,Piemonte,Subito Lavoro,AZ_IT_SUBITO_SLOT_PREMIUM,32.94,3151,46,3
2025-12-22,Piemonte,Subito Lavoro,AZ_IT_SUBITO_SPONSORED_ANNUNCI,25.27,1960,38,2
2025-12-22,Puglia,Subito Lavoro,AZ_IT_SUBITO_DISPLAY_HOME,17.39,3524,13,1
2025-12-22,Puglia,Subito Lavoro,AZ_IT_SUBITO_RETARGETING,6.28,908,11,1
2025-12-22,Puglia,Subito Lavoro,AZ_IT_SUBITO_SLOT_PREMIUM,40.91,3780,52,4
2025-12-22,Puglia,Subito Lavoro,AZ_IT_SUBITO_SPONSORED_ANNUNCI,16.59,1192,19,1
2025-12-22,Sardegna,Subito Lavoro,AZ_IT_SUBITO_DISPLAY_HOME,3.80,722,3,0
2025-12-22,Sardegna,Subito Lavoro,AZ_IT_SUBITO_RETARGETING,4.00,549,7,1
2025-12-22,Sardegna,Subito Lavoro,AZ_IT_SUBITO_SLOT_PREMIUM,12.15,1144,17,1
2025-12-22,Sardegna,Subito Lavoro,AZ_IT_SUBITO_SPONSORED_ANNUNCI,11.50,889,16,1
2025-12-22,Sicilia,Subito Lavoro,AZ_IT_SUBITO_DISPLAY_HOME,15.81,3088,12,1
2025-12-22,Sicilia,Subito Lavoro,AZ_IT_SUBITO_RETARGETING,7.27,1058,12,1
2025-12-22,Sicilia,Subito Lavoro,AZ_IT_SUBITO_SLOT_PREMIUM,29.08,2582,37,4
2025-12-22,Sicilia,Subito Lavoro,AZ_IT_SUBITO_SPONSORED_ANNUNCI,22.75,1791,32,2
2025-12-22,Toscana,Subito Lavoro,AZ_IT_SUBITO_DISPLAY_HOME,13.63,2684,10,1
2025-12-22,Toscana,Subito Lavoro,AZ_IT_SUBITO_RETARGETING,6.48,941,12,2
2025-12-22,Toscana,Subito Lavoro,AZ_IT_SUBITO_SLOT_PREMIUM,32.80,3114,44,6
2025-12-22,Toscana,Subito Lavoro,AZ_IT_SUBITO_SPONSORED_ANNUNCI,23.54,1833,29,3
2025-12-22,Trentino-Alto Adige,Subito Lavoro,AZ_IT_SUBITO_DISPLAY_HOME,3.84,786,3,0
2025-12-22,Trentino-Alto Adige,Subito Lavoro,AZ_IT_SUBITO_RETARGETING,3.44,507,7,1
2025-12-22,Trentino-Alto Adige,Subito Lavoro,AZ_IT_SUBITO_SLOT_PREMIUM,10.39,981,14,2
2025-12-22,Trentino-Alto Adige,Subito Lavoro,AZ_IT_SUBITO_SPONSORED_ANNUNCI,6.15,462,8,1
2025-12-22,Umbria,Subito Lavoro,AZ_IT_SUBITO_DISPLAY_HOME,2.99,589,2,0
2025-12-22,Umbria,Subito Lavoro,AZ_IT_SUBITO_RETARGETING,1.33,197,2,0
2025-12-22,Umbria,Subito Lavoro,AZ_IT_SUBITO_SLOT_PREMIUM,5.81,524,8,1
2025-12-22,Umbria,Subito Lavoro,AZ_IT_SUBITO_SPONSORED_ANNUNCI,4.90,398,7,1
2025-12-22,Valle d'Aosta,Subito Lavoro,AZ_IT_SUBITO_DISPLAY_HOME,0.54,111,0,0
2025-12-22,Valle d'Aosta,Subito Lavoro,AZ_IT_SUBITO_RETARGETING,0.28,40,0,0
2025-12-22,Valle d'Aosta,Subito Lavoro,AZ_IT_SUBITO_SLOT_PREMIUM,0.87,78,1,0
2025-12-22,Valle d'Aosta,Subito Lavoro,AZ_IT_SUBITO_SPONSORED_ANNUNCI,0.66,49,1,0
2025-12-22,Veneto,Subito Lavoro,AZ_IT_SUBITO_DISPLAY_HOME,14.73,2845,12,1
2025-12-22,Veneto,Subito Lavoro,AZ_IT_SUBITO_RETARGETING,9.52,1393,18,1
2025-12-22,Veneto,Subito Lavoro,AZ_IT_SUBITO_SLOT_PREMIUM,33.74,3040,45,4
2025-12-22,Veneto,Subito Lavoro,AZ_IT_SUBITO_SPONSORED_ANNUNCI,13.69,1059,18,1
