settimana,regione,canale,campagna,spesa,impressioni,clic,conversioni_piattaforma
2024-01-01,Abruzzo,Altre job board,AZ_IT_BAKECA_LAVORO_ANNUNCI,2.21,272,5,0
2024-01-01,Abruzzo,Altre job board,AZ_IT_CAREERJET_CPC,1.28,138,4,0
2024-01-01,Abruzzo,Altre job board,AZ_IT_TALENT_COM_FEED,0.83,81,2,0
2024-01-01,Abruzzo,Altre job board,AZ_IT_TROVOLAVORO_SPONSORED,1.69,146,3,0
2024-01-01,Basilicata,Altre job board,AZ_IT_BAKECA_LAVORO_ANNUNCI,1.30,162,3,0
2024-01-01,Basilicata,Altre job board,AZ_IT_CAREERJET_CPC,0.29,34,1,0
2024-01-01,Basilicata,Altre job board,AZ_IT_TALENT_COM_FEED,0.27,27,1,0
2024-01-01,Basilicata,Altre job board,AZ_IT_TROVOLAVORO_SPONSORED,0.71,61,1,0
2024-01-01,Calabria,Altre job board,AZ_IT_BAKECA_LAVORO_ANNUNCI,2.36,290,6,0
2024-01-01,Calabria,Altre job board,AZ_IT_CAREERJET_CPC,1.06,120,3,0
2024-01-01,Calabria,Altre job board,AZ_IT_TALENT_COM_FEED,1.34,133,3,0
2024-01-01,Calabria,Altre job board,AZ_IT_TROVOLAVORO_SPONSORED,2.15,167,3,0
2024-01-01,Campania,Altre job board,AZ_IT_BAKECA_LAVORO_ANNUNCI,9.00,1086,19,1
2024-01-01,Campania,Altre job board,AZ_IT_CAREERJET_CPC,5.00,527,11,1
2024-01-01,Campania,Altre job board,AZ_IT_TALENT_COM_FEED,2.64,266,7,0
2024-01-01,Campania,Altre job board,AZ_IT_TROVOLAVORO_SPONSORED,5.45,460,9,1
2024-01-01,Emilia-Romagna,Altre job board,AZ_IT_BAKECA_LAVORO_ANNUNCI,5.48,691,13,0
2024-01-01,Emilia-Romagna,Altre job board,AZ_IT_CAREERJET_CPC,4.38,487,12,0
2024-01-01,Emilia-Romagna,Altre job board,AZ_IT_TALENT_COM_FEED,4.44,443,10,0
2024-01-01,Emilia-Romagna,Altre job board,AZ_IT_TROVOLAVORO_SPONSORED,6.67,557,10,1
2024-01-01,Friuli-Venezia Giulia,Altre job board,AZ_IT_BAKECA_LAVORO_ANNUNCI,1.64,209,4,0
2024-01-01,Friuli-Venezia Giulia,Altre job board,AZ_IT_CAREERJET_CPC,0.90,98,3,0
2024-01-01,Friuli-Venezia Giulia,Altre job board,AZ_IT_TALENT_COM_FEED,1.03,102,3,0
2024-01-01,Friuli-Venezia Giulia,Altre job board,AZ_IT_TROVOLAVORO_SPONSORED,1.42,121,2,0
2024-01-01,Lazio,Altre job board,AZ_IT_BAKECA_LAVORO_ANNUNCI,5.17,640,13,0
2024-01-01,Lazio,Altre job board,AZ_IT_CAREERJET_CPC,5.55,623,16,0
2024-01-01,Lazio,Altre job board,AZ_IT_TALENT_COM_FEED,3.84,380,9,0
2024-01-01,Lazio,Altre job board,AZ_IT_TROVOLAVORO_SPONSORED,6.25,518,9,0
2024-01-01,Liguria,Altre job board,AZ_IT_BAKECA_LAVORO_ANNUNCI,1.44,179,4,0
2024-01-01,Liguria,Altre job board,AZ_IT_CAREERJET_CPC,1.45,161,4,0
2024-01-01,Liguria,Altre job board,AZ_IT_TALENT_COM_FEED,1.08,115,3,0
2024-01-01,Liguria,Altre job board,AZ_IT_TROVOLAVORO_SPONSORED,1.82,153,3,0
2024-01-01,Lombardia,Altre job board,AZ_IT_BAKECA_LAVORO_ANNUNCI,12.71,1618,34,0
2024-01-01,Lombardia,Altre job board,AZ_IT_CAREERJET_CPC,8.46,957,26,0
2024-01-01,Lombardia,Altre job board,AZ_IT_TALENT_COM_FEED,7.92,848,22,0
2024-01-01,Lombardia,Altre job board,AZ_IT_TROVOLAVORO_SPONSORED,10.18,858,15,1
2024-01-01,Marche,Altre job board,AZ_IT_BAKECA_LAVORO_ANNUNCI,1.95,240,4,0
2024-01-01,Marche,Altre job board,AZ_IT_CAREERJET_CPC,1.50,174,5,0
2024-01-01,Marche,Altre job board,AZ_IT_TALENT_COM_FEED,1.05,106,3,0
2024-01-01,Marche,Altre job board,AZ_IT_TROVOLAVORO_SPONSORED,2.82,235,5,0
2024-01-01,Molise,Altre job board,AZ_IT_BAKECA_LAVORO_ANNUNCI,0.44,54,1,0
2024-01-01,Molise,Altre job board,AZ_IT_CAREERJET_CPC,0.38,41,1,0
2024-01-01,Molise,Altre job board,AZ_IT_TALENT_COM_FEED,0.15,15,0,0
2024-01-01,Molise,Altre job board,AZ_IT_TROVOLAVORO_SPONSORED,0.29,24,0,0
2024-01-01,Piemonte,Altre job board,AZ_IT_BAKECA_LAVORO_ANNUNCI,5.55,748,15,0
2024-01-01,Piemonte,Altre job board,AZ_IT_CAREERJET_CPC,4.28,477,14,0
2024-01-01,Piemonte,Altre job board,AZ_IT_TALENT_COM_FEED,2.45,243,6,0
2024-01-01,Piemonte,Altre job board,AZ_IT_TROVOLAVORO_SPONSORED,7.01,568,11,1
2024-01-01,Puglia,Altre job board,AZ_IT_BAKECA_LAVORO_ANNUNCI,5.31,650,13,0
2024-01-01,Puglia,Altre job board,AZ_IT_CAREERJET_CPC,3.50,364,9,0
2024-01-01,Puglia,Altre job board,AZ_IT_TALENT_COM_FEED,2.32,232,6,0
2024-01-01,Puglia,Altre job board,AZ_IT_TROVOLAVORO_SPONSORED,5.04,418,7,0
2024-01-01,Sardegna,Altre job board,AZ_IT_BAKECA_LAVORO_ANNUNCI,2.18,284,6,0
2024-01-01,Sardegna,Altre job board,AZ_IT_CAREERJET_CPC,1.03,111,3,0
2024-01-01,Sardegna,Altre job board,AZ_IT_TALENT_COM_FEED,0.90,93,3,0
2024-01-01,Sardegna,Altre job board,AZ_IT_TROVOLAVORO_SPONSORED,1.52,121,2,0
2024-01-01,Sicilia,Altre job board,AZ_IT_BAKECA_LAVORO_ANNUNCI,10.77,1422,26,0
2024-01-01,Sicilia,Altre job board,AZ_IT_CAREERJET_CPC,3.89,431,11,0
2024-01-01,Sicilia,Altre job board,AZ_IT_TALENT_COM_FEED,2.52,260,7,0
2024-01-01,Sicilia,Altre job board,AZ_IT_TROVOLAVORO_SPONSORED,5.41,461,9,0
2024-01-01,Toscana,Altre job board,AZ_IT_BAKECA_LAVORO_ANNUNCI,6.22,833,17,0
2024-01-01,Toscana,Altre job board,AZ_IT_CAREERJET_CPC,3.93,422,10,0
2024-01-01,Toscana,Altre job board,AZ_IT_TALENT_COM_FEED,1.64,171,4,0
2024-01-01,Toscana,Altre job board,AZ_IT_TROVOLAVORO_SPONSORED,2.30,192,3,0
2024-01-01,Trentino-Alto Adige,Altre job board,AZ_IT_BAKECA_LAVORO_ANNUNCI,1.32,164,3,0
2024-01-01,Trentino-Alto Adige,Altre job board,AZ_IT_CAREERJET_CPC,1.21,140,4,0
2024-01-01,Trentino-Alto Adige,Altre job board,AZ_IT_TALENT_COM_FEED,0.65,63,2,0
2024-01-01,Trentino-Alto Adige,Altre job board,AZ_IT_TROVOLAVORO_SPONSORED,1.47,123,2,0
2024-01-01,Umbria,Altre job board,AZ_IT_BAKECA_LAVORO_ANNUNCI,0.63,79,2,0
2024-01-01,Umbria,Altre job board,AZ_IT_CAREERJET_CPC,0.65,76,2,0
2024-01-01,Umbria,Altre job board,AZ_IT_TALENT_COM_FEED,0.81,81,2,0
2024-01-01,Umbria,Altre job board,AZ_IT_TROVOLAVORO_SPONSORED,0.80,64,1,0
2024-01-01,Valle d'Aosta,Altre job board,AZ_IT_BAKECA_LAVORO_ANNUNCI,0.17,21,0,0
2024-01-01,Valle d'Aosta,Altre job board,AZ_IT_CAREERJET_CPC,0.12,13,0,0
2024-01-01,Valle d'Aosta,Altre job board,AZ_IT_TALENT_COM_FEED,0.10,10,0,0
2024-01-01,Valle d'Aosta,Altre job board,AZ_IT_TROVOLAVORO_SPONSORED,0.20,16,0,0
2024-01-01,Veneto,Altre job board,AZ_IT_BAKECA_LAVORO_ANNUNCI,6.85,834,16,0
2024-01-01,Veneto,Altre job board,AZ_IT_CAREERJET_CPC,4.69,533,15,0
2024-01-01,Veneto,Altre job board,AZ_IT_TALENT_COM_FEED,2.92,303,8,0
2024-01-01,Veneto,Altre job board,AZ_IT_TROVOLAVORO_SPONSORED,4.92,396,7,1
2024-01-08,Abruzzo,Altre job board,AZ_IT_BAKECA_LAVORO_ANNUNCI,11.59,1470,27,1
2024-01-08,Abruzzo,Altre job board,AZ_IT_CAREERJET_CPC,9.49,1086,26,1
2024-01-08,Abruzzo,Altre job board,AZ_IT_TALENT_COM_FEED,2.96,289,6,0
2024-01-08,Abruzzo,Altre job board,AZ_IT_TROVOLAVORO_SPONSORED,10.69,811,15,2
2024-01-08,Basilicata,Altre job board,AZ_IT_BAKECA_LAVORO_ANNUNCI,5.50,708,13,0
2024-01-08,Basilicata,Altre job board,AZ_IT_CAREERJET_CPC,2.77,313,9,0
2024-01-08,Basilicata,Altre job board,AZ_IT_TALENT_COM_FEED,2.08,214,5,0
2024-01-08,Basilicata,Altre job board,AZ_IT_TROVOLAVORO_SPONSORED,3.70,302,6,1
2024-01-08,Calabria,Altre job board,AZ_IT_BAKECA_LAVORO_ANNUNCI,23.54,3008,65,1
2024-01-08,Calabria,Altre job board,AZ_IT_CAREERJET_CPC,9.19,1045,25,1
2024-01-08,Calabria,Altre job board,AZ_IT_TALENT_COM_FEED,4.94,480,12,0
2024-01-08,Calabria,Altre job board,AZ_IT_TROVOLAVORO_SPONSORED,11.91,928,15,1
2024-01-08,Campania,Altre job board,AZ_IT_BAKECA_LAVORO_ANNUNCI,55.94,7117,145,6
2024-01-08,Campania,Altre job board,AZ_IT_CAREERJET_CPC,22.96,2555,67,3
2024-01-08,Campania,Altre job board,AZ_IT_TALENT_COM_FEED,22.13,2121,53,4
2024-01-08,Campania,Altre job board,AZ_IT_TROVOLAVORO_SPONSORED,28.25,2409,42,6
2024-01-08,Emilia-Romagna,Altre job board,AZ_IT_BAKECA_LAVORO_ANNUNCI,27.05,3426,69,1
2024-01-08,Emilia-Romagna,Altre job board,AZ_IT_CAREERJET_CPC,21.54,2347,59,2
2024-01-08,Emilia-Romagna,Altre job board,AZ_IT_TALENT_COM_FEED,10.10,985,23,1
2024-01-08,Emilia-Romagna,Altre job board,AZ_IT_TROVOLAVORO_SPONSORED,24.52,2063,37,3
2024-01-08,Friuli-Venezia Giulia,Altre job board,AZ_IT_BAKECA_LAVORO_ANNUNCI,7.01,894,17,0
2024-01-08,Friuli-Venezia Giulia,Altre job board,AZ_IT_CAREERJET_CPC,4.17,469,11,0
2024-01-08,Friuli-Venezia Giulia,Altre job board,AZ_IT_TALENT_COM_FEED,5.55,547,13,0
2024-01-08,Friuli-Venezia Giulia,Altre job board,AZ_IT_TROVOLAVORO_SPONSORED,7.27,647,12,1
2024-01-08,Lazio,Altre job board,AZ_IT_BAKECA_LAVORO_ANNUNCI,40.60,5229,110,2
2024-01-08,Lazio,Altre job board,AZ_IT_CAREERJET_CPC,20.63,2293,62,2
2024-01-08,Lazio,Altre job board,AZ_IT_TALENT_COM_FEED,15.31,1545,38,1
2024-01-08,Lazio,Altre job board,AZ_IT_TROVOLAVORO_SPONSORED,38.17,3134,56,4
2024-01-08,Liguria,Altre job board,AZ_IT_BAKECA_LAVORO_ANNUNCI,12.98,1669,38,1
2024-01-08,Liguria,Altre job board,AZ_IT_CAREERJET_CPC,8.74,965,25,1
2024-01-08,Liguria,Altre job board,AZ_IT_TALENT_COM_FEED,5.93,576,15,1
2024-01-08,Liguria,Altre job board,AZ_IT_TROVOLAVORO_SPONSORED,7.72,644,11,1
2024-01-08,Lombardia,Altre job board,AZ_IT_BAKECA_LAVORO_ANNUNCI,96.86,11903,230,3
2024-01-08,Lombardia,Altre job board,AZ_IT_CAREERJET_CPC,40.34,4571,127,2
2024-01-08,Lombardia,Altre job board,AZ_IT_TALENT_COM_FEED,28.86,2859,70,2
2024-01-08,Lombardia,Altre job board,AZ_IT_TROVOLAVORO_SPONSORED,78.39,6673,138,5
2024-01-08,Marche,Altre job board,AZ_IT_BAKECA_LAVORO_ANNUNCI,9.12,1120,23,0
2024-01-08,Marche,Altre job board,AZ_IT_CAREERJET_CPC,11.24,1269,29,1
2024-01-08,Marche,Altre job board,AZ_IT_TALENT_COM_FEED,3.15,318,8,0
2024-01-08,Marche,Altre job board,AZ_IT_TROVOLAVORO_SPONSORED,7.44,612,10,1
2024-01-08,Molise,Altre job board,AZ_IT_BAKECA_LAVORO_ANNUNCI,2.14,264,5,0
2024-01-08,Molise,Altre job board,AZ_IT_CAREERJET_CPC,0.89,96,2,0
2024-01-08,Molise,Altre job board,AZ_IT_TALENT_COM_FEED,1.03,108,3,0
2024-01-08,Molise,Altre job board,AZ_IT_TROVOLAVORO_SPONSORED,1.06,91,2,0
2024-01-08,Piemonte,Altre job board,AZ_IT_BAKECA_LAVORO_ANNUNCI,29.39,3617,75,1
2024-01-08,Piemonte,Altre job board,AZ_IT_CAREERJET_CPC,12.14,1300,33,1
2024-01-08,Piemonte,Altre job board,AZ_IT_TALENT_COM_FEED,14.68,1544,39,1
2024-01-08,Piemonte,Altre job board,AZ_IT_TROVOLAVORO_SPONSORED,17.04,1445,30,2
2024-01-08,Puglia,Altre job board,AZ_IT_BAKECA_LAVORO_ANNUNCI,34.85,4358,91,1
2024-01-08,Puglia,Altre job board,AZ_IT_CAREERJET_CPC,14.94,1605,45,1
2024-01-08,Puglia,Altre job board,AZ_IT_TALENT_COM_FEED,12.47,1183,30,1
2024-01-08,Puglia,Altre job board,AZ_IT_TROVOLAVORO_SPONSORED,23.59,2031,33,2
2024-01-08,Sardegna,Altre job board,AZ_IT_BAKECA_LAVORO_ANNUNCI,9.34,1144,22,1
2024-01-08,Sardegna,Altre job board,AZ_IT_CAREERJET_CPC,6.13,705,19,1
2024-01-08,Sardegna,Altre job board,AZ_IT_TALENT_COM_FEED,6.69,671,15,1
2024-01-08,Sardegna,Altre job board,AZ_IT_TROVOLAVORO_SPONSORED,5.40,437,7,1
2024-01-08,Sicilia,Altre job board,AZ_IT_BAKECA_LAVORO_ANNUNCI,55.49,6783,136,2
2024-01-08,Sicilia,Altre job board,AZ_IT_CAREERJET_CPC,21.13,2349,59,1
2024-01-08,Sicilia,Altre job board,AZ_IT_TALENT_COM_FEED,17.72,1729,43,1
2024-01-08,Sicilia,Altre job board,AZ_IT_TROVOLAVORO_SPONSORED,34.56,2838,57,3
2024-01-08,Toscana,Altre job board,AZ_IT_BAKECA_LAVORO_ANNUNCI,35.19,4328,88,2
2024-01-08,Toscana,Altre job board,AZ_IT_CAREERJET_CPC,17.39,1885,50,2
2024-01-08,Toscana,Altre job board,AZ_IT_TALENT_COM_FEED,9.29,888,23,1
2024-01-08,Toscana,Altre job board,AZ_IT_TROVOLAVORO_SPONSORED,24.16,1982,33,3
2024-01-08,Trentino-Alto Adige,Altre job board,AZ_IT_BAKECA_LAVORO_ANNUNCI,8.17,1040,23,1
2024-01-08,Trentino-Alto Adige,Altre job board,AZ_IT_CAREERJET_CPC,4.79,543,15,1
2024-01-08,Trentino-Alto Adige,Altre job board,AZ_IT_TALENT_COM_FEED,5.37,546,11,1
2024-01-08,Trentino-Alto Adige,Altre job board,AZ_IT_TROVOLAVORO_SPONSORED,5.90,487,8,1
2024-01-08,Umbria,Altre job board,AZ_IT_BAKECA_LAVORO_ANNUNCI,5.07,617,13,0
2024-01-08,Umbria,Altre job board,AZ_IT_CAREERJET_CPC,3.43,388,10,0
2024-01-08,Umbria,Altre job board,AZ_IT_TALENT_COM_FEED,2.43,233,5,0
2024-01-08,Umbria,Altre job board,AZ_IT_TROVOLAVORO_SPONSORED,3.41,270,5,0
2024-01-08,Valle d'Aosta,Altre job board,AZ_IT_BAKECA_LAVORO_ANNUNCI,1.40,171,4,0
2024-01-08,Valle d'Aosta,Altre job board,AZ_IT_CAREERJET_CPC,0.53,59,2,0
2024-01-08,Valle d'Aosta,Altre job board,AZ_IT_TALENT_COM_FEED,0.39,41,1,0
2024-01-08,Valle d'Aosta,Altre job board,AZ_IT_TROVOLAVORO_SPONSORED,0.61,52,1,0
2024-01-08,Veneto,Altre job board,AZ_IT_BAKECA_LAVORO_ANNUNCI,24.30,2974,62,2
2024-01-08,Veneto,Altre job board,AZ_IT_CAREERJET_CPC,20.22,2210,56,3
2024-01-08,Veneto,Altre job board,AZ_IT_TALENT_COM_FEED,12.93,1307,33,1
2024-01-08,Veneto,Altre job board,AZ_IT_TROVOLAVORO_SPONSORED,22.53,1894,35,4
2024-01-15,Abruzzo,Altre job board,AZ_IT_BAKECA_LAVORO_ANNUNCI,6.67,826,16,1
2024-01-15,Abruzzo,Altre job board,AZ_IT_CAREERJET_CPC,4.17,466,12,1
2024-01-15,Abruzzo,Altre job board,AZ_IT_TALENT_COM_FEED,3.83,396,9,1
2024-01-15,Abruzzo,Altre job board,AZ_IT_TROVOLAVORO_SPONSORED,6.51,567,10,1
2024-01-15,Basilicata,Altre job board,AZ_IT_BAKECA_LAVORO_ANNUNCI,2.48,315,5,0
2024-01-15,Basilicata,Altre job board,AZ_IT_CAREERJET_CPC,3.07,330,8,0
2024-01-15,Basilicata,Altre job board,AZ_IT_TALENT_COM_FEED,1.49,149,4,0
2024-01-15,Basilicata,Altre job board,AZ_IT_TROVOLAVORO_SPONSORED,2.52,200,3,0
2024-01-15,Calabria,Altre job board,AZ_IT_BAKECA_LAVORO_ANNUNCI,10.60,1290,28,1
2024-01-15,Calabria,Altre job board,AZ_IT_CAREERJET_CPC,5.22,572,16,0
2024-01-15,Calabria,Altre job board,AZ_IT_TALENT_COM_FEED,3.59,378,10,0
2024-01-15,Calabria,Altre job board,AZ_IT_TROVOLAVORO_SPONSORED,15.58,1342,24,2
2024-01-15,Campania,Altre job board,AZ_IT_BAKECA_LAVORO_ANNUNCI,20.99,2739,55,2
2024-01-15,Campania,Altre job board,AZ_IT_CAREERJET_CPC,24.91,2746,64,4
2024-01-15,Campania,Altre job board,AZ_IT_TALENT_COM_FEED,10.07,1061,25,2
2024-01-15,Campania,Altre job board,AZ_IT_TROVOLAVORO_SPONSORED,28.84,2382,42,6
2024-01-15,Emilia-Romagna,Altre job board,AZ_IT_BAKECA_LAVORO_ANNUNCI,41.10,5377,104,2
2024-01-15,Emilia-Romagna,Altre job board,AZ_IT_CAREERJET_CPC,12.81,1304,34,1
2024-01-15,Emilia-Romagna,Altre job board,AZ_IT_TALENT_COM_FEED,10.82,1079,25,1
2024-01-15,Emilia-Romagna,Altre job board,AZ_IT_TROVOLAVORO_SPONSORED,27.37,2277,41,4
2024-01-15,Friuli-Venezia Giulia,Altre job board,AZ_IT_BAKECA_LAVORO_ANNUNCI,4.55,573,13,0
2024-01-15,Friuli-Venezia Giulia,Altre job board,AZ_IT_CAREERJET_CPC,4.09,459,12,0
2024-01-15,Friuli-Venezia Giulia,Altre job board,AZ_IT_TALENT_COM_FEED,2.95,293,7,0
2024-01-15,Friuli-Venezia Giulia,Altre job board,AZ_IT_TROVOLAVORO_SPONSORED,6.36,531,11,1
2024-01-15,Lazio,Altre job board,AZ_IT_BAKECA_LAVORO_ANNUNCI,30.05,3688,82,1
2024-01-15,Lazio,Altre job board,AZ_IT_CAREERJET_CPC,18.07,2008,52,1
2024-01-15,Lazio,Altre job board,AZ_IT_TALENT_COM_FEED,15.35,1574,37,1
2024-01-15,Lazio,Altre job board,AZ_IT_TROVOLAVORO_SPONSORED,29.30,2537,45,4
2024-01-15,Liguria,Altre job board,AZ_IT_BAKECA_LAVORO_ANNUNCI,6.30,786,16,0
2024-01-15,Liguria,Altre job board,AZ_IT_CAREERJET_CPC,4.69,509,14,1
2024-01-15,Liguria,Altre job board,AZ_IT_TALENT_COM_FEED,2.68,261,6,0
2024-01-15,Liguria,Altre job board,AZ_IT_TROVOLAVORO_SPONSORED,5.89,494,9,1
2024-01-15,Lombardia,Altre job board,AZ_IT_BAKECA_LAVORO_ANNUNCI,60.65,7753,163,3
2024-01-15,Lombardia,Altre job board,AZ_IT_CAREERJET_CPC,36.83,3999,105,3
2024-01-15,Lombardia,Altre job board,AZ_IT_TALENT_COM_FEED,32.77,3387,84,3
2024-01-15,Lombardia,Altre job board,AZ_IT_TROVOLAVORO_SPONSORED,40.95,3418,62,4
2024-01-15,Marche,Altre job board,AZ_IT_BAKECA_LAVORO_ANNUNCI,6.07,735,12,0
2024-01-15,Marche,Altre job board,AZ_IT_CAREERJET_CPC,7.89,895,24,1
2024-01-15,Marche,Altre job board,AZ_IT_TALENT_COM_FEED,4.02,405,10,0
2024-01-15,Marche,Altre job board,AZ_IT_TROVOLAVORO_SPONSORED,8.20,674,12,1
2024-01-15,Molise,Altre job board,AZ_IT_BAKECA_LAVORO_ANNUNCI,1.66,210,5,0
2024-01-15,Molise,Altre job board,AZ_IT_CAREERJET_CPC,0.49,54,1,0
2024-01-15,Molise,Altre job board,AZ_IT_TALENT_COM_FEED,0.69,69,2,0
2024-01-15,Molise,Altre job board,AZ_IT_TROVOLAVORO_SPONSORED,1.34,113,2,0
2024-01-15,Piemonte,Altre job board,AZ_IT_BAKECA_LAVORO_ANNUNCI,28.78,3376,61,1
2024-01-15,Piemonte,Altre job board,AZ_IT_CAREERJET_CPC,13.88,1502,44,1
2024-01-15,Piemonte,Altre job board,AZ_IT_TALENT_COM_FEED,7.45,716,16,1
2024-01-15,Piemonte,Altre job board,AZ_IT_TROVOLAVORO_SPONSORED,16.35,1320,23,1
2024-01-15,Puglia,Altre job board,AZ_IT_BAKECA_LAVORO_ANNUNCI,23.14,2894,56,1
2024-01-15,Puglia,Altre job board,AZ_IT_CAREERJET_CPC,17.13,1926,46,1
2024-01-15,Puglia,Altre job board,AZ_IT_TALENT_COM_FEED,12.30,1238,30,1
2024-01-15,Puglia,Altre job board,AZ_IT_TROVOLAVORO_SPONSORED,16.33,1460,26,2
2024-01-15,Sardegna,Altre job board,AZ_IT_BAKECA_LAVORO_ANNUNCI,11.36,1463,27,1
2024-01-15,Sardegna,Altre job board,AZ_IT_CAREERJET_CPC,5.63,660,16,1
2024-01-15,Sardegna,Altre job board,AZ_IT_TALENT_COM_FEED,3.36,322,6,0
2024-01-15,Sardegna,Altre job board,AZ_IT_TROVOLAVORO_SPONSORED,8.66,693,12,1
2024-01-15,Sicilia,Altre job board,AZ_IT_BAKECA_LAVORO_ANNUNCI,24.35,3095,60,1
2024-01-15,Sicilia,Altre job board,AZ_IT_CAREERJET_CPC,18.00,1990,46,1
2024-01-15,Sicilia,Altre job board,AZ_IT_TALENT_COM_FEED,11.05,1154,28,1
2024-01-15,Sicilia,Altre job board,AZ_IT_TROVOLAVORO_SPONSORED,31.98,2574,47,3
2024-01-15,Toscana,Altre job board,AZ_IT_BAKECA_LAVORO_ANNUNCI,23.34,2892,62,2
2024-01-15,Toscana,Altre job board,AZ_IT_CAREERJET_CPC,13.70,1496,43,1
2024-01-15,Toscana,Altre job board,AZ_IT_TALENT_COM_FEED,11.45,1119,25,1
2024-01-15,Toscana,Altre job board,AZ_IT_TROVOLAVORO_SPONSORED,19.34,1575,27,2
2024-01-15,Trentino-Alto Adige,Altre job board,AZ_IT_BAKECA_LAVORO_ANNUNCI,5.14,653,15,1
2024-01-15,Trentino-Alto Adige,Altre job board,AZ_IT_CAREERJET_CPC,2.77,318,9,1
2024-01-15,Trentino-Alto Adige,Altre job board,AZ_IT_TALENT_COM_FEED,2.26,227,5,0
2024-01-15,Trentino-Alto Adige,Altre job board,AZ_IT_TROVOLAVORO_SPONSORED,6.64,551,8,2
2024-01-15,Umbria,Altre job board,AZ_IT_BAKECA_LAVORO_ANNUNCI,3.12,385,7,0
2024-01-15,Umbria,Altre job board,AZ_IT_CAREERJET_CPC,1.72,191,5,0
2024-01-15,Umbria,Altre job board,AZ_IT_TALENT_COM_FEED,1.52,153,4,0
2024-01-15,Umbria,Altre job board,AZ_IT_TROVOLAVORO_SPONSORED,3.86,303,5,0
2024-01-15,Valle d'Aosta,Altre job board,AZ_IT_BAKECA_LAVORO_ANNUNCI,0.65,83,2,0
2024-01-15,Valle d'Aosta,Altre job board,AZ_IT_CAREERJET_CPC,0.57,62,1,0
2024-01-15,Valle d'Aosta,Altre job board,AZ_IT_TALENT_COM_FEED,0.36,36,1,0
2024-01-15,Valle d'Aosta,Altre job board,AZ_IT_TROVOLAVORO_SPONSORED,0.55,45,1,0
2024-01-15,Veneto,Altre job board,AZ_IT_BAKECA_LAVORO_ANNUNCI,17.93,2166,44,2
2024-01-15,Veneto,Altre job board,AZ_IT_CAREERJET_CPC,19.38,2281,65,2
2024-01-15,Veneto,Altre job board,AZ_IT_TALENT_COM_FEED,14.73,1546,36,2
2024-01-15,Veneto,Altre job board,AZ_IT_TROVOLAVORO_SPONSORED,14.98,1227,23,2
2024-01-22,Abruzzo,Altre job board,AZ_IT_BAKECA_LAVORO_ANNUNCI,14.94,1935,41,1
2024-01-22,Abruzzo,Altre job board,AZ_IT_CAREERJET_CPC,8.10,918,24,1
2024-01-22,Abruzzo,Altre job board,AZ_IT_TALENT_COM_FEED,7.78,796,20,1
2024-01-22,Abruzzo,Altre job board,AZ_IT_TROVOLAVORO_SPONSORED,7.97,667,13,1
2024-01-22,Basilicata,Altre job board,AZ_IT_BAKECA_LAVORO_ANNUNCI,4.15,523,10,0
2024-01-22,Basilicata,Altre job board,AZ_IT_CAREERJET_CPC,4.78,524,13,0
2024-01-22,Basilicata,Altre job board,AZ_IT_TALENT_COM_FEED,2.53,251,7,0
2024-01-22,Basilicata,Altre job board,AZ_IT_TROVOLAVORO_SPONSORED,4.05,327,5,1
2024-01-22,Calabria,Altre job board,AZ_IT_BAKECA_LAVORO_ANNUNCI,18.87,2441,51,1
2024-01-22,Calabria,Altre job board,AZ_IT_CAREERJET_CPC,13.56,1526,40,1
2024-01-22,Calabria,Altre job board,AZ_IT_TALENT_COM_FEED,8.13,798,19,1
2024-01-22,Calabria,Altre job board,AZ_IT_TROVOLAVORO_SPONSORED,10.87,943,19,1
2024-01-22,Campania,Altre job board,AZ_IT_BAKECA_LAVORO_ANNUNCI,52.65,6420,123,5
2024-01-22,Campania,Altre job board,AZ_IT_CAREERJET_CPC,37.00,4127,112,5
2024-01-22,Campania,Altre job board,AZ_IT_TALENT_COM_FEED,32.77,3218,74,5
2024-01-22,Campania,Altre job board,AZ_IT_TROVOLAVORO_SPONSORED,33.61,2734,53,7
2024-01-22,Emilia-Romagna,Altre job board,AZ_IT_BAKECA_LAVORO_ANNUNCI,29.01,3416,75,1
2024-01-22,Emilia-Romagna,Altre job board,AZ_IT_CAREERJET_CPC,28.24,3169,67,2
2024-01-22,Emilia-Romagna,Altre job board,AZ_IT_TALENT_COM_FEED,21.16,2196,53,1
2024-01-22,Emilia-Romagna,Altre job board,AZ_IT_TROVOLAVORO_SPONSORED,40.68,3374,59,4
2024-01-22,Friuli-Venezia Giulia,Altre job board,AZ_IT_BAKECA_LAVORO_ANNUNCI,11.23,1351,28,1
2024-01-22,Friuli-Venezia Giulia,Altre job board,AZ_IT_CAREERJET_CPC,10.71,1190,32,1
2024-01-22,Friuli-Venezia Giulia,Altre job board,AZ_IT_TALENT_COM_FEED,4.18,436,9,0
2024-01-22,Friuli-Venezia Giulia,Altre job board,AZ_IT_TROVOLAVORO_SPONSORED,7.79,636,12,1
2024-01-22,Lazio,Altre job board,AZ_IT_BAKECA_LAVORO_ANNUNCI,71.41,8912,204,4
2024-01-22,Lazio,Altre job board,AZ_IT_CAREERJET_CPC,30.78,3576,99,3
2024-01-22,Lazio,Altre job board,AZ_IT_TALENT_COM_FEED,25.88,2558,57,2
2024-01-22,Lazio,Altre job board,AZ_IT_TROVOLAVORO_SPONSORED,29.51,2599,40,3
2024-01-22,Liguria,Altre job board,AZ_IT_BAKECA_LAVORO_ANNUNCI,12.06,1514,28,1
2024-01-22,Liguria,Altre job board,AZ_IT_CAREERJET_CPC,10.84,1182,29,1
2024-01-22,Liguria,Altre job board,AZ_IT_TALENT_COM_FEED,5.87,596,14,1
2024-01-22,Liguria,Altre job board,AZ_IT_TROVOLAVORO_SPONSORED,12.13,979,18,2
2024-01-22,Lombardia,Altre job board,AZ_IT_BAKECA_LAVORO_ANNUNCI,153.29,18811,394,5
2024-01-22,Lombardia,Altre job board,AZ_IT_CAREERJET_CPC,57.04,6031,174,3
2024-01-22,Lombardia,Altre job board,AZ_IT_TALENT_COM_FEED,60.49,6147,143,3
2024-01-22,Lombardia,Altre job board,AZ_IT_TROVOLAVORO_SPONSORED,105.11,8763,153,7
2024-01-22,Marche,Altre job board,AZ_IT_BAKECA_LAVORO_ANNUNCI,20.80,2465,47,1
2024-01-22,Marche,Altre job board,AZ_IT_CAREERJET_CPC,10.64,1173,30,1
2024-01-22,Marche,Altre job board,AZ_IT_TALENT_COM_FEED,5.40,564,13,0
2024-01-22,Marche,Altre job board,AZ_IT_TROVOLAVORO_SPONSORED,10.56,857,15,1
2024-01-22,Molise,Altre job board,AZ_IT_BAKECA_LAVORO_ANNUNCI,3.51,432,9,0
2024-01-22,Molise,Altre job board,AZ_IT_CAREERJET_CPC,0.96,101,2,0
2024-01-22,Molise,Altre job board,AZ_IT_TALENT_COM_FEED,1.84,192,5,0
2024-01-22,Molise,Altre job board,AZ_IT_TROVOLAVORO_SPONSORED,2.08,176,3,0
2024-01-22,Piemonte,Altre job board,AZ_IT_BAKECA_LAVORO_ANNUNCI,45.57,5611,117,2
2024-01-22,Piemonte,Altre job board,AZ_IT_CAREERJET_CPC,22.22,2529,71,1
2024-01-22,Piemonte,Altre job board,AZ_IT_TALENT_COM_FEED,14.68,1459,30,1
2024-01-22,Piemonte,Altre job board,AZ_IT_TROVOLAVORO_SPONSORED,35.23,2969,49,3
2024-01-22,Puglia,Altre job board,AZ_IT_BAKECA_LAVORO_ANNUNCI,40.50,4844,98,1
2024-01-22,Puglia,Altre job board,AZ_IT_CAREERJET_CPC,25.79,2897,84,1
2024-01-22,Puglia,Altre job board,AZ_IT_TALENT_COM_FEED,24.90,2573,59,1
2024-01-22,Puglia,Altre job board,AZ_IT_TROVOLAVORO_SPONSORED,47.60,3902,65,4
2024-01-22,Sardegna,Altre job board,AZ_IT_BAKECA_LAVORO_ANNUNCI,22.63,2936,59,1
2024-01-22,Sardegna,Altre job board,AZ_IT_CAREERJET_CPC,8.34,861,22,1
2024-01-22,Sardegna,Altre job board,AZ_IT_TALENT_COM_FEED,7.15,737,17,1
2024-01-22,Sardegna,Altre job board,AZ_IT_TROVOLAVORO_SPONSORED,13.01,1091,20,2
2024-01-22,Sicilia,Altre job board,AZ_IT_BAKECA_LAVORO_ANNUNCI,49.10,5989,135,2
2024-01-22,Sicilia,Altre job board,AZ_IT_CAREERJET_CPC,29.94,3195,84,1
2024-01-22,Sicilia,Altre job board,AZ_IT_TALENT_COM_FEED,19.64,1967,43,1
2024-01-22,Sicilia,Altre job board,AZ_IT_TROVOLAVORO_SPONSORED,45.12,3789,66,4
2024-01-22,Toscana,Altre job board,AZ_IT_BAKECA_LAVORO_ANNUNCI,35.36,4370,90,2
2024-01-22,Toscana,Altre job board,AZ_IT_CAREERJET_CPC,17.41,1989,60,2
2024-01-22,Toscana,Altre job board,AZ_IT_TALENT_COM_FEED,15.76,1548,40,2
2024-01-22,Toscana,Altre job board,AZ_IT_TROVOLAVORO_SPONSORED,21.95,1854,32,3
2024-01-22,Trentino-Alto Adige,Altre job board,AZ_IT_BAKECA_LAVORO_ANNUNCI,7.55,990,20,1
2024-01-22,Trentino-Alto Adige,Altre job board,AZ_IT_CAREERJET_CPC,7.15,786,20,1
2024-01-22,Trentino-Alto Adige,Altre job board,AZ_IT_TALENT_COM_FEED,3.99,383,11,1
2024-01-22,Trentino-Alto Adige,Altre job board,AZ_IT_TROVOLAVORO_SPONSORED,9.07,765,14,2
2024-01-22,Umbria,Altre job board,AZ_IT_BAKECA_LAVORO_ANNUNCI,12.19,1513,30,0
2024-01-22,Umbria,Altre job board,AZ_IT_CAREERJET_CPC,6.41,716,17,0
2024-01-22,Umbria,Altre job board,AZ_IT_TALENT_COM_FEED,3.59,380,9,0
2024-01-22,Umbria,Altre job board,AZ_IT_TROVOLAVORO_SPONSORED,7.76,653,12,1
2024-01-22,Valle d'Aosta,Altre job board,AZ_IT_BAKECA_LAVORO_ANNUNCI,1.18,150,3,0
2024-01-22,Valle d'Aosta,Altre job board,AZ_IT_CAREERJET_CPC,0.81,89,2,0
2024-01-22,Valle d'Aosta,Altre job board,AZ_IT_TALENT_COM_FEED,0.76,77,2,0
2024-01-22,Valle d'Aosta,Altre job board,AZ_IT_TROVOLAVORO_SPONSORED,0.74,59,1,0
2024-01-22,Veneto,Altre job board,AZ_IT_BAKECA_LAVORO_ANNUNCI,42.03,5237,105,3
2024-01-22,Veneto,Altre job board,AZ_IT_CAREERJET_CPC,35.90,3963,85,4
2024-01-22,Veneto,Altre job board,AZ_IT_TALENT_COM_FEED,17.10,1774,47,2
2024-01-22,Veneto,Altre job board,AZ_IT_TROVOLAVORO_SPONSORED,38.42,3147,52,6
2024-01-29,Abruzzo,Altre job board,AZ_IT_BAKECA_LAVORO_ANNUNCI,19.40,2376,52,1
2024-01-29,Abruzzo,Altre job board,AZ_IT_CAREERJET_CPC,9.40,1071,24,1
2024-01-29,Abruzzo,Altre job board,AZ_IT_TALENT_COM_FEED,7.68,734,18,1
2024-01-29,Abruzzo,Altre job board,AZ_IT_TROVOLAVORO_SPONSORED,22.43,1909,32,3
2024-01-29,Basilicata,Altre job board,AZ_IT_BAKECA_LAVORO_ANNUNCI,13.24,1620,32,1
2024-01-29,Basilicata,Altre job board,AZ_IT_CAREERJET_CPC,6.03,684,18,0
2024-01-29,Basilicata,Altre job board,AZ_IT_TALENT_COM_FEED,1.66,166,4,0
2024-01-29,Basilicata,Altre job board,AZ_IT_TROVOLAVORO_SPONSORED,6.64,550,9,1
2024-01-29,Calabria,Altre job board,AZ_IT_BAKECA_LAVORO_ANNUNCI,30.35,3886,79,1
2024-01-29,Calabria,Altre job board,AZ_IT_CAREERJET_CPC,15.21,1664,48,1
2024-01-29,Calabria,Altre job board,AZ_IT_TALENT_COM_FEED,12.62,1281,27,1
2024-01-29,Calabria,Altre job board,AZ_IT_TROVOLAVORO_SPONSORED,25.44,2068,32,2
2024-01-29,Campania,Altre job board,AZ_IT_BAKECA_LAVORO_ANNUNCI,77.92,9998,204,5
2024-01-29,Campania,Altre job board,AZ_IT_CAREERJET_CPC,53.28,5717,162,7
2024-01-29,Campania,Altre job board,AZ_IT_TALENT_COM_FEED,34.76,3483,76,4
2024-01-29,Campania,Altre job board,AZ_IT_TROVOLAVORO_SPONSORED,80.13,6646,118,11
2024-01-29,Emilia-Romagna,Altre job board,AZ_IT_BAKECA_LAVORO_ANNUNCI,63.01,8169,147,2
2024-01-29,Emilia-Romagna,Altre job board,AZ_IT_CAREERJET_CPC,91.27,9804,259,4
2024-01-29,Emilia-Romagna,Altre job board,AZ_IT_TALENT_COM_FEED,53.06,5255,127,3
2024-01-29,Emilia-Romagna,Altre job board,AZ_IT_TROVOLAVORO_SPONSORED,42.48,3374,53,3
2024-01-29,Friuli-Venezia Giulia,Altre job board,AZ_IT_BAKECA_LAVORO_ANNUNCI,19.48,2336,41,1
2024-01-29,Friuli-Venezia Giulia,Altre job board,AZ_IT_CAREERJET_CPC,13.67,1509,40,1
2024-01-29,Friuli-Venezia Giulia,Altre job board,AZ_IT_TALENT_COM_FEED,9.33,945,21,1
2024-01-29,Friuli-Venezia Giulia,Altre job board,AZ_IT_TROVOLAVORO_SPONSORED,13.16,1124,19,1
2024-01-29,Lazio,Altre job board,AZ_IT_BAKECA_LAVORO_ANNUNCI,107.82,12715,268,4
2024-01-29,Lazio,Altre job board,AZ_IT_CAREERJET_CPC,51.85,5778,166,3
2024-01-29,Lazio,Altre job board,AZ_IT_TALENT_COM_FEED,47.68,4639,105,3
2024-01-29,Lazio,Altre job board,AZ_IT_TROVOLAVORO_SPONSORED,48.84,4210,75,4
2024-01-29,Liguria,Altre job board,AZ_IT_BAKECA_LAVORO_ANNUNCI,22.29,2822,53,1
2024-01-29,Liguria,Altre job board,AZ_IT_CAREERJET_CPC,9.82,1125,26,1
2024-01-29,Liguria,Altre job board,AZ_IT_TALENT_COM_FEED,7.49,752,19,1
2024-01-29,Liguria,Altre job board,AZ_IT_TROVOLAVORO_SPONSORED,12.65,1031,19,2
2024-01-29,Lombardia,Altre job board,AZ_IT_BAKECA_LAVORO_ANNUNCI,152.99,18400,362,3
2024-01-29,Lombardia,Altre job board,AZ_IT_CAREERJET_CPC,125.99,14058,363,4
2024-01-29,Lombardia,Altre job board,AZ_IT_TALENT_COM_FEED,82.92,8220,202,4
2024-01-29,Lombardia,Altre job board,AZ_IT_TROVOLAVORO_SPONSORED,199.06,16735,273,9
2024-01-29,Marche,Altre job board,AZ_IT_BAKECA_LAVORO_ANNUNCI,50.08,6091,121,2
2024-01-29,Marche,Altre job board,AZ_IT_CAREERJET_CPC,14.14,1577,38,1
2024-01-29,Marche,Altre job board,AZ_IT_TALENT_COM_FEED,5.19,554,14,0
2024-01-29,Marche,Altre job board,AZ_IT_TROVOLAVORO_SPONSORED,13.64,1108,20,1
2024-01-29,Molise,Altre job board,AZ_IT_BAKECA_LAVORO_ANNUNCI,4.37,536,11,0
2024-01-29,Molise,Altre job board,AZ_IT_CAREERJET_CPC,3.41,379,10,0
2024-01-29,Molise,Altre job board,AZ_IT_TALENT_COM_FEED,1.58,155,4,0
2024-01-29,Molise,Altre job board,AZ_IT_TROVOLAVORO_SPONSORED,2.55,208,3,0
2024-01-29,Piemonte,Altre job board,AZ_IT_BAKECA_LAVORO_ANNUNCI,52.20,6265,114,1
2024-01-29,Piemonte,Altre job board,AZ_IT_CAREERJET_CPC,70.32,7692,169,3
2024-01-29,Piemonte,Altre job board,AZ_IT_TALENT_COM_FEED,22.41,2302,55,1
2024-01-29,Piemonte,Altre job board,AZ_IT_TROVOLAVORO_SPONSORED,40.65,3546,68,3
2024-01-29,Puglia,Altre job board,AZ_IT_BAKECA_LAVORO_ANNUNCI,77.12,9821,179,3
2024-01-29,Puglia,Altre job board,AZ_IT_CAREERJET_CPC,25.04,2703,75,1
2024-01-29,Puglia,Altre job board,AZ_IT_TALENT_COM_FEED,17.08,1691,42,1
2024-01-29,Puglia,Altre job board,AZ_IT_TROVOLAVORO_SPONSORED,46.28,3854,66,4
2024-01-29,Sardegna,Altre job board,AZ_IT_BAKECA_LAVORO_ANNUNCI,28.33,3442,68,1
2024-01-29,Sardegna,Altre job board,AZ_IT_CAREERJET_CPC,11.54,1278,35,1
2024-01-29,Sardegna,Altre job board,AZ_IT_TALENT_COM_FEED,8.10,810,20,1
2024-01-29,Sardegna,Altre job board,AZ_IT_TROVOLAVORO_SPONSORED,21.80,1802,31,2
2024-01-29,Sicilia,Altre job board,AZ_IT_BAKECA_LAVORO_ANNUNCI,84.16,10994,216,3
2024-01-29,Sicilia,Altre job board,AZ_IT_CAREERJET_CPC,39.80,4465,129,2
2024-01-29,Sicilia,Altre job board,AZ_IT_TALENT_COM_FEED,28.01,2726,60,2
2024-01-29,Sicilia,Altre job board,AZ_IT_TROVOLAVORO_SPONSORED,32.85,2604,43,3
2024-01-29,Toscana,Altre job board,AZ_IT_BAKECA_LAVORO_ANNUNCI,49.61,6191,131,2
2024-01-29,Toscana,Altre job board,AZ_IT_CAREERJET_CPC,35.17,3897,99,3
2024-01-29,Toscana,Altre job board,AZ_IT_TALENT_COM_FEED,19.67,2005,49,2
2024-01-29,Toscana,Altre job board,AZ_IT_TROVOLAVORO_SPONSORED,56.28,4849,94,6
2024-01-29,Trentino-Alto Adige,Altre job board,AZ_IT_BAKECA_LAVORO_ANNUNCI,17.03,2179,43,1
2024-01-29,Trentino-Alto Adige,Altre job board,AZ_IT_CAREERJET_CPC,9.60,1033,28,1
2024-01-29,Trentino-Alto Adige,Altre job board,AZ_IT_TALENT_COM_FEED,7.35,717,18,1
2024-01-29,Trentino-Alto Adige,Altre job board,AZ_IT_TROVOLAVORO_SPONSORED,15.45,1231,22,3
2024-01-29,Umbria,Altre job board,AZ_IT_BAKECA_LAVORO_ANNUNCI,15.69,1967,41,0
2024-01-29,Umbria,Altre job board,AZ_IT_CAREERJET_CPC,9.35,1008,28,0
2024-01-29,Umbria,Altre job board,AZ_IT_TALENT_COM_FEED,7.41,698,18,0
2024-01-29,Umbria,Altre job board,AZ_IT_TROVOLAVORO_SPONSORED,10.85,873,16,1
2024-01-29,Valle d'Aosta,Altre job board,AZ_IT_BAKECA_LAVORO_ANNUNCI,2.14,263,5,0
2024-01-29,Valle d'Aosta,Altre job board,AZ_IT_CAREERJET_CPC,1.19,127,3,0
2024-01-29,Valle d'Aosta,Altre job board,AZ_IT_TALENT_COM_FEED,0.97,100,3,0
2024-01-29,Valle d'Aosta,Altre job board,AZ_IT_TROVOLAVORO_SPONSORED,1.06,83,1,0
2024-01-29,Veneto,Altre job board,AZ_IT_BAKECA_LAVORO_ANNUNCI,111.11,14140,308,7
2024-01-29,Veneto,Altre job board,AZ_IT_CAREERJET_CPC,49.66,5806,151,4
2024-01-29,Veneto,Altre job board,AZ_IT_TALENT_COM_FEED,27.76,2726,65,3
2024-01-29,Veneto,Altre job board,AZ_IT_TROVOLAVORO_SPONSORED,77.18,6352,101,9
2024-02-05,Abruzzo,Altre job board,AZ_IT_BAKECA_LAVORO_ANNUNCI,15.87,1973,42,1
2024-02-05,Abruzzo,Altre job board,AZ_IT_CAREERJET_CPC,11.00,1229,33,1
2024-02-05,Abruzzo,Altre job board,AZ_IT_TALENT_COM_FEED,6.66,695,16,1
2024-02-05,Abruzzo,Altre job board,AZ_IT_TROVOLAVORO_SPONSORED,12.01,1049,15,2
2024-02-05,Basilicata,Altre job board,AZ_IT_BAKECA_LAVORO_ANNUNCI,3.62,463,9,0
2024-02-05,Basilicata,Altre job board,AZ_IT_CAREERJET_CPC,3.59,399,9,0
2024-02-05,Basilicata,Altre job board,AZ_IT_TALENT_COM_FEED,3.42,338,8,0
2024-02-05,Basilicata,Altre job board,AZ_IT_TROVOLAVORO_SPONSORED,3.69,304,6,1
2024-02-05,Calabria,Altre job board,AZ_IT_BAKECA_LAVORO_ANNUNCI,11.56,1447,26,1
2024-02-05,Calabria,Altre job board,AZ_IT_CAREERJET_CPC,14.44,1605,43,1
2024-02-05,Calabria,Altre job board,AZ_IT_TALENT_COM_FEED,8.88,876,23,1
2024-02-05,Calabria,Altre job board,AZ_IT_TROVOLAVORO_SPONSORED,16.58,1366,24,2
2024-02-05,Campania,Altre job board,AZ_IT_BAKECA_LAVORO_ANNUNCI,53.04,6749,125,4
2024-02-05,Campania,Altre job board,AZ_IT_CAREERJET_CPC,40.29,4617,121,5
2024-02-05,Campania,Altre job board,AZ_IT_TALENT_COM_FEED,33.04,3219,79,5
2024-02-05,Campania,Altre job board,AZ_IT_TROVOLAVORO_SPONSORED,58.14,4817,81,10
2024-02-05,Emilia-Romagna,Altre job board,AZ_IT_BAKECA_LAVORO_ANNUNCI,37.15,4577,94,2
2024-02-05,Emilia-Romagna,Altre job board,AZ_IT_CAREERJET_CPC,30.47,3614,99,2
2024-02-05,Emilia-Romagna,Altre job board,AZ_IT_TALENT_COM_FEED,28.71,2908,66,2
2024-02-05,Emilia-Romagna,Altre job board,AZ_IT_TROVOLAVORO_SPONSORED,48.90,4090,69,5
2024-02-05,Friuli-Venezia Giulia,Altre job board,AZ_IT_BAKECA_LAVORO_ANNUNCI,13.68,1787,37,1
2024-02-05,Friuli-Venezia Giulia,Altre job board,AZ_IT_CAREERJET_CPC,14.68,1603,45,1
2024-02-05,Friuli-Venezia Giulia,Altre job board,AZ_IT_TALENT_COM_FEED,6.87,670,15,1
2024-02-05,Friuli-Venezia Giulia,Altre job board,AZ_IT_TROVOLAVORO_SPONSORED,13.28,1113,22,1
2024-02-05,Lazio,Altre job board,AZ_IT_BAKECA_LAVORO_ANNUNCI,112.03,12993,231,4
2024-02-05,Lazio,Altre job board,AZ_IT_CAREERJET_CPC,36.06,4119,103,2
2024-02-05,Lazio,Altre job board,AZ_IT_TALENT_COM_FEED,33.69,3422,84,2
2024-02-05,Lazio,Altre job board,AZ_IT_TROVOLAVORO_SPONSORED,59.53,4785,103,7
2024-02-05,Liguria,Altre job board,AZ_IT_BAKECA_LAVORO_ANNUNCI,14.44,1864,38,1
2024-02-05,Liguria,Altre job board,AZ_IT_CAREERJET_CPC,14.28,1577,40,1
2024-02-05,Liguria,Altre job board,AZ_IT_TALENT_COM_FEED,9.05,917,21,1
2024-02-05,Liguria,Altre job board,AZ_IT_TROVOLAVORO_SPONSORED,13.55,1223,23,2
2024-02-05,Lombardia,Altre job board,AZ_IT_BAKECA_LAVORO_ANNUNCI,61.63,7453,155,2
2024-02-05,Lombardia,Altre job board,AZ_IT_CAREERJET_CPC,80.15,8946,215,4
2024-02-05,Lombardia,Altre job board,AZ_IT_TALENT_COM_FEED,47.55,4671,107,2
2024-02-05,Lombardia,Altre job board,AZ_IT_TROVOLAVORO_SPONSORED,88.01,7535,137,7
2024-02-05,Marche,Altre job board,AZ_IT_BAKECA_LAVORO_ANNUNCI,12.07,1579,38,1
2024-02-05,Marche,Altre job board,AZ_IT_CAREERJET_CPC,12.31,1358,36,1
2024-02-05,Marche,Altre job board,AZ_IT_TALENT_COM_FEED,8.39,841,19,1
2024-02-05,Marche,Altre job board,AZ_IT_TROVOLAVORO_SPONSORED,17.85,1513,27,2
2024-02-05,Molise,Altre job board,AZ_IT_BAKECA_LAVORO_ANNUNCI,4.51,559,11,0
2024-02-05,Molise,Altre job board,AZ_IT_CAREERJET_CPC,1.79,199,5,0
2024-02-05,Molise,Altre job board,AZ_IT_TALENT_COM_FEED,2.06,203,5,0
2024-02-05,Molise,Altre job board,AZ_IT_TROVOLAVORO_SPONSORED,3.09,261,5,0
2024-02-05,Piemonte,Altre job board,AZ_IT_BAKECA_LAVORO_ANNUNCI,44.00,5687,120,2
2024-02-05,Piemonte,Altre job board,AZ_IT_CAREERJET_CPC,42.34,4819,123,2
2024-02-05,Piemonte,Altre job board,AZ_IT_TALENT_COM_FEED,22.38,2251,59,1
2024-02-05,Piemonte,Altre job board,AZ_IT_TROVOLAVORO_SPONSORED,51.30,4443,96,4
2024-02-05,Puglia,Altre job board,AZ_IT_BAKECA_LAVORO_ANNUNCI,38.15,4719,85,2
2024-02-05,Puglia,Altre job board,AZ_IT_CAREERJET_CPC,45.23,4797,139,3
2024-02-05,Puglia,Altre job board,AZ_IT_TALENT_COM_FEED,18.74,1930,45,1
2024-02-05,Puglia,Altre job board,AZ_IT_TROVOLAVORO_SPONSORED,20.38,1746,31,2
2024-02-05,Sardegna,Altre job board,AZ_IT_BAKECA_LAVORO_ANNUNCI,17.44,2244,44,1
2024-02-05,Sardegna,Altre job board,AZ_IT_CAREERJET_CPC,17.39,1973,50,2
2024-02-05,Sardegna,Altre job board,AZ_IT_TALENT_COM_FEED,10.67,1089,28,1
2024-02-05,Sardegna,Altre job board,AZ_IT_TROVOLAVORO_SPONSORED,8.80,722,13,1
2024-02-05,Sicilia,Altre job board,AZ_IT_BAKECA_LAVORO_ANNUNCI,58.18,7544,144,2
2024-02-05,Sicilia,Altre job board,AZ_IT_CAREERJET_CPC,53.47,6080,156,3
2024-02-05,Sicilia,Altre job board,AZ_IT_TALENT_COM_FEED,32.57,3160,80,2
2024-02-05,Sicilia,Altre job board,AZ_IT_TROVOLAVORO_SPONSORED,35.81,2987,54,3
2024-02-05,Toscana,Altre job board,AZ_IT_BAKECA_LAVORO_ANNUNCI,33.74,4287,91,2
2024-02-05,Toscana,Altre job board,AZ_IT_CAREERJET_CPC,24.97,2586,66,3
2024-02-05,Toscana,Altre job board,AZ_IT_TALENT_COM_FEED,22.88,2206,46,3
2024-02-05,Toscana,Altre job board,AZ_IT_TROVOLAVORO_SPONSORED,28.65,2471,46,4
2024-02-05,Trentino-Alto Adige,Altre job board,AZ_IT_BAKECA_LAVORO_ANNUNCI,15.00,1898,39,2
2024-02-05,Trentino-Alto Adige,Altre job board,AZ_IT_CAREERJET_CPC,7.85,866,22,1
2024-02-05,Trentino-Alto Adige,Altre job board,AZ_IT_TALENT_COM_FEED,8.26,828,20,1
2024-02-05,Trentino-Alto Adige,Altre job board,AZ_IT_TROVOLAVORO_SPONSORED,8.32,706,12,2
2024-02-05,Umbria,Altre job board,AZ_IT_BAKECA_LAVORO_ANNUNCI,9.73,1209,23,0
2024-02-05,Umbria,Altre job board,AZ_IT_CAREERJET_CPC,7.53,833,20,1
2024-02-05,Umbria,Altre job board,AZ_IT_TALENT_COM_FEED,4.18,433,10,0
2024-02-05,Umbria,Altre job board,AZ_IT_TROVOLAVORO_SPONSORED,7.69,656,13,1
2024-02-05,Valle d'Aosta,Altre job board,AZ_IT_BAKECA_LAVORO_ANNUNCI,1.40,176,3,0
2024-02-05,Valle d'Aosta,Altre job board,AZ_IT_CAREERJET_CPC,1.03,114,2,0
2024-02-05,Valle d'Aosta,Altre job board,AZ_IT_TALENT_COM_FEED,0.66,66,2,0
2024-02-05,Valle d'Aosta,Altre job board,AZ_IT_TROVOLAVORO_SPONSORED,1.49,126,2,0
2024-02-05,Veneto,Altre job board,AZ_IT_BAKECA_LAVORO_ANNUNCI,55.13,7082,148,4
2024-02-05,Veneto,Altre job board,AZ_IT_CAREERJET_CPC,23.17,2558,62,3
2024-02-05,Veneto,Altre job board,AZ_IT_TALENT_COM_FEED,25.01,2548,63,4
2024-02-05,Veneto,Altre job board,AZ_IT_TROVOLAVORO_SPONSORED,42.11,3424,53,8
2024-02-12,Abruzzo,Altre job board,AZ_IT_BAKECA_LAVORO_ANNUNCI,2.40,306,7,0
2024-02-12,Abruzzo,Altre job board,AZ_IT_CAREERJET_CPC,2.40,270,6,1
2024-02-12,Abruzzo,Altre job board,AZ_IT_TALENT_COM_FEED,0.63,61,2,0
2024-02-12,Abruzzo,Altre job board,AZ_IT_TROVOLAVORO_SPONSORED,2.25,186,3,1
2024-02-12,Basilicata,Altre job board,AZ_IT_BAKECA_LAVORO_ANNUNCI,1.13,143,3,0
2024-02-12,Basilicata,Altre job board,AZ_IT_CAREERJET_CPC,0.59,63,2,0
2024-02-12,Basilicata,Altre job board,AZ_IT_TALENT_COM_FEED,0.47,46,1,0
2024-02-12,Basilicata,Altre job board,AZ_IT_TROVOLAVORO_SPONSORED,0.44,38,1,0
2024-02-12,Calabria,Altre job board,AZ_IT_BAKECA_LAVORO_ANNUNCI,2.28,274,5,0
2024-02-12,Calabria,Altre job board,AZ_IT_CAREERJET_CPC,1.40,159,4,0
2024-02-12,Calabria,Altre job board,AZ_IT_TALENT_COM_FEED,1.84,184,4,0
2024-02-12,Calabria,Altre job board,AZ_IT_TROVOLAVORO_SPONSORED,2.21,185,3,1
2024-02-12,Campania,Altre job board,AZ_IT_BAKECA_LAVORO_ANNUNCI,6.11,782,16,1
2024-02-12,Campania,Altre job board,AZ_IT_CAREERJET_CPC,5.81,650,16,2
2024-02-12,Campania,Altre job board,AZ_IT_TALENT_COM_FEED,3.78,372,9,2
2024-02-12,Campania,Altre job board,AZ_IT_TROVOLAVORO_SPONSORED,5.23,440,8,3
2024-02-12,Emilia-Romagna,Altre job board,AZ_IT_BAKECA_LAVORO_ANNUNCI,7.69,909,20,1
2024-02-12,Emilia-Romagna,Altre job board,AZ_IT_CAREERJET_CPC,3.46,386,10,1
2024-02-12,Emilia-Romagna,Altre job board,AZ_IT_TALENT_COM_FEED,3.07,298,8,1
2024-02-12,Emilia-Romagna,Altre job board,AZ_IT_TROVOLAVORO_SPONSORED,4.20,373,7,1
2024-02-12,Friuli-Venezia Giulia,Altre job board,AZ_IT_BAKECA_LAVORO_ANNUNCI,1.71,211,4,0
2024-02-12,Friuli-Venezia Giulia,Altre job board,AZ_IT_CAREERJET_CPC,1.25,139,4,0
2024-02-12,Friuli-Venezia Giulia,Altre job board,AZ_IT_TALENT_COM_FEED,0.90,93,2,0
2024-02-12,Friuli-Venezia Giulia,Altre job board,AZ_IT_TROVOLAVORO_SPONSORED,1.10,94,2,0
2024-02-12,Lazio,Altre job board,AZ_IT_BAKECA_LAVORO_ANNUNCI,6.73,855,18,1
2024-02-12,Lazio,Altre job board,AZ_IT_CAREERJET_CPC,5.24,602,16,1
2024-02-12,Lazio,Altre job board,AZ_IT_TALENT_COM_FEED,4.72,480,12,1
2024-02-12,Lazio,Altre job board,AZ_IT_TROVOLAVORO_SPONSORED,5.50,462,8,2
2024-02-12,Liguria,Altre job board,AZ_IT_BAKECA_LAVORO_ANNUNCI,2.33,299,6,0
2024-02-12,Liguria,Altre job board,AZ_IT_CAREERJET_CPC,1.56,177,5,0
2024-02-12,Liguria,Altre job board,AZ_IT_TALENT_COM_FEED,0.73,74,2,0
2024-02-12,Liguria,Altre job board,AZ_IT_TROVOLAVORO_SPONSORED,2.57,223,4,1
2024-02-12,Lombardia,Altre job board,AZ_IT_BAKECA_LAVORO_ANNUNCI,13.28,1712,32,1
2024-02-12,Lombardia,Altre job board,AZ_IT_CAREERJET_CPC,8.41,941,21,1
2024-02-12,Lombardia,Altre job board,AZ_IT_TALENT_COM_FEED,8.31,847,19,1
2024-02-12,Lombardia,Altre job board,AZ_IT_TROVOLAVORO_SPONSORED,20.52,1764,32,3
2024-02-12,Marche,Altre job board,AZ_IT_BAKECA_LAVORO_ANNUNCI,2.63,346,6,0
2024-02-12,Marche,Altre job board,AZ_IT_CAREERJET_CPC,2.02,226,7,0
2024-02-12,Marche,Altre job board,AZ_IT_TALENT_COM_FEED,0.96,95,2,0
2024-02-12,Marche,Altre job board,AZ_IT_TROVOLAVORO_SPONSORED,2.29,192,3,1
2024-02-12,Molise,Altre job board,AZ_IT_BAKECA_LAVORO_ANNUNCI,0.30,38,1,0
2024-02-12,Molise,Altre job board,AZ_IT_CAREERJET_CPC,0.27,30,1,0
2024-02-12,Molise,Altre job board,AZ_IT_TALENT_COM_FEED,0.18,18,0,0
2024-02-12,Molise,Altre job board,AZ_IT_TROVOLAVORO_SPONSORED,0.30,24,0,0
2024-02-12,Piemonte,Altre job board,AZ_IT_BAKECA_LAVORO_ANNUNCI,6.21,768,15,0
2024-02-12,Piemonte,Altre job board,AZ_IT_CAREERJET_CPC,5.10,558,15,1
2024-02-12,Piemonte,Altre job board,AZ_IT_TALENT_COM_FEED,5.04,495,13,1
2024-02-12,Piemonte,Altre job board,AZ_IT_TROVOLAVORO_SPONSORED,5.36,457,9,1
2024-02-12,Puglia,Altre job board,AZ_IT_BAKECA_LAVORO_ANNUNCI,6.42,799,16,1
2024-02-12,Puglia,Altre job board,AZ_IT_CAREERJET_CPC,4.30,458,13,1
2024-02-12,Puglia,Altre job board,AZ_IT_TALENT_COM_FEED,2.18,220,5,0
2024-02-12,Puglia,Altre job board,AZ_IT_TROVOLAVORO_SPONSORED,3.69,316,5,1
2024-02-12,Sardegna,Altre job board,AZ_IT_BAKECA_LAVORO_ANNUNCI,2.34,296,6,0
2024-02-12,Sardegna,Altre job board,AZ_IT_CAREERJET_CPC,1.28,145,3,0
2024-02-12,Sardegna,Altre job board,AZ_IT_TALENT_COM_FEED,0.97,95,2,0
2024-02-12,Sardegna,Altre job board,AZ_IT_TROVOLAVORO_SPONSORED,3.04,261,5,1
2024-02-12,Sicilia,Altre job board,AZ_IT_BAKECA_LAVORO_ANNUNCI,6.72,828,17,1
2024-02-12,Sicilia,Altre job board,AZ_IT_CAREERJET_CPC,5.58,601,17,1
2024-02-12,Sicilia,Altre job board,AZ_IT_TALENT_COM_FEED,4.35,436,12,1
2024-02-12,Sicilia,Altre job board,AZ_IT_TROVOLAVORO_SPONSORED,7.13,593,11,1
2024-02-12,Toscana,Altre job board,AZ_IT_BAKECA_LAVORO_ANNUNCI,6.06,764,15,1
2024-02-12,Toscana,Altre job board,AZ_IT_CAREERJET_CPC,3.42,379,9,1
2024-02-12,Toscana,Altre job board,AZ_IT_TALENT_COM_FEED,2.97,294,7,1
2024-02-12,Toscana,Altre job board,AZ_IT_TROVOLAVORO_SPONSORED,5.96,491,10,2
2024-02-12,Trentino-Alto Adige,Altre job board,AZ_IT_BAKECA_LAVORO_ANNUNCI,1.37,167,3,0
2024-02-12,Trentino-Alto Adige,Altre job board,AZ_IT_CAREERJET_CPC,1.98,226,6,1
2024-02-12,Trentino-Alto Adige,Altre job board,AZ_IT_TALENT_COM_FEED,0.63,63,2,0
2024-02-12,Trentino-Alto Adige,Altre job board,AZ_IT_TROVOLAVORO_SPONSORED,2.22,185,3,1
2024-02-12,Umbria,Altre job board,AZ_IT_BAKECA_LAVORO_ANNUNCI,1.44,195,3,0
2024-02-12,Umbria,Altre job board,AZ_IT_CAREERJET_CPC,1.29,134,4,0
2024-02-12,Umbria,Altre job board,AZ_IT_TALENT_COM_FEED,0.59,62,2,0
2024-02-12,Umbria,Altre job board,AZ_IT_TROVOLAVORO_SPONSORED,1.20,97,2,0
2024-02-12,Valle d'Aosta,Altre job board,AZ_IT_BAKECA_LAVORO_ANNUNCI,0.20,25,0,0
2024-02-12,Valle d'Aosta,Altre job board,AZ_IT_CAREERJET_CPC,0.17,19,1,0
2024-02-12,Valle d'Aosta,Altre job board,AZ_IT_TALENT_COM_FEED,0.10,10,0,0
2024-02-12,Valle d'Aosta,Altre job board,AZ_IT_TROVOLAVORO_SPONSORED,0.12,10,0,0
2024-02-12,Veneto,Altre job board,AZ_IT_BAKECA_LAVORO_ANNUNCI,7.95,1030,22,1
2024-02-12,Veneto,Altre job board,AZ_IT_CAREERJET_CPC,4.32,465,12,1
2024-02-12,Veneto,Altre job board,AZ_IT_TALENT_COM_FEED,2.57,252,6,1
2024-02-12,Veneto,Altre job board,AZ_IT_TROVOLAVORO_SPONSORED,5.84,497,9,2
2024-02-19,Abruzzo,Altre job board,AZ_IT_BAKECA_LAVORO_ANNUNCI,2.07,253,5,0
2024-02-19,Abruzzo,Altre job board,AZ_IT_CAREERJET_CPC,1.02,112,3,0
2024-02-19,Abruzzo,Altre job board,AZ_IT_TALENT_COM_FEED,0.62,61,1,0
2024-02-19,Abruzzo,Altre job board,AZ_IT_TROVOLAVORO_SPONSORED,0.81,67,1,0
2024-02-19,Basilicata,Altre job board,AZ_IT_BAKECA_LAVORO_ANNUNCI,0.93,114,2,0
2024-02-19,Basilicata,Altre job board,AZ_IT_CAREERJET_CPC,0.56,63,2,0
2024-02-19,Basilicata,Altre job board,AZ_IT_TALENT_COM_FEED,0.30,31,1,0
2024-02-19,Basilicata,Altre job board,AZ_IT_TROVOLAVORO_SPONSORED,0.55,46,1,0
2024-02-19,Calabria,Altre job board,AZ_IT_BAKECA_LAVORO_ANNUNCI,3.93,493,10,0
2024-02-19,Calabria,Altre job board,AZ_IT_CAREERJET_CPC,1.44,161,4,0
2024-02-19,Calabria,Altre job board,AZ_IT_TALENT_COM_FEED,1.05,103,2,0
2024-02-19,Calabria,Altre job board,AZ_IT_TROVOLAVORO_SPONSORED,1.81,159,3,0
2024-02-19,Campania,Altre job board,AZ_IT_BAKECA_LAVORO_ANNUNCI,8.12,967,20,1
2024-02-19,Campania,Altre job board,AZ_IT_CAREERJET_CPC,7.18,771,21,1
2024-02-19,Campania,Altre job board,AZ_IT_TALENT_COM_FEED,2.79,271,7,1
2024-02-19,Campania,Altre job board,AZ_IT_TROVOLAVORO_SPONSORED,7.36,606,10,2
2024-02-19,Emilia-Romagna,Altre job board,AZ_IT_BAKECA_LAVORO_ANNUNCI,6.06,761,16,0
2024-02-19,Emilia-Romagna,Altre job board,AZ_IT_CAREERJET_CPC,4.23,447,13,0
2024-02-19,Emilia-Romagna,Altre job board,AZ_IT_TALENT_COM_FEED,3.48,368,9,0
2024-02-19,Emilia-Romagna,Altre job board,AZ_IT_TROVOLAVORO_SPONSORED,5.34,435,7,1
2024-02-19,Friuli-Venezia Giulia,Altre job board,AZ_IT_BAKECA_LAVORO_ANNUNCI,1.31,162,3,0
2024-02-19,Friuli-Venezia Giulia,Altre job board,AZ_IT_CAREERJET_CPC,1.00,112,3,0
2024-02-19,Friuli-Venezia Giulia,Altre job board,AZ_IT_TALENT_COM_FEED,0.55,55,1,0
2024-02-19,Friuli-Venezia Giulia,Altre job board,AZ_IT_TROVOLAVORO_SPONSORED,0.92,74,1,0
2024-02-19,Lazio,Altre job board,AZ_IT_BAKECA_LAVORO_ANNUNCI,12.84,1702,36,1
2024-02-19,Lazio,Altre job board,AZ_IT_CAREERJET_CPC,5.12,541,14,0
2024-02-19,Lazio,Altre job board,AZ_IT_TALENT_COM_FEED,3.02,314,8,0
2024-02-19,Lazio,Altre job board,AZ_IT_TROVOLAVORO_SPONSORED,4.52,375,7,1
2024-02-19,Liguria,Altre job board,AZ_IT_BAKECA_LAVORO_ANNUNCI,2.92,361,7,0
2024-02-19,Liguria,Altre job board,AZ_IT_CAREERJET_CPC,1.52,172,5,0
2024-02-19,Liguria,Altre job board,AZ_IT_TALENT_COM_FEED,0.80,82,2,0
2024-02-19,Liguria,Altre job board,AZ_IT_TROVOLAVORO_SPONSORED,2.26,183,3,0
2024-02-19,Lombardia,Altre job board,AZ_IT_BAKECA_LAVORO_ANNUNCI,17.76,2185,44,1
2024-02-19,Lombardia,Altre job board,AZ_IT_CAREERJET_CPC,4.87,558,14,0
2024-02-19,Lombardia,Altre job board,AZ_IT_TALENT_COM_FEED,6.91,658,17,1
2024-02-19,Lombardia,Altre job board,AZ_IT_TROVOLAVORO_SPONSORED,9.10,766,15,1
2024-02-19,Marche,Altre job board,AZ_IT_BAKECA_LAVORO_ANNUNCI,1.95,249,5,0
2024-02-19,Marche,Altre job board,AZ_IT_CAREERJET_CPC,2.02,232,6,0
2024-02-19,Marche,Altre job board,AZ_IT_TALENT_COM_FEED,0.78,77,2,0
2024-02-19,Marche,Altre job board,AZ_IT_TROVOLAVORO_SPONSORED,1.61,129,2,0
2024-02-19,Molise,Altre job board,AZ_IT_BAKECA_LAVORO_ANNUNCI,0.67,82,2,0
2024-02-19,Molise,Altre job board,AZ_IT_CAREERJET_CPC,0.28,30,1,0
2024-02-19,Molise,Altre job board,AZ_IT_TALENT_COM_FEED,0.14,14,0,0
2024-02-19,Molise,Altre job board,AZ_IT_TROVOLAVORO_SPONSORED,0.49,39,1,0
2024-02-19,Piemonte,Altre job board,AZ_IT_BAKECA_LAVORO_ANNUNCI,7.04,886,16,0
2024-02-19,Piemonte,Altre job board,AZ_IT_CAREERJET_CPC,3.86,410,11,0
2024-02-19,Piemonte,Altre job board,AZ_IT_TALENT_COM_FEED,1.57,161,4,0
2024-02-19,Piemonte,Altre job board,AZ_IT_TROVOLAVORO_SPONSORED,3.99,326,6,1
2024-02-19,Puglia,Altre job board,AZ_IT_BAKECA_LAVORO_ANNUNCI,4.31,544,10,0
2024-02-19,Puglia,Altre job board,AZ_IT_CAREERJET_CPC,3.75,432,11,0
2024-02-19,Puglia,Altre job board,AZ_IT_TALENT_COM_FEED,1.91,197,4,0
2024-02-19,Puglia,Altre job board,AZ_IT_TROVOLAVORO_SPONSORED,3.59,301,5,0
2024-02-19,Sardegna,Altre job board,AZ_IT_BAKECA_LAVORO_ANNUNCI,2.82,362,7,0
2024-02-19,Sardegna,Altre job board,AZ_IT_CAREERJET_CPC,1.38,156,5,0
2024-02-19,Sardegna,Altre job board,AZ_IT_TALENT_COM_FEED,0.76,76,2,0
2024-02-19,Sardegna,Altre job board,AZ_IT_TROVOLAVORO_SPONSORED,1.93,167,3,0
2024-02-19,Sicilia,Altre job board,AZ_IT_BAKECA_LAVORO_ANNUNCI,6.02,755,13,0
2024-02-19,Sicilia,Altre job board,AZ_IT_CAREERJET_CPC,5.67,644,15,0
2024-02-19,Sicilia,Altre job board,AZ_IT_TALENT_COM_FEED,3.30,325,7,0
2024-02-19,Sicilia,Altre job board,AZ_IT_TROVOLAVORO_SPONSORED,6.17,519,9,1
2024-02-19,Toscana,Altre job board,AZ_IT_BAKECA_LAVORO_ANNUNCI,4.82,603,13,0
2024-02-19,Toscana,Altre job board,AZ_IT_CAREERJET_CPC,3.96,450,11,0
2024-02-19,Toscana,Altre job board,AZ_IT_TALENT_COM_FEED,1.42,143,4,0
2024-02-19,Toscana,Altre job board,AZ_IT_TROVOLAVORO_SPONSORED,3.69,307,5,1
2024-02-19,Trentino-Alto Adige,Altre job board,AZ_IT_BAKECA_LAVORO_ANNUNCI,1.97,246,5,0
2024-02-19,Trentino-Alto Adige,Altre job board,AZ_IT_CAREERJET_CPC,0.55,61,2,0
2024-02-19,Trentino-Alto Adige,Altre job board,AZ_IT_TALENT_COM_FEED,0.54,52,1,0
2024-02-19,Trentino-Alto Adige,Altre job board,AZ_IT_TROVOLAVORO_SPONSORED,1.50,117,2,0
2024-02-19,Umbria,Altre job board,AZ_IT_BAKECA_LAVORO_ANNUNCI,1.92,227,4,0
2024-02-19,Umbria,Altre job board,AZ_IT_CAREERJET_CPC,1.12,120,3,0
2024-02-19,Umbria,Altre job board,AZ_IT_TALENT_COM_FEED,0.39,38,1,0
2024-02-19,Umbria,Altre job board,AZ_IT_TROVOLAVORO_SPONSORED,0.76,65,1,0
2024-02-19,Valle d'Aosta,Altre job board,AZ_IT_BAKECA_LAVORO_ANNUNCI,0.22,29,1,0
2024-02-19,Valle d'Aosta,Altre job board,AZ_IT_CAREERJET_CPC,0.08,9,0,0
2024-02-19,Valle d'Aosta,Altre job board,AZ_IT_TALENT_COM_FEED,0.08,8,0,0
2024-02-19,Valle d'Aosta,Altre job board,AZ_IT_TROVOLAVORO_SPONSORED,0.18,15,0,0
2024-02-19,Veneto,Altre job board,AZ_IT_BAKECA_LAVORO_ANNUNCI,4.45,536,11,0
2024-02-19,Veneto,Altre job board,AZ_IT_CAREERJET_CPC,3.95,441,13,0
2024-02-19,Veneto,Altre job board,AZ_IT_TALENT_COM_FEED,1.94,190,4,0
2024-02-19,Veneto,Altre job board,AZ_IT_TROVOLAVORO_SPONSORED,6.73,552,10,1
2024-02-26,Abruzzo,Altre job board,AZ_IT_BAKECA_LAVORO_ANNUNCI,5.22,640,12,0
2024-02-26,Abruzzo,Altre job board,AZ_IT_CAREERJET_CPC,1.49,167,5,0
2024-02-26,Abruzzo,Altre job board,AZ_IT_TALENT_COM_FEED,2.86,285,6,0
2024-02-26,Abruzzo,Altre job board,AZ_IT_TROVOLAVORO_SPONSORED,5.53,432,8,1
2024-02-26,Basilicata,Altre job board,AZ_IT_BAKECA_LAVORO_ANNUNCI,2.91,359,7,0
2024-02-26,Basilicata,Altre job board,AZ_IT_CAREERJET_CPC,1.11,133,4,0
2024-02-26,Basilicata,Altre job board,AZ_IT_TALENT_COM_FEED,1.19,127,3,0
2024-02-26,Basilicata,Altre job board,AZ_IT_TROVOLAVORO_SPONSORED,1.34,112,2,0
2024-02-26,Calabria,Altre job board,AZ_IT_BAKECA_LAVORO_ANNUNCI,9.95,1289,24,1
2024-02-26,Calabria,Altre job board,AZ_IT_CAREERJET_CPC,6.26,675,17,0
2024-02-26,Calabria,Altre job board,AZ_IT_TALENT_COM_FEED,4.09,395,9,0
2024-02-26,Calabria,Altre job board,AZ_IT_TROVOLAVORO_SPONSORED,5.35,480,8,1
2024-02-26,Campania,Altre job board,AZ_IT_BAKECA_LAVORO_ANNUNCI,23.60,2946,53,2
2024-02-26,Campania,Altre job board,AZ_IT_CAREERJET_CPC,13.86,1527,42,2
2024-02-26,Campania,Altre job board,AZ_IT_TALENT_COM_FEED,8.50,866,22,1
2024-02-26,Campania,Altre job board,AZ_IT_TROVOLAVORO_SPONSORED,22.15,1838,33,5
2024-02-26,Emilia-Romagna,Altre job board,AZ_IT_BAKECA_LAVORO_ANNUNCI,24.54,3124,55,1
2024-02-26,Emilia-Romagna,Altre job board,AZ_IT_CAREERJET_CPC,11.88,1260,36,1
2024-02-26,Emilia-Romagna,Altre job board,AZ_IT_TALENT_COM_FEED,8.77,860,19,1
2024-02-26,Emilia-Romagna,Altre job board,AZ_IT_TROVOLAVORO_SPONSORED,6.71,546,9,1
2024-02-26,Friuli-Venezia Giulia,Altre job board,AZ_IT_BAKECA_LAVORO_ANNUNCI,4.23,519,12,0
2024-02-26,Friuli-Venezia Giulia,Altre job board,AZ_IT_CAREERJET_CPC,4.01,461,12,0
2024-02-26,Friuli-Venezia Giulia,Altre job board,AZ_IT_TALENT_COM_FEED,2.47,251,6,0
2024-02-26,Friuli-Venezia Giulia,Altre job board,AZ_IT_TROVOLAVORO_SPONSORED,3.24,269,5,0
2024-02-26,Lazio,Altre job board,AZ_IT_BAKECA_LAVORO_ANNUNCI,27.83,3351,64,1
2024-02-26,Lazio,Altre job board,AZ_IT_CAREERJET_CPC,16.37,1749,38,1
2024-02-26,Lazio,Altre job board,AZ_IT_TALENT_COM_FEED,14.31,1482,36,1
2024-02-26,Lazio,Altre job board,AZ_IT_TROVOLAVORO_SPONSORED,23.11,1995,34,2
2024-02-26,Liguria,Altre job board,AZ_IT_BAKECA_LAVORO_ANNUNCI,4.40,536,11,0
2024-02-26,Liguria,Altre job board,AZ_IT_CAREERJET_CPC,2.86,310,9,0
2024-02-26,Liguria,Altre job board,AZ_IT_TALENT_COM_FEED,4.50,457,10,0
2024-02-26,Liguria,Altre job board,AZ_IT_TROVOLAVORO_SPONSORED,4.94,423,8,1
2024-02-26,Lombardia,Altre job board,AZ_IT_BAKECA_LAVORO_ANNUNCI,43.30,5522,115,2
2024-02-26,Lombardia,Altre job board,AZ_IT_CAREERJET_CPC,27.45,3042,87,1
2024-02-26,Lombardia,Altre job board,AZ_IT_TALENT_COM_FEED,14.73,1502,33,1
2024-02-26,Lombardia,Altre job board,AZ_IT_TROVOLAVORO_SPONSORED,32.32,2658,52,3
2024-02-26,Marche,Altre job board,AZ_IT_BAKECA_LAVORO_ANNUNCI,8.83,1109,22,1
2024-02-26,Marche,Altre job board,AZ_IT_CAREERJET_CPC,5.02,566,15,0
2024-02-26,Marche,Altre job board,AZ_IT_TALENT_COM_FEED,2.98,295,7,0
2024-02-26,Marche,Altre job board,AZ_IT_TROVOLAVORO_SPONSORED,4.13,355,7,1
2024-02-26,Molise,Altre job board,AZ_IT_BAKECA_LAVORO_ANNUNCI,1.57,197,4,0
2024-02-26,Molise,Altre job board,AZ_IT_CAREERJET_CPC,1.02,113,3,0
2024-02-26,Molise,Altre job board,AZ_IT_TALENT_COM_FEED,0.35,35,1,0
2024-02-26,Molise,Altre job board,AZ_IT_TROVOLAVORO_SPONSORED,0.81,70,1,0
2024-02-26,Piemonte,Altre job board,AZ_IT_BAKECA_LAVORO_ANNUNCI,20.42,2771,51,1
2024-02-26,Piemonte,Altre job board,AZ_IT_CAREERJET_CPC,8.63,983,27,1
2024-02-26,Piemonte,Altre job board,AZ_IT_TALENT_COM_FEED,4.56,450,11,0
2024-02-26,Piemonte,Altre job board,AZ_IT_TROVOLAVORO_SPONSORED,14.00,1204,21,1
2024-02-26,Puglia,Altre job board,AZ_IT_BAKECA_LAVORO_ANNUNCI,21.55,2813,56,1
2024-02-26,Puglia,Altre job board,AZ_IT_CAREERJET_CPC,8.55,981,25,1
2024-02-26,Puglia,Altre job board,AZ_IT_TALENT_COM_FEED,6.12,603,16,1
2024-02-26,Puglia,Altre job board,AZ_IT_TROVOLAVORO_SPONSORED,9.39,765,13,1
2024-02-26,Sardegna,Altre job board,AZ_IT_BAKECA_LAVORO_ANNUNCI,8.41,1053,21,0
2024-02-26,Sardegna,Altre job board,AZ_IT_CAREERJET_CPC,5.65,641,15,0
2024-02-26,Sardegna,Altre job board,AZ_IT_TALENT_COM_FEED,2.95,295,7,0
2024-02-26,Sardegna,Altre job board,AZ_IT_TROVOLAVORO_SPONSORED,5.91,503,9,1
2024-02-26,Sicilia,Altre job board,AZ_IT_BAKECA_LAVORO_ANNUNCI,20.59,2478,44,1
2024-02-26,Sicilia,Altre job board,AZ_IT_CAREERJET_CPC,8.80,994,23,1
2024-02-26,Sicilia,Altre job board,AZ_IT_TALENT_COM_FEED,9.28,926,24,1
2024-02-26,Sicilia,Altre job board,AZ_IT_TROVOLAVORO_SPONSORED,10.61,878,17,1
2024-02-26,Toscana,Altre job board,AZ_IT_BAKECA_LAVORO_ANNUNCI,13.52,1775,35,1
2024-02-26,Toscana,Altre job board,AZ_IT_CAREERJET_CPC,12.74,1357,38,1
2024-02-26,Toscana,Altre job board,AZ_IT_TALENT_COM_FEED,11.38,1156,27,1
2024-02-26,Toscana,Altre job board,AZ_IT_TROVOLAVORO_SPONSORED,10.08,843,16,1
2024-02-26,Trentino-Alto Adige,Altre job board,AZ_IT_BAKECA_LAVORO_ANNUNCI,4.20,537,11,0
2024-02-26,Trentino-Alto Adige,Altre job board,AZ_IT_CAREERJET_CPC,2.05,239,7,0
2024-02-26,Trentino-Alto Adige,Altre job board,AZ_IT_TALENT_COM_FEED,3.04,304,8,1
2024-02-26,Trentino-Alto Adige,Altre job board,AZ_IT_TROVOLAVORO_SPONSORED,2.56,209,4,1
2024-02-26,Umbria,Altre job board,AZ_IT_BAKECA_LAVORO_ANNUNCI,4.68,554,11,0
2024-02-26,Umbria,Altre job board,AZ_IT_CAREERJET_CPC,1.53,171,5,0
2024-02-26,Umbria,Altre job board,AZ_IT_TALENT_COM_FEED,1.05,105,3,0
2024-02-26,Umbria,Altre job board,AZ_IT_TROVOLAVORO_SPONSORED,2.09,167,3,0
2024-02-26,Valle d'Aosta,Altre job board,AZ_IT_BAKECA_LAVORO_ANNUNCI,0.47,58,1,0
2024-02-26,Valle d'Aosta,Altre job board,AZ_IT_CAREERJET_CPC,0.24,28,1,0
2024-02-26,Valle d'Aosta,Altre job board,AZ_IT_TALENT_COM_FEED,0.32,32,1,0
2024-02-26,Valle d'Aosta,Altre job board,AZ_IT_TROVOLAVORO_SPONSORED,0.63,52,1,0
2024-02-26,Veneto,Altre job board,AZ_IT_BAKECA_LAVORO_ANNUNCI,20.49,2531,47,2
2024-02-26,Veneto,Altre job board,AZ_IT_CAREERJET_CPC,15.67,1763,46,2
2024-02-26,Veneto,Altre job board,AZ_IT_TALENT_COM_FEED,9.17,964,25,1
2024-02-26,Veneto,Altre job board,AZ_IT_TROVOLAVORO_SPONSORED,14.16,1130,17,2
2024-03-04,Abruzzo,Altre job board,AZ_IT_BAKECA_LAVORO_ANNUNCI,3.96,500,11,0
2024-03-04,Abruzzo,Altre job board,AZ_IT_CAREERJET_CPC,2.71,299,8,0
2024-03-04,Abruzzo,Altre job board,AZ_IT_TALENT_COM_FEED,2.65,266,6,0
2024-03-04,Abruzzo,Altre job board,AZ_IT_TROVOLAVORO_SPONSORED,5.10,413,7,1
2024-03-04,Basilicata,Altre job board,AZ_IT_BAKECA_LAVORO_ANNUNCI,1.74,219,5,0
2024-03-04,Basilicata,Altre job board,AZ_IT_CAREERJET_CPC,1.75,194,5,0
2024-03-04,Basilicata,Altre job board,AZ_IT_TALENT_COM_FEED,0.66,64,2,0
2024-03-04,Basilicata,Altre job board,AZ_IT_TROVOLAVORO_SPONSORED,1.36,113,2,0
2024-03-04,Calabria,Altre job board,AZ_IT_BAKECA_LAVORO_ANNUNCI,6.63,830,19,0
2024-03-04,Calabria,Altre job board,AZ_IT_CAREERJET_CPC,5.69,632,16,0
2024-03-04,Calabria,Altre job board,AZ_IT_TALENT_COM_FEED,3.93,394,10,0
2024-03-04,Calabria,Altre job board,AZ_IT_TROVOLAVORO_SPONSORED,12.45,1022,17,1
2024-03-04,Campania,Altre job board,AZ_IT_BAKECA_LAVORO_ANNUNCI,28.15,3421,73,3
2024-03-04,Campania,Altre job board,AZ_IT_CAREERJET_CPC,19.86,2239,54,3
2024-03-04,Campania,Altre job board,AZ_IT_TALENT_COM_FEED,7.07,708,20,1
2024-03-04,Campania,Altre job board,AZ_IT_TROVOLAVORO_SPONSORED,29.48,2370,45,6
2024-03-04,Emilia-Romagna,Altre job board,AZ_IT_BAKECA_LAVORO_ANNUNCI,12.69,1632,32,1
2024-03-04,Emilia-Romagna,Altre job board,AZ_IT_CAREERJET_CPC,11.52,1282,33,1
2024-03-04,Emilia-Romagna,Altre job board,AZ_IT_TALENT_COM_FEED,10.81,1103,23,1
2024-03-04,Emilia-Romagna,Altre job board,AZ_IT_TROVOLAVORO_SPONSORED,15.91,1271,20,2
2024-03-04,Friuli-Venezia Giulia,Altre job board,AZ_IT_BAKECA_LAVORO_ANNUNCI,3.03,370,8,0
2024-03-04,Friuli-Venezia Giulia,Altre job board,AZ_IT_CAREERJET_CPC,3.27,367,11,0
2024-03-04,Friuli-Venezia Giulia,Altre job board,AZ_IT_TALENT_COM_FEED,1.63,170,4,0
2024-03-04,Friuli-Venezia Giulia,Altre job board,AZ_IT_TROVOLAVORO_SPONSORED,5.43,455,7,1
2024-03-04,Lazio,Altre job board,AZ_IT_BAKECA_LAVORO_ANNUNCI,24.04,3081,61,1
2024-03-04,Lazio,Altre job board,AZ_IT_CAREERJET_CPC,13.69,1519,41,1
2024-03-04,Lazio,Altre job board,AZ_IT_TALENT_COM_FEED,16.73,1628,34,1
2024-03-04,Lazio,Altre job board,AZ_IT_TROVOLAVORO_SPONSORED,18.01,1529,27,2
2024-03-04,Liguria,Altre job board,AZ_IT_BAKECA_LAVORO_ANNUNCI,4.65,562,11,0
2024-03-04,Liguria,Altre job board,AZ_IT_CAREERJET_CPC,3.33,362,9,0
2024-03-04,Liguria,Altre job board,AZ_IT_TALENT_COM_FEED,2.91,291,7,0
2024-03-04,Liguria,Altre job board,AZ_IT_TROVOLAVORO_SPONSORED,7.15,593,10,1
2024-03-04,Lombardia,Altre job board,AZ_IT_BAKECA_LAVORO_ANNUNCI,55.57,6683,142,2
2024-03-04,Lombardia,Altre job board,AZ_IT_CAREERJET_CPC,52.68,5825,150,3
2024-03-04,Lombardia,Altre job board,AZ_IT_TALENT_COM_FEED,14.95,1506,42,1
2024-03-04,Lombardia,Altre job board,AZ_IT_TROVOLAVORO_SPONSORED,35.82,2967,60,4
2024-03-04,Marche,Altre job board,AZ_IT_BAKECA_LAVORO_ANNUNCI,4.74,560,11,0
2024-03-04,Marche,Altre job board,AZ_IT_CAREERJET_CPC,5.30,585,15,0
2024-03-04,Marche,Altre job board,AZ_IT_TALENT_COM_FEED,2.19,207,5,0
2024-03-04,Marche,Altre job board,AZ_IT_TROVOLAVORO_SPONSORED,5.66,456,9,1
2024-03-04,Molise,Altre job board,AZ_IT_BAKECA_LAVORO_ANNUNCI,1.27,158,3,0
2024-03-04,Molise,Altre job board,AZ_IT_CAREERJET_CPC,0.73,83,2,0
2024-03-04,Molise,Altre job board,AZ_IT_TALENT_COM_FEED,0.64,66,2,0
2024-03-04,Molise,Altre job board,AZ_IT_TROVOLAVORO_SPONSORED,0.95,77,1,0
2024-03-04,Piemonte,Altre job board,AZ_IT_BAKECA_LAVORO_ANNUNCI,18.10,2363,51,1
2024-03-04,Piemonte,Altre job board,AZ_IT_CAREERJET_CPC,14.35,1606,43,1
2024-03-04,Piemonte,Altre job board,AZ_IT_TALENT_COM_FEED,6.45,679,16,1
2024-03-04,Piemonte,Altre job board,AZ_IT_TROVOLAVORO_SPONSORED,15.72,1325,23,1
2024-03-04,Puglia,Altre job board,AZ_IT_BAKECA_LAVORO_ANNUNCI,14.55,1891,37,1
2024-03-04,Puglia,Altre job board,AZ_IT_CAREERJET_CPC,8.73,929,25,1
2024-03-04,Puglia,Altre job board,AZ_IT_TALENT_COM_FEED,5.49,532,12,0
2024-03-04,Puglia,Altre job board,AZ_IT_TROVOLAVORO_SPONSORED,12.13,972,16,1
2024-03-04,Sardegna,Altre job board,AZ_IT_BAKECA_LAVORO_ANNUNCI,5.33,667,13,0
2024-03-04,Sardegna,Altre job board,AZ_IT_CAREERJET_CPC,4.54,500,13,1
2024-03-04,Sardegna,Altre job board,AZ_IT_TALENT_COM_FEED,4.15,428,10,0
2024-03-04,Sardegna,Altre job board,AZ_IT_TROVOLAVORO_SPONSORED,5.25,435,9,1
2024-03-04,Sicilia,Altre job board,AZ_IT_BAKECA_LAVORO_ANNUNCI,21.74,2831,53,1
2024-03-04,Sicilia,Altre job board,AZ_IT_CAREERJET_CPC,10.85,1203,29,1
2024-03-04,Sicilia,Altre job board,AZ_IT_TALENT_COM_FEED,7.94,786,20,1
2024-03-04,Sicilia,Altre job board,AZ_IT_TROVOLAVORO_SPONSORED,17.23,1406,29,2
2024-03-04,Toscana,Altre job board,AZ_IT_BAKECA_LAVORO_ANNUNCI,9.14,1111,22,1
2024-03-04,Toscana,Altre job board,AZ_IT_CAREERJET_CPC,6.89,786,22,1
2024-03-04,Toscana,Altre job board,AZ_IT_TALENT_COM_FEED,5.70,563,14,1
2024-03-04,Toscana,Altre job board,AZ_IT_TROVOLAVORO_SPONSORED,12.35,997,18,2
2024-03-04,Trentino-Alto Adige,Altre job board,AZ_IT_BAKECA_LAVORO_ANNUNCI,6.49,801,16,1
2024-03-04,Trentino-Alto Adige,Altre job board,AZ_IT_CAREERJET_CPC,3.16,350,10,1
2024-03-04,Trentino-Alto Adige,Altre job board,AZ_IT_TALENT_COM_FEED,1.65,163,4,0
2024-03-04,Trentino-Alto Adige,Altre job board,AZ_IT_TROVOLAVORO_SPONSORED,4.12,337,6,1
2024-03-04,Umbria,Altre job board,AZ_IT_BAKECA_LAVORO_ANNUNCI,2.16,256,5,0
2024-03-04,Umbria,Altre job board,AZ_IT_CAREERJET_CPC,3.01,340,9,0
2024-03-04,Umbria,Altre job board,AZ_IT_TALENT_COM_FEED,1.55,154,4,0
2024-03-04,Umbria,Altre job board,AZ_IT_TROVOLAVORO_SPONSORED,3.54,308,6,0
2024-03-04,Valle d'Aosta,Altre job board,AZ_IT_BAKECA_LAVORO_ANNUNCI,0.52,67,1,0
2024-03-04,Valle d'Aosta,Altre job board,AZ_IT_CAREERJET_CPC,0.35,39,1,0
2024-03-04,Valle d'Aosta,Altre job board,AZ_IT_TALENT_COM_FEED,0.21,21,1,0
2024-03-04,Valle d'Aosta,Altre job board,AZ_IT_TROVOLAVORO_SPONSORED,0.64,54,1,0
2024-03-04,Veneto,Altre job board,AZ_IT_BAKECA_LAVORO_ANNUNCI,21.78,2638,54,2
2024-03-04,Veneto,Altre job board,AZ_IT_CAREERJET_CPC,8.95,979,26,1
2024-03-04,Veneto,Altre job board,AZ_IT_TALENT_COM_FEED,13.29,1314,32,2
2024-03-04,Veneto,Altre job board,AZ_IT_TROVOLAVORO_SPONSORED,20.07,1787,32,4
2024-03-11,Abruzzo,Altre job board,AZ_IT_BAKECA_LAVORO_ANNUNCI,32.29,3963,72,1
2024-03-11,Abruzzo,Altre job board,AZ_IT_CAREERJET_CPC,22.83,2634,76,2
2024-03-11,Abruzzo,Altre job board,AZ_IT_TALENT_COM_FEED,19.28,1976,45,1
2024-03-11,Abruzzo,Altre job board,AZ_IT_TROVOLAVORO_SPONSORED,23.28,1931,37,2
2024-03-11,Basilicata,Altre job board,AZ_IT_BAKECA_LAVORO_ANNUNCI,15.90,1989,42,1
2024-03-11,Basilicata,Altre job board,AZ_IT_CAREERJET_CPC,8.97,967,26,0
2024-03-11,Basilicata,Altre job board,AZ_IT_TALENT_COM_FEED,9.08,888,22,0
2024-03-11,Basilicata,Altre job board,AZ_IT_TROVOLAVORO_SPONSORED,14.31,1205,23,1
2024-03-11,Calabria,Altre job board,AZ_IT_BAKECA_LAVORO_ANNUNCI,52.42,6496,126,2
2024-03-11,Calabria,Altre job board,AZ_IT_CAREERJET_CPC,30.79,3341,91,1
2024-03-11,Calabria,Altre job board,AZ_IT_TALENT_COM_FEED,27.82,2775,67,1
2024-03-11,Calabria,Altre job board,AZ_IT_TROVOLAVORO_SPONSORED,30.44,2366,47,2
2024-03-11,Campania,Altre job board,AZ_IT_BAKECA_LAVORO_ANNUNCI,182.42,22097,469,10
2024-03-11,Campania,Altre job board,AZ_IT_CAREERJET_CPC,110.88,12038,277,9
2024-03-11,Campania,Altre job board,AZ_IT_TALENT_COM_FEED,61.93,6351,161,5
2024-03-11,Campania,Altre job board,AZ_IT_TROVOLAVORO_SPONSORED,77.94,6352,108,9
2024-03-11,Emilia-Romagna,Altre job board,AZ_IT_BAKECA_LAVORO_ANNUNCI,88.99,10925,221,2
2024-03-11,Emilia-Romagna,Altre job board,AZ_IT_CAREERJET_CPC,93.45,10318,258,4
2024-03-11,Emilia-Romagna,Altre job board,AZ_IT_TALENT_COM_FEED,54.62,5356,133,2
2024-03-11,Emilia-Romagna,Altre job board,AZ_IT_TROVOLAVORO_SPONSORED,85.23,6904,134,5
2024-03-11,Friuli-Venezia Giulia,Altre job board,AZ_IT_BAKECA_LAVORO_ANNUNCI,41.56,4873,97,1
2024-03-11,Friuli-Venezia Giulia,Altre job board,AZ_IT_CAREERJET_CPC,26.65,3080,84,1
2024-03-11,Friuli-Venezia Giulia,Altre job board,AZ_IT_TALENT_COM_FEED,10.90,1055,26,1
2024-03-11,Friuli-Venezia Giulia,Altre job board,AZ_IT_TROVOLAVORO_SPONSORED,34.55,2815,52,2
2024-03-11,Lazio,Altre job board,AZ_IT_BAKECA_LAVORO_ANNUNCI,162.36,20123,414,4
2024-03-11,Lazio,Altre job board,AZ_IT_CAREERJET_CPC,85.99,9735,237,3
2024-03-11,Lazio,Altre job board,AZ_IT_TALENT_COM_FEED,64.45,6507,161,2
2024-03-11,Lazio,Altre job board,AZ_IT_TROVOLAVORO_SPONSORED,141.43,12093,206,8
2024-03-11,Liguria,Altre job board,AZ_IT_BAKECA_LAVORO_ANNUNCI,48.28,5890,121,2
2024-03-11,Liguria,Altre job board,AZ_IT_CAREERJET_CPC,25.82,2842,73,1
2024-03-11,Liguria,Altre job board,AZ_IT_TALENT_COM_FEED,15.71,1572,36,1
2024-03-11,Liguria,Altre job board,AZ_IT_TROVOLAVORO_SPONSORED,25.11,2104,41,2
2024-03-11,Lombardia,Altre job board,AZ_IT_BAKECA_LAVORO_ANNUNCI,286.69,36674,756,5
2024-03-11,Lombardia,Altre job board,AZ_IT_CAREERJET_CPC,188.59,20606,532,5
2024-03-11,Lombardia,Altre job board,AZ_IT_TALENT_COM_FEED,147.52,14252,331,5
2024-03-11,Lombardia,Altre job board,AZ_IT_TROVOLAVORO_SPONSORED,208.09,16543,301,8
2024-03-11,Marche,Altre job board,AZ_IT_BAKECA_LAVORO_ANNUNCI,33.83,4149,79,1
2024-03-11,Marche,Altre job board,AZ_IT_CAREERJET_CPC,24.86,2789,68,1
2024-03-11,Marche,Altre job board,AZ_IT_TALENT_COM_FEED,14.87,1455,32,1
2024-03-11,Marche,Altre job board,AZ_IT_TROVOLAVORO_SPONSORED,32.41,2600,52,2
2024-03-11,Molise,Altre job board,AZ_IT_BAKECA_LAVORO_ANNUNCI,8.30,1034,20,0
2024-03-11,Molise,Altre job board,AZ_IT_CAREERJET_CPC,6.00,614,17,0
2024-03-11,Molise,Altre job board,AZ_IT_TALENT_COM_FEED,3.36,355,8,0
2024-03-11,Molise,Altre job board,AZ_IT_TROVOLAVORO_SPONSORED,10.52,878,15,0
2024-03-11,Piemonte,Altre job board,AZ_IT_BAKECA_LAVORO_ANNUNCI,84.12,10469,217,2
2024-03-11,Piemonte,Altre job board,AZ_IT_CAREERJET_CPC,72.18,8255,226,2
2024-03-11,Piemonte,Altre job board,AZ_IT_TALENT_COM_FEED,46.14,4689,108,2
2024-03-11,Piemonte,Altre job board,AZ_IT_TROVOLAVORO_SPONSORED,89.31,7420,139,4
2024-03-11,Puglia,Altre job board,AZ_IT_BAKECA_LAVORO_ANNUNCI,106.16,13748,303,2
2024-03-11,Puglia,Altre job board,AZ_IT_CAREERJET_CPC,62.56,6898,196,2
2024-03-11,Puglia,Altre job board,AZ_IT_TALENT_COM_FEED,41.97,4346,104,2
2024-03-11,Puglia,Altre job board,AZ_IT_TROVOLAVORO_SPONSORED,74.84,6439,103,4
2024-03-11,Sardegna,Altre job board,AZ_IT_BAKECA_LAVORO_ANNUNCI,43.76,5518,106,1
2024-03-11,Sardegna,Altre job board,AZ_IT_CAREERJET_CPC,28.36,3087,85,1
2024-03-11,Sardegna,Altre job board,AZ_IT_TALENT_COM_FEED,17.96,1801,39,1
2024-03-11,Sardegna,Altre job board,AZ_IT_TROVOLAVORO_SPONSORED,25.67,2036,38,2
2024-03-11,Sicilia,Altre job board,AZ_IT_BAKECA_LAVORO_ANNUNCI,180.87,22577,500,3
2024-03-11,Sicilia,Altre job board,AZ_IT_CAREERJET_CPC,104.01,11647,289,3
2024-03-11,Sicilia,Altre job board,AZ_IT_TALENT_COM_FEED,76.51,7716,199,2
2024-03-11,Sicilia,Altre job board,AZ_IT_TROVOLAVORO_SPONSORED,116.20,9897,170,5
2024-03-11,Toscana,Altre job board,AZ_IT_BAKECA_LAVORO_ANNUNCI,52.29,6536,135,2
2024-03-11,Toscana,Altre job board,AZ_IT_CAREERJET_CPC,73.26,8104,219,3
2024-03-11,Toscana,Altre job board,AZ_IT_TALENT_COM_FEED,27.14,2707,65,2
2024-03-11,Toscana,Altre job board,AZ_IT_TROVOLAVORO_SPONSORED,106.01,9028,162,8
2024-03-11,Trentino-Alto Adige,Altre job board,AZ_IT_BAKECA_LAVORO_ANNUNCI,18.96,2325,47,1
2024-03-11,Trentino-Alto Adige,Altre job board,AZ_IT_CAREERJET_CPC,12.63,1416,37,2
2024-03-11,Trentino-Alto Adige,Altre job board,AZ_IT_TALENT_COM_FEED,12.38,1221,32,2
2024-03-11,Trentino-Alto Adige,Altre job board,AZ_IT_TROVOLAVORO_SPONSORED,9.55,774,15,2
2024-03-11,Umbria,Altre job board,AZ_IT_BAKECA_LAVORO_ANNUNCI,25.62,3243,69,1
2024-03-11,Umbria,Altre job board,AZ_IT_CAREERJET_CPC,7.65,854,24,0
2024-03-11,Umbria,Altre job board,AZ_IT_TALENT_COM_FEED,9.19,901,22,0
2024-03-11,Umbria,Altre job board,AZ_IT_TROVOLAVORO_SPONSORED,12.66,1043,18,1
2024-03-11,Valle d'Aosta,Altre job board,AZ_IT_BAKECA_LAVORO_ANNUNCI,2.92,364,7,0
2024-03-11,Valle d'Aosta,Altre job board,AZ_IT_CAREERJET_CPC,2.83,321,9,0
2024-03-11,Valle d'Aosta,Altre job board,AZ_IT_TALENT_COM_FEED,1.20,118,3,0
2024-03-11,Valle d'Aosta,Altre job board,AZ_IT_TROVOLAVORO_SPONSORED,2.42,208,3,0
2024-03-11,Veneto,Altre job board,AZ_IT_BAKECA_LAVORO_ANNUNCI,123.74,14834,278,5
2024-03-11,Veneto,Altre job board,AZ_IT_CAREERJET_CPC,96.35,10525,252,6
2024-03-11,Veneto,Altre job board,AZ_IT_TALENT_COM_FEED,73.94,7691,163,6
2024-03-11,Veneto,Altre job board,AZ_IT_TROVOLAVORO_SPONSORED,76.00,5855,105,7
2024-03-18,Abruzzo,Altre job board,AZ_IT_BAKECA_LAVORO_ANNUNCI,1.01,128,3,0
2024-03-18,Abruzzo,Altre job board,AZ_IT_CAREERJET_CPC,0.43,48,1,0
2024-03-18,Abruzzo,Altre job board,AZ_IT_TALENT_COM_FEED,0.47,47,1,0
2024-03-18,Abruzzo,Altre job board,AZ_IT_TROVOLAVORO_SPONSORED,1.13,95,2,1
2024-03-18,Basilicata,Altre job board,AZ_IT_BAKECA_LAVORO_ANNUNCI,0.41,51,1,0
2024-03-18,Basilicata,Altre job board,AZ_IT_CAREERJET_CPC,0.23,24,1,0
2024-03-18,Basilicata,Altre job board,AZ_IT_TALENT_COM_FEED,0.12,11,0,0
2024-03-18,Basilicata,Altre job board,AZ_IT_TROVOLAVORO_SPONSORED,0.31,26,0,0
2024-03-18,Calabria,Altre job board,AZ_IT_BAKECA_LAVORO_ANNUNCI,1.40,175,3,0
2024-03-18,Calabria,Altre job board,AZ_IT_CAREERJET_CPC,0.66,71,2,0
2024-03-18,Calabria,Altre job board,AZ_IT_TALENT_COM_FEED,0.60,62,1,0
2024-03-18,Calabria,Altre job board,AZ_IT_TROVOLAVORO_SPONSORED,0.99,82,2,1
2024-03-18,Campania,Altre job board,AZ_IT_BAKECA_LAVORO_ANNUNCI,5.26,675,13,3
2024-03-18,Campania,Altre job board,AZ_IT_CAREERJET_CPC,2.44,281,8,2
2024-03-18,Campania,Altre job board,AZ_IT_TALENT_COM_FEED,1.98,196,4,2
2024-03-18,Campania,Altre job board,AZ_IT_TROVOLAVORO_SPONSORED,3.56,297,5,4
2024-03-18,Emilia-Romagna,Altre job board,AZ_IT_BAKECA_LAVORO_ANNUNCI,4.76,615,13,1
2024-03-18,Emilia-Romagna,Altre job board,AZ_IT_CAREERJET_CPC,1.69,194,4,1
2024-03-18,Emilia-Romagna,Altre job board,AZ_IT_TALENT_COM_FEED,1.62,157,4,1
2024-03-18,Emilia-Romagna,Altre job board,AZ_IT_TROVOLAVORO_SPONSORED,3.90,309,5,2
2024-03-18,Friuli-Venezia Giulia,Altre job board,AZ_IT_BAKECA_LAVORO_ANNUNCI,1.13,144,3,0
2024-03-18,Friuli-Venezia Giulia,Altre job board,AZ_IT_CAREERJET_CPC,0.92,100,3,0
2024-03-18,Friuli-Venezia Giulia,Altre job board,AZ_IT_TALENT_COM_FEED,0.51,50,1,0
2024-03-18,Friuli-Venezia Giulia,Altre job board,AZ_IT_TROVOLAVORO_SPONSORED,0.83,65,1,1
2024-03-18,Lazio,Altre job board,AZ_IT_BAKECA_LAVORO_ANNUNCI,5.56,674,14,2
2024-03-18,Lazio,Altre job board,AZ_IT_CAREERJET_CPC,2.98,327,9,1
2024-03-18,Lazio,Altre job board,AZ_IT_TALENT_COM_FEED,2.10,209,5,1
2024-03-18,Lazio,Altre job board,AZ_IT_TROVOLAVORO_SPONSORED,3.80,315,5,2
2024-03-18,Liguria,Altre job board,AZ_IT_BAKECA_LAVORO_ANNUNCI,1.75,214,5,1
2024-03-18,Liguria,Altre job board,AZ_IT_CAREERJET_CPC,1.06,114,3,1
2024-03-18,Liguria,Altre job board,AZ_IT_TALENT_COM_FEED,0.52,51,1,0
2024-03-18,Liguria,Altre job board,AZ_IT_TROVOLAVORO_SPONSORED,0.97,83,1,1
2024-03-18,Lombardia,Altre job board,AZ_IT_BAKECA_LAVORO_ANNUNCI,9.13,1116,24,3
2024-03-18,Lombardia,Altre job board,AZ_IT_CAREERJET_CPC,4.01,444,12,2
2024-03-18,Lombardia,Altre job board,AZ_IT_TALENT_COM_FEED,2.14,200,5,1
2024-03-18,Lombardia,Altre job board,AZ_IT_TROVOLAVORO_SPONSORED,3.88,321,7,3
2024-03-18,Marche,Altre job board,AZ_IT_BAKECA_LAVORO_ANNUNCI,0.97,117,2,0
2024-03-18,Marche,Altre job board,AZ_IT_CAREERJET_CPC,0.68,77,2,0
2024-03-18,Marche,Altre job board,AZ_IT_TALENT_COM_FEED,0.43,42,1,0
2024-03-18,Marche,Altre job board,AZ_IT_TROVOLAVORO_SPONSORED,0.94,79,2,1
2024-03-18,Molise,Altre job board,AZ_IT_BAKECA_LAVORO_ANNUNCI,0.21,26,1,0
2024-03-18,Molise,Altre job board,AZ_IT_CAREERJET_CPC,0.14,15,0,0
2024-03-18,Molise,Altre job board,AZ_IT_TALENT_COM_FEED,0.07,7,0,0
2024-03-18,Molise,Altre job board,AZ_IT_TROVOLAVORO_SPONSORED,0.16,13,0,0
2024-03-18,Piemonte,Altre job board,AZ_IT_BAKECA_LAVORO_ANNUNCI,4.11,507,10,1
2024-03-18,Piemonte,Altre job board,AZ_IT_CAREERJET_CPC,2.58,283,7,1
2024-03-18,Piemonte,Altre job board,AZ_IT_TALENT_COM_FEED,1.15,114,3,0
2024-03-18,Piemonte,Altre job board,AZ_IT_TROVOLAVORO_SPONSORED,2.21,183,3,1
2024-03-18,Puglia,Altre job board,AZ_IT_BAKECA_LAVORO_ANNUNCI,3.96,506,11,1
2024-03-18,Puglia,Altre job board,AZ_IT_CAREERJET_CPC,2.83,303,8,1
2024-03-18,Puglia,Altre job board,AZ_IT_TALENT_COM_FEED,1.63,161,4,1
2024-03-18,Puglia,Altre job board,AZ_IT_TROVOLAVORO_SPONSORED,2.88,230,4,1
2024-03-18,Sardegna,Altre job board,AZ_IT_BAKECA_LAVORO_ANNUNCI,1.25,160,3,0
2024-03-18,Sardegna,Altre job board,AZ_IT_CAREERJET_CPC,1.08,115,3,1
2024-03-18,Sardegna,Altre job board,AZ_IT_TALENT_COM_FEED,0.53,51,1,0
2024-03-18,Sardegna,Altre job board,AZ_IT_TROVOLAVORO_SPONSORED,1.05,91,1,1
2024-03-18,Sicilia,Altre job board,AZ_IT_BAKECA_LAVORO_ANNUNCI,3.82,499,10,1
2024-03-18,Sicilia,Altre job board,AZ_IT_CAREERJET_CPC,2.16,258,7,1
2024-03-18,Sicilia,Altre job board,AZ_IT_TALENT_COM_FEED,1.88,183,4,1
2024-03-18,Sicilia,Altre job board,AZ_IT_TROVOLAVORO_SPONSORED,3.11,252,4,2
2024-03-18,Toscana,Altre job board,AZ_IT_BAKECA_LAVORO_ANNUNCI,2.17,273,6,1
2024-03-18,Toscana,Altre job board,AZ_IT_CAREERJET_CPC,1.58,178,5,1
2024-03-18,Toscana,Altre job board,AZ_IT_TALENT_COM_FEED,2.02,208,5,1
2024-03-18,Toscana,Altre job board,AZ_IT_TROVOLAVORO_SPONSORED,1.98,163,3,2
2024-03-18,Trentino-Alto Adige,Altre job board,AZ_IT_BAKECA_LAVORO_ANNUNCI,0.97,120,2,0
2024-03-18,Trentino-Alto Adige,Altre job board,AZ_IT_CAREERJET_CPC,0.93,103,3,1
2024-03-18,Trentino-Alto Adige,Altre job board,AZ_IT_TALENT_COM_FEED,0.46,48,1,0
2024-03-18,Trentino-Alto Adige,Altre job board,AZ_IT_TROVOLAVORO_SPONSORED,0.84,70,1,1
2024-03-18,Umbria,Altre job board,AZ_IT_BAKECA_LAVORO_ANNUNCI,0.46,61,1,0
2024-03-18,Umbria,Altre job board,AZ_IT_CAREERJET_CPC,0.33,36,1,0
2024-03-18,Umbria,Altre job board,AZ_IT_TALENT_COM_FEED,0.31,32,1,0
2024-03-18,Umbria,Altre job board,AZ_IT_TROVOLAVORO_SPONSORED,0.44,37,1,0
2024-03-18,Valle d'Aosta,Altre job board,AZ_IT_BAKECA_LAVORO_ANNUNCI,0.11,15,0,0
2024-03-18,Valle d'Aosta,Altre job board,AZ_IT_CAREERJET_CPC,0.03,4,0,0
2024-03-18,Valle d'Aosta,Altre job board,AZ_IT_TALENT_COM_FEED,0.04,4,0,0
2024-03-18,Valle d'Aosta,Altre job board,AZ_IT_TROVOLAVORO_SPONSORED,0.05,4,0,0
2024-03-18,Veneto,Altre job board,AZ_IT_BAKECA_LAVORO_ANNUNCI,4.27,572,12,2
2024-03-18,Veneto,Altre job board,AZ_IT_CAREERJET_CPC,2.20,254,6,2
2024-03-18,Veneto,Altre job board,AZ_IT_TALENT_COM_FEED,1.51,150,4,1
2024-03-18,Veneto,Altre job board,AZ_IT_TROVOLAVORO_SPONSORED,3.68,307,5,4
2024-03-25,Abruzzo,Altre job board,AZ_IT_BAKECA_LAVORO_ANNUNCI,9.18,1126,23,0
2024-03-25,Abruzzo,Altre job board,AZ_IT_CAREERJET_CPC,9.93,1144,30,1
2024-03-25,Abruzzo,Altre job board,AZ_IT_TALENT_COM_FEED,7.94,803,18,1
2024-03-25,Abruzzo,Altre job board,AZ_IT_TROVOLAVORO_SPONSORED,16.45,1355,22,2
2024-03-25,Basilicata,Altre job board,AZ_IT_BAKECA_LAVORO_ANNUNCI,6.34,807,14,0
2024-03-25,Basilicata,Altre job board,AZ_IT_CAREERJET_CPC,3.55,394,11,0
2024-03-25,Basilicata,Altre job board,AZ_IT_TALENT_COM_FEED,3.19,311,8,0
2024-03-25,Basilicata,Altre job board,AZ_IT_TROVOLAVORO_SPONSORED,4.80,414,7,1
2024-03-25,Calabria,Altre job board,AZ_IT_BAKECA_LAVORO_ANNUNCI,23.94,3048,58,1
2024-03-25,Calabria,Altre job board,AZ_IT_CAREERJET_CPC,10.12,1084,28,0
2024-03-25,Calabria,Altre job board,AZ_IT_TALENT_COM_FEED,10.08,977,24,1
2024-03-25,Calabria,Altre job board,AZ_IT_TROVOLAVORO_SPONSORED,39.97,3440,56,3
2024-03-25,Campania,Altre job board,AZ_IT_BAKECA_LAVORO_ANNUNCI,78.68,10108,208,6
2024-03-25,Campania,Altre job board,AZ_IT_CAREERJET_CPC,35.82,3889,96,4
2024-03-25,Campania,Altre job board,AZ_IT_TALENT_COM_FEED,35.46,3525,94,5
2024-03-25,Campania,Altre job board,AZ_IT_TROVOLAVORO_SPONSORED,48.38,3809,62,8
2024-03-25,Emilia-Romagna,Altre job board,AZ_IT_BAKECA_LAVORO_ANNUNCI,69.46,8565,162,3
2024-03-25,Emilia-Romagna,Altre job board,AZ_IT_CAREERJET_CPC,48.80,5115,120,3
2024-03-25,Emilia-Romagna,Altre job board,AZ_IT_TALENT_COM_FEED,25.95,2651,63,2
2024-03-25,Emilia-Romagna,Altre job board,AZ_IT_TROVOLAVORO_SPONSORED,29.52,2431,40,3
2024-03-25,Friuli-Venezia Giulia,Altre job board,AZ_IT_BAKECA_LAVORO_ANNUNCI,12.82,1554,32,1
2024-03-25,Friuli-Venezia Giulia,Altre job board,AZ_IT_CAREERJET_CPC,8.56,985,24,1
2024-03-25,Friuli-Venezia Giulia,Altre job board,AZ_IT_TALENT_COM_FEED,5.45,538,14,0
2024-03-25,Friuli-Venezia Giulia,Altre job board,AZ_IT_TROVOLAVORO_SPONSORED,9.30,789,13,1
2024-03-25,Lazio,Altre job board,AZ_IT_BAKECA_LAVORO_ANNUNCI,60.89,7529,166,2
2024-03-25,Lazio,Altre job board,AZ_IT_CAREERJET_CPC,37.56,4188,97,3
2024-03-25,Lazio,Altre job board,AZ_IT_TALENT_COM_FEED,31.82,3044,67,2
2024-03-25,Lazio,Altre job board,AZ_IT_TROVOLAVORO_SPONSORED,73.49,6015,99,6
2024-03-25,Liguria,Altre job board,AZ_IT_BAKECA_LAVORO_ANNUNCI,14.50,1774,38,1
2024-03-25,Liguria,Altre job board,AZ_IT_CAREERJET_CPC,10.84,1163,27,1
2024-03-25,Liguria,Altre job board,AZ_IT_TALENT_COM_FEED,8.70,912,21,1
2024-03-25,Liguria,Altre job board,AZ_IT_TROVOLAVORO_SPONSORED,10.72,934,17,1
2024-03-25,Lombardia,Altre job board,AZ_IT_BAKECA_LAVORO_ANNUNCI,128.86,15664,279,4
2024-03-25,Lombardia,Altre job board,AZ_IT_CAREERJET_CPC,50.55,5777,144,3
2024-03-25,Lombardia,Altre job board,AZ_IT_TALENT_COM_FEED,50.35,5074,115,3
2024-03-25,Lombardia,Altre job board,AZ_IT_TROVOLAVORO_SPONSORED,120.38,9866,172,9
2024-03-25,Marche,Altre job board,AZ_IT_BAKECA_LAVORO_ANNUNCI,16.20,2029,39,1
2024-03-25,Marche,Altre job board,AZ_IT_CAREERJET_CPC,6.64,732,18,1
2024-03-25,Marche,Altre job board,AZ_IT_TALENT_COM_FEED,8.94,867,21,1
2024-03-25,Marche,Altre job board,AZ_IT_TROVOLAVORO_SPONSORED,8.48,667,13,1
2024-03-25,Molise,Altre job board,AZ_IT_BAKECA_LAVORO_ANNUNCI,3.53,446,9,0
2024-03-25,Molise,Altre job board,AZ_IT_CAREERJET_CPC,1.77,198,5,0
2024-03-25,Molise,Altre job board,AZ_IT_TALENT_COM_FEED,1.16,116,3,0
2024-03-25,Molise,Altre job board,AZ_IT_TROVOLAVORO_SPONSORED,3.18,259,5,0
2024-03-25,Piemonte,Altre job board,AZ_IT_BAKECA_LAVORO_ANNUNCI,54.28,6574,130,2
2024-03-25,Piemonte,Altre job board,AZ_IT_CAREERJET_CPC,26.22,2914,78,1
2024-03-25,Piemonte,Altre job board,AZ_IT_TALENT_COM_FEED,23.58,2343,55,1
2024-03-25,Piemonte,Altre job board,AZ_IT_TROVOLAVORO_SPONSORED,33.83,2796,49,3
2024-03-25,Puglia,Altre job board,AZ_IT_BAKECA_LAVORO_ANNUNCI,65.23,8197,179,3
2024-03-25,Puglia,Altre job board,AZ_IT_CAREERJET_CPC,31.91,3639,101,2
2024-03-25,Puglia,Altre job board,AZ_IT_TALENT_COM_FEED,27.47,2660,71,2
2024-03-25,Puglia,Altre job board,AZ_IT_TROVOLAVORO_SPONSORED,25.07,2069,41,2
2024-03-25,Sardegna,Altre job board,AZ_IT_BAKECA_LAVORO_ANNUNCI,25.15,3029,57,1
2024-03-25,Sardegna,Altre job board,AZ_IT_CAREERJET_CPC,11.13,1215,29,1
2024-03-25,Sardegna,Altre job board,AZ_IT_TALENT_COM_FEED,6.95,703,15,1
2024-03-25,Sardegna,Altre job board,AZ_IT_TROVOLAVORO_SPONSORED,12.67,1004,17,1
2024-03-25,Sicilia,Altre job board,AZ_IT_BAKECA_LAVORO_ANNUNCI,54.15,6522,128,2
2024-03-25,Sicilia,Altre job board,AZ_IT_CAREERJET_CPC,34.49,3785,110,2
2024-03-25,Sicilia,Altre job board,AZ_IT_TALENT_COM_FEED,28.59,2942,70,1
2024-03-25,Sicilia,Altre job board,AZ_IT_TROVOLAVORO_SPONSORED,58.61,4692,83,4
2024-03-25,Toscana,Altre job board,AZ_IT_BAKECA_LAVORO_ANNUNCI,25.80,3254,65,1
2024-03-25,Toscana,Altre job board,AZ_IT_CAREERJET_CPC,33.69,3691,105,2
2024-03-25,Toscana,Altre job board,AZ_IT_TALENT_COM_FEED,18.01,1844,46,1
2024-03-25,Toscana,Altre job board,AZ_IT_TROVOLAVORO_SPONSORED,68.67,5606,93,6
2024-03-25,Trentino-Alto Adige,Altre job board,AZ_IT_BAKECA_LAVORO_ANNUNCI,9.95,1238,26,1
2024-03-25,Trentino-Alto Adige,Altre job board,AZ_IT_CAREERJET_CPC,7.86,892,23,1
2024-03-25,Trentino-Alto Adige,Altre job board,AZ_IT_TALENT_COM_FEED,4.54,454,12,1
2024-03-25,Trentino-Alto Adige,Altre job board,AZ_IT_TROVOLAVORO_SPONSORED,16.76,1354,25,3
2024-03-25,Umbria,Altre job board,AZ_IT_BAKECA_LAVORO_ANNUNCI,5.34,684,13,0
2024-03-25,Umbria,Altre job board,AZ_IT_CAREERJET_CPC,4.63,514,13,0
2024-03-25,Umbria,Altre job board,AZ_IT_TALENT_COM_FEED,3.73,406,10,0
2024-03-25,Umbria,Altre job board,AZ_IT_TROVOLAVORO_SPONSORED,8.72,764,13,1
2024-03-25,Valle d'Aosta,Altre job board,AZ_IT_BAKECA_LAVORO_ANNUNCI,1.06,135,3,0
2024-03-25,Valle d'Aosta,Altre job board,AZ_IT_CAREERJET_CPC,0.80,88,2,0
2024-03-25,Valle d'Aosta,Altre job board,AZ_IT_TALENT_COM_FEED,0.71,67,2,0
2024-03-25,Valle d'Aosta,Altre job board,AZ_IT_TROVOLAVORO_SPONSORED,1.34,112,2,0
2024-03-25,Veneto,Altre job board,AZ_IT_BAKECA_LAVORO_ANNUNCI,64.42,8233,176,4
2024-03-25,Veneto,Altre job board,AZ_IT_CAREERJET_CPC,28.03,3282,88,2
2024-03-25,Veneto,Altre job board,AZ_IT_TALENT_COM_FEED,27.44,2759,65,3
2024-03-25,Veneto,Altre job board,AZ_IT_TROVOLAVORO_SPONSORED,60.67,5320,88,9
2024-04-01,Abruzzo,Altre job board,AZ_IT_BAKECA_LAVORO_ANNUNCI,3.11,394,8,0
2024-04-01,Abruzzo,Altre job board,AZ_IT_CAREERJET_CPC,1.72,183,5,0
2024-04-01,Abruzzo,Altre job board,AZ_IT_TALENT_COM_FEED,1.15,116,3,0
2024-04-01,Abruzzo,Altre job board,AZ_IT_TROVOLAVORO_SPONSORED,2.23,191,3,1
2024-04-01,Basilicata,Altre job board,AZ_IT_BAKECA_LAVORO_ANNUNCI,1.03,133,2,0
2024-04-01,Basilicata,Altre job board,AZ_IT_CAREERJET_CPC,0.80,89,2,0
2024-04-01,Basilicata,Altre job board,AZ_IT_TALENT_COM_FEED,0.46,47,1,0
2024-04-01,Basilicata,Altre job board,AZ_IT_TROVOLAVORO_SPONSORED,1.28,109,2,0
2024-04-01,Calabria,Altre job board,AZ_IT_BAKECA_LAVORO_ANNUNCI,4.92,648,15,1
2024-04-01,Calabria,Altre job board,AZ_IT_CAREERJET_CPC,2.84,319,8,0
2024-04-01,Calabria,Altre job board,AZ_IT_TALENT_COM_FEED,2.82,269,6,0
2024-04-01,Calabria,Altre job board,AZ_IT_TROVOLAVORO_SPONSORED,3.86,313,6,1
2024-04-01,Campania,Altre job board,AZ_IT_BAKECA_LAVORO_ANNUNCI,13.38,1620,32,3
2024-04-01,Campania,Altre job board,AZ_IT_CAREERJET_CPC,5.16,594,15,2
2024-04-01,Campania,Altre job board,AZ_IT_TALENT_COM_FEED,5.07,513,13,1
2024-04-01,Campania,Altre job board,AZ_IT_TROVOLAVORO_SPONSORED,11.82,996,19,4
2024-04-01,Emilia-Romagna,Altre job board,AZ_IT_BAKECA_LAVORO_ANNUNCI,8.52,1060,19,1
2024-04-01,Emilia-Romagna,Altre job board,AZ_IT_CAREERJET_CPC,5.70,620,16,1
2024-04-01,Emilia-Romagna,Altre job board,AZ_IT_TALENT_COM_FEED,4.69,463,10,1
2024-04-01,Emilia-Romagna,Altre job board,AZ_IT_TROVOLAVORO_SPONSORED,6.02,530,10,1
2024-04-01,Friuli-Venezia Giulia,Altre job board,AZ_IT_BAKECA_LAVORO_ANNUNCI,2.59,314,6,0
2024-04-01,Friuli-Venezia Giulia,Altre job board,AZ_IT_CAREERJET_CPC,0.93,103,3,0
2024-04-01,Friuli-Venezia Giulia,Altre job board,AZ_IT_TALENT_COM_FEED,1.44,145,3,0
2024-04-01,Friuli-Venezia Giulia,Altre job board,AZ_IT_TROVOLAVORO_SPONSORED,1.55,132,2,0
2024-04-01,Lazio,Altre job board,AZ_IT_BAKECA_LAVORO_ANNUNCI,11.52,1413,24,1
2024-04-01,Lazio,Altre job board,AZ_IT_CAREERJET_CPC,5.99,688,17,1
2024-04-01,Lazio,Altre job board,AZ_IT_TALENT_COM_FEED,4.87,480,11,1
2024-04-01,Lazio,Altre job board,AZ_IT_TROVOLAVORO_SPONSORED,13.37,1119,18,2
2024-04-01,Liguria,Altre job board,AZ_IT_BAKECA_LAVORO_ANNUNCI,3.13,376,7,0
2024-04-01,Liguria,Altre job board,AZ_IT_CAREERJET_CPC,1.88,220,6,0
2024-04-01,Liguria,Altre job board,AZ_IT_TALENT_COM_FEED,1.76,173,4,0
2024-04-01,Liguria,Altre job board,AZ_IT_TROVOLAVORO_SPONSORED,3.58,307,5,1
2024-04-01,Lombardia,Altre job board,AZ_IT_BAKECA_LAVORO_ANNUNCI,21.05,2732,54,1
2024-04-01,Lombardia,Altre job board,AZ_IT_CAREERJET_CPC,19.53,2256,57,2
2024-04-01,Lombardia,Altre job board,AZ_IT_TALENT_COM_FEED,10.48,1069,26,1
2024-04-01,Lombardia,Altre job board,AZ_IT_TROVOLAVORO_SPONSORED,18.17,1443,24,3
2024-04-01,Marche,Altre job board,AZ_IT_BAKECA_LAVORO_ANNUNCI,4.64,568,13,0
2024-04-01,Marche,Altre job board,AZ_IT_CAREERJET_CPC,2.54,287,8,0
2024-04-01,Marche,Altre job board,AZ_IT_TALENT_COM_FEED,3.08,298,7,0
2024-04-01,Marche,Altre job board,AZ_IT_TROVOLAVORO_SPONSORED,2.89,234,4,0
2024-04-01,Molise,Altre job board,AZ_IT_BAKECA_LAVORO_ANNUNCI,0.69,90,2,0
2024-04-01,Molise,Altre job board,AZ_IT_CAREERJET_CPC,0.44,52,1,0
2024-04-01,Molise,Altre job board,AZ_IT_TALENT_COM_FEED,0.30,30,1,0
2024-04-01,Molise,Altre job board,AZ_IT_TROVOLAVORO_SPONSORED,0.53,46,1,0
2024-04-01,Piemonte,Altre job board,AZ_IT_BAKECA_LAVORO_ANNUNCI,12.82,1588,35,1
2024-04-01,Piemonte,Altre job board,AZ_IT_CAREERJET_CPC,8.11,871,24,1
2024-04-01,Piemonte,Altre job board,AZ_IT_TALENT_COM_FEED,5.19,533,13,0
2024-04-01,Piemonte,Altre job board,AZ_IT_TROVOLAVORO_SPONSORED,9.34,812,14,1
2024-04-01,Puglia,Altre job board,AZ_IT_BAKECA_LAVORO_ANNUNCI,6.67,855,18,1
2024-04-01,Puglia,Altre job board,AZ_IT_CAREERJET_CPC,6.69,782,20,1
2024-04-01,Puglia,Altre job board,AZ_IT_TALENT_COM_FEED,3.60,362,8,0
2024-04-01,Puglia,Altre job board,AZ_IT_TROVOLAVORO_SPONSORED,5.62,463,9,1
2024-04-01,Sardegna,Altre job board,AZ_IT_BAKECA_LAVORO_ANNUNCI,2.52,320,6,0
2024-04-01,Sardegna,Altre job board,AZ_IT_CAREERJET_CPC,2.58,277,7,0
2024-04-01,Sardegna,Altre job board,AZ_IT_TALENT_COM_FEED,1.29,122,3,0
2024-04-01,Sardegna,Altre job board,AZ_IT_TROVOLAVORO_SPONSORED,3.00,235,4,1
2024-04-01,Sicilia,Altre job board,AZ_IT_BAKECA_LAVORO_ANNUNCI,11.13,1300,21,1
2024-04-01,Sicilia,Altre job board,AZ_IT_CAREERJET_CPC,9.75,1126,27,1
2024-04-01,Sicilia,Altre job board,AZ_IT_TALENT_COM_FEED,4.72,486,13,0
2024-04-01,Sicilia,Altre job board,AZ_IT_TROVOLAVORO_SPONSORED,9.18,723,12,1
2024-04-01,Toscana,Altre job board,AZ_IT_BAKECA_LAVORO_ANNUNCI,9.22,1132,22,1
2024-04-01,Toscana,Altre job board,AZ_IT_CAREERJET_CPC,7.30,761,19,1
2024-04-01,Toscana,Altre job board,AZ_IT_TALENT_COM_FEED,4.59,468,11,1
2024-04-01,Toscana,Altre job board,AZ_IT_TROVOLAVORO_SPONSORED,6.37,539,10,1
2024-04-01,Trentino-Alto Adige,Altre job board,AZ_IT_BAKECA_LAVORO_ANNUNCI,2.53,297,6,1
2024-04-01,Trentino-Alto Adige,Altre job board,AZ_IT_CAREERJET_CPC,1.30,151,4,0
2024-04-01,Trentino-Alto Adige,Altre job board,AZ_IT_TALENT_COM_FEED,1.03,101,2,0
2024-04-01,Trentino-Alto Adige,Altre job board,AZ_IT_TROVOLAVORO_SPONSORED,2.24,184,3,1
2024-04-01,Umbria,Altre job board,AZ_IT_BAKECA_LAVORO_ANNUNCI,1.29,161,4,0
2024-04-01,Umbria,Altre job board,AZ_IT_CAREERJET_CPC,1.12,123,3,0
2024-04-01,Umbria,Altre job board,AZ_IT_TALENT_COM_FEED,0.77,75,2,0
2024-04-01,Umbria,Altre job board,AZ_IT_TROVOLAVORO_SPONSORED,1.90,153,3,0
2024-04-01,Valle d'Aosta,Altre job board,AZ_IT_BAKECA_LAVORO_ANNUNCI,0.19,24,0,0
2024-04-01,Valle d'Aosta,Altre job board,AZ_IT_CAREERJET_CPC,0.29,32,1,0
2024-04-01,Valle d'Aosta,Altre job board,AZ_IT_TALENT_COM_FEED,0.14,14,0,0
2024-04-01,Valle d'Aosta,Altre job board,AZ_IT_TROVOLAVORO_SPONSORED,0.21,18,0,0
2024-04-01,Veneto,Altre job board,AZ_IT_BAKECA_LAVORO_ANNUNCI,7.26,906,19,1
2024-04-01,Veneto,Altre job board,AZ_IT_CAREERJET_CPC,4.90,558,15,1
2024-04-01,Veneto,Altre job board,AZ_IT_TALENT_COM_FEED,5.75,566,13,1
2024-04-01,Veneto,Altre job board,AZ_IT_TROVOLAVORO_SPONSORED,12.88,1059,21,4
2024-04-08,Abruzzo,Altre job board,AZ_IT_BAKECA_LAVORO_ANNUNCI,2.25,280,5,0
2024-04-08,Abruzzo,Altre job board,AZ_IT_CAREERJET_CPC,2.13,230,6,0
2024-04-08,Abruzzo,Altre job board,AZ_IT_TALENT_COM_FEED,1.83,189,5,0
2024-04-08,Abruzzo,Altre job board,AZ_IT_TROVOLAVORO_SPONSORED,4.36,347,7,1
2024-04-08,Basilicata,Altre job board,AZ_IT_BAKECA_LAVORO_ANNUNCI,1.76,227,5,0
2024-04-08,Basilicata,Altre job board,AZ_IT_CAREERJET_CPC,0.78,89,2,0
2024-04-08,Basilicata,Altre job board,AZ_IT_TALENT_COM_FEED,0.87,87,2,0
2024-04-08,Basilicata,Altre job board,AZ_IT_TROVOLAVORO_SPONSORED,2.47,207,3,0
2024-04-08,Calabria,Altre job board,AZ_IT_BAKECA_LAVORO_ANNUNCI,4.88,555,12,0
2024-04-08,Calabria,Altre job board,AZ_IT_CAREERJET_CPC,3.26,355,8,0
2024-04-08,Calabria,Altre job board,AZ_IT_TALENT_COM_FEED,3.12,317,7,0
2024-04-08,Calabria,Altre job board,AZ_IT_TROVOLAVORO_SPONSORED,5.18,439,8,1
2024-04-08,Campania,Altre job board,AZ_IT_BAKECA_LAVORO_ANNUNCI,21.36,2523,47,3
2024-04-08,Campania,Altre job board,AZ_IT_CAREERJET_CPC,7.18,795,23,1
2024-04-08,Campania,Altre job board,AZ_IT_TALENT_COM_FEED,8.43,832,19,1
2024-04-08,Campania,Altre job board,AZ_IT_TROVOLAVORO_SPONSORED,13.57,1080,21,3
2024-04-08,Emilia-Romagna,Altre job board,AZ_IT_BAKECA_LAVORO_ANNUNCI,12.55,1570,32,1
2024-04-08,Emilia-Romagna,Altre job board,AZ_IT_CAREERJET_CPC,8.81,1039,30,1
2024-04-08,Emilia-Romagna,Altre job board,AZ_IT_TALENT_COM_FEED,4.82,482,11,0
2024-04-08,Emilia-Romagna,Altre job board,AZ_IT_TROVOLAVORO_SPONSORED,13.94,1118,19,2
2024-04-08,Friuli-Venezia Giulia,Altre job board,AZ_IT_BAKECA_LAVORO_ANNUNCI,4.44,533,10,0
2024-04-08,Friuli-Venezia Giulia,Altre job board,AZ_IT_CAREERJET_CPC,2.14,239,7,0
2024-04-08,Friuli-Venezia Giulia,Altre job board,AZ_IT_TALENT_COM_FEED,1.77,181,5,0
2024-04-08,Friuli-Venezia Giulia,Altre job board,AZ_IT_TROVOLAVORO_SPONSORED,2.99,241,4,0
2024-04-08,Lazio,Altre job board,AZ_IT_BAKECA_LAVORO_ANNUNCI,13.88,1708,33,1
2024-04-08,Lazio,Altre job board,AZ_IT_CAREERJET_CPC,14.79,1620,36,1
2024-04-08,Lazio,Altre job board,AZ_IT_TALENT_COM_FEED,6.35,626,14,0
2024-04-08,Lazio,Altre job board,AZ_IT_TROVOLAVORO_SPONSORED,17.47,1471,28,2
2024-04-08,Liguria,Altre job board,AZ_IT_BAKECA_LAVORO_ANNUNCI,4.51,565,11,0
2024-04-08,Liguria,Altre job board,AZ_IT_CAREERJET_CPC,4.43,480,12,1
2024-04-08,Liguria,Altre job board,AZ_IT_TALENT_COM_FEED,2.30,215,5,0
2024-04-08,Liguria,Altre job board,AZ_IT_TROVOLAVORO_SPONSORED,5.82,498,8,1
2024-04-08,Lombardia,Altre job board,AZ_IT_BAKECA_LAVORO_ANNUNCI,42.39,5405,119,2
2024-04-08,Lombardia,Altre job board,AZ_IT_CAREERJET_CPC,26.88,2937,73,2
2024-04-08,Lombardia,Altre job board,AZ_IT_TALENT_COM_FEED,18.91,1878,49,1
2024-04-08,Lombardia,Altre job board,AZ_IT_TROVOLAVORO_SPONSORED,26.59,2145,40,2
2024-04-08,Marche,Altre job board,AZ_IT_BAKECA_LAVORO_ANNUNCI,4.21,547,12,0
2024-04-08,Marche,Altre job board,AZ_IT_CAREERJET_CPC,2.86,301,7,0
2024-04-08,Marche,Altre job board,AZ_IT_TALENT_COM_FEED,2.61,256,6,0
2024-04-08,Marche,Altre job board,AZ_IT_TROVOLAVORO_SPONSORED,3.16,258,5,0
2024-04-08,Molise,Altre job board,AZ_IT_BAKECA_LAVORO_ANNUNCI,0.93,119,2,0
2024-04-08,Molise,Altre job board,AZ_IT_CAREERJET_CPC,0.52,53,1,0
2024-04-08,Molise,Altre job board,AZ_IT_TALENT_COM_FEED,0.54,54,1,0
2024-04-08,Molise,Altre job board,AZ_IT_TROVOLAVORO_SPONSORED,1.07,85,1,0
2024-04-08,Piemonte,Altre job board,AZ_IT_BAKECA_LAVORO_ANNUNCI,16.48,2052,40,1
2024-04-08,Piemonte,Altre job board,AZ_IT_CAREERJET_CPC,8.23,936,24,1
2024-04-08,Piemonte,Altre job board,AZ_IT_TALENT_COM_FEED,6.32,611,16,0
2024-04-08,Piemonte,Altre job board,AZ_IT_TROVOLAVORO_SPONSORED,19.13,1602,31,1
2024-04-08,Puglia,Altre job board,AZ_IT_BAKECA_LAVORO_ANNUNCI,13.34,1622,34,1
2024-04-08,Puglia,Altre job board,AZ_IT_CAREERJET_CPC,11.57,1212,32,1
2024-04-08,Puglia,Altre job board,AZ_IT_TALENT_COM_FEED,6.28,621,14,0
2024-04-08,Puglia,Altre job board,AZ_IT_TROVOLAVORO_SPONSORED,18.29,1493,28,2
2024-04-08,Sardegna,Altre job board,AZ_IT_BAKECA_LAVORO_ANNUNCI,7.32,971,20,1
2024-04-08,Sardegna,Altre job board,AZ_IT_CAREERJET_CPC,2.96,336,8,0
2024-04-08,Sardegna,Altre job board,AZ_IT_TALENT_COM_FEED,2.11,217,5,0
2024-04-08,Sardegna,Altre job board,AZ_IT_TROVOLAVORO_SPONSORED,4.96,415,8,1
2024-04-08,Sicilia,Altre job board,AZ_IT_BAKECA_LAVORO_ANNUNCI,11.62,1486,29,1
2024-04-08,Sicilia,Altre job board,AZ_IT_CAREERJET_CPC,9.98,1061,27,1
2024-04-08,Sicilia,Altre job board,AZ_IT_TALENT_COM_FEED,7.65,768,17,0
2024-04-08,Sicilia,Altre job board,AZ_IT_TROVOLAVORO_SPONSORED,17.29,1429,24,2
2024-04-08,Toscana,Altre job board,AZ_IT_BAKECA_LAVORO_ANNUNCI,14.87,1810,36,1
2024-04-08,Toscana,Altre job board,AZ_IT_CAREERJET_CPC,8.12,865,24,1
2024-04-08,Toscana,Altre job board,AZ_IT_TALENT_COM_FEED,6.09,591,14,1
2024-04-08,Toscana,Altre job board,AZ_IT_TROVOLAVORO_SPONSORED,12.44,1039,17,2
2024-04-08,Trentino-Alto Adige,Altre job board,AZ_IT_BAKECA_LAVORO_ANNUNCI,3.41,450,9,0
2024-04-08,Trentino-Alto Adige,Altre job board,AZ_IT_CAREERJET_CPC,1.59,173,4,0
2024-04-08,Trentino-Alto Adige,Altre job board,AZ_IT_TALENT_COM_FEED,1.49,151,4,0
2024-04-08,Trentino-Alto Adige,Altre job board,AZ_IT_TROVOLAVORO_SPONSORED,3.95,309,5,1
2024-04-08,Umbria,Altre job board,AZ_IT_BAKECA_LAVORO_ANNUNCI,2.60,321,6,0
2024-04-08,Umbria,Altre job board,AZ_IT_CAREERJET_CPC,1.50,168,4,0
2024-04-08,Umbria,Altre job board,AZ_IT_TALENT_COM_FEED,1.42,138,3,0
2024-04-08,Umbria,Altre job board,AZ_IT_TROVOLAVORO_SPONSORED,2.27,188,3,0
2024-04-08,Valle d'Aosta,Altre job board,AZ_IT_BAKECA_LAVORO_ANNUNCI,0.38,49,1,0
2024-04-08,Valle d'Aosta,Altre job board,AZ_IT_CAREERJET_CPC,0.22,26,1,0
2024-04-08,Valle d'Aosta,Altre job board,AZ_IT_TALENT_COM_FEED,0.14,13,0,0
2024-04-08,Valle d'Aosta,Altre job board,AZ_IT_TROVOLAVORO_SPONSORED,0.50,42,1,0
2024-04-08,Veneto,Altre job board,AZ_IT_BAKECA_LAVORO_ANNUNCI,24.56,3108,58,3
2024-04-08,Veneto,Altre job board,AZ_IT_CAREERJET_CPC,11.25,1256,30,2
2024-04-08,Veneto,Altre job board,AZ_IT_TALENT_COM_FEED,7.11,688,15,1
2024-04-08,Veneto,Altre job board,AZ_IT_TROVOLAVORO_SPONSORED,16.76,1313,25,3
2024-04-15,Abruzzo,Altre job board,AZ_IT_BAKECA_LAVORO_ANNUNCI,16.17,1988,38,1
2024-04-15,Abruzzo,Altre job board,AZ_IT_CAREERJET_CPC,4.40,496,13,1
2024-04-15,Abruzzo,Altre job board,AZ_IT_TALENT_COM_FEED,3.20,326,8,0
2024-04-15,Abruzzo,Altre job board,AZ_IT_TROVOLAVORO_SPONSORED,14.59,1258,25,2
2024-04-15,Basilicata,Altre job board,AZ_IT_BAKECA_LAVORO_ANNUNCI,4.46,515,9,0
2024-04-15,Basilicata,Altre job board,AZ_IT_CAREERJET_CPC,1.76,198,5,0
2024-04-15,Basilicata,Altre job board,AZ_IT_TALENT_COM_FEED,1.93,192,5,0
2024-04-15,Basilicata,Altre job board,AZ_IT_TROVOLAVORO_SPONSORED,3.56,305,6,0
2024-04-15,Calabria,Altre job board,AZ_IT_BAKECA_LAVORO_ANNUNCI,10.70,1306,29,1
2024-04-15,Calabria,Altre job board,AZ_IT_CAREERJET_CPC,7.60,880,20,1
2024-04-15,Calabria,Altre job board,AZ_IT_TALENT_COM_FEED,7.36,736,16,1
2024-04-15,Calabria,Altre job board,AZ_IT_TROVOLAVORO_SPONSORED,8.79,754,13,1
2024-04-15,Campania,Altre job board,AZ_IT_BAKECA_LAVORO_ANNUNCI,52.94,6933,144,6
2024-04-15,Campania,Altre job board,AZ_IT_CAREERJET_CPC,34.71,3918,115,5
2024-04-15,Campania,Altre job board,AZ_IT_TALENT_COM_FEED,21.25,2179,47,3
2024-04-15,Campania,Altre job board,AZ_IT_TROVOLAVORO_SPONSORED,41.12,3423,74,9
2024-04-15,Emilia-Romagna,Altre job board,AZ_IT_BAKECA_LAVORO_ANNUNCI,35.59,4443,92,2
2024-04-15,Emilia-Romagna,Altre job board,AZ_IT_CAREERJET_CPC,19.56,2161,53,2
2024-04-15,Emilia-Romagna,Altre job board,AZ_IT_TALENT_COM_FEED,19.33,1940,53,1
2024-04-15,Emilia-Romagna,Altre job board,AZ_IT_TROVOLAVORO_SPONSORED,33.37,2844,52,4
2024-04-15,Friuli-Venezia Giulia,Altre job board,AZ_IT_BAKECA_LAVORO_ANNUNCI,10.61,1387,28,1
2024-04-15,Friuli-Venezia Giulia,Altre job board,AZ_IT_CAREERJET_CPC,5.02,539,14,0
2024-04-15,Friuli-Venezia Giulia,Altre job board,AZ_IT_TALENT_COM_FEED,4.97,493,13,0
2024-04-15,Friuli-Venezia Giulia,Altre job board,AZ_IT_TROVOLAVORO_SPONSORED,8.85,778,14,1
2024-04-15,Lazio,Altre job board,AZ_IT_BAKECA_LAVORO_ANNUNCI,71.09,8749,190,4
2024-04-15,Lazio,Altre job board,AZ_IT_CAREERJET_CPC,21.13,2301,51,2
2024-04-15,Lazio,Altre job board,AZ_IT_TALENT_COM_FEED,18.54,1857,46,1
2024-04-15,Lazio,Altre job board,AZ_IT_TROVOLAVORO_SPONSORED,34.20,2740,54,3
2024-04-15,Liguria,Altre job board,AZ_IT_BAKECA_LAVORO_ANNUNCI,13.16,1661,32,1
2024-04-15,Liguria,Altre job board,AZ_IT_CAREERJET_CPC,4.80,512,15,1
2024-04-15,Liguria,Altre job board,AZ_IT_TALENT_COM_FEED,6.32,622,15,1
2024-04-15,Liguria,Altre job board,AZ_IT_TROVOLAVORO_SPONSORED,9.36,806,13,1
2024-04-15,Lombardia,Altre job board,AZ_IT_BAKECA_LAVORO_ANNUNCI,92.28,11733,258,4
2024-04-15,Lombardia,Altre job board,AZ_IT_CAREERJET_CPC,45.30,5407,144,2
2024-04-15,Lombardia,Altre job board,AZ_IT_TALENT_COM_FEED,40.74,4102,103,2
2024-04-15,Lombardia,Altre job board,AZ_IT_TROVOLAVORO_SPONSORED,99.10,8291,176,7
2024-04-15,Marche,Altre job board,AZ_IT_BAKECA_LAVORO_ANNUNCI,18.99,2403,49,1
2024-04-15,Marche,Altre job board,AZ_IT_CAREERJET_CPC,4.60,524,12,0
2024-04-15,Marche,Altre job board,AZ_IT_TALENT_COM_FEED,9.56,957,24,1
2024-04-15,Marche,Altre job board,AZ_IT_TROVOLAVORO_SPONSORED,9.75,764,13,1
2024-04-15,Molise,Altre job board,AZ_IT_BAKECA_LAVORO_ANNUNCI,2.96,370,7,0
2024-04-15,Molise,Altre job board,AZ_IT_CAREERJET_CPC,1.32,147,4,0
2024-04-15,Molise,Altre job board,AZ_IT_TALENT_COM_FEED,1.63,171,4,0
2024-04-15,Molise,Altre job board,AZ_IT_TROVOLAVORO_SPONSORED,3.65,306,6,0
2024-04-15,Piemonte,Altre job board,AZ_IT_BAKECA_LAVORO_ANNUNCI,51.90,6440,122,2
2024-04-15,Piemonte,Altre job board,AZ_IT_CAREERJET_CPC,21.65,2347,60,1
2024-04-15,Piemonte,Altre job board,AZ_IT_TALENT_COM_FEED,23.02,2375,66,1
2024-04-15,Piemonte,Altre job board,AZ_IT_TROVOLAVORO_SPONSORED,38.23,3251,60,3
2024-04-15,Puglia,Altre job board,AZ_IT_BAKECA_LAVORO_ANNUNCI,36.21,4226,92,2
2024-04-15,Puglia,Altre job board,AZ_IT_CAREERJET_CPC,14.97,1660,39,1
2024-04-15,Puglia,Altre job board,AZ_IT_TALENT_COM_FEED,13.35,1286,32,1
2024-04-15,Puglia,Altre job board,AZ_IT_TROVOLAVORO_SPONSORED,32.37,2768,54,3
2024-04-15,Sardegna,Altre job board,AZ_IT_BAKECA_LAVORO_ANNUNCI,14.48,1867,34,1
2024-04-15,Sardegna,Altre job board,AZ_IT_CAREERJET_CPC,6.68,765,19,1
2024-04-15,Sardegna,Altre job board,AZ_IT_TALENT_COM_FEED,4.25,416,9,0
2024-04-15,Sardegna,Altre job board,AZ_IT_TROVOLAVORO_SPONSORED,14.43,1223,22,2
2024-04-15,Sicilia,Altre job board,AZ_IT_BAKECA_LAVORO_ANNUNCI,43.62,5818,128,2
2024-04-15,Sicilia,Altre job board,AZ_IT_CAREERJET_CPC,25.70,2967,83,2
2024-04-15,Sicilia,Altre job board,AZ_IT_TALENT_COM_FEED,23.16,2427,62,1
2024-04-15,Sicilia,Altre job board,AZ_IT_TROVOLAVORO_SPONSORED,24.20,2069,38,2
2024-04-15,Toscana,Altre job board,AZ_IT_BAKECA_LAVORO_ANNUNCI,33.96,4277,76,2
2024-04-15,Toscana,Altre job board,AZ_IT_CAREERJET_CPC,25.81,2890,72,3
2024-04-15,Toscana,Altre job board,AZ_IT_TALENT_COM_FEED,16.67,1677,38,1
2024-04-15,Toscana,Altre job board,AZ_IT_TROVOLAVORO_SPONSORED,22.79,1917,34,2
2024-04-15,Trentino-Alto Adige,Altre job board,AZ_IT_BAKECA_LAVORO_ANNUNCI,11.17,1407,26,1
2024-04-15,Trentino-Alto Adige,Altre job board,AZ_IT_CAREERJET_CPC,5.26,570,15,1
2024-04-15,Trentino-Alto Adige,Altre job board,AZ_IT_TALENT_COM_FEED,2.68,278,6,0
2024-04-15,Trentino-Alto Adige,Altre job board,AZ_IT_TROVOLAVORO_SPONSORED,7.27,585,11,2
2024-04-15,Umbria,Altre job board,AZ_IT_BAKECA_LAVORO_ANNUNCI,6.37,799,15,0
2024-04-15,Umbria,Altre job board,AZ_IT_CAREERJET_CPC,3.08,336,9,0
2024-04-15,Umbria,Altre job board,AZ_IT_TALENT_COM_FEED,3.19,320,9,0
2024-04-15,Umbria,Altre job board,AZ_IT_TROVOLAVORO_SPONSORED,5.02,417,8,0
2024-04-15,Valle d'Aosta,Altre job board,AZ_IT_BAKECA_LAVORO_ANNUNCI,1.67,193,4,0
2024-04-15,Valle d'Aosta,Altre job board,AZ_IT_CAREERJET_CPC,0.55,61,2,0
2024-04-15,Valle d'Aosta,Altre job board,AZ_IT_TALENT_COM_FEED,0.45,45,1,0
2024-04-15,Valle d'Aosta,Altre job board,AZ_IT_TROVOLAVORO_SPONSORED,1.01,86,2,0
2024-04-15,Veneto,Altre job board,AZ_IT_BAKECA_LAVORO_ANNUNCI,39.57,4874,96,3
2024-04-15,Veneto,Altre job board,AZ_IT_CAREERJET_CPC,30.71,3480,85,4
2024-04-15,Veneto,Altre job board,AZ_IT_TALENT_COM_FEED,13.56,1317,30,2
2024-04-15,Veneto,Altre job board,AZ_IT_TROVOLAVORO_SPONSORED,23.38,1937,38,4
2024-04-22,Abruzzo,Altre job board,AZ_IT_BAKECA_LAVORO_ANNUNCI,21.03,2631,52,1
2024-04-22,Abruzzo,Altre job board,AZ_IT_CAREERJET_CPC,19.88,2091,56,2
2024-04-22,Abruzzo,Altre job board,AZ_IT_TALENT_COM_FEED,9.92,974,24,1
2024-04-22,Abruzzo,Altre job board,AZ_IT_TROVOLAVORO_SPONSORED,27.31,2257,42,3
2024-04-22,Basilicata,Altre job board,AZ_IT_BAKECA_LAVORO_ANNUNCI,15.79,2017,39,1
2024-04-22,Basilicata,Altre job board,AZ_IT_CAREERJET_CPC,10.50,1236,29,1
2024-04-22,Basilicata,Altre job board,AZ_IT_TALENT_COM_FEED,6.74,662,14,0
2024-04-22,Basilicata,Altre job board,AZ_IT_TROVOLAVORO_SPONSORED,10.46,830,15,1
2024-04-22,Calabria,Altre job board,AZ_IT_BAKECA_LAVORO_ANNUNCI,31.89,3849,77,1
2024-04-22,Calabria,Altre job board,AZ_IT_CAREERJET_CPC,26.05,2838,74,1
2024-04-22,Calabria,Altre job board,AZ_IT_TALENT_COM_FEED,13.67,1459,33,1
2024-04-22,Calabria,Altre job board,AZ_IT_TROVOLAVORO_SPONSORED,51.05,4300,73,3
2024-04-22,Campania,Altre job board,AZ_IT_BAKECA_LAVORO_ANNUNCI,136.31,16881,332,7
2024-04-22,Campania,Altre job board,AZ_IT_CAREERJET_CPC,64.91,7355,199,5
2024-04-22,Campania,Altre job board,AZ_IT_TALENT_COM_FEED,65.21,6369,164,4
2024-04-22,Campania,Altre job board,AZ_IT_TROVOLAVORO_SPONSORED,152.39,13012,271,15
2024-04-22,Emilia-Romagna,Altre job board,AZ_IT_BAKECA_LAVORO_ANNUNCI,85.48,10171,229,2
2024-04-22,Emilia-Romagna,Altre job board,AZ_IT_CAREERJET_CPC,81.89,9075,239,4
2024-04-22,Emilia-Romagna,Altre job board,AZ_IT_TALENT_COM_FEED,30.97,3151,80,1
2024-04-22,Emilia-Romagna,Altre job board,AZ_IT_TROVOLAVORO_SPONSORED,110.53,9292,159,6
2024-04-22,Friuli-Venezia Giulia,Altre job board,AZ_IT_BAKECA_LAVORO_ANNUNCI,16.19,2096,47,1
2024-04-22,Friuli-Venezia Giulia,Altre job board,AZ_IT_CAREERJET_CPC,13.56,1484,36,1
2024-04-22,Friuli-Venezia Giulia,Altre job board,AZ_IT_TALENT_COM_FEED,14.58,1441,32,1
2024-04-22,Friuli-Venezia Giulia,Altre job board,AZ_IT_TROVOLAVORO_SPONSORED,23.94,2012,33,2
2024-04-22,Lazio,Altre job board,AZ_IT_BAKECA_LAVORO_ANNUNCI,121.37,15182,291,4
2024-04-22,Lazio,Altre job board,AZ_IT_CAREERJET_CPC,84.78,9435,220,4
2024-04-22,Lazio,Altre job board,AZ_IT_TALENT_COM_FEED,50.05,5030,124,2
2024-04-22,Lazio,Altre job board,AZ_IT_TROVOLAVORO_SPONSORED,121.95,10101,185,7
2024-04-22,Liguria,Altre job board,AZ_IT_BAKECA_LAVORO_ANNUNCI,33.84,4423,86,1
2024-04-22,Liguria,Altre job board,AZ_IT_CAREERJET_CPC,21.53,2432,67,1
2024-04-22,Liguria,Altre job board,AZ_IT_TALENT_COM_FEED,12.34,1241,29,1
2024-04-22,Liguria,Altre job board,AZ_IT_TROVOLAVORO_SPONSORED,29.32,2516,45,2
2024-04-22,Lombardia,Altre job board,AZ_IT_BAKECA_LAVORO_ANNUNCI,169.89,20546,360,5
2024-04-22,Lombardia,Altre job board,AZ_IT_CAREERJET_CPC,116.14,12976,363,5
2024-04-22,Lombardia,Altre job board,AZ_IT_TALENT_COM_FEED,169.91,15733,396,5
2024-04-22,Lombardia,Altre job board,AZ_IT_TROVOLAVORO_SPONSORED,111.41,9904,191,5
2024-04-22,Marche,Altre job board,AZ_IT_BAKECA_LAVORO_ANNUNCI,30.64,3872,71,1
2024-04-22,Marche,Altre job board,AZ_IT_CAREERJET_CPC,37.92,4447,113,2
2024-04-22,Marche,Altre job board,AZ_IT_TALENT_COM_FEED,11.64,1137,26,0
2024-04-22,Marche,Altre job board,AZ_IT_TROVOLAVORO_SPONSORED,29.99,2471,46,2
2024-04-22,Molise,Altre job board,AZ_IT_BAKECA_LAVORO_ANNUNCI,6.26,778,16,0
2024-04-22,Molise,Altre job board,AZ_IT_CAREERJET_CPC,2.96,319,8,0
2024-04-22,Molise,Altre job board,AZ_IT_TALENT_COM_FEED,3.19,320,8,0
2024-04-22,Molise,Altre job board,AZ_IT_TROVOLAVORO_SPONSORED,7.05,606,12,0
2024-04-22,Piemonte,Altre job board,AZ_IT_BAKECA_LAVORO_ANNUNCI,58.37,7320,154,2
2024-04-22,Piemonte,Altre job board,AZ_IT_CAREERJET_CPC,46.53,5346,135,2
2024-04-22,Piemonte,Altre job board,AZ_IT_TALENT_COM_FEED,33.29,3203,75,1
2024-04-22,Piemonte,Altre job board,AZ_IT_TROVOLAVORO_SPONSORED,88.42,7173,134,4
2024-04-22,Puglia,Altre job board,AZ_IT_BAKECA_LAVORO_ANNUNCI,98.38,11952,215,2
2024-04-22,Puglia,Altre job board,AZ_IT_CAREERJET_CPC,73.00,8288,199,2
2024-04-22,Puglia,Altre job board,AZ_IT_TALENT_COM_FEED,55.55,5457,141,2
2024-04-22,Puglia,Altre job board,AZ_IT_TROVOLAVORO_SPONSORED,99.55,8163,145,4
2024-04-22,Sardegna,Altre job board,AZ_IT_BAKECA_LAVORO_ANNUNCI,33.28,4123,75,1
2024-04-22,Sardegna,Altre job board,AZ_IT_CAREERJET_CPC,27.20,3076,81,2
2024-04-22,Sardegna,Altre job board,AZ_IT_TALENT_COM_FEED,18.07,1839,45,1
2024-04-22,Sardegna,Altre job board,AZ_IT_TROVOLAVORO_SPONSORED,25.58,2049,34,2
2024-04-22,Sicilia,Altre job board,AZ_IT_BAKECA_LAVORO_ANNUNCI,100.52,12857,233,3
2024-04-22,Sicilia,Altre job board,AZ_IT_CAREERJET_CPC,77.84,8367,221,3
2024-04-22,Sicilia,Altre job board,AZ_IT_TALENT_COM_FEED,30.72,3186,79,1
2024-04-22,Sicilia,Altre job board,AZ_IT_TROVOLAVORO_SPONSORED,87.26,7454,126,4
2024-04-22,Toscana,Altre job board,AZ_IT_BAKECA_LAVORO_ANNUNCI,99.13,12600,251,5
2024-04-22,Toscana,Altre job board,AZ_IT_CAREERJET_CPC,65.30,7296,192,4
2024-04-22,Toscana,Altre job board,AZ_IT_TALENT_COM_FEED,53.92,5225,134,3
2024-04-22,Toscana,Altre job board,AZ_IT_TROVOLAVORO_SPONSORED,53.48,4431,74,5
2024-04-22,Trentino-Alto Adige,Altre job board,AZ_IT_BAKECA_LAVORO_ANNUNCI,26.50,3211,65,2
2024-04-22,Trentino-Alto Adige,Altre job board,AZ_IT_CAREERJET_CPC,20.97,2315,58,2
2024-04-22,Trentino-Alto Adige,Altre job board,AZ_IT_TALENT_COM_FEED,11.16,1096,26,1
2024-04-22,Trentino-Alto Adige,Altre job board,AZ_IT_TROVOLAVORO_SPONSORED,20.63,1646,28,2
2024-04-22,Umbria,Altre job board,AZ_IT_BAKECA_LAVORO_ANNUNCI,14.54,1887,38,0
2024-04-22,Umbria,Altre job board,AZ_IT_CAREERJET_CPC,12.29,1417,37,0
2024-04-22,Umbria,Altre job board,AZ_IT_TALENT_COM_FEED,8.18,826,20,0
2024-04-22,Umbria,Altre job board,AZ_IT_TROVOLAVORO_SPONSORED,16.00,1378,25,1
2024-04-22,Valle d'Aosta,Altre job board,AZ_IT_BAKECA_LAVORO_ANNUNCI,1.70,216,4,0
2024-04-22,Valle d'Aosta,Altre job board,AZ_IT_CAREERJET_CPC,1.31,145,4,0
2024-04-22,Valle d'Aosta,Altre job board,AZ_IT_TALENT_COM_FEED,1.34,136,3,0
2024-04-22,Valle d'Aosta,Altre job board,AZ_IT_TROVOLAVORO_SPONSORED,4.09,327,5,0
2024-04-22,Veneto,Altre job board,AZ_IT_BAKECA_LAVORO_ANNUNCI,118.81,14988,310,7
2024-04-22,Veneto,Altre job board,AZ_IT_CAREERJET_CPC,59.57,6618,154,5
2024-04-22,Veneto,Altre job board,AZ_IT_TALENT_COM_FEED,60.38,6011,141,4
2024-04-22,Veneto,Altre job board,AZ_IT_TROVOLAVORO_SPONSORED,63.16,5370,94,6
2024-04-29,Abruzzo,Altre job board,AZ_IT_BAKECA_LAVORO_ANNUNCI,3.86,453,10,1
2024-04-29,Abruzzo,Altre job board,AZ_IT_CAREERJET_CPC,3.50,385,11,1
2024-04-29,Abruzzo,Altre job board,AZ_IT_TALENT_COM_FEED,2.70,275,7,1
2024-04-29,Abruzzo,Altre job board,AZ_IT_TROVOLAVORO_SPONSORED,2.84,238,5,1
2024-04-29,Basilicata,Altre job board,AZ_IT_BAKECA_LAVORO_ANNUNCI,1.63,206,4,0
2024-04-29,Basilicata,Altre job board,AZ_IT_CAREERJET_CPC,1.36,151,4,0
2024-04-29,Basilicata,Altre job board,AZ_IT_TALENT_COM_FEED,1.43,144,3,0
2024-04-29,Basilicata,Altre job board,AZ_IT_TROVOLAVORO_SPONSORED,1.84,143,3,1
2024-04-29,Calabria,Altre job board,AZ_IT_BAKECA_LAVORO_ANNUNCI,8.21,1000,19,1
2024-04-29,Calabria,Altre job board,AZ_IT_CAREERJET_CPC,8.06,912,21,1
2024-04-29,Calabria,Altre job board,AZ_IT_TALENT_COM_FEED,3.92,381,9,0
2024-04-29,Calabria,Altre job board,AZ_IT_TROVOLAVORO_SPONSORED,9.11,757,17,1
2024-04-29,Campania,Altre job board,AZ_IT_BAKECA_LAVORO_ANNUNCI,17.23,2141,42,3
2024-04-29,Campania,Altre job board,AZ_IT_CAREERJET_CPC,13.91,1490,40,4
2024-04-29,Campania,Altre job board,AZ_IT_TALENT_COM_FEED,13.23,1300,30,3
2024-04-29,Campania,Altre job board,AZ_IT_TROVOLAVORO_SPONSORED,17.87,1469,26,7
2024-04-29,Emilia-Romagna,Altre job board,AZ_IT_BAKECA_LAVORO_ANNUNCI,21.76,2664,50,2
2024-04-29,Emilia-Romagna,Altre job board,AZ_IT_CAREERJET_CPC,10.90,1208,34,2
2024-04-29,Emilia-Romagna,Altre job board,AZ_IT_TALENT_COM_FEED,8.82,882,20,1
2024-04-29,Emilia-Romagna,Altre job board,AZ_IT_TROVOLAVORO_SPONSORED,14.43,1143,20,2
2024-04-29,Friuli-Venezia Giulia,Altre job board,AZ_IT_BAKECA_LAVORO_ANNUNCI,7.84,913,18,1
2024-04-29,Friuli-Venezia Giulia,Altre job board,AZ_IT_CAREERJET_CPC,2.97,316,8,0
2024-04-29,Friuli-Venezia Giulia,Altre job board,AZ_IT_TALENT_COM_FEED,3.01,308,7,0
2024-04-29,Friuli-Venezia Giulia,Altre job board,AZ_IT_TROVOLAVORO_SPONSORED,3.65,310,6,1
2024-04-29,Lazio,Altre job board,AZ_IT_BAKECA_LAVORO_ANNUNCI,23.43,2992,59,3
2024-04-29,Lazio,Altre job board,AZ_IT_CAREERJET_CPC,10.33,1178,30,2
2024-04-29,Lazio,Altre job board,AZ_IT_TALENT_COM_FEED,9.65,956,23,1
2024-04-29,Lazio,Altre job board,AZ_IT_TROVOLAVORO_SPONSORED,16.42,1364,23,4
2024-04-29,Liguria,Altre job board,AZ_IT_BAKECA_LAVORO_ANNUNCI,5.63,708,16,1
2024-04-29,Liguria,Altre job board,AZ_IT_CAREERJET_CPC,3.33,383,10,1
2024-04-29,Liguria,Altre job board,AZ_IT_TALENT_COM_FEED,2.80,285,6,0
2024-04-29,Liguria,Altre job board,AZ_IT_TROVOLAVORO_SPONSORED,4.67,392,6,1
2024-04-29,Lombardia,Altre job board,AZ_IT_BAKECA_LAVORO_ANNUNCI,34.21,4240,97,2
2024-04-29,Lombardia,Altre job board,AZ_IT_CAREERJET_CPC,16.49,1799,55,2
2024-04-29,Lombardia,Altre job board,AZ_IT_TALENT_COM_FEED,11.77,1218,32,1
2024-04-29,Lombardia,Altre job board,AZ_IT_TROVOLAVORO_SPONSORED,20.42,1664,32,4
2024-04-29,Marche,Altre job board,AZ_IT_BAKECA_LAVORO_ANNUNCI,6.30,810,17,1
2024-04-29,Marche,Altre job board,AZ_IT_CAREERJET_CPC,3.39,389,10,1
2024-04-29,Marche,Altre job board,AZ_IT_TALENT_COM_FEED,3.75,366,9,0
2024-04-29,Marche,Altre job board,AZ_IT_TROVOLAVORO_SPONSORED,5.82,493,9,1
2024-04-29,Molise,Altre job board,AZ_IT_BAKECA_LAVORO_ANNUNCI,0.80,100,2,0
2024-04-29,Molise,Altre job board,AZ_IT_CAREERJET_CPC,0.73,85,2,0
2024-04-29,Molise,Altre job board,AZ_IT_TALENT_COM_FEED,0.59,61,1,0
2024-04-29,Molise,Altre job board,AZ_IT_TROVOLAVORO_SPONSORED,0.80,65,1,0
2024-04-29,Piemonte,Altre job board,AZ_IT_BAKECA_LAVORO_ANNUNCI,10.70,1307,23,1
2024-04-29,Piemonte,Altre job board,AZ_IT_CAREERJET_CPC,10.52,1183,30,1
2024-04-29,Piemonte,Altre job board,AZ_IT_TALENT_COM_FEED,7.35,719,16,0
2024-04-29,Piemonte,Altre job board,AZ_IT_TROVOLAVORO_SPONSORED,25.09,2172,40,3
2024-04-29,Puglia,Altre job board,AZ_IT_BAKECA_LAVORO_ANNUNCI,20.30,2656,52,2
2024-04-29,Puglia,Altre job board,AZ_IT_CAREERJET_CPC,9.56,1066,27,1
2024-04-29,Puglia,Altre job board,AZ_IT_TALENT_COM_FEED,7.41,691,15,1
2024-04-29,Puglia,Altre job board,AZ_IT_TROVOLAVORO_SPONSORED,17.03,1436,23,2
2024-04-29,Sardegna,Altre job board,AZ_IT_BAKECA_LAVORO_ANNUNCI,3.89,498,10,1
2024-04-29,Sardegna,Altre job board,AZ_IT_CAREERJET_CPC,3.06,358,8,1
2024-04-29,Sardegna,Altre job board,AZ_IT_TALENT_COM_FEED,4.50,458,12,1
2024-04-29,Sardegna,Altre job board,AZ_IT_TROVOLAVORO_SPONSORED,3.68,300,5,1
2024-04-29,Sicilia,Altre job board,AZ_IT_BAKECA_LAVORO_ANNUNCI,12.42,1544,28,1
2024-04-29,Sicilia,Altre job board,AZ_IT_CAREERJET_CPC,9.77,1100,28,1
2024-04-29,Sicilia,Altre job board,AZ_IT_TALENT_COM_FEED,7.82,822,19,1
2024-04-29,Sicilia,Altre job board,AZ_IT_TROVOLAVORO_SPONSORED,13.35,1138,24,2
2024-04-29,Toscana,Altre job board,AZ_IT_BAKECA_LAVORO_ANNUNCI,7.63,947,21,1
2024-04-29,Toscana,Altre job board,AZ_IT_CAREERJET_CPC,8.31,942,21,2
2024-04-29,Toscana,Altre job board,AZ_IT_TALENT_COM_FEED,7.63,727,18,1
2024-04-29,Toscana,Altre job board,AZ_IT_TROVOLAVORO_SPONSORED,10.72,895,15,3
2024-04-29,Trentino-Alto Adige,Altre job board,AZ_IT_BAKECA_LAVORO_ANNUNCI,5.59,723,15,1
2024-04-29,Trentino-Alto Adige,Altre job board,AZ_IT_CAREERJET_CPC,5.27,598,17,1
2024-04-29,Trentino-Alto Adige,Altre job board,AZ_IT_TALENT_COM_FEED,3.57,355,9,1
2024-04-29,Trentino-Alto Adige,Altre job board,AZ_IT_TROVOLAVORO_SPONSORED,3.31,281,5,1
2024-04-29,Umbria,Altre job board,AZ_IT_BAKECA_LAVORO_ANNUNCI,5.34,662,13,0
2024-04-29,Umbria,Altre job board,AZ_IT_CAREERJET_CPC,1.63,183,4,0
2024-04-29,Umbria,Altre job board,AZ_IT_TALENT_COM_FEED,1.71,169,4,0
2024-04-29,Umbria,Altre job board,AZ_IT_TROVOLAVORO_SPONSORED,2.62,210,4,0
2024-04-29,Valle d'Aosta,Altre job board,AZ_IT_BAKECA_LAVORO_ANNUNCI,0.43,55,1,0
2024-04-29,Valle d'Aosta,Altre job board,AZ_IT_CAREERJET_CPC,0.27,29,1,0
2024-04-29,Valle d'Aosta,Altre job board,AZ_IT_TALENT_COM_FEED,0.25,24,1,0
2024-04-29,Valle d'Aosta,Altre job board,AZ_IT_TROVOLAVORO_SPONSORED,0.35,27,0,0
2024-04-29,Veneto,Altre job board,AZ_IT_BAKECA_LAVORO_ANNUNCI,24.37,2956,61,3
2024-04-29,Veneto,Altre job board,AZ_IT_CAREERJET_CPC,17.86,1813,43,3
2024-04-29,Veneto,Altre job board,AZ_IT_TALENT_COM_FEED,9.87,1063,27,1
2024-04-29,Veneto,Altre job board,AZ_IT_TROVOLAVORO_SPONSORED,16.66,1390,27,4
2024-05-06,Abruzzo,Altre job board,AZ_IT_BAKECA_LAVORO_ANNUNCI,18.76,2430,44,1
2024-05-06,Abruzzo,Altre job board,AZ_IT_CAREERJET_CPC,9.41,1046,26,1
2024-05-06,Abruzzo,Altre job board,AZ_IT_TALENT_COM_FEED,8.59,824,18,1
2024-05-06,Abruzzo,Altre job board,AZ_IT_TROVOLAVORO_SPONSORED,16.95,1376,23,2
2024-05-06,Basilicata,Altre job board,AZ_IT_BAKECA_LAVORO_ANNUNCI,9.94,1238,27,1
2024-05-06,Basilicata,Altre job board,AZ_IT_CAREERJET_CPC,4.63,523,13,0
2024-05-06,Basilicata,Altre job board,AZ_IT_TALENT_COM_FEED,3.45,350,9,0
2024-05-06,Basilicata,Altre job board,AZ_IT_TROVOLAVORO_SPONSORED,9.01,764,13,1
2024-05-06,Calabria,Altre job board,AZ_IT_BAKECA_LAVORO_ANNUNCI,22.18,2824,50,1
2024-05-06,Calabria,Altre job board,AZ_IT_CAREERJET_CPC,13.56,1514,37,1
2024-05-06,Calabria,Altre job board,AZ_IT_TALENT_COM_FEED,13.27,1326,35,1
2024-05-06,Calabria,Altre job board,AZ_IT_TROVOLAVORO_SPONSORED,18.93,1615,30,2
2024-05-06,Campania,Altre job board,AZ_IT_BAKECA_LAVORO_ANNUNCI,86.92,10850,229,9
2024-05-06,Campania,Altre job board,AZ_IT_CAREERJET_CPC,28.52,2983,90,4
2024-05-06,Campania,Altre job board,AZ_IT_TALENT_COM_FEED,30.60,3008,65,4
2024-05-06,Campania,Altre job board,AZ_IT_TROVOLAVORO_SPONSORED,47.54,3841,70,9
2024-05-06,Emilia-Romagna,Altre job board,AZ_IT_BAKECA_LAVORO_ANNUNCI,48.74,5893,115,2
2024-05-06,Emilia-Romagna,Altre job board,AZ_IT_CAREERJET_CPC,22.81,2418,65,1
2024-05-06,Emilia-Romagna,Altre job board,AZ_IT_TALENT_COM_FEED,45.01,4357,107,2
2024-05-06,Emilia-Romagna,Altre job board,AZ_IT_TROVOLAVORO_SPONSORED,54.48,4758,85,5
2024-05-06,Friuli-Venezia Giulia,Altre job board,AZ_IT_BAKECA_LAVORO_ANNUNCI,13.62,1738,31,1
2024-05-06,Friuli-Venezia Giulia,Altre job board,AZ_IT_CAREERJET_CPC,11.62,1275,34,1
2024-05-06,Friuli-Venezia Giulia,Altre job board,AZ_IT_TALENT_COM_FEED,6.63,678,15,0
2024-05-06,Friuli-Venezia Giulia,Altre job board,AZ_IT_TROVOLAVORO_SPONSORED,9.57,803,16,1
2024-05-06,Lazio,Altre job board,AZ_IT_BAKECA_LAVORO_ANNUNCI,116.94,14504,310,5
2024-05-06,Lazio,Altre job board,AZ_IT_CAREERJET_CPC,68.98,7461,202,4
2024-05-06,Lazio,Altre job board,AZ_IT_TALENT_COM_FEED,34.50,3431,85,2
2024-05-06,Lazio,Altre job board,AZ_IT_TROVOLAVORO_SPONSORED,65.25,5355,109,4
2024-05-06,Liguria,Altre job board,AZ_IT_BAKECA_LAVORO_ANNUNCI,18.42,2181,46,1
2024-05-06,Liguria,Altre job board,AZ_IT_CAREERJET_CPC,6.92,772,20,1
2024-05-06,Liguria,Altre job board,AZ_IT_TALENT_COM_FEED,6.62,667,16,0
2024-05-06,Liguria,Altre job board,AZ_IT_TROVOLAVORO_SPONSORED,22.10,1896,32,2
2024-05-06,Lombardia,Altre job board,AZ_IT_BAKECA_LAVORO_ANNUNCI,110.77,13603,246,4
2024-05-06,Lombardia,Altre job board,AZ_IT_CAREERJET_CPC,83.19,9590,238,4
2024-05-06,Lombardia,Altre job board,AZ_IT_TALENT_COM_FEED,68.62,6879,166,3
2024-05-06,Lombardia,Altre job board,AZ_IT_TROVOLAVORO_SPONSORED,67.09,5723,100,4
2024-05-06,Marche,Altre job board,AZ_IT_BAKECA_LAVORO_ANNUNCI,21.82,2639,55,1
2024-05-06,Marche,Altre job board,AZ_IT_CAREERJET_CPC,11.67,1355,33,1
2024-05-06,Marche,Altre job board,AZ_IT_TALENT_COM_FEED,5.66,578,13,0
2024-05-06,Marche,Altre job board,AZ_IT_TROVOLAVORO_SPONSORED,16.09,1330,25,2
2024-05-06,Molise,Altre job board,AZ_IT_BAKECA_LAVORO_ANNUNCI,3.65,478,9,0
2024-05-06,Molise,Altre job board,AZ_IT_CAREERJET_CPC,2.90,323,9,0
2024-05-06,Molise,Altre job board,AZ_IT_TALENT_COM_FEED,1.37,129,3,0
2024-05-06,Molise,Altre job board,AZ_IT_TROVOLAVORO_SPONSORED,6.51,520,10,0
2024-05-06,Piemonte,Altre job board,AZ_IT_BAKECA_LAVORO_ANNUNCI,45.02,5679,115,2
2024-05-06,Piemonte,Altre job board,AZ_IT_CAREERJET_CPC,54.82,6220,152,2
2024-05-06,Piemonte,Altre job board,AZ_IT_TALENT_COM_FEED,29.96,2826,70,1
2024-05-06,Piemonte,Altre job board,AZ_IT_TROVOLAVORO_SPONSORED,42.91,3438,58,3
2024-05-06,Puglia,Altre job board,AZ_IT_BAKECA_LAVORO_ANNUNCI,43.18,5531,109,2
2024-05-06,Puglia,Altre job board,AZ_IT_CAREERJET_CPC,18.96,2111,56,1
2024-05-06,Puglia,Altre job board,AZ_IT_TALENT_COM_FEED,29.73,3026,66,1
2024-05-06,Puglia,Altre job board,AZ_IT_TROVOLAVORO_SPONSORED,31.39,2607,50,2
2024-05-06,Sardegna,Altre job board,AZ_IT_BAKECA_LAVORO_ANNUNCI,20.66,2651,49,1
2024-05-06,Sardegna,Altre job board,AZ_IT_CAREERJET_CPC,19.96,2211,55,1
2024-05-06,Sardegna,Altre job board,AZ_IT_TALENT_COM_FEED,9.21,876,19,1
2024-05-06,Sardegna,Altre job board,AZ_IT_TROVOLAVORO_SPONSORED,25.23,2150,41,2
2024-05-06,Sicilia,Altre job board,AZ_IT_BAKECA_LAVORO_ANNUNCI,64.79,7803,164,2
2024-05-06,Sicilia,Altre job board,AZ_IT_CAREERJET_CPC,41.98,4640,100,2
2024-05-06,Sicilia,Altre job board,AZ_IT_TALENT_COM_FEED,29.92,3076,74,1
2024-05-06,Sicilia,Altre job board,AZ_IT_TROVOLAVORO_SPONSORED,44.97,3504,60,3
2024-05-06,Toscana,Altre job board,AZ_IT_BAKECA_LAVORO_ANNUNCI,54.91,7014,141,4
2024-05-06,Toscana,Altre job board,AZ_IT_CAREERJET_CPC,26.65,2971,77,3
2024-05-06,Toscana,Altre job board,AZ_IT_TALENT_COM_FEED,14.00,1377,38,1
2024-05-06,Toscana,Altre job board,AZ_IT_TROVOLAVORO_SPONSORED,28.57,2378,44,3
2024-05-06,Trentino-Alto Adige,Altre job board,AZ_IT_BAKECA_LAVORO_ANNUNCI,9.60,1195,21,1
2024-05-06,Trentino-Alto Adige,Altre job board,AZ_IT_CAREERJET_CPC,10.91,1216,32,2
2024-05-06,Trentino-Alto Adige,Altre job board,AZ_IT_TALENT_COM_FEED,7.33,711,18,1
2024-05-06,Trentino-Alto Adige,Altre job board,AZ_IT_TROVOLAVORO_SPONSORED,11.64,962,16,2
2024-05-06,Umbria,Altre job board,AZ_IT_BAKECA_LAVORO_ANNUNCI,9.44,1131,18,0
2024-05-06,Umbria,Altre job board,AZ_IT_CAREERJET_CPC,5.46,586,14,0
2024-05-06,Umbria,Altre job board,AZ_IT_TALENT_COM_FEED,3.66,376,9,0
2024-05-06,Umbria,Altre job board,AZ_IT_TROVOLAVORO_SPONSORED,14.03,1203,21,1
2024-05-06,Valle d'Aosta,Altre job board,AZ_IT_BAKECA_LAVORO_ANNUNCI,1.33,169,3,0
2024-05-06,Valle d'Aosta,Altre job board,AZ_IT_CAREERJET_CPC,0.50,55,1,0
2024-05-06,Valle d'Aosta,Altre job board,AZ_IT_TALENT_COM_FEED,0.62,64,2,0
2024-05-06,Valle d'Aosta,Altre job board,AZ_IT_TROVOLAVORO_SPONSORED,0.79,61,1,0
2024-05-06,Veneto,Altre job board,AZ_IT_BAKECA_LAVORO_ANNUNCI,63.10,7881,139,4
2024-05-06,Veneto,Altre job board,AZ_IT_CAREERJET_CPC,50.43,5634,150,6
2024-05-06,Veneto,Altre job board,AZ_IT_TALENT_COM_FEED,19.60,1978,48,2
2024-05-06,Veneto,Altre job board,AZ_IT_TROVOLAVORO_SPONSORED,59.90,5024,81,8
2024-05-13,Abruzzo,Altre job board,AZ_IT_BAKECA_LAVORO_ANNUNCI,4.12,538,12,1
2024-05-13,Abruzzo,Altre job board,AZ_IT_CAREERJET_CPC,3.27,351,9,1
2024-05-13,Abruzzo,Altre job board,AZ_IT_TALENT_COM_FEED,1.55,152,3,0
2024-05-13,Abruzzo,Altre job board,AZ_IT_TROVOLAVORO_SPONSORED,2.19,178,3,1
2024-05-13,Basilicata,Altre job board,AZ_IT_BAKECA_LAVORO_ANNUNCI,2.12,254,6,0
2024-05-13,Basilicata,Altre job board,AZ_IT_CAREERJET_CPC,0.99,110,3,0
2024-05-13,Basilicata,Altre job board,AZ_IT_TALENT_COM_FEED,1.23,123,3,0
2024-05-13,Basilicata,Altre job board,AZ_IT_TROVOLAVORO_SPONSORED,1.17,98,2,0
2024-05-13,Calabria,Altre job board,AZ_IT_BAKECA_LAVORO_ANNUNCI,7.25,946,17,1
2024-05-13,Calabria,Altre job board,AZ_IT_CAREERJET_CPC,5.51,623,16,1
2024-05-13,Calabria,Altre job board,AZ_IT_TALENT_COM_FEED,3.29,326,8,0
2024-05-13,Calabria,Altre job board,AZ_IT_TROVOLAVORO_SPONSORED,3.88,350,7,1
2024-05-13,Campania,Altre job board,AZ_IT_BAKECA_LAVORO_ANNUNCI,15.67,1936,33,2
2024-05-13,Campania,Altre job board,AZ_IT_CAREERJET_CPC,12.49,1412,38,3
2024-05-13,Campania,Altre job board,AZ_IT_TALENT_COM_FEED,5.55,531,12,1
2024-05-13,Campania,Altre job board,AZ_IT_TROVOLAVORO_SPONSORED,12.16,1063,20,4
2024-05-13,Emilia-Romagna,Altre job board,AZ_IT_BAKECA_LAVORO_ANNUNCI,15.02,1914,39,1
2024-05-13,Emilia-Romagna,Altre job board,AZ_IT_CAREERJET_CPC,12.61,1329,34,2
2024-05-13,Emilia-Romagna,Altre job board,AZ_IT_TALENT_COM_FEED,5.07,508,11,1
2024-05-13,Emilia-Romagna,Altre job board,AZ_IT_TROVOLAVORO_SPONSORED,11.61,972,16,2
2024-05-13,Friuli-Venezia Giulia,Altre job board,AZ_IT_BAKECA_LAVORO_ANNUNCI,4.02,488,9,0
2024-05-13,Friuli-Venezia Giulia,Altre job board,AZ_IT_CAREERJET_CPC,3.95,434,10,0
2024-05-13,Friuli-Venezia Giulia,Altre job board,AZ_IT_TALENT_COM_FEED,2.29,232,5,0
2024-05-13,Friuli-Venezia Giulia,Altre job board,AZ_IT_TROVOLAVORO_SPONSORED,2.96,234,4,1
2024-05-13,Lazio,Altre job board,AZ_IT_BAKECA_LAVORO_ANNUNCI,26.18,3565,75,3
2024-05-13,Lazio,Altre job board,AZ_IT_CAREERJET_CPC,15.81,1843,45,3
2024-05-13,Lazio,Altre job board,AZ_IT_TALENT_COM_FEED,8.11,806,19,1
2024-05-13,Lazio,Altre job board,AZ_IT_TROVOLAVORO_SPONSORED,8.38,683,12,1
2024-05-13,Liguria,Altre job board,AZ_IT_BAKECA_LAVORO_ANNUNCI,5.92,744,15,1
2024-05-13,Liguria,Altre job board,AZ_IT_CAREERJET_CPC,4.06,453,11,1
2024-05-13,Liguria,Altre job board,AZ_IT_TALENT_COM_FEED,2.33,244,6,0
2024-05-13,Liguria,Altre job board,AZ_IT_TROVOLAVORO_SPONSORED,3.62,312,6,1
2024-05-13,Lombardia,Altre job board,AZ_IT_BAKECA_LAVORO_ANNUNCI,43.13,5247,101,3
2024-05-13,Lombardia,Altre job board,AZ_IT_CAREERJET_CPC,18.96,2084,53,2
2024-05-13,Lombardia,Altre job board,AZ_IT_TALENT_COM_FEED,17.17,1666,41,1
2024-05-13,Lombardia,Altre job board,AZ_IT_TROVOLAVORO_SPONSORED,29.83,2453,45,3
2024-05-13,Marche,Altre job board,AZ_IT_BAKECA_LAVORO_ANNUNCI,5.47,678,14,0
2024-05-13,Marche,Altre job board,AZ_IT_CAREERJET_CPC,5.37,582,16,1
2024-05-13,Marche,Altre job board,AZ_IT_TALENT_COM_FEED,3.37,336,9,0
2024-05-13,Marche,Altre job board,AZ_IT_TROVOLAVORO_SPONSORED,3.41,273,4,1
2024-05-13,Molise,Altre job board,AZ_IT_BAKECA_LAVORO_ANNUNCI,0.66,79,1,0
2024-05-13,Molise,Altre job board,AZ_IT_CAREERJET_CPC,0.51,56,1,0
2024-05-13,Molise,Altre job board,AZ_IT_TALENT_COM_FEED,0.62,61,1,0
2024-05-13,Molise,Altre job board,AZ_IT_TROVOLAVORO_SPONSORED,0.67,56,1,0
2024-05-13,Piemonte,Altre job board,AZ_IT_BAKECA_LAVORO_ANNUNCI,13.92,1757,36,1
2024-05-13,Piemonte,Altre job board,AZ_IT_CAREERJET_CPC,10.05,1055,28,1
2024-05-13,Piemonte,Altre job board,AZ_IT_TALENT_COM_FEED,8.52,849,21,1
2024-05-13,Piemonte,Altre job board,AZ_IT_TROVOLAVORO_SPONSORED,10.33,853,15,1
2024-05-13,Puglia,Altre job board,AZ_IT_BAKECA_LAVORO_ANNUNCI,25.77,3109,56,2
2024-05-13,Puglia,Altre job board,AZ_IT_CAREERJET_CPC,9.66,1127,29,1
2024-05-13,Puglia,Altre job board,AZ_IT_TALENT_COM_FEED,7.91,748,20,1
2024-05-13,Puglia,Altre job board,AZ_IT_TROVOLAVORO_SPONSORED,11.27,974,17,1
2024-05-13,Sardegna,Altre job board,AZ_IT_BAKECA_LAVORO_ANNUNCI,4.11,511,10,0
2024-05-13,Sardegna,Altre job board,AZ_IT_CAREERJET_CPC,3.92,413,10,1
2024-05-13,Sardegna,Altre job board,AZ_IT_TALENT_COM_FEED,2.52,261,7,0
2024-05-13,Sardegna,Altre job board,AZ_IT_TROVOLAVORO_SPONSORED,2.34,189,3,1
2024-05-13,Sicilia,Altre job board,AZ_IT_BAKECA_LAVORO_ANNUNCI,14.45,1756,36,1
2024-05-13,Sicilia,Altre job board,AZ_IT_CAREERJET_CPC,12.24,1403,37,1
2024-05-13,Sicilia,Altre job board,AZ_IT_TALENT_COM_FEED,8.42,871,21,1
2024-05-13,Sicilia,Altre job board,AZ_IT_TROVOLAVORO_SPONSORED,12.83,1040,18,2
2024-05-13,Toscana,Altre job board,AZ_IT_BAKECA_LAVORO_ANNUNCI,10.32,1339,25,1
2024-05-13,Toscana,Altre job board,AZ_IT_CAREERJET_CPC,7.72,885,24,2
2024-05-13,Toscana,Altre job board,AZ_IT_TALENT_COM_FEED,6.03,609,15,1
2024-05-13,Toscana,Altre job board,AZ_IT_TROVOLAVORO_SPONSORED,5.65,478,8,1
2024-05-13,Trentino-Alto Adige,Altre job board,AZ_IT_BAKECA_LAVORO_ANNUNCI,3.07,403,8,1
2024-05-13,Trentino-Alto Adige,Altre job board,AZ_IT_CAREERJET_CPC,2.74,313,9,1
2024-05-13,Trentino-Alto Adige,Altre job board,AZ_IT_TALENT_COM_FEED,1.86,177,5,0
2024-05-13,Trentino-Alto Adige,Altre job board,AZ_IT_TROVOLAVORO_SPONSORED,2.08,175,3,1
2024-05-13,Umbria,Altre job board,AZ_IT_BAKECA_LAVORO_ANNUNCI,2.34,292,5,0
2024-05-13,Umbria,Altre job board,AZ_IT_CAREERJET_CPC,2.71,291,7,0
2024-05-13,Umbria,Altre job board,AZ_IT_TALENT_COM_FEED,2.02,206,5,0
2024-05-13,Umbria,Altre job board,AZ_IT_TROVOLAVORO_SPONSORED,1.24,104,2,0
2024-05-13,Valle d'Aosta,Altre job board,AZ_IT_BAKECA_LAVORO_ANNUNCI,0.48,61,1,0
2024-05-13,Valle d'Aosta,Altre job board,AZ_IT_CAREERJET_CPC,0.29,31,1,0
2024-05-13,Valle d'Aosta,Altre job board,AZ_IT_TALENT_COM_FEED,0.17,16,0,0
2024-05-13,Valle d'Aosta,Altre job board,AZ_IT_TROVOLAVORO_SPONSORED,0.27,23,0,0
2024-05-13,Veneto,Altre job board,AZ_IT_BAKECA_LAVORO_ANNUNCI,11.77,1470,28,2
2024-05-13,Veneto,Altre job board,AZ_IT_CAREERJET_CPC,11.30,1303,36,3
2024-05-13,Veneto,Altre job board,AZ_IT_TALENT_COM_FEED,9.18,884,19,2
2024-05-13,Veneto,Altre job board,AZ_IT_TROVOLAVORO_SPONSORED,6.45,573,11,2
2024-05-20,Abruzzo,Altre job board,AZ_IT_BAKECA_LAVORO_ANNUNCI,8.67,1075,24,1
2024-05-20,Abruzzo,Altre job board,AZ_IT_CAREERJET_CPC,5.30,592,14,1
2024-05-20,Abruzzo,Altre job board,AZ_IT_TALENT_COM_FEED,3.00,296,7,0
2024-05-20,Abruzzo,Altre job board,AZ_IT_TROVOLAVORO_SPONSORED,5.14,417,8,1
2024-05-20,Basilicata,Altre job board,AZ_IT_BAKECA_LAVORO_ANNUNCI,2.10,263,5,0
2024-05-20,Basilicata,Altre job board,AZ_IT_CAREERJET_CPC,1.62,180,5,0
2024-05-20,Basilicata,Altre job board,AZ_IT_TALENT_COM_FEED,1.39,138,4,0
2024-05-20,Basilicata,Altre job board,AZ_IT_TROVOLAVORO_SPONSORED,1.86,153,3,0
2024-05-20,Calabria,Altre job board,AZ_IT_BAKECA_LAVORO_ANNUNCI,7.63,986,18,0
2024-05-20,Calabria,Altre job board,AZ_IT_CAREERJET_CPC,7.55,860,23,1
2024-05-20,Calabria,Altre job board,AZ_IT_TALENT_COM_FEED,3.61,373,9,0
2024-05-20,Calabria,Altre job board,AZ_IT_TROVOLAVORO_SPONSORED,13.01,1131,20,1
2024-05-20,Campania,Altre job board,AZ_IT_BAKECA_LAVORO_ANNUNCI,15.81,1991,39,2
2024-05-20,Campania,Altre job board,AZ_IT_CAREERJET_CPC,20.96,2255,63,4
2024-05-20,Campania,Altre job board,AZ_IT_TALENT_COM_FEED,15.66,1606,38,2
2024-05-20,Campania,Altre job board,AZ_IT_TROVOLAVORO_SPONSORED,29.50,2412,40,7
2024-05-20,Emilia-Romagna,Altre job board,AZ_IT_BAKECA_LAVORO_ANNUNCI,35.17,4336,83,3
2024-05-20,Emilia-Romagna,Altre job board,AZ_IT_CAREERJET_CPC,14.86,1708,44,1
2024-05-20,Emilia-Romagna,Altre job board,AZ_IT_TALENT_COM_FEED,13.82,1422,35,1
2024-05-20,Emilia-Romagna,Altre job board,AZ_IT_TROVOLAVORO_SPONSORED,17.12,1474,24,2
2024-05-20,Friuli-Venezia Giulia,Altre job board,AZ_IT_BAKECA_LAVORO_ANNUNCI,7.48,968,20,1
2024-05-20,Friuli-Venezia Giulia,Altre job board,AZ_IT_CAREERJET_CPC,3.88,432,12,0
2024-05-20,Friuli-Venezia Giulia,Altre job board,AZ_IT_TALENT_COM_FEED,3.24,311,8,0
2024-05-20,Friuli-Venezia Giulia,Altre job board,AZ_IT_TROVOLAVORO_SPONSORED,4.10,345,6,1
2024-05-20,Lazio,Altre job board,AZ_IT_BAKECA_LAVORO_ANNUNCI,35.41,4360,97,2
2024-05-20,Lazio,Altre job board,AZ_IT_CAREERJET_CPC,20.78,2295,58,2
2024-05-20,Lazio,Altre job board,AZ_IT_TALENT_COM_FEED,16.29,1663,43,1
2024-05-20,Lazio,Altre job board,AZ_IT_TROVOLAVORO_SPONSORED,26.90,2127,41,3
2024-05-20,Liguria,Altre job board,AZ_IT_BAKECA_LAVORO_ANNUNCI,7.51,903,15,1
2024-05-20,Liguria,Altre job board,AZ_IT_CAREERJET_CPC,4.39,473,13,0
2024-05-20,Liguria,Altre job board,AZ_IT_TALENT_COM_FEED,5.86,551,14,1
2024-05-20,Liguria,Altre job board,AZ_IT_TROVOLAVORO_SPONSORED,4.20,342,6,1
2024-05-20,Lombardia,Altre job board,AZ_IT_BAKECA_LAVORO_ANNUNCI,64.90,7882,128,3
2024-05-20,Lombardia,Altre job board,AZ_IT_CAREERJET_CPC,29.67,3266,88,2
2024-05-20,Lombardia,Altre job board,AZ_IT_TALENT_COM_FEED,21.76,2129,56,1
2024-05-20,Lombardia,Altre job board,AZ_IT_TROVOLAVORO_SPONSORED,29.20,2435,49,3
2024-05-20,Marche,Altre job board,AZ_IT_BAKECA_LAVORO_ANNUNCI,8.13,1020,21,1
2024-05-20,Marche,Altre job board,AZ_IT_CAREERJET_CPC,4.65,514,14,1
2024-05-20,Marche,Altre job board,AZ_IT_TALENT_COM_FEED,4.64,472,10,0
2024-05-20,Marche,Altre job board,AZ_IT_TROVOLAVORO_SPONSORED,4.11,324,5,1
2024-05-20,Molise,Altre job board,AZ_IT_BAKECA_LAVORO_ANNUNCI,2.14,264,6,0
2024-05-20,Molise,Altre job board,AZ_IT_CAREERJET_CPC,0.84,92,2,0
2024-05-20,Molise,Altre job board,AZ_IT_TALENT_COM_FEED,1.06,108,3,0
2024-05-20,Molise,Altre job board,AZ_IT_TROVOLAVORO_SPONSORED,1.66,138,2,0
2024-05-20,Piemonte,Altre job board,AZ_IT_BAKECA_LAVORO_ANNUNCI,16.99,2262,48,1
2024-05-20,Piemonte,Altre job board,AZ_IT_CAREERJET_CPC,10.26,1136,28,1
2024-05-20,Piemonte,Altre job board,AZ_IT_TALENT_COM_FEED,8.01,794,18,1
2024-05-20,Piemonte,Altre job board,AZ_IT_TROVOLAVORO_SPONSORED,16.07,1302,24,1
2024-05-20,Puglia,Altre job board,AZ_IT_BAKECA_LAVORO_ANNUNCI,19.65,2459,47,1
2024-05-20,Puglia,Altre job board,AZ_IT_CAREERJET_CPC,15.89,1735,43,1
2024-05-20,Puglia,Altre job board,AZ_IT_TALENT_COM_FEED,9.32,916,22,1
2024-05-20,Puglia,Altre job board,AZ_IT_TROVOLAVORO_SPONSORED,10.61,857,15,1
2024-05-20,Sardegna,Altre job board,AZ_IT_BAKECA_LAVORO_ANNUNCI,8.01,993,20,1
2024-05-20,Sardegna,Altre job board,AZ_IT_CAREERJET_CPC,5.05,545,14,1
2024-05-20,Sardegna,Altre job board,AZ_IT_TALENT_COM_FEED,4.37,439,9,0
2024-05-20,Sardegna,Altre job board,AZ_IT_TROVOLAVORO_SPONSORED,5.55,532,9,1
2024-05-20,Sicilia,Altre job board,AZ_IT_BAKECA_LAVORO_ANNUNCI,29.27,3805,77,1
2024-05-20,Sicilia,Altre job board,AZ_IT_CAREERJET_CPC,29.66,3404,82,2
2024-05-20,Sicilia,Altre job board,AZ_IT_TALENT_COM_FEED,18.42,1769,40,1
2024-05-20,Sicilia,Altre job board,AZ_IT_TROVOLAVORO_SPONSORED,23.12,2005,35,2
2024-05-20,Toscana,Altre job board,AZ_IT_BAKECA_LAVORO_ANNUNCI,20.36,2514,53,1
2024-05-20,Toscana,Altre job board,AZ_IT_CAREERJET_CPC,14.37,1702,42,2
2024-05-20,Toscana,Altre job board,AZ_IT_TALENT_COM_FEED,8.70,866,21,1
2024-05-20,Toscana,Altre job board,AZ_IT_TROVOLAVORO_SPONSORED,18.60,1597,28,3
2024-05-20,Trentino-Alto Adige,Altre job board,AZ_IT_BAKECA_LAVORO_ANNUNCI,6.28,790,17,1
2024-05-20,Trentino-Alto Adige,Altre job board,AZ_IT_CAREERJET_CPC,3.22,377,10,1
2024-05-20,Trentino-Alto Adige,Altre job board,AZ_IT_TALENT_COM_FEED,3.27,327,8,1
2024-05-20,Trentino-Alto Adige,Altre job board,AZ_IT_TROVOLAVORO_SPONSORED,4.00,317,6,1
2024-05-20,Umbria,Altre job board,AZ_IT_BAKECA_LAVORO_ANNUNCI,5.33,701,14,0
2024-05-20,Umbria,Altre job board,AZ_IT_CAREERJET_CPC,4.55,498,12,0
2024-05-20,Umbria,Altre job board,AZ_IT_TALENT_COM_FEED,3.00,312,8,0
2024-05-20,Umbria,Altre job board,AZ_IT_TROVOLAVORO_SPONSORED,4.75,379,8,0
2024-05-20,Valle d'Aosta,Altre job board,AZ_IT_BAKECA_LAVORO_ANNUNCI,0.60,76,2,0
2024-05-20,Valle d'Aosta,Altre job board,AZ_IT_CAREERJET_CPC,0.38,42,1,0
2024-05-20,Valle d'Aosta,Altre job board,AZ_IT_TALENT_COM_FEED,0.21,22,1,0
2024-05-20,Valle d'Aosta,Altre job board,AZ_IT_TROVOLAVORO_SPONSORED,0.32,27,1,0
2024-05-20,Veneto,Altre job board,AZ_IT_BAKECA_LAVORO_ANNUNCI,24.70,3204,67,3
2024-05-20,Veneto,Altre job board,AZ_IT_CAREERJET_CPC,14.81,1685,45,2
2024-05-20,Veneto,Altre job board,AZ_IT_TALENT_COM_FEED,9.11,957,26,1
2024-05-20,Veneto,Altre job board,AZ_IT_TROVOLAVORO_SPONSORED,20.55,1579,30,3
2024-05-27,Abruzzo,Altre job board,AZ_IT_BAKECA_LAVORO_ANNUNCI,15.79,1949,36,1
2024-05-27,Abruzzo,Altre job board,AZ_IT_CAREERJET_CPC,5.71,615,16,1
2024-05-27,Abruzzo,Altre job board,AZ_IT_TALENT_COM_FEED,4.66,472,11,1
2024-05-27,Abruzzo,Altre job board,AZ_IT_TROVOLAVORO_SPONSORED,11.00,889,18,2
2024-05-27,Basilicata,Altre job board,AZ_IT_BAKECA_LAVORO_ANNUNCI,6.80,795,17,0
2024-05-27,Basilicata,Altre job board,AZ_IT_CAREERJET_CPC,2.65,297,8,0
2024-05-27,Basilicata,Altre job board,AZ_IT_TALENT_COM_FEED,2.79,271,6,0
2024-05-27,Basilicata,Altre job board,AZ_IT_TROVOLAVORO_SPONSORED,5.50,445,7,1
2024-05-27,Calabria,Altre job board,AZ_IT_BAKECA_LAVORO_ANNUNCI,21.58,2677,54,1
2024-05-27,Calabria,Altre job board,AZ_IT_CAREERJET_CPC,7.78,834,19,1
2024-05-27,Calabria,Altre job board,AZ_IT_TALENT_COM_FEED,5.92,576,15,0
2024-05-27,Calabria,Altre job board,AZ_IT_TROVOLAVORO_SPONSORED,17.06,1399,29,2
2024-05-27,Campania,Altre job board,AZ_IT_BAKECA_LAVORO_ANNUNCI,52.51,6644,144,5
2024-05-27,Campania,Altre job board,AZ_IT_CAREERJET_CPC,35.54,3863,95,5
2024-05-27,Campania,Altre job board,AZ_IT_TALENT_COM_FEED,25.98,2673,61,3
2024-05-27,Campania,Altre job board,AZ_IT_TROVOLAVORO_SPONSORED,51.86,4461,87,8
2024-05-27,Emilia-Romagna,Altre job board,AZ_IT_BAKECA_LAVORO_ANNUNCI,35.38,4727,91,2
2024-05-27,Emilia-Romagna,Altre job board,AZ_IT_CAREERJET_CPC,25.32,2816,80,2
2024-05-27,Emilia-Romagna,Altre job board,AZ_IT_TALENT_COM_FEED,12.50,1281,31,1
2024-05-27,Emilia-Romagna,Altre job board,AZ_IT_TROVOLAVORO_SPONSORED,37.91,3298,54,4
2024-05-27,Friuli-Venezia Giulia,Altre job board,AZ_IT_BAKECA_LAVORO_ANNUNCI,10.97,1325,28,1
2024-05-27,Friuli-Venezia Giulia,Altre job board,AZ_IT_CAREERJET_CPC,6.25,667,17,0
2024-05-27,Friuli-Venezia Giulia,Altre job board,AZ_IT_TALENT_COM_FEED,4.38,433,11,0
2024-05-27,Friuli-Venezia Giulia,Altre job board,AZ_IT_TROVOLAVORO_SPONSORED,10.63,901,18,1
2024-05-27,Lazio,Altre job board,AZ_IT_BAKECA_LAVORO_ANNUNCI,108.87,14120,298,6
2024-05-27,Lazio,Altre job board,AZ_IT_CAREERJET_CPC,30.07,3303,86,2
2024-05-27,Lazio,Altre job board,AZ_IT_TALENT_COM_FEED,16.25,1591,41,1
2024-05-27,Lazio,Altre job board,AZ_IT_TROVOLAVORO_SPONSORED,45.51,3642,71,4
2024-05-27,Liguria,Altre job board,AZ_IT_BAKECA_LAVORO_ANNUNCI,13.48,1716,37,1
2024-05-27,Liguria,Altre job board,AZ_IT_CAREERJET_CPC,15.52,1802,43,1
2024-05-27,Liguria,Altre job board,AZ_IT_TALENT_COM_FEED,6.96,694,21,0
2024-05-27,Liguria,Altre job board,AZ_IT_TROVOLAVORO_SPONSORED,14.21,1143,22,2
2024-05-27,Lombardia,Altre job board,AZ_IT_BAKECA_LAVORO_ANNUNCI,79.02,9978,188,3
2024-05-27,Lombardia,Altre job board,AZ_IT_CAREERJET_CPC,39.29,4390,104,3
2024-05-27,Lombardia,Altre job board,AZ_IT_TALENT_COM_FEED,32.13,3226,75,1
2024-05-27,Lombardia,Altre job board,AZ_IT_TROVOLAVORO_SPONSORED,76.65,6610,105,6
2024-05-27,Marche,Altre job board,AZ_IT_BAKECA_LAVORO_ANNUNCI,18.24,2277,50,1
2024-05-27,Marche,Altre job board,AZ_IT_CAREERJET_CPC,6.38,716,19,0
2024-05-27,Marche,Altre job board,AZ_IT_TALENT_COM_FEED,9.64,931,24,1
2024-05-27,Marche,Altre job board,AZ_IT_TROVOLAVORO_SPONSORED,8.94,761,14,1
2024-05-27,Molise,Altre job board,AZ_IT_BAKECA_LAVORO_ANNUNCI,4.28,545,9,0
2024-05-27,Molise,Altre job board,AZ_IT_CAREERJET_CPC,0.97,115,3,0
2024-05-27,Molise,Altre job board,AZ_IT_TALENT_COM_FEED,1.09,104,2,0
2024-05-27,Molise,Altre job board,AZ_IT_TROVOLAVORO_SPONSORED,2.34,201,4,0
2024-05-27,Piemonte,Altre job board,AZ_IT_BAKECA_LAVORO_ANNUNCI,52.27,6600,118,2
2024-05-27,Piemonte,Altre job board,AZ_IT_CAREERJET_CPC,28.89,3235,77,2
2024-05-27,Piemonte,Altre job board,AZ_IT_TALENT_COM_FEED,20.41,2129,53,1
2024-05-27,Piemonte,Altre job board,AZ_IT_TROVOLAVORO_SPONSORED,29.54,2377,43,2
2024-05-27,Puglia,Altre job board,AZ_IT_BAKECA_LAVORO_ANNUNCI,38.74,4829,95,2
2024-05-27,Puglia,Altre job board,AZ_IT_CAREERJET_CPC,21.62,2383,64,1
2024-05-27,Puglia,Altre job board,AZ_IT_TALENT_COM_FEED,17.80,1723,41,1
2024-05-27,Puglia,Altre job board,AZ_IT_TROVOLAVORO_SPONSORED,19.21,1577,31,2
2024-05-27,Sardegna,Altre job board,AZ_IT_BAKECA_LAVORO_ANNUNCI,12.55,1547,35,1
2024-05-27,Sardegna,Altre job board,AZ_IT_CAREERJET_CPC,6.58,714,20,1
2024-05-27,Sardegna,Altre job board,AZ_IT_TALENT_COM_FEED,10.67,1042,24,1
2024-05-27,Sardegna,Altre job board,AZ_IT_TROVOLAVORO_SPONSORED,13.31,1149,21,2
2024-05-27,Sicilia,Altre job board,AZ_IT_BAKECA_LAVORO_ANNUNCI,70.03,8955,182,3
2024-05-27,Sicilia,Altre job board,AZ_IT_CAREERJET_CPC,43.63,5131,125,3
2024-05-27,Sicilia,Altre job board,AZ_IT_TALENT_COM_FEED,17.53,1735,45,1
2024-05-27,Sicilia,Altre job board,AZ_IT_TROVOLAVORO_SPONSORED,33.29,2843,49,3
2024-05-27,Toscana,Altre job board,AZ_IT_BAKECA_LAVORO_ANNUNCI,34.99,4289,68,3
2024-05-27,Toscana,Altre job board,AZ_IT_CAREERJET_CPC,17.88,1958,53,2
2024-05-27,Toscana,Altre job board,AZ_IT_TALENT_COM_FEED,11.22,1142,27,1
2024-05-27,Toscana,Altre job board,AZ_IT_TROVOLAVORO_SPONSORED,32.92,2812,52,4
2024-05-27,Trentino-Alto Adige,Altre job board,AZ_IT_BAKECA_LAVORO_ANNUNCI,9.37,1138,23,1
2024-05-27,Trentino-Alto Adige,Altre job board,AZ_IT_CAREERJET_CPC,7.47,836,24,1
2024-05-27,Trentino-Alto Adige,Altre job board,AZ_IT_TALENT_COM_FEED,4.27,440,10,1
2024-05-27,Trentino-Alto Adige,Altre job board,AZ_IT_TROVOLAVORO_SPONSORED,8.72,737,13,2
2024-05-27,Umbria,Altre job board,AZ_IT_BAKECA_LAVORO_ANNUNCI,11.05,1456,28,1
2024-05-27,Umbria,Altre job board,AZ_IT_CAREERJET_CPC,3.51,404,11,0
2024-05-27,Umbria,Altre job board,AZ_IT_TALENT_COM_FEED,4.41,423,10,0
2024-05-27,Umbria,Altre job board,AZ_IT_TROVOLAVORO_SPONSORED,8.97,730,13,1
2024-05-27,Valle d'Aosta,Altre job board,AZ_IT_BAKECA_LAVORO_ANNUNCI,1.48,180,4,0
2024-05-27,Valle d'Aosta,Altre job board,AZ_IT_CAREERJET_CPC,0.57,61,2,0
2024-05-27,Valle d'Aosta,Altre job board,AZ_IT_TALENT_COM_FEED,0.50,52,1,0
2024-05-27,Valle d'Aosta,Altre job board,AZ_IT_TROVOLAVORO_SPONSORED,1.21,103,2,0
2024-05-27,Veneto,Altre job board,AZ_IT_BAKECA_LAVORO_ANNUNCI,42.73,5436,115,4
2024-05-27,Veneto,Altre job board,AZ_IT_CAREERJET_CPC,32.70,3716,93,4
2024-05-27,Veneto,Altre job board,AZ_IT_TALENT_COM_FEED,26.97,2585,66,3
2024-05-27,Veneto,Altre job board,AZ_IT_TROVOLAVORO_SPONSORED,28.73,2404,40,5
2024-06-03,Abruzzo,Altre job board,AZ_IT_BAKECA_LAVORO_ANNUNCI,57.56,7037,143,3
2024-06-03,Abruzzo,Altre job board,AZ_IT_CAREERJET_CPC,18.04,1979,55,1
2024-06-03,Abruzzo,Altre job board,AZ_IT_TALENT_COM_FEED,14.95,1543,35,1
2024-06-03,Abruzzo,Altre job board,AZ_IT_TROVOLAVORO_SPONSORED,40.78,3333,54,3
2024-06-03,Basilicata,Altre job board,AZ_IT_BAKECA_LAVORO_ANNUNCI,10.44,1303,26,0
2024-06-03,Basilicata,Altre job board,AZ_IT_CAREERJET_CPC,6.66,700,20,0
2024-06-03,Basilicata,Altre job board,AZ_IT_TALENT_COM_FEED,12.70,1275,26,1
2024-06-03,Basilicata,Altre job board,AZ_IT_TROVOLAVORO_SPONSORED,10.46,853,14,1
2024-06-03,Calabria,Altre job board,AZ_IT_BAKECA_LAVORO_ANNUNCI,63.22,8104,174,2
2024-06-03,Calabria,Altre job board,AZ_IT_CAREERJET_CPC,21.88,2359,56,1
2024-06-03,Calabria,Altre job board,AZ_IT_TALENT_COM_FEED,37.44,3929,90,1
2024-06-03,Calabria,Altre job board,AZ_IT_TROVOLAVORO_SPONSORED,36.21,3029,60,2
2024-06-03,Campania,Altre job board,AZ_IT_BAKECA_LAVORO_ANNUNCI,163.08,20420,423,9
2024-06-03,Campania,Altre job board,AZ_IT_CAREERJET_CPC,77.35,8970,244,7
2024-06-03,Campania,Altre job board,AZ_IT_TALENT_COM_FEED,94.90,9817,207,5
2024-06-03,Campania,Altre job board,AZ_IT_TROVOLAVORO_SPONSORED,139.66,11600,214,14
2024-06-03,Emilia-Romagna,Altre job board,AZ_IT_BAKECA_LAVORO_ANNUNCI,85.18,10494,214,3
2024-06-03,Emilia-Romagna,Altre job board,AZ_IT_CAREERJET_CPC,101.77,11395,279,4
2024-06-03,Emilia-Romagna,Altre job board,AZ_IT_TALENT_COM_FEED,76.74,7822,170,3
2024-06-03,Emilia-Romagna,Altre job board,AZ_IT_TROVOLAVORO_SPONSORED,106.97,8799,146,5
2024-06-03,Friuli-Venezia Giulia,Altre job board,AZ_IT_BAKECA_LAVORO_ANNUNCI,42.96,5218,101,1
2024-06-03,Friuli-Venezia Giulia,Altre job board,AZ_IT_CAREERJET_CPC,27.19,2972,68,1
2024-06-03,Friuli-Venezia Giulia,Altre job board,AZ_IT_TALENT_COM_FEED,13.43,1346,34,0
2024-06-03,Friuli-Venezia Giulia,Altre job board,AZ_IT_TROVOLAVORO_SPONSORED,24.78,2061,39,1
2024-06-03,Lazio,Altre job board,AZ_IT_BAKECA_LAVORO_ANNUNCI,190.69,22823,445,6
2024-06-03,Lazio,Altre job board,AZ_IT_CAREERJET_CPC,101.51,11192,268,5
2024-06-03,Lazio,Altre job board,AZ_IT_TALENT_COM_FEED,46.71,4439,106,2
2024-06-03,Lazio,Altre job board,AZ_IT_TROVOLAVORO_SPONSORED,137.29,11230,220,7
2024-06-03,Liguria,Altre job board,AZ_IT_BAKECA_LAVORO_ANNUNCI,44.46,5659,109,2
2024-06-03,Liguria,Altre job board,AZ_IT_CAREERJET_CPC,19.88,2108,57,1
2024-06-03,Liguria,Altre job board,AZ_IT_TALENT_COM_FEED,13.64,1393,32,1
2024-06-03,Liguria,Altre job board,AZ_IT_TROVOLAVORO_SPONSORED,34.42,2900,50,2
2024-06-03,Lombardia,Altre job board,AZ_IT_BAKECA_LAVORO_ANNUNCI,372.43,48373,966,8
2024-06-03,Lombardia,Altre job board,AZ_IT_CAREERJET_CPC,207.08,23132,548,7
2024-06-03,Lombardia,Altre job board,AZ_IT_TALENT_COM_FEED,136.61,13619,329,4
2024-06-03,Lombardia,Altre job board,AZ_IT_TROVOLAVORO_SPONSORED,164.57,13838,240,6
2024-06-03,Marche,Altre job board,AZ_IT_BAKECA_LAVORO_ANNUNCI,34.20,4261,83,1
2024-06-03,Marche,Altre job board,AZ_IT_CAREERJET_CPC,26.01,2801,74,1
2024-06-03,Marche,Altre job board,AZ_IT_TALENT_COM_FEED,18.62,1872,41,1
2024-06-03,Marche,Altre job board,AZ_IT_TROVOLAVORO_SPONSORED,46.57,3924,68,2
2024-06-03,Molise,Altre job board,AZ_IT_BAKECA_LAVORO_ANNUNCI,6.86,825,17,0
2024-06-03,Molise,Altre job board,AZ_IT_CAREERJET_CPC,4.20,473,12,0
2024-06-03,Molise,Altre job board,AZ_IT_TALENT_COM_FEED,5.70,547,12,0
2024-06-03,Molise,Altre job board,AZ_IT_TROVOLAVORO_SPONSORED,6.74,530,10,0
2024-06-03,Piemonte,Altre job board,AZ_IT_BAKECA_LAVORO_ANNUNCI,107.64,14040,270,2
2024-06-03,Piemonte,Altre job board,AZ_IT_CAREERJET_CPC,68.46,7554,181,2
2024-06-03,Piemonte,Altre job board,AZ_IT_TALENT_COM_FEED,70.14,6733,176,2
2024-06-03,Piemonte,Altre job board,AZ_IT_TROVOLAVORO_SPONSORED,123.64,9989,166,5
2024-06-03,Puglia,Altre job board,AZ_IT_BAKECA_LAVORO_ANNUNCI,88.96,10481,217,2
2024-06-03,Puglia,Altre job board,AZ_IT_CAREERJET_CPC,94.04,10362,279,4
2024-06-03,Puglia,Altre job board,AZ_IT_TALENT_COM_FEED,46.58,4628,99,1
2024-06-03,Puglia,Altre job board,AZ_IT_TROVOLAVORO_SPONSORED,104.30,8438,159,5
2024-06-03,Sardegna,Altre job board,AZ_IT_BAKECA_LAVORO_ANNUNCI,54.65,6861,130,1
2024-06-03,Sardegna,Altre job board,AZ_IT_CAREERJET_CPC,20.21,2326,56,1
2024-06-03,Sardegna,Altre job board,AZ_IT_TALENT_COM_FEED,25.62,2540,58,1
2024-06-03,Sardegna,Altre job board,AZ_IT_TROVOLAVORO_SPONSORED,73.26,5813,104,4
2024-06-03,Sicilia,Altre job board,AZ_IT_BAKECA_LAVORO_ANNUNCI,156.25,19307,380,4
2024-06-03,Sicilia,Altre job board,AZ_IT_CAREERJET_CPC,81.78,9318,254,3
2024-06-03,Sicilia,Altre job board,AZ_IT_TALENT_COM_FEED,70.89,6952,160,2
2024-06-03,Sicilia,Altre job board,AZ_IT_TROVOLAVORO_SPONSORED,75.90,6592,122,4
2024-06-03,Toscana,Altre job board,AZ_IT_BAKECA_LAVORO_ANNUNCI,129.50,17312,348,5
2024-06-03,Toscana,Altre job board,AZ_IT_CAREERJET_CPC,54.14,6061,161,3
2024-06-03,Toscana,Altre job board,AZ_IT_TALENT_COM_FEED,79.92,7918,158,2
2024-06-03,Toscana,Altre job board,AZ_IT_TROVOLAVORO_SPONSORED,102.47,8580,160,7
2024-06-03,Trentino-Alto Adige,Altre job board,AZ_IT_BAKECA_LAVORO_ANNUNCI,44.28,5564,119,3
2024-06-03,Trentino-Alto Adige,Altre job board,AZ_IT_CAREERJET_CPC,17.05,1893,45,1
2024-06-03,Trentino-Alto Adige,Altre job board,AZ_IT_TALENT_COM_FEED,13.11,1325,34,1
2024-06-03,Trentino-Alto Adige,Altre job board,AZ_IT_TROVOLAVORO_SPONSORED,28.24,2300,42,3
2024-06-03,Umbria,Altre job board,AZ_IT_BAKECA_LAVORO_ANNUNCI,19.57,2437,45,1
2024-06-03,Umbria,Altre job board,AZ_IT_CAREERJET_CPC,18.99,2118,58,1
2024-06-03,Umbria,Altre job board,AZ_IT_TALENT_COM_FEED,13.12,1368,38,0
2024-06-03,Umbria,Altre job board,AZ_IT_TROVOLAVORO_SPONSORED,15.63,1274,23,1
2024-06-03,Valle d'Aosta,Altre job board,AZ_IT_BAKECA_LAVORO_ANNUNCI,3.85,474,9,0
2024-06-03,Valle d'Aosta,Altre job board,AZ_IT_CAREERJET_CPC,2.04,224,5,0
2024-06-03,Valle d'Aosta,Altre job board,AZ_IT_TALENT_COM_FEED,2.68,279,7,0
2024-06-03,Valle d'Aosta,Altre job board,AZ_IT_TROVOLAVORO_SPONSORED,3.92,311,5,0
2024-06-03,Veneto,Altre job board,AZ_IT_BAKECA_LAVORO_ANNUNCI,126.34,16340,359,5
2024-06-03,Veneto,Altre job board,AZ_IT_CAREERJET_CPC,80.67,9827,279,4
2024-06-03,Veneto,Altre job board,AZ_IT_TALENT_COM_FEED,81.08,7888,194,4
2024-06-03,Veneto,Altre job board,AZ_IT_TROVOLAVORO_SPONSORED,138.32,10862,198,12
2024-06-10,Abruzzo,Altre job board,AZ_IT_BAKECA_LAVORO_ANNUNCI,13.61,1776,36,1
2024-06-10,Abruzzo,Altre job board,AZ_IT_CAREERJET_CPC,11.48,1277,36,2
2024-06-10,Abruzzo,Altre job board,AZ_IT_TALENT_COM_FEED,6.51,658,16,1
2024-06-10,Abruzzo,Altre job board,AZ_IT_TROVOLAVORO_SPONSORED,9.68,815,16,2
2024-06-10,Basilicata,Altre job board,AZ_IT_BAKECA_LAVORO_ANNUNCI,5.49,636,13,0
2024-06-10,Basilicata,Altre job board,AZ_IT_CAREERJET_CPC,3.90,430,10,0
2024-06-10,Basilicata,Altre job board,AZ_IT_TALENT_COM_FEED,1.59,162,4,0
2024-06-10,Basilicata,Altre job board,AZ_IT_TROVOLAVORO_SPONSORED,4.46,399,7,1
2024-06-10,Calabria,Altre job board,AZ_IT_BAKECA_LAVORO_ANNUNCI,23.33,2985,52,2
2024-06-10,Calabria,Altre job board,AZ_IT_CAREERJET_CPC,11.02,1212,31,1
2024-06-10,Calabria,Altre job board,AZ_IT_TALENT_COM_FEED,7.87,757,18,1
2024-06-10,Calabria,Altre job board,AZ_IT_TROVOLAVORO_SPONSORED,14.27,1216,20,1
2024-06-10,Campania,Altre job board,AZ_IT_BAKECA_LAVORO_ANNUNCI,42.56,5391,106,6
2024-06-10,Campania,Altre job board,AZ_IT_CAREERJET_CPC,33.48,3676,91,7
2024-06-10,Campania,Altre job board,AZ_IT_TALENT_COM_FEED,15.75,1586,37,3
2024-06-10,Campania,Altre job board,AZ_IT_TROVOLAVORO_SPONSORED,37.72,3143,58,9
2024-06-10,Emilia-Romagna,Altre job board,AZ_IT_BAKECA_LAVORO_ANNUNCI,52.05,6520,120,4
2024-06-10,Emilia-Romagna,Altre job board,AZ_IT_CAREERJET_CPC,26.81,2961,81,2
2024-06-10,Emilia-Romagna,Altre job board,AZ_IT_TALENT_COM_FEED,17.72,1670,37,2
2024-06-10,Emilia-Romagna,Altre job board,AZ_IT_TROVOLAVORO_SPONSORED,22.63,1837,37,3
2024-06-10,Friuli-Venezia Giulia,Altre job board,AZ_IT_BAKECA_LAVORO_ANNUNCI,11.73,1560,30,1
2024-06-10,Friuli-Venezia Giulia,Altre job board,AZ_IT_CAREERJET_CPC,5.01,568,14,1
2024-06-10,Friuli-Venezia Giulia,Altre job board,AZ_IT_TALENT_COM_FEED,4.21,401,9,0
2024-06-10,Friuli-Venezia Giulia,Altre job board,AZ_IT_TROVOLAVORO_SPONSORED,8.87,733,13,1
2024-06-10,Lazio,Altre job board,AZ_IT_BAKECA_LAVORO_ANNUNCI,73.87,9545,189,5
2024-06-10,Lazio,Altre job board,AZ_IT_CAREERJET_CPC,35.85,3960,109,4
2024-06-10,Lazio,Altre job board,AZ_IT_TALENT_COM_FEED,15.79,1614,43,1
2024-06-10,Lazio,Altre job board,AZ_IT_TROVOLAVORO_SPONSORED,28.90,2252,42,4
2024-06-10,Liguria,Altre job board,AZ_IT_BAKECA_LAVORO_ANNUNCI,13.87,1732,35,1
2024-06-10,Liguria,Altre job board,AZ_IT_CAREERJET_CPC,11.02,1240,34,1
2024-06-10,Liguria,Altre job board,AZ_IT_TALENT_COM_FEED,7.39,718,17,1
2024-06-10,Liguria,Altre job board,AZ_IT_TROVOLAVORO_SPONSORED,8.16,675,14,1
2024-06-10,Lombardia,Altre job board,AZ_IT_BAKECA_LAVORO_ANNUNCI,75.42,9234,182,5
2024-06-10,Lombardia,Altre job board,AZ_IT_CAREERJET_CPC,42.61,4609,134,4
2024-06-10,Lombardia,Altre job board,AZ_IT_TALENT_COM_FEED,29.99,2925,73,2
2024-06-10,Lombardia,Altre job board,AZ_IT_TROVOLAVORO_SPONSORED,70.35,5797,103,8
2024-06-10,Marche,Altre job board,AZ_IT_BAKECA_LAVORO_ANNUNCI,13.50,1587,31,1
2024-06-10,Marche,Altre job board,AZ_IT_CAREERJET_CPC,12.37,1371,38,1
2024-06-10,Marche,Altre job board,AZ_IT_TALENT_COM_FEED,8.57,845,18,1
2024-06-10,Marche,Altre job board,AZ_IT_TROVOLAVORO_SPONSORED,12.99,1031,16,1
2024-06-10,Molise,Altre job board,AZ_IT_BAKECA_LAVORO_ANNUNCI,3.42,421,9,0
2024-06-10,Molise,Altre job board,AZ_IT_CAREERJET_CPC,2.10,234,6,0
2024-06-10,Molise,Altre job board,AZ_IT_TALENT_COM_FEED,1.17,118,3,0
2024-06-10,Molise,Altre job board,AZ_IT_TROVOLAVORO_SPONSORED,2.02,159,3,0
2024-06-10,Piemonte,Altre job board,AZ_IT_BAKECA_LAVORO_ANNUNCI,41.28,4937,98,2
2024-06-10,Piemonte,Altre job board,AZ_IT_CAREERJET_CPC,22.15,2453,71,1
2024-06-10,Piemonte,Altre job board,AZ_IT_TALENT_COM_FEED,22.44,2251,53,1
2024-06-10,Piemonte,Altre job board,AZ_IT_TROVOLAVORO_SPONSORED,46.08,3885,72,3
2024-06-10,Puglia,Altre job board,AZ_IT_BAKECA_LAVORO_ANNUNCI,33.83,4362,91,2
2024-06-10,Puglia,Altre job board,AZ_IT_CAREERJET_CPC,22.61,2520,71,2
2024-06-10,Puglia,Altre job board,AZ_IT_TALENT_COM_FEED,25.24,2585,69,2
2024-06-10,Puglia,Altre job board,AZ_IT_TROVOLAVORO_SPONSORED,28.36,2253,41,3
2024-06-10,Sardegna,Altre job board,AZ_IT_BAKECA_LAVORO_ANNUNCI,9.76,1196,23,1
2024-06-10,Sardegna,Altre job board,AZ_IT_CAREERJET_CPC,9.95,1154,29,2
2024-06-10,Sardegna,Altre job board,AZ_IT_TALENT_COM_FEED,5.26,517,12,1
2024-06-10,Sardegna,Altre job board,AZ_IT_TROVOLAVORO_SPONSORED,6.46,570,10,1
2024-06-10,Sicilia,Altre job board,AZ_IT_BAKECA_LAVORO_ANNUNCI,56.78,6924,151,3
2024-06-10,Sicilia,Altre job board,AZ_IT_CAREERJET_CPC,26.74,2972,74,2
2024-06-10,Sicilia,Altre job board,AZ_IT_TALENT_COM_FEED,20.66,2082,55,1
2024-06-10,Sicilia,Altre job board,AZ_IT_TROVOLAVORO_SPONSORED,47.38,3753,68,4
2024-06-10,Toscana,Altre job board,AZ_IT_BAKECA_LAVORO_ANNUNCI,29.27,3857,83,3
2024-06-10,Toscana,Altre job board,AZ_IT_CAREERJET_CPC,23.77,2433,64,3
2024-06-10,Toscana,Altre job board,AZ_IT_TALENT_COM_FEED,16.84,1624,39,2
2024-06-10,Toscana,Altre job board,AZ_IT_TROVOLAVORO_SPONSORED,37.21,3171,54,5
2024-06-10,Trentino-Alto Adige,Altre job board,AZ_IT_BAKECA_LAVORO_ANNUNCI,13.25,1659,31,2
2024-06-10,Trentino-Alto Adige,Altre job board,AZ_IT_CAREERJET_CPC,5.82,649,18,1
2024-06-10,Trentino-Alto Adige,Altre job board,AZ_IT_TALENT_COM_FEED,6.47,678,16,1
2024-06-10,Trentino-Alto Adige,Altre job board,AZ_IT_TROVOLAVORO_SPONSORED,10.02,786,14,2
2024-06-10,Umbria,Altre job board,AZ_IT_BAKECA_LAVORO_ANNUNCI,7.23,883,18,0
2024-06-10,Umbria,Altre job board,AZ_IT_CAREERJET_CPC,6.16,698,18,0
2024-06-10,Umbria,Altre job board,AZ_IT_TALENT_COM_FEED,1.91,184,4,0
2024-06-10,Umbria,Altre job board,AZ_IT_TROVOLAVORO_SPONSORED,6.54,551,10,1
2024-06-10,Valle d'Aosta,Altre job board,AZ_IT_BAKECA_LAVORO_ANNUNCI,1.68,215,5,0
2024-06-10,Valle d'Aosta,Altre job board,AZ_IT_CAREERJET_CPC,0.68,81,2,0
2024-06-10,Valle d'Aosta,Altre job board,AZ_IT_TALENT_COM_FEED,0.64,63,1,0
2024-06-10,Valle d'Aosta,Altre job board,AZ_IT_TROVOLAVORO_SPONSORED,0.95,77,1,0
2024-06-10,Veneto,Altre job board,AZ_IT_BAKECA_LAVORO_ANNUNCI,41.04,4902,99,4
2024-06-10,Veneto,Altre job board,AZ_IT_CAREERJET_CPC,24.95,2687,67,3
2024-06-10,Veneto,Altre job board,AZ_IT_TALENT_COM_FEED,21.14,2027,42,2
2024-06-10,Veneto,Altre job board,AZ_IT_TROVOLAVORO_SPONSORED,41.38,3409,64,7
2024-06-17,Abruzzo,Altre job board,AZ_IT_BAKECA_LAVORO_ANNUNCI,1.81,222,5,0
2024-06-17,Abruzzo,Altre job board,AZ_IT_CAREERJET_CPC,1.02,112,3,0
2024-06-17,Abruzzo,Altre job board,AZ_IT_TALENT_COM_FEED,0.47,43,1,0
2024-06-17,Abruzzo,Altre job board,AZ_IT_TROVOLAVORO_SPONSORED,1.49,125,2,1
2024-06-17,Basilicata,Altre job board,AZ_IT_BAKECA_LAVORO_ANNUNCI,0.59,74,2,0
2024-06-17,Basilicata,Altre job board,AZ_IT_CAREERJET_CPC,0.27,31,1,0
2024-06-17,Basilicata,Altre job board,AZ_IT_TALENT_COM_FEED,0.16,16,0,0
2024-06-17,Basilicata,Altre job board,AZ_IT_TROVOLAVORO_SPONSORED,0.45,36,1,0
2024-06-17,Calabria,Altre job board,AZ_IT_BAKECA_LAVORO_ANNUNCI,4.60,555,11,1
2024-06-17,Calabria,Altre job board,AZ_IT_CAREERJET_CPC,1.09,118,3,0
2024-06-17,Calabria,Altre job board,AZ_IT_TALENT_COM_FEED,1.12,115,3,0
2024-06-17,Calabria,Altre job board,AZ_IT_TROVOLAVORO_SPONSORED,1.62,138,3,0
2024-06-17,Campania,Altre job board,AZ_IT_BAKECA_LAVORO_ANNUNCI,5.82,728,15,2
2024-06-17,Campania,Altre job board,AZ_IT_CAREERJET_CPC,4.25,473,12,2
2024-06-17,Campania,Altre job board,AZ_IT_TALENT_COM_FEED,3.00,314,7,1
2024-06-17,Campania,Altre job board,AZ_IT_TROVOLAVORO_SPONSORED,3.47,293,5,2
2024-06-17,Emilia-Romagna,Altre job board,AZ_IT_BAKECA_LAVORO_ANNUNCI,4.75,590,13,1
2024-06-17,Emilia-Romagna,Altre job board,AZ_IT_CAREERJET_CPC,2.94,323,9,1
2024-06-17,Emilia-Romagna,Altre job board,AZ_IT_TALENT_COM_FEED,1.99,205,5,0
2024-06-17,Emilia-Romagna,Altre job board,AZ_IT_TROVOLAVORO_SPONSORED,3.09,249,5,1
2024-06-17,Friuli-Venezia Giulia,Altre job board,AZ_IT_BAKECA_LAVORO_ANNUNCI,2.85,363,7,0
2024-06-17,Friuli-Venezia Giulia,Altre job board,AZ_IT_CAREERJET_CPC,0.59,68,2,0
2024-06-17,Friuli-Venezia Giulia,Altre job board,AZ_IT_TALENT_COM_FEED,0.58,57,1,0
2024-06-17,Friuli-Venezia Giulia,Altre job board,AZ_IT_TROVOLAVORO_SPONSORED,0.98,78,1,0
2024-06-17,Lazio,Altre job board,AZ_IT_BAKECA_LAVORO_ANNUNCI,6.84,859,19,1
2024-06-17,Lazio,Altre job board,AZ_IT_CAREERJET_CPC,5.40,599,15,1
2024-06-17,Lazio,Altre job board,AZ_IT_TALENT_COM_FEED,2.84,285,7,0
2024-06-17,Lazio,Altre job board,AZ_IT_TROVOLAVORO_SPONSORED,6.92,573,11,2
2024-06-17,Liguria,Altre job board,AZ_IT_BAKECA_LAVORO_ANNUNCI,2.73,341,7,0
2024-06-17,Liguria,Altre job board,AZ_IT_CAREERJET_CPC,0.94,108,2,0
2024-06-17,Liguria,Altre job board,AZ_IT_TALENT_COM_FEED,0.82,82,2,0
2024-06-17,Liguria,Altre job board,AZ_IT_TROVOLAVORO_SPONSORED,2.01,169,3,1
2024-06-17,Lombardia,Altre job board,AZ_IT_BAKECA_LAVORO_ANNUNCI,9.66,1226,24,1
2024-06-17,Lombardia,Altre job board,AZ_IT_CAREERJET_CPC,6.66,773,21,1
2024-06-17,Lombardia,Altre job board,AZ_IT_TALENT_COM_FEED,6.01,612,15,1
2024-06-17,Lombardia,Altre job board,AZ_IT_TROVOLAVORO_SPONSORED,9.52,771,12,2
2024-06-17,Marche,Altre job board,AZ_IT_BAKECA_LAVORO_ANNUNCI,1.97,243,4,0
2024-06-17,Marche,Altre job board,AZ_IT_CAREERJET_CPC,1.23,139,3,0
2024-06-17,Marche,Altre job board,AZ_IT_TALENT_COM_FEED,0.68,69,2,0
2024-06-17,Marche,Altre job board,AZ_IT_TROVOLAVORO_SPONSORED,1.25,104,2,0
2024-06-17,Molise,Altre job board,AZ_IT_BAKECA_LAVORO_ANNUNCI,0.59,73,1,0
2024-06-17,Molise,Altre job board,AZ_IT_CAREERJET_CPC,0.24,26,1,0
2024-06-17,Molise,Altre job board,AZ_IT_TALENT_COM_FEED,0.16,16,0,0
2024-06-17,Molise,Altre job board,AZ_IT_TROVOLAVORO_SPONSORED,0.32,28,0,0
2024-06-17,Piemonte,Altre job board,AZ_IT_BAKECA_LAVORO_ANNUNCI,4.83,614,11,1
2024-06-17,Piemonte,Altre job board,AZ_IT_CAREERJET_CPC,3.69,425,11,1
2024-06-17,Piemonte,Altre job board,AZ_IT_TALENT_COM_FEED,2.15,224,6,0
2024-06-17,Piemonte,Altre job board,AZ_IT_TROVOLAVORO_SPONSORED,8.22,692,11,1
2024-06-17,Puglia,Altre job board,AZ_IT_BAKECA_LAVORO_ANNUNCI,5.55,714,15,1
2024-06-17,Puglia,Altre job board,AZ_IT_CAREERJET_CPC,1.78,193,4,0
2024-06-17,Puglia,Altre job board,AZ_IT_TALENT_COM_FEED,2.37,234,6,0
2024-06-17,Puglia,Altre job board,AZ_IT_TROVOLAVORO_SPONSORED,6.11,501,9,1
2024-06-17,Sardegna,Altre job board,AZ_IT_BAKECA_LAVORO_ANNUNCI,2.44,294,5,0
2024-06-17,Sardegna,Altre job board,AZ_IT_CAREERJET_CPC,0.86,95,2,0
2024-06-17,Sardegna,Altre job board,AZ_IT_TALENT_COM_FEED,0.44,45,1,0
2024-06-17,Sardegna,Altre job board,AZ_IT_TROVOLAVORO_SPONSORED,1.57,135,2,1
2024-06-17,Sicilia,Altre job board,AZ_IT_BAKECA_LAVORO_ANNUNCI,5.71,728,14,1
2024-06-17,Sicilia,Altre job board,AZ_IT_CAREERJET_CPC,3.38,372,9,1
2024-06-17,Sicilia,Altre job board,AZ_IT_TALENT_COM_FEED,2.15,221,5,0
2024-06-17,Sicilia,Altre job board,AZ_IT_TROVOLAVORO_SPONSORED,4.00,326,5,1
2024-06-17,Toscana,Altre job board,AZ_IT_BAKECA_LAVORO_ANNUNCI,6.26,776,14,1
2024-06-17,Toscana,Altre job board,AZ_IT_CAREERJET_CPC,3.89,443,10,1
2024-06-17,Toscana,Altre job board,AZ_IT_TALENT_COM_FEED,1.35,128,3,0
2024-06-17,Toscana,Altre job board,AZ_IT_TROVOLAVORO_SPONSORED,2.73,213,4,1
2024-06-17,Trentino-Alto Adige,Altre job board,AZ_IT_BAKECA_LAVORO_ANNUNCI,1.53,193,4,1
2024-06-17,Trentino-Alto Adige,Altre job board,AZ_IT_CAREERJET_CPC,0.38,41,1,0
2024-06-17,Trentino-Alto Adige,Altre job board,AZ_IT_TALENT_COM_FEED,0.37,37,1,0
2024-06-17,Trentino-Alto Adige,Altre job board,AZ_IT_TROVOLAVORO_SPONSORED,1.24,97,2,1
2024-06-17,Umbria,Altre job board,AZ_IT_BAKECA_LAVORO_ANNUNCI,1.00,130,3,0
2024-06-17,Umbria,Altre job board,AZ_IT_CAREERJET_CPC,0.76,86,2,0
2024-06-17,Umbria,Altre job board,AZ_IT_TALENT_COM_FEED,0.32,31,1,0
2024-06-17,Umbria,Altre job board,AZ_IT_TROVOLAVORO_SPONSORED,0.90,74,1,0
2024-06-17,Valle d'Aosta,Altre job board,AZ_IT_BAKECA_LAVORO_ANNUNCI,0.24,29,1,0
2024-06-17,Valle d'Aosta,Altre job board,AZ_IT_CAREERJET_CPC,0.07,8,0,0
2024-06-17,Valle d'Aosta,Altre job board,AZ_IT_TALENT_COM_FEED,0.04,5,0,0
2024-06-17,Valle d'Aosta,Altre job board,AZ_IT_TROVOLAVORO_SPONSORED,0.16,13,0,0
2024-06-17,Veneto,Altre job board,AZ_IT_BAKECA_LAVORO_ANNUNCI,10.53,1264,24,2
2024-06-17,Veneto,Altre job board,AZ_IT_CAREERJET_CPC,3.29,375,8,1
2024-06-17,Veneto,Altre job board,AZ_IT_TALENT_COM_FEED,1.73,176,3,0
2024-06-17,Veneto,Altre job board,AZ_IT_TROVOLAVORO_SPONSORED,5.27,433,9,2
2024-06-24,Abruzzo,Altre job board,AZ_IT_BAKECA_LAVORO_ANNUNCI,20.49,2503,42,2
2024-06-24,Abruzzo,Altre job board,AZ_IT_CAREERJET_CPC,10.01,1080,29,1
2024-06-24,Abruzzo,Altre job board,AZ_IT_TALENT_COM_FEED,6.83,674,17,1
2024-06-24,Abruzzo,Altre job board,AZ_IT_TROVOLAVORO_SPONSORED,12.50,1020,18,2
2024-06-24,Basilicata,Altre job board,AZ_IT_BAKECA_LAVORO_ANNUNCI,5.65,716,14,0
2024-06-24,Basilicata,Altre job board,AZ_IT_CAREERJET_CPC,4.22,449,12,0
2024-06-24,Basilicata,Altre job board,AZ_IT_TALENT_COM_FEED,1.78,183,4,0
2024-06-24,Basilicata,Altre job board,AZ_IT_TROVOLAVORO_SPONSORED,7.51,615,10,1
2024-06-24,Calabria,Altre job board,AZ_IT_BAKECA_LAVORO_ANNUNCI,21.70,2761,62,1
2024-06-24,Calabria,Altre job board,AZ_IT_CAREERJET_CPC,10.41,1075,26,1
2024-06-24,Calabria,Altre job board,AZ_IT_TALENT_COM_FEED,6.39,631,15,0
2024-06-24,Calabria,Altre job board,AZ_IT_TROVOLAVORO_SPONSORED,20.34,1635,31,2
2024-06-24,Campania,Altre job board,AZ_IT_BAKECA_LAVORO_ANNUNCI,74.30,9633,199,7
2024-06-24,Campania,Altre job board,AZ_IT_CAREERJET_CPC,40.95,4733,126,5
2024-06-24,Campania,Altre job board,AZ_IT_TALENT_COM_FEED,24.27,2502,57,2
2024-06-24,Campania,Altre job board,AZ_IT_TROVOLAVORO_SPONSORED,62.78,5312,99,10
2024-06-24,Emilia-Romagna,Altre job board,AZ_IT_BAKECA_LAVORO_ANNUNCI,58.98,7302,149,3
2024-06-24,Emilia-Romagna,Altre job board,AZ_IT_CAREERJET_CPC,27.77,3211,85,2
2024-06-24,Emilia-Romagna,Altre job board,AZ_IT_TALENT_COM_FEED,19.41,2006,52,1
2024-06-24,Emilia-Romagna,Altre job board,AZ_IT_TROVOLAVORO_SPONSORED,46.87,3868,66,4
2024-06-24,Friuli-Venezia Giulia,Altre job board,AZ_IT_BAKECA_LAVORO_ANNUNCI,15.80,2047,46,1
2024-06-24,Friuli-Venezia Giulia,Altre job board,AZ_IT_CAREERJET_CPC,9.26,1088,27,1
2024-06-24,Friuli-Venezia Giulia,Altre job board,AZ_IT_TALENT_COM_FEED,5.43,531,13,0
2024-06-24,Friuli-Venezia Giulia,Altre job board,AZ_IT_TROVOLAVORO_SPONSORED,22.46,1921,33,2
2024-06-24,Lazio,Altre job board,AZ_IT_BAKECA_LAVORO_ANNUNCI,61.07,7575,150,3
2024-06-24,Lazio,Altre job board,AZ_IT_CAREERJET_CPC,64.96,7198,177,4
2024-06-24,Lazio,Altre job board,AZ_IT_TALENT_COM_FEED,30.19,2926,68,2
2024-06-24,Lazio,Altre job board,AZ_IT_TROVOLAVORO_SPONSORED,86.90,7275,129,5
2024-06-24,Liguria,Altre job board,AZ_IT_BAKECA_LAVORO_ANNUNCI,16.61,1995,38,1
2024-06-24,Liguria,Altre job board,AZ_IT_CAREERJET_CPC,12.77,1412,35,1
2024-06-24,Liguria,Altre job board,AZ_IT_TALENT_COM_FEED,7.45,710,17,1
2024-06-24,Liguria,Altre job board,AZ_IT_TROVOLAVORO_SPONSORED,16.41,1339,22,2
2024-06-24,Lombardia,Altre job board,AZ_IT_BAKECA_LAVORO_ANNUNCI,128.65,15851,297,4
2024-06-24,Lombardia,Altre job board,AZ_IT_CAREERJET_CPC,66.14,7505,196,3
2024-06-24,Lombardia,Altre job board,AZ_IT_TALENT_COM_FEED,55.59,5428,133,2
2024-06-24,Lombardia,Altre job board,AZ_IT_TROVOLAVORO_SPONSORED,113.27,9325,172,6
2024-06-24,Marche,Altre job board,AZ_IT_BAKECA_LAVORO_ANNUNCI,13.57,1713,34,1
2024-06-24,Marche,Altre job board,AZ_IT_CAREERJET_CPC,9.83,1117,28,1
2024-06-24,Marche,Altre job board,AZ_IT_TALENT_COM_FEED,6.78,691,16,0
2024-06-24,Marche,Altre job board,AZ_IT_TROVOLAVORO_SPONSORED,22.54,1884,35,2
2024-06-24,Molise,Altre job board,AZ_IT_BAKECA_LAVORO_ANNUNCI,4.46,609,12,0
2024-06-24,Molise,Altre job board,AZ_IT_CAREERJET_CPC,2.65,282,8,0
2024-06-24,Molise,Altre job board,AZ_IT_TALENT_COM_FEED,0.87,87,2,0
2024-06-24,Molise,Altre job board,AZ_IT_TROVOLAVORO_SPONSORED,2.57,206,4,0
2024-06-24,Piemonte,Altre job board,AZ_IT_BAKECA_LAVORO_ANNUNCI,54.67,6634,126,2
2024-06-24,Piemonte,Altre job board,AZ_IT_CAREERJET_CPC,24.21,2683,63,1
2024-06-24,Piemonte,Altre job board,AZ_IT_TALENT_COM_FEED,19.96,2027,57,1
2024-06-24,Piemonte,Altre job board,AZ_IT_TROVOLAVORO_SPONSORED,45.88,3839,61,4
2024-06-24,Puglia,Altre job board,AZ_IT_BAKECA_LAVORO_ANNUNCI,53.58,6956,144,2
2024-06-24,Puglia,Altre job board,AZ_IT_CAREERJET_CPC,28.97,3235,79,2
2024-06-24,Puglia,Altre job board,AZ_IT_TALENT_COM_FEED,18.07,1876,42,1
2024-06-24,Puglia,Altre job board,AZ_IT_TROVOLAVORO_SPONSORED,41.76,3528,63,3
2024-06-24,Sardegna,Altre job board,AZ_IT_BAKECA_LAVORO_ANNUNCI,22.94,2949,66,1
2024-06-24,Sardegna,Altre job board,AZ_IT_CAREERJET_CPC,12.55,1416,33,1
2024-06-24,Sardegna,Altre job board,AZ_IT_TALENT_COM_FEED,5.22,533,11,0
2024-06-24,Sardegna,Altre job board,AZ_IT_TROVOLAVORO_SPONSORED,24.36,1874,33,2
2024-06-24,Sicilia,Altre job board,AZ_IT_BAKECA_LAVORO_ANNUNCI,56.99,7041,138,2
2024-06-24,Sicilia,Altre job board,AZ_IT_CAREERJET_CPC,30.84,3445,89,2
2024-06-24,Sicilia,Altre job board,AZ_IT_TALENT_COM_FEED,22.00,2178,56,1
2024-06-24,Sicilia,Altre job board,AZ_IT_TROVOLAVORO_SPONSORED,45.61,3674,63,3
2024-06-24,Toscana,Altre job board,AZ_IT_BAKECA_LAVORO_ANNUNCI,41.72,5327,103,3
2024-06-24,Toscana,Altre job board,AZ_IT_CAREERJET_CPC,27.56,2924,82,3
2024-06-24,Toscana,Altre job board,AZ_IT_TALENT_COM_FEED,16.90,1692,40,1
2024-06-24,Toscana,Altre job board,AZ_IT_TROVOLAVORO_SPONSORED,35.70,3027,58,4
2024-06-24,Trentino-Alto Adige,Altre job board,AZ_IT_BAKECA_LAVORO_ANNUNCI,10.13,1227,25,1
2024-06-24,Trentino-Alto Adige,Altre job board,AZ_IT_CAREERJET_CPC,6.38,723,20,1
2024-06-24,Trentino-Alto Adige,Altre job board,AZ_IT_TALENT_COM_FEED,5.92,596,15,1
2024-06-24,Trentino-Alto Adige,Altre job board,AZ_IT_TROVOLAVORO_SPONSORED,9.68,813,15,2
2024-06-24,Umbria,Altre job board,AZ_IT_BAKECA_LAVORO_ANNUNCI,8.84,1071,22,0
2024-06-24,Umbria,Altre job board,AZ_IT_CAREERJET_CPC,7.91,860,23,0
2024-06-24,Umbria,Altre job board,AZ_IT_TALENT_COM_FEED,3.69,350,8,0
2024-06-24,Umbria,Altre job board,AZ_IT_TROVOLAVORO_SPONSORED,7.84,647,12,1
2024-06-24,Valle d'Aosta,Altre job board,AZ_IT_BAKECA_LAVORO_ANNUNCI,1.03,122,2,0
2024-06-24,Valle d'Aosta,Altre job board,AZ_IT_CAREERJET_CPC,0.84,93,2,0
2024-06-24,Valle d'Aosta,Altre job board,AZ_IT_TALENT_COM_FEED,0.34,35,1,0
2024-06-24,Valle d'Aosta,Altre job board,AZ_IT_TROVOLAVORO_SPONSORED,1.16,97,2,0
2024-06-24,Veneto,Altre job board,AZ_IT_BAKECA_LAVORO_ANNUNCI,73.75,9036,180,5
2024-06-24,Veneto,Altre job board,AZ_IT_CAREERJET_CPC,36.95,3913,100,4
2024-06-24,Veneto,Altre job board,AZ_IT_TALENT_COM_FEED,29.79,2883,68,3
2024-06-24,Veneto,Altre job board,AZ_IT_TROVOLAVORO_SPONSORED,40.02,3318,56,5
2024-07-01,Abruzzo,Altre job board,AZ_IT_BAKECA_LAVORO_ANNUNCI,5.46,684,15,1
2024-07-01,Abruzzo,Altre job board,AZ_IT_CAREERJET_CPC,2.09,227,6,0
2024-07-01,Abruzzo,Altre job board,AZ_IT_TALENT_COM_FEED,1.63,168,4,0
2024-07-01,Abruzzo,Altre job board,AZ_IT_TROVOLAVORO_SPONSORED,3.03,262,5,1
2024-07-01,Basilicata,Altre job board,AZ_IT_BAKECA_LAVORO_ANNUNCI,3.60,424,8,0
2024-07-01,Basilicata,Altre job board,AZ_IT_CAREERJET_CPC,1.18,131,4,0
2024-07-01,Basilicata,Altre job board,AZ_IT_TALENT_COM_FEED,0.81,83,2,0
2024-07-01,Basilicata,Altre job board,AZ_IT_TROVOLAVORO_SPONSORED,2.14,171,3,0
2024-07-01,Calabria,Altre job board,AZ_IT_BAKECA_LAVORO_ANNUNCI,11.57,1482,27,1
2024-07-01,Calabria,Altre job board,AZ_IT_CAREERJET_CPC,3.75,414,10,0
2024-07-01,Calabria,Altre job board,AZ_IT_TALENT_COM_FEED,2.49,248,7,0
2024-07-01,Calabria,Altre job board,AZ_IT_TROVOLAVORO_SPONSORED,6.13,525,10,1
2024-07-01,Campania,Altre job board,AZ_IT_BAKECA_LAVORO_ANNUNCI,39.97,5059,105,7
2024-07-01,Campania,Altre job board,AZ_IT_CAREERJET_CPC,10.16,1102,30,2
2024-07-01,Campania,Altre job board,AZ_IT_TALENT_COM_FEED,11.42,1200,26,2
2024-07-01,Campania,Altre job board,AZ_IT_TROVOLAVORO_SPONSORED,15.52,1303,24,4
2024-07-01,Emilia-Romagna,Altre job board,AZ_IT_BAKECA_LAVORO_ANNUNCI,17.67,2200,46,1
2024-07-01,Emilia-Romagna,Altre job board,AZ_IT_CAREERJET_CPC,12.37,1420,37,1
2024-07-01,Emilia-Romagna,Altre job board,AZ_IT_TALENT_COM_FEED,7.11,674,15,1
2024-07-01,Emilia-Romagna,Altre job board,AZ_IT_TROVOLAVORO_SPONSORED,14.17,1223,23,2
2024-07-01,Friuli-Venezia Giulia,Altre job board,AZ_IT_BAKECA_LAVORO_ANNUNCI,5.56,694,14,1
2024-07-01,Friuli-Venezia Giulia,Altre job board,AZ_IT_CAREERJET_CPC,2.47,291,7,0
2024-07-01,Friuli-Venezia Giulia,Altre job board,AZ_IT_TALENT_COM_FEED,1.70,177,5,0
2024-07-01,Friuli-Venezia Giulia,Altre job board,AZ_IT_TROVOLAVORO_SPONSORED,4.82,408,7,1
2024-07-01,Lazio,Altre job board,AZ_IT_BAKECA_LAVORO_ANNUNCI,19.32,2532,47,2
2024-07-01,Lazio,Altre job board,AZ_IT_CAREERJET_CPC,10.44,1167,30,2
2024-07-01,Lazio,Altre job board,AZ_IT_TALENT_COM_FEED,8.67,877,20,1
2024-07-01,Lazio,Altre job board,AZ_IT_TROVOLAVORO_SPONSORED,16.94,1427,26,3
2024-07-01,Liguria,Altre job board,AZ_IT_BAKECA_LAVORO_ANNUNCI,9.73,1201,21,1
2024-07-01,Liguria,Altre job board,AZ_IT_CAREERJET_CPC,2.51,260,7,0
2024-07-01,Liguria,Altre job board,AZ_IT_TALENT_COM_FEED,2.40,252,6,0
2024-07-01,Liguria,Altre job board,AZ_IT_TROVOLAVORO_SPONSORED,5.72,475,9,1
2024-07-01,Lombardia,Altre job board,AZ_IT_BAKECA_LAVORO_ANNUNCI,58.33,7145,155,3
2024-07-01,Lombardia,Altre job board,AZ_IT_CAREERJET_CPC,27.80,3018,80,3
2024-07-01,Lombardia,Altre job board,AZ_IT_TALENT_COM_FEED,15.19,1460,39,1
2024-07-01,Lombardia,Altre job board,AZ_IT_TROVOLAVORO_SPONSORED,31.67,2625,48,3
2024-07-01,Marche,Altre job board,AZ_IT_BAKECA_LAVORO_ANNUNCI,8.56,1056,22,1
2024-07-01,Marche,Altre job board,AZ_IT_CAREERJET_CPC,1.94,221,5,0
2024-07-01,Marche,Altre job board,AZ_IT_TALENT_COM_FEED,1.79,178,4,0
2024-07-01,Marche,Altre job board,AZ_IT_TROVOLAVORO_SPONSORED,4.07,355,7,1
2024-07-01,Molise,Altre job board,AZ_IT_BAKECA_LAVORO_ANNUNCI,0.89,112,2,0
2024-07-01,Molise,Altre job board,AZ_IT_CAREERJET_CPC,0.39,43,1,0
2024-07-01,Molise,Altre job board,AZ_IT_TALENT_COM_FEED,0.45,44,1,0
2024-07-01,Molise,Altre job board,AZ_IT_TROVOLAVORO_SPONSORED,1.64,130,2,0
2024-07-01,Piemonte,Altre job board,AZ_IT_BAKECA_LAVORO_ANNUNCI,22.39,2691,58,2
2024-07-01,Piemonte,Altre job board,AZ_IT_CAREERJET_CPC,5.90,652,17,1
2024-07-01,Piemonte,Altre job board,AZ_IT_TALENT_COM_FEED,10.67,1036,24,1
2024-07-01,Piemonte,Altre job board,AZ_IT_TROVOLAVORO_SPONSORED,11.43,926,17,1
2024-07-01,Puglia,Altre job board,AZ_IT_BAKECA_LAVORO_ANNUNCI,13.06,1681,30,1
2024-07-01,Puglia,Altre job board,AZ_IT_CAREERJET_CPC,5.05,573,16,1
2024-07-01,Puglia,Altre job board,AZ_IT_TALENT_COM_FEED,5.58,585,11,1
2024-07-01,Puglia,Altre job board,AZ_IT_TROVOLAVORO_SPONSORED,19.12,1635,28,2
2024-07-01,Sardegna,Altre job board,AZ_IT_BAKECA_LAVORO_ANNUNCI,6.57,783,15,1
2024-07-01,Sardegna,Altre job board,AZ_IT_CAREERJET_CPC,2.89,323,8,0
2024-07-01,Sardegna,Altre job board,AZ_IT_TALENT_COM_FEED,2.94,289,7,0
2024-07-01,Sardegna,Altre job board,AZ_IT_TROVOLAVORO_SPONSORED,5.08,430,8,1
2024-07-01,Sicilia,Altre job board,AZ_IT_BAKECA_LAVORO_ANNUNCI,13.95,1791,35,1
2024-07-01,Sicilia,Altre job board,AZ_IT_CAREERJET_CPC,13.34,1539,37,1
2024-07-01,Sicilia,Altre job board,AZ_IT_TALENT_COM_FEED,9.00,902,20,1
2024-07-01,Sicilia,Altre job board,AZ_IT_TROVOLAVORO_SPONSORED,14.51,1280,23,1
2024-07-01,Toscana,Altre job board,AZ_IT_BAKECA_LAVORO_ANNUNCI,14.65,2016,39,2
2024-07-01,Toscana,Altre job board,AZ_IT_CAREERJET_CPC,5.58,608,16,1
2024-07-01,Toscana,Altre job board,AZ_IT_TALENT_COM_FEED,8.64,861,19,1
2024-07-01,Toscana,Altre job board,AZ_IT_TROVOLAVORO_SPONSORED,9.02,737,12,2
2024-07-01,Trentino-Alto Adige,Altre job board,AZ_IT_BAKECA_LAVORO_ANNUNCI,4.78,628,13,1
2024-07-01,Trentino-Alto Adige,Altre job board,AZ_IT_CAREERJET_CPC,1.49,168,4,0
2024-07-01,Trentino-Alto Adige,Altre job board,AZ_IT_TALENT_COM_FEED,1.16,115,3,0
2024-07-01,Trentino-Alto Adige,Altre job board,AZ_IT_TROVOLAVORO_SPONSORED,5.20,433,7,1
2024-07-01,Umbria,Altre job board,AZ_IT_BAKECA_LAVORO_ANNUNCI,3.33,432,8,0
2024-07-01,Umbria,Altre job board,AZ_IT_CAREERJET_CPC,1.03,112,3,0
2024-07-01,Umbria,Altre job board,AZ_IT_TALENT_COM_FEED,1.20,116,3,0
2024-07-01,Umbria,Altre job board,AZ_IT_TROVOLAVORO_SPONSORED,3.69,319,6,0
2024-07-01,Valle d'Aosta,Altre job board,AZ_IT_BAKECA_LAVORO_ANNUNCI,0.96,116,3,0
2024-07-01,Valle d'Aosta,Altre job board,AZ_IT_CAREERJET_CPC,0.25,27,1,0
2024-07-01,Valle d'Aosta,Altre job board,AZ_IT_TALENT_COM_FEED,0.20,19,0,0
2024-07-01,Valle d'Aosta,Altre job board,AZ_IT_TROVOLAVORO_SPONSORED,0.37,31,1,0
2024-07-01,Veneto,Altre job board,AZ_IT_BAKECA_LAVORO_ANNUNCI,27.44,3523,65,4
2024-07-01,Veneto,Altre job board,AZ_IT_CAREERJET_CPC,7.94,840,23,2
2024-07-01,Veneto,Altre job board,AZ_IT_TALENT_COM_FEED,9.05,909,22,1
2024-07-01,Veneto,Altre job board,AZ_IT_TROVOLAVORO_SPONSORED,17.76,1533,26,3
2024-07-08,Abruzzo,Altre job board,AZ_IT_BAKECA_LAVORO_ANNUNCI,21.73,2681,50,2
2024-07-08,Abruzzo,Altre job board,AZ_IT_CAREERJET_CPC,9.64,1038,22,1
2024-07-08,Abruzzo,Altre job board,AZ_IT_TALENT_COM_FEED,10.07,1012,24,1
2024-07-08,Abruzzo,Altre job board,AZ_IT_TROVOLAVORO_SPONSORED,19.64,1602,29,2
2024-07-08,Basilicata,Altre job board,AZ_IT_BAKECA_LAVORO_ANNUNCI,10.14,1303,24,1
2024-07-08,Basilicata,Altre job board,AZ_IT_CAREERJET_CPC,5.31,611,15,0
2024-07-08,Basilicata,Altre job board,AZ_IT_TALENT_COM_FEED,4.10,407,10,0
2024-07-08,Basilicata,Altre job board,AZ_IT_TROVOLAVORO_SPONSORED,9.33,789,14,1
2024-07-08,Calabria,Altre job board,AZ_IT_BAKECA_LAVORO_ANNUNCI,21.59,2770,58,1
2024-07-08,Calabria,Altre job board,AZ_IT_CAREERJET_CPC,22.45,2302,59,2
2024-07-08,Calabria,Altre job board,AZ_IT_TALENT_COM_FEED,13.96,1263,30,1
2024-07-08,Calabria,Altre job board,AZ_IT_TROVOLAVORO_SPONSORED,26.46,2099,40,1
2024-07-08,Campania,Altre job board,AZ_IT_BAKECA_LAVORO_ANNUNCI,160.04,19784,386,13
2024-07-08,Campania,Altre job board,AZ_IT_CAREERJET_CPC,51.36,5393,152,6
2024-07-08,Campania,Altre job board,AZ_IT_TALENT_COM_FEED,53.21,5718,165,6
2024-07-08,Campania,Altre job board,AZ_IT_TROVOLAVORO_SPONSORED,58.14,5038,92,7
2024-07-08,Emilia-Romagna,Altre job board,AZ_IT_BAKECA_LAVORO_ANNUNCI,90.97,10966,202,4
2024-07-08,Emilia-Romagna,Altre job board,AZ_IT_CAREERJET_CPC,38.84,4287,108,3
2024-07-08,Emilia-Romagna,Altre job board,AZ_IT_TALENT_COM_FEED,40.47,4090,93,2
2024-07-08,Emilia-Romagna,Altre job board,AZ_IT_TROVOLAVORO_SPONSORED,52.71,4422,77,3
2024-07-08,Friuli-Venezia Giulia,Altre job board,AZ_IT_BAKECA_LAVORO_ANNUNCI,24.13,2987,55,1
2024-07-08,Friuli-Venezia Giulia,Altre job board,AZ_IT_CAREERJET_CPC,10.57,1181,31,1
2024-07-08,Friuli-Venezia Giulia,Altre job board,AZ_IT_TALENT_COM_FEED,6.95,695,17,0
2024-07-08,Friuli-Venezia Giulia,Altre job board,AZ_IT_TROVOLAVORO_SPONSORED,18.36,1554,30,1
2024-07-08,Lazio,Altre job board,AZ_IT_BAKECA_LAVORO_ANNUNCI,128.91,15839,301,6
2024-07-08,Lazio,Altre job board,AZ_IT_CAREERJET_CPC,55.03,6140,169,3
2024-07-08,Lazio,Altre job board,AZ_IT_TALENT_COM_FEED,49.73,4949,106,2
2024-07-08,Lazio,Altre job board,AZ_IT_TROVOLAVORO_SPONSORED,94.80,7773,110,5
2024-07-08,Liguria,Altre job board,AZ_IT_BAKECA_LAVORO_ANNUNCI,17.68,2242,43,1
2024-07-08,Liguria,Altre job board,AZ_IT_CAREERJET_CPC,7.57,840,20,1
2024-07-08,Liguria,Altre job board,AZ_IT_TALENT_COM_FEED,10.59,1071,23,1
2024-07-08,Liguria,Altre job board,AZ_IT_TROVOLAVORO_SPONSORED,20.19,1698,32,2
2024-07-08,Lombardia,Altre job board,AZ_IT_BAKECA_LAVORO_ANNUNCI,220.50,28418,552,6
2024-07-08,Lombardia,Altre job board,AZ_IT_CAREERJET_CPC,101.54,11035,279,5
2024-07-08,Lombardia,Altre job board,AZ_IT_TALENT_COM_FEED,86.23,8605,216,3
2024-07-08,Lombardia,Altre job board,AZ_IT_TROVOLAVORO_SPONSORED,158.38,13689,242,7
2024-07-08,Marche,Altre job board,AZ_IT_BAKECA_LAVORO_ANNUNCI,18.00,2243,47,1
2024-07-08,Marche,Altre job board,AZ_IT_CAREERJET_CPC,13.92,1587,39,1
2024-07-08,Marche,Altre job board,AZ_IT_TALENT_COM_FEED,9.18,949,24,0
2024-07-08,Marche,Altre job board,AZ_IT_TROVOLAVORO_SPONSORED,22.39,1804,29,1
2024-07-08,Molise,Altre job board,AZ_IT_BAKECA_LAVORO_ANNUNCI,6.50,794,18,0
2024-07-08,Molise,Altre job board,AZ_IT_CAREERJET_CPC,4.49,504,13,0
2024-07-08,Molise,Altre job board,AZ_IT_TALENT_COM_FEED,4.41,443,9,0
2024-07-08,Molise,Altre job board,AZ_IT_TROVOLAVORO_SPONSORED,4.01,350,6,0
2024-07-08,Piemonte,Altre job board,AZ_IT_BAKECA_LAVORO_ANNUNCI,104.63,12990,258,3
2024-07-08,Piemonte,Altre job board,AZ_IT_CAREERJET_CPC,52.89,6092,146,2
2024-07-08,Piemonte,Altre job board,AZ_IT_TALENT_COM_FEED,24.54,2446,59,1
2024-07-08,Piemonte,Altre job board,AZ_IT_TROVOLAVORO_SPONSORED,64.49,5434,92,3
2024-07-08,Puglia,Altre job board,AZ_IT_BAKECA_LAVORO_ANNUNCI,54.35,6970,132,2
2024-07-08,Puglia,Altre job board,AZ_IT_CAREERJET_CPC,36.21,4056,98,2
2024-07-08,Puglia,Altre job board,AZ_IT_TALENT_COM_FEED,31.53,3243,82,2
2024-07-08,Puglia,Altre job board,AZ_IT_TROVOLAVORO_SPONSORED,46.92,3821,70,3
2024-07-08,Sardegna,Altre job board,AZ_IT_BAKECA_LAVORO_ANNUNCI,39.38,4897,84,2
2024-07-08,Sardegna,Altre job board,AZ_IT_CAREERJET_CPC,17.08,1970,56,1
2024-07-08,Sardegna,Altre job board,AZ_IT_TALENT_COM_FEED,14.19,1389,39,1
2024-07-08,Sardegna,Altre job board,AZ_IT_TROVOLAVORO_SPONSORED,26.42,2158,39,2
2024-07-08,Sicilia,Altre job board,AZ_IT_BAKECA_LAVORO_ANNUNCI,135.93,17067,309,4
2024-07-08,Sicilia,Altre job board,AZ_IT_CAREERJET_CPC,40.46,4465,111,2
2024-07-08,Sicilia,Altre job board,AZ_IT_TALENT_COM_FEED,44.08,4488,103,1
2024-07-08,Sicilia,Altre job board,AZ_IT_TROVOLAVORO_SPONSORED,97.21,8218,144,4
2024-07-08,Toscana,Altre job board,AZ_IT_BAKECA_LAVORO_ANNUNCI,45.94,5765,104,3
2024-07-08,Toscana,Altre job board,AZ_IT_CAREERJET_CPC,30.20,3274,75,3
2024-07-08,Toscana,Altre job board,AZ_IT_TALENT_COM_FEED,44.31,4424,110,3
2024-07-08,Toscana,Altre job board,AZ_IT_TROVOLAVORO_SPONSORED,50.49,4133,75,4
2024-07-08,Trentino-Alto Adige,Altre job board,AZ_IT_BAKECA_LAVORO_ANNUNCI,29.34,3518,68,3
2024-07-08,Trentino-Alto Adige,Altre job board,AZ_IT_CAREERJET_CPC,6.58,724,19,1
2024-07-08,Trentino-Alto Adige,Altre job board,AZ_IT_TALENT_COM_FEED,7.97,788,20,1
2024-07-08,Trentino-Alto Adige,Altre job board,AZ_IT_TROVOLAVORO_SPONSORED,13.66,1168,22,2
2024-07-08,Umbria,Altre job board,AZ_IT_BAKECA_LAVORO_ANNUNCI,12.58,1528,30,0
2024-07-08,Umbria,Altre job board,AZ_IT_CAREERJET_CPC,6.14,670,17,0
2024-07-08,Umbria,Altre job board,AZ_IT_TALENT_COM_FEED,6.51,630,14,0
2024-07-08,Umbria,Altre job board,AZ_IT_TROVOLAVORO_SPONSORED,12.34,1035,20,1
2024-07-08,Valle d'Aosta,Altre job board,AZ_IT_BAKECA_LAVORO_ANNUNCI,2.41,294,6,0
2024-07-08,Valle d'Aosta,Altre job board,AZ_IT_CAREERJET_CPC,1.09,126,3,0
2024-07-08,Valle d'Aosta,Altre job board,AZ_IT_TALENT_COM_FEED,0.79,78,2,0
2024-07-08,Valle d'Aosta,Altre job board,AZ_IT_TROVOLAVORO_SPONSORED,1.29,113,2,0
2024-07-08,Veneto,Altre job board,AZ_IT_BAKECA_LAVORO_ANNUNCI,97.74,12424,267,6
2024-07-08,Veneto,Altre job board,AZ_IT_CAREERJET_CPC,86.89,10051,285,8
2024-07-08,Veneto,Altre job board,AZ_IT_TALENT_COM_FEED,39.64,3998,93,3
2024-07-08,Veneto,Altre job board,AZ_IT_TROVOLAVORO_SPONSORED,64.73,5469,103,5
2024-07-15,Abruzzo,Altre job board,AZ_IT_BAKECA_LAVORO_ANNUNCI,12.65,1565,36,2
2024-07-15,Abruzzo,Altre job board,AZ_IT_CAREERJET_CPC,4.37,471,13,1
2024-07-15,Abruzzo,Altre job board,AZ_IT_TALENT_COM_FEED,3.99,387,9,1
2024-07-15,Abruzzo,Altre job board,AZ_IT_TROVOLAVORO_SPONSORED,5.32,456,9,1
2024-07-15,Basilicata,Altre job board,AZ_IT_BAKECA_LAVORO_ANNUNCI,5.03,656,13,1
2024-07-15,Basilicata,Altre job board,AZ_IT_CAREERJET_CPC,4.22,467,13,0
2024-07-15,Basilicata,Altre job board,AZ_IT_TALENT_COM_FEED,1.86,186,5,0
2024-07-15,Basilicata,Altre job board,AZ_IT_TROVOLAVORO_SPONSORED,2.89,242,4,0
2024-07-15,Calabria,Altre job board,AZ_IT_BAKECA_LAVORO_ANNUNCI,15.75,2006,41,1
2024-07-15,Calabria,Altre job board,AZ_IT_CAREERJET_CPC,8.42,948,24,1
2024-07-15,Calabria,Altre job board,AZ_IT_TALENT_COM_FEED,5.05,514,12,0
2024-07-15,Calabria,Altre job board,AZ_IT_TROVOLAVORO_SPONSORED,9.35,746,13,1
2024-07-15,Campania,Altre job board,AZ_IT_BAKECA_LAVORO_ANNUNCI,81.75,10812,232,11
2024-07-15,Campania,Altre job board,AZ_IT_CAREERJET_CPC,26.70,2882,85,5
2024-07-15,Campania,Altre job board,AZ_IT_TALENT_COM_FEED,19.97,1890,50,3
2024-07-15,Campania,Altre job board,AZ_IT_TROVOLAVORO_SPONSORED,30.28,2513,48,5
2024-07-15,Emilia-Romagna,Altre job board,AZ_IT_BAKECA_LAVORO_ANNUNCI,35.92,4680,88,2
2024-07-15,Emilia-Romagna,Altre job board,AZ_IT_CAREERJET_CPC,35.13,3795,99,3
2024-07-15,Emilia-Romagna,Altre job board,AZ_IT_TALENT_COM_FEED,15.49,1600,39,1
2024-07-15,Emilia-Romagna,Altre job board,AZ_IT_TROVOLAVORO_SPONSORED,33.39,2654,53,3
2024-07-15,Friuli-Venezia Giulia,Altre job board,AZ_IT_BAKECA_LAVORO_ANNUNCI,9.77,1269,25,1
2024-07-15,Friuli-Venezia Giulia,Altre job board,AZ_IT_CAREERJET_CPC,7.15,830,21,1
2024-07-15,Friuli-Venezia Giulia,Altre job board,AZ_IT_TALENT_COM_FEED,3.07,295,7,0
2024-07-15,Friuli-Venezia Giulia,Altre job board,AZ_IT_TROVOLAVORO_SPONSORED,5.40,450,8,1
2024-07-15,Lazio,Altre job board,AZ_IT_BAKECA_LAVORO_ANNUNCI,49.62,6339,119,4
2024-07-15,Lazio,Altre job board,AZ_IT_CAREERJET_CPC,36.49,4184,109,3
2024-07-15,Lazio,Altre job board,AZ_IT_TALENT_COM_FEED,24.99,2506,65,2
2024-07-15,Lazio,Altre job board,AZ_IT_TROVOLAVORO_SPONSORED,28.03,2363,37,3
2024-07-15,Liguria,Altre job board,AZ_IT_BAKECA_LAVORO_ANNUNCI,10.23,1275,28,1
2024-07-15,Liguria,Altre job board,AZ_IT_CAREERJET_CPC,10.90,1163,31,1
2024-07-15,Liguria,Altre job board,AZ_IT_TALENT_COM_FEED,6.89,692,16,1
2024-07-15,Liguria,Altre job board,AZ_IT_TROVOLAVORO_SPONSORED,6.23,507,9,1
2024-07-15,Lombardia,Altre job board,AZ_IT_BAKECA_LAVORO_ANNUNCI,83.95,10918,215,5
2024-07-15,Lombardia,Altre job board,AZ_IT_CAREERJET_CPC,50.06,5367,138,4
2024-07-15,Lombardia,Altre job board,AZ_IT_TALENT_COM_FEED,28.08,2820,61,2
2024-07-15,Lombardia,Altre job board,AZ_IT_TROVOLAVORO_SPONSORED,49.55,4021,69,4
2024-07-15,Marche,Altre job board,AZ_IT_BAKECA_LAVORO_ANNUNCI,11.37,1449,30,1
2024-07-15,Marche,Altre job board,AZ_IT_CAREERJET_CPC,11.25,1268,33,1
2024-07-15,Marche,Altre job board,AZ_IT_TALENT_COM_FEED,6.08,622,16,1
2024-07-15,Marche,Altre job board,AZ_IT_TROVOLAVORO_SPONSORED,6.76,584,10,1
2024-07-15,Molise,Altre job board,AZ_IT_BAKECA_LAVORO_ANNUNCI,2.12,283,7,0
2024-07-15,Molise,Altre job board,AZ_IT_CAREERJET_CPC,2.02,234,6,0
2024-07-15,Molise,Altre job board,AZ_IT_TALENT_COM_FEED,0.72,71,2,0
2024-07-15,Molise,Altre job board,AZ_IT_TROVOLAVORO_SPONSORED,2.24,177,3,0
2024-07-15,Piemonte,Altre job board,AZ_IT_BAKECA_LAVORO_ANNUNCI,32.68,4127,81,2
2024-07-15,Piemonte,Altre job board,AZ_IT_CAREERJET_CPC,21.25,2413,57,2
2024-07-15,Piemonte,Altre job board,AZ_IT_TALENT_COM_FEED,13.45,1347,31,1
2024-07-15,Piemonte,Altre job board,AZ_IT_TROVOLAVORO_SPONSORED,20.06,1743,29,2
2024-07-15,Puglia,Altre job board,AZ_IT_BAKECA_LAVORO_ANNUNCI,48.68,6042,122,2
2024-07-15,Puglia,Altre job board,AZ_IT_CAREERJET_CPC,28.23,3067,74,2
2024-07-15,Puglia,Altre job board,AZ_IT_TALENT_COM_FEED,13.22,1357,30,1
2024-07-15,Puglia,Altre job board,AZ_IT_TROVOLAVORO_SPONSORED,28.24,2398,41,2
2024-07-15,Sardegna,Altre job board,AZ_IT_BAKECA_LAVORO_ANNUNCI,14.12,1773,38,1
2024-07-15,Sardegna,Altre job board,AZ_IT_CAREERJET_CPC,14.38,1575,40,1
2024-07-15,Sardegna,Altre job board,AZ_IT_TALENT_COM_FEED,5.81,553,13,0
2024-07-15,Sardegna,Altre job board,AZ_IT_TROVOLAVORO_SPONSORED,8.53,675,13,1
2024-07-15,Sicilia,Altre job board,AZ_IT_BAKECA_LAVORO_ANNUNCI,47.22,5870,128,3
2024-07-15,Sicilia,Altre job board,AZ_IT_CAREERJET_CPC,25.70,2711,76,2
2024-07-15,Sicilia,Altre job board,AZ_IT_TALENT_COM_FEED,13.89,1411,37,1
2024-07-15,Sicilia,Altre job board,AZ_IT_TROVOLAVORO_SPONSORED,41.85,3212,50,3
2024-07-15,Toscana,Altre job board,AZ_IT_BAKECA_LAVORO_ANNUNCI,46.77,5674,110,3
2024-07-15,Toscana,Altre job board,AZ_IT_CAREERJET_CPC,20.86,2437,58,2
2024-07-15,Toscana,Altre job board,AZ_IT_TALENT_COM_FEED,14.93,1482,37,1
2024-07-15,Toscana,Altre job board,AZ_IT_TROVOLAVORO_SPONSORED,30.57,2461,42,3
2024-07-15,Trentino-Alto Adige,Altre job board,AZ_IT_BAKECA_LAVORO_ANNUNCI,13.25,1735,36,2
2024-07-15,Trentino-Alto Adige,Altre job board,AZ_IT_CAREERJET_CPC,5.98,631,19,1
2024-07-15,Trentino-Alto Adige,Altre job board,AZ_IT_TALENT_COM_FEED,4.41,443,10,1
2024-07-15,Trentino-Alto Adige,Altre job board,AZ_IT_TROVOLAVORO_SPONSORED,7.29,593,11,1
2024-07-15,Umbria,Altre job board,AZ_IT_BAKECA_LAVORO_ANNUNCI,8.60,1068,23,1
2024-07-15,Umbria,Altre job board,AZ_IT_CAREERJET_CPC,6.19,692,17,0
2024-07-15,Umbria,Altre job board,AZ_IT_TALENT_COM_FEED,3.82,382,10,0
2024-07-15,Umbria,Altre job board,AZ_IT_TROVOLAVORO_SPONSORED,4.71,391,7,0
2024-07-15,Valle d'Aosta,Altre job board,AZ_IT_BAKECA_LAVORO_ANNUNCI,0.75,96,2,0
2024-07-15,Valle d'Aosta,Altre job board,AZ_IT_CAREERJET_CPC,1.08,118,3,0
2024-07-15,Valle d'Aosta,Altre job board,AZ_IT_TALENT_COM_FEED,0.55,51,1,0
2024-07-15,Valle d'Aosta,Altre job board,AZ_IT_TROVOLAVORO_SPONSORED,0.54,44,1,0
2024-07-15,Veneto,Altre job board,AZ_IT_BAKECA_LAVORO_ANNUNCI,48.23,5608,109,5
2024-07-15,Veneto,Altre job board,AZ_IT_CAREERJET_CPC,17.68,2055,55,3
2024-07-15,Veneto,Altre job board,AZ_IT_TALENT_COM_FEED,22.78,2298,57,3
2024-07-15,Veneto,Altre job board,AZ_IT_TROVOLAVORO_SPONSORED,30.46,2584,43,5
2024-07-22,Abruzzo,Altre job board,AZ_IT_BAKECA_LAVORO_ANNUNCI,6.07,760,15,1
2024-07-22,Abruzzo,Altre job board,AZ_IT_CAREERJET_CPC,2.08,240,6,0
2024-07-22,Abruzzo,Altre job board,AZ_IT_TALENT_COM_FEED,2.18,220,5,0
2024-07-22,Abruzzo,Altre job board,AZ_IT_TROVOLAVORO_SPONSORED,1.83,148,3,0
2024-07-22,Basilicata,Altre job board,AZ_IT_BAKECA_LAVORO_ANNUNCI,1.97,248,5,0
2024-07-22,Basilicata,Altre job board,AZ_IT_CAREERJET_CPC,1.07,114,3,0
2024-07-22,Basilicata,Altre job board,AZ_IT_TALENT_COM_FEED,0.57,55,1,0
2024-07-22,Basilicata,Altre job board,AZ_IT_TROVOLAVORO_SPONSORED,1.36,113,2,0
2024-07-22,Calabria,Altre job board,AZ_IT_BAKECA_LAVORO_ANNUNCI,6.77,854,16,1
2024-07-22,Calabria,Altre job board,AZ_IT_CAREERJET_CPC,3.25,356,10,0
2024-07-22,Calabria,Altre job board,AZ_IT_TALENT_COM_FEED,2.87,293,8,0
2024-07-22,Calabria,Altre job board,AZ_IT_TROVOLAVORO_SPONSORED,6.66,548,10,1
2024-07-22,Campania,Altre job board,AZ_IT_BAKECA_LAVORO_ANNUNCI,25.60,3048,62,4
2024-07-22,Campania,Altre job board,AZ_IT_CAREERJET_CPC,10.25,1145,31,2
2024-07-22,Campania,Altre job board,AZ_IT_TALENT_COM_FEED,12.66,1279,32,3
2024-07-22,Campania,Altre job board,AZ_IT_TROVOLAVORO_SPONSORED,21.53,1790,31,4
2024-07-22,Emilia-Romagna,Altre job board,AZ_IT_BAKECA_LAVORO_ANNUNCI,18.55,2329,47,2
2024-07-22,Emilia-Romagna,Altre job board,AZ_IT_CAREERJET_CPC,10.13,1136,33,1
2024-07-22,Emilia-Romagna,Altre job board,AZ_IT_TALENT_COM_FEED,5.86,610,14,1
2024-07-22,Emilia-Romagna,Altre job board,AZ_IT_TROVOLAVORO_SPONSORED,12.90,1089,18,2
2024-07-22,Friuli-Venezia Giulia,Altre job board,AZ_IT_BAKECA_LAVORO_ANNUNCI,6.74,810,14,1
2024-07-22,Friuli-Venezia Giulia,Altre job board,AZ_IT_CAREERJET_CPC,2.68,291,8,0
2024-07-22,Friuli-Venezia Giulia,Altre job board,AZ_IT_TALENT_COM_FEED,1.59,154,4,0
2024-07-22,Friuli-Venezia Giulia,Altre job board,AZ_IT_TROVOLAVORO_SPONSORED,4.18,348,6,1
2024-07-22,Lazio,Altre job board,AZ_IT_BAKECA_LAVORO_ANNUNCI,19.97,2441,50,2
2024-07-22,Lazio,Altre job board,AZ_IT_CAREERJET_CPC,14.31,1655,45,2
2024-07-22,Lazio,Altre job board,AZ_IT_TALENT_COM_FEED,6.86,707,17,1
2024-07-22,Lazio,Altre job board,AZ_IT_TROVOLAVORO_SPONSORED,14.07,1197,22,2
2024-07-22,Liguria,Altre job board,AZ_IT_BAKECA_LAVORO_ANNUNCI,4.53,567,12,0
2024-07-22,Liguria,Altre job board,AZ_IT_CAREERJET_CPC,2.59,283,8,0
2024-07-22,Liguria,Altre job board,AZ_IT_TALENT_COM_FEED,1.82,183,5,0
2024-07-22,Liguria,Altre job board,AZ_IT_TROVOLAVORO_SPONSORED,5.35,454,9,1
2024-07-22,Lombardia,Altre job board,AZ_IT_BAKECA_LAVORO_ANNUNCI,58.34,7291,153,3
2024-07-22,Lombardia,Altre job board,AZ_IT_CAREERJET_CPC,17.59,1995,52,1
2024-07-22,Lombardia,Altre job board,AZ_IT_TALENT_COM_FEED,18.73,1931,48,2
2024-07-22,Lombardia,Altre job board,AZ_IT_TROVOLAVORO_SPONSORED,35.79,2852,55,3
2024-07-22,Marche,Altre job board,AZ_IT_BAKECA_LAVORO_ANNUNCI,7.11,870,17,1
2024-07-22,Marche,Altre job board,AZ_IT_CAREERJET_CPC,3.11,347,8,0
2024-07-22,Marche,Altre job board,AZ_IT_TALENT_COM_FEED,2.34,228,5,0
2024-07-22,Marche,Altre job board,AZ_IT_TROVOLAVORO_SPONSORED,5.06,427,9,1
2024-07-22,Molise,Altre job board,AZ_IT_BAKECA_LAVORO_ANNUNCI,1.59,199,3,0
2024-07-22,Molise,Altre job board,AZ_IT_CAREERJET_CPC,0.58,60,1,0
2024-07-22,Molise,Altre job board,AZ_IT_TALENT_COM_FEED,0.43,43,1,0
2024-07-22,Molise,Altre job board,AZ_IT_TROVOLAVORO_SPONSORED,0.72,59,1,0
2024-07-22,Piemonte,Altre job board,AZ_IT_BAKECA_LAVORO_ANNUNCI,22.23,2828,63,2
2024-07-22,Piemonte,Altre job board,AZ_IT_CAREERJET_CPC,8.38,990,27,1
2024-07-22,Piemonte,Altre job board,AZ_IT_TALENT_COM_FEED,6.68,688,17,0
2024-07-22,Piemonte,Altre job board,AZ_IT_TROVOLAVORO_SPONSORED,17.88,1509,29,2
2024-07-22,Puglia,Altre job board,AZ_IT_BAKECA_LAVORO_ANNUNCI,21.09,2806,54,2
2024-07-22,Puglia,Altre job board,AZ_IT_CAREERJET_CPC,10.69,1243,35,1
2024-07-22,Puglia,Altre job board,AZ_IT_TALENT_COM_FEED,7.42,748,20,1
2024-07-22,Puglia,Altre job board,AZ_IT_TROVOLAVORO_SPONSORED,9.08,766,14,1
2024-07-22,Sardegna,Altre job board,AZ_IT_BAKECA_LAVORO_ANNUNCI,5.08,640,10,1
2024-07-22,Sardegna,Altre job board,AZ_IT_CAREERJET_CPC,3.78,440,12,1
2024-07-22,Sardegna,Altre job board,AZ_IT_TALENT_COM_FEED,1.85,192,4,0
2024-07-22,Sardegna,Altre job board,AZ_IT_TROVOLAVORO_SPONSORED,5.15,418,8,1
2024-07-22,Sicilia,Altre job board,AZ_IT_BAKECA_LAVORO_ANNUNCI,28.23,3462,70,2
2024-07-22,Sicilia,Altre job board,AZ_IT_CAREERJET_CPC,9.51,1079,24,1
2024-07-22,Sicilia,Altre job board,AZ_IT_TALENT_COM_FEED,6.31,647,16,0
2024-07-22,Sicilia,Altre job board,AZ_IT_TROVOLAVORO_SPONSORED,17.58,1471,27,2
2024-07-22,Toscana,Altre job board,AZ_IT_BAKECA_LAVORO_ANNUNCI,20.95,2747,58,3
2024-07-22,Toscana,Altre job board,AZ_IT_CAREERJET_CPC,6.51,779,23,1
2024-07-22,Toscana,Altre job board,AZ_IT_TALENT_COM_FEED,6.04,632,13,1
2024-07-22,Toscana,Altre job board,AZ_IT_TROVOLAVORO_SPONSORED,8.68,722,13,2
2024-07-22,Trentino-Alto Adige,Altre job board,AZ_IT_BAKECA_LAVORO_ANNUNCI,3.80,484,9,1
2024-07-22,Trentino-Alto Adige,Altre job board,AZ_IT_CAREERJET_CPC,1.83,199,5,1
2024-07-22,Trentino-Alto Adige,Altre job board,AZ_IT_TALENT_COM_FEED,1.60,160,4,0
2024-07-22,Trentino-Alto Adige,Altre job board,AZ_IT_TROVOLAVORO_SPONSORED,2.14,182,4,1
2024-07-22,Umbria,Altre job board,AZ_IT_BAKECA_LAVORO_ANNUNCI,4.05,524,11,0
2024-07-22,Umbria,Altre job board,AZ_IT_CAREERJET_CPC,2.52,272,7,0
2024-07-22,Umbria,Altre job board,AZ_IT_TALENT_COM_FEED,1.28,128,3,0
2024-07-22,Umbria,Altre job board,AZ_IT_TROVOLAVORO_SPONSORED,2.46,208,4,0
2024-07-22,Valle d'Aosta,Altre job board,AZ_IT_BAKECA_LAVORO_ANNUNCI,0.43,52,1,0
2024-07-22,Valle d'Aosta,Altre job board,AZ_IT_CAREERJET_CPC,0.27,29,1,0
2024-07-22,Valle d'Aosta,Altre job board,AZ_IT_TALENT_COM_FEED,0.22,23,0,0
2024-07-22,Valle d'Aosta,Altre job board,AZ_IT_TROVOLAVORO_SPONSORED,0.36,31,1,0
2024-07-22,Veneto,Altre job board,AZ_IT_BAKECA_LAVORO_ANNUNCI,28.16,3431,68,5
2024-07-22,Veneto,Altre job board,AZ_IT_CAREERJET_CPC,7.21,784,18,1
2024-07-22,Veneto,Altre job board,AZ_IT_TALENT_COM_FEED,5.04,534,12,1
2024-07-22,Veneto,Altre job board,AZ_IT_TROVOLAVORO_SPONSORED,15.02,1265,24,3
2024-07-29,Abruzzo,Altre job board,AZ_IT_BAKECA_LAVORO_ANNUNCI,10.95,1299,25,1
2024-07-29,Abruzzo,Altre job board,AZ_IT_CAREERJET_CPC,3.85,436,11,0
2024-07-29,Abruzzo,Altre job board,AZ_IT_TALENT_COM_FEED,3.86,382,10,0
2024-07-29,Abruzzo,Altre job board,AZ_IT_TROVOLAVORO_SPONSORED,12.75,1003,17,2
2024-07-29,Basilicata,Altre job board,AZ_IT_BAKECA_LAVORO_ANNUNCI,7.48,959,21,1
2024-07-29,Basilicata,Altre job board,AZ_IT_CAREERJET_CPC,1.70,193,5,0
2024-07-29,Basilicata,Altre job board,AZ_IT_TALENT_COM_FEED,1.92,185,4,0
2024-07-29,Basilicata,Altre job board,AZ_IT_TROVOLAVORO_SPONSORED,2.86,243,5,0
2024-07-29,Calabria,Altre job board,AZ_IT_BAKECA_LAVORO_ANNUNCI,27.17,3568,70,2
2024-07-29,Calabria,Altre job board,AZ_IT_CAREERJET_CPC,6.96,772,19,1
2024-07-29,Calabria,Altre job board,AZ_IT_TALENT_COM_FEED,5.18,525,14,0
2024-07-29,Calabria,Altre job board,AZ_IT_TROVOLAVORO_SPONSORED,10.49,881,16,1
2024-07-29,Campania,Altre job board,AZ_IT_BAKECA_LAVORO_ANNUNCI,41.78,5111,108,6
2024-07-29,Campania,Altre job board,AZ_IT_CAREERJET_CPC,27.47,3021,81,4
2024-07-29,Campania,Altre job board,AZ_IT_TALENT_COM_FEED,19.01,1982,50,3
2024-07-29,Campania,Altre job board,AZ_IT_TROVOLAVORO_SPONSORED,34.81,3107,58,6
2024-07-29,Emilia-Romagna,Altre job board,AZ_IT_BAKECA_LAVORO_ANNUNCI,33.56,4271,82,2
2024-07-29,Emilia-Romagna,Altre job board,AZ_IT_CAREERJET_CPC,21.18,2319,60,2
2024-07-29,Emilia-Romagna,Altre job board,AZ_IT_TALENT_COM_FEED,19.21,1856,43,1
2024-07-29,Emilia-Romagna,Altre job board,AZ_IT_TROVOLAVORO_SPONSORED,21.87,1860,36,2
2024-07-29,Friuli-Venezia Giulia,Altre job board,AZ_IT_BAKECA_LAVORO_ANNUNCI,6.64,851,18,0
2024-07-29,Friuli-Venezia Giulia,Altre job board,AZ_IT_CAREERJET_CPC,3.93,432,11,0
2024-07-29,Friuli-Venezia Giulia,Altre job board,AZ_IT_TALENT_COM_FEED,3.84,376,10,0
2024-07-29,Friuli-Venezia Giulia,Altre job board,AZ_IT_TROVOLAVORO_SPONSORED,8.36,716,13,1
2024-07-29,Lazio,Altre job board,AZ_IT_BAKECA_LAVORO_ANNUNCI,42.97,5418,110,3
2024-07-29,Lazio,Altre job board,AZ_IT_CAREERJET_CPC,29.49,3305,94,3
2024-07-29,Lazio,Altre job board,AZ_IT_TALENT_COM_FEED,16.70,1680,42,1
2024-07-29,Lazio,Altre job board,AZ_IT_TROVOLAVORO_SPONSORED,35.21,3014,50,3
2024-07-29,Liguria,Altre job board,AZ_IT_BAKECA_LAVORO_ANNUNCI,13.38,1733,39,1
2024-07-29,Liguria,Altre job board,AZ_IT_CAREERJET_CPC,5.89,645,14,1
2024-07-29,Liguria,Altre job board,AZ_IT_TALENT_COM_FEED,3.94,380,10,0
2024-07-29,Liguria,Altre job board,AZ_IT_TROVOLAVORO_SPONSORED,7.48,626,12,1
2024-07-29,Lombardia,Altre job board,AZ_IT_BAKECA_LAVORO_ANNUNCI,68.27,8533,163,3
2024-07-29,Lombardia,Altre job board,AZ_IT_CAREERJET_CPC,32.71,3736,110,2
2024-07-29,Lombardia,Altre job board,AZ_IT_TALENT_COM_FEED,25.14,2523,56,1
2024-07-29,Lombardia,Altre job board,AZ_IT_TROVOLAVORO_SPONSORED,75.16,6120,112,5
2024-07-29,Marche,Altre job board,AZ_IT_BAKECA_LAVORO_ANNUNCI,8.28,1013,21,1
2024-07-29,Marche,Altre job board,AZ_IT_CAREERJET_CPC,6.72,738,19,1
2024-07-29,Marche,Altre job board,AZ_IT_TALENT_COM_FEED,4.79,482,12,0
2024-07-29,Marche,Altre job board,AZ_IT_TROVOLAVORO_SPONSORED,12.21,1024,17,1
2024-07-29,Molise,Altre job board,AZ_IT_BAKECA_LAVORO_ANNUNCI,1.98,237,5,0
2024-07-29,Molise,Altre job board,AZ_IT_CAREERJET_CPC,1.75,198,4,0
2024-07-29,Molise,Altre job board,AZ_IT_TALENT_COM_FEED,1.41,148,4,0
2024-07-29,Molise,Altre job board,AZ_IT_TROVOLAVORO_SPONSORED,2.57,217,4,0
2024-07-29,Piemonte,Altre job board,AZ_IT_BAKECA_LAVORO_ANNUNCI,26.53,3350,60,1
2024-07-29,Piemonte,Altre job board,AZ_IT_CAREERJET_CPC,13.20,1525,41,1
2024-07-29,Piemonte,Altre job board,AZ_IT_TALENT_COM_FEED,12.01,1183,31,1
2024-07-29,Piemonte,Altre job board,AZ_IT_TROVOLAVORO_SPONSORED,25.31,2085,39,2
2024-07-29,Puglia,Altre job board,AZ_IT_BAKECA_LAVORO_ANNUNCI,43.68,5261,99,3
2024-07-29,Puglia,Altre job board,AZ_IT_CAREERJET_CPC,12.36,1403,36,1
2024-07-29,Puglia,Altre job board,AZ_IT_TALENT_COM_FEED,15.13,1411,34,1
2024-07-29,Puglia,Altre job board,AZ_IT_TROVOLAVORO_SPONSORED,24.71,1922,35,2
2024-07-29,Sardegna,Altre job board,AZ_IT_BAKECA_LAVORO_ANNUNCI,20.71,2648,50,2
2024-07-29,Sardegna,Altre job board,AZ_IT_CAREERJET_CPC,5.45,602,14,1
2024-07-29,Sardegna,Altre job board,AZ_IT_TALENT_COM_FEED,4.11,434,10,0
2024-07-29,Sardegna,Altre job board,AZ_IT_TROVOLAVORO_SPONSORED,10.09,818,14,1
2024-07-29,Sicilia,Altre job board,AZ_IT_BAKECA_LAVORO_ANNUNCI,67.45,8327,186,3
2024-07-29,Sicilia,Altre job board,AZ_IT_CAREERJET_CPC,37.67,4461,111,2
2024-07-29,Sicilia,Altre job board,AZ_IT_TALENT_COM_FEED,19.39,1970,51,1
2024-07-29,Sicilia,Altre job board,AZ_IT_TROVOLAVORO_SPONSORED,33.02,2734,49,2
2024-07-29,Toscana,Altre job board,AZ_IT_BAKECA_LAVORO_ANNUNCI,36.17,4385,86,3
2024-07-29,Toscana,Altre job board,AZ_IT_CAREERJET_CPC,23.49,2694,70,3
2024-07-29,Toscana,Altre job board,AZ_IT_TALENT_COM_FEED,10.92,1118,23,1
2024-07-29,Toscana,Altre job board,AZ_IT_TROVOLAVORO_SPONSORED,20.62,1833,34,3
2024-07-29,Trentino-Alto Adige,Altre job board,AZ_IT_BAKECA_LAVORO_ANNUNCI,14.00,1772,34,2
2024-07-29,Trentino-Alto Adige,Altre job board,AZ_IT_CAREERJET_CPC,5.37,605,16,1
2024-07-29,Trentino-Alto Adige,Altre job board,AZ_IT_TALENT_COM_FEED,3.00,299,8,0
2024-07-29,Trentino-Alto Adige,Altre job board,AZ_IT_TROVOLAVORO_SPONSORED,9.73,799,15,2
2024-07-29,Umbria,Altre job board,AZ_IT_BAKECA_LAVORO_ANNUNCI,9.26,1147,24,1
2024-07-29,Umbria,Altre job board,AZ_IT_CAREERJET_CPC,4.11,469,12,0
2024-07-29,Umbria,Altre job board,AZ_IT_TALENT_COM_FEED,3.65,376,9,0
2024-07-29,Umbria,Altre job board,AZ_IT_TROVOLAVORO_SPONSORED,5.84,525,10,0
2024-07-29,Valle d'Aosta,Altre job board,AZ_IT_BAKECA_LAVORO_ANNUNCI,1.42,180,4,0
2024-07-29,Valle d'Aosta,Altre job board,AZ_IT_CAREERJET_CPC,0.64,72,2,0
2024-07-29,Valle d'Aosta,Altre job board,AZ_IT_TALENT_COM_FEED,0.43,44,1,0
2024-07-29,Valle d'Aosta,Altre job board,AZ_IT_TROVOLAVORO_SPONSORED,0.90,75,1,0
2024-07-29,Veneto,Altre job board,AZ_IT_BAKECA_LAVORO_ANNUNCI,28.22,3498,74,3
2024-07-29,Veneto,Altre job board,AZ_IT_CAREERJET_CPC,13.96,1499,38,2
2024-07-29,Veneto,Altre job board,AZ_IT_TALENT_COM_FEED,13.33,1318,32,1
2024-07-29,Veneto,Altre job board,AZ_IT_TROVOLAVORO_SPONSORED,39.92,3301,44,5
2024-08-05,Abruzzo,Altre job board,AZ_IT_BAKECA_LAVORO_ANNUNCI,4.68,589,13,1
2024-08-05,Abruzzo,Altre job board,AZ_IT_CAREERJET_CPC,3.27,374,10,1
2024-08-05,Abruzzo,Altre job board,AZ_IT_TALENT_COM_FEED,0.94,96,2,0
2024-08-05,Abruzzo,Altre job board,AZ_IT_TROVOLAVORO_SPONSORED,4.30,355,6,1
2024-08-05,Basilicata,Altre job board,AZ_IT_BAKECA_LAVORO_ANNUNCI,2.14,263,5,0
2024-08-05,Basilicata,Altre job board,AZ_IT_CAREERJET_CPC,1.24,131,3,0
2024-08-05,Basilicata,Altre job board,AZ_IT_TALENT_COM_FEED,0.85,82,2,0
2024-08-05,Basilicata,Altre job board,AZ_IT_TROVOLAVORO_SPONSORED,2.44,208,4,0
2024-08-05,Calabria,Altre job board,AZ_IT_BAKECA_LAVORO_ANNUNCI,7.61,918,18,1
2024-08-05,Calabria,Altre job board,AZ_IT_CAREERJET_CPC,4.22,465,13,0
2024-08-05,Calabria,Altre job board,AZ_IT_TALENT_COM_FEED,3.36,299,8,0
2024-08-05,Calabria,Altre job board,AZ_IT_TROVOLAVORO_SPONSORED,8.27,676,11,1
2024-08-05,Campania,Altre job board,AZ_IT_BAKECA_LAVORO_ANNUNCI,31.37,3761,62,4
2024-08-05,Campania,Altre job board,AZ_IT_CAREERJET_CPC,13.44,1515,39,3
2024-08-05,Campania,Altre job board,AZ_IT_TALENT_COM_FEED,15.16,1542,38,2
2024-08-05,Campania,Altre job board,AZ_IT_TROVOLAVORO_SPONSORED,22.67,1886,32,4
2024-08-05,Emilia-Romagna,Altre job board,AZ_IT_BAKECA_LAVORO_ANNUNCI,20.38,2475,55,2
2024-08-05,Emilia-Romagna,Altre job board,AZ_IT_CAREERJET_CPC,8.75,928,24,1
2024-08-05,Emilia-Romagna,Altre job board,AZ_IT_TALENT_COM_FEED,6.11,593,14,1
2024-08-05,Emilia-Romagna,Altre job board,AZ_IT_TROVOLAVORO_SPONSORED,22.69,1827,31,2
2024-08-05,Friuli-Venezia Giulia,Altre job board,AZ_IT_BAKECA_LAVORO_ANNUNCI,4.01,495,10,0
2024-08-05,Friuli-Venezia Giulia,Altre job board,AZ_IT_CAREERJET_CPC,2.90,319,9,0
2024-08-05,Friuli-Venezia Giulia,Altre job board,AZ_IT_TALENT_COM_FEED,1.71,159,4,0
2024-08-05,Friuli-Venezia Giulia,Altre job board,AZ_IT_TROVOLAVORO_SPONSORED,5.02,402,7,1
2024-08-05,Lazio,Altre job board,AZ_IT_BAKECA_LAVORO_ANNUNCI,35.65,4600,97,2
2024-08-05,Lazio,Altre job board,AZ_IT_CAREERJET_CPC,9.38,1028,26,1
2024-08-05,Lazio,Altre job board,AZ_IT_TALENT_COM_FEED,6.78,700,17,1
2024-08-05,Lazio,Altre job board,AZ_IT_TROVOLAVORO_SPONSORED,25.22,2143,39,2
2024-08-05,Liguria,Altre job board,AZ_IT_BAKECA_LAVORO_ANNUNCI,6.77,842,19,1
2024-08-05,Liguria,Altre job board,AZ_IT_CAREERJET_CPC,4.49,508,15,1
2024-08-05,Liguria,Altre job board,AZ_IT_TALENT_COM_FEED,2.18,214,4,0
2024-08-05,Liguria,Altre job board,AZ_IT_TROVOLAVORO_SPONSORED,6.97,549,9,1
2024-08-05,Lombardia,Altre job board,AZ_IT_BAKECA_LAVORO_ANNUNCI,41.97,5183,98,3
2024-08-05,Lombardia,Altre job board,AZ_IT_CAREERJET_CPC,22.13,2449,59,2
2024-08-05,Lombardia,Altre job board,AZ_IT_TALENT_COM_FEED,25.95,2680,75,2
2024-08-05,Lombardia,Altre job board,AZ_IT_TROVOLAVORO_SPONSORED,25.23,2063,41,2
2024-08-05,Marche,Altre job board,AZ_IT_BAKECA_LAVORO_ANNUNCI,7.08,860,17,1
2024-08-05,Marche,Altre job board,AZ_IT_CAREERJET_CPC,2.81,301,7,0
2024-08-05,Marche,Altre job board,AZ_IT_TALENT_COM_FEED,1.64,162,4,0
2024-08-05,Marche,Altre job board,AZ_IT_TROVOLAVORO_SPONSORED,6.88,581,10,1
2024-08-05,Molise,Altre job board,AZ_IT_BAKECA_LAVORO_ANNUNCI,1.40,164,3,0
2024-08-05,Molise,Altre job board,AZ_IT_CAREERJET_CPC,0.72,86,3,0
2024-08-05,Molise,Altre job board,AZ_IT_TALENT_COM_FEED,0.40,40,1,0
2024-08-05,Molise,Altre job board,AZ_IT_TROVOLAVORO_SPONSORED,0.98,81,1,0
2024-08-05,Piemonte,Altre job board,AZ_IT_BAKECA_LAVORO_ANNUNCI,13.03,1684,36,1
2024-08-05,Piemonte,Altre job board,AZ_IT_CAREERJET_CPC,6.12,722,18,1
2024-08-05,Piemonte,Altre job board,AZ_IT_TALENT_COM_FEED,7.58,727,17,1
2024-08-05,Piemonte,Altre job board,AZ_IT_TROVOLAVORO_SPONSORED,10.21,839,17,1
2024-08-05,Puglia,Altre job board,AZ_IT_BAKECA_LAVORO_ANNUNCI,18.06,2201,46,1
2024-08-05,Puglia,Altre job board,AZ_IT_CAREERJET_CPC,14.40,1503,37,1
2024-08-05,Puglia,Altre job board,AZ_IT_TALENT_COM_FEED,6.53,639,15,0
2024-08-05,Puglia,Altre job board,AZ_IT_TROVOLAVORO_SPONSORED,19.30,1672,29,2
2024-08-05,Sardegna,Altre job board,AZ_IT_BAKECA_LAVORO_ANNUNCI,6.91,856,18,1
2024-08-05,Sardegna,Altre job board,AZ_IT_CAREERJET_CPC,3.33,371,9,1
2024-08-05,Sardegna,Altre job board,AZ_IT_TALENT_COM_FEED,4.10,406,11,0
2024-08-05,Sardegna,Altre job board,AZ_IT_TROVOLAVORO_SPONSORED,5.04,431,8,1
2024-08-05,Sicilia,Altre job board,AZ_IT_BAKECA_LAVORO_ANNUNCI,19.82,2465,49,2
2024-08-05,Sicilia,Altre job board,AZ_IT_CAREERJET_CPC,10.00,1125,31,1
2024-08-05,Sicilia,Altre job board,AZ_IT_TALENT_COM_FEED,8.17,764,17,1
2024-08-05,Sicilia,Altre job board,AZ_IT_TROVOLAVORO_SPONSORED,13.13,1135,20,1
2024-08-05,Toscana,Altre job board,AZ_IT_BAKECA_LAVORO_ANNUNCI,18.02,2229,46,2
2024-08-05,Toscana,Altre job board,AZ_IT_CAREERJET_CPC,9.55,1095,30,1
2024-08-05,Toscana,Altre job board,AZ_IT_TALENT_COM_FEED,4.20,441,10,0
2024-08-05,Toscana,Altre job board,AZ_IT_TROVOLAVORO_SPONSORED,21.05,1709,32,3
2024-08-05,Trentino-Alto Adige,Altre job board,AZ_IT_BAKECA_LAVORO_ANNUNCI,5.96,807,15,1
2024-08-05,Trentino-Alto Adige,Altre job board,AZ_IT_CAREERJET_CPC,1.59,176,5,1
2024-08-05,Trentino-Alto Adige,Altre job board,AZ_IT_TALENT_COM_FEED,1.57,150,4,0
2024-08-05,Trentino-Alto Adige,Altre job board,AZ_IT_TROVOLAVORO_SPONSORED,2.98,254,4,1
2024-08-05,Umbria,Altre job board,AZ_IT_BAKECA_LAVORO_ANNUNCI,2.54,316,7,0
2024-08-05,Umbria,Altre job board,AZ_IT_CAREERJET_CPC,1.94,220,6,0
2024-08-05,Umbria,Altre job board,AZ_IT_TALENT_COM_FEED,1.69,164,4,0
2024-08-05,Umbria,Altre job board,AZ_IT_TROVOLAVORO_SPONSORED,2.45,204,4,0
2024-08-05,Valle d'Aosta,Altre job board,AZ_IT_BAKECA_LAVORO_ANNUNCI,0.50,61,1,0
2024-08-05,Valle d'Aosta,Altre job board,AZ_IT_CAREERJET_CPC,0.31,34,1,0
2024-08-05,Valle d'Aosta,Altre job board,AZ_IT_TALENT_COM_FEED,0.13,14,0,0
2024-08-05,Valle d'Aosta,Altre job board,AZ_IT_TROVOLAVORO_SPONSORED,0.45,35,1,0
2024-08-05,Veneto,Altre job board,AZ_IT_BAKECA_LAVORO_ANNUNCI,22.14,2824,54,2
2024-08-05,Veneto,Altre job board,AZ_IT_CAREERJET_CPC,12.19,1386,32,2
2024-08-05,Veneto,Altre job board,AZ_IT_TALENT_COM_FEED,9.40,951,24,1
2024-08-05,Veneto,Altre job board,AZ_IT_TROVOLAVORO_SPONSORED,23.29,1896,36,3
2024-08-12,Abruzzo,Altre job board,AZ_IT_BAKECA_LAVORO_ANNUNCI,6.31,787,14,1
2024-08-12,Abruzzo,Altre job board,AZ_IT_CAREERJET_CPC,3.78,427,11,1
2024-08-12,Abruzzo,Altre job board,AZ_IT_TALENT_COM_FEED,1.85,190,5,0
2024-08-12,Abruzzo,Altre job board,AZ_IT_TROVOLAVORO_SPONSORED,4.59,408,8,1
2024-08-12,Basilicata,Altre job board,AZ_IT_BAKECA_LAVORO_ANNUNCI,2.10,252,6,0
2024-08-12,Basilicata,Altre job board,AZ_IT_CAREERJET_CPC,1.21,135,4,0
2024-08-12,Basilicata,Altre job board,AZ_IT_TALENT_COM_FEED,1.06,109,3,0
2024-08-12,Basilicata,Altre job board,AZ_IT_TROVOLAVORO_SPONSORED,2.09,171,3,0
2024-08-12,Calabria,Altre job board,AZ_IT_BAKECA_LAVORO_ANNUNCI,8.90,1129,25,1
2024-08-12,Calabria,Altre job board,AZ_IT_CAREERJET_CPC,4.49,501,13,1
2024-08-12,Calabria,Altre job board,AZ_IT_TALENT_COM_FEED,1.75,179,5,0
2024-08-12,Calabria,Altre job board,AZ_IT_TROVOLAVORO_SPONSORED,3.46,298,5,0
2024-08-12,Campania,Altre job board,AZ_IT_BAKECA_LAVORO_ANNUNCI,28.87,3546,72,4
2024-08-12,Campania,Altre job board,AZ_IT_CAREERJET_CPC,12.15,1391,38,2
2024-08-12,Campania,Altre job board,AZ_IT_TALENT_COM_FEED,13.93,1413,31,2
2024-08-12,Campania,Altre job board,AZ_IT_TROVOLAVORO_SPONSORED,15.39,1297,21,3
2024-08-12,Emilia-Romagna,Altre job board,AZ_IT_BAKECA_LAVORO_ANNUNCI,15.45,1923,39,1
2024-08-12,Emilia-Romagna,Altre job board,AZ_IT_CAREERJET_CPC,7.11,797,20,1
2024-08-12,Emilia-Romagna,Altre job board,AZ_IT_TALENT_COM_FEED,7.73,766,20,1
2024-08-12,Emilia-Romagna,Altre job board,AZ_IT_TROVOLAVORO_SPONSORED,15.12,1211,23,2
2024-08-12,Friuli-Venezia Giulia,Altre job board,AZ_IT_BAKECA_LAVORO_ANNUNCI,5.20,672,12,0
2024-08-12,Friuli-Venezia Giulia,Altre job board,AZ_IT_CAREERJET_CPC,2.83,320,9,0
2024-08-12,Friuli-Venezia Giulia,Altre job board,AZ_IT_TALENT_COM_FEED,1.19,117,2,0
2024-08-12,Friuli-Venezia Giulia,Altre job board,AZ_IT_TROVOLAVORO_SPONSORED,3.08,270,5,0
2024-08-12,Lazio,Altre job board,AZ_IT_BAKECA_LAVORO_ANNUNCI,30.04,3858,78,3
2024-08-12,Lazio,Altre job board,AZ_IT_CAREERJET_CPC,10.78,1191,28,1
2024-08-12,Lazio,Altre job board,AZ_IT_TALENT_COM_FEED,9.73,1030,28,1
2024-08-12,Lazio,Altre job board,AZ_IT_TROVOLAVORO_SPONSORED,14.30,1208,24,2
2024-08-12,Liguria,Altre job board,AZ_IT_BAKECA_LAVORO_ANNUNCI,8.31,1010,19,1
2024-08-12,Liguria,Altre job board,AZ_IT_CAREERJET_CPC,3.66,401,10,1
2024-08-12,Liguria,Altre job board,AZ_IT_TALENT_COM_FEED,2.09,213,5,0
2024-08-12,Liguria,Altre job board,AZ_IT_TROVOLAVORO_SPONSORED,3.33,275,5,0
2024-08-12,Lombardia,Altre job board,AZ_IT_BAKECA_LAVORO_ANNUNCI,32.79,4148,77,2
2024-08-12,Lombardia,Altre job board,AZ_IT_CAREERJET_CPC,34.19,3885,97,2
2024-08-12,Lombardia,Altre job board,AZ_IT_TALENT_COM_FEED,13.13,1337,34,1
2024-08-12,Lombardia,Altre job board,AZ_IT_TROVOLAVORO_SPONSORED,24.00,2083,41,2
2024-08-12,Marche,Altre job board,AZ_IT_BAKECA_LAVORO_ANNUNCI,7.45,928,19,1
2024-08-12,Marche,Altre job board,AZ_IT_CAREERJET_CPC,2.93,319,8,0
2024-08-12,Marche,Altre job board,AZ_IT_TALENT_COM_FEED,2.74,274,6,0
2024-08-12,Marche,Altre job board,AZ_IT_TROVOLAVORO_SPONSORED,2.91,232,4,0
2024-08-12,Molise,Altre job board,AZ_IT_BAKECA_LAVORO_ANNUNCI,1.49,181,4,0
2024-08-12,Molise,Altre job board,AZ_IT_CAREERJET_CPC,0.54,64,2,0
2024-08-12,Molise,Altre job board,AZ_IT_TALENT_COM_FEED,0.42,44,1,0
2024-08-12,Molise,Altre job board,AZ_IT_TROVOLAVORO_SPONSORED,0.49,41,1,0
2024-08-12,Piemonte,Altre job board,AZ_IT_BAKECA_LAVORO_ANNUNCI,14.90,1797,36,1
2024-08-12,Piemonte,Altre job board,AZ_IT_CAREERJET_CPC,8.30,957,23,1
2024-08-12,Piemonte,Altre job board,AZ_IT_TALENT_COM_FEED,9.84,1022,22,1
2024-08-12,Piemonte,Altre job board,AZ_IT_TROVOLAVORO_SPONSORED,11.60,995,17,1
2024-08-12,Puglia,Altre job board,AZ_IT_BAKECA_LAVORO_ANNUNCI,12.94,1572,29,1
2024-08-12,Puglia,Altre job board,AZ_IT_CAREERJET_CPC,9.22,1009,27,1
2024-08-12,Puglia,Altre job board,AZ_IT_TALENT_COM_FEED,5.49,538,12,0
2024-08-12,Puglia,Altre job board,AZ_IT_TROVOLAVORO_SPONSORED,11.93,1013,21,1
2024-08-12,Sardegna,Altre job board,AZ_IT_BAKECA_LAVORO_ANNUNCI,4.75,614,12,0
2024-08-12,Sardegna,Altre job board,AZ_IT_CAREERJET_CPC,2.71,295,9,0
2024-08-12,Sardegna,Altre job board,AZ_IT_TALENT_COM_FEED,2.31,243,5,0
2024-08-12,Sardegna,Altre job board,AZ_IT_TROVOLAVORO_SPONSORED,5.33,455,8,1
2024-08-12,Sicilia,Altre job board,AZ_IT_BAKECA_LAVORO_ANNUNCI,19.60,2208,46,1
2024-08-12,Sicilia,Altre job board,AZ_IT_CAREERJET_CPC,9.53,1049,28,1
2024-08-12,Sicilia,Altre job board,AZ_IT_TALENT_COM_FEED,7.38,770,19,1
2024-08-12,Sicilia,Altre job board,AZ_IT_TROVOLAVORO_SPONSORED,17.51,1486,28,1
2024-08-12,Toscana,Altre job board,AZ_IT_BAKECA_LAVORO_ANNUNCI,15.95,1928,44,2
2024-08-12,Toscana,Altre job board,AZ_IT_CAREERJET_CPC,6.00,672,19,1
2024-08-12,Toscana,Altre job board,AZ_IT_TALENT_COM_FEED,4.08,380,10,1
2024-08-12,Toscana,Altre job board,AZ_IT_TROVOLAVORO_SPONSORED,8.35,698,13,1
2024-08-12,Trentino-Alto Adige,Altre job board,AZ_IT_BAKECA_LAVORO_ANNUNCI,3.07,393,7,1
2024-08-12,Trentino-Alto Adige,Altre job board,AZ_IT_CAREERJET_CPC,2.35,269,6,1
2024-08-12,Trentino-Alto Adige,Altre job board,AZ_IT_TALENT_COM_FEED,2.09,215,5,0
2024-08-12,Trentino-Alto Adige,Altre job board,AZ_IT_TROVOLAVORO_SPONSORED,2.59,210,4,1
2024-08-12,Umbria,Altre job board,AZ_IT_BAKECA_LAVORO_ANNUNCI,3.69,443,9,0
2024-08-12,Umbria,Altre job board,AZ_IT_CAREERJET_CPC,2.14,245,7,0
2024-08-12,Umbria,Altre job board,AZ_IT_TALENT_COM_FEED,1.49,155,4,0
2024-08-12,Umbria,Altre job board,AZ_IT_TROVOLAVORO_SPONSORED,2.56,208,4,0
2024-08-12,Valle d'Aosta,Altre job board,AZ_IT_BAKECA_LAVORO_ANNUNCI,0.35,45,1,0
2024-08-12,Valle d'Aosta,Altre job board,AZ_IT_CAREERJET_CPC,0.31,37,1,0
2024-08-12,Valle d'Aosta,Altre job board,AZ_IT_TALENT_COM_FEED,0.21,20,1,0
2024-08-12,Valle d'Aosta,Altre job board,AZ_IT_TROVOLAVORO_SPONSORED,0.24,20,0,0
2024-08-12,Veneto,Altre job board,AZ_IT_BAKECA_LAVORO_ANNUNCI,22.71,2794,52,3
2024-08-12,Veneto,Altre job board,AZ_IT_CAREERJET_CPC,8.10,903,24,1
2024-08-12,Veneto,Altre job board,AZ_IT_TALENT_COM_FEED,3.79,396,9,1
2024-08-12,Veneto,Altre job board,AZ_IT_TROVOLAVORO_SPONSORED,9.41,762,14,2
2024-08-19,Abruzzo,Altre job board,AZ_IT_BAKECA_LAVORO_ANNUNCI,3.16,383,8,0
2024-08-19,Abruzzo,Altre job board,AZ_IT_CAREERJET_CPC,4.00,442,11,1
2024-08-19,Abruzzo,Altre job board,AZ_IT_TALENT_COM_FEED,0.99,96,2,0
2024-08-19,Abruzzo,Altre job board,AZ_IT_TROVOLAVORO_SPONSORED,3.21,255,5,0
2024-08-19,Basilicata,Altre job board,AZ_IT_BAKECA_LAVORO_ANNUNCI,1.62,193,4,0
2024-08-19,Basilicata,Altre job board,AZ_IT_CAREERJET_CPC,1.72,191,5,0
2024-08-19,Basilicata,Altre job board,AZ_IT_TALENT_COM_FEED,0.78,77,2,0
2024-08-19,Basilicata,Altre job board,AZ_IT_TROVOLAVORO_SPONSORED,2.56,221,4,0
2024-08-19,Calabria,Altre job board,AZ_IT_BAKECA_LAVORO_ANNUNCI,5.37,659,13,0
2024-08-19,Calabria,Altre job board,AZ_IT_CAREERJET_CPC,4.00,441,10,0
2024-08-19,Calabria,Altre job board,AZ_IT_TALENT_COM_FEED,3.30,333,9,0
2024-08-19,Calabria,Altre job board,AZ_IT_TROVOLAVORO_SPONSORED,3.81,349,6,0
2024-08-19,Campania,Altre job board,AZ_IT_BAKECA_LAVORO_ANNUNCI,15.19,1896,33,2
2024-08-19,Campania,Altre job board,AZ_IT_CAREERJET_CPC,15.45,1681,44,3
2024-08-19,Campania,Altre job board,AZ_IT_TALENT_COM_FEED,9.75,976,24,1
2024-08-19,Campania,Altre job board,AZ_IT_TROVOLAVORO_SPONSORED,18.19,1500,25,3
2024-08-19,Emilia-Romagna,Altre job board,AZ_IT_BAKECA_LAVORO_ANNUNCI,14.03,1716,35,1
2024-08-19,Emilia-Romagna,Altre job board,AZ_IT_CAREERJET_CPC,12.27,1397,35,1
2024-08-19,Emilia-Romagna,Altre job board,AZ_IT_TALENT_COM_FEED,7.14,717,19,1
2024-08-19,Emilia-Romagna,Altre job board,AZ_IT_TROVOLAVORO_SPONSORED,14.89,1202,21,1
2024-08-19,Friuli-Venezia Giulia,Altre job board,AZ_IT_BAKECA_LAVORO_ANNUNCI,4.01,507,10,0
2024-08-19,Friuli-Venezia Giulia,Altre job board,AZ_IT_CAREERJET_CPC,3.27,359,10,0
2024-08-19,Friuli-Venezia Giulia,Altre job board,AZ_IT_TALENT_COM_FEED,1.74,172,4,0
2024-08-19,Friuli-Venezia Giulia,Altre job board,AZ_IT_TROVOLAVORO_SPONSORED,3.23,283,4,0
2024-08-19,Lazio,Altre job board,AZ_IT_BAKECA_LAVORO_ANNUNCI,15.49,2021,44,1
2024-08-19,Lazio,Altre job board,AZ_IT_CAREERJET_CPC,16.81,1870,51,2
2024-08-19,Lazio,Altre job board,AZ_IT_TALENT_COM_FEED,6.95,667,16,1
2024-08-19,Lazio,Altre job board,AZ_IT_TROVOLAVORO_SPONSORED,17.59,1447,22,2
2024-08-19,Liguria,Altre job board,AZ_IT_BAKECA_LAVORO_ANNUNCI,3.75,492,10,0
2024-08-19,Liguria,Altre job board,AZ_IT_CAREERJET_CPC,2.80,306,8,0
2024-08-19,Liguria,Altre job board,AZ_IT_TALENT_COM_FEED,2.20,220,5,0
2024-08-19,Liguria,Altre job board,AZ_IT_TROVOLAVORO_SPONSORED,2.30,191,4,0
2024-08-19,Lombardia,Altre job board,AZ_IT_BAKECA_LAVORO_ANNUNCI,25.06,3086,59,1
2024-08-19,Lombardia,Altre job board,AZ_IT_CAREERJET_CPC,18.05,1905,53,1
2024-08-19,Lombardia,Altre job board,AZ_IT_TALENT_COM_FEED,9.78,1005,25,1
2024-08-19,Lombardia,Altre job board,AZ_IT_TROVOLAVORO_SPONSORED,25.01,1947,30,2
2024-08-19,Marche,Altre job board,AZ_IT_BAKECA_LAVORO_ANNUNCI,5.82,705,13,0
2024-08-19,Marche,Altre job board,AZ_IT_CAREERJET_CPC,4.64,526,14,0
2024-08-19,Marche,Altre job board,AZ_IT_TALENT_COM_FEED,2.69,259,6,0
2024-08-19,Marche,Altre job board,AZ_IT_TROVOLAVORO_SPONSORED,4.38,347,7,0
2024-08-19,Molise,Altre job board,AZ_IT_BAKECA_LAVORO_ANNUNCI,1.34,166,3,0
2024-08-19,Molise,Altre job board,AZ_IT_CAREERJET_CPC,0.65,70,2,0
2024-08-19,Molise,Altre job board,AZ_IT_TALENT_COM_FEED,0.52,52,1,0
2024-08-19,Molise,Altre job board,AZ_IT_TROVOLAVORO_SPONSORED,0.94,79,2,0
2024-08-19,Piemonte,Altre job board,AZ_IT_BAKECA_LAVORO_ANNUNCI,10.63,1342,28,1
2024-08-19,Piemonte,Altre job board,AZ_IT_CAREERJET_CPC,13.17,1477,39,1
2024-08-19,Piemonte,Altre job board,AZ_IT_TALENT_COM_FEED,8.23,821,18,1
2024-08-19,Piemonte,Altre job board,AZ_IT_TROVOLAVORO_SPONSORED,6.87,563,9,1
2024-08-19,Puglia,Altre job board,AZ_IT_BAKECA_LAVORO_ANNUNCI,12.64,1569,30,1
2024-08-19,Puglia,Altre job board,AZ_IT_CAREERJET_CPC,10.27,1084,29,1
2024-08-19,Puglia,Altre job board,AZ_IT_TALENT_COM_FEED,5.08,498,12,0
2024-08-19,Puglia,Altre job board,AZ_IT_TROVOLAVORO_SPONSORED,6.23,503,9,1
2024-08-19,Sardegna,Altre job board,AZ_IT_BAKECA_LAVORO_ANNUNCI,9.22,1172,19,1
2024-08-19,Sardegna,Altre job board,AZ_IT_CAREERJET_CPC,3.62,429,12,0
2024-08-19,Sardegna,Altre job board,AZ_IT_TALENT_COM_FEED,1.67,169,4,0
2024-08-19,Sardegna,Altre job board,AZ_IT_TROVOLAVORO_SPONSORED,4.69,396,7,1
2024-08-19,Sicilia,Altre job board,AZ_IT_BAKECA_LAVORO_ANNUNCI,26.23,3295,68,2
2024-08-19,Sicilia,Altre job board,AZ_IT_CAREERJET_CPC,12.97,1526,36,1
2024-08-19,Sicilia,Altre job board,AZ_IT_TALENT_COM_FEED,8.76,887,22,1
2024-08-19,Sicilia,Altre job board,AZ_IT_TROVOLAVORO_SPONSORED,13.57,1122,21,1
2024-08-19,Toscana,Altre job board,AZ_IT_BAKECA_LAVORO_ANNUNCI,12.12,1490,28,1
2024-08-19,Toscana,Altre job board,AZ_IT_CAREERJET_CPC,9.64,1022,27,1
2024-08-19,Toscana,Altre job board,AZ_IT_TALENT_COM_FEED,7.92,771,18,1
2024-08-19,Toscana,Altre job board,AZ_IT_TROVOLAVORO_SPONSORED,10.38,859,17,1
2024-08-19,Trentino-Alto Adige,Altre job board,AZ_IT_BAKECA_LAVORO_ANNUNCI,3.29,396,7,1
2024-08-19,Trentino-Alto Adige,Altre job board,AZ_IT_CAREERJET_CPC,2.20,243,6,1
2024-08-19,Trentino-Alto Adige,Altre job board,AZ_IT_TALENT_COM_FEED,1.98,198,5,0
2024-08-19,Trentino-Alto Adige,Altre job board,AZ_IT_TROVOLAVORO_SPONSORED,3.28,281,5,1
2024-08-19,Umbria,Altre job board,AZ_IT_BAKECA_LAVORO_ANNUNCI,2.41,325,7,0
2024-08-19,Umbria,Altre job board,AZ_IT_CAREERJET_CPC,2.58,275,7,0
2024-08-19,Umbria,Altre job board,AZ_IT_TALENT_COM_FEED,0.73,74,2,0
2024-08-19,Umbria,Altre job board,AZ_IT_TROVOLAVORO_SPONSORED,2.25,187,4,0
2024-08-19,Valle d'Aosta,Altre job board,AZ_IT_BAKECA_LAVORO_ANNUNCI,0.55,69,1,0
2024-08-19,Valle d'Aosta,Altre job board,AZ_IT_CAREERJET_CPC,0.36,39,1,0
2024-08-19,Valle d'Aosta,Altre job board,AZ_IT_TALENT_COM_FEED,0.33,34,1,0
2024-08-19,Valle d'Aosta,Altre job board,AZ_IT_TROVOLAVORO_SPONSORED,0.27,22,0,0
2024-08-19,Veneto,Altre job board,AZ_IT_BAKECA_LAVORO_ANNUNCI,25.81,3283,68,3
2024-08-19,Veneto,Altre job board,AZ_IT_CAREERJET_CPC,10.70,1209,32,2
2024-08-19,Veneto,Altre job board,AZ_IT_TALENT_COM_FEED,8.13,765,16,1
2024-08-19,Veneto,Altre job board,AZ_IT_TROVOLAVORO_SPONSORED,14.35,1227,23,2
2024-08-26,Abruzzo,Altre job board,AZ_IT_BAKECA_LAVORO_ANNUNCI,6.07,702,16,1
2024-08-26,Abruzzo,Altre job board,AZ_IT_CAREERJET_CPC,6.46,684,17,1
2024-08-26,Abruzzo,Altre job board,AZ_IT_TALENT_COM_FEED,4.09,421,10,0
2024-08-26,Abruzzo,Altre job board,AZ_IT_TROVOLAVORO_SPONSORED,5.25,439,8,1
2024-08-26,Basilicata,Altre job board,AZ_IT_BAKECA_LAVORO_ANNUNCI,2.66,329,7,0
2024-08-26,Basilicata,Altre job board,AZ_IT_CAREERJET_CPC,2.77,316,8,0
2024-08-26,Basilicata,Altre job board,AZ_IT_TALENT_COM_FEED,1.57,163,4,0
2024-08-26,Basilicata,Altre job board,AZ_IT_TROVOLAVORO_SPONSORED,2.54,207,4,0
2024-08-26,Calabria,Altre job board,AZ_IT_BAKECA_LAVORO_ANNUNCI,12.83,1505,32,1
2024-08-26,Calabria,Altre job board,AZ_IT_CAREERJET_CPC,6.74,743,18,1
2024-08-26,Calabria,Altre job board,AZ_IT_TALENT_COM_FEED,5.93,589,14,0
2024-08-26,Calabria,Altre job board,AZ_IT_TROVOLAVORO_SPONSORED,8.62,735,12,1
2024-08-26,Campania,Altre job board,AZ_IT_BAKECA_LAVORO_ANNUNCI,46.59,5711,126,5
2024-08-26,Campania,Altre job board,AZ_IT_CAREERJET_CPC,23.74,2656,71,4
2024-08-26,Campania,Altre job board,AZ_IT_TALENT_COM_FEED,17.09,1732,41,2
2024-08-26,Campania,Altre job board,AZ_IT_TROVOLAVORO_SPONSORED,50.18,4026,84,7
2024-08-26,Emilia-Romagna,Altre job board,AZ_IT_BAKECA_LAVORO_ANNUNCI,20.75,2516,53,1
2024-08-26,Emilia-Romagna,Altre job board,AZ_IT_CAREERJET_CPC,25.29,2763,78,2
2024-08-26,Emilia-Romagna,Altre job board,AZ_IT_TALENT_COM_FEED,13.62,1331,33,1
2024-08-26,Emilia-Romagna,Altre job board,AZ_IT_TROVOLAVORO_SPONSORED,27.98,2308,39,2
2024-08-26,Friuli-Venezia Giulia,Altre job board,AZ_IT_BAKECA_LAVORO_ANNUNCI,7.68,923,20,0
2024-08-26,Friuli-Venezia Giulia,Altre job board,AZ_IT_CAREERJET_CPC,6.64,706,19,1
2024-08-26,Friuli-Venezia Giulia,Altre job board,AZ_IT_TALENT_COM_FEED,3.96,399,10,0
2024-08-26,Friuli-Venezia Giulia,Altre job board,AZ_IT_TROVOLAVORO_SPONSORED,8.74,721,13,1
2024-08-26,Lazio,Altre job board,AZ_IT_BAKECA_LAVORO_ANNUNCI,23.39,3002,57,2
2024-08-26,Lazio,Altre job board,AZ_IT_CAREERJET_CPC,33.83,3872,107,3
2024-08-26,Lazio,Altre job board,AZ_IT_TALENT_COM_FEED,20.22,2078,53,2
2024-08-26,Lazio,Altre job board,AZ_IT_TROVOLAVORO_SPONSORED,14.13,1239,23,1
2024-08-26,Liguria,Altre job board,AZ_IT_BAKECA_LAVORO_ANNUNCI,11.26,1442,27,1
2024-08-26,Liguria,Altre job board,AZ_IT_CAREERJET_CPC,6.56,739,20,1
2024-08-26,Liguria,Altre job board,AZ_IT_TALENT_COM_FEED,3.48,366,8,0
2024-08-26,Liguria,Altre job board,AZ_IT_TROVOLAVORO_SPONSORED,5.61,488,10,1
2024-08-26,Lombardia,Altre job board,AZ_IT_BAKECA_LAVORO_ANNUNCI,62.54,7593,155,3
2024-08-26,Lombardia,Altre job board,AZ_IT_CAREERJET_CPC,40.07,4481,113,3
2024-08-26,Lombardia,Altre job board,AZ_IT_TALENT_COM_FEED,23.41,2430,52,1
2024-08-26,Lombardia,Altre job board,AZ_IT_TROVOLAVORO_SPONSORED,38.78,3196,53,2
2024-08-26,Marche,Altre job board,AZ_IT_BAKECA_LAVORO_ANNUNCI,10.86,1427,26,1
2024-08-26,Marche,Altre job board,AZ_IT_CAREERJET_CPC,6.68,716,19,1
2024-08-26,Marche,Altre job board,AZ_IT_TALENT_COM_FEED,7.46,749,18,1
2024-08-26,Marche,Altre job board,AZ_IT_TROVOLAVORO_SPONSORED,8.14,705,13,1
2024-08-26,Molise,Altre job board,AZ_IT_BAKECA_LAVORO_ANNUNCI,2.63,313,7,0
2024-08-26,Molise,Altre job board,AZ_IT_CAREERJET_CPC,2.33,265,7,0
2024-08-26,Molise,Altre job board,AZ_IT_TALENT_COM_FEED,1.03,105,3,0
2024-08-26,Molise,Altre job board,AZ_IT_TROVOLAVORO_SPONSORED,1.09,90,2,0
2024-08-26,Piemonte,Altre job board,AZ_IT_BAKECA_LAVORO_ANNUNCI,29.20,3805,81,2
2024-08-26,Piemonte,Altre job board,AZ_IT_CAREERJET_CPC,15.39,1705,46,1
2024-08-26,Piemonte,Altre job board,AZ_IT_TALENT_COM_FEED,11.05,1048,26,1
2024-08-26,Piemonte,Altre job board,AZ_IT_TROVOLAVORO_SPONSORED,13.80,1174,22,1
2024-08-26,Puglia,Altre job board,AZ_IT_BAKECA_LAVORO_ANNUNCI,19.44,2481,43,1
2024-08-26,Puglia,Altre job board,AZ_IT_CAREERJET_CPC,12.79,1431,35,1
2024-08-26,Puglia,Altre job board,AZ_IT_TALENT_COM_FEED,8.72,874,21,1
2024-08-26,Puglia,Altre job board,AZ_IT_TROVOLAVORO_SPONSORED,17.42,1429,26,1
2024-08-26,Sardegna,Altre job board,AZ_IT_BAKECA_LAVORO_ANNUNCI,6.80,857,16,1
2024-08-26,Sardegna,Altre job board,AZ_IT_CAREERJET_CPC,6.79,775,22,1
2024-08-26,Sardegna,Altre job board,AZ_IT_TALENT_COM_FEED,6.93,712,20,1
2024-08-26,Sardegna,Altre job board,AZ_IT_TROVOLAVORO_SPONSORED,7.58,658,12,1
2024-08-26,Sicilia,Altre job board,AZ_IT_BAKECA_LAVORO_ANNUNCI,22.57,2843,56,2
2024-08-26,Sicilia,Altre job board,AZ_IT_CAREERJET_CPC,13.64,1574,43,1
2024-08-26,Sicilia,Altre job board,AZ_IT_TALENT_COM_FEED,9.85,992,25,1
2024-08-26,Sicilia,Altre job board,AZ_IT_TROVOLAVORO_SPONSORED,19.83,1737,28,2
2024-08-26,Toscana,Altre job board,AZ_IT_BAKECA_LAVORO_ANNUNCI,37.41,5032,105,3
2024-08-26,Toscana,Altre job board,AZ_IT_CAREERJET_CPC,21.20,2453,58,3
2024-08-26,Toscana,Altre job board,AZ_IT_TALENT_COM_FEED,6.94,683,18,1
2024-08-26,Toscana,Altre job board,AZ_IT_TROVOLAVORO_SPONSORED,17.02,1407,27,2
2024-08-26,Trentino-Alto Adige,Altre job board,AZ_IT_BAKECA_LAVORO_ANNUNCI,7.90,955,20,1
2024-08-26,Trentino-Alto Adige,Altre job board,AZ_IT_CAREERJET_CPC,6.99,776,19,1
2024-08-26,Trentino-Alto Adige,Altre job board,AZ_IT_TALENT_COM_FEED,1.93,187,4,0
2024-08-26,Trentino-Alto Adige,Altre job board,AZ_IT_TROVOLAVORO_SPONSORED,4.85,413,8,1
2024-08-26,Umbria,Altre job board,AZ_IT_BAKECA_LAVORO_ANNUNCI,11.38,1449,25,1
2024-08-26,Umbria,Altre job board,AZ_IT_CAREERJET_CPC,4.42,487,14,0
2024-08-26,Umbria,Altre job board,AZ_IT_TALENT_COM_FEED,1.76,174,4,0
2024-08-26,Umbria,Altre job board,AZ_IT_TROVOLAVORO_SPONSORED,2.74,243,4,0
2024-08-26,Valle d'Aosta,Altre job board,AZ_IT_BAKECA_LAVORO_ANNUNCI,0.54,63,1,0
2024-08-26,Valle d'Aosta,Altre job board,AZ_IT_CAREERJET_CPC,0.52,60,2,0
2024-08-26,Valle d'Aosta,Altre job board,AZ_IT_TALENT_COM_FEED,0.56,54,1,0
2024-08-26,Valle d'Aosta,Altre job board,AZ_IT_TROVOLAVORO_SPONSORED,0.40,35,1,0
2024-08-26,Veneto,Altre job board,AZ_IT_BAKECA_LAVORO_ANNUNCI,34.55,4508,97,4
2024-08-26,Veneto,Altre job board,AZ_IT_CAREERJET_CPC,22.74,2521,75,3
2024-08-26,Veneto,Altre job board,AZ_IT_TALENT_COM_FEED,16.34,1718,43,2
2024-08-26,Veneto,Altre job board,AZ_IT_TROVOLAVORO_SPONSORED,21.68,1799,33,3
2024-09-02,Abruzzo,Altre job board,AZ_IT_BAKECA_LAVORO_ANNUNCI,24.61,2992,57,2
2024-09-02,Abruzzo,Altre job board,AZ_IT_CAREERJET_CPC,14.77,1535,37,2
2024-09-02,Abruzzo,Altre job board,AZ_IT_TALENT_COM_FEED,12.48,1169,29,1
2024-09-02,Abruzzo,Altre job board,AZ_IT_TROVOLAVORO_SPONSORED,10.99,885,17,1
2024-09-02,Basilicata,Altre job board,AZ_IT_BAKECA_LAVORO_ANNUNCI,7.68,1050,20,0
2024-09-02,Basilicata,Altre job board,AZ_IT_CAREERJET_CPC,5.71,624,16,1
2024-09-02,Basilicata,Altre job board,AZ_IT_TALENT_COM_FEED,2.41,235,6,0
2024-09-02,Basilicata,Altre job board,AZ_IT_TROVOLAVORO_SPONSORED,7.79,677,11,1
2024-09-02,Calabria,Altre job board,AZ_IT_BAKECA_LAVORO_ANNUNCI,35.22,4476,86,2
2024-09-02,Calabria,Altre job board,AZ_IT_CAREERJET_CPC,17.97,1974,58,1
2024-09-02,Calabria,Altre job board,AZ_IT_TALENT_COM_FEED,11.62,1182,28,1
2024-09-02,Calabria,Altre job board,AZ_IT_TROVOLAVORO_SPONSORED,17.57,1428,24,1
2024-09-02,Campania,Altre job board,AZ_IT_BAKECA_LAVORO_ANNUNCI,89.33,11185,201,8
2024-09-02,Campania,Altre job board,AZ_IT_CAREERJET_CPC,91.53,10630,284,14
2024-09-02,Campania,Altre job board,AZ_IT_TALENT_COM_FEED,47.70,4602,120,5
2024-09-02,Campania,Altre job board,AZ_IT_TROVOLAVORO_SPONSORED,42.93,3528,60,6
2024-09-02,Emilia-Romagna,Altre job board,AZ_IT_BAKECA_LAVORO_ANNUNCI,92.85,11856,244,4
2024-09-02,Emilia-Romagna,Altre job board,AZ_IT_CAREERJET_CPC,56.60,6575,176,4
2024-09-02,Emilia-Romagna,Altre job board,AZ_IT_TALENT_COM_FEED,43.02,4507,114,2
2024-09-02,Emilia-Romagna,Altre job board,AZ_IT_TROVOLAVORO_SPONSORED,31.36,2612,45,2
2024-09-02,Friuli-Venezia Giulia,Altre job board,AZ_IT_BAKECA_LAVORO_ANNUNCI,20.00,2605,51,1
2024-09-02,Friuli-Venezia Giulia,Altre job board,AZ_IT_CAREERJET_CPC,23.41,2471,68,1
2024-09-02,Friuli-Venezia Giulia,Altre job board,AZ_IT_TALENT_COM_FEED,13.12,1309,33,1
2024-09-02,Friuli-Venezia Giulia,Altre job board,AZ_IT_TROVOLAVORO_SPONSORED,15.79,1281,24,1
2024-09-02,Lazio,Altre job board,AZ_IT_BAKECA_LAVORO_ANNUNCI,88.62,11142,228,5
2024-09-02,Lazio,Altre job board,AZ_IT_CAREERJET_CPC,66.27,7417,227,5
2024-09-02,Lazio,Altre job board,AZ_IT_TALENT_COM_FEED,56.33,5767,127,4
2024-09-02,Lazio,Altre job board,AZ_IT_TROVOLAVORO_SPONSORED,43.51,3831,73,3
2024-09-02,Liguria,Altre job board,AZ_IT_BAKECA_LAVORO_ANNUNCI,24.26,3132,73,2
2024-09-02,Liguria,Altre job board,AZ_IT_CAREERJET_CPC,13.77,1525,41,1
2024-09-02,Liguria,Altre job board,AZ_IT_TALENT_COM_FEED,13.88,1339,34,1
2024-09-02,Liguria,Altre job board,AZ_IT_TROVOLAVORO_SPONSORED,18.03,1497,26,1
2024-09-02,Lombardia,Altre job board,AZ_IT_BAKECA_LAVORO_ANNUNCI,128.51,15857,313,5
2024-09-02,Lombardia,Altre job board,AZ_IT_CAREERJET_CPC,115.02,12597,304,6
2024-09-02,Lombardia,Altre job board,AZ_IT_TALENT_COM_FEED,45.38,4653,119,2
2024-09-02,Lombardia,Altre job board,AZ_IT_TROVOLAVORO_SPONSORED,158.34,12899,231,8
2024-09-02,Marche,Altre job board,AZ_IT_BAKECA_LAVORO_ANNUNCI,32.92,4059,88,1
2024-09-02,Marche,Altre job board,AZ_IT_CAREERJET_CPC,33.45,3713,93,2
2024-09-02,Marche,Altre job board,AZ_IT_TALENT_COM_FEED,8.78,897,23,0
2024-09-02,Marche,Altre job board,AZ_IT_TROVOLAVORO_SPONSORED,15.88,1379,23,1
2024-09-02,Molise,Altre job board,AZ_IT_BAKECA_LAVORO_ANNUNCI,5.00,602,12,0
2024-09-02,Molise,Altre job board,AZ_IT_CAREERJET_CPC,3.11,352,10,0
2024-09-02,Molise,Altre job board,AZ_IT_TALENT_COM_FEED,3.15,322,8,0
2024-09-02,Molise,Altre job board,AZ_IT_TROVOLAVORO_SPONSORED,1.99,165,3,0
2024-09-02,Piemonte,Altre job board,AZ_IT_BAKECA_LAVORO_ANNUNCI,65.61,7985,149,2
2024-09-02,Piemonte,Altre job board,AZ_IT_CAREERJET_CPC,89.31,9879,256,5
2024-09-02,Piemonte,Altre job board,AZ_IT_TALENT_COM_FEED,31.18,3145,76,1
2024-09-02,Piemonte,Altre job board,AZ_IT_TROVOLAVORO_SPONSORED,55.18,4501,82,2
2024-09-02,Puglia,Altre job board,AZ_IT_BAKECA_LAVORO_ANNUNCI,53.64,6840,135,2
2024-09-02,Puglia,Altre job board,AZ_IT_CAREERJET_CPC,55.04,6063,163,3
2024-09-02,Puglia,Altre job board,AZ_IT_TALENT_COM_FEED,33.08,3312,74,2
2024-09-02,Puglia,Altre job board,AZ_IT_TROVOLAVORO_SPONSORED,40.88,3358,57,2
2024-09-02,Sardegna,Altre job board,AZ_IT_BAKECA_LAVORO_ANNUNCI,17.57,2155,45,1
2024-09-02,Sardegna,Altre job board,AZ_IT_CAREERJET_CPC,20.60,2229,58,2
2024-09-02,Sardegna,Altre job board,AZ_IT_TALENT_COM_FEED,8.47,841,22,1
2024-09-02,Sardegna,Altre job board,AZ_IT_TROVOLAVORO_SPONSORED,11.64,976,19,1
2024-09-02,Sicilia,Altre job board,AZ_IT_BAKECA_LAVORO_ANNUNCI,58.23,7505,162,2
2024-09-02,Sicilia,Altre job board,AZ_IT_CAREERJET_CPC,49.91,5843,140,3
2024-09-02,Sicilia,Altre job board,AZ_IT_TALENT_COM_FEED,32.99,3247,88,2
2024-09-02,Sicilia,Altre job board,AZ_IT_TROVOLAVORO_SPONSORED,54.33,4662,90,3
2024-09-02,Toscana,Altre job board,AZ_IT_BAKECA_LAVORO_ANNUNCI,88.44,11463,231,6
2024-09-02,Toscana,Altre job board,AZ_IT_CAREERJET_CPC,23.41,2620,67,2
2024-09-02,Toscana,Altre job board,AZ_IT_TALENT_COM_FEED,23.80,2457,62,2
2024-09-02,Toscana,Altre job board,AZ_IT_TROVOLAVORO_SPONSORED,47.07,4176,72,4
2024-09-02,Trentino-Alto Adige,Altre job board,AZ_IT_BAKECA_LAVORO_ANNUNCI,19.72,2366,48,2
2024-09-02,Trentino-Alto Adige,Altre job board,AZ_IT_CAREERJET_CPC,11.10,1235,34,2
2024-09-02,Trentino-Alto Adige,Altre job board,AZ_IT_TALENT_COM_FEED,8.23,834,19,1
2024-09-02,Trentino-Alto Adige,Altre job board,AZ_IT_TROVOLAVORO_SPONSORED,10.19,881,16,2
2024-09-02,Umbria,Altre job board,AZ_IT_BAKECA_LAVORO_ANNUNCI,13.11,1691,35,0
2024-09-02,Umbria,Altre job board,AZ_IT_CAREERJET_CPC,8.13,903,21,0
2024-09-02,Umbria,Altre job board,AZ_IT_TALENT_COM_FEED,11.22,1073,25,1
2024-09-02,Umbria,Altre job board,AZ_IT_TROVOLAVORO_SPONSORED,7.70,647,13,0
2024-09-02,Valle d'Aosta,Altre job board,AZ_IT_BAKECA_LAVORO_ANNUNCI,1.20,154,3,0
2024-09-02,Valle d'Aosta,Altre job board,AZ_IT_CAREERJET_CPC,0.98,109,3,0
2024-09-02,Valle d'Aosta,Altre job board,AZ_IT_TALENT_COM_FEED,0.70,68,2,0
2024-09-02,Valle d'Aosta,Altre job board,AZ_IT_TROVOLAVORO_SPONSORED,0.84,73,1,0
2024-09-02,Veneto,Altre job board,AZ_IT_BAKECA_LAVORO_ANNUNCI,125.27,15918,346,10
2024-09-02,Veneto,Altre job board,AZ_IT_CAREERJET_CPC,48.00,5317,135,5
2024-09-02,Veneto,Altre job board,AZ_IT_TALENT_COM_FEED,33.72,3501,90,3
2024-09-02,Veneto,Altre job board,AZ_IT_TROVOLAVORO_SPONSORED,75.40,6472,118,6
2024-09-09,Abruzzo,Altre job board,AZ_IT_BAKECA_LAVORO_ANNUNCI,9.73,1249,26,1
2024-09-09,Abruzzo,Altre job board,AZ_IT_CAREERJET_CPC,6.13,673,18,1
2024-09-09,Abruzzo,Altre job board,AZ_IT_TALENT_COM_FEED,4.77,489,11,1
2024-09-09,Abruzzo,Altre job board,AZ_IT_TROVOLAVORO_SPONSORED,10.14,848,16,1
2024-09-09,Basilicata,Altre job board,AZ_IT_BAKECA_LAVORO_ANNUNCI,6.03,754,14,1
2024-09-09,Basilicata,Altre job board,AZ_IT_CAREERJET_CPC,2.47,284,7,0
2024-09-09,Basilicata,Altre job board,AZ_IT_TALENT_COM_FEED,1.65,170,4,0
2024-09-09,Basilicata,Altre job board,AZ_IT_TROVOLAVORO_SPONSORED,3.64,297,5,0
2024-09-09,Calabria,Altre job board,AZ_IT_BAKECA_LAVORO_ANNUNCI,13.32,1671,34,1
2024-09-09,Calabria,Altre job board,AZ_IT_CAREERJET_CPC,18.73,2040,49,1
2024-09-09,Calabria,Altre job board,AZ_IT_TALENT_COM_FEED,7.53,735,18,1
2024-09-09,Calabria,Altre job board,AZ_IT_TROVOLAVORO_SPONSORED,16.57,1368,26,1
2024-09-09,Campania,Altre job board,AZ_IT_BAKECA_LAVORO_ANNUNCI,58.42,7653,146,6
2024-09-09,Campania,Altre job board,AZ_IT_CAREERJET_CPC,43.91,5108,137,6
2024-09-09,Campania,Altre job board,AZ_IT_TALENT_COM_FEED,23.54,2481,65,3
2024-09-09,Campania,Altre job board,AZ_IT_TROVOLAVORO_SPONSORED,52.23,4384,82,8
2024-09-09,Emilia-Romagna,Altre job board,AZ_IT_BAKECA_LAVORO_ANNUNCI,30.33,3756,72,2
2024-09-09,Emilia-Romagna,Altre job board,AZ_IT_CAREERJET_CPC,23.22,2473,61,3
2024-09-09,Emilia-Romagna,Altre job board,AZ_IT_TALENT_COM_FEED,13.89,1384,37,1
2024-09-09,Emilia-Romagna,Altre job board,AZ_IT_TROVOLAVORO_SPONSORED,28.38,2395,39,3
2024-09-09,Friuli-Venezia Giulia,Altre job board,AZ_IT_BAKECA_LAVORO_ANNUNCI,12.11,1453,29,1
2024-09-09,Friuli-Venezia Giulia,Altre job board,AZ_IT_CAREERJET_CPC,7.04,750,21,1
2024-09-09,Friuli-Venezia Giulia,Altre job board,AZ_IT_TALENT_COM_FEED,3.02,305,8,0
2024-09-09,Friuli-Venezia Giulia,Altre job board,AZ_IT_TROVOLAVORO_SPONSORED,14.23,1205,24,1
2024-09-09,Lazio,Altre job board,AZ_IT_BAKECA_LAVORO_ANNUNCI,53.20,7043,144,3
2024-09-09,Lazio,Altre job board,AZ_IT_CAREERJET_CPC,23.04,2546,69,2
2024-09-09,Lazio,Altre job board,AZ_IT_TALENT_COM_FEED,25.62,2568,57,2
2024-09-09,Lazio,Altre job board,AZ_IT_TROVOLAVORO_SPONSORED,49.42,3815,65,4
2024-09-09,Liguria,Altre job board,AZ_IT_BAKECA_LAVORO_ANNUNCI,16.28,2059,40,1
2024-09-09,Liguria,Altre job board,AZ_IT_CAREERJET_CPC,9.23,1025,27,1
2024-09-09,Liguria,Altre job board,AZ_IT_TALENT_COM_FEED,5.44,528,13,1
2024-09-09,Liguria,Altre job board,AZ_IT_TROVOLAVORO_SPONSORED,10.82,907,15,1
2024-09-09,Lombardia,Altre job board,AZ_IT_BAKECA_LAVORO_ANNUNCI,86.55,11287,249,4
2024-09-09,Lombardia,Altre job board,AZ_IT_CAREERJET_CPC,44.95,5110,152,3
2024-09-09,Lombardia,Altre job board,AZ_IT_TALENT_COM_FEED,46.20,4680,100,3
2024-09-09,Lombardia,Altre job board,AZ_IT_TROVOLAVORO_SPONSORED,53.65,4630,86,3
2024-09-09,Marche,Altre job board,AZ_IT_BAKECA_LAVORO_ANNUNCI,14.63,1852,32,1
2024-09-09,Marche,Altre job board,AZ_IT_CAREERJET_CPC,4.32,485,12,0
2024-09-09,Marche,Altre job board,AZ_IT_TALENT_COM_FEED,8.53,838,20,1
2024-09-09,Marche,Altre job board,AZ_IT_TROVOLAVORO_SPONSORED,9.53,819,14,1
2024-09-09,Molise,Altre job board,AZ_IT_BAKECA_LAVORO_ANNUNCI,2.50,314,6,0
2024-09-09,Molise,Altre job board,AZ_IT_CAREERJET_CPC,3.12,336,9,0
2024-09-09,Molise,Altre job board,AZ_IT_TALENT_COM_FEED,1.37,133,3,0
2024-09-09,Molise,Altre job board,AZ_IT_TROVOLAVORO_SPONSORED,2.03,162,3,0
2024-09-09,Piemonte,Altre job board,AZ_IT_BAKECA_LAVORO_ANNUNCI,42.39,5408,98,2
2024-09-09,Piemonte,Altre job board,AZ_IT_CAREERJET_CPC,29.58,3325,93,2
2024-09-09,Piemonte,Altre job board,AZ_IT_TALENT_COM_FEED,22.32,2347,58,1
2024-09-09,Piemonte,Altre job board,AZ_IT_TROVOLAVORO_SPONSORED,23.66,2002,35,2
2024-09-09,Puglia,Altre job board,AZ_IT_BAKECA_LAVORO_ANNUNCI,34.50,4668,97,2
2024-09-09,Puglia,Altre job board,AZ_IT_CAREERJET_CPC,16.48,1913,51,1
2024-09-09,Puglia,Altre job board,AZ_IT_TALENT_COM_FEED,11.95,1147,25,1
2024-09-09,Puglia,Altre job board,AZ_IT_TROVOLAVORO_SPONSORED,24.70,2086,41,2
2024-09-09,Sardegna,Altre job board,AZ_IT_BAKECA_LAVORO_ANNUNCI,22.82,2763,53,2
2024-09-09,Sardegna,Altre job board,AZ_IT_CAREERJET_CPC,8.32,907,26,1
2024-09-09,Sardegna,Altre job board,AZ_IT_TALENT_COM_FEED,6.25,598,15,1
2024-09-09,Sardegna,Altre job board,AZ_IT_TROVOLAVORO_SPONSORED,10.28,854,14,1
2024-09-09,Sicilia,Altre job board,AZ_IT_BAKECA_LAVORO_ANNUNCI,50.46,6017,113,3
2024-09-09,Sicilia,Altre job board,AZ_IT_CAREERJET_CPC,21.49,2221,58,2
2024-09-09,Sicilia,Altre job board,AZ_IT_TALENT_COM_FEED,14.71,1408,36,1
2024-09-09,Sicilia,Altre job board,AZ_IT_TROVOLAVORO_SPONSORED,24.87,2078,38,2
2024-09-09,Toscana,Altre job board,AZ_IT_BAKECA_LAVORO_ANNUNCI,48.43,6028,116,4
2024-09-09,Toscana,Altre job board,AZ_IT_CAREERJET_CPC,27.41,2810,73,3
2024-09-09,Toscana,Altre job board,AZ_IT_TALENT_COM_FEED,13.83,1442,34,1
2024-09-09,Toscana,Altre job board,AZ_IT_TROVOLAVORO_SPONSORED,22.99,1962,35,3
2024-09-09,Trentino-Alto Adige,Altre job board,AZ_IT_BAKECA_LAVORO_ANNUNCI,11.74,1532,29,2
2024-09-09,Trentino-Alto Adige,Altre job board,AZ_IT_CAREERJET_CPC,5.17,570,16,1
2024-09-09,Trentino-Alto Adige,Altre job board,AZ_IT_TALENT_COM_FEED,4.28,417,11,1
2024-09-09,Trentino-Alto Adige,Altre job board,AZ_IT_TROVOLAVORO_SPONSORED,11.12,879,15,2
2024-09-09,Umbria,Altre job board,AZ_IT_BAKECA_LAVORO_ANNUNCI,7.50,914,18,0
2024-09-09,Umbria,Altre job board,AZ_IT_CAREERJET_CPC,7.59,876,21,1
2024-09-09,Umbria,Altre job board,AZ_IT_TALENT_COM_FEED,3.66,377,9,0
2024-09-09,Umbria,Altre job board,AZ_IT_TROVOLAVORO_SPONSORED,3.74,316,7,0
2024-09-09,Valle d'Aosta,Altre job board,AZ_IT_BAKECA_LAVORO_ANNUNCI,1.28,155,3,0
2024-09-09,Valle d'Aosta,Altre job board,AZ_IT_CAREERJET_CPC,0.75,80,3,0
2024-09-09,Valle d'Aosta,Altre job board,AZ_IT_TALENT_COM_FEED,0.51,52,1,0
2024-09-09,Valle d'Aosta,Altre job board,AZ_IT_TROVOLAVORO_SPONSORED,1.15,96,2,0
2024-09-09,Veneto,Altre job board,AZ_IT_BAKECA_LAVORO_ANNUNCI,65.48,7902,164,8
2024-09-09,Veneto,Altre job board,AZ_IT_CAREERJET_CPC,21.59,2337,61,3
2024-09-09,Veneto,Altre job board,AZ_IT_TALENT_COM_FEED,15.19,1547,40,2
2024-09-09,Veneto,Altre job board,AZ_IT_TROVOLAVORO_SPONSORED,28.32,2408,38,5
2024-09-16,Abruzzo,Altre job board,AZ_IT_BAKECA_LAVORO_ANNUNCI,8.89,1162,23,1
2024-09-16,Abruzzo,Altre job board,AZ_IT_CAREERJET_CPC,7.53,903,24,1
2024-09-16,Abruzzo,Altre job board,AZ_IT_TALENT_COM_FEED,5.78,581,13,1
2024-09-16,Abruzzo,Altre job board,AZ_IT_TROVOLAVORO_SPONSORED,6.08,502,9,1
2024-09-16,Basilicata,Altre job board,AZ_IT_BAKECA_LAVORO_ANNUNCI,5.77,740,15,1
2024-09-16,Basilicata,Altre job board,AZ_IT_CAREERJET_CPC,2.93,318,8,0
2024-09-16,Basilicata,Altre job board,AZ_IT_TALENT_COM_FEED,1.85,178,4,0
2024-09-16,Basilicata,Altre job board,AZ_IT_TROVOLAVORO_SPONSORED,3.95,326,6,0
2024-09-16,Calabria,Altre job board,AZ_IT_BAKECA_LAVORO_ANNUNCI,8.85,1087,20,1
2024-09-16,Calabria,Altre job board,AZ_IT_CAREERJET_CPC,10.58,1153,27,1
2024-09-16,Calabria,Altre job board,AZ_IT_TALENT_COM_FEED,7.16,716,18,1
2024-09-16,Calabria,Altre job board,AZ_IT_TROVOLAVORO_SPONSORED,12.97,1074,20,1
2024-09-16,Campania,Altre job board,AZ_IT_BAKECA_LAVORO_ANNUNCI,35.86,4591,84,5
2024-09-16,Campania,Altre job board,AZ_IT_CAREERJET_CPC,40.61,4255,108,8
2024-09-16,Campania,Altre job board,AZ_IT_TALENT_COM_FEED,14.27,1431,30,3
2024-09-16,Campania,Altre job board,AZ_IT_TROVOLAVORO_SPONSORED,30.92,2501,44,5
2024-09-16,Emilia-Romagna,Altre job board,AZ_IT_BAKECA_LAVORO_ANNUNCI,39.21,4834,93,3
2024-09-16,Emilia-Romagna,Altre job board,AZ_IT_CAREERJET_CPC,17.79,1935,45,2
2024-09-16,Emilia-Romagna,Altre job board,AZ_IT_TALENT_COM_FEED,13.29,1370,35,1
2024-09-16,Emilia-Romagna,Altre job board,AZ_IT_TROVOLAVORO_SPONSORED,24.92,2052,37,3
2024-09-16,Friuli-Venezia Giulia,Altre job board,AZ_IT_BAKECA_LAVORO_ANNUNCI,11.92,1431,29,1
2024-09-16,Friuli-Venezia Giulia,Altre job board,AZ_IT_CAREERJET_CPC,7.02,788,20,1
2024-09-16,Friuli-Venezia Giulia,Altre job board,AZ_IT_TALENT_COM_FEED,3.92,383,10,0
2024-09-16,Friuli-Venezia Giulia,Altre job board,AZ_IT_TROVOLAVORO_SPONSORED,6.67,557,9,1
2024-09-16,Lazio,Altre job board,AZ_IT_BAKECA_LAVORO_ANNUNCI,25.73,3376,66,2
2024-09-16,Lazio,Altre job board,AZ_IT_CAREERJET_CPC,26.67,2968,86,3
2024-09-16,Lazio,Altre job board,AZ_IT_TALENT_COM_FEED,12.86,1324,33,1
2024-09-16,Lazio,Altre job board,AZ_IT_TROVOLAVORO_SPONSORED,22.63,1900,33,2
2024-09-16,Liguria,Altre job board,AZ_IT_BAKECA_LAVORO_ANNUNCI,10.17,1236,23,1
2024-09-16,Liguria,Altre job board,AZ_IT_CAREERJET_CPC,8.09,897,24,1
2024-09-16,Liguria,Altre job board,AZ_IT_TALENT_COM_FEED,4.86,494,13,1
2024-09-16,Liguria,Altre job board,AZ_IT_TROVOLAVORO_SPONSORED,13.92,1104,20,1
2024-09-16,Lombardia,Altre job board,AZ_IT_BAKECA_LAVORO_ANNUNCI,97.77,11580,226,5
2024-09-16,Lombardia,Altre job board,AZ_IT_CAREERJET_CPC,56.70,6077,155,4
2024-09-16,Lombardia,Altre job board,AZ_IT_TALENT_COM_FEED,31.66,3241,76,2
2024-09-16,Lombardia,Altre job board,AZ_IT_TROVOLAVORO_SPONSORED,49.12,3910,70,3
2024-09-16,Marche,Altre job board,AZ_IT_BAKECA_LAVORO_ANNUNCI,14.25,1744,36,1
2024-09-16,Marche,Altre job board,AZ_IT_CAREERJET_CPC,5.36,615,18,0
2024-09-16,Marche,Altre job board,AZ_IT_TALENT_COM_FEED,3.52,346,8,0
2024-09-16,Marche,Altre job board,AZ_IT_TROVOLAVORO_SPONSORED,18.47,1558,28,2
2024-09-16,Molise,Altre job board,AZ_IT_BAKECA_LAVORO_ANNUNCI,1.59,202,4,0
2024-09-16,Molise,Altre job board,AZ_IT_CAREERJET_CPC,1.69,174,5,0
2024-09-16,Molise,Altre job board,AZ_IT_TALENT_COM_FEED,0.86,84,2,0
2024-09-16,Molise,Altre job board,AZ_IT_TROVOLAVORO_SPONSORED,1.22,101,2,0
2024-09-16,Piemonte,Altre job board,AZ_IT_BAKECA_LAVORO_ANNUNCI,26.21,3389,65,1
2024-09-16,Piemonte,Altre job board,AZ_IT_CAREERJET_CPC,15.37,1661,47,1
2024-09-16,Piemonte,Altre job board,AZ_IT_TALENT_COM_FEED,25.28,2571,57,1
2024-09-16,Piemonte,Altre job board,AZ_IT_TROVOLAVORO_SPONSORED,41.55,3521,64,3
2024-09-16,Puglia,Altre job board,AZ_IT_BAKECA_LAVORO_ANNUNCI,23.80,3006,64,1
2024-09-16,Puglia,Altre job board,AZ_IT_CAREERJET_CPC,18.11,2091,62,1
2024-09-16,Puglia,Altre job board,AZ_IT_TALENT_COM_FEED,17.29,1833,48,1
2024-09-16,Puglia,Altre job board,AZ_IT_TROVOLAVORO_SPONSORED,27.86,2266,41,2
2024-09-16,Sardegna,Altre job board,AZ_IT_BAKECA_LAVORO_ANNUNCI,6.54,843,18,1
2024-09-16,Sardegna,Altre job board,AZ_IT_CAREERJET_CPC,5.63,647,16,1
2024-09-16,Sardegna,Altre job board,AZ_IT_TALENT_COM_FEED,5.80,596,14,1
2024-09-16,Sardegna,Altre job board,AZ_IT_TROVOLAVORO_SPONSORED,9.62,848,15,1
2024-09-16,Sicilia,Altre job board,AZ_IT_BAKECA_LAVORO_ANNUNCI,38.40,4910,100,2
2024-09-16,Sicilia,Altre job board,AZ_IT_CAREERJET_CPC,19.75,2212,59,2
2024-09-16,Sicilia,Altre job board,AZ_IT_TALENT_COM_FEED,17.60,1757,44,1
2024-09-16,Sicilia,Altre job board,AZ_IT_TROVOLAVORO_SPONSORED,25.30,2156,41,2
2024-09-16,Toscana,Altre job board,AZ_IT_BAKECA_LAVORO_ANNUNCI,18.77,2340,43,2
2024-09-16,Toscana,Altre job board,AZ_IT_CAREERJET_CPC,16.63,1880,45,2
2024-09-16,Toscana,Altre job board,AZ_IT_TALENT_COM_FEED,14.07,1473,32,2
2024-09-16,Toscana,Altre job board,AZ_IT_TROVOLAVORO_SPONSORED,21.61,1869,34,3
2024-09-16,Trentino-Alto Adige,Altre job board,AZ_IT_BAKECA_LAVORO_ANNUNCI,7.63,913,19,1
2024-09-16,Trentino-Alto Adige,Altre job board,AZ_IT_CAREERJET_CPC,5.32,571,13,1
2024-09-16,Trentino-Alto Adige,Altre job board,AZ_IT_TALENT_COM_FEED,3.15,322,7,1
2024-09-16,Trentino-Alto Adige,Altre job board,AZ_IT_TROVOLAVORO_SPONSORED,7.97,660,12,2
2024-09-16,Umbria,Altre job board,AZ_IT_BAKECA_LAVORO_ANNUNCI,5.47,688,13,0
2024-09-16,Umbria,Altre job board,AZ_IT_CAREERJET_CPC,5.51,588,17,0
2024-09-16,Umbria,Altre job board,AZ_IT_TALENT_COM_FEED,3.46,337,9,0
2024-09-16,Umbria,Altre job board,AZ_IT_TROVOLAVORO_SPONSORED,6.07,502,10,0
2024-09-16,Valle d'Aosta,Altre job board,AZ_IT_BAKECA_LAVORO_ANNUNCI,1.31,162,3,0
2024-09-16,Valle d'Aosta,Altre job board,AZ_IT_CAREERJET_CPC,0.68,71,2,0
2024-09-16,Valle d'Aosta,Altre job board,AZ_IT_TALENT_COM_FEED,0.37,35,1,0
2024-09-16,Valle d'Aosta,Altre job board,AZ_IT_TROVOLAVORO_SPONSORED,0.75,65,1,0
2024-09-16,Veneto,Altre job board,AZ_IT_BAKECA_LAVORO_ANNUNCI,45.70,5911,126,5
2024-09-16,Veneto,Altre job board,AZ_IT_CAREERJET_CPC,23.58,2650,64,4
2024-09-16,Veneto,Altre job board,AZ_IT_TALENT_COM_FEED,11.87,1165,26,2
2024-09-16,Veneto,Altre job board,AZ_IT_TROVOLAVORO_SPONSORED,19.88,1610,27,3
2024-09-23,Abruzzo,Altre job board,AZ_IT_BAKECA_LAVORO_ANNUNCI,5.45,658,14,1
2024-09-23,Abruzzo,Altre job board,AZ_IT_CAREERJET_CPC,3.15,366,9,1
2024-09-23,Abruzzo,Altre job board,AZ_IT_TALENT_COM_FEED,1.43,143,3,0
2024-09-23,Abruzzo,Altre job board,AZ_IT_TROVOLAVORO_SPONSORED,4.83,406,7,1
2024-09-23,Basilicata,Altre job board,AZ_IT_BAKECA_LAVORO_ANNUNCI,2.24,289,6,0
2024-09-23,Basilicata,Altre job board,AZ_IT_CAREERJET_CPC,1.42,158,4,0
2024-09-23,Basilicata,Altre job board,AZ_IT_TALENT_COM_FEED,0.70,70,2,0
2024-09-23,Basilicata,Altre job board,AZ_IT_TROVOLAVORO_SPONSORED,1.68,143,3,0
2024-09-23,Calabria,Altre job board,AZ_IT_BAKECA_LAVORO_ANNUNCI,5.29,623,14,0
2024-09-23,Calabria,Altre job board,AZ_IT_CAREERJET_CPC,6.17,683,17,1
2024-09-23,Calabria,Altre job board,AZ_IT_TALENT_COM_FEED,4.36,436,10,0
2024-09-23,Calabria,Altre job board,AZ_IT_TROVOLAVORO_SPONSORED,5.39,429,8,1
2024-09-23,Campania,Altre job board,AZ_IT_BAKECA_LAVORO_ANNUNCI,16.68,2193,42,3
2024-09-23,Campania,Altre job board,AZ_IT_CAREERJET_CPC,17.07,1898,42,4
2024-09-23,Campania,Altre job board,AZ_IT_TALENT_COM_FEED,11.86,1185,27,2
2024-09-23,Campania,Altre job board,AZ_IT_TROVOLAVORO_SPONSORED,15.89,1315,23,3
2024-09-23,Emilia-Romagna,Altre job board,AZ_IT_BAKECA_LAVORO_ANNUNCI,17.71,2237,43,1
2024-09-23,Emilia-Romagna,Altre job board,AZ_IT_CAREERJET_CPC,15.15,1729,43,2
2024-09-23,Emilia-Romagna,Altre job board,AZ_IT_TALENT_COM_FEED,10.43,1052,23,1
2024-09-23,Emilia-Romagna,Altre job board,AZ_IT_TROVOLAVORO_SPONSORED,13.23,1104,20,1
2024-09-23,Friuli-Venezia Giulia,Altre job board,AZ_IT_BAKECA_LAVORO_ANNUNCI,4.96,607,13,0
2024-09-23,Friuli-Venezia Giulia,Altre job board,AZ_IT_CAREERJET_CPC,3.08,356,10,0
2024-09-23,Friuli-Venezia Giulia,Altre job board,AZ_IT_TALENT_COM_FEED,2.19,216,5,0
2024-09-23,Friuli-Venezia Giulia,Altre job board,AZ_IT_TROVOLAVORO_SPONSORED,3.32,284,5,0
2024-09-23,Lazio,Altre job board,AZ_IT_BAKECA_LAVORO_ANNUNCI,17.04,2154,42,1
2024-09-23,Lazio,Altre job board,AZ_IT_CAREERJET_CPC,23.09,2404,66,3
2024-09-23,Lazio,Altre job board,AZ_IT_TALENT_COM_FEED,9.32,912,21,1
2024-09-23,Lazio,Altre job board,AZ_IT_TROVOLAVORO_SPONSORED,17.19,1383,25,2
2024-09-23,Liguria,Altre job board,AZ_IT_BAKECA_LAVORO_ANNUNCI,6.65,867,19,1
2024-09-23,Liguria,Altre job board,AZ_IT_CAREERJET_CPC,3.92,447,11,1
2024-09-23,Liguria,Altre job board,AZ_IT_TALENT_COM_FEED,2.75,272,7,0
2024-09-23,Liguria,Altre job board,AZ_IT_TROVOLAVORO_SPONSORED,3.26,268,5,1
2024-09-23,Lombardia,Altre job board,AZ_IT_BAKECA_LAVORO_ANNUNCI,43.16,5548,118,2
2024-09-23,Lombardia,Altre job board,AZ_IT_CAREERJET_CPC,24.77,2784,70,2
2024-09-23,Lombardia,Altre job board,AZ_IT_TALENT_COM_FEED,21.61,2136,47,2
2024-09-23,Lombardia,Altre job board,AZ_IT_TROVOLAVORO_SPONSORED,45.05,3787,67,3
2024-09-23,Marche,Altre job board,AZ_IT_BAKECA_LAVORO_ANNUNCI,5.12,636,13,0
2024-09-23,Marche,Altre job board,AZ_IT_CAREERJET_CPC,3.43,385,9,0
2024-09-23,Marche,Altre job board,AZ_IT_TALENT_COM_FEED,3.55,363,9,0
2024-09-23,Marche,Altre job board,AZ_IT_TROVOLAVORO_SPONSORED,4.06,350,6,0
2024-09-23,Molise,Altre job board,AZ_IT_BAKECA_LAVORO_ANNUNCI,0.68,89,2,0
2024-09-23,Molise,Altre job board,AZ_IT_CAREERJET_CPC,0.53,57,1,0
2024-09-23,Molise,Altre job board,AZ_IT_TALENT_COM_FEED,0.52,53,1,0
2024-09-23,Molise,Altre job board,AZ_IT_TROVOLAVORO_SPONSORED,0.66,57,1,0
2024-09-23,Piemonte,Altre job board,AZ_IT_BAKECA_LAVORO_ANNUNCI,14.82,1894,42,1
2024-09-23,Piemonte,Altre job board,AZ_IT_CAREERJET_CPC,11.05,1253,33,1
2024-09-23,Piemonte,Altre job board,AZ_IT_TALENT_COM_FEED,4.63,461,10,0
2024-09-23,Piemonte,Altre job board,AZ_IT_TROVOLAVORO_SPONSORED,13.80,1183,21,1
2024-09-23,Puglia,Altre job board,AZ_IT_BAKECA_LAVORO_ANNUNCI,11.56,1472,30,1
2024-09-23,Puglia,Altre job board,AZ_IT_CAREERJET_CPC,9.89,1137,28,1
2024-09-23,Puglia,Altre job board,AZ_IT_TALENT_COM_FEED,8.72,854,16,1
2024-09-23,Puglia,Altre job board,AZ_IT_TROVOLAVORO_SPONSORED,11.77,1004,19,1
2024-09-23,Sardegna,Altre job board,AZ_IT_BAKECA_LAVORO_ANNUNCI,4.02,492,9,0
2024-09-23,Sardegna,Altre job board,AZ_IT_CAREERJET_CPC,3.12,344,9,0
2024-09-23,Sardegna,Altre job board,AZ_IT_TALENT_COM_FEED,2.89,285,6,0
2024-09-23,Sardegna,Altre job board,AZ_IT_TROVOLAVORO_SPONSORED,5.33,439,8,1
2024-09-23,Sicilia,Altre job board,AZ_IT_BAKECA_LAVORO_ANNUNCI,10.70,1343,28,1
2024-09-23,Sicilia,Altre job board,AZ_IT_CAREERJET_CPC,13.63,1517,39,1
2024-09-23,Sicilia,Altre job board,AZ_IT_TALENT_COM_FEED,8.87,922,24,1
2024-09-23,Sicilia,Altre job board,AZ_IT_TROVOLAVORO_SPONSORED,12.76,1023,17,1
2024-09-23,Toscana,Altre job board,AZ_IT_BAKECA_LAVORO_ANNUNCI,15.72,2085,43,2
2024-09-23,Toscana,Altre job board,AZ_IT_CAREERJET_CPC,9.24,1012,32,1
2024-09-23,Toscana,Altre job board,AZ_IT_TALENT_COM_FEED,6.90,670,17,1
2024-09-23,Toscana,Altre job board,AZ_IT_TROVOLAVORO_SPONSORED,7.54,613,10,1
2024-09-23,Trentino-Alto Adige,Altre job board,AZ_IT_BAKECA_LAVORO_ANNUNCI,4.42,542,11,1
2024-09-23,Trentino-Alto Adige,Altre job board,AZ_IT_CAREERJET_CPC,2.87,325,8,1
2024-09-23,Trentino-Alto Adige,Altre job board,AZ_IT_TALENT_COM_FEED,1.47,150,4,0
2024-09-23,Trentino-Alto Adige,Altre job board,AZ_IT_TROVOLAVORO_SPONSORED,2.34,199,3,1
2024-09-23,Umbria,Altre job board,AZ_IT_BAKECA_LAVORO_ANNUNCI,3.37,411,8,0
2024-09-23,Umbria,Altre job board,AZ_IT_CAREERJET_CPC,1.64,179,5,0
2024-09-23,Umbria,Altre job board,AZ_IT_TALENT_COM_FEED,1.90,186,4,0
2024-09-23,Umbria,Altre job board,AZ_IT_TROVOLAVORO_SPONSORED,2.05,163,2,0
2024-09-23,Valle d'Aosta,Altre job board,AZ_IT_BAKECA_LAVORO_ANNUNCI,0.44,53,1,0
2024-09-23,Valle d'Aosta,Altre job board,AZ_IT_CAREERJET_CPC,0.26,29,1,0
2024-09-23,Valle d'Aosta,Altre job board,AZ_IT_TALENT_COM_FEED,0.32,31,1,0
2024-09-23,Valle d'Aosta,Altre job board,AZ_IT_TROVOLAVORO_SPONSORED,0.44,39,1,0
2024-09-23,Veneto,Altre job board,AZ_IT_BAKECA_LAVORO_ANNUNCI,19.57,2487,48,3
2024-09-23,Veneto,Altre job board,AZ_IT_CAREERJET_CPC,7.68,872,24,1
2024-09-23,Veneto,Altre job board,AZ_IT_TALENT_COM_FEED,8.89,913,22,1
2024-09-23,Veneto,Altre job board,AZ_IT_TROVOLAVORO_SPONSORED,22.84,1799,31,3
2024-09-30,Abruzzo,Altre job board,AZ_IT_BAKECA_LAVORO_ANNUNCI,7.82,969,19,1
2024-09-30,Abruzzo,Altre job board,AZ_IT_CAREERJET_CPC,5.43,581,16,1
2024-09-30,Abruzzo,Altre job board,AZ_IT_TALENT_COM_FEED,4.11,400,11,1
2024-09-30,Abruzzo,Altre job board,AZ_IT_TROVOLAVORO_SPONSORED,7.77,625,12,1
2024-09-30,Basilicata,Altre job board,AZ_IT_BAKECA_LAVORO_ANNUNCI,2.76,326,6,0
2024-09-30,Basilicata,Altre job board,AZ_IT_CAREERJET_CPC,2.27,253,7,0
2024-09-30,Basilicata,Altre job board,AZ_IT_TALENT_COM_FEED,2.39,254,6,0
2024-09-30,Basilicata,Altre job board,AZ_IT_TROVOLAVORO_SPONSORED,5.46,455,9,1
2024-09-30,Calabria,Altre job board,AZ_IT_BAKECA_LAVORO_ANNUNCI,15.14,1931,36,1
2024-09-30,Calabria,Altre job board,AZ_IT_CAREERJET_CPC,6.10,676,17,0
2024-09-30,Calabria,Altre job board,AZ_IT_TALENT_COM_FEED,9.11,940,23,1
2024-09-30,Calabria,Altre job board,AZ_IT_TROVOLAVORO_SPONSORED,20.07,1648,32,2
2024-09-30,Campania,Altre job board,AZ_IT_BAKECA_LAVORO_ANNUNCI,34.84,4377,84,5
2024-09-30,Campania,Altre job board,AZ_IT_CAREERJET_CPC,14.71,1650,35,3
2024-09-30,Campania,Altre job board,AZ_IT_TALENT_COM_FEED,18.98,2057,48,3
2024-09-30,Campania,Altre job board,AZ_IT_TROVOLAVORO_SPONSORED,30.10,2456,49,5
2024-09-30,Emilia-Romagna,Altre job board,AZ_IT_BAKECA_LAVORO_ANNUNCI,24.44,3176,62,1
2024-09-30,Emilia-Romagna,Altre job board,AZ_IT_CAREERJET_CPC,25.00,2752,73,2
2024-09-30,Emilia-Romagna,Altre job board,AZ_IT_TALENT_COM_FEED,26.40,2551,56,2
2024-09-30,Emilia-Romagna,Altre job board,AZ_IT_TROVOLAVORO_SPONSORED,25.44,2075,34,2
2024-09-30,Friuli-Venezia Giulia,Altre job board,AZ_IT_BAKECA_LAVORO_ANNUNCI,6.71,830,16,0
2024-09-30,Friuli-Venezia Giulia,Altre job board,AZ_IT_CAREERJET_CPC,5.75,648,17,0
2024-09-30,Friuli-Venezia Giulia,Altre job board,AZ_IT_TALENT_COM_FEED,5.49,551,14,0
2024-09-30,Friuli-Venezia Giulia,Altre job board,AZ_IT_TROVOLAVORO_SPONSORED,16.47,1384,21,1
2024-09-30,Lazio,Altre job board,AZ_IT_BAKECA_LAVORO_ANNUNCI,61.55,7631,172,4
2024-09-30,Lazio,Altre job board,AZ_IT_CAREERJET_CPC,36.95,3985,108,3
2024-09-30,Lazio,Altre job board,AZ_IT_TALENT_COM_FEED,25.17,2470,59,2
2024-09-30,Lazio,Altre job board,AZ_IT_TROVOLAVORO_SPONSORED,35.89,3099,57,3
2024-09-30,Liguria,Altre job board,AZ_IT_BAKECA_LAVORO_ANNUNCI,20.16,2625,55,2
2024-09-30,Liguria,Altre job board,AZ_IT_CAREERJET_CPC,7.08,808,21,1
2024-09-30,Liguria,Altre job board,AZ_IT_TALENT_COM_FEED,7.43,747,19,1
2024-09-30,Liguria,Altre job board,AZ_IT_TROVOLAVORO_SPONSORED,11.19,904,16,1
2024-09-30,Lombardia,Altre job board,AZ_IT_BAKECA_LAVORO_ANNUNCI,66.83,8625,193,3
2024-09-30,Lombardia,Altre job board,AZ_IT_CAREERJET_CPC,59.23,6545,167,4
2024-09-30,Lombardia,Altre job board,AZ_IT_TALENT_COM_FEED,51.15,4839,115,3
2024-09-30,Lombardia,Altre job board,AZ_IT_TROVOLAVORO_SPONSORED,85.54,7076,125,5
2024-09-30,Marche,Altre job board,AZ_IT_BAKECA_LAVORO_ANNUNCI,7.81,1000,19,1
2024-09-30,Marche,Altre job board,AZ_IT_CAREERJET_CPC,7.05,802,18,1
2024-09-30,Marche,Altre job board,AZ_IT_TALENT_COM_FEED,5.54,564,13,1
2024-09-30,Marche,Altre job board,AZ_IT_TROVOLAVORO_SPONSORED,9.09,741,13,1
2024-09-30,Molise,Altre job board,AZ_IT_BAKECA_LAVORO_ANNUNCI,1.72,219,4,0
2024-09-30,Molise,Altre job board,AZ_IT_CAREERJET_CPC,2.30,247,6,0
2024-09-30,Molise,Altre job board,AZ_IT_TALENT_COM_FEED,1.27,130,3,0
2024-09-30,Molise,Altre job board,AZ_IT_TROVOLAVORO_SPONSORED,1.81,143,2,0
2024-09-30,Piemonte,Altre job board,AZ_IT_BAKECA_LAVORO_ANNUNCI,42.55,5506,97,2
2024-09-30,Piemonte,Altre job board,AZ_IT_CAREERJET_CPC,27.64,3156,83,2
2024-09-30,Piemonte,Altre job board,AZ_IT_TALENT_COM_FEED,24.55,2519,61,2
2024-09-30,Piemonte,Altre job board,AZ_IT_TROVOLAVORO_SPONSORED,24.36,1950,32,2
2024-09-30,Puglia,Altre job board,AZ_IT_BAKECA_LAVORO_ANNUNCI,20.69,2760,56,1
2024-09-30,Puglia,Altre job board,AZ_IT_CAREERJET_CPC,16.69,1948,45,1
2024-09-30,Puglia,Altre job board,AZ_IT_TALENT_COM_FEED,17.58,1737,38,1
2024-09-30,Puglia,Altre job board,AZ_IT_TROVOLAVORO_SPONSORED,32.38,2622,44,2
2024-09-30,Sardegna,Altre job board,AZ_IT_BAKECA_LAVORO_ANNUNCI,14.83,1776,34,1
2024-09-30,Sardegna,Altre job board,AZ_IT_CAREERJET_CPC,5.33,610,16,1
2024-09-30,Sardegna,Altre job board,AZ_IT_TALENT_COM_FEED,7.41,754,18,1
2024-09-30,Sardegna,Altre job board,AZ_IT_TROVOLAVORO_SPONSORED,16.65,1409,26,2
2024-09-30,Sicilia,Altre job board,AZ_IT_BAKECA_LAVORO_ANNUNCI,34.62,4437,98,2
2024-09-30,Sicilia,Altre job board,AZ_IT_CAREERJET_CPC,23.86,2664,71,2
2024-09-30,Sicilia,Altre job board,AZ_IT_TALENT_COM_FEED,31.24,2940,67,2
2024-09-30,Sicilia,Altre job board,AZ_IT_TROVOLAVORO_SPONSORED,28.60,2278,42,2
2024-09-30,Toscana,Altre job board,AZ_IT_BAKECA_LAVORO_ANNUNCI,16.90,2161,41,1
2024-09-30,Toscana,Altre job board,AZ_IT_CAREERJET_CPC,16.83,1855,41,2
2024-09-30,Toscana,Altre job board,AZ_IT_TALENT_COM_FEED,16.47,1552,31,1
2024-09-30,Toscana,Altre job board,AZ_IT_TROVOLAVORO_SPONSORED,16.28,1399,23,2
2024-09-30,Trentino-Alto Adige,Altre job board,AZ_IT_BAKECA_LAVORO_ANNUNCI,12.26,1608,32,2
2024-09-30,Trentino-Alto Adige,Altre job board,AZ_IT_CAREERJET_CPC,4.08,458,14,1
2024-09-30,Trentino-Alto Adige,Altre job board,AZ_IT_TALENT_COM_FEED,5.23,537,13,1
2024-09-30,Trentino-Alto Adige,Altre job board,AZ_IT_TROVOLAVORO_SPONSORED,8.13,695,13,1
2024-09-30,Umbria,Altre job board,AZ_IT_BAKECA_LAVORO_ANNUNCI,7.78,1030,24,0
2024-09-30,Umbria,Altre job board,AZ_IT_CAREERJET_CPC,3.25,351,9,0
2024-09-30,Umbria,Altre job board,AZ_IT_TALENT_COM_FEED,2.02,204,5,0
2024-09-30,Umbria,Altre job board,AZ_IT_TROVOLAVORO_SPONSORED,7.20,589,11,1
2024-09-30,Valle d'Aosta,Altre job board,AZ_IT_BAKECA_LAVORO_ANNUNCI,0.89,108,2,0
2024-09-30,Valle d'Aosta,Altre job board,AZ_IT_CAREERJET_CPC,0.49,56,1,0
2024-09-30,Valle d'Aosta,Altre job board,AZ_IT_TALENT_COM_FEED,0.54,56,1,0
2024-09-30,Valle d'Aosta,Altre job board,AZ_IT_TROVOLAVORO_SPONSORED,0.93,80,1,0
2024-09-30,Veneto,Altre job board,AZ_IT_BAKECA_LAVORO_ANNUNCI,38.17,4661,89,3
2024-09-30,Veneto,Altre job board,AZ_IT_CAREERJET_CPC,26.89,2942,74,4
2024-09-30,Veneto,Altre job board,AZ_IT_TALENT_COM_FEED,20.65,2048,49,2
2024-09-30,Veneto,Altre job board,AZ_IT_TROVOLAVORO_SPONSORED,23.67,1914,35,3
2024-10-07,Abruzzo,Altre job board,AZ_IT_BAKECA_LAVORO_ANNUNCI,8.17,1008,22,1
2024-10-07,Abruzzo,Altre job board,AZ_IT_CAREERJET_CPC,2.92,322,8,1
2024-10-07,Abruzzo,Altre job board,AZ_IT_TALENT_COM_FEED,1.33,133,3,0
2024-10-07,Abruzzo,Altre job board,AZ_IT_TROVOLAVORO_SPONSORED,5.56,465,8,1
2024-10-07,Basilicata,Altre job board,AZ_IT_BAKECA_LAVORO_ANNUNCI,1.90,243,5,0
2024-10-07,Basilicata,Altre job board,AZ_IT_CAREERJET_CPC,1.72,191,5,0
2024-10-07,Basilicata,Altre job board,AZ_IT_TALENT_COM_FEED,0.79,77,2,0
2024-10-07,Basilicata,Altre job board,AZ_IT_TROVOLAVORO_SPONSORED,2.29,192,4,0
2024-10-07,Calabria,Altre job board,AZ_IT_BAKECA_LAVORO_ANNUNCI,9.49,1187,25,1
2024-10-07,Calabria,Altre job board,AZ_IT_CAREERJET_CPC,7.49,808,23,1
2024-10-07,Calabria,Altre job board,AZ_IT_TALENT_COM_FEED,5.31,551,13,0
2024-10-07,Calabria,Altre job board,AZ_IT_TROVOLAVORO_SPONSORED,8.54,761,14,1
2024-10-07,Campania,Altre job board,AZ_IT_BAKECA_LAVORO_ANNUNCI,33.33,4212,88,5
2024-10-07,Campania,Altre job board,AZ_IT_CAREERJET_CPC,20.98,2402,57,4
2024-10-07,Campania,Altre job board,AZ_IT_TALENT_COM_FEED,11.23,1116,24,2
2024-10-07,Campania,Altre job board,AZ_IT_TROVOLAVORO_SPONSORED,20.78,1747,35,4
2024-10-07,Emilia-Romagna,Altre job board,AZ_IT_BAKECA_LAVORO_ANNUNCI,27.51,3432,76,2
2024-10-07,Emilia-Romagna,Altre job board,AZ_IT_CAREERJET_CPC,16.80,1936,54,2
2024-10-07,Emilia-Romagna,Altre job board,AZ_IT_TALENT_COM_FEED,7.68,765,18,1
2024-10-07,Emilia-Romagna,Altre job board,AZ_IT_TROVOLAVORO_SPONSORED,20.80,1725,31,2
2024-10-07,Friuli-Venezia Giulia,Altre job board,AZ_IT_BAKECA_LAVORO_ANNUNCI,4.54,582,11,0
2024-10-07,Friuli-Venezia Giulia,Altre job board,AZ_IT_CAREERJET_CPC,4.46,483,12,1
2024-10-07,Friuli-Venezia Giulia,Altre job board,AZ_IT_TALENT_COM_FEED,2.87,289,6,0
2024-10-07,Friuli-Venezia Giulia,Altre job board,AZ_IT_TROVOLAVORO_SPONSORED,5.89,493,9,1
2024-10-07,Lazio,Altre job board,AZ_IT_BAKECA_LAVORO_ANNUNCI,25.25,3336,61,2
2024-10-07,Lazio,Altre job board,AZ_IT_CAREERJET_CPC,15.81,1777,45,2
2024-10-07,Lazio,Altre job board,AZ_IT_TALENT_COM_FEED,9.13,941,22,1
2024-10-07,Lazio,Altre job board,AZ_IT_TROVOLAVORO_SPONSORED,19.95,1665,30,2
2024-10-07,Liguria,Altre job board,AZ_IT_BAKECA_LAVORO_ANNUNCI,6.18,748,15,1
2024-10-07,Liguria,Altre job board,AZ_IT_CAREERJET_CPC,4.48,510,15,1
2024-10-07,Liguria,Altre job board,AZ_IT_TALENT_COM_FEED,2.84,284,6,0
2024-10-07,Liguria,Altre job board,AZ_IT_TROVOLAVORO_SPONSORED,8.58,738,13,1
2024-10-07,Lombardia,Altre job board,AZ_IT_BAKECA_LAVORO_ANNUNCI,46.74,5894,128,2
2024-10-07,Lombardia,Altre job board,AZ_IT_CAREERJET_CPC,32.29,3658,94,3
2024-10-07,Lombardia,Altre job board,AZ_IT_TALENT_COM_FEED,36.35,3656,96,3
2024-10-07,Lombardia,Altre job board,AZ_IT_TROVOLAVORO_SPONSORED,25.53,2075,35,2
2024-10-07,Marche,Altre job board,AZ_IT_BAKECA_LAVORO_ANNUNCI,3.66,473,10,0
2024-10-07,Marche,Altre job board,AZ_IT_CAREERJET_CPC,5.78,649,18,1
2024-10-07,Marche,Altre job board,AZ_IT_TALENT_COM_FEED,2.89,316,7,0
2024-10-07,Marche,Altre job board,AZ_IT_TROVOLAVORO_SPONSORED,5.52,482,7,1
2024-10-07,Molise,Altre job board,AZ_IT_BAKECA_LAVORO_ANNUNCI,1.37,171,3,0
2024-10-07,Molise,Altre job board,AZ_IT_CAREERJET_CPC,0.84,91,2,0
2024-10-07,Molise,Altre job board,AZ_IT_TALENT_COM_FEED,0.74,71,2,0
2024-10-07,Molise,Altre job board,AZ_IT_TROVOLAVORO_SPONSORED,0.95,75,1,0
2024-10-07,Piemonte,Altre job board,AZ_IT_BAKECA_LAVORO_ANNUNCI,23.95,2874,58,1
2024-10-07,Piemonte,Altre job board,AZ_IT_CAREERJET_CPC,19.82,2177,50,2
2024-10-07,Piemonte,Altre job board,AZ_IT_TALENT_COM_FEED,7.16,711,16,0
2024-10-07,Piemonte,Altre job board,AZ_IT_TROVOLAVORO_SPONSORED,22.71,1957,37,2
2024-10-07,Puglia,Altre job board,AZ_IT_BAKECA_LAVORO_ANNUNCI,21.60,2844,63,2
2024-10-07,Puglia,Altre job board,AZ_IT_CAREERJET_CPC,14.92,1633,39,1
2024-10-07,Puglia,Altre job board,AZ_IT_TALENT_COM_FEED,6.83,693,15,1
2024-10-07,Puglia,Altre job board,AZ_IT_TROVOLAVORO_SPONSORED,13.50,1179,24,1
2024-10-07,Sardegna,Altre job board,AZ_IT_BAKECA_LAVORO_ANNUNCI,5.91,746,18,1
2024-10-07,Sardegna,Altre job board,AZ_IT_CAREERJET_CPC,6.12,696,19,1
2024-10-07,Sardegna,Altre job board,AZ_IT_TALENT_COM_FEED,3.53,364,9,0
2024-10-07,Sardegna,Altre job board,AZ_IT_TROVOLAVORO_SPONSORED,8.44,664,13,1
2024-10-07,Sicilia,Altre job board,AZ_IT_BAKECA_LAVORO_ANNUNCI,39.37,5098,107,2
2024-10-07,Sicilia,Altre job board,AZ_IT_CAREERJET_CPC,14.25,1502,38,1
2024-10-07,Sicilia,Altre job board,AZ_IT_TALENT_COM_FEED,11.12,1064,23,1
2024-10-07,Sicilia,Altre job board,AZ_IT_TROVOLAVORO_SPONSORED,24.59,2118,38,2
2024-10-07,Toscana,Altre job board,AZ_IT_BAKECA_LAVORO_ANNUNCI,15.23,2009,38,1
2024-10-07,Toscana,Altre job board,AZ_IT_CAREERJET_CPC,13.98,1538,40,2
2024-10-07,Toscana,Altre job board,AZ_IT_TALENT_COM_FEED,6.88,725,18,1
2024-10-07,Toscana,Altre job board,AZ_IT_TROVOLAVORO_SPONSORED,17.15,1421,24,2
2024-10-07,Trentino-Alto Adige,Altre job board,AZ_IT_BAKECA_LAVORO_ANNUNCI,3.26,387,8,1
2024-10-07,Trentino-Alto Adige,Altre job board,AZ_IT_CAREERJET_CPC,2.33,259,7,1
2024-10-07,Trentino-Alto Adige,Altre job board,AZ_IT_TALENT_COM_FEED,2.94,288,8,1
2024-10-07,Trentino-Alto Adige,Altre job board,AZ_IT_TROVOLAVORO_SPONSORED,3.80,314,6,1
2024-10-07,Umbria,Altre job board,AZ_IT_BAKECA_LAVORO_ANNUNCI,3.41,427,9,0
2024-10-07,Umbria,Altre job board,AZ_IT_CAREERJET_CPC,3.49,389,9,0
2024-10-07,Umbria,Altre job board,AZ_IT_TALENT_COM_FEED,1.63,160,4,0
2024-10-07,Umbria,Altre job board,AZ_IT_TROVOLAVORO_SPONSORED,3.68,309,6,0
2024-10-07,Valle d'Aosta,Altre job board,AZ_IT_BAKECA_LAVORO_ANNUNCI,0.60,76,1,0
2024-10-07,Valle d'Aosta,Altre job board,AZ_IT_CAREERJET_CPC,0.29,33,1,0
2024-10-07,Valle d'Aosta,Altre job board,AZ_IT_TALENT_COM_FEED,0.21,22,1,0
2024-10-07,Valle d'Aosta,Altre job board,AZ_IT_TROVOLAVORO_SPONSORED,0.97,81,1,0
2024-10-07,Veneto,Altre job board,AZ_IT_BAKECA_LAVORO_ANNUNCI,12.46,1572,30,1
2024-10-07,Veneto,Altre job board,AZ_IT_CAREERJET_CPC,15.54,1637,42,3
2024-10-07,Veneto,Altre job board,AZ_IT_TALENT_COM_FEED,13.89,1437,34,2
2024-10-07,Veneto,Altre job board,AZ_IT_TROVOLAVORO_SPONSORED,13.87,1104,19,2
2024-10-14,Abruzzo,Altre job board,AZ_IT_BAKECA_LAVORO_ANNUNCI,3.26,410,10,0
2024-10-14,Abruzzo,Altre job board,AZ_IT_CAREERJET_CPC,1.80,201,5,0
2024-10-14,Abruzzo,Altre job board,AZ_IT_TALENT_COM_FEED,2.45,245,6,0
2024-10-14,Abruzzo,Altre job board,AZ_IT_TROVOLAVORO_SPONSORED,3.67,310,6,1
2024-10-14,Basilicata,Altre job board,AZ_IT_BAKECA_LAVORO_ANNUNCI,1.86,243,5,0
2024-10-14,Basilicata,Altre job board,AZ_IT_CAREERJET_CPC,1.09,123,3,0
2024-10-14,Basilicata,Altre job board,AZ_IT_TALENT_COM_FEED,0.99,102,3,0
2024-10-14,Basilicata,Altre job board,AZ_IT_TROVOLAVORO_SPONSORED,1.42,118,2,0
2024-10-14,Calabria,Altre job board,AZ_IT_BAKECA_LAVORO_ANNUNCI,7.49,905,20,1
2024-10-14,Calabria,Altre job board,AZ_IT_CAREERJET_CPC,3.88,417,12,0
2024-10-14,Calabria,Altre job board,AZ_IT_TALENT_COM_FEED,3.52,357,8,0
2024-10-14,Calabria,Altre job board,AZ_IT_TROVOLAVORO_SPONSORED,6.61,565,10,1
2024-10-14,Campania,Altre job board,AZ_IT_BAKECA_LAVORO_ANNUNCI,25.79,3267,56,4
2024-10-14,Campania,Altre job board,AZ_IT_CAREERJET_CPC,11.40,1319,34,2
2024-10-14,Campania,Altre job board,AZ_IT_TALENT_COM_FEED,9.14,891,24,2
2024-10-14,Campania,Altre job board,AZ_IT_TROVOLAVORO_SPONSORED,11.41,964,19,2
2024-10-14,Emilia-Romagna,Altre job board,AZ_IT_BAKECA_LAVORO_ANNUNCI,12.49,1453,27,1
2024-10-14,Emilia-Romagna,Altre job board,AZ_IT_CAREERJET_CPC,10.42,1234,29,1
2024-10-14,Emilia-Romagna,Altre job board,AZ_IT_TALENT_COM_FEED,5.07,509,12,1
2024-10-14,Emilia-Romagna,Altre job board,AZ_IT_TROVOLAVORO_SPONSORED,11.60,968,16,1
2024-10-14,Friuli-Venezia Giulia,Altre job board,AZ_IT_BAKECA_LAVORO_ANNUNCI,4.17,510,8,0
2024-10-14,Friuli-Venezia Giulia,Altre job board,AZ_IT_CAREERJET_CPC,1.67,185,5,0
2024-10-14,Friuli-Venezia Giulia,Altre job board,AZ_IT_TALENT_COM_FEED,1.29,124,3,0
2024-10-14,Friuli-Venezia Giulia,Altre job board,AZ_IT_TROVOLAVORO_SPONSORED,2.97,250,4,0
2024-10-14,Lazio,Altre job board,AZ_IT_BAKECA_LAVORO_ANNUNCI,19.97,2595,51,2
2024-10-14,Lazio,Altre job board,AZ_IT_CAREERJET_CPC,8.86,975,27,1
2024-10-14,Lazio,Altre job board,AZ_IT_TALENT_COM_FEED,7.84,812,20,1
2024-10-14,Lazio,Altre job board,AZ_IT_TROVOLAVORO_SPONSORED,17.61,1445,26,2
2024-10-14,Liguria,Altre job board,AZ_IT_BAKECA_LAVORO_ANNUNCI,5.64,708,14,1
2024-10-14,Liguria,Altre job board,AZ_IT_CAREERJET_CPC,2.46,256,7,0
2024-10-14,Liguria,Altre job board,AZ_IT_TALENT_COM_FEED,1.98,200,4,0
2024-10-14,Liguria,Altre job board,AZ_IT_TROVOLAVORO_SPONSORED,4.58,411,8,1
2024-10-14,Lombardia,Altre job board,AZ_IT_BAKECA_LAVORO_ANNUNCI,33.18,3966,82,2
2024-10-14,Lombardia,Altre job board,AZ_IT_CAREERJET_CPC,22.01,2431,59,2
2024-10-14,Lombardia,Altre job board,AZ_IT_TALENT_COM_FEED,19.52,2039,42,2
2024-10-14,Lombardia,Altre job board,AZ_IT_TROVOLAVORO_SPONSORED,17.40,1398,25,1
2024-10-14,Marche,Altre job board,AZ_IT_BAKECA_LAVORO_ANNUNCI,3.73,446,9,0
2024-10-14,Marche,Altre job board,AZ_IT_CAREERJET_CPC,1.67,194,5,0
2024-10-14,Marche,Altre job board,AZ_IT_TALENT_COM_FEED,2.76,284,7,0
2024-10-14,Marche,Altre job board,AZ_IT_TROVOLAVORO_SPONSORED,5.64,468,9,1
2024-10-14,Molise,Altre job board,AZ_IT_BAKECA_LAVORO_ANNUNCI,0.82,103,2,0
2024-10-14,Molise,Altre job board,AZ_IT_CAREERJET_CPC,0.46,50,1,0
2024-10-14,Molise,Altre job board,AZ_IT_TALENT_COM_FEED,0.43,45,1,0
2024-10-14,Molise,Altre job board,AZ_IT_TROVOLAVORO_SPONSORED,0.50,43,1,0
2024-10-14,Piemonte,Altre job board,AZ_IT_BAKECA_LAVORO_ANNUNCI,15.58,2017,43,1
2024-10-14,Piemonte,Altre job board,AZ_IT_CAREERJET_CPC,6.91,761,21,1
2024-10-14,Piemonte,Altre job board,AZ_IT_TALENT_COM_FEED,5.53,567,16,1
2024-10-14,Piemonte,Altre job board,AZ_IT_TROVOLAVORO_SPONSORED,7.05,596,11,1
2024-10-14,Puglia,Altre job board,AZ_IT_BAKECA_LAVORO_ANNUNCI,10.91,1306,26,1
2024-10-14,Puglia,Altre job board,AZ_IT_CAREERJET_CPC,9.18,1014,29,1
2024-10-14,Puglia,Altre job board,AZ_IT_TALENT_COM_FEED,6.69,669,16,1
2024-10-14,Puglia,Altre job board,AZ_IT_TROVOLAVORO_SPONSORED,9.57,766,16,1
2024-10-14,Sardegna,Altre job board,AZ_IT_BAKECA_LAVORO_ANNUNCI,4.58,594,13,0
2024-10-14,Sardegna,Altre job board,AZ_IT_CAREERJET_CPC,2.66,301,7,0
2024-10-14,Sardegna,Altre job board,AZ_IT_TALENT_COM_FEED,3.05,290,6,0
2024-10-14,Sardegna,Altre job board,AZ_IT_TROVOLAVORO_SPONSORED,2.83,227,4,0
2024-10-14,Sicilia,Altre job board,AZ_IT_BAKECA_LAVORO_ANNUNCI,15.37,1926,36,1
2024-10-14,Sicilia,Altre job board,AZ_IT_CAREERJET_CPC,7.08,784,18,1
2024-10-14,Sicilia,Altre job board,AZ_IT_TALENT_COM_FEED,6.83,686,17,1
2024-10-14,Sicilia,Altre job board,AZ_IT_TROVOLAVORO_SPONSORED,13.39,1087,18,1
2024-10-14,Toscana,Altre job board,AZ_IT_BAKECA_LAVORO_ANNUNCI,14.67,1722,35,1
2024-10-14,Toscana,Altre job board,AZ_IT_CAREERJET_CPC,5.19,571,14,1
2024-10-14,Toscana,Altre job board,AZ_IT_TALENT_COM_FEED,3.16,334,9,0
2024-10-14,Toscana,Altre job board,AZ_IT_TROVOLAVORO_SPONSORED,9.00,717,13,1
2024-10-14,Trentino-Alto Adige,Altre job board,AZ_IT_BAKECA_LAVORO_ANNUNCI,2.59,323,6,0
2024-10-14,Trentino-Alto Adige,Altre job board,AZ_IT_CAREERJET_CPC,1.43,154,4,0
2024-10-14,Trentino-Alto Adige,Altre job board,AZ_IT_TALENT_COM_FEED,1.71,168,5,0
2024-10-14,Trentino-Alto Adige,Altre job board,AZ_IT_TROVOLAVORO_SPONSORED,1.34,110,2,0
2024-10-14,Umbria,Altre job board,AZ_IT_BAKECA_LAVORO_ANNUNCI,4.54,569,11,0
2024-10-14,Umbria,Altre job board,AZ_IT_CAREERJET_CPC,1.26,136,4,0
2024-10-14,Umbria,Altre job board,AZ_IT_TALENT_COM_FEED,1.37,138,3,0
2024-10-14,Umbria,Altre job board,AZ_IT_TROVOLAVORO_SPONSORED,1.95,168,3,0
2024-10-14,Valle d'Aosta,Altre job board,AZ_IT_BAKECA_LAVORO_ANNUNCI,0.44,54,1,0
2024-10-14,Valle d'Aosta,Altre job board,AZ_IT_CAREERJET_CPC,0.26,30,1,0
2024-10-14,Valle d'Aosta,Altre job board,AZ_IT_TALENT_COM_FEED,0.23,22,0,0
2024-10-14,Valle d'Aosta,Altre job board,AZ_IT_TROVOLAVORO_SPONSORED,0.30,25,0,0
2024-10-14,Veneto,Altre job board,AZ_IT_BAKECA_LAVORO_ANNUNCI,24.22,3093,69,3
2024-10-14,Veneto,Altre job board,AZ_IT_CAREERJET_CPC,10.29,1179,30,2
2024-10-14,Veneto,Altre job board,AZ_IT_TALENT_COM_FEED,4.91,497,11,1
2024-10-14,Veneto,Altre job board,AZ_IT_TROVOLAVORO_SPONSORED,15.39,1363,20,2
2024-10-21,Abruzzo,Altre job board,AZ_IT_BAKECA_LAVORO_ANNUNCI,17.48,2227,47,1
2024-10-21,Abruzzo,Altre job board,AZ_IT_CAREERJET_CPC,10.21,1093,24,1
2024-10-21,Abruzzo,Altre job board,AZ_IT_TALENT_COM_FEED,10.53,1052,24,1
2024-10-21,Abruzzo,Altre job board,AZ_IT_TROVOLAVORO_SPONSORED,22.17,1799,32,2
2024-10-21,Basilicata,Altre job board,AZ_IT_BAKECA_LAVORO_ANNUNCI,6.58,823,16,0
2024-10-21,Basilicata,Altre job board,AZ_IT_CAREERJET_CPC,3.56,389,11,0
2024-10-21,Basilicata,Altre job board,AZ_IT_TALENT_COM_FEED,3.53,352,8,0
2024-10-21,Basilicata,Altre job board,AZ_IT_TROVOLAVORO_SPONSORED,6.90,552,10,1
2024-10-21,Calabria,Altre job board,AZ_IT_BAKECA_LAVORO_ANNUNCI,20.99,2557,51,1
2024-10-21,Calabria,Altre job board,AZ_IT_CAREERJET_CPC,14.27,1577,37,1
2024-10-21,Calabria,Altre job board,AZ_IT_TALENT_COM_FEED,14.18,1418,36,1
2024-10-21,Calabria,Altre job board,AZ_IT_TROVOLAVORO_SPONSORED,22.87,1887,33,1
2024-10-21,Campania,Altre job board,AZ_IT_BAKECA_LAVORO_ANNUNCI,62.68,7968,160,6
2024-10-21,Campania,Altre job board,AZ_IT_CAREERJET_CPC,33.83,3660,94,4
2024-10-21,Campania,Altre job board,AZ_IT_TALENT_COM_FEED,23.75,2495,56,2
2024-10-21,Campania,Altre job board,AZ_IT_TROVOLAVORO_SPONSORED,90.43,7266,126,10
2024-10-21,Emilia-Romagna,Altre job board,AZ_IT_BAKECA_LAVORO_ANNUNCI,70.87,8780,172,4
2024-10-21,Emilia-Romagna,Altre job board,AZ_IT_CAREERJET_CPC,22.08,2450,66,2
2024-10-21,Emilia-Romagna,Altre job board,AZ_IT_TALENT_COM_FEED,21.17,2074,45,1
2024-10-21,Emilia-Romagna,Altre job board,AZ_IT_TROVOLAVORO_SPONSORED,75.47,6322,112,5
2024-10-21,Friuli-Venezia Giulia,Altre job board,AZ_IT_BAKECA_LAVORO_ANNUNCI,23.73,2991,60,1
2024-10-21,Friuli-Venezia Giulia,Altre job board,AZ_IT_CAREERJET_CPC,16.00,1830,41,1
2024-10-21,Friuli-Venezia Giulia,Altre job board,AZ_IT_TALENT_COM_FEED,6.61,649,17,0
2024-10-21,Friuli-Venezia Giulia,Altre job board,AZ_IT_TROVOLAVORO_SPONSORED,13.73,1185,22,1
2024-10-21,Lazio,Altre job board,AZ_IT_BAKECA_LAVORO_ANNUNCI,88.20,11364,237,4
2024-10-21,Lazio,Altre job board,AZ_IT_CAREERJET_CPC,45.06,4800,135,3
2024-10-21,Lazio,Altre job board,AZ_IT_TALENT_COM_FEED,36.90,3707,89,2
2024-10-21,Lazio,Altre job board,AZ_IT_TROVOLAVORO_SPONSORED,55.29,4598,76,4
2024-10-21,Liguria,Altre job board,AZ_IT_BAKECA_LAVORO_ANNUNCI,13.75,1725,33,1
2024-10-21,Liguria,Altre job board,AZ_IT_CAREERJET_CPC,13.07,1454,42,1
2024-10-21,Liguria,Altre job board,AZ_IT_TALENT_COM_FEED,10.45,1071,25,1
2024-10-21,Liguria,Altre job board,AZ_IT_TROVOLAVORO_SPONSORED,9.90,801,14,1
2024-10-21,Lombardia,Altre job board,AZ_IT_BAKECA_LAVORO_ANNUNCI,141.19,17905,352,6
2024-10-21,Lombardia,Altre job board,AZ_IT_CAREERJET_CPC,94.21,10737,273,5
2024-10-21,Lombardia,Altre job board,AZ_IT_TALENT_COM_FEED,71.53,7448,176,3
2024-10-21,Lombardia,Altre job board,AZ_IT_TROVOLAVORO_SPONSORED,110.16,9024,176,4
2024-10-21,Marche,Altre job board,AZ_IT_BAKECA_LAVORO_ANNUNCI,30.82,3990,82,1
2024-10-21,Marche,Altre job board,AZ_IT_CAREERJET_CPC,11.48,1250,31,1
2024-10-21,Marche,Altre job board,AZ_IT_TALENT_COM_FEED,9.15,921,22,0
2024-10-21,Marche,Altre job board,AZ_IT_TROVOLAVORO_SPONSORED,19.52,1589,27,1
2024-10-21,Molise,Altre job board,AZ_IT_BAKECA_LAVORO_ANNUNCI,4.05,524,12,0
2024-10-21,Molise,Altre job board,AZ_IT_CAREERJET_CPC,2.93,321,9,0
2024-10-21,Molise,Altre job board,AZ_IT_TALENT_COM_FEED,1.60,153,4,0
2024-10-21,Molise,Altre job board,AZ_IT_TROVOLAVORO_SPONSORED,3.53,306,6,0
2024-10-21,Piemonte,Altre job board,AZ_IT_BAKECA_LAVORO_ANNUNCI,80.00,9936,205,3
2024-10-21,Piemonte,Altre job board,AZ_IT_CAREERJET_CPC,27.75,3037,80,2
2024-10-21,Piemonte,Altre job board,AZ_IT_TALENT_COM_FEED,26.26,2632,62,2
2024-10-21,Piemonte,Altre job board,AZ_IT_TROVOLAVORO_SPONSORED,38.54,3235,58,2
2024-10-21,Puglia,Altre job board,AZ_IT_BAKECA_LAVORO_ANNUNCI,56.35,6850,141,3
2024-10-21,Puglia,Altre job board,AZ_IT_CAREERJET_CPC,35.50,3867,109,2
2024-10-21,Puglia,Altre job board,AZ_IT_TALENT_COM_FEED,27.02,2668,67,1
2024-10-21,Puglia,Altre job board,AZ_IT_TROVOLAVORO_SPONSORED,42.60,3689,69,2
2024-10-21,Sardegna,Altre job board,AZ_IT_BAKECA_LAVORO_ANNUNCI,21.76,2675,55,1
2024-10-21,Sardegna,Altre job board,AZ_IT_CAREERJET_CPC,12.25,1333,36,1
2024-10-21,Sardegna,Altre job board,AZ_IT_TALENT_COM_FEED,8.28,826,19,1
2024-10-21,Sardegna,Altre job board,AZ_IT_TROVOLAVORO_SPONSORED,19.13,1525,25,1
2024-10-21,Sicilia,Altre job board,AZ_IT_BAKECA_LAVORO_ANNUNCI,86.30,11162,207,3
2024-10-21,Sicilia,Altre job board,AZ_IT_CAREERJET_CPC,37.89,4400,129,3
2024-10-21,Sicilia,Altre job board,AZ_IT_TALENT_COM_FEED,32.39,3235,74,2
2024-10-21,Sicilia,Altre job board,AZ_IT_TROVOLAVORO_SPONSORED,38.84,3487,61,2
2024-10-21,Toscana,Altre job board,AZ_IT_BAKECA_LAVORO_ANNUNCI,56.37,7204,145,3
2024-10-21,Toscana,Altre job board,AZ_IT_CAREERJET_CPC,18.94,2034,52,2
2024-10-21,Toscana,Altre job board,AZ_IT_TALENT_COM_FEED,35.48,3513,93,3
2024-10-21,Toscana,Altre job board,AZ_IT_TROVOLAVORO_SPONSORED,43.44,3745,69,4
2024-10-21,Trentino-Alto Adige,Altre job board,AZ_IT_BAKECA_LAVORO_ANNUNCI,12.25,1593,29,1
2024-10-21,Trentino-Alto Adige,Altre job board,AZ_IT_CAREERJET_CPC,6.98,775,20,1
2024-10-21,Trentino-Alto Adige,Altre job board,AZ_IT_TALENT_COM_FEED,8.60,869,20,1
2024-10-21,Trentino-Alto Adige,Altre job board,AZ_IT_TROVOLAVORO_SPONSORED,8.03,691,11,1
2024-10-21,Umbria,Altre job board,AZ_IT_BAKECA_LAVORO_ANNUNCI,13.17,1669,34,1
2024-10-21,Umbria,Altre job board,AZ_IT_CAREERJET_CPC,7.77,849,23,1
2024-10-21,Umbria,Altre job board,AZ_IT_TALENT_COM_FEED,5.01,496,12,0
2024-10-21,Umbria,Altre job board,AZ_IT_TROVOLAVORO_SPONSORED,8.26,688,12,0
2024-10-21,Valle d'Aosta,Altre job board,AZ_IT_BAKECA_LAVORO_ANNUNCI,1.09,138,2,0
2024-10-21,Valle d'Aosta,Altre job board,AZ_IT_CAREERJET_CPC,1.06,119,3,0
2024-10-21,Valle d'Aosta,Altre job board,AZ_IT_TALENT_COM_FEED,0.63,62,2,0
2024-10-21,Valle d'Aosta,Altre job board,AZ_IT_TROVOLAVORO_SPONSORED,1.80,154,3,0
2024-10-21,Veneto,Altre job board,AZ_IT_BAKECA_LAVORO_ANNUNCI,42.07,5186,101,3
2024-10-21,Veneto,Altre job board,AZ_IT_CAREERJET_CPC,27.52,3240,85,3
2024-10-21,Veneto,Altre job board,AZ_IT_TALENT_COM_FEED,38.37,3772,89,4
2024-10-21,Veneto,Altre job board,AZ_IT_TROVOLAVORO_SPONSORED,56.23,4494,70,5
2024-10-28,Abruzzo,Altre job board,AZ_IT_BAKECA_LAVORO_ANNUNCI,4.15,497,11,1
2024-10-28,Abruzzo,Altre job board,AZ_IT_CAREERJET_CPC,1.40,156,4,0
2024-10-28,Abruzzo,Altre job board,AZ_IT_TALENT_COM_FEED,1.82,178,4,0
2024-10-28,Abruzzo,Altre job board,AZ_IT_TROVOLAVORO_SPONSORED,4.96,418,7,1
2024-10-28,Basilicata,Altre job board,AZ_IT_BAKECA_LAVORO_ANNUNCI,2.44,284,6,0
2024-10-28,Basilicata,Altre job board,AZ_IT_CAREERJET_CPC,0.53,60,2,0
2024-10-28,Basilicata,Altre job board,AZ_IT_TALENT_COM_FEED,0.52,53,1,0
2024-10-28,Basilicata,Altre job board,AZ_IT_TROVOLAVORO_SPONSORED,1.37,114,2,0
2024-10-28,Calabria,Altre job board,AZ_IT_BAKECA_LAVORO_ANNUNCI,7.19,886,19,1
2024-10-28,Calabria,Altre job board,AZ_IT_CAREERJET_CPC,3.87,442,11,1
2024-10-28,Calabria,Altre job board,AZ_IT_TALENT_COM_FEED,2.43,250,6,0
2024-10-28,Calabria,Altre job board,AZ_IT_TROVOLAVORO_SPONSORED,8.70,709,12,1
2024-10-28,Campania,Altre job board,AZ_IT_BAKECA_LAVORO_ANNUNCI,10.23,1246,26,2
2024-10-28,Campania,Altre job board,AZ_IT_CAREERJET_CPC,11.33,1255,30,3
2024-10-28,Campania,Altre job board,AZ_IT_TALENT_COM_FEED,5.80,583,15,1
2024-10-28,Campania,Altre job board,AZ_IT_TROVOLAVORO_SPONSORED,14.38,1192,26,4
2024-10-28,Emilia-Romagna,Altre job board,AZ_IT_BAKECA_LAVORO_ANNUNCI,15.72,1925,42,2
2024-10-28,Emilia-Romagna,Altre job board,AZ_IT_CAREERJET_CPC,9.58,1154,27,1
2024-10-28,Emilia-Romagna,Altre job board,AZ_IT_TALENT_COM_FEED,4.53,445,11,1
2024-10-28,Emilia-Romagna,Altre job board,AZ_IT_TROVOLAVORO_SPONSORED,12.67,1039,20,1
2024-10-28,Friuli-Venezia Giulia,Altre job board,AZ_IT_BAKECA_LAVORO_ANNUNCI,3.58,482,11,0
2024-10-28,Friuli-Venezia Giulia,Altre job board,AZ_IT_CAREERJET_CPC,1.44,162,4,0
2024-10-28,Friuli-Venezia Giulia,Altre job board,AZ_IT_TALENT_COM_FEED,1.55,148,3,0
2024-10-28,Friuli-Venezia Giulia,Altre job board,AZ_IT_TROVOLAVORO_SPONSORED,4.36,345,6,1
2024-10-28,Lazio,Altre job board,AZ_IT_BAKECA_LAVORO_ANNUNCI,18.11,2218,44,2
2024-10-28,Lazio,Altre job board,AZ_IT_CAREERJET_CPC,8.96,993,27,1
2024-10-28,Lazio,Altre job board,AZ_IT_TALENT_COM_FEED,10.67,1050,23,1
2024-10-28,Lazio,Altre job board,AZ_IT_TROVOLAVORO_SPONSORED,15.24,1218,20,2
2024-10-28,Liguria,Altre job board,AZ_IT_BAKECA_LAVORO_ANNUNCI,4.39,524,11,1
2024-10-28,Liguria,Altre job board,AZ_IT_CAREERJET_CPC,1.72,181,5,0
2024-10-28,Liguria,Altre job board,AZ_IT_TALENT_COM_FEED,1.85,193,4,0
2024-10-28,Liguria,Altre job board,AZ_IT_TROVOLAVORO_SPONSORED,3.87,304,5,1
2024-10-28,Lombardia,Altre job board,AZ_IT_BAKECA_LAVORO_ANNUNCI,26.25,3225,67,2
2024-10-28,Lombardia,Altre job board,AZ_IT_CAREERJET_CPC,14.22,1507,39,2
2024-10-28,Lombardia,Altre job board,AZ_IT_TALENT_COM_FEED,15.41,1551,37,2
2024-10-28,Lombardia,Altre job board,AZ_IT_TROVOLAVORO_SPONSORED,33.44,2821,51,3
2024-10-28,Marche,Altre job board,AZ_IT_BAKECA_LAVORO_ANNUNCI,2.98,384,6,0
2024-10-28,Marche,Altre job board,AZ_IT_CAREERJET_CPC,2.65,312,8,0
2024-10-28,Marche,Altre job board,AZ_IT_TALENT_COM_FEED,1.87,193,5,0
2024-10-28,Marche,Altre job board,AZ_IT_TROVOLAVORO_SPONSORED,4.95,430,8,1
2024-10-28,Molise,Altre job board,AZ_IT_BAKECA_LAVORO_ANNUNCI,1.11,145,3,0
2024-10-28,Molise,Altre job board,AZ_IT_CAREERJET_CPC,0.52,56,1,0
2024-10-28,Molise,Altre job board,AZ_IT_TALENT_COM_FEED,0.31,30,1,0
2024-10-28,Molise,Altre job board,AZ_IT_TROVOLAVORO_SPONSORED,1.21,106,2,0
2024-10-28,Piemonte,Altre job board,AZ_IT_BAKECA_LAVORO_ANNUNCI,11.75,1392,31,1
2024-10-28,Piemonte,Altre job board,AZ_IT_CAREERJET_CPC,5.72,613,18,1
2024-10-28,Piemonte,Altre job board,AZ_IT_TALENT_COM_FEED,6.80,682,17,1
2024-10-28,Piemonte,Altre job board,AZ_IT_TROVOLAVORO_SPONSORED,16.47,1349,26,2
2024-10-28,Puglia,Altre job board,AZ_IT_BAKECA_LAVORO_ANNUNCI,20.98,2561,59,1
2024-10-28,Puglia,Altre job board,AZ_IT_CAREERJET_CPC,11.32,1276,33,1
2024-10-28,Puglia,Altre job board,AZ_IT_TALENT_COM_FEED,3.96,391,9,0
2024-10-28,Puglia,Altre job board,AZ_IT_TROVOLAVORO_SPONSORED,9.86,812,15,1
2024-10-28,Sardegna,Altre job board,AZ_IT_BAKECA_LAVORO_ANNUNCI,3.01,367,7,0
2024-10-28,Sardegna,Altre job board,AZ_IT_CAREERJET_CPC,3.76,417,11,1
2024-10-28,Sardegna,Altre job board,AZ_IT_TALENT_COM_FEED,2.20,223,5,0
2024-10-28,Sardegna,Altre job board,AZ_IT_TROVOLAVORO_SPONSORED,5.33,430,8,1
2024-10-28,Sicilia,Altre job board,AZ_IT_BAKECA_LAVORO_ANNUNCI,11.13,1433,28,1
2024-10-28,Sicilia,Altre job board,AZ_IT_CAREERJET_CPC,8.93,1017,27,1
2024-10-28,Sicilia,Altre job board,AZ_IT_TALENT_COM_FEED,4.85,507,12,1
2024-10-28,Sicilia,Altre job board,AZ_IT_TROVOLAVORO_SPONSORED,15.56,1298,21,2
2024-10-28,Toscana,Altre job board,AZ_IT_BAKECA_LAVORO_ANNUNCI,10.94,1328,31,1
2024-10-28,Toscana,Altre job board,AZ_IT_CAREERJET_CPC,6.61,734,18,1
2024-10-28,Toscana,Altre job board,AZ_IT_TALENT_COM_FEED,4.94,504,14,1
2024-10-28,Toscana,Altre job board,AZ_IT_TROVOLAVORO_SPONSORED,16.09,1389,25,3
2024-10-28,Trentino-Alto Adige,Altre job board,AZ_IT_BAKECA_LAVORO_ANNUNCI,3.59,437,9,1
2024-10-28,Trentino-Alto Adige,Altre job board,AZ_IT_CAREERJET_CPC,1.69,183,5,0
2024-10-28,Trentino-Alto Adige,Altre job board,AZ_IT_TALENT_COM_FEED,1.26,131,3,0
2024-10-28,Trentino-Alto Adige,Altre job board,AZ_IT_TROVOLAVORO_SPONSORED,5.33,460,8,1
2024-10-28,Umbria,Altre job board,AZ_IT_BAKECA_LAVORO_ANNUNCI,3.46,426,9,0
2024-10-28,Umbria,Altre job board,AZ_IT_CAREERJET_CPC,1.51,158,4,0
2024-10-28,Umbria,Altre job board,AZ_IT_TALENT_COM_FEED,0.75,73,2,0
2024-10-28,Umbria,Altre job board,AZ_IT_TROVOLAVORO_SPONSORED,2.21,183,4,0
2024-10-28,Valle d'Aosta,Altre job board,AZ_IT_BAKECA_LAVORO_ANNUNCI,0.45,57,1,0
2024-10-28,Valle d'Aosta,Altre job board,AZ_IT_CAREERJET_CPC,0.17,19,1,0
2024-10-28,Valle d'Aosta,Altre job board,AZ_IT_TALENT_COM_FEED,0.10,10,0,0
2024-10-28,Valle d'Aosta,Altre job board,AZ_IT_TROVOLAVORO_SPONSORED,0.35,30,1,0
2024-10-28,Veneto,Altre job board,AZ_IT_BAKECA_LAVORO_ANNUNCI,16.76,2003,39,2
2024-10-28,Veneto,Altre job board,AZ_IT_CAREERJET_CPC,5.23,540,14,1
2024-10-28,Veneto,Altre job board,AZ_IT_TALENT_COM_FEED,6.75,655,17,1
2024-10-28,Veneto,Altre job board,AZ_IT_TROVOLAVORO_SPONSORED,22.62,1833,34,3
2024-11-04,Abruzzo,Altre job board,AZ_IT_BAKECA_LAVORO_ANNUNCI,3.39,407,9,0
2024-11-04,Abruzzo,Altre job board,AZ_IT_CAREERJET_CPC,1.37,142,4,0
2024-11-04,Abruzzo,Altre job board,AZ_IT_TALENT_COM_FEED,1.46,145,3,0
2024-11-04,Abruzzo,Altre job board,AZ_IT_TROVOLAVORO_SPONSORED,3.85,314,5,1
2024-11-04,Basilicata,Altre job board,AZ_IT_BAKECA_LAVORO_ANNUNCI,1.56,196,4,0
2024-11-04,Basilicata,Altre job board,AZ_IT_CAREERJET_CPC,1.31,152,4,0
2024-11-04,Basilicata,Altre job board,AZ_IT_TALENT_COM_FEED,0.81,83,2,0
2024-11-04,Basilicata,Altre job board,AZ_IT_TROVOLAVORO_SPONSORED,0.98,83,1,0
2024-11-04,Calabria,Altre job board,AZ_IT_BAKECA_LAVORO_ANNUNCI,4.60,554,11,0
2024-11-04,Calabria,Altre job board,AZ_IT_CAREERJET_CPC,3.54,383,10,0
2024-11-04,Calabria,Altre job board,AZ_IT_TALENT_COM_FEED,2.24,213,5,0
2024-11-04,Calabria,Altre job board,AZ_IT_TROVOLAVORO_SPONSORED,2.86,234,4,0
2024-11-04,Campania,Altre job board,AZ_IT_BAKECA_LAVORO_ANNUNCI,17.74,2420,51,2
2024-11-04,Campania,Altre job board,AZ_IT_CAREERJET_CPC,9.04,1010,26,2
2024-11-04,Campania,Altre job board,AZ_IT_TALENT_COM_FEED,11.54,1206,29,2
2024-11-04,Campania,Altre job board,AZ_IT_TROVOLAVORO_SPONSORED,12.62,975,18,2
2024-11-04,Emilia-Romagna,Altre job board,AZ_IT_BAKECA_LAVORO_ANNUNCI,11.82,1433,28,1
2024-11-04,Emilia-Romagna,Altre job board,AZ_IT_CAREERJET_CPC,6.31,700,17,1
2024-11-04,Emilia-Romagna,Altre job board,AZ_IT_TALENT_COM_FEED,5.64,561,14,1
2024-11-04,Emilia-Romagna,Altre job board,AZ_IT_TROVOLAVORO_SPONSORED,10.63,914,17,1
2024-11-04,Friuli-Venezia Giulia,Altre job board,AZ_IT_BAKECA_LAVORO_ANNUNCI,3.02,384,8,0
2024-11-04,Friuli-Venezia Giulia,Altre job board,AZ_IT_CAREERJET_CPC,2.67,302,8,0
2024-11-04,Friuli-Venezia Giulia,Altre job board,AZ_IT_TALENT_COM_FEED,1.77,170,4,0
2024-11-04,Friuli-Venezia Giulia,Altre job board,AZ_IT_TROVOLAVORO_SPONSORED,2.37,198,4,0
2024-11-04,Lazio,Altre job board,AZ_IT_BAKECA_LAVORO_ANNUNCI,21.82,2791,59,2
2024-11-04,Lazio,Altre job board,AZ_IT_CAREERJET_CPC,9.39,1046,28,1
2024-11-04,Lazio,Altre job board,AZ_IT_TALENT_COM_FEED,8.69,875,23,1
2024-11-04,Lazio,Altre job board,AZ_IT_TROVOLAVORO_SPONSORED,12.34,1056,19,1
2024-11-04,Liguria,Altre job board,AZ_IT_BAKECA_LAVORO_ANNUNCI,4.95,616,12,0
2024-11-04,Liguria,Altre job board,AZ_IT_CAREERJET_CPC,2.41,269,7,0
2024-11-04,Liguria,Altre job board,AZ_IT_TALENT_COM_FEED,1.58,157,4,0
2024-11-04,Liguria,Altre job board,AZ_IT_TROVOLAVORO_SPONSORED,3.05,241,4,0
2024-11-04,Lombardia,Altre job board,AZ_IT_BAKECA_LAVORO_ANNUNCI,30.89,3772,84,1
2024-11-04,Lombardia,Altre job board,AZ_IT_CAREERJET_CPC,22.90,2556,59,2
2024-11-04,Lombardia,Altre job board,AZ_IT_TALENT_COM_FEED,11.31,1175,28,1
2024-11-04,Lombardia,Altre job board,AZ_IT_TROVOLAVORO_SPONSORED,45.44,3851,70,3
2024-11-04,Marche,Altre job board,AZ_IT_BAKECA_LAVORO_ANNUNCI,2.77,357,7,0
2024-11-04,Marche,Altre job board,AZ_IT_CAREERJET_CPC,3.16,365,8,0
2024-11-04,Marche,Altre job board,AZ_IT_TALENT_COM_FEED,2.54,245,5,0
2024-11-04,Marche,Altre job board,AZ_IT_TROVOLAVORO_SPONSORED,3.77,322,6,0
2024-11-04,Molise,Altre job board,AZ_IT_BAKECA_LAVORO_ANNUNCI,0.69,89,2,0
2024-11-04,Molise,Altre job board,AZ_IT_CAREERJET_CPC,0.72,83,2,0
2024-11-04,Molise,Altre job board,AZ_IT_TALENT_COM_FEED,0.54,50,1,0
2024-11-04,Molise,Altre job board,AZ_IT_TROVOLAVORO_SPONSORED,0.85,72,1,0
2024-11-04,Piemonte,Altre job board,AZ_IT_BAKECA_LAVORO_ANNUNCI,12.26,1547,29,1
2024-11-04,Piemonte,Altre job board,AZ_IT_CAREERJET_CPC,4.05,432,10,0
2024-11-04,Piemonte,Altre job board,AZ_IT_TALENT_COM_FEED,3.91,375,9,0
2024-11-04,Piemonte,Altre job board,AZ_IT_TROVOLAVORO_SPONSORED,7.12,577,9,1
2024-11-04,Puglia,Altre job board,AZ_IT_BAKECA_LAVORO_ANNUNCI,10.68,1327,26,1
2024-11-04,Puglia,Altre job board,AZ_IT_CAREERJET_CPC,5.41,609,17,0
2024-11-04,Puglia,Altre job board,AZ_IT_TALENT_COM_FEED,4.56,449,10,0
2024-11-04,Puglia,Altre job board,AZ_IT_TROVOLAVORO_SPONSORED,10.69,854,15,1
2024-11-04,Sardegna,Altre job board,AZ_IT_BAKECA_LAVORO_ANNUNCI,6.17,790,16,1
2024-11-04,Sardegna,Altre job board,AZ_IT_CAREERJET_CPC,2.15,239,6,0
2024-11-04,Sardegna,Altre job board,AZ_IT_TALENT_COM_FEED,1.70,170,4,0
2024-11-04,Sardegna,Altre job board,AZ_IT_TROVOLAVORO_SPONSORED,4.40,367,7,1
2024-11-04,Sicilia,Altre job board,AZ_IT_BAKECA_LAVORO_ANNUNCI,8.47,1060,22,0
2024-11-04,Sicilia,Altre job board,AZ_IT_CAREERJET_CPC,7.21,721,19,1
2024-11-04,Sicilia,Altre job board,AZ_IT_TALENT_COM_FEED,12.33,1227,32,1
2024-11-04,Sicilia,Altre job board,AZ_IT_TROVOLAVORO_SPONSORED,17.00,1399,25,1
2024-11-04,Toscana,Altre job board,AZ_IT_BAKECA_LAVORO_ANNUNCI,9.37,1217,22,1
2024-11-04,Toscana,Altre job board,AZ_IT_CAREERJET_CPC,4.74,565,15,1
2024-11-04,Toscana,Altre job board,AZ_IT_TALENT_COM_FEED,5.91,578,12,1
2024-11-04,Toscana,Altre job board,AZ_IT_TROVOLAVORO_SPONSORED,15.25,1339,24,2
2024-11-04,Trentino-Alto Adige,Altre job board,AZ_IT_BAKECA_LAVORO_ANNUNCI,3.02,396,8,1
2024-11-04,Trentino-Alto Adige,Altre job board,AZ_IT_CAREERJET_CPC,2.01,214,6,1
2024-11-04,Trentino-Alto Adige,Altre job board,AZ_IT_TALENT_COM_FEED,1.19,117,3,0
2024-11-04,Trentino-Alto Adige,Altre job board,AZ_IT_TROVOLAVORO_SPONSORED,3.70,296,5,1
2024-11-04,Umbria,Altre job board,AZ_IT_BAKECA_LAVORO_ANNUNCI,3.15,410,8,0
2024-11-04,Umbria,Altre job board,AZ_IT_CAREERJET_CPC,0.88,96,2,0
2024-11-04,Umbria,Altre job board,AZ_IT_TALENT_COM_FEED,1.15,118,3,0
2024-11-04,Umbria,Altre job board,AZ_IT_TROVOLAVORO_SPONSORED,1.58,132,2,0
2024-11-04,Valle d'Aosta,Altre job board,AZ_IT_BAKECA_LAVORO_ANNUNCI,0.30,37,1,0
2024-11-04,Valle d'Aosta,Altre job board,AZ_IT_CAREERJET_CPC,0.20,23,1,0
2024-11-04,Valle d'Aosta,Altre job board,AZ_IT_TALENT_COM_FEED,0.15,16,0,0
2024-11-04,Valle d'Aosta,Altre job board,AZ_IT_TROVOLAVORO_SPONSORED,0.39,33,1,0
2024-11-04,Veneto,Altre job board,AZ_IT_BAKECA_LAVORO_ANNUNCI,13.15,1727,34,1
2024-11-04,Veneto,Altre job board,AZ_IT_CAREERJET_CPC,7.35,792,21,1
2024-11-04,Veneto,Altre job board,AZ_IT_TALENT_COM_FEED,5.66,568,15,1
2024-11-04,Veneto,Altre job board,AZ_IT_TROVOLAVORO_SPONSORED,10.98,936,16,2
2024-11-11,Abruzzo,Altre job board,AZ_IT_BAKECA_LAVORO_ANNUNCI,3.88,497,10,0
2024-11-11,Abruzzo,Altre job board,AZ_IT_CAREERJET_CPC,2.02,228,6,0
2024-11-11,Abruzzo,Altre job board,AZ_IT_TALENT_COM_FEED,2.38,249,7,0
2024-11-11,Abruzzo,Altre job board,AZ_IT_TROVOLAVORO_SPONSORED,5.18,412,7,1
2024-11-11,Basilicata,Altre job board,AZ_IT_BAKECA_LAVORO_ANNUNCI,2.83,346,7,0
2024-11-11,Basilicata,Altre job board,AZ_IT_CAREERJET_CPC,0.91,103,3,0
2024-11-11,Basilicata,Altre job board,AZ_IT_TALENT_COM_FEED,1.13,112,3,0
2024-11-11,Basilicata,Altre job board,AZ_IT_TROVOLAVORO_SPONSORED,1.45,117,2,0
2024-11-11,Calabria,Altre job board,AZ_IT_BAKECA_LAVORO_ANNUNCI,7.39,898,20,0
2024-11-11,Calabria,Altre job board,AZ_IT_CAREERJET_CPC,3.65,422,11,0
2024-11-11,Calabria,Altre job board,AZ_IT_TALENT_COM_FEED,3.64,348,9,0
2024-11-11,Calabria,Altre job board,AZ_IT_TROVOLAVORO_SPONSORED,5.58,471,8,0
2024-11-11,Campania,Altre job board,AZ_IT_BAKECA_LAVORO_ANNUNCI,17.27,2183,46,3
2024-11-11,Campania,Altre job board,AZ_IT_CAREERJET_CPC,7.67,828,22,2
2024-11-11,Campania,Altre job board,AZ_IT_TALENT_COM_FEED,7.65,745,19,1
2024-11-11,Campania,Altre job board,AZ_IT_TROVOLAVORO_SPONSORED,10.09,822,16,2
2024-11-11,Emilia-Romagna,Altre job board,AZ_IT_BAKECA_LAVORO_ANNUNCI,18.61,2388,45,1
2024-11-11,Emilia-Romagna,Altre job board,AZ_IT_CAREERJET_CPC,11.73,1319,32,1
2024-11-11,Emilia-Romagna,Altre job board,AZ_IT_TALENT_COM_FEED,8.20,800,18,1
2024-11-11,Emilia-Romagna,Altre job board,AZ_IT_TROVOLAVORO_SPONSORED,18.55,1595,28,2
2024-11-11,Friuli-Venezia Giulia,Altre job board,AZ_IT_BAKECA_LAVORO_ANNUNCI,5.44,651,12,0
2024-11-11,Friuli-Venezia Giulia,Altre job board,AZ_IT_CAREERJET_CPC,1.77,192,5,0
2024-11-11,Friuli-Venezia Giulia,Altre job board,AZ_IT_TALENT_COM_FEED,1.83,186,4,0
2024-11-11,Friuli-Venezia Giulia,Altre job board,AZ_IT_TROVOLAVORO_SPONSORED,3.02,266,5,0
2024-11-11,Lazio,Altre job board,AZ_IT_BAKECA_LAVORO_ANNUNCI,26.21,3512,70,2
2024-11-11,Lazio,Altre job board,AZ_IT_CAREERJET_CPC,12.15,1301,36,1
2024-11-11,Lazio,Altre job board,AZ_IT_TALENT_COM_FEED,10.87,1079,24,1
2024-11-11,Lazio,Altre job board,AZ_IT_TROVOLAVORO_SPONSORED,20.75,1700,30,2
2024-11-11,Liguria,Altre job board,AZ_IT_BAKECA_LAVORO_ANNUNCI,5.09,615,12,0
2024-11-11,Liguria,Altre job board,AZ_IT_CAREERJET_CPC,2.84,301,8,0
2024-11-11,Liguria,Altre job board,AZ_IT_TALENT_COM_FEED,2.48,240,6,0
2024-11-11,Liguria,Altre job board,AZ_IT_TROVOLAVORO_SPONSORED,4.99,405,8,1
2024-11-11,Lombardia,Altre job board,AZ_IT_BAKECA_LAVORO_ANNUNCI,40.91,5084,108,2
2024-11-11,Lombardia,Altre job board,AZ_IT_CAREERJET_CPC,24.19,2759,74,2
2024-11-11,Lombardia,Altre job board,AZ_IT_TALENT_COM_FEED,18.09,1781,44,1
2024-11-11,Lombardia,Altre job board,AZ_IT_TROVOLAVORO_SPONSORED,40.73,3516,65,3
2024-11-11,Marche,Altre job board,AZ_IT_BAKECA_LAVORO_ANNUNCI,3.84,475,9,0
2024-11-11,Marche,Altre job board,AZ_IT_CAREERJET_CPC,2.08,230,6,0
2024-11-11,Marche,Altre job board,AZ_IT_TALENT_COM_FEED,2.81,279,7,0
2024-11-11,Marche,Altre job board,AZ_IT_TROVOLAVORO_SPONSORED,3.73,320,5,0
2024-11-11,Molise,Altre job board,AZ_IT_BAKECA_LAVORO_ANNUNCI,0.93,115,2,0
2024-11-11,Molise,Altre job board,AZ_IT_CAREERJET_CPC,0.47,54,1,0
2024-11-11,Molise,Altre job board,AZ_IT_TALENT_COM_FEED,0.84,85,2,0
2024-11-11,Molise,Altre job board,AZ_IT_TROVOLAVORO_SPONSORED,0.88,72,1,0
2024-11-11,Piemonte,Altre job board,AZ_IT_BAKECA_LAVORO_ANNUNCI,11.04,1395,31,0
2024-11-11,Piemonte,Altre job board,AZ_IT_CAREERJET_CPC,8.00,885,21,1
2024-11-11,Piemonte,Altre job board,AZ_IT_TALENT_COM_FEED,7.73,786,20,1
2024-11-11,Piemonte,Altre job board,AZ_IT_TROVOLAVORO_SPONSORED,13.97,1133,21,1
2024-11-11,Puglia,Altre job board,AZ_IT_BAKECA_LAVORO_ANNUNCI,21.99,2727,59,1
2024-11-11,Puglia,Altre job board,AZ_IT_CAREERJET_CPC,8.73,1024,27,1
2024-11-11,Puglia,Altre job board,AZ_IT_TALENT_COM_FEED,7.40,764,18,1
2024-11-11,Puglia,Altre job board,AZ_IT_TROVOLAVORO_SPONSORED,12.95,1040,20,1
2024-11-11,Sardegna,Altre job board,AZ_IT_BAKECA_LAVORO_ANNUNCI,8.36,1072,20,1
2024-11-11,Sardegna,Altre job board,AZ_IT_CAREERJET_CPC,3.27,350,9,0
2024-11-11,Sardegna,Altre job board,AZ_IT_TALENT_COM_FEED,2.51,250,7,0
2024-11-11,Sardegna,Altre job board,AZ_IT_TROVOLAVORO_SPONSORED,3.82,344,7,0
2024-11-11,Sicilia,Altre job board,AZ_IT_BAKECA_LAVORO_ANNUNCI,14.19,1746,34,1
2024-11-11,Sicilia,Altre job board,AZ_IT_CAREERJET_CPC,8.65,966,25,1
2024-11-11,Sicilia,Altre job board,AZ_IT_TALENT_COM_FEED,8.12,867,20,1
2024-11-11,Sicilia,Altre job board,AZ_IT_TROVOLAVORO_SPONSORED,13.03,1131,19,1
2024-11-11,Toscana,Altre job board,AZ_IT_BAKECA_LAVORO_ANNUNCI,20.83,2640,54,2
2024-11-11,Toscana,Altre job board,AZ_IT_CAREERJET_CPC,8.42,921,24,1
2024-11-11,Toscana,Altre job board,AZ_IT_TALENT_COM_FEED,11.28,1194,29,1
2024-11-11,Toscana,Altre job board,AZ_IT_TROVOLAVORO_SPONSORED,16.64,1391,22,2
2024-11-11,Trentino-Alto Adige,Altre job board,AZ_IT_BAKECA_LAVORO_ANNUNCI,3.15,392,8,0
2024-11-11,Trentino-Alto Adige,Altre job board,AZ_IT_CAREERJET_CPC,1.95,217,5,0
2024-11-11,Trentino-Alto Adige,Altre job board,AZ_IT_TALENT_COM_FEED,2.25,227,5,0
2024-11-11,Trentino-Alto Adige,Altre job board,AZ_IT_TROVOLAVORO_SPONSORED,2.65,221,3,1
2024-11-11,Umbria,Altre job board,AZ_IT_BAKECA_LAVORO_ANNUNCI,2.88,360,7,0
2024-11-11,Umbria,Altre job board,AZ_IT_CAREERJET_CPC,1.43,160,4,0
2024-11-11,Umbria,Altre job board,AZ_IT_TALENT_COM_FEED,1.85,184,4,0
2024-11-11,Umbria,Altre job board,AZ_IT_TROVOLAVORO_SPONSORED,2.84,240,4,0
2024-11-11,Valle d'Aosta,Altre job board,AZ_IT_BAKECA_LAVORO_ANNUNCI,0.29,37,1,0
2024-11-11,Valle d'Aosta,Altre job board,AZ_IT_CAREERJET_CPC,0.23,27,1,0
2024-11-11,Valle d'Aosta,Altre job board,AZ_IT_TALENT_COM_FEED,0.26,27,1,0
2024-11-11,Valle d'Aosta,Altre job board,AZ_IT_TROVOLAVORO_SPONSORED,0.33,27,0,0
2024-11-11,Veneto,Altre job board,AZ_IT_BAKECA_LAVORO_ANNUNCI,15.04,1845,37,1
2024-11-11,Veneto,Altre job board,AZ_IT_CAREERJET_CPC,9.02,939,23,1
2024-11-11,Veneto,Altre job board,AZ_IT_TALENT_COM_FEED,18.52,1837,42,2
2024-11-11,Veneto,Altre job board,AZ_IT_TROVOLAVORO_SPONSORED,20.16,1571,29,3
2024-11-18,Abruzzo,Altre job board,AZ_IT_BAKECA_LAVORO_ANNUNCI,12.13,1494,31,1
2024-11-18,Abruzzo,Altre job board,AZ_IT_CAREERJET_CPC,7.57,821,20,1
2024-11-18,Abruzzo,Altre job board,AZ_IT_TALENT_COM_FEED,5.39,545,14,1
2024-11-18,Abruzzo,Altre job board,AZ_IT_TROVOLAVORO_SPONSORED,10.07,819,16,1
2024-11-18,Basilicata,Altre job board,AZ_IT_BAKECA_LAVORO_ANNUNCI,4.23,547,12,0
2024-11-18,Basilicata,Altre job board,AZ_IT_CAREERJET_CPC,3.83,444,13,0
2024-11-18,Basilicata,Altre job board,AZ_IT_TALENT_COM_FEED,3.73,361,8,0
2024-11-18,Basilicata,Altre job board,AZ_IT_TROVOLAVORO_SPONSORED,5.67,463,10,1
2024-11-18,Calabria,Altre job board,AZ_IT_BAKECA_LAVORO_ANNUNCI,13.28,1652,38,1
2024-11-18,Calabria,Altre job board,AZ_IT_CAREERJET_CPC,6.91,764,19,1
2024-11-18,Calabria,Altre job board,AZ_IT_TALENT_COM_FEED,7.92,780,18,1
2024-11-18,Calabria,Altre job board,AZ_IT_TROVOLAVORO_SPONSORED,14.13,1167,22,1
2024-11-18,Campania,Altre job board,AZ_IT_BAKECA_LAVORO_ANNUNCI,61.17,7563,177,6
2024-11-18,Campania,Altre job board,AZ_IT_CAREERJET_CPC,22.84,2512,67,3
2024-11-18,Campania,Altre job board,AZ_IT_TALENT_COM_FEED,21.73,2221,48,3
2024-11-18,Campania,Altre job board,AZ_IT_TROVOLAVORO_SPONSORED,78.64,6476,104,10
2024-11-18,Emilia-Romagna,Altre job board,AZ_IT_BAKECA_LAVORO_ANNUNCI,43.67,5523,107,3
2024-11-18,Emilia-Romagna,Altre job board,AZ_IT_CAREERJET_CPC,18.06,1905,53,1
2024-11-18,Emilia-Romagna,Altre job board,AZ_IT_TALENT_COM_FEED,20.69,2070,55,2
2024-11-18,Emilia-Romagna,Altre job board,AZ_IT_TROVOLAVORO_SPONSORED,45.43,3821,73,3
2024-11-18,Friuli-Venezia Giulia,Altre job board,AZ_IT_BAKECA_LAVORO_ANNUNCI,12.93,1612,35,1
2024-11-18,Friuli-Venezia Giulia,Altre job board,AZ_IT_CAREERJET_CPC,6.07,661,17,1
2024-11-18,Friuli-Venezia Giulia,Altre job board,AZ_IT_TALENT_COM_FEED,7.36,745,16,1
2024-11-18,Friuli-Venezia Giulia,Altre job board,AZ_IT_TROVOLAVORO_SPONSORED,9.91,803,15,1
2024-11-18,Lazio,Altre job board,AZ_IT_BAKECA_LAVORO_ANNUNCI,25.71,3166,62,1
2024-11-18,Lazio,Altre job board,AZ_IT_CAREERJET_CPC,31.49,3633,80,3
2024-11-18,Lazio,Altre job board,AZ_IT_TALENT_COM_FEED,25.79,2567,59,2
2024-11-18,Lazio,Altre job board,AZ_IT_TROVOLAVORO_SPONSORED,60.19,5119,99,4
2024-11-18,Liguria,Altre job board,AZ_IT_BAKECA_LAVORO_ANNUNCI,12.36,1550,33,1
2024-11-18,Liguria,Altre job board,AZ_IT_CAREERJET_CPC,10.27,1246,32,1
2024-11-18,Liguria,Altre job board,AZ_IT_TALENT_COM_FEED,6.37,619,16,0
2024-11-18,Liguria,Altre job board,AZ_IT_TROVOLAVORO_SPONSORED,22.55,1781,35,2
2024-11-18,Lombardia,Altre job board,AZ_IT_BAKECA_LAVORO_ANNUNCI,89.46,11578,245,4
2024-11-18,Lombardia,Altre job board,AZ_IT_CAREERJET_CPC,85.02,9683,254,5
2024-11-18,Lombardia,Altre job board,AZ_IT_TALENT_COM_FEED,33.68,3350,79,2
2024-11-18,Lombardia,Altre job board,AZ_IT_TROVOLAVORO_SPONSORED,74.73,6220,107,4
2024-11-18,Marche,Altre job board,AZ_IT_BAKECA_LAVORO_ANNUNCI,13.29,1635,30,1
2024-11-18,Marche,Altre job board,AZ_IT_CAREERJET_CPC,5.01,576,16,0
2024-11-18,Marche,Altre job board,AZ_IT_TALENT_COM_FEED,3.89,403,10,0
2024-11-18,Marche,Altre job board,AZ_IT_TROVOLAVORO_SPONSORED,15.52,1298,22,1
2024-11-18,Molise,Altre job board,AZ_IT_BAKECA_LAVORO_ANNUNCI,2.69,333,7,0
2024-11-18,Molise,Altre job board,AZ_IT_CAREERJET_CPC,2.42,275,8,0
2024-11-18,Molise,Altre job board,AZ_IT_TALENT_COM_FEED,2.16,216,5,0
2024-11-18,Molise,Altre job board,AZ_IT_TROVOLAVORO_SPONSORED,5.00,435,8,0
2024-11-18,Piemonte,Altre job board,AZ_IT_BAKECA_LAVORO_ANNUNCI,38.37,4842,112,2
2024-11-18,Piemonte,Altre job board,AZ_IT_CAREERJET_CPC,17.38,1893,43,1
2024-11-18,Piemonte,Altre job board,AZ_IT_TALENT_COM_FEED,26.70,2647,58,2
2024-11-18,Piemonte,Altre job board,AZ_IT_TROVOLAVORO_SPONSORED,39.42,3373,63,3
2024-11-18,Puglia,Altre job board,AZ_IT_BAKECA_LAVORO_ANNUNCI,46.40,5897,115,2
2024-11-18,Puglia,Altre job board,AZ_IT_CAREERJET_CPC,20.96,2449,66,2
2024-11-18,Puglia,Altre job board,AZ_IT_TALENT_COM_FEED,16.66,1604,38,1
2024-11-18,Puglia,Altre job board,AZ_IT_TROVOLAVORO_SPONSORED,26.83,2138,37,2
2024-11-18,Sardegna,Altre job board,AZ_IT_BAKECA_LAVORO_ANNUNCI,20.42,2566,53,1
2024-11-18,Sardegna,Altre job board,AZ_IT_CAREERJET_CPC,9.26,1031,26,1
2024-11-18,Sardegna,Altre job board,AZ_IT_TALENT_COM_FEED,6.25,638,17,1
2024-11-18,Sardegna,Altre job board,AZ_IT_TROVOLAVORO_SPONSORED,20.93,1707,30,2
2024-11-18,Sicilia,Altre job board,AZ_IT_BAKECA_LAVORO_ANNUNCI,59.75,7470,173,2
2024-11-18,Sicilia,Altre job board,AZ_IT_CAREERJET_CPC,41.42,4478,119,2
2024-11-18,Sicilia,Altre job board,AZ_IT_TALENT_COM_FEED,27.69,2802,61,1
2024-11-18,Sicilia,Altre job board,AZ_IT_TROVOLAVORO_SPONSORED,57.09,4837,82,3
2024-11-18,Toscana,Altre job board,AZ_IT_BAKECA_LAVORO_ANNUNCI,39.07,4916,105,3
2024-11-18,Toscana,Altre job board,AZ_IT_CAREERJET_CPC,17.36,1895,55,2
2024-11-18,Toscana,Altre job board,AZ_IT_TALENT_COM_FEED,32.89,3205,76,3
2024-11-18,Toscana,Altre job board,AZ_IT_TROVOLAVORO_SPONSORED,28.90,2317,44,3
2024-11-18,Trentino-Alto Adige,Altre job board,AZ_IT_BAKECA_LAVORO_ANNUNCI,9.54,1173,24,1
2024-11-18,Trentino-Alto Adige,Altre job board,AZ_IT_CAREERJET_CPC,3.48,398,10,1
2024-11-18,Trentino-Alto Adige,Altre job board,AZ_IT_TALENT_COM_FEED,5.15,513,12,1
2024-11-18,Trentino-Alto Adige,Altre job board,AZ_IT_TROVOLAVORO_SPONSORED,11.55,1000,18,2
2024-11-18,Umbria,Altre job board,AZ_IT_BAKECA_LAVORO_ANNUNCI,6.32,794,17,0
2024-11-18,Umbria,Altre job board,AZ_IT_CAREERJET_CPC,3.32,387,10,0
2024-11-18,Umbria,Altre job board,AZ_IT_TALENT_COM_FEED,4.06,414,10,0
2024-11-18,Umbria,Altre job board,AZ_IT_TROVOLAVORO_SPONSORED,9.62,759,15,1
2024-11-18,Valle d'Aosta,Altre job board,AZ_IT_BAKECA_LAVORO_ANNUNCI,0.95,118,2,0
2024-11-18,Valle d'Aosta,Altre job board,AZ_IT_CAREERJET_CPC,0.47,52,1,0
2024-11-18,Valle d'Aosta,Altre job board,AZ_IT_TALENT_COM_FEED,0.37,35,1,0
2024-11-18,Valle d'Aosta,Altre job board,AZ_IT_TROVOLAVORO_SPONSORED,1.22,106,2,0
2024-11-18,Veneto,Altre job board,AZ_IT_BAKECA_LAVORO_ANNUNCI,40.05,5072,112,3
2024-11-18,Veneto,Altre job board,AZ_IT_CAREERJET_CPC,24.55,2762,69,3
2024-11-18,Veneto,Altre job board,AZ_IT_TALENT_COM_FEED,24.49,2343,56,3
2024-11-18,Veneto,Altre job board,AZ_IT_TROVOLAVORO_SPONSORED,64.72,5546,104,5
2024-11-25,Abruzzo,Altre job board,AZ_IT_BAKECA_LAVORO_ANNUNCI,4.67,601,14,1
2024-11-25,Abruzzo,Altre job board,AZ_IT_CAREERJET_CPC,2.71,292,8,1
2024-11-25,Abruzzo,Altre job board,AZ_IT_TALENT_COM_FEED,2.10,209,5,0
2024-11-25,Abruzzo,Altre job board,AZ_IT_TROVOLAVORO_SPONSORED,5.51,457,7,1
2024-11-25,Basilicata,Altre job board,AZ_IT_BAKECA_LAVORO_ANNUNCI,3.94,480,9,0
2024-11-25,Basilicata,Altre job board,AZ_IT_CAREERJET_CPC,1.86,209,5,0
2024-11-25,Basilicata,Altre job board,AZ_IT_TALENT_COM_FEED,1.46,144,4,0
2024-11-25,Basilicata,Altre job board,AZ_IT_TROVOLAVORO_SPONSORED,1.40,119,2,0
2024-11-25,Calabria,Altre job board,AZ_IT_BAKECA_LAVORO_ANNUNCI,6.94,879,15,0
2024-11-25,Calabria,Altre job board,AZ_IT_CAREERJET_CPC,5.79,664,17,1
2024-11-25,Calabria,Altre job board,AZ_IT_TALENT_COM_FEED,4.08,404,10,0
2024-11-25,Calabria,Altre job board,AZ_IT_TROVOLAVORO_SPONSORED,6.80,564,9,1
2024-11-25,Campania,Altre job board,AZ_IT_BAKECA_LAVORO_ANNUNCI,25.30,3193,60,4
2024-11-25,Campania,Altre job board,AZ_IT_CAREERJET_CPC,18.44,2003,55,4
2024-11-25,Campania,Altre job board,AZ_IT_TALENT_COM_FEED,12.51,1222,28,2
2024-11-25,Campania,Altre job board,AZ_IT_TROVOLAVORO_SPONSORED,26.55,2176,42,5
2024-11-25,Emilia-Romagna,Altre job board,AZ_IT_BAKECA_LAVORO_ANNUNCI,32.31,4012,72,3
2024-11-25,Emilia-Romagna,Altre job board,AZ_IT_CAREERJET_CPC,11.04,1281,35,2
2024-11-25,Emilia-Romagna,Altre job board,AZ_IT_TALENT_COM_FEED,14.20,1423,35,2
2024-11-25,Emilia-Romagna,Altre job board,AZ_IT_TROVOLAVORO_SPONSORED,9.65,817,15,1
2024-11-25,Friuli-Venezia Giulia,Altre job board,AZ_IT_BAKECA_LAVORO_ANNUNCI,3.42,431,9,0
2024-11-25,Friuli-Venezia Giulia,Altre job board,AZ_IT_CAREERJET_CPC,2.08,224,6,0
2024-11-25,Friuli-Venezia Giulia,Altre job board,AZ_IT_TALENT_COM_FEED,2.94,291,7,0
2024-11-25,Friuli-Venezia Giulia,Altre job board,AZ_IT_TROVOLAVORO_SPONSORED,4.12,342,5,0
2024-11-25,Lazio,Altre job board,AZ_IT_BAKECA_LAVORO_ANNUNCI,24.16,3098,64,2
2024-11-25,Lazio,Altre job board,AZ_IT_CAREERJET_CPC,11.28,1302,34,1
2024-11-25,Lazio,Altre job board,AZ_IT_TALENT_COM_FEED,16.80,1712,41,2
2024-11-25,Lazio,Altre job board,AZ_IT_TROVOLAVORO_SPONSORED,21.67,1809,33,2
2024-11-25,Liguria,Altre job board,AZ_IT_BAKECA_LAVORO_ANNUNCI,6.30,798,17,1
2024-11-25,Liguria,Altre job board,AZ_IT_CAREERJET_CPC,4.20,495,13,1
2024-11-25,Liguria,Altre job board,AZ_IT_TALENT_COM_FEED,4.45,432,11,1
2024-11-25,Liguria,Altre job board,AZ_IT_TROVOLAVORO_SPONSORED,3.67,297,5,0
2024-11-25,Lombardia,Altre job board,AZ_IT_BAKECA_LAVORO_ANNUNCI,40.86,4871,86,3
2024-11-25,Lombardia,Altre job board,AZ_IT_CAREERJET_CPC,30.81,3451,72,3
2024-11-25,Lombardia,Altre job board,AZ_IT_TALENT_COM_FEED,18.64,1863,45,2
2024-11-25,Lombardia,Altre job board,AZ_IT_TROVOLAVORO_SPONSORED,29.91,2312,42,2
2024-11-25,Marche,Altre job board,AZ_IT_BAKECA_LAVORO_ANNUNCI,7.35,855,19,1
2024-11-25,Marche,Altre job board,AZ_IT_CAREERJET_CPC,3.53,398,10,0
2024-11-25,Marche,Altre job board,AZ_IT_TALENT_COM_FEED,3.16,307,7,0
2024-11-25,Marche,Altre job board,AZ_IT_TROVOLAVORO_SPONSORED,4.03,332,6,0
2024-11-25,Molise,Altre job board,AZ_IT_BAKECA_LAVORO_ANNUNCI,1.22,148,3,0
2024-11-25,Molise,Altre job board,AZ_IT_CAREERJET_CPC,0.96,110,3,0
2024-11-25,Molise,Altre job board,AZ_IT_TALENT_COM_FEED,1.10,110,3,0
2024-11-25,Molise,Altre job board,AZ_IT_TROVOLAVORO_SPONSORED,1.23,102,2,0
2024-11-25,Piemonte,Altre job board,AZ_IT_BAKECA_LAVORO_ANNUNCI,23.78,3120,61,2
2024-11-25,Piemonte,Altre job board,AZ_IT_CAREERJET_CPC,15.67,1798,44,2
2024-11-25,Piemonte,Altre job board,AZ_IT_TALENT_COM_FEED,9.97,999,25,1
2024-11-25,Piemonte,Altre job board,AZ_IT_TROVOLAVORO_SPONSORED,15.98,1290,24,1
2024-11-25,Puglia,Altre job board,AZ_IT_BAKECA_LAVORO_ANNUNCI,19.50,2535,52,2
2024-11-25,Puglia,Altre job board,AZ_IT_CAREERJET_CPC,12.31,1389,37,1
2024-11-25,Puglia,Altre job board,AZ_IT_TALENT_COM_FEED,11.18,1128,22,1
2024-11-25,Puglia,Altre job board,AZ_IT_TROVOLAVORO_SPONSORED,14.79,1306,23,1
2024-11-25,Sardegna,Altre job board,AZ_IT_BAKECA_LAVORO_ANNUNCI,8.63,1088,23,1
2024-11-25,Sardegna,Altre job board,AZ_IT_CAREERJET_CPC,4.90,559,14,1
2024-11-25,Sardegna,Altre job board,AZ_IT_TALENT_COM_FEED,2.36,232,6,0
2024-11-25,Sardegna,Altre job board,AZ_IT_TROVOLAVORO_SPONSORED,5.03,419,7,1
2024-11-25,Sicilia,Altre job board,AZ_IT_BAKECA_LAVORO_ANNUNCI,20.71,2493,51,1
2024-11-25,Sicilia,Altre job board,AZ_IT_CAREERJET_CPC,15.33,1778,45,1
2024-11-25,Sicilia,Altre job board,AZ_IT_TALENT_COM_FEED,8.72,876,22,1
2024-11-25,Sicilia,Altre job board,AZ_IT_TROVOLAVORO_SPONSORED,17.50,1457,24,2
2024-11-25,Toscana,Altre job board,AZ_IT_BAKECA_LAVORO_ANNUNCI,15.25,1952,41,2
2024-11-25,Toscana,Altre job board,AZ_IT_CAREERJET_CPC,9.25,1055,24,1
2024-11-25,Toscana,Altre job board,AZ_IT_TALENT_COM_FEED,6.72,693,17,1
2024-11-25,Toscana,Altre job board,AZ_IT_TROVOLAVORO_SPONSORED,20.61,1739,30,3
2024-11-25,Trentino-Alto Adige,Altre job board,AZ_IT_BAKECA_LAVORO_ANNUNCI,4.45,541,11,1
2024-11-25,Trentino-Alto Adige,Altre job board,AZ_IT_CAREERJET_CPC,3.00,326,8,1
2024-11-25,Trentino-Alto Adige,Altre job board,AZ_IT_TALENT_COM_FEED,3.53,354,8,1
2024-11-25,Trentino-Alto Adige,Altre job board,AZ_IT_TROVOLAVORO_SPONSORED,2.59,219,4,1
2024-11-25,Umbria,Altre job board,AZ_IT_BAKECA_LAVORO_ANNUNCI,4.55,547,12,0
2024-11-25,Umbria,Altre job board,AZ_IT_CAREERJET_CPC,2.34,269,6,0
2024-11-25,Umbria,Altre job board,AZ_IT_TALENT_COM_FEED,2.84,283,7,0
2024-11-25,Umbria,Altre job board,AZ_IT_TROVOLAVORO_SPONSORED,4.07,346,7,0
2024-11-25,Valle d'Aosta,Altre job board,AZ_IT_BAKECA_LAVORO_ANNUNCI,0.42,53,1,0
2024-11-25,Valle d'Aosta,Altre job board,AZ_IT_CAREERJET_CPC,0.31,34,1,0
2024-11-25,Valle d'Aosta,Altre job board,AZ_IT_TALENT_COM_FEED,0.27,26,1,0
2024-11-25,Valle d'Aosta,Altre job board,AZ_IT_TROVOLAVORO_SPONSORED,0.68,57,1,0
2024-11-25,Veneto,Altre job board,AZ_IT_BAKECA_LAVORO_ANNUNCI,25.75,3224,65,3
2024-11-25,Veneto,Altre job board,AZ_IT_CAREERJET_CPC,12.19,1419,40,2
2024-11-25,Veneto,Altre job board,AZ_IT_TALENT_COM_FEED,12.55,1262,28,2
2024-11-25,Veneto,Altre job board,AZ_IT_TROVOLAVORO_SPONSORED,28.87,2447,52,4
2024-12-02,Abruzzo,Altre job board,AZ_IT_BAKECA_LAVORO_ANNUNCI,5.01,633,15,1
2024-12-02,Abruzzo,Altre job board,AZ_IT_CAREERJET_CPC,3.84,429,11,1
2024-12-02,Abruzzo,Altre job board,AZ_IT_TALENT_COM_FEED,1.95,183,4,0
2024-12-02,Abruzzo,Altre job board,AZ_IT_TROVOLAVORO_SPONSORED,2.89,255,5,0
2024-12-02,Basilicata,Altre job board,AZ_IT_BAKECA_LAVORO_ANNUNCI,3.56,447,9,0
2024-12-02,Basilicata,Altre job board,AZ_IT_CAREERJET_CPC,1.81,196,6,0
2024-12-02,Basilicata,Altre job board,AZ_IT_TALENT_COM_FEED,1.08,107,2,0
2024-12-02,Basilicata,Altre job board,AZ_IT_TROVOLAVORO_SPONSORED,2.33,200,3,0
2024-12-02,Calabria,Altre job board,AZ_IT_BAKECA_LAVORO_ANNUNCI,11.69,1471,28,1
2024-12-02,Calabria,Altre job board,AZ_IT_CAREERJET_CPC,3.32,363,10,0
2024-12-02,Calabria,Altre job board,AZ_IT_TALENT_COM_FEED,3.19,322,8,0
2024-12-02,Calabria,Altre job board,AZ_IT_TROVOLAVORO_SPONSORED,5.70,495,9,1
2024-12-02,Campania,Altre job board,AZ_IT_BAKECA_LAVORO_ANNUNCI,21.39,2643,52,3
2024-12-02,Campania,Altre job board,AZ_IT_CAREERJET_CPC,11.08,1247,34,2
2024-12-02,Campania,Altre job board,AZ_IT_TALENT_COM_FEED,7.61,757,18,2
2024-12-02,Campania,Altre job board,AZ_IT_TROVOLAVORO_SPONSORED,8.95,726,12,2
2024-12-02,Emilia-Romagna,Altre job board,AZ_IT_BAKECA_LAVORO_ANNUNCI,25.91,3248,71,2
2024-12-02,Emilia-Romagna,Altre job board,AZ_IT_CAREERJET_CPC,6.57,743,18,1
2024-12-02,Emilia-Romagna,Altre job board,AZ_IT_TALENT_COM_FEED,9.50,915,22,1
2024-12-02,Emilia-Romagna,Altre job board,AZ_IT_TROVOLAVORO_SPONSORED,12.51,996,18,1
2024-12-02,Friuli-Venezia Giulia,Altre job board,AZ_IT_BAKECA_LAVORO_ANNUNCI,7.25,920,21,1
2024-12-02,Friuli-Venezia Giulia,Altre job board,AZ_IT_CAREERJET_CPC,2.54,275,7,0
2024-12-02,Friuli-Venezia Giulia,Altre job board,AZ_IT_TALENT_COM_FEED,1.36,142,3,0
2024-12-02,Friuli-Venezia Giulia,Altre job board,AZ_IT_TROVOLAVORO_SPONSORED,2.71,234,5,0
2024-12-02,Lazio,Altre job board,AZ_IT_BAKECA_LAVORO_ANNUNCI,33.00,4256,88,2
2024-12-02,Lazio,Altre job board,AZ_IT_CAREERJET_CPC,13.14,1540,39,2
2024-12-02,Lazio,Altre job board,AZ_IT_TALENT_COM_FEED,7.45,710,18,1
2024-12-02,Lazio,Altre job board,AZ_IT_TROVOLAVORO_SPONSORED,13.17,1132,20,1
2024-12-02,Liguria,Altre job board,AZ_IT_BAKECA_LAVORO_ANNUNCI,6.00,756,14,1
2024-12-02,Liguria,Altre job board,AZ_IT_CAREERJET_CPC,4.14,482,13,1
2024-12-02,Liguria,Altre job board,AZ_IT_TALENT_COM_FEED,3.13,320,8,0
2024-12-02,Liguria,Altre job board,AZ_IT_TROVOLAVORO_SPONSORED,3.78,312,6,0
2024-12-02,Lombardia,Altre job board,AZ_IT_BAKECA_LAVORO_ANNUNCI,51.64,6382,117,3
2024-12-02,Lombardia,Altre job board,AZ_IT_CAREERJET_CPC,18.13,2012,48,1
2024-12-02,Lombardia,Altre job board,AZ_IT_TALENT_COM_FEED,22.24,2277,56,2
2024-12-02,Lombardia,Altre job board,AZ_IT_TROVOLAVORO_SPONSORED,37.17,3122,56,2
2024-12-02,Marche,Altre job board,AZ_IT_BAKECA_LAVORO_ANNUNCI,6.17,779,15,0
2024-12-02,Marche,Altre job board,AZ_IT_CAREERJET_CPC,4.47,503,13,1
2024-12-02,Marche,Altre job board,AZ_IT_TALENT_COM_FEED,3.47,354,8,0
2024-12-02,Marche,Altre job board,AZ_IT_TROVOLAVORO_SPONSORED,3.67,293,5,0
2024-12-02,Molise,Altre job board,AZ_IT_BAKECA_LAVORO_ANNUNCI,1.19,154,3,0
2024-12-02,Molise,Altre job board,AZ_IT_CAREERJET_CPC,0.78,92,2,0
2024-12-02,Molise,Altre job board,AZ_IT_TALENT_COM_FEED,0.77,78,2,0
2024-12-02,Molise,Altre job board,AZ_IT_TROVOLAVORO_SPONSORED,0.70,60,1,0
2024-12-02,Piemonte,Altre job board,AZ_IT_BAKECA_LAVORO_ANNUNCI,14.40,1857,43,1
2024-12-02,Piemonte,Altre job board,AZ_IT_CAREERJET_CPC,12.19,1377,37,1
2024-12-02,Piemonte,Altre job board,AZ_IT_TALENT_COM_FEED,7.24,736,18,1
2024-12-02,Piemonte,Altre job board,AZ_IT_TROVOLAVORO_SPONSORED,6.27,519,9,0
2024-12-02,Puglia,Altre job board,AZ_IT_BAKECA_LAVORO_ANNUNCI,17.53,2139,42,1
2024-12-02,Puglia,Altre job board,AZ_IT_CAREERJET_CPC,7.58,810,19,1
2024-12-02,Puglia,Altre job board,AZ_IT_TALENT_COM_FEED,7.59,788,18,1
2024-12-02,Puglia,Altre job board,AZ_IT_TROVOLAVORO_SPONSORED,12.52,1079,21,1
2024-12-02,Sardegna,Altre job board,AZ_IT_BAKECA_LAVORO_ANNUNCI,10.05,1298,24,1
2024-12-02,Sardegna,Altre job board,AZ_IT_CAREERJET_CPC,3.94,431,10,1
2024-12-02,Sardegna,Altre job board,AZ_IT_TALENT_COM_FEED,3.92,394,10,1
2024-12-02,Sardegna,Altre job board,AZ_IT_TROVOLAVORO_SPONSORED,3.10,255,5,0
2024-12-02,Sicilia,Altre job board,AZ_IT_BAKECA_LAVORO_ANNUNCI,15.31,1914,34,1
2024-12-02,Sicilia,Altre job board,AZ_IT_CAREERJET_CPC,8.98,975,21,1
2024-12-02,Sicilia,Altre job board,AZ_IT_TALENT_COM_FEED,6.11,600,12,1
2024-12-02,Sicilia,Altre job board,AZ_IT_TROVOLAVORO_SPONSORED,9.00,737,14,1
2024-12-02,Toscana,Altre job board,AZ_IT_BAKECA_LAVORO_ANNUNCI,11.73,1449,30,1
2024-12-02,Toscana,Altre job board,AZ_IT_CAREERJET_CPC,7.14,775,23,1
2024-12-02,Toscana,Altre job board,AZ_IT_TALENT_COM_FEED,6.74,707,16,1
2024-12-02,Toscana,Altre job board,AZ_IT_TROVOLAVORO_SPONSORED,7.79,647,11,1
2024-12-02,Trentino-Alto Adige,Altre job board,AZ_IT_BAKECA_LAVORO_ANNUNCI,4.77,588,12,1
2024-12-02,Trentino-Alto Adige,Altre job board,AZ_IT_CAREERJET_CPC,2.63,302,8,1
2024-12-02,Trentino-Alto Adige,Altre job board,AZ_IT_TALENT_COM_FEED,2.03,198,4,0
2024-12-02,Trentino-Alto Adige,Altre job board,AZ_IT_TROVOLAVORO_SPONSORED,2.06,169,3,0
2024-12-02,Umbria,Altre job board,AZ_IT_BAKECA_LAVORO_ANNUNCI,3.35,406,9,0
2024-12-02,Umbria,Altre job board,AZ_IT_CAREERJET_CPC,1.65,183,5,0
2024-12-02,Umbria,Altre job board,AZ_IT_TALENT_COM_FEED,1.40,135,3,0
2024-12-02,Umbria,Altre job board,AZ_IT_TROVOLAVORO_SPONSORED,1.10,93,2,0
2024-12-02,Valle d'Aosta,Altre job board,AZ_IT_BAKECA_LAVORO_ANNUNCI,0.52,66,1,0
2024-12-02,Valle d'Aosta,Altre job board,AZ_IT_CAREERJET_CPC,0.28,32,1,0
2024-12-02,Valle d'Aosta,Altre job board,AZ_IT_TALENT_COM_FEED,0.28,27,1,0
2024-12-02,Valle d'Aosta,Altre job board,AZ_IT_TROVOLAVORO_SPONSORED,0.27,23,0,0
2024-12-02,Veneto,Altre job board,AZ_IT_BAKECA_LAVORO_ANNUNCI,15.46,1971,40,2
2024-12-02,Veneto,Altre job board,AZ_IT_CAREERJET_CPC,10.38,1130,30,2
2024-12-02,Veneto,Altre job board,AZ_IT_TALENT_COM_FEED,13.47,1359,35,2
2024-12-02,Veneto,Altre job board,AZ_IT_TROVOLAVORO_SPONSORED,14.15,1187,23,2
2024-12-09,Abruzzo,Altre job board,AZ_IT_BAKECA_LAVORO_ANNUNCI,12.10,1493,32,1
2024-12-09,Abruzzo,Altre job board,AZ_IT_CAREERJET_CPC,4.53,490,12,1
2024-12-09,Abruzzo,Altre job board,AZ_IT_TALENT_COM_FEED,2.75,277,7,0
2024-12-09,Abruzzo,Altre job board,AZ_IT_TROVOLAVORO_SPONSORED,3.78,311,5,1
2024-12-09,Basilicata,Altre job board,AZ_IT_BAKECA_LAVORO_ANNUNCI,4.29,531,11,0
2024-12-09,Basilicata,Altre job board,AZ_IT_CAREERJET_CPC,1.67,184,4,0
2024-12-09,Basilicata,Altre job board,AZ_IT_TALENT_COM_FEED,1.17,115,3,0
2024-12-09,Basilicata,Altre job board,AZ_IT_TROVOLAVORO_SPONSORED,2.39,207,4,0
2024-12-09,Calabria,Altre job board,AZ_IT_BAKECA_LAVORO_ANNUNCI,14.09,1809,36,1
2024-12-09,Calabria,Altre job board,AZ_IT_CAREERJET_CPC,7.35,803,21,1
2024-12-09,Calabria,Altre job board,AZ_IT_TALENT_COM_FEED,5.61,576,14,0
2024-12-09,Calabria,Altre job board,AZ_IT_TROVOLAVORO_SPONSORED,3.77,316,6,0
2024-12-09,Campania,Altre job board,AZ_IT_BAKECA_LAVORO_ANNUNCI,39.78,4882,101,5
2024-12-09,Campania,Altre job board,AZ_IT_CAREERJET_CPC,19.53,2159,53,4
2024-12-09,Campania,Altre job board,AZ_IT_TALENT_COM_FEED,10.55,1052,27,2
2024-12-09,Campania,Altre job board,AZ_IT_TROVOLAVORO_SPONSORED,25.76,2159,37,3
2024-12-09,Emilia-Romagna,Altre job board,AZ_IT_BAKECA_LAVORO_ANNUNCI,23.93,3137,68,2
2024-12-09,Emilia-Romagna,Altre job board,AZ_IT_CAREERJET_CPC,15.25,1682,43,1
2024-12-09,Emilia-Romagna,Altre job board,AZ_IT_TALENT_COM_FEED,17.33,1724,38,2
2024-12-09,Emilia-Romagna,Altre job board,AZ_IT_TROVOLAVORO_SPONSORED,16.62,1371,25,2
2024-12-09,Friuli-Venezia Giulia,Altre job board,AZ_IT_BAKECA_LAVORO_ANNUNCI,6.90,886,18,1
2024-12-09,Friuli-Venezia Giulia,Altre job board,AZ_IT_CAREERJET_CPC,3.60,418,9,0
2024-12-09,Friuli-Venezia Giulia,Altre job board,AZ_IT_TALENT_COM_FEED,2.28,229,6,0
2024-12-09,Friuli-Venezia Giulia,Altre job board,AZ_IT_TROVOLAVORO_SPONSORED,2.68,226,5,0
2024-12-09,Lazio,Altre job board,AZ_IT_BAKECA_LAVORO_ANNUNCI,35.82,4543,95,2
2024-12-09,Lazio,Altre job board,AZ_IT_CAREERJET_CPC,21.97,2486,69,2
2024-12-09,Lazio,Altre job board,AZ_IT_TALENT_COM_FEED,13.06,1362,34,1
2024-12-09,Lazio,Altre job board,AZ_IT_TROVOLAVORO_SPONSORED,22.28,1866,31,2
2024-12-09,Liguria,Altre job board,AZ_IT_BAKECA_LAVORO_ANNUNCI,9.31,1149,21,1
2024-12-09,Liguria,Altre job board,AZ_IT_CAREERJET_CPC,2.45,281,8,0
2024-12-09,Liguria,Altre job board,AZ_IT_TALENT_COM_FEED,4.93,505,10,1
2024-12-09,Liguria,Altre job board,AZ_IT_TROVOLAVORO_SPONSORED,4.15,342,6,0
2024-12-09,Lombardia,Altre job board,AZ_IT_BAKECA_LAVORO_ANNUNCI,58.49,6951,128,3
2024-12-09,Lombardia,Altre job board,AZ_IT_CAREERJET_CPC,12.56,1399,38,1
2024-12-09,Lombardia,Altre job board,AZ_IT_TALENT_COM_FEED,21.59,2159,55,2
2024-12-09,Lombardia,Altre job board,AZ_IT_TROVOLAVORO_SPONSORED,26.09,2123,40,2
2024-12-09,Marche,Altre job board,AZ_IT_BAKECA_LAVORO_ANNUNCI,13.43,1728,36,1
2024-12-09,Marche,Altre job board,AZ_IT_CAREERJET_CPC,5.10,566,15,1
2024-12-09,Marche,Altre job board,AZ_IT_TALENT_COM_FEED,6.23,631,15,1
2024-12-09,Marche,Altre job board,AZ_IT_TROVOLAVORO_SPONSORED,2.92,237,4,0
2024-12-09,Molise,Altre job board,AZ_IT_BAKECA_LAVORO_ANNUNCI,1.69,218,4,0
2024-12-09,Molise,Altre job board,AZ_IT_CAREERJET_CPC,0.94,104,3,0
2024-12-09,Molise,Altre job board,AZ_IT_TALENT_COM_FEED,1.08,107,2,0
2024-12-09,Molise,Altre job board,AZ_IT_TROVOLAVORO_SPONSORED,0.87,75,1,0
2024-12-09,Piemonte,Altre job board,AZ_IT_BAKECA_LAVORO_ANNUNCI,26.20,3430,69,1
2024-12-09,Piemonte,Altre job board,AZ_IT_CAREERJET_CPC,13.48,1482,39,1
2024-12-09,Piemonte,Altre job board,AZ_IT_TALENT_COM_FEED,7.02,689,19,0
2024-12-09,Piemonte,Altre job board,AZ_IT_TROVOLAVORO_SPONSORED,15.32,1277,23,1
2024-12-09,Puglia,Altre job board,AZ_IT_BAKECA_LAVORO_ANNUNCI,29.88,3664,73,2
2024-12-09,Puglia,Altre job board,AZ_IT_CAREERJET_CPC,8.40,858,21,1
2024-12-09,Puglia,Altre job board,AZ_IT_TALENT_COM_FEED,9.91,969,24,1
2024-12-09,Puglia,Altre job board,AZ_IT_TROVOLAVORO_SPONSORED,22.24,1876,33,2
2024-12-09,Sardegna,Altre job board,AZ_IT_BAKECA_LAVORO_ANNUNCI,11.70,1400,29,1
2024-12-09,Sardegna,Altre job board,AZ_IT_CAREERJET_CPC,3.57,413,10,0
2024-12-09,Sardegna,Altre job board,AZ_IT_TALENT_COM_FEED,3.50,354,8,0
2024-12-09,Sardegna,Altre job board,AZ_IT_TROVOLAVORO_SPONSORED,4.87,418,8,1
2024-12-09,Sicilia,Altre job board,AZ_IT_BAKECA_LAVORO_ANNUNCI,48.55,6185,134,3
2024-12-09,Sicilia,Altre job board,AZ_IT_CAREERJET_CPC,18.92,2189,59,2
2024-12-09,Sicilia,Altre job board,AZ_IT_TALENT_COM_FEED,15.94,1643,41,1
2024-12-09,Sicilia,Altre job board,AZ_IT_TROVOLAVORO_SPONSORED,12.57,995,20,1
2024-12-09,Toscana,Altre job board,AZ_IT_BAKECA_LAVORO_ANNUNCI,20.35,2697,54,2
2024-12-09,Toscana,Altre job board,AZ_IT_CAREERJET_CPC,11.54,1302,30,1
2024-12-09,Toscana,Altre job board,AZ_IT_TALENT_COM_FEED,7.85,752,18,1
2024-12-09,Toscana,Altre job board,AZ_IT_TROVOLAVORO_SPONSORED,17.46,1500,27,2
2024-12-09,Trentino-Alto Adige,Altre job board,AZ_IT_BAKECA_LAVORO_ANNUNCI,6.18,781,15,1
2024-12-09,Trentino-Alto Adige,Altre job board,AZ_IT_CAREERJET_CPC,4.33,484,12,1
2024-12-09,Trentino-Alto Adige,Altre job board,AZ_IT_TALENT_COM_FEED,2.78,279,6,1
2024-12-09,Trentino-Alto Adige,Altre job board,AZ_IT_TROVOLAVORO_SPONSORED,2.51,203,4,0
2024-12-09,Umbria,Altre job board,AZ_IT_BAKECA_LAVORO_ANNUNCI,6.44,820,16,0
2024-12-09,Umbria,Altre job board,AZ_IT_CAREERJET_CPC,3.00,337,9,0
2024-12-09,Umbria,Altre job board,AZ_IT_TALENT_COM_FEED,1.76,168,4,0
2024-12-09,Umbria,Altre job board,AZ_IT_TROVOLAVORO_SPONSORED,3.12,280,4,0
2024-12-09,Valle d'Aosta,Altre job board,AZ_IT_BAKECA_LAVORO_ANNUNCI,1.13,139,3,0
2024-12-09,Valle d'Aosta,Altre job board,AZ_IT_CAREERJET_CPC,0.38,44,1,0
2024-12-09,Valle d'Aosta,Altre job board,AZ_IT_TALENT_COM_FEED,0.36,36,1,0
2024-12-09,Valle d'Aosta,Altre job board,AZ_IT_TROVOLAVORO_SPONSORED,0.37,30,1,0
2024-12-09,Veneto,Altre job board,AZ_IT_BAKECA_LAVORO_ANNUNCI,24.55,2987,60,3
2024-12-09,Veneto,Altre job board,AZ_IT_CAREERJET_CPC,12.03,1280,33,2
2024-12-09,Veneto,Altre job board,AZ_IT_TALENT_COM_FEED,12.22,1248,32,2
2024-12-09,Veneto,Altre job board,AZ_IT_TROVOLAVORO_SPONSORED,10.90,907,17,2
2024-12-16,Abruzzo,Altre job board,AZ_IT_BAKECA_LAVORO_ANNUNCI,6.35,805,16,1
2024-12-16,Abruzzo,Altre job board,AZ_IT_CAREERJET_CPC,4.80,549,13,1
2024-12-16,Abruzzo,Altre job board,AZ_IT_TALENT_COM_FEED,3.18,310,7,1
2024-12-16,Abruzzo,Altre job board,AZ_IT_TROVOLAVORO_SPONSORED,3.76,311,6,1
2024-12-16,Basilicata,Altre job board,AZ_IT_BAKECA_LAVORO_ANNUNCI,2.22,271,6,0
2024-12-16,Basilicata,Altre job board,AZ_IT_CAREERJET_CPC,2.06,230,7,0
2024-12-16,Basilicata,Altre job board,AZ_IT_TALENT_COM_FEED,1.66,167,4,0
2024-12-16,Basilicata,Altre job board,AZ_IT_TROVOLAVORO_SPONSORED,2.19,176,3,0
2024-12-16,Calabria,Altre job board,AZ_IT_BAKECA_LAVORO_ANNUNCI,10.36,1247,27,1
2024-12-16,Calabria,Altre job board,AZ_IT_CAREERJET_CPC,5.45,606,15,1
2024-12-16,Calabria,Altre job board,AZ_IT_TALENT_COM_FEED,4.34,446,10,0
2024-12-16,Calabria,Altre job board,AZ_IT_TROVOLAVORO_SPONSORED,6.69,600,11,1
2024-12-16,Campania,Altre job board,AZ_IT_BAKECA_LAVORO_ANNUNCI,24.50,3207,62,3
2024-12-16,Campania,Altre job board,AZ_IT_CAREERJET_CPC,19.01,2038,50,4
2024-12-16,Campania,Altre job board,AZ_IT_TALENT_COM_FEED,17.37,1661,38,3
2024-12-16,Campania,Altre job board,AZ_IT_TROVOLAVORO_SPONSORED,18.38,1509,24,3
2024-12-16,Emilia-Romagna,Altre job board,AZ_IT_BAKECA_LAVORO_ANNUNCI,21.82,2687,55,1
2024-12-16,Emilia-Romagna,Altre job board,AZ_IT_CAREERJET_CPC,11.14,1273,32,1
2024-12-16,Emilia-Romagna,Altre job board,AZ_IT_TALENT_COM_FEED,13.51,1407,35,1
2024-12-16,Emilia-Romagna,Altre job board,AZ_IT_TROVOLAVORO_SPONSORED,22.38,1756,30,2
2024-12-16,Friuli-Venezia Giulia,Altre job board,AZ_IT_BAKECA_LAVORO_ANNUNCI,7.12,882,16,0
2024-12-16,Friuli-Venezia Giulia,Altre job board,AZ_IT_CAREERJET_CPC,5.33,552,16,1
2024-12-16,Friuli-Venezia Giulia,Altre job board,AZ_IT_TALENT_COM_FEED,2.03,199,5,0
2024-12-16,Friuli-Venezia Giulia,Altre job board,AZ_IT_TROVOLAVORO_SPONSORED,3.51,291,6,0
2024-12-16,Lazio,Altre job board,AZ_IT_BAKECA_LAVORO_ANNUNCI,37.28,4352,82,3
2024-12-16,Lazio,Altre job board,AZ_IT_CAREERJET_CPC,24.06,2676,74,3
2024-12-16,Lazio,Altre job board,AZ_IT_TALENT_COM_FEED,11.43,1160,27,1
2024-12-16,Lazio,Altre job board,AZ_IT_TROVOLAVORO_SPONSORED,20.56,1674,31,2
2024-12-16,Liguria,Altre job board,AZ_IT_BAKECA_LAVORO_ANNUNCI,13.20,1657,31,1
2024-12-16,Liguria,Altre job board,AZ_IT_CAREERJET_CPC,4.55,504,14,1
2024-12-16,Liguria,Altre job board,AZ_IT_TALENT_COM_FEED,4.86,480,11,1
2024-12-16,Liguria,Altre job board,AZ_IT_TROVOLAVORO_SPONSORED,5.02,422,8,1
2024-12-16,Lombardia,Altre job board,AZ_IT_BAKECA_LAVORO_ANNUNCI,47.44,5765,110,2
2024-12-16,Lombardia,Altre job board,AZ_IT_CAREERJET_CPC,35.24,4118,101,2
2024-12-16,Lombardia,Altre job board,AZ_IT_TALENT_COM_FEED,28.12,2823,67,2
2024-12-16,Lombardia,Altre job board,AZ_IT_TROVOLAVORO_SPONSORED,41.71,3382,63,3
2024-12-16,Marche,Altre job board,AZ_IT_BAKECA_LAVORO_ANNUNCI,5.95,767,16,0
2024-12-16,Marche,Altre job board,AZ_IT_CAREERJET_CPC,4.52,513,14,1
2024-12-16,Marche,Altre job board,AZ_IT_TALENT_COM_FEED,4.43,438,10,0
2024-12-16,Marche,Altre job board,AZ_IT_TROVOLAVORO_SPONSORED,4.65,402,7,0
2024-12-16,Molise,Altre job board,AZ_IT_BAKECA_LAVORO_ANNUNCI,1.24,154,3,0
2024-12-16,Molise,Altre job board,AZ_IT_CAREERJET_CPC,0.81,90,2,0
2024-12-16,Molise,Altre job board,AZ_IT_TALENT_COM_FEED,1.06,105,3,0
2024-12-16,Molise,Altre job board,AZ_IT_TROVOLAVORO_SPONSORED,0.95,82,1,0
2024-12-16,Piemonte,Altre job board,AZ_IT_BAKECA_LAVORO_ANNUNCI,29.89,3747,73,2
2024-12-16,Piemonte,Altre job board,AZ_IT_CAREERJET_CPC,16.61,1735,49,1
2024-12-16,Piemonte,Altre job board,AZ_IT_TALENT_COM_FEED,10.48,1064,23,1
2024-12-16,Piemonte,Altre job board,AZ_IT_TROVOLAVORO_SPONSORED,16.11,1349,25,1
2024-12-16,Puglia,Altre job board,AZ_IT_BAKECA_LAVORO_ANNUNCI,19.94,2362,39,1
2024-12-16,Puglia,Altre job board,AZ_IT_CAREERJET_CPC,21.23,2282,64,2
2024-12-16,Puglia,Altre job board,AZ_IT_TALENT_COM_FEED,9.67,952,24,1
2024-12-16,Puglia,Altre job board,AZ_IT_TROVOLAVORO_SPONSORED,21.92,1989,34,1
2024-12-16,Sardegna,Altre job board,AZ_IT_BAKECA_LAVORO_ANNUNCI,11.49,1443,31,1
2024-12-16,Sardegna,Altre job board,AZ_IT_CAREERJET_CPC,8.34,945,26,1
2024-12-16,Sardegna,Altre job board,AZ_IT_TALENT_COM_FEED,4.70,473,12,0
2024-12-16,Sardegna,Altre job board,AZ_IT_TROVOLAVORO_SPONSORED,7.59,611,12,1
2024-12-16,Sicilia,Altre job board,AZ_IT_BAKECA_LAVORO_ANNUNCI,34.36,4414,104,2
2024-12-16,Sicilia,Altre job board,AZ_IT_CAREERJET_CPC,17.39,1943,50,2
2024-12-16,Sicilia,Altre job board,AZ_IT_TALENT_COM_FEED,9.95,954,23,1
2024-12-16,Sicilia,Altre job board,AZ_IT_TROVOLAVORO_SPONSORED,19.66,1571,28,2
2024-12-16,Toscana,Altre job board,AZ_IT_BAKECA_LAVORO_ANNUNCI,17.15,2217,43,2
2024-12-16,Toscana,Altre job board,AZ_IT_CAREERJET_CPC,16.15,1823,45,2
2024-12-16,Toscana,Altre job board,AZ_IT_TALENT_COM_FEED,13.44,1357,33,2
2024-12-16,Toscana,Altre job board,AZ_IT_TROVOLAVORO_SPONSORED,11.02,920,19,1
2024-12-16,Trentino-Alto Adige,Altre job board,AZ_IT_BAKECA_LAVORO_ANNUNCI,6.76,890,17,1
2024-12-16,Trentino-Alto Adige,Altre job board,AZ_IT_CAREERJET_CPC,4.17,462,11,1
2024-12-16,Trentino-Alto Adige,Altre job board,AZ_IT_TALENT_COM_FEED,3.50,347,9,1
2024-12-16,Trentino-Alto Adige,Altre job board,AZ_IT_TROVOLAVORO_SPONSORED,4.78,399,6,1
2024-12-16,Umbria,Altre job board,AZ_IT_BAKECA_LAVORO_ANNUNCI,5.22,664,13,0
2024-12-16,Umbria,Altre job board,AZ_IT_CAREERJET_CPC,3.32,355,8,0
2024-12-16,Umbria,Altre job board,AZ_IT_TALENT_COM_FEED,1.76,181,4,0
2024-12-16,Umbria,Altre job board,AZ_IT_TROVOLAVORO_SPONSORED,2.48,209,4,0
2024-12-16,Valle d'Aosta,Altre job board,AZ_IT_BAKECA_LAVORO_ANNUNCI,0.74,94,2,0
2024-12-16,Valle d'Aosta,Altre job board,AZ_IT_CAREERJET_CPC,0.30,34,1,0
2024-12-16,Valle d'Aosta,Altre job board,AZ_IT_TALENT_COM_FEED,0.28,27,1,0
2024-12-16,Valle d'Aosta,Altre job board,AZ_IT_TROVOLAVORO_SPONSORED,0.35,30,0,0
2024-12-16,Veneto,Altre job board,AZ_IT_BAKECA_LAVORO_ANNUNCI,18.47,2375,52,2
2024-12-16,Veneto,Altre job board,AZ_IT_CAREERJET_CPC,21.52,2452,73,3
2024-12-16,Veneto,Altre job board,AZ_IT_TALENT_COM_FEED,10.81,1058,26,1
2024-12-16,Veneto,Altre job board,AZ_IT_TROVOLAVORO_SPONSORED,18.62,1591,27,3
2024-12-23,Abruzzo,Altre job board,AZ_IT_BAKECA_LAVORO_ANNUNCI,7.43,906,20,1
2024-12-23,Abruzzo,Altre job board,AZ_IT_CAREERJET_CPC,3.09,343,10,1
2024-12-23,Abruzzo,Altre job board,AZ_IT_TALENT_COM_FEED,3.16,318,8,0
2024-12-23,Abruzzo,Altre job board,AZ_IT_TROVOLAVORO_SPONSORED,3.32,276,5,0
2024-12-23,Basilicata,Altre job board,AZ_IT_BAKECA_LAVORO_ANNUNCI,2.17,275,6,0
2024-12-23,Basilicata,Altre job board,AZ_IT_CAREERJET_CPC,1.58,179,5,0
2024-12-23,Basilicata,Altre job board,AZ_IT_TALENT_COM_FEED,0.64,63,2,0
2024-12-23,Basilicata,Altre job board,AZ_IT_TROVOLAVORO_SPONSORED,1.60,127,2,0
2024-12-23,Calabria,Altre job board,AZ_IT_BAKECA_LAVORO_ANNUNCI,7.60,958,18,1
2024-12-23,Calabria,Altre job board,AZ_IT_CAREERJET_CPC,4.66,517,14,1
2024-12-23,Calabria,Altre job board,AZ_IT_TALENT_COM_FEED,2.49,241,5,0
2024-12-23,Calabria,Altre job board,AZ_IT_TROVOLAVORO_SPONSORED,4.99,405,8,0
2024-12-23,Campania,Altre job board,AZ_IT_BAKECA_LAVORO_ANNUNCI,31.62,4074,84,4
2024-12-23,Campania,Altre job board,AZ_IT_CAREERJET_CPC,12.11,1367,33,2
2024-12-23,Campania,Altre job board,AZ_IT_TALENT_COM_FEED,14.48,1413,36,3
2024-12-23,Campania,Altre job board,AZ_IT_TROVOLAVORO_SPONSORED,16.72,1306,24,3
2024-12-23,Emilia-Romagna,Altre job board,AZ_IT_BAKECA_LAVORO_ANNUNCI,23.73,3008,59,2
2024-12-23,Emilia-Romagna,Altre job board,AZ_IT_CAREERJET_CPC,12.67,1389,34,2
2024-12-23,Emilia-Romagna,Altre job board,AZ_IT_TALENT_COM_FEED,7.62,748,18,1
2024-12-23,Emilia-Romagna,Altre job board,AZ_IT_TROVOLAVORO_SPONSORED,14.44,1258,22,1
2024-12-23,Friuli-Venezia Giulia,Altre job board,AZ_IT_BAKECA_LAVORO_ANNUNCI,3.66,445,10,0
2024-12-23,Friuli-Venezia Giulia,Altre job board,AZ_IT_CAREERJET_CPC,3.25,356,8,0
2024-12-23,Friuli-Venezia Giulia,Altre job board,AZ_IT_TALENT_COM_FEED,2.88,275,7,0
2024-12-23,Friuli-Venezia Giulia,Altre job board,AZ_IT_TROVOLAVORO_SPONSORED,3.51,279,6,0
2024-12-23,Lazio,Altre job board,AZ_IT_BAKECA_LAVORO_ANNUNCI,15.48,1924,42,1
2024-12-23,Lazio,Altre job board,AZ_IT_CAREERJET_CPC,15.57,1780,46,2
2024-12-23,Lazio,Altre job board,AZ_IT_TALENT_COM_FEED,15.99,1563,41,1
2024-12-23,Lazio,Altre job board,AZ_IT_TROVOLAVORO_SPONSORED,11.77,985,16,1
2024-12-23,Liguria,Altre job board,AZ_IT_BAKECA_LAVORO_ANNUNCI,4.21,501,9,0
2024-12-23,Liguria,Altre job board,AZ_IT_CAREERJET_CPC,4.87,518,14,1
2024-12-23,Liguria,Altre job board,AZ_IT_TALENT_COM_FEED,2.17,235,6,0
2024-12-23,Liguria,Altre job board,AZ_IT_TROVOLAVORO_SPONSORED,4.67,391,7,1
2024-12-23,Lombardia,Altre job board,AZ_IT_BAKECA_LAVORO_ANNUNCI,41.20,5133,104,2
2024-12-23,Lombardia,Altre job board,AZ_IT_CAREERJET_CPC,24.09,2620,65,2
2024-12-23,Lombardia,Altre job board,AZ_IT_TALENT_COM_FEED,18.50,1850,51,1
2024-12-23,Lombardia,Altre job board,AZ_IT_TROVOLAVORO_SPONSORED,41.04,3401,67,3
2024-12-23,Marche,Altre job board,AZ_IT_BAKECA_LAVORO_ANNUNCI,6.68,820,18,0
2024-12-23,Marche,Altre job board,AZ_IT_CAREERJET_CPC,3.88,425,11,0
2024-12-23,Marche,Altre job board,AZ_IT_TALENT_COM_FEED,2.49,250,6,0
2024-12-23,Marche,Altre job board,AZ_IT_TROVOLAVORO_SPONSORED,4.11,347,6,0
2024-12-23,Molise,Altre job board,AZ_IT_BAKECA_LAVORO_ANNUNCI,1.24,158,3,0
2024-12-23,Molise,Altre job board,AZ_IT_CAREERJET_CPC,0.63,67,2,0
2024-12-23,Molise,Altre job board,AZ_IT_TALENT_COM_FEED,0.40,39,1,0
2024-12-23,Molise,Altre job board,AZ_IT_TROVOLAVORO_SPONSORED,0.98,79,1,0
2024-12-23,Piemonte,Altre job board,AZ_IT_BAKECA_LAVORO_ANNUNCI,15.18,2061,44,1
2024-12-23,Piemonte,Altre job board,AZ_IT_CAREERJET_CPC,11.87,1357,39,1
2024-12-23,Piemonte,Altre job board,AZ_IT_TALENT_COM_FEED,10.86,1122,29,1
2024-12-23,Piemonte,Altre job board,AZ_IT_TROVOLAVORO_SPONSORED,14.21,1131,21,1
2024-12-23,Puglia,Altre job board,AZ_IT_BAKECA_LAVORO_ANNUNCI,17.74,2264,47,1
2024-12-23,Puglia,Altre job board,AZ_IT_CAREERJET_CPC,8.66,1006,29,1
2024-12-23,Puglia,Altre job board,AZ_IT_TALENT_COM_FEED,7.06,705,16,1
2024-12-23,Puglia,Altre job board,AZ_IT_TROVOLAVORO_SPONSORED,16.76,1443,25,1
2024-12-23,Sardegna,Altre job board,AZ_IT_BAKECA_LAVORO_ANNUNCI,6.05,743,16,0
2024-12-23,Sardegna,Altre job board,AZ_IT_CAREERJET_CPC,2.85,321,9,0
2024-12-23,Sardegna,Altre job board,AZ_IT_TALENT_COM_FEED,3.97,390,9,0
2024-12-23,Sardegna,Altre job board,AZ_IT_TROVOLAVORO_SPONSORED,7.37,593,12,1
2024-12-23,Sicilia,Altre job board,AZ_IT_BAKECA_LAVORO_ANNUNCI,27.21,3481,60,2
2024-12-23,Sicilia,Altre job board,AZ_IT_CAREERJET_CPC,15.55,1680,46,1
2024-12-23,Sicilia,Altre job board,AZ_IT_TALENT_COM_FEED,4.90,487,11,0
2024-12-23,Sicilia,Altre job board,AZ_IT_TROVOLAVORO_SPONSORED,14.54,1223,22,1
2024-12-23,Toscana,Altre job board,AZ_IT_BAKECA_LAVORO_ANNUNCI,12.09,1444,28,1
2024-12-23,Toscana,Altre job board,AZ_IT_CAREERJET_CPC,8.78,959,27,1
2024-12-23,Toscana,Altre job board,AZ_IT_TALENT_COM_FEED,5.99,618,16,1
2024-12-23,Toscana,Altre job board,AZ_IT_TROVOLAVORO_SPONSORED,13.57,1122,19,2
2024-12-23,Trentino-Alto Adige,Altre job board,AZ_IT_BAKECA_LAVORO_ANNUNCI,3.17,392,8,0
2024-12-23,Trentino-Alto Adige,Altre job board,AZ_IT_CAREERJET_CPC,3.32,373,10,1
2024-12-23,Trentino-Alto Adige,Altre job board,AZ_IT_TALENT_COM_FEED,1.64,168,4,0
2024-12-23,Trentino-Alto Adige,Altre job board,AZ_IT_TROVOLAVORO_SPONSORED,3.94,332,6,1
2024-12-23,Umbria,Altre job board,AZ_IT_BAKECA_LAVORO_ANNUNCI,4.32,545,12,0
2024-12-23,Umbria,Altre job board,AZ_IT_CAREERJET_CPC,2.36,260,7,0
2024-12-23,Umbria,Altre job board,AZ_IT_TALENT_COM_FEED,1.38,130,3,0
2024-12-23,Umbria,Altre job board,AZ_IT_TROVOLAVORO_SPONSORED,1.42,119,2,0
2024-12-23,Valle d'Aosta,Altre job board,AZ_IT_BAKECA_LAVORO_ANNUNCI,0.32,41,1,0
2024-12-23,Valle d'Aosta,Altre job board,AZ_IT_CAREERJET_CPC,0.26,30,1,0
2024-12-23,Valle d'Aosta,Altre job board,AZ_IT_TALENT_COM_FEED,0.14,14,0,0
2024-12-23,Valle d'Aosta,Altre job board,AZ_IT_TROVOLAVORO_SPONSORED,0.34,28,0,0
2024-12-23,Veneto,Altre job board,AZ_IT_BAKECA_LAVORO_ANNUNCI,18.98,2451,54,2
2024-12-23,Veneto,Altre job board,AZ_IT_CAREERJET_CPC,21.24,2334,57,3
2024-12-23,Veneto,Altre job board,AZ_IT_TALENT_COM_FEED,7.69,779,17,1
2024-12-23,Veneto,Altre job board,AZ_IT_TROVOLAVORO_SPONSORED,14.59,1230,23,2
2024-12-30,Abruzzo,Altre job board,AZ_IT_BAKECA_LAVORO_ANNUNCI,7.30,949,21,1
2024-12-30,Abruzzo,Altre job board,AZ_IT_CAREERJET_CPC,4.20,479,11,1
2024-12-30,Abruzzo,Altre job board,AZ_IT_TALENT_COM_FEED,1.58,158,4,0
2024-12-30,Abruzzo,Altre job board,AZ_IT_TROVOLAVORO_SPONSORED,4.34,352,6,1
2024-12-30,Basilicata,Altre job board,AZ_IT_BAKECA_LAVORO_ANNUNCI,2.76,338,7,0
2024-12-30,Basilicata,Altre job board,AZ_IT_CAREERJET_CPC,1.53,170,5,0
2024-12-30,Basilicata,Altre job board,AZ_IT_TALENT_COM_FEED,1.38,149,4,0
2024-12-30,Basilicata,Altre job board,AZ_IT_TROVOLAVORO_SPONSORED,1.91,162,3,0
2024-12-30,Calabria,Altre job board,AZ_IT_BAKECA_LAVORO_ANNUNCI,8.54,1034,21,1
2024-12-30,Calabria,Altre job board,AZ_IT_CAREERJET_CPC,6.72,740,20,1
2024-12-30,Calabria,Altre job board,AZ_IT_TALENT_COM_FEED,3.16,321,8,0
2024-12-30,Calabria,Altre job board,AZ_IT_TROVOLAVORO_SPONSORED,6.37,546,11,1
2024-12-30,Campania,Altre job board,AZ_IT_BAKECA_LAVORO_ANNUNCI,27.72,3496,67,4
2024-12-30,Campania,Altre job board,AZ_IT_CAREERJET_CPC,18.01,2131,51,3
2024-12-30,Campania,Altre job board,AZ_IT_TALENT_COM_FEED,12.92,1319,27,2
2024-12-30,Campania,Altre job board,AZ_IT_TROVOLAVORO_SPONSORED,21.66,1787,31,4
2024-12-30,Emilia-Romagna,Altre job board,AZ_IT_BAKECA_LAVORO_ANNUNCI,18.67,2211,48,1
2024-12-30,Emilia-Romagna,Altre job board,AZ_IT_CAREERJET_CPC,10.97,1212,34,1
2024-12-30,Emilia-Romagna,Altre job board,AZ_IT_TALENT_COM_FEED,8.90,852,20,1
2024-12-30,Emilia-Romagna,Altre job board,AZ_IT_TROVOLAVORO_SPONSORED,21.56,1813,32,2
2024-12-30,Friuli-Venezia Giulia,Altre job board,AZ_IT_BAKECA_LAVORO_ANNUNCI,3.96,499,9,0
2024-12-30,Friuli-Venezia Giulia,Altre job board,AZ_IT_CAREERJET_CPC,3.96,419,10,0
2024-12-30,Friuli-Venezia Giulia,Altre job board,AZ_IT_TALENT_COM_FEED,1.95,186,5,0
2024-12-30,Friuli-Venezia Giulia,Altre job board,AZ_IT_TROVOLAVORO_SPONSORED,6.06,494,10,1
2024-12-30,Lazio,Altre job board,AZ_IT_BAKECA_LAVORO_ANNUNCI,39.35,4644,79,3
2024-12-30,Lazio,Altre job board,AZ_IT_CAREERJET_CPC,13.93,1520,36,2
2024-12-30,Lazio,Altre job board,AZ_IT_TALENT_COM_FEED,7.17,700,17,1
2024-12-30,Lazio,Altre job board,AZ_IT_TROVOLAVORO_SPONSORED,16.07,1368,27,2
2024-12-30,Liguria,Altre job board,AZ_IT_BAKECA_LAVORO_ANNUNCI,5.11,642,15,0
2024-12-30,Liguria,Altre job board,AZ_IT_CAREERJET_CPC,6.77,743,17,1
2024-12-30,Liguria,Altre job board,AZ_IT_TALENT_COM_FEED,2.60,250,6,0
2024-12-30,Liguria,Altre job board,AZ_IT_TROVOLAVORO_SPONSORED,4.56,380,7,1
2024-12-30,Lombardia,Altre job board,AZ_IT_BAKECA_LAVORO_ANNUNCI,60.53,7545,146,3
2024-12-30,Lombardia,Altre job board,AZ_IT_CAREERJET_CPC,28.99,3093,84,2
2024-12-30,Lombardia,Altre job board,AZ_IT_TALENT_COM_FEED,24.13,2428,66,2
2024-12-30,Lombardia,Altre job board,AZ_IT_TROVOLAVORO_SPONSORED,37.48,3118,61,3
2024-12-30,Marche,Altre job board,AZ_IT_BAKECA_LAVORO_ANNUNCI,6.07,766,14,0
2024-12-30,Marche,Altre job board,AZ_IT_CAREERJET_CPC,6.04,672,17,1
2024-12-30,Marche,Altre job board,AZ_IT_TALENT_COM_FEED,3.83,373,9,0
2024-12-30,Marche,Altre job board,AZ_IT_TROVOLAVORO_SPONSORED,7.48,582,11,1
2024-12-30,Molise,Altre job board,AZ_IT_BAKECA_LAVORO_ANNUNCI,1.33,168,4,0
2024-12-30,Molise,Altre job board,AZ_IT_CAREERJET_CPC,0.87,94,2,0
2024-12-30,Molise,Altre job board,AZ_IT_TALENT_COM_FEED,0.54,51,1,0
2024-12-30,Molise,Altre job board,AZ_IT_TROVOLAVORO_SPONSORED,1.52,128,2,0
2024-12-30,Piemonte,Altre job board,AZ_IT_BAKECA_LAVORO_ANNUNCI,22.76,2888,52,1
2024-12-30,Piemonte,Altre job board,AZ_IT_CAREERJET_CPC,12.65,1360,34,1
2024-12-30,Piemonte,Altre job board,AZ_IT_TALENT_COM_FEED,8.92,917,20,1
2024-12-30,Piemonte,Altre job board,AZ_IT_TROVOLAVORO_SPONSORED,21.39,1817,32,2
2024-12-30,Puglia,Altre job board,AZ_IT_BAKECA_LAVORO_ANNUNCI,12.57,1618,36,1
2024-12-30,Puglia,Altre job board,AZ_IT_CAREERJET_CPC,19.32,2168,51,2
2024-12-30,Puglia,Altre job board,AZ_IT_TALENT_COM_FEED,8.19,820,20,1
2024-12-30,Puglia,Altre job board,AZ_IT_TROVOLAVORO_SPONSORED,15.63,1358,24,1
2024-12-30,Sardegna,Altre job board,AZ_IT_BAKECA_LAVORO_ANNUNCI,5.96,782,17,1
2024-12-30,Sardegna,Altre job board,AZ_IT_CAREERJET_CPC,4.55,532,11,1
2024-12-30,Sardegna,Altre job board,AZ_IT_TALENT_COM_FEED,2.87,288,7,0
2024-12-30,Sardegna,Altre job board,AZ_IT_TROVOLAVORO_SPONSORED,5.59,445,9,1
2024-12-30,Sicilia,Altre job board,AZ_IT_BAKECA_LAVORO_ANNUNCI,17.00,2170,44,1
2024-12-30,Sicilia,Altre job board,AZ_IT_CAREERJET_CPC,12.78,1474,39,1
2024-12-30,Sicilia,Altre job board,AZ_IT_TALENT_COM_FEED,9.06,885,21,1
2024-12-30,Sicilia,Altre job board,AZ_IT_TROVOLAVORO_SPONSORED,14.72,1151,21,1
2024-12-30,Toscana,Altre job board,AZ_IT_BAKECA_LAVORO_ANNUNCI,15.71,1881,35,1
2024-12-30,Toscana,Altre job board,AZ_IT_CAREERJET_CPC,8.61,948,24,1
2024-12-30,Toscana,Altre job board,AZ_IT_TALENT_COM_FEED,7.47,753,18,1
2024-12-30,Toscana,Altre job board,AZ_IT_TROVOLAVORO_SPONSORED,17.87,1524,25,2
2024-12-30,Trentino-Alto Adige,Altre job board,AZ_IT_BAKECA_LAVORO_ANNUNCI,3.76,496,10,1
2024-12-30,Trentino-Alto Adige,Altre job board,AZ_IT_CAREERJET_CPC,3.59,403,11,1
2024-12-30,Trentino-Alto Adige,Altre job board,AZ_IT_TALENT_COM_FEED,1.61,161,4,0
2024-12-30,Trentino-Alto Adige,Altre job board,AZ_IT_TROVOLAVORO_SPONSORED,4.59,399,7,1
2024-12-30,Umbria,Altre job board,AZ_IT_BAKECA_LAVORO_ANNUNCI,3.61,459,9,0
2024-12-30,Umbria,Altre job board,AZ_IT_CAREERJET_CPC,2.23,246,6,0
2024-12-30,Umbria,Altre job board,AZ_IT_TALENT_COM_FEED,0.89,90,2,0
2024-12-30,Umbria,Altre job board,AZ_IT_TROVOLAVORO_SPONSORED,3.25,274,4,0
2024-12-30,Valle d'Aosta,Altre job board,AZ_IT_BAKECA_LAVORO_ANNUNCI,0.52,65,1,0
2024-12-30,Valle d'Aosta,Altre job board,AZ_IT_CAREERJET_CPC,0.30,33,1,0
2024-12-30,Valle d'Aosta,Altre job board,AZ_IT_TALENT_COM_FEED,0.29,28,1,0
2024-12-30,Valle d'Aosta,Altre job board,AZ_IT_TROVOLAVORO_SPONSORED,0.44,35,1,0
2024-12-30,Veneto,Altre job board,AZ_IT_BAKECA_LAVORO_ANNUNCI,34.53,4114,84,4
2024-12-30,Veneto,Altre job board,AZ_IT_CAREERJET_CPC,12.29,1375,41,2
2024-12-30,Veneto,Altre job board,AZ_IT_TALENT_COM_FEED,10.97,1079,26,2
2024-12-30,Veneto,Altre job board,AZ_IT_TROVOLAVORO_SPONSORED,13.16,1050,19,2
2025-01-06,Abruzzo,Altre job board,AZ_IT_BAKECA_LAVORO_ANNUNCI,8.50,977,17,1
2025-01-06,Abruzzo,Altre job board,AZ_IT_CAREERJET_CPC,7.53,836,22,1
2025-01-06,Abruzzo,Altre job board,AZ_IT_TALENT_COM_FEED,6.92,677,17,1
2025-01-06,Abruzzo,Altre job board,AZ_IT_TROVOLAVORO_SPONSORED,12.72,1044,20,1
2025-01-06,Basilicata,Altre job board,AZ_IT_BAKECA_LAVORO_ANNUNCI,8.55,1078,21,1
2025-01-06,Basilicata,Altre job board,AZ_IT_CAREERJET_CPC,3.77,428,12,0
2025-01-06,Basilicata,Altre job board,AZ_IT_TALENT_COM_FEED,4.07,395,10,0
2025-01-06,Basilicata,Altre job board,AZ_IT_TROVOLAVORO_SPONSORED,2.99,262,4,0
2025-01-06,Calabria,Altre job board,AZ_IT_BAKECA_LAVORO_ANNUNCI,11.97,1515,29,1
2025-01-06,Calabria,Altre job board,AZ_IT_CAREERJET_CPC,13.28,1477,41,1
2025-01-06,Calabria,Altre job board,AZ_IT_TALENT_COM_FEED,6.74,712,17,1
2025-01-06,Calabria,Altre job board,AZ_IT_TROVOLAVORO_SPONSORED,10.29,853,15,1
2025-01-06,Campania,Altre job board,AZ_IT_BAKECA_LAVORO_ANNUNCI,67.50,8545,184,7
2025-01-06,Campania,Altre job board,AZ_IT_CAREERJET_CPC,38.87,4299,111,5
2025-01-06,Campania,Altre job board,AZ_IT_TALENT_COM_FEED,31.70,2902,72,4
2025-01-06,Campania,Altre job board,AZ_IT_TROVOLAVORO_SPONSORED,69.04,6006,110,8
2025-01-06,Emilia-Romagna,Altre job board,AZ_IT_BAKECA_LAVORO_ANNUNCI,53.13,6752,145,3
2025-01-06,Emilia-Romagna,Altre job board,AZ_IT_CAREERJET_CPC,40.23,4472,124,3
2025-01-06,Emilia-Romagna,Altre job board,AZ_IT_TALENT_COM_FEED,29.37,2816,69,2
2025-01-06,Emilia-Romagna,Altre job board,AZ_IT_TROVOLAVORO_SPONSORED,34.45,2722,56,2
2025-01-06,Friuli-Venezia Giulia,Altre job board,AZ_IT_BAKECA_LAVORO_ANNUNCI,8.31,1069,22,0
2025-01-06,Friuli-Venezia Giulia,Altre job board,AZ_IT_CAREERJET_CPC,8.76,955,28,1
2025-01-06,Friuli-Venezia Giulia,Altre job board,AZ_IT_TALENT_COM_FEED,7.80,779,18,0
2025-01-06,Friuli-Venezia Giulia,Altre job board,AZ_IT_TROVOLAVORO_SPONSORED,9.63,825,14,1
2025-01-06,Lazio,Altre job board,AZ_IT_BAKECA_LAVORO_ANNUNCI,60.84,7600,141,3
2025-01-06,Lazio,Altre job board,AZ_IT_CAREERJET_CPC,33.92,3865,99,3
2025-01-06,Lazio,Altre job board,AZ_IT_TALENT_COM_FEED,35.75,3466,94,3
2025-01-06,Lazio,Altre job board,AZ_IT_TROVOLAVORO_SPONSORED,40.95,3363,62,3
2025-01-06,Liguria,Altre job board,AZ_IT_BAKECA_LAVORO_ANNUNCI,7.32,881,19,0
2025-01-06,Liguria,Altre job board,AZ_IT_CAREERJET_CPC,9.98,1128,28,1
2025-01-06,Liguria,Altre job board,AZ_IT_TALENT_COM_FEED,7.04,703,18,1
2025-01-06,Liguria,Altre job board,AZ_IT_TROVOLAVORO_SPONSORED,14.78,1275,21,1
2025-01-06,Lombardia,Altre job board,AZ_IT_BAKECA_LAVORO_ANNUNCI,114.25,13717,281,4
2025-01-06,Lombardia,Altre job board,AZ_IT_CAREERJET_CPC,61.75,6976,188,4
2025-01-06,Lombardia,Altre job board,AZ_IT_TALENT_COM_FEED,44.21,4205,98,2
2025-01-06,Lombardia,Altre job board,AZ_IT_TROVOLAVORO_SPONSORED,98.67,8358,133,6
2025-01-06,Marche,Altre job board,AZ_IT_BAKECA_LAVORO_ANNUNCI,13.73,1712,33,1
2025-01-06,Marche,Altre job board,AZ_IT_CAREERJET_CPC,13.04,1581,44,1
2025-01-06,Marche,Altre job board,AZ_IT_TALENT_COM_FEED,7.91,739,19,1
2025-01-06,Marche,Altre job board,AZ_IT_TROVOLAVORO_SPONSORED,10.94,904,17,1
2025-01-06,Molise,Altre job board,AZ_IT_BAKECA_LAVORO_ANNUNCI,3.91,488,10,0
2025-01-06,Molise,Altre job board,AZ_IT_CAREERJET_CPC,2.17,225,6,0
2025-01-06,Molise,Altre job board,AZ_IT_TALENT_COM_FEED,2.24,220,5,0
2025-01-06,Molise,Altre job board,AZ_IT_TROVOLAVORO_SPONSORED,1.86,161,3,0
2025-01-06,Piemonte,Altre job board,AZ_IT_BAKECA_LAVORO_ANNUNCI,31.72,3876,78,1
2025-01-06,Piemonte,Altre job board,AZ_IT_CAREERJET_CPC,24.98,2961,71,2
2025-01-06,Piemonte,Altre job board,AZ_IT_TALENT_COM_FEED,22.70,2336,50,1
2025-01-06,Piemonte,Altre job board,AZ_IT_TROVOLAVORO_SPONSORED,33.28,2858,45,2
2025-01-06,Puglia,Altre job board,AZ_IT_BAKECA_LAVORO_ANNUNCI,28.60,3503,71,1
2025-01-06,Puglia,Altre job board,AZ_IT_CAREERJET_CPC,33.96,3839,96,2
2025-01-06,Puglia,Altre job board,AZ_IT_TALENT_COM_FEED,23.35,2344,54,2
2025-01-06,Puglia,Altre job board,AZ_IT_TROVOLAVORO_SPONSORED,17.79,1497,28,1
2025-01-06,Sardegna,Altre job board,AZ_IT_BAKECA_LAVORO_ANNUNCI,16.33,2130,43,1
2025-01-06,Sardegna,Altre job board,AZ_IT_CAREERJET_CPC,10.54,1219,33,1
2025-01-06,Sardegna,Altre job board,AZ_IT_TALENT_COM_FEED,7.43,759,18,1
2025-01-06,Sardegna,Altre job board,AZ_IT_TROVOLAVORO_SPONSORED,15.19,1274,23,1
2025-01-06,Sicilia,Altre job board,AZ_IT_BAKECA_LAVORO_ANNUNCI,39.20,4998,94,2
2025-01-06,Sicilia,Altre job board,AZ_IT_CAREERJET_CPC,34.91,3819,95,2
2025-01-06,Sicilia,Altre job board,AZ_IT_TALENT_COM_FEED,25.89,2682,63,1
2025-01-06,Sicilia,Altre job board,AZ_IT_TROVOLAVORO_SPONSORED,34.71,2827,52,2
2025-01-06,Toscana,Altre job board,AZ_IT_BAKECA_LAVORO_ANNUNCI,22.83,2884,50,2
2025-01-06,Toscana,Altre job board,AZ_IT_CAREERJET_CPC,21.73,2552,60,2
2025-01-06,Toscana,Altre job board,AZ_IT_TALENT_COM_FEED,19.25,1960,41,2
2025-01-06,Toscana,Altre job board,AZ_IT_TROVOLAVORO_SPONSORED,47.45,3827,74,4
2025-01-06,Trentino-Alto Adige,Altre job board,AZ_IT_BAKECA_LAVORO_ANNUNCI,10.47,1329,26,1
2025-01-06,Trentino-Alto Adige,Altre job board,AZ_IT_CAREERJET_CPC,6.77,788,20,1
2025-01-06,Trentino-Alto Adige,Altre job board,AZ_IT_TALENT_COM_FEED,7.84,762,18,1
2025-01-06,Trentino-Alto Adige,Altre job board,AZ_IT_TROVOLAVORO_SPONSORED,7.90,648,12,1
2025-01-06,Umbria,Altre job board,AZ_IT_BAKECA_LAVORO_ANNUNCI,5.85,731,13,0
2025-01-06,Umbria,Altre job board,AZ_IT_CAREERJET_CPC,5.08,565,15,0
2025-01-06,Umbria,Altre job board,AZ_IT_TALENT_COM_FEED,4.13,406,9,0
2025-01-06,Umbria,Altre job board,AZ_IT_TROVOLAVORO_SPONSORED,5.04,404,7,0
2025-01-06,Valle d'Aosta,Altre job board,AZ_IT_BAKECA_LAVORO_ANNUNCI,1.05,132,3,0
2025-01-06,Valle d'Aosta,Altre job board,AZ_IT_CAREERJET_CPC,0.60,62,2,0
2025-01-06,Valle d'Aosta,Altre job board,AZ_IT_TALENT_COM_FEED,0.51,49,1,0
2025-01-06,Valle d'Aosta,Altre job board,AZ_IT_TROVOLAVORO_SPONSORED,1.00,84,2,0
2025-01-06,Veneto,Altre job board,AZ_IT_BAKECA_LAVORO_ANNUNCI,58.52,7221,156,5
2025-01-06,Veneto,Altre job board,AZ_IT_CAREERJET_CPC,19.21,2100,62,2
2025-01-06,Veneto,Altre job board,AZ_IT_TALENT_COM_FEED,33.58,3311,84,4
2025-01-06,Veneto,Altre job board,AZ_IT_TROVOLAVORO_SPONSORED,37.80,3240,49,5
2025-01-13,Abruzzo,Altre job board,AZ_IT_BAKECA_LAVORO_ANNUNCI,5.17,672,12,1
2025-01-13,Abruzzo,Altre job board,AZ_IT_CAREERJET_CPC,1.35,152,4,0
2025-01-13,Abruzzo,Altre job board,AZ_IT_TALENT_COM_FEED,1.86,181,5,0
2025-01-13,Abruzzo,Altre job board,AZ_IT_TROVOLAVORO_SPONSORED,2.08,168,3,0
2025-01-13,Basilicata,Altre job board,AZ_IT_BAKECA_LAVORO_ANNUNCI,2.05,252,5,0
2025-01-13,Basilicata,Altre job board,AZ_IT_CAREERJET_CPC,0.40,44,1,0
2025-01-13,Basilicata,Altre job board,AZ_IT_TALENT_COM_FEED,0.80,81,2,0
2025-01-13,Basilicata,Altre job board,AZ_IT_TROVOLAVORO_SPONSORED,0.75,63,1,0
2025-01-13,Calabria,Altre job board,AZ_IT_BAKECA_LAVORO_ANNUNCI,5.95,758,16,1
2025-01-13,Calabria,Altre job board,AZ_IT_CAREERJET_CPC,4.32,512,13,1
2025-01-13,Calabria,Altre job board,AZ_IT_TALENT_COM_FEED,2.31,223,5,0
2025-01-13,Calabria,Altre job board,AZ_IT_TROVOLAVORO_SPONSORED,2.44,201,4,0
2025-01-13,Campania,Altre job board,AZ_IT_BAKECA_LAVORO_ANNUNCI,14.84,1970,39,4
2025-01-13,Campania,Altre job board,AZ_IT_CAREERJET_CPC,6.41,680,17,2
2025-01-13,Campania,Altre job board,AZ_IT_TALENT_COM_FEED,3.86,380,9,1
2025-01-13,Campania,Altre job board,AZ_IT_TROVOLAVORO_SPONSORED,9.39,779,15,3
2025-01-13,Emilia-Romagna,Altre job board,AZ_IT_BAKECA_LAVORO_ANNUNCI,13.10,1751,35,1
2025-01-13,Emilia-Romagna,Altre job board,AZ_IT_CAREERJET_CPC,8.88,1023,27,1
2025-01-13,Emilia-Romagna,Altre job board,AZ_IT_TALENT_COM_FEED,4.07,418,12,1
2025-01-13,Emilia-Romagna,Altre job board,AZ_IT_TROVOLAVORO_SPONSORED,10.72,889,14,2
2025-01-13,Friuli-Venezia Giulia,Altre job board,AZ_IT_BAKECA_LAVORO_ANNUNCI,2.38,308,6,0
2025-01-13,Friuli-Venezia Giulia,Altre job board,AZ_IT_CAREERJET_CPC,2.19,241,6,0
2025-01-13,Friuli-Venezia Giulia,Altre job board,AZ_IT_TALENT_COM_FEED,1.17,120,3,0
2025-01-13,Friuli-Venezia Giulia,Altre job board,AZ_IT_TROVOLAVORO_SPONSORED,1.24,105,2,0
2025-01-13,Lazio,Altre job board,AZ_IT_BAKECA_LAVORO_ANNUNCI,15.27,2063,40,2
2025-01-13,Lazio,Altre job board,AZ_IT_CAREERJET_CPC,7.16,793,23,1
2025-01-13,Lazio,Altre job board,AZ_IT_TALENT_COM_FEED,6.51,660,14,1
2025-01-13,Lazio,Altre job board,AZ_IT_TROVOLAVORO_SPONSORED,9.29,724,13,1
2025-01-13,Liguria,Altre job board,AZ_IT_BAKECA_LAVORO_ANNUNCI,4.12,513,10,0
2025-01-13,Liguria,Altre job board,AZ_IT_CAREERJET_CPC,2.83,319,8,1
2025-01-13,Liguria,Altre job board,AZ_IT_TALENT_COM_FEED,1.56,150,3,0
2025-01-13,Liguria,Altre job board,AZ_IT_TROVOLAVORO_SPONSORED,2.13,180,3,0
2025-01-13,Lombardia,Altre job board,AZ_IT_BAKECA_LAVORO_ANNUNCI,41.61,5384,116,3
2025-01-13,Lombardia,Altre job board,AZ_IT_CAREERJET_CPC,14.17,1595,48,1
2025-01-13,Lombardia,Altre job board,AZ_IT_TALENT_COM_FEED,16.40,1789,44,2
2025-01-13,Lombardia,Altre job board,AZ_IT_TROVOLAVORO_SPONSORED,26.13,2109,41,2
2025-01-13,Marche,Altre job board,AZ_IT_BAKECA_LAVORO_ANNUNCI,4.08,509,9,0
2025-01-13,Marche,Altre job board,AZ_IT_CAREERJET_CPC,1.69,178,4,0
2025-01-13,Marche,Altre job board,AZ_IT_TALENT_COM_FEED,1.15,113,3,0
2025-01-13,Marche,Altre job board,AZ_IT_TROVOLAVORO_SPONSORED,3.47,284,4,0
2025-01-13,Molise,Altre job board,AZ_IT_BAKECA_LAVORO_ANNUNCI,1.07,143,3,0
2025-01-13,Molise,Altre job board,AZ_IT_CAREERJET_CPC,0.41,45,1,0
2025-01-13,Molise,Altre job board,AZ_IT_TALENT_COM_FEED,0.33,33,1,0
2025-01-13,Molise,Altre job board,AZ_IT_TROVOLAVORO_SPONSORED,0.54,43,1,0
2025-01-13,Piemonte,Altre job board,AZ_IT_BAKECA_LAVORO_ANNUNCI,15.17,1957,37,1
2025-01-13,Piemonte,Altre job board,AZ_IT_CAREERJET_CPC,5.40,595,16,1
2025-01-13,Piemonte,Altre job board,AZ_IT_TALENT_COM_FEED,3.06,301,8,0
2025-01-13,Piemonte,Altre job board,AZ_IT_TROVOLAVORO_SPONSORED,5.15,425,7,1
2025-01-13,Puglia,Altre job board,AZ_IT_BAKECA_LAVORO_ANNUNCI,14.83,1884,39,1
2025-01-13,Puglia,Altre job board,AZ_IT_CAREERJET_CPC,6.46,723,19,1
2025-01-13,Puglia,Altre job board,AZ_IT_TALENT_COM_FEED,4.20,416,10,0
2025-01-13,Puglia,Altre job board,AZ_IT_TROVOLAVORO_SPONSORED,9.49,831,14,1
2025-01-13,Sardegna,Altre job board,AZ_IT_BAKECA_LAVORO_ANNUNCI,5.06,673,12,1
2025-01-13,Sardegna,Altre job board,AZ_IT_CAREERJET_CPC,1.51,165,5,0
2025-01-13,Sardegna,Altre job board,AZ_IT_TALENT_COM_FEED,1.76,162,4,0
2025-01-13,Sardegna,Altre job board,AZ_IT_TROVOLAVORO_SPONSORED,3.38,274,5,1
2025-01-13,Sicilia,Altre job board,AZ_IT_BAKECA_LAVORO_ANNUNCI,15.90,1828,38,1
2025-01-13,Sicilia,Altre job board,AZ_IT_CAREERJET_CPC,11.73,1248,33,1
2025-01-13,Sicilia,Altre job board,AZ_IT_TALENT_COM_FEED,5.87,594,14,1
2025-01-13,Sicilia,Altre job board,AZ_IT_TROVOLAVORO_SPONSORED,8.38,668,12,1
2025-01-13,Toscana,Altre job board,AZ_IT_BAKECA_LAVORO_ANNUNCI,11.86,1516,28,1
2025-01-13,Toscana,Altre job board,AZ_IT_CAREERJET_CPC,4.52,505,12,1
2025-01-13,Toscana,Altre job board,AZ_IT_TALENT_COM_FEED,3.92,378,8,1
2025-01-13,Toscana,Altre job board,AZ_IT_TROVOLAVORO_SPONSORED,11.20,949,18,2
2025-01-13,Trentino-Alto Adige,Altre job board,AZ_IT_BAKECA_LAVORO_ANNUNCI,5.66,707,14,1
2025-01-13,Trentino-Alto Adige,Altre job board,AZ_IT_CAREERJET_CPC,2.41,272,6,1
2025-01-13,Trentino-Alto Adige,Altre job board,AZ_IT_TALENT_COM_FEED,2.16,223,5,1
2025-01-13,Trentino-Alto Adige,Altre job board,AZ_IT_TROVOLAVORO_SPONSORED,1.40,119,2,0
2025-01-13,Umbria,Altre job board,AZ_IT_BAKECA_LAVORO_ANNUNCI,2.82,348,6,0
2025-01-13,Umbria,Altre job board,AZ_IT_CAREERJET_CPC,1.32,148,4,0
2025-01-13,Umbria,Altre job board,AZ_IT_TALENT_COM_FEED,0.82,83,2,0
2025-01-13,Umbria,Altre job board,AZ_IT_TROVOLAVORO_SPONSORED,0.98,84,1,0
2025-01-13,Valle d'Aosta,Altre job board,AZ_IT_BAKECA_LAVORO_ANNUNCI,0.38,47,1,0
2025-01-13,Valle d'Aosta,Altre job board,AZ_IT_CAREERJET_CPC,0.15,17,0,0
2025-01-13,Valle d'Aosta,Altre job board,AZ_IT_TALENT_COM_FEED,0.13,13,0,0
2025-01-13,Valle d'Aosta,Altre job board,AZ_IT_TROVOLAVORO_SPONSORED,0.16,14,0,0
2025-01-13,Veneto,Altre job board,AZ_IT_BAKECA_LAVORO_ANNUNCI,10.20,1188,22,1
2025-01-13,Veneto,Altre job board,AZ_IT_CAREERJET_CPC,5.61,598,15,1
2025-01-13,Veneto,Altre job board,AZ_IT_TALENT_COM_FEED,4.57,448,10,1
2025-01-13,Veneto,Altre job board,AZ_IT_TROVOLAVORO_SPONSORED,14.54,1228,22,3
2025-01-20,Abruzzo,Altre job board,AZ_IT_BAKECA_LAVORO_ANNUNCI,11.59,1458,28,1
2025-01-20,Abruzzo,Altre job board,AZ_IT_CAREERJET_CPC,4.58,511,10,1
2025-01-20,Abruzzo,Altre job board,AZ_IT_TALENT_COM_FEED,3.81,370,9,0
2025-01-20,Abruzzo,Altre job board,AZ_IT_TROVOLAVORO_SPONSORED,10.65,901,18,1
2025-01-20,Basilicata,Altre job board,AZ_IT_BAKECA_LAVORO_ANNUNCI,3.91,477,10,0
2025-01-20,Basilicata,Altre job board,AZ_IT_CAREERJET_CPC,2.34,271,7,0
2025-01-20,Basilicata,Altre job board,AZ_IT_TALENT_COM_FEED,1.75,180,4,0
2025-01-20,Basilicata,Altre job board,AZ_IT_TROVOLAVORO_SPONSORED,2.85,231,4,0
2025-01-20,Calabria,Altre job board,AZ_IT_BAKECA_LAVORO_ANNUNCI,22.76,2897,63,2
2025-01-20,Calabria,Altre job board,AZ_IT_CAREERJET_CPC,7.02,783,21,1
2025-01-20,Calabria,Altre job board,AZ_IT_TALENT_COM_FEED,6.58,666,16,1
2025-01-20,Calabria,Altre job board,AZ_IT_TROVOLAVORO_SPONSORED,10.59,846,16,1
2025-01-20,Campania,Altre job board,AZ_IT_BAKECA_LAVORO_ANNUNCI,66.57,8149,143,7
2025-01-20,Campania,Altre job board,AZ_IT_CAREERJET_CPC,28.53,3141,81,4
2025-01-20,Campania,Altre job board,AZ_IT_TALENT_COM_FEED,16.26,1657,43,2
2025-01-20,Campania,Altre job board,AZ_IT_TROVOLAVORO_SPONSORED,46.35,3765,72,7
2025-01-20,Emilia-Romagna,Altre job board,AZ_IT_BAKECA_LAVORO_ANNUNCI,30.12,3894,79,2
2025-01-20,Emilia-Romagna,Altre job board,AZ_IT_CAREERJET_CPC,23.18,2557,60,2
2025-01-20,Emilia-Romagna,Altre job board,AZ_IT_TALENT_COM_FEED,13.04,1295,28,1
2025-01-20,Emilia-Romagna,Altre job board,AZ_IT_TROVOLAVORO_SPONSORED,26.70,2119,36,2
2025-01-20,Friuli-Venezia Giulia,Altre job board,AZ_IT_BAKECA_LAVORO_ANNUNCI,11.68,1402,27,1
2025-01-20,Friuli-Venezia Giulia,Altre job board,AZ_IT_CAREERJET_CPC,3.99,435,11,0
2025-01-20,Friuli-Venezia Giulia,Altre job board,AZ_IT_TALENT_COM_FEED,3.21,310,8,0
2025-01-20,Friuli-Venezia Giulia,Altre job board,AZ_IT_TROVOLAVORO_SPONSORED,9.60,782,13,1
2025-01-20,Lazio,Altre job board,AZ_IT_BAKECA_LAVORO_ANNUNCI,70.64,9241,191,4
2025-01-20,Lazio,Altre job board,AZ_IT_CAREERJET_CPC,28.45,3114,75,2
2025-01-20,Lazio,Altre job board,AZ_IT_TALENT_COM_FEED,20.80,2020,54,2
2025-01-20,Lazio,Altre job board,AZ_IT_TROVOLAVORO_SPONSORED,37.30,3037,54,3
2025-01-20,Liguria,Altre job board,AZ_IT_BAKECA_LAVORO_ANNUNCI,15.57,1957,41,1
2025-01-20,Liguria,Altre job board,AZ_IT_CAREERJET_CPC,4.84,530,13,0
2025-01-20,Liguria,Altre job board,AZ_IT_TALENT_COM_FEED,5.06,518,12,1
2025-01-20,Liguria,Altre job board,AZ_IT_TROVOLAVORO_SPONSORED,18.42,1629,32,2
2025-01-20,Lombardia,Altre job board,AZ_IT_BAKECA_LAVORO_ANNUNCI,113.69,13860,256,5
2025-01-20,Lombardia,Altre job board,AZ_IT_CAREERJET_CPC,53.43,5961,153,4
2025-01-20,Lombardia,Altre job board,AZ_IT_TALENT_COM_FEED,43.26,4396,95,3
2025-01-20,Lombardia,Altre job board,AZ_IT_TROVOLAVORO_SPONSORED,66.97,5752,96,4
2025-01-20,Marche,Altre job board,AZ_IT_BAKECA_LAVORO_ANNUNCI,15.24,1964,40,1
2025-01-20,Marche,Altre job board,AZ_IT_CAREERJET_CPC,8.64,981,23,1
2025-01-20,Marche,Altre job board,AZ_IT_TALENT_COM_FEED,3.91,398,9,0
2025-01-20,Marche,Altre job board,AZ_IT_TROVOLAVORO_SPONSORED,12.78,1050,20,1
2025-01-20,Molise,Altre job board,AZ_IT_BAKECA_LAVORO_ANNUNCI,2.66,331,6,0
2025-01-20,Molise,Altre job board,AZ_IT_CAREERJET_CPC,1.40,152,4,0
2025-01-20,Molise,Altre job board,AZ_IT_TALENT_COM_FEED,1.25,123,3,0
2025-01-20,Molise,Altre job board,AZ_IT_TROVOLAVORO_SPONSORED,2.47,218,4,0
2025-01-20,Piemonte,Altre job board,AZ_IT_BAKECA_LAVORO_ANNUNCI,41.24,5213,103,2
2025-01-20,Piemonte,Altre job board,AZ_IT_CAREERJET_CPC,12.15,1386,34,1
2025-01-20,Piemonte,Altre job board,AZ_IT_TALENT_COM_FEED,15.09,1452,33,1
2025-01-20,Piemonte,Altre job board,AZ_IT_TROVOLAVORO_SPONSORED,30.47,2497,45,2
2025-01-20,Puglia,Altre job board,AZ_IT_BAKECA_LAVORO_ANNUNCI,40.04,5012,107,2
2025-01-20,Puglia,Altre job board,AZ_IT_CAREERJET_CPC,16.94,1899,53,1
2025-01-20,Puglia,Altre job board,AZ_IT_TALENT_COM_FEED,12.54,1233,31,1
2025-01-20,Puglia,Altre job board,AZ_IT_TROVOLAVORO_SPONSORED,23.56,1910,34,2
2025-01-20,Sardegna,Altre job board,AZ_IT_BAKECA_LAVORO_ANNUNCI,18.91,2236,47,1
2025-01-20,Sardegna,Altre job board,AZ_IT_CAREERJET_CPC,7.09,804,23,1
2025-01-20,Sardegna,Altre job board,AZ_IT_TALENT_COM_FEED,3.63,354,7,0
2025-01-20,Sardegna,Altre job board,AZ_IT_TROVOLAVORO_SPONSORED,15.24,1343,22,2
2025-01-20,Sicilia,Altre job board,AZ_IT_BAKECA_LAVORO_ANNUNCI,66.56,8562,169,3
2025-01-20,Sicilia,Altre job board,AZ_IT_CAREERJET_CPC,20.74,2255,58,2
2025-01-20,Sicilia,Altre job board,AZ_IT_TALENT_COM_FEED,15.99,1677,36,1
2025-01-20,Sicilia,Altre job board,AZ_IT_TROVOLAVORO_SPONSORED,31.67,2786,46,2
2025-01-20,Toscana,Altre job board,AZ_IT_BAKECA_LAVORO_ANNUNCI,43.98,5484,116,3
2025-01-20,Toscana,Altre job board,AZ_IT_CAREERJET_CPC,12.94,1433,37,1
2025-01-20,Toscana,Altre job board,AZ_IT_TALENT_COM_FEED,18.69,1933,47,2
2025-01-20,Toscana,Altre job board,AZ_IT_TROVOLAVORO_SPONSORED,36.95,3177,60,4
2025-01-20,Trentino-Alto Adige,Altre job board,AZ_IT_BAKECA_LAVORO_ANNUNCI,6.32,790,16,1
2025-01-20,Trentino-Alto Adige,Altre job board,AZ_IT_CAREERJET_CPC,6.60,730,19,1
2025-01-20,Trentino-Alto Adige,Altre job board,AZ_IT_TALENT_COM_FEED,3.07,301,7,1
2025-01-20,Trentino-Alto Adige,Altre job board,AZ_IT_TROVOLAVORO_SPONSORED,6.91,586,11,1
2025-01-20,Umbria,Altre job board,AZ_IT_BAKECA_LAVORO_ANNUNCI,8.11,1026,19,0
2025-01-20,Umbria,Altre job board,AZ_IT_CAREERJET_CPC,3.39,372,10,0
2025-01-20,Umbria,Altre job board,AZ_IT_TALENT_COM_FEED,1.81,193,5,0
2025-01-20,Umbria,Altre job board,AZ_IT_TROVOLAVORO_SPONSORED,7.52,643,11,1
2025-01-20,Valle d'Aosta,Altre job board,AZ_IT_BAKECA_LAVORO_ANNUNCI,1.33,160,3,0
2025-01-20,Valle d'Aosta,Altre job board,AZ_IT_CAREERJET_CPC,0.76,81,2,0
2025-01-20,Valle d'Aosta,Altre job board,AZ_IT_TALENT_COM_FEED,0.41,41,1,0
2025-01-20,Valle d'Aosta,Altre job board,AZ_IT_TROVOLAVORO_SPONSORED,0.87,72,1,0
2025-01-20,Veneto,Altre job board,AZ_IT_BAKECA_LAVORO_ANNUNCI,45.53,5507,106,4
2025-01-20,Veneto,Altre job board,AZ_IT_CAREERJET_CPC,22.04,2545,61,2
2025-01-20,Veneto,Altre job board,AZ_IT_TALENT_COM_FEED,20.90,2082,45,3
2025-01-20,Veneto,Altre job board,AZ_IT_TROVOLAVORO_SPONSORED,44.01,3822,72,5
2025-01-27,Abruzzo,Altre job board,AZ_IT_BAKECA_LAVORO_ANNUNCI,9.98,1257,26,1
2025-01-27,Abruzzo,Altre job board,AZ_IT_CAREERJET_CPC,2.02,219,6,0
2025-01-27,Abruzzo,Altre job board,AZ_IT_TALENT_COM_FEED,1.97,195,4,0
2025-01-27,Abruzzo,Altre job board,AZ_IT_TROVOLAVORO_SPONSORED,5.03,445,9,1
2025-01-27,Basilicata,Altre job board,AZ_IT_BAKECA_LAVORO_ANNUNCI,6.14,773,16,1
2025-01-27,Basilicata,Altre job board,AZ_IT_CAREERJET_CPC,1.02,111,3,0
2025-01-27,Basilicata,Altre job board,AZ_IT_TALENT_COM_FEED,2.03,209,5,0
2025-01-27,Basilicata,Altre job board,AZ_IT_TROVOLAVORO_SPONSORED,2.37,205,4,0
2025-01-27,Calabria,Altre job board,AZ_IT_BAKECA_LAVORO_ANNUNCI,9.74,1216,23,1
2025-01-27,Calabria,Altre job board,AZ_IT_CAREERJET_CPC,5.79,633,17,1
2025-01-27,Calabria,Altre job board,AZ_IT_TALENT_COM_FEED,4.59,451,10,0
2025-01-27,Calabria,Altre job board,AZ_IT_TROVOLAVORO_SPONSORED,7.83,674,12,1
2025-01-27,Campania,Altre job board,AZ_IT_BAKECA_LAVORO_ANNUNCI,43.36,5345,96,5
2025-01-27,Campania,Altre job board,AZ_IT_CAREERJET_CPC,15.67,1757,46,3
2025-01-27,Campania,Altre job board,AZ_IT_TALENT_COM_FEED,13.40,1386,32,2
2025-01-27,Campania,Altre job board,AZ_IT_TROVOLAVORO_SPONSORED,24.52,1944,38,5
2025-01-27,Emilia-Romagna,Altre job board,AZ_IT_BAKECA_LAVORO_ANNUNCI,35.10,4153,86,2
2025-01-27,Emilia-Romagna,Altre job board,AZ_IT_CAREERJET_CPC,18.82,2121,55,2
2025-01-27,Emilia-Romagna,Altre job board,AZ_IT_TALENT_COM_FEED,13.11,1295,29,1
2025-01-27,Emilia-Romagna,Altre job board,AZ_IT_TROVOLAVORO_SPONSORED,24.16,2066,39,2
2025-01-27,Friuli-Venezia Giulia,Altre job board,AZ_IT_BAKECA_LAVORO_ANNUNCI,10.13,1303,27,1
2025-01-27,Friuli-Venezia Giulia,Altre job board,AZ_IT_CAREERJET_CPC,3.68,397,12,0
2025-01-27,Friuli-Venezia Giulia,Altre job board,AZ_IT_TALENT_COM_FEED,2.88,292,6,0
2025-01-27,Friuli-Venezia Giulia,Altre job board,AZ_IT_TROVOLAVORO_SPONSORED,4.78,390,7,1
2025-01-27,Lazio,Altre job board,AZ_IT_BAKECA_LAVORO_ANNUNCI,41.18,5206,108,3
2025-01-27,Lazio,Altre job board,AZ_IT_CAREERJET_CPC,13.22,1449,38,1
2025-01-27,Lazio,Altre job board,AZ_IT_TALENT_COM_FEED,13.05,1340,31,1
2025-01-27,Lazio,Altre job board,AZ_IT_TROVOLAVORO_SPONSORED,21.77,1735,29,3
2025-01-27,Liguria,Altre job board,AZ_IT_BAKECA_LAVORO_ANNUNCI,12.02,1505,30,1
2025-01-27,Liguria,Altre job board,AZ_IT_CAREERJET_CPC,3.82,419,11,0
2025-01-27,Liguria,Altre job board,AZ_IT_TALENT_COM_FEED,4.58,447,11,0
2025-01-27,Liguria,Altre job board,AZ_IT_TROVOLAVORO_SPONSORED,5.34,441,7,1
2025-01-27,Lombardia,Altre job board,AZ_IT_BAKECA_LAVORO_ANNUNCI,56.01,7208,141,4
2025-01-27,Lombardia,Altre job board,AZ_IT_CAREERJET_CPC,33.68,3891,104,3
2025-01-27,Lombardia,Altre job board,AZ_IT_TALENT_COM_FEED,22.70,2301,58,2
2025-01-27,Lombardia,Altre job board,AZ_IT_TROVOLAVORO_SPONSORED,23.20,1875,34,2
2025-01-27,Marche,Altre job board,AZ_IT_BAKECA_LAVORO_ANNUNCI,10.21,1250,24,1
2025-01-27,Marche,Altre job board,AZ_IT_CAREERJET_CPC,4.34,493,12,0
2025-01-27,Marche,Altre job board,AZ_IT_TALENT_COM_FEED,8.13,844,21,1
2025-01-27,Marche,Altre job board,AZ_IT_TROVOLAVORO_SPONSORED,8.72,742,12,1
2025-01-27,Molise,Altre job board,AZ_IT_BAKECA_LAVORO_ANNUNCI,2.54,322,7,0
2025-01-27,Molise,Altre job board,AZ_IT_CAREERJET_CPC,0.82,91,2,0
2025-01-27,Molise,Altre job board,AZ_IT_TALENT_COM_FEED,0.87,84,2,0
2025-01-27,Molise,Altre job board,AZ_IT_TROVOLAVORO_SPONSORED,0.97,85,1,0
2025-01-27,Piemonte,Altre job board,AZ_IT_BAKECA_LAVORO_ANNUNCI,28.23,3661,69,2
2025-01-27,Piemonte,Altre job board,AZ_IT_CAREERJET_CPC,15.58,1831,52,1
2025-01-27,Piemonte,Altre job board,AZ_IT_TALENT_COM_FEED,10.75,1077,28,1
2025-01-27,Piemonte,Altre job board,AZ_IT_TROVOLAVORO_SPONSORED,13.11,1072,18,1
2025-01-27,Puglia,Altre job board,AZ_IT_BAKECA_LAVORO_ANNUNCI,20.50,2569,50,1
2025-01-27,Puglia,Altre job board,AZ_IT_CAREERJET_CPC,8.37,953,26,1
2025-01-27,Puglia,Altre job board,AZ_IT_TALENT_COM_FEED,12.81,1340,33,1
2025-01-27,Puglia,Altre job board,AZ_IT_TROVOLAVORO_SPONSORED,17.41,1460,25,1
2025-01-27,Sardegna,Altre job board,AZ_IT_BAKECA_LAVORO_ANNUNCI,18.43,2314,49,2
2025-01-27,Sardegna,Altre job board,AZ_IT_CAREERJET_CPC,4.18,442,12,1
2025-01-27,Sardegna,Altre job board,AZ_IT_TALENT_COM_FEED,2.98,302,7,0
2025-01-27,Sardegna,Altre job board,AZ_IT_TROVOLAVORO_SPONSORED,3.67,291,6,1
2025-01-27,Sicilia,Altre job board,AZ_IT_BAKECA_LAVORO_ANNUNCI,41.53,5260,120,3
2025-01-27,Sicilia,Altre job board,AZ_IT_CAREERJET_CPC,14.58,1532,39,1
2025-01-27,Sicilia,Altre job board,AZ_IT_TALENT_COM_FEED,14.07,1409,32,1
2025-01-27,Sicilia,Altre job board,AZ_IT_TROVOLAVORO_SPONSORED,15.93,1364,26,1
2025-01-27,Toscana,Altre job board,AZ_IT_BAKECA_LAVORO_ANNUNCI,30.95,4008,83,4
2025-01-27,Toscana,Altre job board,AZ_IT_CAREERJET_CPC,10.91,1224,35,2
2025-01-27,Toscana,Altre job board,AZ_IT_TALENT_COM_FEED,8.32,855,19,1
2025-01-27,Toscana,Altre job board,AZ_IT_TROVOLAVORO_SPONSORED,20.56,1793,38,3
2025-01-27,Trentino-Alto Adige,Altre job board,AZ_IT_BAKECA_LAVORO_ANNUNCI,6.57,829,14,1
2025-01-27,Trentino-Alto Adige,Altre job board,AZ_IT_CAREERJET_CPC,3.00,345,9,1
2025-01-27,Trentino-Alto Adige,Altre job board,AZ_IT_TALENT_COM_FEED,2.77,291,6,1
2025-01-27,Trentino-Alto Adige,Altre job board,AZ_IT_TROVOLAVORO_SPONSORED,4.00,327,5,1
2025-01-27,Umbria,Altre job board,AZ_IT_BAKECA_LAVORO_ANNUNCI,6.42,846,16,0
2025-01-27,Umbria,Altre job board,AZ_IT_CAREERJET_CPC,2.22,236,5,0
2025-01-27,Umbria,Altre job board,AZ_IT_TALENT_COM_FEED,1.63,167,4,0
2025-01-27,Umbria,Altre job board,AZ_IT_TROVOLAVORO_SPONSORED,3.62,304,5,0
2025-01-27,Valle d'Aosta,Altre job board,AZ_IT_BAKECA_LAVORO_ANNUNCI,0.55,68,1,0
2025-01-27,Valle d'Aosta,Altre job board,AZ_IT_CAREERJET_CPC,0.34,40,1,0
2025-01-27,Valle d'Aosta,Altre job board,AZ_IT_TALENT_COM_FEED,0.27,29,1,0
2025-01-27,Valle d'Aosta,Altre job board,AZ_IT_TROVOLAVORO_SPONSORED,0.28,22,0,0
2025-01-27,Veneto,Altre job board,AZ_IT_BAKECA_LAVORO_ANNUNCI,30.87,3701,80,4
2025-01-27,Veneto,Altre job board,AZ_IT_CAREERJET_CPC,13.36,1468,36,2
2025-01-27,Veneto,Altre job board,AZ_IT_TALENT_COM_FEED,9.00,900,24,1
2025-01-27,Veneto,Altre job board,AZ_IT_TROVOLAVORO_SPONSORED,20.65,1684,33,3
2025-02-03,Abruzzo,Altre job board,AZ_IT_BAKECA_LAVORO_ANNUNCI,18.28,2319,54,2
2025-02-03,Abruzzo,Altre job board,AZ_IT_CAREERJET_CPC,7.90,887,25,1
2025-02-03,Abruzzo,Altre job board,AZ_IT_TALENT_COM_FEED,5.47,567,14,1
2025-02-03,Abruzzo,Altre job board,AZ_IT_TROVOLAVORO_SPONSORED,9.42,790,14,1
2025-02-03,Basilicata,Altre job board,AZ_IT_BAKECA_LAVORO_ANNUNCI,3.09,394,8,0
2025-02-03,Basilicata,Altre job board,AZ_IT_CAREERJET_CPC,3.25,364,9,0
2025-02-03,Basilicata,Altre job board,AZ_IT_TALENT_COM_FEED,1.98,194,5,0
2025-02-03,Basilicata,Altre job board,AZ_IT_TROVOLAVORO_SPONSORED,4.33,352,6,0
2025-02-03,Calabria,Altre job board,AZ_IT_BAKECA_LAVORO_ANNUNCI,17.96,2294,40,1
2025-02-03,Calabria,Altre job board,AZ_IT_CAREERJET_CPC,9.20,961,27,1
2025-02-03,Calabria,Altre job board,AZ_IT_TALENT_COM_FEED,6.50,687,14,0
2025-02-03,Calabria,Altre job board,AZ_IT_TROVOLAVORO_SPONSORED,10.98,924,17,1
2025-02-03,Campania,Altre job board,AZ_IT_BAKECA_LAVORO_ANNUNCI,63.37,7900,151,7
2025-02-03,Campania,Altre job board,AZ_IT_CAREERJET_CPC,35.35,4063,107,7
2025-02-03,Campania,Altre job board,AZ_IT_TALENT_COM_FEED,12.60,1267,30,2
2025-02-03,Campania,Altre job board,AZ_IT_TROVOLAVORO_SPONSORED,25.25,2131,37,4
2025-02-03,Emilia-Romagna,Altre job board,AZ_IT_BAKECA_LAVORO_ANNUNCI,31.24,3781,76,2
2025-02-03,Emilia-Romagna,Altre job board,AZ_IT_CAREERJET_CPC,23.31,2456,60,2
2025-02-03,Emilia-Romagna,Altre job board,AZ_IT_TALENT_COM_FEED,15.38,1547,38,1
2025-02-03,Emilia-Romagna,Altre job board,AZ_IT_TROVOLAVORO_SPONSORED,21.98,1809,31,2
2025-02-03,Friuli-Venezia Giulia,Altre job board,AZ_IT_BAKECA_LAVORO_ANNUNCI,12.97,1563,29,1
2025-02-03,Friuli-Venezia Giulia,Altre job board,AZ_IT_CAREERJET_CPC,5.38,564,15,1
2025-02-03,Friuli-Venezia Giulia,Altre job board,AZ_IT_TALENT_COM_FEED,2.89,302,7,0
2025-02-03,Friuli-Venezia Giulia,Altre job board,AZ_IT_TROVOLAVORO_SPONSORED,6.30,550,10,1
2025-02-03,Lazio,Altre job board,AZ_IT_BAKECA_LAVORO_ANNUNCI,51.78,6370,139,3
2025-02-03,Lazio,Altre job board,AZ_IT_CAREERJET_CPC,18.79,2083,53,2
2025-02-03,Lazio,Altre job board,AZ_IT_TALENT_COM_FEED,19.82,1992,45,2
2025-02-03,Lazio,Altre job board,AZ_IT_TROVOLAVORO_SPONSORED,34.91,2947,50,3
2025-02-03,Liguria,Altre job board,AZ_IT_BAKECA_LAVORO_ANNUNCI,13.36,1572,30,1
2025-02-03,Liguria,Altre job board,AZ_IT_CAREERJET_CPC,6.84,721,19,1
2025-02-03,Liguria,Altre job board,AZ_IT_TALENT_COM_FEED,5.45,543,13,1
2025-02-03,Liguria,Altre job board,AZ_IT_TROVOLAVORO_SPONSORED,9.10,776,15,1
2025-02-03,Lombardia,Altre job board,AZ_IT_BAKECA_LAVORO_ANNUNCI,90.32,11663,237,4
2025-02-03,Lombardia,Altre job board,AZ_IT_CAREERJET_CPC,35.47,3971,105,2
2025-02-03,Lombardia,Altre job board,AZ_IT_TALENT_COM_FEED,22.37,2204,50,1
2025-02-03,Lombardia,Altre job board,AZ_IT_TROVOLAVORO_SPONSORED,55.77,5094,83,4
2025-02-03,Marche,Altre job board,AZ_IT_BAKECA_LAVORO_ANNUNCI,13.94,1732,34,1
2025-02-03,Marche,Altre job board,AZ_IT_CAREERJET_CPC,8.54,919,26,1
2025-02-03,Marche,Altre job board,AZ_IT_TALENT_COM_FEED,5.46,554,13,1
2025-02-03,Marche,Altre job board,AZ_IT_TROVOLAVORO_SPONSORED,9.38,811,14,1
2025-02-03,Molise,Altre job board,AZ_IT_BAKECA_LAVORO_ANNUNCI,2.77,363,8,0
2025-02-03,Molise,Altre job board,AZ_IT_CAREERJET_CPC,1.88,203,5,0
2025-02-03,Molise,Altre job board,AZ_IT_TALENT_COM_FEED,1.12,112,3,0
2025-02-03,Molise,Altre job board,AZ_IT_TROVOLAVORO_SPONSORED,1.38,121,2,0
2025-02-03,Piemonte,Altre job board,AZ_IT_BAKECA_LAVORO_ANNUNCI,48.73,6343,131,2
2025-02-03,Piemonte,Altre job board,AZ_IT_CAREERJET_CPC,13.29,1506,36,1
2025-02-03,Piemonte,Altre job board,AZ_IT_TALENT_COM_FEED,17.38,1726,41,1
2025-02-03,Piemonte,Altre job board,AZ_IT_TROVOLAVORO_SPONSORED,29.48,2410,46,2
2025-02-03,Puglia,Altre job board,AZ_IT_BAKECA_LAVORO_ANNUNCI,24.48,3087,59,1
2025-02-03,Puglia,Altre job board,AZ_IT_CAREERJET_CPC,22.01,2504,64,2
2025-02-03,Puglia,Altre job board,AZ_IT_TALENT_COM_FEED,14.00,1445,36,1
2025-02-03,Puglia,Altre job board,AZ_IT_TROVOLAVORO_SPONSORED,20.22,1597,30,1
2025-02-03,Sardegna,Altre job board,AZ_IT_BAKECA_LAVORO_ANNUNCI,17.38,2306,47,1
2025-02-03,Sardegna,Altre job board,AZ_IT_CAREERJET_CPC,7.84,874,18,1
2025-02-03,Sardegna,Altre job board,AZ_IT_TALENT_COM_FEED,7.13,732,16,1
2025-02-03,Sardegna,Altre job board,AZ_IT_TROVOLAVORO_SPONSORED,9.53,762,15,1
2025-02-03,Sicilia,Altre job board,AZ_IT_BAKECA_LAVORO_ANNUNCI,43.09,5427,113,3
2025-02-03,Sicilia,Altre job board,AZ_IT_CAREERJET_CPC,18.00,1907,53,1
2025-02-03,Sicilia,Altre job board,AZ_IT_TALENT_COM_FEED,12.97,1259,30,1
2025-02-03,Sicilia,Altre job board,AZ_IT_TROVOLAVORO_SPONSORED,26.66,2270,45,2
2025-02-03,Toscana,Altre job board,AZ_IT_BAKECA_LAVORO_ANNUNCI,31.12,4009,84,2
2025-02-03,Toscana,Altre job board,AZ_IT_CAREERJET_CPC,13.82,1503,37,2
2025-02-03,Toscana,Altre job board,AZ_IT_TALENT_COM_FEED,17.10,1658,39,2
2025-02-03,Toscana,Altre job board,AZ_IT_TROVOLAVORO_SPONSORED,20.95,1736,35,2
2025-02-03,Trentino-Alto Adige,Altre job board,AZ_IT_BAKECA_LAVORO_ANNUNCI,14.71,1904,40,2
2025-02-03,Trentino-Alto Adige,Altre job board,AZ_IT_CAREERJET_CPC,8.80,968,28,2
2025-02-03,Trentino-Alto Adige,Altre job board,AZ_IT_TALENT_COM_FEED,3.54,334,8,1
2025-02-03,Trentino-Alto Adige,Altre job board,AZ_IT_TROVOLAVORO_SPONSORED,6.43,543,10,1
2025-02-03,Umbria,Altre job board,AZ_IT_BAKECA_LAVORO_ANNUNCI,9.37,1169,23,0
2025-02-03,Umbria,Altre job board,AZ_IT_CAREERJET_CPC,3.98,435,12,0
2025-02-03,Umbria,Altre job board,AZ_IT_TALENT_COM_FEED,2.10,201,5,0
2025-02-03,Umbria,Altre job board,AZ_IT_TROVOLAVORO_SPONSORED,5.54,440,8,0
2025-02-03,Valle d'Aosta,Altre job board,AZ_IT_BAKECA_LAVORO_ANNUNCI,1.13,139,2,0
2025-02-03,Valle d'Aosta,Altre job board,AZ_IT_CAREERJET_CPC,0.37,41,1,0
2025-02-03,Valle d'Aosta,Altre job board,AZ_IT_TALENT_COM_FEED,0.36,39,1,0
2025-02-03,Valle d'Aosta,Altre job board,AZ_IT_TROVOLAVORO_SPONSORED,1.07,91,2,0
2025-02-03,Veneto,Altre job board,AZ_IT_BAKECA_LAVORO_ANNUNCI,48.02,5944,116,5
2025-02-03,Veneto,Altre job board,AZ_IT_CAREERJET_CPC,16.39,1705,45,2
2025-02-03,Veneto,Altre job board,AZ_IT_TALENT_COM_FEED,17.33,1721,43,2
2025-02-03,Veneto,Altre job board,AZ_IT_TROVOLAVORO_SPONSORED,18.39,1480,25,2
2025-02-10,Abruzzo,Altre job board,AZ_IT_BAKECA_LAVORO_ANNUNCI,23.17,3100,65,2
2025-02-10,Abruzzo,Altre job board,AZ_IT_CAREERJET_CPC,8.08,907,23,1
2025-02-10,Abruzzo,Altre job board,AZ_IT_TALENT_COM_FEED,7.67,784,21,1
2025-02-10,Abruzzo,Altre job board,AZ_IT_TROVOLAVORO_SPONSORED,9.73,793,13,1
2025-02-10,Basilicata,Altre job board,AZ_IT_BAKECA_LAVORO_ANNUNCI,8.75,1099,22,1
2025-02-10,Basilicata,Altre job board,AZ_IT_CAREERJET_CPC,5.19,570,15,0
2025-02-10,Basilicata,Altre job board,AZ_IT_TALENT_COM_FEED,4.43,444,11,0
2025-02-10,Basilicata,Altre job board,AZ_IT_TROVOLAVORO_SPONSORED,6.92,583,9,1
2025-02-10,Calabria,Altre job board,AZ_IT_BAKECA_LAVORO_ANNUNCI,24.71,3151,63,1
2025-02-10,Calabria,Altre job board,AZ_IT_CAREERJET_CPC,6.80,741,21,1
2025-02-10,Calabria,Altre job board,AZ_IT_TALENT_COM_FEED,14.67,1507,35,1
2025-02-10,Calabria,Altre job board,AZ_IT_TROVOLAVORO_SPONSORED,27.53,2245,41,2
2025-02-10,Campania,Altre job board,AZ_IT_BAKECA_LAVORO_ANNUNCI,103.05,12279,252,12
2025-02-10,Campania,Altre job board,AZ_IT_CAREERJET_CPC,32.92,3712,86,5
2025-02-10,Campania,Altre job board,AZ_IT_TALENT_COM_FEED,32.20,3310,78,5
2025-02-10,Campania,Altre job board,AZ_IT_TROVOLAVORO_SPONSORED,34.86,2902,60,5
2025-02-10,Emilia-Romagna,Altre job board,AZ_IT_BAKECA_LAVORO_ANNUNCI,55.37,7064,134,3
2025-02-10,Emilia-Romagna,Altre job board,AZ_IT_CAREERJET_CPC,30.41,3427,92,2
2025-02-10,Emilia-Romagna,Altre job board,AZ_IT_TALENT_COM_FEED,41.44,3920,100,3
2025-02-10,Emilia-Romagna,Altre job board,AZ_IT_TROVOLAVORO_SPONSORED,80.41,6493,126,5
2025-02-10,Friuli-Venezia Giulia,Altre job board,AZ_IT_BAKECA_LAVORO_ANNUNCI,24.22,3115,59,1
2025-02-10,Friuli-Venezia Giulia,Altre job board,AZ_IT_CAREERJET_CPC,8.21,868,23,1
2025-02-10,Friuli-Venezia Giulia,Altre job board,AZ_IT_TALENT_COM_FEED,5.47,547,14,0
2025-02-10,Friuli-Venezia Giulia,Altre job board,AZ_IT_TROVOLAVORO_SPONSORED,7.51,639,12,1
2025-02-10,Lazio,Altre job board,AZ_IT_BAKECA_LAVORO_ANNUNCI,88.16,11040,214,5
2025-02-10,Lazio,Altre job board,AZ_IT_CAREERJET_CPC,38.12,4244,116,3
2025-02-10,Lazio,Altre job board,AZ_IT_TALENT_COM_FEED,25.13,2522,63,2
2025-02-10,Lazio,Altre job board,AZ_IT_TROVOLAVORO_SPONSORED,44.41,3838,63,4
2025-02-10,Liguria,Altre job board,AZ_IT_BAKECA_LAVORO_ANNUNCI,25.10,3042,51,2
2025-02-10,Liguria,Altre job board,AZ_IT_CAREERJET_CPC,5.00,560,13,0
2025-02-10,Liguria,Altre job board,AZ_IT_TALENT_COM_FEED,8.23,837,21,1
2025-02-10,Liguria,Altre job board,AZ_IT_TROVOLAVORO_SPONSORED,19.72,1664,34,2
2025-02-10,Lombardia,Altre job board,AZ_IT_BAKECA_LAVORO_ANNUNCI,189.60,23511,448,7
2025-02-10,Lombardia,Altre job board,AZ_IT_CAREERJET_CPC,73.79,8204,231,4
2025-02-10,Lombardia,Altre job board,AZ_IT_TALENT_COM_FEED,71.03,6996,175,3
2025-02-10,Lombardia,Altre job board,AZ_IT_TROVOLAVORO_SPONSORED,100.98,8700,138,6
2025-02-10,Marche,Altre job board,AZ_IT_BAKECA_LAVORO_ANNUNCI,14.05,1740,34,1
2025-02-10,Marche,Altre job board,AZ_IT_CAREERJET_CPC,8.26,943,25,1
2025-02-10,Marche,Altre job board,AZ_IT_TALENT_COM_FEED,10.13,1024,25,1
2025-02-10,Marche,Altre job board,AZ_IT_TROVOLAVORO_SPONSORED,12.70,955,16,1
2025-02-10,Molise,Altre job board,AZ_IT_BAKECA_LAVORO_ANNUNCI,3.53,423,8,0
2025-02-10,Molise,Altre job board,AZ_IT_CAREERJET_CPC,1.80,197,5,0
2025-02-10,Molise,Altre job board,AZ_IT_TALENT_COM_FEED,1.77,175,4,0
2025-02-10,Molise,Altre job board,AZ_IT_TROVOLAVORO_SPONSORED,2.64,222,4,0
2025-02-10,Piemonte,Altre job board,AZ_IT_BAKECA_LAVORO_ANNUNCI,50.87,6346,105,2
2025-02-10,Piemonte,Altre job board,AZ_IT_CAREERJET_CPC,28.46,3178,83,2
2025-02-10,Piemonte,Altre job board,AZ_IT_TALENT_COM_FEED,29.97,2914,74,2
2025-02-10,Piemonte,Altre job board,AZ_IT_TROVOLAVORO_SPONSORED,59.07,4924,98,3
2025-02-10,Puglia,Altre job board,AZ_IT_BAKECA_LAVORO_ANNUNCI,49.94,6278,118,2
2025-02-10,Puglia,Altre job board,AZ_IT_CAREERJET_CPC,39.55,4215,112,2
2025-02-10,Puglia,Altre job board,AZ_IT_TALENT_COM_FEED,24.62,2439,53,1
2025-02-10,Puglia,Altre job board,AZ_IT_TROVOLAVORO_SPONSORED,42.62,3571,68,2
2025-02-10,Sardegna,Altre job board,AZ_IT_BAKECA_LAVORO_ANNUNCI,19.30,2333,47,1
2025-02-10,Sardegna,Altre job board,AZ_IT_CAREERJET_CPC,13.60,1501,42,1
2025-02-10,Sardegna,Altre job board,AZ_IT_TALENT_COM_FEED,9.67,939,24,1
2025-02-10,Sardegna,Altre job board,AZ_IT_TROVOLAVORO_SPONSORED,13.15,1127,19,1
2025-02-10,Sicilia,Altre job board,AZ_IT_BAKECA_LAVORO_ANNUNCI,73.21,9299,181,3
2025-02-10,Sicilia,Altre job board,AZ_IT_CAREERJET_CPC,45.90,5502,140,3
2025-02-10,Sicilia,Altre job board,AZ_IT_TALENT_COM_FEED,25.26,2601,59,1
2025-02-10,Sicilia,Altre job board,AZ_IT_TROVOLAVORO_SPONSORED,44.06,3622,70,3
2025-02-10,Toscana,Altre job board,AZ_IT_BAKECA_LAVORO_ANNUNCI,50.07,6325,113,4
2025-02-10,Toscana,Altre job board,AZ_IT_CAREERJET_CPC,29.53,3407,94,3
2025-02-10,Toscana,Altre job board,AZ_IT_TALENT_COM_FEED,23.87,2384,54,2
2025-02-10,Toscana,Altre job board,AZ_IT_TROVOLAVORO_SPONSORED,34.30,2931,51,3
2025-02-10,Trentino-Alto Adige,Altre job board,AZ_IT_BAKECA_LAVORO_ANNUNCI,16.78,2187,45,2
2025-02-10,Trentino-Alto Adige,Altre job board,AZ_IT_CAREERJET_CPC,10.45,1221,33,2
2025-02-10,Trentino-Alto Adige,Altre job board,AZ_IT_TALENT_COM_FEED,9.16,892,20,1
2025-02-10,Trentino-Alto Adige,Altre job board,AZ_IT_TROVOLAVORO_SPONSORED,20.35,1600,28,3
2025-02-10,Umbria,Altre job board,AZ_IT_BAKECA_LAVORO_ANNUNCI,15.97,1922,33,1
2025-02-10,Umbria,Altre job board,AZ_IT_CAREERJET_CPC,5.79,654,18,0
2025-02-10,Umbria,Altre job board,AZ_IT_TALENT_COM_FEED,4.79,478,12,0
2025-02-10,Umbria,Altre job board,AZ_IT_TROVOLAVORO_SPONSORED,5.81,496,9,0
2025-02-10,Valle d'Aosta,Altre job board,AZ_IT_BAKECA_LAVORO_ANNUNCI,2.22,281,6,0
2025-02-10,Valle d'Aosta,Altre job board,AZ_IT_CAREERJET_CPC,0.97,107,3,0
2025-02-10,Valle d'Aosta,Altre job board,AZ_IT_TALENT_COM_FEED,0.46,46,1,0
2025-02-10,Valle d'Aosta,Altre job board,AZ_IT_TROVOLAVORO_SPONSORED,0.94,79,1,0
2025-02-10,Veneto,Altre job board,AZ_IT_BAKECA_LAVORO_ANNUNCI,96.88,12263,220,8
2025-02-10,Veneto,Altre job board,AZ_IT_CAREERJET_CPC,26.42,2985,76,3
2025-02-10,Veneto,Altre job board,AZ_IT_TALENT_COM_FEED,41.31,4002,102,4
2025-02-10,Veneto,Altre job board,AZ_IT_TROVOLAVORO_SPONSORED,49.46,4233,78,6
2025-02-17,Abruzzo,Altre job board,AZ_IT_BAKECA_LAVORO_ANNUNCI,15.58,1942,33,2
2025-02-17,Abruzzo,Altre job board,AZ_IT_CAREERJET_CPC,4.24,485,12,1
2025-02-17,Abruzzo,Altre job board,AZ_IT_TALENT_COM_FEED,2.95,302,6,0
2025-02-17,Abruzzo,Altre job board,AZ_IT_TROVOLAVORO_SPONSORED,5.71,475,8,1
2025-02-17,Basilicata,Altre job board,AZ_IT_BAKECA_LAVORO_ANNUNCI,1.87,240,5,0
2025-02-17,Basilicata,Altre job board,AZ_IT_CAREERJET_CPC,3.06,343,9,0
2025-02-17,Basilicata,Altre job board,AZ_IT_TALENT_COM_FEED,1.68,167,4,0
2025-02-17,Basilicata,Altre job board,AZ_IT_TROVOLAVORO_SPONSORED,2.27,182,3,0
2025-02-17,Calabria,Altre job board,AZ_IT_BAKECA_LAVORO_ANNUNCI,6.71,813,17,1
2025-02-17,Calabria,Altre job board,AZ_IT_CAREERJET_CPC,5.80,686,19,1
2025-02-17,Calabria,Altre job board,AZ_IT_TALENT_COM_FEED,4.92,499,13,1
2025-02-17,Calabria,Altre job board,AZ_IT_TROVOLAVORO_SPONSORED,6.81,594,11,1
2025-02-17,Campania,Altre job board,AZ_IT_BAKECA_LAVORO_ANNUNCI,30.37,4041,74,5
2025-02-17,Campania,Altre job board,AZ_IT_CAREERJET_CPC,15.57,1754,43,4
2025-02-17,Campania,Altre job board,AZ_IT_TALENT_COM_FEED,17.94,1775,42,4
2025-02-17,Campania,Altre job board,AZ_IT_TROVOLAVORO_SPONSORED,24.28,1992,36,5
2025-02-17,Emilia-Romagna,Altre job board,AZ_IT_BAKECA_LAVORO_ANNUNCI,15.82,1946,40,1
2025-02-17,Emilia-Romagna,Altre job board,AZ_IT_CAREERJET_CPC,10.77,1168,30,1
2025-02-17,Emilia-Romagna,Altre job board,AZ_IT_TALENT_COM_FEED,10.56,1030,27,1
2025-02-17,Emilia-Romagna,Altre job board,AZ_IT_TROVOLAVORO_SPONSORED,14.04,1205,21,2
2025-02-17,Friuli-Venezia Giulia,Altre job board,AZ_IT_BAKECA_LAVORO_ANNUNCI,10.50,1353,29,1
2025-02-17,Friuli-Venezia Giulia,Altre job board,AZ_IT_CAREERJET_CPC,3.17,342,9,0
2025-02-17,Friuli-Venezia Giulia,Altre job board,AZ_IT_TALENT_COM_FEED,4.70,455,11,1
2025-02-17,Friuli-Venezia Giulia,Altre job board,AZ_IT_TROVOLAVORO_SPONSORED,4.45,367,7,1
2025-02-17,Lazio,Altre job board,AZ_IT_BAKECA_LAVORO_ANNUNCI,23.25,2940,52,2
2025-02-17,Lazio,Altre job board,AZ_IT_CAREERJET_CPC,15.15,1709,41,2
2025-02-17,Lazio,Altre job board,AZ_IT_TALENT_COM_FEED,20.58,2109,56,2
2025-02-17,Lazio,Altre job board,AZ_IT_TROVOLAVORO_SPONSORED,22.96,1889,33,2
2025-02-17,Liguria,Altre job board,AZ_IT_BAKECA_LAVORO_ANNUNCI,9.32,1130,22,1
2025-02-17,Liguria,Altre job board,AZ_IT_CAREERJET_CPC,5.73,632,16,1
2025-02-17,Liguria,Altre job board,AZ_IT_TALENT_COM_FEED,4.49,461,12,1
2025-02-17,Liguria,Altre job board,AZ_IT_TROVOLAVORO_SPONSORED,5.41,484,8,1
2025-02-17,Lombardia,Altre job board,AZ_IT_BAKECA_LAVORO_ANNUNCI,43.59,5667,115,2
2025-02-17,Lombardia,Altre job board,AZ_IT_CAREERJET_CPC,26.61,3185,95,3
2025-02-17,Lombardia,Altre job board,AZ_IT_TALENT_COM_FEED,25.95,2544,58,2
2025-02-17,Lombardia,Altre job board,AZ_IT_TROVOLAVORO_SPONSORED,31.08,2645,42,3
2025-02-17,Marche,Altre job board,AZ_IT_BAKECA_LAVORO_ANNUNCI,11.44,1421,29,1
2025-02-17,Marche,Altre job board,AZ_IT_CAREERJET_CPC,6.80,761,17,1
2025-02-17,Marche,Altre job board,AZ_IT_TALENT_COM_FEED,4.59,449,11,1
2025-02-17,Marche,Altre job board,AZ_IT_TROVOLAVORO_SPONSORED,5.41,451,8,1
2025-02-17,Molise,Altre job board,AZ_IT_BAKECA_LAVORO_ANNUNCI,1.42,179,3,0
2025-02-17,Molise,Altre job board,AZ_IT_CAREERJET_CPC,0.64,72,2,0
2025-02-17,Molise,Altre job board,AZ_IT_TALENT_COM_FEED,0.84,80,2,0
2025-02-17,Molise,Altre job board,AZ_IT_TROVOLAVORO_SPONSORED,0.82,71,1,0
2025-02-17,Piemonte,Altre job board,AZ_IT_BAKECA_LAVORO_ANNUNCI,35.89,4331,88,2
2025-02-17,Piemonte,Altre job board,AZ_IT_CAREERJET_CPC,10.47,1173,31,1
2025-02-17,Piemonte,Altre job board,AZ_IT_TALENT_COM_FEED,10.53,1080,24,1
2025-02-17,Piemonte,Altre job board,AZ_IT_TROVOLAVORO_SPONSORED,18.01,1458,29,2
2025-02-17,Puglia,Altre job board,AZ_IT_BAKECA_LAVORO_ANNUNCI,25.67,3198,67,2
2025-02-17,Puglia,Altre job board,AZ_IT_CAREERJET_CPC,10.89,1229,35,1
2025-02-17,Puglia,Altre job board,AZ_IT_TALENT_COM_FEED,11.92,1206,30,1
2025-02-17,Puglia,Altre job board,AZ_IT_TROVOLAVORO_SPONSORED,13.40,1142,21,1
2025-02-17,Sardegna,Altre job board,AZ_IT_BAKECA_LAVORO_ANNUNCI,6.73,848,16,1
2025-02-17,Sardegna,Altre job board,AZ_IT_CAREERJET_CPC,4.42,483,13,1
2025-02-17,Sardegna,Altre job board,AZ_IT_TALENT_COM_FEED,3.61,350,9,0
2025-02-17,Sardegna,Altre job board,AZ_IT_TROVOLAVORO_SPONSORED,6.57,553,10,1
2025-02-17,Sicilia,Altre job board,AZ_IT_BAKECA_LAVORO_ANNUNCI,26.41,3203,68,2
2025-02-17,Sicilia,Altre job board,AZ_IT_CAREERJET_CPC,15.51,1694,38,1
2025-02-17,Sicilia,Altre job board,AZ_IT_TALENT_COM_FEED,10.54,1116,26,1
2025-02-17,Sicilia,Altre job board,AZ_IT_TROVOLAVORO_SPONSORED,22.22,1906,30,2
2025-02-17,Toscana,Altre job board,AZ_IT_BAKECA_LAVORO_ANNUNCI,18.84,2348,50,2
2025-02-17,Toscana,Altre job board,AZ_IT_CAREERJET_CPC,8.49,924,25,1
2025-02-17,Toscana,Altre job board,AZ_IT_TALENT_COM_FEED,8.88,900,21,1
2025-02-17,Toscana,Altre job board,AZ_IT_TROVOLAVORO_SPONSORED,14.24,1144,17,2
2025-02-17,Trentino-Alto Adige,Altre job board,AZ_IT_BAKECA_LAVORO_ANNUNCI,6.85,841,17,1
2025-02-17,Trentino-Alto Adige,Altre job board,AZ_IT_CAREERJET_CPC,3.25,360,8,1
2025-02-17,Trentino-Alto Adige,Altre job board,AZ_IT_TALENT_COM_FEED,3.62,358,9,1
2025-02-17,Trentino-Alto Adige,Altre job board,AZ_IT_TROVOLAVORO_SPONSORED,3.58,307,6,1
2025-02-17,Umbria,Altre job board,AZ_IT_BAKECA_LAVORO_ANNUNCI,6.02,744,14,0
2025-02-17,Umbria,Altre job board,AZ_IT_CAREERJET_CPC,1.89,204,6,0
2025-02-17,Umbria,Altre job board,AZ_IT_TALENT_COM_FEED,1.72,176,4,0
2025-02-17,Umbria,Altre job board,AZ_IT_TROVOLAVORO_SPONSORED,2.66,216,4,0
2025-02-17,Valle d'Aosta,Altre job board,AZ_IT_BAKECA_LAVORO_ANNUNCI,0.51,65,1,0
2025-02-17,Valle d'Aosta,Altre job board,AZ_IT_CAREERJET_CPC,0.21,23,1,0
2025-02-17,Valle d'Aosta,Altre job board,AZ_IT_TALENT_COM_FEED,0.27,26,1,0
2025-02-17,Valle d'Aosta,Altre job board,AZ_IT_TROVOLAVORO_SPONSORED,0.32,27,0,0
2025-02-17,Veneto,Altre job board,AZ_IT_BAKECA_LAVORO_ANNUNCI,31.44,3903,74,4
2025-02-17,Veneto,Altre job board,AZ_IT_CAREERJET_CPC,15.79,1735,45,3
2025-02-17,Veneto,Altre job board,AZ_IT_TALENT_COM_FEED,14.79,1421,36,2
2025-02-17,Veneto,Altre job board,AZ_IT_TROVOLAVORO_SPONSORED,24.66,1927,33,4
2025-02-24,Abruzzo,Altre job board,AZ_IT_BAKECA_LAVORO_ANNUNCI,13.31,1684,37,2
2025-02-24,Abruzzo,Altre job board,AZ_IT_CAREERJET_CPC,5.97,678,17,1
2025-02-24,Abruzzo,Altre job board,AZ_IT_TROVOLAVORO_SPONSORED,5.13,432,7,1
2025-02-24,Basilicata,Altre job board,AZ_IT_BAKECA_LAVORO_ANNUNCI,2.03,255,6,0
2025-02-24,Basilicata,Altre job board,AZ_IT_CAREERJET_CPC,2.43,274,7,0
2025-02-24,Basilicata,Altre job board,AZ_IT_TROVOLAVORO_SPONSORED,1.81,160,3,0
2025-02-24,Calabria,Altre job board,AZ_IT_BAKECA_LAVORO_ANNUNCI,7.85,985,18,1
2025-02-24,Calabria,Altre job board,AZ_IT_CAREERJET_CPC,7.17,800,20,1
2025-02-24,Calabria,Altre job board,AZ_IT_TROVOLAVORO_SPONSORED,4.20,341,6,0
2025-02-24,Campania,Altre job board,AZ_IT_BAKECA_LAVORO_ANNUNCI,41.56,5194,106,6
2025-02-24,Campania,Altre job board,AZ_IT_CAREERJET_CPC,27.84,3177,72,5
2025-02-24,Campania,Altre job board,AZ_IT_TROVOLAVORO_SPONSORED,26.99,2309,44,5
2025-02-24,Emilia-Romagna,Altre job board,AZ_IT_BAKECA_LAVORO_ANNUNCI,25.25,3273,62,2
2025-02-24,Emilia-Romagna,Altre job board,AZ_IT_CAREERJET_CPC,15.07,1671,40,1
2025-02-24,Emilia-Romagna,Altre job board,AZ_IT_TROVOLAVORO_SPONSORED,25.67,2151,40,3
2025-02-24,Friuli-Venezia Giulia,Altre job board,AZ_IT_BAKECA_LAVORO_ANNUNCI,8.13,1050,23,1
2025-02-24,Friuli-Venezia Giulia,Altre job board,AZ_IT_CAREERJET_CPC,4.69,520,12,1
2025-02-24,Friuli-Venezia Giulia,Altre job board,AZ_IT_TROVOLAVORO_SPONSORED,4.52,377,6,1
2025-02-24,Lazio,Altre job board,AZ_IT_BAKECA_LAVORO_ANNUNCI,51.70,6690,131,4
2025-02-24,Lazio,Altre job board,AZ_IT_CAREERJET_CPC,15.83,1611,40,2
2025-02-24,Lazio,Altre job board,AZ_IT_TROVOLAVORO_SPONSORED,22.04,1893,33,2
2025-02-24,Liguria,Altre job board,AZ_IT_BAKECA_LAVORO_ANNUNCI,8.08,1021,19,1
2025-02-24,Liguria,Altre job board,AZ_IT_CAREERJET_CPC,4.48,512,13,1
2025-02-24,Liguria,Altre job board,AZ_IT_TROVOLAVORO_SPONSORED,8.06,657,12,1
2025-02-24,Lombardia,Altre job board,AZ_IT_BAKECA_LAVORO_ANNUNCI,47.24,5707,114,2
2025-02-24,Lombardia,Altre job board,AZ_IT_CAREERJET_CPC,48.78,5313,136,3
2025-02-24,Lombardia,Altre job board,AZ_IT_TROVOLAVORO_SPONSORED,51.14,4275,75,4
2025-02-24,Marche,Altre job board,AZ_IT_BAKECA_LAVORO_ANNUNCI,7.07,889,17,1
2025-02-24,Marche,Altre job board,AZ_IT_CAREERJET_CPC,3.64,400,12,0
2025-02-24,Marche,Altre job board,AZ_IT_TROVOLAVORO_SPONSORED,4.59,382,7,1
2025-02-24,Molise,Altre job board,AZ_IT_BAKECA_LAVORO_ANNUNCI,1.71,221,4,0
2025-02-24,Molise,Altre job board,AZ_IT_CAREERJET_CPC,1.29,146,4,0
2025-02-24,Molise,Altre job board,AZ_IT_TROVOLAVORO_SPONSORED,1.32,109,2,0
2025-02-24,Piemonte,Altre job board,AZ_IT_BAKECA_LAVORO_ANNUNCI,28.00,3518,77,2
2025-02-24,Piemonte,Altre job board,AZ_IT_CAREERJET_CPC,16.69,1867,48,1
2025-02-24,Piemonte,Altre job board,AZ_IT_TROVOLAVORO_SPONSORED,25.59,2127,40,2
2025-02-24,Puglia,Altre job board,AZ_IT_BAKECA_LAVORO_ANNUNCI,18.48,2353,44,1
2025-02-24,Puglia,Altre job board,AZ_IT_CAREERJET_CPC,15.56,1650,45,2
2025-02-24,Puglia,Altre job board,AZ_IT_TROVOLAVORO_SPONSORED,13.84,1127,20,1
2025-02-24,Sardegna,Altre job board,AZ_IT_BAKECA_LAVORO_ANNUNCI,13.26,1687,31,1
2025-02-24,Sardegna,Altre job board,AZ_IT_CAREERJET_CPC,6.26,677,19,1
2025-02-24,Sardegna,Altre job board,AZ_IT_TROVOLAVORO_SPONSORED,8.26,666,13,1
2025-02-24,Sicilia,Altre job board,AZ_IT_BAKECA_LAVORO_ANNUNCI,21.41,2649,54,1
2025-02-24,Sicilia,Altre job board,AZ_IT_CAREERJET_CPC,16.79,1834,49,1
2025-02-24,Sicilia,Altre job board,AZ_IT_TROVOLAVORO_SPONSORED,19.19,1627,30,2
2025-02-24,Toscana,Altre job board,AZ_IT_BAKECA_LAVORO_ANNUNCI,32.27,4074,88,3
2025-02-24,Toscana,Altre job board,AZ_IT_CAREERJET_CPC,15.91,1855,47,2
2025-02-24,Toscana,Altre job board,AZ_IT_TROVOLAVORO_SPONSORED,14.18,1187,22,2
2025-02-24,Trentino-Alto Adige,Altre job board,AZ_IT_BAKECA_LAVORO_ANNUNCI,7.66,940,18,1
2025-02-24,Trentino-Alto Adige,Altre job board,AZ_IT_CAREERJET_CPC,3.36,372,10,1
2025-02-24,Trentino-Alto Adige,Altre job board,AZ_IT_TROVOLAVORO_SPONSORED,4.25,348,7,1
2025-02-24,Umbria,Altre job board,AZ_IT_BAKECA_LAVORO_ANNUNCI,4.45,579,12,0
2025-02-24,Umbria,Altre job board,AZ_IT_CAREERJET_CPC,2.71,295,8,0
2025-02-24,Umbria,Altre job board,AZ_IT_TROVOLAVORO_SPONSORED,3.29,282,5,0
2025-02-24,Valle d'Aosta,Altre job board,AZ_IT_BAKECA_LAVORO_ANNUNCI,0.54,67,1,0
2025-02-24,Valle d'Aosta,Altre job board,AZ_IT_CAREERJET_CPC,0.42,47,1,0
2025-02-24,Valle d'Aosta,Altre job board,AZ_IT_TROVOLAVORO_SPONSORED,0.53,43,1,0
2025-02-24,Veneto,Altre job board,AZ_IT_BAKECA_LAVORO_ANNUNCI,35.49,4385,85,4
2025-02-24,Veneto,Altre job board,AZ_IT_CAREERJET_CPC,18.22,1958,52,3
2025-02-24,Veneto,Altre job board,AZ_IT_TROVOLAVORO_SPONSORED,17.84,1467,25,3
2025-03-03,Abruzzo,Altre job board,AZ_IT_BAKECA_LAVORO_ANNUNCI,18.46,2446,48,2
2025-03-03,Abruzzo,Altre job board,AZ_IT_CAREERJET_CPC,7.88,933,24,1
2025-03-03,Abruzzo,Altre job board,AZ_IT_TROVOLAVORO_SPONSORED,15.20,1290,23,2
2025-03-03,Basilicata,Altre job board,AZ_IT_BAKECA_LAVORO_ANNUNCI,10.53,1223,23,1
2025-03-03,Basilicata,Altre job board,AZ_IT_CAREERJET_CPC,5.21,567,15,0
2025-03-03,Basilicata,Altre job board,AZ_IT_TROVOLAVORO_SPONSORED,8.59,710,12,1
2025-03-03,Calabria,Altre job board,AZ_IT_BAKECA_LAVORO_ANNUNCI,25.78,3082,57,2
2025-03-03,Calabria,Altre job board,AZ_IT_CAREERJET_CPC,10.93,1223,33,1
2025-03-03,Calabria,Altre job board,AZ_IT_TROVOLAVORO_SPONSORED,18.17,1579,29,1
2025-03-03,Campania,Altre job board,AZ_IT_BAKECA_LAVORO_ANNUNCI,62.74,7601,160,8
2025-03-03,Campania,Altre job board,AZ_IT_CAREERJET_CPC,37.70,4321,97,6
2025-03-03,Campania,Altre job board,AZ_IT_TROVOLAVORO_SPONSORED,52.20,4524,80,8
2025-03-03,Emilia-Romagna,Altre job board,AZ_IT_BAKECA_LAVORO_ANNUNCI,46.76,5911,120,2
2025-03-03,Emilia-Romagna,Altre job board,AZ_IT_CAREERJET_CPC,33.81,3594,95,3
2025-03-03,Emilia-Romagna,Altre job board,AZ_IT_TROVOLAVORO_SPONSORED,43.36,3691,68,3
2025-03-03,Friuli-Venezia Giulia,Altre job board,AZ_IT_BAKECA_LAVORO_ANNUNCI,20.27,2502,51,1
2025-03-03,Friuli-Venezia Giulia,Altre job board,AZ_IT_CAREERJET_CPC,9.58,994,23,1
2025-03-03,Friuli-Venezia Giulia,Altre job board,AZ_IT_TROVOLAVORO_SPONSORED,13.23,1162,20,1
2025-03-03,Lazio,Altre job board,AZ_IT_BAKECA_LAVORO_ANNUNCI,78.93,9897,200,5
2025-03-03,Lazio,Altre job board,AZ_IT_CAREERJET_CPC,36.90,3943,109,3
2025-03-03,Lazio,Altre job board,AZ_IT_TROVOLAVORO_SPONSORED,57.90,4992,94,4
2025-03-03,Liguria,Altre job board,AZ_IT_BAKECA_LAVORO_ANNUNCI,17.00,2121,37,1
2025-03-03,Liguria,Altre job board,AZ_IT_CAREERJET_CPC,16.24,1855,45,1
2025-03-03,Liguria,Altre job board,AZ_IT_TROVOLAVORO_SPONSORED,25.38,2166,38,2
2025-03-03,Lombardia,Altre job board,AZ_IT_BAKECA_LAVORO_ANNUNCI,167.20,21163,397,6
2025-03-03,Lombardia,Altre job board,AZ_IT_CAREERJET_CPC,130.70,14379,389,6
2025-03-03,Lombardia,Altre job board,AZ_IT_TROVOLAVORO_SPONSORED,147.98,12774,235,7
2025-03-03,Marche,Altre job board,AZ_IT_BAKECA_LAVORO_ANNUNCI,20.29,2495,48,1
2025-03-03,Marche,Altre job board,AZ_IT_CAREERJET_CPC,10.23,1139,35,1
2025-03-03,Marche,Altre job board,AZ_IT_TROVOLAVORO_SPONSORED,14.38,1239,25,1
2025-03-03,Molise,Altre job board,AZ_IT_BAKECA_LAVORO_ANNUNCI,4.64,585,12,0
2025-03-03,Molise,Altre job board,AZ_IT_CAREERJET_CPC,3.11,359,9,0
2025-03-03,Molise,Altre job board,AZ_IT_TROVOLAVORO_SPONSORED,2.60,230,5,0
2025-03-03,Piemonte,Altre job board,AZ_IT_BAKECA_LAVORO_ANNUNCI,60.13,7468,159,2
2025-03-03,Piemonte,Altre job board,AZ_IT_CAREERJET_CPC,31.03,3288,89,2
2025-03-03,Piemonte,Altre job board,AZ_IT_TROVOLAVORO_SPONSORED,62.80,5207,87,3
2025-03-03,Puglia,Altre job board,AZ_IT_BAKECA_LAVORO_ANNUNCI,76.96,9758,191,4
2025-03-03,Puglia,Altre job board,AZ_IT_CAREERJET_CPC,32.78,3708,94,2
2025-03-03,Puglia,Altre job board,AZ_IT_TROVOLAVORO_SPONSORED,38.76,3224,58,3
2025-03-03,Sardegna,Altre job board,AZ_IT_BAKECA_LAVORO_ANNUNCI,32.15,4108,81,2
2025-03-03,Sardegna,Altre job board,AZ_IT_CAREERJET_CPC,16.42,1915,52,2
2025-03-03,Sardegna,Altre job board,AZ_IT_TROVOLAVORO_SPONSORED,12.77,1067,19,1
2025-03-03,Sicilia,Altre job board,AZ_IT_BAKECA_LAVORO_ANNUNCI,93.71,11596,231,4
2025-03-03,Sicilia,Altre job board,AZ_IT_CAREERJET_CPC,38.92,4498,104,2
2025-03-03,Sicilia,Altre job board,AZ_IT_TROVOLAVORO_SPONSORED,56.32,4843,89,3
2025-03-03,Toscana,Altre job board,AZ_IT_BAKECA_LAVORO_ANNUNCI,45.39,5751,126,3
2025-03-03,Toscana,Altre job board,AZ_IT_CAREERJET_CPC,28.88,3354,79,3
2025-03-03,Toscana,Altre job board,AZ_IT_TROVOLAVORO_SPONSORED,46.06,3706,61,4
2025-03-03,Trentino-Alto Adige,Altre job board,AZ_IT_BAKECA_LAVORO_ANNUNCI,21.66,2774,60,2
2025-03-03,Trentino-Alto Adige,Altre job board,AZ_IT_CAREERJET_CPC,7.89,877,23,1
2025-03-03,Trentino-Alto Adige,Altre job board,AZ_IT_TROVOLAVORO_SPONSORED,12.33,1028,19,2
2025-03-03,Umbria,Altre job board,AZ_IT_BAKECA_LAVORO_ANNUNCI,18.16,2245,49,1
2025-03-03,Umbria,Altre job board,AZ_IT_CAREERJET_CPC,10.66,1206,34,1
2025-03-03,Umbria,Altre job board,AZ_IT_TROVOLAVORO_SPONSORED,9.26,790,14,0
2025-03-03,Valle d'Aosta,Altre job board,AZ_IT_BAKECA_LAVORO_ANNUNCI,1.55,200,4,0
2025-03-03,Valle d'Aosta,Altre job board,AZ_IT_CAREERJET_CPC,0.91,103,3,0
2025-03-03,Valle d'Aosta,Altre job board,AZ_IT_TROVOLAVORO_SPONSORED,1.89,151,3,0
2025-03-03,Veneto,Altre job board,AZ_IT_BAKECA_LAVORO_ANNUNCI,62.32,7990,179,4
2025-03-03,Veneto,Altre job board,AZ_IT_CAREERJET_CPC,48.35,5438,138,5
2025-03-03,Veneto,Altre job board,AZ_IT_TROVOLAVORO_SPONSORED,112.14,9209,152,9
2025-03-10,Abruzzo,Altre job board,AZ_IT_BAKECA_LAVORO_ANNUNCI,7.79,987,16,1
2025-03-10,Abruzzo,Altre job board,AZ_IT_CAREERJET_CPC,4.19,452,10,1
2025-03-10,Abruzzo,Altre job board,AZ_IT_TROVOLAVORO_SPONSORED,4.87,401,8,1
2025-03-10,Basilicata,Altre job board,AZ_IT_BAKECA_LAVORO_ANNUNCI,3.58,453,8,0
2025-03-10,Basilicata,Altre job board,AZ_IT_CAREERJET_CPC,1.22,131,4,0
2025-03-10,Basilicata,Altre job board,AZ_IT_TROVOLAVORO_SPONSORED,2.62,221,4,0
2025-03-10,Calabria,Altre job board,AZ_IT_BAKECA_LAVORO_ANNUNCI,9.78,1262,24,1
2025-03-10,Calabria,Altre job board,AZ_IT_CAREERJET_CPC,9.81,1055,29,1
2025-03-10,Calabria,Altre job board,AZ_IT_TROVOLAVORO_SPONSORED,6.34,542,10,1
2025-03-10,Campania,Altre job board,AZ_IT_BAKECA_LAVORO_ANNUNCI,26.08,3223,67,4
2025-03-10,Campania,Altre job board,AZ_IT_CAREERJET_CPC,25.82,2895,79,6
2025-03-10,Campania,Altre job board,AZ_IT_TROVOLAVORO_SPONSORED,17.66,1388,26,4
2025-03-10,Emilia-Romagna,Altre job board,AZ_IT_BAKECA_LAVORO_ANNUNCI,21.29,2676,61,2
2025-03-10,Emilia-Romagna,Altre job board,AZ_IT_CAREERJET_CPC,15.95,1647,44,2
2025-03-10,Emilia-Romagna,Altre job board,AZ_IT_TROVOLAVORO_SPONSORED,10.95,925,17,1
2025-03-10,Friuli-Venezia Giulia,Altre job board,AZ_IT_BAKECA_LAVORO_ANNUNCI,8.12,1027,22,1
2025-03-10,Friuli-Venezia Giulia,Altre job board,AZ_IT_CAREERJET_CPC,6.07,671,18,1
2025-03-10,Friuli-Venezia Giulia,Altre job board,AZ_IT_TROVOLAVORO_SPONSORED,5.08,415,7,1
2025-03-10,Lazio,Altre job board,AZ_IT_BAKECA_LAVORO_ANNUNCI,39.13,4776,91,3
2025-03-10,Lazio,Altre job board,AZ_IT_CAREERJET_CPC,21.05,2386,55,2
2025-03-10,Lazio,Altre job board,AZ_IT_TROVOLAVORO_SPONSORED,34.22,2640,46,4
2025-03-10,Liguria,Altre job board,AZ_IT_BAKECA_LAVORO_ANNUNCI,9.85,1254,24,1
2025-03-10,Liguria,Altre job board,AZ_IT_CAREERJET_CPC,4.01,473,12,1
2025-03-10,Liguria,Altre job board,AZ_IT_TROVOLAVORO_SPONSORED,5.65,439,8,1
2025-03-10,Lombardia,Altre job board,AZ_IT_BAKECA_LAVORO_ANNUNCI,72.08,8936,175,5
2025-03-10,Lombardia,Altre job board,AZ_IT_CAREERJET_CPC,30.33,3365,87,2
2025-03-10,Lombardia,Altre job board,AZ_IT_TROVOLAVORO_SPONSORED,39.27,3163,60,4
2025-03-10,Marche,Altre job board,AZ_IT_BAKECA_LAVORO_ANNUNCI,7.42,898,19,1
2025-03-10,Marche,Altre job board,AZ_IT_CAREERJET_CPC,4.94,516,13,1
2025-03-10,Marche,Altre job board,AZ_IT_TROVOLAVORO_SPONSORED,5.43,443,9,1
2025-03-10,Molise,Altre job board,AZ_IT_BAKECA_LAVORO_ANNUNCI,1.81,218,5,0
2025-03-10,Molise,Altre job board,AZ_IT_CAREERJET_CPC,1.61,185,4,0
2025-03-10,Molise,Altre job board,AZ_IT_TROVOLAVORO_SPONSORED,1.84,158,3,0
2025-03-10,Piemonte,Altre job board,AZ_IT_BAKECA_LAVORO_ANNUNCI,17.56,2097,44,1
2025-03-10,Piemonte,Altre job board,AZ_IT_CAREERJET_CPC,13.73,1562,37,1
2025-03-10,Piemonte,Altre job board,AZ_IT_TROVOLAVORO_SPONSORED,17.78,1476,23,2
2025-03-10,Puglia,Altre job board,AZ_IT_BAKECA_LAVORO_ANNUNCI,19.31,2361,48,2
2025-03-10,Puglia,Altre job board,AZ_IT_CAREERJET_CPC,14.37,1549,37,1
2025-03-10,Puglia,Altre job board,AZ_IT_TROVOLAVORO_SPONSORED,12.96,1081,21,2
2025-03-10,Sardegna,Altre job board,AZ_IT_BAKECA_LAVORO_ANNUNCI,12.30,1451,30,1
2025-03-10,Sardegna,Altre job board,AZ_IT_CAREERJET_CPC,6.49,727,19,1
2025-03-10,Sardegna,Altre job board,AZ_IT_TROVOLAVORO_SPONSORED,7.91,644,11,1
2025-03-10,Sicilia,Altre job board,AZ_IT_BAKECA_LAVORO_ANNUNCI,47.52,5884,123,3
2025-03-10,Sicilia,Altre job board,AZ_IT_CAREERJET_CPC,22.76,2689,76,2
2025-03-10,Sicilia,Altre job board,AZ_IT_TROVOLAVORO_SPONSORED,20.34,1710,30,2
2025-03-10,Toscana,Altre job board,AZ_IT_BAKECA_LAVORO_ANNUNCI,34.86,4261,87,4
2025-03-10,Toscana,Altre job board,AZ_IT_CAREERJET_CPC,9.66,1026,28,1
2025-03-10,Toscana,Altre job board,AZ_IT_TROVOLAVORO_SPONSORED,12.41,1077,17,2
2025-03-10,Trentino-Alto Adige,Altre job board,AZ_IT_BAKECA_LAVORO_ANNUNCI,10.03,1206,22,2
2025-03-10,Trentino-Alto Adige,Altre job board,AZ_IT_CAREERJET_CPC,3.70,436,12,1
2025-03-10,Trentino-Alto Adige,Altre job board,AZ_IT_TROVOLAVORO_SPONSORED,4.36,354,6,1
2025-03-10,Umbria,Altre job board,AZ_IT_BAKECA_LAVORO_ANNUNCI,5.85,758,16,1
2025-03-10,Umbria,Altre job board,AZ_IT_CAREERJET_CPC,3.32,373,10,0
2025-03-10,Umbria,Altre job board,AZ_IT_TROVOLAVORO_SPONSORED,3.40,292,5,0
2025-03-10,Valle d'Aosta,Altre job board,AZ_IT_BAKECA_LAVORO_ANNUNCI,0.82,100,2,0
2025-03-10,Valle d'Aosta,Altre job board,AZ_IT_CAREERJET_CPC,0.41,44,1,0
2025-03-10,Valle d'Aosta,Altre job board,AZ_IT_TROVOLAVORO_SPONSORED,0.69,58,1,0
2025-03-10,Veneto,Altre job board,AZ_IT_BAKECA_LAVORO_ANNUNCI,15.49,2052,41,2
2025-03-10,Veneto,Altre job board,AZ_IT_CAREERJET_CPC,14.74,1656,44,3
2025-03-10,Veneto,Altre job board,AZ_IT_TROVOLAVORO_SPONSORED,24.45,2183,37,5
2025-03-17,Abruzzo,Altre job board,AZ_IT_BAKECA_LAVORO_ANNUNCI,5.55,661,14,1
2025-03-17,Abruzzo,Altre job board,AZ_IT_CAREERJET_CPC,3.72,404,10,1
2025-03-17,Abruzzo,Altre job board,AZ_IT_TROVOLAVORO_SPONSORED,7.48,601,11,1
2025-03-17,Basilicata,Altre job board,AZ_IT_BAKECA_LAVORO_ANNUNCI,2.42,315,6,0
2025-03-17,Basilicata,Altre job board,AZ_IT_CAREERJET_CPC,1.89,228,6,0
2025-03-17,Basilicata,Altre job board,AZ_IT_TROVOLAVORO_SPONSORED,1.58,134,2,0
2025-03-17,Calabria,Altre job board,AZ_IT_BAKECA_LAVORO_ANNUNCI,6.43,807,16,1
2025-03-17,Calabria,Altre job board,AZ_IT_CAREERJET_CPC,3.81,424,12,0
2025-03-17,Calabria,Altre job board,AZ_IT_TROVOLAVORO_SPONSORED,5.32,433,8,1
2025-03-17,Campania,Altre job board,AZ_IT_BAKECA_LAVORO_ANNUNCI,48.42,6216,142,7
2025-03-17,Campania,Altre job board,AZ_IT_CAREERJET_CPC,14.37,1643,43,3
2025-03-17,Campania,Altre job board,AZ_IT_TROVOLAVORO_SPONSORED,29.81,2525,44,6
2025-03-17,Emilia-Romagna,Altre job board,AZ_IT_BAKECA_LAVORO_ANNUNCI,25.69,3093,62,2
2025-03-17,Emilia-Romagna,Altre job board,AZ_IT_CAREERJET_CPC,20.15,2189,54,2
2025-03-17,Emilia-Romagna,Altre job board,AZ_IT_TROVOLAVORO_SPONSORED,18.72,1590,27,2
2025-03-17,Friuli-Venezia Giulia,Altre job board,AZ_IT_BAKECA_LAVORO_ANNUNCI,6.35,790,16,1
2025-03-17,Friuli-Venezia Giulia,Altre job board,AZ_IT_CAREERJET_CPC,4.00,438,11,1
2025-03-17,Friuli-Venezia Giulia,Altre job board,AZ_IT_TROVOLAVORO_SPONSORED,5.72,471,10,1
2025-03-17,Lazio,Altre job board,AZ_IT_BAKECA_LAVORO_ANNUNCI,38.39,5024,100,3
2025-03-17,Lazio,Altre job board,AZ_IT_CAREERJET_CPC,18.47,1956,55,2
2025-03-17,Lazio,Altre job board,AZ_IT_TROVOLAVORO_SPONSORED,26.98,2288,37,3
2025-03-17,Liguria,Altre job board,AZ_IT_BAKECA_LAVORO_ANNUNCI,7.97,1044,19,1
2025-03-17,Liguria,Altre job board,AZ_IT_CAREERJET_CPC,4.33,449,11,1
2025-03-17,Liguria,Altre job board,AZ_IT_TROVOLAVORO_SPONSORED,5.49,463,9,1
2025-03-17,Lombardia,Altre job board,AZ_IT_BAKECA_LAVORO_ANNUNCI,44.32,5666,114,2
2025-03-17,Lombardia,Altre job board,AZ_IT_CAREERJET_CPC,40.83,4553,121,3
2025-03-17,Lombardia,Altre job board,AZ_IT_TROVOLAVORO_SPONSORED,34.08,2875,49,3
2025-03-17,Marche,Altre job board,AZ_IT_BAKECA_LAVORO_ANNUNCI,8.12,998,20,1
2025-03-17,Marche,Altre job board,AZ_IT_CAREERJET_CPC,5.72,625,17,1
2025-03-17,Marche,Altre job board,AZ_IT_TROVOLAVORO_SPONSORED,4.31,351,6,0
2025-03-17,Molise,Altre job board,AZ_IT_BAKECA_LAVORO_ANNUNCI,1.61,197,4,0
2025-03-17,Molise,Altre job board,AZ_IT_CAREERJET_CPC,0.80,89,2,0
2025-03-17,Molise,Altre job board,AZ_IT_TROVOLAVORO_SPONSORED,1.03,87,2,0
2025-03-17,Piemonte,Altre job board,AZ_IT_BAKECA_LAVORO_ANNUNCI,22.07,2786,50,1
2025-03-17,Piemonte,Altre job board,AZ_IT_CAREERJET_CPC,15.29,1701,48,1
2025-03-17,Piemonte,Altre job board,AZ_IT_TROVOLAVORO_SPONSORED,17.43,1440,27,1
2025-03-17,Puglia,Altre job board,AZ_IT_BAKECA_LAVORO_ANNUNCI,16.62,2016,41,1
2025-03-17,Puglia,Altre job board,AZ_IT_CAREERJET_CPC,13.00,1426,38,1
2025-03-17,Puglia,Altre job board,AZ_IT_TROVOLAVORO_SPONSORED,16.07,1317,22,1
2025-03-17,Sardegna,Altre job board,AZ_IT_BAKECA_LAVORO_ANNUNCI,7.14,865,17,1
2025-03-17,Sardegna,Altre job board,AZ_IT_CAREERJET_CPC,4.09,464,11,0
2025-03-17,Sardegna,Altre job board,AZ_IT_TROVOLAVORO_SPONSORED,6.25,501,9,1
2025-03-17,Sicilia,Altre job board,AZ_IT_BAKECA_LAVORO_ANNUNCI,31.67,3976,75,2
2025-03-17,Sicilia,Altre job board,AZ_IT_CAREERJET_CPC,16.82,1890,50,1
2025-03-17,Sicilia,Altre job board,AZ_IT_TROVOLAVORO_SPONSORED,20.01,1585,27,2
2025-03-17,Toscana,Altre job board,AZ_IT_BAKECA_LAVORO_ANNUNCI,17.79,2188,47,2
2025-03-17,Toscana,Altre job board,AZ_IT_CAREERJET_CPC,6.98,782,19,1
2025-03-17,Toscana,Altre job board,AZ_IT_TROVOLAVORO_SPONSORED,16.48,1316,24,2
2025-03-17,Trentino-Alto Adige,Altre job board,AZ_IT_BAKECA_LAVORO_ANNUNCI,6.38,818,16,1
2025-03-17,Trentino-Alto Adige,Altre job board,AZ_IT_CAREERJET_CPC,4.32,488,13,1
2025-03-17,Trentino-Alto Adige,Altre job board,AZ_IT_TROVOLAVORO_SPONSORED,4.30,353,7,1
2025-03-17,Umbria,Altre job board,AZ_IT_BAKECA_LAVORO_ANNUNCI,4.05,516,11,0
2025-03-17,Umbria,Altre job board,AZ_IT_CAREERJET_CPC,1.68,178,4,0
2025-03-17,Umbria,Altre job board,AZ_IT_TROVOLAVORO_SPONSORED,4.02,312,6,0
2025-03-17,Valle d'Aosta,Altre job board,AZ_IT_BAKECA_LAVORO_ANNUNCI,0.87,105,2,0
2025-03-17,Valle d'Aosta,Altre job board,AZ_IT_CAREERJET_CPC,0.27,30,1,0
2025-03-17,Valle d'Aosta,Altre job board,AZ_IT_TROVOLAVORO_SPONSORED,0.47,38,1,0
2025-03-17,Veneto,Altre job board,AZ_IT_BAKECA_LAVORO_ANNUNCI,20.87,2549,56,2
2025-03-17,Veneto,Altre job board,AZ_IT_CAREERJET_CPC,23.79,2572,71,4
2025-03-17,Veneto,Altre job board,AZ_IT_TROVOLAVORO_SPONSORED,23.07,2045,34,3
2025-03-24,Abruzzo,Altre job board,AZ_IT_BAKECA_LAVORO_ANNUNCI,12.20,1502,31,1
2025-03-24,Abruzzo,Altre job board,AZ_IT_CAREERJET_CPC,5.34,581,15,1
2025-03-24,Abruzzo,Altre job board,AZ_IT_TROVOLAVORO_SPONSORED,15.36,1304,23,2
2025-03-24,Basilicata,Altre job board,AZ_IT_BAKECA_LAVORO_ANNUNCI,4.76,575,13,0
2025-03-24,Basilicata,Altre job board,AZ_IT_CAREERJET_CPC,3.22,348,9,0
2025-03-24,Basilicata,Altre job board,AZ_IT_TROVOLAVORO_SPONSORED,3.52,306,5,0
2025-03-24,Calabria,Altre job board,AZ_IT_BAKECA_LAVORO_ANNUNCI,29.35,3575,80,2
2025-03-24,Calabria,Altre job board,AZ_IT_CAREERJET_CPC,10.83,1222,30,1
2025-03-24,Calabria,Altre job board,AZ_IT_TROVOLAVORO_SPONSORED,16.66,1317,26,1
2025-03-24,Campania,Altre job board,AZ_IT_BAKECA_LAVORO_ANNUNCI,70.98,8652,174,7
2025-03-24,Campania,Altre job board,AZ_IT_CAREERJET_CPC,39.08,4281,102,5
2025-03-24,Campania,Altre job board,AZ_IT_TROVOLAVORO_SPONSORED,68.77,5779,111,10
2025-03-24,Emilia-Romagna,Altre job board,AZ_IT_BAKECA_LAVORO_ANNUNCI,43.89,5397,93,3
2025-03-24,Emilia-Romagna,Altre job board,AZ_IT_CAREERJET_CPC,42.58,4561,120,4
2025-03-24,Emilia-Romagna,Altre job board,AZ_IT_TROVOLAVORO_SPONSORED,36.69,3055,54,3
2025-03-24,Friuli-Venezia Giulia,Altre job board,AZ_IT_BAKECA_LAVORO_ANNUNCI,14.39,1814,36,1
2025-03-24,Friuli-Venezia Giulia,Altre job board,AZ_IT_CAREERJET_CPC,6.22,712,17,1
2025-03-24,Friuli-Venezia Giulia,Altre job board,AZ_IT_TROVOLAVORO_SPONSORED,9.94,797,15,1
2025-03-24,Lazio,Altre job board,AZ_IT_BAKECA_LAVORO_ANNUNCI,60.16,6959,142,4
2025-03-24,Lazio,Altre job board,AZ_IT_CAREERJET_CPC,33.73,3779,101,3
2025-03-24,Lazio,Altre job board,AZ_IT_TROVOLAVORO_SPONSORED,43.04,3536,66,4
2025-03-24,Liguria,Altre job board,AZ_IT_BAKECA_LAVORO_ANNUNCI,15.18,1909,42,1
2025-03-24,Liguria,Altre job board,AZ_IT_CAREERJET_CPC,9.95,1077,26,1
2025-03-24,Liguria,Altre job board,AZ_IT_TROVOLAVORO_SPONSORED,12.30,1056,18,1
2025-03-24,Lombardia,Altre job board,AZ_IT_BAKECA_LAVORO_ANNUNCI,117.40,14912,314,3
2025-03-24,Lombardia,Altre job board,AZ_IT_CAREERJET_CPC,82.96,8694,230,5
2025-03-24,Lombardia,Altre job board,AZ_IT_TROVOLAVORO_SPONSORED,98.37,7943,137,6
2025-03-24,Marche,Altre job board,AZ_IT_BAKECA_LAVORO_ANNUNCI,15.30,1985,39,1
2025-03-24,Marche,Altre job board,AZ_IT_CAREERJET_CPC,12.24,1365,32,1
2025-03-24,Marche,Altre job board,AZ_IT_TROVOLAVORO_SPONSORED,10.75,924,16,1
2025-03-24,Molise,Altre job board,AZ_IT_BAKECA_LAVORO_ANNUNCI,2.78,356,7,0
2025-03-24,Molise,Altre job board,AZ_IT_CAREERJET_CPC,1.56,171,4,0
2025-03-24,Molise,Altre job board,AZ_IT_TROVOLAVORO_SPONSORED,2.58,206,4,0
2025-03-24,Piemonte,Altre job board,AZ_IT_BAKECA_LAVORO_ANNUNCI,59.48,7110,150,3
2025-03-24,Piemonte,Altre job board,AZ_IT_CAREERJET_CPC,35.46,3867,85,2
2025-03-24,Piemonte,Altre job board,AZ_IT_TROVOLAVORO_SPONSORED,36.91,3156,59,2
2025-03-24,Puglia,Altre job board,AZ_IT_BAKECA_LAVORO_ANNUNCI,32.87,4039,79,1
2025-03-24,Puglia,Altre job board,AZ_IT_CAREERJET_CPC,23.09,2494,61,1
2025-03-24,Puglia,Altre job board,AZ_IT_TROVOLAVORO_SPONSORED,43.37,3447,64,3
2025-03-24,Sardegna,Altre job board,AZ_IT_BAKECA_LAVORO_ANNUNCI,11.08,1352,31,1
2025-03-24,Sardegna,Altre job board,AZ_IT_CAREERJET_CPC,8.55,964,23,1
2025-03-24,Sardegna,Altre job board,AZ_IT_TROVOLAVORO_SPONSORED,21.12,1760,35,2
2025-03-24,Sicilia,Altre job board,AZ_IT_BAKECA_LAVORO_ANNUNCI,75.17,9598,207,3
2025-03-24,Sicilia,Altre job board,AZ_IT_CAREERJET_CPC,25.40,3037,77,2
2025-03-24,Sicilia,Altre job board,AZ_IT_TROVOLAVORO_SPONSORED,55.61,4481,79,3
2025-03-24,Toscana,Altre job board,AZ_IT_BAKECA_LAVORO_ANNUNCI,56.56,7191,126,4
2025-03-24,Toscana,Altre job board,AZ_IT_CAREERJET_CPC,22.08,2448,63,2
2025-03-24,Toscana,Altre job board,AZ_IT_TROVOLAVORO_SPONSORED,42.18,3245,53,4
2025-03-24,Trentino-Alto Adige,Altre job board,AZ_IT_BAKECA_LAVORO_ANNUNCI,11.62,1413,25,1
2025-03-24,Trentino-Alto Adige,Altre job board,AZ_IT_CAREERJET_CPC,10.05,1102,28,2
2025-03-24,Trentino-Alto Adige,Altre job board,AZ_IT_TROVOLAVORO_SPONSORED,11.87,983,19,2
2025-03-24,Umbria,Altre job board,AZ_IT_BAKECA_LAVORO_ANNUNCI,8.19,1005,20,0
2025-03-24,Umbria,Altre job board,AZ_IT_CAREERJET_CPC,6.83,758,20,0
2025-03-24,Umbria,Altre job board,AZ_IT_TROVOLAVORO_SPONSORED,9.15,795,15,1
2025-03-24,Valle d'Aosta,Altre job board,AZ_IT_BAKECA_LAVORO_ANNUNCI,2.16,268,5,0
2025-03-24,Valle d'Aosta,Altre job board,AZ_IT_CAREERJET_CPC,0.69,75,2,0
2025-03-24,Valle d'Aosta,Altre job board,AZ_IT_TROVOLAVORO_SPONSORED,1.24,106,2,0
2025-03-24,Veneto,Altre job board,AZ_IT_BAKECA_LAVORO_ANNUNCI,56.21,6974,124,5
2025-03-24,Veneto,Altre job board,AZ_IT_CAREERJET_CPC,31.76,3614,88,4
2025-03-24,Veneto,Altre job board,AZ_IT_TROVOLAVORO_SPONSORED,39.23,3233,61,5
2025-03-31,Abruzzo,Altre job board,AZ_IT_BAKECA_LAVORO_ANNUNCI,16.99,2066,47,2
2025-03-31,Abruzzo,Altre job board,AZ_IT_CAREERJET_CPC,3.85,423,11,1
2025-03-31,Abruzzo,Altre job board,AZ_IT_TROVOLAVORO_SPONSORED,8.46,689,11,2
2025-03-31,Basilicata,Altre job board,AZ_IT_BAKECA_LAVORO_ANNUNCI,8.30,1038,20,1
2025-03-31,Basilicata,Altre job board,AZ_IT_CAREERJET_CPC,1.53,174,5,0
2025-03-31,Basilicata,Altre job board,AZ_IT_TROVOLAVORO_SPONSORED,3.72,311,5,0
2025-03-31,Calabria,Altre job board,AZ_IT_BAKECA_LAVORO_ANNUNCI,14.55,1824,37,1
2025-03-31,Calabria,Altre job board,AZ_IT_CAREERJET_CPC,7.12,803,23,1
2025-03-31,Calabria,Altre job board,AZ_IT_TROVOLAVORO_SPONSORED,15.36,1283,24,2
2025-03-31,Campania,Altre job board,AZ_IT_BAKECA_LAVORO_ANNUNCI,30.90,4021,82,4
2025-03-31,Campania,Altre job board,AZ_IT_CAREERJET_CPC,33.64,3684,98,6
2025-03-31,Campania,Altre job board,AZ_IT_TROVOLAVORO_SPONSORED,39.34,3379,68,7
2025-03-31,Emilia-Romagna,Altre job board,AZ_IT_BAKECA_LAVORO_ANNUNCI,30.10,3959,87,3
2025-03-31,Emilia-Romagna,Altre job board,AZ_IT_CAREERJET_CPC,17.02,1868,54,1
2025-03-31,Emilia-Romagna,Altre job board,AZ_IT_TROVOLAVORO_SPONSORED,29.99,2451,50,3
2025-03-31,Friuli-Venezia Giulia,Altre job board,AZ_IT_BAKECA_LAVORO_ANNUNCI,8.11,971,19,1
2025-03-31,Friuli-Venezia Giulia,Altre job board,AZ_IT_CAREERJET_CPC,4.71,509,14,0
2025-03-31,Friuli-Venezia Giulia,Altre job board,AZ_IT_TROVOLAVORO_SPONSORED,5.99,517,9,1
2025-03-31,Lazio,Altre job board,AZ_IT_BAKECA_LAVORO_ANNUNCI,41.85,5336,112,3
2025-03-31,Lazio,Altre job board,AZ_IT_CAREERJET_CPC,31.44,3456,95,3
2025-03-31,Lazio,Altre job board,AZ_IT_TROVOLAVORO_SPONSORED,37.43,2905,53,4
2025-03-31,Liguria,Altre job board,AZ_IT_BAKECA_LAVORO_ANNUNCI,15.73,2046,37,2
2025-03-31,Liguria,Altre job board,AZ_IT_CAREERJET_CPC,7.09,805,21,1
2025-03-31,Liguria,Altre job board,AZ_IT_TROVOLAVORO_SPONSORED,4.58,396,7,1
2025-03-31,Lombardia,Altre job board,AZ_IT_BAKECA_LAVORO_ANNUNCI,89.45,10620,198,4
2025-03-31,Lombardia,Altre job board,AZ_IT_CAREERJET_CPC,36.66,4086,108,2
2025-03-31,Lombardia,Altre job board,AZ_IT_TROVOLAVORO_SPONSORED,54.77,4285,77,4
2025-03-31,Marche,Altre job board,AZ_IT_BAKECA_LAVORO_ANNUNCI,9.33,1143,23,1
2025-03-31,Marche,Altre job board,AZ_IT_CAREERJET_CPC,6.20,714,18,1
2025-03-31,Marche,Altre job board,AZ_IT_TROVOLAVORO_SPONSORED,7.67,651,11,1
2025-03-31,Molise,Altre job board,AZ_IT_BAKECA_LAVORO_ANNUNCI,2.66,315,6,0
2025-03-31,Molise,Altre job board,AZ_IT_CAREERJET_CPC,1.85,195,5,0
2025-03-31,Molise,Altre job board,AZ_IT_TROVOLAVORO_SPONSORED,1.86,158,3,0
2025-03-31,Piemonte,Altre job board,AZ_IT_BAKECA_LAVORO_ANNUNCI,32.61,4127,82,2
2025-03-31,Piemonte,Altre job board,AZ_IT_CAREERJET_CPC,16.14,1750,48,1
2025-03-31,Piemonte,Altre job board,AZ_IT_TROVOLAVORO_SPONSORED,27.47,2306,40,2
2025-03-31,Puglia,Altre job board,AZ_IT_BAKECA_LAVORO_ANNUNCI,43.70,5455,120,3
2025-03-31,Puglia,Altre job board,AZ_IT_CAREERJET_CPC,16.99,1852,51,1
2025-03-31,Puglia,Altre job board,AZ_IT_TROVOLAVORO_SPONSORED,22.91,1934,35,2
2025-03-31,Sardegna,Altre job board,AZ_IT_BAKECA_LAVORO_ANNUNCI,10.33,1340,26,1
2025-03-31,Sardegna,Altre job board,AZ_IT_CAREERJET_CPC,5.74,642,17,1
2025-03-31,Sardegna,Altre job board,AZ_IT_TROVOLAVORO_SPONSORED,13.86,1161,20,1
2025-03-31,Sicilia,Altre job board,AZ_IT_BAKECA_LAVORO_ANNUNCI,35.70,4476,87,2
2025-03-31,Sicilia,Altre job board,AZ_IT_CAREERJET_CPC,22.50,2609,60,2
2025-03-31,Sicilia,Altre job board,AZ_IT_TROVOLAVORO_SPONSORED,30.13,2530,52,3
2025-03-31,Toscana,Altre job board,AZ_IT_BAKECA_LAVORO_ANNUNCI,20.31,2529,47,2
2025-03-31,Toscana,Altre job board,AZ_IT_CAREERJET_CPC,12.75,1432,37,1
2025-03-31,Toscana,Altre job board,AZ_IT_TROVOLAVORO_SPONSORED,34.26,2772,52,4
2025-03-31,Trentino-Alto Adige,Altre job board,AZ_IT_BAKECA_LAVORO_ANNUNCI,7.88,1024,19,2
2025-03-31,Trentino-Alto Adige,Altre job board,AZ_IT_CAREERJET_CPC,5.37,635,16,1
2025-03-31,Trentino-Alto Adige,Altre job board,AZ_IT_TROVOLAVORO_SPONSORED,5.28,457,9,1
2025-03-31,Umbria,Altre job board,AZ_IT_BAKECA_LAVORO_ANNUNCI,10.57,1364,26,1
2025-03-31,Umbria,Altre job board,AZ_IT_CAREERJET_CPC,4.58,498,12,0
2025-03-31,Umbria,Altre job board,AZ_IT_TROVOLAVORO_SPONSORED,4.47,388,7,0
2025-03-31,Valle d'Aosta,Altre job board,AZ_IT_BAKECA_LAVORO_ANNUNCI,1.11,142,3,0
2025-03-31,Valle d'Aosta,Altre job board,AZ_IT_CAREERJET_CPC,0.66,75,2,0
2025-03-31,Valle d'Aosta,Altre job board,AZ_IT_TROVOLAVORO_SPONSORED,0.49,41,1,0
2025-03-31,Veneto,Altre job board,AZ_IT_BAKECA_LAVORO_ANNUNCI,54.50,6823,135,6
2025-03-31,Veneto,Altre job board,AZ_IT_CAREERJET_CPC,20.94,2338,61,3
2025-03-31,Veneto,Altre job board,AZ_IT_TROVOLAVORO_SPONSORED,23.28,1959,37,4
2025-04-07,Abruzzo,Altre job board,AZ_IT_BAKECA_LAVORO_ANNUNCI,19.76,2434,49,2
2025-04-07,Abruzzo,Altre job board,AZ_IT_CAREERJET_CPC,10.80,1249,34,1
2025-04-07,Abruzzo,Altre job board,AZ_IT_TROVOLAVORO_SPONSORED,12.59,1077,19,2
2025-04-07,Basilicata,Altre job board,AZ_IT_BAKECA_LAVORO_ANNUNCI,9.28,1217,26,1
2025-04-07,Basilicata,Altre job board,AZ_IT_CAREERJET_CPC,4.77,529,16,0
2025-04-07,Basilicata,Altre job board,AZ_IT_TROVOLAVORO_SPONSORED,4.47,385,6,1
2025-04-07,Calabria,Altre job board,AZ_IT_BAKECA_LAVORO_ANNUNCI,39.79,4911,93,2
2025-04-07,Calabria,Altre job board,AZ_IT_CAREERJET_CPC,19.06,2163,54,1
2025-04-07,Calabria,Altre job board,AZ_IT_TROVOLAVORO_SPONSORED,14.16,1184,22,1
2025-04-07,Campania,Altre job board,AZ_IT_BAKECA_LAVORO_ANNUNCI,74.37,9502,217,8
2025-04-07,Campania,Altre job board,AZ_IT_CAREERJET_CPC,59.68,6856,180,7
2025-04-07,Campania,Altre job board,AZ_IT_TROVOLAVORO_SPONSORED,65.40,5385,102,9
2025-04-07,Emilia-Romagna,Altre job board,AZ_IT_BAKECA_LAVORO_ANNUNCI,63.32,7535,154,3
2025-04-07,Emilia-Romagna,Altre job board,AZ_IT_CAREERJET_CPC,38.83,4040,94,2
2025-04-07,Emilia-Romagna,Altre job board,AZ_IT_TROVOLAVORO_SPONSORED,55.26,4403,64,4
2025-04-07,Friuli-Venezia Giulia,Altre job board,AZ_IT_BAKECA_LAVORO_ANNUNCI,25.53,3196,69,1
2025-04-07,Friuli-Venezia Giulia,Altre job board,AZ_IT_CAREERJET_CPC,12.75,1457,40,1
2025-04-07,Friuli-Venezia Giulia,Altre job board,AZ_IT_TROVOLAVORO_SPONSORED,14.16,1140,22,1
2025-04-07,Lazio,Altre job board,AZ_IT_BAKECA_LAVORO_ANNUNCI,68.20,8549,197,4
2025-04-07,Lazio,Altre job board,AZ_IT_CAREERJET_CPC,38.94,4425,113,3
2025-04-07,Lazio,Altre job board,AZ_IT_TROVOLAVORO_SPONSORED,47.12,4099,68,4
2025-04-07,Liguria,Altre job board,AZ_IT_BAKECA_LAVORO_ANNUNCI,14.50,1758,35,1
2025-04-07,Liguria,Altre job board,AZ_IT_CAREERJET_CPC,12.98,1384,34,1
2025-04-07,Liguria,Altre job board,AZ_IT_TROVOLAVORO_SPONSORED,23.38,2152,39,3
2025-04-07,Lombardia,Altre job board,AZ_IT_BAKECA_LAVORO_ANNUNCI,161.00,20288,407,7
2025-04-07,Lombardia,Altre job board,AZ_IT_CAREERJET_CPC,77.36,8565,209,4
2025-04-07,Lombardia,Altre job board,AZ_IT_TROVOLAVORO_SPONSORED,113.76,9980,202,7
2025-04-07,Marche,Altre job board,AZ_IT_BAKECA_LAVORO_ANNUNCI,22.63,2864,55,1
2025-04-07,Marche,Altre job board,AZ_IT_CAREERJET_CPC,15.84,1775,47,1
2025-04-07,Marche,Altre job board,AZ_IT_TROVOLAVORO_SPONSORED,13.73,1128,22,1
2025-04-07,Molise,Altre job board,AZ_IT_BAKECA_LAVORO_ANNUNCI,4.57,577,12,0
2025-04-07,Molise,Altre job board,AZ_IT_CAREERJET_CPC,3.60,403,11,0
2025-04-07,Molise,Altre job board,AZ_IT_TROVOLAVORO_SPONSORED,3.48,288,6,0
2025-04-07,Piemonte,Altre job board,AZ_IT_BAKECA_LAVORO_ANNUNCI,86.50,10532,216,3
2025-04-07,Piemonte,Altre job board,AZ_IT_CAREERJET_CPC,26.84,2869,75,1
2025-04-07,Piemonte,Altre job board,AZ_IT_TROVOLAVORO_SPONSORED,60.37,4855,86,3
2025-04-07,Puglia,Altre job board,AZ_IT_BAKECA_LAVORO_ANNUNCI,49.40,6230,130,3
2025-04-07,Puglia,Altre job board,AZ_IT_CAREERJET_CPC,31.20,3611,98,2
2025-04-07,Puglia,Altre job board,AZ_IT_TROVOLAVORO_SPONSORED,31.27,2428,48,2
2025-04-07,Sardegna,Altre job board,AZ_IT_BAKECA_LAVORO_ANNUNCI,14.92,1928,36,1
2025-04-07,Sardegna,Altre job board,AZ_IT_CAREERJET_CPC,10.11,1189,26,1
2025-04-07,Sardegna,Altre job board,AZ_IT_TROVOLAVORO_SPONSORED,17.14,1496,25,2
2025-04-07,Sicilia,Altre job board,AZ_IT_BAKECA_LAVORO_ANNUNCI,78.84,9335,185,4
2025-04-07,Sicilia,Altre job board,AZ_IT_CAREERJET_CPC,29.32,3258,81,2
2025-04-07,Sicilia,Altre job board,AZ_IT_TROVOLAVORO_SPONSORED,56.35,4788,83,4
2025-04-07,Toscana,Altre job board,AZ_IT_BAKECA_LAVORO_ANNUNCI,40.97,5217,97,3
2025-04-07,Toscana,Altre job board,AZ_IT_CAREERJET_CPC,39.25,4127,121,3
2025-04-07,Toscana,Altre job board,AZ_IT_TROVOLAVORO_SPONSORED,37.68,3116,52,4
2025-04-07,Trentino-Alto Adige,Altre job board,AZ_IT_BAKECA_LAVORO_ANNUNCI,23.81,2991,54,3
2025-04-07,Trentino-Alto Adige,Altre job board,AZ_IT_CAREERJET_CPC,8.52,991,26,1
2025-04-07,Trentino-Alto Adige,Altre job board,AZ_IT_TROVOLAVORO_SPONSORED,11.68,929,16,2
2025-04-07,Umbria,Altre job board,AZ_IT_BAKECA_LAVORO_ANNUNCI,9.83,1204,24,0
2025-04-07,Umbria,Altre job board,AZ_IT_CAREERJET_CPC,5.70,638,15,0
2025-04-07,Umbria,Altre job board,AZ_IT_TROVOLAVORO_SPONSORED,12.32,1020,20,1
2025-04-07,Valle d'Aosta,Altre job board,AZ_IT_BAKECA_LAVORO_ANNUNCI,1.58,193,4,0
2025-04-07,Valle d'Aosta,Altre job board,AZ_IT_CAREERJET_CPC,1.33,141,3,0
2025-04-07,Valle d'Aosta,Altre job board,AZ_IT_TROVOLAVORO_SPONSORED,1.23,103,2,0
2025-04-07,Veneto,Altre job board,AZ_IT_BAKECA_LAVORO_ANNUNCI,38.69,5207,103,4
2025-04-07,Veneto,Altre job board,AZ_IT_CAREERJET_CPC,29.21,3303,91,3
2025-04-07,Veneto,Altre job board,AZ_IT_TROVOLAVORO_SPONSORED,78.44,6347,119,9
2025-04-14,Abruzzo,Altre job board,AZ_IT_BAKECA_LAVORO_ANNUNCI,10.25,1285,26,1
2025-04-14,Abruzzo,Altre job board,AZ_IT_CAREERJET_CPC,7.25,824,21,1
2025-04-14,Abruzzo,Altre job board,AZ_IT_TROVOLAVORO_SPONSORED,6.71,572,11,1
2025-04-14,Basilicata,Altre job board,AZ_IT_BAKECA_LAVORO_ANNUNCI,3.39,435,9,0
2025-04-14,Basilicata,Altre job board,AZ_IT_CAREERJET_CPC,1.89,215,6,0
2025-04-14,Basilicata,Altre job board,AZ_IT_TROVOLAVORO_SPONSORED,4.12,359,8,1
2025-04-14,Calabria,Altre job board,AZ_IT_BAKECA_LAVORO_ANNUNCI,7.09,890,16,1
2025-04-14,Calabria,Altre job board,AZ_IT_CAREERJET_CPC,10.55,1217,29,1
2025-04-14,Calabria,Altre job board,AZ_IT_TROVOLAVORO_SPONSORED,6.38,521,8,1
2025-04-14,Campania,Altre job board,AZ_IT_BAKECA_LAVORO_ANNUNCI,28.13,3540,73,5
2025-04-14,Campania,Altre job board,AZ_IT_CAREERJET_CPC,31.03,3629,103,6
2025-04-14,Campania,Altre job board,AZ_IT_TROVOLAVORO_SPONSORED,28.35,2385,39,7
2025-04-14,Emilia-Romagna,Altre job board,AZ_IT_BAKECA_LAVORO_ANNUNCI,24.72,3179,64,2
2025-04-14,Emilia-Romagna,Altre job board,AZ_IT_CAREERJET_CPC,20.33,2271,54,2
2025-04-14,Emilia-Romagna,Altre job board,AZ_IT_TROVOLAVORO_SPONSORED,29.81,2540,44,3
2025-04-14,Friuli-Venezia Giulia,Altre job board,AZ_IT_BAKECA_LAVORO_ANNUNCI,6.52,846,16,1
2025-04-14,Friuli-Venezia Giulia,Altre job board,AZ_IT_CAREERJET_CPC,4.23,470,12,0
2025-04-14,Friuli-Venezia Giulia,Altre job board,AZ_IT_TROVOLAVORO_SPONSORED,9.33,733,14,1
2025-04-14,Lazio,Altre job board,AZ_IT_BAKECA_LAVORO_ANNUNCI,42.31,5460,113,3
2025-04-14,Lazio,Altre job board,AZ_IT_CAREERJET_CPC,16.87,1774,46,1
2025-04-14,Lazio,Altre job board,AZ_IT_TROVOLAVORO_SPONSORED,39.33,3121,54,4
2025-04-14,Liguria,Altre job board,AZ_IT_BAKECA_LAVORO_ANNUNCI,8.87,1039,20,1
2025-04-14,Liguria,Altre job board,AZ_IT_CAREERJET_CPC,4.93,553,15,1
2025-04-14,Liguria,Altre job board,AZ_IT_TROVOLAVORO_SPONSORED,6.94,601,13,1
2025-04-14,Lombardia,Altre job board,AZ_IT_BAKECA_LAVORO_ANNUNCI,55.53,7103,140,4
2025-04-14,Lombardia,Altre job board,AZ_IT_CAREERJET_CPC,36.46,4028,104,3
2025-04-14,Lombardia,Altre job board,AZ_IT_TROVOLAVORO_SPONSORED,48.57,4003,74,4
2025-04-14,Marche,Altre job board,AZ_IT_BAKECA_LAVORO_ANNUNCI,12.04,1459,30,1
2025-04-14,Marche,Altre job board,AZ_IT_CAREERJET_CPC,6.32,706,21,1
2025-04-14,Marche,Altre job board,AZ_IT_TROVOLAVORO_SPONSORED,11.15,959,17,1
2025-04-14,Molise,Altre job board,AZ_IT_BAKECA_LAVORO_ANNUNCI,1.92,234,5,0
2025-04-14,Molise,Altre job board,AZ_IT_CAREERJET_CPC,0.94,100,3,0
2025-04-14,Molise,Altre job board,AZ_IT_TROVOLAVORO_SPONSORED,1.12,97,2,0
2025-04-14,Piemonte,Altre job board,AZ_IT_BAKECA_LAVORO_ANNUNCI,21.47,2792,55,1
2025-04-14,Piemonte,Altre job board,AZ_IT_CAREERJET_CPC,17.06,1943,52,1
2025-04-14,Piemonte,Altre job board,AZ_IT_TROVOLAVORO_SPONSORED,16.47,1391,25,2
2025-04-14,Puglia,Altre job board,AZ_IT_BAKECA_LAVORO_ANNUNCI,32.70,4099,81,2
2025-04-14,Puglia,Altre job board,AZ_IT_CAREERJET_CPC,19.44,2225,57,2
2025-04-14,Puglia,Altre job board,AZ_IT_TROVOLAVORO_SPONSORED,17.36,1423,26,2
2025-04-14,Sardegna,Altre job board,AZ_IT_BAKECA_LAVORO_ANNUNCI,8.24,986,20,1
2025-04-14,Sardegna,Altre job board,AZ_IT_CAREERJET_CPC,4.45,482,12,1
2025-04-14,Sardegna,Altre job board,AZ_IT_TROVOLAVORO_SPONSORED,7.74,662,12,1
2025-04-14,Sicilia,Altre job board,AZ_IT_BAKECA_LAVORO_ANNUNCI,42.10,5305,102,3
2025-04-14,Sicilia,Altre job board,AZ_IT_CAREERJET_CPC,7.63,860,22,1
2025-04-14,Sicilia,Altre job board,AZ_IT_TROVOLAVORO_SPONSORED,36.62,3253,59,3
2025-04-14,Toscana,Altre job board,AZ_IT_BAKECA_LAVORO_ANNUNCI,24.82,3180,62,3
2025-04-14,Toscana,Altre job board,AZ_IT_CAREERJET_CPC,11.65,1268,32,2
2025-04-14,Toscana,Altre job board,AZ_IT_TROVOLAVORO_SPONSORED,25.45,2216,45,4
2025-04-14,Trentino-Alto Adige,Altre job board,AZ_IT_BAKECA_LAVORO_ANNUNCI,7.30,945,16,1
2025-04-14,Trentino-Alto Adige,Altre job board,AZ_IT_CAREERJET_CPC,3.72,388,10,1
2025-04-14,Trentino-Alto Adige,Altre job board,AZ_IT_TROVOLAVORO_SPONSORED,5.23,429,7,1
2025-04-14,Umbria,Altre job board,AZ_IT_BAKECA_LAVORO_ANNUNCI,3.67,445,9,0
2025-04-14,Umbria,Altre job board,AZ_IT_CAREERJET_CPC,2.87,306,8,0
2025-04-14,Umbria,Altre job board,AZ_IT_TROVOLAVORO_SPONSORED,7.74,615,12,1
2025-04-14,Valle d'Aosta,Altre job board,AZ_IT_BAKECA_LAVORO_ANNUNCI,0.75,91,2,0
2025-04-14,Valle d'Aosta,Altre job board,AZ_IT_CAREERJET_CPC,0.44,49,1,0
2025-04-14,Valle d'Aosta,Altre job board,AZ_IT_TROVOLAVORO_SPONSORED,0.81,69,1,0
2025-04-14,Veneto,Altre job board,AZ_IT_BAKECA_LAVORO_ANNUNCI,18.54,2503,52,3
2025-04-14,Veneto,Altre job board,AZ_IT_CAREERJET_CPC,16.82,1862,49,3
2025-04-14,Veneto,Altre job board,AZ_IT_TROVOLAVORO_SPONSORED,22.89,1958,32,5
2025-04-21,Abruzzo,Altre job board,AZ_IT_BAKECA_LAVORO_ANNUNCI,8.56,1002,19,1
2025-04-21,Abruzzo,Altre job board,AZ_IT_CAREERJET_CPC,15.03,1678,44,2
2025-04-21,Abruzzo,Altre job board,AZ_IT_TROVOLAVORO_SPONSORED,4.91,400,7,1
2025-04-21,Basilicata,Altre job board,AZ_IT_BAKECA_LAVORO_ANNUNCI,5.00,651,14,0
2025-04-21,Basilicata,Altre job board,AZ_IT_CAREERJET_CPC,3.60,399,10,0
2025-04-21,Basilicata,Altre job board,AZ_IT_TROVOLAVORO_SPONSORED,5.14,441,7,1
2025-04-21,Calabria,Altre job board,AZ_IT_BAKECA_LAVORO_ANNUNCI,10.94,1350,29,1
2025-04-21,Calabria,Altre job board,AZ_IT_CAREERJET_CPC,9.57,1086,25,1
2025-04-21,Calabria,Altre job board,AZ_IT_TROVOLAVORO_SPONSORED,10.41,855,16,1
2025-04-21,Campania,Altre job board,AZ_IT_BAKECA_LAVORO_ANNUNCI,61.88,7541,129,7
2025-04-21,Campania,Altre job board,AZ_IT_CAREERJET_CPC,29.21,3206,79,4
2025-04-21,Campania,Altre job board,AZ_IT_TROVOLAVORO_SPONSORED,43.93,3587,67,7
2025-04-21,Emilia-Romagna,Altre job board,AZ_IT_BAKECA_LAVORO_ANNUNCI,34.00,4210,84,3
2025-04-21,Emilia-Romagna,Altre job board,AZ_IT_CAREERJET_CPC,21.78,2335,61,2
2025-04-21,Emilia-Romagna,Altre job board,AZ_IT_TROVOLAVORO_SPONSORED,27.88,2344,44,3
2025-04-21,Friuli-Venezia Giulia,Altre job board,AZ_IT_BAKECA_LAVORO_ANNUNCI,11.84,1473,32,1
2025-04-21,Friuli-Venezia Giulia,Altre job board,AZ_IT_CAREERJET_CPC,8.71,961,23,1
2025-04-21,Friuli-Venezia Giulia,Altre job board,AZ_IT_TROVOLAVORO_SPONSORED,9.25,745,14,1
2025-04-21,Lazio,Altre job board,AZ_IT_BAKECA_LAVORO_ANNUNCI,63.82,7863,148,4
2025-04-21,Lazio,Altre job board,AZ_IT_CAREERJET_CPC,32.67,3495,105,3
2025-04-21,Lazio,Altre job board,AZ_IT_TROVOLAVORO_SPONSORED,36.11,2981,53,3
2025-04-21,Liguria,Altre job board,AZ_IT_BAKECA_LAVORO_ANNUNCI,13.98,1731,31,1
2025-04-21,Liguria,Altre job board,AZ_IT_CAREERJET_CPC,7.55,808,20,1
2025-04-21,Liguria,Altre job board,AZ_IT_TROVOLAVORO_SPONSORED,6.15,506,9,1
2025-04-21,Lombardia,Altre job board,AZ_IT_BAKECA_LAVORO_ANNUNCI,85.68,10712,202,4
2025-04-21,Lombardia,Altre job board,AZ_IT_CAREERJET_CPC,74.63,8221,215,5
2025-04-21,Lombardia,Altre job board,AZ_IT_TROVOLAVORO_SPONSORED,76.24,6451,121,5
2025-04-21,Marche,Altre job board,AZ_IT_BAKECA_LAVORO_ANNUNCI,17.96,2226,44,1
2025-04-21,Marche,Altre job board,AZ_IT_CAREERJET_CPC,9.36,1060,29,1
2025-04-21,Marche,Altre job board,AZ_IT_TROVOLAVORO_SPONSORED,8.26,675,13,1
2025-04-21,Molise,Altre job board,AZ_IT_BAKECA_LAVORO_ANNUNCI,4.71,611,13,0
2025-04-21,Molise,Altre job board,AZ_IT_CAREERJET_CPC,2.03,217,6,0
2025-04-21,Molise,Altre job board,AZ_IT_TROVOLAVORO_SPONSORED,1.08,88,2,0
2025-04-21,Piemonte,Altre job board,AZ_IT_BAKECA_LAVORO_ANNUNCI,60.35,7514,152,3
2025-04-21,Piemonte,Altre job board,AZ_IT_CAREERJET_CPC,27.40,2906,74,2
2025-04-21,Piemonte,Altre job board,AZ_IT_TROVOLAVORO_SPONSORED,39.30,3176,58,3
2025-04-21,Puglia,Altre job board,AZ_IT_BAKECA_LAVORO_ANNUNCI,30.79,3841,73,2
2025-04-21,Puglia,Altre job board,AZ_IT_CAREERJET_CPC,25.38,2831,66,2
2025-04-21,Puglia,Altre job board,AZ_IT_TROVOLAVORO_SPONSORED,30.86,2654,51,3
2025-04-21,Sardegna,Altre job board,AZ_IT_BAKECA_LAVORO_ANNUNCI,9.67,1156,24,1
2025-04-21,Sardegna,Altre job board,AZ_IT_CAREERJET_CPC,7.40,858,24,1
2025-04-21,Sardegna,Altre job board,AZ_IT_TROVOLAVORO_SPONSORED,8.80,710,12,1
2025-04-21,Sicilia,Altre job board,AZ_IT_BAKECA_LAVORO_ANNUNCI,50.29,6743,139,3
2025-04-21,Sicilia,Altre job board,AZ_IT_CAREERJET_CPC,24.08,2652,72,2
2025-04-21,Sicilia,Altre job board,AZ_IT_TROVOLAVORO_SPONSORED,25.95,2209,42,2
2025-04-21,Toscana,Altre job board,AZ_IT_BAKECA_LAVORO_ANNUNCI,38.97,4823,100,3
2025-04-21,Toscana,Altre job board,AZ_IT_CAREERJET_CPC,18.07,2014,53,2
2025-04-21,Toscana,Altre job board,AZ_IT_TROVOLAVORO_SPONSORED,36.11,3011,53,4
2025-04-21,Trentino-Alto Adige,Altre job board,AZ_IT_BAKECA_LAVORO_ANNUNCI,8.16,1039,21,1
2025-04-21,Trentino-Alto Adige,Altre job board,AZ_IT_CAREERJET_CPC,5.01,523,13,1
2025-04-21,Trentino-Alto Adige,Altre job board,AZ_IT_TROVOLAVORO_SPONSORED,5.35,447,8,1
2025-04-21,Umbria,Altre job board,AZ_IT_BAKECA_LAVORO_ANNUNCI,10.39,1262,26,1
2025-04-21,Umbria,Altre job board,AZ_IT_CAREERJET_CPC,5.91,679,17,0
2025-04-21,Umbria,Altre job board,AZ_IT_TROVOLAVORO_SPONSORED,3.54,288,5,0
2025-04-21,Valle d'Aosta,Altre job board,AZ_IT_BAKECA_LAVORO_ANNUNCI,2.09,251,5,0
2025-04-21,Valle d'Aosta,Altre job board,AZ_IT_CAREERJET_CPC,0.65,72,2,0
2025-04-21,Valle d'Aosta,Altre job board,AZ_IT_TROVOLAVORO_SPONSORED,0.72,60,1,0
2025-04-21,Veneto,Altre job board,AZ_IT_BAKECA_LAVORO_ANNUNCI,48.60,5796,122,5
2025-04-21,Veneto,Altre job board,AZ_IT_CAREERJET_CPC,32.88,3698,100,4
2025-04-21,Veneto,Altre job board,AZ_IT_TROVOLAVORO_SPONSORED,23.84,1950,35,3
2025-04-28,Abruzzo,Altre job board,AZ_IT_BAKECA_LAVORO_ANNUNCI,14.64,1796,36,1
2025-04-28,Abruzzo,Altre job board,AZ_IT_CAREERJET_CPC,6.10,668,16,1
2025-04-28,Abruzzo,Altre job board,AZ_IT_TROVOLAVORO_SPONSORED,11.05,957,18,2
2025-04-28,Basilicata,Altre job board,AZ_IT_BAKECA_LAVORO_ANNUNCI,6.85,870,18,1
2025-04-28,Basilicata,Altre job board,AZ_IT_CAREERJET_CPC,2.86,324,9,0
2025-04-28,Basilicata,Altre job board,AZ_IT_TROVOLAVORO_SPONSORED,5.32,444,8,1
2025-04-28,Calabria,Altre job board,AZ_IT_BAKECA_LAVORO_ANNUNCI,33.43,4247,87,2
2025-04-28,Calabria,Altre job board,AZ_IT_CAREERJET_CPC,10.41,1151,30,1
2025-04-28,Calabria,Altre job board,AZ_IT_TROVOLAVORO_SPONSORED,13.39,1115,20,1
2025-04-28,Campania,Altre job board,AZ_IT_BAKECA_LAVORO_ANNUNCI,84.31,10805,239,9
2025-04-28,Campania,Altre job board,AZ_IT_CAREERJET_CPC,37.31,4234,101,6
2025-04-28,Campania,Altre job board,AZ_IT_TROVOLAVORO_SPONSORED,50.82,4280,76,7
2025-04-28,Emilia-Romagna,Altre job board,AZ_IT_BAKECA_LAVORO_ANNUNCI,66.85,8458,176,5
2025-04-28,Emilia-Romagna,Altre job board,AZ_IT_CAREERJET_CPC,36.17,3794,101,3
2025-04-28,Emilia-Romagna,Altre job board,AZ_IT_TROVOLAVORO_SPONSORED,32.44,2783,51,3
2025-04-28,Friuli-Venezia Giulia,Altre job board,AZ_IT_BAKECA_LAVORO_ANNUNCI,14.27,1780,37,1
2025-04-28,Friuli-Venezia Giulia,Altre job board,AZ_IT_CAREERJET_CPC,8.08,879,23,1
2025-04-28,Friuli-Venezia Giulia,Altre job board,AZ_IT_TROVOLAVORO_SPONSORED,12.26,1033,18,1
2025-04-28,Lazio,Altre job board,AZ_IT_BAKECA_LAVORO_ANNUNCI,78.60,9961,221,5
2025-04-28,Lazio,Altre job board,AZ_IT_CAREERJET_CPC,26.60,2967,69,2
2025-04-28,Lazio,Altre job board,AZ_IT_TROVOLAVORO_SPONSORED,59.59,5014,86,6
2025-04-28,Liguria,Altre job board,AZ_IT_BAKECA_LAVORO_ANNUNCI,19.66,2485,52,2
2025-04-28,Liguria,Altre job board,AZ_IT_CAREERJET_CPC,9.59,1059,27,1
2025-04-28,Liguria,Altre job board,AZ_IT_TROVOLAVORO_SPONSORED,6.69,559,11,1
2025-04-28,Lombardia,Altre job board,AZ_IT_BAKECA_LAVORO_ANNUNCI,63.45,7403,139,3
2025-04-28,Lombardia,Altre job board,AZ_IT_CAREERJET_CPC,40.64,4442,102,2
2025-04-28,Lombardia,Altre job board,AZ_IT_TROVOLAVORO_SPONSORED,74.27,6301,110,5
2025-04-28,Marche,Altre job board,AZ_IT_BAKECA_LAVORO_ANNUNCI,12.76,1593,32,1
2025-04-28,Marche,Altre job board,AZ_IT_CAREERJET_CPC,8.63,969,26,1
2025-04-28,Marche,Altre job board,AZ_IT_TROVOLAVORO_SPONSORED,19.71,1572,27,2
2025-04-28,Molise,Altre job board,AZ_IT_BAKECA_LAVORO_ANNUNCI,2.79,360,6,0
2025-04-28,Molise,Altre job board,AZ_IT_CAREERJET_CPC,2.32,268,7,0
2025-04-28,Molise,Altre job board,AZ_IT_TROVOLAVORO_SPONSORED,2.75,228,4,0
2025-04-28,Piemonte,Altre job board,AZ_IT_BAKECA_LAVORO_ANNUNCI,45.67,5818,107,2
2025-04-28,Piemonte,Altre job board,AZ_IT_CAREERJET_CPC,35.05,3817,104,2
2025-04-28,Piemonte,Altre job board,AZ_IT_TROVOLAVORO_SPONSORED,46.07,3834,68,3
2025-04-28,Puglia,Altre job board,AZ_IT_BAKECA_LAVORO_ANNUNCI,27.77,3299,53,1
2025-04-28,Puglia,Altre job board,AZ_IT_CAREERJET_CPC,27.21,3142,75,2
2025-04-28,Puglia,Altre job board,AZ_IT_TROVOLAVORO_SPONSORED,39.86,3295,52,3
2025-04-28,Sardegna,Altre job board,AZ_IT_BAKECA_LAVORO_ANNUNCI,31.63,3939,89,2
2025-04-28,Sardegna,Altre job board,AZ_IT_CAREERJET_CPC,8.11,900,25,1
2025-04-28,Sardegna,Altre job board,AZ_IT_TROVOLAVORO_SPONSORED,19.54,1620,28,2
2025-04-28,Sicilia,Altre job board,AZ_IT_BAKECA_LAVORO_ANNUNCI,74.61,9706,223,4
2025-04-28,Sicilia,Altre job board,AZ_IT_CAREERJET_CPC,47.89,5361,144,3
2025-04-28,Sicilia,Altre job board,AZ_IT_TROVOLAVORO_SPONSORED,29.85,2607,47,2
2025-04-28,Toscana,Altre job board,AZ_IT_BAKECA_LAVORO_ANNUNCI,32.01,4010,87,3
2025-04-28,Toscana,Altre job board,AZ_IT_CAREERJET_CPC,19.76,2195,58,2
2025-04-28,Toscana,Altre job board,AZ_IT_TROVOLAVORO_SPONSORED,33.71,2845,55,5
2025-04-28,Trentino-Alto Adige,Altre job board,AZ_IT_BAKECA_LAVORO_ANNUNCI,19.63,2435,51,3
2025-04-28,Trentino-Alto Adige,Altre job board,AZ_IT_CAREERJET_CPC,5.88,610,17,1
2025-04-28,Trentino-Alto Adige,Altre job board,AZ_IT_TROVOLAVORO_SPONSORED,12.26,987,17,2
2025-04-28,Umbria,Altre job board,AZ_IT_BAKECA_LAVORO_ANNUNCI,9.18,1155,22,0
2025-04-28,Umbria,Altre job board,AZ_IT_CAREERJET_CPC,5.53,625,17,0
2025-04-28,Umbria,Altre job board,AZ_IT_TROVOLAVORO_SPONSORED,7.85,628,11,1
2025-04-28,Valle d'Aosta,Altre job board,AZ_IT_BAKECA_LAVORO_ANNUNCI,2.47,305,5,0
2025-04-28,Valle d'Aosta,Altre job board,AZ_IT_CAREERJET_CPC,0.99,109,3,0
2025-04-28,Valle d'Aosta,Altre job board,AZ_IT_TROVOLAVORO_SPONSORED,1.91,164,3,0
2025-04-28,Veneto,Altre job board,AZ_IT_BAKECA_LAVORO_ANNUNCI,55.24,6902,133,5
2025-04-28,Veneto,Altre job board,AZ_IT_CAREERJET_CPC,30.25,3335,80,3
2025-04-28,Veneto,Altre job board,AZ_IT_TROVOLAVORO_SPONSORED,65.76,5340,93,7
2025-05-05,Abruzzo,Altre job board,AZ_IT_BAKECA_LAVORO_ANNUNCI,6.18,768,15,1
2025-05-05,Abruzzo,Altre job board,AZ_IT_CAREERJET_CPC,2.35,259,7,0
2025-05-05,Abruzzo,Altre job board,AZ_IT_TROVOLAVORO_SPONSORED,4.57,378,6,1
2025-05-05,Basilicata,Altre job board,AZ_IT_BAKECA_LAVORO_ANNUNCI,3.91,480,9,0
2025-05-05,Basilicata,Altre job board,AZ_IT_CAREERJET_CPC,0.64,71,2,0
2025-05-05,Basilicata,Altre job board,AZ_IT_TROVOLAVORO_SPONSORED,1.58,129,2,0
2025-05-05,Calabria,Altre job board,AZ_IT_BAKECA_LAVORO_ANNUNCI,7.33,891,18,1
2025-05-05,Calabria,Altre job board,AZ_IT_CAREERJET_CPC,3.45,391,9,0
2025-05-05,Calabria,Altre job board,AZ_IT_TROVOLAVORO_SPONSORED,3.87,325,5,1
2025-05-05,Campania,Altre job board,AZ_IT_BAKECA_LAVORO_ANNUNCI,32.60,4014,78,7
2025-05-05,Campania,Altre job board,AZ_IT_CAREERJET_CPC,20.53,2278,52,4
2025-05-05,Campania,Altre job board,AZ_IT_TROVOLAVORO_SPONSORED,13.72,1119,22,3
2025-05-05,Emilia-Romagna,Altre job board,AZ_IT_BAKECA_LAVORO_ANNUNCI,15.65,2006,36,2
2025-05-05,Emilia-Romagna,Altre job board,AZ_IT_CAREERJET_CPC,10.48,1181,31,1
2025-05-05,Emilia-Romagna,Altre job board,AZ_IT_TROVOLAVORO_SPONSORED,23.45,1944,34,3
2025-05-05,Friuli-Venezia Giulia,Altre job board,AZ_IT_BAKECA_LAVORO_ANNUNCI,5.67,695,15,1
2025-05-05,Friuli-Venezia Giulia,Altre job board,AZ_IT_CAREERJET_CPC,2.65,285,7,0
2025-05-05,Friuli-Venezia Giulia,Altre job board,AZ_IT_TROVOLAVORO_SPONSORED,4.38,360,6,1
2025-05-05,Lazio,Altre job board,AZ_IT_BAKECA_LAVORO_ANNUNCI,21.84,2930,53,2
2025-05-05,Lazio,Altre job board,AZ_IT_CAREERJET_CPC,14.42,1500,40,2
2025-05-05,Lazio,Altre job board,AZ_IT_TROVOLAVORO_SPONSORED,17.34,1491,29,2
2025-05-05,Liguria,Altre job board,AZ_IT_BAKECA_LAVORO_ANNUNCI,6.77,858,15,1
2025-05-05,Liguria,Altre job board,AZ_IT_CAREERJET_CPC,3.08,335,8,0
2025-05-05,Liguria,Altre job board,AZ_IT_TROVOLAVORO_SPONSORED,6.41,529,9,1
2025-05-05,Lombardia,Altre job board,AZ_IT_BAKECA_LAVORO_ANNUNCI,52.44,6652,130,3
2025-05-05,Lombardia,Altre job board,AZ_IT_CAREERJET_CPC,24.81,2882,82,2
2025-05-05,Lombardia,Altre job board,AZ_IT_TROVOLAVORO_SPONSORED,40.04,3354,56,3
2025-05-05,Marche,Altre job board,AZ_IT_BAKECA_LAVORO_ANNUNCI,6.78,836,18,1
2025-05-05,Marche,Altre job board,AZ_IT_CAREERJET_CPC,3.02,338,9,0
2025-05-05,Marche,Altre job board,AZ_IT_TROVOLAVORO_SPONSORED,4.97,393,8,1
2025-05-05,Molise,Altre job board,AZ_IT_BAKECA_LAVORO_ANNUNCI,2.03,269,6,0
2025-05-05,Molise,Altre job board,AZ_IT_CAREERJET_CPC,0.80,90,2,0
2025-05-05,Molise,Altre job board,AZ_IT_TROVOLAVORO_SPONSORED,1.03,85,1,0
2025-05-05,Piemonte,Altre job board,AZ_IT_BAKECA_LAVORO_ANNUNCI,24.95,3083,67,2
2025-05-05,Piemonte,Altre job board,AZ_IT_CAREERJET_CPC,9.21,1048,27,1
2025-05-05,Piemonte,Altre job board,AZ_IT_TROVOLAVORO_SPONSORED,19.33,1617,32,2
2025-05-05,Puglia,Altre job board,AZ_IT_BAKECA_LAVORO_ANNUNCI,14.61,1859,34,1
2025-05-05,Puglia,Altre job board,AZ_IT_CAREERJET_CPC,8.35,902,25,1
2025-05-05,Puglia,Altre job board,AZ_IT_TROVOLAVORO_SPONSORED,15.50,1252,21,1
2025-05-05,Sardegna,Altre job board,AZ_IT_BAKECA_LAVORO_ANNUNCI,8.07,990,21,1
2025-05-05,Sardegna,Altre job board,AZ_IT_CAREERJET_CPC,3.11,346,9,0
2025-05-05,Sardegna,Altre job board,AZ_IT_TROVOLAVORO_SPONSORED,4.87,380,7,1
2025-05-05,Sicilia,Altre job board,AZ_IT_BAKECA_LAVORO_ANNUNCI,38.54,4803,90,3
2025-05-05,Sicilia,Altre job board,AZ_IT_CAREERJET_CPC,8.15,963,25,1
2025-05-05,Sicilia,Altre job board,AZ_IT_TROVOLAVORO_SPONSORED,22.42,1845,34,2
2025-05-05,Toscana,Altre job board,AZ_IT_BAKECA_LAVORO_ANNUNCI,16.54,2040,45,2
2025-05-05,Toscana,Altre job board,AZ_IT_CAREERJET_CPC,11.41,1236,28,2
2025-05-05,Toscana,Altre job board,AZ_IT_TROVOLAVORO_SPONSORED,11.57,996,16,2
2025-05-05,Trentino-Alto Adige,Altre job board,AZ_IT_BAKECA_LAVORO_ANNUNCI,6.12,768,14,1
2025-05-05,Trentino-Alto Adige,Altre job board,AZ_IT_CAREERJET_CPC,2.19,256,6,1
2025-05-05,Trentino-Alto Adige,Altre job board,AZ_IT_TROVOLAVORO_SPONSORED,2.41,202,4,1
2025-05-05,Umbria,Altre job board,AZ_IT_BAKECA_LAVORO_ANNUNCI,3.73,452,9,0
2025-05-05,Umbria,Altre job board,AZ_IT_CAREERJET_CPC,2.65,279,8,0
2025-05-05,Umbria,Altre job board,AZ_IT_TROVOLAVORO_SPONSORED,2.60,212,4,0
2025-05-05,Valle d'Aosta,Altre job board,AZ_IT_BAKECA_LAVORO_ANNUNCI,0.55,69,1,0
2025-05-05,Valle d'Aosta,Altre job board,AZ_IT_CAREERJET_CPC,0.27,31,1,0
2025-05-05,Valle d'Aosta,Altre job board,AZ_IT_TROVOLAVORO_SPONSORED,0.48,39,1,0
2025-05-05,Veneto,Altre job board,AZ_IT_BAKECA_LAVORO_ANNUNCI,28.57,3746,81,4
2025-05-05,Veneto,Altre job board,AZ_IT_CAREERJET_CPC,11.80,1388,34,2
2025-05-05,Veneto,Altre job board,AZ_IT_TROVOLAVORO_SPONSORED,12.95,1056,19,2
2025-05-12,Abruzzo,Altre job board,AZ_IT_BAKECA_LAVORO_ANNUNCI,7.71,977,18,1
2025-05-12,Abruzzo,Altre job board,AZ_IT_CAREERJET_CPC,5.26,593,14,1
2025-05-12,Abruzzo,Altre job board,AZ_IT_TROVOLAVORO_SPONSORED,6.09,518,9,1
2025-05-12,Basilicata,Altre job board,AZ_IT_BAKECA_LAVORO_ANNUNCI,3.63,452,9,0
2025-05-12,Basilicata,Altre job board,AZ_IT_CAREERJET_CPC,1.42,168,4,0
2025-05-12,Basilicata,Altre job board,AZ_IT_TROVOLAVORO_SPONSORED,2.15,183,3,0
2025-05-12,Calabria,Altre job board,AZ_IT_BAKECA_LAVORO_ANNUNCI,8.80,1116,24,1
2025-05-12,Calabria,Altre job board,AZ_IT_CAREERJET_CPC,5.47,618,16,0
2025-05-12,Calabria,Altre job board,AZ_IT_TROVOLAVORO_SPONSORED,6.07,505,9,1
2025-05-12,Campania,Altre job board,AZ_IT_BAKECA_LAVORO_ANNUNCI,25.22,3210,58,3
2025-05-12,Campania,Altre job board,AZ_IT_CAREERJET_CPC,21.93,2314,69,4
2025-05-12,Campania,Altre job board,AZ_IT_TROVOLAVORO_SPONSORED,31.57,2555,49,6
2025-05-12,Emilia-Romagna,Altre job board,AZ_IT_BAKECA_LAVORO_ANNUNCI,21.14,2644,52,2
2025-05-12,Emilia-Romagna,Altre job board,AZ_IT_CAREERJET_CPC,13.13,1467,42,1
2025-05-12,Emilia-Romagna,Altre job board,AZ_IT_TROVOLAVORO_SPONSORED,17.14,1405,25,2
2025-05-12,Friuli-Venezia Giulia,Altre job board,AZ_IT_BAKECA_LAVORO_ANNUNCI,6.59,821,17,1
2025-05-12,Friuli-Venezia Giulia,Altre job board,AZ_IT_CAREERJET_CPC,4.62,495,13,0
2025-05-12,Friuli-Venezia Giulia,Altre job board,AZ_IT_TROVOLAVORO_SPONSORED,5.94,489,8,1
2025-05-12,Lazio,Altre job board,AZ_IT_BAKECA_LAVORO_ANNUNCI,39.07,5002,100,3
2025-05-12,Lazio,Altre job board,AZ_IT_CAREERJET_CPC,17.96,2070,52,2
2025-05-12,Lazio,Altre job board,AZ_IT_TROVOLAVORO_SPONSORED,30.24,2411,46,3
2025-05-12,Liguria,Altre job board,AZ_IT_BAKECA_LAVORO_ANNUNCI,9.13,1161,24,1
2025-05-12,Liguria,Altre job board,AZ_IT_CAREERJET_CPC,3.88,436,12,0
2025-05-12,Liguria,Altre job board,AZ_IT_TROVOLAVORO_SPONSORED,6.66,558,10,1
2025-05-12,Lombardia,Altre job board,AZ_IT_BAKECA_LAVORO_ANNUNCI,49.00,6429,139,2
2025-05-12,Lombardia,Altre job board,AZ_IT_CAREERJET_CPC,35.96,3900,107,2
2025-05-12,Lombardia,Altre job board,AZ_IT_TROVOLAVORO_SPONSORED,50.01,4128,76,4
2025-05-12,Marche,Altre job board,AZ_IT_BAKECA_LAVORO_ANNUNCI,8.64,1045,21,1
2025-05-12,Marche,Altre job board,AZ_IT_CAREERJET_CPC,4.52,499,13,0
2025-05-12,Marche,Altre job board,AZ_IT_TROVOLAVORO_SPONSORED,4.75,420,7,1
2025-05-12,Molise,Altre job board,AZ_IT_BAKECA_LAVORO_ANNUNCI,1.73,213,4,0
2025-05-12,Molise,Altre job board,AZ_IT_CAREERJET_CPC,0.80,83,2,0
2025-05-12,Molise,Altre job board,AZ_IT_TROVOLAVORO_SPONSORED,0.99,83,1,0
2025-05-12,Piemonte,Altre job board,AZ_IT_BAKECA_LAVORO_ANNUNCI,27.27,3301,68,2
2025-05-12,Piemonte,Altre job board,AZ_IT_CAREERJET_CPC,7.38,861,22,1
2025-05-12,Piemonte,Altre job board,AZ_IT_TROVOLAVORO_SPONSORED,16.25,1329,23,1
2025-05-12,Puglia,Altre job board,AZ_IT_BAKECA_LAVORO_ANNUNCI,51.85,6547,134,3
2025-05-12,Puglia,Altre job board,AZ_IT_CAREERJET_CPC,10.92,1207,32,1
2025-05-12,Puglia,Altre job board,AZ_IT_TROVOLAVORO_SPONSORED,9.13,778,13,1
2025-05-12,Sardegna,Altre job board,AZ_IT_BAKECA_LAVORO_ANNUNCI,19.34,2311,49,2
2025-05-12,Sardegna,Altre job board,AZ_IT_CAREERJET_CPC,5.77,634,15,1
2025-05-12,Sardegna,Altre job board,AZ_IT_TROVOLAVORO_SPONSORED,9.23,773,13,1
2025-05-12,Sicilia,Altre job board,AZ_IT_BAKECA_LAVORO_ANNUNCI,38.83,4806,102,2
2025-05-12,Sicilia,Altre job board,AZ_IT_CAREERJET_CPC,11.69,1300,32,1
2025-05-12,Sicilia,Altre job board,AZ_IT_TROVOLAVORO_SPONSORED,25.51,2014,33,2
2025-05-12,Toscana,Altre job board,AZ_IT_BAKECA_LAVORO_ANNUNCI,22.33,2920,62,2
2025-05-12,Toscana,Altre job board,AZ_IT_CAREERJET_CPC,18.96,2121,58,2
2025-05-12,Toscana,Altre job board,AZ_IT_TROVOLAVORO_SPONSORED,8.08,684,13,1
2025-05-12,Trentino-Alto Adige,Altre job board,AZ_IT_BAKECA_LAVORO_ANNUNCI,6.46,838,17,1
2025-05-12,Trentino-Alto Adige,Altre job board,AZ_IT_CAREERJET_CPC,4.68,534,14,1
2025-05-12,Trentino-Alto Adige,Altre job board,AZ_IT_TROVOLAVORO_SPONSORED,3.60,300,6,1
2025-05-12,Umbria,Altre job board,AZ_IT_BAKECA_LAVORO_ANNUNCI,4.86,592,11,0
2025-05-12,Umbria,Altre job board,AZ_IT_CAREERJET_CPC,3.52,387,10,0
2025-05-12,Umbria,Altre job board,AZ_IT_TROVOLAVORO_SPONSORED,2.42,200,4,0
2025-05-12,Valle d'Aosta,Altre job board,AZ_IT_BAKECA_LAVORO_ANNUNCI,0.64,83,2,0
2025-05-12,Valle d'Aosta,Altre job board,AZ_IT_CAREERJET_CPC,0.32,36,1,0
2025-05-12,Valle d'Aosta,Altre job board,AZ_IT_TROVOLAVORO_SPONSORED,0.47,39,1,0
2025-05-12,Veneto,Altre job board,AZ_IT_BAKECA_LAVORO_ANNUNCI,39.49,4958,103,5
2025-05-12,Veneto,Altre job board,AZ_IT_CAREERJET_CPC,16.04,1762,42,2
2025-05-12,Veneto,Altre job board,AZ_IT_TROVOLAVORO_SPONSORED,23.65,2015,29,4
2025-05-19,Abruzzo,Altre job board,AZ_IT_BAKECA_LAVORO_ANNUNCI,9.17,1169,26,1
2025-05-19,Abruzzo,Altre job board,AZ_IT_CAREERJET_CPC,5.66,634,18,1
2025-05-19,Abruzzo,Altre job board,AZ_IT_TROVOLAVORO_SPONSORED,12.46,1038,19,2
2025-05-19,Basilicata,Altre job board,AZ_IT_BAKECA_LAVORO_ANNUNCI,4.43,569,12,0
2025-05-19,Basilicata,Altre job board,AZ_IT_CAREERJET_CPC,3.73,431,12,0
2025-05-19,Basilicata,Altre job board,AZ_IT_TROVOLAVORO_SPONSORED,4.29,365,6,1
2025-05-19,Calabria,Altre job board,AZ_IT_BAKECA_LAVORO_ANNUNCI,13.97,1737,35,1
2025-05-19,Calabria,Altre job board,AZ_IT_CAREERJET_CPC,8.25,920,25,1
2025-05-19,Calabria,Altre job board,AZ_IT_TROVOLAVORO_SPONSORED,17.47,1479,26,2
2025-05-19,Campania,Altre job board,AZ_IT_BAKECA_LAVORO_ANNUNCI,60.27,7326,145,8
2025-05-19,Campania,Altre job board,AZ_IT_CAREERJET_CPC,38.02,4330,114,6
2025-05-19,Campania,Altre job board,AZ_IT_TROVOLAVORO_SPONSORED,38.31,3268,67,6
2025-05-19,Emilia-Romagna,Altre job board,AZ_IT_BAKECA_LAVORO_ANNUNCI,41.98,5074,92,3
2025-05-19,Emilia-Romagna,Altre job board,AZ_IT_CAREERJET_CPC,23.17,2665,67,2
2025-05-19,Emilia-Romagna,Altre job board,AZ_IT_TROVOLAVORO_SPONSORED,31.82,2701,42,3
2025-05-19,Friuli-Venezia Giulia,Altre job board,AZ_IT_BAKECA_LAVORO_ANNUNCI,15.26,2003,37,1
2025-05-19,Friuli-Venezia Giulia,Altre job board,AZ_IT_CAREERJET_CPC,7.47,825,20,1
2025-05-19,Friuli-Venezia Giulia,Altre job board,AZ_IT_TROVOLAVORO_SPONSORED,5.96,495,9,1
2025-05-19,Lazio,Altre job board,AZ_IT_BAKECA_LAVORO_ANNUNCI,54.87,6833,136,4
2025-05-19,Lazio,Altre job board,AZ_IT_CAREERJET_CPC,29.68,3195,80,2
2025-05-19,Lazio,Altre job board,AZ_IT_TROVOLAVORO_SPONSORED,42.42,3524,58,4
2025-05-19,Liguria,Altre job board,AZ_IT_BAKECA_LAVORO_ANNUNCI,17.12,2175,45,1
2025-05-19,Liguria,Altre job board,AZ_IT_CAREERJET_CPC,5.78,624,16,1
2025-05-19,Liguria,Altre job board,AZ_IT_TROVOLAVORO_SPONSORED,9.37,789,14,1
2025-05-19,Lombardia,Altre job board,AZ_IT_BAKECA_LAVORO_ANNUNCI,125.55,15505,303,5
2025-05-19,Lombardia,Altre job board,AZ_IT_CAREERJET_CPC,47.93,5152,131,3
2025-05-19,Lombardia,Altre job board,AZ_IT_TROVOLAVORO_SPONSORED,61.21,4827,92,4
2025-05-19,Marche,Altre job board,AZ_IT_BAKECA_LAVORO_ANNUNCI,12.60,1564,30,1
2025-05-19,Marche,Altre job board,AZ_IT_CAREERJET_CPC,11.03,1208,30,1
2025-05-19,Marche,Altre job board,AZ_IT_TROVOLAVORO_SPONSORED,12.49,1073,19,1
2025-05-19,Molise,Altre job board,AZ_IT_BAKECA_LAVORO_ANNUNCI,2.45,300,6,0
2025-05-19,Molise,Altre job board,AZ_IT_CAREERJET_CPC,2.15,244,6,0
2025-05-19,Molise,Altre job board,AZ_IT_TROVOLAVORO_SPONSORED,1.88,159,3,0
2025-05-19,Piemonte,Altre job board,AZ_IT_BAKECA_LAVORO_ANNUNCI,41.37,5025,101,2
2025-05-19,Piemonte,Altre job board,AZ_IT_CAREERJET_CPC,34.05,3907,107,2
2025-05-19,Piemonte,Altre job board,AZ_IT_TROVOLAVORO_SPONSORED,35.33,3047,53,2
2025-05-19,Puglia,Altre job board,AZ_IT_BAKECA_LAVORO_ANNUNCI,34.48,4288,83,2
2025-05-19,Puglia,Altre job board,AZ_IT_CAREERJET_CPC,16.00,1807,46,1
2025-05-19,Puglia,Altre job board,AZ_IT_TROVOLAVORO_SPONSORED,33.93,2795,50,2
2025-05-19,Sardegna,Altre job board,AZ_IT_BAKECA_LAVORO_ANNUNCI,18.65,2235,45,2
2025-05-19,Sardegna,Altre job board,AZ_IT_CAREERJET_CPC,12.02,1336,35,1
2025-05-19,Sardegna,Altre job board,AZ_IT_TROVOLAVORO_SPONSORED,10.00,810,15,1
2025-05-19,Sicilia,Altre job board,AZ_IT_BAKECA_LAVORO_ANNUNCI,52.30,6518,113,2
2025-05-19,Sicilia,Altre job board,AZ_IT_CAREERJET_CPC,39.24,4232,124,2
2025-05-19,Sicilia,Altre job board,AZ_IT_TROVOLAVORO_SPONSORED,61.74,5077,88,3
2025-05-19,Toscana,Altre job board,AZ_IT_BAKECA_LAVORO_ANNUNCI,36.52,4515,88,2
2025-05-19,Toscana,Altre job board,AZ_IT_CAREERJET_CPC,16.48,1865,51,2
2025-05-19,Toscana,Altre job board,AZ_IT_TROVOLAVORO_SPONSORED,34.05,2839,52,4
2025-05-19,Trentino-Alto Adige,Altre job board,AZ_IT_BAKECA_LAVORO_ANNUNCI,12.42,1513,29,1
2025-05-19,Trentino-Alto Adige,Altre job board,AZ_IT_CAREERJET_CPC,8.55,958,27,1
2025-05-19,Trentino-Alto Adige,Altre job board,AZ_IT_TROVOLAVORO_SPONSORED,8.56,711,14,2
2025-05-19,Umbria,Altre job board,AZ_IT_BAKECA_LAVORO_ANNUNCI,8.03,949,18,0
2025-05-19,Umbria,Altre job board,AZ_IT_CAREERJET_CPC,3.67,413,12,0
2025-05-19,Umbria,Altre job board,AZ_IT_TROVOLAVORO_SPONSORED,6.73,560,10,1
2025-05-19,Valle d'Aosta,Altre job board,AZ_IT_BAKECA_LAVORO_ANNUNCI,1.32,161,3,0
2025-05-19,Valle d'Aosta,Altre job board,AZ_IT_CAREERJET_CPC,0.92,103,3,0
2025-05-19,Valle d'Aosta,Altre job board,AZ_IT_TROVOLAVORO_SPONSORED,1.48,122,2,0
2025-05-19,Veneto,Altre job board,AZ_IT_BAKECA_LAVORO_ANNUNCI,65.14,8457,179,7
2025-05-19,Veneto,Altre job board,AZ_IT_CAREERJET_CPC,25.51,2780,72,3
2025-05-19,Veneto,Altre job board,AZ_IT_TROVOLAVORO_SPONSORED,30.50,2469,44,5
2025-05-26,Abruzzo,Altre job board,AZ_IT_BAKECA_LAVORO_ANNUNCI,5.29,690,13,1
2025-05-26,Abruzzo,Altre job board,AZ_IT_CAREERJET_CPC,3.87,414,11,1
2025-05-26,Abruzzo,Altre job board,AZ_IT_TROVOLAVORO_SPONSORED,5.41,453,8,1
2025-05-26,Basilicata,Altre job board,AZ_IT_BAKECA_LAVORO_ANNUNCI,1.64,198,4,0
2025-05-26,Basilicata,Altre job board,AZ_IT_CAREERJET_CPC,1.25,134,4,0
2025-05-26,Basilicata,Altre job board,AZ_IT_TROVOLAVORO_SPONSORED,1.40,117,2,0
2025-05-26,Calabria,Altre job board,AZ_IT_BAKECA_LAVORO_ANNUNCI,6.95,893,20,1
2025-05-26,Calabria,Altre job board,AZ_IT_CAREERJET_CPC,5.12,556,15,1
2025-05-26,Calabria,Altre job board,AZ_IT_TROVOLAVORO_SPONSORED,4.54,384,7,1
2025-05-26,Campania,Altre job board,AZ_IT_BAKECA_LAVORO_ANNUNCI,16.00,2031,39,2
2025-05-26,Campania,Altre job board,AZ_IT_CAREERJET_CPC,10.19,1137,28,2
2025-05-26,Campania,Altre job board,AZ_IT_TROVOLAVORO_SPONSORED,22.13,1883,33,5
2025-05-26,Emilia-Romagna,Altre job board,AZ_IT_BAKECA_LAVORO_ANNUNCI,16.59,2131,42,1
2025-05-26,Emilia-Romagna,Altre job board,AZ_IT_CAREERJET_CPC,17.97,2057,57,2
2025-05-26,Emilia-Romagna,Altre job board,AZ_IT_TROVOLAVORO_SPONSORED,11.73,997,16,1
2025-05-26,Friuli-Venezia Giulia,Altre job board,AZ_IT_BAKECA_LAVORO_ANNUNCI,7.08,882,20,1
2025-05-26,Friuli-Venezia Giulia,Altre job board,AZ_IT_CAREERJET_CPC,2.84,317,7,0
2025-05-26,Friuli-Venezia Giulia,Altre job board,AZ_IT_TROVOLAVORO_SPONSORED,2.71,225,5,0
2025-05-26,Lazio,Altre job board,AZ_IT_BAKECA_LAVORO_ANNUNCI,34.29,4169,83,3
2025-05-26,Lazio,Altre job board,AZ_IT_CAREERJET_CPC,16.52,1864,49,1
2025-05-26,Lazio,Altre job board,AZ_IT_TROVOLAVORO_SPONSORED,10.05,829,15,1
2025-05-26,Liguria,Altre job board,AZ_IT_BAKECA_LAVORO_ANNUNCI,7.71,963,20,1
2025-05-26,Liguria,Altre job board,AZ_IT_CAREERJET_CPC,3.70,421,11,1
2025-05-26,Liguria,Altre job board,AZ_IT_TROVOLAVORO_SPONSORED,3.45,301,5,1
2025-05-26,Lombardia,Altre job board,AZ_IT_BAKECA_LAVORO_ANNUNCI,37.53,4623,95,2
2025-05-26,Lombardia,Altre job board,AZ_IT_CAREERJET_CPC,33.67,3773,91,2
2025-05-26,Lombardia,Altre job board,AZ_IT_TROVOLAVORO_SPONSORED,26.86,2191,37,2
2025-05-26,Marche,Altre job board,AZ_IT_BAKECA_LAVORO_ANNUNCI,6.73,916,19,1
2025-05-26,Marche,Altre job board,AZ_IT_CAREERJET_CPC,2.74,313,8,0
2025-05-26,Marche,Altre job board,AZ_IT_TROVOLAVORO_SPONSORED,4.34,382,7,1
2025-05-26,Molise,Altre job board,AZ_IT_BAKECA_LAVORO_ANNUNCI,1.45,178,4,0
2025-05-26,Molise,Altre job board,AZ_IT_CAREERJET_CPC,0.60,69,2,0
2025-05-26,Molise,Altre job board,AZ_IT_TROVOLAVORO_SPONSORED,1.37,117,2,0
2025-05-26,Piemonte,Altre job board,AZ_IT_BAKECA_LAVORO_ANNUNCI,16.97,2206,44,2
2025-05-26,Piemonte,Altre job board,AZ_IT_CAREERJET_CPC,7.68,864,23,1
2025-05-26,Piemonte,Altre job board,AZ_IT_TROVOLAVORO_SPONSORED,12.47,1070,20,1
2025-05-26,Puglia,Altre job board,AZ_IT_BAKECA_LAVORO_ANNUNCI,15.10,1929,37,1
2025-05-26,Puglia,Altre job board,AZ_IT_CAREERJET_CPC,7.75,870,21,1
2025-05-26,Puglia,Altre job board,AZ_IT_TROVOLAVORO_SPONSORED,17.40,1506,28,2
2025-05-26,Sardegna,Altre job board,AZ_IT_BAKECA_LAVORO_ANNUNCI,6.87,874,19,1
2025-05-26,Sardegna,Altre job board,AZ_IT_CAREERJET_CPC,2.90,318,7,0
2025-05-26,Sardegna,Altre job board,AZ_IT_TROVOLAVORO_SPONSORED,3.20,272,5,1
2025-05-26,Sicilia,Altre job board,AZ_IT_BAKECA_LAVORO_ANNUNCI,21.33,2796,56,2
2025-05-26,Sicilia,Altre job board,AZ_IT_CAREERJET_CPC,11.53,1305,31,1
2025-05-26,Sicilia,Altre job board,AZ_IT_TROVOLAVORO_SPONSORED,9.06,764,14,1
2025-05-26,Toscana,Altre job board,AZ_IT_BAKECA_LAVORO_ANNUNCI,20.95,2642,55,2
2025-05-26,Toscana,Altre job board,AZ_IT_CAREERJET_CPC,7.36,810,20,1
2025-05-26,Toscana,Altre job board,AZ_IT_TROVOLAVORO_SPONSORED,14.96,1259,24,3
2025-05-26,Trentino-Alto Adige,Altre job board,AZ_IT_BAKECA_LAVORO_ANNUNCI,5.74,699,16,1
2025-05-26,Trentino-Alto Adige,Altre job board,AZ_IT_CAREERJET_CPC,2.43,257,6,1
2025-05-26,Trentino-Alto Adige,Altre job board,AZ_IT_TROVOLAVORO_SPONSORED,1.71,138,3,1
2025-05-26,Umbria,Altre job board,AZ_IT_BAKECA_LAVORO_ANNUNCI,4.59,574,12,0
2025-05-26,Umbria,Altre job board,AZ_IT_CAREERJET_CPC,1.55,164,4,0
2025-05-26,Umbria,Altre job board,AZ_IT_TROVOLAVORO_SPONSORED,2.36,201,4,0
2025-05-26,Valle d'Aosta,Altre job board,AZ_IT_BAKECA_LAVORO_ANNUNCI,0.42,53,1,0
2025-05-26,Valle d'Aosta,Altre job board,AZ_IT_CAREERJET_CPC,0.30,35,1,0
2025-05-26,Valle d'Aosta,Altre job board,AZ_IT_TROVOLAVORO_SPONSORED,0.25,20,0,0
2025-05-26,Veneto,Altre job board,AZ_IT_BAKECA_LAVORO_ANNUNCI,14.69,1880,33,2
2025-05-26,Veneto,Altre job board,AZ_IT_CAREERJET_CPC,10.27,1159,27,2
2025-05-26,Veneto,Altre job board,AZ_IT_TROVOLAVORO_SPONSORED,15.05,1222,23,3
2025-06-02,Abruzzo,Altre job board,AZ_IT_BAKECA_LAVORO_ANNUNCI,3.19,407,8,0
2025-06-02,Abruzzo,Altre job board,AZ_IT_CAREERJET_CPC,3.63,398,10,0
2025-06-02,Abruzzo,Altre job board,AZ_IT_TROVOLAVORO_SPONSORED,4.09,342,7,1
2025-06-02,Basilicata,Altre job board,AZ_IT_BAKECA_LAVORO_ANNUNCI,2.25,272,5,0
2025-06-02,Basilicata,Altre job board,AZ_IT_CAREERJET_CPC,1.70,192,5,0
2025-06-02,Basilicata,Altre job board,AZ_IT_TROVOLAVORO_SPONSORED,1.27,102,2,0
2025-06-02,Calabria,Altre job board,AZ_IT_BAKECA_LAVORO_ANNUNCI,5.05,636,12,0
2025-06-02,Calabria,Altre job board,AZ_IT_CAREERJET_CPC,4.54,495,13,0
2025-06-02,Calabria,Altre job board,AZ_IT_TROVOLAVORO_SPONSORED,4.22,342,6,0
2025-06-02,Campania,Altre job board,AZ_IT_BAKECA_LAVORO_ANNUNCI,18.62,2304,49,3
2025-06-02,Campania,Altre job board,AZ_IT_CAREERJET_CPC,27.56,2968,82,5
2025-06-02,Campania,Altre job board,AZ_IT_TROVOLAVORO_SPONSORED,9.88,866,16,2
2025-06-02,Emilia-Romagna,Altre job board,AZ_IT_BAKECA_LAVORO_ANNUNCI,13.49,1778,37,1
2025-06-02,Emilia-Romagna,Altre job board,AZ_IT_CAREERJET_CPC,12.43,1408,34,1
2025-06-02,Emilia-Romagna,Altre job board,AZ_IT_TROVOLAVORO_SPONSORED,12.56,1092,19,1
2025-06-02,Friuli-Venezia Giulia,Altre job board,AZ_IT_BAKECA_LAVORO_ANNUNCI,6.88,886,17,1
2025-06-02,Friuli-Venezia Giulia,Altre job board,AZ_IT_CAREERJET_CPC,3.30,361,10,0
2025-06-02,Friuli-Venezia Giulia,Altre job board,AZ_IT_TROVOLAVORO_SPONSORED,2.99,248,5,0
2025-06-02,Lazio,Altre job board,AZ_IT_BAKECA_LAVORO_ANNUNCI,22.86,2916,58,2
2025-06-02,Lazio,Altre job board,AZ_IT_CAREERJET_CPC,13.95,1551,42,1
2025-06-02,Lazio,Altre job board,AZ_IT_TROVOLAVORO_SPONSORED,18.63,1548,28,2
2025-06-02,Liguria,Altre job board,AZ_IT_BAKECA_LAVORO_ANNUNCI,6.74,812,17,1
2025-06-02,Liguria,Altre job board,AZ_IT_CAREERJET_CPC,4.05,441,11,1
2025-06-02,Liguria,Altre job board,AZ_IT_TROVOLAVORO_SPONSORED,3.54,302,5,0
2025-06-02,Lombardia,Altre job board,AZ_IT_BAKECA_LAVORO_ANNUNCI,40.99,5199,107,2
2025-06-02,Lombardia,Altre job board,AZ_IT_CAREERJET_CPC,27.74,3010,73,2
2025-06-02,Lombardia,Altre job board,AZ_IT_TROVOLAVORO_SPONSORED,29.49,2667,48,2
2025-06-02,Marche,Altre job board,AZ_IT_BAKECA_LAVORO_ANNUNCI,4.70,587,12,0
2025-06-02,Marche,Altre job board,AZ_IT_CAREERJET_CPC,4.07,480,13,0
2025-06-02,Marche,Altre job board,AZ_IT_TROVOLAVORO_SPONSORED,2.12,178,3,0
2025-06-02,Molise,Altre job board,AZ_IT_BAKECA_LAVORO_ANNUNCI,1.66,215,5,0
2025-06-02,Molise,Altre job board,AZ_IT_CAREERJET_CPC,0.95,109,3,0
2025-06-02,Molise,Altre job board,AZ_IT_TROVOLAVORO_SPONSORED,0.62,50,1,0
2025-06-02,Piemonte,Altre job board,AZ_IT_BAKECA_LAVORO_ANNUNCI,18.26,2222,51,1
2025-06-02,Piemonte,Altre job board,AZ_IT_CAREERJET_CPC,10.34,1218,32,1
2025-06-02,Piemonte,Altre job board,AZ_IT_TROVOLAVORO_SPONSORED,10.13,827,15,1
2025-06-02,Puglia,Altre job board,AZ_IT_BAKECA_LAVORO_ANNUNCI,17.19,2136,38,1
2025-06-02,Puglia,Altre job board,AZ_IT_CAREERJET_CPC,13.30,1471,40,1
2025-06-02,Puglia,Altre job board,AZ_IT_TROVOLAVORO_SPONSORED,7.46,634,12,1
2025-06-02,Sardegna,Altre job board,AZ_IT_BAKECA_LAVORO_ANNUNCI,6.99,832,17,1
2025-06-02,Sardegna,Altre job board,AZ_IT_CAREERJET_CPC,4.02,430,11,1
2025-06-02,Sardegna,Altre job board,AZ_IT_TROVOLAVORO_SPONSORED,3.46,291,5,0
2025-06-02,Sicilia,Altre job board,AZ_IT_BAKECA_LAVORO_ANNUNCI,21.93,2734,60,1
2025-06-02,Sicilia,Altre job board,AZ_IT_CAREERJET_CPC,13.18,1435,39,1
2025-06-02,Sicilia,Altre job board,AZ_IT_TROVOLAVORO_SPONSORED,24.70,2108,38,2
2025-06-02,Toscana,Altre job board,AZ_IT_BAKECA_LAVORO_ANNUNCI,14.68,1870,38,1
2025-06-02,Toscana,Altre job board,AZ_IT_CAREERJET_CPC,15.12,1631,42,2
2025-06-02,Toscana,Altre job board,AZ_IT_TROVOLAVORO_SPONSORED,21.75,1738,31,2
2025-06-02,Trentino-Alto Adige,Altre job board,AZ_IT_BAKECA_LAVORO_ANNUNCI,5.34,683,12,1
2025-06-02,Trentino-Alto Adige,Altre job board,AZ_IT_CAREERJET_CPC,3.45,378,10,1
2025-06-02,Trentino-Alto Adige,Altre job board,AZ_IT_TROVOLAVORO_SPONSORED,3.61,313,6,1
2025-06-02,Umbria,Altre job board,AZ_IT_BAKECA_LAVORO_ANNUNCI,3.17,399,8,0
2025-06-02,Umbria,Altre job board,AZ_IT_CAREERJET_CPC,1.96,218,6,0
2025-06-02,Umbria,Altre job board,AZ_IT_TROVOLAVORO_SPONSORED,2.63,219,4,0
2025-06-02,Valle d'Aosta,Altre job board,AZ_IT_BAKECA_LAVORO_ANNUNCI,0.25,32,1,0
2025-06-02,Valle d'Aosta,Altre job board,AZ_IT_CAREERJET_CPC,0.25,28,1,0
2025-06-02,Valle d'Aosta,Altre job board,AZ_IT_TROVOLAVORO_SPONSORED,0.27,23,0,0
2025-06-02,Veneto,Altre job board,AZ_IT_BAKECA_LAVORO_ANNUNCI,12.02,1511,25,1
2025-06-02,Veneto,Altre job board,AZ_IT_CAREERJET_CPC,12.82,1500,44,2
2025-06-02,Veneto,Altre job board,AZ_IT_TROVOLAVORO_SPONSORED,17.02,1398,28,3
2025-06-09,Abruzzo,Altre job board,AZ_IT_BAKECA_LAVORO_ANNUNCI,23.36,2813,57,1
2025-06-09,Abruzzo,Altre job board,AZ_IT_CAREERJET_CPC,30.23,3312,94,2
2025-06-09,Abruzzo,Altre job board,AZ_IT_TROVOLAVORO_SPONSORED,19.07,1567,26,2
2025-06-09,Basilicata,Altre job board,AZ_IT_BAKECA_LAVORO_ANNUNCI,13.77,1711,36,1
2025-06-09,Basilicata,Altre job board,AZ_IT_CAREERJET_CPC,8.77,921,26,1
2025-06-09,Basilicata,Altre job board,AZ_IT_TROVOLAVORO_SPONSORED,6.65,536,9,1
2025-06-09,Calabria,Altre job board,AZ_IT_BAKECA_LAVORO_ANNUNCI,14.74,1837,43,1
2025-06-09,Calabria,Altre job board,AZ_IT_CAREERJET_CPC,29.14,3132,71,2
2025-06-09,Calabria,Altre job board,AZ_IT_TROVOLAVORO_SPONSORED,24.30,2080,36,2
2025-06-09,Campania,Altre job board,AZ_IT_BAKECA_LAVORO_ANNUNCI,151.80,18676,352,14
2025-06-09,Campania,Altre job board,AZ_IT_CAREERJET_CPC,61.94,6896,179,6
2025-06-09,Campania,Altre job board,AZ_IT_TROVOLAVORO_SPONSORED,80.14,6650,98,10
2025-06-09,Emilia-Romagna,Altre job board,AZ_IT_BAKECA_LAVORO_ANNUNCI,74.78,8714,164,3
2025-06-09,Emilia-Romagna,Altre job board,AZ_IT_CAREERJET_CPC,86.83,8751,241,5
2025-06-09,Emilia-Romagna,Altre job board,AZ_IT_TROVOLAVORO_SPONSORED,85.58,6848,109,5
2025-06-09,Friuli-Venezia Giulia,Altre job board,AZ_IT_BAKECA_LAVORO_ANNUNCI,20.19,2501,46,1
2025-06-09,Friuli-Venezia Giulia,Altre job board,AZ_IT_CAREERJET_CPC,18.01,1954,47,1
2025-06-09,Friuli-Venezia Giulia,Altre job board,AZ_IT_TROVOLAVORO_SPONSORED,24.82,2032,36,2
2025-06-09,Lazio,Altre job board,AZ_IT_BAKECA_LAVORO_ANNUNCI,99.74,11857,232,4
2025-06-09,Lazio,Altre job board,AZ_IT_CAREERJET_CPC,81.78,8778,248,4
2025-06-09,Lazio,Altre job board,AZ_IT_TROVOLAVORO_SPONSORED,98.95,7758,145,6
2025-06-09,Liguria,Altre job board,AZ_IT_BAKECA_LAVORO_ANNUNCI,29.63,3794,80,2
2025-06-09,Liguria,Altre job board,AZ_IT_CAREERJET_CPC,21.21,2294,53,2
2025-06-09,Liguria,Altre job board,AZ_IT_TROVOLAVORO_SPONSORED,20.19,1596,29,2
2025-06-09,Lombardia,Altre job board,AZ_IT_BAKECA_LAVORO_ANNUNCI,170.33,21631,478,6
2025-06-09,Lombardia,Altre job board,AZ_IT_CAREERJET_CPC,120.25,13659,343,5
2025-06-09,Lombardia,Altre job board,AZ_IT_TROVOLAVORO_SPONSORED,160.39,13318,254,8
2025-06-09,Marche,Altre job board,AZ_IT_BAKECA_LAVORO_ANNUNCI,29.15,3643,73,1
2025-06-09,Marche,Altre job board,AZ_IT_CAREERJET_CPC,18.32,2137,53,1
2025-06-09,Marche,Altre job board,AZ_IT_TROVOLAVORO_SPONSORED,23.86,2010,37,2
2025-06-09,Molise,Altre job board,AZ_IT_BAKECA_LAVORO_ANNUNCI,8.53,1033,23,0
2025-06-09,Molise,Altre job board,AZ_IT_CAREERJET_CPC,7.06,790,18,0
2025-06-09,Molise,Altre job board,AZ_IT_TROVOLAVORO_SPONSORED,5.43,485,9,0
2025-06-09,Piemonte,Altre job board,AZ_IT_BAKECA_LAVORO_ANNUNCI,95.70,11686,273,4
2025-06-09,Piemonte,Altre job board,AZ_IT_CAREERJET_CPC,53.39,5559,164,2
2025-06-09,Piemonte,Altre job board,AZ_IT_TROVOLAVORO_SPONSORED,73.41,5959,108,3
2025-06-09,Puglia,Altre job board,AZ_IT_BAKECA_LAVORO_ANNUNCI,103.81,13062,263,4
2025-06-09,Puglia,Altre job board,AZ_IT_CAREERJET_CPC,65.19,6920,182,3
2025-06-09,Puglia,Altre job board,AZ_IT_TROVOLAVORO_SPONSORED,50.94,4395,83,3
2025-06-09,Sardegna,Altre job board,AZ_IT_BAKECA_LAVORO_ANNUNCI,35.34,4331,92,2
2025-06-09,Sardegna,Altre job board,AZ_IT_CAREERJET_CPC,27.11,3124,79,2
2025-06-09,Sardegna,Altre job board,AZ_IT_TROVOLAVORO_SPONSORED,28.48,2400,44,2
2025-06-09,Sicilia,Altre job board,AZ_IT_BAKECA_LAVORO_ANNUNCI,102.98,12330,233,3
2025-06-09,Sicilia,Altre job board,AZ_IT_CAREERJET_CPC,86.84,9947,279,4
2025-06-09,Sicilia,Altre job board,AZ_IT_TROVOLAVORO_SPONSORED,92.40,7762,143,4
2025-06-09,Toscana,Altre job board,AZ_IT_BAKECA_LAVORO_ANNUNCI,58.05,6793,153,4
2025-06-09,Toscana,Altre job board,AZ_IT_CAREERJET_CPC,40.03,4524,119,3
2025-06-09,Toscana,Altre job board,AZ_IT_TROVOLAVORO_SPONSORED,47.73,3903,76,4
2025-06-09,Trentino-Alto Adige,Altre job board,AZ_IT_BAKECA_LAVORO_ANNUNCI,14.87,1843,37,2
2025-06-09,Trentino-Alto Adige,Altre job board,AZ_IT_CAREERJET_CPC,12.85,1404,33,2
2025-06-09,Trentino-Alto Adige,Altre job board,AZ_IT_TROVOLAVORO_SPONSORED,17.84,1481,29,3
2025-06-09,Umbria,Altre job board,AZ_IT_BAKECA_LAVORO_ANNUNCI,17.67,2118,43,1
2025-06-09,Umbria,Altre job board,AZ_IT_CAREERJET_CPC,8.12,886,26,0
2025-06-09,Umbria,Altre job board,AZ_IT_TROVOLAVORO_SPONSORED,9.42,795,13,1
2025-06-09,Valle d'Aosta,Altre job board,AZ_IT_BAKECA_LAVORO_ANNUNCI,1.80,229,5,0
2025-06-09,Valle d'Aosta,Altre job board,AZ_IT_CAREERJET_CPC,1.75,196,5,0
2025-06-09,Valle d'Aosta,Altre job board,AZ_IT_TROVOLAVORO_SPONSORED,1.58,129,2,0
2025-06-09,Veneto,Altre job board,AZ_IT_BAKECA_LAVORO_ANNUNCI,111.17,13507,294,7
2025-06-09,Veneto,Altre job board,AZ_IT_CAREERJET_CPC,66.24,7840,183,6
2025-06-09,Veneto,Altre job board,AZ_IT_TROVOLAVORO_SPONSORED,101.85,8896,148,9
2025-06-16,Abruzzo,Altre job board,AZ_IT_BAKECA_LAVORO_ANNUNCI,13.53,1747,37,2
2025-06-16,Abruzzo,Altre job board,AZ_IT_CAREERJET_CPC,5.41,593,13,1
2025-06-16,Abruzzo,Altre job board,AZ_IT_TROVOLAVORO_SPONSORED,9.77,788,14,2
2025-06-16,Basilicata,Altre job board,AZ_IT_BAKECA_LAVORO_ANNUNCI,4.80,645,12,1
2025-06-16,Basilicata,Altre job board,AZ_IT_CAREERJET_CPC,4.45,487,14,1
2025-06-16,Basilicata,Altre job board,AZ_IT_TROVOLAVORO_SPONSORED,2.79,234,4,0
2025-06-16,Calabria,Altre job board,AZ_IT_BAKECA_LAVORO_ANNUNCI,16.60,2011,38,1
2025-06-16,Calabria,Altre job board,AZ_IT_CAREERJET_CPC,8.82,981,29,1
2025-06-16,Calabria,Altre job board,AZ_IT_TROVOLAVORO_SPONSORED,13.36,1115,19,1
2025-06-16,Campania,Altre job board,AZ_IT_BAKECA_LAVORO_ANNUNCI,63.56,7529,138,8
2025-06-16,Campania,Altre job board,AZ_IT_CAREERJET_CPC,39.75,4225,122,6
2025-06-16,Campania,Altre job board,AZ_IT_TROVOLAVORO_SPONSORED,31.51,2685,42,6
2025-06-16,Emilia-Romagna,Altre job board,AZ_IT_BAKECA_LAVORO_ANNUNCI,41.06,4920,93,4
2025-06-16,Emilia-Romagna,Altre job board,AZ_IT_CAREERJET_CPC,31.08,3505,90,3
2025-06-16,Emilia-Romagna,Altre job board,AZ_IT_TROVOLAVORO_SPONSORED,20.29,1718,31,2
2025-06-16,Friuli-Venezia Giulia,Altre job board,AZ_IT_BAKECA_LAVORO_ANNUNCI,6.24,784,17,1
2025-06-16,Friuli-Venezia Giulia,Altre job board,AZ_IT_CAREERJET_CPC,8.34,927,22,1
2025-06-16,Friuli-Venezia Giulia,Altre job board,AZ_IT_TROVOLAVORO_SPONSORED,9.28,767,14,1
2025-06-16,Lazio,Altre job board,AZ_IT_BAKECA_LAVORO_ANNUNCI,87.26,10359,217,5
2025-06-16,Lazio,Altre job board,AZ_IT_CAREERJET_CPC,40.79,4373,105,3
2025-06-16,Lazio,Altre job board,AZ_IT_TROVOLAVORO_SPONSORED,41.31,3385,59,4
2025-06-16,Liguria,Altre job board,AZ_IT_BAKECA_LAVORO_ANNUNCI,16.43,2045,40,1
2025-06-16,Liguria,Altre job board,AZ_IT_CAREERJET_CPC,11.70,1252,27,1
2025-06-16,Liguria,Altre job board,AZ_IT_TROVOLAVORO_SPONSORED,10.41,856,17,1
2025-06-16,Lombardia,Altre job board,AZ_IT_BAKECA_LAVORO_ANNUNCI,66.98,8034,165,3
2025-06-16,Lombardia,Altre job board,AZ_IT_CAREERJET_CPC,73.68,8099,205,5
2025-06-16,Lombardia,Altre job board,AZ_IT_TROVOLAVORO_SPONSORED,90.89,7363,132,7
2025-06-16,Marche,Altre job board,AZ_IT_BAKECA_LAVORO_ANNUNCI,12.38,1536,36,1
2025-06-16,Marche,Altre job board,AZ_IT_CAREERJET_CPC,7.65,849,21,1
2025-06-16,Marche,Altre job board,AZ_IT_TROVOLAVORO_SPONSORED,8.33,675,11,1
2025-06-16,Molise,Altre job board,AZ_IT_BAKECA_LAVORO_ANNUNCI,4.29,531,10,0
2025-06-16,Molise,Altre job board,AZ_IT_CAREERJET_CPC,2.67,300,8,0
2025-06-16,Molise,Altre job board,AZ_IT_TROVOLAVORO_SPONSORED,2.01,166,3,0
2025-06-16,Piemonte,Altre job board,AZ_IT_BAKECA_LAVORO_ANNUNCI,58.68,7439,155,3
2025-06-16,Piemonte,Altre job board,AZ_IT_CAREERJET_CPC,25.81,2844,71,2
2025-06-16,Piemonte,Altre job board,AZ_IT_TROVOLAVORO_SPONSORED,32.39,2696,50,3
2025-06-16,Puglia,Altre job board,AZ_IT_BAKECA_LAVORO_ANNUNCI,39.85,5001,99,2
2025-06-16,Puglia,Altre job board,AZ_IT_CAREERJET_CPC,32.02,3431,88,2
2025-06-16,Puglia,Altre job board,AZ_IT_TROVOLAVORO_SPONSORED,39.14,3333,61,3
2025-06-16,Sardegna,Altre job board,AZ_IT_BAKECA_LAVORO_ANNUNCI,11.59,1419,31,1
2025-06-16,Sardegna,Altre job board,AZ_IT_CAREERJET_CPC,9.04,1025,28,1
2025-06-16,Sardegna,Altre job board,AZ_IT_TROVOLAVORO_SPONSORED,10.07,856,16,1
2025-06-16,Sicilia,Altre job board,AZ_IT_BAKECA_LAVORO_ANNUNCI,49.31,5876,101,3
2025-06-16,Sicilia,Altre job board,AZ_IT_CAREERJET_CPC,30.68,3499,97,2
2025-06-16,Sicilia,Altre job board,AZ_IT_TROVOLAVORO_SPONSORED,42.67,3512,62,3
2025-06-16,Toscana,Altre job board,AZ_IT_BAKECA_LAVORO_ANNUNCI,41.90,5464,96,4
2025-06-16,Toscana,Altre job board,AZ_IT_CAREERJET_CPC,19.71,2191,62,3
2025-06-16,Toscana,Altre job board,AZ_IT_TROVOLAVORO_SPONSORED,25.63,2223,41,3
2025-06-16,Trentino-Alto Adige,Altre job board,AZ_IT_BAKECA_LAVORO_ANNUNCI,10.86,1335,27,2
2025-06-16,Trentino-Alto Adige,Altre job board,AZ_IT_CAREERJET_CPC,5.19,574,13,1
2025-06-16,Trentino-Alto Adige,Altre job board,AZ_IT_TROVOLAVORO_SPONSORED,6.64,572,10,2
2025-06-16,Umbria,Altre job board,AZ_IT_BAKECA_LAVORO_ANNUNCI,7.05,839,17,0
2025-06-16,Umbria,Altre job board,AZ_IT_CAREERJET_CPC,7.19,774,20,1
2025-06-16,Umbria,Altre job board,AZ_IT_TROVOLAVORO_SPONSORED,5.40,435,8,0
2025-06-16,Valle d'Aosta,Altre job board,AZ_IT_BAKECA_LAVORO_ANNUNCI,1.30,171,4,0
2025-06-16,Valle d'Aosta,Altre job board,AZ_IT_CAREERJET_CPC,0.62,69,2,0
2025-06-16,Valle d'Aosta,Altre job board,AZ_IT_TROVOLAVORO_SPONSORED,1.15,92,2,0
2025-06-16,Veneto,Altre job board,AZ_IT_BAKECA_LAVORO_ANNUNCI,37.69,4911,109,4
2025-06-16,Veneto,Altre job board,AZ_IT_CAREERJET_CPC,25.80,2724,73,4
2025-06-16,Veneto,Altre job board,AZ_IT_TROVOLAVORO_SPONSORED,37.37,3103,62,6
2025-06-23,Abruzzo,Altre job board,AZ_IT_BAKECA_LAVORO_ANNUNCI,5.40,709,15,1
2025-06-23,Abruzzo,Altre job board,AZ_IT_CAREERJET_CPC,1.72,185,4,0
2025-06-23,Abruzzo,Altre job board,AZ_IT_TROVOLAVORO_SPONSORED,2.47,198,3,1
2025-06-23,Basilicata,Altre job board,AZ_IT_BAKECA_LAVORO_ANNUNCI,1.29,163,3,0
2025-06-23,Basilicata,Altre job board,AZ_IT_CAREERJET_CPC,1.13,127,4,0
2025-06-23,Basilicata,Altre job board,AZ_IT_TROVOLAVORO_SPONSORED,1.19,98,2,0
2025-06-23,Calabria,Altre job board,AZ_IT_BAKECA_LAVORO_ANNUNCI,5.91,755,15,1
2025-06-23,Calabria,Altre job board,AZ_IT_CAREERJET_CPC,3.01,340,8,0
2025-06-23,Calabria,Altre job board,AZ_IT_TROVOLAVORO_SPONSORED,4.97,412,7,1
2025-06-23,Campania,Altre job board,AZ_IT_BAKECA_LAVORO_ANNUNCI,16.40,2090,39,4
2025-06-23,Campania,Altre job board,AZ_IT_CAREERJET_CPC,8.58,941,23,2
2025-06-23,Campania,Altre job board,AZ_IT_TROVOLAVORO_SPONSORED,14.87,1252,22,4
2025-06-23,Emilia-Romagna,Altre job board,AZ_IT_BAKECA_LAVORO_ANNUNCI,11.45,1471,25,1
2025-06-23,Emilia-Romagna,Altre job board,AZ_IT_CAREERJET_CPC,7.17,786,21,1
2025-06-23,Emilia-Romagna,Altre job board,AZ_IT_TROVOLAVORO_SPONSORED,16.36,1341,23,2
2025-06-23,Friuli-Venezia Giulia,Altre job board,AZ_IT_BAKECA_LAVORO_ANNUNCI,3.77,455,9,0
2025-06-23,Friuli-Venezia Giulia,Altre job board,AZ_IT_CAREERJET_CPC,3.09,341,9,0
2025-06-23,Friuli-Venezia Giulia,Altre job board,AZ_IT_TROVOLAVORO_SPONSORED,2.26,185,4,0
2025-06-23,Lazio,Altre job board,AZ_IT_BAKECA_LAVORO_ANNUNCI,12.28,1599,30,1
2025-06-23,Lazio,Altre job board,AZ_IT_CAREERJET_CPC,10.77,1125,26,2
2025-06-23,Lazio,Altre job board,AZ_IT_TROVOLAVORO_SPONSORED,16.75,1410,27,2
2025-06-23,Liguria,Altre job board,AZ_IT_BAKECA_LAVORO_ANNUNCI,5.16,657,13,1
2025-06-23,Liguria,Altre job board,AZ_IT_CAREERJET_CPC,3.46,382,10,1
2025-06-23,Liguria,Altre job board,AZ_IT_TROVOLAVORO_SPONSORED,2.40,203,4,0
2025-06-23,Lombardia,Altre job board,AZ_IT_BAKECA_LAVORO_ANNUNCI,30.23,3763,75,2
2025-06-23,Lombardia,Altre job board,AZ_IT_CAREERJET_CPC,29.58,3304,91,3
2025-06-23,Lombardia,Altre job board,AZ_IT_TROVOLAVORO_SPONSORED,17.03,1397,24,2
2025-06-23,Marche,Altre job board,AZ_IT_BAKECA_LAVORO_ANNUNCI,5.60,665,15,1
2025-06-23,Marche,Altre job board,AZ_IT_CAREERJET_CPC,3.16,342,9,0
2025-06-23,Marche,Altre job board,AZ_IT_TROVOLAVORO_SPONSORED,2.44,204,4,0
2025-06-23,Molise,Altre job board,AZ_IT_BAKECA_LAVORO_ANNUNCI,0.84,105,2,0
2025-06-23,Molise,Altre job board,AZ_IT_CAREERJET_CPC,0.49,52,1,0
2025-06-23,Molise,Altre job board,AZ_IT_TROVOLAVORO_SPONSORED,0.58,48,1,0
2025-06-23,Piemonte,Altre job board,AZ_IT_BAKECA_LAVORO_ANNUNCI,10.59,1365,27,1
2025-06-23,Piemonte,Altre job board,AZ_IT_CAREERJET_CPC,8.34,900,20,1
2025-06-23,Piemonte,Altre job board,AZ_IT_TROVOLAVORO_SPONSORED,14.84,1243,23,2
2025-06-23,Puglia,Altre job board,AZ_IT_BAKECA_LAVORO_ANNUNCI,20.71,2707,52,2
2025-06-23,Puglia,Altre job board,AZ_IT_CAREERJET_CPC,6.69,740,19,1
2025-06-23,Puglia,Altre job board,AZ_IT_TROVOLAVORO_SPONSORED,11.42,937,16,1
2025-06-23,Sardegna,Altre job board,AZ_IT_BAKECA_LAVORO_ANNUNCI,4.16,509,10,1
2025-06-23,Sardegna,Altre job board,AZ_IT_CAREERJET_CPC,3.71,417,12,1
2025-06-23,Sardegna,Altre job board,AZ_IT_TROVOLAVORO_SPONSORED,3.35,275,5,1
2025-06-23,Sicilia,Altre job board,AZ_IT_BAKECA_LAVORO_ANNUNCI,16.62,2000,40,1
2025-06-23,Sicilia,Altre job board,AZ_IT_CAREERJET_CPC,13.13,1490,40,1
2025-06-23,Sicilia,Altre job board,AZ_IT_TROVOLAVORO_SPONSORED,9.74,794,14,1
2025-06-23,Toscana,Altre job board,AZ_IT_BAKECA_LAVORO_ANNUNCI,8.73,1069,21,1
2025-06-23,Toscana,Altre job board,AZ_IT_CAREERJET_CPC,11.02,1233,33,2
2025-06-23,Toscana,Altre job board,AZ_IT_TROVOLAVORO_SPONSORED,10.97,905,16,2
2025-06-23,Trentino-Alto Adige,Altre job board,AZ_IT_BAKECA_LAVORO_ANNUNCI,3.77,478,11,1
2025-06-23,Trentino-Alto Adige,Altre job board,AZ_IT_CAREERJET_CPC,2.46,276,7,1
2025-06-23,Trentino-Alto Adige,Altre job board,AZ_IT_TROVOLAVORO_SPONSORED,1.44,117,2,0
2025-06-23,Umbria,Altre job board,AZ_IT_BAKECA_LAVORO_ANNUNCI,3.74,471,10,0
2025-06-23,Umbria,Altre job board,AZ_IT_CAREERJET_CPC,2.20,252,7,0
2025-06-23,Umbria,Altre job board,AZ_IT_TROVOLAVORO_SPONSORED,1.15,92,2,0
2025-06-23,Valle d'Aosta,Altre job board,AZ_IT_BAKECA_LAVORO_ANNUNCI,0.40,50,1,0
2025-06-23,Valle d'Aosta,Altre job board,AZ_IT_CAREERJET_CPC,0.30,34,1,0
2025-06-23,Valle d'Aosta,Altre job board,AZ_IT_TROVOLAVORO_SPONSORED,0.26,22,0,0
2025-06-23,Veneto,Altre job board,AZ_IT_BAKECA_LAVORO_ANNUNCI,15.34,1933,38,3
2025-06-23,Veneto,Altre job board,AZ_IT_CAREERJET_CPC,8.88,980,27,2
2025-06-23,Veneto,Altre job board,AZ_IT_TROVOLAVORO_SPONSORED,11.90,1007,18,3
2025-06-30,Abruzzo,Altre job board,AZ_IT_BAKECA_LAVORO_ANNUNCI,11.87,1479,28,1
2025-06-30,Abruzzo,Altre job board,AZ_IT_CAREERJET_CPC,6.50,691,19,1
2025-06-30,Abruzzo,Altre job board,AZ_IT_TROVOLAVORO_SPONSORED,10.48,871,16,2
2025-06-30,Basilicata,Altre job board,AZ_IT_BAKECA_LAVORO_ANNUNCI,6.60,830,17,1
2025-06-30,Basilicata,Altre job board,AZ_IT_CAREERJET_CPC,3.69,400,10,0
2025-06-30,Basilicata,Altre job board,AZ_IT_TROVOLAVORO_SPONSORED,4.09,325,6,0
2025-06-30,Calabria,Altre job board,AZ_IT_BAKECA_LAVORO_ANNUNCI,25.05,3141,62,1
2025-06-30,Calabria,Altre job board,AZ_IT_CAREERJET_CPC,14.85,1625,44,1
2025-06-30,Calabria,Altre job board,AZ_IT_TROVOLAVORO_SPONSORED,8.68,713,13,1
2025-06-30,Campania,Altre job board,AZ_IT_BAKECA_LAVORO_ANNUNCI,78.48,9963,214,9
2025-06-30,Campania,Altre job board,AZ_IT_CAREERJET_CPC,38.53,4256,114,7
2025-06-30,Campania,Altre job board,AZ_IT_TROVOLAVORO_SPONSORED,31.77,2758,54,5
2025-06-30,Emilia-Romagna,Altre job board,AZ_IT_BAKECA_LAVORO_ANNUNCI,48.59,5997,123,3
2025-06-30,Emilia-Romagna,Altre job board,AZ_IT_CAREERJET_CPC,49.01,5423,141,4
2025-06-30,Emilia-Romagna,Altre job board,AZ_IT_TROVOLAVORO_SPONSORED,40.11,3305,58,3
2025-06-30,Friuli-Venezia Giulia,Altre job board,AZ_IT_BAKECA_LAVORO_ANNUNCI,13.29,1617,32,1
2025-06-30,Friuli-Venezia Giulia,Altre job board,AZ_IT_CAREERJET_CPC,6.71,769,22,1
2025-06-30,Friuli-Venezia Giulia,Altre job board,AZ_IT_TROVOLAVORO_SPONSORED,11.58,898,18,1
2025-06-30,Lazio,Altre job board,AZ_IT_BAKECA_LAVORO_ANNUNCI,65.42,7902,143,4
2025-06-30,Lazio,Altre job board,AZ_IT_CAREERJET_CPC,36.81,4137,108,3
2025-06-30,Lazio,Altre job board,AZ_IT_TROVOLAVORO_SPONSORED,42.98,3596,65,3
2025-06-30,Liguria,Altre job board,AZ_IT_BAKECA_LAVORO_ANNUNCI,20.00,2415,44,2
2025-06-30,Liguria,Altre job board,AZ_IT_CAREERJET_CPC,7.60,833,20,1
2025-06-30,Liguria,Altre job board,AZ_IT_TROVOLAVORO_SPONSORED,11.12,940,18,1
2025-06-30,Lombardia,Altre job board,AZ_IT_BAKECA_LAVORO_ANNUNCI,100.95,12832,242,4
2025-06-30,Lombardia,Altre job board,AZ_IT_CAREERJET_CPC,46.43,4914,129,3
2025-06-30,Lombardia,Altre job board,AZ_IT_TROVOLAVORO_SPONSORED,91.98,7686,124,5
2025-06-30,Marche,Altre job board,AZ_IT_BAKECA_LAVORO_ANNUNCI,19.34,2460,54,1
2025-06-30,Marche,Altre job board,AZ_IT_CAREERJET_CPC,11.05,1295,34,1
2025-06-30,Marche,Altre job board,AZ_IT_TROVOLAVORO_SPONSORED,8.24,691,12,1
2025-06-30,Molise,Altre job board,AZ_IT_BAKECA_LAVORO_ANNUNCI,5.28,666,14,0
2025-06-30,Molise,Altre job board,AZ_IT_CAREERJET_CPC,1.91,224,6,0
2025-06-30,Molise,Altre job board,AZ_IT_TROVOLAVORO_SPONSORED,3.56,304,5,0
2025-06-30,Piemonte,Altre job board,AZ_IT_BAKECA_LAVORO_ANNUNCI,44.31,5750,110,2
2025-06-30,Piemonte,Altre job board,AZ_IT_CAREERJET_CPC,31.11,3518,98,2
2025-06-30,Piemonte,Altre job board,AZ_IT_TROVOLAVORO_SPONSORED,24.12,2041,39,2
2025-06-30,Puglia,Altre job board,AZ_IT_BAKECA_LAVORO_ANNUNCI,42.29,5504,113,2
2025-06-30,Puglia,Altre job board,AZ_IT_CAREERJET_CPC,19.48,2146,56,1
2025-06-30,Puglia,Altre job board,AZ_IT_TROVOLAVORO_SPONSORED,41.49,3375,55,3
2025-06-30,Sardegna,Altre job board,AZ_IT_BAKECA_LAVORO_ANNUNCI,23.85,3147,66,2
2025-06-30,Sardegna,Altre job board,AZ_IT_CAREERJET_CPC,10.74,1144,28,1
2025-06-30,Sardegna,Altre job board,AZ_IT_TROVOLAVORO_SPONSORED,12.39,951,17,1
2025-06-30,Sicilia,Altre job board,AZ_IT_BAKECA_LAVORO_ANNUNCI,26.86,3526,62,1
2025-06-30,Sicilia,Altre job board,AZ_IT_CAREERJET_CPC,19.45,2149,49,1
2025-06-30,Sicilia,Altre job board,AZ_IT_TROVOLAVORO_SPONSORED,52.48,4456,78,3
2025-06-30,Toscana,Altre job board,AZ_IT_BAKECA_LAVORO_ANNUNCI,26.82,3314,65,2
2025-06-30,Toscana,Altre job board,AZ_IT_CAREERJET_CPC,30.51,3235,93,4
2025-06-30,Toscana,Altre job board,AZ_IT_TROVOLAVORO_SPONSORED,20.29,1634,31,2
2025-06-30,Trentino-Alto Adige,Altre job board,AZ_IT_BAKECA_LAVORO_ANNUNCI,13.83,1716,37,2
2025-06-30,Trentino-Alto Adige,Altre job board,AZ_IT_CAREERJET_CPC,4.69,515,13,1
2025-06-30,Trentino-Alto Adige,Altre job board,AZ_IT_TROVOLAVORO_SPONSORED,9.31,735,14,2
2025-06-30,Umbria,Altre job board,AZ_IT_BAKECA_LAVORO_ANNUNCI,14.71,1785,39,1
2025-06-30,Umbria,Altre job board,AZ_IT_CAREERJET_CPC,6.08,669,17,0
2025-06-30,Umbria,Altre job board,AZ_IT_TROVOLAVORO_SPONSORED,5.34,457,8,0
2025-06-30,Valle d'Aosta,Altre job board,AZ_IT_BAKECA_LAVORO_ANNUNCI,1.08,130,3,0
2025-06-30,Valle d'Aosta,Altre job board,AZ_IT_CAREERJET_CPC,0.73,79,2,0
2025-06-30,Valle d'Aosta,Altre job board,AZ_IT_TROVOLAVORO_SPONSORED,0.55,46,1,0
2025-06-30,Veneto,Altre job board,AZ_IT_BAKECA_LAVORO_ANNUNCI,39.66,4788,97,4
2025-06-30,Veneto,Altre job board,AZ_IT_CAREERJET_CPC,38.42,4367,103,5
2025-06-30,Veneto,Altre job board,AZ_IT_TROVOLAVORO_SPONSORED,19.14,1603,30,3
2025-07-07,Abruzzo,Altre job board,AZ_IT_BAKECA_LAVORO_ANNUNCI,14.70,1894,42,1
2025-07-07,Abruzzo,Altre job board,AZ_IT_CAREERJET_CPC,20.12,2175,59,2
2025-07-07,Abruzzo,Altre job board,AZ_IT_TROVOLAVORO_SPONSORED,12.90,1092,19,1
2025-07-07,Basilicata,Altre job board,AZ_IT_BAKECA_LAVORO_ANNUNCI,11.36,1422,31,1
2025-07-07,Basilicata,Altre job board,AZ_IT_CAREERJET_CPC,4.96,546,16,0
2025-07-07,Basilicata,Altre job board,AZ_IT_TROVOLAVORO_SPONSORED,6.90,557,10,1
2025-07-07,Calabria,Altre job board,AZ_IT_BAKECA_LAVORO_ANNUNCI,25.11,3135,62,1
2025-07-07,Calabria,Altre job board,AZ_IT_CAREERJET_CPC,12.18,1433,36,1
2025-07-07,Calabria,Altre job board,AZ_IT_TROVOLAVORO_SPONSORED,20.59,1668,31,2
2025-07-07,Campania,Altre job board,AZ_IT_BAKECA_LAVORO_ANNUNCI,85.02,10415,237,9
2025-07-07,Campania,Altre job board,AZ_IT_CAREERJET_CPC,51.25,5781,147,8
2025-07-07,Campania,Altre job board,AZ_IT_TROVOLAVORO_SPONSORED,62.20,5512,99,10
2025-07-07,Emilia-Romagna,Altre job board,AZ_IT_BAKECA_LAVORO_ANNUNCI,42.72,5472,113,2
2025-07-07,Emilia-Romagna,Altre job board,AZ_IT_CAREERJET_CPC,39.30,4498,101,3
2025-07-07,Emilia-Romagna,Altre job board,AZ_IT_TROVOLAVORO_SPONSORED,56.37,4803,91,3
2025-07-07,Friuli-Venezia Giulia,Altre job board,AZ_IT_BAKECA_LAVORO_ANNUNCI,22.79,2651,47,1
2025-07-07,Friuli-Venezia Giulia,Altre job board,AZ_IT_CAREERJET_CPC,9.26,1011,27,1
2025-07-07,Friuli-Venezia Giulia,Altre job board,AZ_IT_TROVOLAVORO_SPONSORED,9.94,829,14,1
2025-07-07,Lazio,Altre job board,AZ_IT_BAKECA_LAVORO_ANNUNCI,60.09,7358,146,3
2025-07-07,Lazio,Altre job board,AZ_IT_CAREERJET_CPC,44.25,4749,122,3
2025-07-07,Lazio,Altre job board,AZ_IT_TROVOLAVORO_SPONSORED,73.19,5929,104,6
2025-07-07,Liguria,Altre job board,AZ_IT_BAKECA_LAVORO_ANNUNCI,20.55,2586,53,2
2025-07-07,Liguria,Altre job board,AZ_IT_CAREERJET_CPC,7.99,889,24,1
2025-07-07,Liguria,Altre job board,AZ_IT_TROVOLAVORO_SPONSORED,20.25,1628,27,2
2025-07-07,Lombardia,Altre job board,AZ_IT_BAKECA_LAVORO_ANNUNCI,101.93,12908,251,4
2025-07-07,Lombardia,Altre job board,AZ_IT_CAREERJET_CPC,81.26,8850,212,5
2025-07-07,Lombardia,Altre job board,AZ_IT_TROVOLAVORO_SPONSORED,78.71,6899,140,5
2025-07-07,Marche,Altre job board,AZ_IT_BAKECA_LAVORO_ANNUNCI,19.66,2415,47,1
2025-07-07,Marche,Altre job board,AZ_IT_CAREERJET_CPC,10.21,1154,34,1
2025-07-07,Marche,Altre job board,AZ_IT_TROVOLAVORO_SPONSORED,16.07,1358,24,2
2025-07-07,Molise,Altre job board,AZ_IT_BAKECA_LAVORO_ANNUNCI,3.54,438,9,0
2025-07-07,Molise,Altre job board,AZ_IT_CAREERJET_CPC,1.93,216,5,0
2025-07-07,Molise,Altre job board,AZ_IT_TROVOLAVORO_SPONSORED,2.44,201,4,0
2025-07-07,Piemonte,Altre job board,AZ_IT_BAKECA_LAVORO_ANNUNCI,40.73,4940,106,2
2025-07-07,Piemonte,Altre job board,AZ_IT_CAREERJET_CPC,46.42,5380,152,3
2025-07-07,Piemonte,Altre job board,AZ_IT_TROVOLAVORO_SPONSORED,26.74,2390,44,2
2025-07-07,Puglia,Altre job board,AZ_IT_BAKECA_LAVORO_ANNUNCI,47.32,6007,114,2
2025-07-07,Puglia,Altre job board,AZ_IT_CAREERJET_CPC,22.71,2527,69,2
2025-07-07,Puglia,Altre job board,AZ_IT_TROVOLAVORO_SPONSORED,45.19,3785,64,3
2025-07-07,Sardegna,Altre job board,AZ_IT_BAKECA_LAVORO_ANNUNCI,13.00,1638,35,1
2025-07-07,Sardegna,Altre job board,AZ_IT_CAREERJET_CPC,12.66,1433,42,1
2025-07-07,Sardegna,Altre job board,AZ_IT_TROVOLAVORO_SPONSORED,14.71,1204,21,2
2025-07-07,Sicilia,Altre job board,AZ_IT_BAKECA_LAVORO_ANNUNCI,57.77,7157,147,3
2025-07-07,Sicilia,Altre job board,AZ_IT_CAREERJET_CPC,36.69,4200,106,2
2025-07-07,Sicilia,Altre job board,AZ_IT_TROVOLAVORO_SPONSORED,62.33,4973,90,4
2025-07-07,Toscana,Altre job board,AZ_IT_BAKECA_LAVORO_ANNUNCI,50.97,6338,132,4
2025-07-07,Toscana,Altre job board,AZ_IT_CAREERJET_CPC,29.24,3301,99,3
2025-07-07,Toscana,Altre job board,AZ_IT_TROVOLAVORO_SPONSORED,42.18,3487,59,4
2025-07-07,Trentino-Alto Adige,Altre job board,AZ_IT_BAKECA_LAVORO_ANNUNCI,12.92,1632,34,1
2025-07-07,Trentino-Alto Adige,Altre job board,AZ_IT_CAREERJET_CPC,5.58,618,16,1
2025-07-07,Trentino-Alto Adige,Altre job board,AZ_IT_TROVOLAVORO_SPONSORED,12.60,1042,19,2
2025-07-07,Umbria,Altre job board,AZ_IT_BAKECA_LAVORO_ANNUNCI,13.82,1685,37,1
2025-07-07,Umbria,Altre job board,AZ_IT_CAREERJET_CPC,6.55,760,17,0
2025-07-07,Umbria,Altre job board,AZ_IT_TROVOLAVORO_SPONSORED,10.92,869,16,1
2025-07-07,Valle d'Aosta,Altre job board,AZ_IT_BAKECA_LAVORO_ANNUNCI,1.35,170,4,0
2025-07-07,Valle d'Aosta,Altre job board,AZ_IT_CAREERJET_CPC,1.39,160,4,0
2025-07-07,Valle d'Aosta,Altre job board,AZ_IT_TROVOLAVORO_SPONSORED,1.63,143,3,0
2025-07-07,Veneto,Altre job board,AZ_IT_BAKECA_LAVORO_ANNUNCI,58.67,7572,154,6
2025-07-07,Veneto,Altre job board,AZ_IT_CAREERJET_CPC,31.45,3419,93,4
2025-07-07,Veneto,Altre job board,AZ_IT_TROVOLAVORO_SPONSORED,42.68,3566,65,6
2025-07-14,Abruzzo,Altre job board,AZ_IT_BAKECA_LAVORO_ANNUNCI,7.04,877,18,1
2025-07-14,Abruzzo,Altre job board,AZ_IT_CAREERJET_CPC,7.81,918,26,1
2025-07-14,Abruzzo,Altre job board,AZ_IT_TROVOLAVORO_SPONSORED,9.62,786,15,2
2025-07-14,Basilicata,Altre job board,AZ_IT_BAKECA_LAVORO_ANNUNCI,3.64,463,9,0
2025-07-14,Basilicata,Altre job board,AZ_IT_CAREERJET_CPC,2.49,268,8,0
2025-07-14,Basilicata,Altre job board,AZ_IT_TROVOLAVORO_SPONSORED,4.24,369,6,1
2025-07-14,Calabria,Altre job board,AZ_IT_BAKECA_LAVORO_ANNUNCI,13.77,1712,31,1
2025-07-14,Calabria,Altre job board,AZ_IT_CAREERJET_CPC,5.83,647,18,1
2025-07-14,Calabria,Altre job board,AZ_IT_TROVOLAVORO_SPONSORED,7.75,654,11,1
2025-07-14,Campania,Altre job board,AZ_IT_BAKECA_LAVORO_ANNUNCI,48.41,6310,134,6
2025-07-14,Campania,Altre job board,AZ_IT_CAREERJET_CPC,27.25,3014,70,5
2025-07-14,Campania,Altre job board,AZ_IT_TROVOLAVORO_SPONSORED,53.78,4398,82,10
2025-07-14,Emilia-Romagna,Altre job board,AZ_IT_BAKECA_LAVORO_ANNUNCI,31.34,3919,70,2
2025-07-14,Emilia-Romagna,Altre job board,AZ_IT_CAREERJET_CPC,17.36,1963,48,2
2025-07-14,Emilia-Romagna,Altre job board,AZ_IT_TROVOLAVORO_SPONSORED,30.41,2452,45,3
2025-07-14,Friuli-Venezia Giulia,Altre job board,AZ_IT_BAKECA_LAVORO_ANNUNCI,9.50,1236,27,1
2025-07-14,Friuli-Venezia Giulia,Altre job board,AZ_IT_CAREERJET_CPC,5.19,572,16,1
2025-07-14,Friuli-Venezia Giulia,Altre job board,AZ_IT_TROVOLAVORO_SPONSORED,6.58,555,10,1
2025-07-14,Lazio,Altre job board,AZ_IT_BAKECA_LAVORO_ANNUNCI,47.07,5827,114,3
2025-07-14,Lazio,Altre job board,AZ_IT_CAREERJET_CPC,25.83,2917,78,3
2025-07-14,Lazio,Altre job board,AZ_IT_TROVOLAVORO_SPONSORED,42.68,3491,57,4
2025-07-14,Liguria,Altre job board,AZ_IT_BAKECA_LAVORO_ANNUNCI,14.08,1731,33,1
2025-07-14,Liguria,Altre job board,AZ_IT_CAREERJET_CPC,7.03,761,21,1
2025-07-14,Liguria,Altre job board,AZ_IT_TROVOLAVORO_SPONSORED,10.68,911,16,1
2025-07-14,Lombardia,Altre job board,AZ_IT_BAKECA_LAVORO_ANNUNCI,70.01,9021,188,3
2025-07-14,Lombardia,Altre job board,AZ_IT_CAREERJET_CPC,76.06,7871,183,5
2025-07-14,Lombardia,Altre job board,AZ_IT_TROVOLAVORO_SPONSORED,66.30,5272,98,5
2025-07-14,Marche,Altre job board,AZ_IT_BAKECA_LAVORO_ANNUNCI,13.82,1787,39,1
2025-07-14,Marche,Altre job board,AZ_IT_CAREERJET_CPC,5.47,609,17,1
2025-07-14,Marche,Altre job board,AZ_IT_TROVOLAVORO_SPONSORED,11.23,917,16,1
2025-07-14,Molise,Altre job board,AZ_IT_BAKECA_LAVORO_ANNUNCI,1.96,250,5,0
2025-07-14,Molise,Altre job board,AZ_IT_CAREERJET_CPC,1.99,210,6,0
2025-07-14,Molise,Altre job board,AZ_IT_TROVOLAVORO_SPONSORED,1.37,117,2,0
2025-07-14,Piemonte,Altre job board,AZ_IT_BAKECA_LAVORO_ANNUNCI,23.19,3015,55,1
2025-07-14,Piemonte,Altre job board,AZ_IT_CAREERJET_CPC,27.20,3042,73,2
2025-07-14,Piemonte,Altre job board,AZ_IT_TROVOLAVORO_SPONSORED,23.90,1895,32,2
2025-07-14,Puglia,Altre job board,AZ_IT_BAKECA_LAVORO_ANNUNCI,16.63,1964,45,1
2025-07-14,Puglia,Altre job board,AZ_IT_CAREERJET_CPC,17.13,1865,51,1
2025-07-14,Puglia,Altre job board,AZ_IT_TROVOLAVORO_SPONSORED,19.59,1610,26,2
2025-07-14,Sardegna,Altre job board,AZ_IT_BAKECA_LAVORO_ANNUNCI,8.90,1094,22,1
2025-07-14,Sardegna,Altre job board,AZ_IT_CAREERJET_CPC,7.31,793,20,1
2025-07-14,Sardegna,Altre job board,AZ_IT_TROVOLAVORO_SPONSORED,9.71,831,15,1
2025-07-14,Sicilia,Altre job board,AZ_IT_BAKECA_LAVORO_ANNUNCI,33.43,4120,84,2
2025-07-14,Sicilia,Altre job board,AZ_IT_CAREERJET_CPC,19.50,2154,56,1
2025-07-14,Sicilia,Altre job board,AZ_IT_TROVOLAVORO_SPONSORED,32.56,2771,49,3
2025-07-14,Toscana,Altre job board,AZ_IT_BAKECA_LAVORO_ANNUNCI,36.80,4476,86,4
2025-07-14,Toscana,Altre job board,AZ_IT_CAREERJET_CPC,20.74,2310,64,3
2025-07-14,Toscana,Altre job board,AZ_IT_TROVOLAVORO_SPONSORED,20.41,1726,30,3
2025-07-14,Trentino-Alto Adige,Altre job board,AZ_IT_BAKECA_LAVORO_ANNUNCI,6.21,778,15,1
2025-07-14,Trentino-Alto Adige,Altre job board,AZ_IT_CAREERJET_CPC,7.26,812,21,1
2025-07-14,Trentino-Alto Adige,Altre job board,AZ_IT_TROVOLAVORO_SPONSORED,8.73,745,13,2
2025-07-14,Umbria,Altre job board,AZ_IT_BAKECA_LAVORO_ANNUNCI,7.06,877,18,0
2025-07-14,Umbria,Altre job board,AZ_IT_CAREERJET_CPC,2.84,295,7,0
2025-07-14,Umbria,Altre job board,AZ_IT_TROVOLAVORO_SPONSORED,6.87,602,11,1
2025-07-14,Valle d'Aosta,Altre job board,AZ_IT_BAKECA_LAVORO_ANNUNCI,1.12,139,2,0
2025-07-14,Valle d'Aosta,Altre job board,AZ_IT_CAREERJET_CPC,0.90,98,2,0
2025-07-14,Valle d'Aosta,Altre job board,AZ_IT_TROVOLAVORO_SPONSORED,0.52,41,1,0
2025-07-14,Veneto,Altre job board,AZ_IT_BAKECA_LAVORO_ANNUNCI,37.82,4667,90,4
2025-07-14,Veneto,Altre job board,AZ_IT_CAREERJET_CPC,12.00,1362,40,2
2025-07-14,Veneto,Altre job board,AZ_IT_TROVOLAVORO_SPONSORED,21.34,1707,30,4
2025-07-21,Abruzzo,Altre job board,AZ_IT_BAKECA_LAVORO_ANNUNCI,8.14,1022,21,1
2025-07-21,Abruzzo,Altre job board,AZ_IT_CAREERJET_CPC,4.93,548,11,1
2025-07-21,Abruzzo,Altre job board,AZ_IT_TROVOLAVORO_SPONSORED,8.65,714,13,2
2025-07-21,Basilicata,Altre job board,AZ_IT_BAKECA_LAVORO_ANNUNCI,2.29,281,6,0
2025-07-21,Basilicata,Altre job board,AZ_IT_CAREERJET_CPC,2.20,252,7,0
2025-07-21,Basilicata,Altre job board,AZ_IT_TROVOLAVORO_SPONSORED,2.67,222,4,0
2025-07-21,Calabria,Altre job board,AZ_IT_BAKECA_LAVORO_ANNUNCI,11.14,1394,27,1
2025-07-21,Calabria,Altre job board,AZ_IT_CAREERJET_CPC,8.27,1002,25,1
2025-07-21,Calabria,Altre job board,AZ_IT_TROVOLAVORO_SPONSORED,6.75,567,10,1
2025-07-21,Campania,Altre job board,AZ_IT_BAKECA_LAVORO_ANNUNCI,33.03,4247,69,4
2025-07-21,Campania,Altre job board,AZ_IT_CAREERJET_CPC,32.97,3734,88,7
2025-07-21,Campania,Altre job board,AZ_IT_TROVOLAVORO_SPONSORED,20.47,1663,28,4
2025-07-21,Emilia-Romagna,Altre job board,AZ_IT_BAKECA_LAVORO_ANNUNCI,38.19,4865,92,3
2025-07-21,Emilia-Romagna,Altre job board,AZ_IT_CAREERJET_CPC,19.85,2233,57,2
2025-07-21,Emilia-Romagna,Altre job board,AZ_IT_TROVOLAVORO_SPONSORED,28.97,2501,47,3
2025-07-21,Friuli-Venezia Giulia,Altre job board,AZ_IT_BAKECA_LAVORO_ANNUNCI,8.48,1071,23,1
2025-07-21,Friuli-Venezia Giulia,Altre job board,AZ_IT_CAREERJET_CPC,4.36,490,11,0
2025-07-21,Friuli-Venezia Giulia,Altre job board,AZ_IT_TROVOLAVORO_SPONSORED,5.45,461,9,1
2025-07-21,Lazio,Altre job board,AZ_IT_BAKECA_LAVORO_ANNUNCI,43.21,5708,109,3
2025-07-21,Lazio,Altre job board,AZ_IT_CAREERJET_CPC,17.76,1921,49,2
2025-07-21,Lazio,Altre job board,AZ_IT_TROVOLAVORO_SPONSORED,33.79,2983,54,4
2025-07-21,Liguria,Altre job board,AZ_IT_BAKECA_LAVORO_ANNUNCI,11.48,1358,26,1
2025-07-21,Liguria,Altre job board,AZ_IT_CAREERJET_CPC,7.05,796,20,1
2025-07-21,Liguria,Altre job board,AZ_IT_TROVOLAVORO_SPONSORED,6.90,594,10,1
2025-07-21,Lombardia,Altre job board,AZ_IT_BAKECA_LAVORO_ANNUNCI,54.39,6842,139,3
2025-07-21,Lombardia,Altre job board,AZ_IT_CAREERJET_CPC,31.97,3535,97,2
2025-07-21,Lombardia,Altre job board,AZ_IT_TROVOLAVORO_SPONSORED,47.22,4011,69,3
2025-07-21,Marche,Altre job board,AZ_IT_BAKECA_LAVORO_ANNUNCI,7.82,936,17,1
2025-07-21,Marche,Altre job board,AZ_IT_CAREERJET_CPC,6.16,690,18,1
2025-07-21,Marche,Altre job board,AZ_IT_TROVOLAVORO_SPONSORED,5.62,454,8,1
2025-07-21,Molise,Altre job board,AZ_IT_BAKECA_LAVORO_ANNUNCI,2.03,256,5,0
2025-07-21,Molise,Altre job board,AZ_IT_CAREERJET_CPC,1.06,117,3,0
2025-07-21,Molise,Altre job board,AZ_IT_TROVOLAVORO_SPONSORED,0.98,78,1,0
2025-07-21,Piemonte,Altre job board,AZ_IT_BAKECA_LAVORO_ANNUNCI,23.95,3066,60,1
2025-07-21,Piemonte,Altre job board,AZ_IT_CAREERJET_CPC,19.36,2222,62,1
2025-07-21,Piemonte,Altre job board,AZ_IT_TROVOLAVORO_SPONSORED,23.94,1974,34,2
2025-07-21,Puglia,Altre job board,AZ_IT_BAKECA_LAVORO_ANNUNCI,36.59,4595,93,2
2025-07-21,Puglia,Altre job board,AZ_IT_CAREERJET_CPC,12.94,1415,36,1
2025-07-21,Puglia,Altre job board,AZ_IT_TROVOLAVORO_SPONSORED,16.45,1326,25,1
2025-07-21,Sardegna,Altre job board,AZ_IT_BAKECA_LAVORO_ANNUNCI,11.97,1425,27,1
2025-07-21,Sardegna,Altre job board,AZ_IT_CAREERJET_CPC,8.66,936,24,1
2025-07-21,Sardegna,Altre job board,AZ_IT_TROVOLAVORO_SPONSORED,11.04,863,13,1
2025-07-21,Sicilia,Altre job board,AZ_IT_BAKECA_LAVORO_ANNUNCI,11.34,1483,30,1
2025-07-21,Sicilia,Altre job board,AZ_IT_CAREERJET_CPC,14.44,1552,36,1
2025-07-21,Sicilia,Altre job board,AZ_IT_TROVOLAVORO_SPONSORED,21.63,1779,29,2
2025-07-21,Toscana,Altre job board,AZ_IT_BAKECA_LAVORO_ANNUNCI,16.11,1923,41,2
2025-07-21,Toscana,Altre job board,AZ_IT_CAREERJET_CPC,13.39,1487,37,2
2025-07-21,Toscana,Altre job board,AZ_IT_TROVOLAVORO_SPONSORED,19.00,1702,33,2
2025-07-21,Trentino-Alto Adige,Altre job board,AZ_IT_BAKECA_LAVORO_ANNUNCI,10.80,1320,30,2
2025-07-21,Trentino-Alto Adige,Altre job board,AZ_IT_CAREERJET_CPC,6.86,740,19,2
2025-07-21,Trentino-Alto Adige,Altre job board,AZ_IT_TROVOLAVORO_SPONSORED,4.88,419,8,1
2025-07-21,Umbria,Altre job board,AZ_IT_BAKECA_LAVORO_ANNUNCI,4.51,584,11,0
2025-07-21,Umbria,Altre job board,AZ_IT_CAREERJET_CPC,3.12,353,8,0
2025-07-21,Umbria,Altre job board,AZ_IT_TROVOLAVORO_SPONSORED,4.99,399,6,0
2025-07-21,Valle d'Aosta,Altre job board,AZ_IT_BAKECA_LAVORO_ANNUNCI,0.69,87,2,0
2025-07-21,Valle d'Aosta,Altre job board,AZ_IT_CAREERJET_CPC,0.57,63,2,0
2025-07-21,Valle d'Aosta,Altre job board,AZ_IT_TROVOLAVORO_SPONSORED,0.72,60,1,0
2025-07-21,Veneto,Altre job board,AZ_IT_BAKECA_LAVORO_ANNUNCI,36.63,4276,85,4
2025-07-21,Veneto,Altre job board,AZ_IT_CAREERJET_CPC,14.93,1683,44,2
2025-07-21,Veneto,Altre job board,AZ_IT_TROVOLAVORO_SPONSORED,25.40,2109,34,4
2025-07-28,Abruzzo,Altre job board,AZ_IT_BAKECA_LAVORO_ANNUNCI,5.73,718,15,1
2025-07-28,Abruzzo,Altre job board,AZ_IT_CAREERJET_CPC,2.10,233,6,0
2025-07-28,Abruzzo,Altre job board,AZ_IT_TROVOLAVORO_SPONSORED,3.70,300,5,1
2025-07-28,Basilicata,Altre job board,AZ_IT_BAKECA_LAVORO_ANNUNCI,2.60,328,6,0
2025-07-28,Basilicata,Altre job board,AZ_IT_CAREERJET_CPC,1.20,138,3,0
2025-07-28,Basilicata,Altre job board,AZ_IT_TROVOLAVORO_SPONSORED,1.26,106,2,0
2025-07-28,Calabria,Altre job board,AZ_IT_BAKECA_LAVORO_ANNUNCI,6.77,870,20,1
2025-07-28,Calabria,Altre job board,AZ_IT_CAREERJET_CPC,3.73,414,9,0
2025-07-28,Calabria,Altre job board,AZ_IT_TROVOLAVORO_SPONSORED,3.85,310,6,1
2025-07-28,Campania,Altre job board,AZ_IT_BAKECA_LAVORO_ANNUNCI,20.11,2597,50,4
2025-07-28,Campania,Altre job board,AZ_IT_CAREERJET_CPC,7.19,781,21,2
2025-07-28,Campania,Altre job board,AZ_IT_TROVOLAVORO_SPONSORED,16.54,1332,25,4
2025-07-28,Emilia-Romagna,Altre job board,AZ_IT_BAKECA_LAVORO_ANNUNCI,17.59,2243,45,1
2025-07-28,Emilia-Romagna,Altre job board,AZ_IT_CAREERJET_CPC,7.37,810,21,1
2025-07-28,Emilia-Romagna,Altre job board,AZ_IT_TROVOLAVORO_SPONSORED,17.29,1407,25,2
2025-07-28,Friuli-Venezia Giulia,Altre job board,AZ_IT_BAKECA_LAVORO_ANNUNCI,4.05,508,10,0
2025-07-28,Friuli-Venezia Giulia,Altre job board,AZ_IT_CAREERJET_CPC,1.72,195,6,0
2025-07-28,Friuli-Venezia Giulia,Altre job board,AZ_IT_TROVOLAVORO_SPONSORED,2.39,188,4,0
2025-07-28,Lazio,Altre job board,AZ_IT_BAKECA_LAVORO_ANNUNCI,20.07,2469,43,2
2025-07-28,Lazio,Altre job board,AZ_IT_CAREERJET_CPC,13.13,1405,38,2
2025-07-28,Lazio,Altre job board,AZ_IT_TROVOLAVORO_SPONSORED,16.62,1379,26,2
2025-07-28,Liguria,Altre job board,AZ_IT_BAKECA_LAVORO_ANNUNCI,4.63,591,11,1
2025-07-28,Liguria,Altre job board,AZ_IT_CAREERJET_CPC,1.98,224,6,0
2025-07-28,Liguria,Altre job board,AZ_IT_TROVOLAVORO_SPONSORED,3.60,299,5,1
2025-07-28,Lombardia,Altre job board,AZ_IT_BAKECA_LAVORO_ANNUNCI,37.79,4722,86,2
2025-07-28,Lombardia,Altre job board,AZ_IT_CAREERJET_CPC,16.22,1828,45,1
2025-07-28,Lombardia,Altre job board,AZ_IT_TROVOLAVORO_SPONSORED,19.92,1601,26,2
2025-07-28,Marche,Altre job board,AZ_IT_BAKECA_LAVORO_ANNUNCI,3.04,392,8,0
2025-07-28,Marche,Altre job board,AZ_IT_CAREERJET_CPC,2.57,284,7,0
2025-07-28,Marche,Altre job board,AZ_IT_TROVOLAVORO_SPONSORED,3.24,275,5,0
2025-07-28,Molise,Altre job board,AZ_IT_BAKECA_LAVORO_ANNUNCI,0.84,108,2,0
2025-07-28,Molise,Altre job board,AZ_IT_CAREERJET_CPC,0.35,38,1,0
2025-07-28,Molise,Altre job board,AZ_IT_TROVOLAVORO_SPONSORED,0.95,77,2,0
2025-07-28,Piemonte,Altre job board,AZ_IT_BAKECA_LAVORO_ANNUNCI,16.82,1995,39,1
2025-07-28,Piemonte,Altre job board,AZ_IT_CAREERJET_CPC,4.52,504,14,0
2025-07-28,Piemonte,Altre job board,AZ_IT_TROVOLAVORO_SPONSORED,16.00,1313,24,1
2025-07-28,Puglia,Altre job board,AZ_IT_BAKECA_LAVORO_ANNUNCI,12.07,1629,35,1
2025-07-28,Puglia,Altre job board,AZ_IT_CAREERJET_CPC,8.15,931,25,1
2025-07-28,Puglia,Altre job board,AZ_IT_TROVOLAVORO_SPONSORED,13.66,1098,21,2
2025-07-28,Sardegna,Altre job board,AZ_IT_BAKECA_LAVORO_ANNUNCI,6.69,838,16,1
2025-07-28,Sardegna,Altre job board,AZ_IT_CAREERJET_CPC,2.75,299,8,0
2025-07-28,Sardegna,Altre job board,AZ_IT_TROVOLAVORO_SPONSORED,2.61,219,4,0
2025-07-28,Sicilia,Altre job board,AZ_IT_BAKECA_LAVORO_ANNUNCI,14.59,1857,40,1
2025-07-28,Sicilia,Altre job board,AZ_IT_CAREERJET_CPC,6.86,776,19,1
2025-07-28,Sicilia,Altre job board,AZ_IT_TROVOLAVORO_SPONSORED,12.23,999,20,1
2025-07-28,Toscana,Altre job board,AZ_IT_BAKECA_LAVORO_ANNUNCI,9.17,1090,23,1
2025-07-28,Toscana,Altre job board,AZ_IT_CAREERJET_CPC,5.30,608,16,1
2025-07-28,Toscana,Altre job board,AZ_IT_TROVOLAVORO_SPONSORED,11.12,943,14,2
2025-07-28,Trentino-Alto Adige,Altre job board,AZ_IT_BAKECA_LAVORO_ANNUNCI,4.22,528,11,1
2025-07-28,Trentino-Alto Adige,Altre job board,AZ_IT_CAREERJET_CPC,1.48,166,4,0
2025-07-28,Trentino-Alto Adige,Altre job board,AZ_IT_TROVOLAVORO_SPONSORED,2.22,188,3,1
2025-07-28,Umbria,Altre job board,AZ_IT_BAKECA_LAVORO_ANNUNCI,3.01,369,6,0
2025-07-28,Umbria,Altre job board,AZ_IT_CAREERJET_CPC,1.46,164,5,0
2025-07-28,Umbria,Altre job board,AZ_IT_TROVOLAVORO_SPONSORED,2.13,178,3,0
2025-07-28,Valle d'Aosta,Altre job board,AZ_IT_BAKECA_LAVORO_ANNUNCI,0.50,65,1,0
2025-07-28,Valle d'Aosta,Altre job board,AZ_IT_CAREERJET_CPC,0.11,13,0,0
2025-07-28,Valle d'Aosta,Altre job board,AZ_IT_TROVOLAVORO_SPONSORED,0.24,20,0,0
2025-07-28,Veneto,Altre job board,AZ_IT_BAKECA_LAVORO_ANNUNCI,16.82,2074,39,2
2025-07-28,Veneto,Altre job board,AZ_IT_CAREERJET_CPC,9.72,1080,30,2
2025-07-28,Veneto,Altre job board,AZ_IT_TROVOLAVORO_SPONSORED,9.40,809,15,2
2025-08-04,Abruzzo,Altre job board,AZ_IT_BAKECA_LAVORO_ANNUNCI,7.90,986,21,1
2025-08-04,Abruzzo,Altre job board,AZ_IT_CAREERJET_CPC,3.78,412,9,1
2025-08-04,Abruzzo,Altre job board,AZ_IT_TROVOLAVORO_SPONSORED,7.90,668,12,1
2025-08-04,Basilicata,Altre job board,AZ_IT_BAKECA_LAVORO_ANNUNCI,5.94,693,14,0
2025-08-04,Basilicata,Altre job board,AZ_IT_CAREERJET_CPC,2.35,273,7,0
2025-08-04,Basilicata,Altre job board,AZ_IT_TROVOLAVORO_SPONSORED,5.26,436,8,1
2025-08-04,Calabria,Altre job board,AZ_IT_BAKECA_LAVORO_ANNUNCI,14.12,1747,36,1
2025-08-04,Calabria,Altre job board,AZ_IT_CAREERJET_CPC,12.77,1477,35,1
2025-08-04,Calabria,Altre job board,AZ_IT_TROVOLAVORO_SPONSORED,9.80,820,14,1
2025-08-04,Campania,Altre job board,AZ_IT_BAKECA_LAVORO_ANNUNCI,46.63,6281,119,6
2025-08-04,Campania,Altre job board,AZ_IT_CAREERJET_CPC,27.98,3109,92,5
2025-08-04,Campania,Altre job board,AZ_IT_TROVOLAVORO_SPONSORED,37.01,3117,50,6
2025-08-04,Emilia-Romagna,Altre job board,AZ_IT_BAKECA_LAVORO_ANNUNCI,59.87,7625,158,3
2025-08-04,Emilia-Romagna,Altre job board,AZ_IT_CAREERJET_CPC,23.03,2568,65,2
2025-08-04,Emilia-Romagna,Altre job board,AZ_IT_TROVOLAVORO_SPONSORED,56.17,4566,74,4
2025-08-04,Friuli-Venezia Giulia,Altre job board,AZ_IT_BAKECA_LAVORO_ANNUNCI,10.86,1343,28,1
2025-08-04,Friuli-Venezia Giulia,Altre job board,AZ_IT_CAREERJET_CPC,4.81,563,14,0
2025-08-04,Friuli-Venezia Giulia,Altre job board,AZ_IT_TROVOLAVORO_SPONSORED,6.86,559,10,1
2025-08-04,Lazio,Altre job board,AZ_IT_BAKECA_LAVORO_ANNUNCI,48.63,6246,145,3
2025-08-04,Lazio,Altre job board,AZ_IT_CAREERJET_CPC,19.31,2063,50,1
2025-08-04,Lazio,Altre job board,AZ_IT_TROVOLAVORO_SPONSORED,34.65,2940,55,3
2025-08-04,Liguria,Altre job board,AZ_IT_BAKECA_LAVORO_ANNUNCI,13.71,1683,36,1
2025-08-04,Liguria,Altre job board,AZ_IT_CAREERJET_CPC,7.13,789,21,1
2025-08-04,Liguria,Altre job board,AZ_IT_TROVOLAVORO_SPONSORED,8.83,751,13,1
2025-08-04,Lombardia,Altre job board,AZ_IT_BAKECA_LAVORO_ANNUNCI,69.24,8696,171,3
2025-08-04,Lombardia,Altre job board,AZ_IT_CAREERJET_CPC,49.85,5453,141,3
2025-08-04,Lombardia,Altre job board,AZ_IT_TROVOLAVORO_SPONSORED,66.82,5873,101,4
2025-08-04,Marche,Altre job board,AZ_IT_BAKECA_LAVORO_ANNUNCI,8.68,1113,24,1
2025-08-04,Marche,Altre job board,AZ_IT_CAREERJET_CPC,7.20,810,22,1
2025-08-04,Marche,Altre job board,AZ_IT_TROVOLAVORO_SPONSORED,7.46,620,10,1
2025-08-04,Molise,Altre job board,AZ_IT_BAKECA_LAVORO_ANNUNCI,2.31,295,6,0
2025-08-04,Molise,Altre job board,AZ_IT_CAREERJET_CPC,1.68,184,4,0
2025-08-04,Molise,Altre job board,AZ_IT_TROVOLAVORO_SPONSORED,2.38,202,4,0
2025-08-04,Piemonte,Altre job board,AZ_IT_BAKECA_LAVORO_ANNUNCI,26.91,3665,69,1
2025-08-04,Piemonte,Altre job board,AZ_IT_CAREERJET_CPC,10.55,1227,37,1
2025-08-04,Piemonte,Altre job board,AZ_IT_TROVOLAVORO_SPONSORED,31.81,2642,49,2
2025-08-04,Puglia,Altre job board,AZ_IT_BAKECA_LAVORO_ANNUNCI,57.90,6892,148,3
2025-08-04,Puglia,Altre job board,AZ_IT_CAREERJET_CPC,19.23,2119,60,1
2025-08-04,Puglia,Altre job board,AZ_IT_TROVOLAVORO_SPONSORED,26.76,2384,37,2
2025-08-04,Sardegna,Altre job board,AZ_IT_BAKECA_LAVORO_ANNUNCI,9.20,1153,23,1
2025-08-04,Sardegna,Altre job board,AZ_IT_CAREERJET_CPC,5.15,561,13,1
2025-08-04,Sardegna,Altre job board,AZ_IT_TROVOLAVORO_SPONSORED,10.38,910,18,1
2025-08-04,Sicilia,Altre job board,AZ_IT_BAKECA_LAVORO_ANNUNCI,39.81,5098,102,2
2025-08-04,Sicilia,Altre job board,AZ_IT_CAREERJET_CPC,19.82,2143,59,1
2025-08-04,Sicilia,Altre job board,AZ_IT_TROVOLAVORO_SPONSORED,27.94,2232,36,2
2025-08-04,Toscana,Altre job board,AZ_IT_BAKECA_LAVORO_ANNUNCI,50.29,6446,138,4
2025-08-04,Toscana,Altre job board,AZ_IT_CAREERJET_CPC,15.67,1744,48,2
2025-08-04,Toscana,Altre job board,AZ_IT_TROVOLAVORO_SPONSORED,28.06,2402,45,3
2025-08-04,Trentino-Alto Adige,Altre job board,AZ_IT_BAKECA_LAVORO_ANNUNCI,7.74,998,19,1
2025-08-04,Trentino-Alto Adige,Altre job board,AZ_IT_CAREERJET_CPC,4.71,498,14,1
2025-08-04,Trentino-Alto Adige,Altre job board,AZ_IT_TROVOLAVORO_SPONSORED,11.63,922,15,2
2025-08-04,Umbria,Altre job board,AZ_IT_BAKECA_LAVORO_ANNUNCI,6.99,852,15,0
2025-08-04,Umbria,Altre job board,AZ_IT_CAREERJET_CPC,2.31,261,6,0
2025-08-04,Umbria,Altre job board,AZ_IT_TROVOLAVORO_SPONSORED,5.70,512,8,0
2025-08-04,Valle d'Aosta,Altre job board,AZ_IT_BAKECA_LAVORO_ANNUNCI,0.77,95,2,0
2025-08-04,Valle d'Aosta,Altre job board,AZ_IT_CAREERJET_CPC,0.73,85,2,0
2025-08-04,Valle d'Aosta,Altre job board,AZ_IT_TROVOLAVORO_SPONSORED,0.93,77,1,0
2025-08-04,Veneto,Altre job board,AZ_IT_BAKECA_LAVORO_ANNUNCI,41.23,5317,106,4
2025-08-04,Veneto,Altre job board,AZ_IT_CAREERJET_CPC,26.25,2814,63,3
2025-08-04,Veneto,Altre job board,AZ_IT_TROVOLAVORO_SPONSORED,34.79,2863,61,5
2025-08-11,Abruzzo,Altre job board,AZ_IT_BAKECA_LAVORO_ANNUNCI,7.00,911,18,1
2025-08-11,Abruzzo,Altre job board,AZ_IT_CAREERJET_CPC,4.29,481,12,1
2025-08-11,Abruzzo,Altre job board,AZ_IT_TROVOLAVORO_SPONSORED,7.47,562,11,1
2025-08-11,Basilicata,Altre job board,AZ_IT_BAKECA_LAVORO_ANNUNCI,4.49,541,12,0
2025-08-11,Basilicata,Altre job board,AZ_IT_CAREERJET_CPC,2.02,223,6,0
2025-08-11,Basilicata,Altre job board,AZ_IT_TROVOLAVORO_SPONSORED,2.89,238,4,0
2025-08-11,Calabria,Altre job board,AZ_IT_BAKECA_LAVORO_ANNUNCI,14.64,1728,37,1
2025-08-11,Calabria,Altre job board,AZ_IT_CAREERJET_CPC,6.55,711,16,1
2025-08-11,Calabria,Altre job board,AZ_IT_TROVOLAVORO_SPONSORED,13.11,1062,19,1
2025-08-11,Campania,Altre job board,AZ_IT_BAKECA_LAVORO_ANNUNCI,36.89,4692,92,6
2025-08-11,Campania,Altre job board,AZ_IT_CAREERJET_CPC,14.80,1591,44,3
2025-08-11,Campania,Altre job board,AZ_IT_TROVOLAVORO_SPONSORED,25.08,2050,38,5
2025-08-11,Emilia-Romagna,Altre job board,AZ_IT_BAKECA_LAVORO_ANNUNCI,23.81,3009,63,2
2025-08-11,Emilia-Romagna,Altre job board,AZ_IT_CAREERJET_CPC,14.95,1681,48,1
2025-08-11,Emilia-Romagna,Altre job board,AZ_IT_TROVOLAVORO_SPONSORED,27.53,2319,42,4
2025-08-11,Friuli-Venezia Giulia,Altre job board,AZ_IT_BAKECA_LAVORO_ANNUNCI,11.24,1391,27,1
2025-08-11,Friuli-Venezia Giulia,Altre job board,AZ_IT_CAREERJET_CPC,4.17,458,11,0
2025-08-11,Friuli-Venezia Giulia,Altre job board,AZ_IT_TROVOLAVORO_SPONSORED,10.06,855,16,1
2025-08-11,Lazio,Altre job board,AZ_IT_BAKECA_LAVORO_ANNUNCI,30.00,3889,86,2
2025-08-11,Lazio,Altre job board,AZ_IT_CAREERJET_CPC,20.30,2178,59,2
2025-08-11,Lazio,Altre job board,AZ_IT_TROVOLAVORO_SPONSORED,28.08,2311,40,3
2025-08-11,Liguria,Altre job board,AZ_IT_BAKECA_LAVORO_ANNUNCI,12.92,1650,37,1
2025-08-11,Liguria,Altre job board,AZ_IT_CAREERJET_CPC,6.12,698,17,1
2025-08-11,Liguria,Altre job board,AZ_IT_TROVOLAVORO_SPONSORED,11.14,928,16,1
2025-08-11,Lombardia,Altre job board,AZ_IT_BAKECA_LAVORO_ANNUNCI,63.82,8358,161,4
2025-08-11,Lombardia,Altre job board,AZ_IT_CAREERJET_CPC,33.50,3725,92,2
2025-08-11,Lombardia,Altre job board,AZ_IT_TROVOLAVORO_SPONSORED,39.00,3282,52,3
2025-08-11,Marche,Altre job board,AZ_IT_BAKECA_LAVORO_ANNUNCI,7.15,888,16,1
2025-08-11,Marche,Altre job board,AZ_IT_CAREERJET_CPC,3.82,432,12,0
2025-08-11,Marche,Altre job board,AZ_IT_TROVOLAVORO_SPONSORED,4.91,405,7,1
2025-08-11,Molise,Altre job board,AZ_IT_BAKECA_LAVORO_ANNUNCI,1.52,195,4,0
2025-08-11,Molise,Altre job board,AZ_IT_CAREERJET_CPC,1.19,138,4,0
2025-08-11,Molise,Altre job board,AZ_IT_TROVOLAVORO_SPONSORED,1.41,113,2,0
2025-08-11,Piemonte,Altre job board,AZ_IT_BAKECA_LAVORO_ANNUNCI,40.49,5025,110,2
2025-08-11,Piemonte,Altre job board,AZ_IT_CAREERJET_CPC,19.14,2156,57,2
2025-08-11,Piemonte,Altre job board,AZ_IT_TROVOLAVORO_SPONSORED,16.87,1473,30,1
2025-08-11,Puglia,Altre job board,AZ_IT_BAKECA_LAVORO_ANNUNCI,38.74,5170,91,2
2025-08-11,Puglia,Altre job board,AZ_IT_CAREERJET_CPC,15.79,1754,45,1
2025-08-11,Puglia,Altre job board,AZ_IT_TROVOLAVORO_SPONSORED,19.80,1587,32,2
2025-08-11,Sardegna,Altre job board,AZ_IT_BAKECA_LAVORO_ANNUNCI,10.85,1413,29,1
2025-08-11,Sardegna,Altre job board,AZ_IT_CAREERJET_CPC,4.45,488,13,1
2025-08-11,Sardegna,Altre job board,AZ_IT_TROVOLAVORO_SPONSORED,7.07,598,11,1
2025-08-11,Sicilia,Altre job board,AZ_IT_BAKECA_LAVORO_ANNUNCI,36.29,4292,80,2
2025-08-11,Sicilia,Altre job board,AZ_IT_CAREERJET_CPC,15.43,1743,45,1
2025-08-11,Sicilia,Altre job board,AZ_IT_TROVOLAVORO_SPONSORED,28.07,2409,42,2
2025-08-11,Toscana,Altre job board,AZ_IT_BAKECA_LAVORO_ANNUNCI,30.24,3721,68,3
2025-08-11,Toscana,Altre job board,AZ_IT_CAREERJET_CPC,11.70,1334,36,1
2025-08-11,Toscana,Altre job board,AZ_IT_TROVOLAVORO_SPONSORED,12.05,1052,20,2
2025-08-11,Trentino-Alto Adige,Altre job board,AZ_IT_BAKECA_LAVORO_ANNUNCI,6.58,819,17,1
2025-08-11,Trentino-Alto Adige,Altre job board,AZ_IT_CAREERJET_CPC,3.69,426,12,1
2025-08-11,Trentino-Alto Adige,Altre job board,AZ_IT_TROVOLAVORO_SPONSORED,3.99,328,6,1
2025-08-11,Umbria,Altre job board,AZ_IT_BAKECA_LAVORO_ANNUNCI,6.30,774,16,0
2025-08-11,Umbria,Altre job board,AZ_IT_CAREERJET_CPC,2.41,253,7,0
2025-08-11,Umbria,Altre job board,AZ_IT_TROVOLAVORO_SPONSORED,3.29,272,5,0
2025-08-11,Valle d'Aosta,Altre job board,AZ_IT_BAKECA_LAVORO_ANNUNCI,1.00,125,3,0
2025-08-11,Valle d'Aosta,Altre job board,AZ_IT_CAREERJET_CPC,0.44,49,1,0
2025-08-11,Valle d'Aosta,Altre job board,AZ_IT_TROVOLAVORO_SPONSORED,0.48,41,1,0
2025-08-11,Veneto,Altre job board,AZ_IT_BAKECA_LAVORO_ANNUNCI,60.13,7469,165,6
2025-08-11,Veneto,Altre job board,AZ_IT_CAREERJET_CPC,12.24,1384,36,2
2025-08-11,Veneto,Altre job board,AZ_IT_TROVOLAVORO_SPONSORED,26.99,2261,43,4
2025-08-18,Abruzzo,Altre job board,AZ_IT_BAKECA_LAVORO_ANNUNCI,9.12,1064,20,1
2025-08-18,Abruzzo,Altre job board,AZ_IT_CAREERJET_CPC,7.40,877,24,1
2025-08-18,Abruzzo,Altre job board,AZ_IT_TROVOLAVORO_SPONSORED,7.77,656,13,1
2025-08-18,Basilicata,Altre job board,AZ_IT_BAKECA_LAVORO_ANNUNCI,4.29,535,11,0
2025-08-18,Basilicata,Altre job board,AZ_IT_CAREERJET_CPC,2.31,260,7,0
2025-08-18,Basilicata,Altre job board,AZ_IT_TROVOLAVORO_SPONSORED,2.80,242,4,0
2025-08-18,Calabria,Altre job board,AZ_IT_BAKECA_LAVORO_ANNUNCI,12.73,1602,33,1
2025-08-18,Calabria,Altre job board,AZ_IT_CAREERJET_CPC,6.91,745,21,1
2025-08-18,Calabria,Altre job board,AZ_IT_TROVOLAVORO_SPONSORED,7.99,673,12,1
2025-08-18,Campania,Altre job board,AZ_IT_BAKECA_LAVORO_ANNUNCI,38.70,4642,89,4
2025-08-18,Campania,Altre job board,AZ_IT_CAREERJET_CPC,21.43,2369,61,4
2025-08-18,Campania,Altre job board,AZ_IT_TROVOLAVORO_SPONSORED,44.76,3630,66,8
2025-08-18,Emilia-Romagna,Altre job board,AZ_IT_BAKECA_LAVORO_ANNUNCI,58.73,7332,156,4
2025-08-18,Emilia-Romagna,Altre job board,AZ_IT_CAREERJET_CPC,26.28,2943,75,3
2025-08-18,Emilia-Romagna,Altre job board,AZ_IT_TROVOLAVORO_SPONSORED,30.83,2755,47,3
2025-08-18,Friuli-Venezia Giulia,Altre job board,AZ_IT_BAKECA_LAVORO_ANNUNCI,6.71,853,17,0
2025-08-18,Friuli-Venezia Giulia,Altre job board,AZ_IT_CAREERJET_CPC,4.99,544,14,0
2025-08-18,Friuli-Venezia Giulia,Altre job board,AZ_IT_TROVOLAVORO_SPONSORED,8.62,716,13,1
2025-08-18,Lazio,Altre job board,AZ_IT_BAKECA_LAVORO_ANNUNCI,59.03,7310,143,4
2025-08-18,Lazio,Altre job board,AZ_IT_CAREERJET_CPC,18.68,1979,52,2
2025-08-18,Lazio,Altre job board,AZ_IT_TROVOLAVORO_SPONSORED,37.93,3179,61,3
2025-08-18,Liguria,Altre job board,AZ_IT_BAKECA_LAVORO_ANNUNCI,14.48,1846,36,1
2025-08-18,Liguria,Altre job board,AZ_IT_CAREERJET_CPC,12.15,1373,36,1
2025-08-18,Liguria,Altre job board,AZ_IT_TROVOLAVORO_SPONSORED,10.04,821,16,1
2025-08-18,Lombardia,Altre job board,AZ_IT_BAKECA_LAVORO_ANNUNCI,70.70,8988,197,3
2025-08-18,Lombardia,Altre job board,AZ_IT_CAREERJET_CPC,50.98,5302,125,3
2025-08-18,Lombardia,Altre job board,AZ_IT_TROVOLAVORO_SPONSORED,58.02,4513,82,4
2025-08-18,Marche,Altre job board,AZ_IT_BAKECA_LAVORO_ANNUNCI,10.42,1218,24,1
2025-08-18,Marche,Altre job board,AZ_IT_CAREERJET_CPC,4.14,450,11,0
2025-08-18,Marche,Altre job board,AZ_IT_TROVOLAVORO_SPONSORED,7.24,568,10,1
2025-08-18,Molise,Altre job board,AZ_IT_BAKECA_LAVORO_ANNUNCI,2.46,301,7,0
2025-08-18,Molise,Altre job board,AZ_IT_CAREERJET_CPC,1.49,169,4,0
2025-08-18,Molise,Altre job board,AZ_IT_TROVOLAVORO_SPONSORED,1.98,164,3,0
2025-08-18,Piemonte,Altre job board,AZ_IT_BAKECA_LAVORO_ANNUNCI,30.32,3888,79,2
2025-08-18,Piemonte,Altre job board,AZ_IT_CAREERJET_CPC,19.65,2188,59,1
2025-08-18,Piemonte,Altre job board,AZ_IT_TROVOLAVORO_SPONSORED,28.85,2284,42,2
2025-08-18,Puglia,Altre job board,AZ_IT_BAKECA_LAVORO_ANNUNCI,30.88,3819,67,2
2025-08-18,Puglia,Altre job board,AZ_IT_CAREERJET_CPC,16.17,1747,43,1
2025-08-18,Puglia,Altre job board,AZ_IT_TROVOLAVORO_SPONSORED,33.58,2644,47,2
2025-08-18,Sardegna,Altre job board,AZ_IT_BAKECA_LAVORO_ANNUNCI,12.31,1605,28,1
2025-08-18,Sardegna,Altre job board,AZ_IT_CAREERJET_CPC,7.30,819,24,1
2025-08-18,Sardegna,Altre job board,AZ_IT_TROVOLAVORO_SPONSORED,16.10,1349,22,1
2025-08-18,Sicilia,Altre job board,AZ_IT_BAKECA_LAVORO_ANNUNCI,25.68,3053,59,1
2025-08-18,Sicilia,Altre job board,AZ_IT_CAREERJET_CPC,20.77,2284,51,1
2025-08-18,Sicilia,Altre job board,AZ_IT_TROVOLAVORO_SPONSORED,33.46,2802,51,2
2025-08-18,Toscana,Altre job board,AZ_IT_BAKECA_LAVORO_ANNUNCI,18.25,2199,45,2
2025-08-18,Toscana,Altre job board,AZ_IT_CAREERJET_CPC,14.44,1652,42,2
2025-08-18,Toscana,Altre job board,AZ_IT_TROVOLAVORO_SPONSORED,22.92,1890,38,3
2025-08-18,Trentino-Alto Adige,Altre job board,AZ_IT_BAKECA_LAVORO_ANNUNCI,7.78,1014,21,1
2025-08-18,Trentino-Alto Adige,Altre job board,AZ_IT_CAREERJET_CPC,4.52,466,11,1
2025-08-18,Trentino-Alto Adige,Altre job board,AZ_IT_TROVOLAVORO_SPONSORED,5.91,506,8,1
2025-08-18,Umbria,Altre job board,AZ_IT_BAKECA_LAVORO_ANNUNCI,5.74,735,14,0
2025-08-18,Umbria,Altre job board,AZ_IT_CAREERJET_CPC,3.05,350,9,0
2025-08-18,Umbria,Altre job board,AZ_IT_TROVOLAVORO_SPONSORED,7.42,608,10,1
2025-08-18,Valle d'Aosta,Altre job board,AZ_IT_BAKECA_LAVORO_ANNUNCI,1.17,144,3,0
2025-08-18,Valle d'Aosta,Altre job board,AZ_IT_CAREERJET_CPC,0.35,39,1,0
2025-08-18,Valle d'Aosta,Altre job board,AZ_IT_TROVOLAVORO_SPONSORED,0.68,57,1,0
2025-08-18,Veneto,Altre job board,AZ_IT_BAKECA_LAVORO_ANNUNCI,31.07,3819,80,3
2025-08-18,Veneto,Altre job board,AZ_IT_CAREERJET_CPC,26.81,2906,79,4
2025-08-18,Veneto,Altre job board,AZ_IT_TROVOLAVORO_SPONSORED,34.72,2958,49,5
2025-08-25,Abruzzo,Altre job board,AZ_IT_BAKECA_LAVORO_ANNUNCI,11.92,1573,25,1
2025-08-25,Abruzzo,Altre job board,AZ_IT_CAREERJET_CPC,10.88,1172,29,1
2025-08-25,Abruzzo,Altre job board,AZ_IT_TROVOLAVORO_SPONSORED,15.37,1246,22,2
2025-08-25,Basilicata,Altre job board,AZ_IT_BAKECA_LAVORO_ANNUNCI,6.09,755,15,0
2025-08-25,Basilicata,Altre job board,AZ_IT_CAREERJET_CPC,3.56,401,9,0
2025-08-25,Basilicata,Altre job board,AZ_IT_TROVOLAVORO_SPONSORED,6.26,514,9,1
2025-08-25,Calabria,Altre job board,AZ_IT_BAKECA_LAVORO_ANNUNCI,28.30,3368,66,1
2025-08-25,Calabria,Altre job board,AZ_IT_CAREERJET_CPC,12.27,1393,38,1
2025-08-25,Calabria,Altre job board,AZ_IT_TROVOLAVORO_SPONSORED,23.33,1926,37,2
2025-08-25,Campania,Altre job board,AZ_IT_BAKECA_LAVORO_ANNUNCI,77.18,10101,216,9
2025-08-25,Campania,Altre job board,AZ_IT_CAREERJET_CPC,23.55,2709,59,4
2025-08-25,Campania,Altre job board,AZ_IT_TROVOLAVORO_SPONSORED,59.80,4962,93,11
2025-08-25,Emilia-Romagna,Altre job board,AZ_IT_BAKECA_LAVORO_ANNUNCI,78.46,9253,183,5
2025-08-25,Emilia-Romagna,Altre job board,AZ_IT_CAREERJET_CPC,31.42,3506,92,2
2025-08-25,Emilia-Romagna,Altre job board,AZ_IT_TROVOLAVORO_SPONSORED,41.43,3361,58,4
2025-08-25,Friuli-Venezia Giulia,Altre job board,AZ_IT_BAKECA_LAVORO_ANNUNCI,25.41,3104,55,1
2025-08-25,Friuli-Venezia Giulia,Altre job board,AZ_IT_CAREERJET_CPC,11.66,1359,30,1
2025-08-25,Friuli-Venezia Giulia,Altre job board,AZ_IT_TROVOLAVORO_SPONSORED,16.95,1526,28,1
2025-08-25,Lazio,Altre job board,AZ_IT_BAKECA_LAVORO_ANNUNCI,85.31,10160,216,5
2025-08-25,Lazio,Altre job board,AZ_IT_CAREERJET_CPC,42.23,4803,128,3
2025-08-25,Lazio,Altre job board,AZ_IT_TROVOLAVORO_SPONSORED,54.96,4824,89,5
2025-08-25,Liguria,Altre job board,AZ_IT_BAKECA_LAVORO_ANNUNCI,19.15,2527,47,1
2025-08-25,Liguria,Altre job board,AZ_IT_CAREERJET_CPC,12.14,1318,32,1
2025-08-25,Liguria,Altre job board,AZ_IT_TROVOLAVORO_SPONSORED,12.24,1029,18,1
2025-08-25,Lombardia,Altre job board,AZ_IT_BAKECA_LAVORO_ANNUNCI,113.30,14064,273,4
2025-08-25,Lombardia,Altre job board,AZ_IT_CAREERJET_CPC,63.74,6950,178,4
2025-08-25,Lombardia,Altre job board,AZ_IT_TROVOLAVORO_SPONSORED,86.55,6979,145,5
2025-08-25,Marche,Altre job board,AZ_IT_BAKECA_LAVORO_ANNUNCI,19.29,2288,42,1
2025-08-25,Marche,Altre job board,AZ_IT_CAREERJET_CPC,16.59,1924,48,1
2025-08-25,Marche,Altre job board,AZ_IT_TROVOLAVORO_SPONSORED,22.88,2038,37,2
2025-08-25,Molise,Altre job board,AZ_IT_BAKECA_LAVORO_ANNUNCI,4.37,560,11,0
2025-08-25,Molise,Altre job board,AZ_IT_CAREERJET_CPC,2.61,286,7,0
2025-08-25,Molise,Altre job board,AZ_IT_TROVOLAVORO_SPONSORED,2.73,234,5,0
2025-08-25,Piemonte,Altre job board,AZ_IT_BAKECA_LAVORO_ANNUNCI,85.58,10979,222,4
2025-08-25,Piemonte,Altre job board,AZ_IT_CAREERJET_CPC,47.48,5194,148,3
2025-08-25,Piemonte,Altre job board,AZ_IT_TROVOLAVORO_SPONSORED,34.74,2987,56,2
2025-08-25,Puglia,Altre job board,AZ_IT_BAKECA_LAVORO_ANNUNCI,45.44,5481,99,2
2025-08-25,Puglia,Altre job board,AZ_IT_CAREERJET_CPC,25.35,2893,71,2
2025-08-25,Puglia,Altre job board,AZ_IT_TROVOLAVORO_SPONSORED,48.27,4005,75,3
2025-08-25,Sardegna,Altre job board,AZ_IT_BAKECA_LAVORO_ANNUNCI,23.60,3111,67,2
2025-08-25,Sardegna,Altre job board,AZ_IT_CAREERJET_CPC,13.74,1569,40,1
2025-08-25,Sardegna,Altre job board,AZ_IT_TROVOLAVORO_SPONSORED,20.03,1698,36,2
2025-08-25,Sicilia,Altre job board,AZ_IT_BAKECA_LAVORO_ANNUNCI,57.25,6758,124,3
2025-08-25,Sicilia,Altre job board,AZ_IT_CAREERJET_CPC,31.06,3472,94,2
2025-08-25,Sicilia,Altre job board,AZ_IT_TROVOLAVORO_SPONSORED,26.98,2317,46,2
2025-08-25,Toscana,Altre job board,AZ_IT_BAKECA_LAVORO_ANNUNCI,71.63,9093,198,5
2025-08-25,Toscana,Altre job board,AZ_IT_CAREERJET_CPC,33.75,3803,94,3
2025-08-25,Toscana,Altre job board,AZ_IT_TROVOLAVORO_SPONSORED,35.11,2784,48,3
2025-08-25,Trentino-Alto Adige,Altre job board,AZ_IT_BAKECA_LAVORO_ANNUNCI,10.95,1433,30,1
2025-08-25,Trentino-Alto Adige,Altre job board,AZ_IT_CAREERJET_CPC,9.17,991,25,2
2025-08-25,Trentino-Alto Adige,Altre job board,AZ_IT_TROVOLAVORO_SPONSORED,12.26,1026,19,2
2025-08-25,Umbria,Altre job board,AZ_IT_BAKECA_LAVORO_ANNUNCI,16.10,2130,36,1
2025-08-25,Umbria,Altre job board,AZ_IT_CAREERJET_CPC,7.58,805,21,1
2025-08-25,Umbria,Altre job board,AZ_IT_TROVOLAVORO_SPONSORED,6.67,558,10,0
2025-08-25,Valle d'Aosta,Altre job board,AZ_IT_BAKECA_LAVORO_ANNUNCI,1.36,175,4,0
2025-08-25,Valle d'Aosta,Altre job board,AZ_IT_CAREERJET_CPC,0.74,80,2,0
2025-08-25,Valle d'Aosta,Altre job board,AZ_IT_TROVOLAVORO_SPONSORED,2.12,180,3,0
2025-08-25,Veneto,Altre job board,AZ_IT_BAKECA_LAVORO_ANNUNCI,60.84,7428,147,6
2025-08-25,Veneto,Altre job board,AZ_IT_CAREERJET_CPC,47.30,5372,131,5
2025-08-25,Veneto,Altre job board,AZ_IT_TROVOLAVORO_SPONSORED,45.94,3917,74,5
2025-09-01,Abruzzo,Altre job board,AZ_IT_BAKECA_LAVORO_ANNUNCI,7.75,980,21,1
2025-09-01,Abruzzo,Altre job board,AZ_IT_CAREERJET_CPC,5.32,585,15,1
2025-09-01,Abruzzo,Altre job board,AZ_IT_TROVOLAVORO_SPONSORED,5.39,446,8,1
2025-09-01,Basilicata,Altre job board,AZ_IT_BAKECA_LAVORO_ANNUNCI,3.65,444,8,0
2025-09-01,Basilicata,Altre job board,AZ_IT_CAREERJET_CPC,1.52,176,4,0
2025-09-01,Basilicata,Altre job board,AZ_IT_TROVOLAVORO_SPONSORED,2.55,205,3,0
2025-09-01,Calabria,Altre job board,AZ_IT_BAKECA_LAVORO_ANNUNCI,11.61,1507,30,1
2025-09-01,Calabria,Altre job board,AZ_IT_CAREERJET_CPC,7.16,795,20,1
2025-09-01,Calabria,Altre job board,AZ_IT_TROVOLAVORO_SPONSORED,10.66,821,15,1
2025-09-01,Campania,Altre job board,AZ_IT_BAKECA_LAVORO_ANNUNCI,33.83,4335,76,6
2025-09-01,Campania,Altre job board,AZ_IT_CAREERJET_CPC,19.74,2104,53,4
2025-09-01,Campania,Altre job board,AZ_IT_TROVOLAVORO_SPONSORED,17.67,1483,27,4
2025-09-01,Emilia-Romagna,Altre job board,AZ_IT_BAKECA_LAVORO_ANNUNCI,26.54,3478,72,2
2025-09-01,Emilia-Romagna,Altre job board,AZ_IT_CAREERJET_CPC,11.97,1290,35,1
2025-09-01,Emilia-Romagna,Altre job board,AZ_IT_TROVOLAVORO_SPONSORED,29.25,2441,53,3
2025-09-01,Friuli-Venezia Giulia,Altre job board,AZ_IT_BAKECA_LAVORO_ANNUNCI,9.57,1205,27,1
2025-09-01,Friuli-Venezia Giulia,Altre job board,AZ_IT_CAREERJET_CPC,3.97,425,12,1
2025-09-01,Friuli-Venezia Giulia,Altre job board,AZ_IT_TROVOLAVORO_SPONSORED,6.61,536,10,1
2025-09-01,Lazio,Altre job board,AZ_IT_BAKECA_LAVORO_ANNUNCI,58.94,7300,152,4
2025-09-01,Lazio,Altre job board,AZ_IT_CAREERJET_CPC,17.73,1987,50,2
2025-09-01,Lazio,Altre job board,AZ_IT_TROVOLAVORO_SPONSORED,25.46,2087,34,3
2025-09-01,Liguria,Altre job board,AZ_IT_BAKECA_LAVORO_ANNUNCI,9.52,1243,26,1
2025-09-01,Liguria,Altre job board,AZ_IT_CAREERJET_CPC,6.34,717,18,1
2025-09-01,Liguria,Altre job board,AZ_IT_TROVOLAVORO_SPONSORED,4.30,379,6,1
2025-09-01,Lombardia,Altre job board,AZ_IT_BAKECA_LAVORO_ANNUNCI,77.49,9444,186,4
2025-09-01,Lombardia,Altre job board,AZ_IT_CAREERJET_CPC,31.14,3524,91,2
2025-09-01,Lombardia,Altre job board,AZ_IT_TROVOLAVORO_SPONSORED,53.29,4284,76,4
2025-09-01,Marche,Altre job board,AZ_IT_BAKECA_LAVORO_ANNUNCI,10.68,1362,27,1
2025-09-01,Marche,Altre job board,AZ_IT_CAREERJET_CPC,4.96,537,15,1
2025-09-01,Marche,Altre job board,AZ_IT_TROVOLAVORO_SPONSORED,4.64,364,7,1
2025-09-01,Molise,Altre job board,AZ_IT_BAKECA_LAVORO_ANNUNCI,1.86,233,5,0
2025-09-01,Molise,Altre job board,AZ_IT_CAREERJET_CPC,1.00,114,3,0
2025-09-01,Molise,Altre job board,AZ_IT_TROVOLAVORO_SPONSORED,1.59,134,3,0
2025-09-01,Piemonte,Altre job board,AZ_IT_BAKECA_LAVORO_ANNUNCI,33.41,4318,89,2
2025-09-01,Piemonte,Altre job board,AZ_IT_CAREERJET_CPC,15.14,1741,43,1
2025-09-01,Piemonte,Altre job board,AZ_IT_TROVOLAVORO_SPONSORED,17.44,1420,24,1
2025-09-01,Puglia,Altre job board,AZ_IT_BAKECA_LAVORO_ANNUNCI,29.79,3742,75,2
2025-09-01,Puglia,Altre job board,AZ_IT_CAREERJET_CPC,10.09,1111,29,1
2025-09-01,Puglia,Altre job board,AZ_IT_TROVOLAVORO_SPONSORED,13.68,1171,23,1
2025-09-01,Sardegna,Altre job board,AZ_IT_BAKECA_LAVORO_ANNUNCI,12.98,1647,31,1
2025-09-01,Sardegna,Altre job board,AZ_IT_CAREERJET_CPC,5.70,640,14,1
2025-09-01,Sardegna,Altre job board,AZ_IT_TROVOLAVORO_SPONSORED,9.12,760,14,1
2025-09-01,Sicilia,Altre job board,AZ_IT_BAKECA_LAVORO_ANNUNCI,26.40,3167,64,1
2025-09-01,Sicilia,Altre job board,AZ_IT_CAREERJET_CPC,16.10,1750,47,1
2025-09-01,Sicilia,Altre job board,AZ_IT_TROVOLAVORO_SPONSORED,19.58,1520,24,2
2025-09-01,Toscana,Altre job board,AZ_IT_BAKECA_LAVORO_ANNUNCI,19.70,2413,45,2
2025-09-01,Toscana,Altre job board,AZ_IT_CAREERJET_CPC,10.49,1171,33,2
2025-09-01,Toscana,Altre job board,AZ_IT_TROVOLAVORO_SPONSORED,17.63,1458,24,2
2025-09-01,Trentino-Alto Adige,Altre job board,AZ_IT_BAKECA_LAVORO_ANNUNCI,7.48,925,17,1
2025-09-01,Trentino-Alto Adige,Altre job board,AZ_IT_CAREERJET_CPC,3.64,410,11,1
2025-09-01,Trentino-Alto Adige,Altre job board,AZ_IT_TROVOLAVORO_SPONSORED,5.29,434,9,1
2025-09-01,Umbria,Altre job board,AZ_IT_BAKECA_LAVORO_ANNUNCI,7.40,945,20,1
2025-09-01,Umbria,Altre job board,AZ_IT_CAREERJET_CPC,2.41,272,8,0
2025-09-01,Umbria,Altre job board,AZ_IT_TROVOLAVORO_SPONSORED,4.00,342,6,1
2025-09-01,Valle d'Aosta,Altre job board,AZ_IT_BAKECA_LAVORO_ANNUNCI,0.60,75,1,0
2025-09-01,Valle d'Aosta,Altre job board,AZ_IT_CAREERJET_CPC,0.42,44,1,0
2025-09-01,Valle d'Aosta,Altre job board,AZ_IT_TROVOLAVORO_SPONSORED,0.48,40,1,0
2025-09-01,Veneto,Altre job board,AZ_IT_BAKECA_LAVORO_ANNUNCI,24.94,3092,67,3
2025-09-01,Veneto,Altre job board,AZ_IT_CAREERJET_CPC,22.25,2439,62,4
2025-09-01,Veneto,Altre job board,AZ_IT_TROVOLAVORO_SPONSORED,23.24,1958,38,4
2025-09-08,Abruzzo,Altre job board,AZ_IT_BAKECA_LAVORO_ANNUNCI,17.04,2231,45,1
2025-09-08,Abruzzo,Altre job board,AZ_IT_CAREERJET_CPC,9.46,1063,23,1
2025-09-08,Abruzzo,Altre job board,AZ_IT_TROVOLAVORO_SPONSORED,17.94,1590,28,2
2025-09-08,Basilicata,Altre job board,AZ_IT_BAKECA_LAVORO_ANNUNCI,5.83,741,16,0
2025-09-08,Basilicata,Altre job board,AZ_IT_CAREERJET_CPC,7.16,801,19,1
2025-09-08,Basilicata,Altre job board,AZ_IT_TROVOLAVORO_SPONSORED,5.93,513,9,1
2025-09-08,Calabria,Altre job board,AZ_IT_BAKECA_LAVORO_ANNUNCI,43.76,5416,113,2
2025-09-08,Calabria,Altre job board,AZ_IT_CAREERJET_CPC,19.28,2178,57,1
2025-09-08,Calabria,Altre job board,AZ_IT_TROVOLAVORO_SPONSORED,14.95,1210,23,1
2025-09-08,Campania,Altre job board,AZ_IT_BAKECA_LAVORO_ANNUNCI,57.14,7274,146,6
2025-09-08,Campania,Altre job board,AZ_IT_CAREERJET_CPC,59.93,6680,169,9
2025-09-08,Campania,Altre job board,AZ_IT_TROVOLAVORO_SPONSORED,55.11,4461,76,7
2025-09-08,Emilia-Romagna,Altre job board,AZ_IT_BAKECA_LAVORO_ANNUNCI,79.85,9744,203,4
2025-09-08,Emilia-Romagna,Altre job board,AZ_IT_CAREERJET_CPC,39.95,4295,110,3
2025-09-08,Emilia-Romagna,Altre job board,AZ_IT_TROVOLAVORO_SPONSORED,51.07,4140,68,4
2025-09-08,Friuli-Venezia Giulia,Altre job board,AZ_IT_BAKECA_LAVORO_ANNUNCI,17.19,2217,44,1
2025-09-08,Friuli-Venezia Giulia,Altre job board,AZ_IT_CAREERJET_CPC,22.49,2607,59,2
2025-09-08,Friuli-Venezia Giulia,Altre job board,AZ_IT_TROVOLAVORO_SPONSORED,8.94,731,12,1
2025-09-08,Lazio,Altre job board,AZ_IT_BAKECA_LAVORO_ANNUNCI,104.20,13104,278,5
2025-09-08,Lazio,Altre job board,AZ_IT_CAREERJET_CPC,81.85,9280,245,6
2025-09-08,Lazio,Altre job board,AZ_IT_TROVOLAVORO_SPONSORED,48.47,3867,70,3
2025-09-08,Liguria,Altre job board,AZ_IT_BAKECA_LAVORO_ANNUNCI,19.18,2458,50,1
2025-09-08,Liguria,Altre job board,AZ_IT_CAREERJET_CPC,14.30,1540,38,2
2025-09-08,Liguria,Altre job board,AZ_IT_TROVOLAVORO_SPONSORED,14.46,1199,20,2
2025-09-08,Lombardia,Altre job board,AZ_IT_BAKECA_LAVORO_ANNUNCI,151.44,18217,333,6
2025-09-08,Lombardia,Altre job board,AZ_IT_CAREERJET_CPC,82.62,9249,236,4
2025-09-08,Lombardia,Altre job board,AZ_IT_TROVOLAVORO_SPONSORED,123.60,10051,181,7
2025-09-08,Marche,Altre job board,AZ_IT_BAKECA_LAVORO_ANNUNCI,20.89,2592,46,1
2025-09-08,Marche,Altre job board,AZ_IT_CAREERJET_CPC,15.11,1697,46,1
2025-09-08,Marche,Altre job board,AZ_IT_TROVOLAVORO_SPONSORED,12.08,1005,19,1
2025-09-08,Molise,Altre job board,AZ_IT_BAKECA_LAVORO_ANNUNCI,5.18,616,11,0
2025-09-08,Molise,Altre job board,AZ_IT_CAREERJET_CPC,3.52,384,11,0
2025-09-08,Molise,Altre job board,AZ_IT_TROVOLAVORO_SPONSORED,3.08,260,5,0
2025-09-08,Piemonte,Altre job board,AZ_IT_BAKECA_LAVORO_ANNUNCI,79.70,9601,207,3
2025-09-08,Piemonte,Altre job board,AZ_IT_CAREERJET_CPC,36.32,3956,93,2
2025-09-08,Piemonte,Altre job board,AZ_IT_TROVOLAVORO_SPONSORED,55.18,4617,88,3
2025-09-08,Puglia,Altre job board,AZ_IT_BAKECA_LAVORO_ANNUNCI,64.25,7685,149,3
2025-09-08,Puglia,Altre job board,AZ_IT_CAREERJET_CPC,65.01,7263,203,3
2025-09-08,Puglia,Altre job board,AZ_IT_TROVOLAVORO_SPONSORED,44.15,3543,75,2
2025-09-08,Sardegna,Altre job board,AZ_IT_BAKECA_LAVORO_ANNUNCI,32.22,4210,89,2
2025-09-08,Sardegna,Altre job board,AZ_IT_CAREERJET_CPC,17.48,1779,45,2
2025-09-08,Sardegna,Altre job board,AZ_IT_TROVOLAVORO_SPONSORED,15.44,1276,21,1
2025-09-08,Sicilia,Altre job board,AZ_IT_BAKECA_LAVORO_ANNUNCI,74.97,9785,191,3
2025-09-08,Sicilia,Altre job board,AZ_IT_CAREERJET_CPC,44.67,5050,139,2
2025-09-08,Sicilia,Altre job board,AZ_IT_TROVOLAVORO_SPONSORED,95.36,7973,141,5
2025-09-08,Toscana,Altre job board,AZ_IT_BAKECA_LAVORO_ANNUNCI,55.29,6731,145,3
2025-09-08,Toscana,Altre job board,AZ_IT_CAREERJET_CPC,21.58,2385,58,2
2025-09-08,Toscana,Altre job board,AZ_IT_TROVOLAVORO_SPONSORED,45.07,3709,71,5
2025-09-08,Trentino-Alto Adige,Altre job board,AZ_IT_BAKECA_LAVORO_ANNUNCI,11.83,1509,31,2
2025-09-08,Trentino-Alto Adige,Altre job board,AZ_IT_CAREERJET_CPC,8.30,930,23,2
2025-09-08,Trentino-Alto Adige,Altre job board,AZ_IT_TROVOLAVORO_SPONSORED,6.86,564,11,1
2025-09-08,Umbria,Altre job board,AZ_IT_BAKECA_LAVORO_ANNUNCI,14.67,1820,41,1
2025-09-08,Umbria,Altre job board,AZ_IT_CAREERJET_CPC,12.37,1450,38,1
2025-09-08,Umbria,Altre job board,AZ_IT_TROVOLAVORO_SPONSORED,5.15,415,7,0
2025-09-08,Valle d'Aosta,Altre job board,AZ_IT_BAKECA_LAVORO_ANNUNCI,2.02,262,5,0
2025-09-08,Valle d'Aosta,Altre job board,AZ_IT_CAREERJET_CPC,1.12,125,3,0
2025-09-08,Valle d'Aosta,Altre job board,AZ_IT_TROVOLAVORO_SPONSORED,1.85,156,3,0
2025-09-08,Veneto,Altre job board,AZ_IT_BAKECA_LAVORO_ANNUNCI,68.77,9096,198,6
2025-09-08,Veneto,Altre job board,AZ_IT_CAREERJET_CPC,53.10,5800,139,5
2025-09-08,Veneto,Altre job board,AZ_IT_TROVOLAVORO_SPONSORED,54.64,4594,88,6
2025-09-15,Abruzzo,Altre job board,AZ_IT_BAKECA_LAVORO_ANNUNCI,11.68,1413,29,1
2025-09-15,Abruzzo,Altre job board,AZ_IT_CAREERJET_CPC,6.29,668,19,1
2025-09-15,Abruzzo,Altre job board,AZ_IT_TROVOLAVORO_SPONSORED,9.43,771,16,1
2025-09-15,Basilicata,Altre job board,AZ_IT_BAKECA_LAVORO_ANNUNCI,3.88,475,10,0
2025-09-15,Basilicata,Altre job board,AZ_IT_CAREERJET_CPC,3.66,413,11,1
2025-09-15,Basilicata,Altre job board,AZ_IT_TROVOLAVORO_SPONSORED,2.59,223,4,0
2025-09-15,Calabria,Altre job board,AZ_IT_BAKECA_LAVORO_ANNUNCI,18.03,2146,41,1
2025-09-15,Calabria,Altre job board,AZ_IT_CAREERJET_CPC,9.62,1034,27,1
2025-09-15,Calabria,Altre job board,AZ_IT_TROVOLAVORO_SPONSORED,10.49,817,16,1
2025-09-15,Campania,Altre job board,AZ_IT_BAKECA_LAVORO_ANNUNCI,49.16,6351,119,7
2025-09-15,Campania,Altre job board,AZ_IT_CAREERJET_CPC,22.81,2472,65,4
2025-09-15,Campania,Altre job board,AZ_IT_TROVOLAVORO_SPONSORED,43.41,3431,66,8
2025-09-15,Emilia-Romagna,Altre job board,AZ_IT_BAKECA_LAVORO_ANNUNCI,34.94,4397,95,3
2025-09-15,Emilia-Romagna,Altre job board,AZ_IT_CAREERJET_CPC,21.48,2454,65,2
2025-09-15,Emilia-Romagna,Altre job board,AZ_IT_TROVOLAVORO_SPONSORED,24.63,2190,38,2
2025-09-15,Friuli-Venezia Giulia,Altre job board,AZ_IT_BAKECA_LAVORO_ANNUNCI,12.01,1452,30,1
2025-09-15,Friuli-Venezia Giulia,Altre job board,AZ_IT_CAREERJET_CPC,4.71,526,14,1
2025-09-15,Friuli-Venezia Giulia,Altre job board,AZ_IT_TROVOLAVORO_SPONSORED,8.88,758,15,1
2025-09-15,Lazio,Altre job board,AZ_IT_BAKECA_LAVORO_ANNUNCI,46.19,6016,118,4
2025-09-15,Lazio,Altre job board,AZ_IT_CAREERJET_CPC,23.48,2532,74,2
2025-09-15,Lazio,Altre job board,AZ_IT_TROVOLAVORO_SPONSORED,54.73,4506,92,5
2025-09-15,Liguria,Altre job board,AZ_IT_BAKECA_LAVORO_ANNUNCI,12.73,1541,31,1
2025-09-15,Liguria,Altre job board,AZ_IT_CAREERJET_CPC,4.53,501,12,1
2025-09-15,Liguria,Altre job board,AZ_IT_TROVOLAVORO_SPONSORED,7.50,628,11,1
2025-09-15,Lombardia,Altre job board,AZ_IT_BAKECA_LAVORO_ANNUNCI,85.36,10374,185,4
2025-09-15,Lombardia,Altre job board,AZ_IT_CAREERJET_CPC,65.20,7280,184,5
2025-09-15,Lombardia,Altre job board,AZ_IT_TROVOLAVORO_SPONSORED,59.11,4806,84,5
2025-09-15,Marche,Altre job board,AZ_IT_BAKECA_LAVORO_ANNUNCI,11.78,1491,31,1
2025-09-15,Marche,Altre job board,AZ_IT_CAREERJET_CPC,6.44,713,17,1
2025-09-15,Marche,Altre job board,AZ_IT_TROVOLAVORO_SPONSORED,6.76,588,10,1
2025-09-15,Molise,Altre job board,AZ_IT_BAKECA_LAVORO_ANNUNCI,3.57,424,10,0
2025-09-15,Molise,Altre job board,AZ_IT_CAREERJET_CPC,1.43,156,4,0
2025-09-15,Molise,Altre job board,AZ_IT_TROVOLAVORO_SPONSORED,2.42,208,4,0
2025-09-15,Piemonte,Altre job board,AZ_IT_BAKECA_LAVORO_ANNUNCI,57.53,7030,118,3
2025-09-15,Piemonte,Altre job board,AZ_IT_CAREERJET_CPC,25.55,2847,67,2
2025-09-15,Piemonte,Altre job board,AZ_IT_TROVOLAVORO_SPONSORED,33.74,2735,45,2
2025-09-15,Puglia,Altre job board,AZ_IT_BAKECA_LAVORO_ANNUNCI,36.11,4623,85,3
2025-09-15,Puglia,Altre job board,AZ_IT_CAREERJET_CPC,23.26,2629,69,2
2025-09-15,Puglia,Altre job board,AZ_IT_TROVOLAVORO_SPONSORED,21.12,1762,29,2
2025-09-15,Sardegna,Altre job board,AZ_IT_BAKECA_LAVORO_ANNUNCI,25.60,3043,61,2
2025-09-15,Sardegna,Altre job board,AZ_IT_CAREERJET_CPC,11.48,1280,28,1
2025-09-15,Sardegna,Altre job board,AZ_IT_TROVOLAVORO_SPONSORED,7.96,665,11,1
2025-09-15,Sicilia,Altre job board,AZ_IT_BAKECA_LAVORO_ANNUNCI,32.17,4076,88,2
2025-09-15,Sicilia,Altre job board,AZ_IT_CAREERJET_CPC,18.70,2106,46,2
2025-09-15,Sicilia,Altre job board,AZ_IT_TROVOLAVORO_SPONSORED,32.35,2726,53,3
2025-09-15,Toscana,Altre job board,AZ_IT_BAKECA_LAVORO_ANNUNCI,31.85,4180,82,3
2025-09-15,Toscana,Altre job board,AZ_IT_CAREERJET_CPC,39.81,4503,107,5
2025-09-15,Toscana,Altre job board,AZ_IT_TROVOLAVORO_SPONSORED,21.52,1732,32,3
2025-09-15,Trentino-Alto Adige,Altre job board,AZ_IT_BAKECA_LAVORO_ANNUNCI,12.21,1546,33,2
2025-09-15,Trentino-Alto Adige,Altre job board,AZ_IT_CAREERJET_CPC,5.41,584,15,1
2025-09-15,Trentino-Alto Adige,Altre job board,AZ_IT_TROVOLAVORO_SPONSORED,9.59,795,13,2
2025-09-15,Umbria,Altre job board,AZ_IT_BAKECA_LAVORO_ANNUNCI,8.66,1094,20,1
2025-09-15,Umbria,Altre job board,AZ_IT_CAREERJET_CPC,4.95,552,15,0
2025-09-15,Umbria,Altre job board,AZ_IT_TROVOLAVORO_SPONSORED,9.45,767,15,1
2025-09-15,Valle d'Aosta,Altre job board,AZ_IT_BAKECA_LAVORO_ANNUNCI,1.14,145,3,0
2025-09-15,Valle d'Aosta,Altre job board,AZ_IT_CAREERJET_CPC,0.74,80,2,0
2025-09-15,Valle d'Aosta,Altre job board,AZ_IT_TROVOLAVORO_SPONSORED,0.78,68,1,0
2025-09-15,Veneto,Altre job board,AZ_IT_BAKECA_LAVORO_ANNUNCI,41.94,5190,108,4
2025-09-15,Veneto,Altre job board,AZ_IT_CAREERJET_CPC,38.44,4385,113,5
2025-09-15,Veneto,Altre job board,AZ_IT_TROVOLAVORO_SPONSORED,33.79,2879,54,5
2025-09-22,Abruzzo,Altre job board,AZ_IT_BAKECA_LAVORO_ANNUNCI,36.57,4603,101,3
2025-09-22,Abruzzo,Altre job board,AZ_IT_CAREERJET_CPC,10.41,1191,34,1
2025-09-22,Abruzzo,Altre job board,AZ_IT_TROVOLAVORO_SPONSORED,16.47,1314,26,2
2025-09-22,Basilicata,Altre job board,AZ_IT_BAKECA_LAVORO_ANNUNCI,5.81,742,13,0
2025-09-22,Basilicata,Altre job board,AZ_IT_CAREERJET_CPC,4.56,507,13,0
2025-09-22,Basilicata,Altre job board,AZ_IT_TROVOLAVORO_SPONSORED,5.98,481,8,1
2025-09-22,Calabria,Altre job board,AZ_IT_BAKECA_LAVORO_ANNUNCI,49.71,6237,135,2
2025-09-22,Calabria,Altre job board,AZ_IT_CAREERJET_CPC,22.55,2497,62,2
2025-09-22,Calabria,Altre job board,AZ_IT_TROVOLAVORO_SPONSORED,31.41,2540,48,2
2025-09-22,Campania,Altre job board,AZ_IT_BAKECA_LAVORO_ANNUNCI,96.45,12399,291,9
2025-09-22,Campania,Altre job board,AZ_IT_CAREERJET_CPC,38.87,4396,122,6
2025-09-22,Campania,Altre job board,AZ_IT_TROVOLAVORO_SPONSORED,76.18,6348,113,12
2025-09-22,Emilia-Romagna,Altre job board,AZ_IT_BAKECA_LAVORO_ANNUNCI,73.77,9315,188,4
2025-09-22,Emilia-Romagna,Altre job board,AZ_IT_CAREERJET_CPC,44.00,4930,128,3
2025-09-22,Emilia-Romagna,Altre job board,AZ_IT_TROVOLAVORO_SPONSORED,58.47,5001,82,4
2025-09-22,Friuli-Venezia Giulia,Altre job board,AZ_IT_BAKECA_LAVORO_ANNUNCI,15.66,1891,36,1
2025-09-22,Friuli-Venezia Giulia,Altre job board,AZ_IT_CAREERJET_CPC,13.11,1487,39,1
2025-09-22,Friuli-Venezia Giulia,Altre job board,AZ_IT_TROVOLAVORO_SPONSORED,16.96,1443,27,1
2025-09-22,Lazio,Altre job board,AZ_IT_BAKECA_LAVORO_ANNUNCI,156.54,19199,393,6
2025-09-22,Lazio,Altre job board,AZ_IT_CAREERJET_CPC,67.43,7137,185,4
2025-09-22,Lazio,Altre job board,AZ_IT_TROVOLAVORO_SPONSORED,104.92,9066,158,5
2025-09-22,Liguria,Altre job board,AZ_IT_BAKECA_LAVORO_ANNUNCI,26.28,3222,61,1
2025-09-22,Liguria,Altre job board,AZ_IT_CAREERJET_CPC,15.37,1731,44,1
2025-09-22,Liguria,Altre job board,AZ_IT_TROVOLAVORO_SPONSORED,37.44,3190,55,3
2025-09-22,Lombardia,Altre job board,AZ_IT_BAKECA_LAVORO_ANNUNCI,180.94,22329,410,7
2025-09-22,Lombardia,Altre job board,AZ_IT_CAREERJET_CPC,76.13,8264,188,4
2025-09-22,Lombardia,Altre job board,AZ_IT_TROVOLAVORO_SPONSORED,115.80,9584,182,6
2025-09-22,Marche,Altre job board,AZ_IT_BAKECA_LAVORO_ANNUNCI,26.65,3329,60,1
2025-09-22,Marche,Altre job board,AZ_IT_CAREERJET_CPC,16.65,1863,52,1
2025-09-22,Marche,Altre job board,AZ_IT_TROVOLAVORO_SPONSORED,27.22,2322,44,2
2025-09-22,Molise,Altre job board,AZ_IT_BAKECA_LAVORO_ANNUNCI,3.63,428,8,0
2025-09-22,Molise,Altre job board,AZ_IT_CAREERJET_CPC,3.26,369,10,0
2025-09-22,Molise,Altre job board,AZ_IT_TROVOLAVORO_SPONSORED,3.78,297,5,0
2025-09-22,Piemonte,Altre job board,AZ_IT_BAKECA_LAVORO_ANNUNCI,69.73,9017,189,3
2025-09-22,Piemonte,Altre job board,AZ_IT_CAREERJET_CPC,53.53,6029,173,3
2025-09-22,Piemonte,Altre job board,AZ_IT_TROVOLAVORO_SPONSORED,59.25,4826,78,3
2025-09-22,Puglia,Altre job board,AZ_IT_BAKECA_LAVORO_ANNUNCI,89.67,11355,230,4
2025-09-22,Puglia,Altre job board,AZ_IT_CAREERJET_CPC,30.88,3250,78,2
2025-09-22,Puglia,Altre job board,AZ_IT_TROVOLAVORO_SPONSORED,59.73,4650,80,3
2025-09-22,Sardegna,Altre job board,AZ_IT_BAKECA_LAVORO_ANNUNCI,29.07,3623,72,2
2025-09-22,Sardegna,Altre job board,AZ_IT_CAREERJET_CPC,17.96,1964,53,1
2025-09-22,Sardegna,Altre job board,AZ_IT_TROVOLAVORO_SPONSORED,37.69,3054,52,3
2025-09-22,Sicilia,Altre job board,AZ_IT_BAKECA_LAVORO_ANNUNCI,50.39,6399,142,2
2025-09-22,Sicilia,Altre job board,AZ_IT_CAREERJET_CPC,47.81,5395,130,3
2025-09-22,Sicilia,Altre job board,AZ_IT_TROVOLAVORO_SPONSORED,46.68,3713,73,3
2025-09-22,Toscana,Altre job board,AZ_IT_BAKECA_LAVORO_ANNUNCI,73.06,9046,181,4
2025-09-22,Toscana,Altre job board,AZ_IT_CAREERJET_CPC,43.51,4772,115,3
2025-09-22,Toscana,Altre job board,AZ_IT_TROVOLAVORO_SPONSORED,72.41,6060,104,5
2025-09-22,Trentino-Alto Adige,Altre job board,AZ_IT_BAKECA_LAVORO_ANNUNCI,34.34,4349,85,3
2025-09-22,Trentino-Alto Adige,Altre job board,AZ_IT_CAREERJET_CPC,10.11,1105,26,1
2025-09-22,Trentino-Alto Adige,Altre job board,AZ_IT_TROVOLAVORO_SPONSORED,19.08,1520,27,3
2025-09-22,Umbria,Altre job board,AZ_IT_BAKECA_LAVORO_ANNUNCI,11.38,1443,27,0
2025-09-22,Umbria,Altre job board,AZ_IT_CAREERJET_CPC,8.53,986,26,1
2025-09-22,Umbria,Altre job board,AZ_IT_TROVOLAVORO_SPONSORED,10.06,840,15,1
2025-09-22,Valle d'Aosta,Altre job board,AZ_IT_BAKECA_LAVORO_ANNUNCI,3.33,415,9,0
2025-09-22,Valle d'Aosta,Altre job board,AZ_IT_CAREERJET_CPC,1.08,118,3,0
2025-09-22,Valle d'Aosta,Altre job board,AZ_IT_TROVOLAVORO_SPONSORED,0.96,80,2,0
2025-09-22,Veneto,Altre job board,AZ_IT_BAKECA_LAVORO_ANNUNCI,88.23,10947,230,7
2025-09-22,Veneto,Altre job board,AZ_IT_CAREERJET_CPC,52.40,6007,171,5
2025-09-22,Veneto,Altre job board,AZ_IT_TROVOLAVORO_SPONSORED,92.48,7794,129,9
2025-09-29,Abruzzo,Altre job board,AZ_IT_BAKECA_LAVORO_ANNUNCI,11.81,1511,29,1
2025-09-29,Abruzzo,Altre job board,AZ_IT_CAREERJET_CPC,6.65,707,18,1
2025-09-29,Abruzzo,Altre job board,AZ_IT_TROVOLAVORO_SPONSORED,11.72,978,20,1
2025-09-29,Basilicata,Altre job board,AZ_IT_BAKECA_LAVORO_ANNUNCI,3.44,442,10,0
2025-09-29,Basilicata,Altre job board,AZ_IT_CAREERJET_CPC,3.74,415,11,1
2025-09-29,Basilicata,Altre job board,AZ_IT_TROVOLAVORO_SPONSORED,2.94,245,5,0
2025-09-29,Calabria,Altre job board,AZ_IT_BAKECA_LAVORO_ANNUNCI,22.48,2850,52,2
2025-09-29,Calabria,Altre job board,AZ_IT_CAREERJET_CPC,6.83,747,21,1
2025-09-29,Calabria,Altre job board,AZ_IT_TROVOLAVORO_SPONSORED,20.35,1619,30,2
2025-09-29,Campania,Altre job board,AZ_IT_BAKECA_LAVORO_ANNUNCI,52.72,6657,126,7
2025-09-29,Campania,Altre job board,AZ_IT_CAREERJET_CPC,27.23,3133,83,6
2025-09-29,Campania,Altre job board,AZ_IT_TROVOLAVORO_SPONSORED,28.24,2589,48,5
2025-09-29,Emilia-Romagna,Altre job board,AZ_IT_BAKECA_LAVORO_ANNUNCI,23.50,3060,73,2
2025-09-29,Emilia-Romagna,Altre job board,AZ_IT_CAREERJET_CPC,16.55,1847,48,2
2025-09-29,Emilia-Romagna,Altre job board,AZ_IT_TROVOLAVORO_SPONSORED,41.86,3453,55,4
2025-09-29,Friuli-Venezia Giulia,Altre job board,AZ_IT_BAKECA_LAVORO_ANNUNCI,13.51,1709,35,1
2025-09-29,Friuli-Venezia Giulia,Altre job board,AZ_IT_CAREERJET_CPC,5.91,668,17,1
2025-09-29,Friuli-Venezia Giulia,Altre job board,AZ_IT_TROVOLAVORO_SPONSORED,11.63,1003,18,1
2025-09-29,Lazio,Altre job board,AZ_IT_BAKECA_LAVORO_ANNUNCI,55.30,6667,120,4
2025-09-29,Lazio,Altre job board,AZ_IT_CAREERJET_CPC,30.73,3278,89,4
2025-09-29,Lazio,Altre job board,AZ_IT_TROVOLAVORO_SPONSORED,29.86,2530,46,3
2025-09-29,Liguria,Altre job board,AZ_IT_BAKECA_LAVORO_ANNUNCI,12.88,1584,29,1
2025-09-29,Liguria,Altre job board,AZ_IT_CAREERJET_CPC,5.66,655,17,1
2025-09-29,Liguria,Altre job board,AZ_IT_TROVOLAVORO_SPONSORED,11.03,913,18,1
2025-09-29,Lombardia,Altre job board,AZ_IT_BAKECA_LAVORO_ANNUNCI,56.66,7244,148,3
2025-09-29,Lombardia,Altre job board,AZ_IT_CAREERJET_CPC,50.49,5624,129,5
2025-09-29,Lombardia,Altre job board,AZ_IT_TROVOLAVORO_SPONSORED,74.95,6107,99,5
2025-09-29,Marche,Altre job board,AZ_IT_BAKECA_LAVORO_ANNUNCI,13.48,1655,32,1
2025-09-29,Marche,Altre job board,AZ_IT_CAREERJET_CPC,6.26,716,18,1
2025-09-29,Marche,Altre job board,AZ_IT_TROVOLAVORO_SPONSORED,10.77,895,15,1
2025-09-29,Molise,Altre job board,AZ_IT_BAKECA_LAVORO_ANNUNCI,3.63,472,10,0
2025-09-29,Molise,Altre job board,AZ_IT_CAREERJET_CPC,1.08,115,3,0
2025-09-29,Molise,Altre job board,AZ_IT_TROVOLAVORO_SPONSORED,1.98,167,3,0
2025-09-29,Piemonte,Altre job board,AZ_IT_BAKECA_LAVORO_ANNUNCI,31.05,4004,83,2
2025-09-29,Piemonte,Altre job board,AZ_IT_CAREERJET_CPC,22.98,2660,75,2
2025-09-29,Piemonte,Altre job board,AZ_IT_TROVOLAVORO_SPONSORED,39.64,3126,54,3
2025-09-29,Puglia,Altre job board,AZ_IT_BAKECA_LAVORO_ANNUNCI,47.70,5811,115,3
2025-09-29,Puglia,Altre job board,AZ_IT_CAREERJET_CPC,27.17,3003,81,3
2025-09-29,Puglia,Altre job board,AZ_IT_TROVOLAVORO_SPONSORED,24.29,2059,43,2
2025-09-29,Sardegna,Altre job board,AZ_IT_BAKECA_LAVORO_ANNUNCI,12.53,1501,24,1
2025-09-29,Sardegna,Altre job board,AZ_IT_CAREERJET_CPC,7.76,861,26,1
2025-09-29,Sardegna,Altre job board,AZ_IT_TROVOLAVORO_SPONSORED,10.52,857,15,1
2025-09-29,Sicilia,Altre job board,AZ_IT_BAKECA_LAVORO_ANNUNCI,43.88,5527,103,2
2025-09-29,Sicilia,Altre job board,AZ_IT_CAREERJET_CPC,44.75,5220,138,4
2025-09-29,Sicilia,Altre job board,AZ_IT_TROVOLAVORO_SPONSORED,21.39,1860,37,1
2025-09-29,Toscana,Altre job board,AZ_IT_BAKECA_LAVORO_ANNUNCI,37.69,4435,86,4
2025-09-29,Toscana,Altre job board,AZ_IT_CAREERJET_CPC,17.22,1953,53,3
2025-09-29,Toscana,Altre job board,AZ_IT_TROVOLAVORO_SPONSORED,19.60,1696,26,2
2025-09-29,Trentino-Alto Adige,Altre job board,AZ_IT_BAKECA_LAVORO_ANNUNCI,10.85,1349,26,2
2025-09-29,Trentino-Alto Adige,Altre job board,AZ_IT_CAREERJET_CPC,4.41,485,13,1
2025-09-29,Trentino-Alto Adige,Altre job board,AZ_IT_TROVOLAVORO_SPONSORED,9.58,785,15,2
2025-09-29,Umbria,Altre job board,AZ_IT_BAKECA_LAVORO_ANNUNCI,7.31,956,20,0
2025-09-29,Umbria,Altre job board,AZ_IT_CAREERJET_CPC,3.62,386,10,0
2025-09-29,Umbria,Altre job board,AZ_IT_TROVOLAVORO_SPONSORED,7.94,635,12,1
2025-09-29,Valle d'Aosta,Altre job board,AZ_IT_BAKECA_LAVORO_ANNUNCI,1.37,164,4,0
2025-09-29,Valle d'Aosta,Altre job board,AZ_IT_CAREERJET_CPC,0.50,57,1,0
2025-09-29,Valle d'Aosta,Altre job board,AZ_IT_TROVOLAVORO_SPONSORED,0.69,55,1,0
2025-09-29,Veneto,Altre job board,AZ_IT_BAKECA_LAVORO_ANNUNCI,65.01,7721,142,8
2025-09-29,Veneto,Altre job board,AZ_IT_CAREERJET_CPC,19.12,2035,59,3
2025-09-29,Veneto,Altre job board,AZ_IT_TROVOLAVORO_SPONSORED,34.92,2928,44,5
2025-10-06,Abruzzo,Altre job board,AZ_IT_BAKECA_LAVORO_ANNUNCI,7.27,912,16,1
2025-10-06,Abruzzo,Altre job board,AZ_IT_CAREERJET_CPC,3.72,414,11,1
2025-10-06,Abruzzo,Altre job board,AZ_IT_TROVOLAVORO_SPONSORED,4.03,335,5,1
2025-10-06,Basilicata,Altre job board,AZ_IT_BAKECA_LAVORO_ANNUNCI,2.22,272,5,0
2025-10-06,Basilicata,Altre job board,AZ_IT_CAREERJET_CPC,2.69,280,9,0
2025-10-06,Basilicata,Altre job board,AZ_IT_TROVOLAVORO_SPONSORED,2.16,190,3,0
2025-10-06,Calabria,Altre job board,AZ_IT_BAKECA_LAVORO_ANNUNCI,10.65,1309,26,1
2025-10-06,Calabria,Altre job board,AZ_IT_CAREERJET_CPC,5.91,630,16,1
2025-10-06,Calabria,Altre job board,AZ_IT_TROVOLAVORO_SPONSORED,10.27,834,15,1
2025-10-06,Campania,Altre job board,AZ_IT_BAKECA_LAVORO_ANNUNCI,24.27,3169,65,4
2025-10-06,Campania,Altre job board,AZ_IT_CAREERJET_CPC,13.28,1527,40,3
2025-10-06,Campania,Altre job board,AZ_IT_TROVOLAVORO_SPONSORED,18.21,1475,27,3
2025-10-06,Emilia-Romagna,Altre job board,AZ_IT_BAKECA_LAVORO_ANNUNCI,22.46,2799,57,2
2025-10-06,Emilia-Romagna,Altre job board,AZ_IT_CAREERJET_CPC,23.58,2745,68,3
2025-10-06,Emilia-Romagna,Altre job board,AZ_IT_TROVOLAVORO_SPONSORED,16.82,1358,27,1
2025-10-06,Friuli-Venezia Giulia,Altre job board,AZ_IT_BAKECA_LAVORO_ANNUNCI,7.30,923,16,1
2025-10-06,Friuli-Venezia Giulia,Altre job board,AZ_IT_CAREERJET_CPC,6.76,795,19,1
2025-10-06,Friuli-Venezia Giulia,Altre job board,AZ_IT_TROVOLAVORO_SPONSORED,4.86,411,7,0
2025-10-06,Lazio,Altre job board,AZ_IT_BAKECA_LAVORO_ANNUNCI,31.86,4129,84,3
2025-10-06,Lazio,Altre job board,AZ_IT_CAREERJET_CPC,19.78,2230,56,3
2025-10-06,Lazio,Altre job board,AZ_IT_TROVOLAVORO_SPONSORED,25.80,2083,37,2
2025-10-06,Liguria,Altre job board,AZ_IT_BAKECA_LAVORO_ANNUNCI,8.82,1073,20,1
2025-10-06,Liguria,Altre job board,AZ_IT_CAREERJET_CPC,8.44,931,25,1
2025-10-06,Liguria,Altre job board,AZ_IT_TROVOLAVORO_SPONSORED,5.77,487,8,1
2025-10-06,Lombardia,Altre job board,AZ_IT_BAKECA_LAVORO_ANNUNCI,46.60,5738,109,3
2025-10-06,Lombardia,Altre job board,AZ_IT_CAREERJET_CPC,24.12,2609,68,2
2025-10-06,Lombardia,Altre job board,AZ_IT_TROVOLAVORO_SPONSORED,45.39,3756,73,3
2025-10-06,Marche,Altre job board,AZ_IT_BAKECA_LAVORO_ANNUNCI,11.44,1488,28,1
2025-10-06,Marche,Altre job board,AZ_IT_CAREERJET_CPC,7.01,764,16,1
2025-10-06,Marche,Altre job board,AZ_IT_TROVOLAVORO_SPONSORED,4.93,397,7,1
2025-10-06,Molise,Altre job board,AZ_IT_BAKECA_LAVORO_ANNUNCI,1.15,144,3,0
2025-10-06,Molise,Altre job board,AZ_IT_CAREERJET_CPC,0.93,103,3,0
2025-10-06,Molise,Altre job board,AZ_IT_TROVOLAVORO_SPONSORED,1.55,133,2,0
2025-10-06,Piemonte,Altre job board,AZ_IT_BAKECA_LAVORO_ANNUNCI,29.19,3792,78,1
2025-10-06,Piemonte,Altre job board,AZ_IT_CAREERJET_CPC,17.20,1817,52,2
2025-10-06,Piemonte,Altre job board,AZ_IT_TROVOLAVORO_SPONSORED,20.01,1724,33,1
2025-10-06,Puglia,Altre job board,AZ_IT_BAKECA_LAVORO_ANNUNCI,22.44,2753,47,1
2025-10-06,Puglia,Altre job board,AZ_IT_CAREERJET_CPC,14.55,1641,43,2
2025-10-06,Puglia,Altre job board,AZ_IT_TROVOLAVORO_SPONSORED,16.71,1387,24,2
2025-10-06,Sardegna,Altre job board,AZ_IT_BAKECA_LAVORO_ANNUNCI,9.56,1183,21,1
2025-10-06,Sardegna,Altre job board,AZ_IT_CAREERJET_CPC,6.41,731,18,1
2025-10-06,Sardegna,Altre job board,AZ_IT_TROVOLAVORO_SPONSORED,7.73,661,11,1
2025-10-06,Sicilia,Altre job board,AZ_IT_BAKECA_LAVORO_ANNUNCI,23.46,3036,60,1
2025-10-06,Sicilia,Altre job board,AZ_IT_CAREERJET_CPC,22.74,2386,53,2
2025-10-06,Sicilia,Altre job board,AZ_IT_TROVOLAVORO_SPONSORED,22.05,1903,35,2
2025-10-06,Toscana,Altre job board,AZ_IT_BAKECA_LAVORO_ANNUNCI,22.06,2946,60,3
2025-10-06,Toscana,Altre job board,AZ_IT_CAREERJET_CPC,6.28,711,19,1
2025-10-06,Toscana,Altre job board,AZ_IT_TROVOLAVORO_SPONSORED,8.27,714,12,1
2025-10-06,Trentino-Alto Adige,Altre job board,AZ_IT_BAKECA_LAVORO_ANNUNCI,5.70,685,15,1
2025-10-06,Trentino-Alto Adige,Altre job board,AZ_IT_CAREERJET_CPC,6.37,696,17,2
2025-10-06,Trentino-Alto Adige,Altre job board,AZ_IT_TROVOLAVORO_SPONSORED,4.68,386,6,1
2025-10-06,Umbria,Altre job board,AZ_IT_BAKECA_LAVORO_ANNUNCI,4.84,638,12,0
2025-10-06,Umbria,Altre job board,AZ_IT_CAREERJET_CPC,2.83,316,7,0
2025-10-06,Umbria,Altre job board,AZ_IT_TROVOLAVORO_SPONSORED,2.96,256,5,0
2025-10-06,Valle d'Aosta,Altre job board,AZ_IT_BAKECA_LAVORO_ANNUNCI,0.62,77,2,0
2025-10-06,Valle d'Aosta,Altre job board,AZ_IT_CAREERJET_CPC,0.48,55,2,0
2025-10-06,Valle d'Aosta,Altre job board,AZ_IT_TROVOLAVORO_SPONSORED,0.42,35,1,0
2025-10-06,Veneto,Altre job board,AZ_IT_BAKECA_LAVORO_ANNUNCI,32.39,4186,86,4
2025-10-06,Veneto,Altre job board,AZ_IT_CAREERJET_CPC,16.76,1935,55,3
2025-10-06,Veneto,Altre job board,AZ_IT_TROVOLAVORO_SPONSORED,29.31,2391,42,4
2025-10-13,Abruzzo,Altre job board,AZ_IT_BAKECA_LAVORO_ANNUNCI,21.20,2636,49,2
2025-10-13,Abruzzo,Altre job board,AZ_IT_CAREERJET_CPC,10.08,1143,28,1
2025-10-13,Abruzzo,Altre job board,AZ_IT_TROVOLAVORO_SPONSORED,13.05,1116,20,1
2025-10-13,Basilicata,Altre job board,AZ_IT_BAKECA_LAVORO_ANNUNCI,6.55,830,16,1
2025-10-13,Basilicata,Altre job board,AZ_IT_CAREERJET_CPC,3.49,392,10,0
2025-10-13,Basilicata,Altre job board,AZ_IT_TROVOLAVORO_SPONSORED,5.61,460,9,1
2025-10-13,Calabria,Altre job board,AZ_IT_BAKECA_LAVORO_ANNUNCI,29.57,3890,74,1
2025-10-13,Calabria,Altre job board,AZ_IT_CAREERJET_CPC,21.42,2249,59,2
2025-10-13,Calabria,Altre job board,AZ_IT_TROVOLAVORO_SPONSORED,29.77,2499,42,2
2025-10-13,Campania,Altre job board,AZ_IT_BAKECA_LAVORO_ANNUNCI,56.19,7497,158,6
2025-10-13,Campania,Altre job board,AZ_IT_CAREERJET_CPC,67.27,7499,211,11
2025-10-13,Campania,Altre job board,AZ_IT_TROVOLAVORO_SPONSORED,62.20,5292,80,7
2025-10-13,Emilia-Romagna,Altre job board,AZ_IT_BAKECA_LAVORO_ANNUNCI,55.41,7018,148,3
2025-10-13,Emilia-Romagna,Altre job board,AZ_IT_CAREERJET_CPC,30.12,3280,85,3
2025-10-13,Emilia-Romagna,Altre job board,AZ_IT_TROVOLAVORO_SPONSORED,44.66,3715,71,3
2025-10-13,Friuli-Venezia Giulia,Altre job board,AZ_IT_BAKECA_LAVORO_ANNUNCI,19.99,2449,51,1
2025-10-13,Friuli-Venezia Giulia,Altre job board,AZ_IT_CAREERJET_CPC,8.80,959,26,1
2025-10-13,Friuli-Venezia Giulia,Altre job board,AZ_IT_TROVOLAVORO_SPONSORED,13.25,1073,17,1
2025-10-13,Lazio,Altre job board,AZ_IT_BAKECA_LAVORO_ANNUNCI,64.74,8088,173,3
2025-10-13,Lazio,Altre job board,AZ_IT_CAREERJET_CPC,42.75,4833,132,4
2025-10-13,Lazio,Altre job board,AZ_IT_TROVOLAVORO_SPONSORED,77.15,6482,109,5
2025-10-13,Liguria,Altre job board,AZ_IT_BAKECA_LAVORO_ANNUNCI,24.96,2841,58,1
2025-10-13,Liguria,Altre job board,AZ_IT_CAREERJET_CPC,13.92,1560,41,1
2025-10-13,Liguria,Altre job board,AZ_IT_TROVOLAVORO_SPONSORED,21.92,1761,28,2
2025-10-13,Lombardia,Altre job board,AZ_IT_BAKECA_LAVORO_ANNUNCI,90.47,11924,223,3
2025-10-13,Lombardia,Altre job board,AZ_IT_CAREERJET_CPC,89.13,9617,242,6
2025-10-13,Lombardia,Altre job board,AZ_IT_TROVOLAVORO_SPONSORED,115.64,9283,170,5
2025-10-13,Marche,Altre job board,AZ_IT_BAKECA_LAVORO_ANNUNCI,17.01,2166,41,1
2025-10-13,Marche,Altre job board,AZ_IT_CAREERJET_CPC,17.54,1975,45,1
2025-10-13,Marche,Altre job board,AZ_IT_TROVOLAVORO_SPONSORED,21.35,1829,34,1
2025-10-13,Molise,Altre job board,AZ_IT_BAKECA_LAVORO_ANNUNCI,3.58,444,10,0
2025-10-13,Molise,Altre job board,AZ_IT_CAREERJET_CPC,2.56,276,7,0
2025-10-13,Molise,Altre job board,AZ_IT_TROVOLAVORO_SPONSORED,2.26,183,4,0
2025-10-13,Piemonte,Altre job board,AZ_IT_BAKECA_LAVORO_ANNUNCI,56.31,6998,139,2
2025-10-13,Piemonte,Altre job board,AZ_IT_CAREERJET_CPC,25.54,3014,79,2
2025-10-13,Piemonte,Altre job board,AZ_IT_TROVOLAVORO_SPONSORED,68.27,5996,120,4
2025-10-13,Puglia,Altre job board,AZ_IT_BAKECA_LAVORO_ANNUNCI,55.74,6779,134,3
2025-10-13,Puglia,Altre job board,AZ_IT_CAREERJET_CPC,47.84,5439,151,3
2025-10-13,Puglia,Altre job board,AZ_IT_TROVOLAVORO_SPONSORED,25.94,2148,42,1
2025-10-13,Sardegna,Altre job board,AZ_IT_BAKECA_LAVORO_ANNUNCI,18.97,2452,45,1
2025-10-13,Sardegna,Altre job board,AZ_IT_CAREERJET_CPC,14.51,1601,38,2
2025-10-13,Sardegna,Altre job board,AZ_IT_TROVOLAVORO_SPONSORED,18.85,1598,29,2
2025-10-13,Sicilia,Altre job board,AZ_IT_BAKECA_LAVORO_ANNUNCI,63.43,7888,147,3
2025-10-13,Sicilia,Altre job board,AZ_IT_CAREERJET_CPC,43.97,4688,126,3
2025-10-13,Sicilia,Altre job board,AZ_IT_TROVOLAVORO_SPONSORED,60.48,4808,88,3
2025-10-13,Toscana,Altre job board,AZ_IT_BAKECA_LAVORO_ANNUNCI,45.04,5719,112,3
2025-10-13,Toscana,Altre job board,AZ_IT_CAREERJET_CPC,43.89,4709,121,5
2025-10-13,Toscana,Altre job board,AZ_IT_TROVOLAVORO_SPONSORED,23.02,1814,33,2
2025-10-13,Trentino-Alto Adige,Altre job board,AZ_IT_BAKECA_LAVORO_ANNUNCI,22.20,2734,58,3
2025-10-13,Trentino-Alto Adige,Altre job board,AZ_IT_CAREERJET_CPC,8.77,971,24,2
2025-10-13,Trentino-Alto Adige,Altre job board,AZ_IT_TROVOLAVORO_SPONSORED,11.00,976,17,2
2025-10-13,Umbria,Altre job board,AZ_IT_BAKECA_LAVORO_ANNUNCI,12.64,1559,31,1
2025-10-13,Umbria,Altre job board,AZ_IT_CAREERJET_CPC,5.56,609,16,0
2025-10-13,Umbria,Altre job board,AZ_IT_TROVOLAVORO_SPONSORED,8.90,775,15,1
2025-10-13,Valle d'Aosta,Altre job board,AZ_IT_BAKECA_LAVORO_ANNUNCI,1.68,213,4,0
2025-10-13,Valle d'Aosta,Altre job board,AZ_IT_CAREERJET_CPC,0.82,93,2,0
2025-10-13,Valle d'Aosta,Altre job board,AZ_IT_TROVOLAVORO_SPONSORED,1.19,104,2,0
2025-10-13,Veneto,Altre job board,AZ_IT_BAKECA_LAVORO_ANNUNCI,79.94,10163,205,6
2025-10-13,Veneto,Altre job board,AZ_IT_CAREERJET_CPC,37.53,3838,100,5
2025-10-13,Veneto,Altre job board,AZ_IT_TROVOLAVORO_SPONSORED,103.17,8496,148,11
2025-10-20,Abruzzo,Altre job board,AZ_IT_BAKECA_LAVORO_ANNUNCI,20.02,2522,52,2
2025-10-20,Abruzzo,Altre job board,AZ_IT_CAREERJET_CPC,9.56,1038,25,2
2025-10-20,Abruzzo,Altre job board,AZ_IT_TROVOLAVORO_SPONSORED,6.93,584,11,1
2025-10-20,Basilicata,Altre job board,AZ_IT_BAKECA_LAVORO_ANNUNCI,9.08,1117,24,1
2025-10-20,Basilicata,Altre job board,AZ_IT_CAREERJET_CPC,4.90,592,15,1
2025-10-20,Basilicata,Altre job board,AZ_IT_TROVOLAVORO_SPONSORED,5.71,477,9,1
2025-10-20,Calabria,Altre job board,AZ_IT_BAKECA_LAVORO_ANNUNCI,34.81,4153,83,2
2025-10-20,Calabria,Altre job board,AZ_IT_CAREERJET_CPC,18.58,2201,66,2
2025-10-20,Calabria,Altre job board,AZ_IT_TROVOLAVORO_SPONSORED,15.52,1298,24,1
2025-10-20,Campania,Altre job board,AZ_IT_BAKECA_LAVORO_ANNUNCI,80.18,10073,193,9
2025-10-20,Campania,Altre job board,AZ_IT_CAREERJET_CPC,52.23,5915,159,9
2025-10-20,Campania,Altre job board,AZ_IT_TROVOLAVORO_SPONSORED,65.47,5678,97,7
2025-10-20,Emilia-Romagna,Altre job board,AZ_IT_BAKECA_LAVORO_ANNUNCI,52.12,6432,119,3
2025-10-20,Emilia-Romagna,Altre job board,AZ_IT_CAREERJET_CPC,32.94,3778,90,3
2025-10-20,Emilia-Romagna,Altre job board,AZ_IT_TROVOLAVORO_SPONSORED,59.26,5109,73,4
2025-10-20,Friuli-Venezia Giulia,Altre job board,AZ_IT_BAKECA_LAVORO_ANNUNCI,19.10,2338,49,1
2025-10-20,Friuli-Venezia Giulia,Altre job board,AZ_IT_CAREERJET_CPC,10.04,1126,30,1
2025-10-20,Friuli-Venezia Giulia,Altre job board,AZ_IT_TROVOLAVORO_SPONSORED,12.64,1063,19,1
2025-10-20,Lazio,Altre job board,AZ_IT_BAKECA_LAVORO_ANNUNCI,67.63,9094,180,4
2025-10-20,Lazio,Altre job board,AZ_IT_CAREERJET_CPC,41.40,4193,104,3
2025-10-20,Lazio,Altre job board,AZ_IT_TROVOLAVORO_SPONSORED,82.77,6705,108,6
2025-10-20,Liguria,Altre job board,AZ_IT_BAKECA_LAVORO_ANNUNCI,25.37,3160,57,2
2025-10-20,Liguria,Altre job board,AZ_IT_CAREERJET_CPC,14.37,1642,43,2
2025-10-20,Liguria,Altre job board,AZ_IT_TROVOLAVORO_SPONSORED,11.91,1032,20,1
2025-10-20,Lombardia,Altre job board,AZ_IT_BAKECA_LAVORO_ANNUNCI,98.08,11723,239,4
2025-10-20,Lombardia,Altre job board,AZ_IT_CAREERJET_CPC,68.92,8088,228,5
2025-10-20,Lombardia,Altre job board,AZ_IT_TROVOLAVORO_SPONSORED,109.33,8729,153,6
2025-10-20,Marche,Altre job board,AZ_IT_BAKECA_LAVORO_ANNUNCI,27.43,3412,70,1
2025-10-20,Marche,Altre job board,AZ_IT_CAREERJET_CPC,9.17,1019,30,1
2025-10-20,Marche,Altre job board,AZ_IT_TROVOLAVORO_SPONSORED,20.11,1647,27,1
2025-10-20,Molise,Altre job board,AZ_IT_BAKECA_LAVORO_ANNUNCI,3.89,480,10,0
2025-10-20,Molise,Altre job board,AZ_IT_CAREERJET_CPC,1.31,141,4,0
2025-10-20,Molise,Altre job board,AZ_IT_TROVOLAVORO_SPONSORED,4.38,359,6,0
2025-10-20,Piemonte,Altre job board,AZ_IT_BAKECA_LAVORO_ANNUNCI,54.46,6757,143,2
2025-10-20,Piemonte,Altre job board,AZ_IT_CAREERJET_CPC,36.86,4142,108,2
2025-10-20,Piemonte,Altre job board,AZ_IT_TROVOLAVORO_SPONSORED,45.61,3690,66,2
2025-10-20,Puglia,Altre job board,AZ_IT_BAKECA_LAVORO_ANNUNCI,59.55,7587,128,3
2025-10-20,Puglia,Altre job board,AZ_IT_CAREERJET_CPC,30.97,3464,92,3
2025-10-20,Puglia,Altre job board,AZ_IT_TROVOLAVORO_SPONSORED,35.83,3052,59,2
2025-10-20,Sardegna,Altre job board,AZ_IT_BAKECA_LAVORO_ANNUNCI,31.89,3798,75,2
2025-10-20,Sardegna,Altre job board,AZ_IT_CAREERJET_CPC,9.86,1137,32,1
2025-10-20,Sardegna,Altre job board,AZ_IT_TROVOLAVORO_SPONSORED,10.07,827,16,1
2025-10-20,Sicilia,Altre job board,AZ_IT_BAKECA_LAVORO_ANNUNCI,65.52,8349,155,3
2025-10-20,Sicilia,Altre job board,AZ_IT_CAREERJET_CPC,22.06,2485,64,2
2025-10-20,Sicilia,Altre job board,AZ_IT_TROVOLAVORO_SPONSORED,49.23,4053,73,3
2025-10-20,Toscana,Altre job board,AZ_IT_BAKECA_LAVORO_ANNUNCI,62.83,7997,157,5
2025-10-20,Toscana,Altre job board,AZ_IT_CAREERJET_CPC,23.86,2654,66,3
2025-10-20,Toscana,Altre job board,AZ_IT_TROVOLAVORO_SPONSORED,31.33,2530,44,3
2025-10-20,Trentino-Alto Adige,Altre job board,AZ_IT_BAKECA_LAVORO_ANNUNCI,16.03,1957,41,2
2025-10-20,Trentino-Alto Adige,Altre job board,AZ_IT_CAREERJET_CPC,10.13,1188,31,2
2025-10-20,Trentino-Alto Adige,Altre job board,AZ_IT_TROVOLAVORO_SPONSORED,6.95,582,11,1
2025-10-20,Umbria,Altre job board,AZ_IT_BAKECA_LAVORO_ANNUNCI,9.72,1172,25,1
2025-10-20,Umbria,Altre job board,AZ_IT_CAREERJET_CPC,5.55,635,17,1
2025-10-20,Umbria,Altre job board,AZ_IT_TROVOLAVORO_SPONSORED,6.05,508,9,0
2025-10-20,Valle d'Aosta,Altre job board,AZ_IT_BAKECA_LAVORO_ANNUNCI,1.37,176,4,0
2025-10-20,Valle d'Aosta,Altre job board,AZ_IT_CAREERJET_CPC,1.04,114,3,0
2025-10-20,Valle d'Aosta,Altre job board,AZ_IT_TROVOLAVORO_SPONSORED,0.94,77,2,0
2025-10-20,Veneto,Altre job board,AZ_IT_BAKECA_LAVORO_ANNUNCI,69.77,8696,144,8
2025-10-20,Veneto,Altre job board,AZ_IT_CAREERJET_CPC,32.34,3459,102,5
2025-10-20,Veneto,Altre job board,AZ_IT_TROVOLAVORO_SPONSORED,36.78,3065,52,5
2025-10-27,Abruzzo,Altre job board,AZ_IT_BAKECA_LAVORO_ANNUNCI,32.53,4089,87,2
2025-10-27,Abruzzo,Altre job board,AZ_IT_CAREERJET_CPC,20.36,2281,55,2
2025-10-27,Abruzzo,Altre job board,AZ_IT_TROVOLAVORO_SPONSORED,29.39,2480,51,2
2025-10-27,Basilicata,Altre job board,AZ_IT_BAKECA_LAVORO_ANNUNCI,12.72,1595,33,1
2025-10-27,Basilicata,Altre job board,AZ_IT_CAREERJET_CPC,11.51,1323,32,1
2025-10-27,Basilicata,Altre job board,AZ_IT_TROVOLAVORO_SPONSORED,10.40,873,16,1
2025-10-27,Calabria,Altre job board,AZ_IT_BAKECA_LAVORO_ANNUNCI,41.11,5383,116,2
2025-10-27,Calabria,Altre job board,AZ_IT_CAREERJET_CPC,33.65,3727,95,2
2025-10-27,Calabria,Altre job board,AZ_IT_TROVOLAVORO_SPONSORED,32.63,2762,48,2
2025-10-27,Campania,Altre job board,AZ_IT_BAKECA_LAVORO_ANNUNCI,142.38,17188,366,11
2025-10-27,Campania,Altre job board,AZ_IT_CAREERJET_CPC,89.10,10097,262,10
2025-10-27,Campania,Altre job board,AZ_IT_TROVOLAVORO_SPONSORED,101.19,8062,155,10
2025-10-27,Emilia-Romagna,Altre job board,AZ_IT_BAKECA_LAVORO_ANNUNCI,94.46,12155,219,4
2025-10-27,Emilia-Romagna,Altre job board,AZ_IT_CAREERJET_CPC,58.51,6310,166,4
2025-10-27,Emilia-Romagna,Altre job board,AZ_IT_TROVOLAVORO_SPONSORED,105.61,8618,161,6
2025-10-27,Friuli-Venezia Giulia,Altre job board,AZ_IT_BAKECA_LAVORO_ANNUNCI,32.88,4107,73,2
2025-10-27,Friuli-Venezia Giulia,Altre job board,AZ_IT_CAREERJET_CPC,11.35,1262,38,1
2025-10-27,Friuli-Venezia Giulia,Altre job board,AZ_IT_TROVOLAVORO_SPONSORED,22.74,1896,36,1
2025-10-27,Lazio,Altre job board,AZ_IT_BAKECA_LAVORO_ANNUNCI,115.66,13744,257,4
2025-10-27,Lazio,Altre job board,AZ_IT_CAREERJET_CPC,102.27,11488,294,7
2025-10-27,Lazio,Altre job board,AZ_IT_TROVOLAVORO_SPONSORED,105.05,8505,158,5
2025-10-27,Liguria,Altre job board,AZ_IT_BAKECA_LAVORO_ANNUNCI,63.31,7834,152,3
2025-10-27,Liguria,Altre job board,AZ_IT_CAREERJET_CPC,19.38,2128,54,2
2025-10-27,Liguria,Altre job board,AZ_IT_TROVOLAVORO_SPONSORED,33.90,2765,51,2
2025-10-27,Lombardia,Altre job board,AZ_IT_BAKECA_LAVORO_ANNUNCI,230.93,29751,584,7
2025-10-27,Lombardia,Altre job board,AZ_IT_CAREERJET_CPC,145.85,16207,439,8
2025-10-27,Lombardia,Altre job board,AZ_IT_TROVOLAVORO_SPONSORED,142.37,11159,217,5
2025-10-27,Marche,Altre job board,AZ_IT_BAKECA_LAVORO_ANNUNCI,28.95,3707,85,1
2025-10-27,Marche,Altre job board,AZ_IT_CAREERJET_CPC,17.00,1856,55,1
2025-10-27,Marche,Altre job board,AZ_IT_TROVOLAVORO_SPONSORED,20.83,1832,32,1
2025-10-27,Molise,Altre job board,AZ_IT_BAKECA_LAVORO_ANNUNCI,7.67,944,17,0
2025-10-27,Molise,Altre job board,AZ_IT_CAREERJET_CPC,4.33,490,11,0
2025-10-27,Molise,Altre job board,AZ_IT_TROVOLAVORO_SPONSORED,6.96,582,11,0
2025-10-27,Piemonte,Altre job board,AZ_IT_BAKECA_LAVORO_ANNUNCI,89.59,11267,219,4
2025-10-27,Piemonte,Altre job board,AZ_IT_CAREERJET_CPC,31.33,3395,94,2
2025-10-27,Piemonte,Altre job board,AZ_IT_TROVOLAVORO_SPONSORED,68.54,5643,99,3
2025-10-27,Puglia,Altre job board,AZ_IT_BAKECA_LAVORO_ANNUNCI,125.64,15975,325,4
2025-10-27,Puglia,Altre job board,AZ_IT_CAREERJET_CPC,52.74,5516,157,3
2025-10-27,Puglia,Altre job board,AZ_IT_TROVOLAVORO_SPONSORED,116.38,10038,189,5
2025-10-27,Sardegna,Altre job board,AZ_IT_BAKECA_LAVORO_ANNUNCI,32.26,3965,81,2
2025-10-27,Sardegna,Altre job board,AZ_IT_CAREERJET_CPC,17.49,1957,54,2
2025-10-27,Sardegna,Altre job board,AZ_IT_TROVOLAVORO_SPONSORED,31.40,2703,54,2
2025-10-27,Sicilia,Altre job board,AZ_IT_BAKECA_LAVORO_ANNUNCI,125.82,16009,314,5
2025-10-27,Sicilia,Altre job board,AZ_IT_CAREERJET_CPC,41.22,4411,118,3
2025-10-27,Sicilia,Altre job board,AZ_IT_TROVOLAVORO_SPONSORED,62.92,5236,102,2
2025-10-27,Toscana,Altre job board,AZ_IT_BAKECA_LAVORO_ANNUNCI,83.46,10891,227,6
2025-10-27,Toscana,Altre job board,AZ_IT_CAREERJET_CPC,32.31,3502,98,3
2025-10-27,Toscana,Altre job board,AZ_IT_TROVOLAVORO_SPONSORED,65.43,5540,99,5
2025-10-27,Trentino-Alto Adige,Altre job board,AZ_IT_BAKECA_LAVORO_ANNUNCI,26.42,3244,76,3
2025-10-27,Trentino-Alto Adige,Altre job board,AZ_IT_CAREERJET_CPC,10.46,1152,32,2
2025-10-27,Trentino-Alto Adige,Altre job board,AZ_IT_TROVOLAVORO_SPONSORED,15.94,1308,21,2
2025-10-27,Umbria,Altre job board,AZ_IT_BAKECA_LAVORO_ANNUNCI,30.84,3811,74,1
2025-10-27,Umbria,Altre job board,AZ_IT_CAREERJET_CPC,10.42,1091,26,1
2025-10-27,Umbria,Altre job board,AZ_IT_TROVOLAVORO_SPONSORED,14.87,1274,24,1
2025-10-27,Valle d'Aosta,Altre job board,AZ_IT_BAKECA_LAVORO_ANNUNCI,1.65,210,5,0
2025-10-27,Valle d'Aosta,Altre job board,AZ_IT_CAREERJET_CPC,2.39,254,6,0
2025-10-27,Valle d'Aosta,Altre job board,AZ_IT_TROVOLAVORO_SPONSORED,1.40,116,2,0
2025-10-27,Veneto,Altre job board,AZ_IT_BAKECA_LAVORO_ANNUNCI,118.14,15118,296,9
2025-10-27,Veneto,Altre job board,AZ_IT_CAREERJET_CPC,61.11,6953,196,8
2025-10-27,Veneto,Altre job board,AZ_IT_TROVOLAVORO_SPONSORED,70.65,5779,106,7
2025-11-03,Abruzzo,Altre job board,AZ_IT_BAKECA_LAVORO_ANNUNCI,4.55,580,11,1
2025-11-03,Abruzzo,Altre job board,AZ_IT_CAREERJET_CPC,4.79,522,13,1
2025-11-03,Abruzzo,Altre job board,AZ_IT_TROVOLAVORO_SPONSORED,5.78,481,8,1
2025-11-03,Basilicata,Altre job board,AZ_IT_BAKECA_LAVORO_ANNUNCI,3.37,431,9,1
2025-11-03,Basilicata,Altre job board,AZ_IT_CAREERJET_CPC,1.14,135,4,0
2025-11-03,Basilicata,Altre job board,AZ_IT_TROVOLAVORO_SPONSORED,1.11,89,2,0
2025-11-03,Calabria,Altre job board,AZ_IT_BAKECA_LAVORO_ANNUNCI,7.94,986,21,1
2025-11-03,Calabria,Altre job board,AZ_IT_CAREERJET_CPC,5.37,607,16,1
2025-11-03,Calabria,Altre job board,AZ_IT_TROVOLAVORO_SPONSORED,8.57,720,12,1
2025-11-03,Campania,Altre job board,AZ_IT_BAKECA_LAVORO_ANNUNCI,29.30,3704,78,8
2025-11-03,Campania,Altre job board,AZ_IT_CAREERJET_CPC,10.87,1247,31,5
2025-11-03,Campania,Altre job board,AZ_IT_TROVOLAVORO_SPONSORED,15.52,1280,21,5
2025-11-03,Emilia-Romagna,Altre job board,AZ_IT_BAKECA_LAVORO_ANNUNCI,42.86,5037,116,5
2025-11-03,Emilia-Romagna,Altre job board,AZ_IT_CAREERJET_CPC,9.65,1083,30,2
2025-11-03,Emilia-Romagna,Altre job board,AZ_IT_TROVOLAVORO_SPONSORED,19.27,1603,25,2
2025-11-03,Friuli-Venezia Giulia,Altre job board,AZ_IT_BAKECA_LAVORO_ANNUNCI,6.45,810,14,1
2025-11-03,Friuli-Venezia Giulia,Altre job board,AZ_IT_CAREERJET_CPC,2.41,262,5,1
2025-11-03,Friuli-Venezia Giulia,Altre job board,AZ_IT_TROVOLAVORO_SPONSORED,5.53,460,8,1
2025-11-03,Lazio,Altre job board,AZ_IT_BAKECA_LAVORO_ANNUNCI,25.80,3363,70,3
2025-11-03,Lazio,Altre job board,AZ_IT_CAREERJET_CPC,24.28,2708,73,4
2025-11-03,Lazio,Altre job board,AZ_IT_TROVOLAVORO_SPONSORED,24.25,2035,36,3
2025-11-03,Liguria,Altre job board,AZ_IT_BAKECA_LAVORO_ANNUNCI,8.31,1026,19,1
2025-11-03,Liguria,Altre job board,AZ_IT_CAREERJET_CPC,3.18,349,9,1
2025-11-03,Liguria,Altre job board,AZ_IT_TROVOLAVORO_SPONSORED,7.20,596,10,1
2025-11-03,Lombardia,Altre job board,AZ_IT_BAKECA_LAVORO_ANNUNCI,36.90,4670,95,3
2025-11-03,Lombardia,Altre job board,AZ_IT_CAREERJET_CPC,35.04,4107,108,4
2025-11-03,Lombardia,Altre job board,AZ_IT_TROVOLAVORO_SPONSORED,40.24,3340,60,4
2025-11-03,Marche,Altre job board,AZ_IT_BAKECA_LAVORO_ANNUNCI,6.39,785,15,1
2025-11-03,Marche,Altre job board,AZ_IT_CAREERJET_CPC,5.41,582,16,1
2025-11-03,Marche,Altre job board,AZ_IT_TROVOLAVORO_SPONSORED,8.51,709,13,1
2025-11-03,Molise,Altre job board,AZ_IT_BAKECA_LAVORO_ANNUNCI,1.02,132,3,0
2025-11-03,Molise,Altre job board,AZ_IT_CAREERJET_CPC,1.00,111,3,0
2025-11-03,Molise,Altre job board,AZ_IT_TROVOLAVORO_SPONSORED,1.04,88,2,0
2025-11-03,Piemonte,Altre job board,AZ_IT_BAKECA_LAVORO_ANNUNCI,16.72,2203,44,1
2025-11-03,Piemonte,Altre job board,AZ_IT_CAREERJET_CPC,13.11,1452,38,2
2025-11-03,Piemonte,Altre job board,AZ_IT_TROVOLAVORO_SPONSORED,12.24,1031,17,1
2025-11-03,Puglia,Altre job board,AZ_IT_BAKECA_LAVORO_ANNUNCI,24.63,3055,62,2
2025-11-03,Puglia,Altre job board,AZ_IT_CAREERJET_CPC,14.01,1598,45,2
2025-11-03,Puglia,Altre job board,AZ_IT_TROVOLAVORO_SPONSORED,12.63,1067,20,1
2025-11-03,Sardegna,Altre job board,AZ_IT_BAKECA_LAVORO_ANNUNCI,7.08,865,16,1
2025-11-03,Sardegna,Altre job board,AZ_IT_CAREERJET_CPC,5.34,608,15,1
2025-11-03,Sardegna,Altre job board,AZ_IT_TROVOLAVORO_SPONSORED,6.95,554,11,1
2025-11-03,Sicilia,Altre job board,AZ_IT_BAKECA_LAVORO_ANNUNCI,32.94,4081,85,3
2025-11-03,Sicilia,Altre job board,AZ_IT_CAREERJET_CPC,10.63,1221,35,1
2025-11-03,Sicilia,Altre job board,AZ_IT_TROVOLAVORO_SPONSORED,24.56,1980,29,2
2025-11-03,Toscana,Altre job board,AZ_IT_BAKECA_LAVORO_ANNUNCI,19.52,2479,45,3
2025-11-03,Toscana,Altre job board,AZ_IT_CAREERJET_CPC,10.16,1123,30,2
2025-11-03,Toscana,Altre job board,AZ_IT_TROVOLAVORO_SPONSORED,12.06,1044,19,2
2025-11-03,Trentino-Alto Adige,Altre job board,AZ_IT_BAKECA_LAVORO_ANNUNCI,4.04,489,10,1
2025-11-03,Trentino-Alto Adige,Altre job board,AZ_IT_CAREERJET_CPC,2.02,242,6,1
2025-11-03,Trentino-Alto Adige,Altre job board,AZ_IT_TROVOLAVORO_SPONSORED,5.36,445,8,1
2025-11-03,Umbria,Altre job board,AZ_IT_BAKECA_LAVORO_ANNUNCI,3.28,399,8,0
2025-11-03,Umbria,Altre job board,AZ_IT_CAREERJET_CPC,1.89,225,5,0
2025-11-03,Umbria,Altre job board,AZ_IT_TROVOLAVORO_SPONSORED,2.82,241,4,0
2025-11-03,Valle d'Aosta,Altre job board,AZ_IT_BAKECA_LAVORO_ANNUNCI,0.52,62,1,0
2025-11-03,Valle d'Aosta,Altre job board,AZ_IT_CAREERJET_CPC,0.35,37,1,0
2025-11-03,Valle d'Aosta,Altre job board,AZ_IT_TROVOLAVORO_SPONSORED,0.38,32,1,0
2025-11-03,Veneto,Altre job board,AZ_IT_BAKECA_LAVORO_ANNUNCI,24.95,3088,56,4
2025-11-03,Veneto,Altre job board,AZ_IT_CAREERJET_CPC,11.63,1226,32,3
2025-11-03,Veneto,Altre job board,AZ_IT_TROVOLAVORO_SPONSORED,13.97,1136,21,4
2025-11-10,Abruzzo,Altre job board,AZ_IT_BAKECA_LAVORO_ANNUNCI,13.45,1743,37,1
2025-11-10,Abruzzo,Altre job board,AZ_IT_CAREERJET_CPC,6.79,752,20,1
2025-11-10,Abruzzo,Altre job board,AZ_IT_TROVOLAVORO_SPONSORED,8.20,639,10,1
2025-11-10,Basilicata,Altre job board,AZ_IT_BAKECA_LAVORO_ANNUNCI,5.57,715,14,1
2025-11-10,Basilicata,Altre job board,AZ_IT_CAREERJET_CPC,3.13,352,11,0
2025-11-10,Basilicata,Altre job board,AZ_IT_TROVOLAVORO_SPONSORED,3.83,301,6,0
2025-11-10,Calabria,Altre job board,AZ_IT_BAKECA_LAVORO_ANNUNCI,19.11,2384,46,1
2025-11-10,Calabria,Altre job board,AZ_IT_CAREERJET_CPC,10.71,1222,31,1
2025-11-10,Calabria,Altre job board,AZ_IT_TROVOLAVORO_SPONSORED,12.41,1101,20,1
2025-11-10,Campania,Altre job board,AZ_IT_BAKECA_LAVORO_ANNUNCI,45.60,5718,107,6
2025-11-10,Campania,Altre job board,AZ_IT_CAREERJET_CPC,21.45,2475,58,5
2025-11-10,Campania,Altre job board,AZ_IT_TROVOLAVORO_SPONSORED,34.68,3025,60,6
2025-11-10,Emilia-Romagna,Altre job board,AZ_IT_BAKECA_LAVORO_ANNUNCI,24.96,3171,63,2
2025-11-10,Emilia-Romagna,Altre job board,AZ_IT_CAREERJET_CPC,29.47,3272,84,3
2025-11-10,Emilia-Romagna,Altre job board,AZ_IT_TROVOLAVORO_SPONSORED,24.51,2106,36,2
2025-11-10,Friuli-Venezia Giulia,Altre job board,AZ_IT_BAKECA_LAVORO_ANNUNCI,10.13,1244,27,1
2025-11-10,Friuli-Venezia Giulia,Altre job board,AZ_IT_CAREERJET_CPC,9.32,1040,28,1
2025-11-10,Friuli-Venezia Giulia,Altre job board,AZ_IT_TROVOLAVORO_SPONSORED,8.70,755,14,1
2025-11-10,Lazio,Altre job board,AZ_IT_BAKECA_LAVORO_ANNUNCI,46.45,5724,118,3
2025-11-10,Lazio,Altre job board,AZ_IT_CAREERJET_CPC,50.78,5372,149,6
2025-11-10,Lazio,Altre job board,AZ_IT_TROVOLAVORO_SPONSORED,32.72,2722,50,2
2025-11-10,Liguria,Altre job board,AZ_IT_BAKECA_LAVORO_ANNUNCI,19.02,2209,42,2
2025-11-10,Liguria,Altre job board,AZ_IT_CAREERJET_CPC,7.91,859,24,1
2025-11-10,Liguria,Altre job board,AZ_IT_TROVOLAVORO_SPONSORED,11.87,961,16,1
2025-11-10,Lombardia,Altre job board,AZ_IT_BAKECA_LAVORO_ANNUNCI,91.25,11212,235,4
2025-11-10,Lombardia,Altre job board,AZ_IT_CAREERJET_CPC,59.52,6680,170,5
2025-11-10,Lombardia,Altre job board,AZ_IT_TROVOLAVORO_SPONSORED,103.20,8703,147,5
2025-11-10,Marche,Altre job board,AZ_IT_BAKECA_LAVORO_ANNUNCI,20.35,2628,54,1
2025-11-10,Marche,Altre job board,AZ_IT_CAREERJET_CPC,13.16,1463,38,1
2025-11-10,Marche,Altre job board,AZ_IT_TROVOLAVORO_SPONSORED,15.14,1264,24,1
2025-11-10,Molise,Altre job board,AZ_IT_BAKECA_LAVORO_ANNUNCI,3.78,463,10,0
2025-11-10,Molise,Altre job board,AZ_IT_CAREERJET_CPC,1.73,186,5,0
2025-11-10,Molise,Altre job board,AZ_IT_TROVOLAVORO_SPONSORED,1.85,151,3,0
2025-11-10,Piemonte,Altre job board,AZ_IT_BAKECA_LAVORO_ANNUNCI,45.57,5679,101,2
2025-11-10,Piemonte,Altre job board,AZ_IT_CAREERJET_CPC,25.04,2777,72,2
2025-11-10,Piemonte,Altre job board,AZ_IT_TROVOLAVORO_SPONSORED,27.61,2279,43,2
2025-11-10,Puglia,Altre job board,AZ_IT_BAKECA_LAVORO_ANNUNCI,33.82,4315,91,2
2025-11-10,Puglia,Altre job board,AZ_IT_CAREERJET_CPC,21.69,2447,58,2
2025-11-10,Puglia,Altre job board,AZ_IT_TROVOLAVORO_SPONSORED,20.77,1682,29,1
2025-11-10,Sardegna,Altre job board,AZ_IT_BAKECA_LAVORO_ANNUNCI,18.19,2296,43,1
2025-11-10,Sardegna,Altre job board,AZ_IT_CAREERJET_CPC,15.54,1683,39,2
2025-11-10,Sardegna,Altre job board,AZ_IT_TROVOLAVORO_SPONSORED,10.61,904,16,1
2025-11-10,Sicilia,Altre job board,AZ_IT_BAKECA_LAVORO_ANNUNCI,49.98,6297,122,2
2025-11-10,Sicilia,Altre job board,AZ_IT_CAREERJET_CPC,37.27,4171,107,3
2025-11-10,Sicilia,Altre job board,AZ_IT_TROVOLAVORO_SPONSORED,49.23,4300,92,3
2025-11-10,Toscana,Altre job board,AZ_IT_BAKECA_LAVORO_ANNUNCI,49.95,5836,108,4
2025-11-10,Toscana,Altre job board,AZ_IT_CAREERJET_CPC,18.19,2004,53,2
2025-11-10,Toscana,Altre job board,AZ_IT_TROVOLAVORO_SPONSORED,36.18,2962,55,3
2025-11-10,Trentino-Alto Adige,Altre job board,AZ_IT_BAKECA_LAVORO_ANNUNCI,15.62,2084,47,3
2025-11-10,Trentino-Alto Adige,Altre job board,AZ_IT_CAREERJET_CPC,5.53,640,15,1
2025-11-10,Trentino-Alto Adige,Altre job board,AZ_IT_TROVOLAVORO_SPONSORED,5.71,484,9,1
2025-11-10,Umbria,Altre job board,AZ_IT_BAKECA_LAVORO_ANNUNCI,6.90,905,19,0
2025-11-10,Umbria,Altre job board,AZ_IT_CAREERJET_CPC,5.75,659,17,1
2025-11-10,Umbria,Altre job board,AZ_IT_TROVOLAVORO_SPONSORED,5.61,459,8,0
2025-11-10,Valle d'Aosta,Altre job board,AZ_IT_BAKECA_LAVORO_ANNUNCI,0.81,100,2,0
2025-11-10,Valle d'Aosta,Altre job board,AZ_IT_CAREERJET_CPC,1.28,129,3,0
2025-11-10,Valle d'Aosta,Altre job board,AZ_IT_TROVOLAVORO_SPONSORED,0.75,65,1,0
2025-11-10,Veneto,Altre job board,AZ_IT_BAKECA_LAVORO_ANNUNCI,32.02,3904,78,3
2025-11-10,Veneto,Altre job board,AZ_IT_CAREERJET_CPC,34.62,3949,93,6
2025-11-10,Veneto,Altre job board,AZ_IT_TROVOLAVORO_SPONSORED,31.92,2752,50,4
2025-11-17,Abruzzo,Altre job board,AZ_IT_BAKECA_LAVORO_ANNUNCI,16.03,1983,37,1
2025-11-17,Abruzzo,Altre job board,AZ_IT_CAREERJET_CPC,14.05,1545,38,2
2025-11-17,Abruzzo,Altre job board,AZ_IT_TROVOLAVORO_SPONSORED,11.33,935,16,1
2025-11-17,Basilicata,Altre job board,AZ_IT_BAKECA_LAVORO_ANNUNCI,8.52,1073,21,1
2025-11-17,Basilicata,Altre job board,AZ_IT_CAREERJET_CPC,6.06,657,18,1
2025-11-17,Basilicata,Altre job board,AZ_IT_TROVOLAVORO_SPONSORED,5.37,447,7,0
2025-11-17,Calabria,Altre job board,AZ_IT_BAKECA_LAVORO_ANNUNCI,32.68,4301,86,2
2025-11-17,Calabria,Altre job board,AZ_IT_CAREERJET_CPC,18.30,2012,54,2
2025-11-17,Calabria,Altre job board,AZ_IT_TROVOLAVORO_SPONSORED,12.64,1045,16,1
2025-11-17,Campania,Altre job board,AZ_IT_BAKECA_LAVORO_ANNUNCI,77.80,9837,178,8
2025-11-17,Campania,Altre job board,AZ_IT_CAREERJET_CPC,49.52,5509,136,9
2025-11-17,Campania,Altre job board,AZ_IT_TROVOLAVORO_SPONSORED,60.10,5261,89,7
2025-11-17,Emilia-Romagna,Altre job board,AZ_IT_BAKECA_LAVORO_ANNUNCI,76.81,9740,187,4
2025-11-17,Emilia-Romagna,Altre job board,AZ_IT_CAREERJET_CPC,46.74,5225,140,4
2025-11-17,Emilia-Romagna,Altre job board,AZ_IT_TROVOLAVORO_SPONSORED,39.54,3250,50,3
2025-11-17,Friuli-Venezia Giulia,Altre job board,AZ_IT_BAKECA_LAVORO_ANNUNCI,23.03,2929,53,1
2025-11-17,Friuli-Venezia Giulia,Altre job board,AZ_IT_CAREERJET_CPC,10.56,1171,31,1
2025-11-17,Friuli-Venezia Giulia,Altre job board,AZ_IT_TROVOLAVORO_SPONSORED,12.37,1061,18,1
2025-11-17,Lazio,Altre job board,AZ_IT_BAKECA_LAVORO_ANNUNCI,74.70,9232,165,4
2025-11-17,Lazio,Altre job board,AZ_IT_CAREERJET_CPC,67.59,7308,182,6
2025-11-17,Lazio,Altre job board,AZ_IT_TROVOLAVORO_SPONSORED,69.55,6022,109,5
2025-11-17,Liguria,Altre job board,AZ_IT_BAKECA_LAVORO_ANNUNCI,20.29,2643,54,2
2025-11-17,Liguria,Altre job board,AZ_IT_CAREERJET_CPC,18.33,2040,57,2
2025-11-17,Liguria,Altre job board,AZ_IT_TROVOLAVORO_SPONSORED,10.84,895,15,1
2025-11-17,Lombardia,Altre job board,AZ_IT_BAKECA_LAVORO_ANNUNCI,209.93,27024,622,9
2025-11-17,Lombardia,Altre job board,AZ_IT_CAREERJET_CPC,85.63,9636,215,4
2025-11-17,Lombardia,Altre job board,AZ_IT_TROVOLAVORO_SPONSORED,121.31,10426,195,6
2025-11-17,Marche,Altre job board,AZ_IT_BAKECA_LAVORO_ANNUNCI,18.84,2460,53,1
2025-11-17,Marche,Altre job board,AZ_IT_CAREERJET_CPC,10.78,1211,28,1
2025-11-17,Marche,Altre job board,AZ_IT_TROVOLAVORO_SPONSORED,9.91,801,14,1
2025-11-17,Molise,Altre job board,AZ_IT_BAKECA_LAVORO_ANNUNCI,4.05,503,11,0
2025-11-17,Molise,Altre job board,AZ_IT_CAREERJET_CPC,2.12,242,7,0
2025-11-17,Molise,Altre job board,AZ_IT_TROVOLAVORO_SPONSORED,5.13,438,8,0
2025-11-17,Piemonte,Altre job board,AZ_IT_BAKECA_LAVORO_ANNUNCI,85.65,10658,211,3
2025-11-17,Piemonte,Altre job board,AZ_IT_CAREERJET_CPC,41.83,4802,139,3
2025-11-17,Piemonte,Altre job board,AZ_IT_TROVOLAVORO_SPONSORED,57.87,4897,85,3
2025-11-17,Puglia,Altre job board,AZ_IT_BAKECA_LAVORO_ANNUNCI,56.15,6750,142,2
2025-11-17,Puglia,Altre job board,AZ_IT_CAREERJET_CPC,41.78,5040,139,2
2025-11-17,Puglia,Altre job board,AZ_IT_TROVOLAVORO_SPONSORED,66.67,5472,77,3
2025-11-17,Sardegna,Altre job board,AZ_IT_BAKECA_LAVORO_ANNUNCI,30.35,3945,81,2
2025-11-17,Sardegna,Altre job board,AZ_IT_CAREERJET_CPC,14.04,1549,35,1
2025-11-17,Sardegna,Altre job board,AZ_IT_TROVOLAVORO_SPONSORED,17.20,1446,29,1
2025-11-17,Sicilia,Altre job board,AZ_IT_BAKECA_LAVORO_ANNUNCI,116.81,14891,277,5
2025-11-17,Sicilia,Altre job board,AZ_IT_CAREERJET_CPC,30.19,3579,89,2
2025-11-17,Sicilia,Altre job board,AZ_IT_TROVOLAVORO_SPONSORED,46.49,3748,66,3
2025-11-17,Toscana,Altre job board,AZ_IT_BAKECA_LAVORO_ANNUNCI,105.55,13514,257,7
2025-11-17,Toscana,Altre job board,AZ_IT_CAREERJET_CPC,35.74,4169,118,4
2025-11-17,Toscana,Altre job board,AZ_IT_TROVOLAVORO_SPONSORED,24.06,2063,35,2
2025-11-17,Trentino-Alto Adige,Altre job board,AZ_IT_BAKECA_LAVORO_ANNUNCI,25.77,3186,63,3
2025-11-17,Trentino-Alto Adige,Altre job board,AZ_IT_CAREERJET_CPC,6.82,740,16,1
2025-11-17,Trentino-Alto Adige,Altre job board,AZ_IT_TROVOLAVORO_SPONSORED,10.96,883,14,2
2025-11-17,Umbria,Altre job board,AZ_IT_BAKECA_LAVORO_ANNUNCI,15.15,1874,40,1
2025-11-17,Umbria,Altre job board,AZ_IT_CAREERJET_CPC,12.05,1321,36,1
2025-11-17,Umbria,Altre job board,AZ_IT_TROVOLAVORO_SPONSORED,7.25,623,12,0
2025-11-17,Valle d'Aosta,Altre job board,AZ_IT_BAKECA_LAVORO_ANNUNCI,1.77,216,5,0
2025-11-17,Valle d'Aosta,Altre job board,AZ_IT_CAREERJET_CPC,0.95,103,3,0
2025-11-17,Valle d'Aosta,Altre job board,AZ_IT_TROVOLAVORO_SPONSORED,0.86,75,1,0
2025-11-17,Veneto,Altre job board,AZ_IT_BAKECA_LAVORO_ANNUNCI,82.99,10627,224,8
2025-11-17,Veneto,Altre job board,AZ_IT_CAREERJET_CPC,47.33,5096,134,5
2025-11-17,Veneto,Altre job board,AZ_IT_TROVOLAVORO_SPONSORED,38.60,3113,54,4
2025-11-24,Abruzzo,Altre job board,AZ_IT_BAKECA_LAVORO_ANNUNCI,3.22,398,9,1
2025-11-24,Abruzzo,Altre job board,AZ_IT_CAREERJET_CPC,2.56,283,8,1
2025-11-24,Abruzzo,Altre job board,AZ_IT_TROVOLAVORO_SPONSORED,2.87,247,4,1
2025-11-24,Basilicata,Altre job board,AZ_IT_BAKECA_LAVORO_ANNUNCI,2.21,272,5,0
2025-11-24,Basilicata,Altre job board,AZ_IT_CAREERJET_CPC,0.90,95,2,0
2025-11-24,Basilicata,Altre job board,AZ_IT_TROVOLAVORO_SPONSORED,1.43,117,2,0
2025-11-24,Calabria,Altre job board,AZ_IT_BAKECA_LAVORO_ANNUNCI,8.10,1001,19,1
2025-11-24,Calabria,Altre job board,AZ_IT_CAREERJET_CPC,3.47,362,10,1
2025-11-24,Calabria,Altre job board,AZ_IT_TROVOLAVORO_SPONSORED,4.92,414,7,1
2025-11-24,Campania,Altre job board,AZ_IT_BAKECA_LAVORO_ANNUNCI,20.39,2620,50,3
2025-11-24,Campania,Altre job board,AZ_IT_CAREERJET_CPC,15.01,1683,45,5
2025-11-24,Campania,Altre job board,AZ_IT_TROVOLAVORO_SPONSORED,18.87,1608,32,4
2025-11-24,Emilia-Romagna,Altre job board,AZ_IT_BAKECA_LAVORO_ANNUNCI,10.67,1290,26,1
2025-11-24,Emilia-Romagna,Altre job board,AZ_IT_CAREERJET_CPC,11.55,1255,34,2
2025-11-24,Emilia-Romagna,Altre job board,AZ_IT_TROVOLAVORO_SPONSORED,10.50,828,16,1
2025-11-24,Friuli-Venezia Giulia,Altre job board,AZ_IT_BAKECA_LAVORO_ANNUNCI,3.50,434,8,0
2025-11-24,Friuli-Venezia Giulia,Altre job board,AZ_IT_CAREERJET_CPC,2.70,314,7,0
2025-11-24,Friuli-Venezia Giulia,Altre job board,AZ_IT_TROVOLAVORO_SPONSORED,4.82,377,7,1
2025-11-24,Lazio,Altre job board,AZ_IT_BAKECA_LAVORO_ANNUNCI,25.13,3070,58,3
2025-11-24,Lazio,Altre job board,AZ_IT_CAREERJET_CPC,9.32,1001,26,2
2025-11-24,Lazio,Altre job board,AZ_IT_TROVOLAVORO_SPONSORED,15.30,1236,21,2
2025-11-24,Liguria,Altre job board,AZ_IT_BAKECA_LAVORO_ANNUNCI,6.04,760,16,1
2025-11-24,Liguria,Altre job board,AZ_IT_CAREERJET_CPC,2.46,272,7,1
2025-11-24,Liguria,Altre job board,AZ_IT_TROVOLAVORO_SPONSORED,5.30,462,9,1
2025-11-24,Lombardia,Altre job board,AZ_IT_BAKECA_LAVORO_ANNUNCI,47.23,5609,121,4
2025-11-24,Lombardia,Altre job board,AZ_IT_CAREERJET_CPC,14.38,1517,40,2
2025-11-24,Lombardia,Altre job board,AZ_IT_TROVOLAVORO_SPONSORED,29.05,2382,39,3
2025-11-24,Marche,Altre job board,AZ_IT_BAKECA_LAVORO_ANNUNCI,6.71,839,16,1
2025-11-24,Marche,Altre job board,AZ_IT_CAREERJET_CPC,2.56,288,7,0
2025-11-24,Marche,Altre job board,AZ_IT_TROVOLAVORO_SPONSORED,4.97,425,8,1
2025-11-24,Molise,Altre job board,AZ_IT_BAKECA_LAVORO_ANNUNCI,1.52,186,3,0
2025-11-24,Molise,Altre job board,AZ_IT_CAREERJET_CPC,0.57,60,2,0
2025-11-24,Molise,Altre job board,AZ_IT_TROVOLAVORO_SPONSORED,1.08,90,1,0
2025-11-24,Piemonte,Altre job board,AZ_IT_BAKECA_LAVORO_ANNUNCI,10.93,1395,26,1
2025-11-24,Piemonte,Altre job board,AZ_IT_CAREERJET_CPC,9.10,1029,23,1
2025-11-24,Piemonte,Altre job board,AZ_IT_TROVOLAVORO_SPONSORED,16.87,1390,27,2
2025-11-24,Puglia,Altre job board,AZ_IT_BAKECA_LAVORO_ANNUNCI,14.81,1863,37,2
2025-11-24,Puglia,Altre job board,AZ_IT_CAREERJET_CPC,4.44,485,12,1
2025-11-24,Puglia,Altre job board,AZ_IT_TROVOLAVORO_SPONSORED,8.62,746,15,1
2025-11-24,Sardegna,Altre job board,AZ_IT_BAKECA_LAVORO_ANNUNCI,6.81,819,17,1
2025-11-24,Sardegna,Altre job board,AZ_IT_CAREERJET_CPC,3.95,461,11,1
2025-11-24,Sardegna,Altre job board,AZ_IT_TROVOLAVORO_SPONSORED,4.89,406,7,1
2025-11-24,Sicilia,Altre job board,AZ_IT_BAKECA_LAVORO_ANNUNCI,18.11,2293,52,1
2025-11-24,Sicilia,Altre job board,AZ_IT_CAREERJET_CPC,11.75,1327,37,2
2025-11-24,Sicilia,Altre job board,AZ_IT_TROVOLAVORO_SPONSORED,12.98,1086,21,1
2025-11-24,Toscana,Altre job board,AZ_IT_BAKECA_LAVORO_ANNUNCI,10.68,1281,25,2
2025-11-24,Toscana,Altre job board,AZ_IT_CAREERJET_CPC,7.97,926,24,2
2025-11-24,Toscana,Altre job board,AZ_IT_TROVOLAVORO_SPONSORED,7.64,608,10,1
2025-11-24,Trentino-Alto Adige,Altre job board,AZ_IT_BAKECA_LAVORO_ANNUNCI,5.02,633,11,1
2025-11-24,Trentino-Alto Adige,Altre job board,AZ_IT_CAREERJET_CPC,1.31,141,4,1
2025-11-24,Trentino-Alto Adige,Altre job board,AZ_IT_TROVOLAVORO_SPONSORED,2.65,226,4,1
2025-11-24,Umbria,Altre job board,AZ_IT_BAKECA_LAVORO_ANNUNCI,4.04,492,11,0
2025-11-24,Umbria,Altre job board,AZ_IT_CAREERJET_CPC,1.88,215,6,0
2025-11-24,Umbria,Altre job board,AZ_IT_TROVOLAVORO_SPONSORED,2.67,218,4,0
2025-11-24,Valle d'Aosta,Altre job board,AZ_IT_BAKECA_LAVORO_ANNUNCI,0.31,40,1,0
2025-11-24,Valle d'Aosta,Altre job board,AZ_IT_CAREERJET_CPC,0.25,27,1,0
2025-11-24,Valle d'Aosta,Altre job board,AZ_IT_TROVOLAVORO_SPONSORED,0.29,24,0,0
2025-11-24,Veneto,Altre job board,AZ_IT_BAKECA_LAVORO_ANNUNCI,19.44,2404,49,4
2025-11-24,Veneto,Altre job board,AZ_IT_CAREERJET_CPC,9.89,1134,29,3
2025-11-24,Veneto,Altre job board,AZ_IT_TROVOLAVORO_SPONSORED,10.72,912,16,2
2025-12-01,Abruzzo,Altre job board,AZ_IT_BAKECA_LAVORO_ANNUNCI,17.03,2050,41,1
2025-12-01,Abruzzo,Altre job board,AZ_IT_CAREERJET_CPC,9.95,1175,33,1
2025-12-01,Abruzzo,Altre job board,AZ_IT_TROVOLAVORO_SPONSORED,18.97,1559,29,2
2025-12-01,Basilicata,Altre job board,AZ_IT_BAKECA_LAVORO_ANNUNCI,4.48,584,13,0
2025-12-01,Basilicata,Altre job board,AZ_IT_CAREERJET_CPC,2.76,308,9,0
2025-12-01,Basilicata,Altre job board,AZ_IT_TROVOLAVORO_SPONSORED,5.09,420,8,1
2025-12-01,Calabria,Altre job board,AZ_IT_BAKECA_LAVORO_ANNUNCI,13.16,1667,35,1
2025-12-01,Calabria,Altre job board,AZ_IT_CAREERJET_CPC,11.62,1301,36,1
2025-12-01,Calabria,Altre job board,AZ_IT_TROVOLAVORO_SPONSORED,21.62,1772,32,2
2025-12-01,Campania,Altre job board,AZ_IT_BAKECA_LAVORO_ANNUNCI,45.08,5619,108,5
2025-12-01,Campania,Altre job board,AZ_IT_CAREERJET_CPC,31.55,3493,92,6
2025-12-01,Campania,Altre job board,AZ_IT_TROVOLAVORO_SPONSORED,55.10,4556,81,8
2025-12-01,Emilia-Romagna,Altre job board,AZ_IT_BAKECA_LAVORO_ANNUNCI,78.24,9657,183,5
2025-12-01,Emilia-Romagna,Altre job board,AZ_IT_CAREERJET_CPC,22.39,2376,61,2
2025-12-01,Emilia-Romagna,Altre job board,AZ_IT_TROVOLAVORO_SPONSORED,47.90,4011,67,3
2025-12-01,Friuli-Venezia Giulia,Altre job board,AZ_IT_BAKECA_LAVORO_ANNUNCI,14.35,1795,36,1
2025-12-01,Friuli-Venezia Giulia,Altre job board,AZ_IT_CAREERJET_CPC,7.42,792,21,1
2025-12-01,Friuli-Venezia Giulia,Altre job board,AZ_IT_TROVOLAVORO_SPONSORED,8.73,709,13,1
2025-12-01,Lazio,Altre job board,AZ_IT_BAKECA_LAVORO_ANNUNCI,89.53,11111,234,5
2025-12-01,Lazio,Altre job board,AZ_IT_CAREERJET_CPC,38.56,4264,105,4
2025-12-01,Lazio,Altre job board,AZ_IT_TROVOLAVORO_SPONSORED,53.62,4668,81,3
2025-12-01,Liguria,Altre job board,AZ_IT_BAKECA_LAVORO_ANNUNCI,12.70,1639,30,1
2025-12-01,Liguria,Altre job board,AZ_IT_CAREERJET_CPC,18.74,1993,52,2
2025-12-01,Liguria,Altre job board,AZ_IT_TROVOLAVORO_SPONSORED,14.46,1240,24,1
2025-12-01,Lombardia,Altre job board,AZ_IT_BAKECA_LAVORO_ANNUNCI,123.42,16983,298,5
2025-12-01,Lombardia,Altre job board,AZ_IT_CAREERJET_CPC,64.02,7317,179,5
2025-12-01,Lombardia,Altre job board,AZ_IT_TROVOLAVORO_SPONSORED,91.99,7639,138,5
2025-12-01,Marche,Altre job board,AZ_IT_BAKECA_LAVORO_ANNUNCI,12.27,1544,29,1
2025-12-01,Marche,Altre job board,AZ_IT_CAREERJET_CPC,8.57,982,28,1
2025-12-01,Marche,Altre job board,AZ_IT_TROVOLAVORO_SPONSORED,12.17,985,19,1
2025-12-01,Molise,Altre job board,AZ_IT_BAKECA_LAVORO_ANNUNCI,2.03,250,4,0
2025-12-01,Molise,Altre job board,AZ_IT_CAREERJET_CPC,2.67,311,8,0
2025-12-01,Molise,Altre job board,AZ_IT_TROVOLAVORO_SPONSORED,3.66,302,5,0
2025-12-01,Piemonte,Altre job board,AZ_IT_BAKECA_LAVORO_ANNUNCI,34.84,4338,80,2
2025-12-01,Piemonte,Altre job board,AZ_IT_CAREERJET_CPC,29.42,3243,80,2
2025-12-01,Piemonte,Altre job board,AZ_IT_TROVOLAVORO_SPONSORED,58.25,4926,97,3
2025-12-01,Puglia,Altre job board,AZ_IT_BAKECA_LAVORO_ANNUNCI,35.27,4559,103,2
2025-12-01,Puglia,Altre job board,AZ_IT_CAREERJET_CPC,19.87,2216,58,2
2025-12-01,Puglia,Altre job board,AZ_IT_TROVOLAVORO_SPONSORED,35.93,3171,55,2
2025-12-01,Sardegna,Altre job board,AZ_IT_BAKECA_LAVORO_ANNUNCI,19.85,2480,51,2
2025-12-01,Sardegna,Altre job board,AZ_IT_CAREERJET_CPC,10.20,1188,27,1
2025-12-01,Sardegna,Altre job board,AZ_IT_TROVOLAVORO_SPONSORED,12.61,1070,20,1
2025-12-01,Sicilia,Altre job board,AZ_IT_BAKECA_LAVORO_ANNUNCI,51.89,6407,134,3
2025-12-01,Sicilia,Altre job board,AZ_IT_CAREERJET_CPC,29.42,3206,84,2
2025-12-01,Sicilia,Altre job board,AZ_IT_TROVOLAVORO_SPONSORED,44.23,3535,62,2
2025-12-01,Toscana,Altre job board,AZ_IT_BAKECA_LAVORO_ANNUNCI,40.35,5042,101,3
2025-12-01,Toscana,Altre job board,AZ_IT_CAREERJET_CPC,32.23,3564,82,3
2025-12-01,Toscana,Altre job board,AZ_IT_TROVOLAVORO_SPONSORED,40.54,3350,63,4
2025-12-01,Trentino-Alto Adige,Altre job board,AZ_IT_BAKECA_LAVORO_ANNUNCI,8.77,1131,21,1
2025-12-01,Trentino-Alto Adige,Altre job board,AZ_IT_CAREERJET_CPC,12.05,1318,36,3
2025-12-01,Trentino-Alto Adige,Altre job board,AZ_IT_TROVOLAVORO_SPONSORED,10.30,838,15,1
2025-12-01,Umbria,Altre job board,AZ_IT_BAKECA_LAVORO_ANNUNCI,7.53,903,17,0
2025-12-01,Umbria,Altre job board,AZ_IT_CAREERJET_CPC,5.51,597,15,0
2025-12-01,Umbria,Altre job board,AZ_IT_TROVOLAVORO_SPONSORED,8.30,684,13,1
2025-12-01,Valle d'Aosta,Altre job board,AZ_IT_BAKECA_LAVORO_ANNUNCI,1.28,162,3,0
2025-12-01,Valle d'Aosta,Altre job board,AZ_IT_CAREERJET_CPC,0.54,59,1,0
2025-12-01,Valle d'Aosta,Altre job board,AZ_IT_TROVOLAVORO_SPONSORED,1.55,128,2,0
2025-12-01,Veneto,Altre job board,AZ_IT_BAKECA_LAVORO_ANNUNCI,34.29,4395,93,3
2025-12-01,Veneto,Altre job board,AZ_IT_CAREERJET_CPC,19.58,2145,48,3
2025-12-01,Veneto,Altre job board,AZ_IT_TROVOLAVORO_SPONSORED,47.69,3885,78,5
2025-12-08,Abruzzo,Altre job board,AZ_IT_BAKECA_LAVORO_ANNUNCI,18.04,2240,44,1
2025-12-08,Abruzzo,Altre job board,AZ_IT_CAREERJET_CPC,10.38,1145,30,1
2025-12-08,Abruzzo,Altre job board,AZ_IT_TROVOLAVORO_SPONSORED,29.01,2476,44,3
2025-12-08,Basilicata,Altre job board,AZ_IT_BAKECA_LAVORO_ANNUNCI,12.13,1503,29,1
2025-12-08,Basilicata,Altre job board,AZ_IT_CAREERJET_CPC,5.43,618,15,0
2025-12-08,Basilicata,Altre job board,AZ_IT_TROVOLAVORO_SPONSORED,19.60,1522,29,1
2025-12-08,Calabria,Altre job board,AZ_IT_BAKECA_LAVORO_ANNUNCI,46.46,5639,108,2
2025-12-08,Calabria,Altre job board,AZ_IT_CAREERJET_CPC,17.31,1886,45,1
2025-12-08,Calabria,Altre job board,AZ_IT_TROVOLAVORO_SPONSORED,39.47,3350,62,2
2025-12-08,Campania,Altre job board,AZ_IT_BAKECA_LAVORO_ANNUNCI,112.16,13777,302,10
2025-12-08,Campania,Altre job board,AZ_IT_CAREERJET_CPC,49.01,5458,146,7
2025-12-08,Campania,Altre job board,AZ_IT_TROVOLAVORO_SPONSORED,99.20,8512,139,11
2025-12-08,Emilia-Romagna,Altre job board,AZ_IT_BAKECA_LAVORO_ANNUNCI,94.51,12091,217,6
2025-12-08,Emilia-Romagna,Altre job board,AZ_IT_CAREERJET_CPC,42.94,5006,125,3
2025-12-08,Emilia-Romagna,Altre job board,AZ_IT_TROVOLAVORO_SPONSORED,64.71,5209,98,4
2025-12-08,Friuli-Venezia Giulia,Altre job board,AZ_IT_BAKECA_LAVORO_ANNUNCI,15.91,1953,40,1
2025-12-08,Friuli-Venezia Giulia,Altre job board,AZ_IT_CAREERJET_CPC,11.60,1347,32,1
2025-12-08,Friuli-Venezia Giulia,Altre job board,AZ_IT_TROVOLAVORO_SPONSORED,21.65,1816,34,1
2025-12-08,Lazio,Altre job board,AZ_IT_BAKECA_LAVORO_ANNUNCI,78.19,9493,182,4
2025-12-08,Lazio,Altre job board,AZ_IT_CAREERJET_CPC,62.82,6743,177,5
2025-12-08,Lazio,Altre job board,AZ_IT_TROVOLAVORO_SPONSORED,121.01,10076,168,6
2025-12-08,Liguria,Altre job board,AZ_IT_BAKECA_LAVORO_ANNUNCI,29.50,3711,77,1
2025-12-08,Liguria,Altre job board,AZ_IT_CAREERJET_CPC,17.01,1836,49,2
2025-12-08,Liguria,Altre job board,AZ_IT_TROVOLAVORO_SPONSORED,40.76,3264,51,2
2025-12-08,Lombardia,Altre job board,AZ_IT_BAKECA_LAVORO_ANNUNCI,240.63,29494,568,10
2025-12-08,Lombardia,Altre job board,AZ_IT_CAREERJET_CPC,75.07,8330,233,4
2025-12-08,Lombardia,Altre job board,AZ_IT_TROVOLAVORO_SPONSORED,175.42,15197,286,7
2025-12-08,Marche,Altre job board,AZ_IT_BAKECA_LAVORO_ANNUNCI,34.40,4302,81,1
2025-12-08,Marche,Altre job board,AZ_IT_CAREERJET_CPC,26.96,2950,78,2
2025-12-08,Marche,Altre job board,AZ_IT_TROVOLAVORO_SPONSORED,42.89,3775,68,2
2025-12-08,Molise,Altre job board,AZ_IT_BAKECA_LAVORO_ANNUNCI,6.33,780,17,0
2025-12-08,Molise,Altre job board,AZ_IT_CAREERJET_CPC,1.93,212,5,0
2025-12-08,Molise,Altre job board,AZ_IT_TROVOLAVORO_SPONSORED,9.06,773,13,0
2025-12-08,Piemonte,Altre job board,AZ_IT_BAKECA_LAVORO_ANNUNCI,80.83,10105,191,2
2025-12-08,Piemonte,Altre job board,AZ_IT_CAREERJET_CPC,44.00,4967,137,2
2025-12-08,Piemonte,Altre job board,AZ_IT_TROVOLAVORO_SPONSORED,136.21,10966,195,5
2025-12-08,Puglia,Altre job board,AZ_IT_BAKECA_LAVORO_ANNUNCI,66.66,8446,178,3
2025-12-08,Puglia,Altre job board,AZ_IT_CAREERJET_CPC,33.76,3895,97,2
2025-12-08,Puglia,Altre job board,AZ_IT_TROVOLAVORO_SPONSORED,93.35,7997,152,4
2025-12-08,Sardegna,Altre job board,AZ_IT_BAKECA_LAVORO_ANNUNCI,22.17,2775,58,1
2025-12-08,Sardegna,Altre job board,AZ_IT_CAREERJET_CPC,18.74,1975,51,2
2025-12-08,Sardegna,Altre job board,AZ_IT_TROVOLAVORO_SPONSORED,30.68,2547,43,2
2025-12-08,Sicilia,Altre job board,AZ_IT_BAKECA_LAVORO_ANNUNCI,89.62,11731,257,3
2025-12-08,Sicilia,Altre job board,AZ_IT_CAREERJET_CPC,49.52,5495,127,3
2025-12-08,Sicilia,Altre job board,AZ_IT_TROVOLAVORO_SPONSORED,70.63,5761,100,3
2025-12-08,Toscana,Altre job board,AZ_IT_BAKECA_LAVORO_ANNUNCI,41.24,5364,103,3
2025-12-08,Toscana,Altre job board,AZ_IT_CAREERJET_CPC,55.32,6293,149,5
2025-12-08,Toscana,Altre job board,AZ_IT_TROVOLAVORO_SPONSORED,61.07,5289,97,4
2025-12-08,Trentino-Alto Adige,Altre job board,AZ_IT_BAKECA_LAVORO_ANNUNCI,27.06,3266,65,2
2025-12-08,Trentino-Alto Adige,Altre job board,AZ_IT_CAREERJET_CPC,14.92,1614,43,2
2025-12-08,Trentino-Alto Adige,Altre job board,AZ_IT_TROVOLAVORO_SPONSORED,31.97,2646,49,3
2025-12-08,Umbria,Altre job board,AZ_IT_BAKECA_LAVORO_ANNUNCI,16.35,2016,36,1
2025-12-08,Umbria,Altre job board,AZ_IT_CAREERJET_CPC,8.46,940,27,0
2025-12-08,Umbria,Altre job board,AZ_IT_TROVOLAVORO_SPONSORED,22.93,1863,34,1
2025-12-08,Valle d'Aosta,Altre job board,AZ_IT_BAKECA_LAVORO_ANNUNCI,1.42,173,3,0
2025-12-08,Valle d'Aosta,Altre job board,AZ_IT_CAREERJET_CPC,0.81,89,3,0
2025-12-08,Valle d'Aosta,Altre job board,AZ_IT_TROVOLAVORO_SPONSORED,3.35,279,6,0
2025-12-08,Veneto,Altre job board,AZ_IT_BAKECA_LAVORO_ANNUNCI,106.85,14153,268,8
2025-12-08,Veneto,Altre job board,AZ_IT_CAREERJET_CPC,45.58,4874,122,5
2025-12-08,Veneto,Altre job board,AZ_IT_TROVOLAVORO_SPONSORED,107.32,8818,164,9
2025-12-15,Abruzzo,Altre job board,AZ_IT_BAKECA_LAVORO_ANNUNCI,11.28,1401,25,1
2025-12-15,Abruzzo,Altre job board,AZ_IT_CAREERJET_CPC,2.40,243,6,1
2025-12-15,Abruzzo,Altre job board,AZ_IT_TROVOLAVORO_SPONSORED,7.33,586,11,1
2025-12-15,Basilicata,Altre job board,AZ_IT_BAKECA_LAVORO_ANNUNCI,3.49,429,8,1
2025-12-15,Basilicata,Altre job board,AZ_IT_CAREERJET_CPC,1.14,126,4,0
2025-12-15,Basilicata,Altre job board,AZ_IT_TROVOLAVORO_SPONSORED,3.74,315,5,1
2025-12-15,Calabria,Altre job board,AZ_IT_BAKECA_LAVORO_ANNUNCI,12.57,1637,30,1
2025-12-15,Calabria,Altre job board,AZ_IT_CAREERJET_CPC,5.18,568,14,1
2025-12-15,Calabria,Altre job board,AZ_IT_TROVOLAVORO_SPONSORED,13.68,1164,24,1
2025-12-15,Campania,Altre job board,AZ_IT_BAKECA_LAVORO_ANNUNCI,29.50,3645,72,6
2025-12-15,Campania,Altre job board,AZ_IT_CAREERJET_CPC,9.13,1000,26,2
2025-12-15,Campania,Altre job board,AZ_IT_TROVOLAVORO_SPONSORED,29.82,2445,48,6
2025-12-15,Emilia-Romagna,Altre job board,AZ_IT_BAKECA_LAVORO_ANNUNCI,40.65,5493,113,4
2025-12-15,Emilia-Romagna,Altre job board,AZ_IT_CAREERJET_CPC,16.55,1767,50,3
2025-12-15,Emilia-Romagna,Altre job board,AZ_IT_TROVOLAVORO_SPONSORED,20.45,1726,27,2
2025-12-15,Friuli-Venezia Giulia,Altre job board,AZ_IT_BAKECA_LAVORO_ANNUNCI,9.22,1179,24,1
2025-12-15,Friuli-Venezia Giulia,Altre job board,AZ_IT_CAREERJET_CPC,4.80,546,14,1
2025-12-15,Friuli-Venezia Giulia,Altre job board,AZ_IT_TROVOLAVORO_SPONSORED,11.13,949,15,1
2025-12-15,Lazio,Altre job board,AZ_IT_BAKECA_LAVORO_ANNUNCI,42.66,5462,110,3
2025-12-15,Lazio,Altre job board,AZ_IT_CAREERJET_CPC,14.91,1629,43,2
2025-12-15,Lazio,Altre job board,AZ_IT_TROVOLAVORO_SPONSORED,43.29,3473,62,5
2025-12-15,Liguria,Altre job board,AZ_IT_BAKECA_LAVORO_ANNUNCI,7.87,919,19,1
2025-12-15,Liguria,Altre job board,AZ_IT_CAREERJET_CPC,5.80,628,16,1
2025-12-15,Liguria,Altre job board,AZ_IT_TROVOLAVORO_SPONSORED,15.17,1297,24,2
2025-12-15,Lombardia,Altre job board,AZ_IT_BAKECA_LAVORO_ANNUNCI,59.71,7210,145,4
2025-12-15,Lombardia,Altre job board,AZ_IT_CAREERJET_CPC,26.54,2957,86,4
2025-12-15,Lombardia,Altre job board,AZ_IT_TROVOLAVORO_SPONSORED,46.68,3793,72,4
2025-12-15,Marche,Altre job board,AZ_IT_BAKECA_LAVORO_ANNUNCI,8.47,1102,19,1
2025-12-15,Marche,Altre job board,AZ_IT_CAREERJET_CPC,3.30,374,9,1
2025-12-15,Marche,Altre job board,AZ_IT_TROVOLAVORO_SPONSORED,11.16,952,18,1
2025-12-15,Molise,Altre job board,AZ_IT_BAKECA_LAVORO_ANNUNCI,1.50,187,4,0
2025-12-15,Molise,Altre job board,AZ_IT_CAREERJET_CPC,0.75,84,2,0
2025-12-15,Molise,Altre job board,AZ_IT_TROVOLAVORO_SPONSORED,1.64,137,2,0
2025-12-15,Piemonte,Altre job board,AZ_IT_BAKECA_LAVORO_ANNUNCI,26.41,3307,67,2
2025-12-15,Piemonte,Altre job board,AZ_IT_CAREERJET_CPC,15.19,1730,48,2
2025-12-15,Piemonte,Altre job board,AZ_IT_TROVOLAVORO_SPONSORED,26.90,2300,42,2
2025-12-15,Puglia,Altre job board,AZ_IT_BAKECA_LAVORO_ANNUNCI,27.57,3480,69,2
2025-12-15,Puglia,Altre job board,AZ_IT_CAREERJET_CPC,13.92,1553,40,2
2025-12-15,Puglia,Altre job board,AZ_IT_TROVOLAVORO_SPONSORED,31.64,2490,47,2
2025-12-15,Sardegna,Altre job board,AZ_IT_BAKECA_LAVORO_ANNUNCI,11.31,1423,30,1
2025-12-15,Sardegna,Altre job board,AZ_IT_CAREERJET_CPC,5.58,660,15,1
2025-12-15,Sardegna,Altre job board,AZ_IT_TROVOLAVORO_SPONSORED,9.73,826,15,1
2025-12-15,Sicilia,Altre job board,AZ_IT_BAKECA_LAVORO_ANNUNCI,41.76,5313,104,2
2025-12-15,Sicilia,Altre job board,AZ_IT_CAREERJET_CPC,19.18,2195,51,2
2025-12-15,Sicilia,Altre job board,AZ_IT_TROVOLAVORO_SPONSORED,44.41,3796,67,3
2025-12-15,Toscana,Altre job board,AZ_IT_BAKECA_LAVORO_ANNUNCI,27.02,3454,71,4
2025-12-15,Toscana,Altre job board,AZ_IT_CAREERJET_CPC,5.50,612,16,1
2025-12-15,Toscana,Altre job board,AZ_IT_TROVOLAVORO_SPONSORED,22.60,1900,37,3
2025-12-15,Trentino-Alto Adige,Altre job board,AZ_IT_BAKECA_LAVORO_ANNUNCI,8.04,1001,21,1
2025-12-15,Trentino-Alto Adige,Altre job board,AZ_IT_CAREERJET_CPC,3.35,363,10,1
2025-12-15,Trentino-Alto Adige,Altre job board,AZ_IT_TROVOLAVORO_SPONSORED,7.83,705,12,2
2025-12-15,Umbria,Altre job board,AZ_IT_BAKECA_LAVORO_ANNUNCI,4.53,554,11,0
2025-12-15,Umbria,Altre job board,AZ_IT_CAREERJET_CPC,1.64,175,5,0
2025-12-15,Umbria,Altre job board,AZ_IT_TROVOLAVORO_SPONSORED,6.85,563,10,1
2025-12-15,Valle d'Aosta,Altre job board,AZ_IT_BAKECA_LAVORO_ANNUNCI,0.95,120,3,0
2025-12-15,Valle d'Aosta,Altre job board,AZ_IT_CAREERJET_CPC,0.18,20,1,0
2025-12-15,Valle d'Aosta,Altre job board,AZ_IT_TROVOLAVORO_SPONSORED,1.12,95,2,0
2025-12-15,Veneto,Altre job board,AZ_IT_BAKECA_LAVORO_ANNUNCI,28.32,3515,70,3
2025-12-15,Veneto,Altre job board,AZ_IT_CAREERJET_CPC,16.66,1827,45,4
2025-12-15,Veneto,Altre job board,AZ_IT_TROVOLAVORO_SPONSORED,32.18,2779,49,5
2025-12-22,Abruzzo,Altre job board,AZ_IT_BAKECA_LAVORO_ANNUNCI,6.17,770,15,1
2025-12-22,Abruzzo,Altre job board,AZ_IT_CAREERJET_CPC,5.15,587,15,1
2025-12-22,Abruzzo,Altre job board,AZ_IT_TROVOLAVORO_SPONSORED,4.56,398,8,1
2025-12-22,Basilicata,Altre job board,AZ_IT_BAKECA_LAVORO_ANNUNCI,1.55,197,4,0
2025-12-22,Basilicata,Altre job board,AZ_IT_CAREERJET_CPC,2.05,222,5,0
2025-12-22,Basilicata,Altre job board,AZ_IT_TROVOLAVORO_SPONSORED,2.38,197,3,0
2025-12-22,Calabria,Altre job board,AZ_IT_BAKECA_LAVORO_ANNUNCI,10.38,1337,26,1
2025-12-22,Calabria,Altre job board,AZ_IT_CAREERJET_CPC,6.04,675,15,1
2025-12-22,Calabria,Altre job board,AZ_IT_TROVOLAVORO_SPONSORED,11.46,971,17,1
2025-12-22,Campania,Altre job board,AZ_IT_BAKECA_LAVORO_ANNUNCI,32.68,4177,85,4
2025-12-22,Campania,Altre job board,AZ_IT_CAREERJET_CPC,27.79,3080,79,6
2025-12-22,Campania,Altre job board,AZ_IT_TROVOLAVORO_SPONSORED,29.70,2495,44,5
2025-12-22,Emilia-Romagna,Altre job board,AZ_IT_BAKECA_LAVORO_ANNUNCI,30.81,4036,86,2
2025-12-22,Emilia-Romagna,Altre job board,AZ_IT_CAREERJET_CPC,26.89,2992,86,3
2025-12-22,Emilia-Romagna,Altre job board,AZ_IT_TROVOLAVORO_SPONSORED,24.43,1946,39,2
2025-12-22,Friuli-Venezia Giulia,Altre job board,AZ_IT_BAKECA_LAVORO_ANNUNCI,4.10,513,11,0
2025-12-22,Friuli-Venezia Giulia,Altre job board,AZ_IT_CAREERJET_CPC,4.54,506,13,1
2025-12-22,Friuli-Venezia Giulia,Altre job board,AZ_IT_TROVOLAVORO_SPONSORED,6.52,535,9,1
2025-12-22,Lazio,Altre job board,AZ_IT_BAKECA_LAVORO_ANNUNCI,22.04,2697,47,2
2025-12-22,Lazio,Altre job board,AZ_IT_CAREERJET_CPC,21.28,2421,54,2
2025-12-22,Lazio,Altre job board,AZ_IT_TROVOLAVORO_SPONSORED,38.05,3113,58,4
2025-12-22,Liguria,Altre job board,AZ_IT_BAKECA_LAVORO_ANNUNCI,7.29,926,20,1
2025-12-22,Liguria,Altre job board,AZ_IT_CAREERJET_CPC,5.21,582,17,1
2025-12-22,Liguria,Altre job board,AZ_IT_TROVOLAVORO_SPONSORED,5.49,453,8,1
2025-12-22,Lombardia,Altre job board,AZ_IT_BAKECA_LAVORO_ANNUNCI,72.93,9058,189,4
2025-12-22,Lombardia,Altre job board,AZ_IT_CAREERJET_CPC,37.83,4152,120,4
2025-12-22,Lombardia,Altre job board,AZ_IT_TROVOLAVORO_SPONSORED,47.91,4178,73,3
2025-12-22,Marche,Altre job board,AZ_IT_BAKECA_LAVORO_ANNUNCI,5.24,643,12,0
2025-12-22,Marche,Altre job board,AZ_IT_CAREERJET_CPC,4.81,513,15,1
2025-12-22,Marche,Altre job board,AZ_IT_TROVOLAVORO_SPONSORED,8.65,694,14,1
2025-12-22,Molise,Altre job board,AZ_IT_BAKECA_LAVORO_ANNUNCI,1.48,188,3,0
2025-12-22,Molise,Altre job board,AZ_IT_CAREERJET_CPC,0.70,80,2,0
2025-12-22,Molise,Altre job board,AZ_IT_TROVOLAVORO_SPONSORED,1.55,129,2,0
2025-12-22,Piemonte,Altre job board,AZ_IT_BAKECA_LAVORO_ANNUNCI,21.84,2608,49,1
2025-12-22,Piemonte,Altre job board,AZ_IT_CAREERJET_CPC,9.80,1071,28,1
2025-12-22,Piemonte,Altre job board,AZ_IT_TROVOLAVORO_SPONSORED,20.30,1669,32,2
2025-12-22,Puglia,Altre job board,AZ_IT_BAKECA_LAVORO_ANNUNCI,22.37,2798,59,1
2025-12-22,Puglia,Altre job board,AZ_IT_CAREERJET_CPC,12.82,1414,40,1
2025-12-22,Puglia,Altre job board,AZ_IT_TROVOLAVORO_SPONSORED,30.42,2609,47,2
2025-12-22,Sardegna,Altre job board,AZ_IT_BAKECA_LAVORO_ANNUNCI,8.60,1057,23,1
2025-12-22,Sardegna,Altre job board,AZ_IT_CAREERJET_CPC,4.46,488,12,1
2025-12-22,Sardegna,Altre job board,AZ_IT_TROVOLAVORO_SPONSORED,12.03,992,18,1
2025-12-22,Sicilia,Altre job board,AZ_IT_BAKECA_LAVORO_ANNUNCI,16.97,2065,43,1
2025-12-22,Sicilia,Altre job board,AZ_IT_CAREERJET_CPC,15.43,1658,42,2
2025-12-22,Sicilia,Altre job board,AZ_IT_TROVOLAVORO_SPONSORED,24.23,2013,39,2
2025-12-22,Toscana,Altre job board,AZ_IT_BAKECA_LAVORO_ANNUNCI,16.18,2034,42,2
2025-12-22,Toscana,Altre job board,AZ_IT_CAREERJET_CPC,16.99,1837,49,3
2025-12-22,Toscana,Altre job board,AZ_IT_TROVOLAVORO_SPONSORED,22.16,1844,36,2
2025-12-22,Trentino-Alto Adige,Altre job board,AZ_IT_BAKECA_LAVORO_ANNUNCI,5.20,641,13,1
2025-12-22,Trentino-Alto Adige,Altre job board,AZ_IT_CAREERJET_CPC,4.37,483,12,1
2025-12-22,Trentino-Alto Adige,Altre job board,AZ_IT_TROVOLAVORO_SPONSORED,8.21,666,12,1
2025-12-22,Umbria,Altre job board,AZ_IT_BAKECA_LAVORO_ANNUNCI,4.61,569,10,0
2025-12-22,Umbria,Altre job board,AZ_IT_CAREERJET_CPC,2.45,269,7,0
2025-12-22,Umbria,Altre job board,AZ_IT_TROVOLAVORO_SPONSORED,4.78,380,7,0
2025-12-22,Valle d'Aosta,Altre job board,AZ_IT_BAKECA_LAVORO_ANNUNCI,0.42,51,1,0
2025-12-22,Valle d'Aosta,Altre job board,AZ_IT_CAREERJET_CPC,0.53,57,1,0
2025-12-22,Valle d'Aosta,Altre job board,AZ_IT_TROVOLAVORO_SPONSORED,0.71,61,1,0
2025-12-22,Veneto,Altre job board,AZ_IT_BAKECA_LAVORO_ANNUNCI,13.11,1601,34,1
2025-12-22,Veneto,Altre job board,AZ_IT_CAREERJET_CPC,15.43,1743,50,3
2025-12-22,Veneto,Altre job board,AZ_IT_TROVOLAVORO_SPONSORED,35.83,2930,49,5
