settimana,regione,canale,campagna,spesa,impressioni,clic,conversioni_piattaforma
2024-01-01,Abruzzo,Subito Lavoro,AZ_IT_SUBITO_RETARGETING,1.73,243,3,0
2024-01-01,Abruzzo,Subito Lavoro,AZ_IT_SUBITO_SLOT_PREMIUM,8.44,811,10,0
2024-01-01,Abruzzo,Subito Lavoro,AZ_IT_SUBITO_SPONSORED_ANNUNCI,3.90,297,6,0
2024-01-01,Basilicata,Subito Lavoro,AZ_IT_SUBITO_RETARGETING,0.95,133,2,0
2024-01-01,Basilicata,Subito Lavoro,AZ_IT_SUBITO_SLOT_PREMIUM,2.83,255,3,0
2024-01-01,Basilicata,Subito Lavoro,AZ_IT_SUBITO_SPONSORED_ANNUNCI,1.37,109,2,0
2024-01-01,Calabria,Subito Lavoro,AZ_IT_SUBITO_RETARGETING,2.88,428,6,0
2024-01-01,Calabria,Subito Lavoro,AZ_IT_SUBITO_SLOT_PREMIUM,9.83,939,14,1
2024-01-01,Calabria,Subito Lavoro,AZ_IT_SUBITO_SPONSORED_ANNUNCI,4.44,329,6,0
2024-01-01,Campania,Subito Lavoro,AZ_IT_SUBITO_RETARGETING,5.02,738,10,0
2024-01-01,Campania,Subito Lavoro,AZ_IT_SUBITO_SLOT_PREMIUM,23.02,2031,31,1
2024-01-01,Campania,Subito Lavoro,AZ_IT_SUBITO_SPONSORED_ANNUNCI,15.95,1218,21,1
2024-01-01,Emilia-Romagna,Subito Lavoro,AZ_IT_SUBITO_RETARGETING,9.74,1349,17,1
2024-01-01,Emilia-Romagna,Subito Lavoro,AZ_IT_SUBITO_SLOT_PREMIUM,14.73,1404,21,1
2024-01-01,Emilia-Romagna,Subito Lavoro,AZ_IT_SUBITO_SPONSORED_ANNUNCI,9.99,761,13,1
2024-01-01,Friuli-Venezia Giulia,Subito Lavoro,AZ_IT_SUBITO_RETARGETING,1.08,165,2,0
2024-01-01,Friuli-Venezia Giulia,Subito Lavoro,AZ_IT_SUBITO_SLOT_PREMIUM,4.77,458,6,0
2024-01-01,Friuli-Venezia Giulia,Subito Lavoro,AZ_IT_SUBITO_SPONSORED_ANNUNCI,3.04,232,5,0
2024-01-01,Lazio,Subito Lavoro,AZ_IT_SUBITO_RETARGETING,4.23,602,8,0
2024-01-01,Lazio,Subito Lavoro,AZ_IT_SUBITO_SLOT_PREMIUM,14.28,1378,21,1
2024-01-01,Lazio,Subito Lavoro,AZ_IT_SUBITO_SPONSORED_ANNUNCI,12.73,960,17,1
2024-01-01,Liguria,Subito Lavoro,AZ_IT_SUBITO_RETARGETING,1.64,230,3,0
2024-01-01,Liguria,Subito Lavoro,AZ_IT_SUBITO_SLOT_PREMIUM,6.78,645,10,0
2024-01-01,Liguria,Subito Lavoro,AZ_IT_SUBITO_SPONSORED_ANNUNCI,2.92,225,4,0
2024-01-01,Lombardia,Subito Lavoro,AZ_IT_SUBITO_RETARGETING,10.96,1539,20,1
2024-01-01,Lombardia,Subito Lavoro,AZ_IT_SUBITO_SLOT_PREMIUM,55.81,5139,73,3
2024-01-01,Lombardia,Subito Lavoro,AZ_IT_SUBITO_SPONSORED_ANNUNCI,21.79,1713,30,1
2024-01-01,Marche,Subito Lavoro,AZ_IT_SUBITO_RETARGETING,1.86,254,3,0
2024-01-01,Marche,Subito Lavoro,AZ_IT_SUBITO_SLOT_PREMIUM,6.63,606,9,1
2024-01-01,Marche,Subito Lavoro,AZ_IT_SUBITO_SPONSORED_ANNUNCI,3.94,302,4,0
2024-01-01,Molise,Subito Lavoro,AZ_IT_SUBITO_RETARGETING,0.36,50,1,0
2024-01-01,Molise,Subito Lavoro,AZ_IT_SUBITO_SLOT_PREMIUM,0.98,90,1,0
2024-01-01,Molise,Subito Lavoro,AZ_IT_SUBITO_SPONSORED_ANNUNCI,0.50,39,1,0
2024-01-01,Piemonte,Subito Lavoro,AZ_IT_SUBITO_RETARGETING,4.93,743,9,0
2024-01-01,Piemonte,Subito Lavoro,AZ_IT_SUBITO_SLOT_PREMIUM,19.02,1682,23,1
2024-01-01,Piemonte,Subito Lavoro,AZ_IT_SUBITO_SPONSORED_ANNUNCI,12.19,966,19,1
2024-01-01,Puglia,Subito Lavoro,AZ_IT_SUBITO_RETARGETING,4.09,603,8,0
2024-01-01,Puglia,Subito Lavoro,AZ_IT_SUBITO_SLOT_PREMIUM,15.82,1436,20,1
2024-01-01,Puglia,Subito Lavoro,AZ_IT_SUBITO_SPONSORED_ANNUNCI,9.84,748,15,0
2024-01-01,Sardegna,Subito Lavoro,AZ_IT_SUBITO_RETARGETING,2.44,350,4,0
2024-01-01,Sardegna,Subito Lavoro,AZ_IT_SUBITO_SLOT_PREMIUM,5.88,553,7,0
2024-01-01,Sardegna,Subito Lavoro,AZ_IT_SUBITO_SPONSORED_ANNUNCI,4.80,350,6,0
2024-01-01,Sicilia,Subito Lavoro,AZ_IT_SUBITO_RETARGETING,4.75,703,8,0
2024-01-01,Sicilia,Subito Lavoro,AZ_IT_SUBITO_SLOT_PREMIUM,35.11,3371,46,2
2024-01-01,Sicilia,Subito Lavoro,AZ_IT_SUBITO_SPONSORED_ANNUNCI,15.43,1171,19,1
2024-01-01,Toscana,Subito Lavoro,AZ_IT_SUBITO_RETARGETING,6.85,969,12,1
2024-01-01,Toscana,Subito Lavoro,AZ_IT_SUBITO_SLOT_PREMIUM,11.69,1057,16,1
2024-01-01,Toscana,Subito Lavoro,AZ_IT_SUBITO_SPONSORED_ANNUNCI,10.93,809,13,1
2024-01-01,Trentino-Alto Adige,Subito Lavoro,AZ_IT_SUBITO_RETARGETING,1.35,196,2,0
2024-01-01,Trentino-Alto Adige,Subito Lavoro,AZ_IT_SUBITO_SLOT_PREMIUM,6.50,588,7,0
2024-01-01,Trentino-Alto Adige,Subito Lavoro,AZ_IT_SUBITO_SPONSORED_ANNUNCI,2.77,219,4,0
2024-01-01,Umbria,Subito Lavoro,AZ_IT_SUBITO_RETARGETING,0.99,144,2,0
2024-01-01,Umbria,Subito Lavoro,AZ_IT_SUBITO_SLOT_PREMIUM,3.39,324,4,0
2024-01-01,Umbria,Subito Lavoro,AZ_IT_SUBITO_SPONSORED_ANNUNCI,1.05,80,1,0
2024-01-01,Valle d'Aosta,Subito Lavoro,AZ_IT_SUBITO_RETARGETING,0.16,24,0,0
2024-01-01,Valle d'Aosta,Subito Lavoro,AZ_IT_SUBITO_SLOT_PREMIUM,0.34,31,0,0
2024-01-01,Valle d'Aosta,Subito Lavoro,AZ_IT_SUBITO_SPONSORED_ANNUNCI,0.28,22,0,0
2024-01-01,Veneto,Subito Lavoro,AZ_IT_SUBITO_RETARGETING,4.60,672,8,0
2024-01-01,Veneto,Subito Lavoro,AZ_IT_SUBITO_SLOT_PREMIUM,18.85,1679,23,1
2024-01-01,Veneto,Subito Lavoro,AZ_IT_SUBITO_SPONSORED_ANNUNCI,9.22,721,12,1
2024-01-08,Abruzzo,Subito Lavoro,AZ_IT_SUBITO_RETARGETING,1.98,272,3,0
2024-01-08,Abruzzo,Subito Lavoro,AZ_IT_SUBITO_SLOT_PREMIUM,7.78,736,11,1
2024-01-08,Abruzzo,Subito Lavoro,AZ_IT_SUBITO_SPONSORED_ANNUNCI,5.59,444,7,1
2024-01-08,Basilicata,Subito Lavoro,AZ_IT_SUBITO_RETARGETING,0.75,112,1,0
2024-01-08,Basilicata,Subito Lavoro,AZ_IT_SUBITO_SLOT_PREMIUM,2.43,222,3,0
2024-01-08,Basilicata,Subito Lavoro,AZ_IT_SUBITO_SPONSORED_ANNUNCI,3.79,300,5,0
2024-01-08,Calabria,Subito Lavoro,AZ_IT_SUBITO_RETARGETING,3.31,470,6,0
2024-01-08,Calabria,Subito Lavoro,AZ_IT_SUBITO_SLOT_PREMIUM,8.87,820,11,1
2024-01-08,Calabria,Subito Lavoro,AZ_IT_SUBITO_SPONSORED_ANNUNCI,11.67,868,15,1
2024-01-08,Campania,Subito Lavoro,AZ_IT_SUBITO_RETARGETING,9.91,1389,17,1
2024-01-08,Campania,Subito Lavoro,AZ_IT_SUBITO_SLOT_PREMIUM,38.96,3533,49,3
2024-01-08,Campania,Subito Lavoro,AZ_IT_SUBITO_SPONSORED_ANNUNCI,24.60,1843,34,2
2024-01-08,Emilia-Romagna,Subito Lavoro,AZ_IT_SUBITO_RETARGETING,7.62,1002,11,1
2024-01-08,Emilia-Romagna,Subito Lavoro,AZ_IT_SUBITO_SLOT_PREMIUM,24.82,2300,34,2
2024-01-08,Emilia-Romagna,Subito Lavoro,AZ_IT_SUBITO_SPONSORED_ANNUNCI,17.47,1341,24,2
2024-01-08,Friuli-Venezia Giulia,Subito Lavoro,AZ_IT_SUBITO_RETARGETING,2.40,325,4,0
2024-01-08,Friuli-Venezia Giulia,Subito Lavoro,AZ_IT_SUBITO_SLOT_PREMIUM,6.58,579,8,1
2024-01-08,Friuli-Venezia Giulia,Subito Lavoro,AZ_IT_SUBITO_SPONSORED_ANNUNCI,4.25,342,6,1
2024-01-08,Lazio,Subito Lavoro,AZ_IT_SUBITO_RETARGETING,15.32,2211,25,1
2024-01-08,Lazio,Subito Lavoro,AZ_IT_SUBITO_SLOT_PREMIUM,38.54,3484,46,3
2024-01-08,Lazio,Subito Lavoro,AZ_IT_SUBITO_SPONSORED_ANNUNCI,29.59,2177,40,3
2024-01-08,Liguria,Subito Lavoro,AZ_IT_SUBITO_RETARGETING,2.80,392,5,0
2024-01-08,Liguria,Subito Lavoro,AZ_IT_SUBITO_SLOT_PREMIUM,11.04,1008,15,1
2024-01-08,Liguria,Subito Lavoro,AZ_IT_SUBITO_SPONSORED_ANNUNCI,6.81,523,9,1
2024-01-08,Lombardia,Subito Lavoro,AZ_IT_SUBITO_RETARGETING,31.57,4368,55,3
2024-01-08,Lombardia,Subito Lavoro,AZ_IT_SUBITO_SLOT_PREMIUM,53.60,4808,67,4
2024-01-08,Lombardia,Subito Lavoro,AZ_IT_SUBITO_SPONSORED_ANNUNCI,44.47,3488,54,4
2024-01-08,Marche,Subito Lavoro,AZ_IT_SUBITO_RETARGETING,4.05,584,6,1
2024-01-08,Marche,Subito Lavoro,AZ_IT_SUBITO_SLOT_PREMIUM,11.89,1108,15,1
2024-01-08,Marche,Subito Lavoro,AZ_IT_SUBITO_SPONSORED_ANNUNCI,7.67,584,9,1
2024-01-08,Molise,Subito Lavoro,AZ_IT_SUBITO_RETARGETING,0.59,84,1,0
2024-01-08,Molise,Subito Lavoro,AZ_IT_SUBITO_SLOT_PREMIUM,2.53,243,3,0
2024-01-08,Molise,Subito Lavoro,AZ_IT_SUBITO_SPONSORED_ANNUNCI,0.99,80,1,0
2024-01-08,Piemonte,Subito Lavoro,AZ_IT_SUBITO_RETARGETING,5.48,775,9,0
2024-01-08,Piemonte,Subito Lavoro,AZ_IT_SUBITO_SLOT_PREMIUM,40.66,3780,56,2
2024-01-08,Piemonte,Subito Lavoro,AZ_IT_SUBITO_SPONSORED_ANNUNCI,18.89,1421,24,1
2024-01-08,Puglia,Subito Lavoro,AZ_IT_SUBITO_RETARGETING,13.01,1745,26,1
2024-01-08,Puglia,Subito Lavoro,AZ_IT_SUBITO_SLOT_PREMIUM,22.37,2031,28,1
2024-01-08,Puglia,Subito Lavoro,AZ_IT_SUBITO_SPONSORED_ANNUNCI,14.44,1097,17,1
2024-01-08,Sardegna,Subito Lavoro,AZ_IT_SUBITO_RETARGETING,2.69,378,5,0
2024-01-08,Sardegna,Subito Lavoro,AZ_IT_SUBITO_SLOT_PREMIUM,8.60,773,11,1
2024-01-08,Sardegna,Subito Lavoro,AZ_IT_SUBITO_SPONSORED_ANNUNCI,6.16,482,9,0
2024-01-08,Sicilia,Subito Lavoro,AZ_IT_SUBITO_RETARGETING,7.97,1094,13,1
2024-01-08,Sicilia,Subito Lavoro,AZ_IT_SUBITO_SLOT_PREMIUM,32.62,2803,41,2
2024-01-08,Sicilia,Subito Lavoro,AZ_IT_SUBITO_SPONSORED_ANNUNCI,16.11,1225,23,1
2024-01-08,Toscana,Subito Lavoro,AZ_IT_SUBITO_RETARGETING,5.86,847,11,1
2024-01-08,Toscana,Subito Lavoro,AZ_IT_SUBITO_SLOT_PREMIUM,26.04,2311,30,3
2024-01-08,Toscana,Subito Lavoro,AZ_IT_SUBITO_SPONSORED_ANNUNCI,20.41,1593,25,2
2024-01-08,Trentino-Alto Adige,Subito Lavoro,AZ_IT_SUBITO_RETARGETING,1.57,219,2,0
2024-01-08,Trentino-Alto Adige,Subito Lavoro,AZ_IT_SUBITO_SLOT_PREMIUM,6.30,567,8,1
2024-01-08,Trentino-Alto Adige,Subito Lavoro,AZ_IT_SUBITO_SPONSORED_ANNUNCI,6.20,496,8,1
2024-01-08,Umbria,Subito Lavoro,AZ_IT_SUBITO_RETARGETING,1.82,254,3,0
2024-01-08,Umbria,Subito Lavoro,AZ_IT_SUBITO_SLOT_PREMIUM,3.02,281,4,0
2024-01-08,Umbria,Subito Lavoro,AZ_IT_SUBITO_SPONSORED_ANNUNCI,3.65,277,4,0
2024-01-08,Valle d'Aosta,Subito Lavoro,AZ_IT_SUBITO_RETARGETING,0.25,37,0,0
2024-01-08,Valle d'Aosta,Subito Lavoro,AZ_IT_SUBITO_SLOT_PREMIUM,0.74,66,1,0
2024-01-08,Valle d'Aosta,Subito Lavoro,AZ_IT_SUBITO_SPONSORED_ANNUNCI,0.56,40,1,0
2024-01-08,Veneto,Subito Lavoro,AZ_IT_SUBITO_RETARGETING,9.63,1343,17,1
2024-01-08,Veneto,Subito Lavoro,AZ_IT_SUBITO_SLOT_PREMIUM,18.17,1682,23,1
2024-01-08,Veneto,Subito Lavoro,AZ_IT_SUBITO_SPONSORED_ANNUNCI,23.20,1856,34,2
2024-01-15,Abruzzo,Subito Lavoro,AZ_IT_SUBITO_RETARGETING,4.34,629,7,0
2024-01-15,Abruzzo,Subito Lavoro,AZ_IT_SUBITO_SLOT_PREMIUM,11.99,1132,15,1
2024-01-15,Abruzzo,Subito Lavoro,AZ_IT_SUBITO_SPONSORED_ANNUNCI,9.89,790,13,1
2024-01-15,Basilicata,Subito Lavoro,AZ_IT_SUBITO_RETARGETING,3.78,509,6,0
2024-01-15,Basilicata,Subito Lavoro,AZ_IT_SUBITO_SLOT_PREMIUM,4.85,434,6,0
2024-01-15,Basilicata,Subito Lavoro,AZ_IT_SUBITO_SPONSORED_ANNUNCI,4.14,300,5,0
2024-01-15,Calabria,Subito Lavoro,AZ_IT_SUBITO_RETARGETING,5.29,759,9,1
2024-01-15,Calabria,Subito Lavoro,AZ_IT_SUBITO_SLOT_PREMIUM,21.85,2006,29,2
2024-01-15,Calabria,Subito Lavoro,AZ_IT_SUBITO_SPONSORED_ANNUNCI,9.10,698,9,1
2024-01-15,Campania,Subito Lavoro,AZ_IT_SUBITO_RETARGETING,22.26,3231,36,2
2024-01-15,Campania,Subito Lavoro,AZ_IT_SUBITO_SLOT_PREMIUM,70.46,6652,85,5
2024-01-15,Campania,Subito Lavoro,AZ_IT_SUBITO_SPONSORED_ANNUNCI,46.75,3598,69,3
2024-01-15,Emilia-Romagna,Subito Lavoro,AZ_IT_SUBITO_RETARGETING,22.11,3077,40,2
2024-01-15,Emilia-Romagna,Subito Lavoro,AZ_IT_SUBITO_SLOT_PREMIUM,54.40,4954,69,4
2024-01-15,Emilia-Romagna,Subito Lavoro,AZ_IT_SUBITO_SPONSORED_ANNUNCI,22.86,1736,30,2
2024-01-15,Friuli-Venezia Giulia,Subito Lavoro,AZ_IT_SUBITO_RETARGETING,4.32,614,7,1
2024-01-15,Friuli-Venezia Giulia,Subito Lavoro,AZ_IT_SUBITO_SLOT_PREMIUM,16.68,1517,22,2
2024-01-15,Friuli-Venezia Giulia,Subito Lavoro,AZ_IT_SUBITO_SPONSORED_ANNUNCI,8.57,666,12,1
2024-01-15,Lazio,Subito Lavoro,AZ_IT_SUBITO_RETARGETING,18.22,2599,32,2
2024-01-15,Lazio,Subito Lavoro,AZ_IT_SUBITO_SLOT_PREMIUM,59.47,5344,77,5
2024-01-15,Lazio,Subito Lavoro,AZ_IT_SUBITO_SPONSORED_ANNUNCI,25.86,1991,35,3
2024-01-15,Liguria,Subito Lavoro,AZ_IT_SUBITO_RETARGETING,6.41,929,12,1
2024-01-15,Liguria,Subito Lavoro,AZ_IT_SUBITO_SLOT_PREMIUM,11.17,998,13,1
2024-01-15,Liguria,Subito Lavoro,AZ_IT_SUBITO_SPONSORED_ANNUNCI,8.97,687,12,1
2024-01-15,Lombardia,Subito Lavoro,AZ_IT_SUBITO_RETARGETING,48.60,7071,90,4
2024-01-15,Lombardia,Subito Lavoro,AZ_IT_SUBITO_SLOT_PREMIUM,128.58,11263,151,10
2024-01-15,Lombardia,Subito Lavoro,AZ_IT_SUBITO_SPONSORED_ANNUNCI,72.74,5637,90,7
2024-01-15,Marche,Subito Lavoro,AZ_IT_SUBITO_RETARGETING,8.10,1173,13,1
2024-01-15,Marche,Subito Lavoro,AZ_IT_SUBITO_SLOT_PREMIUM,15.55,1388,19,2
2024-01-15,Marche,Subito Lavoro,AZ_IT_SUBITO_SPONSORED_ANNUNCI,9.36,760,12,1
2024-01-15,Molise,Subito Lavoro,AZ_IT_SUBITO_RETARGETING,1.21,174,2,0
2024-01-15,Molise,Subito Lavoro,AZ_IT_SUBITO_SLOT_PREMIUM,2.91,264,3,0
2024-01-15,Molise,Subito Lavoro,AZ_IT_SUBITO_SPONSORED_ANNUNCI,2.55,191,3,0
2024-01-15,Piemonte,Subito Lavoro,AZ_IT_SUBITO_RETARGETING,13.64,1904,22,1
2024-01-15,Piemonte,Subito Lavoro,AZ_IT_SUBITO_SLOT_PREMIUM,69.50,6389,79,3
2024-01-15,Piemonte,Subito Lavoro,AZ_IT_SUBITO_SPONSORED_ANNUNCI,49.43,3712,71,3
2024-01-15,Puglia,Subito Lavoro,AZ_IT_SUBITO_RETARGETING,10.68,1460,16,1
2024-01-15,Puglia,Subito Lavoro,AZ_IT_SUBITO_SLOT_PREMIUM,27.57,2596,39,2
2024-01-15,Puglia,Subito Lavoro,AZ_IT_SUBITO_SPONSORED_ANNUNCI,24.96,1968,37,2
2024-01-15,Sardegna,Subito Lavoro,AZ_IT_SUBITO_RETARGETING,5.97,905,11,0
2024-01-15,Sardegna,Subito Lavoro,AZ_IT_SUBITO_SLOT_PREMIUM,27.70,2423,33,2
2024-01-15,Sardegna,Subito Lavoro,AZ_IT_SUBITO_SPONSORED_ANNUNCI,14.70,1156,21,1
2024-01-15,Sicilia,Subito Lavoro,AZ_IT_SUBITO_RETARGETING,13.41,1937,22,1
2024-01-15,Sicilia,Subito Lavoro,AZ_IT_SUBITO_SLOT_PREMIUM,57.09,5011,69,4
2024-01-15,Sicilia,Subito Lavoro,AZ_IT_SUBITO_SPONSORED_ANNUNCI,36.81,2734,45,3
2024-01-15,Toscana,Subito Lavoro,AZ_IT_SUBITO_RETARGETING,14.29,1973,22,2
2024-01-15,Toscana,Subito Lavoro,AZ_IT_SUBITO_SLOT_PREMIUM,51.16,4842,68,5
2024-01-15,Toscana,Subito Lavoro,AZ_IT_SUBITO_SPONSORED_ANNUNCI,34.33,2582,46,4
2024-01-15,Trentino-Alto Adige,Subito Lavoro,AZ_IT_SUBITO_RETARGETING,4.89,735,8,1
2024-01-15,Trentino-Alto Adige,Subito Lavoro,AZ_IT_SUBITO_SLOT_PREMIUM,11.66,1049,16,1
2024-01-15,Trentino-Alto Adige,Subito Lavoro,AZ_IT_SUBITO_SPONSORED_ANNUNCI,5.49,416,7,1
2024-01-15,Umbria,Subito Lavoro,AZ_IT_SUBITO_RETARGETING,3.20,439,6,0
2024-01-15,Umbria,Subito Lavoro,AZ_IT_SUBITO_SLOT_PREMIUM,11.44,1059,16,1
2024-01-15,Umbria,Subito Lavoro,AZ_IT_SUBITO_SPONSORED_ANNUNCI,7.25,548,10,1
2024-01-15,Valle d'Aosta,Subito Lavoro,AZ_IT_SUBITO_RETARGETING,0.55,78,1,0
2024-01-15,Valle d'Aosta,Subito Lavoro,AZ_IT_SUBITO_SLOT_PREMIUM,0.82,77,1,0
2024-01-15,Valle d'Aosta,Subito Lavoro,AZ_IT_SUBITO_SPONSORED_ANNUNCI,0.93,69,1,0
2024-01-15,Veneto,Subito Lavoro,AZ_IT_SUBITO_RETARGETING,12.98,1835,20,1
2024-01-15,Veneto,Subito Lavoro,AZ_IT_SUBITO_SLOT_PREMIUM,65.11,6013,74,4
2024-01-15,Veneto,Subito Lavoro,AZ_IT_SUBITO_SPONSORED_ANNUNCI,37.46,3003,50,3
2024-01-22,Abruzzo,Subito Lavoro,AZ_IT_SUBITO_RETARGETING,7.48,1092,14,1
2024-01-22,Abruzzo,Subito Lavoro,AZ_IT_SUBITO_SLOT_PREMIUM,24.93,2268,36,1
2024-01-22,Abruzzo,Subito Lavoro,AZ_IT_SUBITO_SPONSORED_ANNUNCI,22.12,1663,26,2
2024-01-22,Basilicata,Subito Lavoro,AZ_IT_SUBITO_RETARGETING,3.40,483,6,0
2024-01-22,Basilicata,Subito Lavoro,AZ_IT_SUBITO_SLOT_PREMIUM,9.94,925,13,1
2024-01-22,Basilicata,Subito Lavoro,AZ_IT_SUBITO_SPONSORED_ANNUNCI,3.74,290,5,0
2024-01-22,Calabria,Subito Lavoro,AZ_IT_SUBITO_RETARGETING,9.77,1379,15,1
2024-01-22,Calabria,Subito Lavoro,AZ_IT_SUBITO_SLOT_PREMIUM,51.91,4745,57,4
2024-01-22,Calabria,Subito Lavoro,AZ_IT_SUBITO_SPONSORED_ANNUNCI,19.67,1512,24,2
2024-01-22,Campania,Subito Lavoro,AZ_IT_SUBITO_RETARGETING,35.93,5265,62,3
2024-01-22,Campania,Subito Lavoro,AZ_IT_SUBITO_SLOT_PREMIUM,75.97,6821,101,5
2024-01-22,Campania,Subito Lavoro,AZ_IT_SUBITO_SPONSORED_ANNUNCI,44.82,3454,52,4
2024-01-22,Emilia-Romagna,Subito Lavoro,AZ_IT_SUBITO_RETARGETING,20.82,2886,30,1
2024-01-22,Emilia-Romagna,Subito Lavoro,AZ_IT_SUBITO_SLOT_PREMIUM,96.97,8821,115,7
2024-01-22,Emilia-Romagna,Subito Lavoro,AZ_IT_SUBITO_SPONSORED_ANNUNCI,49.52,3847,63,4
2024-01-22,Friuli-Venezia Giulia,Subito Lavoro,AZ_IT_SUBITO_RETARGETING,5.95,831,10,1
2024-01-22,Friuli-Venezia Giulia,Subito Lavoro,AZ_IT_SUBITO_SLOT_PREMIUM,20.73,1871,25,2
2024-01-22,Friuli-Venezia Giulia,Subito Lavoro,AZ_IT_SUBITO_SPONSORED_ANNUNCI,11.73,885,15,1
2024-01-22,Lazio,Subito Lavoro,AZ_IT_SUBITO_RETARGETING,33.40,4706,49,3
2024-01-22,Lazio,Subito Lavoro,AZ_IT_SUBITO_SLOT_PREMIUM,113.65,10409,137,7
2024-01-22,Lazio,Subito Lavoro,AZ_IT_SUBITO_SPONSORED_ANNUNCI,64.45,4965,82,6
2024-01-22,Liguria,Subito Lavoro,AZ_IT_SUBITO_RETARGETING,7.42,1053,13,1
2024-01-22,Liguria,Subito Lavoro,AZ_IT_SUBITO_SLOT_PREMIUM,17.58,1554,18,1
2024-01-22,Liguria,Subito Lavoro,AZ_IT_SUBITO_SPONSORED_ANNUNCI,15.85,1137,18,1
2024-01-22,Lombardia,Subito Lavoro,AZ_IT_SUBITO_RETARGETING,53.22,7107,95,5
2024-01-22,Lombardia,Subito Lavoro,AZ_IT_SUBITO_SLOT_PREMIUM,187.62,17621,240,12
2024-01-22,Lombardia,Subito Lavoro,AZ_IT_SUBITO_SPONSORED_ANNUNCI,119.40,8825,183,11
2024-01-22,Marche,Subito Lavoro,AZ_IT_SUBITO_RETARGETING,10.63,1530,20,1
2024-01-22,Marche,Subito Lavoro,AZ_IT_SUBITO_SLOT_PREMIUM,31.07,2821,42,3
2024-01-22,Marche,Subito Lavoro,AZ_IT_SUBITO_SPONSORED_ANNUNCI,10.85,839,14,1
2024-01-22,Molise,Subito Lavoro,AZ_IT_SUBITO_RETARGETING,1.61,227,3,0
2024-01-22,Molise,Subito Lavoro,AZ_IT_SUBITO_SLOT_PREMIUM,5.00,442,6,0
2024-01-22,Molise,Subito Lavoro,AZ_IT_SUBITO_SPONSORED_ANNUNCI,2.66,202,4,0
2024-01-22,Piemonte,Subito Lavoro,AZ_IT_SUBITO_RETARGETING,18.07,2749,34,1
2024-01-22,Piemonte,Subito Lavoro,AZ_IT_SUBITO_SLOT_PREMIUM,65.10,5808,78,4
2024-01-22,Piemonte,Subito Lavoro,AZ_IT_SUBITO_SPONSORED_ANNUNCI,53.02,3925,57,4
2024-01-22,Puglia,Subito Lavoro,AZ_IT_SUBITO_RETARGETING,13.23,1793,24,1
2024-01-22,Puglia,Subito Lavoro,AZ_IT_SUBITO_SLOT_PREMIUM,70.57,6258,84,3
2024-01-22,Puglia,Subito Lavoro,AZ_IT_SUBITO_SPONSORED_ANNUNCI,42.10,3197,44,3
2024-01-22,Sardegna,Subito Lavoro,AZ_IT_SUBITO_RETARGETING,8.14,1139,15,1
2024-01-22,Sardegna,Subito Lavoro,AZ_IT_SUBITO_SLOT_PREMIUM,28.25,2491,34,2
2024-01-22,Sardegna,Subito Lavoro,AZ_IT_SUBITO_SPONSORED_ANNUNCI,19.76,1559,29,2
2024-01-22,Sicilia,Subito Lavoro,AZ_IT_SUBITO_RETARGETING,30.15,4095,43,2
2024-01-22,Sicilia,Subito Lavoro,AZ_IT_SUBITO_SLOT_PREMIUM,108.75,10361,133,5
2024-01-22,Sicilia,Subito Lavoro,AZ_IT_SUBITO_SPONSORED_ANNUNCI,68.63,5605,97,5
2024-01-22,Toscana,Subito Lavoro,AZ_IT_SUBITO_RETARGETING,26.27,3776,45,3
2024-01-22,Toscana,Subito Lavoro,AZ_IT_SUBITO_SLOT_PREMIUM,69.52,6558,95,7
2024-01-22,Toscana,Subito Lavoro,AZ_IT_SUBITO_SPONSORED_ANNUNCI,23.81,1749,32,3
2024-01-22,Trentino-Alto Adige,Subito Lavoro,AZ_IT_SUBITO_RETARGETING,8.45,1239,14,1
2024-01-22,Trentino-Alto Adige,Subito Lavoro,AZ_IT_SUBITO_SLOT_PREMIUM,17.48,1539,23,1
2024-01-22,Trentino-Alto Adige,Subito Lavoro,AZ_IT_SUBITO_SPONSORED_ANNUNCI,11.55,856,15,1
2024-01-22,Umbria,Subito Lavoro,AZ_IT_SUBITO_RETARGETING,7.01,1041,14,1
2024-01-22,Umbria,Subito Lavoro,AZ_IT_SUBITO_SLOT_PREMIUM,16.74,1480,22,1
2024-01-22,Umbria,Subito Lavoro,AZ_IT_SUBITO_SPONSORED_ANNUNCI,10.42,847,13,1
2024-01-22,Valle d'Aosta,Subito Lavoro,AZ_IT_SUBITO_RETARGETING,0.69,101,1,0
2024-01-22,Valle d'Aosta,Subito Lavoro,AZ_IT_SUBITO_SLOT_PREMIUM,1.63,144,2,0
2024-01-22,Valle d'Aosta,Subito Lavoro,AZ_IT_SUBITO_SPONSORED_ANNUNCI,1.29,99,2,0
2024-01-22,Veneto,Subito Lavoro,AZ_IT_SUBITO_RETARGETING,32.57,4572,52,2
2024-01-22,Veneto,Subito Lavoro,AZ_IT_SUBITO_SLOT_PREMIUM,65.78,6069,88,4
2024-01-22,Veneto,Subito Lavoro,AZ_IT_SUBITO_SPONSORED_ANNUNCI,66.34,5196,95,5
2024-01-29,Abruzzo,Subito Lavoro,AZ_IT_SUBITO_RETARGETING,5.22,748,10,0
2024-01-29,Abruzzo,Subito Lavoro,AZ_IT_SUBITO_SLOT_PREMIUM,16.37,1497,20,1
2024-01-29,Abruzzo,Subito Lavoro,AZ_IT_SUBITO_SPONSORED_ANNUNCI,15.69,1214,18,1
2024-01-29,Basilicata,Subito Lavoro,AZ_IT_SUBITO_RETARGETING,2.44,339,4,0
2024-01-29,Basilicata,Subito Lavoro,AZ_IT_SUBITO_SLOT_PREMIUM,13.71,1261,18,1
2024-01-29,Basilicata,Subito Lavoro,AZ_IT_SUBITO_SPONSORED_ANNUNCI,4.62,359,6,0
2024-01-29,Calabria,Subito Lavoro,AZ_IT_SUBITO_RETARGETING,6.19,920,13,1
2024-01-29,Calabria,Subito Lavoro,AZ_IT_SUBITO_SLOT_PREMIUM,38.34,3387,48,3
2024-01-29,Calabria,Subito Lavoro,AZ_IT_SUBITO_SPONSORED_ANNUNCI,14.17,1057,19,2
2024-01-29,Campania,Subito Lavoro,AZ_IT_SUBITO_RETARGETING,28.45,4046,46,2
2024-01-29,Campania,Subito Lavoro,AZ_IT_SUBITO_SLOT_PREMIUM,72.07,6325,79,6
2024-01-29,Campania,Subito Lavoro,AZ_IT_SUBITO_SPONSORED_ANNUNCI,54.61,4204,66,5
2024-01-29,Emilia-Romagna,Subito Lavoro,AZ_IT_SUBITO_RETARGETING,24.33,3626,43,2
2024-01-29,Emilia-Romagna,Subito Lavoro,AZ_IT_SUBITO_SLOT_PREMIUM,84.99,7603,102,5
2024-01-29,Emilia-Romagna,Subito Lavoro,AZ_IT_SUBITO_SPONSORED_ANNUNCI,53.71,4098,75,4
2024-01-29,Friuli-Venezia Giulia,Subito Lavoro,AZ_IT_SUBITO_RETARGETING,6.79,967,11,1
2024-01-29,Friuli-Venezia Giulia,Subito Lavoro,AZ_IT_SUBITO_SLOT_PREMIUM,21.03,1956,28,2
2024-01-29,Friuli-Venezia Giulia,Subito Lavoro,AZ_IT_SUBITO_SPONSORED_ANNUNCI,13.96,1100,18,2
2024-01-29,Lazio,Subito Lavoro,AZ_IT_SUBITO_RETARGETING,23.30,3374,39,2
2024-01-29,Lazio,Subito Lavoro,AZ_IT_SUBITO_SLOT_PREMIUM,100.08,9730,139,9
2024-01-29,Lazio,Subito Lavoro,AZ_IT_SUBITO_SPONSORED_ANNUNCI,51.80,4170,60,5
2024-01-29,Liguria,Subito Lavoro,AZ_IT_SUBITO_RETARGETING,10.81,1518,17,1
2024-01-29,Liguria,Subito Lavoro,AZ_IT_SUBITO_SLOT_PREMIUM,38.22,3346,45,2
2024-01-29,Liguria,Subito Lavoro,AZ_IT_SUBITO_SPONSORED_ANNUNCI,14.54,1098,19,1
2024-01-29,Lombardia,Subito Lavoro,AZ_IT_SUBITO_RETARGETING,52.11,7496,93,5
2024-01-29,Lombardia,Subito Lavoro,AZ_IT_SUBITO_SLOT_PREMIUM,170.73,16101,221,13
2024-01-29,Lombardia,Subito Lavoro,AZ_IT_SUBITO_SPONSORED_ANNUNCI,107.37,8346,152,10
2024-01-29,Marche,Subito Lavoro,AZ_IT_SUBITO_RETARGETING,11.27,1647,19,1
2024-01-29,Marche,Subito Lavoro,AZ_IT_SUBITO_SLOT_PREMIUM,28.67,2657,36,3
2024-01-29,Marche,Subito Lavoro,AZ_IT_SUBITO_SPONSORED_ANNUNCI,18.92,1460,27,2
2024-01-29,Molise,Subito Lavoro,AZ_IT_SUBITO_RETARGETING,1.85,263,3,0
2024-01-29,Molise,Subito Lavoro,AZ_IT_SUBITO_SLOT_PREMIUM,6.92,612,9,1
2024-01-29,Molise,Subito Lavoro,AZ_IT_SUBITO_SPONSORED_ANNUNCI,3.60,280,5,0
2024-01-29,Piemonte,Subito Lavoro,AZ_IT_SUBITO_RETARGETING,19.58,2745,32,1
2024-01-29,Piemonte,Subito Lavoro,AZ_IT_SUBITO_SLOT_PREMIUM,87.31,8051,120,4
2024-01-29,Piemonte,Subito Lavoro,AZ_IT_SUBITO_SPONSORED_ANNUNCI,62.97,4897,74,4
2024-01-29,Puglia,Subito Lavoro,AZ_IT_SUBITO_RETARGETING,23.63,3357,40,1
2024-01-29,Puglia,Subito Lavoro,AZ_IT_SUBITO_SLOT_PREMIUM,62.21,5688,89,3
2024-01-29,Puglia,Subito Lavoro,AZ_IT_SUBITO_SPONSORED_ANNUNCI,53.51,4230,72,4
2024-01-29,Sardegna,Subito Lavoro,AZ_IT_SUBITO_RETARGETING,7.17,1009,13,1
2024-01-29,Sardegna,Subito Lavoro,AZ_IT_SUBITO_SLOT_PREMIUM,34.71,3179,46,3
2024-01-29,Sardegna,Subito Lavoro,AZ_IT_SUBITO_SPONSORED_ANNUNCI,14.83,1122,21,1
2024-01-29,Sicilia,Subito Lavoro,AZ_IT_SUBITO_RETARGETING,19.83,2868,29,2
2024-01-29,Sicilia,Subito Lavoro,AZ_IT_SUBITO_SLOT_PREMIUM,70.38,6542,78,5
2024-01-29,Sicilia,Subito Lavoro,AZ_IT_SUBITO_SPONSORED_ANNUNCI,60.95,4449,79,5
2024-01-29,Toscana,Subito Lavoro,AZ_IT_SUBITO_RETARGETING,12.18,1839,23,1
2024-01-29,Toscana,Subito Lavoro,AZ_IT_SUBITO_SLOT_PREMIUM,68.17,6534,85,8
2024-01-29,Toscana,Subito Lavoro,AZ_IT_SUBITO_SPONSORED_ANNUNCI,36.36,2738,45,5
2024-01-29,Trentino-Alto Adige,Subito Lavoro,AZ_IT_SUBITO_RETARGETING,5.58,753,9,1
2024-01-29,Trentino-Alto Adige,Subito Lavoro,AZ_IT_SUBITO_SLOT_PREMIUM,20.68,1920,27,2
2024-01-29,Trentino-Alto Adige,Subito Lavoro,AZ_IT_SUBITO_SPONSORED_ANNUNCI,11.07,839,16,1
2024-01-29,Umbria,Subito Lavoro,AZ_IT_SUBITO_RETARGETING,4.79,657,8,1
2024-01-29,Umbria,Subito Lavoro,AZ_IT_SUBITO_SLOT_PREMIUM,15.74,1437,22,2
2024-01-29,Umbria,Subito Lavoro,AZ_IT_SUBITO_SPONSORED_ANNUNCI,6.14,489,9,1
2024-01-29,Valle d'Aosta,Subito Lavoro,AZ_IT_SUBITO_RETARGETING,0.65,94,1,0
2024-01-29,Valle d'Aosta,Subito Lavoro,AZ_IT_SUBITO_SLOT_PREMIUM,2.03,182,3,0
2024-01-29,Valle d'Aosta,Subito Lavoro,AZ_IT_SUBITO_SPONSORED_ANNUNCI,1.51,119,2,0
2024-01-29,Veneto,Subito Lavoro,AZ_IT_SUBITO_RETARGETING,18.12,2629,32,2
2024-01-29,Veneto,Subito Lavoro,AZ_IT_SUBITO_SLOT_PREMIUM,89.46,8116,124,7
2024-01-29,Veneto,Subito Lavoro,AZ_IT_SUBITO_SPONSORED_ANNUNCI,48.61,3928,61,4
2024-02-05,Abruzzo,Subito Lavoro,AZ_IT_SUBITO_RETARGETING,13.64,1868,24,1
2024-02-05,Abruzzo,Subito Lavoro,AZ_IT_SUBITO_SLOT_PREMIUM,61.60,5648,76,3
2024-02-05,Abruzzo,Subito Lavoro,AZ_IT_SUBITO_SPONSORED_ANNUNCI,20.95,1610,27,1
2024-02-05,Basilicata,Subito Lavoro,AZ_IT_SUBITO_RETARGETING,4.12,607,7,0
2024-02-05,Basilicata,Subito Lavoro,AZ_IT_SUBITO_SLOT_PREMIUM,19.31,1741,24,1
2024-02-05,Basilicata,Subito Lavoro,AZ_IT_SUBITO_SPONSORED_ANNUNCI,6.35,502,8,0
2024-02-05,Calabria,Subito Lavoro,AZ_IT_SUBITO_RETARGETING,19.59,2876,38,2
2024-02-05,Calabria,Subito Lavoro,AZ_IT_SUBITO_SLOT_PREMIUM,58.20,5421,81,4
2024-02-05,Calabria,Subito Lavoro,AZ_IT_SUBITO_SPONSORED_ANNUNCI,37.74,2906,49,3
2024-02-05,Campania,Subito Lavoro,AZ_IT_SUBITO_RETARGETING,57.80,8624,116,3
2024-02-05,Campania,Subito Lavoro,AZ_IT_SUBITO_SLOT_PREMIUM,157.33,15062,177,7
2024-02-05,Campania,Subito Lavoro,AZ_IT_SUBITO_SPONSORED_ANNUNCI,95.76,7167,119,6
2024-02-05,Emilia-Romagna,Subito Lavoro,AZ_IT_SUBITO_RETARGETING,57.92,8368,101,3
2024-02-05,Emilia-Romagna,Subito Lavoro,AZ_IT_SUBITO_SLOT_PREMIUM,151.59,13168,176,8
2024-02-05,Emilia-Romagna,Subito Lavoro,AZ_IT_SUBITO_SPONSORED_ANNUNCI,98.05,7321,136,6
2024-02-05,Friuli-Venezia Giulia,Subito Lavoro,AZ_IT_SUBITO_RETARGETING,7.73,1147,16,1
2024-02-05,Friuli-Venezia Giulia,Subito Lavoro,AZ_IT_SUBITO_SLOT_PREMIUM,43.50,3888,60,3
2024-02-05,Friuli-Venezia Giulia,Subito Lavoro,AZ_IT_SUBITO_SPONSORED_ANNUNCI,17.19,1200,19,2
2024-02-05,Lazio,Subito Lavoro,AZ_IT_SUBITO_RETARGETING,55.65,8151,89,3
2024-02-05,Lazio,Subito Lavoro,AZ_IT_SUBITO_SLOT_PREMIUM,144.88,13857,199,8
2024-02-05,Lazio,Subito Lavoro,AZ_IT_SUBITO_SPONSORED_ANNUNCI,96.35,7518,126,7
2024-02-05,Liguria,Subito Lavoro,AZ_IT_SUBITO_RETARGETING,17.93,2679,30,1
2024-02-05,Liguria,Subito Lavoro,AZ_IT_SUBITO_SLOT_PREMIUM,53.81,4909,68,2
2024-02-05,Liguria,Subito Lavoro,AZ_IT_SUBITO_SPONSORED_ANNUNCI,25.27,2033,36,1
2024-02-05,Lombardia,Subito Lavoro,AZ_IT_SUBITO_RETARGETING,85.03,11955,154,6
2024-02-05,Lombardia,Subito Lavoro,AZ_IT_SUBITO_SLOT_PREMIUM,319.03,30042,428,20
2024-02-05,Lombardia,Subito Lavoro,AZ_IT_SUBITO_SPONSORED_ANNUNCI,172.37,13534,210,11
2024-02-05,Marche,Subito Lavoro,AZ_IT_SUBITO_RETARGETING,16.30,2383,32,1
2024-02-05,Marche,Subito Lavoro,AZ_IT_SUBITO_SLOT_PREMIUM,45.01,3970,64,3
2024-02-05,Marche,Subito Lavoro,AZ_IT_SUBITO_SPONSORED_ANNUNCI,35.64,2770,47,3
2024-02-05,Molise,Subito Lavoro,AZ_IT_SUBITO_RETARGETING,3.50,493,5,0
2024-02-05,Molise,Subito Lavoro,AZ_IT_SUBITO_SLOT_PREMIUM,9.54,879,13,0
2024-02-05,Molise,Subito Lavoro,AZ_IT_SUBITO_SPONSORED_ANNUNCI,6.99,555,10,0
2024-02-05,Piemonte,Subito Lavoro,AZ_IT_SUBITO_RETARGETING,55.34,7893,101,3
2024-02-05,Piemonte,Subito Lavoro,AZ_IT_SUBITO_SLOT_PREMIUM,141.77,12790,191,5
2024-02-05,Piemonte,Subito Lavoro,AZ_IT_SUBITO_SPONSORED_ANNUNCI,74.11,5538,91,4
2024-02-05,Puglia,Subito Lavoro,AZ_IT_SUBITO_RETARGETING,30.87,4027,54,2
2024-02-05,Puglia,Subito Lavoro,AZ_IT_SUBITO_SLOT_PREMIUM,129.40,11754,177,5
2024-02-05,Puglia,Subito Lavoro,AZ_IT_SUBITO_SPONSORED_ANNUNCI,76.18,5881,97,3
2024-02-05,Sardegna,Subito Lavoro,AZ_IT_SUBITO_RETARGETING,17.76,2513,29,1
2024-02-05,Sardegna,Subito Lavoro,AZ_IT_SUBITO_SLOT_PREMIUM,62.46,5625,94,3
2024-02-05,Sardegna,Subito Lavoro,AZ_IT_SUBITO_SPONSORED_ANNUNCI,18.49,1411,24,1
2024-02-05,Sicilia,Subito Lavoro,AZ_IT_SUBITO_RETARGETING,52.33,7532,84,3
2024-02-05,Sicilia,Subito Lavoro,AZ_IT_SUBITO_SLOT_PREMIUM,192.29,18340,257,9
2024-02-05,Sicilia,Subito Lavoro,AZ_IT_SUBITO_SPONSORED_ANNUNCI,68.51,5357,85,4
2024-02-05,Toscana,Subito Lavoro,AZ_IT_SUBITO_RETARGETING,37.90,5427,66,3
2024-02-05,Toscana,Subito Lavoro,AZ_IT_SUBITO_SLOT_PREMIUM,180.74,16194,234,11
2024-02-05,Toscana,Subito Lavoro,AZ_IT_SUBITO_SPONSORED_ANNUNCI,55.40,4203,73,4
2024-02-05,Trentino-Alto Adige,Subito Lavoro,AZ_IT_SUBITO_RETARGETING,7.32,1062,12,1
2024-02-05,Trentino-Alto Adige,Subito Lavoro,AZ_IT_SUBITO_SLOT_PREMIUM,44.31,4167,61,3
2024-02-05,Trentino-Alto Adige,Subito Lavoro,AZ_IT_SUBITO_SPONSORED_ANNUNCI,15.80,1281,21,1
2024-02-05,Umbria,Subito Lavoro,AZ_IT_SUBITO_RETARGETING,6.75,987,10,1
2024-02-05,Umbria,Subito Lavoro,AZ_IT_SUBITO_SLOT_PREMIUM,20.30,1849,24,1
2024-02-05,Umbria,Subito Lavoro,AZ_IT_SUBITO_SPONSORED_ANNUNCI,16.35,1312,23,2
2024-02-05,Valle d'Aosta,Subito Lavoro,AZ_IT_SUBITO_RETARGETING,0.61,85,1,0
2024-02-05,Valle d'Aosta,Subito Lavoro,AZ_IT_SUBITO_SLOT_PREMIUM,4.78,458,7,0
2024-02-05,Valle d'Aosta,Subito Lavoro,AZ_IT_SUBITO_SPONSORED_ANNUNCI,2.22,163,3,0
2024-02-05,Veneto,Subito Lavoro,AZ_IT_SUBITO_RETARGETING,48.29,7217,87,3
2024-02-05,Veneto,Subito Lavoro,AZ_IT_SUBITO_SLOT_PREMIUM,152.65,14144,194,7
2024-02-05,Veneto,Subito Lavoro,AZ_IT_SUBITO_SPONSORED_ANNUNCI,121.95,9978,175,7
2024-02-12,Abruzzo,Subito Lavoro,AZ_IT_SUBITO_RETARGETING,4.14,561,6,1
2024-02-12,Abruzzo,Subito Lavoro,AZ_IT_SUBITO_SLOT_PREMIUM,8.75,764,10,1
2024-02-12,Abruzzo,Subito Lavoro,AZ_IT_SUBITO_SPONSORED_ANNUNCI,7.51,581,10,1
2024-02-12,Basilicata,Subito Lavoro,AZ_IT_SUBITO_RETARGETING,1.12,161,2,0
2024-02-12,Basilicata,Subito Lavoro,AZ_IT_SUBITO_SLOT_PREMIUM,4.71,430,6,1
2024-02-12,Basilicata,Subito Lavoro,AZ_IT_SUBITO_SPONSORED_ANNUNCI,2.32,179,4,0
2024-02-12,Calabria,Subito Lavoro,AZ_IT_SUBITO_RETARGETING,3.54,463,6,1
2024-02-12,Calabria,Subito Lavoro,AZ_IT_SUBITO_SLOT_PREMIUM,15.38,1392,18,3
2024-02-12,Calabria,Subito Lavoro,AZ_IT_SUBITO_SPONSORED_ANNUNCI,10.36,811,14,3
2024-02-12,Campania,Subito Lavoro,AZ_IT_SUBITO_RETARGETING,12.69,1890,24,2
2024-02-12,Campania,Subito Lavoro,AZ_IT_SUBITO_SLOT_PREMIUM,38.21,3540,48,5
2024-02-12,Campania,Subito Lavoro,AZ_IT_SUBITO_SPONSORED_ANNUNCI,25.07,1979,31,4
2024-02-12,Emilia-Romagna,Subito Lavoro,AZ_IT_SUBITO_RETARGETING,5.18,724,9,1
2024-02-12,Emilia-Romagna,Subito Lavoro,AZ_IT_SUBITO_SLOT_PREMIUM,46.40,4242,61,6
2024-02-12,Emilia-Romagna,Subito Lavoro,AZ_IT_SUBITO_SPONSORED_ANNUNCI,24.90,1839,33,4
2024-02-12,Friuli-Venezia Giulia,Subito Lavoro,AZ_IT_SUBITO_RETARGETING,3.86,579,6,1
2024-02-12,Friuli-Venezia Giulia,Subito Lavoro,AZ_IT_SUBITO_SLOT_PREMIUM,11.02,957,12,2
2024-02-12,Friuli-Venezia Giulia,Subito Lavoro,AZ_IT_SUBITO_SPONSORED_ANNUNCI,4.12,325,5,1
2024-02-12,Lazio,Subito Lavoro,AZ_IT_SUBITO_RETARGETING,16.16,2177,28,3
2024-02-12,Lazio,Subito Lavoro,AZ_IT_SUBITO_SLOT_PREMIUM,53.02,4773,68,7
2024-02-12,Lazio,Subito Lavoro,AZ_IT_SUBITO_SPONSORED_ANNUNCI,26.02,1980,35,5
2024-02-12,Liguria,Subito Lavoro,AZ_IT_SUBITO_RETARGETING,5.12,772,10,1
2024-02-12,Liguria,Subito Lavoro,AZ_IT_SUBITO_SLOT_PREMIUM,21.06,1889,24,2
2024-02-12,Liguria,Subito Lavoro,AZ_IT_SUBITO_SPONSORED_ANNUNCI,5.51,451,8,1
2024-02-12,Lombardia,Subito Lavoro,AZ_IT_SUBITO_RETARGETING,25.25,3591,43,4
2024-02-12,Lombardia,Subito Lavoro,AZ_IT_SUBITO_SLOT_PREMIUM,56.56,5142,73,8
2024-02-12,Lombardia,Subito Lavoro,AZ_IT_SUBITO_SPONSORED_ANNUNCI,51.66,3713,64,11
2024-02-12,Marche,Subito Lavoro,AZ_IT_SUBITO_RETARGETING,3.49,491,7,1
2024-02-12,Marche,Subito Lavoro,AZ_IT_SUBITO_SLOT_PREMIUM,14.83,1362,19,3
2024-02-12,Marche,Subito Lavoro,AZ_IT_SUBITO_SPONSORED_ANNUNCI,5.46,417,7,1
2024-02-12,Molise,Subito Lavoro,AZ_IT_SUBITO_RETARGETING,0.47,66,1,0
2024-02-12,Molise,Subito Lavoro,AZ_IT_SUBITO_SLOT_PREMIUM,2.15,200,3,0
2024-02-12,Molise,Subito Lavoro,AZ_IT_SUBITO_SPONSORED_ANNUNCI,1.88,142,2,0
2024-02-12,Piemonte,Subito Lavoro,AZ_IT_SUBITO_RETARGETING,8.21,1221,15,1
2024-02-12,Piemonte,Subito Lavoro,AZ_IT_SUBITO_SLOT_PREMIUM,48.72,4505,63,6
2024-02-12,Piemonte,Subito Lavoro,AZ_IT_SUBITO_SPONSORED_ANNUNCI,10.36,802,13,2
2024-02-12,Puglia,Subito Lavoro,AZ_IT_SUBITO_RETARGETING,13.58,1845,22,2
2024-02-12,Puglia,Subito Lavoro,AZ_IT_SUBITO_SLOT_PREMIUM,17.50,1477,22,2
2024-02-12,Puglia,Subito Lavoro,AZ_IT_SUBITO_SPONSORED_ANNUNCI,17.44,1332,22,3
2024-02-12,Sardegna,Subito Lavoro,AZ_IT_SUBITO_RETARGETING,3.94,574,6,1
2024-02-12,Sardegna,Subito Lavoro,AZ_IT_SUBITO_SLOT_PREMIUM,18.61,1719,21,3
2024-02-12,Sardegna,Subito Lavoro,AZ_IT_SUBITO_SPONSORED_ANNUNCI,7.37,559,9,1
2024-02-12,Sicilia,Subito Lavoro,AZ_IT_SUBITO_RETARGETING,17.21,2532,33,2
2024-02-12,Sicilia,Subito Lavoro,AZ_IT_SUBITO_SLOT_PREMIUM,25.28,2393,33,3
2024-02-12,Sicilia,Subito Lavoro,AZ_IT_SUBITO_SPONSORED_ANNUNCI,33.09,2416,45,5
2024-02-12,Toscana,Subito Lavoro,AZ_IT_SUBITO_RETARGETING,8.90,1270,15,2
2024-02-12,Toscana,Subito Lavoro,AZ_IT_SUBITO_SLOT_PREMIUM,28.89,2640,38,5
2024-02-12,Toscana,Subito Lavoro,AZ_IT_SUBITO_SPONSORED_ANNUNCI,19.62,1489,26,4
2024-02-12,Trentino-Alto Adige,Subito Lavoro,AZ_IT_SUBITO_RETARGETING,2.67,377,4,0
2024-02-12,Trentino-Alto Adige,Subito Lavoro,AZ_IT_SUBITO_SLOT_PREMIUM,12.54,1120,18,2
2024-02-12,Trentino-Alto Adige,Subito Lavoro,AZ_IT_SUBITO_SPONSORED_ANNUNCI,5.21,410,7,1
2024-02-12,Umbria,Subito Lavoro,AZ_IT_SUBITO_RETARGETING,3.05,434,5,1
2024-02-12,Umbria,Subito Lavoro,AZ_IT_SUBITO_SLOT_PREMIUM,5.90,523,7,1
2024-02-12,Umbria,Subito Lavoro,AZ_IT_SUBITO_SPONSORED_ANNUNCI,3.86,301,5,1
2024-02-12,Valle d'Aosta,Subito Lavoro,AZ_IT_SUBITO_RETARGETING,0.31,43,1,0
2024-02-12,Valle d'Aosta,Subito Lavoro,AZ_IT_SUBITO_SLOT_PREMIUM,0.94,87,1,0
2024-02-12,Valle d'Aosta,Subito Lavoro,AZ_IT_SUBITO_SPONSORED_ANNUNCI,0.61,47,1,0
2024-02-12,Veneto,Subito Lavoro,AZ_IT_SUBITO_RETARGETING,12.34,1705,21,2
2024-02-12,Veneto,Subito Lavoro,AZ_IT_SUBITO_SLOT_PREMIUM,35.98,3305,51,6
2024-02-12,Veneto,Subito Lavoro,AZ_IT_SUBITO_SPONSORED_ANNUNCI,17.07,1286,21,3
2024-02-19,Abruzzo,Subito Lavoro,AZ_IT_SUBITO_RETARGETING,3.14,456,5,0
2024-02-19,Abruzzo,Subito Lavoro,AZ_IT_SUBITO_SLOT_PREMIUM,8.78,785,11,1
2024-02-19,Abruzzo,Subito Lavoro,AZ_IT_SUBITO_SPONSORED_ANNUNCI,3.81,287,5,1
2024-02-19,Basilicata,Subito Lavoro,AZ_IT_SUBITO_RETARGETING,1.30,190,2,0
2024-02-19,Basilicata,Subito Lavoro,AZ_IT_SUBITO_SLOT_PREMIUM,2.23,204,3,0
2024-02-19,Basilicata,Subito Lavoro,AZ_IT_SUBITO_SPONSORED_ANNUNCI,2.00,150,3,0
2024-02-19,Calabria,Subito Lavoro,AZ_IT_SUBITO_RETARGETING,2.91,413,5,1
2024-02-19,Calabria,Subito Lavoro,AZ_IT_SUBITO_SLOT_PREMIUM,11.52,1035,15,2
2024-02-19,Calabria,Subito Lavoro,AZ_IT_SUBITO_SPONSORED_ANNUNCI,6.41,486,9,1
2024-02-19,Campania,Subito Lavoro,AZ_IT_SUBITO_RETARGETING,8.41,1191,14,1
2024-02-19,Campania,Subito Lavoro,AZ_IT_SUBITO_SLOT_PREMIUM,29.96,2688,41,3
2024-02-19,Campania,Subito Lavoro,AZ_IT_SUBITO_SPONSORED_ANNUNCI,22.01,1710,28,3
2024-02-19,Emilia-Romagna,Subito Lavoro,AZ_IT_SUBITO_RETARGETING,8.61,1247,14,1
2024-02-19,Emilia-Romagna,Subito Lavoro,AZ_IT_SUBITO_SLOT_PREMIUM,24.57,2236,30,3
2024-02-19,Emilia-Romagna,Subito Lavoro,AZ_IT_SUBITO_SPONSORED_ANNUNCI,27.06,2096,33,3
2024-02-19,Friuli-Venezia Giulia,Subito Lavoro,AZ_IT_SUBITO_RETARGETING,3.13,449,5,1
2024-02-19,Friuli-Venezia Giulia,Subito Lavoro,AZ_IT_SUBITO_SLOT_PREMIUM,7.60,694,9,1
2024-02-19,Friuli-Venezia Giulia,Subito Lavoro,AZ_IT_SUBITO_SPONSORED_ANNUNCI,4.69,353,6,1
2024-02-19,Lazio,Subito Lavoro,AZ_IT_SUBITO_RETARGETING,10.23,1422,17,2
2024-02-19,Lazio,Subito Lavoro,AZ_IT_SUBITO_SLOT_PREMIUM,34.84,3096,38,4
2024-02-19,Lazio,Subito Lavoro,AZ_IT_SUBITO_SPONSORED_ANNUNCI,21.22,1568,27,4
2024-02-19,Liguria,Subito Lavoro,AZ_IT_SUBITO_RETARGETING,1.92,258,3,0
2024-02-19,Liguria,Subito Lavoro,AZ_IT_SUBITO_SLOT_PREMIUM,7.93,714,10,1
2024-02-19,Liguria,Subito Lavoro,AZ_IT_SUBITO_SPONSORED_ANNUNCI,6.01,483,8,1
2024-02-19,Lombardia,Subito Lavoro,AZ_IT_SUBITO_RETARGETING,21.52,3055,36,4
2024-02-19,Lombardia,Subito Lavoro,AZ_IT_SUBITO_SLOT_PREMIUM,41.48,3965,57,6
2024-02-19,Lombardia,Subito Lavoro,AZ_IT_SUBITO_SPONSORED_ANNUNCI,34.58,2623,43,6
2024-02-19,Marche,Subito Lavoro,AZ_IT_SUBITO_RETARGETING,2.22,312,4,0
2024-02-19,Marche,Subito Lavoro,AZ_IT_SUBITO_SLOT_PREMIUM,9.60,849,13,2
2024-02-19,Marche,Subito Lavoro,AZ_IT_SUBITO_SPONSORED_ANNUNCI,7.16,535,10,1
2024-02-19,Molise,Subito Lavoro,AZ_IT_SUBITO_RETARGETING,0.58,80,1,0
2024-02-19,Molise,Subito Lavoro,AZ_IT_SUBITO_SLOT_PREMIUM,1.24,114,2,0
2024-02-19,Molise,Subito Lavoro,AZ_IT_SUBITO_SPONSORED_ANNUNCI,1.24,96,2,0
2024-02-19,Piemonte,Subito Lavoro,AZ_IT_SUBITO_RETARGETING,6.95,1024,13,1
2024-02-19,Piemonte,Subito Lavoro,AZ_IT_SUBITO_SLOT_PREMIUM,17.51,1620,23,2
2024-02-19,Piemonte,Subito Lavoro,AZ_IT_SUBITO_SPONSORED_ANNUNCI,11.65,886,14,2
2024-02-19,Puglia,Subito Lavoro,AZ_IT_SUBITO_RETARGETING,4.73,648,8,1
2024-02-19,Puglia,Subito Lavoro,AZ_IT_SUBITO_SLOT_PREMIUM,12.35,1103,14,1
2024-02-19,Puglia,Subito Lavoro,AZ_IT_SUBITO_SPONSORED_ANNUNCI,16.17,1289,26,2
2024-02-19,Sardegna,Subito Lavoro,AZ_IT_SUBITO_RETARGETING,2.73,380,5,0
2024-02-19,Sardegna,Subito Lavoro,AZ_IT_SUBITO_SLOT_PREMIUM,6.19,554,7,1
2024-02-19,Sardegna,Subito Lavoro,AZ_IT_SUBITO_SPONSORED_ANNUNCI,3.93,295,6,1
2024-02-19,Sicilia,Subito Lavoro,AZ_IT_SUBITO_RETARGETING,7.75,1137,13,1
2024-02-19,Sicilia,Subito Lavoro,AZ_IT_SUBITO_SLOT_PREMIUM,25.26,2248,34,3
2024-02-19,Sicilia,Subito Lavoro,AZ_IT_SUBITO_SPONSORED_ANNUNCI,15.03,1117,18,2
2024-02-19,Toscana,Subito Lavoro,AZ_IT_SUBITO_RETARGETING,3.90,572,7,1
2024-02-19,Toscana,Subito Lavoro,AZ_IT_SUBITO_SLOT_PREMIUM,19.64,1733,25,4
2024-02-19,Toscana,Subito Lavoro,AZ_IT_SUBITO_SPONSORED_ANNUNCI,8.45,649,12,2
2024-02-19,Trentino-Alto Adige,Subito Lavoro,AZ_IT_SUBITO_RETARGETING,1.38,186,2,0
2024-02-19,Trentino-Alto Adige,Subito Lavoro,AZ_IT_SUBITO_SLOT_PREMIUM,5.61,532,8,1
2024-02-19,Trentino-Alto Adige,Subito Lavoro,AZ_IT_SUBITO_SPONSORED_ANNUNCI,3.45,264,4,1
2024-02-19,Umbria,Subito Lavoro,AZ_IT_SUBITO_RETARGETING,1.46,207,3,0
2024-02-19,Umbria,Subito Lavoro,AZ_IT_SUBITO_SLOT_PREMIUM,4.05,364,5,1
2024-02-19,Umbria,Subito Lavoro,AZ_IT_SUBITO_SPONSORED_ANNUNCI,2.25,170,3,1
2024-02-19,Valle d'Aosta,Subito Lavoro,AZ_IT_SUBITO_RETARGETING,0.21,29,0,0
2024-02-19,Valle d'Aosta,Subito Lavoro,AZ_IT_SUBITO_SLOT_PREMIUM,0.76,69,1,0
2024-02-19,Valle d'Aosta,Subito Lavoro,AZ_IT_SUBITO_SPONSORED_ANNUNCI,0.32,25,0,0
2024-02-19,Veneto,Subito Lavoro,AZ_IT_SUBITO_RETARGETING,9.46,1427,18,1
2024-02-19,Veneto,Subito Lavoro,AZ_IT_SUBITO_SLOT_PREMIUM,25.02,2213,29,3
2024-02-19,Veneto,Subito Lavoro,AZ_IT_SUBITO_SPONSORED_ANNUNCI,13.99,1093,20,2
2024-02-26,Abruzzo,Subito Lavoro,AZ_IT_SUBITO_RETARGETING,6.76,1018,13,1
2024-02-26,Abruzzo,Subito Lavoro,AZ_IT_SUBITO_SLOT_PREMIUM,16.83,1548,21,1
2024-02-26,Abruzzo,Subito Lavoro,AZ_IT_SUBITO_SPONSORED_ANNUNCI,18.49,1472,24,1
2024-02-26,Basilicata,Subito Lavoro,AZ_IT_SUBITO_RETARGETING,2.55,356,4,0
2024-02-26,Basilicata,Subito Lavoro,AZ_IT_SUBITO_SLOT_PREMIUM,8.52,761,11,0
2024-02-26,Basilicata,Subito Lavoro,AZ_IT_SUBITO_SPONSORED_ANNUNCI,8.97,664,12,1
2024-02-26,Calabria,Subito Lavoro,AZ_IT_SUBITO_RETARGETING,11.70,1640,19,1
2024-02-26,Calabria,Subito Lavoro,AZ_IT_SUBITO_SLOT_PREMIUM,30.74,2857,42,3
2024-02-26,Calabria,Subito Lavoro,AZ_IT_SUBITO_SPONSORED_ANNUNCI,20.56,1569,25,2
2024-02-26,Campania,Subito Lavoro,AZ_IT_SUBITO_RETARGETING,27.79,3979,43,2
2024-02-26,Campania,Subito Lavoro,AZ_IT_SUBITO_SLOT_PREMIUM,80.10,7083,103,4
2024-02-26,Campania,Subito Lavoro,AZ_IT_SUBITO_SPONSORED_ANNUNCI,62.33,4886,84,5
2024-02-26,Emilia-Romagna,Subito Lavoro,AZ_IT_SUBITO_RETARGETING,30.67,4521,63,2
2024-02-26,Emilia-Romagna,Subito Lavoro,AZ_IT_SUBITO_SLOT_PREMIUM,87.51,8340,111,6
2024-02-26,Emilia-Romagna,Subito Lavoro,AZ_IT_SUBITO_SPONSORED_ANNUNCI,40.30,3189,55,4
2024-02-26,Friuli-Venezia Giulia,Subito Lavoro,AZ_IT_SUBITO_RETARGETING,6.53,950,12,1
2024-02-26,Friuli-Venezia Giulia,Subito Lavoro,AZ_IT_SUBITO_SLOT_PREMIUM,21.31,1903,27,2
2024-02-26,Friuli-Venezia Giulia,Subito Lavoro,AZ_IT_SUBITO_SPONSORED_ANNUNCI,12.40,989,16,1
2024-02-26,Lazio,Subito Lavoro,AZ_IT_SUBITO_RETARGETING,31.52,4355,51,3
2024-02-26,Lazio,Subito Lavoro,AZ_IT_SUBITO_SLOT_PREMIUM,140.59,12904,186,8
2024-02-26,Lazio,Subito Lavoro,AZ_IT_SUBITO_SPONSORED_ANNUNCI,49.95,3686,65,5
2024-02-26,Liguria,Subito Lavoro,AZ_IT_SUBITO_RETARGETING,9.20,1357,16,1
2024-02-26,Liguria,Subito Lavoro,AZ_IT_SUBITO_SLOT_PREMIUM,19.45,1786,23,1
2024-02-26,Liguria,Subito Lavoro,AZ_IT_SUBITO_SPONSORED_ANNUNCI,12.72,972,15,1
2024-02-26,Lombardia,Subito Lavoro,AZ_IT_SUBITO_RETARGETING,46.32,6552,73,4
2024-02-26,Lombardia,Subito Lavoro,AZ_IT_SUBITO_SLOT_PREMIUM,176.92,16506,224,13
2024-02-26,Lombardia,Subito Lavoro,AZ_IT_SUBITO_SPONSORED_ANNUNCI,62.72,4878,76,6
2024-02-26,Marche,Subito Lavoro,AZ_IT_SUBITO_RETARGETING,7.83,1077,14,1
2024-02-26,Marche,Subito Lavoro,AZ_IT_SUBITO_SLOT_PREMIUM,24.88,2164,30,2
2024-02-26,Marche,Subito Lavoro,AZ_IT_SUBITO_SPONSORED_ANNUNCI,16.77,1248,20,2
2024-02-26,Molise,Subito Lavoro,AZ_IT_SUBITO_RETARGETING,1.46,219,3,0
2024-02-26,Molise,Subito Lavoro,AZ_IT_SUBITO_SLOT_PREMIUM,4.21,372,5,0
2024-02-26,Molise,Subito Lavoro,AZ_IT_SUBITO_SPONSORED_ANNUNCI,2.90,223,3,0
2024-02-26,Piemonte,Subito Lavoro,AZ_IT_SUBITO_RETARGETING,27.06,4016,47,2
2024-02-26,Piemonte,Subito Lavoro,AZ_IT_SUBITO_SLOT_PREMIUM,79.31,7130,102,3
2024-02-26,Piemonte,Subito Lavoro,AZ_IT_SUBITO_SPONSORED_ANNUNCI,45.34,3310,51,3
2024-02-26,Puglia,Subito Lavoro,AZ_IT_SUBITO_RETARGETING,16.80,2319,29,1
2024-02-26,Puglia,Subito Lavoro,AZ_IT_SUBITO_SLOT_PREMIUM,42.75,4017,50,2
2024-02-26,Puglia,Subito Lavoro,AZ_IT_SUBITO_SPONSORED_ANNUNCI,64.88,4839,92,4
2024-02-26,Sardegna,Subito Lavoro,AZ_IT_SUBITO_RETARGETING,9.50,1385,17,1
2024-02-26,Sardegna,Subito Lavoro,AZ_IT_SUBITO_SLOT_PREMIUM,20.53,1856,24,2
2024-02-26,Sardegna,Subito Lavoro,AZ_IT_SUBITO_SPONSORED_ANNUNCI,20.93,1527,26,2
2024-02-26,Sicilia,Subito Lavoro,AZ_IT_SUBITO_RETARGETING,17.62,2615,32,1
2024-02-26,Sicilia,Subito Lavoro,AZ_IT_SUBITO_SLOT_PREMIUM,37.33,3565,46,2
2024-02-26,Sicilia,Subito Lavoro,AZ_IT_SUBITO_SPONSORED_ANNUNCI,55.64,4184,70,4
2024-02-26,Toscana,Subito Lavoro,AZ_IT_SUBITO_RETARGETING,15.71,2314,31,1
2024-02-26,Toscana,Subito Lavoro,AZ_IT_SUBITO_SLOT_PREMIUM,85.77,8274,122,7
2024-02-26,Toscana,Subito Lavoro,AZ_IT_SUBITO_SPONSORED_ANNUNCI,36.80,2597,43,4
2024-02-26,Trentino-Alto Adige,Subito Lavoro,AZ_IT_SUBITO_RETARGETING,3.38,475,6,0
2024-02-26,Trentino-Alto Adige,Subito Lavoro,AZ_IT_SUBITO_SLOT_PREMIUM,13.35,1212,16,1
2024-02-26,Trentino-Alto Adige,Subito Lavoro,AZ_IT_SUBITO_SPONSORED_ANNUNCI,6.77,533,9,1
2024-02-26,Umbria,Subito Lavoro,AZ_IT_SUBITO_RETARGETING,8.47,1172,13,1
2024-02-26,Umbria,Subito Lavoro,AZ_IT_SUBITO_SLOT_PREMIUM,12.73,1232,16,1
2024-02-26,Umbria,Subito Lavoro,AZ_IT_SUBITO_SPONSORED_ANNUNCI,8.60,666,9,1
2024-02-26,Valle d'Aosta,Subito Lavoro,AZ_IT_SUBITO_RETARGETING,0.60,85,1,0
2024-02-26,Valle d'Aosta,Subito Lavoro,AZ_IT_SUBITO_SLOT_PREMIUM,2.41,216,3,0
2024-02-26,Valle d'Aosta,Subito Lavoro,AZ_IT_SUBITO_SPONSORED_ANNUNCI,0.86,66,1,0
2024-02-26,Veneto,Subito Lavoro,AZ_IT_SUBITO_RETARGETING,20.85,2924,34,2
2024-02-26,Veneto,Subito Lavoro,AZ_IT_SUBITO_SLOT_PREMIUM,73.49,6729,99,5
2024-02-26,Veneto,Subito Lavoro,AZ_IT_SUBITO_SPONSORED_ANNUNCI,42.15,3138,61,3
2024-03-04,Abruzzo,Subito Lavoro,AZ_IT_SUBITO_RETARGETING,6.42,841,10,1
2024-03-04,Abruzzo,Subito Lavoro,AZ_IT_SUBITO_SLOT_PREMIUM,16.61,1527,21,1
2024-03-04,Abruzzo,Subito Lavoro,AZ_IT_SUBITO_SPONSORED_ANNUNCI,7.14,514,8,1
2024-03-04,Basilicata,Subito Lavoro,AZ_IT_SUBITO_RETARGETING,2.57,371,5,0
2024-03-04,Basilicata,Subito Lavoro,AZ_IT_SUBITO_SLOT_PREMIUM,8.37,793,13,1
2024-03-04,Basilicata,Subito Lavoro,AZ_IT_SUBITO_SPONSORED_ANNUNCI,6.47,502,9,1
2024-03-04,Calabria,Subito Lavoro,AZ_IT_SUBITO_RETARGETING,10.27,1410,16,1
2024-03-04,Calabria,Subito Lavoro,AZ_IT_SUBITO_SLOT_PREMIUM,28.20,2647,30,3
2024-03-04,Calabria,Subito Lavoro,AZ_IT_SUBITO_SPONSORED_ANNUNCI,17.33,1291,22,2
2024-03-04,Campania,Subito Lavoro,AZ_IT_SUBITO_RETARGETING,30.43,4298,46,2
2024-03-04,Campania,Subito Lavoro,AZ_IT_SUBITO_SLOT_PREMIUM,95.09,8633,109,6
2024-03-04,Campania,Subito Lavoro,AZ_IT_SUBITO_SPONSORED_ANNUNCI,56.18,4291,71,5
2024-03-04,Emilia-Romagna,Subito Lavoro,AZ_IT_SUBITO_RETARGETING,25.22,3693,47,2
2024-03-04,Emilia-Romagna,Subito Lavoro,AZ_IT_SUBITO_SLOT_PREMIUM,74.74,6676,96,6
2024-03-04,Emilia-Romagna,Subito Lavoro,AZ_IT_SUBITO_SPONSORED_ANNUNCI,48.26,3792,62,4
2024-03-04,Friuli-Venezia Giulia,Subito Lavoro,AZ_IT_SUBITO_RETARGETING,5.47,803,10,1
2024-03-04,Friuli-Venezia Giulia,Subito Lavoro,AZ_IT_SUBITO_SLOT_PREMIUM,13.78,1268,20,2
2024-03-04,Friuli-Venezia Giulia,Subito Lavoro,AZ_IT_SUBITO_SPONSORED_ANNUNCI,12.25,891,16,2
2024-03-04,Lazio,Subito Lavoro,AZ_IT_SUBITO_RETARGETING,42.44,6193,83,4
2024-03-04,Lazio,Subito Lavoro,AZ_IT_SUBITO_SLOT_PREMIUM,134.30,12443,159,11
2024-03-04,Lazio,Subito Lavoro,AZ_IT_SUBITO_SPONSORED_ANNUNCI,54.60,4210,65,5
2024-03-04,Liguria,Subito Lavoro,AZ_IT_SUBITO_RETARGETING,5.77,847,11,0
2024-03-04,Liguria,Subito Lavoro,AZ_IT_SUBITO_SLOT_PREMIUM,36.08,3404,41,2
2024-03-04,Liguria,Subito Lavoro,AZ_IT_SUBITO_SPONSORED_ANNUNCI,13.40,1030,19,1
2024-03-04,Lombardia,Subito Lavoro,AZ_IT_SUBITO_RETARGETING,65.65,9626,118,6
2024-03-04,Lombardia,Subito Lavoro,AZ_IT_SUBITO_SLOT_PREMIUM,207.59,19801,275,15
2024-03-04,Lombardia,Subito Lavoro,AZ_IT_SUBITO_SPONSORED_ANNUNCI,104.86,8916,147,8
2024-03-04,Marche,Subito Lavoro,AZ_IT_SUBITO_RETARGETING,6.29,926,10,1
2024-03-04,Marche,Subito Lavoro,AZ_IT_SUBITO_SLOT_PREMIUM,26.86,2422,32,3
2024-03-04,Marche,Subito Lavoro,AZ_IT_SUBITO_SPONSORED_ANNUNCI,15.41,1165,17,2
2024-03-04,Molise,Subito Lavoro,AZ_IT_SUBITO_RETARGETING,1.44,204,3,0
2024-03-04,Molise,Subito Lavoro,AZ_IT_SUBITO_SLOT_PREMIUM,4.54,406,6,0
2024-03-04,Molise,Subito Lavoro,AZ_IT_SUBITO_SPONSORED_ANNUNCI,5.49,395,6,0
2024-03-04,Piemonte,Subito Lavoro,AZ_IT_SUBITO_RETARGETING,27.49,3900,40,2
2024-03-04,Piemonte,Subito Lavoro,AZ_IT_SUBITO_SLOT_PREMIUM,64.88,5984,94,4
2024-03-04,Piemonte,Subito Lavoro,AZ_IT_SUBITO_SPONSORED_ANNUNCI,25.52,1923,32,2
2024-03-04,Puglia,Subito Lavoro,AZ_IT_SUBITO_RETARGETING,21.73,2945,35,2
2024-03-04,Puglia,Subito Lavoro,AZ_IT_SUBITO_SLOT_PREMIUM,59.80,5227,70,4
2024-03-04,Puglia,Subito Lavoro,AZ_IT_SUBITO_SPONSORED_ANNUNCI,33.97,2477,45,2
2024-03-04,Sardegna,Subito Lavoro,AZ_IT_SUBITO_RETARGETING,9.92,1407,16,1
2024-03-04,Sardegna,Subito Lavoro,AZ_IT_SUBITO_SLOT_PREMIUM,36.64,3487,48,2
2024-03-04,Sardegna,Subito Lavoro,AZ_IT_SUBITO_SPONSORED_ANNUNCI,12.18,975,18,1
2024-03-04,Sicilia,Subito Lavoro,AZ_IT_SUBITO_RETARGETING,21.17,2877,35,2
2024-03-04,Sicilia,Subito Lavoro,AZ_IT_SUBITO_SLOT_PREMIUM,66.53,5901,81,4
2024-03-04,Sicilia,Subito Lavoro,AZ_IT_SUBITO_SPONSORED_ANNUNCI,43.65,3516,63,4
2024-03-04,Toscana,Subito Lavoro,AZ_IT_SUBITO_RETARGETING,15.51,2151,26,2
2024-03-04,Toscana,Subito Lavoro,AZ_IT_SUBITO_SLOT_PREMIUM,96.08,8765,127,9
2024-03-04,Toscana,Subito Lavoro,AZ_IT_SUBITO_SPONSORED_ANNUNCI,45.76,3491,61,5
2024-03-04,Trentino-Alto Adige,Subito Lavoro,AZ_IT_SUBITO_RETARGETING,4.44,664,8,0
2024-03-04,Trentino-Alto Adige,Subito Lavoro,AZ_IT_SUBITO_SLOT_PREMIUM,22.14,1931,27,2
2024-03-04,Trentino-Alto Adige,Subito Lavoro,AZ_IT_SUBITO_SPONSORED_ANNUNCI,11.24,878,16,1
2024-03-04,Umbria,Subito Lavoro,AZ_IT_SUBITO_RETARGETING,3.84,531,6,0
2024-03-04,Umbria,Subito Lavoro,AZ_IT_SUBITO_SLOT_PREMIUM,16.52,1470,19,2
2024-03-04,Umbria,Subito Lavoro,AZ_IT_SUBITO_SPONSORED_ANNUNCI,9.96,770,13,1
2024-03-04,Valle d'Aosta,Subito Lavoro,AZ_IT_SUBITO_RETARGETING,0.52,75,1,0
2024-03-04,Valle d'Aosta,Subito Lavoro,AZ_IT_SUBITO_SLOT_PREMIUM,1.37,127,2,0
2024-03-04,Valle d'Aosta,Subito Lavoro,AZ_IT_SUBITO_SPONSORED_ANNUNCI,1.04,79,1,0
2024-03-04,Veneto,Subito Lavoro,AZ_IT_SUBITO_RETARGETING,37.18,5024,61,3
2024-03-04,Veneto,Subito Lavoro,AZ_IT_SUBITO_SLOT_PREMIUM,104.34,9213,117,6
2024-03-04,Veneto,Subito Lavoro,AZ_IT_SUBITO_SPONSORED_ANNUNCI,38.78,2867,53,2
2024-03-11,Abruzzo,Subito Lavoro,AZ_IT_SUBITO_RETARGETING,3.10,462,6,0
2024-03-11,Abruzzo,Subito Lavoro,AZ_IT_SUBITO_SLOT_PREMIUM,11.72,1053,14,1
2024-03-11,Abruzzo,Subito Lavoro,AZ_IT_SUBITO_SPONSORED_ANNUNCI,5.09,399,6,1
2024-03-11,Basilicata,Subito Lavoro,AZ_IT_SUBITO_RETARGETING,1.34,200,2,0
2024-03-11,Basilicata,Subito Lavoro,AZ_IT_SUBITO_SLOT_PREMIUM,4.63,442,6,1
2024-03-11,Basilicata,Subito Lavoro,AZ_IT_SUBITO_SPONSORED_ANNUNCI,1.25,96,2,0
2024-03-11,Calabria,Subito Lavoro,AZ_IT_SUBITO_RETARGETING,6.43,876,10,1
2024-03-11,Calabria,Subito Lavoro,AZ_IT_SUBITO_SLOT_PREMIUM,17.89,1649,21,3
2024-03-11,Calabria,Subito Lavoro,AZ_IT_SUBITO_SPONSORED_ANNUNCI,7.60,628,10,2
2024-03-11,Campania,Subito Lavoro,AZ_IT_SUBITO_RETARGETING,11.47,1694,19,2
2024-03-11,Campania,Subito Lavoro,AZ_IT_SUBITO_SLOT_PREMIUM,27.87,2506,38,4
2024-03-11,Campania,Subito Lavoro,AZ_IT_SUBITO_SPONSORED_ANNUNCI,16.92,1298,20,3
2024-03-11,Emilia-Romagna,Subito Lavoro,AZ_IT_SUBITO_RETARGETING,11.19,1563,21,1
2024-03-11,Emilia-Romagna,Subito Lavoro,AZ_IT_SUBITO_SLOT_PREMIUM,34.33,2992,40,4
2024-03-11,Emilia-Romagna,Subito Lavoro,AZ_IT_SUBITO_SPONSORED_ANNUNCI,16.63,1297,24,3
2024-03-11,Friuli-Venezia Giulia,Subito Lavoro,AZ_IT_SUBITO_RETARGETING,3.04,419,5,1
2024-03-11,Friuli-Venezia Giulia,Subito Lavoro,AZ_IT_SUBITO_SLOT_PREMIUM,12.34,1164,15,2
2024-03-11,Friuli-Venezia Giulia,Subito Lavoro,AZ_IT_SUBITO_SPONSORED_ANNUNCI,5.08,393,6,1
2024-03-11,Lazio,Subito Lavoro,AZ_IT_SUBITO_RETARGETING,14.70,2074,26,3
2024-03-11,Lazio,Subito Lavoro,AZ_IT_SUBITO_SLOT_PREMIUM,53.26,5089,79,8
2024-03-11,Lazio,Subito Lavoro,AZ_IT_SUBITO_SPONSORED_ANNUNCI,20.63,1562,24,4
2024-03-11,Liguria,Subito Lavoro,AZ_IT_SUBITO_RETARGETING,5.40,769,9,1
2024-03-11,Liguria,Subito Lavoro,AZ_IT_SUBITO_SLOT_PREMIUM,8.76,744,11,1
2024-03-11,Liguria,Subito Lavoro,AZ_IT_SUBITO_SPONSORED_ANNUNCI,5.47,423,6,1
2024-03-11,Lombardia,Subito Lavoro,AZ_IT_SUBITO_RETARGETING,34.99,5205,64,4
2024-03-11,Lombardia,Subito Lavoro,AZ_IT_SUBITO_SLOT_PREMIUM,77.66,6764,90,9
2024-03-11,Lombardia,Subito Lavoro,AZ_IT_SUBITO_SPONSORED_ANNUNCI,51.95,3973,75,8
2024-03-11,Marche,Subito Lavoro,AZ_IT_SUBITO_RETARGETING,3.16,448,6,1
2024-03-11,Marche,Subito Lavoro,AZ_IT_SUBITO_SLOT_PREMIUM,12.04,1123,16,2
2024-03-11,Marche,Subito Lavoro,AZ_IT_SUBITO_SPONSORED_ANNUNCI,6.22,460,8,1
2024-03-11,Molise,Subito Lavoro,AZ_IT_SUBITO_RETARGETING,1.12,162,2,0
2024-03-11,Molise,Subito Lavoro,AZ_IT_SUBITO_SLOT_PREMIUM,2.67,238,3,0
2024-03-11,Molise,Subito Lavoro,AZ_IT_SUBITO_SPONSORED_ANNUNCI,1.09,86,1,0
2024-03-11,Piemonte,Subito Lavoro,AZ_IT_SUBITO_RETARGETING,12.23,1758,22,1
2024-03-11,Piemonte,Subito Lavoro,AZ_IT_SUBITO_SLOT_PREMIUM,52.22,4884,69,4
2024-03-11,Piemonte,Subito Lavoro,AZ_IT_SUBITO_SPONSORED_ANNUNCI,17.86,1350,24,2
2024-03-11,Puglia,Subito Lavoro,AZ_IT_SUBITO_RETARGETING,11.09,1552,19,1
2024-03-11,Puglia,Subito Lavoro,AZ_IT_SUBITO_SLOT_PREMIUM,36.22,3238,46,3
2024-03-11,Puglia,Subito Lavoro,AZ_IT_SUBITO_SPONSORED_ANNUNCI,14.39,1134,18,2
2024-03-11,Sardegna,Subito Lavoro,AZ_IT_SUBITO_RETARGETING,4.44,615,8,1
2024-03-11,Sardegna,Subito Lavoro,AZ_IT_SUBITO_SLOT_PREMIUM,13.98,1323,19,2
2024-03-11,Sardegna,Subito Lavoro,AZ_IT_SUBITO_SPONSORED_ANNUNCI,5.09,392,7,1
2024-03-11,Sicilia,Subito Lavoro,AZ_IT_SUBITO_RETARGETING,10.94,1605,19,1
2024-03-11,Sicilia,Subito Lavoro,AZ_IT_SUBITO_SLOT_PREMIUM,38.99,3399,53,4
2024-03-11,Sicilia,Subito Lavoro,AZ_IT_SUBITO_SPONSORED_ANNUNCI,17.43,1355,22,2
2024-03-11,Toscana,Subito Lavoro,AZ_IT_SUBITO_RETARGETING,7.68,1176,15,1
2024-03-11,Toscana,Subito Lavoro,AZ_IT_SUBITO_SLOT_PREMIUM,35.01,3157,45,6
2024-03-11,Toscana,Subito Lavoro,AZ_IT_SUBITO_SPONSORED_ANNUNCI,16.54,1278,20,3
2024-03-11,Trentino-Alto Adige,Subito Lavoro,AZ_IT_SUBITO_RETARGETING,3.75,531,6,1
2024-03-11,Trentino-Alto Adige,Subito Lavoro,AZ_IT_SUBITO_SLOT_PREMIUM,7.45,671,10,1
2024-03-11,Trentino-Alto Adige,Subito Lavoro,AZ_IT_SUBITO_SPONSORED_ANNUNCI,4.48,359,6,1
2024-03-11,Umbria,Subito Lavoro,AZ_IT_SUBITO_RETARGETING,3.81,529,6,1
2024-03-11,Umbria,Subito Lavoro,AZ_IT_SUBITO_SLOT_PREMIUM,8.20,761,10,1
2024-03-11,Umbria,Subito Lavoro,AZ_IT_SUBITO_SPONSORED_ANNUNCI,2.70,216,4,1
2024-03-11,Valle d'Aosta,Subito Lavoro,AZ_IT_SUBITO_RETARGETING,0.42,60,1,0
2024-03-11,Valle d'Aosta,Subito Lavoro,AZ_IT_SUBITO_SLOT_PREMIUM,1.23,112,2,0
2024-03-11,Valle d'Aosta,Subito Lavoro,AZ_IT_SUBITO_SPONSORED_ANNUNCI,0.52,40,1,0
2024-03-11,Veneto,Subito Lavoro,AZ_IT_SUBITO_RETARGETING,19.02,2806,36,2
2024-03-11,Veneto,Subito Lavoro,AZ_IT_SUBITO_SLOT_PREMIUM,49.67,4479,56,5
2024-03-11,Veneto,Subito Lavoro,AZ_IT_SUBITO_SPONSORED_ANNUNCI,16.74,1323,24,2
2024-03-18,Abruzzo,Subito Lavoro,AZ_IT_SUBITO_RETARGETING,13.34,1880,26,1
2024-03-18,Abruzzo,Subito Lavoro,AZ_IT_SUBITO_SLOT_PREMIUM,27.33,2457,36,1
2024-03-18,Abruzzo,Subito Lavoro,AZ_IT_SUBITO_SPONSORED_ANNUNCI,17.35,1339,23,1
2024-03-18,Basilicata,Subito Lavoro,AZ_IT_SUBITO_RETARGETING,6.26,868,11,0
2024-03-18,Basilicata,Subito Lavoro,AZ_IT_SUBITO_SLOT_PREMIUM,16.32,1398,20,1
2024-03-18,Basilicata,Subito Lavoro,AZ_IT_SUBITO_SPONSORED_ANNUNCI,6.09,473,8,0
2024-03-18,Calabria,Subito Lavoro,AZ_IT_SUBITO_RETARGETING,15.96,2256,29,1
2024-03-18,Calabria,Subito Lavoro,AZ_IT_SUBITO_SLOT_PREMIUM,70.33,6309,89,5
2024-03-18,Calabria,Subito Lavoro,AZ_IT_SUBITO_SPONSORED_ANNUNCI,25.04,2040,32,2
2024-03-18,Campania,Subito Lavoro,AZ_IT_SUBITO_RETARGETING,62.09,8830,101,4
2024-03-18,Campania,Subito Lavoro,AZ_IT_SUBITO_SLOT_PREMIUM,145.06,12870,192,6
2024-03-18,Campania,Subito Lavoro,AZ_IT_SUBITO_SPONSORED_ANNUNCI,87.76,6710,121,5
2024-03-18,Emilia-Romagna,Subito Lavoro,AZ_IT_SUBITO_RETARGETING,46.02,6550,68,3
2024-03-18,Emilia-Romagna,Subito Lavoro,AZ_IT_SUBITO_SLOT_PREMIUM,82.80,7637,116,4
2024-03-18,Emilia-Romagna,Subito Lavoro,AZ_IT_SUBITO_SPONSORED_ANNUNCI,71.80,5693,98,5
2024-03-18,Friuli-Venezia Giulia,Subito Lavoro,AZ_IT_SUBITO_RETARGETING,10.05,1482,15,1
2024-03-18,Friuli-Venezia Giulia,Subito Lavoro,AZ_IT_SUBITO_SLOT_PREMIUM,28.75,2563,32,2
2024-03-18,Friuli-Venezia Giulia,Subito Lavoro,AZ_IT_SUBITO_SPONSORED_ANNUNCI,17.06,1332,22,2
2024-03-18,Lazio,Subito Lavoro,AZ_IT_SUBITO_RETARGETING,30.33,4432,43,2
2024-03-18,Lazio,Subito Lavoro,AZ_IT_SUBITO_SLOT_PREMIUM,159.44,14802,200,8
2024-03-18,Lazio,Subito Lavoro,AZ_IT_SUBITO_SPONSORED_ANNUNCI,141.04,10828,181,10
2024-03-18,Liguria,Subito Lavoro,AZ_IT_SUBITO_RETARGETING,11.52,1652,20,0
2024-03-18,Liguria,Subito Lavoro,AZ_IT_SUBITO_SLOT_PREMIUM,54.39,4872,69,2
2024-03-18,Liguria,Subito Lavoro,AZ_IT_SUBITO_SPONSORED_ANNUNCI,28.33,2195,40,1
2024-03-18,Lombardia,Subito Lavoro,AZ_IT_SUBITO_RETARGETING,62.77,8482,96,5
2024-03-18,Lombardia,Subito Lavoro,AZ_IT_SUBITO_SLOT_PREMIUM,249.96,22604,291,13
2024-03-18,Lombardia,Subito Lavoro,AZ_IT_SUBITO_SPONSORED_ANNUNCI,151.60,11746,210,12
2024-03-18,Marche,Subito Lavoro,AZ_IT_SUBITO_RETARGETING,13.54,1801,22,1
2024-03-18,Marche,Subito Lavoro,AZ_IT_SUBITO_SLOT_PREMIUM,49.17,4469,65,3
2024-03-18,Marche,Subito Lavoro,AZ_IT_SUBITO_SPONSORED_ANNUNCI,27.33,2119,36,2
2024-03-18,Molise,Subito Lavoro,AZ_IT_SUBITO_RETARGETING,3.08,438,5,0
2024-03-18,Molise,Subito Lavoro,AZ_IT_SUBITO_SLOT_PREMIUM,7.64,681,10,0
2024-03-18,Molise,Subito Lavoro,AZ_IT_SUBITO_SPONSORED_ANNUNCI,6.20,482,10,0
2024-03-18,Piemonte,Subito Lavoro,AZ_IT_SUBITO_RETARGETING,36.02,5135,60,2
2024-03-18,Piemonte,Subito Lavoro,AZ_IT_SUBITO_SLOT_PREMIUM,127.54,11630,158,6
2024-03-18,Piemonte,Subito Lavoro,AZ_IT_SUBITO_SPONSORED_ANNUNCI,44.78,3462,59,3
2024-03-18,Puglia,Subito Lavoro,AZ_IT_SUBITO_RETARGETING,67.02,9795,111,3
2024-03-18,Puglia,Subito Lavoro,AZ_IT_SUBITO_SLOT_PREMIUM,162.92,14134,207,5
2024-03-18,Puglia,Subito Lavoro,AZ_IT_SUBITO_SPONSORED_ANNUNCI,76.04,5910,104,3
2024-03-18,Sardegna,Subito Lavoro,AZ_IT_SUBITO_RETARGETING,9.80,1474,19,1
2024-03-18,Sardegna,Subito Lavoro,AZ_IT_SUBITO_SLOT_PREMIUM,39.61,3650,51,2
2024-03-18,Sardegna,Subito Lavoro,AZ_IT_SUBITO_SPONSORED_ANNUNCI,25.12,1991,36,2
2024-03-18,Sicilia,Subito Lavoro,AZ_IT_SUBITO_RETARGETING,64.31,9110,114,3
2024-03-18,Sicilia,Subito Lavoro,AZ_IT_SUBITO_SLOT_PREMIUM,215.95,19722,256,9
2024-03-18,Sicilia,Subito Lavoro,AZ_IT_SUBITO_SPONSORED_ANNUNCI,84.57,6708,100,4
2024-03-18,Toscana,Subito Lavoro,AZ_IT_SUBITO_RETARGETING,36.96,5183,63,3
2024-03-18,Toscana,Subito Lavoro,AZ_IT_SUBITO_SLOT_PREMIUM,118.60,10942,151,7
2024-03-18,Toscana,Subito Lavoro,AZ_IT_SUBITO_SPONSORED_ANNUNCI,62.76,4920,82,5
2024-03-18,Trentino-Alto Adige,Subito Lavoro,AZ_IT_SUBITO_RETARGETING,10.53,1440,18,1
2024-03-18,Trentino-Alto Adige,Subito Lavoro,AZ_IT_SUBITO_SLOT_PREMIUM,31.31,2946,37,2
2024-03-18,Trentino-Alto Adige,Subito Lavoro,AZ_IT_SUBITO_SPONSORED_ANNUNCI,14.12,1143,19,1
2024-03-18,Umbria,Subito Lavoro,AZ_IT_SUBITO_RETARGETING,4.92,728,9,0
2024-03-18,Umbria,Subito Lavoro,AZ_IT_SUBITO_SLOT_PREMIUM,39.60,3810,53,2
2024-03-18,Umbria,Subito Lavoro,AZ_IT_SUBITO_SPONSORED_ANNUNCI,21.31,1624,23,1
2024-03-18,Valle d'Aosta,Subito Lavoro,AZ_IT_SUBITO_RETARGETING,1.00,141,2,0
2024-03-18,Valle d'Aosta,Subito Lavoro,AZ_IT_SUBITO_SLOT_PREMIUM,2.81,253,4,0
2024-03-18,Valle d'Aosta,Subito Lavoro,AZ_IT_SUBITO_SPONSORED_ANNUNCI,2.32,172,3,0
2024-03-18,Veneto,Subito Lavoro,AZ_IT_SUBITO_RETARGETING,44.41,6308,81,3
2024-03-18,Veneto,Subito Lavoro,AZ_IT_SUBITO_SLOT_PREMIUM,132.62,11783,172,6
2024-03-18,Veneto,Subito Lavoro,AZ_IT_SUBITO_SPONSORED_ANNUNCI,94.26,7272,108,5
2024-03-25,Abruzzo,Subito Lavoro,AZ_IT_SUBITO_RETARGETING,2.10,306,4,0
2024-03-25,Abruzzo,Subito Lavoro,AZ_IT_SUBITO_SLOT_PREMIUM,11.69,1050,14,2
2024-03-25,Abruzzo,Subito Lavoro,AZ_IT_SUBITO_SPONSORED_ANNUNCI,3.38,255,5,1
2024-03-25,Basilicata,Subito Lavoro,AZ_IT_SUBITO_RETARGETING,0.64,87,1,0
2024-03-25,Basilicata,Subito Lavoro,AZ_IT_SUBITO_SLOT_PREMIUM,3.83,364,5,1
2024-03-25,Basilicata,Subito Lavoro,AZ_IT_SUBITO_SPONSORED_ANNUNCI,1.88,150,3,0
2024-03-25,Calabria,Subito Lavoro,AZ_IT_SUBITO_RETARGETING,2.60,361,5,1
2024-03-25,Calabria,Subito Lavoro,AZ_IT_SUBITO_SLOT_PREMIUM,11.59,1023,15,3
2024-03-25,Calabria,Subito Lavoro,AZ_IT_SUBITO_SPONSORED_ANNUNCI,5.46,386,6,1
2024-03-25,Campania,Subito Lavoro,AZ_IT_SUBITO_RETARGETING,9.13,1284,16,1
2024-03-25,Campania,Subito Lavoro,AZ_IT_SUBITO_SLOT_PREMIUM,40.08,3924,52,5
2024-03-25,Campania,Subito Lavoro,AZ_IT_SUBITO_SPONSORED_ANNUNCI,21.93,1661,33,3
2024-03-25,Emilia-Romagna,Subito Lavoro,AZ_IT_SUBITO_RETARGETING,6.88,949,12,1
2024-03-25,Emilia-Romagna,Subito Lavoro,AZ_IT_SUBITO_SLOT_PREMIUM,40.40,3687,48,6
2024-03-25,Emilia-Romagna,Subito Lavoro,AZ_IT_SUBITO_SPONSORED_ANNUNCI,10.22,743,14,2
2024-03-25,Friuli-Venezia Giulia,Subito Lavoro,AZ_IT_SUBITO_RETARGETING,1.91,261,3,1
2024-03-25,Friuli-Venezia Giulia,Subito Lavoro,AZ_IT_SUBITO_SLOT_PREMIUM,6.43,591,9,1
2024-03-25,Friuli-Venezia Giulia,Subito Lavoro,AZ_IT_SUBITO_SPONSORED_ANNUNCI,3.37,261,5,1
2024-03-25,Lazio,Subito Lavoro,AZ_IT_SUBITO_RETARGETING,10.99,1578,20,2
2024-03-25,Lazio,Subito Lavoro,AZ_IT_SUBITO_SLOT_PREMIUM,26.85,2555,34,6
2024-03-25,Lazio,Subito Lavoro,AZ_IT_SUBITO_SPONSORED_ANNUNCI,19.72,1465,26,5
2024-03-25,Liguria,Subito Lavoro,AZ_IT_SUBITO_RETARGETING,2.95,427,5,0
2024-03-25,Liguria,Subito Lavoro,AZ_IT_SUBITO_SLOT_PREMIUM,10.58,951,12,1
2024-03-25,Liguria,Subito Lavoro,AZ_IT_SUBITO_SPONSORED_ANNUNCI,6.19,477,8,1
2024-03-25,Lombardia,Subito Lavoro,AZ_IT_SUBITO_RETARGETING,28.40,4126,54,4
2024-03-25,Lombardia,Subito Lavoro,AZ_IT_SUBITO_SLOT_PREMIUM,69.81,6422,93,9
2024-03-25,Lombardia,Subito Lavoro,AZ_IT_SUBITO_SPONSORED_ANNUNCI,57.01,4589,77,8
2024-03-25,Marche,Subito Lavoro,AZ_IT_SUBITO_RETARGETING,4.78,704,9,1
2024-03-25,Marche,Subito Lavoro,AZ_IT_SUBITO_SLOT_PREMIUM,12.03,1134,15,3
2024-03-25,Marche,Subito Lavoro,AZ_IT_SUBITO_SPONSORED_ANNUNCI,4.80,368,7,1
2024-03-25,Molise,Subito Lavoro,AZ_IT_SUBITO_RETARGETING,0.38,56,1,0
2024-03-25,Molise,Subito Lavoro,AZ_IT_SUBITO_SLOT_PREMIUM,1.66,147,2,0
2024-03-25,Molise,Subito Lavoro,AZ_IT_SUBITO_SPONSORED_ANNUNCI,0.56,44,1,0
2024-03-25,Piemonte,Subito Lavoro,AZ_IT_SUBITO_RETARGETING,6.57,933,12,1
2024-03-25,Piemonte,Subito Lavoro,AZ_IT_SUBITO_SLOT_PREMIUM,42.69,3691,50,4
2024-03-25,Piemonte,Subito Lavoro,AZ_IT_SUBITO_SPONSORED_ANNUNCI,7.93,630,11,1
2024-03-25,Puglia,Subito Lavoro,AZ_IT_SUBITO_RETARGETING,3.81,549,7,1
2024-03-25,Puglia,Subito Lavoro,AZ_IT_SUBITO_SLOT_PREMIUM,17.53,1604,22,4
2024-03-25,Puglia,Subito Lavoro,AZ_IT_SUBITO_SPONSORED_ANNUNCI,7.38,583,11,2
2024-03-25,Sardegna,Subito Lavoro,AZ_IT_SUBITO_RETARGETING,2.38,348,4,0
2024-03-25,Sardegna,Subito Lavoro,AZ_IT_SUBITO_SLOT_PREMIUM,10.71,940,14,1
2024-03-25,Sardegna,Subito Lavoro,AZ_IT_SUBITO_SPONSORED_ANNUNCI,5.25,383,7,1
2024-03-25,Sicilia,Subito Lavoro,AZ_IT_SUBITO_RETARGETING,8.03,1154,14,2
2024-03-25,Sicilia,Subito Lavoro,AZ_IT_SUBITO_SLOT_PREMIUM,25.66,2363,37,4
2024-03-25,Sicilia,Subito Lavoro,AZ_IT_SUBITO_SPONSORED_ANNUNCI,11.53,925,15,3
2024-03-25,Toscana,Subito Lavoro,AZ_IT_SUBITO_RETARGETING,4.43,651,7,1
2024-03-25,Toscana,Subito Lavoro,AZ_IT_SUBITO_SLOT_PREMIUM,31.09,2812,40,7
2024-03-25,Toscana,Subito Lavoro,AZ_IT_SUBITO_SPONSORED_ANNUNCI,10.20,778,15,3
2024-03-25,Trentino-Alto Adige,Subito Lavoro,AZ_IT_SUBITO_RETARGETING,1.87,260,3,0
2024-03-25,Trentino-Alto Adige,Subito Lavoro,AZ_IT_SUBITO_SLOT_PREMIUM,7.72,723,10,1
2024-03-25,Trentino-Alto Adige,Subito Lavoro,AZ_IT_SUBITO_SPONSORED_ANNUNCI,3.75,294,6,1
2024-03-25,Umbria,Subito Lavoro,AZ_IT_SUBITO_RETARGETING,1.43,205,3,1
2024-03-25,Umbria,Subito Lavoro,AZ_IT_SUBITO_SLOT_PREMIUM,3.68,344,5,1
2024-03-25,Umbria,Subito Lavoro,AZ_IT_SUBITO_SPONSORED_ANNUNCI,2.39,185,3,1
2024-03-25,Valle d'Aosta,Subito Lavoro,AZ_IT_SUBITO_RETARGETING,0.12,18,0,0
2024-03-25,Valle d'Aosta,Subito Lavoro,AZ_IT_SUBITO_SLOT_PREMIUM,0.96,83,1,0
2024-03-25,Valle d'Aosta,Subito Lavoro,AZ_IT_SUBITO_SPONSORED_ANNUNCI,0.31,24,0,0
2024-03-25,Veneto,Subito Lavoro,AZ_IT_SUBITO_RETARGETING,5.47,763,9,1
2024-03-25,Veneto,Subito Lavoro,AZ_IT_SUBITO_SLOT_PREMIUM,25.21,2264,33,4
2024-03-25,Veneto,Subito Lavoro,AZ_IT_SUBITO_SPONSORED_ANNUNCI,17.41,1302,24,3
2024-04-01,Abruzzo,Subito Lavoro,AZ_IT_SUBITO_RETARGETING,2.45,341,4,0
2024-04-01,Abruzzo,Subito Lavoro,AZ_IT_SUBITO_SLOT_PREMIUM,6.94,608,8,1
2024-04-01,Abruzzo,Subito Lavoro,AZ_IT_SUBITO_SPONSORED_ANNUNCI,3.06,251,4,1
2024-04-01,Basilicata,Subito Lavoro,AZ_IT_SUBITO_RETARGETING,1.17,166,2,0
2024-04-01,Basilicata,Subito Lavoro,AZ_IT_SUBITO_SLOT_PREMIUM,6.60,608,8,1
2024-04-01,Basilicata,Subito Lavoro,AZ_IT_SUBITO_SPONSORED_ANNUNCI,2.42,180,3,0
2024-04-01,Calabria,Subito Lavoro,AZ_IT_SUBITO_RETARGETING,5.95,866,10,1
2024-04-01,Calabria,Subito Lavoro,AZ_IT_SUBITO_SLOT_PREMIUM,14.66,1286,19,2
2024-04-01,Calabria,Subito Lavoro,AZ_IT_SUBITO_SPONSORED_ANNUNCI,10.09,777,14,2
2024-04-01,Campania,Subito Lavoro,AZ_IT_SUBITO_RETARGETING,14.28,1906,24,1
2024-04-01,Campania,Subito Lavoro,AZ_IT_SUBITO_SLOT_PREMIUM,61.90,5805,83,5
2024-04-01,Campania,Subito Lavoro,AZ_IT_SUBITO_SPONSORED_ANNUNCI,17.79,1446,25,3
2024-04-01,Emilia-Romagna,Subito Lavoro,AZ_IT_SUBITO_RETARGETING,13.21,1804,23,2
2024-04-01,Emilia-Romagna,Subito Lavoro,AZ_IT_SUBITO_SLOT_PREMIUM,32.76,2834,39,3
2024-04-01,Emilia-Romagna,Subito Lavoro,AZ_IT_SUBITO_SPONSORED_ANNUNCI,14.11,1068,18,2
2024-04-01,Friuli-Venezia Giulia,Subito Lavoro,AZ_IT_SUBITO_RETARGETING,3.13,472,5,0
2024-04-01,Friuli-Venezia Giulia,Subito Lavoro,AZ_IT_SUBITO_SLOT_PREMIUM,6.99,633,8,1
2024-04-01,Friuli-Venezia Giulia,Subito Lavoro,AZ_IT_SUBITO_SPONSORED_ANNUNCI,4.06,326,6,1
2024-04-01,Lazio,Subito Lavoro,AZ_IT_SUBITO_RETARGETING,13.47,2018,26,1
2024-04-01,Lazio,Subito Lavoro,AZ_IT_SUBITO_SLOT_PREMIUM,56.52,5019,72,5
2024-04-01,Lazio,Subito Lavoro,AZ_IT_SUBITO_SPONSORED_ANNUNCI,39.47,3090,55,6
2024-04-01,Liguria,Subito Lavoro,AZ_IT_SUBITO_RETARGETING,3.02,441,6,0
2024-04-01,Liguria,Subito Lavoro,AZ_IT_SUBITO_SLOT_PREMIUM,10.33,927,12,1
2024-04-01,Liguria,Subito Lavoro,AZ_IT_SUBITO_SPONSORED_ANNUNCI,5.49,441,6,1
2024-04-01,Lombardia,Subito Lavoro,AZ_IT_SUBITO_RETARGETING,20.01,2935,34,2
2024-04-01,Lombardia,Subito Lavoro,AZ_IT_SUBITO_SLOT_PREMIUM,77.27,6916,91,9
2024-04-01,Lombardia,Subito Lavoro,AZ_IT_SUBITO_SPONSORED_ANNUNCI,38.33,3107,61,6
2024-04-01,Marche,Subito Lavoro,AZ_IT_SUBITO_RETARGETING,2.85,404,5,0
2024-04-01,Marche,Subito Lavoro,AZ_IT_SUBITO_SLOT_PREMIUM,9.98,907,14,1
2024-04-01,Marche,Subito Lavoro,AZ_IT_SUBITO_SPONSORED_ANNUNCI,5.77,444,8,2
2024-04-01,Molise,Subito Lavoro,AZ_IT_SUBITO_RETARGETING,0.73,104,1,0
2024-04-01,Molise,Subito Lavoro,AZ_IT_SUBITO_SLOT_PREMIUM,1.99,175,2,0
2024-04-01,Molise,Subito Lavoro,AZ_IT_SUBITO_SPONSORED_ANNUNCI,1.34,97,2,0
2024-04-01,Piemonte,Subito Lavoro,AZ_IT_SUBITO_RETARGETING,25.34,3594,43,3
2024-04-01,Piemonte,Subito Lavoro,AZ_IT_SUBITO_SLOT_PREMIUM,21.76,1950,26,2
2024-04-01,Piemonte,Subito Lavoro,AZ_IT_SUBITO_SPONSORED_ANNUNCI,13.20,954,18,2
2024-04-01,Puglia,Subito Lavoro,AZ_IT_SUBITO_RETARGETING,9.38,1303,14,1
2024-04-01,Puglia,Subito Lavoro,AZ_IT_SUBITO_SLOT_PREMIUM,35.72,3416,48,3
2024-04-01,Puglia,Subito Lavoro,AZ_IT_SUBITO_SPONSORED_ANNUNCI,11.70,905,14,2
2024-04-01,Sardegna,Subito Lavoro,AZ_IT_SUBITO_RETARGETING,3.03,418,5,0
2024-04-01,Sardegna,Subito Lavoro,AZ_IT_SUBITO_SLOT_PREMIUM,17.14,1561,21,1
2024-04-01,Sardegna,Subito Lavoro,AZ_IT_SUBITO_SPONSORED_ANNUNCI,4.63,349,5,1
2024-04-01,Sicilia,Subito Lavoro,AZ_IT_SUBITO_RETARGETING,14.66,2114,28,1
2024-04-01,Sicilia,Subito Lavoro,AZ_IT_SUBITO_SLOT_PREMIUM,33.60,3201,47,3
2024-04-01,Sicilia,Subito Lavoro,AZ_IT_SUBITO_SPONSORED_ANNUNCI,26.33,2006,37,4
2024-04-01,Toscana,Subito Lavoro,AZ_IT_SUBITO_RETARGETING,14.11,1950,24,2
2024-04-01,Toscana,Subito Lavoro,AZ_IT_SUBITO_SLOT_PREMIUM,25.50,2312,32,3
2024-04-01,Toscana,Subito Lavoro,AZ_IT_SUBITO_SPONSORED_ANNUNCI,19.80,1563,29,3
2024-04-01,Trentino-Alto Adige,Subito Lavoro,AZ_IT_SUBITO_RETARGETING,1.83,257,3,0
2024-04-01,Trentino-Alto Adige,Subito Lavoro,AZ_IT_SUBITO_SLOT_PREMIUM,6.34,568,8,1
2024-04-01,Trentino-Alto Adige,Subito Lavoro,AZ_IT_SUBITO_SPONSORED_ANNUNCI,4.46,326,5,1
2024-04-01,Umbria,Subito Lavoro,AZ_IT_SUBITO_RETARGETING,2.41,346,4,0
2024-04-01,Umbria,Subito Lavoro,AZ_IT_SUBITO_SLOT_PREMIUM,5.51,484,7,1
2024-04-01,Umbria,Subito Lavoro,AZ_IT_SUBITO_SPONSORED_ANNUNCI,3.72,283,5,1
2024-04-01,Valle d'Aosta,Subito Lavoro,AZ_IT_SUBITO_RETARGETING,0.26,35,0,0
2024-04-01,Valle d'Aosta,Subito Lavoro,AZ_IT_SUBITO_SLOT_PREMIUM,0.60,55,1,0
2024-04-01,Valle d'Aosta,Subito Lavoro,AZ_IT_SUBITO_SPONSORED_ANNUNCI,0.41,30,0,0
2024-04-01,Veneto,Subito Lavoro,AZ_IT_SUBITO_RETARGETING,10.88,1623,17,1
2024-04-01,Veneto,Subito Lavoro,AZ_IT_SUBITO_SLOT_PREMIUM,55.01,5233,77,5
2024-04-01,Veneto,Subito Lavoro,AZ_IT_SUBITO_SPONSORED_ANNUNCI,15.10,1098,18,2
2024-04-08,Abruzzo,Subito Lavoro,AZ_IT_SUBITO_RETARGETING,6.18,865,11,0
2024-04-08,Abruzzo,Subito Lavoro,AZ_IT_SUBITO_SLOT_PREMIUM,28.00,2629,39,2
2024-04-08,Abruzzo,Subito Lavoro,AZ_IT_SUBITO_SPONSORED_ANNUNCI,8.70,687,12,1
2024-04-08,Basilicata,Subito Lavoro,AZ_IT_SUBITO_RETARGETING,2.16,310,4,0
2024-04-08,Basilicata,Subito Lavoro,AZ_IT_SUBITO_SLOT_PREMIUM,12.96,1202,16,1
2024-04-08,Basilicata,Subito Lavoro,AZ_IT_SUBITO_SPONSORED_ANNUNCI,4.28,333,5,1
2024-04-08,Calabria,Subito Lavoro,AZ_IT_SUBITO_RETARGETING,6.70,971,12,1
2024-04-08,Calabria,Subito Lavoro,AZ_IT_SUBITO_SLOT_PREMIUM,24.38,2304,32,2
2024-04-08,Calabria,Subito Lavoro,AZ_IT_SUBITO_SPONSORED_ANNUNCI,22.67,1653,27,3
2024-04-08,Campania,Subito Lavoro,AZ_IT_SUBITO_RETARGETING,41.09,6096,74,3
2024-04-08,Campania,Subito Lavoro,AZ_IT_SUBITO_SLOT_PREMIUM,111.62,10377,146,6
2024-04-08,Campania,Subito Lavoro,AZ_IT_SUBITO_SPONSORED_ANNUNCI,58.94,4612,81,5
2024-04-08,Emilia-Romagna,Subito Lavoro,AZ_IT_SUBITO_RETARGETING,24.54,3631,48,2
2024-04-08,Emilia-Romagna,Subito Lavoro,AZ_IT_SUBITO_SLOT_PREMIUM,65.46,6122,96,4
2024-04-08,Emilia-Romagna,Subito Lavoro,AZ_IT_SUBITO_SPONSORED_ANNUNCI,36.56,2577,47,4
2024-04-08,Friuli-Venezia Giulia,Subito Lavoro,AZ_IT_SUBITO_RETARGETING,7.01,1032,12,1
2024-04-08,Friuli-Venezia Giulia,Subito Lavoro,AZ_IT_SUBITO_SLOT_PREMIUM,25.85,2409,30,2
2024-04-08,Friuli-Venezia Giulia,Subito Lavoro,AZ_IT_SUBITO_SPONSORED_ANNUNCI,9.77,735,13,1
2024-04-08,Lazio,Subito Lavoro,AZ_IT_SUBITO_RETARGETING,35.91,4991,60,3
2024-04-08,Lazio,Subito Lavoro,AZ_IT_SUBITO_SLOT_PREMIUM,92.12,8602,119,6
2024-04-08,Lazio,Subito Lavoro,AZ_IT_SUBITO_SPONSORED_ANNUNCI,65.25,5210,87,8
2024-04-08,Liguria,Subito Lavoro,AZ_IT_SUBITO_RETARGETING,6.43,902,8,0
2024-04-08,Liguria,Subito Lavoro,AZ_IT_SUBITO_SLOT_PREMIUM,38.27,3371,48,2
2024-04-08,Liguria,Subito Lavoro,AZ_IT_SUBITO_SPONSORED_ANNUNCI,15.55,1149,18,1
2024-04-08,Lombardia,Subito Lavoro,AZ_IT_SUBITO_RETARGETING,44.13,6080,72,3
2024-04-08,Lombardia,Subito Lavoro,AZ_IT_SUBITO_SLOT_PREMIUM,158.73,14191,181,11
2024-04-08,Lombardia,Subito Lavoro,AZ_IT_SUBITO_SPONSORED_ANNUNCI,58.78,4565,77,6
2024-04-08,Marche,Subito Lavoro,AZ_IT_SUBITO_RETARGETING,5.71,829,9,1
2024-04-08,Marche,Subito Lavoro,AZ_IT_SUBITO_SLOT_PREMIUM,22.65,2172,27,2
2024-04-08,Marche,Subito Lavoro,AZ_IT_SUBITO_SPONSORED_ANNUNCI,12.72,994,16,2
2024-04-08,Molise,Subito Lavoro,AZ_IT_SUBITO_RETARGETING,1.30,181,2,0
2024-04-08,Molise,Subito Lavoro,AZ_IT_SUBITO_SLOT_PREMIUM,5.51,492,7,0
2024-04-08,Molise,Subito Lavoro,AZ_IT_SUBITO_SPONSORED_ANNUNCI,1.68,127,2,0
2024-04-08,Piemonte,Subito Lavoro,AZ_IT_SUBITO_RETARGETING,20.66,2828,34,1
2024-04-08,Piemonte,Subito Lavoro,AZ_IT_SUBITO_SLOT_PREMIUM,90.00,7922,113,5
2024-04-08,Piemonte,Subito Lavoro,AZ_IT_SUBITO_SPONSORED_ANNUNCI,22.50,1706,27,2
2024-04-08,Puglia,Subito Lavoro,AZ_IT_SUBITO_RETARGETING,15.28,2073,27,1
2024-04-08,Puglia,Subito Lavoro,AZ_IT_SUBITO_SLOT_PREMIUM,91.53,8458,125,4
2024-04-08,Puglia,Subito Lavoro,AZ_IT_SUBITO_SPONSORED_ANNUNCI,35.26,2630,46,3
2024-04-08,Sardegna,Subito Lavoro,AZ_IT_SUBITO_RETARGETING,9.40,1395,15,1
2024-04-08,Sardegna,Subito Lavoro,AZ_IT_SUBITO_SLOT_PREMIUM,36.81,3330,51,2
2024-04-08,Sardegna,Subito Lavoro,AZ_IT_SUBITO_SPONSORED_ANNUNCI,11.87,937,16,1
2024-04-08,Sicilia,Subito Lavoro,AZ_IT_SUBITO_RETARGETING,15.03,1984,24,1
2024-04-08,Sicilia,Subito Lavoro,AZ_IT_SUBITO_SLOT_PREMIUM,98.67,9387,135,6
2024-04-08,Sicilia,Subito Lavoro,AZ_IT_SUBITO_SPONSORED_ANNUNCI,28.07,2110,35,3
2024-04-08,Toscana,Subito Lavoro,AZ_IT_SUBITO_RETARGETING,10.29,1568,18,1
2024-04-08,Toscana,Subito Lavoro,AZ_IT_SUBITO_SLOT_PREMIUM,65.64,5719,77,5
2024-04-08,Toscana,Subito Lavoro,AZ_IT_SUBITO_SPONSORED_ANNUNCI,35.13,2646,49,5
2024-04-08,Trentino-Alto Adige,Subito Lavoro,AZ_IT_SUBITO_RETARGETING,4.53,666,7,0
2024-04-08,Trentino-Alto Adige,Subito Lavoro,AZ_IT_SUBITO_SLOT_PREMIUM,11.25,986,14,1
2024-04-08,Trentino-Alto Adige,Subito Lavoro,AZ_IT_SUBITO_SPONSORED_ANNUNCI,5.01,374,7,1
2024-04-08,Umbria,Subito Lavoro,AZ_IT_SUBITO_RETARGETING,4.94,687,9,1
2024-04-08,Umbria,Subito Lavoro,AZ_IT_SUBITO_SLOT_PREMIUM,14.42,1388,19,1
2024-04-08,Umbria,Subito Lavoro,AZ_IT_SUBITO_SPONSORED_ANNUNCI,5.34,443,7,1
2024-04-08,Valle d'Aosta,Subito Lavoro,AZ_IT_SUBITO_RETARGETING,0.57,80,1,0
2024-04-08,Valle d'Aosta,Subito Lavoro,AZ_IT_SUBITO_SLOT_PREMIUM,1.98,176,3,0
2024-04-08,Valle d'Aosta,Subito Lavoro,AZ_IT_SUBITO_SPONSORED_ANNUNCI,1.16,94,2,0
2024-04-08,Veneto,Subito Lavoro,AZ_IT_SUBITO_RETARGETING,17.24,2470,30,1
2024-04-08,Veneto,Subito Lavoro,AZ_IT_SUBITO_SLOT_PREMIUM,71.00,6341,86,4
2024-04-08,Veneto,Subito Lavoro,AZ_IT_SUBITO_SPONSORED_ANNUNCI,59.31,4621,67,6
2024-04-15,Abruzzo,Subito Lavoro,AZ_IT_SUBITO_RETARGETING,4.58,655,8,0
2024-04-15,Abruzzo,Subito Lavoro,AZ_IT_SUBITO_SLOT_PREMIUM,19.72,1776,25,1
2024-04-15,Abruzzo,Subito Lavoro,AZ_IT_SUBITO_SPONSORED_ANNUNCI,13.95,1081,20,2
2024-04-15,Basilicata,Subito Lavoro,AZ_IT_SUBITO_RETARGETING,2.41,340,4,0
2024-04-15,Basilicata,Subito Lavoro,AZ_IT_SUBITO_SLOT_PREMIUM,11.44,970,14,1
2024-04-15,Basilicata,Subito Lavoro,AZ_IT_SUBITO_SPONSORED_ANNUNCI,4.90,393,7,1
2024-04-15,Calabria,Subito Lavoro,AZ_IT_SUBITO_RETARGETING,8.89,1262,14,1
2024-04-15,Calabria,Subito Lavoro,AZ_IT_SUBITO_SLOT_PREMIUM,18.59,1716,23,2
2024-04-15,Calabria,Subito Lavoro,AZ_IT_SUBITO_SPONSORED_ANNUNCI,17.26,1298,22,3
2024-04-15,Campania,Subito Lavoro,AZ_IT_SUBITO_RETARGETING,17.50,2599,30,1
2024-04-15,Campania,Subito Lavoro,AZ_IT_SUBITO_SLOT_PREMIUM,95.96,8371,126,5
2024-04-15,Campania,Subito Lavoro,AZ_IT_SUBITO_SPONSORED_ANNUNCI,64.96,4843,80,6
2024-04-15,Emilia-Romagna,Subito Lavoro,AZ_IT_SUBITO_RETARGETING,12.90,1909,22,1
2024-04-15,Emilia-Romagna,Subito Lavoro,AZ_IT_SUBITO_SLOT_PREMIUM,73.52,6805,87,5
2024-04-15,Emilia-Romagna,Subito Lavoro,AZ_IT_SUBITO_SPONSORED_ANNUNCI,33.61,2676,47,4
2024-04-15,Friuli-Venezia Giulia,Subito Lavoro,AZ_IT_SUBITO_RETARGETING,5.43,800,9,0
2024-04-15,Friuli-Venezia Giulia,Subito Lavoro,AZ_IT_SUBITO_SLOT_PREMIUM,23.10,2003,29,2
2024-04-15,Friuli-Venezia Giulia,Subito Lavoro,AZ_IT_SUBITO_SPONSORED_ANNUNCI,13.30,1082,18,2
2024-04-15,Lazio,Subito Lavoro,AZ_IT_SUBITO_RETARGETING,28.36,4168,51,2
2024-04-15,Lazio,Subito Lavoro,AZ_IT_SUBITO_SLOT_PREMIUM,137.05,12727,168,11
2024-04-15,Lazio,Subito Lavoro,AZ_IT_SUBITO_SPONSORED_ANNUNCI,49.65,3747,67,6
2024-04-15,Liguria,Subito Lavoro,AZ_IT_SUBITO_RETARGETING,6.08,847,10,0
2024-04-15,Liguria,Subito Lavoro,AZ_IT_SUBITO_SLOT_PREMIUM,32.93,2975,45,2
2024-04-15,Liguria,Subito Lavoro,AZ_IT_SUBITO_SPONSORED_ANNUNCI,10.00,777,11,1
2024-04-15,Lombardia,Subito Lavoro,AZ_IT_SUBITO_RETARGETING,28.19,3929,53,2
2024-04-15,Lombardia,Subito Lavoro,AZ_IT_SUBITO_SLOT_PREMIUM,203.55,18412,254,17
2024-04-15,Lombardia,Subito Lavoro,AZ_IT_SUBITO_SPONSORED_ANNUNCI,62.08,4863,80,6
2024-04-15,Marche,Subito Lavoro,AZ_IT_SUBITO_RETARGETING,5.62,800,9,1
2024-04-15,Marche,Subito Lavoro,AZ_IT_SUBITO_SLOT_PREMIUM,17.52,1623,23,2
2024-04-15,Marche,Subito Lavoro,AZ_IT_SUBITO_SPONSORED_ANNUNCI,11.27,872,15,2
2024-04-15,Molise,Subito Lavoro,AZ_IT_SUBITO_RETARGETING,1.04,148,2,0
2024-04-15,Molise,Subito Lavoro,AZ_IT_SUBITO_SLOT_PREMIUM,6.57,613,8,0
2024-04-15,Molise,Subito Lavoro,AZ_IT_SUBITO_SPONSORED_ANNUNCI,2.28,178,3,0
2024-04-15,Piemonte,Subito Lavoro,AZ_IT_SUBITO_RETARGETING,20.55,2879,33,1
2024-04-15,Piemonte,Subito Lavoro,AZ_IT_SUBITO_SLOT_PREMIUM,78.47,7153,103,4
2024-04-15,Piemonte,Subito Lavoro,AZ_IT_SUBITO_SPONSORED_ANNUNCI,43.32,3320,52,3
2024-04-15,Puglia,Subito Lavoro,AZ_IT_SUBITO_RETARGETING,29.78,4326,51,2
2024-04-15,Puglia,Subito Lavoro,AZ_IT_SUBITO_SLOT_PREMIUM,40.13,3647,50,2
2024-04-15,Puglia,Subito Lavoro,AZ_IT_SUBITO_SPONSORED_ANNUNCI,30.79,2186,37,3
2024-04-15,Sardegna,Subito Lavoro,AZ_IT_SUBITO_RETARGETING,8.26,1204,16,1
2024-04-15,Sardegna,Subito Lavoro,AZ_IT_SUBITO_SLOT_PREMIUM,24.29,2175,27,1
2024-04-15,Sardegna,Subito Lavoro,AZ_IT_SUBITO_SPONSORED_ANNUNCI,18.60,1427,25,2
2024-04-15,Sicilia,Subito Lavoro,AZ_IT_SUBITO_RETARGETING,22.58,3103,36,2
2024-04-15,Sicilia,Subito Lavoro,AZ_IT_SUBITO_SLOT_PREMIUM,84.45,7769,107,6
2024-04-15,Sicilia,Subito Lavoro,AZ_IT_SUBITO_SPONSORED_ANNUNCI,39.35,3099,54,4
2024-04-15,Toscana,Subito Lavoro,AZ_IT_SUBITO_RETARGETING,20.98,3087,35,2
2024-04-15,Toscana,Subito Lavoro,AZ_IT_SUBITO_SLOT_PREMIUM,65.15,6172,92,6
2024-04-15,Toscana,Subito Lavoro,AZ_IT_SUBITO_SPONSORED_ANNUNCI,31.88,2490,42,5
2024-04-15,Trentino-Alto Adige,Subito Lavoro,AZ_IT_SUBITO_RETARGETING,4.66,667,8,0
2024-04-15,Trentino-Alto Adige,Subito Lavoro,AZ_IT_SUBITO_SLOT_PREMIUM,14.32,1322,19,1
2024-04-15,Trentino-Alto Adige,Subito Lavoro,AZ_IT_SUBITO_SPONSORED_ANNUNCI,10.77,817,15,1
2024-04-15,Umbria,Subito Lavoro,AZ_IT_SUBITO_RETARGETING,3.29,477,6,0
2024-04-15,Umbria,Subito Lavoro,AZ_IT_SUBITO_SLOT_PREMIUM,17.01,1494,18,1
2024-04-15,Umbria,Subito Lavoro,AZ_IT_SUBITO_SPONSORED_ANNUNCI,8.22,652,11,1
2024-04-15,Valle d'Aosta,Subito Lavoro,AZ_IT_SUBITO_RETARGETING,0.77,114,1,0
2024-04-15,Valle d'Aosta,Subito Lavoro,AZ_IT_SUBITO_SLOT_PREMIUM,2.66,242,3,0
2024-04-15,Valle d'Aosta,Subito Lavoro,AZ_IT_SUBITO_SPONSORED_ANNUNCI,0.91,70,1,0
2024-04-15,Veneto,Subito Lavoro,AZ_IT_SUBITO_RETARGETING,24.44,3583,43,2
2024-04-15,Veneto,Subito Lavoro,AZ_IT_SUBITO_SLOT_PREMIUM,99.34,8855,124,6
2024-04-15,Veneto,Subito Lavoro,AZ_IT_SUBITO_SPONSORED_ANNUNCI,53.81,4190,76,5
2024-04-22,Abruzzo,Subito Lavoro,AZ_IT_SUBITO_RETARGETING,11.28,1642,17,1
2024-04-22,Abruzzo,Subito Lavoro,AZ_IT_SUBITO_SLOT_PREMIUM,35.44,3115,46,2
2024-04-22,Abruzzo,Subito Lavoro,AZ_IT_SUBITO_SPONSORED_ANNUNCI,13.79,1042,16,1
2024-04-22,Basilicata,Subito Lavoro,AZ_IT_SUBITO_RETARGETING,4.97,732,8,0
2024-04-22,Basilicata,Subito Lavoro,AZ_IT_SUBITO_SLOT_PREMIUM,21.55,1943,29,1
2024-04-22,Basilicata,Subito Lavoro,AZ_IT_SUBITO_SPONSORED_ANNUNCI,4.68,355,6,0
2024-04-22,Calabria,Subito Lavoro,AZ_IT_SUBITO_RETARGETING,11.24,1587,20,1
2024-04-22,Calabria,Subito Lavoro,AZ_IT_SUBITO_SLOT_PREMIUM,56.56,5204,69,5
2024-04-22,Calabria,Subito Lavoro,AZ_IT_SUBITO_SPONSORED_ANNUNCI,19.89,1542,24,3
2024-04-22,Campania,Subito Lavoro,AZ_IT_SUBITO_RETARGETING,37.74,5552,71,2
2024-04-22,Campania,Subito Lavoro,AZ_IT_SUBITO_SLOT_PREMIUM,141.37,13106,181,7
2024-04-22,Campania,Subito Lavoro,AZ_IT_SUBITO_SPONSORED_ANNUNCI,69.08,5322,96,6
2024-04-22,Emilia-Romagna,Subito Lavoro,AZ_IT_SUBITO_RETARGETING,26.59,3683,45,2
2024-04-22,Emilia-Romagna,Subito Lavoro,AZ_IT_SUBITO_SLOT_PREMIUM,107.15,9883,130,6
2024-04-22,Emilia-Romagna,Subito Lavoro,AZ_IT_SUBITO_SPONSORED_ANNUNCI,53.20,4054,70,5
2024-04-22,Friuli-Venezia Giulia,Subito Lavoro,AZ_IT_SUBITO_RETARGETING,7.11,1003,12,1
2024-04-22,Friuli-Venezia Giulia,Subito Lavoro,AZ_IT_SUBITO_SLOT_PREMIUM,33.16,2952,41,2
2024-04-22,Friuli-Venezia Giulia,Subito Lavoro,AZ_IT_SUBITO_SPONSORED_ANNUNCI,12.01,910,17,2
2024-04-22,Lazio,Subito Lavoro,AZ_IT_SUBITO_RETARGETING,54.21,7326,88,4
2024-04-22,Lazio,Subito Lavoro,AZ_IT_SUBITO_SLOT_PREMIUM,150.89,13341,180,11
2024-04-22,Lazio,Subito Lavoro,AZ_IT_SUBITO_SPONSORED_ANNUNCI,60.05,4299,80,6
2024-04-22,Liguria,Subito Lavoro,AZ_IT_SUBITO_RETARGETING,10.90,1621,18,0
2024-04-22,Liguria,Subito Lavoro,AZ_IT_SUBITO_SLOT_PREMIUM,55.69,4867,67,2
2024-04-22,Liguria,Subito Lavoro,AZ_IT_SUBITO_SPONSORED_ANNUNCI,16.99,1259,22,1
2024-04-22,Lombardia,Subito Lavoro,AZ_IT_SUBITO_RETARGETING,41.14,5846,76,2
2024-04-22,Lombardia,Subito Lavoro,AZ_IT_SUBITO_SLOT_PREMIUM,210.33,19048,259,12
2024-04-22,Lombardia,Subito Lavoro,AZ_IT_SUBITO_SPONSORED_ANNUNCI,157.57,12073,187,14
2024-04-22,Marche,Subito Lavoro,AZ_IT_SUBITO_RETARGETING,10.45,1467,19,1
2024-04-22,Marche,Subito Lavoro,AZ_IT_SUBITO_SLOT_PREMIUM,37.61,3477,51,3
2024-04-22,Marche,Subito Lavoro,AZ_IT_SUBITO_SPONSORED_ANNUNCI,22.45,1721,28,3
2024-04-22,Molise,Subito Lavoro,AZ_IT_SUBITO_RETARGETING,1.81,260,3,0
2024-04-22,Molise,Subito Lavoro,AZ_IT_SUBITO_SLOT_PREMIUM,11.03,1017,16,1
2024-04-22,Molise,Subito Lavoro,AZ_IT_SUBITO_SPONSORED_ANNUNCI,3.08,239,4,0
2024-04-22,Piemonte,Subito Lavoro,AZ_IT_SUBITO_RETARGETING,19.25,2757,32,1
2024-04-22,Piemonte,Subito Lavoro,AZ_IT_SUBITO_SLOT_PREMIUM,91.52,8086,111,4
2024-04-22,Piemonte,Subito Lavoro,AZ_IT_SUBITO_SPONSORED_ANNUNCI,53.08,4238,82,4
2024-04-22,Puglia,Subito Lavoro,AZ_IT_SUBITO_RETARGETING,16.99,2277,28,1
2024-04-22,Puglia,Subito Lavoro,AZ_IT_SUBITO_SLOT_PREMIUM,136.47,13015,190,5
2024-04-22,Puglia,Subito Lavoro,AZ_IT_SUBITO_SPONSORED_ANNUNCI,55.25,4186,73,4
2024-04-22,Sardegna,Subito Lavoro,AZ_IT_SUBITO_RETARGETING,7.17,1032,13,1
2024-04-22,Sardegna,Subito Lavoro,AZ_IT_SUBITO_SLOT_PREMIUM,44.92,4111,55,2
2024-04-22,Sardegna,Subito Lavoro,AZ_IT_SUBITO_SPONSORED_ANNUNCI,15.46,1145,20,1
2024-04-22,Sicilia,Subito Lavoro,AZ_IT_SUBITO_RETARGETING,24.21,3605,44,1
2024-04-22,Sicilia,Subito Lavoro,AZ_IT_SUBITO_SLOT_PREMIUM,136.02,12643,135,7
2024-04-22,Sicilia,Subito Lavoro,AZ_IT_SUBITO_SPONSORED_ANNUNCI,47.66,3829,72,4
2024-04-22,Toscana,Subito Lavoro,AZ_IT_SUBITO_RETARGETING,27.12,3907,44,3
2024-04-22,Toscana,Subito Lavoro,AZ_IT_SUBITO_SLOT_PREMIUM,96.39,8904,126,9
2024-04-22,Toscana,Subito Lavoro,AZ_IT_SUBITO_SPONSORED_ANNUNCI,29.77,2321,41,4
2024-04-22,Trentino-Alto Adige,Subito Lavoro,AZ_IT_SUBITO_RETARGETING,5.65,797,10,0
2024-04-22,Trentino-Alto Adige,Subito Lavoro,AZ_IT_SUBITO_SLOT_PREMIUM,23.17,2017,29,1
2024-04-22,Trentino-Alto Adige,Subito Lavoro,AZ_IT_SUBITO_SPONSORED_ANNUNCI,10.46,791,14,1
2024-04-22,Umbria,Subito Lavoro,AZ_IT_SUBITO_RETARGETING,5.57,791,10,0
2024-04-22,Umbria,Subito Lavoro,AZ_IT_SUBITO_SLOT_PREMIUM,31.08,2888,46,2
2024-04-22,Umbria,Subito Lavoro,AZ_IT_SUBITO_SPONSORED_ANNUNCI,6.16,449,8,1
2024-04-22,Valle d'Aosta,Subito Lavoro,AZ_IT_SUBITO_RETARGETING,0.63,91,1,0
2024-04-22,Valle d'Aosta,Subito Lavoro,AZ_IT_SUBITO_SLOT_PREMIUM,3.92,372,5,0
2024-04-22,Valle d'Aosta,Subito Lavoro,AZ_IT_SUBITO_SPONSORED_ANNUNCI,1.53,126,2,0
2024-04-22,Veneto,Subito Lavoro,AZ_IT_SUBITO_RETARGETING,36.98,5382,65,2
2024-04-22,Veneto,Subito Lavoro,AZ_IT_SUBITO_SLOT_PREMIUM,120.41,10628,145,6
2024-04-22,Veneto,Subito Lavoro,AZ_IT_SUBITO_SPONSORED_ANNUNCI,64.02,4889,76,5
2024-04-29,Abruzzo,Subito Lavoro,AZ_IT_SUBITO_RETARGETING,5.16,744,8,0
2024-04-29,Abruzzo,Subito Lavoro,AZ_IT_SUBITO_SLOT_PREMIUM,21.93,1937,24,2
2024-04-29,Abruzzo,Subito Lavoro,AZ_IT_SUBITO_SPONSORED_ANNUNCI,8.97,698,12,1
2024-04-29,Basilicata,Subito Lavoro,AZ_IT_SUBITO_RETARGETING,1.76,242,3,0
2024-04-29,Basilicata,Subito Lavoro,AZ_IT_SUBITO_SLOT_PREMIUM,8.36,770,11,1
2024-04-29,Basilicata,Subito Lavoro,AZ_IT_SUBITO_SPONSORED_ANNUNCI,4.08,305,6,1
2024-04-29,Calabria,Subito Lavoro,AZ_IT_SUBITO_RETARGETING,8.23,1174,14,1
2024-04-29,Calabria,Subito Lavoro,AZ_IT_SUBITO_SLOT_PREMIUM,22.91,2088,31,2
2024-04-29,Calabria,Subito Lavoro,AZ_IT_SUBITO_SPONSORED_ANNUNCI,16.32,1215,21,3
2024-04-29,Campania,Subito Lavoro,AZ_IT_SUBITO_RETARGETING,20.43,2998,33,2
2024-04-29,Campania,Subito Lavoro,AZ_IT_SUBITO_SLOT_PREMIUM,113.57,10484,173,7
2024-04-29,Campania,Subito Lavoro,AZ_IT_SUBITO_SPONSORED_ANNUNCI,47.29,3774,65,5
2024-04-29,Emilia-Romagna,Subito Lavoro,AZ_IT_SUBITO_RETARGETING,16.19,2326,26,1
2024-04-29,Emilia-Romagna,Subito Lavoro,AZ_IT_SUBITO_SLOT_PREMIUM,64.22,5658,80,5
2024-04-29,Emilia-Romagna,Subito Lavoro,AZ_IT_SUBITO_SPONSORED_ANNUNCI,52.17,3957,59,6
2024-04-29,Friuli-Venezia Giulia,Subito Lavoro,AZ_IT_SUBITO_RETARGETING,5.46,742,10,1
2024-04-29,Friuli-Venezia Giulia,Subito Lavoro,AZ_IT_SUBITO_SLOT_PREMIUM,19.52,1812,27,2
2024-04-29,Friuli-Venezia Giulia,Subito Lavoro,AZ_IT_SUBITO_SPONSORED_ANNUNCI,8.55,646,12,2
2024-04-29,Lazio,Subito Lavoro,AZ_IT_SUBITO_RETARGETING,21.43,3035,32,2
2024-04-29,Lazio,Subito Lavoro,AZ_IT_SUBITO_SLOT_PREMIUM,84.22,7297,103,8
2024-04-29,Lazio,Subito Lavoro,AZ_IT_SUBITO_SPONSORED_ANNUNCI,43.90,3382,64,7
2024-04-29,Liguria,Subito Lavoro,AZ_IT_SUBITO_RETARGETING,8.22,1148,14,1
2024-04-29,Liguria,Subito Lavoro,AZ_IT_SUBITO_SLOT_PREMIUM,31.97,2878,42,2
2024-04-29,Liguria,Subito Lavoro,AZ_IT_SUBITO_SPONSORED_ANNUNCI,17.20,1325,20,1
2024-04-29,Lombardia,Subito Lavoro,AZ_IT_SUBITO_RETARGETING,22.10,3154,38,2
2024-04-29,Lombardia,Subito Lavoro,AZ_IT_SUBITO_SLOT_PREMIUM,206.52,18951,271,15
2024-04-29,Lombardia,Subito Lavoro,AZ_IT_SUBITO_SPONSORED_ANNUNCI,97.94,7773,115,12
2024-04-29,Marche,Subito Lavoro,AZ_IT_SUBITO_RETARGETING,5.33,767,10,1
2024-04-29,Marche,Subito Lavoro,AZ_IT_SUBITO_SLOT_PREMIUM,25.27,2248,29,3
2024-04-29,Marche,Subito Lavoro,AZ_IT_SUBITO_SPONSORED_ANNUNCI,10.98,841,15,2
2024-04-29,Molise,Subito Lavoro,AZ_IT_SUBITO_RETARGETING,1.50,213,2,0
2024-04-29,Molise,Subito Lavoro,AZ_IT_SUBITO_SLOT_PREMIUM,3.87,352,5,0
2024-04-29,Molise,Subito Lavoro,AZ_IT_SUBITO_SPONSORED_ANNUNCI,1.81,142,3,0
2024-04-29,Piemonte,Subito Lavoro,AZ_IT_SUBITO_RETARGETING,18.27,2573,32,1
2024-04-29,Piemonte,Subito Lavoro,AZ_IT_SUBITO_SLOT_PREMIUM,82.91,7779,107,4
2024-04-29,Piemonte,Subito Lavoro,AZ_IT_SUBITO_SPONSORED_ANNUNCI,32.11,2420,31,3
2024-04-29,Puglia,Subito Lavoro,AZ_IT_SUBITO_RETARGETING,19.87,2955,38,1
2024-04-29,Puglia,Subito Lavoro,AZ_IT_SUBITO_SLOT_PREMIUM,111.87,9926,141,6
2024-04-29,Puglia,Subito Lavoro,AZ_IT_SUBITO_SPONSORED_ANNUNCI,26.18,1957,34,2
2024-04-29,Sardegna,Subito Lavoro,AZ_IT_SUBITO_RETARGETING,10.87,1527,22,1
2024-04-29,Sardegna,Subito Lavoro,AZ_IT_SUBITO_SLOT_PREMIUM,20.12,1808,27,2
2024-04-29,Sardegna,Subito Lavoro,AZ_IT_SUBITO_SPONSORED_ANNUNCI,14.16,1059,18,1
2024-04-29,Sicilia,Subito Lavoro,AZ_IT_SUBITO_RETARGETING,20.78,2968,37,2
2024-04-29,Sicilia,Subito Lavoro,AZ_IT_SUBITO_SLOT_PREMIUM,79.72,6744,100,5
2024-04-29,Sicilia,Subito Lavoro,AZ_IT_SUBITO_SPONSORED_ANNUNCI,44.65,3356,55,5
2024-04-29,Toscana,Subito Lavoro,AZ_IT_SUBITO_RETARGETING,14.58,1971,24,2
2024-04-29,Toscana,Subito Lavoro,AZ_IT_SUBITO_SLOT_PREMIUM,48.11,4396,60,5
2024-04-29,Toscana,Subito Lavoro,AZ_IT_SUBITO_SPONSORED_ANNUNCI,29.25,2362,36,5
2024-04-29,Trentino-Alto Adige,Subito Lavoro,AZ_IT_SUBITO_RETARGETING,5.45,801,9,0
2024-04-29,Trentino-Alto Adige,Subito Lavoro,AZ_IT_SUBITO_SLOT_PREMIUM,13.98,1321,19,1
2024-04-29,Trentino-Alto Adige,Subito Lavoro,AZ_IT_SUBITO_SPONSORED_ANNUNCI,13.14,994,17,2
2024-04-29,Umbria,Subito Lavoro,AZ_IT_SUBITO_RETARGETING,5.53,781,10,1
2024-04-29,Umbria,Subito Lavoro,AZ_IT_SUBITO_SLOT_PREMIUM,12.80,1128,15,1
2024-04-29,Umbria,Subito Lavoro,AZ_IT_SUBITO_SPONSORED_ANNUNCI,7.35,556,9,1
2024-04-29,Valle d'Aosta,Subito Lavoro,AZ_IT_SUBITO_RETARGETING,0.39,55,1,0
2024-04-29,Valle d'Aosta,Subito Lavoro,AZ_IT_SUBITO_SLOT_PREMIUM,2.04,182,2,0
2024-04-29,Valle d'Aosta,Subito Lavoro,AZ_IT_SUBITO_SPONSORED_ANNUNCI,1.44,113,2,0
2024-04-29,Veneto,Subito Lavoro,AZ_IT_SUBITO_RETARGETING,24.30,3327,39,3
2024-04-29,Veneto,Subito Lavoro,AZ_IT_SUBITO_SLOT_PREMIUM,49.26,4615,62,4
2024-04-29,Veneto,Subito Lavoro,AZ_IT_SUBITO_SPONSORED_ANNUNCI,34.23,2689,52,5
2024-05-06,Abruzzo,Subito Lavoro,AZ_IT_SUBITO_RETARGETING,2.51,357,4,0
2024-05-06,Abruzzo,Subito Lavoro,AZ_IT_SUBITO_SLOT_PREMIUM,12.60,1195,16,2
2024-05-06,Abruzzo,Subito Lavoro,AZ_IT_SUBITO_SPONSORED_ANNUNCI,4.13,307,6,1
2024-05-06,Basilicata,Subito Lavoro,AZ_IT_SUBITO_RETARGETING,1.14,170,2,0
2024-05-06,Basilicata,Subito Lavoro,AZ_IT_SUBITO_SLOT_PREMIUM,3.99,362,5,1
2024-05-06,Basilicata,Subito Lavoro,AZ_IT_SUBITO_SPONSORED_ANNUNCI,1.64,125,2,0
2024-05-06,Calabria,Subito Lavoro,AZ_IT_SUBITO_RETARGETING,3.24,474,5,1
2024-05-06,Calabria,Subito Lavoro,AZ_IT_SUBITO_SLOT_PREMIUM,11.13,984,17,3
2024-05-06,Calabria,Subito Lavoro,AZ_IT_SUBITO_SPONSORED_ANNUNCI,3.90,277,4,1
2024-05-06,Campania,Subito Lavoro,AZ_IT_SUBITO_RETARGETING,13.87,1970,23,2
2024-05-06,Campania,Subito Lavoro,AZ_IT_SUBITO_SLOT_PREMIUM,58.31,5231,75,6
2024-05-06,Campania,Subito Lavoro,AZ_IT_SUBITO_SPONSORED_ANNUNCI,13.62,1064,17,2
2024-05-06,Emilia-Romagna,Subito Lavoro,AZ_IT_SUBITO_RETARGETING,5.13,719,9,1
2024-05-06,Emilia-Romagna,Subito Lavoro,AZ_IT_SUBITO_SLOT_PREMIUM,24.95,2305,30,4
2024-05-06,Emilia-Romagna,Subito Lavoro,AZ_IT_SUBITO_SPONSORED_ANNUNCI,8.06,633,11,2
2024-05-06,Friuli-Venezia Giulia,Subito Lavoro,AZ_IT_SUBITO_RETARGETING,2.14,319,3,0
2024-05-06,Friuli-Venezia Giulia,Subito Lavoro,AZ_IT_SUBITO_SLOT_PREMIUM,10.13,903,13,2
2024-05-06,Friuli-Venezia Giulia,Subito Lavoro,AZ_IT_SUBITO_SPONSORED_ANNUNCI,3.58,281,5,1
2024-05-06,Lazio,Subito Lavoro,AZ_IT_SUBITO_RETARGETING,13.47,1875,24,2
2024-05-06,Lazio,Subito Lavoro,AZ_IT_SUBITO_SLOT_PREMIUM,38.12,3415,47,5
2024-05-06,Lazio,Subito Lavoro,AZ_IT_SUBITO_SPONSORED_ANNUNCI,17.55,1431,22,4
2024-05-06,Liguria,Subito Lavoro,AZ_IT_SUBITO_RETARGETING,1.48,212,2,0
2024-05-06,Liguria,Subito Lavoro,AZ_IT_SUBITO_SLOT_PREMIUM,9.44,839,13,1
2024-05-06,Liguria,Subito Lavoro,AZ_IT_SUBITO_SPONSORED_ANNUNCI,4.32,337,5,1
2024-05-06,Lombardia,Subito Lavoro,AZ_IT_SUBITO_RETARGETING,16.85,2397,26,2
2024-05-06,Lombardia,Subito Lavoro,AZ_IT_SUBITO_SLOT_PREMIUM,47.43,4432,59,7
2024-05-06,Lombardia,Subito Lavoro,AZ_IT_SUBITO_SPONSORED_ANNUNCI,31.47,2427,42,7
2024-05-06,Marche,Subito Lavoro,AZ_IT_SUBITO_RETARGETING,3.86,578,7,1
2024-05-06,Marche,Subito Lavoro,AZ_IT_SUBITO_SLOT_PREMIUM,7.75,708,10,1
2024-05-06,Marche,Subito Lavoro,AZ_IT_SUBITO_SPONSORED_ANNUNCI,6.89,533,9,2
2024-05-06,Molise,Subito Lavoro,AZ_IT_SUBITO_RETARGETING,0.61,87,1,0
2024-05-06,Molise,Subito Lavoro,AZ_IT_SUBITO_SLOT_PREMIUM,1.88,168,3,0
2024-05-06,Molise,Subito Lavoro,AZ_IT_SUBITO_SPONSORED_ANNUNCI,0.90,68,1,0
2024-05-06,Piemonte,Subito Lavoro,AZ_IT_SUBITO_RETARGETING,8.11,1241,15,1
2024-05-06,Piemonte,Subito Lavoro,AZ_IT_SUBITO_SLOT_PREMIUM,24.85,2265,32,3
2024-05-06,Piemonte,Subito Lavoro,AZ_IT_SUBITO_SPONSORED_ANNUNCI,14.53,1188,21,3
2024-05-06,Puglia,Subito Lavoro,AZ_IT_SUBITO_RETARGETING,7.13,1027,12,1
2024-05-06,Puglia,Subito Lavoro,AZ_IT_SUBITO_SLOT_PREMIUM,26.60,2452,33,3
2024-05-06,Puglia,Subito Lavoro,AZ_IT_SUBITO_SPONSORED_ANNUNCI,9.29,753,12,2
2024-05-06,Sardegna,Subito Lavoro,AZ_IT_SUBITO_RETARGETING,2.57,354,4,0
2024-05-06,Sardegna,Subito Lavoro,AZ_IT_SUBITO_SLOT_PREMIUM,15.12,1307,19,2
2024-05-06,Sardegna,Subito Lavoro,AZ_IT_SUBITO_SPONSORED_ANNUNCI,4.22,319,5,1
2024-05-06,Sicilia,Subito Lavoro,AZ_IT_SUBITO_RETARGETING,8.49,1250,16,1
2024-05-06,Sicilia,Subito Lavoro,AZ_IT_SUBITO_SLOT_PREMIUM,23.97,2208,30,3
2024-05-06,Sicilia,Subito Lavoro,AZ_IT_SUBITO_SPONSORED_ANNUNCI,17.98,1335,20,3
2024-05-06,Toscana,Subito Lavoro,AZ_IT_SUBITO_RETARGETING,5.81,867,10,1
2024-05-06,Toscana,Subito Lavoro,AZ_IT_SUBITO_SLOT_PREMIUM,26.10,2464,38,4
2024-05-06,Toscana,Subito Lavoro,AZ_IT_SUBITO_SPONSORED_ANNUNCI,12.24,943,17,4
2024-05-06,Trentino-Alto Adige,Subito Lavoro,AZ_IT_SUBITO_RETARGETING,1.40,202,2,0
2024-05-06,Trentino-Alto Adige,Subito Lavoro,AZ_IT_SUBITO_SLOT_PREMIUM,9.78,870,12,1
2024-05-06,Trentino-Alto Adige,Subito Lavoro,AZ_IT_SUBITO_SPONSORED_ANNUNCI,2.74,210,3,1
2024-05-06,Umbria,Subito Lavoro,AZ_IT_SUBITO_RETARGETING,1.34,196,3,0
2024-05-06,Umbria,Subito Lavoro,AZ_IT_SUBITO_SLOT_PREMIUM,6.75,600,8,1
2024-05-06,Umbria,Subito Lavoro,AZ_IT_SUBITO_SPONSORED_ANNUNCI,2.88,222,3,1
2024-05-06,Valle d'Aosta,Subito Lavoro,AZ_IT_SUBITO_RETARGETING,0.20,30,0,0
2024-05-06,Valle d'Aosta,Subito Lavoro,AZ_IT_SUBITO_SLOT_PREMIUM,0.55,51,1,0
2024-05-06,Valle d'Aosta,Subito Lavoro,AZ_IT_SUBITO_SPONSORED_ANNUNCI,0.44,34,1,0
2024-05-06,Veneto,Subito Lavoro,AZ_IT_SUBITO_RETARGETING,9.34,1361,16,1
2024-05-06,Veneto,Subito Lavoro,AZ_IT_SUBITO_SLOT_PREMIUM,38.82,3330,47,3
2024-05-06,Veneto,Subito Lavoro,AZ_IT_SUBITO_SPONSORED_ANNUNCI,31.81,2320,35,4
2024-05-13,Abruzzo,Subito Lavoro,AZ_IT_SUBITO_RETARGETING,4.02,547,7,0
2024-05-13,Abruzzo,Subito Lavoro,AZ_IT_SUBITO_SLOT_PREMIUM,12.50,1214,16,1
2024-05-13,Abruzzo,Subito Lavoro,AZ_IT_SUBITO_SPONSORED_ANNUNCI,6.36,486,8,1
2024-05-13,Basilicata,Subito Lavoro,AZ_IT_SUBITO_RETARGETING,1.39,193,2,0
2024-05-13,Basilicata,Subito Lavoro,AZ_IT_SUBITO_SLOT_PREMIUM,7.95,700,9,1
2024-05-13,Basilicata,Subito Lavoro,AZ_IT_SUBITO_SPONSORED_ANNUNCI,3.56,275,5,0
2024-05-13,Calabria,Subito Lavoro,AZ_IT_SUBITO_RETARGETING,6.43,919,12,1
2024-05-13,Calabria,Subito Lavoro,AZ_IT_SUBITO_SLOT_PREMIUM,19.53,1750,23,2
2024-05-13,Calabria,Subito Lavoro,AZ_IT_SUBITO_SPONSORED_ANNUNCI,19.01,1417,25,3
2024-05-13,Campania,Subito Lavoro,AZ_IT_SUBITO_RETARGETING,16.93,2401,30,1
2024-05-13,Campania,Subito Lavoro,AZ_IT_SUBITO_SLOT_PREMIUM,55.49,4901,62,4
2024-05-13,Campania,Subito Lavoro,AZ_IT_SUBITO_SPONSORED_ANNUNCI,40.02,3192,53,4
2024-05-13,Emilia-Romagna,Subito Lavoro,AZ_IT_SUBITO_RETARGETING,20.12,2804,34,1
2024-05-13,Emilia-Romagna,Subito Lavoro,AZ_IT_SUBITO_SLOT_PREMIUM,54.21,4753,63,4
2024-05-13,Emilia-Romagna,Subito Lavoro,AZ_IT_SUBITO_SPONSORED_ANNUNCI,40.17,3036,53,4
2024-05-13,Friuli-Venezia Giulia,Subito Lavoro,AZ_IT_SUBITO_RETARGETING,4.00,592,7,0
2024-05-13,Friuli-Venezia Giulia,Subito Lavoro,AZ_IT_SUBITO_SLOT_PREMIUM,17.07,1568,22,2
2024-05-13,Friuli-Venezia Giulia,Subito Lavoro,AZ_IT_SUBITO_SPONSORED_ANNUNCI,9.31,711,12,2
2024-05-13,Lazio,Subito Lavoro,AZ_IT_SUBITO_RETARGETING,23.65,3344,40,2
2024-05-13,Lazio,Subito Lavoro,AZ_IT_SUBITO_SLOT_PREMIUM,91.73,8463,124,8
2024-05-13,Lazio,Subito Lavoro,AZ_IT_SUBITO_SPONSORED_ANNUNCI,29.96,2424,48,4
2024-05-13,Liguria,Subito Lavoro,AZ_IT_SUBITO_RETARGETING,4.23,643,8,0
2024-05-13,Liguria,Subito Lavoro,AZ_IT_SUBITO_SLOT_PREMIUM,28.00,2493,35,1
2024-05-13,Liguria,Subito Lavoro,AZ_IT_SUBITO_SPONSORED_ANNUNCI,12.06,882,14,1
2024-05-13,Lombardia,Subito Lavoro,AZ_IT_SUBITO_RETARGETING,39.18,5550,69,3
2024-05-13,Lombardia,Subito Lavoro,AZ_IT_SUBITO_SLOT_PREMIUM,144.20,12545,186,9
2024-05-13,Lombardia,Subito Lavoro,AZ_IT_SUBITO_SPONSORED_ANNUNCI,96.82,7426,112,9
2024-05-13,Marche,Subito Lavoro,AZ_IT_SUBITO_RETARGETING,5.29,771,8,1
2024-05-13,Marche,Subito Lavoro,AZ_IT_SUBITO_SLOT_PREMIUM,19.32,1732,23,2
2024-05-13,Marche,Subito Lavoro,AZ_IT_SUBITO_SPONSORED_ANNUNCI,8.60,642,11,2
2024-05-13,Molise,Subito Lavoro,AZ_IT_SUBITO_RETARGETING,0.96,144,2,0
2024-05-13,Molise,Subito Lavoro,AZ_IT_SUBITO_SLOT_PREMIUM,4.06,374,6,0
2024-05-13,Molise,Subito Lavoro,AZ_IT_SUBITO_SPONSORED_ANNUNCI,2.95,229,4,0
2024-05-13,Piemonte,Subito Lavoro,AZ_IT_SUBITO_RETARGETING,15.25,2232,28,1
2024-05-13,Piemonte,Subito Lavoro,AZ_IT_SUBITO_SLOT_PREMIUM,53.29,4841,74,3
2024-05-13,Piemonte,Subito Lavoro,AZ_IT_SUBITO_SPONSORED_ANNUNCI,40.62,3167,53,4
2024-05-13,Puglia,Subito Lavoro,AZ_IT_SUBITO_RETARGETING,19.59,2837,28,1
2024-05-13,Puglia,Subito Lavoro,AZ_IT_SUBITO_SLOT_PREMIUM,39.98,3662,54,3
2024-05-13,Puglia,Subito Lavoro,AZ_IT_SUBITO_SPONSORED_ANNUNCI,24.37,1877,35,3
2024-05-13,Sardegna,Subito Lavoro,AZ_IT_SUBITO_RETARGETING,10.10,1487,16,1
2024-05-13,Sardegna,Subito Lavoro,AZ_IT_SUBITO_SLOT_PREMIUM,15.89,1430,21,1
2024-05-13,Sardegna,Subito Lavoro,AZ_IT_SUBITO_SPONSORED_ANNUNCI,12.52,936,16,2
2024-05-13,Sicilia,Subito Lavoro,AZ_IT_SUBITO_RETARGETING,21.19,3130,35,1
2024-05-13,Sicilia,Subito Lavoro,AZ_IT_SUBITO_SLOT_PREMIUM,98.05,8307,102,6
2024-05-13,Sicilia,Subito Lavoro,AZ_IT_SUBITO_SPONSORED_ANNUNCI,44.27,3312,59,3
2024-05-13,Toscana,Subito Lavoro,AZ_IT_SUBITO_RETARGETING,16.03,2321,29,2
2024-05-13,Toscana,Subito Lavoro,AZ_IT_SUBITO_SLOT_PREMIUM,47.04,4070,63,5
2024-05-13,Toscana,Subito Lavoro,AZ_IT_SUBITO_SPONSORED_ANNUNCI,33.61,2541,41,5
2024-05-13,Trentino-Alto Adige,Subito Lavoro,AZ_IT_SUBITO_RETARGETING,5.06,734,9,0
2024-05-13,Trentino-Alto Adige,Subito Lavoro,AZ_IT_SUBITO_SLOT_PREMIUM,16.17,1517,20,1
2024-05-13,Trentino-Alto Adige,Subito Lavoro,AZ_IT_SUBITO_SPONSORED_ANNUNCI,9.44,705,11,1
2024-05-13,Umbria,Subito Lavoro,AZ_IT_SUBITO_RETARGETING,2.39,352,4,0
2024-05-13,Umbria,Subito Lavoro,AZ_IT_SUBITO_SLOT_PREMIUM,7.78,712,10,1
2024-05-13,Umbria,Subito Lavoro,AZ_IT_SUBITO_SPONSORED_ANNUNCI,7.48,583,11,1
2024-05-13,Valle d'Aosta,Subito Lavoro,AZ_IT_SUBITO_RETARGETING,0.39,56,1,0
2024-05-13,Valle d'Aosta,Subito Lavoro,AZ_IT_SUBITO_SLOT_PREMIUM,1.45,127,2,0
2024-05-13,Valle d'Aosta,Subito Lavoro,AZ_IT_SUBITO_SPONSORED_ANNUNCI,0.75,57,1,0
2024-05-13,Veneto,Subito Lavoro,AZ_IT_SUBITO_RETARGETING,20.98,2924,35,1
2024-05-13,Veneto,Subito Lavoro,AZ_IT_SUBITO_SLOT_PREMIUM,61.82,5603,77,4
2024-05-13,Veneto,Subito Lavoro,AZ_IT_SUBITO_SPONSORED_ANNUNCI,59.71,4614,80,7
2024-05-20,Abruzzo,Subito Lavoro,AZ_IT_SUBITO_RETARGETING,8.74,1322,19,0
2024-05-20,Abruzzo,Subito Lavoro,AZ_IT_SUBITO_SLOT_PREMIUM,48.26,4623,65,2
2024-05-20,Abruzzo,Subito Lavoro,AZ_IT_SUBITO_SPONSORED_ANNUNCI,25.59,1936,32,2
2024-05-20,Basilicata,Subito Lavoro,AZ_IT_SUBITO_RETARGETING,6.28,898,11,0
2024-05-20,Basilicata,Subito Lavoro,AZ_IT_SUBITO_SLOT_PREMIUM,18.14,1619,26,1
2024-05-20,Basilicata,Subito Lavoro,AZ_IT_SUBITO_SPONSORED_ANNUNCI,6.71,535,9,1
2024-05-20,Calabria,Subito Lavoro,AZ_IT_SUBITO_RETARGETING,14.32,1993,23,1
2024-05-20,Calabria,Subito Lavoro,AZ_IT_SUBITO_SLOT_PREMIUM,48.36,4398,61,4
2024-05-20,Calabria,Subito Lavoro,AZ_IT_SUBITO_SPONSORED_ANNUNCI,16.47,1304,22,2
2024-05-20,Campania,Subito Lavoro,AZ_IT_SUBITO_RETARGETING,50.40,7311,86,2
2024-05-20,Campania,Subito Lavoro,AZ_IT_SUBITO_SLOT_PREMIUM,179.15,16592,230,6
2024-05-20,Campania,Subito Lavoro,AZ_IT_SUBITO_SPONSORED_ANNUNCI,129.68,9951,165,8
2024-05-20,Emilia-Romagna,Subito Lavoro,AZ_IT_SUBITO_RETARGETING,36.83,5000,54,2
2024-05-20,Emilia-Romagna,Subito Lavoro,AZ_IT_SUBITO_SLOT_PREMIUM,96.00,8561,125,4
2024-05-20,Emilia-Romagna,Subito Lavoro,AZ_IT_SUBITO_SPONSORED_ANNUNCI,82.83,6462,113,6
2024-05-20,Friuli-Venezia Giulia,Subito Lavoro,AZ_IT_SUBITO_RETARGETING,10.91,1587,19,1
2024-05-20,Friuli-Venezia Giulia,Subito Lavoro,AZ_IT_SUBITO_SLOT_PREMIUM,33.82,3311,47,2
2024-05-20,Friuli-Venezia Giulia,Subito Lavoro,AZ_IT_SUBITO_SPONSORED_ANNUNCI,16.85,1334,23,2
2024-05-20,Lazio,Subito Lavoro,AZ_IT_SUBITO_RETARGETING,34.91,4953,57,2
2024-05-20,Lazio,Subito Lavoro,AZ_IT_SUBITO_SLOT_PREMIUM,154.37,13971,205,9
2024-05-20,Lazio,Subito Lavoro,AZ_IT_SUBITO_SPONSORED_ANNUNCI,102.26,7865,125,9
2024-05-20,Liguria,Subito Lavoro,AZ_IT_SUBITO_RETARGETING,8.22,1106,13,0
2024-05-20,Liguria,Subito Lavoro,AZ_IT_SUBITO_SLOT_PREMIUM,44.71,4207,65,2
2024-05-20,Liguria,Subito Lavoro,AZ_IT_SUBITO_SPONSORED_ANNUNCI,24.60,1851,34,2
2024-05-20,Lombardia,Subito Lavoro,AZ_IT_SUBITO_RETARGETING,115.20,16493,178,5
2024-05-20,Lombardia,Subito Lavoro,AZ_IT_SUBITO_SLOT_PREMIUM,361.40,33619,459,13
2024-05-20,Lombardia,Subito Lavoro,AZ_IT_SUBITO_SPONSORED_ANNUNCI,252.46,19802,370,16
2024-05-20,Marche,Subito Lavoro,AZ_IT_SUBITO_RETARGETING,7.52,1044,13,0
2024-05-20,Marche,Subito Lavoro,AZ_IT_SUBITO_SLOT_PREMIUM,75.18,6998,107,5
2024-05-20,Marche,Subito Lavoro,AZ_IT_SUBITO_SPONSORED_ANNUNCI,21.65,1659,29,2
2024-05-20,Molise,Subito Lavoro,AZ_IT_SUBITO_RETARGETING,2.58,371,5,0
2024-05-20,Molise,Subito Lavoro,AZ_IT_SUBITO_SLOT_PREMIUM,7.79,722,10,0
2024-05-20,Molise,Subito Lavoro,AZ_IT_SUBITO_SPONSORED_ANNUNCI,5.41,396,7,0
2024-05-20,Piemonte,Subito Lavoro,AZ_IT_SUBITO_RETARGETING,34.69,4911,64,1
2024-05-20,Piemonte,Subito Lavoro,AZ_IT_SUBITO_SLOT_PREMIUM,138.20,11970,161,4
2024-05-20,Piemonte,Subito Lavoro,AZ_IT_SUBITO_SPONSORED_ANNUNCI,115.51,8771,149,5
2024-05-20,Puglia,Subito Lavoro,AZ_IT_SUBITO_RETARGETING,38.54,5358,59,2
2024-05-20,Puglia,Subito Lavoro,AZ_IT_SUBITO_SLOT_PREMIUM,155.64,13567,179,5
2024-05-20,Puglia,Subito Lavoro,AZ_IT_SUBITO_SPONSORED_ANNUNCI,88.87,7079,112,4
2024-05-20,Sardegna,Subito Lavoro,AZ_IT_SUBITO_RETARGETING,13.03,1888,22,1
2024-05-20,Sardegna,Subito Lavoro,AZ_IT_SUBITO_SLOT_PREMIUM,73.07,6955,101,3
2024-05-20,Sardegna,Subito Lavoro,AZ_IT_SUBITO_SPONSORED_ANNUNCI,15.32,1183,21,1
2024-05-20,Sicilia,Subito Lavoro,AZ_IT_SUBITO_RETARGETING,27.33,3731,48,1
2024-05-20,Sicilia,Subito Lavoro,AZ_IT_SUBITO_SLOT_PREMIUM,88.47,7812,113,4
2024-05-20,Sicilia,Subito Lavoro,AZ_IT_SUBITO_SPONSORED_ANNUNCI,99.47,7249,123,8
2024-05-20,Toscana,Subito Lavoro,AZ_IT_SUBITO_RETARGETING,33.70,4692,58,3
2024-05-20,Toscana,Subito Lavoro,AZ_IT_SUBITO_SLOT_PREMIUM,92.67,8894,123,6
2024-05-20,Toscana,Subito Lavoro,AZ_IT_SUBITO_SPONSORED_ANNUNCI,52.23,3937,68,6
2024-05-20,Trentino-Alto Adige,Subito Lavoro,AZ_IT_SUBITO_RETARGETING,10.79,1546,19,1
2024-05-20,Trentino-Alto Adige,Subito Lavoro,AZ_IT_SUBITO_SLOT_PREMIUM,46.12,4018,58,2
2024-05-20,Trentino-Alto Adige,Subito Lavoro,AZ_IT_SUBITO_SPONSORED_ANNUNCI,19.02,1444,24,1
2024-05-20,Umbria,Subito Lavoro,AZ_IT_SUBITO_RETARGETING,6.51,928,12,0
2024-05-20,Umbria,Subito Lavoro,AZ_IT_SUBITO_SLOT_PREMIUM,22.32,2006,27,1
2024-05-20,Umbria,Subito Lavoro,AZ_IT_SUBITO_SPONSORED_ANNUNCI,24.39,1817,33,2
2024-05-20,Valle d'Aosta,Subito Lavoro,AZ_IT_SUBITO_RETARGETING,1.17,165,2,0
2024-05-20,Valle d'Aosta,Subito Lavoro,AZ_IT_SUBITO_SLOT_PREMIUM,4.00,366,6,0
2024-05-20,Valle d'Aosta,Subito Lavoro,AZ_IT_SUBITO_SPONSORED_ANNUNCI,3.06,226,4,0
2024-05-20,Veneto,Subito Lavoro,AZ_IT_SUBITO_RETARGETING,24.29,3379,46,1
2024-05-20,Veneto,Subito Lavoro,AZ_IT_SUBITO_SLOT_PREMIUM,272.65,24518,328,9
2024-05-20,Veneto,Subito Lavoro,AZ_IT_SUBITO_SPONSORED_ANNUNCI,111.48,8055,137,6
2024-05-27,Abruzzo,Subito Lavoro,AZ_IT_SUBITO_RETARGETING,1.76,245,3,0
2024-05-27,Abruzzo,Subito Lavoro,AZ_IT_SUBITO_SLOT_PREMIUM,6.07,565,8,1
2024-05-27,Abruzzo,Subito Lavoro,AZ_IT_SUBITO_SPONSORED_ANNUNCI,9.65,739,13,2
2024-05-27,Basilicata,Subito Lavoro,AZ_IT_SUBITO_RETARGETING,1.15,168,2,0
2024-05-27,Basilicata,Subito Lavoro,AZ_IT_SUBITO_SLOT_PREMIUM,4.69,451,6,1
2024-05-27,Basilicata,Subito Lavoro,AZ_IT_SUBITO_SPONSORED_ANNUNCI,1.79,139,3,0
2024-05-27,Calabria,Subito Lavoro,AZ_IT_SUBITO_RETARGETING,3.51,503,6,1
2024-05-27,Calabria,Subito Lavoro,AZ_IT_SUBITO_SLOT_PREMIUM,9.67,860,13,2
2024-05-27,Calabria,Subito Lavoro,AZ_IT_SUBITO_SPONSORED_ANNUNCI,8.82,633,11,2
2024-05-27,Campania,Subito Lavoro,AZ_IT_SUBITO_RETARGETING,9.83,1445,15,1
2024-05-27,Campania,Subito Lavoro,AZ_IT_SUBITO_SLOT_PREMIUM,39.95,3526,54,4
2024-05-27,Campania,Subito Lavoro,AZ_IT_SUBITO_SPONSORED_ANNUNCI,24.96,2033,40,4
2024-05-27,Emilia-Romagna,Subito Lavoro,AZ_IT_SUBITO_RETARGETING,8.35,1143,14,1
2024-05-27,Emilia-Romagna,Subito Lavoro,AZ_IT_SUBITO_SLOT_PREMIUM,43.81,4033,56,5
2024-05-27,Emilia-Romagna,Subito Lavoro,AZ_IT_SUBITO_SPONSORED_ANNUNCI,21.36,1590,29,4
2024-05-27,Friuli-Venezia Giulia,Subito Lavoro,AZ_IT_SUBITO_RETARGETING,3.76,547,7,1
2024-05-27,Friuli-Venezia Giulia,Subito Lavoro,AZ_IT_SUBITO_SLOT_PREMIUM,8.81,812,11,1
2024-05-27,Friuli-Venezia Giulia,Subito Lavoro,AZ_IT_SUBITO_SPONSORED_ANNUNCI,5.36,416,7,1
2024-05-27,Lazio,Subito Lavoro,AZ_IT_SUBITO_RETARGETING,14.71,2100,26,2
2024-05-27,Lazio,Subito Lavoro,AZ_IT_SUBITO_SLOT_PREMIUM,39.67,3500,45,7
2024-05-27,Lazio,Subito Lavoro,AZ_IT_SUBITO_SPONSORED_ANNUNCI,20.36,1589,29,5
2024-05-27,Liguria,Subito Lavoro,AZ_IT_SUBITO_RETARGETING,3.30,467,7,0
2024-05-27,Liguria,Subito Lavoro,AZ_IT_SUBITO_SLOT_PREMIUM,11.47,1097,15,1
2024-05-27,Liguria,Subito Lavoro,AZ_IT_SUBITO_SPONSORED_ANNUNCI,8.11,597,11,1
2024-05-27,Lombardia,Subito Lavoro,AZ_IT_SUBITO_RETARGETING,19.10,2739,35,3
2024-05-27,Lombardia,Subito Lavoro,AZ_IT_SUBITO_SLOT_PREMIUM,85.01,7543,106,13
2024-05-27,Lombardia,Subito Lavoro,AZ_IT_SUBITO_SPONSORED_ANNUNCI,36.00,2748,46,9
2024-05-27,Marche,Subito Lavoro,AZ_IT_SUBITO_RETARGETING,2.64,380,5,1
2024-05-27,Marche,Subito Lavoro,AZ_IT_SUBITO_SLOT_PREMIUM,9.86,916,13,2
2024-05-27,Marche,Subito Lavoro,AZ_IT_SUBITO_SPONSORED_ANNUNCI,7.92,627,9,2
2024-05-27,Molise,Subito Lavoro,AZ_IT_SUBITO_RETARGETING,0.52,74,1,0
2024-05-27,Molise,Subito Lavoro,AZ_IT_SUBITO_SLOT_PREMIUM,1.64,149,2,0
2024-05-27,Molise,Subito Lavoro,AZ_IT_SUBITO_SPONSORED_ANNUNCI,2.05,152,2,0
2024-05-27,Piemonte,Subito Lavoro,AZ_IT_SUBITO_RETARGETING,9.68,1333,16,1
2024-05-27,Piemonte,Subito Lavoro,AZ_IT_SUBITO_SLOT_PREMIUM,37.30,3498,49,3
2024-05-27,Piemonte,Subito Lavoro,AZ_IT_SUBITO_SPONSORED_ANNUNCI,32.27,2580,41,5
2024-05-27,Puglia,Subito Lavoro,AZ_IT_SUBITO_RETARGETING,10.43,1460,20,1
2024-05-27,Puglia,Subito Lavoro,AZ_IT_SUBITO_SLOT_PREMIUM,25.84,2279,31,3
2024-05-27,Puglia,Subito Lavoro,AZ_IT_SUBITO_SPONSORED_ANNUNCI,15.82,1119,20,3
2024-05-27,Sardegna,Subito Lavoro,AZ_IT_SUBITO_RETARGETING,3.78,544,5,1
2024-05-27,Sardegna,Subito Lavoro,AZ_IT_SUBITO_SLOT_PREMIUM,10.77,997,13,1
2024-05-27,Sardegna,Subito Lavoro,AZ_IT_SUBITO_SPONSORED_ANNUNCI,8.69,668,11,2
2024-05-27,Sicilia,Subito Lavoro,AZ_IT_SUBITO_RETARGETING,11.16,1598,20,1
2024-05-27,Sicilia,Subito Lavoro,AZ_IT_SUBITO_SLOT_PREMIUM,38.46,3287,42,4
2024-05-27,Sicilia,Subito Lavoro,AZ_IT_SUBITO_SPONSORED_ANNUNCI,20.39,1594,30,3
2024-05-27,Toscana,Subito Lavoro,AZ_IT_SUBITO_RETARGETING,7.28,1015,12,1
2024-05-27,Toscana,Subito Lavoro,AZ_IT_SUBITO_SLOT_PREMIUM,25.37,2298,30,4
2024-05-27,Toscana,Subito Lavoro,AZ_IT_SUBITO_SPONSORED_ANNUNCI,16.81,1274,23,5
2024-05-27,Trentino-Alto Adige,Subito Lavoro,AZ_IT_SUBITO_RETARGETING,1.74,255,3,0
2024-05-27,Trentino-Alto Adige,Subito Lavoro,AZ_IT_SUBITO_SLOT_PREMIUM,6.06,541,8,2
2024-05-27,Trentino-Alto Adige,Subito Lavoro,AZ_IT_SUBITO_SPONSORED_ANNUNCI,2.34,185,3,1
2024-05-27,Umbria,Subito Lavoro,AZ_IT_SUBITO_RETARGETING,1.53,219,2,0
2024-05-27,Umbria,Subito Lavoro,AZ_IT_SUBITO_SLOT_PREMIUM,5.40,497,8,1
2024-05-27,Umbria,Subito Lavoro,AZ_IT_SUBITO_SPONSORED_ANNUNCI,2.39,180,3,1
2024-05-27,Valle d'Aosta,Subito Lavoro,AZ_IT_SUBITO_RETARGETING,0.25,36,0,0
2024-05-27,Valle d'Aosta,Subito Lavoro,AZ_IT_SUBITO_SLOT_PREMIUM,0.59,56,1,0
2024-05-27,Valle d'Aosta,Subito Lavoro,AZ_IT_SUBITO_SPONSORED_ANNUNCI,0.71,55,1,0
2024-05-27,Veneto,Subito Lavoro,AZ_IT_SUBITO_RETARGETING,13.03,1942,25,3
2024-05-27,Veneto,Subito Lavoro,AZ_IT_SUBITO_SLOT_PREMIUM,22.80,2023,27,4
2024-05-27,Veneto,Subito Lavoro,AZ_IT_SUBITO_SPONSORED_ANNUNCI,18.74,1479,25,4
2024-06-03,Abruzzo,Subito Lavoro,AZ_IT_SUBITO_RETARGETING,3.75,540,7,0
2024-06-03,Abruzzo,Subito Lavoro,AZ_IT_SUBITO_SLOT_PREMIUM,12.78,1171,15,1
2024-06-03,Abruzzo,Subito Lavoro,AZ_IT_SUBITO_SPONSORED_ANNUNCI,7.11,526,9,1
2024-06-03,Basilicata,Subito Lavoro,AZ_IT_SUBITO_RETARGETING,1.74,245,3,0
2024-06-03,Basilicata,Subito Lavoro,AZ_IT_SUBITO_SLOT_PREMIUM,7.94,712,10,1
2024-06-03,Basilicata,Subito Lavoro,AZ_IT_SUBITO_SPONSORED_ANNUNCI,2.51,196,3,0
2024-06-03,Calabria,Subito Lavoro,AZ_IT_SUBITO_RETARGETING,6.50,880,11,1
2024-06-03,Calabria,Subito Lavoro,AZ_IT_SUBITO_SLOT_PREMIUM,27.57,2612,34,3
2024-06-03,Calabria,Subito Lavoro,AZ_IT_SUBITO_SPONSORED_ANNUNCI,13.95,1055,16,2
2024-06-03,Campania,Subito Lavoro,AZ_IT_SUBITO_RETARGETING,13.30,1832,22,1
2024-06-03,Campania,Subito Lavoro,AZ_IT_SUBITO_SLOT_PREMIUM,67.16,6178,71,6
2024-06-03,Campania,Subito Lavoro,AZ_IT_SUBITO_SPONSORED_ANNUNCI,26.34,2066,35,3
2024-06-03,Emilia-Romagna,Subito Lavoro,AZ_IT_SUBITO_RETARGETING,9.76,1338,19,1
2024-06-03,Emilia-Romagna,Subito Lavoro,AZ_IT_SUBITO_SLOT_PREMIUM,60.82,5465,79,5
2024-06-03,Emilia-Romagna,Subito Lavoro,AZ_IT_SUBITO_SPONSORED_ANNUNCI,23.99,1796,31,3
2024-06-03,Friuli-Venezia Giulia,Subito Lavoro,AZ_IT_SUBITO_RETARGETING,3.88,529,6,0
2024-06-03,Friuli-Venezia Giulia,Subito Lavoro,AZ_IT_SUBITO_SLOT_PREMIUM,13.58,1264,17,2
2024-06-03,Friuli-Venezia Giulia,Subito Lavoro,AZ_IT_SUBITO_SPONSORED_ANNUNCI,5.52,437,7,1
2024-06-03,Lazio,Subito Lavoro,AZ_IT_SUBITO_RETARGETING,19.07,2718,34,2
2024-06-03,Lazio,Subito Lavoro,AZ_IT_SUBITO_SLOT_PREMIUM,52.18,4592,64,5
2024-06-03,Lazio,Subito Lavoro,AZ_IT_SUBITO_SPONSORED_ANNUNCI,19.60,1353,22,4
2024-06-03,Liguria,Subito Lavoro,AZ_IT_SUBITO_RETARGETING,6.94,922,13,0
2024-06-03,Liguria,Subito Lavoro,AZ_IT_SUBITO_SLOT_PREMIUM,15.40,1412,20,1
2024-06-03,Liguria,Subito Lavoro,AZ_IT_SUBITO_SPONSORED_ANNUNCI,10.18,758,14,1
2024-06-03,Lombardia,Subito Lavoro,AZ_IT_SUBITO_RETARGETING,31.40,4462,50,3
2024-06-03,Lombardia,Subito Lavoro,AZ_IT_SUBITO_SLOT_PREMIUM,87.44,7902,106,9
2024-06-03,Lombardia,Subito Lavoro,AZ_IT_SUBITO_SPONSORED_ANNUNCI,60.04,4895,87,9
2024-06-03,Marche,Subito Lavoro,AZ_IT_SUBITO_RETARGETING,3.66,522,6,1
2024-06-03,Marche,Subito Lavoro,AZ_IT_SUBITO_SLOT_PREMIUM,9.32,865,10,1
2024-06-03,Marche,Subito Lavoro,AZ_IT_SUBITO_SPONSORED_ANNUNCI,10.25,801,14,2
2024-06-03,Molise,Subito Lavoro,AZ_IT_SUBITO_RETARGETING,1.07,154,2,0
2024-06-03,Molise,Subito Lavoro,AZ_IT_SUBITO_SLOT_PREMIUM,2.48,213,3,0
2024-06-03,Molise,Subito Lavoro,AZ_IT_SUBITO_SPONSORED_ANNUNCI,1.97,147,2,0
2024-06-03,Piemonte,Subito Lavoro,AZ_IT_SUBITO_RETARGETING,15.68,2275,23,1
2024-06-03,Piemonte,Subito Lavoro,AZ_IT_SUBITO_SLOT_PREMIUM,38.01,3375,43,3
2024-06-03,Piemonte,Subito Lavoro,AZ_IT_SUBITO_SPONSORED_ANNUNCI,13.92,1035,17,2
2024-06-03,Puglia,Subito Lavoro,AZ_IT_SUBITO_RETARGETING,8.70,1255,15,1
2024-06-03,Puglia,Subito Lavoro,AZ_IT_SUBITO_SLOT_PREMIUM,47.12,4247,55,3
2024-06-03,Puglia,Subito Lavoro,AZ_IT_SUBITO_SPONSORED_ANNUNCI,27.94,2116,38,3
2024-06-03,Sardegna,Subito Lavoro,AZ_IT_SUBITO_RETARGETING,4.37,635,8,0
2024-06-03,Sardegna,Subito Lavoro,AZ_IT_SUBITO_SLOT_PREMIUM,18.02,1562,21,2
2024-06-03,Sardegna,Subito Lavoro,AZ_IT_SUBITO_SPONSORED_ANNUNCI,5.54,424,7,1
2024-06-03,Sicilia,Subito Lavoro,AZ_IT_SUBITO_RETARGETING,12.44,1732,22,1
2024-06-03,Sicilia,Subito Lavoro,AZ_IT_SUBITO_SLOT_PREMIUM,45.40,3907,56,3
2024-06-03,Sicilia,Subito Lavoro,AZ_IT_SUBITO_SPONSORED_ANNUNCI,25.38,1937,36,3
2024-06-03,Toscana,Subito Lavoro,AZ_IT_SUBITO_RETARGETING,7.80,1094,13,1
2024-06-03,Toscana,Subito Lavoro,AZ_IT_SUBITO_SLOT_PREMIUM,30.95,2910,40,3
2024-06-03,Toscana,Subito Lavoro,AZ_IT_SUBITO_SPONSORED_ANNUNCI,29.97,2387,42,5
2024-06-03,Trentino-Alto Adige,Subito Lavoro,AZ_IT_SUBITO_RETARGETING,1.79,279,4,0
2024-06-03,Trentino-Alto Adige,Subito Lavoro,AZ_IT_SUBITO_SLOT_PREMIUM,12.36,1118,15,1
2024-06-03,Trentino-Alto Adige,Subito Lavoro,AZ_IT_SUBITO_SPONSORED_ANNUNCI,5.20,425,7,1
2024-06-03,Umbria,Subito Lavoro,AZ_IT_SUBITO_RETARGETING,2.41,354,4,0
2024-06-03,Umbria,Subito Lavoro,AZ_IT_SUBITO_SLOT_PREMIUM,8.58,813,11,1
2024-06-03,Umbria,Subito Lavoro,AZ_IT_SUBITO_SPONSORED_ANNUNCI,3.54,271,4,1
2024-06-03,Valle d'Aosta,Subito Lavoro,AZ_IT_SUBITO_RETARGETING,0.19,28,0,0
2024-06-03,Valle d'Aosta,Subito Lavoro,AZ_IT_SUBITO_SLOT_PREMIUM,1.23,112,2,0
2024-06-03,Valle d'Aosta,Subito Lavoro,AZ_IT_SUBITO_SPONSORED_ANNUNCI,0.53,41,1,0
2024-06-03,Veneto,Subito Lavoro,AZ_IT_SUBITO_RETARGETING,14.27,1941,23,1
2024-06-03,Veneto,Subito Lavoro,AZ_IT_SUBITO_SLOT_PREMIUM,51.27,4826,73,5
2024-06-03,Veneto,Subito Lavoro,AZ_IT_SUBITO_SPONSORED_ANNUNCI,23.37,1779,30,4
2024-06-10,Abruzzo,Subito Lavoro,AZ_IT_SUBITO_RETARGETING,2.13,315,4,0
2024-06-10,Abruzzo,Subito Lavoro,AZ_IT_SUBITO_SLOT_PREMIUM,8.01,704,12,1
2024-06-10,Abruzzo,Subito Lavoro,AZ_IT_SUBITO_SPONSORED_ANNUNCI,6.61,493,8,1
2024-06-10,Basilicata,Subito Lavoro,AZ_IT_SUBITO_RETARGETING,1.25,168,2,0
2024-06-10,Basilicata,Subito Lavoro,AZ_IT_SUBITO_SLOT_PREMIUM,2.91,270,3,0
2024-06-10,Basilicata,Subito Lavoro,AZ_IT_SUBITO_SPONSORED_ANNUNCI,1.45,114,2,0
2024-06-10,Calabria,Subito Lavoro,AZ_IT_SUBITO_RETARGETING,4.47,606,7,1
2024-06-10,Calabria,Subito Lavoro,AZ_IT_SUBITO_SLOT_PREMIUM,11.10,966,14,2
2024-06-10,Calabria,Subito Lavoro,AZ_IT_SUBITO_SPONSORED_ANNUNCI,7.98,615,11,2
2024-06-10,Campania,Subito Lavoro,AZ_IT_SUBITO_RETARGETING,12.91,1889,22,1
2024-06-10,Campania,Subito Lavoro,AZ_IT_SUBITO_SLOT_PREMIUM,31.91,2938,36,2
2024-06-10,Campania,Subito Lavoro,AZ_IT_SUBITO_SPONSORED_ANNUNCI,27.06,2159,35,4
2024-06-10,Emilia-Romagna,Subito Lavoro,AZ_IT_SUBITO_RETARGETING,10.25,1533,17,1
2024-06-10,Emilia-Romagna,Subito Lavoro,AZ_IT_SUBITO_SLOT_PREMIUM,26.63,2586,37,3
2024-06-10,Emilia-Romagna,Subito Lavoro,AZ_IT_SUBITO_SPONSORED_ANNUNCI,22.16,1668,29,3
2024-06-10,Friuli-Venezia Giulia,Subito Lavoro,AZ_IT_SUBITO_RETARGETING,2.12,292,4,0
2024-06-10,Friuli-Venezia Giulia,Subito Lavoro,AZ_IT_SUBITO_SLOT_PREMIUM,10.32,928,11,1
2024-06-10,Friuli-Venezia Giulia,Subito Lavoro,AZ_IT_SUBITO_SPONSORED_ANNUNCI,3.48,268,5,1
2024-06-10,Lazio,Subito Lavoro,AZ_IT_SUBITO_RETARGETING,7.13,983,12,1
2024-06-10,Lazio,Subito Lavoro,AZ_IT_SUBITO_SLOT_PREMIUM,45.37,4164,56,5
2024-06-10,Lazio,Subito Lavoro,AZ_IT_SUBITO_SPONSORED_ANNUNCI,21.13,1554,25,3
2024-06-10,Liguria,Subito Lavoro,AZ_IT_SUBITO_RETARGETING,1.91,269,3,0
2024-06-10,Liguria,Subito Lavoro,AZ_IT_SUBITO_SLOT_PREMIUM,9.52,858,11,1
2024-06-10,Liguria,Subito Lavoro,AZ_IT_SUBITO_SPONSORED_ANNUNCI,6.40,492,8,1
2024-06-10,Lombardia,Subito Lavoro,AZ_IT_SUBITO_RETARGETING,36.87,4869,62,4
2024-06-10,Lombardia,Subito Lavoro,AZ_IT_SUBITO_SLOT_PREMIUM,89.74,8251,115,7
2024-06-10,Lombardia,Subito Lavoro,AZ_IT_SUBITO_SPONSORED_ANNUNCI,53.70,4168,80,8
2024-06-10,Marche,Subito Lavoro,AZ_IT_SUBITO_RETARGETING,3.31,475,6,1
2024-06-10,Marche,Subito Lavoro,AZ_IT_SUBITO_SLOT_PREMIUM,8.34,756,10,1
2024-06-10,Marche,Subito Lavoro,AZ_IT_SUBITO_SPONSORED_ANNUNCI,2.98,225,4,1
2024-06-10,Molise,Subito Lavoro,AZ_IT_SUBITO_RETARGETING,0.70,102,1,0
2024-06-10,Molise,Subito Lavoro,AZ_IT_SUBITO_SLOT_PREMIUM,1.51,148,2,0
2024-06-10,Molise,Subito Lavoro,AZ_IT_SUBITO_SPONSORED_ANNUNCI,1.81,140,3,0
2024-06-10,Piemonte,Subito Lavoro,AZ_IT_SUBITO_RETARGETING,7.33,1024,12,1
2024-06-10,Piemonte,Subito Lavoro,AZ_IT_SUBITO_SLOT_PREMIUM,55.77,5127,70,5
2024-06-10,Piemonte,Subito Lavoro,AZ_IT_SUBITO_SPONSORED_ANNUNCI,13.05,1013,17,1
2024-06-10,Puglia,Subito Lavoro,AZ_IT_SUBITO_RETARGETING,11.05,1468,17,1
2024-06-10,Puglia,Subito Lavoro,AZ_IT_SUBITO_SLOT_PREMIUM,22.23,1967,29,2
2024-06-10,Puglia,Subito Lavoro,AZ_IT_SUBITO_SPONSORED_ANNUNCI,10.59,770,13,1
2024-06-10,Sardegna,Subito Lavoro,AZ_IT_SUBITO_RETARGETING,3.87,540,7,0
2024-06-10,Sardegna,Subito Lavoro,AZ_IT_SUBITO_SLOT_PREMIUM,10.55,941,13,1
2024-06-10,Sardegna,Subito Lavoro,AZ_IT_SUBITO_SPONSORED_ANNUNCI,11.44,846,15,1
2024-06-10,Sicilia,Subito Lavoro,AZ_IT_SUBITO_RETARGETING,8.97,1332,15,1
2024-06-10,Sicilia,Subito Lavoro,AZ_IT_SUBITO_SLOT_PREMIUM,22.62,2142,34,2
2024-06-10,Sicilia,Subito Lavoro,AZ_IT_SUBITO_SPONSORED_ANNUNCI,25.53,1956,36,3
2024-06-10,Toscana,Subito Lavoro,AZ_IT_SUBITO_RETARGETING,10.82,1583,19,2
2024-06-10,Toscana,Subito Lavoro,AZ_IT_SUBITO_SLOT_PREMIUM,20.46,1843,25,2
2024-06-10,Toscana,Subito Lavoro,AZ_IT_SUBITO_SPONSORED_ANNUNCI,17.92,1356,21,4
2024-06-10,Trentino-Alto Adige,Subito Lavoro,AZ_IT_SUBITO_RETARGETING,1.75,249,3,0
2024-06-10,Trentino-Alto Adige,Subito Lavoro,AZ_IT_SUBITO_SLOT_PREMIUM,8.62,813,12,1
2024-06-10,Trentino-Alto Adige,Subito Lavoro,AZ_IT_SUBITO_SPONSORED_ANNUNCI,5.68,451,6,1
2024-06-10,Umbria,Subito Lavoro,AZ_IT_SUBITO_RETARGETING,1.60,227,3,0
2024-06-10,Umbria,Subito Lavoro,AZ_IT_SUBITO_SLOT_PREMIUM,4.22,395,5,1
2024-06-10,Umbria,Subito Lavoro,AZ_IT_SUBITO_SPONSORED_ANNUNCI,3.53,275,5,1
2024-06-10,Valle d'Aosta,Subito Lavoro,AZ_IT_SUBITO_RETARGETING,0.21,30,0,0
2024-06-10,Valle d'Aosta,Subito Lavoro,AZ_IT_SUBITO_SLOT_PREMIUM,0.63,56,1,0
2024-06-10,Valle d'Aosta,Subito Lavoro,AZ_IT_SUBITO_SPONSORED_ANNUNCI,0.56,43,1,0
2024-06-10,Veneto,Subito Lavoro,AZ_IT_SUBITO_RETARGETING,18.25,2673,31,2
2024-06-10,Veneto,Subito Lavoro,AZ_IT_SUBITO_SLOT_PREMIUM,32.29,2883,38,3
2024-06-10,Veneto,Subito Lavoro,AZ_IT_SUBITO_SPONSORED_ANNUNCI,21.00,1647,28,3
2024-06-17,Abruzzo,Subito Lavoro,AZ_IT_SUBITO_RETARGETING,3.58,523,6,0
2024-06-17,Abruzzo,Subito Lavoro,AZ_IT_SUBITO_SLOT_PREMIUM,11.24,1038,15,1
2024-06-17,Abruzzo,Subito Lavoro,AZ_IT_SUBITO_SPONSORED_ANNUNCI,7.35,577,10,1
2024-06-17,Basilicata,Subito Lavoro,AZ_IT_SUBITO_RETARGETING,1.60,219,2,0
2024-06-17,Basilicata,Subito Lavoro,AZ_IT_SUBITO_SLOT_PREMIUM,3.92,345,5,0
2024-06-17,Basilicata,Subito Lavoro,AZ_IT_SUBITO_SPONSORED_ANNUNCI,2.10,159,3,0
2024-06-17,Calabria,Subito Lavoro,AZ_IT_SUBITO_RETARGETING,4.81,681,9,1
2024-06-17,Calabria,Subito Lavoro,AZ_IT_SUBITO_SLOT_PREMIUM,18.98,1787,25,2
2024-06-17,Calabria,Subito Lavoro,AZ_IT_SUBITO_SPONSORED_ANNUNCI,6.79,531,10,1
2024-06-17,Campania,Subito Lavoro,AZ_IT_SUBITO_RETARGETING,14.61,2058,25,1
2024-06-17,Campania,Subito Lavoro,AZ_IT_SUBITO_SLOT_PREMIUM,32.90,2936,39,2
2024-06-17,Campania,Subito Lavoro,AZ_IT_SUBITO_SPONSORED_ANNUNCI,31.55,2553,45,3
2024-06-17,Emilia-Romagna,Subito Lavoro,AZ_IT_SUBITO_RETARGETING,8.61,1272,14,1
2024-06-17,Emilia-Romagna,Subito Lavoro,AZ_IT_SUBITO_SLOT_PREMIUM,27.39,2480,36,2
2024-06-17,Emilia-Romagna,Subito Lavoro,AZ_IT_SUBITO_SPONSORED_ANNUNCI,10.47,824,13,2
2024-06-17,Friuli-Venezia Giulia,Subito Lavoro,AZ_IT_SUBITO_RETARGETING,1.73,256,3,0
2024-06-17,Friuli-Venezia Giulia,Subito Lavoro,AZ_IT_SUBITO_SLOT_PREMIUM,9.85,905,13,1
2024-06-17,Friuli-Venezia Giulia,Subito Lavoro,AZ_IT_SUBITO_SPONSORED_ANNUNCI,4.54,345,5,1
2024-06-17,Lazio,Subito Lavoro,AZ_IT_SUBITO_RETARGETING,9.85,1374,18,1
2024-06-17,Lazio,Subito Lavoro,AZ_IT_SUBITO_SLOT_PREMIUM,49.57,4562,70,4
2024-06-17,Lazio,Subito Lavoro,AZ_IT_SUBITO_SPONSORED_ANNUNCI,25.63,1857,28,4
2024-06-17,Liguria,Subito Lavoro,AZ_IT_SUBITO_RETARGETING,3.76,545,6,0
2024-06-17,Liguria,Subito Lavoro,AZ_IT_SUBITO_SLOT_PREMIUM,9.37,827,9,1
2024-06-17,Liguria,Subito Lavoro,AZ_IT_SUBITO_SPONSORED_ANNUNCI,6.95,512,9,1
2024-06-17,Lombardia,Subito Lavoro,AZ_IT_SUBITO_RETARGETING,20.59,3000,30,2
2024-06-17,Lombardia,Subito Lavoro,AZ_IT_SUBITO_SLOT_PREMIUM,75.88,6490,95,7
2024-06-17,Lombardia,Subito Lavoro,AZ_IT_SUBITO_SPONSORED_ANNUNCI,53.60,4141,78,7
2024-06-17,Marche,Subito Lavoro,AZ_IT_SUBITO_RETARGETING,3.24,461,5,0
2024-06-17,Marche,Subito Lavoro,AZ_IT_SUBITO_SLOT_PREMIUM,11.55,1031,15,1
2024-06-17,Marche,Subito Lavoro,AZ_IT_SUBITO_SPONSORED_ANNUNCI,8.30,622,9,1
2024-06-17,Molise,Subito Lavoro,AZ_IT_SUBITO_RETARGETING,0.45,65,1,0
2024-06-17,Molise,Subito Lavoro,AZ_IT_SUBITO_SLOT_PREMIUM,1.62,149,2,0
2024-06-17,Molise,Subito Lavoro,AZ_IT_SUBITO_SPONSORED_ANNUNCI,1.38,103,2,0
2024-06-17,Piemonte,Subito Lavoro,AZ_IT_SUBITO_RETARGETING,6.05,900,10,1
2024-06-17,Piemonte,Subito Lavoro,AZ_IT_SUBITO_SLOT_PREMIUM,29.67,2775,41,2
2024-06-17,Piemonte,Subito Lavoro,AZ_IT_SUBITO_SPONSORED_ANNUNCI,15.79,1243,23,2
2024-06-17,Puglia,Subito Lavoro,AZ_IT_SUBITO_RETARGETING,9.03,1270,15,1
2024-06-17,Puglia,Subito Lavoro,AZ_IT_SUBITO_SLOT_PREMIUM,27.09,2357,34,2
2024-06-17,Puglia,Subito Lavoro,AZ_IT_SUBITO_SPONSORED_ANNUNCI,8.49,675,11,1
2024-06-17,Sardegna,Subito Lavoro,AZ_IT_SUBITO_RETARGETING,2.04,302,4,0
2024-06-17,Sardegna,Subito Lavoro,AZ_IT_SUBITO_SLOT_PREMIUM,10.49,952,13,1
2024-06-17,Sardegna,Subito Lavoro,AZ_IT_SUBITO_SPONSORED_ANNUNCI,6.66,496,9,1
2024-06-17,Sicilia,Subito Lavoro,AZ_IT_SUBITO_RETARGETING,9.07,1339,15,1
2024-06-17,Sicilia,Subito Lavoro,AZ_IT_SUBITO_SLOT_PREMIUM,24.33,2101,27,2
2024-06-17,Sicilia,Subito Lavoro,AZ_IT_SUBITO_SPONSORED_ANNUNCI,20.89,1681,27,2
2024-06-17,Toscana,Subito Lavoro,AZ_IT_SUBITO_RETARGETING,6.85,985,11,1
2024-06-17,Toscana,Subito Lavoro,AZ_IT_SUBITO_SLOT_PREMIUM,27.94,2358,34,3
2024-06-17,Toscana,Subito Lavoro,AZ_IT_SUBITO_SPONSORED_ANNUNCI,11.55,873,14,2
2024-06-17,Trentino-Alto Adige,Subito Lavoro,AZ_IT_SUBITO_RETARGETING,1.42,198,2,0
2024-06-17,Trentino-Alto Adige,Subito Lavoro,AZ_IT_SUBITO_SLOT_PREMIUM,6.69,648,10,1
2024-06-17,Trentino-Alto Adige,Subito Lavoro,AZ_IT_SUBITO_SPONSORED_ANNUNCI,3.82,295,5,1
2024-06-17,Umbria,Subito Lavoro,AZ_IT_SUBITO_RETARGETING,1.55,224,3,0
2024-06-17,Umbria,Subito Lavoro,AZ_IT_SUBITO_SLOT_PREMIUM,6.66,596,8,1
2024-06-17,Umbria,Subito Lavoro,AZ_IT_SUBITO_SPONSORED_ANNUNCI,4.55,332,5,1
2024-06-17,Valle d'Aosta,Subito Lavoro,AZ_IT_SUBITO_RETARGETING,0.27,39,0,0
2024-06-17,Valle d'Aosta,Subito Lavoro,AZ_IT_SUBITO_SLOT_PREMIUM,0.71,65,1,0
2024-06-17,Valle d'Aosta,Subito Lavoro,AZ_IT_SUBITO_SPONSORED_ANNUNCI,0.64,50,1,0
2024-06-17,Veneto,Subito Lavoro,AZ_IT_SUBITO_RETARGETING,10.67,1447,18,1
2024-06-17,Veneto,Subito Lavoro,AZ_IT_SUBITO_SLOT_PREMIUM,51.22,4764,62,4
2024-06-17,Veneto,Subito Lavoro,AZ_IT_SUBITO_SPONSORED_ANNUNCI,21.81,1597,27,3
2024-06-24,Abruzzo,Subito Lavoro,AZ_IT_SUBITO_RETARGETING,3.74,543,7,0
2024-06-24,Abruzzo,Subito Lavoro,AZ_IT_SUBITO_SLOT_PREMIUM,9.93,951,14,1
2024-06-24,Abruzzo,Subito Lavoro,AZ_IT_SUBITO_SPONSORED_ANNUNCI,13.92,1021,20,1
2024-06-24,Basilicata,Subito Lavoro,AZ_IT_SUBITO_RETARGETING,1.58,221,2,0
2024-06-24,Basilicata,Subito Lavoro,AZ_IT_SUBITO_SLOT_PREMIUM,8.28,748,11,1
2024-06-24,Basilicata,Subito Lavoro,AZ_IT_SUBITO_SPONSORED_ANNUNCI,4.14,320,5,0
2024-06-24,Calabria,Subito Lavoro,AZ_IT_SUBITO_RETARGETING,9.45,1369,16,1
2024-06-24,Calabria,Subito Lavoro,AZ_IT_SUBITO_SLOT_PREMIUM,18.35,1632,22,2
2024-06-24,Calabria,Subito Lavoro,AZ_IT_SUBITO_SPONSORED_ANNUNCI,14.47,1060,17,2
2024-06-24,Campania,Subito Lavoro,AZ_IT_SUBITO_RETARGETING,20.41,3035,38,1
2024-06-24,Campania,Subito Lavoro,AZ_IT_SUBITO_SLOT_PREMIUM,93.15,8314,113,5
2024-06-24,Campania,Subito Lavoro,AZ_IT_SUBITO_SPONSORED_ANNUNCI,45.02,3446,61,4
2024-06-24,Emilia-Romagna,Subito Lavoro,AZ_IT_SUBITO_RETARGETING,19.29,2603,32,2
2024-06-24,Emilia-Romagna,Subito Lavoro,AZ_IT_SUBITO_SLOT_PREMIUM,77.22,6966,101,5
2024-06-24,Emilia-Romagna,Subito Lavoro,AZ_IT_SUBITO_SPONSORED_ANNUNCI,35.40,2610,45,4
2024-06-24,Friuli-Venezia Giulia,Subito Lavoro,AZ_IT_SUBITO_RETARGETING,4.73,654,7,0
2024-06-24,Friuli-Venezia Giulia,Subito Lavoro,AZ_IT_SUBITO_SLOT_PREMIUM,25.02,2274,32,2
2024-06-24,Friuli-Venezia Giulia,Subito Lavoro,AZ_IT_SUBITO_SPONSORED_ANNUNCI,8.05,637,10,1
2024-06-24,Lazio,Subito Lavoro,AZ_IT_SUBITO_RETARGETING,14.48,1993,23,1
2024-06-24,Lazio,Subito Lavoro,AZ_IT_SUBITO_SLOT_PREMIUM,74.81,6801,92,6
2024-06-24,Lazio,Subito Lavoro,AZ_IT_SUBITO_SPONSORED_ANNUNCI,49.66,3912,63,7
2024-06-24,Liguria,Subito Lavoro,AZ_IT_SUBITO_RETARGETING,4.23,587,7,0
2024-06-24,Liguria,Subito Lavoro,AZ_IT_SUBITO_SLOT_PREMIUM,25.73,2296,28,1
2024-06-24,Liguria,Subito Lavoro,AZ_IT_SUBITO_SPONSORED_ANNUNCI,13.29,996,16,1
2024-06-24,Lombardia,Subito Lavoro,AZ_IT_SUBITO_RETARGETING,48.79,6995,82,4
2024-06-24,Lombardia,Subito Lavoro,AZ_IT_SUBITO_SLOT_PREMIUM,133.80,11761,153,11
2024-06-24,Lombardia,Subito Lavoro,AZ_IT_SUBITO_SPONSORED_ANNUNCI,55.79,4377,73,6
2024-06-24,Marche,Subito Lavoro,AZ_IT_SUBITO_RETARGETING,7.47,1054,14,1
2024-06-24,Marche,Subito Lavoro,AZ_IT_SUBITO_SLOT_PREMIUM,24.07,2297,35,2
2024-06-24,Marche,Subito Lavoro,AZ_IT_SUBITO_SPONSORED_ANNUNCI,7.64,574,10,1
2024-06-24,Molise,Subito Lavoro,AZ_IT_SUBITO_RETARGETING,1.08,147,2,0
2024-06-24,Molise,Subito Lavoro,AZ_IT_SUBITO_SLOT_PREMIUM,3.57,324,5,0
2024-06-24,Molise,Subito Lavoro,AZ_IT_SUBITO_SPONSORED_ANNUNCI,2.14,169,3,0
2024-06-24,Piemonte,Subito Lavoro,AZ_IT_SUBITO_RETARGETING,12.16,1651,22,1
2024-06-24,Piemonte,Subito Lavoro,AZ_IT_SUBITO_SLOT_PREMIUM,57.30,5070,69,3
2024-06-24,Piemonte,Subito Lavoro,AZ_IT_SUBITO_SPONSORED_ANNUNCI,38.39,2964,48,3
2024-06-24,Puglia,Subito Lavoro,AZ_IT_SUBITO_RETARGETING,11.37,1504,17,1
2024-06-24,Puglia,Subito Lavoro,AZ_IT_SUBITO_SLOT_PREMIUM,50.70,4340,62,3
2024-06-24,Puglia,Subito Lavoro,AZ_IT_SUBITO_SPONSORED_ANNUNCI,22.34,1783,33,2
2024-06-24,Sardegna,Subito Lavoro,AZ_IT_SUBITO_RETARGETING,5.20,755,8,0
2024-06-24,Sardegna,Subito Lavoro,AZ_IT_SUBITO_SLOT_PREMIUM,22.14,2025,28,1
2024-06-24,Sardegna,Subito Lavoro,AZ_IT_SUBITO_SPONSORED_ANNUNCI,8.59,648,11,1
2024-06-24,Sicilia,Subito Lavoro,AZ_IT_SUBITO_RETARGETING,18.49,2583,30,1
2024-06-24,Sicilia,Subito Lavoro,AZ_IT_SUBITO_SLOT_PREMIUM,109.07,9838,132,7
2024-06-24,Sicilia,Subito Lavoro,AZ_IT_SUBITO_SPONSORED_ANNUNCI,22.93,1758,31,2
2024-06-24,Toscana,Subito Lavoro,AZ_IT_SUBITO_RETARGETING,15.09,2071,27,2
2024-06-24,Toscana,Subito Lavoro,AZ_IT_SUBITO_SLOT_PREMIUM,50.57,4474,60,5
2024-06-24,Toscana,Subito Lavoro,AZ_IT_SUBITO_SPONSORED_ANNUNCI,23.90,1861,32,3
2024-06-24,Trentino-Alto Adige,Subito Lavoro,AZ_IT_SUBITO_RETARGETING,5.41,755,10,0
2024-06-24,Trentino-Alto Adige,Subito Lavoro,AZ_IT_SUBITO_SLOT_PREMIUM,15.20,1414,17,1
2024-06-24,Trentino-Alto Adige,Subito Lavoro,AZ_IT_SUBITO_SPONSORED_ANNUNCI,6.41,516,9,1
2024-06-24,Umbria,Subito Lavoro,AZ_IT_SUBITO_RETARGETING,3.37,480,6,0
2024-06-24,Umbria,Subito Lavoro,AZ_IT_SUBITO_SLOT_PREMIUM,9.46,828,12,1
2024-06-24,Umbria,Subito Lavoro,AZ_IT_SUBITO_SPONSORED_ANNUNCI,4.86,375,7,1
2024-06-24,Valle d'Aosta,Subito Lavoro,AZ_IT_SUBITO_RETARGETING,0.51,72,1,0
2024-06-24,Valle d'Aosta,Subito Lavoro,AZ_IT_SUBITO_SLOT_PREMIUM,2.36,215,3,0
2024-06-24,Valle d'Aosta,Subito Lavoro,AZ_IT_SUBITO_SPONSORED_ANNUNCI,0.56,42,1,0
2024-06-24,Veneto,Subito Lavoro,AZ_IT_SUBITO_RETARGETING,24.93,3650,43,2
2024-06-24,Veneto,Subito Lavoro,AZ_IT_SUBITO_SLOT_PREMIUM,67.28,6206,85,4
2024-06-24,Veneto,Subito Lavoro,AZ_IT_SUBITO_SPONSORED_ANNUNCI,49.78,3627,62,5
2024-07-01,Abruzzo,Subito Lavoro,AZ_IT_SUBITO_RETARGETING,6.87,990,12,0
2024-07-01,Abruzzo,Subito Lavoro,AZ_IT_SUBITO_SLOT_PREMIUM,19.77,1739,26,1
2024-07-01,Abruzzo,Subito Lavoro,AZ_IT_SUBITO_SPONSORED_ANNUNCI,8.61,656,10,1
2024-07-01,Basilicata,Subito Lavoro,AZ_IT_SUBITO_RETARGETING,1.58,224,3,0
2024-07-01,Basilicata,Subito Lavoro,AZ_IT_SUBITO_SLOT_PREMIUM,9.18,837,11,1
2024-07-01,Basilicata,Subito Lavoro,AZ_IT_SUBITO_SPONSORED_ANNUNCI,5.18,398,6,1
2024-07-01,Calabria,Subito Lavoro,AZ_IT_SUBITO_RETARGETING,5.68,782,10,1
2024-07-01,Calabria,Subito Lavoro,AZ_IT_SUBITO_SLOT_PREMIUM,19.18,1729,23,2
2024-07-01,Calabria,Subito Lavoro,AZ_IT_SUBITO_SPONSORED_ANNUNCI,13.45,969,15,2
2024-07-01,Campania,Subito Lavoro,AZ_IT_SUBITO_RETARGETING,17.78,2620,32,1
2024-07-01,Campania,Subito Lavoro,AZ_IT_SUBITO_SLOT_PREMIUM,102.06,9439,120,8
2024-07-01,Campania,Subito Lavoro,AZ_IT_SUBITO_SPONSORED_ANNUNCI,38.59,2970,46,3
2024-07-01,Emilia-Romagna,Subito Lavoro,AZ_IT_SUBITO_RETARGETING,14.38,2095,27,1
2024-07-01,Emilia-Romagna,Subito Lavoro,AZ_IT_SUBITO_SLOT_PREMIUM,73.25,6805,105,6
2024-07-01,Emilia-Romagna,Subito Lavoro,AZ_IT_SUBITO_SPONSORED_ANNUNCI,37.37,2942,55,4
2024-07-01,Friuli-Venezia Giulia,Subito Lavoro,AZ_IT_SUBITO_RETARGETING,4.92,659,7,0
2024-07-01,Friuli-Venezia Giulia,Subito Lavoro,AZ_IT_SUBITO_SLOT_PREMIUM,19.30,1624,21,2
2024-07-01,Friuli-Venezia Giulia,Subito Lavoro,AZ_IT_SUBITO_SPONSORED_ANNUNCI,8.02,591,9,1
2024-07-01,Lazio,Subito Lavoro,AZ_IT_SUBITO_RETARGETING,28.24,4134,45,2
2024-07-01,Lazio,Subito Lavoro,AZ_IT_SUBITO_SLOT_PREMIUM,117.96,10864,151,9
2024-07-01,Lazio,Subito Lavoro,AZ_IT_SUBITO_SPONSORED_ANNUNCI,44.81,3376,56,4
2024-07-01,Liguria,Subito Lavoro,AZ_IT_SUBITO_RETARGETING,5.87,851,10,0
2024-07-01,Liguria,Subito Lavoro,AZ_IT_SUBITO_SLOT_PREMIUM,34.23,3153,41,2
2024-07-01,Liguria,Subito Lavoro,AZ_IT_SUBITO_SPONSORED_ANNUNCI,10.36,742,13,1
2024-07-01,Lombardia,Subito Lavoro,AZ_IT_SUBITO_RETARGETING,56.76,8214,105,4
2024-07-01,Lombardia,Subito Lavoro,AZ_IT_SUBITO_SLOT_PREMIUM,166.77,15967,236,14
2024-07-01,Lombardia,Subito Lavoro,AZ_IT_SUBITO_SPONSORED_ANNUNCI,84.38,6386,120,9
2024-07-01,Marche,Subito Lavoro,AZ_IT_SUBITO_RETARGETING,3.97,579,7,0
2024-07-01,Marche,Subito Lavoro,AZ_IT_SUBITO_SLOT_PREMIUM,25.98,2412,35,3
2024-07-01,Marche,Subito Lavoro,AZ_IT_SUBITO_SPONSORED_ANNUNCI,15.21,1146,19,2
2024-07-01,Molise,Subito Lavoro,AZ_IT_SUBITO_RETARGETING,1.08,156,2,0
2024-07-01,Molise,Subito Lavoro,AZ_IT_SUBITO_SLOT_PREMIUM,5.91,540,8,0
2024-07-01,Molise,Subito Lavoro,AZ_IT_SUBITO_SPONSORED_ANNUNCI,2.39,188,3,0
2024-07-01,Piemonte,Subito Lavoro,AZ_IT_SUBITO_RETARGETING,20.56,3067,37,1
2024-07-01,Piemonte,Subito Lavoro,AZ_IT_SUBITO_SLOT_PREMIUM,62.31,5596,78,4
2024-07-01,Piemonte,Subito Lavoro,AZ_IT_SUBITO_SPONSORED_ANNUNCI,47.67,3649,56,3
2024-07-01,Puglia,Subito Lavoro,AZ_IT_SUBITO_RETARGETING,14.33,2031,23,1
2024-07-01,Puglia,Subito Lavoro,AZ_IT_SUBITO_SLOT_PREMIUM,99.14,8699,124,5
2024-07-01,Puglia,Subito Lavoro,AZ_IT_SUBITO_SPONSORED_ANNUNCI,42.57,3320,49,3
2024-07-01,Sardegna,Subito Lavoro,AZ_IT_SUBITO_RETARGETING,7.78,1010,13,1
2024-07-01,Sardegna,Subito Lavoro,AZ_IT_SUBITO_SLOT_PREMIUM,20.12,1850,26,2
2024-07-01,Sardegna,Subito Lavoro,AZ_IT_SUBITO_SPONSORED_ANNUNCI,13.50,1064,19,1
2024-07-01,Sicilia,Subito Lavoro,AZ_IT_SUBITO_RETARGETING,9.64,1396,17,1
2024-07-01,Sicilia,Subito Lavoro,AZ_IT_SUBITO_SLOT_PREMIUM,54.69,4881,72,5
2024-07-01,Sicilia,Subito Lavoro,AZ_IT_SUBITO_SPONSORED_ANNUNCI,35.29,2895,49,4
2024-07-01,Toscana,Subito Lavoro,AZ_IT_SUBITO_RETARGETING,19.37,2846,33,2
2024-07-01,Toscana,Subito Lavoro,AZ_IT_SUBITO_SLOT_PREMIUM,62.31,5543,72,6
2024-07-01,Toscana,Subito Lavoro,AZ_IT_SUBITO_SPONSORED_ANNUNCI,46.67,3604,64,5
2024-07-01,Trentino-Alto Adige,Subito Lavoro,AZ_IT_SUBITO_RETARGETING,4.27,610,8,0
2024-07-01,Trentino-Alto Adige,Subito Lavoro,AZ_IT_SUBITO_SLOT_PREMIUM,24.17,2186,32,2
2024-07-01,Trentino-Alto Adige,Subito Lavoro,AZ_IT_SUBITO_SPONSORED_ANNUNCI,8.30,620,11,1
2024-07-01,Umbria,Subito Lavoro,AZ_IT_SUBITO_RETARGETING,4.24,594,7,0
2024-07-01,Umbria,Subito Lavoro,AZ_IT_SUBITO_SLOT_PREMIUM,11.65,1071,14,1
2024-07-01,Umbria,Subito Lavoro,AZ_IT_SUBITO_SPONSORED_ANNUNCI,12.12,906,14,1
2024-07-01,Valle d'Aosta,Subito Lavoro,AZ_IT_SUBITO_RETARGETING,0.52,77,1,0
2024-07-01,Valle d'Aosta,Subito Lavoro,AZ_IT_SUBITO_SLOT_PREMIUM,1.42,133,2,0
2024-07-01,Valle d'Aosta,Subito Lavoro,AZ_IT_SUBITO_SPONSORED_ANNUNCI,0.74,58,1,0
2024-07-01,Veneto,Subito Lavoro,AZ_IT_SUBITO_RETARGETING,16.96,2440,26,1
2024-07-01,Veneto,Subito Lavoro,AZ_IT_SUBITO_SLOT_PREMIUM,102.86,9411,124,6
2024-07-01,Veneto,Subito Lavoro,AZ_IT_SUBITO_SPONSORED_ANNUNCI,49.81,3892,68,4
2024-07-08,Abruzzo,Subito Lavoro,AZ_IT_SUBITO_RETARGETING,4.45,597,7,0
2024-07-08,Abruzzo,Subito Lavoro,AZ_IT_SUBITO_SLOT_PREMIUM,18.99,1741,24,2
2024-07-08,Abruzzo,Subito Lavoro,AZ_IT_SUBITO_SPONSORED_ANNUNCI,9.09,705,12,1
2024-07-08,Basilicata,Subito Lavoro,AZ_IT_SUBITO_RETARGETING,1.08,152,2,0
2024-07-08,Basilicata,Subito Lavoro,AZ_IT_SUBITO_SLOT_PREMIUM,6.92,622,9,0
2024-07-08,Basilicata,Subito Lavoro,AZ_IT_SUBITO_SPONSORED_ANNUNCI,8.17,615,11,1
2024-07-08,Calabria,Subito Lavoro,AZ_IT_SUBITO_RETARGETING,9.86,1355,15,1
2024-07-08,Calabria,Subito Lavoro,AZ_IT_SUBITO_SLOT_PREMIUM,28.77,2579,38,3
2024-07-08,Calabria,Subito Lavoro,AZ_IT_SUBITO_SPONSORED_ANNUNCI,14.59,1170,19,2
2024-07-08,Campania,Subito Lavoro,AZ_IT_SUBITO_RETARGETING,7.92,1133,16,1
2024-07-08,Campania,Subito Lavoro,AZ_IT_SUBITO_SLOT_PREMIUM,82.32,7423,113,5
2024-07-08,Campania,Subito Lavoro,AZ_IT_SUBITO_SPONSORED_ANNUNCI,44.89,3444,55,4
2024-07-08,Emilia-Romagna,Subito Lavoro,AZ_IT_SUBITO_RETARGETING,15.98,2217,28,1
2024-07-08,Emilia-Romagna,Subito Lavoro,AZ_IT_SUBITO_SLOT_PREMIUM,99.87,9133,130,7
2024-07-08,Emilia-Romagna,Subito Lavoro,AZ_IT_SUBITO_SPONSORED_ANNUNCI,53.14,3976,68,5
2024-07-08,Friuli-Venezia Giulia,Subito Lavoro,AZ_IT_SUBITO_RETARGETING,4.59,687,9,0
2024-07-08,Friuli-Venezia Giulia,Subito Lavoro,AZ_IT_SUBITO_SLOT_PREMIUM,22.99,2015,26,2
2024-07-08,Friuli-Venezia Giulia,Subito Lavoro,AZ_IT_SUBITO_SPONSORED_ANNUNCI,10.45,836,16,1
2024-07-08,Lazio,Subito Lavoro,AZ_IT_SUBITO_RETARGETING,16.89,2269,28,2
2024-07-08,Lazio,Subito Lavoro,AZ_IT_SUBITO_SLOT_PREMIUM,55.06,4859,65,7
2024-07-08,Lazio,Subito Lavoro,AZ_IT_SUBITO_SPONSORED_ANNUNCI,42.13,3421,64,6
2024-07-08,Liguria,Subito Lavoro,AZ_IT_SUBITO_RETARGETING,3.70,562,7,0
2024-07-08,Liguria,Subito Lavoro,AZ_IT_SUBITO_SLOT_PREMIUM,21.43,2005,26,1
2024-07-08,Liguria,Subito Lavoro,AZ_IT_SUBITO_SPONSORED_ANNUNCI,11.34,915,14,1
2024-07-08,Lombardia,Subito Lavoro,AZ_IT_SUBITO_RETARGETING,32.15,4914,54,3
2024-07-08,Lombardia,Subito Lavoro,AZ_IT_SUBITO_SLOT_PREMIUM,122.62,11169,166,12
2024-07-08,Lombardia,Subito Lavoro,AZ_IT_SUBITO_SPONSORED_ANNUNCI,59.29,4385,75,7
2024-07-08,Marche,Subito Lavoro,AZ_IT_SUBITO_RETARGETING,4.11,574,7,0
2024-07-08,Marche,Subito Lavoro,AZ_IT_SUBITO_SLOT_PREMIUM,31.40,2618,31,4
2024-07-08,Marche,Subito Lavoro,AZ_IT_SUBITO_SPONSORED_ANNUNCI,12.26,994,18,2
2024-07-08,Molise,Subito Lavoro,AZ_IT_SUBITO_RETARGETING,0.91,127,2,0
2024-07-08,Molise,Subito Lavoro,AZ_IT_SUBITO_SLOT_PREMIUM,3.99,368,5,0
2024-07-08,Molise,Subito Lavoro,AZ_IT_SUBITO_SPONSORED_ANNUNCI,2.84,215,4,0
2024-07-08,Piemonte,Subito Lavoro,AZ_IT_SUBITO_RETARGETING,15.38,2242,27,1
2024-07-08,Piemonte,Subito Lavoro,AZ_IT_SUBITO_SLOT_PREMIUM,80.78,7355,102,6
2024-07-08,Piemonte,Subito Lavoro,AZ_IT_SUBITO_SPONSORED_ANNUNCI,29.72,2238,34,3
2024-07-08,Puglia,Subito Lavoro,AZ_IT_SUBITO_RETARGETING,18.13,2688,32,1
2024-07-08,Puglia,Subito Lavoro,AZ_IT_SUBITO_SLOT_PREMIUM,79.52,7270,109,5
2024-07-08,Puglia,Subito Lavoro,AZ_IT_SUBITO_SPONSORED_ANNUNCI,32.49,2524,46,2
2024-07-08,Sardegna,Subito Lavoro,AZ_IT_SUBITO_RETARGETING,5.18,720,9,0
2024-07-08,Sardegna,Subito Lavoro,AZ_IT_SUBITO_SLOT_PREMIUM,25.15,2285,31,2
2024-07-08,Sardegna,Subito Lavoro,AZ_IT_SUBITO_SPONSORED_ANNUNCI,14.89,1134,18,2
2024-07-08,Sicilia,Subito Lavoro,AZ_IT_SUBITO_RETARGETING,19.87,2795,39,1
2024-07-08,Sicilia,Subito Lavoro,AZ_IT_SUBITO_SLOT_PREMIUM,82.60,7889,106,6
2024-07-08,Sicilia,Subito Lavoro,AZ_IT_SUBITO_SPONSORED_ANNUNCI,25.75,1945,34,3
2024-07-08,Toscana,Subito Lavoro,AZ_IT_SUBITO_RETARGETING,10.46,1564,17,1
2024-07-08,Toscana,Subito Lavoro,AZ_IT_SUBITO_SLOT_PREMIUM,67.74,6153,90,8
2024-07-08,Toscana,Subito Lavoro,AZ_IT_SUBITO_SPONSORED_ANNUNCI,24.35,1847,32,3
2024-07-08,Trentino-Alto Adige,Subito Lavoro,AZ_IT_SUBITO_RETARGETING,4.59,669,8,0
2024-07-08,Trentino-Alto Adige,Subito Lavoro,AZ_IT_SUBITO_SLOT_PREMIUM,14.34,1213,17,1
2024-07-08,Trentino-Alto Adige,Subito Lavoro,AZ_IT_SUBITO_SPONSORED_ANNUNCI,9.08,701,13,1
2024-07-08,Umbria,Subito Lavoro,AZ_IT_SUBITO_RETARGETING,2.61,370,5,0
2024-07-08,Umbria,Subito Lavoro,AZ_IT_SUBITO_SLOT_PREMIUM,12.43,1177,18,2
2024-07-08,Umbria,Subito Lavoro,AZ_IT_SUBITO_SPONSORED_ANNUNCI,6.15,467,8,1
2024-07-08,Valle d'Aosta,Subito Lavoro,AZ_IT_SUBITO_RETARGETING,0.49,70,1,0
2024-07-08,Valle d'Aosta,Subito Lavoro,AZ_IT_SUBITO_SLOT_PREMIUM,1.08,101,1,0
2024-07-08,Valle d'Aosta,Subito Lavoro,AZ_IT_SUBITO_SPONSORED_ANNUNCI,0.88,69,1,0
2024-07-08,Veneto,Subito Lavoro,AZ_IT_SUBITO_RETARGETING,19.79,2976,36,2
2024-07-08,Veneto,Subito Lavoro,AZ_IT_SUBITO_SLOT_PREMIUM,65.45,5830,79,5
2024-07-08,Veneto,Subito Lavoro,AZ_IT_SUBITO_SPONSORED_ANNUNCI,40.05,3064,52,5
2024-07-15,Abruzzo,Subito Lavoro,AZ_IT_SUBITO_RETARGETING,1.84,260,3,0
2024-07-15,Abruzzo,Subito Lavoro,AZ_IT_SUBITO_SLOT_PREMIUM,12.12,1084,14,1
2024-07-15,Abruzzo,Subito Lavoro,AZ_IT_SUBITO_SPONSORED_ANNUNCI,9.27,695,12,1
2024-07-15,Basilicata,Subito Lavoro,AZ_IT_SUBITO_RETARGETING,0.93,130,2,0
2024-07-15,Basilicata,Subito Lavoro,AZ_IT_SUBITO_SLOT_PREMIUM,4.73,443,6,1
2024-07-15,Basilicata,Subito Lavoro,AZ_IT_SUBITO_SPONSORED_ANNUNCI,2.74,203,4,0
2024-07-15,Calabria,Subito Lavoro,AZ_IT_SUBITO_RETARGETING,3.66,527,6,0
2024-07-15,Calabria,Subito Lavoro,AZ_IT_SUBITO_SLOT_PREMIUM,26.31,2586,40,3
2024-07-15,Calabria,Subito Lavoro,AZ_IT_SUBITO_SPONSORED_ANNUNCI,14.45,1125,20,2
2024-07-15,Campania,Subito Lavoro,AZ_IT_SUBITO_RETARGETING,11.29,1646,21,1
2024-07-15,Campania,Subito Lavoro,AZ_IT_SUBITO_SLOT_PREMIUM,71.41,6598,81,6
2024-07-15,Campania,Subito Lavoro,AZ_IT_SUBITO_SPONSORED_ANNUNCI,38.16,2946,47,5
2024-07-15,Emilia-Romagna,Subito Lavoro,AZ_IT_SUBITO_RETARGETING,8.29,1148,13,1
2024-07-15,Emilia-Romagna,Subito Lavoro,AZ_IT_SUBITO_SLOT_PREMIUM,30.66,2727,39,4
2024-07-15,Emilia-Romagna,Subito Lavoro,AZ_IT_SUBITO_SPONSORED_ANNUNCI,31.78,2475,43,5
2024-07-15,Friuli-Venezia Giulia,Subito Lavoro,AZ_IT_SUBITO_RETARGETING,2.75,395,5,0
2024-07-15,Friuli-Venezia Giulia,Subito Lavoro,AZ_IT_SUBITO_SLOT_PREMIUM,13.78,1277,18,2
2024-07-15,Friuli-Venezia Giulia,Subito Lavoro,AZ_IT_SUBITO_SPONSORED_ANNUNCI,5.94,458,8,1
2024-07-15,Lazio,Subito Lavoro,AZ_IT_SUBITO_RETARGETING,7.50,1070,13,1
2024-07-15,Lazio,Subito Lavoro,AZ_IT_SUBITO_SLOT_PREMIUM,62.64,5574,78,7
2024-07-15,Lazio,Subito Lavoro,AZ_IT_SUBITO_SPONSORED_ANNUNCI,24.83,1935,35,3
2024-07-15,Liguria,Subito Lavoro,AZ_IT_SUBITO_RETARGETING,1.59,230,3,0
2024-07-15,Liguria,Subito Lavoro,AZ_IT_SUBITO_SLOT_PREMIUM,15.22,1351,21,1
2024-07-15,Liguria,Subito Lavoro,AZ_IT_SUBITO_SPONSORED_ANNUNCI,14.28,1075,19,1
2024-07-15,Lombardia,Subito Lavoro,AZ_IT_SUBITO_RETARGETING,16.75,2478,34,1
2024-07-15,Lombardia,Subito Lavoro,AZ_IT_SUBITO_SLOT_PREMIUM,168.08,15197,227,13
2024-07-15,Lombardia,Subito Lavoro,AZ_IT_SUBITO_SPONSORED_ANNUNCI,52.04,3980,70,5
2024-07-15,Marche,Subito Lavoro,AZ_IT_SUBITO_RETARGETING,3.59,518,6,0
2024-07-15,Marche,Subito Lavoro,AZ_IT_SUBITO_SLOT_PREMIUM,9.59,892,13,2
2024-07-15,Marche,Subito Lavoro,AZ_IT_SUBITO_SPONSORED_ANNUNCI,10.27,828,13,2
2024-07-15,Molise,Subito Lavoro,AZ_IT_SUBITO_RETARGETING,0.65,95,1,0
2024-07-15,Molise,Subito Lavoro,AZ_IT_SUBITO_SLOT_PREMIUM,3.23,302,4,0
2024-07-15,Molise,Subito Lavoro,AZ_IT_SUBITO_SPONSORED_ANNUNCI,2.27,176,3,0
2024-07-15,Piemonte,Subito Lavoro,AZ_IT_SUBITO_RETARGETING,10.53,1471,18,1
2024-07-15,Piemonte,Subito Lavoro,AZ_IT_SUBITO_SLOT_PREMIUM,36.87,3215,46,3
2024-07-15,Piemonte,Subito Lavoro,AZ_IT_SUBITO_SPONSORED_ANNUNCI,35.96,2856,45,3
2024-07-15,Puglia,Subito Lavoro,AZ_IT_SUBITO_RETARGETING,11.48,1646,21,1
2024-07-15,Puglia,Subito Lavoro,AZ_IT_SUBITO_SLOT_PREMIUM,38.19,3404,50,3
2024-07-15,Puglia,Subito Lavoro,AZ_IT_SUBITO_SPONSORED_ANNUNCI,18.96,1401,22,3
2024-07-15,Sardegna,Subito Lavoro,AZ_IT_SUBITO_RETARGETING,3.07,426,5,0
2024-07-15,Sardegna,Subito Lavoro,AZ_IT_SUBITO_SLOT_PREMIUM,19.76,1706,28,2
2024-07-15,Sardegna,Subito Lavoro,AZ_IT_SUBITO_SPONSORED_ANNUNCI,8.14,616,10,1
2024-07-15,Sicilia,Subito Lavoro,AZ_IT_SUBITO_RETARGETING,11.20,1546,22,1
2024-07-15,Sicilia,Subito Lavoro,AZ_IT_SUBITO_SLOT_PREMIUM,33.02,3098,44,3
2024-07-15,Sicilia,Subito Lavoro,AZ_IT_SUBITO_SPONSORED_ANNUNCI,24.95,1874,33,3
2024-07-15,Toscana,Subito Lavoro,AZ_IT_SUBITO_RETARGETING,5.58,816,10,1
2024-07-15,Toscana,Subito Lavoro,AZ_IT_SUBITO_SLOT_PREMIUM,36.41,3347,48,5
2024-07-15,Toscana,Subito Lavoro,AZ_IT_SUBITO_SPONSORED_ANNUNCI,26.60,1972,34,4
2024-07-15,Trentino-Alto Adige,Subito Lavoro,AZ_IT_SUBITO_RETARGETING,2.69,383,5,0
2024-07-15,Trentino-Alto Adige,Subito Lavoro,AZ_IT_SUBITO_SLOT_PREMIUM,9.60,882,12,1
2024-07-15,Trentino-Alto Adige,Subito Lavoro,AZ_IT_SUBITO_SPONSORED_ANNUNCI,7.30,561,9,1
2024-07-15,Umbria,Subito Lavoro,AZ_IT_SUBITO_RETARGETING,1.93,280,3,0
2024-07-15,Umbria,Subito Lavoro,AZ_IT_SUBITO_SLOT_PREMIUM,6.68,607,7,1
2024-07-15,Umbria,Subito Lavoro,AZ_IT_SUBITO_SPONSORED_ANNUNCI,3.05,231,4,1
2024-07-15,Valle d'Aosta,Subito Lavoro,AZ_IT_SUBITO_RETARGETING,0.17,24,0,0
2024-07-15,Valle d'Aosta,Subito Lavoro,AZ_IT_SUBITO_SLOT_PREMIUM,1.16,107,2,0
2024-07-15,Valle d'Aosta,Subito Lavoro,AZ_IT_SUBITO_SPONSORED_ANNUNCI,0.96,73,1,0
2024-07-15,Veneto,Subito Lavoro,AZ_IT_SUBITO_RETARGETING,16.97,2357,28,1
2024-07-15,Veneto,Subito Lavoro,AZ_IT_SUBITO_SLOT_PREMIUM,56.28,5160,71,5
2024-07-15,Veneto,Subito Lavoro,AZ_IT_SUBITO_SPONSORED_ANNUNCI,26.73,2061,33,3
2024-07-22,Abruzzo,Subito Lavoro,AZ_IT_SUBITO_RETARGETING,3.95,603,7,0
2024-07-22,Abruzzo,Subito Lavoro,AZ_IT_SUBITO_SLOT_PREMIUM,35.14,3228,47,2
2024-07-22,Abruzzo,Subito Lavoro,AZ_IT_SUBITO_SPONSORED_ANNUNCI,7.96,605,9,1
2024-07-22,Basilicata,Subito Lavoro,AZ_IT_SUBITO_RETARGETING,1.29,179,2,0
2024-07-22,Basilicata,Subito Lavoro,AZ_IT_SUBITO_SLOT_PREMIUM,13.85,1227,18,1
2024-07-22,Basilicata,Subito Lavoro,AZ_IT_SUBITO_SPONSORED_ANNUNCI,4.39,343,6,0
2024-07-22,Calabria,Subito Lavoro,AZ_IT_SUBITO_RETARGETING,6.52,922,12,1
2024-07-22,Calabria,Subito Lavoro,AZ_IT_SUBITO_SLOT_PREMIUM,22.48,2098,32,3
2024-07-22,Calabria,Subito Lavoro,AZ_IT_SUBITO_SPONSORED_ANNUNCI,20.39,1611,25,3
2024-07-22,Campania,Subito Lavoro,AZ_IT_SUBITO_RETARGETING,18.65,2838,32,1
2024-07-22,Campania,Subito Lavoro,AZ_IT_SUBITO_SLOT_PREMIUM,90.27,8508,117,6
2024-07-22,Campania,Subito Lavoro,AZ_IT_SUBITO_SPONSORED_ANNUNCI,40.37,2934,51,4
2024-07-22,Emilia-Romagna,Subito Lavoro,AZ_IT_SUBITO_RETARGETING,12.64,1794,24,1
2024-07-22,Emilia-Romagna,Subito Lavoro,AZ_IT_SUBITO_SLOT_PREMIUM,70.03,6414,81,5
2024-07-22,Emilia-Romagna,Subito Lavoro,AZ_IT_SUBITO_SPONSORED_ANNUNCI,39.53,2998,45,4
2024-07-22,Friuli-Venezia Giulia,Subito Lavoro,AZ_IT_SUBITO_RETARGETING,3.75,531,6,0
2024-07-22,Friuli-Venezia Giulia,Subito Lavoro,AZ_IT_SUBITO_SLOT_PREMIUM,26.03,2350,36,2
2024-07-22,Friuli-Venezia Giulia,Subito Lavoro,AZ_IT_SUBITO_SPONSORED_ANNUNCI,13.00,1024,15,2
2024-07-22,Lazio,Subito Lavoro,AZ_IT_SUBITO_RETARGETING,23.97,3394,41,1
2024-07-22,Lazio,Subito Lavoro,AZ_IT_SUBITO_SLOT_PREMIUM,155.65,14958,214,10
2024-07-22,Lazio,Subito Lavoro,AZ_IT_SUBITO_SPONSORED_ANNUNCI,57.90,4360,70,5
2024-07-22,Liguria,Subito Lavoro,AZ_IT_SUBITO_RETARGETING,2.93,396,4,0
2024-07-22,Liguria,Subito Lavoro,AZ_IT_SUBITO_SLOT_PREMIUM,28.16,2617,37,2
2024-07-22,Liguria,Subito Lavoro,AZ_IT_SUBITO_SPONSORED_ANNUNCI,10.13,816,15,1
2024-07-22,Lombardia,Subito Lavoro,AZ_IT_SUBITO_RETARGETING,32.84,4574,59,2
2024-07-22,Lombardia,Subito Lavoro,AZ_IT_SUBITO_SLOT_PREMIUM,185.03,16004,191,14
2024-07-22,Lombardia,Subito Lavoro,AZ_IT_SUBITO_SPONSORED_ANNUNCI,82.01,6613,108,9
2024-07-22,Marche,Subito Lavoro,AZ_IT_SUBITO_RETARGETING,7.64,1116,13,1
2024-07-22,Marche,Subito Lavoro,AZ_IT_SUBITO_SLOT_PREMIUM,33.02,3061,45,3
2024-07-22,Marche,Subito Lavoro,AZ_IT_SUBITO_SPONSORED_ANNUNCI,17.75,1323,24,2
2024-07-22,Molise,Subito Lavoro,AZ_IT_SUBITO_RETARGETING,1.22,171,2,0
2024-07-22,Molise,Subito Lavoro,AZ_IT_SUBITO_SLOT_PREMIUM,6.52,613,8,1
2024-07-22,Molise,Subito Lavoro,AZ_IT_SUBITO_SPONSORED_ANNUNCI,1.84,140,2,0
2024-07-22,Piemonte,Subito Lavoro,AZ_IT_SUBITO_RETARGETING,12.48,1668,21,1
2024-07-22,Piemonte,Subito Lavoro,AZ_IT_SUBITO_SLOT_PREMIUM,114.06,10318,153,6
2024-07-22,Piemonte,Subito Lavoro,AZ_IT_SUBITO_SPONSORED_ANNUNCI,36.56,2843,42,2
2024-07-22,Puglia,Subito Lavoro,AZ_IT_SUBITO_RETARGETING,11.80,1614,20,0
2024-07-22,Puglia,Subito Lavoro,AZ_IT_SUBITO_SLOT_PREMIUM,101.46,8867,121,4
2024-07-22,Puglia,Subito Lavoro,AZ_IT_SUBITO_SPONSORED_ANNUNCI,45.19,3642,62,3
2024-07-22,Sardegna,Subito Lavoro,AZ_IT_SUBITO_RETARGETING,4.66,675,8,0
2024-07-22,Sardegna,Subito Lavoro,AZ_IT_SUBITO_SLOT_PREMIUM,42.14,3974,58,3
2024-07-22,Sardegna,Subito Lavoro,AZ_IT_SUBITO_SPONSORED_ANNUNCI,8.91,695,13,1
2024-07-22,Sicilia,Subito Lavoro,AZ_IT_SUBITO_RETARGETING,14.54,2067,25,1
2024-07-22,Sicilia,Subito Lavoro,AZ_IT_SUBITO_SLOT_PREMIUM,70.45,6464,91,5
2024-07-22,Sicilia,Subito Lavoro,AZ_IT_SUBITO_SPONSORED_ANNUNCI,40.68,3157,55,4
2024-07-22,Toscana,Subito Lavoro,AZ_IT_SUBITO_RETARGETING,7.52,1145,14,1
2024-07-22,Toscana,Subito Lavoro,AZ_IT_SUBITO_SLOT_PREMIUM,70.12,6611,90,7
2024-07-22,Toscana,Subito Lavoro,AZ_IT_SUBITO_SPONSORED_ANNUNCI,28.46,2205,41,4
2024-07-22,Trentino-Alto Adige,Subito Lavoro,AZ_IT_SUBITO_RETARGETING,3.80,520,7,0
2024-07-22,Trentino-Alto Adige,Subito Lavoro,AZ_IT_SUBITO_SLOT_PREMIUM,28.57,2615,35,2
2024-07-22,Trentino-Alto Adige,Subito Lavoro,AZ_IT_SUBITO_SPONSORED_ANNUNCI,8.78,685,12,1
2024-07-22,Umbria,Subito Lavoro,AZ_IT_SUBITO_RETARGETING,2.14,306,4,0
2024-07-22,Umbria,Subito Lavoro,AZ_IT_SUBITO_SLOT_PREMIUM,20.40,1761,21,2
2024-07-22,Umbria,Subito Lavoro,AZ_IT_SUBITO_SPONSORED_ANNUNCI,8.44,650,12,1
2024-07-22,Valle d'Aosta,Subito Lavoro,AZ_IT_SUBITO_RETARGETING,0.36,50,1,0
2024-07-22,Valle d'Aosta,Subito Lavoro,AZ_IT_SUBITO_SLOT_PREMIUM,3.40,316,4,0
2024-07-22,Valle d'Aosta,Subito Lavoro,AZ_IT_SUBITO_SPONSORED_ANNUNCI,0.63,48,1,0
2024-07-22,Veneto,Subito Lavoro,AZ_IT_SUBITO_RETARGETING,11.79,1673,20,1
2024-07-22,Veneto,Subito Lavoro,AZ_IT_SUBITO_SLOT_PREMIUM,87.37,8108,116,7
2024-07-22,Veneto,Subito Lavoro,AZ_IT_SUBITO_SPONSORED_ANNUNCI,41.39,3167,48,4
2024-07-29,Abruzzo,Subito Lavoro,AZ_IT_SUBITO_RETARGETING,2.29,312,4,0
2024-07-29,Abruzzo,Subito Lavoro,AZ_IT_SUBITO_SLOT_PREMIUM,19.78,1747,25,2
2024-07-29,Abruzzo,Subito Lavoro,AZ_IT_SUBITO_SPONSORED_ANNUNCI,7.35,564,9,1
2024-07-29,Basilicata,Subito Lavoro,AZ_IT_SUBITO_RETARGETING,1.47,205,2,0
2024-07-29,Basilicata,Subito Lavoro,AZ_IT_SUBITO_SLOT_PREMIUM,4.28,419,6,1
2024-07-29,Basilicata,Subito Lavoro,AZ_IT_SUBITO_SPONSORED_ANNUNCI,2.66,203,4,0
2024-07-29,Calabria,Subito Lavoro,AZ_IT_SUBITO_RETARGETING,1.91,282,3,0
2024-07-29,Calabria,Subito Lavoro,AZ_IT_SUBITO_SLOT_PREMIUM,21.13,1868,27,3
2024-07-29,Calabria,Subito Lavoro,AZ_IT_SUBITO_SPONSORED_ANNUNCI,7.83,627,10,1
2024-07-29,Campania,Subito Lavoro,AZ_IT_SUBITO_RETARGETING,13.00,1842,20,1
2024-07-29,Campania,Subito Lavoro,AZ_IT_SUBITO_SLOT_PREMIUM,53.92,4796,76,5
2024-07-29,Campania,Subito Lavoro,AZ_IT_SUBITO_SPONSORED_ANNUNCI,21.55,1693,29,3
2024-07-29,Emilia-Romagna,Subito Lavoro,AZ_IT_SUBITO_RETARGETING,7.42,1097,12,1
2024-07-29,Emilia-Romagna,Subito Lavoro,AZ_IT_SUBITO_SLOT_PREMIUM,49.30,4694,63,5
2024-07-29,Emilia-Romagna,Subito Lavoro,AZ_IT_SUBITO_SPONSORED_ANNUNCI,24.83,1911,33,3
2024-07-29,Friuli-Venezia Giulia,Subito Lavoro,AZ_IT_SUBITO_RETARGETING,3.02,426,5,0
2024-07-29,Friuli-Venezia Giulia,Subito Lavoro,AZ_IT_SUBITO_SLOT_PREMIUM,15.15,1322,21,2
2024-07-29,Friuli-Venezia Giulia,Subito Lavoro,AZ_IT_SUBITO_SPONSORED_ANNUNCI,5.75,468,8,1
2024-07-29,Lazio,Subito Lavoro,AZ_IT_SUBITO_RETARGETING,21.00,3041,38,2
2024-07-29,Lazio,Subito Lavoro,AZ_IT_SUBITO_SLOT_PREMIUM,43.28,3924,56,6
2024-07-29,Lazio,Subito Lavoro,AZ_IT_SUBITO_SPONSORED_ANNUNCI,33.27,2418,40,5
2024-07-29,Liguria,Subito Lavoro,AZ_IT_SUBITO_RETARGETING,3.93,552,7,0
2024-07-29,Liguria,Subito Lavoro,AZ_IT_SUBITO_SLOT_PREMIUM,21.43,1909,28,1
2024-07-29,Liguria,Subito Lavoro,AZ_IT_SUBITO_SPONSORED_ANNUNCI,9.39,714,13,1
2024-07-29,Lombardia,Subito Lavoro,AZ_IT_SUBITO_RETARGETING,11.70,1660,21,1
2024-07-29,Lombardia,Subito Lavoro,AZ_IT_SUBITO_SLOT_PREMIUM,159.37,14482,216,11
2024-07-29,Lombardia,Subito Lavoro,AZ_IT_SUBITO_SPONSORED_ANNUNCI,55.88,4304,73,6
2024-07-29,Marche,Subito Lavoro,AZ_IT_SUBITO_RETARGETING,4.56,633,7,1
2024-07-29,Marche,Subito Lavoro,AZ_IT_SUBITO_SLOT_PREMIUM,16.12,1422,15,2
2024-07-29,Marche,Subito Lavoro,AZ_IT_SUBITO_SPONSORED_ANNUNCI,7.79,598,11,2
2024-07-29,Molise,Subito Lavoro,AZ_IT_SUBITO_RETARGETING,0.47,67,1,0
2024-07-29,Molise,Subito Lavoro,AZ_IT_SUBITO_SLOT_PREMIUM,5.58,538,8,1
2024-07-29,Molise,Subito Lavoro,AZ_IT_SUBITO_SPONSORED_ANNUNCI,1.74,136,2,0
2024-07-29,Piemonte,Subito Lavoro,AZ_IT_SUBITO_RETARGETING,10.46,1574,19,1
2024-07-29,Piemonte,Subito Lavoro,AZ_IT_SUBITO_SLOT_PREMIUM,49.74,4401,64,3
2024-07-29,Piemonte,Subito Lavoro,AZ_IT_SUBITO_SPONSORED_ANNUNCI,23.64,1853,30,3
2024-07-29,Puglia,Subito Lavoro,AZ_IT_SUBITO_RETARGETING,6.07,872,10,0
2024-07-29,Puglia,Subito Lavoro,AZ_IT_SUBITO_SLOT_PREMIUM,67.09,6235,83,5
2024-07-29,Puglia,Subito Lavoro,AZ_IT_SUBITO_SPONSORED_ANNUNCI,17.99,1398,27,2
2024-07-29,Sardegna,Subito Lavoro,AZ_IT_SUBITO_RETARGETING,3.13,468,5,0
2024-07-29,Sardegna,Subito Lavoro,AZ_IT_SUBITO_SLOT_PREMIUM,18.38,1599,22,2
2024-07-29,Sardegna,Subito Lavoro,AZ_IT_SUBITO_SPONSORED_ANNUNCI,9.34,694,13,1
2024-07-29,Sicilia,Subito Lavoro,AZ_IT_SUBITO_RETARGETING,8.51,1239,16,1
2024-07-29,Sicilia,Subito Lavoro,AZ_IT_SUBITO_SLOT_PREMIUM,50.77,4591,68,5
2024-07-29,Sicilia,Subito Lavoro,AZ_IT_SUBITO_SPONSORED_ANNUNCI,27.51,2177,37,3
2024-07-29,Toscana,Subito Lavoro,AZ_IT_SUBITO_RETARGETING,10.00,1434,18,1
2024-07-29,Toscana,Subito Lavoro,AZ_IT_SUBITO_SLOT_PREMIUM,28.29,2675,37,4
2024-07-29,Toscana,Subito Lavoro,AZ_IT_SUBITO_SPONSORED_ANNUNCI,17.07,1291,20,3
2024-07-29,Trentino-Alto Adige,Subito Lavoro,AZ_IT_SUBITO_RETARGETING,2.11,292,3,0
2024-07-29,Trentino-Alto Adige,Subito Lavoro,AZ_IT_SUBITO_SLOT_PREMIUM,10.52,961,13,1
2024-07-29,Trentino-Alto Adige,Subito Lavoro,AZ_IT_SUBITO_SPONSORED_ANNUNCI,3.85,296,5,1
2024-07-29,Umbria,Subito Lavoro,AZ_IT_SUBITO_RETARGETING,1.68,237,3,0
2024-07-29,Umbria,Subito Lavoro,AZ_IT_SUBITO_SLOT_PREMIUM,8.53,807,11,1
2024-07-29,Umbria,Subito Lavoro,AZ_IT_SUBITO_SPONSORED_ANNUNCI,4.94,385,8,1
2024-07-29,Valle d'Aosta,Subito Lavoro,AZ_IT_SUBITO_RETARGETING,0.23,33,0,0
2024-07-29,Valle d'Aosta,Subito Lavoro,AZ_IT_SUBITO_SLOT_PREMIUM,1.95,176,2,0
2024-07-29,Valle d'Aosta,Subito Lavoro,AZ_IT_SUBITO_SPONSORED_ANNUNCI,0.53,38,1,0
2024-07-29,Veneto,Subito Lavoro,AZ_IT_SUBITO_RETARGETING,8.85,1214,12,1
2024-07-29,Veneto,Subito Lavoro,AZ_IT_SUBITO_SLOT_PREMIUM,50.82,4711,60,5
2024-07-29,Veneto,Subito Lavoro,AZ_IT_SUBITO_SPONSORED_ANNUNCI,25.17,1920,35,3
2024-08-05,Abruzzo,Subito Lavoro,AZ_IT_SUBITO_RETARGETING,8.48,1200,14,0
2024-08-05,Abruzzo,Subito Lavoro,AZ_IT_SUBITO_SLOT_PREMIUM,50.15,4587,64,3
2024-08-05,Abruzzo,Subito Lavoro,AZ_IT_SUBITO_SPONSORED_ANNUNCI,22.88,1653,29,2
2024-08-05,Basilicata,Subito Lavoro,AZ_IT_SUBITO_RETARGETING,4.56,665,8,0
2024-08-05,Basilicata,Subito Lavoro,AZ_IT_SUBITO_SLOT_PREMIUM,24.26,2142,24,1
2024-08-05,Basilicata,Subito Lavoro,AZ_IT_SUBITO_SPONSORED_ANNUNCI,11.58,886,14,1
2024-08-05,Calabria,Subito Lavoro,AZ_IT_SUBITO_RETARGETING,12.21,1754,20,1
2024-08-05,Calabria,Subito Lavoro,AZ_IT_SUBITO_SLOT_PREMIUM,56.18,5286,76,4
2024-08-05,Calabria,Subito Lavoro,AZ_IT_SUBITO_SPONSORED_ANNUNCI,34.41,2487,45,3
2024-08-05,Campania,Subito Lavoro,AZ_IT_SUBITO_RETARGETING,33.56,5212,64,1
2024-08-05,Campania,Subito Lavoro,AZ_IT_SUBITO_SLOT_PREMIUM,254.67,22586,292,10
2024-08-05,Campania,Subito Lavoro,AZ_IT_SUBITO_SPONSORED_ANNUNCI,84.95,6759,107,5
2024-08-05,Emilia-Romagna,Subito Lavoro,AZ_IT_SUBITO_RETARGETING,31.63,4598,47,1
2024-08-05,Emilia-Romagna,Subito Lavoro,AZ_IT_SUBITO_SLOT_PREMIUM,178.51,16459,263,8
2024-08-05,Emilia-Romagna,Subito Lavoro,AZ_IT_SUBITO_SPONSORED_ANNUNCI,88.81,6718,111,5
2024-08-05,Friuli-Venezia Giulia,Subito Lavoro,AZ_IT_SUBITO_RETARGETING,7.08,1012,13,0
2024-08-05,Friuli-Venezia Giulia,Subito Lavoro,AZ_IT_SUBITO_SLOT_PREMIUM,25.93,2345,34,2
2024-08-05,Friuli-Venezia Giulia,Subito Lavoro,AZ_IT_SUBITO_SPONSORED_ANNUNCI,22.22,1673,28,2
2024-08-05,Lazio,Subito Lavoro,AZ_IT_SUBITO_RETARGETING,32.12,4514,51,2
2024-08-05,Lazio,Subito Lavoro,AZ_IT_SUBITO_SLOT_PREMIUM,171.01,15697,233,11
2024-08-05,Lazio,Subito Lavoro,AZ_IT_SUBITO_SPONSORED_ANNUNCI,99.07,8111,127,8
2024-08-05,Liguria,Subito Lavoro,AZ_IT_SUBITO_RETARGETING,11.31,1590,20,0
2024-08-05,Liguria,Subito Lavoro,AZ_IT_SUBITO_SLOT_PREMIUM,55.58,5060,63,2
2024-08-05,Liguria,Subito Lavoro,AZ_IT_SUBITO_SPONSORED_ANNUNCI,32.82,2508,42,1
2024-08-05,Lombardia,Subito Lavoro,AZ_IT_SUBITO_RETARGETING,48.70,6861,89,2
2024-08-05,Lombardia,Subito Lavoro,AZ_IT_SUBITO_SLOT_PREMIUM,308.05,29747,445,15
2024-08-05,Lombardia,Subito Lavoro,AZ_IT_SUBITO_SPONSORED_ANNUNCI,252.56,19901,310,16
2024-08-05,Marche,Subito Lavoro,AZ_IT_SUBITO_RETARGETING,8.97,1296,16,1
2024-08-05,Marche,Subito Lavoro,AZ_IT_SUBITO_SLOT_PREMIUM,44.04,4090,50,4
2024-08-05,Marche,Subito Lavoro,AZ_IT_SUBITO_SPONSORED_ANNUNCI,20.97,1557,26,2
2024-08-05,Molise,Subito Lavoro,AZ_IT_SUBITO_RETARGETING,1.70,263,3,0
2024-08-05,Molise,Subito Lavoro,AZ_IT_SUBITO_SLOT_PREMIUM,12.51,1125,15,1
2024-08-05,Molise,Subito Lavoro,AZ_IT_SUBITO_SPONSORED_ANNUNCI,7.11,530,10,0
2024-08-05,Piemonte,Subito Lavoro,AZ_IT_SUBITO_RETARGETING,24.72,3509,46,1
2024-08-05,Piemonte,Subito Lavoro,AZ_IT_SUBITO_SLOT_PREMIUM,288.43,26066,322,7
2024-08-05,Piemonte,Subito Lavoro,AZ_IT_SUBITO_SPONSORED_ANNUNCI,116.07,8882,159,4
2024-08-05,Puglia,Subito Lavoro,AZ_IT_SUBITO_RETARGETING,20.02,2865,33,1
2024-08-05,Puglia,Subito Lavoro,AZ_IT_SUBITO_SLOT_PREMIUM,173.68,15793,217,7
2024-08-05,Puglia,Subito Lavoro,AZ_IT_SUBITO_SPONSORED_ANNUNCI,61.59,4641,83,3
2024-08-05,Sardegna,Subito Lavoro,AZ_IT_SUBITO_RETARGETING,13.86,1965,23,1
2024-08-05,Sardegna,Subito Lavoro,AZ_IT_SUBITO_SLOT_PREMIUM,51.37,4614,66,2
2024-08-05,Sardegna,Subito Lavoro,AZ_IT_SUBITO_SPONSORED_ANNUNCI,32.90,2482,45,2
2024-08-05,Sicilia,Subito Lavoro,AZ_IT_SUBITO_RETARGETING,61.20,8653,100,2
2024-08-05,Sicilia,Subito Lavoro,AZ_IT_SUBITO_SLOT_PREMIUM,198.53,17361,238,8
2024-08-05,Sicilia,Subito Lavoro,AZ_IT_SUBITO_SPONSORED_ANNUNCI,107.81,8245,155,5
2024-08-05,Toscana,Subito Lavoro,AZ_IT_SUBITO_RETARGETING,26.99,3675,43,2
2024-08-05,Toscana,Subito Lavoro,AZ_IT_SUBITO_SLOT_PREMIUM,101.11,9762,129,9
2024-08-05,Toscana,Subito Lavoro,AZ_IT_SUBITO_SPONSORED_ANNUNCI,58.78,4413,66,5
2024-08-05,Trentino-Alto Adige,Subito Lavoro,AZ_IT_SUBITO_RETARGETING,5.29,739,8,0
2024-08-05,Trentino-Alto Adige,Subito Lavoro,AZ_IT_SUBITO_SLOT_PREMIUM,36.81,3440,50,2
2024-08-05,Trentino-Alto Adige,Subito Lavoro,AZ_IT_SUBITO_SPONSORED_ANNUNCI,26.93,1969,34,2
2024-08-05,Umbria,Subito Lavoro,AZ_IT_SUBITO_RETARGETING,7.98,1120,13,0
2024-08-05,Umbria,Subito Lavoro,AZ_IT_SUBITO_SLOT_PREMIUM,34.88,3109,43,2
2024-08-05,Umbria,Subito Lavoro,AZ_IT_SUBITO_SPONSORED_ANNUNCI,19.07,1482,23,2
2024-08-05,Valle d'Aosta,Subito Lavoro,AZ_IT_SUBITO_RETARGETING,1.13,170,2,0
2024-08-05,Valle d'Aosta,Subito Lavoro,AZ_IT_SUBITO_SLOT_PREMIUM,5.30,485,7,0
2024-08-05,Valle d'Aosta,Subito Lavoro,AZ_IT_SUBITO_SPONSORED_ANNUNCI,1.34,102,2,0
2024-08-05,Veneto,Subito Lavoro,AZ_IT_SUBITO_RETARGETING,30.01,4122,55,1
2024-08-05,Veneto,Subito Lavoro,AZ_IT_SUBITO_SLOT_PREMIUM,194.97,18398,263,9
2024-08-05,Veneto,Subito Lavoro,AZ_IT_SUBITO_SPONSORED_ANNUNCI,72.70,5490,85,5
2024-08-12,Abruzzo,Subito Lavoro,AZ_IT_SUBITO_RETARGETING,2.97,426,5,0
2024-08-12,Abruzzo,Subito Lavoro,AZ_IT_SUBITO_SLOT_PREMIUM,9.01,809,10,1
2024-08-12,Abruzzo,Subito Lavoro,AZ_IT_SUBITO_SPONSORED_ANNUNCI,8.24,665,13,1
2024-08-12,Basilicata,Subito Lavoro,AZ_IT_SUBITO_RETARGETING,0.65,95,1,0
2024-08-12,Basilicata,Subito Lavoro,AZ_IT_SUBITO_SLOT_PREMIUM,5.40,464,7,1
2024-08-12,Basilicata,Subito Lavoro,AZ_IT_SUBITO_SPONSORED_ANNUNCI,2.80,220,3,1
2024-08-12,Calabria,Subito Lavoro,AZ_IT_SUBITO_RETARGETING,1.86,268,3,0
2024-08-12,Calabria,Subito Lavoro,AZ_IT_SUBITO_SLOT_PREMIUM,18.08,1603,24,3
2024-08-12,Calabria,Subito Lavoro,AZ_IT_SUBITO_SPONSORED_ANNUNCI,10.01,758,13,2
2024-08-12,Campania,Subito Lavoro,AZ_IT_SUBITO_RETARGETING,14.14,1953,22,2
2024-08-12,Campania,Subito Lavoro,AZ_IT_SUBITO_SLOT_PREMIUM,64.33,5641,77,8
2024-08-12,Campania,Subito Lavoro,AZ_IT_SUBITO_SPONSORED_ANNUNCI,25.89,1973,38,4
2024-08-12,Emilia-Romagna,Subito Lavoro,AZ_IT_SUBITO_RETARGETING,7.35,1046,13,1
2024-08-12,Emilia-Romagna,Subito Lavoro,AZ_IT_SUBITO_SLOT_PREMIUM,31.49,2858,41,5
2024-08-12,Emilia-Romagna,Subito Lavoro,AZ_IT_SUBITO_SPONSORED_ANNUNCI,30.64,2191,37,6
2024-08-12,Friuli-Venezia Giulia,Subito Lavoro,AZ_IT_SUBITO_RETARGETING,2.03,266,3,0
2024-08-12,Friuli-Venezia Giulia,Subito Lavoro,AZ_IT_SUBITO_SLOT_PREMIUM,10.88,950,13,2
2024-08-12,Friuli-Venezia Giulia,Subito Lavoro,AZ_IT_SUBITO_SPONSORED_ANNUNCI,7.58,566,8,1
2024-08-12,Lazio,Subito Lavoro,AZ_IT_SUBITO_RETARGETING,15.56,2292,30,2
2024-08-12,Lazio,Subito Lavoro,AZ_IT_SUBITO_SLOT_PREMIUM,91.48,8529,128,11
2024-08-12,Lazio,Subito Lavoro,AZ_IT_SUBITO_SPONSORED_ANNUNCI,33.54,2598,51,5
2024-08-12,Liguria,Subito Lavoro,AZ_IT_SUBITO_RETARGETING,2.21,320,4,0
2024-08-12,Liguria,Subito Lavoro,AZ_IT_SUBITO_SLOT_PREMIUM,16.34,1495,25,2
2024-08-12,Liguria,Subito Lavoro,AZ_IT_SUBITO_SPONSORED_ANNUNCI,7.57,608,12,1
2024-08-12,Lombardia,Subito Lavoro,AZ_IT_SUBITO_RETARGETING,22.74,3140,39,2
2024-08-12,Lombardia,Subito Lavoro,AZ_IT_SUBITO_SLOT_PREMIUM,108.99,10111,155,13
2024-08-12,Lombardia,Subito Lavoro,AZ_IT_SUBITO_SPONSORED_ANNUNCI,46.14,3467,55,8
2024-08-12,Marche,Subito Lavoro,AZ_IT_SUBITO_RETARGETING,3.70,544,6,1
2024-08-12,Marche,Subito Lavoro,AZ_IT_SUBITO_SLOT_PREMIUM,17.26,1597,20,3
2024-08-12,Marche,Subito Lavoro,AZ_IT_SUBITO_SPONSORED_ANNUNCI,5.51,418,8,1
2024-08-12,Molise,Subito Lavoro,AZ_IT_SUBITO_RETARGETING,0.64,91,1,0
2024-08-12,Molise,Subito Lavoro,AZ_IT_SUBITO_SLOT_PREMIUM,3.86,340,5,1
2024-08-12,Molise,Subito Lavoro,AZ_IT_SUBITO_SPONSORED_ANNUNCI,1.25,96,2,0
2024-08-12,Piemonte,Subito Lavoro,AZ_IT_SUBITO_RETARGETING,10.36,1495,16,1
2024-08-12,Piemonte,Subito Lavoro,AZ_IT_SUBITO_SLOT_PREMIUM,53.31,4523,76,5
2024-08-12,Piemonte,Subito Lavoro,AZ_IT_SUBITO_SPONSORED_ANNUNCI,24.75,1915,29,3
2024-08-12,Puglia,Subito Lavoro,AZ_IT_SUBITO_RETARGETING,9.59,1370,15,1
2024-08-12,Puglia,Subito Lavoro,AZ_IT_SUBITO_SLOT_PREMIUM,34.69,3233,42,4
2024-08-12,Puglia,Subito Lavoro,AZ_IT_SUBITO_SPONSORED_ANNUNCI,28.35,2104,38,4
2024-08-12,Sardegna,Subito Lavoro,AZ_IT_SUBITO_RETARGETING,2.20,311,4,0
2024-08-12,Sardegna,Subito Lavoro,AZ_IT_SUBITO_SLOT_PREMIUM,12.87,1145,18,2
2024-08-12,Sardegna,Subito Lavoro,AZ_IT_SUBITO_SPONSORED_ANNUNCI,8.66,641,10,1
2024-08-12,Sicilia,Subito Lavoro,AZ_IT_SUBITO_RETARGETING,7.15,1000,12,1
2024-08-12,Sicilia,Subito Lavoro,AZ_IT_SUBITO_SLOT_PREMIUM,57.93,5376,79,4
2024-08-12,Sicilia,Subito Lavoro,AZ_IT_SUBITO_SPONSORED_ANNUNCI,35.60,2945,50,5
2024-08-12,Toscana,Subito Lavoro,AZ_IT_SUBITO_RETARGETING,9.32,1382,16,1
2024-08-12,Toscana,Subito Lavoro,AZ_IT_SUBITO_SLOT_PREMIUM,29.22,2646,38,5
2024-08-12,Toscana,Subito Lavoro,AZ_IT_SUBITO_SPONSORED_ANNUNCI,22.98,1681,30,5
2024-08-12,Trentino-Alto Adige,Subito Lavoro,AZ_IT_SUBITO_RETARGETING,3.12,444,5,0
2024-08-12,Trentino-Alto Adige,Subito Lavoro,AZ_IT_SUBITO_SLOT_PREMIUM,11.01,1007,14,2
2024-08-12,Trentino-Alto Adige,Subito Lavoro,AZ_IT_SUBITO_SPONSORED_ANNUNCI,6.45,515,9,1
2024-08-12,Umbria,Subito Lavoro,AZ_IT_SUBITO_RETARGETING,1.95,274,3,0
2024-08-12,Umbria,Subito Lavoro,AZ_IT_SUBITO_SLOT_PREMIUM,9.16,857,12,1
2024-08-12,Umbria,Subito Lavoro,AZ_IT_SUBITO_SPONSORED_ANNUNCI,5.84,454,8,1
2024-08-12,Valle d'Aosta,Subito Lavoro,AZ_IT_SUBITO_RETARGETING,0.22,31,0,0
2024-08-12,Valle d'Aosta,Subito Lavoro,AZ_IT_SUBITO_SLOT_PREMIUM,1.51,134,2,0
2024-08-12,Valle d'Aosta,Subito Lavoro,AZ_IT_SUBITO_SPONSORED_ANNUNCI,0.74,57,1,0
2024-08-12,Veneto,Subito Lavoro,AZ_IT_SUBITO_RETARGETING,12.28,1771,20,1
2024-08-12,Veneto,Subito Lavoro,AZ_IT_SUBITO_SLOT_PREMIUM,56.29,5005,75,6
2024-08-12,Veneto,Subito Lavoro,AZ_IT_SUBITO_SPONSORED_ANNUNCI,32.57,2523,35,5
2024-08-19,Abruzzo,Subito Lavoro,AZ_IT_SUBITO_RETARGETING,3.63,521,6,0
2024-08-19,Abruzzo,Subito Lavoro,AZ_IT_SUBITO_SLOT_PREMIUM,11.72,1108,14,1
2024-08-19,Abruzzo,Subito Lavoro,AZ_IT_SUBITO_SPONSORED_ANNUNCI,4.00,323,5,1
2024-08-19,Basilicata,Subito Lavoro,AZ_IT_SUBITO_RETARGETING,0.85,125,1,0
2024-08-19,Basilicata,Subito Lavoro,AZ_IT_SUBITO_SLOT_PREMIUM,9.12,852,12,1
2024-08-19,Basilicata,Subito Lavoro,AZ_IT_SUBITO_SPONSORED_ANNUNCI,2.47,190,3,0
2024-08-19,Calabria,Subito Lavoro,AZ_IT_SUBITO_RETARGETING,7.01,1014,13,1
2024-08-19,Calabria,Subito Lavoro,AZ_IT_SUBITO_SLOT_PREMIUM,25.58,2354,33,3
2024-08-19,Calabria,Subito Lavoro,AZ_IT_SUBITO_SPONSORED_ANNUNCI,16.44,1283,20,3
2024-08-19,Campania,Subito Lavoro,AZ_IT_SUBITO_RETARGETING,10.70,1537,16,1
2024-08-19,Campania,Subito Lavoro,AZ_IT_SUBITO_SLOT_PREMIUM,37.23,3248,44,4
2024-08-19,Campania,Subito Lavoro,AZ_IT_SUBITO_SPONSORED_ANNUNCI,24.68,1993,34,3
2024-08-19,Emilia-Romagna,Subito Lavoro,AZ_IT_SUBITO_RETARGETING,12.20,1763,19,1
2024-08-19,Emilia-Romagna,Subito Lavoro,AZ_IT_SUBITO_SLOT_PREMIUM,53.54,4836,69,6
2024-08-19,Emilia-Romagna,Subito Lavoro,AZ_IT_SUBITO_SPONSORED_ANNUNCI,17.75,1405,24,2
2024-08-19,Friuli-Venezia Giulia,Subito Lavoro,AZ_IT_SUBITO_RETARGETING,2.51,366,4,0
2024-08-19,Friuli-Venezia Giulia,Subito Lavoro,AZ_IT_SUBITO_SLOT_PREMIUM,11.70,1031,16,1
2024-08-19,Friuli-Venezia Giulia,Subito Lavoro,AZ_IT_SUBITO_SPONSORED_ANNUNCI,6.49,473,8,1
2024-08-19,Lazio,Subito Lavoro,AZ_IT_SUBITO_RETARGETING,10.88,1487,18,1
2024-08-19,Lazio,Subito Lavoro,AZ_IT_SUBITO_SLOT_PREMIUM,50.16,4473,64,7
2024-08-19,Lazio,Subito Lavoro,AZ_IT_SUBITO_SPONSORED_ANNUNCI,27.60,2015,37,5
2024-08-19,Liguria,Subito Lavoro,AZ_IT_SUBITO_RETARGETING,3.63,513,6,0
2024-08-19,Liguria,Subito Lavoro,AZ_IT_SUBITO_SLOT_PREMIUM,16.87,1496,21,1
2024-08-19,Liguria,Subito Lavoro,AZ_IT_SUBITO_SPONSORED_ANNUNCI,7.69,595,10,1
2024-08-19,Lombardia,Subito Lavoro,AZ_IT_SUBITO_RETARGETING,28.81,3945,53,3
2024-08-19,Lombardia,Subito Lavoro,AZ_IT_SUBITO_SLOT_PREMIUM,89.11,7845,118,9
2024-08-19,Lombardia,Subito Lavoro,AZ_IT_SUBITO_SPONSORED_ANNUNCI,42.85,3215,54,6
2024-08-19,Marche,Subito Lavoro,AZ_IT_SUBITO_RETARGETING,4.43,618,8,0
2024-08-19,Marche,Subito Lavoro,AZ_IT_SUBITO_SLOT_PREMIUM,25.77,2341,34,3
2024-08-19,Marche,Subito Lavoro,AZ_IT_SUBITO_SPONSORED_ANNUNCI,9.09,703,12,2
2024-08-19,Molise,Subito Lavoro,AZ_IT_SUBITO_RETARGETING,0.80,113,1,0
2024-08-19,Molise,Subito Lavoro,AZ_IT_SUBITO_SLOT_PREMIUM,3.38,299,4,0
2024-08-19,Molise,Subito Lavoro,AZ_IT_SUBITO_SPONSORED_ANNUNCI,1.54,120,2,0
2024-08-19,Piemonte,Subito Lavoro,AZ_IT_SUBITO_RETARGETING,10.23,1451,17,1
2024-08-19,Piemonte,Subito Lavoro,AZ_IT_SUBITO_SLOT_PREMIUM,52.05,4665,64,5
2024-08-19,Piemonte,Subito Lavoro,AZ_IT_SUBITO_SPONSORED_ANNUNCI,18.92,1531,23,2
2024-08-19,Puglia,Subito Lavoro,AZ_IT_SUBITO_RETARGETING,7.78,1097,14,1
2024-08-19,Puglia,Subito Lavoro,AZ_IT_SUBITO_SLOT_PREMIUM,34.47,3054,43,3
2024-08-19,Puglia,Subito Lavoro,AZ_IT_SUBITO_SPONSORED_ANNUNCI,25.12,1911,36,2
2024-08-19,Sardegna,Subito Lavoro,AZ_IT_SUBITO_RETARGETING,4.16,585,7,0
2024-08-19,Sardegna,Subito Lavoro,AZ_IT_SUBITO_SLOT_PREMIUM,18.36,1735,25,2
2024-08-19,Sardegna,Subito Lavoro,AZ_IT_SUBITO_SPONSORED_ANNUNCI,5.68,434,8,1
2024-08-19,Sicilia,Subito Lavoro,AZ_IT_SUBITO_RETARGETING,9.71,1335,16,1
2024-08-19,Sicilia,Subito Lavoro,AZ_IT_SUBITO_SLOT_PREMIUM,46.77,4281,62,5
2024-08-19,Sicilia,Subito Lavoro,AZ_IT_SUBITO_SPONSORED_ANNUNCI,21.68,1610,26,3
2024-08-19,Toscana,Subito Lavoro,AZ_IT_SUBITO_RETARGETING,9.76,1355,16,1
2024-08-19,Toscana,Subito Lavoro,AZ_IT_SUBITO_SLOT_PREMIUM,45.42,4191,55,6
2024-08-19,Toscana,Subito Lavoro,AZ_IT_SUBITO_SPONSORED_ANNUNCI,15.08,1156,20,3
2024-08-19,Trentino-Alto Adige,Subito Lavoro,AZ_IT_SUBITO_RETARGETING,1.51,203,2,0
2024-08-19,Trentino-Alto Adige,Subito Lavoro,AZ_IT_SUBITO_SLOT_PREMIUM,11.11,1006,13,1
2024-08-19,Trentino-Alto Adige,Subito Lavoro,AZ_IT_SUBITO_SPONSORED_ANNUNCI,3.25,241,4,0
2024-08-19,Umbria,Subito Lavoro,AZ_IT_SUBITO_RETARGETING,2.05,287,3,0
2024-08-19,Umbria,Subito Lavoro,AZ_IT_SUBITO_SLOT_PREMIUM,5.45,495,7,1
2024-08-19,Umbria,Subito Lavoro,AZ_IT_SUBITO_SPONSORED_ANNUNCI,2.35,183,3,1
2024-08-19,Valle d'Aosta,Subito Lavoro,AZ_IT_SUBITO_RETARGETING,0.32,45,1,0
2024-08-19,Valle d'Aosta,Subito Lavoro,AZ_IT_SUBITO_SLOT_PREMIUM,1.16,106,1,0
2024-08-19,Valle d'Aosta,Subito Lavoro,AZ_IT_SUBITO_SPONSORED_ANNUNCI,0.44,34,1,0
2024-08-19,Veneto,Subito Lavoro,AZ_IT_SUBITO_RETARGETING,8.58,1217,15,1
2024-08-19,Veneto,Subito Lavoro,AZ_IT_SUBITO_SLOT_PREMIUM,44.84,4261,60,5
2024-08-19,Veneto,Subito Lavoro,AZ_IT_SUBITO_SPONSORED_ANNUNCI,20.61,1569,24,3
2024-08-26,Abruzzo,Subito Lavoro,AZ_IT_SUBITO_RETARGETING,2.26,330,4,0
2024-08-26,Abruzzo,Subito Lavoro,AZ_IT_SUBITO_SLOT_PREMIUM,8.03,754,10,1
2024-08-26,Abruzzo,Subito Lavoro,AZ_IT_SUBITO_SPONSORED_ANNUNCI,4.34,341,7,1
2024-08-26,Basilicata,Subito Lavoro,AZ_IT_SUBITO_RETARGETING,0.90,132,2,0
2024-08-26,Basilicata,Subito Lavoro,AZ_IT_SUBITO_SLOT_PREMIUM,1.61,147,2,0
2024-08-26,Basilicata,Subito Lavoro,AZ_IT_SUBITO_SPONSORED_ANNUNCI,3.29,253,5,0
2024-08-26,Calabria,Subito Lavoro,AZ_IT_SUBITO_RETARGETING,3.64,514,6,0
2024-08-26,Calabria,Subito Lavoro,AZ_IT_SUBITO_SLOT_PREMIUM,11.19,988,14,2
2024-08-26,Calabria,Subito Lavoro,AZ_IT_SUBITO_SPONSORED_ANNUNCI,9.59,755,12,2
2024-08-26,Campania,Subito Lavoro,AZ_IT_SUBITO_RETARGETING,7.07,997,12,1
2024-08-26,Campania,Subito Lavoro,AZ_IT_SUBITO_SLOT_PREMIUM,72.19,6696,94,6
2024-08-26,Campania,Subito Lavoro,AZ_IT_SUBITO_SPONSORED_ANNUNCI,16.24,1223,17,2
2024-08-26,Emilia-Romagna,Subito Lavoro,AZ_IT_SUBITO_RETARGETING,5.77,862,11,1
2024-08-26,Emilia-Romagna,Subito Lavoro,AZ_IT_SUBITO_SLOT_PREMIUM,41.74,3740,57,4
2024-08-26,Emilia-Romagna,Subito Lavoro,AZ_IT_SUBITO_SPONSORED_ANNUNCI,11.85,932,16,2
2024-08-26,Friuli-Venezia Giulia,Subito Lavoro,AZ_IT_SUBITO_RETARGETING,1.38,196,2,0
2024-08-26,Friuli-Venezia Giulia,Subito Lavoro,AZ_IT_SUBITO_SLOT_PREMIUM,7.87,706,10,1
2024-08-26,Friuli-Venezia Giulia,Subito Lavoro,AZ_IT_SUBITO_SPONSORED_ANNUNCI,4.22,314,5,1
2024-08-26,Lazio,Subito Lavoro,AZ_IT_SUBITO_RETARGETING,8.60,1213,13,1
2024-08-26,Lazio,Subito Lavoro,AZ_IT_SUBITO_SLOT_PREMIUM,45.47,4110,54,7
2024-08-26,Lazio,Subito Lavoro,AZ_IT_SUBITO_SPONSORED_ANNUNCI,9.27,732,12,2
2024-08-26,Liguria,Subito Lavoro,AZ_IT_SUBITO_RETARGETING,1.62,232,3,0
2024-08-26,Liguria,Subito Lavoro,AZ_IT_SUBITO_SLOT_PREMIUM,14.76,1347,18,1
2024-08-26,Liguria,Subito Lavoro,AZ_IT_SUBITO_SPONSORED_ANNUNCI,4.63,349,6,1
2024-08-26,Lombardia,Subito Lavoro,AZ_IT_SUBITO_RETARGETING,18.24,2681,34,2
2024-08-26,Lombardia,Subito Lavoro,AZ_IT_SUBITO_SLOT_PREMIUM,59.03,5523,76,7
2024-08-26,Lombardia,Subito Lavoro,AZ_IT_SUBITO_SPONSORED_ANNUNCI,34.81,2586,46,5
2024-08-26,Marche,Subito Lavoro,AZ_IT_SUBITO_RETARGETING,3.32,482,6,1
2024-08-26,Marche,Subito Lavoro,AZ_IT_SUBITO_SLOT_PREMIUM,6.92,611,8,1
2024-08-26,Marche,Subito Lavoro,AZ_IT_SUBITO_SPONSORED_ANNUNCI,4.83,373,6,1
2024-08-26,Molise,Subito Lavoro,AZ_IT_SUBITO_RETARGETING,0.47,68,1,0
2024-08-26,Molise,Subito Lavoro,AZ_IT_SUBITO_SLOT_PREMIUM,1.82,168,3,0
2024-08-26,Molise,Subito Lavoro,AZ_IT_SUBITO_SPONSORED_ANNUNCI,0.99,80,1,0
2024-08-26,Piemonte,Subito Lavoro,AZ_IT_SUBITO_RETARGETING,7.80,1112,13,1
2024-08-26,Piemonte,Subito Lavoro,AZ_IT_SUBITO_SLOT_PREMIUM,25.76,2321,31,3
2024-08-26,Piemonte,Subito Lavoro,AZ_IT_SUBITO_SPONSORED_ANNUNCI,15.92,1224,22,2
2024-08-26,Puglia,Subito Lavoro,AZ_IT_SUBITO_RETARGETING,6.80,959,11,1
2024-08-26,Puglia,Subito Lavoro,AZ_IT_SUBITO_SLOT_PREMIUM,23.97,2379,33,2
2024-08-26,Puglia,Subito Lavoro,AZ_IT_SUBITO_SPONSORED_ANNUNCI,11.38,876,15,1
2024-08-26,Sardegna,Subito Lavoro,AZ_IT_SUBITO_RETARGETING,2.33,357,4,0
2024-08-26,Sardegna,Subito Lavoro,AZ_IT_SUBITO_SLOT_PREMIUM,10.25,928,13,1
2024-08-26,Sardegna,Subito Lavoro,AZ_IT_SUBITO_SPONSORED_ANNUNCI,5.40,398,8,1
2024-08-26,Sicilia,Subito Lavoro,AZ_IT_SUBITO_RETARGETING,6.14,815,10,0
2024-08-26,Sicilia,Subito Lavoro,AZ_IT_SUBITO_SLOT_PREMIUM,28.77,2700,35,3
2024-08-26,Sicilia,Subito Lavoro,AZ_IT_SUBITO_SPONSORED_ANNUNCI,28.18,2336,46,3
2024-08-26,Toscana,Subito Lavoro,AZ_IT_SUBITO_RETARGETING,5.11,722,9,1
2024-08-26,Toscana,Subito Lavoro,AZ_IT_SUBITO_SLOT_PREMIUM,28.86,2761,39,4
2024-08-26,Toscana,Subito Lavoro,AZ_IT_SUBITO_SPONSORED_ANNUNCI,12.78,946,16,2
2024-08-26,Trentino-Alto Adige,Subito Lavoro,AZ_IT_SUBITO_RETARGETING,2.37,340,5,0
2024-08-26,Trentino-Alto Adige,Subito Lavoro,AZ_IT_SUBITO_SLOT_PREMIUM,8.44,745,12,1
2024-08-26,Trentino-Alto Adige,Subito Lavoro,AZ_IT_SUBITO_SPONSORED_ANNUNCI,5.77,447,8,1
2024-08-26,Umbria,Subito Lavoro,AZ_IT_SUBITO_RETARGETING,1.57,221,3,0
2024-08-26,Umbria,Subito Lavoro,AZ_IT_SUBITO_SLOT_PREMIUM,4.92,447,6,1
2024-08-26,Umbria,Subito Lavoro,AZ_IT_SUBITO_SPONSORED_ANNUNCI,4.07,316,5,1
2024-08-26,Valle d'Aosta,Subito Lavoro,AZ_IT_SUBITO_RETARGETING,0.33,46,0,0
2024-08-26,Valle d'Aosta,Subito Lavoro,AZ_IT_SUBITO_SLOT_PREMIUM,0.68,63,1,0
2024-08-26,Valle d'Aosta,Subito Lavoro,AZ_IT_SUBITO_SPONSORED_ANNUNCI,0.36,28,0,0
2024-08-26,Veneto,Subito Lavoro,AZ_IT_SUBITO_RETARGETING,9.92,1386,17,1
2024-08-26,Veneto,Subito Lavoro,AZ_IT_SUBITO_SLOT_PREMIUM,28.53,2525,37,3
2024-08-26,Veneto,Subito Lavoro,AZ_IT_SUBITO_SPONSORED_ANNUNCI,21.20,1657,29,3
2024-09-02,Abruzzo,Subito Lavoro,AZ_IT_SUBITO_RETARGETING,4.76,668,8,0
2024-09-02,Abruzzo,Subito Lavoro,AZ_IT_SUBITO_SLOT_PREMIUM,37.14,3336,49,2
2024-09-02,Abruzzo,Subito Lavoro,AZ_IT_SUBITO_SPONSORED_ANNUNCI,12.74,1003,16,1
2024-09-02,Basilicata,Subito Lavoro,AZ_IT_SUBITO_RETARGETING,3.56,520,7,0
2024-09-02,Basilicata,Subito Lavoro,AZ_IT_SUBITO_SLOT_PREMIUM,13.13,1183,14,1
2024-09-02,Basilicata,Subito Lavoro,AZ_IT_SUBITO_SPONSORED_ANNUNCI,7.24,526,9,0
2024-09-02,Calabria,Subito Lavoro,AZ_IT_SUBITO_RETARGETING,7.83,1115,15,1
2024-09-02,Calabria,Subito Lavoro,AZ_IT_SUBITO_SLOT_PREMIUM,60.08,5593,78,5
2024-09-02,Calabria,Subito Lavoro,AZ_IT_SUBITO_SPONSORED_ANNUNCI,28.95,2337,38,3
2024-09-02,Campania,Subito Lavoro,AZ_IT_SUBITO_RETARGETING,52.56,7417,92,2
2024-09-02,Campania,Subito Lavoro,AZ_IT_SUBITO_SLOT_PREMIUM,163.32,15572,224,8
2024-09-02,Campania,Subito Lavoro,AZ_IT_SUBITO_SPONSORED_ANNUNCI,68.14,5116,82,5
2024-09-02,Emilia-Romagna,Subito Lavoro,AZ_IT_SUBITO_RETARGETING,32.13,4632,56,2
2024-09-02,Emilia-Romagna,Subito Lavoro,AZ_IT_SUBITO_SLOT_PREMIUM,97.25,8792,130,7
2024-09-02,Emilia-Romagna,Subito Lavoro,AZ_IT_SUBITO_SPONSORED_ANNUNCI,37.30,2831,46,3
2024-09-02,Friuli-Venezia Giulia,Subito Lavoro,AZ_IT_SUBITO_RETARGETING,5.57,754,9,0
2024-09-02,Friuli-Venezia Giulia,Subito Lavoro,AZ_IT_SUBITO_SLOT_PREMIUM,42.63,3765,57,3
2024-09-02,Friuli-Venezia Giulia,Subito Lavoro,AZ_IT_SUBITO_SPONSORED_ANNUNCI,14.64,1099,18,1
2024-09-02,Lazio,Subito Lavoro,AZ_IT_SUBITO_RETARGETING,28.02,3944,48,2
2024-09-02,Lazio,Subito Lavoro,AZ_IT_SUBITO_SLOT_PREMIUM,215.56,20874,287,11
2024-09-02,Lazio,Subito Lavoro,AZ_IT_SUBITO_SPONSORED_ANNUNCI,82.94,6159,107,6
2024-09-02,Liguria,Subito Lavoro,AZ_IT_SUBITO_RETARGETING,6.58,916,9,0
2024-09-02,Liguria,Subito Lavoro,AZ_IT_SUBITO_SLOT_PREMIUM,40.00,3699,52,2
2024-09-02,Liguria,Subito Lavoro,AZ_IT_SUBITO_SPONSORED_ANNUNCI,12.59,1005,18,1
2024-09-02,Lombardia,Subito Lavoro,AZ_IT_SUBITO_RETARGETING,76.00,10736,134,4
2024-09-02,Lombardia,Subito Lavoro,AZ_IT_SUBITO_SLOT_PREMIUM,270.99,25221,337,16
2024-09-02,Lombardia,Subito Lavoro,AZ_IT_SUBITO_SPONSORED_ANNUNCI,112.25,8553,146,9
2024-09-02,Marche,Subito Lavoro,AZ_IT_SUBITO_RETARGETING,7.68,1056,11,1
2024-09-02,Marche,Subito Lavoro,AZ_IT_SUBITO_SLOT_PREMIUM,25.79,2227,34,3
2024-09-02,Marche,Subito Lavoro,AZ_IT_SUBITO_SPONSORED_ANNUNCI,16.69,1317,23,2
2024-09-02,Molise,Subito Lavoro,AZ_IT_SUBITO_RETARGETING,1.61,235,3,0
2024-09-02,Molise,Subito Lavoro,AZ_IT_SUBITO_SLOT_PREMIUM,5.29,457,5,0
2024-09-02,Molise,Subito Lavoro,AZ_IT_SUBITO_SPONSORED_ANNUNCI,4.36,344,6,0
2024-09-02,Piemonte,Subito Lavoro,AZ_IT_SUBITO_RETARGETING,30.63,4249,50,2
2024-09-02,Piemonte,Subito Lavoro,AZ_IT_SUBITO_SLOT_PREMIUM,82.71,7438,94,5
2024-09-02,Piemonte,Subito Lavoro,AZ_IT_SUBITO_SPONSORED_ANNUNCI,43.63,3506,56,3
2024-09-02,Puglia,Subito Lavoro,AZ_IT_SUBITO_RETARGETING,33.91,4636,58,1
2024-09-02,Puglia,Subito Lavoro,AZ_IT_SUBITO_SLOT_PREMIUM,120.66,11162,174,5
2024-09-02,Puglia,Subito Lavoro,AZ_IT_SUBITO_SPONSORED_ANNUNCI,52.34,3870,66,3
2024-09-02,Sardegna,Subito Lavoro,AZ_IT_SUBITO_RETARGETING,7.14,1005,13,0
2024-09-02,Sardegna,Subito Lavoro,AZ_IT_SUBITO_SLOT_PREMIUM,33.12,3013,42,2
2024-09-02,Sardegna,Subito Lavoro,AZ_IT_SUBITO_SPONSORED_ANNUNCI,17.74,1341,22,1
2024-09-02,Sicilia,Subito Lavoro,AZ_IT_SUBITO_RETARGETING,51.59,7268,93,3
2024-09-02,Sicilia,Subito Lavoro,AZ_IT_SUBITO_SLOT_PREMIUM,94.47,8430,114,6
2024-09-02,Sicilia,Subito Lavoro,AZ_IT_SUBITO_SPONSORED_ANNUNCI,61.67,4808,78,5
2024-09-02,Toscana,Subito Lavoro,AZ_IT_SUBITO_RETARGETING,20.91,3011,37,2
2024-09-02,Toscana,Subito Lavoro,AZ_IT_SUBITO_SLOT_PREMIUM,74.17,6517,98,6
2024-09-02,Toscana,Subito Lavoro,AZ_IT_SUBITO_SPONSORED_ANNUNCI,57.38,4548,82,5
2024-09-02,Trentino-Alto Adige,Subito Lavoro,AZ_IT_SUBITO_RETARGETING,5.86,870,11,0
2024-09-02,Trentino-Alto Adige,Subito Lavoro,AZ_IT_SUBITO_SLOT_PREMIUM,23.02,2146,26,2
2024-09-02,Trentino-Alto Adige,Subito Lavoro,AZ_IT_SUBITO_SPONSORED_ANNUNCI,20.64,1542,30,2
2024-09-02,Umbria,Subito Lavoro,AZ_IT_SUBITO_RETARGETING,5.24,747,11,0
2024-09-02,Umbria,Subito Lavoro,AZ_IT_SUBITO_SLOT_PREMIUM,25.18,2324,33,1
2024-09-02,Umbria,Subito Lavoro,AZ_IT_SUBITO_SPONSORED_ANNUNCI,12.32,916,17,1
2024-09-02,Valle d'Aosta,Subito Lavoro,AZ_IT_SUBITO_RETARGETING,0.97,141,2,0
2024-09-02,Valle d'Aosta,Subito Lavoro,AZ_IT_SUBITO_SLOT_PREMIUM,4.00,357,5,0
2024-09-02,Valle d'Aosta,Subito Lavoro,AZ_IT_SUBITO_SPONSORED_ANNUNCI,1.49,117,2,0
2024-09-02,Veneto,Subito Lavoro,AZ_IT_SUBITO_RETARGETING,32.61,4559,51,1
2024-09-02,Veneto,Subito Lavoro,AZ_IT_SUBITO_SLOT_PREMIUM,146.17,13257,186,8
2024-09-02,Veneto,Subito Lavoro,AZ_IT_SUBITO_SPONSORED_ANNUNCI,94.59,7287,127,6
2024-09-09,Abruzzo,Subito Lavoro,AZ_IT_SUBITO_RETARGETING,3.01,413,5,0
2024-09-09,Abruzzo,Subito Lavoro,AZ_IT_SUBITO_SLOT_PREMIUM,11.79,1045,11,1
2024-09-09,Abruzzo,Subito Lavoro,AZ_IT_SUBITO_SPONSORED_ANNUNCI,5.62,423,7,1
2024-09-09,Basilicata,Subito Lavoro,AZ_IT_SUBITO_RETARGETING,1.37,198,3,0
2024-09-09,Basilicata,Subito Lavoro,AZ_IT_SUBITO_SLOT_PREMIUM,5.38,477,6,1
2024-09-09,Basilicata,Subito Lavoro,AZ_IT_SUBITO_SPONSORED_ANNUNCI,4.79,352,6,1
2024-09-09,Calabria,Subito Lavoro,AZ_IT_SUBITO_RETARGETING,4.93,738,7,1
2024-09-09,Calabria,Subito Lavoro,AZ_IT_SUBITO_SLOT_PREMIUM,21.00,1921,25,3
2024-09-09,Calabria,Subito Lavoro,AZ_IT_SUBITO_SPONSORED_ANNUNCI,19.34,1441,25,3
2024-09-09,Campania,Subito Lavoro,AZ_IT_SUBITO_RETARGETING,18.64,2625,31,2
2024-09-09,Campania,Subito Lavoro,AZ_IT_SUBITO_SLOT_PREMIUM,99.24,9571,151,9
2024-09-09,Campania,Subito Lavoro,AZ_IT_SUBITO_SPONSORED_ANNUNCI,24.83,1944,36,3
2024-09-09,Emilia-Romagna,Subito Lavoro,AZ_IT_SUBITO_RETARGETING,13.93,1970,22,1
2024-09-09,Emilia-Romagna,Subito Lavoro,AZ_IT_SUBITO_SLOT_PREMIUM,55.95,5133,77,6
2024-09-09,Emilia-Romagna,Subito Lavoro,AZ_IT_SUBITO_SPONSORED_ANNUNCI,26.48,2104,35,3
2024-09-09,Friuli-Venezia Giulia,Subito Lavoro,AZ_IT_SUBITO_RETARGETING,4.54,665,7,1
2024-09-09,Friuli-Venezia Giulia,Subito Lavoro,AZ_IT_SUBITO_SLOT_PREMIUM,22.46,2077,28,2
2024-09-09,Friuli-Venezia Giulia,Subito Lavoro,AZ_IT_SUBITO_SPONSORED_ANNUNCI,7.69,610,10,1
2024-09-09,Lazio,Subito Lavoro,AZ_IT_SUBITO_RETARGETING,16.45,2394,25,2
2024-09-09,Lazio,Subito Lavoro,AZ_IT_SUBITO_SLOT_PREMIUM,55.66,5019,61,7
2024-09-09,Lazio,Subito Lavoro,AZ_IT_SUBITO_SPONSORED_ANNUNCI,36.82,2749,50,6
2024-09-09,Liguria,Subito Lavoro,AZ_IT_SUBITO_RETARGETING,4.20,591,7,0
2024-09-09,Liguria,Subito Lavoro,AZ_IT_SUBITO_SLOT_PREMIUM,19.83,1791,25,1
2024-09-09,Liguria,Subito Lavoro,AZ_IT_SUBITO_SPONSORED_ANNUNCI,15.92,1265,21,1
2024-09-09,Lombardia,Subito Lavoro,AZ_IT_SUBITO_RETARGETING,45.58,6740,86,4
2024-09-09,Lombardia,Subito Lavoro,AZ_IT_SUBITO_SLOT_PREMIUM,131.06,12130,156,14
2024-09-09,Lombardia,Subito Lavoro,AZ_IT_SUBITO_SPONSORED_ANNUNCI,56.99,4552,75,8
2024-09-09,Marche,Subito Lavoro,AZ_IT_SUBITO_RETARGETING,5.20,723,9,1
2024-09-09,Marche,Subito Lavoro,AZ_IT_SUBITO_SLOT_PREMIUM,16.22,1485,22,2
2024-09-09,Marche,Subito Lavoro,AZ_IT_SUBITO_SPONSORED_ANNUNCI,10.98,854,14,2
2024-09-09,Molise,Subito Lavoro,AZ_IT_SUBITO_RETARGETING,1.01,145,2,0
2024-09-09,Molise,Subito Lavoro,AZ_IT_SUBITO_SLOT_PREMIUM,4.16,384,5,0
2024-09-09,Molise,Subito Lavoro,AZ_IT_SUBITO_SPONSORED_ANNUNCI,2.44,188,3,0
2024-09-09,Piemonte,Subito Lavoro,AZ_IT_SUBITO_RETARGETING,12.09,1666,19,1
2024-09-09,Piemonte,Subito Lavoro,AZ_IT_SUBITO_SLOT_PREMIUM,63.40,5561,76,6
2024-09-09,Piemonte,Subito Lavoro,AZ_IT_SUBITO_SPONSORED_ANNUNCI,19.76,1547,28,2
2024-09-09,Puglia,Subito Lavoro,AZ_IT_SUBITO_RETARGETING,27.41,3912,50,2
2024-09-09,Puglia,Subito Lavoro,AZ_IT_SUBITO_SLOT_PREMIUM,36.73,3327,48,3
2024-09-09,Puglia,Subito Lavoro,AZ_IT_SUBITO_SPONSORED_ANNUNCI,27.39,2008,39,3
2024-09-09,Sardegna,Subito Lavoro,AZ_IT_SUBITO_RETARGETING,5.34,773,10,0
2024-09-09,Sardegna,Subito Lavoro,AZ_IT_SUBITO_SLOT_PREMIUM,17.98,1634,27,2
2024-09-09,Sardegna,Subito Lavoro,AZ_IT_SUBITO_SPONSORED_ANNUNCI,11.65,848,14,1
2024-09-09,Sicilia,Subito Lavoro,AZ_IT_SUBITO_RETARGETING,25.79,3625,48,2
2024-09-09,Sicilia,Subito Lavoro,AZ_IT_SUBITO_SLOT_PREMIUM,63.53,5879,73,5
2024-09-09,Sicilia,Subito Lavoro,AZ_IT_SUBITO_SPONSORED_ANNUNCI,29.26,2245,34,4
2024-09-09,Toscana,Subito Lavoro,AZ_IT_SUBITO_RETARGETING,10.10,1434,16,1
2024-09-09,Toscana,Subito Lavoro,AZ_IT_SUBITO_SLOT_PREMIUM,40.85,3754,48,4
2024-09-09,Toscana,Subito Lavoro,AZ_IT_SUBITO_SPONSORED_ANNUNCI,49.17,3766,62,7
2024-09-09,Trentino-Alto Adige,Subito Lavoro,AZ_IT_SUBITO_RETARGETING,3.29,471,5,0
2024-09-09,Trentino-Alto Adige,Subito Lavoro,AZ_IT_SUBITO_SLOT_PREMIUM,8.93,795,11,1
2024-09-09,Trentino-Alto Adige,Subito Lavoro,AZ_IT_SUBITO_SPONSORED_ANNUNCI,8.98,629,11,2
2024-09-09,Umbria,Subito Lavoro,AZ_IT_SUBITO_RETARGETING,2.22,320,4,0
2024-09-09,Umbria,Subito Lavoro,AZ_IT_SUBITO_SLOT_PREMIUM,11.48,1079,14,1
2024-09-09,Umbria,Subito Lavoro,AZ_IT_SUBITO_SPONSORED_ANNUNCI,5.80,449,7,1
2024-09-09,Valle d'Aosta,Subito Lavoro,AZ_IT_SUBITO_RETARGETING,0.38,54,1,0
2024-09-09,Valle d'Aosta,Subito Lavoro,AZ_IT_SUBITO_SLOT_PREMIUM,1.75,166,2,0
2024-09-09,Valle d'Aosta,Subito Lavoro,AZ_IT_SUBITO_SPONSORED_ANNUNCI,0.90,71,1,0
2024-09-09,Veneto,Subito Lavoro,AZ_IT_SUBITO_RETARGETING,15.36,2301,27,1
2024-09-09,Veneto,Subito Lavoro,AZ_IT_SUBITO_SLOT_PREMIUM,72.77,6502,83,8
2024-09-09,Veneto,Subito Lavoro,AZ_IT_SUBITO_SPONSORED_ANNUNCI,26.95,2157,36,4
2024-09-16,Abruzzo,Subito Lavoro,AZ_IT_SUBITO_RETARGETING,12.61,1802,23,0
2024-09-16,Abruzzo,Subito Lavoro,AZ_IT_SUBITO_SLOT_PREMIUM,52.28,4613,65,2
2024-09-16,Abruzzo,Subito Lavoro,AZ_IT_SUBITO_SPONSORED_ANNUNCI,40.76,3166,57,2
2024-09-16,Basilicata,Subito Lavoro,AZ_IT_SUBITO_RETARGETING,3.78,547,6,0
2024-09-16,Basilicata,Subito Lavoro,AZ_IT_SUBITO_SLOT_PREMIUM,27.74,2470,35,1
2024-09-16,Basilicata,Subito Lavoro,AZ_IT_SUBITO_SPONSORED_ANNUNCI,9.89,749,13,1
2024-09-16,Calabria,Subito Lavoro,AZ_IT_SUBITO_RETARGETING,25.53,3502,44,2
2024-09-16,Calabria,Subito Lavoro,AZ_IT_SUBITO_SLOT_PREMIUM,80.67,7187,105,5
2024-09-16,Calabria,Subito Lavoro,AZ_IT_SUBITO_SPONSORED_ANNUNCI,34.38,2740,38,2
2024-09-16,Campania,Subito Lavoro,AZ_IT_SUBITO_RETARGETING,74.29,10702,122,2
2024-09-16,Campania,Subito Lavoro,AZ_IT_SUBITO_SLOT_PREMIUM,338.76,30788,425,11
2024-09-16,Campania,Subito Lavoro,AZ_IT_SUBITO_SPONSORED_ANNUNCI,127.32,10142,159,6
2024-09-16,Emilia-Romagna,Subito Lavoro,AZ_IT_SUBITO_RETARGETING,54.04,7454,82,2
2024-09-16,Emilia-Romagna,Subito Lavoro,AZ_IT_SUBITO_SLOT_PREMIUM,275.29,25816,387,9
2024-09-16,Emilia-Romagna,Subito Lavoro,AZ_IT_SUBITO_SPONSORED_ANNUNCI,126.12,9754,162,5
2024-09-16,Friuli-Venezia Giulia,Subito Lavoro,AZ_IT_SUBITO_RETARGETING,9.39,1381,17,1
2024-09-16,Friuli-Venezia Giulia,Subito Lavoro,AZ_IT_SUBITO_SLOT_PREMIUM,26.79,2429,32,2
2024-09-16,Friuli-Venezia Giulia,Subito Lavoro,AZ_IT_SUBITO_SPONSORED_ANNUNCI,34.49,2709,41,3
2024-09-16,Lazio,Subito Lavoro,AZ_IT_SUBITO_RETARGETING,56.35,8101,101,3
2024-09-16,Lazio,Subito Lavoro,AZ_IT_SUBITO_SLOT_PREMIUM,284.06,26753,383,15
2024-09-16,Lazio,Subito Lavoro,AZ_IT_SUBITO_SPONSORED_ANNUNCI,143.98,11316,199,8
2024-09-16,Liguria,Subito Lavoro,AZ_IT_SUBITO_RETARGETING,15.07,2110,23,0
2024-09-16,Liguria,Subito Lavoro,AZ_IT_SUBITO_SLOT_PREMIUM,90.06,8596,105,3
2024-09-16,Liguria,Subito Lavoro,AZ_IT_SUBITO_SPONSORED_ANNUNCI,41.10,3362,61,1
2024-09-16,Lombardia,Subito Lavoro,AZ_IT_SUBITO_RETARGETING,133.48,18998,252,4
2024-09-16,Lombardia,Subito Lavoro,AZ_IT_SUBITO_SLOT_PREMIUM,587.37,55039,648,22
2024-09-16,Lombardia,Subito Lavoro,AZ_IT_SUBITO_SPONSORED_ANNUNCI,290.44,20120,348,13
2024-09-16,Marche,Subito Lavoro,AZ_IT_SUBITO_RETARGETING,12.85,1876,21,0
2024-09-16,Marche,Subito Lavoro,AZ_IT_SUBITO_SLOT_PREMIUM,70.02,6553,83,3
2024-09-16,Marche,Subito Lavoro,AZ_IT_SUBITO_SPONSORED_ANNUNCI,69.19,5458,91,4
2024-09-16,Molise,Subito Lavoro,AZ_IT_SUBITO_RETARGETING,4.04,575,8,0
2024-09-16,Molise,Subito Lavoro,AZ_IT_SUBITO_SLOT_PREMIUM,16.57,1547,25,1
2024-09-16,Molise,Subito Lavoro,AZ_IT_SUBITO_SPONSORED_ANNUNCI,8.98,687,12,0
2024-09-16,Piemonte,Subito Lavoro,AZ_IT_SUBITO_RETARGETING,33.86,4767,53,1
2024-09-16,Piemonte,Subito Lavoro,AZ_IT_SUBITO_SLOT_PREMIUM,174.56,15902,245,6
2024-09-16,Piemonte,Subito Lavoro,AZ_IT_SUBITO_SPONSORED_ANNUNCI,98.19,7567,122,4
2024-09-16,Puglia,Subito Lavoro,AZ_IT_SUBITO_RETARGETING,43.33,6276,71,1
2024-09-16,Puglia,Subito Lavoro,AZ_IT_SUBITO_SLOT_PREMIUM,115.69,10173,146,4
2024-09-16,Puglia,Subito Lavoro,AZ_IT_SUBITO_SPONSORED_ANNUNCI,107.07,8432,142,5
2024-09-16,Sardegna,Subito Lavoro,AZ_IT_SUBITO_RETARGETING,16.67,2380,27,1
2024-09-16,Sardegna,Subito Lavoro,AZ_IT_SUBITO_SLOT_PREMIUM,88.46,8319,110,3
2024-09-16,Sardegna,Subito Lavoro,AZ_IT_SUBITO_SPONSORED_ANNUNCI,35.84,2758,43,2
2024-09-16,Sicilia,Subito Lavoro,AZ_IT_SUBITO_RETARGETING,50.48,7494,90,1
2024-09-16,Sicilia,Subito Lavoro,AZ_IT_SUBITO_SLOT_PREMIUM,373.19,34801,518,11
2024-09-16,Sicilia,Subito Lavoro,AZ_IT_SUBITO_SPONSORED_ANNUNCI,109.06,8456,139,5
2024-09-16,Toscana,Subito Lavoro,AZ_IT_SUBITO_RETARGETING,44.70,6676,87,2
2024-09-16,Toscana,Subito Lavoro,AZ_IT_SUBITO_SLOT_PREMIUM,150.35,13092,162,10
2024-09-16,Toscana,Subito Lavoro,AZ_IT_SUBITO_SPONSORED_ANNUNCI,59.75,4570,74,5
2024-09-16,Trentino-Alto Adige,Subito Lavoro,AZ_IT_SUBITO_RETARGETING,11.62,1588,18,0
2024-09-16,Trentino-Alto Adige,Subito Lavoro,AZ_IT_SUBITO_SLOT_PREMIUM,37.82,3418,41,2
2024-09-16,Trentino-Alto Adige,Subito Lavoro,AZ_IT_SUBITO_SPONSORED_ANNUNCI,34.06,2662,43,2
2024-09-16,Umbria,Subito Lavoro,AZ_IT_SUBITO_RETARGETING,7.81,1104,13,0
2024-09-16,Umbria,Subito Lavoro,AZ_IT_SUBITO_SLOT_PREMIUM,37.09,3371,47,3
2024-09-16,Umbria,Subito Lavoro,AZ_IT_SUBITO_SPONSORED_ANNUNCI,16.63,1295,25,1
2024-09-16,Valle d'Aosta,Subito Lavoro,AZ_IT_SUBITO_RETARGETING,1.56,240,3,0
2024-09-16,Valle d'Aosta,Subito Lavoro,AZ_IT_SUBITO_SLOT_PREMIUM,5.72,514,7,0
2024-09-16,Valle d'Aosta,Subito Lavoro,AZ_IT_SUBITO_SPONSORED_ANNUNCI,3.93,294,5,0
2024-09-16,Veneto,Subito Lavoro,AZ_IT_SUBITO_RETARGETING,62.62,9094,114,2
2024-09-16,Veneto,Subito Lavoro,AZ_IT_SUBITO_SLOT_PREMIUM,254.50,23803,344,8
2024-09-16,Veneto,Subito Lavoro,AZ_IT_SUBITO_SPONSORED_ANNUNCI,161.36,12591,220,7
2024-09-23,Abruzzo,Subito Lavoro,AZ_IT_SUBITO_RETARGETING,7.52,1102,13,1
2024-09-23,Abruzzo,Subito Lavoro,AZ_IT_SUBITO_SLOT_PREMIUM,18.51,1724,23,2
2024-09-23,Abruzzo,Subito Lavoro,AZ_IT_SUBITO_SPONSORED_ANNUNCI,10.24,805,14,1
2024-09-23,Basilicata,Subito Lavoro,AZ_IT_SUBITO_RETARGETING,1.44,208,3,0
2024-09-23,Basilicata,Subito Lavoro,AZ_IT_SUBITO_SLOT_PREMIUM,8.55,794,11,1
2024-09-23,Basilicata,Subito Lavoro,AZ_IT_SUBITO_SPONSORED_ANNUNCI,3.48,270,4,0
2024-09-23,Calabria,Subito Lavoro,AZ_IT_SUBITO_RETARGETING,4.99,719,9,1
2024-09-23,Calabria,Subito Lavoro,AZ_IT_SUBITO_SLOT_PREMIUM,30.49,2755,43,4
2024-09-23,Calabria,Subito Lavoro,AZ_IT_SUBITO_SPONSORED_ANNUNCI,13.79,1099,19,2
2024-09-23,Campania,Subito Lavoro,AZ_IT_SUBITO_RETARGETING,14.63,1943,24,1
2024-09-23,Campania,Subito Lavoro,AZ_IT_SUBITO_SLOT_PREMIUM,92.41,8213,114,10
2024-09-23,Campania,Subito Lavoro,AZ_IT_SUBITO_SPONSORED_ANNUNCI,59.21,4539,70,7
2024-09-23,Emilia-Romagna,Subito Lavoro,AZ_IT_SUBITO_RETARGETING,21.36,3103,39,3
2024-09-23,Emilia-Romagna,Subito Lavoro,AZ_IT_SUBITO_SLOT_PREMIUM,40.43,3814,51,5
2024-09-23,Emilia-Romagna,Subito Lavoro,AZ_IT_SUBITO_SPONSORED_ANNUNCI,33.62,2510,43,6
2024-09-23,Friuli-Venezia Giulia,Subito Lavoro,AZ_IT_SUBITO_RETARGETING,6.38,954,10,1
2024-09-23,Friuli-Venezia Giulia,Subito Lavoro,AZ_IT_SUBITO_SLOT_PREMIUM,18.03,1595,23,2
2024-09-23,Friuli-Venezia Giulia,Subito Lavoro,AZ_IT_SUBITO_SPONSORED_ANNUNCI,6.82,527,9,1
2024-09-23,Lazio,Subito Lavoro,AZ_IT_SUBITO_RETARGETING,31.84,4393,49,3
2024-09-23,Lazio,Subito Lavoro,AZ_IT_SUBITO_SLOT_PREMIUM,57.58,5009,68,7
2024-09-23,Lazio,Subito Lavoro,AZ_IT_SUBITO_SPONSORED_ANNUNCI,56.21,4318,72,8
2024-09-23,Liguria,Subito Lavoro,AZ_IT_SUBITO_RETARGETING,4.26,594,7,0
2024-09-23,Liguria,Subito Lavoro,AZ_IT_SUBITO_SLOT_PREMIUM,23.69,2142,34,2
2024-09-23,Liguria,Subito Lavoro,AZ_IT_SUBITO_SPONSORED_ANNUNCI,8.97,661,10,1
2024-09-23,Lombardia,Subito Lavoro,AZ_IT_SUBITO_RETARGETING,32.21,4586,61,2
2024-09-23,Lombardia,Subito Lavoro,AZ_IT_SUBITO_SLOT_PREMIUM,261.74,23682,339,24
2024-09-23,Lombardia,Subito Lavoro,AZ_IT_SUBITO_SPONSORED_ANNUNCI,80.34,6310,112,8
2024-09-23,Marche,Subito Lavoro,AZ_IT_SUBITO_RETARGETING,5.74,778,9,1
2024-09-23,Marche,Subito Lavoro,AZ_IT_SUBITO_SLOT_PREMIUM,22.67,2075,28,3
2024-09-23,Marche,Subito Lavoro,AZ_IT_SUBITO_SPONSORED_ANNUNCI,10.64,867,16,2
2024-09-23,Molise,Subito Lavoro,AZ_IT_SUBITO_RETARGETING,1.35,190,2,0
2024-09-23,Molise,Subito Lavoro,AZ_IT_SUBITO_SLOT_PREMIUM,4.40,410,5,1
2024-09-23,Molise,Subito Lavoro,AZ_IT_SUBITO_SPONSORED_ANNUNCI,2.21,170,2,0
2024-09-23,Piemonte,Subito Lavoro,AZ_IT_SUBITO_RETARGETING,19.24,2649,31,1
2024-09-23,Piemonte,Subito Lavoro,AZ_IT_SUBITO_SLOT_PREMIUM,78.80,7366,89,6
2024-09-23,Piemonte,Subito Lavoro,AZ_IT_SUBITO_SPONSORED_ANNUNCI,21.43,1618,26,2
2024-09-23,Puglia,Subito Lavoro,AZ_IT_SUBITO_RETARGETING,17.88,2589,32,1
2024-09-23,Puglia,Subito Lavoro,AZ_IT_SUBITO_SLOT_PREMIUM,80.55,7472,106,5
2024-09-23,Puglia,Subito Lavoro,AZ_IT_SUBITO_SPONSORED_ANNUNCI,24.59,1772,28,2
2024-09-23,Sardegna,Subito Lavoro,AZ_IT_SUBITO_RETARGETING,8.96,1287,17,1
2024-09-23,Sardegna,Subito Lavoro,AZ_IT_SUBITO_SLOT_PREMIUM,32.70,2926,39,3
2024-09-23,Sardegna,Subito Lavoro,AZ_IT_SUBITO_SPONSORED_ANNUNCI,16.53,1287,21,2
2024-09-23,Sicilia,Subito Lavoro,AZ_IT_SUBITO_RETARGETING,24.13,3412,40,2
2024-09-23,Sicilia,Subito Lavoro,AZ_IT_SUBITO_SLOT_PREMIUM,101.80,9278,114,10
2024-09-23,Sicilia,Subito Lavoro,AZ_IT_SUBITO_SPONSORED_ANNUNCI,33.83,2676,44,4
2024-09-23,Toscana,Subito Lavoro,AZ_IT_SUBITO_RETARGETING,12.05,1698,22,1
2024-09-23,Toscana,Subito Lavoro,AZ_IT_SUBITO_SLOT_PREMIUM,62.67,5693,73,10
2024-09-23,Toscana,Subito Lavoro,AZ_IT_SUBITO_SPONSORED_ANNUNCI,19.65,1496,25,4
2024-09-23,Trentino-Alto Adige,Subito Lavoro,AZ_IT_SUBITO_RETARGETING,5.75,824,8,1
2024-09-23,Trentino-Alto Adige,Subito Lavoro,AZ_IT_SUBITO_SLOT_PREMIUM,15.80,1504,23,2
2024-09-23,Trentino-Alto Adige,Subito Lavoro,AZ_IT_SUBITO_SPONSORED_ANNUNCI,8.00,613,12,1
2024-09-23,Umbria,Subito Lavoro,AZ_IT_SUBITO_RETARGETING,3.05,449,6,0
2024-09-23,Umbria,Subito Lavoro,AZ_IT_SUBITO_SLOT_PREMIUM,13.25,1170,16,2
2024-09-23,Umbria,Subito Lavoro,AZ_IT_SUBITO_SPONSORED_ANNUNCI,8.67,632,10,1
2024-09-23,Valle d'Aosta,Subito Lavoro,AZ_IT_SUBITO_RETARGETING,0.55,77,1,0
2024-09-23,Valle d'Aosta,Subito Lavoro,AZ_IT_SUBITO_SLOT_PREMIUM,1.33,119,2,0
2024-09-23,Valle d'Aosta,Subito Lavoro,AZ_IT_SUBITO_SPONSORED_ANNUNCI,0.89,69,1,0
2024-09-23,Veneto,Subito Lavoro,AZ_IT_SUBITO_RETARGETING,23.88,3416,40,2
2024-09-23,Veneto,Subito Lavoro,AZ_IT_SUBITO_SLOT_PREMIUM,81.81,7860,112,8
2024-09-23,Veneto,Subito Lavoro,AZ_IT_SUBITO_SPONSORED_ANNUNCI,34.43,2557,44,4
2024-09-30,Abruzzo,Subito Lavoro,AZ_IT_SUBITO_RETARGETING,2.41,359,5,0
2024-09-30,Abruzzo,Subito Lavoro,AZ_IT_SUBITO_SLOT_PREMIUM,9.90,937,15,1
2024-09-30,Abruzzo,Subito Lavoro,AZ_IT_SUBITO_SPONSORED_ANNUNCI,4.47,350,6,1
2024-09-30,Basilicata,Subito Lavoro,AZ_IT_SUBITO_RETARGETING,1.68,234,3,0
2024-09-30,Basilicata,Subito Lavoro,AZ_IT_SUBITO_SLOT_PREMIUM,3.99,363,5,1
2024-09-30,Basilicata,Subito Lavoro,AZ_IT_SUBITO_SPONSORED_ANNUNCI,2.67,206,4,0
2024-09-30,Calabria,Subito Lavoro,AZ_IT_SUBITO_RETARGETING,5.72,842,9,1
2024-09-30,Calabria,Subito Lavoro,AZ_IT_SUBITO_SLOT_PREMIUM,21.23,1920,27,3
2024-09-30,Calabria,Subito Lavoro,AZ_IT_SUBITO_SPONSORED_ANNUNCI,13.09,1001,17,2
2024-09-30,Campania,Subito Lavoro,AZ_IT_SUBITO_RETARGETING,14.52,2057,24,2
2024-09-30,Campania,Subito Lavoro,AZ_IT_SUBITO_SLOT_PREMIUM,45.01,4206,63,5
2024-09-30,Campania,Subito Lavoro,AZ_IT_SUBITO_SPONSORED_ANNUNCI,52.17,4154,75,5
2024-09-30,Emilia-Romagna,Subito Lavoro,AZ_IT_SUBITO_RETARGETING,10.62,1601,19,1
2024-09-30,Emilia-Romagna,Subito Lavoro,AZ_IT_SUBITO_SLOT_PREMIUM,52.56,4932,69,6
2024-09-30,Emilia-Romagna,Subito Lavoro,AZ_IT_SUBITO_SPONSORED_ANNUNCI,26.04,1935,37,3
2024-09-30,Friuli-Venezia Giulia,Subito Lavoro,AZ_IT_SUBITO_RETARGETING,3.17,418,5,0
2024-09-30,Friuli-Venezia Giulia,Subito Lavoro,AZ_IT_SUBITO_SLOT_PREMIUM,13.29,1208,17,2
2024-09-30,Friuli-Venezia Giulia,Subito Lavoro,AZ_IT_SUBITO_SPONSORED_ANNUNCI,12.21,990,16,2
2024-09-30,Lazio,Subito Lavoro,AZ_IT_SUBITO_RETARGETING,14.03,1960,23,2
2024-09-30,Lazio,Subito Lavoro,AZ_IT_SUBITO_SLOT_PREMIUM,66.16,6367,88,8
2024-09-30,Lazio,Subito Lavoro,AZ_IT_SUBITO_SPONSORED_ANNUNCI,35.29,2753,50,5
2024-09-30,Liguria,Subito Lavoro,AZ_IT_SUBITO_RETARGETING,6.75,971,11,1
2024-09-30,Liguria,Subito Lavoro,AZ_IT_SUBITO_SLOT_PREMIUM,16.77,1518,20,1
2024-09-30,Liguria,Subito Lavoro,AZ_IT_SUBITO_SPONSORED_ANNUNCI,5.32,409,7,1
2024-09-30,Lombardia,Subito Lavoro,AZ_IT_SUBITO_RETARGETING,26.41,3797,44,3
2024-09-30,Lombardia,Subito Lavoro,AZ_IT_SUBITO_SLOT_PREMIUM,129.47,11838,179,18
2024-09-30,Lombardia,Subito Lavoro,AZ_IT_SUBITO_SPONSORED_ANNUNCI,42.51,3216,56,6
2024-09-30,Marche,Subito Lavoro,AZ_IT_SUBITO_RETARGETING,3.98,582,7,1
2024-09-30,Marche,Subito Lavoro,AZ_IT_SUBITO_SLOT_PREMIUM,15.51,1474,20,3
2024-09-30,Marche,Subito Lavoro,AZ_IT_SUBITO_SPONSORED_ANNUNCI,4.03,319,5,1
2024-09-30,Molise,Subito Lavoro,AZ_IT_SUBITO_RETARGETING,0.61,86,1,0
2024-09-30,Molise,Subito Lavoro,AZ_IT_SUBITO_SLOT_PREMIUM,2.34,212,3,0
2024-09-30,Molise,Subito Lavoro,AZ_IT_SUBITO_SPONSORED_ANNUNCI,2.01,153,3,0
2024-09-30,Piemonte,Subito Lavoro,AZ_IT_SUBITO_RETARGETING,9.54,1415,18,1
2024-09-30,Piemonte,Subito Lavoro,AZ_IT_SUBITO_SLOT_PREMIUM,64.11,6146,88,5
2024-09-30,Piemonte,Subito Lavoro,AZ_IT_SUBITO_SPONSORED_ANNUNCI,26.67,2126,32,2
2024-09-30,Puglia,Subito Lavoro,AZ_IT_SUBITO_RETARGETING,18.01,2633,27,2
2024-09-30,Puglia,Subito Lavoro,AZ_IT_SUBITO_SLOT_PREMIUM,35.10,3266,34,3
2024-09-30,Puglia,Subito Lavoro,AZ_IT_SUBITO_SPONSORED_ANNUNCI,23.12,1852,31,2
2024-09-30,Sardegna,Subito Lavoro,AZ_IT_SUBITO_RETARGETING,4.26,591,7,1
2024-09-30,Sardegna,Subito Lavoro,AZ_IT_SUBITO_SLOT_PREMIUM,22.28,1989,28,2
2024-09-30,Sardegna,Subito Lavoro,AZ_IT_SUBITO_SPONSORED_ANNUNCI,7.19,539,8,1
2024-09-30,Sicilia,Subito Lavoro,AZ_IT_SUBITO_RETARGETING,23.56,3485,42,3
2024-09-30,Sicilia,Subito Lavoro,AZ_IT_SUBITO_SLOT_PREMIUM,57.92,5500,77,6
2024-09-30,Sicilia,Subito Lavoro,AZ_IT_SUBITO_SPONSORED_ANNUNCI,24.24,1893,28,3
2024-09-30,Toscana,Subito Lavoro,AZ_IT_SUBITO_RETARGETING,11.67,1684,20,2
2024-09-30,Toscana,Subito Lavoro,AZ_IT_SUBITO_SLOT_PREMIUM,33.37,2989,35,6
2024-09-30,Toscana,Subito Lavoro,AZ_IT_SUBITO_SPONSORED_ANNUNCI,20.73,1524,28,3
2024-09-30,Trentino-Alto Adige,Subito Lavoro,AZ_IT_SUBITO_RETARGETING,2.33,340,4,0
2024-09-30,Trentino-Alto Adige,Subito Lavoro,AZ_IT_SUBITO_SLOT_PREMIUM,12.95,1137,14,2
2024-09-30,Trentino-Alto Adige,Subito Lavoro,AZ_IT_SUBITO_SPONSORED_ANNUNCI,4.90,389,6,1
2024-09-30,Umbria,Subito Lavoro,AZ_IT_SUBITO_RETARGETING,2.84,422,5,0
2024-09-30,Umbria,Subito Lavoro,AZ_IT_SUBITO_SLOT_PREMIUM,7.73,704,10,1
2024-09-30,Umbria,Subito Lavoro,AZ_IT_SUBITO_SPONSORED_ANNUNCI,6.67,519,10,1
2024-09-30,Valle d'Aosta,Subito Lavoro,AZ_IT_SUBITO_RETARGETING,0.42,57,1,0
2024-09-30,Valle d'Aosta,Subito Lavoro,AZ_IT_SUBITO_SLOT_PREMIUM,1.69,151,2,0
2024-09-30,Valle d'Aosta,Subito Lavoro,AZ_IT_SUBITO_SPONSORED_ANNUNCI,0.57,43,1,0
2024-09-30,Veneto,Subito Lavoro,AZ_IT_SUBITO_RETARGETING,14.32,1944,22,2
2024-09-30,Veneto,Subito Lavoro,AZ_IT_SUBITO_SLOT_PREMIUM,52.26,4715,70,6
2024-09-30,Veneto,Subito Lavoro,AZ_IT_SUBITO_SPONSORED_ANNUNCI,22.32,1618,28,3
2024-10-07,Abruzzo,Subito Lavoro,AZ_IT_SUBITO_DISPLAY_HOME,6.30,1219,5,0
2024-10-07,Abruzzo,Subito Lavoro,AZ_IT_SUBITO_RETARGETING,6.11,886,10,0
2024-10-07,Abruzzo,Subito Lavoro,AZ_IT_SUBITO_SLOT_PREMIUM,29.69,2663,41,2
2024-10-07,Abruzzo,Subito Lavoro,AZ_IT_SUBITO_SPONSORED_ANNUNCI,12.09,947,15,1
2024-10-07,Basilicata,Subito Lavoro,AZ_IT_SUBITO_DISPLAY_HOME,2.54,486,2,0
2024-10-07,Basilicata,Subito Lavoro,AZ_IT_SUBITO_RETARGETING,2.78,368,5,0
2024-10-07,Basilicata,Subito Lavoro,AZ_IT_SUBITO_SLOT_PREMIUM,11.88,1052,14,1
2024-10-07,Basilicata,Subito Lavoro,AZ_IT_SUBITO_SPONSORED_ANNUNCI,6.11,470,8,0
2024-10-07,Calabria,Subito Lavoro,AZ_IT_SUBITO_DISPLAY_HOME,13.04,2676,10,1
2024-10-07,Calabria,Subito Lavoro,AZ_IT_SUBITO_RETARGETING,8.79,1250,13,1
2024-10-07,Calabria,Subito Lavoro,AZ_IT_SUBITO_SLOT_PREMIUM,40.15,3471,46,4
2024-10-07,Calabria,Subito Lavoro,AZ_IT_SUBITO_SPONSORED_ANNUNCI,10.78,802,15,1
2024-10-07,Campania,Subito Lavoro,AZ_IT_SUBITO_DISPLAY_HOME,44.91,8677,30,2
2024-10-07,Campania,Subito Lavoro,AZ_IT_SUBITO_RETARGETING,18.32,2631,32,2
2024-10-07,Campania,Subito Lavoro,AZ_IT_SUBITO_SLOT_PREMIUM,111.42,10376,145,8
2024-10-07,Campania,Subito Lavoro,AZ_IT_SUBITO_SPONSORED_ANNUNCI,33.09,2566,44,3
2024-10-07,Emilia-Romagna,Subito Lavoro,AZ_IT_SUBITO_DISPLAY_HOME,30.56,6072,22,1
2024-10-07,Emilia-Romagna,Subito Lavoro,AZ_IT_SUBITO_RETARGETING,20.79,2935,36,1
2024-10-07,Emilia-Romagna,Subito Lavoro,AZ_IT_SUBITO_SLOT_PREMIUM,94.32,8734,131,7
2024-10-07,Emilia-Romagna,Subito Lavoro,AZ_IT_SUBITO_SPONSORED_ANNUNCI,51.64,4143,78,4
2024-10-07,Friuli-Venezia Giulia,Subito Lavoro,AZ_IT_SUBITO_DISPLAY_HOME,9.33,1862,8,0
2024-10-07,Friuli-Venezia Giulia,Subito Lavoro,AZ_IT_SUBITO_RETARGETING,7.49,1108,12,1
2024-10-07,Friuli-Venezia Giulia,Subito Lavoro,AZ_IT_SUBITO_SLOT_PREMIUM,34.07,3154,44,3
2024-10-07,Friuli-Venezia Giulia,Subito Lavoro,AZ_IT_SUBITO_SPONSORED_ANNUNCI,8.75,704,12,1
2024-10-07,Lazio,Subito Lavoro,AZ_IT_SUBITO_DISPLAY_HOME,46.15,8850,34,2
2024-10-07,Lazio,Subito Lavoro,AZ_IT_SUBITO_RETARGETING,19.05,2738,33,2
2024-10-07,Lazio,Subito Lavoro,AZ_IT_SUBITO_SLOT_PREMIUM,106.55,9767,147,9
2024-10-07,Lazio,Subito Lavoro,AZ_IT_SUBITO_SPONSORED_ANNUNCI,58.42,4461,74,6
2024-10-07,Liguria,Subito Lavoro,AZ_IT_SUBITO_DISPLAY_HOME,11.79,2378,9,0
2024-10-07,Liguria,Subito Lavoro,AZ_IT_SUBITO_RETARGETING,10.78,1652,18,1
2024-10-07,Liguria,Subito Lavoro,AZ_IT_SUBITO_SLOT_PREMIUM,35.48,3141,47,2
2024-10-07,Liguria,Subito Lavoro,AZ_IT_SUBITO_SPONSORED_ANNUNCI,15.91,1180,20,1
2024-10-07,Lombardia,Subito Lavoro,AZ_IT_SUBITO_DISPLAY_HOME,75.93,15610,55,3
2024-10-07,Lombardia,Subito Lavoro,AZ_IT_SUBITO_RETARGETING,63.30,8734,118,6
2024-10-07,Lombardia,Subito Lavoro,AZ_IT_SUBITO_SLOT_PREMIUM,216.96,19970,291,20
2024-10-07,Lombardia,Subito Lavoro,AZ_IT_SUBITO_SPONSORED_ANNUNCI,57.66,4570,87,6
2024-10-07,Marche,Subito Lavoro,AZ_IT_SUBITO_DISPLAY_HOME,14.33,2862,12,1
2024-10-07,Marche,Subito Lavoro,AZ_IT_SUBITO_RETARGETING,4.43,648,7,1
2024-10-07,Marche,Subito Lavoro,AZ_IT_SUBITO_SLOT_PREMIUM,30.96,2764,39,4
2024-10-07,Marche,Subito Lavoro,AZ_IT_SUBITO_SPONSORED_ANNUNCI,9.47,699,11,1
2024-10-07,Molise,Subito Lavoro,AZ_IT_SUBITO_DISPLAY_HOME,2.44,470,2,0
2024-10-07,Molise,Subito Lavoro,AZ_IT_SUBITO_RETARGETING,1.44,211,3,0
2024-10-07,Molise,Subito Lavoro,AZ_IT_SUBITO_SLOT_PREMIUM,6.44,573,7,1
2024-10-07,Molise,Subito Lavoro,AZ_IT_SUBITO_SPONSORED_ANNUNCI,2.43,182,3,0
2024-10-07,Piemonte,Subito Lavoro,AZ_IT_SUBITO_DISPLAY_HOME,31.52,6450,26,1
2024-10-07,Piemonte,Subito Lavoro,AZ_IT_SUBITO_RETARGETING,19.44,2762,33,2
2024-10-07,Piemonte,Subito Lavoro,AZ_IT_SUBITO_SLOT_PREMIUM,73.69,6307,89,5
2024-10-07,Piemonte,Subito Lavoro,AZ_IT_SUBITO_SPONSORED_ANNUNCI,42.22,3320,59,3
2024-10-07,Puglia,Subito Lavoro,AZ_IT_SUBITO_DISPLAY_HOME,21.48,4208,16,1
2024-10-07,Puglia,Subito Lavoro,AZ_IT_SUBITO_RETARGETING,14.37,2082,26,1
2024-10-07,Puglia,Subito Lavoro,AZ_IT_SUBITO_SLOT_PREMIUM,59.56,5575,75,5
2024-10-07,Puglia,Subito Lavoro,AZ_IT_SUBITO_SPONSORED_ANNUNCI,26.18,2087,37,2
2024-10-07,Sardegna,Subito Lavoro,AZ_IT_SUBITO_DISPLAY_HOME,10.91,2121,8,0
2024-10-07,Sardegna,Subito Lavoro,AZ_IT_SUBITO_RETARGETING,9.49,1354,17,1
2024-10-07,Sardegna,Subito Lavoro,AZ_IT_SUBITO_SLOT_PREMIUM,39.50,3509,55,3
2024-10-07,Sardegna,Subito Lavoro,AZ_IT_SUBITO_SPONSORED_ANNUNCI,12.39,973,16,1
2024-10-07,Sicilia,Subito Lavoro,AZ_IT_SUBITO_DISPLAY_HOME,27.09,5769,22,1
2024-10-07,Sicilia,Subito Lavoro,AZ_IT_SUBITO_RETARGETING,24.46,3346,36,2
2024-10-07,Sicilia,Subito Lavoro,AZ_IT_SUBITO_SLOT_PREMIUM,69.76,6459,97,5
2024-10-07,Sicilia,Subito Lavoro,AZ_IT_SUBITO_SPONSORED_ANNUNCI,38.19,2919,48,4
2024-10-07,Toscana,Subito Lavoro,AZ_IT_SUBITO_DISPLAY_HOME,19.67,3723,15,1
2024-10-07,Toscana,Subito Lavoro,AZ_IT_SUBITO_RETARGETING,12.35,1774,20,1
2024-10-07,Toscana,Subito Lavoro,AZ_IT_SUBITO_SLOT_PREMIUM,76.21,6650,92,9
2024-10-07,Toscana,Subito Lavoro,AZ_IT_SUBITO_SPONSORED_ANNUNCI,30.03,2357,41,3
2024-10-07,Trentino-Alto Adige,Subito Lavoro,AZ_IT_SUBITO_DISPLAY_HOME,5.62,1084,4,0
2024-10-07,Trentino-Alto Adige,Subito Lavoro,AZ_IT_SUBITO_RETARGETING,5.33,801,9,0
2024-10-07,Trentino-Alto Adige,Subito Lavoro,AZ_IT_SUBITO_SLOT_PREMIUM,25.59,2275,32,2
2024-10-07,Trentino-Alto Adige,Subito Lavoro,AZ_IT_SUBITO_SPONSORED_ANNUNCI,10.56,841,14,1
2024-10-07,Umbria,Subito Lavoro,AZ_IT_SUBITO_DISPLAY_HOME,6.95,1405,5,0
2024-10-07,Umbria,Subito Lavoro,AZ_IT_SUBITO_RETARGETING,4.14,621,7,0
2024-10-07,Umbria,Subito Lavoro,AZ_IT_SUBITO_SLOT_PREMIUM,18.10,1702,21,2
2024-10-07,Umbria,Subito Lavoro,AZ_IT_SUBITO_SPONSORED_ANNUNCI,6.46,505,9,1
2024-10-07,Valle d'Aosta,Subito Lavoro,AZ_IT_SUBITO_DISPLAY_HOME,0.74,147,1,0
2024-10-07,Valle d'Aosta,Subito Lavoro,AZ_IT_SUBITO_RETARGETING,0.75,104,1,0
2024-10-07,Valle d'Aosta,Subito Lavoro,AZ_IT_SUBITO_SLOT_PREMIUM,2.30,214,3,0
2024-10-07,Valle d'Aosta,Subito Lavoro,AZ_IT_SUBITO_SPONSORED_ANNUNCI,0.68,49,1,0
2024-10-07,Veneto,Subito Lavoro,AZ_IT_SUBITO_DISPLAY_HOME,31.84,6410,28,1
2024-10-07,Veneto,Subito Lavoro,AZ_IT_SUBITO_RETARGETING,17.00,2436,29,1
2024-10-07,Veneto,Subito Lavoro,AZ_IT_SUBITO_SLOT_PREMIUM,118.53,11183,179,9
2024-10-07,Veneto,Subito Lavoro,AZ_IT_SUBITO_SPONSORED_ANNUNCI,35.26,2664,47,3
2024-10-14,Abruzzo,Subito Lavoro,AZ_IT_SUBITO_DISPLAY_HOME,3.82,769,3,0
2024-10-14,Abruzzo,Subito Lavoro,AZ_IT_SUBITO_RETARGETING,3.23,481,5,0
2024-10-14,Abruzzo,Subito Lavoro,AZ_IT_SUBITO_SLOT_PREMIUM,15.89,1425,20,2
2024-10-14,Abruzzo,Subito Lavoro,AZ_IT_SUBITO_SPONSORED_ANNUNCI,8.60,681,12,1
2024-10-14,Basilicata,Subito Lavoro,AZ_IT_SUBITO_DISPLAY_HOME,1.31,260,1,0
2024-10-14,Basilicata,Subito Lavoro,AZ_IT_SUBITO_RETARGETING,2.05,281,4,0
2024-10-14,Basilicata,Subito Lavoro,AZ_IT_SUBITO_SLOT_PREMIUM,9.09,800,11,1
2024-10-14,Basilicata,Subito Lavoro,AZ_IT_SUBITO_SPONSORED_ANNUNCI,1.77,133,2,0
2024-10-14,Calabria,Subito Lavoro,AZ_IT_SUBITO_DISPLAY_HOME,8.65,1786,8,1
2024-10-14,Calabria,Subito Lavoro,AZ_IT_SUBITO_RETARGETING,3.75,538,6,1
2024-10-14,Calabria,Subito Lavoro,AZ_IT_SUBITO_SLOT_PREMIUM,23.33,2150,31,3
2024-10-14,Calabria,Subito Lavoro,AZ_IT_SUBITO_SPONSORED_ANNUNCI,13.32,1054,18,2
2024-10-14,Campania,Subito Lavoro,AZ_IT_SUBITO_DISPLAY_HOME,34.78,7131,29,2
2024-10-14,Campania,Subito Lavoro,AZ_IT_SUBITO_RETARGETING,10.57,1470,16,1
2024-10-14,Campania,Subito Lavoro,AZ_IT_SUBITO_SLOT_PREMIUM,67.61,5857,80,8
2024-10-14,Campania,Subito Lavoro,AZ_IT_SUBITO_SPONSORED_ANNUNCI,19.30,1504,27,3
2024-10-14,Emilia-Romagna,Subito Lavoro,AZ_IT_SUBITO_DISPLAY_HOME,18.25,3627,15,1
2024-10-14,Emilia-Romagna,Subito Lavoro,AZ_IT_SUBITO_RETARGETING,12.29,1809,23,2
2024-10-14,Emilia-Romagna,Subito Lavoro,AZ_IT_SUBITO_SLOT_PREMIUM,43.89,3918,55,6
2024-10-14,Emilia-Romagna,Subito Lavoro,AZ_IT_SUBITO_SPONSORED_ANNUNCI,17.10,1330,25,3
2024-10-14,Friuli-Venezia Giulia,Subito Lavoro,AZ_IT_SUBITO_DISPLAY_HOME,6.75,1341,5,1
2024-10-14,Friuli-Venezia Giulia,Subito Lavoro,AZ_IT_SUBITO_RETARGETING,3.60,518,6,1
2024-10-14,Friuli-Venezia Giulia,Subito Lavoro,AZ_IT_SUBITO_SLOT_PREMIUM,12.97,1152,16,2
2024-10-14,Friuli-Venezia Giulia,Subito Lavoro,AZ_IT_SUBITO_SPONSORED_ANNUNCI,6.18,493,8,1
2024-10-14,Lazio,Subito Lavoro,AZ_IT_SUBITO_DISPLAY_HOME,22.06,4455,19,1
2024-10-14,Lazio,Subito Lavoro,AZ_IT_SUBITO_RETARGETING,16.93,2362,27,2
2024-10-14,Lazio,Subito Lavoro,AZ_IT_SUBITO_SLOT_PREMIUM,63.21,6008,94,9
2024-10-14,Lazio,Subito Lavoro,AZ_IT_SUBITO_SPONSORED_ANNUNCI,28.97,2214,39,4
2024-10-14,Liguria,Subito Lavoro,AZ_IT_SUBITO_DISPLAY_HOME,4.48,892,4,0
2024-10-14,Liguria,Subito Lavoro,AZ_IT_SUBITO_RETARGETING,4.70,662,8,0
2024-10-14,Liguria,Subito Lavoro,AZ_IT_SUBITO_SLOT_PREMIUM,21.47,1914,23,2
2024-10-14,Liguria,Subito Lavoro,AZ_IT_SUBITO_SPONSORED_ANNUNCI,7.14,562,9,1
2024-10-14,Lombardia,Subito Lavoro,AZ_IT_SUBITO_DISPLAY_HOME,36.01,7485,33,2
2024-10-14,Lombardia,Subito Lavoro,AZ_IT_SUBITO_RETARGETING,28.37,4184,48,3
2024-10-14,Lombardia,Subito Lavoro,AZ_IT_SUBITO_SLOT_PREMIUM,130.56,11929,159,15
2024-10-14,Lombardia,Subito Lavoro,AZ_IT_SUBITO_SPONSORED_ANNUNCI,70.58,5406,99,9
2024-10-14,Marche,Subito Lavoro,AZ_IT_SUBITO_DISPLAY_HOME,7.03,1447,6,1
2024-10-14,Marche,Subito Lavoro,AZ_IT_SUBITO_RETARGETING,6.38,907,12,1
2024-10-14,Marche,Subito Lavoro,AZ_IT_SUBITO_SLOT_PREMIUM,14.49,1266,15,3
2024-10-14,Marche,Subito Lavoro,AZ_IT_SUBITO_SPONSORED_ANNUNCI,7.24,564,11,1
2024-10-14,Molise,Subito Lavoro,AZ_IT_SUBITO_DISPLAY_HOME,1.22,249,1,0
2024-10-14,Molise,Subito Lavoro,AZ_IT_SUBITO_RETARGETING,0.76,106,1,0
2024-10-14,Molise,Subito Lavoro,AZ_IT_SUBITO_SLOT_PREMIUM,3.01,283,4,0
2024-10-14,Molise,Subito Lavoro,AZ_IT_SUBITO_SPONSORED_ANNUNCI,1.20,95,2,0
2024-10-14,Piemonte,Subito Lavoro,AZ_IT_SUBITO_DISPLAY_HOME,11.19,2330,9,0
2024-10-14,Piemonte,Subito Lavoro,AZ_IT_SUBITO_RETARGETING,13.35,1946,22,1
2024-10-14,Piemonte,Subito Lavoro,AZ_IT_SUBITO_SLOT_PREMIUM,68.61,6372,88,6
2024-10-14,Piemonte,Subito Lavoro,AZ_IT_SUBITO_SPONSORED_ANNUNCI,17.38,1304,22,2
2024-10-14,Puglia,Subito Lavoro,AZ_IT_SUBITO_DISPLAY_HOME,8.18,1663,6,0
2024-10-14,Puglia,Subito Lavoro,AZ_IT_SUBITO_RETARGETING,7.82,1126,14,1
2024-10-14,Puglia,Subito Lavoro,AZ_IT_SUBITO_SLOT_PREMIUM,58.06,5212,76,4
2024-10-14,Puglia,Subito Lavoro,AZ_IT_SUBITO_SPONSORED_ANNUNCI,17.87,1385,24,2
2024-10-14,Sardegna,Subito Lavoro,AZ_IT_SUBITO_DISPLAY_HOME,4.32,868,4,0
2024-10-14,Sardegna,Subito Lavoro,AZ_IT_SUBITO_RETARGETING,3.23,461,5,0
2024-10-14,Sardegna,Subito Lavoro,AZ_IT_SUBITO_SLOT_PREMIUM,16.20,1518,20,2
2024-10-14,Sardegna,Subito Lavoro,AZ_IT_SUBITO_SPONSORED_ANNUNCI,13.86,1033,17,2
2024-10-14,Sicilia,Subito Lavoro,AZ_IT_SUBITO_DISPLAY_HOME,11.49,2299,9,1
2024-10-14,Sicilia,Subito Lavoro,AZ_IT_SUBITO_RETARGETING,12.95,1829,24,1
2024-10-14,Sicilia,Subito Lavoro,AZ_IT_SUBITO_SLOT_PREMIUM,62.03,5879,77,7
2024-10-14,Sicilia,Subito Lavoro,AZ_IT_SUBITO_SPONSORED_ANNUNCI,27.53,2094,33,3
2024-10-14,Toscana,Subito Lavoro,AZ_IT_SUBITO_DISPLAY_HOME,14.21,2860,12,1
2024-10-14,Toscana,Subito Lavoro,AZ_IT_SUBITO_RETARGETING,9.82,1416,17,2
2024-10-14,Toscana,Subito Lavoro,AZ_IT_SUBITO_SLOT_PREMIUM,40.85,3664,54,8
2024-10-14,Toscana,Subito Lavoro,AZ_IT_SUBITO_SPONSORED_ANNUNCI,10.49,796,11,2
2024-10-14,Trentino-Alto Adige,Subito Lavoro,AZ_IT_SUBITO_DISPLAY_HOME,4.18,875,4,0
2024-10-14,Trentino-Alto Adige,Subito Lavoro,AZ_IT_SUBITO_RETARGETING,2.68,392,5,0
2024-10-14,Trentino-Alto Adige,Subito Lavoro,AZ_IT_SUBITO_SLOT_PREMIUM,8.01,753,11,1
2024-10-14,Trentino-Alto Adige,Subito Lavoro,AZ_IT_SUBITO_SPONSORED_ANNUNCI,6.13,462,7,1
2024-10-14,Umbria,Subito Lavoro,AZ_IT_SUBITO_DISPLAY_HOME,3.09,624,3,0
2024-10-14,Umbria,Subito Lavoro,AZ_IT_SUBITO_RETARGETING,1.98,275,3,0
2024-10-14,Umbria,Subito Lavoro,AZ_IT_SUBITO_SLOT_PREMIUM,7.52,683,9,2
2024-10-14,Umbria,Subito Lavoro,AZ_IT_SUBITO_SPONSORED_ANNUNCI,3.58,283,5,1
2024-10-14,Valle d'Aosta,Subito Lavoro,AZ_IT_SUBITO_DISPLAY_HOME,0.30,58,0,0
2024-10-14,Valle d'Aosta,Subito Lavoro,AZ_IT_SUBITO_RETARGETING,0.36,51,1,0
2024-10-14,Valle d'Aosta,Subito Lavoro,AZ_IT_SUBITO_SLOT_PREMIUM,1.38,120,1,0
2024-10-14,Valle d'Aosta,Subito Lavoro,AZ_IT_SUBITO_SPONSORED_ANNUNCI,0.74,57,1,0
2024-10-14,Veneto,Subito Lavoro,AZ_IT_SUBITO_DISPLAY_HOME,13.28,2602,10,1
2024-10-14,Veneto,Subito Lavoro,AZ_IT_SUBITO_RETARGETING,11.31,1632,18,2
2024-10-14,Veneto,Subito Lavoro,AZ_IT_SUBITO_SLOT_PREMIUM,45.48,4181,58,6
2024-10-14,Veneto,Subito Lavoro,AZ_IT_SUBITO_SPONSORED_ANNUNCI,17.20,1426,24,3
2024-10-21,Abruzzo,Subito Lavoro,AZ_IT_SUBITO_DISPLAY_HOME,3.43,707,3,0
2024-10-21,Abruzzo,Subito Lavoro,AZ_IT_SUBITO_RETARGETING,1.91,272,4,0
2024-10-21,Abruzzo,Subito Lavoro,AZ_IT_SUBITO_SLOT_PREMIUM,9.58,857,12,1
2024-10-21,Abruzzo,Subito Lavoro,AZ_IT_SUBITO_SPONSORED_ANNUNCI,3.03,234,4,1
2024-10-21,Basilicata,Subito Lavoro,AZ_IT_SUBITO_DISPLAY_HOME,0.97,189,1,0
2024-10-21,Basilicata,Subito Lavoro,AZ_IT_SUBITO_RETARGETING,0.50,72,1,0
2024-10-21,Basilicata,Subito Lavoro,AZ_IT_SUBITO_SLOT_PREMIUM,2.77,242,3,0
2024-10-21,Basilicata,Subito Lavoro,AZ_IT_SUBITO_SPONSORED_ANNUNCI,1.38,105,2,0
2024-10-21,Calabria,Subito Lavoro,AZ_IT_SUBITO_DISPLAY_HOME,4.05,816,3,0
2024-10-21,Calabria,Subito Lavoro,AZ_IT_SUBITO_RETARGETING,3.01,421,5,1
2024-10-21,Calabria,Subito Lavoro,AZ_IT_SUBITO_SLOT_PREMIUM,17.68,1618,20,3
2024-10-21,Calabria,Subito Lavoro,AZ_IT_SUBITO_SPONSORED_ANNUNCI,7.07,557,9,2
2024-10-21,Campania,Subito Lavoro,AZ_IT_SUBITO_DISPLAY_HOME,19.67,4005,16,2
2024-10-21,Campania,Subito Lavoro,AZ_IT_SUBITO_RETARGETING,9.88,1438,17,1
2024-10-21,Campania,Subito Lavoro,AZ_IT_SUBITO_SLOT_PREMIUM,31.61,2908,37,6
2024-10-21,Campania,Subito Lavoro,AZ_IT_SUBITO_SPONSORED_ANNUNCI,11.58,904,15,2
2024-10-21,Emilia-Romagna,Subito Lavoro,AZ_IT_SUBITO_DISPLAY_HOME,9.69,1950,8,1
2024-10-21,Emilia-Romagna,Subito Lavoro,AZ_IT_SUBITO_RETARGETING,5.39,750,8,1
2024-10-21,Emilia-Romagna,Subito Lavoro,AZ_IT_SUBITO_SLOT_PREMIUM,28.09,2706,40,4
2024-10-21,Emilia-Romagna,Subito Lavoro,AZ_IT_SUBITO_SPONSORED_ANNUNCI,16.87,1337,22,3
2024-10-21,Friuli-Venezia Giulia,Subito Lavoro,AZ_IT_SUBITO_DISPLAY_HOME,1.95,388,1,0
2024-10-21,Friuli-Venezia Giulia,Subito Lavoro,AZ_IT_SUBITO_RETARGETING,0.92,136,2,0
2024-10-21,Friuli-Venezia Giulia,Subito Lavoro,AZ_IT_SUBITO_SLOT_PREMIUM,4.30,390,6,1
2024-10-21,Friuli-Venezia Giulia,Subito Lavoro,AZ_IT_SUBITO_SPONSORED_ANNUNCI,3.16,240,4,1
2024-10-21,Lazio,Subito Lavoro,AZ_IT_SUBITO_DISPLAY_HOME,15.00,2918,12,1
2024-10-21,Lazio,Subito Lavoro,AZ_IT_SUBITO_RETARGETING,7.14,1058,13,1
2024-10-21,Lazio,Subito Lavoro,AZ_IT_SUBITO_SLOT_PREMIUM,50.79,4446,66,8
2024-10-21,Lazio,Subito Lavoro,AZ_IT_SUBITO_SPONSORED_ANNUNCI,12.86,980,20,2
2024-10-21,Liguria,Subito Lavoro,AZ_IT_SUBITO_DISPLAY_HOME,3.57,728,3,0
2024-10-21,Liguria,Subito Lavoro,AZ_IT_SUBITO_RETARGETING,1.65,245,3,0
2024-10-21,Liguria,Subito Lavoro,AZ_IT_SUBITO_SLOT_PREMIUM,9.79,878,12,2
2024-10-21,Liguria,Subito Lavoro,AZ_IT_SUBITO_SPONSORED_ANNUNCI,3.31,257,5,1
2024-10-21,Lombardia,Subito Lavoro,AZ_IT_SUBITO_DISPLAY_HOME,18.38,3565,14,1
2024-10-21,Lombardia,Subito Lavoro,AZ_IT_SUBITO_RETARGETING,14.95,2269,26,2
2024-10-21,Lombardia,Subito Lavoro,AZ_IT_SUBITO_SLOT_PREMIUM,85.03,7974,109,12
2024-10-21,Lombardia,Subito Lavoro,AZ_IT_SUBITO_SPONSORED_ANNUNCI,30.82,2362,40,5
2024-10-21,Marche,Subito Lavoro,AZ_IT_SUBITO_DISPLAY_HOME,3.93,798,3,0
2024-10-21,Marche,Subito Lavoro,AZ_IT_SUBITO_RETARGETING,2.58,364,4,1
2024-10-21,Marche,Subito Lavoro,AZ_IT_SUBITO_SLOT_PREMIUM,8.69,836,11,2
2024-10-21,Marche,Subito Lavoro,AZ_IT_SUBITO_SPONSORED_ANNUNCI,4.35,346,6,1
2024-10-21,Molise,Subito Lavoro,AZ_IT_SUBITO_DISPLAY_HOME,0.59,112,0,0
2024-10-21,Molise,Subito Lavoro,AZ_IT_SUBITO_RETARGETING,0.53,78,1,0
2024-10-21,Molise,Subito Lavoro,AZ_IT_SUBITO_SLOT_PREMIUM,2.34,218,3,0
2024-10-21,Molise,Subito Lavoro,AZ_IT_SUBITO_SPONSORED_ANNUNCI,1.08,81,2,0
2024-10-21,Piemonte,Subito Lavoro,AZ_IT_SUBITO_DISPLAY_HOME,6.48,1267,5,0
2024-10-21,Piemonte,Subito Lavoro,AZ_IT_SUBITO_RETARGETING,5.95,834,10,1
2024-10-21,Piemonte,Subito Lavoro,AZ_IT_SUBITO_SLOT_PREMIUM,30.70,2828,43,4
2024-10-21,Piemonte,Subito Lavoro,AZ_IT_SUBITO_SPONSORED_ANNUNCI,10.74,849,15,2
2024-10-21,Puglia,Subito Lavoro,AZ_IT_SUBITO_DISPLAY_HOME,6.99,1400,5,0
2024-10-21,Puglia,Subito Lavoro,AZ_IT_SUBITO_RETARGETING,6.59,901,10,1
2024-10-21,Puglia,Subito Lavoro,AZ_IT_SUBITO_SLOT_PREMIUM,36.03,3234,48,3
2024-10-21,Puglia,Subito Lavoro,AZ_IT_SUBITO_SPONSORED_ANNUNCI,10.93,892,15,1
2024-10-21,Sardegna,Subito Lavoro,AZ_IT_SUBITO_DISPLAY_HOME,3.81,760,3,0
2024-10-21,Sardegna,Subito Lavoro,AZ_IT_SUBITO_RETARGETING,1.65,227,3,0
2024-10-21,Sardegna,Subito Lavoro,AZ_IT_SUBITO_SLOT_PREMIUM,4.15,371,5,1
2024-10-21,Sardegna,Subito Lavoro,AZ_IT_SUBITO_SPONSORED_ANNUNCI,6.05,478,9,1
2024-10-21,Sicilia,Subito Lavoro,AZ_IT_SUBITO_DISPLAY_HOME,9.35,1911,6,1
2024-10-21,Sicilia,Subito Lavoro,AZ_IT_SUBITO_RETARGETING,3.89,542,6,1
2024-10-21,Sicilia,Subito Lavoro,AZ_IT_SUBITO_SLOT_PREMIUM,21.99,2029,27,3
2024-10-21,Sicilia,Subito Lavoro,AZ_IT_SUBITO_SPONSORED_ANNUNCI,21.99,1741,30,3
2024-10-21,Toscana,Subito Lavoro,AZ_IT_SUBITO_DISPLAY_HOME,7.21,1361,6,1
2024-10-21,Toscana,Subito Lavoro,AZ_IT_SUBITO_RETARGETING,3.14,426,5,1
2024-10-21,Toscana,Subito Lavoro,AZ_IT_SUBITO_SLOT_PREMIUM,15.33,1403,19,4
2024-10-21,Toscana,Subito Lavoro,AZ_IT_SUBITO_SPONSORED_ANNUNCI,9.19,709,13,2
2024-10-21,Trentino-Alto Adige,Subito Lavoro,AZ_IT_SUBITO_DISPLAY_HOME,3.14,613,2,0
2024-10-21,Trentino-Alto Adige,Subito Lavoro,AZ_IT_SUBITO_RETARGETING,0.89,135,1,0
2024-10-21,Trentino-Alto Adige,Subito Lavoro,AZ_IT_SUBITO_SLOT_PREMIUM,7.59,658,9,1
2024-10-21,Trentino-Alto Adige,Subito Lavoro,AZ_IT_SUBITO_SPONSORED_ANNUNCI,2.58,192,3,1
2024-10-21,Umbria,Subito Lavoro,AZ_IT_SUBITO_DISPLAY_HOME,1.69,327,1,0
2024-10-21,Umbria,Subito Lavoro,AZ_IT_SUBITO_RETARGETING,0.68,96,1,0
2024-10-21,Umbria,Subito Lavoro,AZ_IT_SUBITO_SLOT_PREMIUM,6.00,525,8,1
2024-10-21,Umbria,Subito Lavoro,AZ_IT_SUBITO_SPONSORED_ANNUNCI,3.13,226,4,1
2024-10-21,Valle d'Aosta,Subito Lavoro,AZ_IT_SUBITO_DISPLAY_HOME,0.21,44,0,0
2024-10-21,Valle d'Aosta,Subito Lavoro,AZ_IT_SUBITO_RETARGETING,0.19,28,0,0
2024-10-21,Valle d'Aosta,Subito Lavoro,AZ_IT_SUBITO_SLOT_PREMIUM,0.57,52,1,0
2024-10-21,Valle d'Aosta,Subito Lavoro,AZ_IT_SUBITO_SPONSORED_ANNUNCI,0.39,30,1,0
2024-10-21,Veneto,Subito Lavoro,AZ_IT_SUBITO_DISPLAY_HOME,9.99,1945,8,1
2024-10-21,Veneto,Subito Lavoro,AZ_IT_SUBITO_RETARGETING,10.15,1506,18,1
2024-10-21,Veneto,Subito Lavoro,AZ_IT_SUBITO_SLOT_PREMIUM,24.96,2273,34,4
2024-10-21,Veneto,Subito Lavoro,AZ_IT_SUBITO_SPONSORED_ANNUNCI,12.21,937,14,2
2024-10-28,Abruzzo,Subito Lavoro,AZ_IT_SUBITO_DISPLAY_HOME,2.50,498,2,0
2024-10-28,Abruzzo,Subito Lavoro,AZ_IT_SUBITO_RETARGETING,1.27,178,2,0
2024-10-28,Abruzzo,Subito Lavoro,AZ_IT_SUBITO_SLOT_PREMIUM,7.23,646,9,1
2024-10-28,Abruzzo,Subito Lavoro,AZ_IT_SUBITO_SPONSORED_ANNUNCI,4.64,344,6,1
2024-10-28,Basilicata,Subito Lavoro,AZ_IT_SUBITO_DISPLAY_HOME,1.58,318,1,0
2024-10-28,Basilicata,Subito Lavoro,AZ_IT_SUBITO_RETARGETING,0.60,87,1,0
2024-10-28,Basilicata,Subito Lavoro,AZ_IT_SUBITO_SLOT_PREMIUM,5.43,499,7,1
2024-10-28,Basilicata,Subito Lavoro,AZ_IT_SUBITO_SPONSORED_ANNUNCI,2.69,218,4,0
2024-10-28,Calabria,Subito Lavoro,AZ_IT_SUBITO_DISPLAY_HOME,3.35,658,3,0
2024-10-28,Calabria,Subito Lavoro,AZ_IT_SUBITO_RETARGETING,2.52,345,4,1
2024-10-28,Calabria,Subito Lavoro,AZ_IT_SUBITO_SLOT_PREMIUM,9.55,875,11,2
2024-10-28,Calabria,Subito Lavoro,AZ_IT_SUBITO_SPONSORED_ANNUNCI,5.84,443,8,1
2024-10-28,Campania,Subito Lavoro,AZ_IT_SUBITO_DISPLAY_HOME,8.92,1812,7,1
2024-10-28,Campania,Subito Lavoro,AZ_IT_SUBITO_RETARGETING,7.84,1134,14,1
2024-10-28,Campania,Subito Lavoro,AZ_IT_SUBITO_SLOT_PREMIUM,21.18,1948,31,3
2024-10-28,Campania,Subito Lavoro,AZ_IT_SUBITO_SPONSORED_ANNUNCI,13.83,1069,19,2
2024-10-28,Emilia-Romagna,Subito Lavoro,AZ_IT_SUBITO_DISPLAY_HOME,11.15,2189,9,1
2024-10-28,Emilia-Romagna,Subito Lavoro,AZ_IT_SUBITO_RETARGETING,5.00,727,8,1
2024-10-28,Emilia-Romagna,Subito Lavoro,AZ_IT_SUBITO_SLOT_PREMIUM,19.95,1861,25,3
2024-10-28,Emilia-Romagna,Subito Lavoro,AZ_IT_SUBITO_SPONSORED_ANNUNCI,11.22,868,12,2
2024-10-28,Friuli-Venezia Giulia,Subito Lavoro,AZ_IT_SUBITO_DISPLAY_HOME,3.12,590,2,0
2024-10-28,Friuli-Venezia Giulia,Subito Lavoro,AZ_IT_SUBITO_RETARGETING,1.28,192,2,0
2024-10-28,Friuli-Venezia Giulia,Subito Lavoro,AZ_IT_SUBITO_SLOT_PREMIUM,7.85,690,10,1
2024-10-28,Friuli-Venezia Giulia,Subito Lavoro,AZ_IT_SUBITO_SPONSORED_ANNUNCI,2.45,193,3,1
2024-10-28,Lazio,Subito Lavoro,AZ_IT_SUBITO_DISPLAY_HOME,10.16,1973,7,1
2024-10-28,Lazio,Subito Lavoro,AZ_IT_SUBITO_RETARGETING,3.87,551,6,1
2024-10-28,Lazio,Subito Lavoro,AZ_IT_SUBITO_SLOT_PREMIUM,26.00,2372,37,5
2024-10-28,Lazio,Subito Lavoro,AZ_IT_SUBITO_SPONSORED_ANNUNCI,14.62,1142,19,2
2024-10-28,Liguria,Subito Lavoro,AZ_IT_SUBITO_DISPLAY_HOME,4.95,935,3,0
2024-10-28,Liguria,Subito Lavoro,AZ_IT_SUBITO_RETARGETING,2.41,353,4,0
2024-10-28,Liguria,Subito Lavoro,AZ_IT_SUBITO_SLOT_PREMIUM,7.61,696,10,1
2024-10-28,Liguria,Subito Lavoro,AZ_IT_SUBITO_SPONSORED_ANNUNCI,2.65,198,3,0
2024-10-28,Lombardia,Subito Lavoro,AZ_IT_SUBITO_DISPLAY_HOME,22.29,4477,20,2
2024-10-28,Lombardia,Subito Lavoro,AZ_IT_SUBITO_RETARGETING,16.68,2338,29,3
2024-10-28,Lombardia,Subito Lavoro,AZ_IT_SUBITO_SLOT_PREMIUM,37.67,3497,45,6
2024-10-28,Lombardia,Subito Lavoro,AZ_IT_SUBITO_SPONSORED_ANNUNCI,25.08,1845,31,5
2024-10-28,Marche,Subito Lavoro,AZ_IT_SUBITO_DISPLAY_HOME,3.85,767,3,0
2024-10-28,Marche,Subito Lavoro,AZ_IT_SUBITO_RETARGETING,2.77,414,5,1
2024-10-28,Marche,Subito Lavoro,AZ_IT_SUBITO_SLOT_PREMIUM,5.51,501,7,1
2024-10-28,Marche,Subito Lavoro,AZ_IT_SUBITO_SPONSORED_ANNUNCI,2.86,220,3,1
2024-10-28,Molise,Subito Lavoro,AZ_IT_SUBITO_DISPLAY_HOME,0.53,106,0,0
2024-10-28,Molise,Subito Lavoro,AZ_IT_SUBITO_RETARGETING,0.40,58,1,0
2024-10-28,Molise,Subito Lavoro,AZ_IT_SUBITO_SLOT_PREMIUM,1.77,157,2,0
2024-10-28,Molise,Subito Lavoro,AZ_IT_SUBITO_SPONSORED_ANNUNCI,0.63,48,1,0
2024-10-28,Piemonte,Subito Lavoro,AZ_IT_SUBITO_DISPLAY_HOME,6.41,1302,5,0
2024-10-28,Piemonte,Subito Lavoro,AZ_IT_SUBITO_RETARGETING,7.34,1004,12,1
2024-10-28,Piemonte,Subito Lavoro,AZ_IT_SUBITO_SLOT_PREMIUM,21.89,1986,28,3
2024-10-28,Piemonte,Subito Lavoro,AZ_IT_SUBITO_SPONSORED_ANNUNCI,7.68,604,9,1
2024-10-28,Puglia,Subito Lavoro,AZ_IT_SUBITO_DISPLAY_HOME,8.58,1746,7,0
2024-10-28,Puglia,Subito Lavoro,AZ_IT_SUBITO_RETARGETING,3.12,431,5,0
2024-10-28,Puglia,Subito Lavoro,AZ_IT_SUBITO_SLOT_PREMIUM,24.30,2207,38,3
2024-10-28,Puglia,Subito Lavoro,AZ_IT_SUBITO_SPONSORED_ANNUNCI,10.18,767,12,1
2024-10-28,Sardegna,Subito Lavoro,AZ_IT_SUBITO_DISPLAY_HOME,2.52,489,2,0
2024-10-28,Sardegna,Subito Lavoro,AZ_IT_SUBITO_RETARGETING,1.44,207,2,0
2024-10-28,Sardegna,Subito Lavoro,AZ_IT_SUBITO_SLOT_PREMIUM,13.83,1260,15,2
2024-10-28,Sardegna,Subito Lavoro,AZ_IT_SUBITO_SPONSORED_ANNUNCI,4.07,316,5,1
2024-10-28,Sicilia,Subito Lavoro,AZ_IT_SUBITO_DISPLAY_HOME,11.51,2324,9,1
2024-10-28,Sicilia,Subito Lavoro,AZ_IT_SUBITO_RETARGETING,4.34,624,8,0
2024-10-28,Sicilia,Subito Lavoro,AZ_IT_SUBITO_SLOT_PREMIUM,43.16,4093,56,5
2024-10-28,Sicilia,Subito Lavoro,AZ_IT_SUBITO_SPONSORED_ANNUNCI,7.81,619,11,1
2024-10-28,Toscana,Subito Lavoro,AZ_IT_SUBITO_DISPLAY_HOME,12.55,2429,10,1
2024-10-28,Toscana,Subito Lavoro,AZ_IT_SUBITO_RETARGETING,4.53,638,7,1
2024-10-28,Toscana,Subito Lavoro,AZ_IT_SUBITO_SLOT_PREMIUM,19.14,1710,22,3
2024-10-28,Toscana,Subito Lavoro,AZ_IT_SUBITO_SPONSORED_ANNUNCI,14.84,1094,18,3
2024-10-28,Trentino-Alto Adige,Subito Lavoro,AZ_IT_SUBITO_DISPLAY_HOME,2.60,494,2,0
2024-10-28,Trentino-Alto Adige,Subito Lavoro,AZ_IT_SUBITO_RETARGETING,1.11,160,2,0
2024-10-28,Trentino-Alto Adige,Subito Lavoro,AZ_IT_SUBITO_SLOT_PREMIUM,7.51,688,10,1
2024-10-28,Trentino-Alto Adige,Subito Lavoro,AZ_IT_SUBITO_SPONSORED_ANNUNCI,2.08,162,3,0
2024-10-28,Umbria,Subito Lavoro,AZ_IT_SUBITO_DISPLAY_HOME,2.41,498,2,0
2024-10-28,Umbria,Subito Lavoro,AZ_IT_SUBITO_RETARGETING,1.18,158,2,0
2024-10-28,Umbria,Subito Lavoro,AZ_IT_SUBITO_SLOT_PREMIUM,4.30,369,5,1
2024-10-28,Umbria,Subito Lavoro,AZ_IT_SUBITO_SPONSORED_ANNUNCI,1.90,147,2,0
2024-10-28,Valle d'Aosta,Subito Lavoro,AZ_IT_SUBITO_DISPLAY_HOME,0.35,69,0,0
2024-10-28,Valle d'Aosta,Subito Lavoro,AZ_IT_SUBITO_RETARGETING,0.16,22,0,0
2024-10-28,Valle d'Aosta,Subito Lavoro,AZ_IT_SUBITO_SLOT_PREMIUM,0.48,42,1,0
2024-10-28,Valle d'Aosta,Subito Lavoro,AZ_IT_SUBITO_SPONSORED_ANNUNCI,0.36,27,0,0
2024-10-28,Veneto,Subito Lavoro,AZ_IT_SUBITO_DISPLAY_HOME,10.53,2138,9,1
2024-10-28,Veneto,Subito Lavoro,AZ_IT_SUBITO_RETARGETING,6.62,921,9,1
2024-10-28,Veneto,Subito Lavoro,AZ_IT_SUBITO_SLOT_PREMIUM,17.91,1603,21,3
2024-10-28,Veneto,Subito Lavoro,AZ_IT_SUBITO_SPONSORED_ANNUNCI,13.95,1021,18,2
2024-11-04,Abruzzo,Subito Lavoro,AZ_IT_SUBITO_DISPLAY_HOME,13.50,2602,10,0
2024-11-04,Abruzzo,Subito Lavoro,AZ_IT_SUBITO_RETARGETING,8.05,1188,14,1
2024-11-04,Abruzzo,Subito Lavoro,AZ_IT_SUBITO_SLOT_PREMIUM,29.35,2639,37,2
2024-11-04,Abruzzo,Subito Lavoro,AZ_IT_SUBITO_SPONSORED_ANNUNCI,18.77,1343,23,1
2024-11-04,Basilicata,Subito Lavoro,AZ_IT_SUBITO_DISPLAY_HOME,3.48,704,2,0
2024-11-04,Basilicata,Subito Lavoro,AZ_IT_SUBITO_RETARGETING,4.96,690,8,0
2024-11-04,Basilicata,Subito Lavoro,AZ_IT_SUBITO_SLOT_PREMIUM,9.10,852,12,1
2024-11-04,Basilicata,Subito Lavoro,AZ_IT_SUBITO_SPONSORED_ANNUNCI,5.83,444,7,1
2024-11-04,Calabria,Subito Lavoro,AZ_IT_SUBITO_DISPLAY_HOME,27.97,5552,22,1
2024-11-04,Calabria,Subito Lavoro,AZ_IT_SUBITO_RETARGETING,17.56,2364,27,2
2024-11-04,Calabria,Subito Lavoro,AZ_IT_SUBITO_SLOT_PREMIUM,34.65,3246,49,3
2024-11-04,Calabria,Subito Lavoro,AZ_IT_SUBITO_SPONSORED_ANNUNCI,23.34,1807,31,3
2024-11-04,Campania,Subito Lavoro,AZ_IT_SUBITO_DISPLAY_HOME,78.70,15708,60,2
2024-11-04,Campania,Subito Lavoro,AZ_IT_SUBITO_RETARGETING,46.86,6849,87,3
2024-11-04,Campania,Subito Lavoro,AZ_IT_SUBITO_SLOT_PREMIUM,115.69,9894,128,7
2024-11-04,Campania,Subito Lavoro,AZ_IT_SUBITO_SPONSORED_ANNUNCI,89.52,6974,101,5
2024-11-04,Emilia-Romagna,Subito Lavoro,AZ_IT_SUBITO_DISPLAY_HOME,45.81,9610,36,1
2024-11-04,Emilia-Romagna,Subito Lavoro,AZ_IT_SUBITO_RETARGETING,31.37,4608,58,2
2024-11-04,Emilia-Romagna,Subito Lavoro,AZ_IT_SUBITO_SLOT_PREMIUM,161.85,14616,210,9
2024-11-04,Emilia-Romagna,Subito Lavoro,AZ_IT_SUBITO_SPONSORED_ANNUNCI,53.63,4058,81,3
2024-11-04,Friuli-Venezia Giulia,Subito Lavoro,AZ_IT_SUBITO_DISPLAY_HOME,17.88,3375,13,1
2024-11-04,Friuli-Venezia Giulia,Subito Lavoro,AZ_IT_SUBITO_RETARGETING,6.56,893,10,1
2024-11-04,Friuli-Venezia Giulia,Subito Lavoro,AZ_IT_SUBITO_SLOT_PREMIUM,21.81,2042,28,2
2024-11-04,Friuli-Venezia Giulia,Subito Lavoro,AZ_IT_SUBITO_SPONSORED_ANNUNCI,17.43,1389,25,2
2024-11-04,Lazio,Subito Lavoro,AZ_IT_SUBITO_DISPLAY_HOME,63.31,12871,54,2
2024-11-04,Lazio,Subito Lavoro,AZ_IT_SUBITO_RETARGETING,37.17,5290,64,2
2024-11-04,Lazio,Subito Lavoro,AZ_IT_SUBITO_SLOT_PREMIUM,216.74,19850,240,13
2024-11-04,Lazio,Subito Lavoro,AZ_IT_SUBITO_SPONSORED_ANNUNCI,88.32,7013,127,6
2024-11-04,Liguria,Subito Lavoro,AZ_IT_SUBITO_DISPLAY_HOME,18.89,3910,16,0
2024-11-04,Liguria,Subito Lavoro,AZ_IT_SUBITO_RETARGETING,10.49,1432,17,1
2024-11-04,Liguria,Subito Lavoro,AZ_IT_SUBITO_SLOT_PREMIUM,30.00,2716,41,1
2024-11-04,Liguria,Subito Lavoro,AZ_IT_SUBITO_SPONSORED_ANNUNCI,29.85,2267,38,2
2024-11-04,Lombardia,Subito Lavoro,AZ_IT_SUBITO_DISPLAY_HOME,120.65,24489,100,3
2024-11-04,Lombardia,Subito Lavoro,AZ_IT_SUBITO_RETARGETING,111.68,15813,180,7
2024-11-04,Lombardia,Subito Lavoro,AZ_IT_SUBITO_SLOT_PREMIUM,289.37,25941,344,17
2024-11-04,Lombardia,Subito Lavoro,AZ_IT_SUBITO_SPONSORED_ANNUNCI,147.12,11244,189,8
2024-11-04,Marche,Subito Lavoro,AZ_IT_SUBITO_DISPLAY_HOME,18.46,3808,16,1
2024-11-04,Marche,Subito Lavoro,AZ_IT_SUBITO_RETARGETING,12.77,1804,23,1
2024-11-04,Marche,Subito Lavoro,AZ_IT_SUBITO_SLOT_PREMIUM,26.38,2187,31,2
2024-11-04,Marche,Subito Lavoro,AZ_IT_SUBITO_SPONSORED_ANNUNCI,18.47,1415,25,2
2024-11-04,Molise,Subito Lavoro,AZ_IT_SUBITO_DISPLAY_HOME,3.95,771,3,0
2024-11-04,Molise,Subito Lavoro,AZ_IT_SUBITO_RETARGETING,1.35,201,2,0
2024-11-04,Molise,Subito Lavoro,AZ_IT_SUBITO_SLOT_PREMIUM,3.62,329,4,0
2024-11-04,Molise,Subito Lavoro,AZ_IT_SUBITO_SPONSORED_ANNUNCI,3.60,278,5,0
2024-11-04,Piemonte,Subito Lavoro,AZ_IT_SUBITO_DISPLAY_HOME,68.62,13710,58,1
2024-11-04,Piemonte,Subito Lavoro,AZ_IT_SUBITO_RETARGETING,26.22,3876,46,1
2024-11-04,Piemonte,Subito Lavoro,AZ_IT_SUBITO_SLOT_PREMIUM,149.45,12888,216,6
2024-11-04,Piemonte,Subito Lavoro,AZ_IT_SUBITO_SPONSORED_ANNUNCI,86.25,6724,119,3
2024-11-04,Puglia,Subito Lavoro,AZ_IT_SUBITO_DISPLAY_HOME,44.03,9029,39,1
2024-11-04,Puglia,Subito Lavoro,AZ_IT_SUBITO_RETARGETING,28.61,4017,47,2
2024-11-04,Puglia,Subito Lavoro,AZ_IT_SUBITO_SLOT_PREMIUM,60.33,5448,85,3
2024-11-04,Puglia,Subito Lavoro,AZ_IT_SUBITO_SPONSORED_ANNUNCI,74.80,6036,113,5
2024-11-04,Sardegna,Subito Lavoro,AZ_IT_SUBITO_DISPLAY_HOME,23.34,4585,19,1
2024-11-04,Sardegna,Subito Lavoro,AZ_IT_SUBITO_RETARGETING,16.56,2396,29,1
2024-11-04,Sardegna,Subito Lavoro,AZ_IT_SUBITO_SLOT_PREMIUM,35.33,3335,45,2
2024-11-04,Sardegna,Subito Lavoro,AZ_IT_SUBITO_SPONSORED_ANNUNCI,21.00,1566,25,1
2024-11-04,Sicilia,Subito Lavoro,AZ_IT_SUBITO_DISPLAY_HOME,42.69,8162,31,1
2024-11-04,Sicilia,Subito Lavoro,AZ_IT_SUBITO_RETARGETING,19.24,2710,36,1
2024-11-04,Sicilia,Subito Lavoro,AZ_IT_SUBITO_SLOT_PREMIUM,162.42,15036,215,7
2024-11-04,Sicilia,Subito Lavoro,AZ_IT_SUBITO_SPONSORED_ANNUNCI,90.03,6845,124,4
2024-11-04,Toscana,Subito Lavoro,AZ_IT_SUBITO_DISPLAY_HOME,53.28,11407,48,2
2024-11-04,Toscana,Subito Lavoro,AZ_IT_SUBITO_RETARGETING,32.52,4719,61,3
2024-11-04,Toscana,Subito Lavoro,AZ_IT_SUBITO_SLOT_PREMIUM,68.73,6078,87,7
2024-11-04,Toscana,Subito Lavoro,AZ_IT_SUBITO_SPONSORED_ANNUNCI,42.15,3263,52,5
2024-11-04,Trentino-Alto Adige,Subito Lavoro,AZ_IT_SUBITO_DISPLAY_HOME,12.88,2627,10,1
2024-11-04,Trentino-Alto Adige,Subito Lavoro,AZ_IT_SUBITO_RETARGETING,7.92,1132,15,1
2024-11-04,Trentino-Alto Adige,Subito Lavoro,AZ_IT_SUBITO_SLOT_PREMIUM,26.30,2399,30,2
2024-11-04,Trentino-Alto Adige,Subito Lavoro,AZ_IT_SUBITO_SPONSORED_ANNUNCI,9.53,714,11,1
2024-11-04,Umbria,Subito Lavoro,AZ_IT_SUBITO_DISPLAY_HOME,13.83,2827,11,1
2024-11-04,Umbria,Subito Lavoro,AZ_IT_SUBITO_RETARGETING,5.01,707,9,0
2024-11-04,Umbria,Subito Lavoro,AZ_IT_SUBITO_SLOT_PREMIUM,17.41,1645,24,2
2024-11-04,Umbria,Subito Lavoro,AZ_IT_SUBITO_SPONSORED_ANNUNCI,10.37,786,13,1
2024-11-04,Valle d'Aosta,Subito Lavoro,AZ_IT_SUBITO_DISPLAY_HOME,0.72,145,1,0
2024-11-04,Valle d'Aosta,Subito Lavoro,AZ_IT_SUBITO_RETARGETING,1.27,188,2,0
2024-11-04,Valle d'Aosta,Subito Lavoro,AZ_IT_SUBITO_SLOT_PREMIUM,2.55,230,3,0
2024-11-04,Valle d'Aosta,Subito Lavoro,AZ_IT_SUBITO_SPONSORED_ANNUNCI,1.23,100,2,0
2024-11-04,Veneto,Subito Lavoro,AZ_IT_SUBITO_DISPLAY_HOME,107.92,21973,82,3
2024-11-04,Veneto,Subito Lavoro,AZ_IT_SUBITO_RETARGETING,30.47,4335,43,2
2024-11-04,Veneto,Subito Lavoro,AZ_IT_SUBITO_SLOT_PREMIUM,132.40,12193,184,8
2024-11-04,Veneto,Subito Lavoro,AZ_IT_SUBITO_SPONSORED_ANNUNCI,84.75,6737,101,5
2024-11-11,Abruzzo,Subito Lavoro,AZ_IT_SUBITO_DISPLAY_HOME,7.51,1479,6,0
2024-11-11,Abruzzo,Subito Lavoro,AZ_IT_SUBITO_RETARGETING,3.18,478,6,0
2024-11-11,Abruzzo,Subito Lavoro,AZ_IT_SUBITO_SLOT_PREMIUM,11.75,1081,15,1
2024-11-11,Abruzzo,Subito Lavoro,AZ_IT_SUBITO_SPONSORED_ANNUNCI,5.57,434,8,1
2024-11-11,Basilicata,Subito Lavoro,AZ_IT_SUBITO_DISPLAY_HOME,2.89,581,2,0
2024-11-11,Basilicata,Subito Lavoro,AZ_IT_SUBITO_RETARGETING,1.13,159,2,0
2024-11-11,Basilicata,Subito Lavoro,AZ_IT_SUBITO_SLOT_PREMIUM,6.60,603,8,1
2024-11-11,Basilicata,Subito Lavoro,AZ_IT_SUBITO_SPONSORED_ANNUNCI,4.39,337,5,0
2024-11-11,Calabria,Subito Lavoro,AZ_IT_SUBITO_DISPLAY_HOME,11.40,2292,10,1
2024-11-11,Calabria,Subito Lavoro,AZ_IT_SUBITO_RETARGETING,5.67,826,9,1
2024-11-11,Calabria,Subito Lavoro,AZ_IT_SUBITO_SLOT_PREMIUM,16.50,1485,20,3
2024-11-11,Calabria,Subito Lavoro,AZ_IT_SUBITO_SPONSORED_ANNUNCI,9.14,685,10,2
2024-11-11,Campania,Subito Lavoro,AZ_IT_SUBITO_DISPLAY_HOME,21.93,4440,19,1
2024-11-11,Campania,Subito Lavoro,AZ_IT_SUBITO_RETARGETING,30.19,4189,49,4
2024-11-11,Campania,Subito Lavoro,AZ_IT_SUBITO_SLOT_PREMIUM,38.60,3747,48,5
2024-11-11,Campania,Subito Lavoro,AZ_IT_SUBITO_SPONSORED_ANNUNCI,35.56,2800,46,5
2024-11-11,Emilia-Romagna,Subito Lavoro,AZ_IT_SUBITO_DISPLAY_HOME,17.44,3445,14,1
2024-11-11,Emilia-Romagna,Subito Lavoro,AZ_IT_SUBITO_RETARGETING,11.05,1608,19,1
2024-11-11,Emilia-Romagna,Subito Lavoro,AZ_IT_SUBITO_SLOT_PREMIUM,57.48,5467,77,6
2024-11-11,Emilia-Romagna,Subito Lavoro,AZ_IT_SUBITO_SPONSORED_ANNUNCI,25.60,2021,32,3
2024-11-11,Friuli-Venezia Giulia,Subito Lavoro,AZ_IT_SUBITO_DISPLAY_HOME,6.97,1383,6,1
2024-11-11,Friuli-Venezia Giulia,Subito Lavoro,AZ_IT_SUBITO_RETARGETING,1.74,261,3,0
2024-11-11,Friuli-Venezia Giulia,Subito Lavoro,AZ_IT_SUBITO_SLOT_PREMIUM,7.61,695,10,2
2024-11-11,Friuli-Venezia Giulia,Subito Lavoro,AZ_IT_SUBITO_SPONSORED_ANNUNCI,6.76,509,9,1
2024-11-11,Lazio,Subito Lavoro,AZ_IT_SUBITO_DISPLAY_HOME,28.49,5813,21,2
2024-11-11,Lazio,Subito Lavoro,AZ_IT_SUBITO_RETARGETING,12.33,1800,21,2
2024-11-11,Lazio,Subito Lavoro,AZ_IT_SUBITO_SLOT_PREMIUM,66.57,5995,76,9
2024-11-11,Lazio,Subito Lavoro,AZ_IT_SUBITO_SPONSORED_ANNUNCI,37.64,2945,51,5
2024-11-11,Liguria,Subito Lavoro,AZ_IT_SUBITO_DISPLAY_HOME,5.36,1083,4,0
2024-11-11,Liguria,Subito Lavoro,AZ_IT_SUBITO_RETARGETING,4.03,606,8,0
2024-11-11,Liguria,Subito Lavoro,AZ_IT_SUBITO_SLOT_PREMIUM,20.44,1884,27,2
2024-11-11,Liguria,Subito Lavoro,AZ_IT_SUBITO_SPONSORED_ANNUNCI,8.63,634,10,1
2024-11-11,Lombardia,Subito Lavoro,AZ_IT_SUBITO_DISPLAY_HOME,44.22,9079,33,2
2024-11-11,Lombardia,Subito Lavoro,AZ_IT_SUBITO_RETARGETING,40.45,5603,60,5
2024-11-11,Lombardia,Subito Lavoro,AZ_IT_SUBITO_SLOT_PREMIUM,155.46,14976,220,18
2024-11-11,Lombardia,Subito Lavoro,AZ_IT_SUBITO_SPONSORED_ANNUNCI,57.81,4568,76,6
2024-11-11,Marche,Subito Lavoro,AZ_IT_SUBITO_DISPLAY_HOME,7.02,1354,5,1
2024-11-11,Marche,Subito Lavoro,AZ_IT_SUBITO_RETARGETING,6.27,913,11,1
2024-11-11,Marche,Subito Lavoro,AZ_IT_SUBITO_SLOT_PREMIUM,12.90,1185,17,2
2024-11-11,Marche,Subito Lavoro,AZ_IT_SUBITO_SPONSORED_ANNUNCI,9.70,722,13,2
2024-11-11,Molise,Subito Lavoro,AZ_IT_SUBITO_DISPLAY_HOME,1.39,282,1,0
2024-11-11,Molise,Subito Lavoro,AZ_IT_SUBITO_RETARGETING,0.63,90,1,0
2024-11-11,Molise,Subito Lavoro,AZ_IT_SUBITO_SLOT_PREMIUM,2.73,257,3,0
2024-11-11,Molise,Subito Lavoro,AZ_IT_SUBITO_SPONSORED_ANNUNCI,1.97,156,3,0
2024-11-11,Piemonte,Subito Lavoro,AZ_IT_SUBITO_DISPLAY_HOME,23.63,4590,18,1
2024-11-11,Piemonte,Subito Lavoro,AZ_IT_SUBITO_RETARGETING,11.31,1561,19,1
2024-11-11,Piemonte,Subito Lavoro,AZ_IT_SUBITO_SLOT_PREMIUM,53.94,4784,75,6
2024-11-11,Piemonte,Subito Lavoro,AZ_IT_SUBITO_SPONSORED_ANNUNCI,18.20,1438,24,2
2024-11-11,Puglia,Subito Lavoro,AZ_IT_SUBITO_DISPLAY_HOME,17.74,3701,14,1
2024-11-11,Puglia,Subito Lavoro,AZ_IT_SUBITO_RETARGETING,8.09,1153,14,1
2024-11-11,Puglia,Subito Lavoro,AZ_IT_SUBITO_SLOT_PREMIUM,39.62,3657,52,5
2024-11-11,Puglia,Subito Lavoro,AZ_IT_SUBITO_SPONSORED_ANNUNCI,12.54,1017,18,2
2024-11-11,Sardegna,Subito Lavoro,AZ_IT_SUBITO_DISPLAY_HOME,4.49,901,3,0
2024-11-11,Sardegna,Subito Lavoro,AZ_IT_SUBITO_RETARGETING,4.71,698,9,1
2024-11-11,Sardegna,Subito Lavoro,AZ_IT_SUBITO_SLOT_PREMIUM,12.76,1215,15,2
2024-11-11,Sardegna,Subito Lavoro,AZ_IT_SUBITO_SPONSORED_ANNUNCI,10.86,856,14,2
2024-11-11,Sicilia,Subito Lavoro,AZ_IT_SUBITO_DISPLAY_HOME,17.95,3586,13,1
2024-11-11,Sicilia,Subito Lavoro,AZ_IT_SUBITO_RETARGETING,10.16,1448,16,1
2024-11-11,Sicilia,Subito Lavoro,AZ_IT_SUBITO_SLOT_PREMIUM,79.03,7410,100,8
2024-11-11,Sicilia,Subito Lavoro,AZ_IT_SUBITO_SPONSORED_ANNUNCI,35.00,2847,48,3
2024-11-11,Toscana,Subito Lavoro,AZ_IT_SUBITO_DISPLAY_HOME,19.74,3972,17,2
2024-11-11,Toscana,Subito Lavoro,AZ_IT_SUBITO_RETARGETING,6.68,973,11,1
2024-11-11,Toscana,Subito Lavoro,AZ_IT_SUBITO_SLOT_PREMIUM,36.34,3435,46,6
2024-11-11,Toscana,Subito Lavoro,AZ_IT_SUBITO_SPONSORED_ANNUNCI,19.72,1478,27,4
2024-11-11,Trentino-Alto Adige,Subito Lavoro,AZ_IT_SUBITO_DISPLAY_HOME,4.67,944,4,0
2024-11-11,Trentino-Alto Adige,Subito Lavoro,AZ_IT_SUBITO_RETARGETING,2.06,287,3,0
2024-11-11,Trentino-Alto Adige,Subito Lavoro,AZ_IT_SUBITO_SLOT_PREMIUM,8.79,795,11,1
2024-11-11,Trentino-Alto Adige,Subito Lavoro,AZ_IT_SUBITO_SPONSORED_ANNUNCI,7.01,521,9,1
2024-11-11,Umbria,Subito Lavoro,AZ_IT_SUBITO_DISPLAY_HOME,2.80,576,2,0
2024-11-11,Umbria,Subito Lavoro,AZ_IT_SUBITO_RETARGETING,3.25,477,7,1
2024-11-11,Umbria,Subito Lavoro,AZ_IT_SUBITO_SLOT_PREMIUM,6.54,586,9,1
2024-11-11,Umbria,Subito Lavoro,AZ_IT_SUBITO_SPONSORED_ANNUNCI,5.05,391,6,1
2024-11-11,Valle d'Aosta,Subito Lavoro,AZ_IT_SUBITO_DISPLAY_HOME,0.63,130,0,0
2024-11-11,Valle d'Aosta,Subito Lavoro,AZ_IT_SUBITO_RETARGETING,0.43,61,1,0
2024-11-11,Valle d'Aosta,Subito Lavoro,AZ_IT_SUBITO_SLOT_PREMIUM,1.07,100,1,0
2024-11-11,Valle d'Aosta,Subito Lavoro,AZ_IT_SUBITO_SPONSORED_ANNUNCI,0.73,54,1,0
2024-11-11,Veneto,Subito Lavoro,AZ_IT_SUBITO_DISPLAY_HOME,46.60,8841,33,3
2024-11-11,Veneto,Subito Lavoro,AZ_IT_SUBITO_RETARGETING,16.68,2378,27,2
2024-11-11,Veneto,Subito Lavoro,AZ_IT_SUBITO_SLOT_PREMIUM,37.08,3302,46,5
2024-11-11,Veneto,Subito Lavoro,AZ_IT_SUBITO_SPONSORED_ANNUNCI,36.65,3040,49,5
2024-11-18,Abruzzo,Subito Lavoro,AZ_IT_SUBITO_DISPLAY_HOME,1.47,293,1,0
2024-11-18,Abruzzo,Subito Lavoro,AZ_IT_SUBITO_RETARGETING,0.93,134,2,0
2024-11-18,Abruzzo,Subito Lavoro,AZ_IT_SUBITO_SLOT_PREMIUM,2.05,195,3,1
2024-11-18,Abruzzo,Subito Lavoro,AZ_IT_SUBITO_SPONSORED_ANNUNCI,2.29,183,3,1
2024-11-18,Basilicata,Subito Lavoro,AZ_IT_SUBITO_DISPLAY_HOME,0.42,82,0,0
2024-11-18,Basilicata,Subito Lavoro,AZ_IT_SUBITO_RETARGETING,0.36,55,1,0
2024-11-18,Basilicata,Subito Lavoro,AZ_IT_SUBITO_SLOT_PREMIUM,0.94,88,1,0
2024-11-18,Basilicata,Subito Lavoro,AZ_IT_SUBITO_SPONSORED_ANNUNCI,0.68,51,1,0
2024-11-18,Calabria,Subito Lavoro,AZ_IT_SUBITO_DISPLAY_HOME,2.25,441,2,0
2024-11-18,Calabria,Subito Lavoro,AZ_IT_SUBITO_RETARGETING,1.21,181,2,1
2024-11-18,Calabria,Subito Lavoro,AZ_IT_SUBITO_SLOT_PREMIUM,4.88,469,8,2
2024-11-18,Calabria,Subito Lavoro,AZ_IT_SUBITO_SPONSORED_ANNUNCI,2.18,162,3,1
2024-11-18,Campania,Subito Lavoro,AZ_IT_SUBITO_DISPLAY_HOME,4.55,875,3,1
2024-11-18,Campania,Subito Lavoro,AZ_IT_SUBITO_RETARGETING,2.48,344,4,1
2024-11-18,Campania,Subito Lavoro,AZ_IT_SUBITO_SLOT_PREMIUM,9.65,865,12,4
2024-11-18,Campania,Subito Lavoro,AZ_IT_SUBITO_SPONSORED_ANNUNCI,4.20,323,5,2
2024-11-18,Emilia-Romagna,Subito Lavoro,AZ_IT_SUBITO_DISPLAY_HOME,4.83,967,4,1
2024-11-18,Emilia-Romagna,Subito Lavoro,AZ_IT_SUBITO_RETARGETING,3.11,449,5,1
2024-11-18,Emilia-Romagna,Subito Lavoro,AZ_IT_SUBITO_SLOT_PREMIUM,7.33,648,10,3
2024-11-18,Emilia-Romagna,Subito Lavoro,AZ_IT_SUBITO_SPONSORED_ANNUNCI,4.10,315,5,2
2024-11-18,Friuli-Venezia Giulia,Subito Lavoro,AZ_IT_SUBITO_DISPLAY_HOME,1.32,254,1,0
2024-11-18,Friuli-Venezia Giulia,Subito Lavoro,AZ_IT_SUBITO_RETARGETING,0.76,108,1,0
2024-11-18,Friuli-Venezia Giulia,Subito Lavoro,AZ_IT_SUBITO_SLOT_PREMIUM,4.85,450,5,1
2024-11-18,Friuli-Venezia Giulia,Subito Lavoro,AZ_IT_SUBITO_SPONSORED_ANNUNCI,1.51,111,2,1
2024-11-18,Lazio,Subito Lavoro,AZ_IT_SUBITO_DISPLAY_HOME,3.60,740,3,1
2024-11-18,Lazio,Subito Lavoro,AZ_IT_SUBITO_RETARGETING,2.63,377,5,1
2024-11-18,Lazio,Subito Lavoro,AZ_IT_SUBITO_SLOT_PREMIUM,8.53,782,12,4
2024-11-18,Lazio,Subito Lavoro,AZ_IT_SUBITO_SPONSORED_ANNUNCI,10.25,791,13,5
2024-11-18,Liguria,Subito Lavoro,AZ_IT_SUBITO_DISPLAY_HOME,1.79,351,1,0
2024-11-18,Liguria,Subito Lavoro,AZ_IT_SUBITO_RETARGETING,0.71,100,1,0
2024-11-18,Liguria,Subito Lavoro,AZ_IT_SUBITO_SLOT_PREMIUM,4.15,367,5,1
2024-11-18,Liguria,Subito Lavoro,AZ_IT_SUBITO_SPONSORED_ANNUNCI,1.63,126,2,0
2024-11-18,Lombardia,Subito Lavoro,AZ_IT_SUBITO_DISPLAY_HOME,7.18,1453,6,1
2024-11-18,Lombardia,Subito Lavoro,AZ_IT_SUBITO_RETARGETING,4.85,698,8,2
2024-11-18,Lombardia,Subito Lavoro,AZ_IT_SUBITO_SLOT_PREMIUM,21.25,1979,28,8
2024-11-18,Lombardia,Subito Lavoro,AZ_IT_SUBITO_SPONSORED_ANNUNCI,7.01,572,10,3
2024-11-18,Marche,Subito Lavoro,AZ_IT_SUBITO_DISPLAY_HOME,2.41,471,2,1
2024-11-18,Marche,Subito Lavoro,AZ_IT_SUBITO_RETARGETING,1.17,175,2,1
2024-11-18,Marche,Subito Lavoro,AZ_IT_SUBITO_SLOT_PREMIUM,3.72,356,5,2
2024-11-18,Marche,Subito Lavoro,AZ_IT_SUBITO_SPONSORED_ANNUNCI,1.03,81,1,0
2024-11-18,Molise,Subito Lavoro,AZ_IT_SUBITO_DISPLAY_HOME,0.47,91,0,0
2024-11-18,Molise,Subito Lavoro,AZ_IT_SUBITO_RETARGETING,0.21,29,0,0
2024-11-18,Molise,Subito Lavoro,AZ_IT_SUBITO_SLOT_PREMIUM,0.51,49,1,0
2024-11-18,Molise,Subito Lavoro,AZ_IT_SUBITO_SPONSORED_ANNUNCI,0.28,22,0,0
2024-11-18,Piemonte,Subito Lavoro,AZ_IT_SUBITO_DISPLAY_HOME,3.59,709,3,1
2024-11-18,Piemonte,Subito Lavoro,AZ_IT_SUBITO_RETARGETING,2.31,327,4,1
2024-11-18,Piemonte,Subito Lavoro,AZ_IT_SUBITO_SLOT_PREMIUM,11.03,1001,16,3
2024-11-18,Piemonte,Subito Lavoro,AZ_IT_SUBITO_SPONSORED_ANNUNCI,3.73,293,5,1
2024-11-18,Puglia,Subito Lavoro,AZ_IT_SUBITO_DISPLAY_HOME,3.28,637,2,0
2024-11-18,Puglia,Subito Lavoro,AZ_IT_SUBITO_RETARGETING,2.28,323,4,1
2024-11-18,Puglia,Subito Lavoro,AZ_IT_SUBITO_SLOT_PREMIUM,9.17,803,12,2
2024-11-18,Puglia,Subito Lavoro,AZ_IT_SUBITO_SPONSORED_ANNUNCI,4.61,360,6,1
2024-11-18,Sardegna,Subito Lavoro,AZ_IT_SUBITO_DISPLAY_HOME,1.49,307,1,0
2024-11-18,Sardegna,Subito Lavoro,AZ_IT_SUBITO_RETARGETING,0.90,125,2,0
2024-11-18,Sardegna,Subito Lavoro,AZ_IT_SUBITO_SLOT_PREMIUM,3.36,300,4,1
2024-11-18,Sardegna,Subito Lavoro,AZ_IT_SUBITO_SPONSORED_ANNUNCI,1.38,104,2,1
2024-11-18,Sicilia,Subito Lavoro,AZ_IT_SUBITO_DISPLAY_HOME,5.27,1065,4,1
2024-11-18,Sicilia,Subito Lavoro,AZ_IT_SUBITO_RETARGETING,2.22,313,4,1
2024-11-18,Sicilia,Subito Lavoro,AZ_IT_SUBITO_SLOT_PREMIUM,11.82,1045,15,4
2024-11-18,Sicilia,Subito Lavoro,AZ_IT_SUBITO_SPONSORED_ANNUNCI,6.97,519,10,2
2024-11-18,Toscana,Subito Lavoro,AZ_IT_SUBITO_DISPLAY_HOME,3.54,724,3,1
2024-11-18,Toscana,Subito Lavoro,AZ_IT_SUBITO_RETARGETING,1.88,259,3,1
2024-11-18,Toscana,Subito Lavoro,AZ_IT_SUBITO_SLOT_PREMIUM,9.13,811,11,3
2024-11-18,Toscana,Subito Lavoro,AZ_IT_SUBITO_SPONSORED_ANNUNCI,4.15,323,6,2
2024-11-18,Trentino-Alto Adige,Subito Lavoro,AZ_IT_SUBITO_DISPLAY_HOME,1.97,391,1,0
2024-11-18,Trentino-Alto Adige,Subito Lavoro,AZ_IT_SUBITO_RETARGETING,0.59,87,1,0
2024-11-18,Trentino-Alto Adige,Subito Lavoro,AZ_IT_SUBITO_SLOT_PREMIUM,1.74,159,3,1
2024-11-18,Trentino-Alto Adige,Subito Lavoro,AZ_IT_SUBITO_SPONSORED_ANNUNCI,0.87,66,1,0
2024-11-18,Umbria,Subito Lavoro,AZ_IT_SUBITO_DISPLAY_HOME,1.10,227,1,0
2024-11-18,Umbria,Subito Lavoro,AZ_IT_SUBITO_RETARGETING,0.41,57,1,0
2024-11-18,Umbria,Subito Lavoro,AZ_IT_SUBITO_SLOT_PREMIUM,1.93,171,2,1
2024-11-18,Umbria,Subito Lavoro,AZ_IT_SUBITO_SPONSORED_ANNUNCI,0.75,56,1,0
2024-11-18,Valle d'Aosta,Subito Lavoro,AZ_IT_SUBITO_DISPLAY_HOME,0.14,28,0,0
2024-11-18,Valle d'Aosta,Subito Lavoro,AZ_IT_SUBITO_RETARGETING,0.09,13,0,0
2024-11-18,Valle d'Aosta,Subito Lavoro,AZ_IT_SUBITO_SLOT_PREMIUM,0.29,25,0,0
2024-11-18,Valle d'Aosta,Subito Lavoro,AZ_IT_SUBITO_SPONSORED_ANNUNCI,0.09,7,0,0
2024-11-18,Veneto,Subito Lavoro,AZ_IT_SUBITO_DISPLAY_HOME,4.61,897,3,1
2024-11-18,Veneto,Subito Lavoro,AZ_IT_SUBITO_RETARGETING,3.50,496,6,1
2024-11-18,Veneto,Subito Lavoro,AZ_IT_SUBITO_SLOT_PREMIUM,16.64,1470,22,5
2024-11-18,Veneto,Subito Lavoro,AZ_IT_SUBITO_SPONSORED_ANNUNCI,5.53,412,7,2
2024-11-25,Abruzzo,Subito Lavoro,AZ_IT_SUBITO_DISPLAY_HOME,2.33,469,2,0
2024-11-25,Abruzzo,Subito Lavoro,AZ_IT_SUBITO_RETARGETING,1.74,242,2,0
2024-11-25,Abruzzo,Subito Lavoro,AZ_IT_SUBITO_SLOT_PREMIUM,10.22,971,14,1
2024-11-25,Abruzzo,Subito Lavoro,AZ_IT_SUBITO_SPONSORED_ANNUNCI,2.41,194,3,0
2024-11-25,Basilicata,Subito Lavoro,AZ_IT_SUBITO_DISPLAY_HOME,1.12,229,1,0
2024-11-25,Basilicata,Subito Lavoro,AZ_IT_SUBITO_RETARGETING,0.73,101,1,0
2024-11-25,Basilicata,Subito Lavoro,AZ_IT_SUBITO_SLOT_PREMIUM,4.95,460,6,1
2024-11-25,Basilicata,Subito Lavoro,AZ_IT_SUBITO_SPONSORED_ANNUNCI,1.78,134,2,0
2024-11-25,Calabria,Subito Lavoro,AZ_IT_SUBITO_DISPLAY_HOME,3.85,759,3,0
2024-11-25,Calabria,Subito Lavoro,AZ_IT_SUBITO_RETARGETING,2.42,352,4,1
2024-11-25,Calabria,Subito Lavoro,AZ_IT_SUBITO_SLOT_PREMIUM,9.80,863,11,2
2024-11-25,Calabria,Subito Lavoro,AZ_IT_SUBITO_SPONSORED_ANNUNCI,3.32,235,4,1
2024-11-25,Campania,Subito Lavoro,AZ_IT_SUBITO_DISPLAY_HOME,18.62,3805,14,1
2024-11-25,Campania,Subito Lavoro,AZ_IT_SUBITO_RETARGETING,9.24,1307,16,1
2024-11-25,Campania,Subito Lavoro,AZ_IT_SUBITO_SLOT_PREMIUM,23.84,2203,33,3
2024-11-25,Campania,Subito Lavoro,AZ_IT_SUBITO_SPONSORED_ANNUNCI,16.76,1329,23,2
2024-11-25,Emilia-Romagna,Subito Lavoro,AZ_IT_SUBITO_DISPLAY_HOME,8.09,1548,6,0
2024-11-25,Emilia-Romagna,Subito Lavoro,AZ_IT_SUBITO_RETARGETING,7.43,1128,14,1
2024-11-25,Emilia-Romagna,Subito Lavoro,AZ_IT_SUBITO_SLOT_PREMIUM,19.84,1805,26,3
2024-11-25,Emilia-Romagna,Subito Lavoro,AZ_IT_SUBITO_SPONSORED_ANNUNCI,18.27,1475,25,2
2024-11-25,Friuli-Venezia Giulia,Subito Lavoro,AZ_IT_SUBITO_DISPLAY_HOME,2.91,580,2,0
2024-11-25,Friuli-Venezia Giulia,Subito Lavoro,AZ_IT_SUBITO_RETARGETING,2.04,288,3,0
2024-11-25,Friuli-Venezia Giulia,Subito Lavoro,AZ_IT_SUBITO_SLOT_PREMIUM,6.91,623,8,1
2024-11-25,Friuli-Venezia Giulia,Subito Lavoro,AZ_IT_SUBITO_SPONSORED_ANNUNCI,2.74,209,3,1
2024-11-25,Lazio,Subito Lavoro,AZ_IT_SUBITO_DISPLAY_HOME,12.04,2379,9,1
2024-11-25,Lazio,Subito Lavoro,AZ_IT_SUBITO_RETARGETING,7.59,1118,14,1
2024-11-25,Lazio,Subito Lavoro,AZ_IT_SUBITO_SLOT_PREMIUM,32.74,2949,39,5
2024-11-25,Lazio,Subito Lavoro,AZ_IT_SUBITO_SPONSORED_ANNUNCI,11.99,922,15,2
2024-11-25,Liguria,Subito Lavoro,AZ_IT_SUBITO_DISPLAY_HOME,5.05,1053,4,0
2024-11-25,Liguria,Subito Lavoro,AZ_IT_SUBITO_RETARGETING,2.39,338,4,0
2024-11-25,Liguria,Subito Lavoro,AZ_IT_SUBITO_SLOT_PREMIUM,7.30,690,9,1
2024-11-25,Liguria,Subito Lavoro,AZ_IT_SUBITO_SPONSORED_ANNUNCI,2.91,221,4,0
2024-11-25,Lombardia,Subito Lavoro,AZ_IT_SUBITO_DISPLAY_HOME,21.77,4236,16,1
2024-11-25,Lombardia,Subito Lavoro,AZ_IT_SUBITO_RETARGETING,10.46,1458,17,1
2024-11-25,Lombardia,Subito Lavoro,AZ_IT_SUBITO_SLOT_PREMIUM,62.04,5490,78,8
2024-11-25,Lombardia,Subito Lavoro,AZ_IT_SUBITO_SPONSORED_ANNUNCI,27.58,2243,41,4
2024-11-25,Marche,Subito Lavoro,AZ_IT_SUBITO_DISPLAY_HOME,2.79,560,2,0
2024-11-25,Marche,Subito Lavoro,AZ_IT_SUBITO_RETARGETING,3.59,525,6,1
2024-11-25,Marche,Subito Lavoro,AZ_IT_SUBITO_SLOT_PREMIUM,7.33,670,11,1
2024-11-25,Marche,Subito Lavoro,AZ_IT_SUBITO_SPONSORED_ANNUNCI,2.98,228,3,1
2024-11-25,Molise,Subito Lavoro,AZ_IT_SUBITO_DISPLAY_HOME,0.73,152,1,0
2024-11-25,Molise,Subito Lavoro,AZ_IT_SUBITO_RETARGETING,0.36,54,1,0
2024-11-25,Molise,Subito Lavoro,AZ_IT_SUBITO_SLOT_PREMIUM,1.55,139,2,0
2024-11-25,Molise,Subito Lavoro,AZ_IT_SUBITO_SPONSORED_ANNUNCI,0.66,49,1,0
2024-11-25,Piemonte,Subito Lavoro,AZ_IT_SUBITO_DISPLAY_HOME,7.13,1437,5,0
2024-11-25,Piemonte,Subito Lavoro,AZ_IT_SUBITO_RETARGETING,9.25,1278,15,1
2024-11-25,Piemonte,Subito Lavoro,AZ_IT_SUBITO_SLOT_PREMIUM,29.58,2588,30,3
2024-11-25,Piemonte,Subito Lavoro,AZ_IT_SUBITO_SPONSORED_ANNUNCI,9.69,731,13,1
2024-11-25,Puglia,Subito Lavoro,AZ_IT_SUBITO_DISPLAY_HOME,6.43,1253,5,0
2024-11-25,Puglia,Subito Lavoro,AZ_IT_SUBITO_RETARGETING,4.13,563,7,0
2024-11-25,Puglia,Subito Lavoro,AZ_IT_SUBITO_SLOT_PREMIUM,19.65,1842,26,2
2024-11-25,Puglia,Subito Lavoro,AZ_IT_SUBITO_SPONSORED_ANNUNCI,5.17,408,7,1
2024-11-25,Sardegna,Subito Lavoro,AZ_IT_SUBITO_DISPLAY_HOME,5.85,1197,4,0
2024-11-25,Sardegna,Subito Lavoro,AZ_IT_SUBITO_RETARGETING,2.30,325,4,0
2024-11-25,Sardegna,Subito Lavoro,AZ_IT_SUBITO_SLOT_PREMIUM,9.74,920,12,2
2024-11-25,Sardegna,Subito Lavoro,AZ_IT_SUBITO_SPONSORED_ANNUNCI,4.14,330,6,1
2024-11-25,Sicilia,Subito Lavoro,AZ_IT_SUBITO_DISPLAY_HOME,4.98,1052,4,0
2024-11-25,Sicilia,Subito Lavoro,AZ_IT_SUBITO_RETARGETING,6.21,806,11,1
2024-11-25,Sicilia,Subito Lavoro,AZ_IT_SUBITO_SLOT_PREMIUM,23.66,2157,29,3
2024-11-25,Sicilia,Subito Lavoro,AZ_IT_SUBITO_SPONSORED_ANNUNCI,11.59,914,17,2
2024-11-25,Toscana,Subito Lavoro,AZ_IT_SUBITO_DISPLAY_HOME,9.86,1977,8,1
2024-11-25,Toscana,Subito Lavoro,AZ_IT_SUBITO_RETARGETING,3.40,487,5,1
2024-11-25,Toscana,Subito Lavoro,AZ_IT_SUBITO_SLOT_PREMIUM,17.04,1591,21,4
2024-11-25,Toscana,Subito Lavoro,AZ_IT_SUBITO_SPONSORED_ANNUNCI,8.06,613,10,2
2024-11-25,Trentino-Alto Adige,Subito Lavoro,AZ_IT_SUBITO_DISPLAY_HOME,2.21,465,2,0
2024-11-25,Trentino-Alto Adige,Subito Lavoro,AZ_IT_SUBITO_RETARGETING,2.00,276,3,0
2024-11-25,Trentino-Alto Adige,Subito Lavoro,AZ_IT_SUBITO_SLOT_PREMIUM,6.91,619,9,1
2024-11-25,Trentino-Alto Adige,Subito Lavoro,AZ_IT_SUBITO_SPONSORED_ANNUNCI,1.76,137,2,0
2024-11-25,Umbria,Subito Lavoro,AZ_IT_SUBITO_DISPLAY_HOME,2.20,447,2,0
2024-11-25,Umbria,Subito Lavoro,AZ_IT_SUBITO_RETARGETING,1.17,165,2,0
2024-11-25,Umbria,Subito Lavoro,AZ_IT_SUBITO_SLOT_PREMIUM,4.39,408,6,1
2024-11-25,Umbria,Subito Lavoro,AZ_IT_SUBITO_SPONSORED_ANNUNCI,1.59,118,2,0
2024-11-25,Valle d'Aosta,Subito Lavoro,AZ_IT_SUBITO_DISPLAY_HOME,0.41,86,0,0
2024-11-25,Valle d'Aosta,Subito Lavoro,AZ_IT_SUBITO_RETARGETING,0.24,34,0,0
2024-11-25,Valle d'Aosta,Subito Lavoro,AZ_IT_SUBITO_SLOT_PREMIUM,0.48,43,1,0
2024-11-25,Valle d'Aosta,Subito Lavoro,AZ_IT_SUBITO_SPONSORED_ANNUNCI,0.32,25,0,0
2024-11-25,Veneto,Subito Lavoro,AZ_IT_SUBITO_DISPLAY_HOME,7.16,1457,6,1
2024-11-25,Veneto,Subito Lavoro,AZ_IT_SUBITO_RETARGETING,9.70,1454,19,2
2024-11-25,Veneto,Subito Lavoro,AZ_IT_SUBITO_SLOT_PREMIUM,19.39,1724,27,3
2024-11-25,Veneto,Subito Lavoro,AZ_IT_SUBITO_SPONSORED_ANNUNCI,11.41,856,16,2
2024-12-02,Abruzzo,Subito Lavoro,AZ_IT_SUBITO_DISPLAY_HOME,7.58,1614,7,0
2024-12-02,Abruzzo,Subito Lavoro,AZ_IT_SUBITO_RETARGETING,2.49,358,4,0
2024-12-02,Abruzzo,Subito Lavoro,AZ_IT_SUBITO_SLOT_PREMIUM,10.13,917,13,1
2024-12-02,Abruzzo,Subito Lavoro,AZ_IT_SUBITO_SPONSORED_ANNUNCI,6.33,522,9,1
2024-12-02,Basilicata,Subito Lavoro,AZ_IT_SUBITO_DISPLAY_HOME,1.27,252,1,0
2024-12-02,Basilicata,Subito Lavoro,AZ_IT_SUBITO_RETARGETING,1.63,247,3,0
2024-12-02,Basilicata,Subito Lavoro,AZ_IT_SUBITO_SLOT_PREMIUM,6.20,563,7,1
2024-12-02,Basilicata,Subito Lavoro,AZ_IT_SUBITO_SPONSORED_ANNUNCI,3.85,292,5,0
2024-12-02,Calabria,Subito Lavoro,AZ_IT_SUBITO_DISPLAY_HOME,7.51,1511,7,1
2024-12-02,Calabria,Subito Lavoro,AZ_IT_SUBITO_RETARGETING,6.43,947,11,1
2024-12-02,Calabria,Subito Lavoro,AZ_IT_SUBITO_SLOT_PREMIUM,15.16,1399,19,2
2024-12-02,Calabria,Subito Lavoro,AZ_IT_SUBITO_SPONSORED_ANNUNCI,8.87,698,14,1
2024-12-02,Campania,Subito Lavoro,AZ_IT_SUBITO_DISPLAY_HOME,23.89,4641,18,1
2024-12-02,Campania,Subito Lavoro,AZ_IT_SUBITO_RETARGETING,24.95,3606,43,2
2024-12-02,Campania,Subito Lavoro,AZ_IT_SUBITO_SLOT_PREMIUM,66.75,5635,78,6
2024-12-02,Campania,Subito Lavoro,AZ_IT_SUBITO_SPONSORED_ANNUNCI,29.67,2373,43,3
2024-12-02,Emilia-Romagna,Subito Lavoro,AZ_IT_SUBITO_DISPLAY_HOME,20.77,4254,19,1
2024-12-02,Emilia-Romagna,Subito Lavoro,AZ_IT_SUBITO_RETARGETING,11.82,1797,23,1
2024-12-02,Emilia-Romagna,Subito Lavoro,AZ_IT_SUBITO_SLOT_PREMIUM,46.81,4203,61,4
2024-12-02,Emilia-Romagna,Subito Lavoro,AZ_IT_SUBITO_SPONSORED_ANNUNCI,20.30,1605,26,3
2024-12-02,Friuli-Venezia Giulia,Subito Lavoro,AZ_IT_SUBITO_DISPLAY_HOME,5.27,1061,4,0
2024-12-02,Friuli-Venezia Giulia,Subito Lavoro,AZ_IT_SUBITO_RETARGETING,5.16,748,8,1
2024-12-02,Friuli-Venezia Giulia,Subito Lavoro,AZ_IT_SUBITO_SLOT_PREMIUM,12.42,1170,16,1
2024-12-02,Friuli-Venezia Giulia,Subito Lavoro,AZ_IT_SUBITO_SPONSORED_ANNUNCI,8.32,628,11,1
2024-12-02,Lazio,Subito Lavoro,AZ_IT_SUBITO_DISPLAY_HOME,19.80,4044,17,1
2024-12-02,Lazio,Subito Lavoro,AZ_IT_SUBITO_RETARGETING,16.78,2420,28,2
2024-12-02,Lazio,Subito Lavoro,AZ_IT_SUBITO_SLOT_PREMIUM,47.43,4298,61,5
2024-12-02,Lazio,Subito Lavoro,AZ_IT_SUBITO_SPONSORED_ANNUNCI,38.51,3155,52,6
2024-12-02,Liguria,Subito Lavoro,AZ_IT_SUBITO_DISPLAY_HOME,7.30,1486,5,0
2024-12-02,Liguria,Subito Lavoro,AZ_IT_SUBITO_RETARGETING,4.29,626,8,0
2024-12-02,Liguria,Subito Lavoro,AZ_IT_SUBITO_SLOT_PREMIUM,18.99,1660,22,1
2024-12-02,Liguria,Subito Lavoro,AZ_IT_SUBITO_SPONSORED_ANNUNCI,7.53,570,10,1
2024-12-02,Lombardia,Subito Lavoro,AZ_IT_SUBITO_DISPLAY_HOME,46.11,9364,48,2
2024-12-02,Lombardia,Subito Lavoro,AZ_IT_SUBITO_RETARGETING,41.37,6352,78,5
2024-12-02,Lombardia,Subito Lavoro,AZ_IT_SUBITO_SLOT_PREMIUM,88.64,8303,118,11
2024-12-02,Lombardia,Subito Lavoro,AZ_IT_SUBITO_SPONSORED_ANNUNCI,66.67,5091,92,8
2024-12-02,Marche,Subito Lavoro,AZ_IT_SUBITO_DISPLAY_HOME,5.18,1063,4,0
2024-12-02,Marche,Subito Lavoro,AZ_IT_SUBITO_RETARGETING,2.96,427,5,0
2024-12-02,Marche,Subito Lavoro,AZ_IT_SUBITO_SLOT_PREMIUM,17.16,1587,23,2
2024-12-02,Marche,Subito Lavoro,AZ_IT_SUBITO_SPONSORED_ANNUNCI,11.40,925,15,2
2024-12-02,Molise,Subito Lavoro,AZ_IT_SUBITO_DISPLAY_HOME,1.24,255,1,0
2024-12-02,Molise,Subito Lavoro,AZ_IT_SUBITO_RETARGETING,1.04,149,2,0
2024-12-02,Molise,Subito Lavoro,AZ_IT_SUBITO_SLOT_PREMIUM,1.91,170,2,0
2024-12-02,Molise,Subito Lavoro,AZ_IT_SUBITO_SPONSORED_ANNUNCI,2.50,195,3,0
2024-12-02,Piemonte,Subito Lavoro,AZ_IT_SUBITO_DISPLAY_HOME,16.54,3352,13,1
2024-12-02,Piemonte,Subito Lavoro,AZ_IT_SUBITO_RETARGETING,17.92,2422,29,1
2024-12-02,Piemonte,Subito Lavoro,AZ_IT_SUBITO_SLOT_PREMIUM,57.98,5059,63,4
2024-12-02,Piemonte,Subito Lavoro,AZ_IT_SUBITO_SPONSORED_ANNUNCI,29.38,2266,35,3
2024-12-02,Puglia,Subito Lavoro,AZ_IT_SUBITO_DISPLAY_HOME,16.36,3303,14,1
2024-12-02,Puglia,Subito Lavoro,AZ_IT_SUBITO_RETARGETING,11.12,1607,18,1
2024-12-02,Puglia,Subito Lavoro,AZ_IT_SUBITO_SLOT_PREMIUM,25.61,2378,31,2
2024-12-02,Puglia,Subito Lavoro,AZ_IT_SUBITO_SPONSORED_ANNUNCI,30.49,2352,40,2
2024-12-02,Sardegna,Subito Lavoro,AZ_IT_SUBITO_DISPLAY_HOME,8.09,1581,7,0
2024-12-02,Sardegna,Subito Lavoro,AZ_IT_SUBITO_RETARGETING,6.20,860,10,1
2024-12-02,Sardegna,Subito Lavoro,AZ_IT_SUBITO_SLOT_PREMIUM,14.04,1262,16,1
2024-12-02,Sardegna,Subito Lavoro,AZ_IT_SUBITO_SPONSORED_ANNUNCI,9.80,713,13,1
2024-12-02,Sicilia,Subito Lavoro,AZ_IT_SUBITO_DISPLAY_HOME,17.38,3590,16,1
2024-12-02,Sicilia,Subito Lavoro,AZ_IT_SUBITO_RETARGETING,10.97,1486,18,1
2024-12-02,Sicilia,Subito Lavoro,AZ_IT_SUBITO_SLOT_PREMIUM,55.75,4622,69,5
2024-12-02,Sicilia,Subito Lavoro,AZ_IT_SUBITO_SPONSORED_ANNUNCI,21.47,1559,23,2
2024-12-02,Toscana,Subito Lavoro,AZ_IT_SUBITO_DISPLAY_HOME,13.24,2582,10,1
2024-12-02,Toscana,Subito Lavoro,AZ_IT_SUBITO_RETARGETING,8.43,1196,16,1
2024-12-02,Toscana,Subito Lavoro,AZ_IT_SUBITO_SLOT_PREMIUM,49.00,4293,55,6
2024-12-02,Toscana,Subito Lavoro,AZ_IT_SUBITO_SPONSORED_ANNUNCI,22.50,1760,30,3
2024-12-02,Trentino-Alto Adige,Subito Lavoro,AZ_IT_SUBITO_DISPLAY_HOME,3.92,781,3,0
2024-12-02,Trentino-Alto Adige,Subito Lavoro,AZ_IT_SUBITO_RETARGETING,3.00,448,5,0
2024-12-02,Trentino-Alto Adige,Subito Lavoro,AZ_IT_SUBITO_SLOT_PREMIUM,10.40,935,13,1
2024-12-02,Trentino-Alto Adige,Subito Lavoro,AZ_IT_SUBITO_SPONSORED_ANNUNCI,6.72,513,9,1
2024-12-02,Umbria,Subito Lavoro,AZ_IT_SUBITO_DISPLAY_HOME,5.22,1047,4,0
2024-12-02,Umbria,Subito Lavoro,AZ_IT_SUBITO_RETARGETING,3.35,493,6,0
2024-12-02,Umbria,Subito Lavoro,AZ_IT_SUBITO_SLOT_PREMIUM,7.47,715,10,1
2024-12-02,Umbria,Subito Lavoro,AZ_IT_SUBITO_SPONSORED_ANNUNCI,4.88,366,6,1
2024-12-02,Valle d'Aosta,Subito Lavoro,AZ_IT_SUBITO_DISPLAY_HOME,0.38,72,0,0
2024-12-02,Valle d'Aosta,Subito Lavoro,AZ_IT_SUBITO_RETARGETING,0.27,40,0,0
2024-12-02,Valle d'Aosta,Subito Lavoro,AZ_IT_SUBITO_SLOT_PREMIUM,1.45,134,2,0
2024-12-02,Valle d'Aosta,Subito Lavoro,AZ_IT_SUBITO_SPONSORED_ANNUNCI,0.97,75,1,0
2024-12-02,Veneto,Subito Lavoro,AZ_IT_SUBITO_DISPLAY_HOME,15.05,2899,12,1
2024-12-02,Veneto,Subito Lavoro,AZ_IT_SUBITO_RETARGETING,15.42,2279,29,2
2024-12-02,Veneto,Subito Lavoro,AZ_IT_SUBITO_SLOT_PREMIUM,37.91,3285,44,3
2024-12-02,Veneto,Subito Lavoro,AZ_IT_SUBITO_SPONSORED_ANNUNCI,33.33,2473,43,4
2024-12-09,Abruzzo,Subito Lavoro,AZ_IT_SUBITO_DISPLAY_HOME,5.95,1164,5,0
2024-12-09,Abruzzo,Subito Lavoro,AZ_IT_SUBITO_RETARGETING,4.09,553,7,1
2024-12-09,Abruzzo,Subito Lavoro,AZ_IT_SUBITO_SLOT_PREMIUM,10.98,977,16,1
2024-12-09,Abruzzo,Subito Lavoro,AZ_IT_SUBITO_SPONSORED_ANNUNCI,4.52,348,6,1
2024-12-09,Basilicata,Subito Lavoro,AZ_IT_SUBITO_DISPLAY_HOME,2.06,418,2,0
2024-12-09,Basilicata,Subito Lavoro,AZ_IT_SUBITO_RETARGETING,1.10,154,2,0
2024-12-09,Basilicata,Subito Lavoro,AZ_IT_SUBITO_SLOT_PREMIUM,5.87,557,8,1
2024-12-09,Basilicata,Subito Lavoro,AZ_IT_SUBITO_SPONSORED_ANNUNCI,2.07,156,3,0
2024-12-09,Calabria,Subito Lavoro,AZ_IT_SUBITO_DISPLAY_HOME,7.64,1545,6,1
2024-12-09,Calabria,Subito Lavoro,AZ_IT_SUBITO_RETARGETING,3.89,561,8,1
2024-12-09,Calabria,Subito Lavoro,AZ_IT_SUBITO_SLOT_PREMIUM,16.67,1463,23,3
2024-12-09,Calabria,Subito Lavoro,AZ_IT_SUBITO_SPONSORED_ANNUNCI,3.44,271,5,1
2024-12-09,Campania,Subito Lavoro,AZ_IT_SUBITO_DISPLAY_HOME,20.43,4020,16,1
2024-12-09,Campania,Subito Lavoro,AZ_IT_SUBITO_RETARGETING,13.96,1928,21,1
2024-12-09,Campania,Subito Lavoro,AZ_IT_SUBITO_SLOT_PREMIUM,75.33,6996,95,8
2024-12-09,Campania,Subito Lavoro,AZ_IT_SUBITO_SPONSORED_ANNUNCI,26.96,2055,34,3
2024-12-09,Emilia-Romagna,Subito Lavoro,AZ_IT_SUBITO_DISPLAY_HOME,11.85,2468,11,1
2024-12-09,Emilia-Romagna,Subito Lavoro,AZ_IT_SUBITO_RETARGETING,7.70,1113,13,1
2024-12-09,Emilia-Romagna,Subito Lavoro,AZ_IT_SUBITO_SLOT_PREMIUM,29.02,2570,38,4
2024-12-09,Emilia-Romagna,Subito Lavoro,AZ_IT_SUBITO_SPONSORED_ANNUNCI,15.01,1189,20,2
2024-12-09,Friuli-Venezia Giulia,Subito Lavoro,AZ_IT_SUBITO_DISPLAY_HOME,4.55,901,4,0
2024-12-09,Friuli-Venezia Giulia,Subito Lavoro,AZ_IT_SUBITO_RETARGETING,3.25,459,5,1
2024-12-09,Friuli-Venezia Giulia,Subito Lavoro,AZ_IT_SUBITO_SLOT_PREMIUM,6.97,626,8,1
2024-12-09,Friuli-Venezia Giulia,Subito Lavoro,AZ_IT_SUBITO_SPONSORED_ANNUNCI,5.42,412,8,1
2024-12-09,Lazio,Subito Lavoro,AZ_IT_SUBITO_DISPLAY_HOME,24.10,5047,17,2
2024-12-09,Lazio,Subito Lavoro,AZ_IT_SUBITO_RETARGETING,15.53,2323,31,2
2024-12-09,Lazio,Subito Lavoro,AZ_IT_SUBITO_SLOT_PREMIUM,53.77,4624,66,7
2024-12-09,Lazio,Subito Lavoro,AZ_IT_SUBITO_SPONSORED_ANNUNCI,23.60,1763,30,3
2024-12-09,Liguria,Subito Lavoro,AZ_IT_SUBITO_DISPLAY_HOME,3.40,674,3,0
2024-12-09,Liguria,Subito Lavoro,AZ_IT_SUBITO_RETARGETING,3.07,417,5,0
2024-12-09,Liguria,Subito Lavoro,AZ_IT_SUBITO_SLOT_PREMIUM,10.70,965,14,1
2024-12-09,Liguria,Subito Lavoro,AZ_IT_SUBITO_SPONSORED_ANNUNCI,9.70,747,13,1
2024-12-09,Lombardia,Subito Lavoro,AZ_IT_SUBITO_DISPLAY_HOME,23.23,4555,16,1
2024-12-09,Lombardia,Subito Lavoro,AZ_IT_SUBITO_RETARGETING,19.16,2582,29,2
2024-12-09,Lombardia,Subito Lavoro,AZ_IT_SUBITO_SLOT_PREMIUM,79.47,7159,97,11
2024-12-09,Lombardia,Subito Lavoro,AZ_IT_SUBITO_SPONSORED_ANNUNCI,51.19,4059,65,8
2024-12-09,Marche,Subito Lavoro,AZ_IT_SUBITO_DISPLAY_HOME,4.41,953,4,0
2024-12-09,Marche,Subito Lavoro,AZ_IT_SUBITO_RETARGETING,2.23,328,4,0
2024-12-09,Marche,Subito Lavoro,AZ_IT_SUBITO_SLOT_PREMIUM,14.43,1297,19,2
2024-12-09,Marche,Subito Lavoro,AZ_IT_SUBITO_SPONSORED_ANNUNCI,7.09,528,8,1
2024-12-09,Molise,Subito Lavoro,AZ_IT_SUBITO_DISPLAY_HOME,0.98,184,1,0
2024-12-09,Molise,Subito Lavoro,AZ_IT_SUBITO_RETARGETING,0.59,85,1,0
2024-12-09,Molise,Subito Lavoro,AZ_IT_SUBITO_SLOT_PREMIUM,2.11,203,3,0
2024-12-09,Molise,Subito Lavoro,AZ_IT_SUBITO_SPONSORED_ANNUNCI,0.87,65,1,0
2024-12-09,Piemonte,Subito Lavoro,AZ_IT_SUBITO_DISPLAY_HOME,12.56,2537,9,1
2024-12-09,Piemonte,Subito Lavoro,AZ_IT_SUBITO_RETARGETING,6.98,1032,11,1
2024-12-09,Piemonte,Subito Lavoro,AZ_IT_SUBITO_SLOT_PREMIUM,25.25,2353,34,3
2024-12-09,Piemonte,Subito Lavoro,AZ_IT_SUBITO_SPONSORED_ANNUNCI,14.48,1085,18,2
2024-12-09,Puglia,Subito Lavoro,AZ_IT_SUBITO_DISPLAY_HOME,12.33,2412,9,1
2024-12-09,Puglia,Subito Lavoro,AZ_IT_SUBITO_RETARGETING,13.61,1889,24,1
2024-12-09,Puglia,Subito Lavoro,AZ_IT_SUBITO_SLOT_PREMIUM,32.39,2868,43,3
2024-12-09,Puglia,Subito Lavoro,AZ_IT_SUBITO_SPONSORED_ANNUNCI,13.07,1056,17,1
2024-12-09,Sardegna,Subito Lavoro,AZ_IT_SUBITO_DISPLAY_HOME,9.19,1771,6,1
2024-12-09,Sardegna,Subito Lavoro,AZ_IT_SUBITO_RETARGETING,5.59,848,10,1
2024-12-09,Sardegna,Subito Lavoro,AZ_IT_SUBITO_SLOT_PREMIUM,13.95,1232,19,2
2024-12-09,Sardegna,Subito Lavoro,AZ_IT_SUBITO_SPONSORED_ANNUNCI,6.20,467,7,1
2024-12-09,Sicilia,Subito Lavoro,AZ_IT_SUBITO_DISPLAY_HOME,14.43,2883,12,1
2024-12-09,Sicilia,Subito Lavoro,AZ_IT_SUBITO_RETARGETING,13.12,1920,22,2
2024-12-09,Sicilia,Subito Lavoro,AZ_IT_SUBITO_SLOT_PREMIUM,21.08,1963,30,3
2024-12-09,Sicilia,Subito Lavoro,AZ_IT_SUBITO_SPONSORED_ANNUNCI,16.67,1328,22,2
2024-12-09,Toscana,Subito Lavoro,AZ_IT_SUBITO_DISPLAY_HOME,14.78,3099,13,1
2024-12-09,Toscana,Subito Lavoro,AZ_IT_SUBITO_RETARGETING,9.22,1309,14,2
2024-12-09,Toscana,Subito Lavoro,AZ_IT_SUBITO_SLOT_PREMIUM,23.39,2056,29,5
2024-12-09,Toscana,Subito Lavoro,AZ_IT_SUBITO_SPONSORED_ANNUNCI,13.84,1058,21,3
2024-12-09,Trentino-Alto Adige,Subito Lavoro,AZ_IT_SUBITO_DISPLAY_HOME,3.01,613,2,0
2024-12-09,Trentino-Alto Adige,Subito Lavoro,AZ_IT_SUBITO_RETARGETING,3.44,491,6,1
2024-12-09,Trentino-Alto Adige,Subito Lavoro,AZ_IT_SUBITO_SLOT_PREMIUM,5.71,512,8,1
2024-12-09,Trentino-Alto Adige,Subito Lavoro,AZ_IT_SUBITO_SPONSORED_ANNUNCI,3.94,298,6,1
2024-12-09,Umbria,Subito Lavoro,AZ_IT_SUBITO_DISPLAY_HOME,1.89,360,1,0
2024-12-09,Umbria,Subito Lavoro,AZ_IT_SUBITO_RETARGETING,2.25,319,4,0
2024-12-09,Umbria,Subito Lavoro,AZ_IT_SUBITO_SLOT_PREMIUM,8.71,816,12,1
2024-12-09,Umbria,Subito Lavoro,AZ_IT_SUBITO_SPONSORED_ANNUNCI,3.08,242,4,1
2024-12-09,Valle d'Aosta,Subito Lavoro,AZ_IT_SUBITO_DISPLAY_HOME,0.50,96,0,0
2024-12-09,Valle d'Aosta,Subito Lavoro,AZ_IT_SUBITO_RETARGETING,0.26,37,0,0
2024-12-09,Valle d'Aosta,Subito Lavoro,AZ_IT_SUBITO_SLOT_PREMIUM,1.30,117,2,0
2024-12-09,Valle d'Aosta,Subito Lavoro,AZ_IT_SUBITO_SPONSORED_ANNUNCI,0.47,36,1,0
2024-12-09,Veneto,Subito Lavoro,AZ_IT_SUBITO_DISPLAY_HOME,15.39,3029,12,1
2024-12-09,Veneto,Subito Lavoro,AZ_IT_SUBITO_RETARGETING,9.82,1391,18,1
2024-12-09,Veneto,Subito Lavoro,AZ_IT_SUBITO_SLOT_PREMIUM,37.82,3367,44,4
2024-12-09,Veneto,Subito Lavoro,AZ_IT_SUBITO_SPONSORED_ANNUNCI,22.11,1757,32,3
2024-12-16,Abruzzo,Subito Lavoro,AZ_IT_SUBITO_DISPLAY_HOME,2.18,424,2,0
2024-12-16,Abruzzo,Subito Lavoro,AZ_IT_SUBITO_RETARGETING,1.65,237,3,0
2024-12-16,Abruzzo,Subito Lavoro,AZ_IT_SUBITO_SLOT_PREMIUM,4.93,439,5,1
2024-12-16,Abruzzo,Subito Lavoro,AZ_IT_SUBITO_SPONSORED_ANNUNCI,2.52,189,3,0
2024-12-16,Basilicata,Subito Lavoro,AZ_IT_SUBITO_DISPLAY_HOME,1.24,258,1,0
2024-12-16,Basilicata,Subito Lavoro,AZ_IT_SUBITO_RETARGETING,0.78,111,1,0
2024-12-16,Basilicata,Subito Lavoro,AZ_IT_SUBITO_SLOT_PREMIUM,3.13,277,4,1
2024-12-16,Basilicata,Subito Lavoro,AZ_IT_SUBITO_SPONSORED_ANNUNCI,2.09,162,3,0
2024-12-16,Calabria,Subito Lavoro,AZ_IT_SUBITO_DISPLAY_HOME,5.12,1042,4,1
2024-12-16,Calabria,Subito Lavoro,AZ_IT_SUBITO_RETARGETING,3.31,449,6,1
2024-12-16,Calabria,Subito Lavoro,AZ_IT_SUBITO_SLOT_PREMIUM,13.78,1292,16,2
2024-12-16,Calabria,Subito Lavoro,AZ_IT_SUBITO_SPONSORED_ANNUNCI,4.97,369,6,1
2024-12-16,Campania,Subito Lavoro,AZ_IT_SUBITO_DISPLAY_HOME,16.44,3244,14,1
2024-12-16,Campania,Subito Lavoro,AZ_IT_SUBITO_RETARGETING,12.42,1823,22,2
2024-12-16,Campania,Subito Lavoro,AZ_IT_SUBITO_SLOT_PREMIUM,31.73,2900,40,5
2024-12-16,Campania,Subito Lavoro,AZ_IT_SUBITO_SPONSORED_ANNUNCI,13.60,998,19,2
2024-12-16,Emilia-Romagna,Subito Lavoro,AZ_IT_SUBITO_DISPLAY_HOME,9.75,1947,9,1
2024-12-16,Emilia-Romagna,Subito Lavoro,AZ_IT_SUBITO_RETARGETING,6.75,890,10,1
2024-12-16,Emilia-Romagna,Subito Lavoro,AZ_IT_SUBITO_SLOT_PREMIUM,20.09,1811,26,3
2024-12-16,Emilia-Romagna,Subito Lavoro,AZ_IT_SUBITO_SPONSORED_ANNUNCI,11.99,907,16,2
2024-12-16,Friuli-Venezia Giulia,Subito Lavoro,AZ_IT_SUBITO_DISPLAY_HOME,2.76,536,2,0
2024-12-16,Friuli-Venezia Giulia,Subito Lavoro,AZ_IT_SUBITO_RETARGETING,1.88,254,3,0
2024-12-16,Friuli-Venezia Giulia,Subito Lavoro,AZ_IT_SUBITO_SLOT_PREMIUM,11.30,1022,13,2
2024-12-16,Friuli-Venezia Giulia,Subito Lavoro,AZ_IT_SUBITO_SPONSORED_ANNUNCI,2.15,164,3,0
2024-12-16,Lazio,Subito Lavoro,AZ_IT_SUBITO_DISPLAY_HOME,12.58,2477,10,1
2024-12-16,Lazio,Subito Lavoro,AZ_IT_SUBITO_RETARGETING,8.30,1204,15,2
2024-12-16,Lazio,Subito Lavoro,AZ_IT_SUBITO_SLOT_PREMIUM,32.08,2978,47,5
2024-12-16,Lazio,Subito Lavoro,AZ_IT_SUBITO_SPONSORED_ANNUNCI,11.45,870,15,2
2024-12-16,Liguria,Subito Lavoro,AZ_IT_SUBITO_DISPLAY_HOME,2.69,518,2,0
2024-12-16,Liguria,Subito Lavoro,AZ_IT_SUBITO_RETARGETING,2.00,283,4,0
2024-12-16,Liguria,Subito Lavoro,AZ_IT_SUBITO_SLOT_PREMIUM,7.78,696,11,1
2024-12-16,Liguria,Subito Lavoro,AZ_IT_SUBITO_SPONSORED_ANNUNCI,4.27,316,5,1
2024-12-16,Lombardia,Subito Lavoro,AZ_IT_SUBITO_DISPLAY_HOME,21.97,4409,17,1
2024-12-16,Lombardia,Subito Lavoro,AZ_IT_SUBITO_RETARGETING,18.79,2745,35,3
2024-12-16,Lombardia,Subito Lavoro,AZ_IT_SUBITO_SLOT_PREMIUM,73.48,6678,94,12
2024-12-16,Lombardia,Subito Lavoro,AZ_IT_SUBITO_SPONSORED_ANNUNCI,23.86,1818,31,4
2024-12-16,Marche,Subito Lavoro,AZ_IT_SUBITO_DISPLAY_HOME,2.21,437,2,0
2024-12-16,Marche,Subito Lavoro,AZ_IT_SUBITO_RETARGETING,2.64,375,5,1
2024-12-16,Marche,Subito Lavoro,AZ_IT_SUBITO_SLOT_PREMIUM,8.29,732,10,2
2024-12-16,Marche,Subito Lavoro,AZ_IT_SUBITO_SPONSORED_ANNUNCI,2.35,179,3,0
2024-12-16,Molise,Subito Lavoro,AZ_IT_SUBITO_DISPLAY_HOME,0.64,127,1,0
2024-12-16,Molise,Subito Lavoro,AZ_IT_SUBITO_RETARGETING,0.26,38,0,0
2024-12-16,Molise,Subito Lavoro,AZ_IT_SUBITO_SLOT_PREMIUM,1.51,144,2,0
2024-12-16,Molise,Subito Lavoro,AZ_IT_SUBITO_SPONSORED_ANNUNCI,1.33,107,2,0
2024-12-16,Piemonte,Subito Lavoro,AZ_IT_SUBITO_DISPLAY_HOME,7.22,1490,6,0
2024-12-16,Piemonte,Subito Lavoro,AZ_IT_SUBITO_RETARGETING,7.18,997,13,1
2024-12-16,Piemonte,Subito Lavoro,AZ_IT_SUBITO_SLOT_PREMIUM,26.44,2434,35,3
2024-12-16,Piemonte,Subito Lavoro,AZ_IT_SUBITO_SPONSORED_ANNUNCI,13.12,1024,20,2
2024-12-16,Puglia,Subito Lavoro,AZ_IT_SUBITO_DISPLAY_HOME,8.62,1717,7,0
2024-12-16,Puglia,Subito Lavoro,AZ_IT_SUBITO_RETARGETING,4.43,642,9,0
2024-12-16,Puglia,Subito Lavoro,AZ_IT_SUBITO_SLOT_PREMIUM,30.80,2691,32,3
2024-12-16,Puglia,Subito Lavoro,AZ_IT_SUBITO_SPONSORED_ANNUNCI,13.09,952,17,1
2024-12-16,Sardegna,Subito Lavoro,AZ_IT_SUBITO_DISPLAY_HOME,3.78,702,3,0
2024-12-16,Sardegna,Subito Lavoro,AZ_IT_SUBITO_RETARGETING,1.50,223,3,0
2024-12-16,Sardegna,Subito Lavoro,AZ_IT_SUBITO_SLOT_PREMIUM,8.12,725,10,1
2024-12-16,Sardegna,Subito Lavoro,AZ_IT_SUBITO_SPONSORED_ANNUNCI,4.72,356,6,1
2024-12-16,Sicilia,Subito Lavoro,AZ_IT_SUBITO_DISPLAY_HOME,12.56,2646,10,1
2024-12-16,Sicilia,Subito Lavoro,AZ_IT_SUBITO_RETARGETING,6.56,949,13,1
2024-12-16,Sicilia,Subito Lavoro,AZ_IT_SUBITO_SLOT_PREMIUM,30.17,2689,40,4
2024-12-16,Sicilia,Subito Lavoro,AZ_IT_SUBITO_SPONSORED_ANNUNCI,10.98,859,14,1
2024-12-16,Toscana,Subito Lavoro,AZ_IT_SUBITO_DISPLAY_HOME,9.75,1963,8,1
2024-12-16,Toscana,Subito Lavoro,AZ_IT_SUBITO_RETARGETING,4.53,665,8,1
2024-12-16,Toscana,Subito Lavoro,AZ_IT_SUBITO_SLOT_PREMIUM,20.26,1830,25,5
2024-12-16,Toscana,Subito Lavoro,AZ_IT_SUBITO_SPONSORED_ANNUNCI,9.13,692,12,2
2024-12-16,Trentino-Alto Adige,Subito Lavoro,AZ_IT_SUBITO_DISPLAY_HOME,2.92,563,2,0
2024-12-16,Trentino-Alto Adige,Subito Lavoro,AZ_IT_SUBITO_RETARGETING,1.25,181,2,0
2024-12-16,Trentino-Alto Adige,Subito Lavoro,AZ_IT_SUBITO_SLOT_PREMIUM,6.69,642,9,1
2024-12-16,Trentino-Alto Adige,Subito Lavoro,AZ_IT_SUBITO_SPONSORED_ANNUNCI,4.64,349,6,1
2024-12-16,Umbria,Subito Lavoro,AZ_IT_SUBITO_DISPLAY_HOME,2.22,442,2,0
2024-12-16,Umbria,Subito Lavoro,AZ_IT_SUBITO_RETARGETING,1.07,157,2,0
2024-12-16,Umbria,Subito Lavoro,AZ_IT_SUBITO_SLOT_PREMIUM,3.79,340,5,1
2024-12-16,Umbria,Subito Lavoro,AZ_IT_SUBITO_SPONSORED_ANNUNCI,2.56,190,3,1
2024-12-16,Valle d'Aosta,Subito Lavoro,AZ_IT_SUBITO_DISPLAY_HOME,0.37,75,0,0
2024-12-16,Valle d'Aosta,Subito Lavoro,AZ_IT_SUBITO_RETARGETING,0.09,13,0,0
2024-12-16,Valle d'Aosta,Subito Lavoro,AZ_IT_SUBITO_SLOT_PREMIUM,1.05,95,1,0
2024-12-16,Valle d'Aosta,Subito Lavoro,AZ_IT_SUBITO_SPONSORED_ANNUNCI,0.57,44,1,0
2024-12-16,Veneto,Subito Lavoro,AZ_IT_SUBITO_DISPLAY_HOME,8.26,1636,6,1
2024-12-16,Veneto,Subito Lavoro,AZ_IT_SUBITO_RETARGETING,8.18,1178,14,1
2024-12-16,Veneto,Subito Lavoro,AZ_IT_SUBITO_SLOT_PREMIUM,23.13,2056,28,3
2024-12-16,Veneto,Subito Lavoro,AZ_IT_SUBITO_SPONSORED_ANNUNCI,11.22,909,16,2
2024-12-23,Abruzzo,Subito Lavoro,AZ_IT_SUBITO_DISPLAY_HOME,2.11,421,2,0
2024-12-23,Abruzzo,Subito Lavoro,AZ_IT_SUBITO_RETARGETING,1.73,246,3,0
2024-12-23,Abruzzo,Subito Lavoro,AZ_IT_SUBITO_SLOT_PREMIUM,7.55,689,10,1
2024-12-23,Abruzzo,Subito Lavoro,AZ_IT_SUBITO_SPONSORED_ANNUNCI,2.73,204,4,0
2024-12-23,Basilicata,Subito Lavoro,AZ_IT_SUBITO_DISPLAY_HOME,1.11,221,1,0
2024-12-23,Basilicata,Subito Lavoro,AZ_IT_SUBITO_RETARGETING,0.65,93,1,0
2024-12-23,Basilicata,Subito Lavoro,AZ_IT_SUBITO_SLOT_PREMIUM,2.54,226,3,0
2024-12-23,Basilicata,Subito Lavoro,AZ_IT_SUBITO_SPONSORED_ANNUNCI,1.67,133,2,0
2024-12-23,Calabria,Subito Lavoro,AZ_IT_SUBITO_DISPLAY_HOME,4.43,930,4,0
2024-12-23,Calabria,Subito Lavoro,AZ_IT_SUBITO_RETARGETING,3.09,416,5,1
2024-12-23,Calabria,Subito Lavoro,AZ_IT_SUBITO_SLOT_PREMIUM,6.69,594,8,2
2024-12-23,Calabria,Subito Lavoro,AZ_IT_SUBITO_SPONSORED_ANNUNCI,4.41,344,6,1
2024-12-23,Campania,Subito Lavoro,AZ_IT_SUBITO_DISPLAY_HOME,15.25,3275,13,1
2024-12-23,Campania,Subito Lavoro,AZ_IT_SUBITO_RETARGETING,6.47,946,11,1
2024-12-23,Campania,Subito Lavoro,AZ_IT_SUBITO_SLOT_PREMIUM,25.89,2317,31,4
2024-12-23,Campania,Subito Lavoro,AZ_IT_SUBITO_SPONSORED_ANNUNCI,10.83,819,13,2
2024-12-23,Emilia-Romagna,Subito Lavoro,AZ_IT_SUBITO_DISPLAY_HOME,10.20,2099,9,1
2024-12-23,Emilia-Romagna,Subito Lavoro,AZ_IT_SUBITO_RETARGETING,7.75,1132,15,1
2024-12-23,Emilia-Romagna,Subito Lavoro,AZ_IT_SUBITO_SLOT_PREMIUM,18.33,1670,24,3
2024-12-23,Emilia-Romagna,Subito Lavoro,AZ_IT_SUBITO_SPONSORED_ANNUNCI,9.06,707,13,1
2024-12-23,Friuli-Venezia Giulia,Subito Lavoro,AZ_IT_SUBITO_DISPLAY_HOME,3.76,790,3,0
2024-12-23,Friuli-Venezia Giulia,Subito Lavoro,AZ_IT_SUBITO_RETARGETING,1.47,217,2,0
2024-12-23,Friuli-Venezia Giulia,Subito Lavoro,AZ_IT_SUBITO_SLOT_PREMIUM,5.82,526,6,1
2024-12-23,Friuli-Venezia Giulia,Subito Lavoro,AZ_IT_SUBITO_SPONSORED_ANNUNCI,3.87,284,5,1
2024-12-23,Lazio,Subito Lavoro,AZ_IT_SUBITO_DISPLAY_HOME,11.61,2220,9,1
2024-12-23,Lazio,Subito Lavoro,AZ_IT_SUBITO_RETARGETING,10.39,1464,19,2
2024-12-23,Lazio,Subito Lavoro,AZ_IT_SUBITO_SLOT_PREMIUM,29.92,2713,35,4
2024-12-23,Lazio,Subito Lavoro,AZ_IT_SUBITO_SPONSORED_ANNUNCI,13.79,1082,18,3
2024-12-23,Liguria,Subito Lavoro,AZ_IT_SUBITO_DISPLAY_HOME,4.16,823,4,0
2024-12-23,Liguria,Subito Lavoro,AZ_IT_SUBITO_RETARGETING,2.68,371,5,0
2024-12-23,Liguria,Subito Lavoro,AZ_IT_SUBITO_SLOT_PREMIUM,10.12,943,12,1
2024-12-23,Liguria,Subito Lavoro,AZ_IT_SUBITO_SPONSORED_ANNUNCI,3.83,293,4,0
2024-12-23,Lombardia,Subito Lavoro,AZ_IT_SUBITO_DISPLAY_HOME,18.96,3697,14,1
2024-12-23,Lombardia,Subito Lavoro,AZ_IT_SUBITO_RETARGETING,12.20,1792,24,2
2024-12-23,Lombardia,Subito Lavoro,AZ_IT_SUBITO_SLOT_PREMIUM,62.16,5435,77,8
2024-12-23,Lombardia,Subito Lavoro,AZ_IT_SUBITO_SPONSORED_ANNUNCI,31.32,2404,43,5
2024-12-23,Marche,Subito Lavoro,AZ_IT_SUBITO_DISPLAY_HOME,3.83,783,3,0
2024-12-23,Marche,Subito Lavoro,AZ_IT_SUBITO_RETARGETING,1.56,218,2,0
2024-12-23,Marche,Subito Lavoro,AZ_IT_SUBITO_SLOT_PREMIUM,6.69,610,8,1
2024-12-23,Marche,Subito Lavoro,AZ_IT_SUBITO_SPONSORED_ANNUNCI,3.39,261,5,1
2024-12-23,Molise,Subito Lavoro,AZ_IT_SUBITO_DISPLAY_HOME,0.51,106,0,0
2024-12-23,Molise,Subito Lavoro,AZ_IT_SUBITO_RETARGETING,0.38,53,1,0
2024-12-23,Molise,Subito Lavoro,AZ_IT_SUBITO_SLOT_PREMIUM,2.12,200,3,0
2024-12-23,Molise,Subito Lavoro,AZ_IT_SUBITO_SPONSORED_ANNUNCI,0.55,44,1,0
2024-12-23,Piemonte,Subito Lavoro,AZ_IT_SUBITO_DISPLAY_HOME,7.54,1499,6,0
2024-12-23,Piemonte,Subito Lavoro,AZ_IT_SUBITO_RETARGETING,4.57,659,8,0
2024-12-23,Piemonte,Subito Lavoro,AZ_IT_SUBITO_SLOT_PREMIUM,19.70,1849,24,2
2024-12-23,Piemonte,Subito Lavoro,AZ_IT_SUBITO_SPONSORED_ANNUNCI,13.48,1011,18,1
2024-12-23,Puglia,Subito Lavoro,AZ_IT_SUBITO_DISPLAY_HOME,10.46,2076,8,0
2024-12-23,Puglia,Subito Lavoro,AZ_IT_SUBITO_RETARGETING,5.60,777,9,1
2024-12-23,Puglia,Subito Lavoro,AZ_IT_SUBITO_SLOT_PREMIUM,24.36,2224,29,3
2024-12-23,Puglia,Subito Lavoro,AZ_IT_SUBITO_SPONSORED_ANNUNCI,8.95,642,11,1
2024-12-23,Sardegna,Subito Lavoro,AZ_IT_SUBITO_DISPLAY_HOME,3.53,709,3,0
2024-12-23,Sardegna,Subito Lavoro,AZ_IT_SUBITO_RETARGETING,1.60,224,2,0
2024-12-23,Sardegna,Subito Lavoro,AZ_IT_SUBITO_SLOT_PREMIUM,12.09,1120,15,1
2024-12-23,Sardegna,Subito Lavoro,AZ_IT_SUBITO_SPONSORED_ANNUNCI,3.11,222,4,0
2024-12-23,Sicilia,Subito Lavoro,AZ_IT_SUBITO_DISPLAY_HOME,10.61,2074,9,1
2024-12-23,Sicilia,Subito Lavoro,AZ_IT_SUBITO_RETARGETING,6.46,920,10,1
2024-12-23,Sicilia,Subito Lavoro,AZ_IT_SUBITO_SLOT_PREMIUM,31.62,2979,38,4
2024-12-23,Sicilia,Subito Lavoro,AZ_IT_SUBITO_SPONSORED_ANNUNCI,7.33,557,9,1
2024-12-23,Toscana,Subito Lavoro,AZ_IT_SUBITO_DISPLAY_HOME,9.73,1849,7,1
2024-12-23,Toscana,Subito Lavoro,AZ_IT_SUBITO_RETARGETING,5.17,767,9,1
2024-12-23,Toscana,Subito Lavoro,AZ_IT_SUBITO_SLOT_PREMIUM,16.60,1473,21,3
2024-12-23,Toscana,Subito Lavoro,AZ_IT_SUBITO_SPONSORED_ANNUNCI,10.03,824,15,2
2024-12-23,Trentino-Alto Adige,Subito Lavoro,AZ_IT_SUBITO_DISPLAY_HOME,2.72,559,3,0
2024-12-23,Trentino-Alto Adige,Subito Lavoro,AZ_IT_SUBITO_RETARGETING,1.82,255,3,0
2024-12-23,Trentino-Alto Adige,Subito Lavoro,AZ_IT_SUBITO_SLOT_PREMIUM,9.42,846,12,1
2024-12-23,Trentino-Alto Adige,Subito Lavoro,AZ_IT_SUBITO_SPONSORED_ANNUNCI,2.86,218,4,0
2024-12-23,Umbria,Subito Lavoro,AZ_IT_SUBITO_DISPLAY_HOME,1.69,332,2,0
2024-12-23,Umbria,Subito Lavoro,AZ_IT_SUBITO_RETARGETING,1.70,241,3,0
2024-12-23,Umbria,Subito Lavoro,AZ_IT_SUBITO_SLOT_PREMIUM,3.84,343,5,1
2024-12-23,Umbria,Subito Lavoro,AZ_IT_SUBITO_SPONSORED_ANNUNCI,1.97,158,3,0
2024-12-23,Valle d'Aosta,Subito Lavoro,AZ_IT_SUBITO_DISPLAY_HOME,0.26,52,0,0
2024-12-23,Valle d'Aosta,Subito Lavoro,AZ_IT_SUBITO_RETARGETING,0.19,28,0,0
2024-12-23,Valle d'Aosta,Subito Lavoro,AZ_IT_SUBITO_SLOT_PREMIUM,0.83,75,1,0
2024-12-23,Valle d'Aosta,Subito Lavoro,AZ_IT_SUBITO_SPONSORED_ANNUNCI,0.19,14,0,0
2024-12-23,Veneto,Subito Lavoro,AZ_IT_SUBITO_DISPLAY_HOME,8.07,1648,8,0
2024-12-23,Veneto,Subito Lavoro,AZ_IT_SUBITO_RETARGETING,7.62,1092,14,1
2024-12-23,Veneto,Subito Lavoro,AZ_IT_SUBITO_SLOT_PREMIUM,30.76,2724,38,4
2024-12-23,Veneto,Subito Lavoro,AZ_IT_SUBITO_SPONSORED_ANNUNCI,8.89,700,11,1
2024-12-30,Abruzzo,Subito Lavoro,AZ_IT_SUBITO_RETARGETING,1.10,159,2,0
2024-12-30,Abruzzo,Subito Lavoro,AZ_IT_SUBITO_SLOT_PREMIUM,6.37,572,8,1
2024-12-30,Abruzzo,Subito Lavoro,AZ_IT_SUBITO_SPONSORED_ANNUNCI,2.55,193,3,0
2024-12-30,Basilicata,Subito Lavoro,AZ_IT_SUBITO_RETARGETING,0.64,93,1,0
2024-12-30,Basilicata,Subito Lavoro,AZ_IT_SUBITO_SLOT_PREMIUM,1.70,157,2,0
2024-12-30,Basilicata,Subito Lavoro,AZ_IT_SUBITO_SPONSORED_ANNUNCI,1.46,108,2,0
2024-12-30,Calabria,Subito Lavoro,AZ_IT_SUBITO_RETARGETING,1.74,244,3,0
2024-12-30,Calabria,Subito Lavoro,AZ_IT_SUBITO_SLOT_PREMIUM,7.05,634,9,1
2024-12-30,Calabria,Subito Lavoro,AZ_IT_SUBITO_SPONSORED_ANNUNCI,4.33,333,6,1
2024-12-30,Campania,Subito Lavoro,AZ_IT_SUBITO_RETARGETING,7.66,1140,13,1
2024-12-30,Campania,Subito Lavoro,AZ_IT_SUBITO_SLOT_PREMIUM,23.74,2167,29,3
2024-12-30,Campania,Subito Lavoro,AZ_IT_SUBITO_SPONSORED_ANNUNCI,7.30,565,9,1
2024-12-30,Emilia-Romagna,Subito Lavoro,AZ_IT_SUBITO_RETARGETING,5.86,851,10,1
2024-12-30,Emilia-Romagna,Subito Lavoro,AZ_IT_SUBITO_SLOT_PREMIUM,14.15,1257,18,1
2024-12-30,Emilia-Romagna,Subito Lavoro,AZ_IT_SUBITO_SPONSORED_ANNUNCI,11.98,928,14,1
2024-12-30,Friuli-Venezia Giulia,Subito Lavoro,AZ_IT_SUBITO_RETARGETING,0.92,132,1,0
2024-12-30,Friuli-Venezia Giulia,Subito Lavoro,AZ_IT_SUBITO_SLOT_PREMIUM,5.15,479,6,1
2024-12-30,Friuli-Venezia Giulia,Subito Lavoro,AZ_IT_SUBITO_SPONSORED_ANNUNCI,2.19,174,3,0
2024-12-30,Lazio,Subito Lavoro,AZ_IT_SUBITO_RETARGETING,5.16,731,9,1
2024-12-30,Lazio,Subito Lavoro,AZ_IT_SUBITO_SLOT_PREMIUM,18.29,1585,23,3
2024-12-30,Lazio,Subito Lavoro,AZ_IT_SUBITO_SPONSORED_ANNUNCI,10.32,807,15,2
2024-12-30,Liguria,Subito Lavoro,AZ_IT_SUBITO_RETARGETING,1.77,245,3,0
2024-12-30,Liguria,Subito Lavoro,AZ_IT_SUBITO_SLOT_PREMIUM,8.02,724,10,1
2024-12-30,Liguria,Subito Lavoro,AZ_IT_SUBITO_SPONSORED_ANNUNCI,4.39,351,7,0
2024-12-30,Lombardia,Subito Lavoro,AZ_IT_SUBITO_RETARGETING,11.10,1587,22,2
2024-12-30,Lombardia,Subito Lavoro,AZ_IT_SUBITO_SLOT_PREMIUM,28.15,2631,37,4
2024-12-30,Lombardia,Subito Lavoro,AZ_IT_SUBITO_SPONSORED_ANNUNCI,19.46,1555,20,2
2024-12-30,Marche,Subito Lavoro,AZ_IT_SUBITO_RETARGETING,1.70,243,3,0
2024-12-30,Marche,Subito Lavoro,AZ_IT_SUBITO_SLOT_PREMIUM,4.05,364,5,1
2024-12-30,Marche,Subito Lavoro,AZ_IT_SUBITO_SPONSORED_ANNUNCI,2.64,203,4,0
2024-12-30,Molise,Subito Lavoro,AZ_IT_SUBITO_RETARGETING,0.34,49,1,0
2024-12-30,Molise,Subito Lavoro,AZ_IT_SUBITO_SLOT_PREMIUM,0.70,62,1,0
2024-12-30,Molise,Subito Lavoro,AZ_IT_SUBITO_SPONSORED_ANNUNCI,0.34,25,0,0
2024-12-30,Piemonte,Subito Lavoro,AZ_IT_SUBITO_RETARGETING,2.52,370,4,0
2024-12-30,Piemonte,Subito Lavoro,AZ_IT_SUBITO_SLOT_PREMIUM,18.25,1715,23,2
2024-12-30,Piemonte,Subito Lavoro,AZ_IT_SUBITO_SPONSORED_ANNUNCI,9.43,715,11,1
2024-12-30,Puglia,Subito Lavoro,AZ_IT_SUBITO_RETARGETING,5.55,794,11,1
2024-12-30,Puglia,Subito Lavoro,AZ_IT_SUBITO_SLOT_PREMIUM,16.06,1427,21,2
2024-12-30,Puglia,Subito Lavoro,AZ_IT_SUBITO_SPONSORED_ANNUNCI,6.36,496,8,1
2024-12-30,Sardegna,Subito Lavoro,AZ_IT_SUBITO_RETARGETING,1.96,285,4,0
2024-12-30,Sardegna,Subito Lavoro,AZ_IT_SUBITO_SLOT_PREMIUM,7.05,635,9,1
2024-12-30,Sardegna,Subito Lavoro,AZ_IT_SUBITO_SPONSORED_ANNUNCI,2.98,230,4,0
2024-12-30,Sicilia,Subito Lavoro,AZ_IT_SUBITO_RETARGETING,4.17,593,7,1
2024-12-30,Sicilia,Subito Lavoro,AZ_IT_SUBITO_SLOT_PREMIUM,28.30,2546,39,3
2024-12-30,Sicilia,Subito Lavoro,AZ_IT_SUBITO_SPONSORED_ANNUNCI,8.96,725,13,1
2024-12-30,Toscana,Subito Lavoro,AZ_IT_SUBITO_RETARGETING,5.05,738,9,1
2024-12-30,Toscana,Subito Lavoro,AZ_IT_SUBITO_SLOT_PREMIUM,24.48,2193,28,3
2024-12-30,Toscana,Subito Lavoro,AZ_IT_SUBITO_SPONSORED_ANNUNCI,8.63,690,13,1
2024-12-30,Trentino-Alto Adige,Subito Lavoro,AZ_IT_SUBITO_RETARGETING,1.13,161,2,0
2024-12-30,Trentino-Alto Adige,Subito Lavoro,AZ_IT_SUBITO_SLOT_PREMIUM,5.67,533,7,1
2024-12-30,Trentino-Alto Adige,Subito Lavoro,AZ_IT_SUBITO_SPONSORED_ANNUNCI,3.14,246,4,0
2024-12-30,Umbria,Subito Lavoro,AZ_IT_SUBITO_RETARGETING,0.48,70,1,0
2024-12-30,Umbria,Subito Lavoro,AZ_IT_SUBITO_SLOT_PREMIUM,5.64,490,7,1
2024-12-30,Umbria,Subito Lavoro,AZ_IT_SUBITO_SPONSORED_ANNUNCI,1.47,114,2,0
2024-12-30,Valle d'Aosta,Subito Lavoro,AZ_IT_SUBITO_RETARGETING,0.15,21,0,0
2024-12-30,Valle d'Aosta,Subito Lavoro,AZ_IT_SUBITO_SLOT_PREMIUM,0.38,34,0,0
2024-12-30,Valle d'Aosta,Subito Lavoro,AZ_IT_SUBITO_SPONSORED_ANNUNCI,0.21,16,0,0
2024-12-30,Veneto,Subito Lavoro,AZ_IT_SUBITO_RETARGETING,6.27,885,11,1
2024-12-30,Veneto,Subito Lavoro,AZ_IT_SUBITO_SLOT_PREMIUM,33.94,3074,38,3
2024-12-30,Veneto,Subito Lavoro,AZ_IT_SUBITO_SPONSORED_ANNUNCI,7.64,601,10,1
2025-01-06,Abruzzo,Subito Lavoro,AZ_IT_SUBITO_RETARGETING,2.46,350,5,0
2025-01-06,Abruzzo,Subito Lavoro,AZ_IT_SUBITO_SLOT_PREMIUM,8.75,808,11,1
2025-01-06,Abruzzo,Subito Lavoro,AZ_IT_SUBITO_SPONSORED_ANNUNCI,4.03,310,5,0
2025-01-06,Basilicata,Subito Lavoro,AZ_IT_SUBITO_RETARGETING,1.20,176,2,0
2025-01-06,Basilicata,Subito Lavoro,AZ_IT_SUBITO_SLOT_PREMIUM,3.79,332,4,0
2025-01-06,Basilicata,Subito Lavoro,AZ_IT_SUBITO_SPONSORED_ANNUNCI,2.93,218,4,0
2025-01-06,Calabria,Subito Lavoro,AZ_IT_SUBITO_RETARGETING,3.54,503,6,1
2025-01-06,Calabria,Subito Lavoro,AZ_IT_SUBITO_SLOT_PREMIUM,25.82,2390,38,3
2025-01-06,Calabria,Subito Lavoro,AZ_IT_SUBITO_SPONSORED_ANNUNCI,4.48,357,6,0
2025-01-06,Campania,Subito Lavoro,AZ_IT_SUBITO_RETARGETING,17.12,2411,27,2
2025-01-06,Campania,Subito Lavoro,AZ_IT_SUBITO_SLOT_PREMIUM,42.08,3872,55,3
2025-01-06,Campania,Subito Lavoro,AZ_IT_SUBITO_SPONSORED_ANNUNCI,18.69,1354,22,1
2025-01-06,Emilia-Romagna,Subito Lavoro,AZ_IT_SUBITO_RETARGETING,8.37,1211,15,1
2025-01-06,Emilia-Romagna,Subito Lavoro,AZ_IT_SUBITO_SLOT_PREMIUM,21.34,1862,24,2
2025-01-06,Emilia-Romagna,Subito Lavoro,AZ_IT_SUBITO_SPONSORED_ANNUNCI,15.75,1186,21,1
2025-01-06,Friuli-Venezia Giulia,Subito Lavoro,AZ_IT_SUBITO_RETARGETING,3.46,491,6,1
2025-01-06,Friuli-Venezia Giulia,Subito Lavoro,AZ_IT_SUBITO_SLOT_PREMIUM,9.92,885,13,1
2025-01-06,Friuli-Venezia Giulia,Subito Lavoro,AZ_IT_SUBITO_SPONSORED_ANNUNCI,2.61,199,3,0
2025-01-06,Lazio,Subito Lavoro,AZ_IT_SUBITO_RETARGETING,14.28,2117,24,2
2025-01-06,Lazio,Subito Lavoro,AZ_IT_SUBITO_SLOT_PREMIUM,56.33,5081,69,4
2025-01-06,Lazio,Subito Lavoro,AZ_IT_SUBITO_SPONSORED_ANNUNCI,36.30,2713,49,3
2025-01-06,Liguria,Subito Lavoro,AZ_IT_SUBITO_RETARGETING,2.94,425,5,0
2025-01-06,Liguria,Subito Lavoro,AZ_IT_SUBITO_SLOT_PREMIUM,9.53,895,14,1
2025-01-06,Liguria,Subito Lavoro,AZ_IT_SUBITO_SPONSORED_ANNUNCI,5.95,445,7,0
2025-01-06,Lombardia,Subito Lavoro,AZ_IT_SUBITO_RETARGETING,25.81,3691,40,3
2025-01-06,Lombardia,Subito Lavoro,AZ_IT_SUBITO_SLOT_PREMIUM,109.04,10291,136,9
2025-01-06,Lombardia,Subito Lavoro,AZ_IT_SUBITO_SPONSORED_ANNUNCI,48.29,3734,60,4
2025-01-06,Marche,Subito Lavoro,AZ_IT_SUBITO_RETARGETING,3.44,480,6,1
2025-01-06,Marche,Subito Lavoro,AZ_IT_SUBITO_SLOT_PREMIUM,13.24,1231,16,1
2025-01-06,Marche,Subito Lavoro,AZ_IT_SUBITO_SPONSORED_ANNUNCI,4.78,363,7,1
2025-01-06,Molise,Subito Lavoro,AZ_IT_SUBITO_RETARGETING,0.57,78,1,0
2025-01-06,Molise,Subito Lavoro,AZ_IT_SUBITO_SLOT_PREMIUM,2.14,191,3,0
2025-01-06,Molise,Subito Lavoro,AZ_IT_SUBITO_SPONSORED_ANNUNCI,1.11,86,2,0
2025-01-06,Piemonte,Subito Lavoro,AZ_IT_SUBITO_RETARGETING,6.51,918,12,1
2025-01-06,Piemonte,Subito Lavoro,AZ_IT_SUBITO_SLOT_PREMIUM,29.33,2686,39,2
2025-01-06,Piemonte,Subito Lavoro,AZ_IT_SUBITO_SPONSORED_ANNUNCI,10.93,843,15,1
2025-01-06,Puglia,Subito Lavoro,AZ_IT_SUBITO_RETARGETING,13.96,2027,24,1
2025-01-06,Puglia,Subito Lavoro,AZ_IT_SUBITO_SLOT_PREMIUM,35.00,3208,46,2
2025-01-06,Puglia,Subito Lavoro,AZ_IT_SUBITO_SPONSORED_ANNUNCI,17.11,1319,24,1
2025-01-06,Sardegna,Subito Lavoro,AZ_IT_SUBITO_RETARGETING,3.78,549,7,0
2025-01-06,Sardegna,Subito Lavoro,AZ_IT_SUBITO_SLOT_PREMIUM,11.03,967,15,1
2025-01-06,Sardegna,Subito Lavoro,AZ_IT_SUBITO_SPONSORED_ANNUNCI,6.89,540,9,1
2025-01-06,Sicilia,Subito Lavoro,AZ_IT_SUBITO_RETARGETING,10.56,1529,20,1
2025-01-06,Sicilia,Subito Lavoro,AZ_IT_SUBITO_SLOT_PREMIUM,26.39,2386,38,2
2025-01-06,Sicilia,Subito Lavoro,AZ_IT_SUBITO_SPONSORED_ANNUNCI,21.40,1598,27,1
2025-01-06,Toscana,Subito Lavoro,AZ_IT_SUBITO_RETARGETING,6.44,914,13,1
2025-01-06,Toscana,Subito Lavoro,AZ_IT_SUBITO_SLOT_PREMIUM,18.40,1748,26,2
2025-01-06,Toscana,Subito Lavoro,AZ_IT_SUBITO_SPONSORED_ANNUNCI,9.78,707,12,1
2025-01-06,Trentino-Alto Adige,Subito Lavoro,AZ_IT_SUBITO_RETARGETING,1.91,281,3,0
2025-01-06,Trentino-Alto Adige,Subito Lavoro,AZ_IT_SUBITO_SLOT_PREMIUM,8.55,751,10,1
2025-01-06,Trentino-Alto Adige,Subito Lavoro,AZ_IT_SUBITO_SPONSORED_ANNUNCI,4.85,381,6,0
2025-01-06,Umbria,Subito Lavoro,AZ_IT_SUBITO_RETARGETING,1.80,253,3,0
2025-01-06,Umbria,Subito Lavoro,AZ_IT_SUBITO_SLOT_PREMIUM,6.70,615,9,1
2025-01-06,Umbria,Subito Lavoro,AZ_IT_SUBITO_SPONSORED_ANNUNCI,2.40,183,3,0
2025-01-06,Valle d'Aosta,Subito Lavoro,AZ_IT_SUBITO_RETARGETING,0.23,32,0,0
2025-01-06,Valle d'Aosta,Subito Lavoro,AZ_IT_SUBITO_SLOT_PREMIUM,0.55,50,1,0
2025-01-06,Valle d'Aosta,Subito Lavoro,AZ_IT_SUBITO_SPONSORED_ANNUNCI,0.32,25,0,0
2025-01-06,Veneto,Subito Lavoro,AZ_IT_SUBITO_RETARGETING,11.21,1566,19,1
2025-01-06,Veneto,Subito Lavoro,AZ_IT_SUBITO_SLOT_PREMIUM,42.91,3796,53,4
2025-01-06,Veneto,Subito Lavoro,AZ_IT_SUBITO_SPONSORED_ANNUNCI,28.15,1991,32,2
2025-01-13,Abruzzo,Subito Lavoro,AZ_IT_SUBITO_RETARGETING,2.38,342,4,0
2025-01-13,Abruzzo,Subito Lavoro,AZ_IT_SUBITO_SLOT_PREMIUM,11.54,1071,15,1
2025-01-13,Abruzzo,Subito Lavoro,AZ_IT_SUBITO_SPONSORED_ANNUNCI,3.87,292,4,0
2025-01-13,Basilicata,Subito Lavoro,AZ_IT_SUBITO_RETARGETING,1.28,184,2,0
2025-01-13,Basilicata,Subito Lavoro,AZ_IT_SUBITO_SLOT_PREMIUM,3.71,331,4,0
2025-01-13,Basilicata,Subito Lavoro,AZ_IT_SUBITO_SPONSORED_ANNUNCI,1.59,122,2,0
2025-01-13,Calabria,Subito Lavoro,AZ_IT_SUBITO_RETARGETING,4.09,609,7,1
2025-01-13,Calabria,Subito Lavoro,AZ_IT_SUBITO_SLOT_PREMIUM,11.43,1077,14,2
2025-01-13,Calabria,Subito Lavoro,AZ_IT_SUBITO_SPONSORED_ANNUNCI,7.74,598,11,1
2025-01-13,Campania,Subito Lavoro,AZ_IT_SUBITO_RETARGETING,11.78,1734,23,2
2025-01-13,Campania,Subito Lavoro,AZ_IT_SUBITO_SLOT_PREMIUM,41.65,4049,52,4
2025-01-13,Campania,Subito Lavoro,AZ_IT_SUBITO_SPONSORED_ANNUNCI,23.78,1886,32,2
2025-01-13,Emilia-Romagna,Subito Lavoro,AZ_IT_SUBITO_RETARGETING,8.80,1217,15,1
2025-01-13,Emilia-Romagna,Subito Lavoro,AZ_IT_SUBITO_SLOT_PREMIUM,39.84,3628,45,4
2025-01-13,Emilia-Romagna,Subito Lavoro,AZ_IT_SUBITO_SPONSORED_ANNUNCI,18.47,1393,23,2
2025-01-13,Friuli-Venezia Giulia,Subito Lavoro,AZ_IT_SUBITO_RETARGETING,3.67,515,6,1
2025-01-13,Friuli-Venezia Giulia,Subito Lavoro,AZ_IT_SUBITO_SLOT_PREMIUM,8.16,782,11,1
2025-01-13,Friuli-Venezia Giulia,Subito Lavoro,AZ_IT_SUBITO_SPONSORED_ANNUNCI,7.83,564,10,1
2025-01-13,Lazio,Subito Lavoro,AZ_IT_SUBITO_RETARGETING,7.74,1105,11,1
2025-01-13,Lazio,Subito Lavoro,AZ_IT_SUBITO_SLOT_PREMIUM,35.86,3272,51,4
2025-01-13,Lazio,Subito Lavoro,AZ_IT_SUBITO_SPONSORED_ANNUNCI,32.53,2431,41,4
2025-01-13,Liguria,Subito Lavoro,AZ_IT_SUBITO_RETARGETING,2.24,308,4,0
2025-01-13,Liguria,Subito Lavoro,AZ_IT_SUBITO_SLOT_PREMIUM,16.99,1444,21,1
2025-01-13,Liguria,Subito Lavoro,AZ_IT_SUBITO_SPONSORED_ANNUNCI,7.22,549,10,0
2025-01-13,Lombardia,Subito Lavoro,AZ_IT_SUBITO_RETARGETING,18.75,2641,29,2
2025-01-13,Lombardia,Subito Lavoro,AZ_IT_SUBITO_SLOT_PREMIUM,89.90,8099,119,9
2025-01-13,Lombardia,Subito Lavoro,AZ_IT_SUBITO_SPONSORED_ANNUNCI,37.55,2924,48,4
2025-01-13,Marche,Subito Lavoro,AZ_IT_SUBITO_RETARGETING,2.77,402,5,1
2025-01-13,Marche,Subito Lavoro,AZ_IT_SUBITO_SLOT_PREMIUM,7.47,678,11,1
2025-01-13,Marche,Subito Lavoro,AZ_IT_SUBITO_SPONSORED_ANNUNCI,6.46,502,8,1
2025-01-13,Molise,Subito Lavoro,AZ_IT_SUBITO_RETARGETING,0.48,70,1,0
2025-01-13,Molise,Subito Lavoro,AZ_IT_SUBITO_SLOT_PREMIUM,1.09,105,1,0
2025-01-13,Molise,Subito Lavoro,AZ_IT_SUBITO_SPONSORED_ANNUNCI,1.31,97,2,0
2025-01-13,Piemonte,Subito Lavoro,AZ_IT_SUBITO_RETARGETING,6.15,889,11,1
2025-01-13,Piemonte,Subito Lavoro,AZ_IT_SUBITO_SLOT_PREMIUM,31.91,2911,45,2
2025-01-13,Piemonte,Subito Lavoro,AZ_IT_SUBITO_SPONSORED_ANNUNCI,18.77,1487,25,1
2025-01-13,Puglia,Subito Lavoro,AZ_IT_SUBITO_RETARGETING,7.23,1034,11,1
2025-01-13,Puglia,Subito Lavoro,AZ_IT_SUBITO_SLOT_PREMIUM,28.51,2422,37,2
2025-01-13,Puglia,Subito Lavoro,AZ_IT_SUBITO_SPONSORED_ANNUNCI,24.38,1789,29,2
2025-01-13,Sardegna,Subito Lavoro,AZ_IT_SUBITO_RETARGETING,2.72,404,5,0
2025-01-13,Sardegna,Subito Lavoro,AZ_IT_SUBITO_SLOT_PREMIUM,9.38,864,12,1
2025-01-13,Sardegna,Subito Lavoro,AZ_IT_SUBITO_SPONSORED_ANNUNCI,3.71,307,5,0
2025-01-13,Sicilia,Subito Lavoro,AZ_IT_SUBITO_RETARGETING,6.84,938,11,1
2025-01-13,Sicilia,Subito Lavoro,AZ_IT_SUBITO_SLOT_PREMIUM,46.80,4268,55,3
2025-01-13,Sicilia,Subito Lavoro,AZ_IT_SUBITO_SPONSORED_ANNUNCI,28.23,2157,37,2
2025-01-13,Toscana,Subito Lavoro,AZ_IT_SUBITO_RETARGETING,9.11,1338,16,1
2025-01-13,Toscana,Subito Lavoro,AZ_IT_SUBITO_SLOT_PREMIUM,37.66,3405,49,4
2025-01-13,Toscana,Subito Lavoro,AZ_IT_SUBITO_SPONSORED_ANNUNCI,14.10,1046,18,2
2025-01-13,Trentino-Alto Adige,Subito Lavoro,AZ_IT_SUBITO_RETARGETING,1.64,237,3,0
2025-01-13,Trentino-Alto Adige,Subito Lavoro,AZ_IT_SUBITO_SLOT_PREMIUM,10.13,921,15,1
2025-01-13,Trentino-Alto Adige,Subito Lavoro,AZ_IT_SUBITO_SPONSORED_ANNUNCI,4.28,325,5,0
2025-01-13,Umbria,Subito Lavoro,AZ_IT_SUBITO_RETARGETING,0.92,132,2,0
2025-01-13,Umbria,Subito Lavoro,AZ_IT_SUBITO_SLOT_PREMIUM,8.68,816,12,1
2025-01-13,Umbria,Subito Lavoro,AZ_IT_SUBITO_SPONSORED_ANNUNCI,3.81,284,5,0
2025-01-13,Valle d'Aosta,Subito Lavoro,AZ_IT_SUBITO_RETARGETING,0.30,43,0,0
2025-01-13,Valle d'Aosta,Subito Lavoro,AZ_IT_SUBITO_SLOT_PREMIUM,0.48,44,1,0
2025-01-13,Valle d'Aosta,Subito Lavoro,AZ_IT_SUBITO_SPONSORED_ANNUNCI,0.36,27,0,0
2025-01-13,Veneto,Subito Lavoro,AZ_IT_SUBITO_RETARGETING,10.00,1432,15,1
2025-01-13,Veneto,Subito Lavoro,AZ_IT_SUBITO_SLOT_PREMIUM,46.28,4231,62,3
2025-01-13,Veneto,Subito Lavoro,AZ_IT_SUBITO_SPONSORED_ANNUNCI,18.33,1441,26,2
2025-01-20,Abruzzo,Subito Lavoro,AZ_IT_SUBITO_RETARGETING,1.55,208,3,0
2025-01-20,Abruzzo,Subito Lavoro,AZ_IT_SUBITO_SLOT_PREMIUM,7.28,652,9,1
2025-01-20,Abruzzo,Subito Lavoro,AZ_IT_SUBITO_SPONSORED_ANNUNCI,5.93,470,7,1
2025-01-20,Basilicata,Subito Lavoro,AZ_IT_SUBITO_RETARGETING,1.01,144,2,0
2025-01-20,Basilicata,Subito Lavoro,AZ_IT_SUBITO_SLOT_PREMIUM,3.33,291,4,0
2025-01-20,Basilicata,Subito Lavoro,AZ_IT_SUBITO_SPONSORED_ANNUNCI,1.81,138,3,0
2025-01-20,Calabria,Subito Lavoro,AZ_IT_SUBITO_RETARGETING,2.49,363,4,1
2025-01-20,Calabria,Subito Lavoro,AZ_IT_SUBITO_SLOT_PREMIUM,11.65,1065,14,2
2025-01-20,Calabria,Subito Lavoro,AZ_IT_SUBITO_SPONSORED_ANNUNCI,7.16,547,10,1
2025-01-20,Campania,Subito Lavoro,AZ_IT_SUBITO_RETARGETING,10.51,1437,17,1
2025-01-20,Campania,Subito Lavoro,AZ_IT_SUBITO_SLOT_PREMIUM,45.11,4032,59,3
2025-01-20,Campania,Subito Lavoro,AZ_IT_SUBITO_SPONSORED_ANNUNCI,23.44,1736,30,2
2025-01-20,Emilia-Romagna,Subito Lavoro,AZ_IT_SUBITO_RETARGETING,7.17,1058,13,1
2025-01-20,Emilia-Romagna,Subito Lavoro,AZ_IT_SUBITO_SLOT_PREMIUM,66.58,6080,82,5
2025-01-20,Emilia-Romagna,Subito Lavoro,AZ_IT_SUBITO_SPONSORED_ANNUNCI,19.20,1524,27,1
2025-01-20,Friuli-Venezia Giulia,Subito Lavoro,AZ_IT_SUBITO_RETARGETING,1.35,196,2,0
2025-01-20,Friuli-Venezia Giulia,Subito Lavoro,AZ_IT_SUBITO_SLOT_PREMIUM,7.94,678,8,1
2025-01-20,Friuli-Venezia Giulia,Subito Lavoro,AZ_IT_SUBITO_SPONSORED_ANNUNCI,3.58,271,5,1
2025-01-20,Lazio,Subito Lavoro,AZ_IT_SUBITO_RETARGETING,9.24,1387,18,2
2025-01-20,Lazio,Subito Lavoro,AZ_IT_SUBITO_SLOT_PREMIUM,36.72,3349,47,4
2025-01-20,Lazio,Subito Lavoro,AZ_IT_SUBITO_SPONSORED_ANNUNCI,19.52,1545,24,2
2025-01-20,Liguria,Subito Lavoro,AZ_IT_SUBITO_RETARGETING,2.56,363,4,0
2025-01-20,Liguria,Subito Lavoro,AZ_IT_SUBITO_SLOT_PREMIUM,11.90,1080,14,1
2025-01-20,Liguria,Subito Lavoro,AZ_IT_SUBITO_SPONSORED_ANNUNCI,3.71,287,5,0
2025-01-20,Lombardia,Subito Lavoro,AZ_IT_SUBITO_RETARGETING,14.59,2085,24,2
2025-01-20,Lombardia,Subito Lavoro,AZ_IT_SUBITO_SLOT_PREMIUM,77.96,7100,92,7
2025-01-20,Lombardia,Subito Lavoro,AZ_IT_SUBITO_SPONSORED_ANNUNCI,24.54,1858,31,2
2025-01-20,Marche,Subito Lavoro,AZ_IT_SUBITO_RETARGETING,3.44,488,6,1
2025-01-20,Marche,Subito Lavoro,AZ_IT_SUBITO_SLOT_PREMIUM,18.11,1657,21,2
2025-01-20,Marche,Subito Lavoro,AZ_IT_SUBITO_SPONSORED_ANNUNCI,4.72,351,5,1
2025-01-20,Molise,Subito Lavoro,AZ_IT_SUBITO_RETARGETING,0.43,59,1,0
2025-01-20,Molise,Subito Lavoro,AZ_IT_SUBITO_SLOT_PREMIUM,1.80,166,2,0
2025-01-20,Molise,Subito Lavoro,AZ_IT_SUBITO_SPONSORED_ANNUNCI,1.54,125,2,0
2025-01-20,Piemonte,Subito Lavoro,AZ_IT_SUBITO_RETARGETING,6.78,974,12,1
2025-01-20,Piemonte,Subito Lavoro,AZ_IT_SUBITO_SLOT_PREMIUM,31.65,2926,40,2
2025-01-20,Piemonte,Subito Lavoro,AZ_IT_SUBITO_SPONSORED_ANNUNCI,17.52,1368,25,1
2025-01-20,Puglia,Subito Lavoro,AZ_IT_SUBITO_RETARGETING,8.48,1234,15,1
2025-01-20,Puglia,Subito Lavoro,AZ_IT_SUBITO_SLOT_PREMIUM,46.71,4223,60,3
2025-01-20,Puglia,Subito Lavoro,AZ_IT_SUBITO_SPONSORED_ANNUNCI,14.62,1123,19,1
2025-01-20,Sardegna,Subito Lavoro,AZ_IT_SUBITO_RETARGETING,2.74,416,5,0
2025-01-20,Sardegna,Subito Lavoro,AZ_IT_SUBITO_SLOT_PREMIUM,9.32,871,12,1
2025-01-20,Sardegna,Subito Lavoro,AZ_IT_SUBITO_SPONSORED_ANNUNCI,7.12,565,10,1
2025-01-20,Sicilia,Subito Lavoro,AZ_IT_SUBITO_RETARGETING,9.79,1393,19,1
2025-01-20,Sicilia,Subito Lavoro,AZ_IT_SUBITO_SLOT_PREMIUM,47.89,4343,57,4
2025-01-20,Sicilia,Subito Lavoro,AZ_IT_SUBITO_SPONSORED_ANNUNCI,16.02,1239,21,1
2025-01-20,Toscana,Subito Lavoro,AZ_IT_SUBITO_RETARGETING,6.71,932,11,1
2025-01-20,Toscana,Subito Lavoro,AZ_IT_SUBITO_SLOT_PREMIUM,19.68,1717,23,3
2025-01-20,Toscana,Subito Lavoro,AZ_IT_SUBITO_SPONSORED_ANNUNCI,12.80,973,15,2
2025-01-20,Trentino-Alto Adige,Subito Lavoro,AZ_IT_SUBITO_RETARGETING,1.39,197,2,0
2025-01-20,Trentino-Alto Adige,Subito Lavoro,AZ_IT_SUBITO_SLOT_PREMIUM,6.74,626,9,1
2025-01-20,Trentino-Alto Adige,Subito Lavoro,AZ_IT_SUBITO_SPONSORED_ANNUNCI,4.68,344,6,1
2025-01-20,Umbria,Subito Lavoro,AZ_IT_SUBITO_RETARGETING,1.27,179,2,0
2025-01-20,Umbria,Subito Lavoro,AZ_IT_SUBITO_SLOT_PREMIUM,10.13,915,13,1
2025-01-20,Umbria,Subito Lavoro,AZ_IT_SUBITO_SPONSORED_ANNUNCI,2.76,204,4,0
2025-01-20,Valle d'Aosta,Subito Lavoro,AZ_IT_SUBITO_RETARGETING,0.21,32,0,0
2025-01-20,Valle d'Aosta,Subito Lavoro,AZ_IT_SUBITO_SLOT_PREMIUM,0.80,72,1,0
2025-01-20,Valle d'Aosta,Subito Lavoro,AZ_IT_SUBITO_SPONSORED_ANNUNCI,0.37,29,0,0
2025-01-20,Veneto,Subito Lavoro,AZ_IT_SUBITO_RETARGETING,7.42,1038,13,1
2025-01-20,Veneto,Subito Lavoro,AZ_IT_SUBITO_SLOT_PREMIUM,39.18,3720,48,4
2025-01-20,Veneto,Subito Lavoro,AZ_IT_SUBITO_SPONSORED_ANNUNCI,13.59,1027,16,1
2025-01-27,Abruzzo,Subito Lavoro,AZ_IT_SUBITO_RETARGETING,2.34,344,5,0
2025-01-27,Abruzzo,Subito Lavoro,AZ_IT_SUBITO_SLOT_PREMIUM,10.27,927,12,1
2025-01-27,Abruzzo,Subito Lavoro,AZ_IT_SUBITO_SPONSORED_ANNUNCI,8.77,655,11,1
2025-01-27,Basilicata,Subito Lavoro,AZ_IT_SUBITO_RETARGETING,0.97,140,2,0
2025-01-27,Basilicata,Subito Lavoro,AZ_IT_SUBITO_SLOT_PREMIUM,5.96,546,8,1
2025-01-27,Basilicata,Subito Lavoro,AZ_IT_SUBITO_SPONSORED_ANNUNCI,2.10,165,3,0
2025-01-27,Calabria,Subito Lavoro,AZ_IT_SUBITO_RETARGETING,3.10,458,6,1
2025-01-27,Calabria,Subito Lavoro,AZ_IT_SUBITO_SLOT_PREMIUM,10.77,1010,14,1
2025-01-27,Calabria,Subito Lavoro,AZ_IT_SUBITO_SPONSORED_ANNUNCI,6.34,483,8,1
2025-01-27,Campania,Subito Lavoro,AZ_IT_SUBITO_RETARGETING,12.46,1761,20,1
2025-01-27,Campania,Subito Lavoro,AZ_IT_SUBITO_SLOT_PREMIUM,59.94,5363,65,5
2025-01-27,Campania,Subito Lavoro,AZ_IT_SUBITO_SPONSORED_ANNUNCI,30.95,2346,43,3
2025-01-27,Emilia-Romagna,Subito Lavoro,AZ_IT_SUBITO_RETARGETING,5.18,714,8,1
2025-01-27,Emilia-Romagna,Subito Lavoro,AZ_IT_SUBITO_SLOT_PREMIUM,33.45,3108,44,3
2025-01-27,Emilia-Romagna,Subito Lavoro,AZ_IT_SUBITO_SPONSORED_ANNUNCI,29.92,2203,40,3
2025-01-27,Friuli-Venezia Giulia,Subito Lavoro,AZ_IT_SUBITO_RETARGETING,1.78,269,3,0
2025-01-27,Friuli-Venezia Giulia,Subito Lavoro,AZ_IT_SUBITO_SLOT_PREMIUM,10.09,922,13,1
2025-01-27,Friuli-Venezia Giulia,Subito Lavoro,AZ_IT_SUBITO_SPONSORED_ANNUNCI,5.42,402,7,1
2025-01-27,Lazio,Subito Lavoro,AZ_IT_SUBITO_RETARGETING,15.68,2273,27,2
2025-01-27,Lazio,Subito Lavoro,AZ_IT_SUBITO_SLOT_PREMIUM,61.03,5766,73,6
2025-01-27,Lazio,Subito Lavoro,AZ_IT_SUBITO_SPONSORED_ANNUNCI,29.38,2259,40,3
2025-01-27,Liguria,Subito Lavoro,AZ_IT_SUBITO_RETARGETING,1.90,285,3,0
2025-01-27,Liguria,Subito Lavoro,AZ_IT_SUBITO_SLOT_PREMIUM,16.32,1459,23,1
2025-01-27,Liguria,Subito Lavoro,AZ_IT_SUBITO_SPONSORED_ANNUNCI,8.09,620,10,1
2025-01-27,Lombardia,Subito Lavoro,AZ_IT_SUBITO_RETARGETING,22.44,3371,41,3
2025-01-27,Lombardia,Subito Lavoro,AZ_IT_SUBITO_SLOT_PREMIUM,87.95,7843,97,8
2025-01-27,Lombardia,Subito Lavoro,AZ_IT_SUBITO_SPONSORED_ANNUNCI,52.46,3987,74,5
2025-01-27,Marche,Subito Lavoro,AZ_IT_SUBITO_RETARGETING,2.65,372,4,1
2025-01-27,Marche,Subito Lavoro,AZ_IT_SUBITO_SLOT_PREMIUM,15.07,1382,21,2
2025-01-27,Marche,Subito Lavoro,AZ_IT_SUBITO_SPONSORED_ANNUNCI,4.90,394,6,1
2025-01-27,Molise,Subito Lavoro,AZ_IT_SUBITO_RETARGETING,0.32,46,0,0
2025-01-27,Molise,Subito Lavoro,AZ_IT_SUBITO_SLOT_PREMIUM,1.74,154,2,0
2025-01-27,Molise,Subito Lavoro,AZ_IT_SUBITO_SPONSORED_ANNUNCI,1.12,86,1,0
2025-01-27,Piemonte,Subito Lavoro,AZ_IT_SUBITO_RETARGETING,6.29,919,11,1
2025-01-27,Piemonte,Subito Lavoro,AZ_IT_SUBITO_SLOT_PREMIUM,24.47,2308,30,2
2025-01-27,Piemonte,Subito Lavoro,AZ_IT_SUBITO_SPONSORED_ANNUNCI,23.75,1845,32,1
2025-01-27,Puglia,Subito Lavoro,AZ_IT_SUBITO_RETARGETING,6.78,970,11,1
2025-01-27,Puglia,Subito Lavoro,AZ_IT_SUBITO_SLOT_PREMIUM,25.76,2322,33,2
2025-01-27,Puglia,Subito Lavoro,AZ_IT_SUBITO_SPONSORED_ANNUNCI,12.86,951,19,1
2025-01-27,Sardegna,Subito Lavoro,AZ_IT_SUBITO_RETARGETING,2.81,411,6,0
2025-01-27,Sardegna,Subito Lavoro,AZ_IT_SUBITO_SLOT_PREMIUM,13.90,1329,17,1
2025-01-27,Sardegna,Subito Lavoro,AZ_IT_SUBITO_SPONSORED_ANNUNCI,6.74,516,9,1
2025-01-27,Sicilia,Subito Lavoro,AZ_IT_SUBITO_RETARGETING,11.07,1640,20,1
2025-01-27,Sicilia,Subito Lavoro,AZ_IT_SUBITO_SLOT_PREMIUM,38.37,3384,51,3
2025-01-27,Sicilia,Subito Lavoro,AZ_IT_SUBITO_SPONSORED_ANNUNCI,28.41,2168,40,2
2025-01-27,Toscana,Subito Lavoro,AZ_IT_SUBITO_RETARGETING,5.64,789,9,1
2025-01-27,Toscana,Subito Lavoro,AZ_IT_SUBITO_SLOT_PREMIUM,18.26,1712,26,2
2025-01-27,Toscana,Subito Lavoro,AZ_IT_SUBITO_SPONSORED_ANNUNCI,15.19,1148,18,2
2025-01-27,Trentino-Alto Adige,Subito Lavoro,AZ_IT_SUBITO_RETARGETING,2.23,335,4,0
2025-01-27,Trentino-Alto Adige,Subito Lavoro,AZ_IT_SUBITO_SLOT_PREMIUM,11.01,993,14,1
2025-01-27,Trentino-Alto Adige,Subito Lavoro,AZ_IT_SUBITO_SPONSORED_ANNUNCI,5.66,462,8,1
2025-01-27,Umbria,Subito Lavoro,AZ_IT_SUBITO_RETARGETING,1.84,264,3,0
2025-01-27,Umbria,Subito Lavoro,AZ_IT_SUBITO_SLOT_PREMIUM,7.93,708,10,1
2025-01-27,Umbria,Subito Lavoro,AZ_IT_SUBITO_SPONSORED_ANNUNCI,4.84,370,7,1
2025-01-27,Valle d'Aosta,Subito Lavoro,AZ_IT_SUBITO_RETARGETING,0.19,27,0,0
2025-01-27,Valle d'Aosta,Subito Lavoro,AZ_IT_SUBITO_SLOT_PREMIUM,0.79,73,1,0
2025-01-27,Valle d'Aosta,Subito Lavoro,AZ_IT_SUBITO_SPONSORED_ANNUNCI,0.45,35,1,0
2025-01-27,Veneto,Subito Lavoro,AZ_IT_SUBITO_RETARGETING,10.67,1511,18,2
2025-01-27,Veneto,Subito Lavoro,AZ_IT_SUBITO_SLOT_PREMIUM,34.89,3185,41,3
2025-01-27,Veneto,Subito Lavoro,AZ_IT_SUBITO_SPONSORED_ANNUNCI,17.82,1393,23,2
2025-02-03,Abruzzo,Subito Lavoro,AZ_IT_SUBITO_RETARGETING,2.48,341,4,0
2025-02-03,Abruzzo,Subito Lavoro,AZ_IT_SUBITO_SLOT_PREMIUM,4.71,435,7,0
2025-02-03,Abruzzo,Subito Lavoro,AZ_IT_SUBITO_SPONSORED_ANNUNCI,3.19,244,4,0
2025-02-03,Basilicata,Subito Lavoro,AZ_IT_SUBITO_RETARGETING,0.61,92,1,0
2025-02-03,Basilicata,Subito Lavoro,AZ_IT_SUBITO_SLOT_PREMIUM,4.06,362,5,0
2025-02-03,Basilicata,Subito Lavoro,AZ_IT_SUBITO_SPONSORED_ANNUNCI,1.19,92,1,0
2025-02-03,Calabria,Subito Lavoro,AZ_IT_SUBITO_RETARGETING,2.73,389,5,1
2025-02-03,Calabria,Subito Lavoro,AZ_IT_SUBITO_SLOT_PREMIUM,11.59,1005,14,1
2025-02-03,Calabria,Subito Lavoro,AZ_IT_SUBITO_SPONSORED_ANNUNCI,5.29,416,7,1
2025-02-03,Campania,Subito Lavoro,AZ_IT_SUBITO_RETARGETING,8.77,1211,16,2
2025-02-03,Campania,Subito Lavoro,AZ_IT_SUBITO_SLOT_PREMIUM,14.48,1342,18,2
2025-02-03,Campania,Subito Lavoro,AZ_IT_SUBITO_SPONSORED_ANNUNCI,13.57,1000,19,2
2025-02-03,Emilia-Romagna,Subito Lavoro,AZ_IT_SUBITO_RETARGETING,6.19,909,11,1
2025-02-03,Emilia-Romagna,Subito Lavoro,AZ_IT_SUBITO_SLOT_PREMIUM,32.46,2892,39,3
2025-02-03,Emilia-Romagna,Subito Lavoro,AZ_IT_SUBITO_SPONSORED_ANNUNCI,18.91,1522,25,2
2025-02-03,Friuli-Venezia Giulia,Subito Lavoro,AZ_IT_SUBITO_RETARGETING,2.05,283,3,0
2025-02-03,Friuli-Venezia Giulia,Subito Lavoro,AZ_IT_SUBITO_SLOT_PREMIUM,5.12,466,6,1
2025-02-03,Friuli-Venezia Giulia,Subito Lavoro,AZ_IT_SUBITO_SPONSORED_ANNUNCI,2.98,231,5,0
2025-02-03,Lazio,Subito Lavoro,AZ_IT_SUBITO_RETARGETING,8.87,1252,16,2
2025-02-03,Lazio,Subito Lavoro,AZ_IT_SUBITO_SLOT_PREMIUM,29.71,2751,39,4
2025-02-03,Lazio,Subito Lavoro,AZ_IT_SUBITO_SPONSORED_ANNUNCI,12.62,1014,17,2
2025-02-03,Liguria,Subito Lavoro,AZ_IT_SUBITO_RETARGETING,2.21,316,3,0
2025-02-03,Liguria,Subito Lavoro,AZ_IT_SUBITO_SLOT_PREMIUM,5.34,488,7,0
2025-02-03,Liguria,Subito Lavoro,AZ_IT_SUBITO_SPONSORED_ANNUNCI,5.92,464,8,1
2025-02-03,Lombardia,Subito Lavoro,AZ_IT_SUBITO_RETARGETING,22.03,2945,36,3
2025-02-03,Lombardia,Subito Lavoro,AZ_IT_SUBITO_SLOT_PREMIUM,48.15,4351,56,5
2025-02-03,Lombardia,Subito Lavoro,AZ_IT_SUBITO_SPONSORED_ANNUNCI,31.10,2263,44,3
2025-02-03,Marche,Subito Lavoro,AZ_IT_SUBITO_RETARGETING,1.51,220,3,0
2025-02-03,Marche,Subito Lavoro,AZ_IT_SUBITO_SLOT_PREMIUM,7.21,644,9,1
2025-02-03,Marche,Subito Lavoro,AZ_IT_SUBITO_SPONSORED_ANNUNCI,6.57,492,8,1
2025-02-03,Molise,Subito Lavoro,AZ_IT_SUBITO_RETARGETING,0.57,82,1,0
2025-02-03,Molise,Subito Lavoro,AZ_IT_SUBITO_SLOT_PREMIUM,2.13,200,3,0
2025-02-03,Molise,Subito Lavoro,AZ_IT_SUBITO_SPONSORED_ANNUNCI,0.81,62,1,0
2025-02-03,Piemonte,Subito Lavoro,AZ_IT_SUBITO_RETARGETING,5.76,795,9,1
2025-02-03,Piemonte,Subito Lavoro,AZ_IT_SUBITO_SLOT_PREMIUM,20.12,1871,24,2
2025-02-03,Piemonte,Subito Lavoro,AZ_IT_SUBITO_SPONSORED_ANNUNCI,7.20,529,9,1
2025-02-03,Puglia,Subito Lavoro,AZ_IT_SUBITO_RETARGETING,5.52,842,9,1
2025-02-03,Puglia,Subito Lavoro,AZ_IT_SUBITO_SLOT_PREMIUM,20.42,1920,30,2
2025-02-03,Puglia,Subito Lavoro,AZ_IT_SUBITO_SPONSORED_ANNUNCI,10.13,774,13,1
2025-02-03,Sardegna,Subito Lavoro,AZ_IT_SUBITO_RETARGETING,2.78,389,4,0
2025-02-03,Sardegna,Subito Lavoro,AZ_IT_SUBITO_SLOT_PREMIUM,7.57,665,9,1
2025-02-03,Sardegna,Subito Lavoro,AZ_IT_SUBITO_SPONSORED_ANNUNCI,5.26,390,7,1
2025-02-03,Sicilia,Subito Lavoro,AZ_IT_SUBITO_RETARGETING,7.20,964,11,1
2025-02-03,Sicilia,Subito Lavoro,AZ_IT_SUBITO_SLOT_PREMIUM,25.57,2280,29,2
2025-02-03,Sicilia,Subito Lavoro,AZ_IT_SUBITO_SPONSORED_ANNUNCI,26.36,2007,31,3
2025-02-03,Toscana,Subito Lavoro,AZ_IT_SUBITO_RETARGETING,4.88,690,9,1
2025-02-03,Toscana,Subito Lavoro,AZ_IT_SUBITO_SLOT_PREMIUM,19.45,1748,25,2
2025-02-03,Toscana,Subito Lavoro,AZ_IT_SUBITO_SPONSORED_ANNUNCI,9.86,738,12,1
2025-02-03,Trentino-Alto Adige,Subito Lavoro,AZ_IT_SUBITO_RETARGETING,1.30,182,2,0
2025-02-03,Trentino-Alto Adige,Subito Lavoro,AZ_IT_SUBITO_SLOT_PREMIUM,5.24,481,6,1
2025-02-03,Trentino-Alto Adige,Subito Lavoro,AZ_IT_SUBITO_SPONSORED_ANNUNCI,3.17,242,4,0
2025-02-03,Umbria,Subito Lavoro,AZ_IT_SUBITO_RETARGETING,1.50,217,2,0
2025-02-03,Umbria,Subito Lavoro,AZ_IT_SUBITO_SLOT_PREMIUM,4.26,406,6,1
2025-02-03,Umbria,Subito Lavoro,AZ_IT_SUBITO_SPONSORED_ANNUNCI,1.95,155,3,0
2025-02-03,Valle d'Aosta,Subito Lavoro,AZ_IT_SUBITO_RETARGETING,0.13,18,0,0
2025-02-03,Valle d'Aosta,Subito Lavoro,AZ_IT_SUBITO_SLOT_PREMIUM,0.66,60,1,0
2025-02-03,Valle d'Aosta,Subito Lavoro,AZ_IT_SUBITO_SPONSORED_ANNUNCI,0.55,42,1,0
2025-02-03,Veneto,Subito Lavoro,AZ_IT_SUBITO_RETARGETING,6.49,926,12,1
2025-02-03,Veneto,Subito Lavoro,AZ_IT_SUBITO_SLOT_PREMIUM,24.54,2202,31,2
2025-02-03,Veneto,Subito Lavoro,AZ_IT_SUBITO_SPONSORED_ANNUNCI,18.59,1438,24,2
2025-02-10,Abruzzo,Subito Lavoro,AZ_IT_SUBITO_RETARGETING,0.68,99,1,0
2025-02-10,Abruzzo,Subito Lavoro,AZ_IT_SUBITO_SLOT_PREMIUM,3.49,320,5,0
2025-02-10,Abruzzo,Subito Lavoro,AZ_IT_SUBITO_SPONSORED_ANNUNCI,2.11,158,3,0
2025-02-10,Basilicata,Subito Lavoro,AZ_IT_SUBITO_RETARGETING,0.51,73,1,0
2025-02-10,Basilicata,Subito Lavoro,AZ_IT_SUBITO_SLOT_PREMIUM,1.33,116,2,0
2025-02-10,Basilicata,Subito Lavoro,AZ_IT_SUBITO_SPONSORED_ANNUNCI,0.80,62,1,0
2025-02-10,Calabria,Subito Lavoro,AZ_IT_SUBITO_RETARGETING,1.15,161,2,0
2025-02-10,Calabria,Subito Lavoro,AZ_IT_SUBITO_SLOT_PREMIUM,4.43,377,6,1
2025-02-10,Calabria,Subito Lavoro,AZ_IT_SUBITO_SPONSORED_ANNUNCI,2.87,216,3,1
2025-02-10,Campania,Subito Lavoro,AZ_IT_SUBITO_RETARGETING,2.29,329,4,0
2025-02-10,Campania,Subito Lavoro,AZ_IT_SUBITO_SLOT_PREMIUM,11.94,1047,14,1
2025-02-10,Campania,Subito Lavoro,AZ_IT_SUBITO_SPONSORED_ANNUNCI,11.84,921,16,1
2025-02-10,Emilia-Romagna,Subito Lavoro,AZ_IT_SUBITO_RETARGETING,3.37,475,6,1
2025-02-10,Emilia-Romagna,Subito Lavoro,AZ_IT_SUBITO_SLOT_PREMIUM,12.49,1121,15,1
2025-02-10,Emilia-Romagna,Subito Lavoro,AZ_IT_SUBITO_SPONSORED_ANNUNCI,6.60,478,8,1
2025-02-10,Friuli-Venezia Giulia,Subito Lavoro,AZ_IT_SUBITO_RETARGETING,0.76,111,1,0
2025-02-10,Friuli-Venezia Giulia,Subito Lavoro,AZ_IT_SUBITO_SLOT_PREMIUM,2.97,273,4,1
2025-02-10,Friuli-Venezia Giulia,Subito Lavoro,AZ_IT_SUBITO_SPONSORED_ANNUNCI,1.35,100,1,0
2025-02-10,Lazio,Subito Lavoro,AZ_IT_SUBITO_RETARGETING,2.76,382,4,0
2025-02-10,Lazio,Subito Lavoro,AZ_IT_SUBITO_SLOT_PREMIUM,16.27,1529,21,2
2025-02-10,Lazio,Subito Lavoro,AZ_IT_SUBITO_SPONSORED_ANNUNCI,7.13,556,10,1
2025-02-10,Liguria,Subito Lavoro,AZ_IT_SUBITO_RETARGETING,0.96,135,2,0
2025-02-10,Liguria,Subito Lavoro,AZ_IT_SUBITO_SLOT_PREMIUM,2.63,249,3,0
2025-02-10,Liguria,Subito Lavoro,AZ_IT_SUBITO_SPONSORED_ANNUNCI,3.09,247,4,0
2025-02-10,Lombardia,Subito Lavoro,AZ_IT_SUBITO_RETARGETING,10.28,1484,18,2
2025-02-10,Lombardia,Subito Lavoro,AZ_IT_SUBITO_SLOT_PREMIUM,23.67,2210,29,3
2025-02-10,Lombardia,Subito Lavoro,AZ_IT_SUBITO_SPONSORED_ANNUNCI,13.47,1065,18,2
2025-02-10,Marche,Subito Lavoro,AZ_IT_SUBITO_RETARGETING,0.85,123,1,0
2025-02-10,Marche,Subito Lavoro,AZ_IT_SUBITO_SLOT_PREMIUM,1.91,167,3,0
2025-02-10,Marche,Subito Lavoro,AZ_IT_SUBITO_SPONSORED_ANNUNCI,1.77,137,2,0
2025-02-10,Molise,Subito Lavoro,AZ_IT_SUBITO_RETARGETING,0.12,17,0,0
2025-02-10,Molise,Subito Lavoro,AZ_IT_SUBITO_SLOT_PREMIUM,0.77,69,1,0
2025-02-10,Molise,Subito Lavoro,AZ_IT_SUBITO_SPONSORED_ANNUNCI,0.57,43,1,0
2025-02-10,Piemonte,Subito Lavoro,AZ_IT_SUBITO_RETARGETING,2.51,351,4,0
2025-02-10,Piemonte,Subito Lavoro,AZ_IT_SUBITO_SLOT_PREMIUM,13.28,1258,15,1
2025-02-10,Piemonte,Subito Lavoro,AZ_IT_SUBITO_SPONSORED_ANNUNCI,5.30,392,7,0
2025-02-10,Puglia,Subito Lavoro,AZ_IT_SUBITO_RETARGETING,2.97,408,5,0
2025-02-10,Puglia,Subito Lavoro,AZ_IT_SUBITO_SLOT_PREMIUM,8.41,732,10,1
2025-02-10,Puglia,Subito Lavoro,AZ_IT_SUBITO_SPONSORED_ANNUNCI,5.40,413,8,1
2025-02-10,Sardegna,Subito Lavoro,AZ_IT_SUBITO_RETARGETING,1.35,203,3,0
2025-02-10,Sardegna,Subito Lavoro,AZ_IT_SUBITO_SLOT_PREMIUM,3.47,315,5,0
2025-02-10,Sardegna,Subito Lavoro,AZ_IT_SUBITO_SPONSORED_ANNUNCI,2.70,201,4,0
2025-02-10,Sicilia,Subito Lavoro,AZ_IT_SUBITO_RETARGETING,3.14,436,5,1
2025-02-10,Sicilia,Subito Lavoro,AZ_IT_SUBITO_SLOT_PREMIUM,7.19,654,11,1
2025-02-10,Sicilia,Subito Lavoro,AZ_IT_SUBITO_SPONSORED_ANNUNCI,6.93,525,10,1
2025-02-10,Toscana,Subito Lavoro,AZ_IT_SUBITO_RETARGETING,3.24,456,6,1
2025-02-10,Toscana,Subito Lavoro,AZ_IT_SUBITO_SLOT_PREMIUM,14.98,1395,20,2
2025-02-10,Toscana,Subito Lavoro,AZ_IT_SUBITO_SPONSORED_ANNUNCI,4.85,378,6,1
2025-02-10,Trentino-Alto Adige,Subito Lavoro,AZ_IT_SUBITO_RETARGETING,0.84,122,1,0
2025-02-10,Trentino-Alto Adige,Subito Lavoro,AZ_IT_SUBITO_SLOT_PREMIUM,3.55,295,4,0
2025-02-10,Trentino-Alto Adige,Subito Lavoro,AZ_IT_SUBITO_SPONSORED_ANNUNCI,2.04,154,3,0
2025-02-10,Umbria,Subito Lavoro,AZ_IT_SUBITO_RETARGETING,0.32,46,1,0
2025-02-10,Umbria,Subito Lavoro,AZ_IT_SUBITO_SLOT_PREMIUM,2.18,202,3,0
2025-02-10,Umbria,Subito Lavoro,AZ_IT_SUBITO_SPONSORED_ANNUNCI,1.17,89,1,0
2025-02-10,Valle d'Aosta,Subito Lavoro,AZ_IT_SUBITO_RETARGETING,0.11,16,0,0
2025-02-10,Valle d'Aosta,Subito Lavoro,AZ_IT_SUBITO_SLOT_PREMIUM,0.23,20,0,0
2025-02-10,Valle d'Aosta,Subito Lavoro,AZ_IT_SUBITO_SPONSORED_ANNUNCI,0.19,14,0,0
2025-02-10,Veneto,Subito Lavoro,AZ_IT_SUBITO_RETARGETING,2.97,413,5,0
2025-02-10,Veneto,Subito Lavoro,AZ_IT_SUBITO_SLOT_PREMIUM,14.19,1324,19,2
2025-02-10,Veneto,Subito Lavoro,AZ_IT_SUBITO_SPONSORED_ANNUNCI,8.95,697,12,1
2025-02-17,Abruzzo,Subito Lavoro,AZ_IT_SUBITO_RETARGETING,12.17,1703,20,1
2025-02-17,Abruzzo,Subito Lavoro,AZ_IT_SUBITO_SLOT_PREMIUM,45.27,3960,55,2
2025-02-17,Abruzzo,Subito Lavoro,AZ_IT_SUBITO_SPONSORED_ANNUNCI,19.44,1479,27,1
2025-02-17,Basilicata,Subito Lavoro,AZ_IT_SUBITO_RETARGETING,5.83,838,10,0
2025-02-17,Basilicata,Subito Lavoro,AZ_IT_SUBITO_SLOT_PREMIUM,32.11,2929,39,1
2025-02-17,Basilicata,Subito Lavoro,AZ_IT_SUBITO_SPONSORED_ANNUNCI,17.89,1424,26,1
2025-02-17,Calabria,Subito Lavoro,AZ_IT_SUBITO_RETARGETING,20.25,2958,36,1
2025-02-17,Calabria,Subito Lavoro,AZ_IT_SUBITO_SLOT_PREMIUM,139.69,11952,169,7
2025-02-17,Calabria,Subito Lavoro,AZ_IT_SUBITO_SPONSORED_ANNUNCI,34.11,2682,48,2
2025-02-17,Campania,Subito Lavoro,AZ_IT_SUBITO_RETARGETING,44.93,6260,69,2
2025-02-17,Campania,Subito Lavoro,AZ_IT_SUBITO_SLOT_PREMIUM,239.82,21126,300,9
2025-02-17,Campania,Subito Lavoro,AZ_IT_SUBITO_SPONSORED_ANNUNCI,156.38,12457,207,6
2025-02-17,Emilia-Romagna,Subito Lavoro,AZ_IT_SUBITO_RETARGETING,39.73,5637,66,2
2025-02-17,Emilia-Romagna,Subito Lavoro,AZ_IT_SUBITO_SLOT_PREMIUM,241.26,22244,327,9
2025-02-17,Emilia-Romagna,Subito Lavoro,AZ_IT_SUBITO_SPONSORED_ANNUNCI,113.42,8814,164,5
2025-02-17,Friuli-Venezia Giulia,Subito Lavoro,AZ_IT_SUBITO_RETARGETING,12.63,1796,23,1
2025-02-17,Friuli-Venezia Giulia,Subito Lavoro,AZ_IT_SUBITO_SLOT_PREMIUM,47.78,4255,63,3
2025-02-17,Friuli-Venezia Giulia,Subito Lavoro,AZ_IT_SUBITO_SPONSORED_ANNUNCI,27.34,2199,40,2
2025-02-17,Lazio,Subito Lavoro,AZ_IT_SUBITO_RETARGETING,36.64,5175,60,2
2025-02-17,Lazio,Subito Lavoro,AZ_IT_SUBITO_SLOT_PREMIUM,265.78,24595,301,11
2025-02-17,Lazio,Subito Lavoro,AZ_IT_SUBITO_SPONSORED_ANNUNCI,128.16,9905,155,6
2025-02-17,Liguria,Subito Lavoro,AZ_IT_SUBITO_RETARGETING,16.41,2262,26,1
2025-02-17,Liguria,Subito Lavoro,AZ_IT_SUBITO_SLOT_PREMIUM,54.13,4965,65,2
2025-02-17,Liguria,Subito Lavoro,AZ_IT_SUBITO_SPONSORED_ANNUNCI,35.86,2798,48,2
2025-02-17,Lombardia,Subito Lavoro,AZ_IT_SUBITO_RETARGETING,86.63,12530,130,6
2025-02-17,Lombardia,Subito Lavoro,AZ_IT_SUBITO_SLOT_PREMIUM,264.65,23943,368,13
2025-02-17,Lombardia,Subito Lavoro,AZ_IT_SUBITO_SPONSORED_ANNUNCI,179.46,13121,225,10
2025-02-17,Marche,Subito Lavoro,AZ_IT_SUBITO_RETARGETING,14.01,1943,21,1
2025-02-17,Marche,Subito Lavoro,AZ_IT_SUBITO_SLOT_PREMIUM,75.95,6455,86,4
2025-02-17,Marche,Subito Lavoro,AZ_IT_SUBITO_SPONSORED_ANNUNCI,20.94,1627,27,1
2025-02-17,Molise,Subito Lavoro,AZ_IT_SUBITO_RETARGETING,2.60,381,5,0
2025-02-17,Molise,Subito Lavoro,AZ_IT_SUBITO_SLOT_PREMIUM,13.70,1251,16,1
2025-02-17,Molise,Subito Lavoro,AZ_IT_SUBITO_SPONSORED_ANNUNCI,10.50,821,13,0
2025-02-17,Piemonte,Subito Lavoro,AZ_IT_SUBITO_RETARGETING,41.34,5768,65,2
2025-02-17,Piemonte,Subito Lavoro,AZ_IT_SUBITO_SLOT_PREMIUM,209.51,19446,237,6
2025-02-17,Piemonte,Subito Lavoro,AZ_IT_SUBITO_SPONSORED_ANNUNCI,83.94,6530,104,3
2025-02-17,Puglia,Subito Lavoro,AZ_IT_SUBITO_RETARGETING,41.18,6202,71,2
2025-02-17,Puglia,Subito Lavoro,AZ_IT_SUBITO_SLOT_PREMIUM,158.87,14661,222,6
2025-02-17,Puglia,Subito Lavoro,AZ_IT_SUBITO_SPONSORED_ANNUNCI,69.82,5503,98,2
2025-02-17,Sardegna,Subito Lavoro,AZ_IT_SUBITO_RETARGETING,10.03,1453,19,1
2025-02-17,Sardegna,Subito Lavoro,AZ_IT_SUBITO_SLOT_PREMIUM,73.50,6510,90,3
2025-02-17,Sardegna,Subito Lavoro,AZ_IT_SUBITO_SPONSORED_ANNUNCI,49.29,3825,63,2
2025-02-17,Sicilia,Subito Lavoro,AZ_IT_SUBITO_RETARGETING,26.44,3619,40,1
2025-02-17,Sicilia,Subito Lavoro,AZ_IT_SUBITO_SLOT_PREMIUM,144.62,13237,170,5
2025-02-17,Sicilia,Subito Lavoro,AZ_IT_SUBITO_SPONSORED_ANNUNCI,208.27,15958,281,8
2025-02-17,Toscana,Subito Lavoro,AZ_IT_SUBITO_RETARGETING,42.11,6003,70,4
2025-02-17,Toscana,Subito Lavoro,AZ_IT_SUBITO_SLOT_PREMIUM,189.11,17086,225,10
2025-02-17,Toscana,Subito Lavoro,AZ_IT_SUBITO_SPONSORED_ANNUNCI,77.44,6186,104,5
2025-02-17,Trentino-Alto Adige,Subito Lavoro,AZ_IT_SUBITO_RETARGETING,8.84,1258,16,1
2025-02-17,Trentino-Alto Adige,Subito Lavoro,AZ_IT_SUBITO_SLOT_PREMIUM,48.66,4441,58,3
2025-02-17,Trentino-Alto Adige,Subito Lavoro,AZ_IT_SUBITO_SPONSORED_ANNUNCI,21.50,1598,27,1
2025-02-17,Umbria,Subito Lavoro,AZ_IT_SUBITO_RETARGETING,8.92,1267,15,1
2025-02-17,Umbria,Subito Lavoro,AZ_IT_SUBITO_SLOT_PREMIUM,26.79,2524,40,2
2025-02-17,Umbria,Subito Lavoro,AZ_IT_SUBITO_SPONSORED_ANNUNCI,12.22,961,15,1
2025-02-17,Valle d'Aosta,Subito Lavoro,AZ_IT_SUBITO_RETARGETING,1.42,213,2,0
2025-02-17,Valle d'Aosta,Subito Lavoro,AZ_IT_SUBITO_SLOT_PREMIUM,5.64,517,8,0
2025-02-17,Valle d'Aosta,Subito Lavoro,AZ_IT_SUBITO_SPONSORED_ANNUNCI,3.17,243,4,0
2025-02-17,Veneto,Subito Lavoro,AZ_IT_SUBITO_RETARGETING,43.50,6534,75,3
2025-02-17,Veneto,Subito Lavoro,AZ_IT_SUBITO_SLOT_PREMIUM,209.21,18715,270,8
2025-02-17,Veneto,Subito Lavoro,AZ_IT_SUBITO_SPONSORED_ANNUNCI,165.41,12873,218,6
2025-02-24,Abruzzo,Subito Lavoro,AZ_IT_SUBITO_RETARGETING,3.48,492,6,1
2025-02-24,Abruzzo,Subito Lavoro,AZ_IT_SUBITO_SLOT_PREMIUM,22.02,2034,29,2
2025-02-24,Abruzzo,Subito Lavoro,AZ_IT_SUBITO_SPONSORED_ANNUNCI,9.49,718,11,1
2025-02-24,Basilicata,Subito Lavoro,AZ_IT_SUBITO_RETARGETING,1.14,170,2,0
2025-02-24,Basilicata,Subito Lavoro,AZ_IT_SUBITO_SLOT_PREMIUM,10.39,947,15,1
2025-02-24,Basilicata,Subito Lavoro,AZ_IT_SUBITO_SPONSORED_ANNUNCI,5.47,428,7,1
2025-02-24,Calabria,Subito Lavoro,AZ_IT_SUBITO_RETARGETING,4.77,670,8,1
2025-02-24,Calabria,Subito Lavoro,AZ_IT_SUBITO_SLOT_PREMIUM,25.48,2385,39,3
2025-02-24,Calabria,Subito Lavoro,AZ_IT_SUBITO_SPONSORED_ANNUNCI,19.01,1418,24,3
2025-02-24,Campania,Subito Lavoro,AZ_IT_SUBITO_RETARGETING,23.13,3194,38,3
2025-02-24,Campania,Subito Lavoro,AZ_IT_SUBITO_SLOT_PREMIUM,91.74,8060,114,8
2025-02-24,Campania,Subito Lavoro,AZ_IT_SUBITO_SPONSORED_ANNUNCI,50.32,3822,58,5
2025-02-24,Emilia-Romagna,Subito Lavoro,AZ_IT_SUBITO_RETARGETING,13.13,1930,25,2
2025-02-24,Emilia-Romagna,Subito Lavoro,AZ_IT_SUBITO_SLOT_PREMIUM,62.19,5453,75,6
2025-02-24,Emilia-Romagna,Subito Lavoro,AZ_IT_SUBITO_SPONSORED_ANNUNCI,58.88,4561,77,5
2025-02-24,Friuli-Venezia Giulia,Subito Lavoro,AZ_IT_SUBITO_RETARGETING,4.67,657,7,1
2025-02-24,Friuli-Venezia Giulia,Subito Lavoro,AZ_IT_SUBITO_SLOT_PREMIUM,31.55,2847,45,3
2025-02-24,Friuli-Venezia Giulia,Subito Lavoro,AZ_IT_SUBITO_SPONSORED_ANNUNCI,8.25,619,8,1
2025-02-24,Lazio,Subito Lavoro,AZ_IT_SUBITO_RETARGETING,18.08,2630,28,2
2025-02-24,Lazio,Subito Lavoro,AZ_IT_SUBITO_SLOT_PREMIUM,102.86,8862,119,10
2025-02-24,Lazio,Subito Lavoro,AZ_IT_SUBITO_SPONSORED_ANNUNCI,59.53,4722,78,6
2025-02-24,Liguria,Subito Lavoro,AZ_IT_SUBITO_RETARGETING,4.34,627,8,0
2025-02-24,Liguria,Subito Lavoro,AZ_IT_SUBITO_SLOT_PREMIUM,25.61,2298,35,2
2025-02-24,Liguria,Subito Lavoro,AZ_IT_SUBITO_SPONSORED_ANNUNCI,9.29,736,13,1
2025-02-24,Lombardia,Subito Lavoro,AZ_IT_SUBITO_RETARGETING,30.94,4346,47,4
2025-02-24,Lombardia,Subito Lavoro,AZ_IT_SUBITO_SLOT_PREMIUM,205.00,18737,242,17
2025-02-24,Lombardia,Subito Lavoro,AZ_IT_SUBITO_SPONSORED_ANNUNCI,78.35,5915,107,7
2025-02-24,Marche,Subito Lavoro,AZ_IT_SUBITO_RETARGETING,4.87,707,8,1
2025-02-24,Marche,Subito Lavoro,AZ_IT_SUBITO_SLOT_PREMIUM,26.59,2496,36,3
2025-02-24,Marche,Subito Lavoro,AZ_IT_SUBITO_SPONSORED_ANNUNCI,9.94,780,16,1
2025-02-24,Molise,Subito Lavoro,AZ_IT_SUBITO_RETARGETING,0.78,116,1,0
2025-02-24,Molise,Subito Lavoro,AZ_IT_SUBITO_SLOT_PREMIUM,5.95,535,7,1
2025-02-24,Molise,Subito Lavoro,AZ_IT_SUBITO_SPONSORED_ANNUNCI,3.06,232,4,0
2025-02-24,Piemonte,Subito Lavoro,AZ_IT_SUBITO_RETARGETING,15.19,2157,25,2
2025-02-24,Piemonte,Subito Lavoro,AZ_IT_SUBITO_SLOT_PREMIUM,53.24,4964,68,5
2025-02-24,Piemonte,Subito Lavoro,AZ_IT_SUBITO_SPONSORED_ANNUNCI,37.79,3038,53,3
2025-02-24,Puglia,Subito Lavoro,AZ_IT_SUBITO_RETARGETING,13.18,1904,23,1
2025-02-24,Puglia,Subito Lavoro,AZ_IT_SUBITO_SLOT_PREMIUM,134.03,12259,174,7
2025-02-24,Puglia,Subito Lavoro,AZ_IT_SUBITO_SPONSORED_ANNUNCI,38.07,2731,41,2
2025-02-24,Sardegna,Subito Lavoro,AZ_IT_SUBITO_RETARGETING,7.04,987,10,1
2025-02-24,Sardegna,Subito Lavoro,AZ_IT_SUBITO_SLOT_PREMIUM,18.96,1716,23,2
2025-02-24,Sardegna,Subito Lavoro,AZ_IT_SUBITO_SPONSORED_ANNUNCI,17.39,1369,23,2
2025-02-24,Sicilia,Subito Lavoro,AZ_IT_SUBITO_RETARGETING,12.36,1804,23,2
2025-02-24,Sicilia,Subito Lavoro,AZ_IT_SUBITO_SLOT_PREMIUM,55.22,4870,59,5
2025-02-24,Sicilia,Subito Lavoro,AZ_IT_SUBITO_SPONSORED_ANNUNCI,27.38,2160,36,3
2025-02-24,Toscana,Subito Lavoro,AZ_IT_SUBITO_RETARGETING,21.09,2913,32,3
2025-02-24,Toscana,Subito Lavoro,AZ_IT_SUBITO_SLOT_PREMIUM,88.28,7881,117,10
2025-02-24,Toscana,Subito Lavoro,AZ_IT_SUBITO_SPONSORED_ANNUNCI,20.21,1523,23,2
2025-02-24,Trentino-Alto Adige,Subito Lavoro,AZ_IT_SUBITO_RETARGETING,6.52,941,12,1
2025-02-24,Trentino-Alto Adige,Subito Lavoro,AZ_IT_SUBITO_SLOT_PREMIUM,29.84,2667,36,2
2025-02-24,Trentino-Alto Adige,Subito Lavoro,AZ_IT_SUBITO_SPONSORED_ANNUNCI,9.06,705,13,1
2025-02-24,Umbria,Subito Lavoro,AZ_IT_SUBITO_RETARGETING,2.48,346,4,0
2025-02-24,Umbria,Subito Lavoro,AZ_IT_SUBITO_SLOT_PREMIUM,13.89,1250,17,2
2025-02-24,Umbria,Subito Lavoro,AZ_IT_SUBITO_SPONSORED_ANNUNCI,5.31,401,7,1
2025-02-24,Valle d'Aosta,Subito Lavoro,AZ_IT_SUBITO_RETARGETING,0.30,42,1,0
2025-02-24,Valle d'Aosta,Subito Lavoro,AZ_IT_SUBITO_SLOT_PREMIUM,2.52,225,4,0
2025-02-24,Valle d'Aosta,Subito Lavoro,AZ_IT_SUBITO_SPONSORED_ANNUNCI,0.80,60,1,0
2025-02-24,Veneto,Subito Lavoro,AZ_IT_SUBITO_RETARGETING,13.90,1876,23,2
2025-02-24,Veneto,Subito Lavoro,AZ_IT_SUBITO_SLOT_PREMIUM,94.44,8799,121,8
2025-02-24,Veneto,Subito Lavoro,AZ_IT_SUBITO_SPONSORED_ANNUNCI,59.05,4676,89,5
2025-03-03,Abruzzo,Subito Lavoro,AZ_IT_SUBITO_RETARGETING,2.40,332,4,0
2025-03-03,Abruzzo,Subito Lavoro,AZ_IT_SUBITO_SLOT_PREMIUM,10.86,983,14,1
2025-03-03,Abruzzo,Subito Lavoro,AZ_IT_SUBITO_SPONSORED_ANNUNCI,4.98,400,6,1
2025-03-03,Basilicata,Subito Lavoro,AZ_IT_SUBITO_RETARGETING,0.86,117,1,0
2025-03-03,Basilicata,Subito Lavoro,AZ_IT_SUBITO_SLOT_PREMIUM,3.75,357,5,1
2025-03-03,Basilicata,Subito Lavoro,AZ_IT_SUBITO_SPONSORED_ANNUNCI,1.51,113,2,0
2025-03-03,Calabria,Subito Lavoro,AZ_IT_SUBITO_RETARGETING,3.26,458,5,1
2025-03-03,Calabria,Subito Lavoro,AZ_IT_SUBITO_SLOT_PREMIUM,20.12,1778,29,3
2025-03-03,Calabria,Subito Lavoro,AZ_IT_SUBITO_SPONSORED_ANNUNCI,7.25,575,11,1
2025-03-03,Campania,Subito Lavoro,AZ_IT_SUBITO_RETARGETING,11.05,1593,21,1
2025-03-03,Campania,Subito Lavoro,AZ_IT_SUBITO_SLOT_PREMIUM,86.31,8030,107,9
2025-03-03,Campania,Subito Lavoro,AZ_IT_SUBITO_SPONSORED_ANNUNCI,34.86,2755,44,3
2025-03-03,Emilia-Romagna,Subito Lavoro,AZ_IT_SUBITO_RETARGETING,8.45,1174,12,2
2025-03-03,Emilia-Romagna,Subito Lavoro,AZ_IT_SUBITO_SLOT_PREMIUM,37.36,3279,42,4
2025-03-03,Emilia-Romagna,Subito Lavoro,AZ_IT_SUBITO_SPONSORED_ANNUNCI,19.57,1436,26,3
2025-03-03,Friuli-Venezia Giulia,Subito Lavoro,AZ_IT_SUBITO_RETARGETING,2.28,315,3,1
2025-03-03,Friuli-Venezia Giulia,Subito Lavoro,AZ_IT_SUBITO_SLOT_PREMIUM,11.04,995,11,2
2025-03-03,Friuli-Venezia Giulia,Subito Lavoro,AZ_IT_SUBITO_SPONSORED_ANNUNCI,4.13,312,5,1
2025-03-03,Lazio,Subito Lavoro,AZ_IT_SUBITO_RETARGETING,13.09,1833,22,3
2025-03-03,Lazio,Subito Lavoro,AZ_IT_SUBITO_SLOT_PREMIUM,46.94,4234,62,7
2025-03-03,Lazio,Subito Lavoro,AZ_IT_SUBITO_SPONSORED_ANNUNCI,18.25,1363,26,2
2025-03-03,Liguria,Subito Lavoro,AZ_IT_SUBITO_RETARGETING,2.69,387,4,0
2025-03-03,Liguria,Subito Lavoro,AZ_IT_SUBITO_SLOT_PREMIUM,12.33,1113,16,1
2025-03-03,Liguria,Subito Lavoro,AZ_IT_SUBITO_SPONSORED_ANNUNCI,8.17,630,12,1
2025-03-03,Lombardia,Subito Lavoro,AZ_IT_SUBITO_RETARGETING,15.87,2174,25,3
2025-03-03,Lombardia,Subito Lavoro,AZ_IT_SUBITO_SLOT_PREMIUM,72.56,6804,94,8
2025-03-03,Lombardia,Subito Lavoro,AZ_IT_SUBITO_SPONSORED_ANNUNCI,56.40,4242,80,7
2025-03-03,Marche,Subito Lavoro,AZ_IT_SUBITO_RETARGETING,2.79,395,5,1
2025-03-03,Marche,Subito Lavoro,AZ_IT_SUBITO_SLOT_PREMIUM,9.43,860,12,2
2025-03-03,Marche,Subito Lavoro,AZ_IT_SUBITO_SPONSORED_ANNUNCI,5.02,386,6,1
2025-03-03,Molise,Subito Lavoro,AZ_IT_SUBITO_RETARGETING,0.63,94,1,0
2025-03-03,Molise,Subito Lavoro,AZ_IT_SUBITO_SLOT_PREMIUM,2.50,238,3,0
2025-03-03,Molise,Subito Lavoro,AZ_IT_SUBITO_SPONSORED_ANNUNCI,1.60,126,2,0
2025-03-03,Piemonte,Subito Lavoro,AZ_IT_SUBITO_RETARGETING,8.45,1195,16,1
2025-03-03,Piemonte,Subito Lavoro,AZ_IT_SUBITO_SLOT_PREMIUM,38.19,3601,56,4
2025-03-03,Piemonte,Subito Lavoro,AZ_IT_SUBITO_SPONSORED_ANNUNCI,11.96,933,17,1
2025-03-03,Puglia,Subito Lavoro,AZ_IT_SUBITO_RETARGETING,7.54,1103,12,1
2025-03-03,Puglia,Subito Lavoro,AZ_IT_SUBITO_SLOT_PREMIUM,26.36,2389,32,3
2025-03-03,Puglia,Subito Lavoro,AZ_IT_SUBITO_SPONSORED_ANNUNCI,14.68,1107,19,2
2025-03-03,Sardegna,Subito Lavoro,AZ_IT_SUBITO_RETARGETING,2.46,340,4,1
2025-03-03,Sardegna,Subito Lavoro,AZ_IT_SUBITO_SLOT_PREMIUM,13.31,1245,17,2
2025-03-03,Sardegna,Subito Lavoro,AZ_IT_SUBITO_SPONSORED_ANNUNCI,4.84,383,6,1
2025-03-03,Sicilia,Subito Lavoro,AZ_IT_SUBITO_RETARGETING,8.05,1202,15,1
2025-03-03,Sicilia,Subito Lavoro,AZ_IT_SUBITO_SLOT_PREMIUM,31.99,2802,34,4
2025-03-03,Sicilia,Subito Lavoro,AZ_IT_SUBITO_SPONSORED_ANNUNCI,18.10,1431,24,2
2025-03-03,Toscana,Subito Lavoro,AZ_IT_SUBITO_RETARGETING,6.83,911,11,2
2025-03-03,Toscana,Subito Lavoro,AZ_IT_SUBITO_SLOT_PREMIUM,26.88,2437,35,6
2025-03-03,Toscana,Subito Lavoro,AZ_IT_SUBITO_SPONSORED_ANNUNCI,8.25,653,12,2
2025-03-03,Trentino-Alto Adige,Subito Lavoro,AZ_IT_SUBITO_RETARGETING,1.95,259,3,0
2025-03-03,Trentino-Alto Adige,Subito Lavoro,AZ_IT_SUBITO_SLOT_PREMIUM,10.82,978,14,2
2025-03-03,Trentino-Alto Adige,Subito Lavoro,AZ_IT_SUBITO_SPONSORED_ANNUNCI,4.24,335,5,1
2025-03-03,Umbria,Subito Lavoro,AZ_IT_SUBITO_RETARGETING,1.16,168,2,0
2025-03-03,Umbria,Subito Lavoro,AZ_IT_SUBITO_SLOT_PREMIUM,4.93,454,7,1
2025-03-03,Umbria,Subito Lavoro,AZ_IT_SUBITO_SPONSORED_ANNUNCI,2.46,182,3,0
2025-03-03,Valle d'Aosta,Subito Lavoro,AZ_IT_SUBITO_RETARGETING,0.23,32,0,0
2025-03-03,Valle d'Aosta,Subito Lavoro,AZ_IT_SUBITO_SLOT_PREMIUM,1.38,127,2,0
2025-03-03,Valle d'Aosta,Subito Lavoro,AZ_IT_SUBITO_SPONSORED_ANNUNCI,0.42,33,0,0
2025-03-03,Veneto,Subito Lavoro,AZ_IT_SUBITO_RETARGETING,9.44,1350,15,2
2025-03-03,Veneto,Subito Lavoro,AZ_IT_SUBITO_SLOT_PREMIUM,31.20,2763,39,5
2025-03-03,Veneto,Subito Lavoro,AZ_IT_SUBITO_SPONSORED_ANNUNCI,15.32,1167,19,2
2025-03-10,Abruzzo,Subito Lavoro,AZ_IT_SUBITO_RETARGETING,9.48,1325,16,1
2025-03-10,Abruzzo,Subito Lavoro,AZ_IT_SUBITO_SLOT_PREMIUM,39.55,3635,48,2
2025-03-10,Abruzzo,Subito Lavoro,AZ_IT_SUBITO_SPONSORED_ANNUNCI,19.07,1452,23,1
2025-03-10,Basilicata,Subito Lavoro,AZ_IT_SUBITO_RETARGETING,4.74,690,9,0
2025-03-10,Basilicata,Subito Lavoro,AZ_IT_SUBITO_SLOT_PREMIUM,17.14,1614,22,1
2025-03-10,Basilicata,Subito Lavoro,AZ_IT_SUBITO_SPONSORED_ANNUNCI,6.81,524,9,0
2025-03-10,Calabria,Subito Lavoro,AZ_IT_SUBITO_RETARGETING,19.45,2656,33,2
2025-03-10,Calabria,Subito Lavoro,AZ_IT_SUBITO_SLOT_PREMIUM,75.13,6966,101,5
2025-03-10,Calabria,Subito Lavoro,AZ_IT_SUBITO_SPONSORED_ANNUNCI,18.96,1460,24,1
2025-03-10,Campania,Subito Lavoro,AZ_IT_SUBITO_RETARGETING,35.78,5273,59,3
2025-03-10,Campania,Subito Lavoro,AZ_IT_SUBITO_SLOT_PREMIUM,141.94,13038,175,8
2025-03-10,Campania,Subito Lavoro,AZ_IT_SUBITO_SPONSORED_ANNUNCI,76.96,5595,104,5
2025-03-10,Emilia-Romagna,Subito Lavoro,AZ_IT_SUBITO_RETARGETING,27.32,4142,46,2
2025-03-10,Emilia-Romagna,Subito Lavoro,AZ_IT_SUBITO_SLOT_PREMIUM,159.68,14878,217,8
2025-03-10,Emilia-Romagna,Subito Lavoro,AZ_IT_SUBITO_SPONSORED_ANNUNCI,63.34,4942,83,4
2025-03-10,Friuli-Venezia Giulia,Subito Lavoro,AZ_IT_SUBITO_RETARGETING,6.00,806,9,1
2025-03-10,Friuli-Venezia Giulia,Subito Lavoro,AZ_IT_SUBITO_SLOT_PREMIUM,36.21,3070,43,3
2025-03-10,Friuli-Venezia Giulia,Subito Lavoro,AZ_IT_SUBITO_SPONSORED_ANNUNCI,17.55,1354,24,1
2025-03-10,Lazio,Subito Lavoro,AZ_IT_SUBITO_RETARGETING,40.87,5950,65,3
2025-03-10,Lazio,Subito Lavoro,AZ_IT_SUBITO_SLOT_PREMIUM,119.84,10306,151,8
2025-03-10,Lazio,Subito Lavoro,AZ_IT_SUBITO_SPONSORED_ANNUNCI,90.12,6972,118,6
2025-03-10,Liguria,Subito Lavoro,AZ_IT_SUBITO_RETARGETING,9.36,1411,17,1
2025-03-10,Liguria,Subito Lavoro,AZ_IT_SUBITO_SLOT_PREMIUM,43.54,4142,53,2
2025-03-10,Liguria,Subito Lavoro,AZ_IT_SUBITO_SPONSORED_ANNUNCI,13.48,992,16,1
2025-03-10,Lombardia,Subito Lavoro,AZ_IT_SUBITO_RETARGETING,53.53,7727,85,4
2025-03-10,Lombardia,Subito Lavoro,AZ_IT_SUBITO_SLOT_PREMIUM,323.53,29914,405,15
2025-03-10,Lombardia,Subito Lavoro,AZ_IT_SUBITO_SPONSORED_ANNUNCI,188.68,14151,244,9
2025-03-10,Marche,Subito Lavoro,AZ_IT_SUBITO_RETARGETING,12.99,1829,21,1
2025-03-10,Marche,Subito Lavoro,AZ_IT_SUBITO_SLOT_PREMIUM,40.72,3730,52,4
2025-03-10,Marche,Subito Lavoro,AZ_IT_SUBITO_SPONSORED_ANNUNCI,25.92,1970,30,2
2025-03-10,Molise,Subito Lavoro,AZ_IT_SUBITO_RETARGETING,1.80,250,3,0
2025-03-10,Molise,Subito Lavoro,AZ_IT_SUBITO_SLOT_PREMIUM,13.56,1236,16,1
2025-03-10,Molise,Subito Lavoro,AZ_IT_SUBITO_SPONSORED_ANNUNCI,5.07,394,6,0
2025-03-10,Piemonte,Subito Lavoro,AZ_IT_SUBITO_RETARGETING,43.94,6341,74,2
2025-03-10,Piemonte,Subito Lavoro,AZ_IT_SUBITO_SLOT_PREMIUM,133.20,12087,164,5
2025-03-10,Piemonte,Subito Lavoro,AZ_IT_SUBITO_SPONSORED_ANNUNCI,77.50,6109,96,3
2025-03-10,Puglia,Subito Lavoro,AZ_IT_SUBITO_RETARGETING,27.99,4071,48,2
2025-03-10,Puglia,Subito Lavoro,AZ_IT_SUBITO_SLOT_PREMIUM,157.41,14475,195,6
2025-03-10,Puglia,Subito Lavoro,AZ_IT_SUBITO_SPONSORED_ANNUNCI,31.99,2410,42,1
2025-03-10,Sardegna,Subito Lavoro,AZ_IT_SUBITO_RETARGETING,12.32,1705,20,1
2025-03-10,Sardegna,Subito Lavoro,AZ_IT_SUBITO_SLOT_PREMIUM,49.97,4576,65,3
2025-03-10,Sardegna,Subito Lavoro,AZ_IT_SUBITO_SPONSORED_ANNUNCI,17.36,1367,23,1
2025-03-10,Sicilia,Subito Lavoro,AZ_IT_SUBITO_RETARGETING,53.45,7830,97,3
2025-03-10,Sicilia,Subito Lavoro,AZ_IT_SUBITO_SLOT_PREMIUM,141.20,12683,181,6
2025-03-10,Sicilia,Subito Lavoro,AZ_IT_SUBITO_SPONSORED_ANNUNCI,91.91,6933,120,4
2025-03-10,Toscana,Subito Lavoro,AZ_IT_SUBITO_RETARGETING,22.70,3261,38,2
2025-03-10,Toscana,Subito Lavoro,AZ_IT_SUBITO_SLOT_PREMIUM,105.20,9622,135,7
2025-03-10,Toscana,Subito Lavoro,AZ_IT_SUBITO_SPONSORED_ANNUNCI,64.84,4916,84,5
2025-03-10,Trentino-Alto Adige,Subito Lavoro,AZ_IT_SUBITO_RETARGETING,7.90,1052,11,1
2025-03-10,Trentino-Alto Adige,Subito Lavoro,AZ_IT_SUBITO_SLOT_PREMIUM,26.83,2453,32,2
2025-03-10,Trentino-Alto Adige,Subito Lavoro,AZ_IT_SUBITO_SPONSORED_ANNUNCI,12.66,969,17,1
2025-03-10,Umbria,Subito Lavoro,AZ_IT_SUBITO_RETARGETING,3.45,501,6,0
2025-03-10,Umbria,Subito Lavoro,AZ_IT_SUBITO_SLOT_PREMIUM,24.73,2209,29,2
2025-03-10,Umbria,Subito Lavoro,AZ_IT_SUBITO_SPONSORED_ANNUNCI,10.21,773,13,1
2025-03-10,Valle d'Aosta,Subito Lavoro,AZ_IT_SUBITO_RETARGETING,0.79,106,1,0
2025-03-10,Valle d'Aosta,Subito Lavoro,AZ_IT_SUBITO_SLOT_PREMIUM,4.88,458,6,0
2025-03-10,Valle d'Aosta,Subito Lavoro,AZ_IT_SUBITO_SPONSORED_ANNUNCI,1.22,94,2,0
2025-03-10,Veneto,Subito Lavoro,AZ_IT_SUBITO_RETARGETING,34.19,4809,65,2
2025-03-10,Veneto,Subito Lavoro,AZ_IT_SUBITO_SLOT_PREMIUM,196.95,17585,272,7
2025-03-10,Veneto,Subito Lavoro,AZ_IT_SUBITO_SPONSORED_ANNUNCI,95.21,7169,125,5
2025-03-17,Abruzzo,Subito Lavoro,AZ_IT_SUBITO_RETARGETING,2.83,419,5,0
2025-03-17,Abruzzo,Subito Lavoro,AZ_IT_SUBITO_SLOT_PREMIUM,40.67,3619,46,2
2025-03-17,Abruzzo,Subito Lavoro,AZ_IT_SUBITO_SPONSORED_ANNUNCI,16.16,1261,20,1
2025-03-17,Basilicata,Subito Lavoro,AZ_IT_SUBITO_RETARGETING,2.90,418,5,0
2025-03-17,Basilicata,Subito Lavoro,AZ_IT_SUBITO_SLOT_PREMIUM,15.48,1388,18,1
2025-03-17,Basilicata,Subito Lavoro,AZ_IT_SUBITO_SPONSORED_ANNUNCI,7.24,558,10,1
2025-03-17,Calabria,Subito Lavoro,AZ_IT_SUBITO_RETARGETING,8.69,1212,14,1
2025-03-17,Calabria,Subito Lavoro,AZ_IT_SUBITO_SLOT_PREMIUM,32.19,2805,39,3
2025-03-17,Calabria,Subito Lavoro,AZ_IT_SUBITO_SPONSORED_ANNUNCI,34.27,2535,47,4
2025-03-17,Campania,Subito Lavoro,AZ_IT_SUBITO_RETARGETING,30.94,4509,63,2
2025-03-17,Campania,Subito Lavoro,AZ_IT_SUBITO_SLOT_PREMIUM,109.25,9889,128,7
2025-03-17,Campania,Subito Lavoro,AZ_IT_SUBITO_SPONSORED_ANNUNCI,115.56,9123,157,7
2025-03-17,Emilia-Romagna,Subito Lavoro,AZ_IT_SUBITO_RETARGETING,15.22,2143,27,2
2025-03-17,Emilia-Romagna,Subito Lavoro,AZ_IT_SUBITO_SLOT_PREMIUM,92.67,8321,111,7
2025-03-17,Emilia-Romagna,Subito Lavoro,AZ_IT_SUBITO_SPONSORED_ANNUNCI,74.67,5810,109,6
2025-03-17,Friuli-Venezia Giulia,Subito Lavoro,AZ_IT_SUBITO_RETARGETING,5.58,821,11,1
2025-03-17,Friuli-Venezia Giulia,Subito Lavoro,AZ_IT_SUBITO_SLOT_PREMIUM,23.28,2152,29,2
2025-03-17,Friuli-Venezia Giulia,Subito Lavoro,AZ_IT_SUBITO_SPONSORED_ANNUNCI,18.65,1444,24,2
2025-03-17,Lazio,Subito Lavoro,AZ_IT_SUBITO_RETARGETING,23.11,3231,32,3
2025-03-17,Lazio,Subito Lavoro,AZ_IT_SUBITO_SLOT_PREMIUM,107.13,9707,118,7
2025-03-17,Lazio,Subito Lavoro,AZ_IT_SUBITO_SPONSORED_ANNUNCI,104.49,7902,145,8
2025-03-17,Liguria,Subito Lavoro,AZ_IT_SUBITO_RETARGETING,6.46,910,11,1
2025-03-17,Liguria,Subito Lavoro,AZ_IT_SUBITO_SLOT_PREMIUM,28.18,2441,34,2
2025-03-17,Liguria,Subito Lavoro,AZ_IT_SUBITO_SPONSORED_ANNUNCI,16.13,1184,19,1
2025-03-17,Lombardia,Subito Lavoro,AZ_IT_SUBITO_RETARGETING,58.44,8426,96,5
2025-03-17,Lombardia,Subito Lavoro,AZ_IT_SUBITO_SLOT_PREMIUM,352.29,31607,394,18
2025-03-17,Lombardia,Subito Lavoro,AZ_IT_SUBITO_SPONSORED_ANNUNCI,199.25,15486,269,10
2025-03-17,Marche,Subito Lavoro,AZ_IT_SUBITO_RETARGETING,4.84,720,9,1
2025-03-17,Marche,Subito Lavoro,AZ_IT_SUBITO_SLOT_PREMIUM,29.05,2535,41,3
2025-03-17,Marche,Subito Lavoro,AZ_IT_SUBITO_SPONSORED_ANNUNCI,26.36,2189,39,2
2025-03-17,Molise,Subito Lavoro,AZ_IT_SUBITO_RETARGETING,1.22,175,2,0
2025-03-17,Molise,Subito Lavoro,AZ_IT_SUBITO_SLOT_PREMIUM,5.47,511,7,0
2025-03-17,Molise,Subito Lavoro,AZ_IT_SUBITO_SPONSORED_ANNUNCI,3.91,277,5,0
2025-03-17,Piemonte,Subito Lavoro,AZ_IT_SUBITO_RETARGETING,10.39,1503,19,1
2025-03-17,Piemonte,Subito Lavoro,AZ_IT_SUBITO_SLOT_PREMIUM,107.16,10027,136,6
2025-03-17,Piemonte,Subito Lavoro,AZ_IT_SUBITO_SPONSORED_ANNUNCI,48.74,3853,68,3
2025-03-17,Puglia,Subito Lavoro,AZ_IT_SUBITO_RETARGETING,13.55,1934,23,1
2025-03-17,Puglia,Subito Lavoro,AZ_IT_SUBITO_SLOT_PREMIUM,89.93,8261,108,5
2025-03-17,Puglia,Subito Lavoro,AZ_IT_SUBITO_SPONSORED_ANNUNCI,75.01,5579,105,4
2025-03-17,Sardegna,Subito Lavoro,AZ_IT_SUBITO_RETARGETING,10.92,1623,21,1
2025-03-17,Sardegna,Subito Lavoro,AZ_IT_SUBITO_SLOT_PREMIUM,37.50,3476,49,3
2025-03-17,Sardegna,Subito Lavoro,AZ_IT_SUBITO_SPONSORED_ANNUNCI,23.09,1808,32,1
2025-03-17,Sicilia,Subito Lavoro,AZ_IT_SUBITO_RETARGETING,31.90,4319,52,3
2025-03-17,Sicilia,Subito Lavoro,AZ_IT_SUBITO_SLOT_PREMIUM,89.63,8167,117,6
2025-03-17,Sicilia,Subito Lavoro,AZ_IT_SUBITO_SPONSORED_ANNUNCI,70.78,5275,90,4
2025-03-17,Toscana,Subito Lavoro,AZ_IT_SUBITO_RETARGETING,19.41,2647,30,2
2025-03-17,Toscana,Subito Lavoro,AZ_IT_SUBITO_SLOT_PREMIUM,86.73,7943,97,7
2025-03-17,Toscana,Subito Lavoro,AZ_IT_SUBITO_SPONSORED_ANNUNCI,64.93,5089,87,5
2025-03-17,Trentino-Alto Adige,Subito Lavoro,AZ_IT_SUBITO_RETARGETING,6.29,873,11,1
2025-03-17,Trentino-Alto Adige,Subito Lavoro,AZ_IT_SUBITO_SLOT_PREMIUM,19.77,1765,25,1
2025-03-17,Trentino-Alto Adige,Subito Lavoro,AZ_IT_SUBITO_SPONSORED_ANNUNCI,21.67,1726,28,2
2025-03-17,Umbria,Subito Lavoro,AZ_IT_SUBITO_RETARGETING,3.36,493,6,1
2025-03-17,Umbria,Subito Lavoro,AZ_IT_SUBITO_SLOT_PREMIUM,10.43,938,13,1
2025-03-17,Umbria,Subito Lavoro,AZ_IT_SUBITO_SPONSORED_ANNUNCI,12.56,967,16,1
2025-03-17,Valle d'Aosta,Subito Lavoro,AZ_IT_SUBITO_RETARGETING,0.51,74,1,0
2025-03-17,Valle d'Aosta,Subito Lavoro,AZ_IT_SUBITO_SLOT_PREMIUM,2.44,227,3,0
2025-03-17,Valle d'Aosta,Subito Lavoro,AZ_IT_SUBITO_SPONSORED_ANNUNCI,2.51,196,3,0
2025-03-17,Veneto,Subito Lavoro,AZ_IT_SUBITO_RETARGETING,18.76,2768,34,2
2025-03-17,Veneto,Subito Lavoro,AZ_IT_SUBITO_SLOT_PREMIUM,76.42,6769,97,5
2025-03-17,Veneto,Subito Lavoro,AZ_IT_SUBITO_SPONSORED_ANNUNCI,99.93,7742,134,7
2025-03-24,Abruzzo,Subito Lavoro,AZ_IT_SUBITO_RETARGETING,1.81,262,3,0
2025-03-24,Abruzzo,Subito Lavoro,AZ_IT_SUBITO_SLOT_PREMIUM,11.92,1088,14,1
2025-03-24,Abruzzo,Subito Lavoro,AZ_IT_SUBITO_SPONSORED_ANNUNCI,5.86,441,7,1
2025-03-24,Basilicata,Subito Lavoro,AZ_IT_SUBITO_RETARGETING,0.94,138,2,0
2025-03-24,Basilicata,Subito Lavoro,AZ_IT_SUBITO_SLOT_PREMIUM,6.09,544,7,1
2025-03-24,Basilicata,Subito Lavoro,AZ_IT_SUBITO_SPONSORED_ANNUNCI,5.14,394,6,1
2025-03-24,Calabria,Subito Lavoro,AZ_IT_SUBITO_RETARGETING,4.03,584,7,1
2025-03-24,Calabria,Subito Lavoro,AZ_IT_SUBITO_SLOT_PREMIUM,20.61,1839,25,3
2025-03-24,Calabria,Subito Lavoro,AZ_IT_SUBITO_SPONSORED_ANNUNCI,10.66,833,15,2
2025-03-24,Campania,Subito Lavoro,AZ_IT_SUBITO_RETARGETING,10.10,1469,18,1
2025-03-24,Campania,Subito Lavoro,AZ_IT_SUBITO_SLOT_PREMIUM,65.28,6116,78,7
2025-03-24,Campania,Subito Lavoro,AZ_IT_SUBITO_SPONSORED_ANNUNCI,37.77,3018,44,4
2025-03-24,Emilia-Romagna,Subito Lavoro,AZ_IT_SUBITO_RETARGETING,8.61,1168,12,2
2025-03-24,Emilia-Romagna,Subito Lavoro,AZ_IT_SUBITO_SLOT_PREMIUM,41.63,3840,49,5
2025-03-24,Emilia-Romagna,Subito Lavoro,AZ_IT_SUBITO_SPONSORED_ANNUNCI,30.45,2302,37,4
2025-03-24,Friuli-Venezia Giulia,Subito Lavoro,AZ_IT_SUBITO_RETARGETING,2.15,320,3,0
2025-03-24,Friuli-Venezia Giulia,Subito Lavoro,AZ_IT_SUBITO_SLOT_PREMIUM,20.02,1833,30,2
2025-03-24,Friuli-Venezia Giulia,Subito Lavoro,AZ_IT_SUBITO_SPONSORED_ANNUNCI,5.31,414,8,1
2025-03-24,Lazio,Subito Lavoro,AZ_IT_SUBITO_RETARGETING,18.43,2643,33,3
2025-03-24,Lazio,Subito Lavoro,AZ_IT_SUBITO_SLOT_PREMIUM,75.29,6656,81,8
2025-03-24,Lazio,Subito Lavoro,AZ_IT_SUBITO_SPONSORED_ANNUNCI,20.96,1595,26,2
2025-03-24,Liguria,Subito Lavoro,AZ_IT_SUBITO_RETARGETING,3.07,456,5,0
2025-03-24,Liguria,Subito Lavoro,AZ_IT_SUBITO_SLOT_PREMIUM,15.02,1366,20,1
2025-03-24,Liguria,Subito Lavoro,AZ_IT_SUBITO_SPONSORED_ANNUNCI,10.86,851,15,1
2025-03-24,Lombardia,Subito Lavoro,AZ_IT_SUBITO_RETARGETING,31.23,4629,51,6
2025-03-24,Lombardia,Subito Lavoro,AZ_IT_SUBITO_SLOT_PREMIUM,97.91,8822,122,13
2025-03-24,Lombardia,Subito Lavoro,AZ_IT_SUBITO_SPONSORED_ANNUNCI,51.67,4059,70,6
2025-03-24,Marche,Subito Lavoro,AZ_IT_SUBITO_RETARGETING,2.70,388,5,1
2025-03-24,Marche,Subito Lavoro,AZ_IT_SUBITO_SLOT_PREMIUM,10.64,934,15,2
2025-03-24,Marche,Subito Lavoro,AZ_IT_SUBITO_SPONSORED_ANNUNCI,11.30,866,15,2
2025-03-24,Molise,Subito Lavoro,AZ_IT_SUBITO_RETARGETING,0.54,76,1,0
2025-03-24,Molise,Subito Lavoro,AZ_IT_SUBITO_SLOT_PREMIUM,3.74,345,5,0
2025-03-24,Molise,Subito Lavoro,AZ_IT_SUBITO_SPONSORED_ANNUNCI,1.37,107,2,0
2025-03-24,Piemonte,Subito Lavoro,AZ_IT_SUBITO_RETARGETING,7.58,1118,14,1
2025-03-24,Piemonte,Subito Lavoro,AZ_IT_SUBITO_SLOT_PREMIUM,25.06,2307,29,4
2025-03-24,Piemonte,Subito Lavoro,AZ_IT_SUBITO_SPONSORED_ANNUNCI,21.44,1576,26,3
2025-03-24,Puglia,Subito Lavoro,AZ_IT_SUBITO_RETARGETING,7.42,1031,11,1
2025-03-24,Puglia,Subito Lavoro,AZ_IT_SUBITO_SLOT_PREMIUM,31.87,2734,36,3
2025-03-24,Puglia,Subito Lavoro,AZ_IT_SUBITO_SPONSORED_ANNUNCI,21.37,1672,30,3
2025-03-24,Sardegna,Subito Lavoro,AZ_IT_SUBITO_RETARGETING,3.96,572,7,1
2025-03-24,Sardegna,Subito Lavoro,AZ_IT_SUBITO_SLOT_PREMIUM,14.46,1308,19,2
2025-03-24,Sardegna,Subito Lavoro,AZ_IT_SUBITO_SPONSORED_ANNUNCI,11.80,918,16,1
2025-03-24,Sicilia,Subito Lavoro,AZ_IT_SUBITO_RETARGETING,8.21,1100,13,1
2025-03-24,Sicilia,Subito Lavoro,AZ_IT_SUBITO_SLOT_PREMIUM,37.51,3569,50,4
2025-03-24,Sicilia,Subito Lavoro,AZ_IT_SUBITO_SPONSORED_ANNUNCI,29.82,2365,39,4
2025-03-24,Toscana,Subito Lavoro,AZ_IT_SUBITO_RETARGETING,7.98,1152,15,2
2025-03-24,Toscana,Subito Lavoro,AZ_IT_SUBITO_SLOT_PREMIUM,30.49,2789,36,6
2025-03-24,Toscana,Subito Lavoro,AZ_IT_SUBITO_SPONSORED_ANNUNCI,20.26,1473,25,4
2025-03-24,Trentino-Alto Adige,Subito Lavoro,AZ_IT_SUBITO_RETARGETING,2.16,317,4,0
2025-03-24,Trentino-Alto Adige,Subito Lavoro,AZ_IT_SUBITO_SLOT_PREMIUM,8.50,809,11,1
2025-03-24,Trentino-Alto Adige,Subito Lavoro,AZ_IT_SUBITO_SPONSORED_ANNUNCI,8.84,678,11,1
2025-03-24,Umbria,Subito Lavoro,AZ_IT_SUBITO_RETARGETING,1.60,234,3,0
2025-03-24,Umbria,Subito Lavoro,AZ_IT_SUBITO_SLOT_PREMIUM,5.51,506,8,1
2025-03-24,Umbria,Subito Lavoro,AZ_IT_SUBITO_SPONSORED_ANNUNCI,3.53,261,4,1
2025-03-24,Valle d'Aosta,Subito Lavoro,AZ_IT_SUBITO_RETARGETING,0.27,38,0,0
2025-03-24,Valle d'Aosta,Subito Lavoro,AZ_IT_SUBITO_SLOT_PREMIUM,1.06,97,1,0
2025-03-24,Valle d'Aosta,Subito Lavoro,AZ_IT_SUBITO_SPONSORED_ANNUNCI,0.60,45,1,0
2025-03-24,Veneto,Subito Lavoro,AZ_IT_SUBITO_RETARGETING,6.27,879,12,1
2025-03-24,Veneto,Subito Lavoro,AZ_IT_SUBITO_SLOT_PREMIUM,41.03,3709,52,5
2025-03-24,Veneto,Subito Lavoro,AZ_IT_SUBITO_SPONSORED_ANNUNCI,22.33,1615,29,3
2025-03-31,Abruzzo,Subito Lavoro,AZ_IT_SUBITO_RETARGETING,5.50,802,10,1
2025-03-31,Abruzzo,Subito Lavoro,AZ_IT_SUBITO_SLOT_PREMIUM,12.40,1100,16,1
2025-03-31,Abruzzo,Subito Lavoro,AZ_IT_SUBITO_SPONSORED_ANNUNCI,10.49,813,14,1
2025-03-31,Basilicata,Subito Lavoro,AZ_IT_SUBITO_RETARGETING,2.33,346,4,0
2025-03-31,Basilicata,Subito Lavoro,AZ_IT_SUBITO_SLOT_PREMIUM,5.38,477,6,1
2025-03-31,Basilicata,Subito Lavoro,AZ_IT_SUBITO_SPONSORED_ANNUNCI,4.90,370,6,0
2025-03-31,Calabria,Subito Lavoro,AZ_IT_SUBITO_RETARGETING,7.49,1008,13,1
2025-03-31,Calabria,Subito Lavoro,AZ_IT_SUBITO_SLOT_PREMIUM,22.63,2119,33,3
2025-03-31,Calabria,Subito Lavoro,AZ_IT_SUBITO_SPONSORED_ANNUNCI,16.43,1268,22,2
2025-03-31,Campania,Subito Lavoro,AZ_IT_SUBITO_RETARGETING,34.17,4847,57,3
2025-03-31,Campania,Subito Lavoro,AZ_IT_SUBITO_SLOT_PREMIUM,76.23,6886,82,6
2025-03-31,Campania,Subito Lavoro,AZ_IT_SUBITO_SPONSORED_ANNUNCI,37.48,2894,46,2
2025-03-31,Emilia-Romagna,Subito Lavoro,AZ_IT_SUBITO_RETARGETING,13.44,1922,27,1
2025-03-31,Emilia-Romagna,Subito Lavoro,AZ_IT_SUBITO_SLOT_PREMIUM,96.84,8679,133,8
2025-03-31,Emilia-Romagna,Subito Lavoro,AZ_IT_SUBITO_SPONSORED_ANNUNCI,52.88,4119,60,3
2025-03-31,Friuli-Venezia Giulia,Subito Lavoro,AZ_IT_SUBITO_RETARGETING,5.57,777,10,1
2025-03-31,Friuli-Venezia Giulia,Subito Lavoro,AZ_IT_SUBITO_SLOT_PREMIUM,11.71,1118,16,2
2025-03-31,Friuli-Venezia Giulia,Subito Lavoro,AZ_IT_SUBITO_SPONSORED_ANNUNCI,7.94,622,11,1
2025-03-31,Lazio,Subito Lavoro,AZ_IT_SUBITO_RETARGETING,23.30,3441,37,3
2025-03-31,Lazio,Subito Lavoro,AZ_IT_SUBITO_SLOT_PREMIUM,89.98,8652,128,8
2025-03-31,Lazio,Subito Lavoro,AZ_IT_SUBITO_SPONSORED_ANNUNCI,53.40,4268,76,4
2025-03-31,Liguria,Subito Lavoro,AZ_IT_SUBITO_RETARGETING,4.15,597,7,0
2025-03-31,Liguria,Subito Lavoro,AZ_IT_SUBITO_SLOT_PREMIUM,20.21,1848,25,1
2025-03-31,Liguria,Subito Lavoro,AZ_IT_SUBITO_SPONSORED_ANNUNCI,23.14,1776,26,1
2025-03-31,Lombardia,Subito Lavoro,AZ_IT_SUBITO_RETARGETING,58.24,8332,105,6
2025-03-31,Lombardia,Subito Lavoro,AZ_IT_SUBITO_SLOT_PREMIUM,118.54,10275,137,12
2025-03-31,Lombardia,Subito Lavoro,AZ_IT_SUBITO_SPONSORED_ANNUNCI,84.56,6436,108,6
2025-03-31,Marche,Subito Lavoro,AZ_IT_SUBITO_RETARGETING,6.97,984,12,1
2025-03-31,Marche,Subito Lavoro,AZ_IT_SUBITO_SLOT_PREMIUM,17.81,1614,25,2
2025-03-31,Marche,Subito Lavoro,AZ_IT_SUBITO_SPONSORED_ANNUNCI,12.90,958,16,1
2025-03-31,Molise,Subito Lavoro,AZ_IT_SUBITO_RETARGETING,1.62,235,3,0
2025-03-31,Molise,Subito Lavoro,AZ_IT_SUBITO_SLOT_PREMIUM,7.54,666,11,1
2025-03-31,Molise,Subito Lavoro,AZ_IT_SUBITO_SPONSORED_ANNUNCI,2.52,197,3,0
2025-03-31,Piemonte,Subito Lavoro,AZ_IT_SUBITO_RETARGETING,11.44,1617,19,1
2025-03-31,Piemonte,Subito Lavoro,AZ_IT_SUBITO_SLOT_PREMIUM,51.00,4483,64,4
2025-03-31,Piemonte,Subito Lavoro,AZ_IT_SUBITO_SPONSORED_ANNUNCI,25.84,1940,31,2
2025-03-31,Puglia,Subito Lavoro,AZ_IT_SUBITO_RETARGETING,17.78,2473,32,1
2025-03-31,Puglia,Subito Lavoro,AZ_IT_SUBITO_SLOT_PREMIUM,61.68,5818,89,4
2025-03-31,Puglia,Subito Lavoro,AZ_IT_SUBITO_SPONSORED_ANNUNCI,36.43,2818,48,2
2025-03-31,Sardegna,Subito Lavoro,AZ_IT_SUBITO_RETARGETING,5.37,755,9,1
2025-03-31,Sardegna,Subito Lavoro,AZ_IT_SUBITO_SLOT_PREMIUM,18.62,1635,23,2
2025-03-31,Sardegna,Subito Lavoro,AZ_IT_SUBITO_SPONSORED_ANNUNCI,11.85,966,16,1
2025-03-31,Sicilia,Subito Lavoro,AZ_IT_SUBITO_RETARGETING,29.15,4061,45,2
2025-03-31,Sicilia,Subito Lavoro,AZ_IT_SUBITO_SLOT_PREMIUM,67.51,6022,81,6
2025-03-31,Sicilia,Subito Lavoro,AZ_IT_SUBITO_SPONSORED_ANNUNCI,30.58,2244,38,2
2025-03-31,Toscana,Subito Lavoro,AZ_IT_SUBITO_RETARGETING,16.85,2401,27,2
2025-03-31,Toscana,Subito Lavoro,AZ_IT_SUBITO_SLOT_PREMIUM,47.59,4303,68,7
2025-03-31,Toscana,Subito Lavoro,AZ_IT_SUBITO_SPONSORED_ANNUNCI,63.05,4686,72,5
2025-03-31,Trentino-Alto Adige,Subito Lavoro,AZ_IT_SUBITO_RETARGETING,4.73,693,8,1
2025-03-31,Trentino-Alto Adige,Subito Lavoro,AZ_IT_SUBITO_SLOT_PREMIUM,19.23,1693,23,2
2025-03-31,Trentino-Alto Adige,Subito Lavoro,AZ_IT_SUBITO_SPONSORED_ANNUNCI,11.83,913,16,1
2025-03-31,Umbria,Subito Lavoro,AZ_IT_SUBITO_RETARGETING,3.77,514,5,1
2025-03-31,Umbria,Subito Lavoro,AZ_IT_SUBITO_SLOT_PREMIUM,10.90,975,14,1
2025-03-31,Umbria,Subito Lavoro,AZ_IT_SUBITO_SPONSORED_ANNUNCI,8.26,614,12,1
2025-03-31,Valle d'Aosta,Subito Lavoro,AZ_IT_SUBITO_RETARGETING,0.47,67,1,0
2025-03-31,Valle d'Aosta,Subito Lavoro,AZ_IT_SUBITO_SLOT_PREMIUM,1.03,91,1,0
2025-03-31,Valle d'Aosta,Subito Lavoro,AZ_IT_SUBITO_SPONSORED_ANNUNCI,0.91,72,1,0
2025-03-31,Veneto,Subito Lavoro,AZ_IT_SUBITO_RETARGETING,20.09,3064,38,2
2025-03-31,Veneto,Subito Lavoro,AZ_IT_SUBITO_SLOT_PREMIUM,89.48,7850,114,6
2025-03-31,Veneto,Subito Lavoro,AZ_IT_SUBITO_SPONSORED_ANNUNCI,78.23,5837,104,4
2025-04-07,Abruzzo,Subito Lavoro,AZ_IT_SUBITO_RETARGETING,3.49,505,7,0
2025-04-07,Abruzzo,Subito Lavoro,AZ_IT_SUBITO_SLOT_PREMIUM,12.27,1112,15,1
2025-04-07,Abruzzo,Subito Lavoro,AZ_IT_SUBITO_SPONSORED_ANNUNCI,5.71,438,7,0
2025-04-07,Basilicata,Subito Lavoro,AZ_IT_SUBITO_RETARGETING,1.09,156,2,0
2025-04-07,Basilicata,Subito Lavoro,AZ_IT_SUBITO_SLOT_PREMIUM,6.42,583,8,1
2025-04-07,Basilicata,Subito Lavoro,AZ_IT_SUBITO_SPONSORED_ANNUNCI,3.00,234,4,0
2025-04-07,Calabria,Subito Lavoro,AZ_IT_SUBITO_RETARGETING,4.46,669,8,1
2025-04-07,Calabria,Subito Lavoro,AZ_IT_SUBITO_SLOT_PREMIUM,28.42,2485,32,4
2025-04-07,Calabria,Subito Lavoro,AZ_IT_SUBITO_SPONSORED_ANNUNCI,15.85,1170,19,1
2025-04-07,Campania,Subito Lavoro,AZ_IT_SUBITO_RETARGETING,11.57,1545,18,1
2025-04-07,Campania,Subito Lavoro,AZ_IT_SUBITO_SLOT_PREMIUM,56.25,4928,78,5
2025-04-07,Campania,Subito Lavoro,AZ_IT_SUBITO_SPONSORED_ANNUNCI,34.74,2676,40,2
2025-04-07,Emilia-Romagna,Subito Lavoro,AZ_IT_SUBITO_RETARGETING,14.28,2141,25,2
2025-04-07,Emilia-Romagna,Subito Lavoro,AZ_IT_SUBITO_SLOT_PREMIUM,33.20,2910,42,4
2025-04-07,Emilia-Romagna,Subito Lavoro,AZ_IT_SUBITO_SPONSORED_ANNUNCI,27.32,2187,33,3
2025-04-07,Friuli-Venezia Giulia,Subito Lavoro,AZ_IT_SUBITO_RETARGETING,5.97,832,9,1
2025-04-07,Friuli-Venezia Giulia,Subito Lavoro,AZ_IT_SUBITO_SLOT_PREMIUM,10.72,939,13,2
2025-04-07,Friuli-Venezia Giulia,Subito Lavoro,AZ_IT_SUBITO_SPONSORED_ANNUNCI,7.32,572,9,1
2025-04-07,Lazio,Subito Lavoro,AZ_IT_SUBITO_RETARGETING,10.56,1523,17,1
2025-04-07,Lazio,Subito Lavoro,AZ_IT_SUBITO_SLOT_PREMIUM,82.85,7502,109,10
2025-04-07,Lazio,Subito Lavoro,AZ_IT_SUBITO_SPONSORED_ANNUNCI,28.95,2201,38,3
2025-04-07,Liguria,Subito Lavoro,AZ_IT_SUBITO_RETARGETING,6.79,931,12,1
2025-04-07,Liguria,Subito Lavoro,AZ_IT_SUBITO_SLOT_PREMIUM,11.66,1068,16,1
2025-04-07,Liguria,Subito Lavoro,AZ_IT_SUBITO_SPONSORED_ANNUNCI,11.65,915,15,1
2025-04-07,Lombardia,Subito Lavoro,AZ_IT_SUBITO_RETARGETING,40.96,5594,66,6
2025-04-07,Lombardia,Subito Lavoro,AZ_IT_SUBITO_SLOT_PREMIUM,65.64,5887,79,6
2025-04-07,Lombardia,Subito Lavoro,AZ_IT_SUBITO_SPONSORED_ANNUNCI,73.44,5257,102,7
2025-04-07,Marche,Subito Lavoro,AZ_IT_SUBITO_RETARGETING,5.67,803,10,1
2025-04-07,Marche,Subito Lavoro,AZ_IT_SUBITO_SLOT_PREMIUM,12.78,1203,15,2
2025-04-07,Marche,Subito Lavoro,AZ_IT_SUBITO_SPONSORED_ANNUNCI,10.49,793,14,1
2025-04-07,Molise,Subito Lavoro,AZ_IT_SUBITO_RETARGETING,1.31,188,2,0
2025-04-07,Molise,Subito Lavoro,AZ_IT_SUBITO_SLOT_PREMIUM,3.00,283,4,0
2025-04-07,Molise,Subito Lavoro,AZ_IT_SUBITO_SPONSORED_ANNUNCI,2.39,175,3,0
2025-04-07,Piemonte,Subito Lavoro,AZ_IT_SUBITO_RETARGETING,13.66,1965,26,1
2025-04-07,Piemonte,Subito Lavoro,AZ_IT_SUBITO_SLOT_PREMIUM,45.24,3902,58,4
2025-04-07,Piemonte,Subito Lavoro,AZ_IT_SUBITO_SPONSORED_ANNUNCI,21.88,1694,29,1
2025-04-07,Puglia,Subito Lavoro,AZ_IT_SUBITO_RETARGETING,22.49,3340,36,2
2025-04-07,Puglia,Subito Lavoro,AZ_IT_SUBITO_SLOT_PREMIUM,43.36,3953,54,4
2025-04-07,Puglia,Subito Lavoro,AZ_IT_SUBITO_SPONSORED_ANNUNCI,24.27,1871,35,1
2025-04-07,Sardegna,Subito Lavoro,AZ_IT_SUBITO_RETARGETING,4.37,587,7,1
2025-04-07,Sardegna,Subito Lavoro,AZ_IT_SUBITO_SLOT_PREMIUM,10.35,893,11,1
2025-04-07,Sardegna,Subito Lavoro,AZ_IT_SUBITO_SPONSORED_ANNUNCI,11.63,870,13,1
2025-04-07,Sicilia,Subito Lavoro,AZ_IT_SUBITO_RETARGETING,16.00,2268,26,2
2025-04-07,Sicilia,Subito Lavoro,AZ_IT_SUBITO_SLOT_PREMIUM,55.79,5085,72,5
2025-04-07,Sicilia,Subito Lavoro,AZ_IT_SUBITO_SPONSORED_ANNUNCI,41.28,3273,58,3
2025-04-07,Toscana,Subito Lavoro,AZ_IT_SUBITO_RETARGETING,11.48,1560,18,2
2025-04-07,Toscana,Subito Lavoro,AZ_IT_SUBITO_SLOT_PREMIUM,21.01,1964,31,4
2025-04-07,Toscana,Subito Lavoro,AZ_IT_SUBITO_SPONSORED_ANNUNCI,20.39,1474,23,2
2025-04-07,Trentino-Alto Adige,Subito Lavoro,AZ_IT_SUBITO_RETARGETING,2.81,402,4,0
2025-04-07,Trentino-Alto Adige,Subito Lavoro,AZ_IT_SUBITO_SLOT_PREMIUM,12.82,1177,16,2
2025-04-07,Trentino-Alto Adige,Subito Lavoro,AZ_IT_SUBITO_SPONSORED_ANNUNCI,7.16,578,10,1
2025-04-07,Umbria,Subito Lavoro,AZ_IT_SUBITO_RETARGETING,1.83,278,3,0
2025-04-07,Umbria,Subito Lavoro,AZ_IT_SUBITO_SLOT_PREMIUM,8.94,793,10,1
2025-04-07,Umbria,Subito Lavoro,AZ_IT_SUBITO_SPONSORED_ANNUNCI,5.39,427,7,1
2025-04-07,Valle d'Aosta,Subito Lavoro,AZ_IT_SUBITO_RETARGETING,0.56,83,1,0
2025-04-07,Valle d'Aosta,Subito Lavoro,AZ_IT_SUBITO_SLOT_PREMIUM,1.51,142,2,0
2025-04-07,Valle d'Aosta,Subito Lavoro,AZ_IT_SUBITO_SPONSORED_ANNUNCI,0.89,69,1,0
2025-04-07,Veneto,Subito Lavoro,AZ_IT_SUBITO_RETARGETING,21.70,2998,40,3
2025-04-07,Veneto,Subito Lavoro,AZ_IT_SUBITO_SLOT_PREMIUM,50.65,4501,61,6
2025-04-07,Veneto,Subito Lavoro,AZ_IT_SUBITO_SPONSORED_ANNUNCI,32.00,2421,43,3
2025-04-14,Abruzzo,Subito Lavoro,AZ_IT_SUBITO_RETARGETING,3.66,525,6,0
2025-04-14,Abruzzo,Subito Lavoro,AZ_IT_SUBITO_SLOT_PREMIUM,15.01,1373,19,1
2025-04-14,Abruzzo,Subito Lavoro,AZ_IT_SUBITO_SPONSORED_ANNUNCI,6.37,486,9,1
2025-04-14,Basilicata,Subito Lavoro,AZ_IT_SUBITO_RETARGETING,1.83,257,3,0
2025-04-14,Basilicata,Subito Lavoro,AZ_IT_SUBITO_SLOT_PREMIUM,7.08,626,9,1
2025-04-14,Basilicata,Subito Lavoro,AZ_IT_SUBITO_SPONSORED_ANNUNCI,1.99,155,3,0
2025-04-14,Calabria,Subito Lavoro,AZ_IT_SUBITO_RETARGETING,5.97,895,10,1
2025-04-14,Calabria,Subito Lavoro,AZ_IT_SUBITO_SLOT_PREMIUM,12.72,1166,17,2
2025-04-14,Calabria,Subito Lavoro,AZ_IT_SUBITO_SPONSORED_ANNUNCI,15.72,1184,20,2
2025-04-14,Campania,Subito Lavoro,AZ_IT_SUBITO_RETARGETING,14.86,2166,25,2
2025-04-14,Campania,Subito Lavoro,AZ_IT_SUBITO_SLOT_PREMIUM,70.11,6318,88,5
2025-04-14,Campania,Subito Lavoro,AZ_IT_SUBITO_SPONSORED_ANNUNCI,34.09,2609,46,2
2025-04-14,Emilia-Romagna,Subito Lavoro,AZ_IT_SUBITO_RETARGETING,12.98,1786,22,2
2025-04-14,Emilia-Romagna,Subito Lavoro,AZ_IT_SUBITO_SLOT_PREMIUM,50.57,4362,57,5
2025-04-14,Emilia-Romagna,Subito Lavoro,AZ_IT_SUBITO_SPONSORED_ANNUNCI,33.71,2616,44,2
2025-04-14,Friuli-Venezia Giulia,Subito Lavoro,AZ_IT_SUBITO_RETARGETING,3.17,458,5,1
2025-04-14,Friuli-Venezia Giulia,Subito Lavoro,AZ_IT_SUBITO_SLOT_PREMIUM,8.88,798,10,1
2025-04-14,Friuli-Venezia Giulia,Subito Lavoro,AZ_IT_SUBITO_SPONSORED_ANNUNCI,5.89,461,8,1
2025-04-14,Lazio,Subito Lavoro,AZ_IT_SUBITO_RETARGETING,14.59,2099,25,2
2025-04-14,Lazio,Subito Lavoro,AZ_IT_SUBITO_SLOT_PREMIUM,68.15,6319,90,8
2025-04-14,Lazio,Subito Lavoro,AZ_IT_SUBITO_SPONSORED_ANNUNCI,27.90,2232,41,2
2025-04-14,Liguria,Subito Lavoro,AZ_IT_SUBITO_RETARGETING,7.75,1118,12,1
2025-04-14,Liguria,Subito Lavoro,AZ_IT_SUBITO_SLOT_PREMIUM,13.71,1290,16,1
2025-04-14,Liguria,Subito Lavoro,AZ_IT_SUBITO_SPONSORED_ANNUNCI,8.53,684,13,0
2025-04-14,Lombardia,Subito Lavoro,AZ_IT_SUBITO_RETARGETING,35.30,5064,60,4
2025-04-14,Lombardia,Subito Lavoro,AZ_IT_SUBITO_SLOT_PREMIUM,101.35,9106,143,11
2025-04-14,Lombardia,Subito Lavoro,AZ_IT_SUBITO_SPONSORED_ANNUNCI,64.30,4931,91,5
2025-04-14,Marche,Subito Lavoro,AZ_IT_SUBITO_RETARGETING,2.72,402,5,0
2025-04-14,Marche,Subito Lavoro,AZ_IT_SUBITO_SLOT_PREMIUM,23.23,2176,33,3
2025-04-14,Marche,Subito Lavoro,AZ_IT_SUBITO_SPONSORED_ANNUNCI,12.73,932,17,1
2025-04-14,Molise,Subito Lavoro,AZ_IT_SUBITO_RETARGETING,0.62,91,1,0
2025-04-14,Molise,Subito Lavoro,AZ_IT_SUBITO_SLOT_PREMIUM,3.75,335,5,0
2025-04-14,Molise,Subito Lavoro,AZ_IT_SUBITO_SPONSORED_ANNUNCI,1.05,81,1,0
2025-04-14,Piemonte,Subito Lavoro,AZ_IT_SUBITO_RETARGETING,16.32,2345,26,2
2025-04-14,Piemonte,Subito Lavoro,AZ_IT_SUBITO_SLOT_PREMIUM,53.76,5189,71,5
2025-04-14,Piemonte,Subito Lavoro,AZ_IT_SUBITO_SPONSORED_ANNUNCI,20.51,1639,30,1
2025-04-14,Puglia,Subito Lavoro,AZ_IT_SUBITO_RETARGETING,8.81,1244,18,1
2025-04-14,Puglia,Subito Lavoro,AZ_IT_SUBITO_SLOT_PREMIUM,39.15,3483,49,3
2025-04-14,Puglia,Subito Lavoro,AZ_IT_SUBITO_SPONSORED_ANNUNCI,23.98,1837,32,2
2025-04-14,Sardegna,Subito Lavoro,AZ_IT_SUBITO_RETARGETING,4.03,575,7,0
2025-04-14,Sardegna,Subito Lavoro,AZ_IT_SUBITO_SLOT_PREMIUM,18.73,1706,22,2
2025-04-14,Sardegna,Subito Lavoro,AZ_IT_SUBITO_SPONSORED_ANNUNCI,8.24,664,11,1
2025-04-14,Sicilia,Subito Lavoro,AZ_IT_SUBITO_RETARGETING,15.10,2129,27,2
2025-04-14,Sicilia,Subito Lavoro,AZ_IT_SUBITO_SLOT_PREMIUM,35.61,3120,46,4
2025-04-14,Sicilia,Subito Lavoro,AZ_IT_SUBITO_SPONSORED_ANNUNCI,18.73,1387,23,2
2025-04-14,Toscana,Subito Lavoro,AZ_IT_SUBITO_RETARGETING,7.42,1035,12,1
2025-04-14,Toscana,Subito Lavoro,AZ_IT_SUBITO_SLOT_PREMIUM,37.42,3380,42,5
2025-04-14,Toscana,Subito Lavoro,AZ_IT_SUBITO_SPONSORED_ANNUNCI,15.46,1204,22,2
2025-04-14,Trentino-Alto Adige,Subito Lavoro,AZ_IT_SUBITO_RETARGETING,2.41,332,4,0
2025-04-14,Trentino-Alto Adige,Subito Lavoro,AZ_IT_SUBITO_SLOT_PREMIUM,12.55,1161,16,1
2025-04-14,Trentino-Alto Adige,Subito Lavoro,AZ_IT_SUBITO_SPONSORED_ANNUNCI,4.25,331,6,0
2025-04-14,Umbria,Subito Lavoro,AZ_IT_SUBITO_RETARGETING,1.83,265,3,0
2025-04-14,Umbria,Subito Lavoro,AZ_IT_SUBITO_SLOT_PREMIUM,6.93,683,9,1
2025-04-14,Umbria,Subito Lavoro,AZ_IT_SUBITO_SPONSORED_ANNUNCI,4.49,363,6,0
2025-04-14,Valle d'Aosta,Subito Lavoro,AZ_IT_SUBITO_RETARGETING,0.46,68,1,0
2025-04-14,Valle d'Aosta,Subito Lavoro,AZ_IT_SUBITO_SLOT_PREMIUM,1.84,164,3,0
2025-04-14,Valle d'Aosta,Subito Lavoro,AZ_IT_SUBITO_SPONSORED_ANNUNCI,0.54,41,1,0
2025-04-14,Veneto,Subito Lavoro,AZ_IT_SUBITO_RETARGETING,15.03,2174,28,1
2025-04-14,Veneto,Subito Lavoro,AZ_IT_SUBITO_SLOT_PREMIUM,69.89,5940,85,6
2025-04-14,Veneto,Subito Lavoro,AZ_IT_SUBITO_SPONSORED_ANNUNCI,34.20,2665,41,2
2025-04-21,Abruzzo,Subito Lavoro,AZ_IT_SUBITO_RETARGETING,2.10,291,4,0
2025-04-21,Abruzzo,Subito Lavoro,AZ_IT_SUBITO_SLOT_PREMIUM,19.89,1871,27,2
2025-04-21,Abruzzo,Subito Lavoro,AZ_IT_SUBITO_SPONSORED_ANNUNCI,5.38,423,7,0
2025-04-21,Basilicata,Subito Lavoro,AZ_IT_SUBITO_RETARGETING,0.74,102,1,0
2025-04-21,Basilicata,Subito Lavoro,AZ_IT_SUBITO_SLOT_PREMIUM,8.20,747,10,1
2025-04-21,Basilicata,Subito Lavoro,AZ_IT_SUBITO_SPONSORED_ANNUNCI,2.89,215,3,0
2025-04-21,Calabria,Subito Lavoro,AZ_IT_SUBITO_RETARGETING,3.21,469,5,0
2025-04-21,Calabria,Subito Lavoro,AZ_IT_SUBITO_SLOT_PREMIUM,27.73,2622,39,4
2025-04-21,Calabria,Subito Lavoro,AZ_IT_SUBITO_SPONSORED_ANNUNCI,5.49,414,7,1
2025-04-21,Campania,Subito Lavoro,AZ_IT_SUBITO_RETARGETING,17.12,2399,31,2
2025-04-21,Campania,Subito Lavoro,AZ_IT_SUBITO_SLOT_PREMIUM,69.80,6131,95,6
2025-04-21,Campania,Subito Lavoro,AZ_IT_SUBITO_SPONSORED_ANNUNCI,20.55,1596,29,1
2025-04-21,Emilia-Romagna,Subito Lavoro,AZ_IT_SUBITO_RETARGETING,7.75,1104,13,1
2025-04-21,Emilia-Romagna,Subito Lavoro,AZ_IT_SUBITO_SLOT_PREMIUM,47.05,4536,70,5
2025-04-21,Emilia-Romagna,Subito Lavoro,AZ_IT_SUBITO_SPONSORED_ANNUNCI,17.59,1360,22,2
2025-04-21,Friuli-Venezia Giulia,Subito Lavoro,AZ_IT_SUBITO_RETARGETING,2.76,390,5,0
2025-04-21,Friuli-Venezia Giulia,Subito Lavoro,AZ_IT_SUBITO_SLOT_PREMIUM,12.75,1138,19,2
2025-04-21,Friuli-Venezia Giulia,Subito Lavoro,AZ_IT_SUBITO_SPONSORED_ANNUNCI,4.81,366,6,0
2025-04-21,Lazio,Subito Lavoro,AZ_IT_SUBITO_RETARGETING,9.78,1339,15,1
2025-04-21,Lazio,Subito Lavoro,AZ_IT_SUBITO_SLOT_PREMIUM,57.80,5224,68,7
2025-04-21,Lazio,Subito Lavoro,AZ_IT_SUBITO_SPONSORED_ANNUNCI,21.05,1638,28,2
2025-04-21,Liguria,Subito Lavoro,AZ_IT_SUBITO_RETARGETING,4.23,613,7,0
2025-04-21,Liguria,Subito Lavoro,AZ_IT_SUBITO_SLOT_PREMIUM,20.52,1871,25,1
2025-04-21,Liguria,Subito Lavoro,AZ_IT_SUBITO_SPONSORED_ANNUNCI,7.59,587,10,0
2025-04-21,Lombardia,Subito Lavoro,AZ_IT_SUBITO_RETARGETING,13.90,1955,26,2
2025-04-21,Lombardia,Subito Lavoro,AZ_IT_SUBITO_SLOT_PREMIUM,80.56,7076,104,10
2025-04-21,Lombardia,Subito Lavoro,AZ_IT_SUBITO_SPONSORED_ANNUNCI,45.99,3639,56,4
2025-04-21,Marche,Subito Lavoro,AZ_IT_SUBITO_RETARGETING,3.65,498,7,1
2025-04-21,Marche,Subito Lavoro,AZ_IT_SUBITO_SLOT_PREMIUM,12.52,1126,16,2
2025-04-21,Marche,Subito Lavoro,AZ_IT_SUBITO_SPONSORED_ANNUNCI,9.03,683,12,1
2025-04-21,Molise,Subito Lavoro,AZ_IT_SUBITO_RETARGETING,0.38,54,1,0
2025-04-21,Molise,Subito Lavoro,AZ_IT_SUBITO_SLOT_PREMIUM,3.94,340,5,0
2025-04-21,Molise,Subito Lavoro,AZ_IT_SUBITO_SPONSORED_ANNUNCI,1.31,101,2,0
2025-04-21,Piemonte,Subito Lavoro,AZ_IT_SUBITO_RETARGETING,12.83,1833,22,1
2025-04-21,Piemonte,Subito Lavoro,AZ_IT_SUBITO_SLOT_PREMIUM,36.57,3386,42,3
2025-04-21,Piemonte,Subito Lavoro,AZ_IT_SUBITO_SPONSORED_ANNUNCI,23.02,1750,33,2
2025-04-21,Puglia,Subito Lavoro,AZ_IT_SUBITO_RETARGETING,7.79,1167,13,1
2025-04-21,Puglia,Subito Lavoro,AZ_IT_SUBITO_SLOT_PREMIUM,31.98,2868,42,3
2025-04-21,Puglia,Subito Lavoro,AZ_IT_SUBITO_SPONSORED_ANNUNCI,25.15,1904,34,1
2025-04-21,Sardegna,Subito Lavoro,AZ_IT_SUBITO_RETARGETING,3.60,513,6,0
2025-04-21,Sardegna,Subito Lavoro,AZ_IT_SUBITO_SLOT_PREMIUM,18.30,1531,21,2
2025-04-21,Sardegna,Subito Lavoro,AZ_IT_SUBITO_SPONSORED_ANNUNCI,7.54,602,11,1
2025-04-21,Sicilia,Subito Lavoro,AZ_IT_SUBITO_RETARGETING,12.07,1616,20,1
2025-04-21,Sicilia,Subito Lavoro,AZ_IT_SUBITO_SLOT_PREMIUM,59.13,5314,77,6
2025-04-21,Sicilia,Subito Lavoro,AZ_IT_SUBITO_SPONSORED_ANNUNCI,15.16,1200,20,1
2025-04-21,Toscana,Subito Lavoro,AZ_IT_SUBITO_RETARGETING,8.23,1223,15,1
2025-04-21,Toscana,Subito Lavoro,AZ_IT_SUBITO_SLOT_PREMIUM,44.22,4054,56,6
2025-04-21,Toscana,Subito Lavoro,AZ_IT_SUBITO_SPONSORED_ANNUNCI,18.73,1445,27,2
2025-04-21,Trentino-Alto Adige,Subito Lavoro,AZ_IT_SUBITO_RETARGETING,2.21,321,4,0
2025-04-21,Trentino-Alto Adige,Subito Lavoro,AZ_IT_SUBITO_SLOT_PREMIUM,12.54,1151,15,1
2025-04-21,Trentino-Alto Adige,Subito Lavoro,AZ_IT_SUBITO_SPONSORED_ANNUNCI,4.39,332,6,0
2025-04-21,Umbria,Subito Lavoro,AZ_IT_SUBITO_RETARGETING,2.25,315,4,0
2025-04-21,Umbria,Subito Lavoro,AZ_IT_SUBITO_SLOT_PREMIUM,11.17,1068,17,1
2025-04-21,Umbria,Subito Lavoro,AZ_IT_SUBITO_SPONSORED_ANNUNCI,3.35,268,5,0
2025-04-21,Valle d'Aosta,Subito Lavoro,AZ_IT_SUBITO_RETARGETING,0.15,24,0,0
2025-04-21,Valle d'Aosta,Subito Lavoro,AZ_IT_SUBITO_SLOT_PREMIUM,1.75,160,2,0
2025-04-21,Valle d'Aosta,Subito Lavoro,AZ_IT_SUBITO_SPONSORED_ANNUNCI,0.49,39,1,0
2025-04-21,Veneto,Subito Lavoro,AZ_IT_SUBITO_RETARGETING,12.80,1805,22,1
2025-04-21,Veneto,Subito Lavoro,AZ_IT_SUBITO_SLOT_PREMIUM,56.93,5136,72,6
2025-04-21,Veneto,Subito Lavoro,AZ_IT_SUBITO_SPONSORED_ANNUNCI,32.95,2425,44,3
2025-04-28,Abruzzo,Subito Lavoro,AZ_IT_SUBITO_RETARGETING,4.33,645,7,1
2025-04-28,Abruzzo,Subito Lavoro,AZ_IT_SUBITO_SLOT_PREMIUM,16.93,1533,20,1
2025-04-28,Abruzzo,Subito Lavoro,AZ_IT_SUBITO_SPONSORED_ANNUNCI,12.66,956,15,1
2025-04-28,Basilicata,Subito Lavoro,AZ_IT_SUBITO_RETARGETING,1.33,191,2,0
2025-04-28,Basilicata,Subito Lavoro,AZ_IT_SUBITO_SLOT_PREMIUM,8.18,780,11,1
2025-04-28,Basilicata,Subito Lavoro,AZ_IT_SUBITO_SPONSORED_ANNUNCI,6.10,462,8,0
2025-04-28,Calabria,Subito Lavoro,AZ_IT_SUBITO_RETARGETING,7.88,1176,14,1
2025-04-28,Calabria,Subito Lavoro,AZ_IT_SUBITO_SLOT_PREMIUM,25.77,2277,33,4
2025-04-28,Calabria,Subito Lavoro,AZ_IT_SUBITO_SPONSORED_ANNUNCI,16.75,1280,22,2
2025-04-28,Campania,Subito Lavoro,AZ_IT_SUBITO_RETARGETING,21.19,2963,36,2
2025-04-28,Campania,Subito Lavoro,AZ_IT_SUBITO_SLOT_PREMIUM,94.74,8501,111,6
2025-04-28,Campania,Subito Lavoro,AZ_IT_SUBITO_SPONSORED_ANNUNCI,43.36,3296,53,2
2025-04-28,Emilia-Romagna,Subito Lavoro,AZ_IT_SUBITO_RETARGETING,14.32,2033,23,1
2025-04-28,Emilia-Romagna,Subito Lavoro,AZ_IT_SUBITO_SLOT_PREMIUM,74.48,6920,100,7
2025-04-28,Emilia-Romagna,Subito Lavoro,AZ_IT_SUBITO_SPONSORED_ANNUNCI,30.43,2330,41,2
2025-04-28,Friuli-Venezia Giulia,Subito Lavoro,AZ_IT_SUBITO_RETARGETING,5.45,770,9,1
2025-04-28,Friuli-Venezia Giulia,Subito Lavoro,AZ_IT_SUBITO_SLOT_PREMIUM,13.02,1191,17,2
2025-04-28,Friuli-Venezia Giulia,Subito Lavoro,AZ_IT_SUBITO_SPONSORED_ANNUNCI,13.45,1055,17,1
2025-04-28,Lazio,Subito Lavoro,AZ_IT_SUBITO_RETARGETING,17.80,2450,24,1
2025-04-28,Lazio,Subito Lavoro,AZ_IT_SUBITO_SLOT_PREMIUM,103.36,9089,131,9
2025-04-28,Lazio,Subito Lavoro,AZ_IT_SUBITO_SPONSORED_ANNUNCI,75.10,5723,102,4
2025-04-28,Liguria,Subito Lavoro,AZ_IT_SUBITO_RETARGETING,6.16,852,10,0
2025-04-28,Liguria,Subito Lavoro,AZ_IT_SUBITO_SLOT_PREMIUM,29.55,2706,39,2
2025-04-28,Liguria,Subito Lavoro,AZ_IT_SUBITO_SPONSORED_ANNUNCI,18.97,1441,26,1
2025-04-28,Lombardia,Subito Lavoro,AZ_IT_SUBITO_RETARGETING,31.42,4242,50,3
2025-04-28,Lombardia,Subito Lavoro,AZ_IT_SUBITO_SLOT_PREMIUM,178.90,17129,229,15
2025-04-28,Lombardia,Subito Lavoro,AZ_IT_SUBITO_SPONSORED_ANNUNCI,63.25,4848,95,4
2025-04-28,Marche,Subito Lavoro,AZ_IT_SUBITO_RETARGETING,4.08,597,7,0
2025-04-28,Marche,Subito Lavoro,AZ_IT_SUBITO_SLOT_PREMIUM,35.19,3191,46,4
2025-04-28,Marche,Subito Lavoro,AZ_IT_SUBITO_SPONSORED_ANNUNCI,13.83,1072,18,1
2025-04-28,Molise,Subito Lavoro,AZ_IT_SUBITO_RETARGETING,0.76,112,1,0
2025-04-28,Molise,Subito Lavoro,AZ_IT_SUBITO_SLOT_PREMIUM,4.36,391,6,0
2025-04-28,Molise,Subito Lavoro,AZ_IT_SUBITO_SPONSORED_ANNUNCI,3.36,260,5,0
2025-04-28,Piemonte,Subito Lavoro,AZ_IT_SUBITO_RETARGETING,27.54,4066,51,2
2025-04-28,Piemonte,Subito Lavoro,AZ_IT_SUBITO_SLOT_PREMIUM,73.65,6695,98,4
2025-04-28,Piemonte,Subito Lavoro,AZ_IT_SUBITO_SPONSORED_ANNUNCI,42.33,3286,55,2
2025-04-28,Puglia,Subito Lavoro,AZ_IT_SUBITO_RETARGETING,15.64,2196,29,1
2025-04-28,Puglia,Subito Lavoro,AZ_IT_SUBITO_SLOT_PREMIUM,59.55,5382,75,4
2025-04-28,Puglia,Subito Lavoro,AZ_IT_SUBITO_SPONSORED_ANNUNCI,39.29,3018,54,2
2025-04-28,Sardegna,Subito Lavoro,AZ_IT_SUBITO_RETARGETING,6.64,907,10,1
2025-04-28,Sardegna,Subito Lavoro,AZ_IT_SUBITO_SLOT_PREMIUM,21.18,2052,29,2
2025-04-28,Sardegna,Subito Lavoro,AZ_IT_SUBITO_SPONSORED_ANNUNCI,13.20,997,17,1
2025-04-28,Sicilia,Subito Lavoro,AZ_IT_SUBITO_RETARGETING,26.91,3718,47,3
2025-04-28,Sicilia,Subito Lavoro,AZ_IT_SUBITO_SLOT_PREMIUM,61.63,5750,89,5
2025-04-28,Sicilia,Subito Lavoro,AZ_IT_SUBITO_SPONSORED_ANNUNCI,38.43,2984,50,2
2025-04-28,Toscana,Subito Lavoro,AZ_IT_SUBITO_RETARGETING,19.20,2776,31,2
2025-04-28,Toscana,Subito Lavoro,AZ_IT_SUBITO_SLOT_PREMIUM,76.00,6475,100,7
2025-04-28,Toscana,Subito Lavoro,AZ_IT_SUBITO_SPONSORED_ANNUNCI,52.76,3869,75,4
2025-04-28,Trentino-Alto Adige,Subito Lavoro,AZ_IT_SUBITO_RETARGETING,5.30,746,9,1
2025-04-28,Trentino-Alto Adige,Subito Lavoro,AZ_IT_SUBITO_SLOT_PREMIUM,14.28,1350,17,2
2025-04-28,Trentino-Alto Adige,Subito Lavoro,AZ_IT_SUBITO_SPONSORED_ANNUNCI,6.09,477,9,0
2025-04-28,Umbria,Subito Lavoro,AZ_IT_SUBITO_RETARGETING,2.42,333,4,0
2025-04-28,Umbria,Subito Lavoro,AZ_IT_SUBITO_SLOT_PREMIUM,16.26,1458,21,2
2025-04-28,Umbria,Subito Lavoro,AZ_IT_SUBITO_SPONSORED_ANNUNCI,10.27,811,13,1
2025-04-28,Valle d'Aosta,Subito Lavoro,AZ_IT_SUBITO_RETARGETING,0.60,90,1,0
2025-04-28,Valle d'Aosta,Subito Lavoro,AZ_IT_SUBITO_SLOT_PREMIUM,1.91,175,2,0
2025-04-28,Valle d'Aosta,Subito Lavoro,AZ_IT_SUBITO_SPONSORED_ANNUNCI,0.85,63,1,0
2025-04-28,Veneto,Subito Lavoro,AZ_IT_SUBITO_RETARGETING,16.36,2282,25,1
2025-04-28,Veneto,Subito Lavoro,AZ_IT_SUBITO_SLOT_PREMIUM,88.96,8321,106,7
2025-04-28,Veneto,Subito Lavoro,AZ_IT_SUBITO_SPONSORED_ANNUNCI,30.64,2422,42,2
2025-05-05,Abruzzo,Subito Lavoro,AZ_IT_SUBITO_RETARGETING,5.66,844,9,1
2025-05-05,Abruzzo,Subito Lavoro,AZ_IT_SUBITO_SLOT_PREMIUM,15.56,1477,22,1
2025-05-05,Abruzzo,Subito Lavoro,AZ_IT_SUBITO_SPONSORED_ANNUNCI,16.16,1298,23,1
2025-05-05,Basilicata,Subito Lavoro,AZ_IT_SUBITO_RETARGETING,1.96,275,3,0
2025-05-05,Basilicata,Subito Lavoro,AZ_IT_SUBITO_SLOT_PREMIUM,18.89,1739,25,1
2025-05-05,Basilicata,Subito Lavoro,AZ_IT_SUBITO_SPONSORED_ANNUNCI,6.54,490,7,0
2025-05-05,Calabria,Subito Lavoro,AZ_IT_SUBITO_RETARGETING,6.89,969,9,1
2025-05-05,Calabria,Subito Lavoro,AZ_IT_SUBITO_SLOT_PREMIUM,30.88,2811,38,3
2025-05-05,Calabria,Subito Lavoro,AZ_IT_SUBITO_SPONSORED_ANNUNCI,32.04,2484,42,3
2025-05-05,Campania,Subito Lavoro,AZ_IT_SUBITO_RETARGETING,19.93,2838,36,2
2025-05-05,Campania,Subito Lavoro,AZ_IT_SUBITO_SLOT_PREMIUM,144.79,13015,179,10
2025-05-05,Campania,Subito Lavoro,AZ_IT_SUBITO_SPONSORED_ANNUNCI,46.81,3559,67,2
2025-05-05,Emilia-Romagna,Subito Lavoro,AZ_IT_SUBITO_RETARGETING,26.18,3729,47,2
2025-05-05,Emilia-Romagna,Subito Lavoro,AZ_IT_SUBITO_SLOT_PREMIUM,119.77,10892,165,7
2025-05-05,Emilia-Romagna,Subito Lavoro,AZ_IT_SUBITO_SPONSORED_ANNUNCI,69.47,5315,96,3
2025-05-05,Friuli-Venezia Giulia,Subito Lavoro,AZ_IT_SUBITO_RETARGETING,5.00,726,9,0
2025-05-05,Friuli-Venezia Giulia,Subito Lavoro,AZ_IT_SUBITO_SLOT_PREMIUM,41.76,4006,54,4
2025-05-05,Friuli-Venezia Giulia,Subito Lavoro,AZ_IT_SUBITO_SPONSORED_ANNUNCI,14.83,1122,20,1
2025-05-05,Lazio,Subito Lavoro,AZ_IT_SUBITO_RETARGETING,24.04,3466,43,3
2025-05-05,Lazio,Subito Lavoro,AZ_IT_SUBITO_SLOT_PREMIUM,79.54,6916,93,8
2025-05-05,Lazio,Subito Lavoro,AZ_IT_SUBITO_SPONSORED_ANNUNCI,83.11,6155,89,6
2025-05-05,Liguria,Subito Lavoro,AZ_IT_SUBITO_RETARGETING,9.79,1442,15,1
2025-05-05,Liguria,Subito Lavoro,AZ_IT_SUBITO_SLOT_PREMIUM,34.51,3121,40,2
2025-05-05,Liguria,Subito Lavoro,AZ_IT_SUBITO_SPONSORED_ANNUNCI,20.05,1608,24,1
2025-05-05,Lombardia,Subito Lavoro,AZ_IT_SUBITO_RETARGETING,79.83,10963,137,7
2025-05-05,Lombardia,Subito Lavoro,AZ_IT_SUBITO_SLOT_PREMIUM,221.34,20571,299,18
2025-05-05,Lombardia,Subito Lavoro,AZ_IT_SUBITO_SPONSORED_ANNUNCI,134.25,10307,174,7
2025-05-05,Marche,Subito Lavoro,AZ_IT_SUBITO_RETARGETING,8.22,1140,14,1
2025-05-05,Marche,Subito Lavoro,AZ_IT_SUBITO_SLOT_PREMIUM,43.46,4208,53,4
2025-05-05,Marche,Subito Lavoro,AZ_IT_SUBITO_SPONSORED_ANNUNCI,17.64,1361,22,1
2025-05-05,Molise,Subito Lavoro,AZ_IT_SUBITO_RETARGETING,1.21,178,2,0
2025-05-05,Molise,Subito Lavoro,AZ_IT_SUBITO_SLOT_PREMIUM,6.65,640,8,0
2025-05-05,Molise,Subito Lavoro,AZ_IT_SUBITO_SPONSORED_ANNUNCI,5.62,441,7,0
2025-05-05,Piemonte,Subito Lavoro,AZ_IT_SUBITO_RETARGETING,13.72,1901,23,1
2025-05-05,Piemonte,Subito Lavoro,AZ_IT_SUBITO_SLOT_PREMIUM,71.95,6608,91,5
2025-05-05,Piemonte,Subito Lavoro,AZ_IT_SUBITO_SPONSORED_ANNUNCI,69.51,5430,89,3
2025-05-05,Puglia,Subito Lavoro,AZ_IT_SUBITO_RETARGETING,21.17,3010,35,1
2025-05-05,Puglia,Subito Lavoro,AZ_IT_SUBITO_SLOT_PREMIUM,76.24,7099,95,4
2025-05-05,Puglia,Subito Lavoro,AZ_IT_SUBITO_SPONSORED_ANNUNCI,61.31,4647,80,2
2025-05-05,Sardegna,Subito Lavoro,AZ_IT_SUBITO_RETARGETING,4.68,643,7,0
2025-05-05,Sardegna,Subito Lavoro,AZ_IT_SUBITO_SLOT_PREMIUM,26.35,2468,31,2
2025-05-05,Sardegna,Subito Lavoro,AZ_IT_SUBITO_SPONSORED_ANNUNCI,14.35,1089,18,1
2025-05-05,Sicilia,Subito Lavoro,AZ_IT_SUBITO_RETARGETING,23.97,3513,41,2
2025-05-05,Sicilia,Subito Lavoro,AZ_IT_SUBITO_SLOT_PREMIUM,87.81,7920,102,8
2025-05-05,Sicilia,Subito Lavoro,AZ_IT_SUBITO_SPONSORED_ANNUNCI,46.31,3535,66,2
2025-05-05,Toscana,Subito Lavoro,AZ_IT_SUBITO_RETARGETING,20.47,2792,34,2
2025-05-05,Toscana,Subito Lavoro,AZ_IT_SUBITO_SLOT_PREMIUM,104.73,9777,121,11
2025-05-05,Toscana,Subito Lavoro,AZ_IT_SUBITO_SPONSORED_ANNUNCI,64.13,5090,72,4
2025-05-05,Trentino-Alto Adige,Subito Lavoro,AZ_IT_SUBITO_RETARGETING,5.31,749,8,1
2025-05-05,Trentino-Alto Adige,Subito Lavoro,AZ_IT_SUBITO_SLOT_PREMIUM,16.94,1519,21,1
2025-05-05,Trentino-Alto Adige,Subito Lavoro,AZ_IT_SUBITO_SPONSORED_ANNUNCI,15.86,1205,21,1
2025-05-05,Umbria,Subito Lavoro,AZ_IT_SUBITO_RETARGETING,2.83,392,5,0
2025-05-05,Umbria,Subito Lavoro,AZ_IT_SUBITO_SLOT_PREMIUM,22.99,2012,26,2
2025-05-05,Umbria,Subito Lavoro,AZ_IT_SUBITO_SPONSORED_ANNUNCI,8.36,632,11,1
2025-05-05,Valle d'Aosta,Subito Lavoro,AZ_IT_SUBITO_RETARGETING,0.69,99,1,0
2025-05-05,Valle d'Aosta,Subito Lavoro,AZ_IT_SUBITO_SLOT_PREMIUM,1.58,146,2,0
2025-05-05,Valle d'Aosta,Subito Lavoro,AZ_IT_SUBITO_SPONSORED_ANNUNCI,2.17,164,3,0
2025-05-05,Veneto,Subito Lavoro,AZ_IT_SUBITO_RETARGETING,27.40,3957,43,2
2025-05-05,Veneto,Subito Lavoro,AZ_IT_SUBITO_SLOT_PREMIUM,78.91,7183,99,6
2025-05-05,Veneto,Subito Lavoro,AZ_IT_SUBITO_SPONSORED_ANNUNCI,64.54,4970,87,4
2025-05-12,Abruzzo,Subito Lavoro,AZ_IT_SUBITO_RETARGETING,19.61,2914,31,1
2025-05-12,Abruzzo,Subito Lavoro,AZ_IT_SUBITO_SLOT_PREMIUM,56.60,5297,73,3
2025-05-12,Abruzzo,Subito Lavoro,AZ_IT_SUBITO_SPONSORED_ANNUNCI,15.07,1170,19,1
2025-05-12,Basilicata,Subito Lavoro,AZ_IT_SUBITO_RETARGETING,3.90,562,7,0
2025-05-12,Basilicata,Subito Lavoro,AZ_IT_SUBITO_SLOT_PREMIUM,18.99,1747,25,1
2025-05-12,Basilicata,Subito Lavoro,AZ_IT_SUBITO_SPONSORED_ANNUNCI,7.89,656,11,0
2025-05-12,Calabria,Subito Lavoro,AZ_IT_SUBITO_RETARGETING,18.34,2560,30,2
2025-05-12,Calabria,Subito Lavoro,AZ_IT_SUBITO_SLOT_PREMIUM,44.17,3928,62,4
2025-05-12,Calabria,Subito Lavoro,AZ_IT_SUBITO_SPONSORED_ANNUNCI,39.88,2962,52,2
2025-05-12,Campania,Subito Lavoro,AZ_IT_SUBITO_RETARGETING,42.54,6095,79,3
2025-05-12,Campania,Subito Lavoro,AZ_IT_SUBITO_SLOT_PREMIUM,173.66,16455,220,9
2025-05-12,Campania,Subito Lavoro,AZ_IT_SUBITO_SPONSORED_ANNUNCI,81.00,6024,98,3
2025-05-12,Emilia-Romagna,Subito Lavoro,AZ_IT_SUBITO_RETARGETING,28.28,4106,49,2
2025-05-12,Emilia-Romagna,Subito Lavoro,AZ_IT_SUBITO_SLOT_PREMIUM,122.95,11434,127,8
2025-05-12,Emilia-Romagna,Subito Lavoro,AZ_IT_SUBITO_SPONSORED_ANNUNCI,85.31,6870,122,4
2025-05-12,Friuli-Venezia Giulia,Subito Lavoro,AZ_IT_SUBITO_RETARGETING,13.99,2049,22,2
2025-05-12,Friuli-Venezia Giulia,Subito Lavoro,AZ_IT_SUBITO_SLOT_PREMIUM,24.94,2325,35,2
2025-05-12,Friuli-Venezia Giulia,Subito Lavoro,AZ_IT_SUBITO_SPONSORED_ANNUNCI,20.11,1445,26,1
2025-05-12,Lazio,Subito Lavoro,AZ_IT_SUBITO_RETARGETING,54.67,7805,85,5
2025-05-12,Lazio,Subito Lavoro,AZ_IT_SUBITO_SLOT_PREMIUM,128.90,11353,145,10
2025-05-12,Lazio,Subito Lavoro,AZ_IT_SUBITO_SPONSORED_ANNUNCI,114.05,9030,138,6
2025-05-12,Liguria,Subito Lavoro,AZ_IT_SUBITO_RETARGETING,11.48,1686,23,1
2025-05-12,Liguria,Subito Lavoro,AZ_IT_SUBITO_SLOT_PREMIUM,50.88,4542,67,3
2025-05-12,Liguria,Subito Lavoro,AZ_IT_SUBITO_SPONSORED_ANNUNCI,22.83,1718,27,1
2025-05-12,Lombardia,Subito Lavoro,AZ_IT_SUBITO_RETARGETING,110.13,15696,164,8
2025-05-12,Lombardia,Subito Lavoro,AZ_IT_SUBITO_SLOT_PREMIUM,225.66,20251,265,14
2025-05-12,Lombardia,Subito Lavoro,AZ_IT_SUBITO_SPONSORED_ANNUNCI,210.10,16094,228,11
2025-05-12,Marche,Subito Lavoro,AZ_IT_SUBITO_RETARGETING,9.40,1299,15,1
2025-05-12,Marche,Subito Lavoro,AZ_IT_SUBITO_SLOT_PREMIUM,55.55,5059,71,5
2025-05-12,Marche,Subito Lavoro,AZ_IT_SUBITO_SPONSORED_ANNUNCI,19.16,1467,27,1
2025-05-12,Molise,Subito Lavoro,AZ_IT_SUBITO_RETARGETING,2.63,365,4,0
2025-05-12,Molise,Subito Lavoro,AZ_IT_SUBITO_SLOT_PREMIUM,8.81,852,12,1
2025-05-12,Molise,Subito Lavoro,AZ_IT_SUBITO_SPONSORED_ANNUNCI,3.50,281,5,0
2025-05-12,Piemonte,Subito Lavoro,AZ_IT_SUBITO_RETARGETING,32.40,4602,47,2
2025-05-12,Piemonte,Subito Lavoro,AZ_IT_SUBITO_SLOT_PREMIUM,92.37,8076,109,5
2025-05-12,Piemonte,Subito Lavoro,AZ_IT_SUBITO_SPONSORED_ANNUNCI,100.92,7682,148,4
2025-05-12,Puglia,Subito Lavoro,AZ_IT_SUBITO_RETARGETING,41.34,5866,73,2
2025-05-12,Puglia,Subito Lavoro,AZ_IT_SUBITO_SLOT_PREMIUM,130.25,11890,145,7
2025-05-12,Puglia,Subito Lavoro,AZ_IT_SUBITO_SPONSORED_ANNUNCI,72.61,5721,95,2
2025-05-12,Sardegna,Subito Lavoro,AZ_IT_SUBITO_RETARGETING,12.99,1853,21,1
2025-05-12,Sardegna,Subito Lavoro,AZ_IT_SUBITO_SLOT_PREMIUM,53.67,4746,64,3
2025-05-12,Sardegna,Subito Lavoro,AZ_IT_SUBITO_SPONSORED_ANNUNCI,29.78,2259,44,1
2025-05-12,Sicilia,Subito Lavoro,AZ_IT_SUBITO_RETARGETING,59.23,8862,110,3
2025-05-12,Sicilia,Subito Lavoro,AZ_IT_SUBITO_SLOT_PREMIUM,154.41,13689,176,8
2025-05-12,Sicilia,Subito Lavoro,AZ_IT_SUBITO_SPONSORED_ANNUNCI,90.35,6787,114,3
2025-05-12,Toscana,Subito Lavoro,AZ_IT_SUBITO_RETARGETING,35.60,5103,60,3
2025-05-12,Toscana,Subito Lavoro,AZ_IT_SUBITO_SLOT_PREMIUM,216.40,19513,279,13
2025-05-12,Toscana,Subito Lavoro,AZ_IT_SUBITO_SPONSORED_ANNUNCI,80.87,6102,95,4
2025-05-12,Trentino-Alto Adige,Subito Lavoro,AZ_IT_SUBITO_RETARGETING,11.02,1615,20,1
2025-05-12,Trentino-Alto Adige,Subito Lavoro,AZ_IT_SUBITO_SLOT_PREMIUM,40.10,3703,59,3
2025-05-12,Trentino-Alto Adige,Subito Lavoro,AZ_IT_SUBITO_SPONSORED_ANNUNCI,23.57,1788,30,1
2025-05-12,Umbria,Subito Lavoro,AZ_IT_SUBITO_RETARGETING,5.78,837,8,1
2025-05-12,Umbria,Subito Lavoro,AZ_IT_SUBITO_SLOT_PREMIUM,27.15,2290,32,2
2025-05-12,Umbria,Subito Lavoro,AZ_IT_SUBITO_SPONSORED_ANNUNCI,13.02,962,16,1
2025-05-12,Valle d'Aosta,Subito Lavoro,AZ_IT_SUBITO_RETARGETING,0.78,113,1,0
2025-05-12,Valle d'Aosta,Subito Lavoro,AZ_IT_SUBITO_SLOT_PREMIUM,4.04,351,5,0
2025-05-12,Valle d'Aosta,Subito Lavoro,AZ_IT_SUBITO_SPONSORED_ANNUNCI,2.13,163,3,0
2025-05-12,Veneto,Subito Lavoro,AZ_IT_SUBITO_RETARGETING,46.21,6407,81,4
2025-05-12,Veneto,Subito Lavoro,AZ_IT_SUBITO_SLOT_PREMIUM,97.30,8713,107,6
2025-05-12,Veneto,Subito Lavoro,AZ_IT_SUBITO_SPONSORED_ANNUNCI,96.63,7729,141,5
2025-05-19,Abruzzo,Subito Lavoro,AZ_IT_SUBITO_RETARGETING,1.62,234,3,0
2025-05-19,Abruzzo,Subito Lavoro,AZ_IT_SUBITO_SLOT_PREMIUM,6.69,605,9,2
2025-05-19,Abruzzo,Subito Lavoro,AZ_IT_SUBITO_SPONSORED_ANNUNCI,2.65,208,4,1
2025-05-19,Basilicata,Subito Lavoro,AZ_IT_SUBITO_RETARGETING,0.73,109,1,0
2025-05-19,Basilicata,Subito Lavoro,AZ_IT_SUBITO_SLOT_PREMIUM,4.03,356,5,1
2025-05-19,Basilicata,Subito Lavoro,AZ_IT_SUBITO_SPONSORED_ANNUNCI,0.99,76,1,0
2025-05-19,Calabria,Subito Lavoro,AZ_IT_SUBITO_RETARGETING,2.86,401,4,1
2025-05-19,Calabria,Subito Lavoro,AZ_IT_SUBITO_SLOT_PREMIUM,6.70,603,8,2
2025-05-19,Calabria,Subito Lavoro,AZ_IT_SUBITO_SPONSORED_ANNUNCI,4.36,339,6,1
2025-05-19,Campania,Subito Lavoro,AZ_IT_SUBITO_RETARGETING,10.09,1416,17,2
2025-05-19,Campania,Subito Lavoro,AZ_IT_SUBITO_SLOT_PREMIUM,32.66,2936,35,6
2025-05-19,Campania,Subito Lavoro,AZ_IT_SUBITO_SPONSORED_ANNUNCI,10.13,771,13,2
2025-05-19,Emilia-Romagna,Subito Lavoro,AZ_IT_SUBITO_RETARGETING,4.92,694,8,1
2025-05-19,Emilia-Romagna,Subito Lavoro,AZ_IT_SUBITO_SLOT_PREMIUM,20.57,1903,27,5
2025-05-19,Emilia-Romagna,Subito Lavoro,AZ_IT_SUBITO_SPONSORED_ANNUNCI,7.97,615,11,1
2025-05-19,Friuli-Venezia Giulia,Subito Lavoro,AZ_IT_SUBITO_RETARGETING,1.54,226,3,1
2025-05-19,Friuli-Venezia Giulia,Subito Lavoro,AZ_IT_SUBITO_SLOT_PREMIUM,6.16,565,8,2
2025-05-19,Friuli-Venezia Giulia,Subito Lavoro,AZ_IT_SUBITO_SPONSORED_ANNUNCI,3.21,250,5,1
2025-05-19,Lazio,Subito Lavoro,AZ_IT_SUBITO_RETARGETING,11.09,1546,17,3
2025-05-19,Lazio,Subito Lavoro,AZ_IT_SUBITO_SLOT_PREMIUM,30.04,2726,38,6
2025-05-19,Lazio,Subito Lavoro,AZ_IT_SUBITO_SPONSORED_ANNUNCI,13.72,1012,19,2
2025-05-19,Liguria,Subito Lavoro,AZ_IT_SUBITO_RETARGETING,1.86,262,3,0
2025-05-19,Liguria,Subito Lavoro,AZ_IT_SUBITO_SLOT_PREMIUM,6.57,619,8,1
2025-05-19,Liguria,Subito Lavoro,AZ_IT_SUBITO_SPONSORED_ANNUNCI,4.18,326,5,1
2025-05-19,Lombardia,Subito Lavoro,AZ_IT_SUBITO_RETARGETING,20.08,2819,36,5
2025-05-19,Lombardia,Subito Lavoro,AZ_IT_SUBITO_SLOT_PREMIUM,36.53,3407,44,9
2025-05-19,Lombardia,Subito Lavoro,AZ_IT_SUBITO_SPONSORED_ANNUNCI,51.39,4008,73,8
2025-05-19,Marche,Subito Lavoro,AZ_IT_SUBITO_RETARGETING,1.73,240,3,0
2025-05-19,Marche,Subito Lavoro,AZ_IT_SUBITO_SLOT_PREMIUM,13.92,1256,17,3
2025-05-19,Marche,Subito Lavoro,AZ_IT_SUBITO_SPONSORED_ANNUNCI,3.86,291,5,1
2025-05-19,Molise,Subito Lavoro,AZ_IT_SUBITO_RETARGETING,0.60,83,1,0
2025-05-19,Molise,Subito Lavoro,AZ_IT_SUBITO_SLOT_PREMIUM,2.74,239,4,0
2025-05-19,Molise,Subito Lavoro,AZ_IT_SUBITO_SPONSORED_ANNUNCI,0.98,74,1,0
2025-05-19,Piemonte,Subito Lavoro,AZ_IT_SUBITO_RETARGETING,4.70,670,8,1
2025-05-19,Piemonte,Subito Lavoro,AZ_IT_SUBITO_SLOT_PREMIUM,24.52,2216,28,4
2025-05-19,Piemonte,Subito Lavoro,AZ_IT_SUBITO_SPONSORED_ANNUNCI,13.70,1084,20,2
2025-05-19,Puglia,Subito Lavoro,AZ_IT_SUBITO_RETARGETING,4.04,593,7,1
2025-05-19,Puglia,Subito Lavoro,AZ_IT_SUBITO_SLOT_PREMIUM,30.32,2638,39,5
2025-05-19,Puglia,Subito Lavoro,AZ_IT_SUBITO_SPONSORED_ANNUNCI,11.74,934,16,1
2025-05-19,Sardegna,Subito Lavoro,AZ_IT_SUBITO_RETARGETING,3.01,410,5,1
2025-05-19,Sardegna,Subito Lavoro,AZ_IT_SUBITO_SLOT_PREMIUM,7.98,738,11,2
2025-05-19,Sardegna,Subito Lavoro,AZ_IT_SUBITO_SPONSORED_ANNUNCI,5.61,427,8,1
2025-05-19,Sicilia,Subito Lavoro,AZ_IT_SUBITO_RETARGETING,7.47,1072,13,1
2025-05-19,Sicilia,Subito Lavoro,AZ_IT_SUBITO_SLOT_PREMIUM,36.62,3524,49,6
2025-05-19,Sicilia,Subito Lavoro,AZ_IT_SUBITO_SPONSORED_ANNUNCI,11.91,933,16,2
2025-05-19,Toscana,Subito Lavoro,AZ_IT_SUBITO_RETARGETING,6.63,1005,11,3
2025-05-19,Toscana,Subito Lavoro,AZ_IT_SUBITO_SLOT_PREMIUM,18.69,1720,24,7
2025-05-19,Toscana,Subito Lavoro,AZ_IT_SUBITO_SPONSORED_ANNUNCI,11.04,887,13,3
2025-05-19,Trentino-Alto Adige,Subito Lavoro,AZ_IT_SUBITO_RETARGETING,1.38,195,2,1
2025-05-19,Trentino-Alto Adige,Subito Lavoro,AZ_IT_SUBITO_SLOT_PREMIUM,4.71,440,6,2
2025-05-19,Trentino-Alto Adige,Subito Lavoro,AZ_IT_SUBITO_SPONSORED_ANNUNCI,1.95,151,2,0
2025-05-19,Umbria,Subito Lavoro,AZ_IT_SUBITO_RETARGETING,0.88,127,1,0
2025-05-19,Umbria,Subito Lavoro,AZ_IT_SUBITO_SLOT_PREMIUM,4.54,401,5,1
2025-05-19,Umbria,Subito Lavoro,AZ_IT_SUBITO_SPONSORED_ANNUNCI,2.24,166,2,1
2025-05-19,Valle d'Aosta,Subito Lavoro,AZ_IT_SUBITO_RETARGETING,0.18,26,0,0
2025-05-19,Valle d'Aosta,Subito Lavoro,AZ_IT_SUBITO_SLOT_PREMIUM,0.55,50,1,0
2025-05-19,Valle d'Aosta,Subito Lavoro,AZ_IT_SUBITO_SPONSORED_ANNUNCI,0.25,19,0,0
2025-05-19,Veneto,Subito Lavoro,AZ_IT_SUBITO_RETARGETING,7.34,1019,12,1
2025-05-19,Veneto,Subito Lavoro,AZ_IT_SUBITO_SLOT_PREMIUM,36.07,3263,43,6
2025-05-19,Veneto,Subito Lavoro,AZ_IT_SUBITO_SPONSORED_ANNUNCI,13.18,970,16,2
2025-05-26,Abruzzo,Subito Lavoro,AZ_IT_SUBITO_RETARGETING,4.98,712,9,1
2025-05-26,Abruzzo,Subito Lavoro,AZ_IT_SUBITO_SLOT_PREMIUM,13.92,1233,18,2
2025-05-26,Abruzzo,Subito Lavoro,AZ_IT_SUBITO_SPONSORED_ANNUNCI,10.15,810,13,1
2025-05-26,Basilicata,Subito Lavoro,AZ_IT_SUBITO_RETARGETING,1.29,177,2,0
2025-05-26,Basilicata,Subito Lavoro,AZ_IT_SUBITO_SLOT_PREMIUM,4.26,385,6,1
2025-05-26,Basilicata,Subito Lavoro,AZ_IT_SUBITO_SPONSORED_ANNUNCI,2.69,219,4,0
2025-05-26,Calabria,Subito Lavoro,AZ_IT_SUBITO_RETARGETING,5.65,806,9,1
2025-05-26,Calabria,Subito Lavoro,AZ_IT_SUBITO_SLOT_PREMIUM,17.04,1497,21,2
2025-05-26,Calabria,Subito Lavoro,AZ_IT_SUBITO_SPONSORED_ANNUNCI,7.36,573,10,1
2025-05-26,Campania,Subito Lavoro,AZ_IT_SUBITO_RETARGETING,15.97,2414,30,1
2025-05-26,Campania,Subito Lavoro,AZ_IT_SUBITO_SLOT_PREMIUM,58.50,5459,74,5
2025-05-26,Campania,Subito Lavoro,AZ_IT_SUBITO_SPONSORED_ANNUNCI,37.14,2782,49,3
2025-05-26,Emilia-Romagna,Subito Lavoro,AZ_IT_SUBITO_RETARGETING,12.12,1848,20,2
2025-05-26,Emilia-Romagna,Subito Lavoro,AZ_IT_SUBITO_SLOT_PREMIUM,35.69,3199,47,4
2025-05-26,Emilia-Romagna,Subito Lavoro,AZ_IT_SUBITO_SPONSORED_ANNUNCI,18.11,1430,19,1
2025-05-26,Friuli-Venezia Giulia,Subito Lavoro,AZ_IT_SUBITO_RETARGETING,3.09,422,5,0
2025-05-26,Friuli-Venezia Giulia,Subito Lavoro,AZ_IT_SUBITO_SLOT_PREMIUM,11.72,1039,14,2
2025-05-26,Friuli-Venezia Giulia,Subito Lavoro,AZ_IT_SUBITO_SPONSORED_ANNUNCI,6.92,518,7,1
2025-05-26,Lazio,Subito Lavoro,AZ_IT_SUBITO_RETARGETING,16.35,2248,28,2
2025-05-26,Lazio,Subito Lavoro,AZ_IT_SUBITO_SLOT_PREMIUM,69.26,6335,72,8
2025-05-26,Lazio,Subito Lavoro,AZ_IT_SUBITO_SPONSORED_ANNUNCI,51.42,4181,76,4
2025-05-26,Liguria,Subito Lavoro,AZ_IT_SUBITO_RETARGETING,4.59,674,8,0
2025-05-26,Liguria,Subito Lavoro,AZ_IT_SUBITO_SLOT_PREMIUM,16.78,1558,20,1
2025-05-26,Liguria,Subito Lavoro,AZ_IT_SUBITO_SPONSORED_ANNUNCI,6.88,516,9,0
2025-05-26,Lombardia,Subito Lavoro,AZ_IT_SUBITO_RETARGETING,34.04,4855,70,4
2025-05-26,Lombardia,Subito Lavoro,AZ_IT_SUBITO_SLOT_PREMIUM,81.72,7656,104,8
2025-05-26,Lombardia,Subito Lavoro,AZ_IT_SUBITO_SPONSORED_ANNUNCI,69.89,5403,91,6
2025-05-26,Marche,Subito Lavoro,AZ_IT_SUBITO_RETARGETING,3.34,487,5,1
2025-05-26,Marche,Subito Lavoro,AZ_IT_SUBITO_SLOT_PREMIUM,12.52,1115,14,2
2025-05-26,Marche,Subito Lavoro,AZ_IT_SUBITO_SPONSORED_ANNUNCI,13.17,1041,18,2
2025-05-26,Molise,Subito Lavoro,AZ_IT_SUBITO_RETARGETING,1.03,149,2,0
2025-05-26,Molise,Subito Lavoro,AZ_IT_SUBITO_SLOT_PREMIUM,3.23,294,4,0
2025-05-26,Molise,Subito Lavoro,AZ_IT_SUBITO_SPONSORED_ANNUNCI,2.02,156,3,0
2025-05-26,Piemonte,Subito Lavoro,AZ_IT_SUBITO_RETARGETING,14.18,1984,24,1
2025-05-26,Piemonte,Subito Lavoro,AZ_IT_SUBITO_SLOT_PREMIUM,68.88,6462,81,4
2025-05-26,Piemonte,Subito Lavoro,AZ_IT_SUBITO_SPONSORED_ANNUNCI,39.82,2900,49,2
2025-05-26,Puglia,Subito Lavoro,AZ_IT_SUBITO_RETARGETING,11.39,1697,22,1
2025-05-26,Puglia,Subito Lavoro,AZ_IT_SUBITO_SLOT_PREMIUM,38.67,3406,49,3
2025-05-26,Puglia,Subito Lavoro,AZ_IT_SUBITO_SPONSORED_ANNUNCI,27.17,2120,38,2
2025-05-26,Sardegna,Subito Lavoro,AZ_IT_SUBITO_RETARGETING,4.42,601,7,0
2025-05-26,Sardegna,Subito Lavoro,AZ_IT_SUBITO_SLOT_PREMIUM,25.52,2326,33,2
2025-05-26,Sardegna,Subito Lavoro,AZ_IT_SUBITO_SPONSORED_ANNUNCI,9.14,686,11,1
2025-05-26,Sicilia,Subito Lavoro,AZ_IT_SUBITO_RETARGETING,21.81,3088,34,2
2025-05-26,Sicilia,Subito Lavoro,AZ_IT_SUBITO_SLOT_PREMIUM,69.71,6353,82,6
2025-05-26,Sicilia,Subito Lavoro,AZ_IT_SUBITO_SPONSORED_ANNUNCI,22.87,1772,29,1
2025-05-26,Toscana,Subito Lavoro,AZ_IT_SUBITO_RETARGETING,11.18,1589,20,2
2025-05-26,Toscana,Subito Lavoro,AZ_IT_SUBITO_SLOT_PREMIUM,53.02,4678,65,7
2025-05-26,Toscana,Subito Lavoro,AZ_IT_SUBITO_SPONSORED_ANNUNCI,25.51,1889,32,2
2025-05-26,Trentino-Alto Adige,Subito Lavoro,AZ_IT_SUBITO_RETARGETING,3.31,459,5,0
2025-05-26,Trentino-Alto Adige,Subito Lavoro,AZ_IT_SUBITO_SLOT_PREMIUM,9.82,923,12,1
2025-05-26,Trentino-Alto Adige,Subito Lavoro,AZ_IT_SUBITO_SPONSORED_ANNUNCI,6.08,471,8,1
2025-05-26,Umbria,Subito Lavoro,AZ_IT_SUBITO_RETARGETING,2.25,317,4,0
2025-05-26,Umbria,Subito Lavoro,AZ_IT_SUBITO_SLOT_PREMIUM,10.92,984,14,1
2025-05-26,Umbria,Subito Lavoro,AZ_IT_SUBITO_SPONSORED_ANNUNCI,10.27,805,14,1
2025-05-26,Valle d'Aosta,Subito Lavoro,AZ_IT_SUBITO_RETARGETING,0.34,50,1,0
2025-05-26,Valle d'Aosta,Subito Lavoro,AZ_IT_SUBITO_SLOT_PREMIUM,1.40,132,2,0
2025-05-26,Valle d'Aosta,Subito Lavoro,AZ_IT_SUBITO_SPONSORED_ANNUNCI,0.58,46,1,0
2025-05-26,Veneto,Subito Lavoro,AZ_IT_SUBITO_RETARGETING,12.23,1759,20,1
2025-05-26,Veneto,Subito Lavoro,AZ_IT_SUBITO_SLOT_PREMIUM,38.48,3388,41,4
2025-05-26,Veneto,Subito Lavoro,AZ_IT_SUBITO_SPONSORED_ANNUNCI,26.27,2072,36,2
2025-06-02,Abruzzo,Subito Lavoro,AZ_IT_SUBITO_RETARGETING,23.50,3437,38,1
2025-06-02,Abruzzo,Subito Lavoro,AZ_IT_SUBITO_SLOT_PREMIUM,35.66,3004,36,2
2025-06-02,Abruzzo,Subito Lavoro,AZ_IT_SUBITO_SPONSORED_ANNUNCI,23.31,1874,34,1
2025-06-02,Basilicata,Subito Lavoro,AZ_IT_SUBITO_RETARGETING,5.83,882,9,0
2025-06-02,Basilicata,Subito Lavoro,AZ_IT_SUBITO_SLOT_PREMIUM,24.77,2214,34,1
2025-06-02,Basilicata,Subito Lavoro,AZ_IT_SUBITO_SPONSORED_ANNUNCI,19.96,1565,27,1
2025-06-02,Calabria,Subito Lavoro,AZ_IT_SUBITO_RETARGETING,29.18,4188,46,2
2025-06-02,Calabria,Subito Lavoro,AZ_IT_SUBITO_SLOT_PREMIUM,92.02,8472,122,5
2025-06-02,Calabria,Subito Lavoro,AZ_IT_SUBITO_SPONSORED_ANNUNCI,41.10,3136,49,2
2025-06-02,Campania,Subito Lavoro,AZ_IT_SUBITO_RETARGETING,66.96,9518,126,3
2025-06-02,Campania,Subito Lavoro,AZ_IT_SUBITO_SLOT_PREMIUM,309.74,27737,371,10
2025-06-02,Campania,Subito Lavoro,AZ_IT_SUBITO_SPONSORED_ANNUNCI,201.91,15597,257,5
2025-06-02,Emilia-Romagna,Subito Lavoro,AZ_IT_SUBITO_RETARGETING,60.17,8557,118,3
2025-06-02,Emilia-Romagna,Subito Lavoro,AZ_IT_SUBITO_SLOT_PREMIUM,242.07,22075,301,10
2025-06-02,Emilia-Romagna,Subito Lavoro,AZ_IT_SUBITO_SPONSORED_ANNUNCI,85.03,6688,101,3
2025-06-02,Friuli-Venezia Giulia,Subito Lavoro,AZ_IT_SUBITO_RETARGETING,11.69,1601,17,1
2025-06-02,Friuli-Venezia Giulia,Subito Lavoro,AZ_IT_SUBITO_SLOT_PREMIUM,54.49,4950,67,4
2025-06-02,Friuli-Venezia Giulia,Subito Lavoro,AZ_IT_SUBITO_SPONSORED_ANNUNCI,22.47,1646,29,1
2025-06-02,Lazio,Subito Lavoro,AZ_IT_SUBITO_RETARGETING,80.81,11768,154,5
2025-06-02,Lazio,Subito Lavoro,AZ_IT_SUBITO_SLOT_PREMIUM,169.84,15027,224,9
2025-06-02,Lazio,Subito Lavoro,AZ_IT_SUBITO_SPONSORED_ANNUNCI,221.99,16059,268,9
2025-06-02,Liguria,Subito Lavoro,AZ_IT_SUBITO_RETARGETING,20.68,2908,36,1
2025-06-02,Liguria,Subito Lavoro,AZ_IT_SUBITO_SLOT_PREMIUM,69.64,6863,93,2
2025-06-02,Liguria,Subito Lavoro,AZ_IT_SUBITO_SPONSORED_ANNUNCI,35.38,2747,50,1
2025-06-02,Lombardia,Subito Lavoro,AZ_IT_SUBITO_RETARGETING,124.08,18535,223,6
2025-06-02,Lombardia,Subito Lavoro,AZ_IT_SUBITO_SLOT_PREMIUM,480.62,43554,546,22
2025-06-02,Lombardia,Subito Lavoro,AZ_IT_SUBITO_SPONSORED_ANNUNCI,265.19,21710,377,9
2025-06-02,Marche,Subito Lavoro,AZ_IT_SUBITO_RETARGETING,26.79,3743,40,2
2025-06-02,Marche,Subito Lavoro,AZ_IT_SUBITO_SLOT_PREMIUM,46.36,4133,56,3
2025-06-02,Marche,Subito Lavoro,AZ_IT_SUBITO_SPONSORED_ANNUNCI,48.88,3886,68,2
2025-06-02,Molise,Subito Lavoro,AZ_IT_SUBITO_RETARGETING,4.73,679,9,0
2025-06-02,Molise,Subito Lavoro,AZ_IT_SUBITO_SLOT_PREMIUM,10.99,1079,14,1
2025-06-02,Molise,Subito Lavoro,AZ_IT_SUBITO_SPONSORED_ANNUNCI,9.16,698,11,0
2025-06-02,Piemonte,Subito Lavoro,AZ_IT_SUBITO_RETARGETING,60.68,8969,93,2
2025-06-02,Piemonte,Subito Lavoro,AZ_IT_SUBITO_SLOT_PREMIUM,220.89,19530,269,8
2025-06-02,Piemonte,Subito Lavoro,AZ_IT_SUBITO_SPONSORED_ANNUNCI,125.37,9934,158,3
2025-06-02,Puglia,Subito Lavoro,AZ_IT_SUBITO_RETARGETING,52.05,7470,88,2
2025-06-02,Puglia,Subito Lavoro,AZ_IT_SUBITO_SLOT_PREMIUM,121.96,11131,170,5
2025-06-02,Puglia,Subito Lavoro,AZ_IT_SUBITO_SPONSORED_ANNUNCI,103.74,7914,132,3
2025-06-02,Sardegna,Subito Lavoro,AZ_IT_SUBITO_RETARGETING,27.18,3933,45,1
2025-06-02,Sardegna,Subito Lavoro,AZ_IT_SUBITO_SLOT_PREMIUM,60.54,5412,68,3
2025-06-02,Sardegna,Subito Lavoro,AZ_IT_SUBITO_SPONSORED_ANNUNCI,37.97,2851,47,1
2025-06-02,Sicilia,Subito Lavoro,AZ_IT_SUBITO_RETARGETING,75.26,10991,130,4
2025-06-02,Sicilia,Subito Lavoro,AZ_IT_SUBITO_SLOT_PREMIUM,173.15,15176,195,8
2025-06-02,Sicilia,Subito Lavoro,AZ_IT_SUBITO_SPONSORED_ANNUNCI,97.72,7227,120,4
2025-06-02,Toscana,Subito Lavoro,AZ_IT_SUBITO_RETARGETING,31.90,4471,59,2
2025-06-02,Toscana,Subito Lavoro,AZ_IT_SUBITO_SLOT_PREMIUM,127.15,11893,173,9
2025-06-02,Toscana,Subito Lavoro,AZ_IT_SUBITO_SPONSORED_ANNUNCI,83.13,6372,101,5
2025-06-02,Trentino-Alto Adige,Subito Lavoro,AZ_IT_SUBITO_RETARGETING,14.21,2150,22,1
2025-06-02,Trentino-Alto Adige,Subito Lavoro,AZ_IT_SUBITO_SLOT_PREMIUM,31.12,2834,37,2
2025-06-02,Trentino-Alto Adige,Subito Lavoro,AZ_IT_SUBITO_SPONSORED_ANNUNCI,28.27,2124,37,1
2025-06-02,Umbria,Subito Lavoro,AZ_IT_SUBITO_RETARGETING,8.87,1201,13,1
2025-06-02,Umbria,Subito Lavoro,AZ_IT_SUBITO_SLOT_PREMIUM,28.31,2479,37,2
2025-06-02,Umbria,Subito Lavoro,AZ_IT_SUBITO_SPONSORED_ANNUNCI,18.87,1490,25,1
2025-06-02,Valle d'Aosta,Subito Lavoro,AZ_IT_SUBITO_RETARGETING,1.42,202,2,0
2025-06-02,Valle d'Aosta,Subito Lavoro,AZ_IT_SUBITO_SLOT_PREMIUM,6.68,644,10,0
2025-06-02,Valle d'Aosta,Subito Lavoro,AZ_IT_SUBITO_SPONSORED_ANNUNCI,2.20,161,3,0
2025-06-02,Veneto,Subito Lavoro,AZ_IT_SUBITO_RETARGETING,49.01,6972,90,2
2025-06-02,Veneto,Subito Lavoro,AZ_IT_SUBITO_SLOT_PREMIUM,346.17,31532,462,11
2025-06-02,Veneto,Subito Lavoro,AZ_IT_SUBITO_SPONSORED_ANNUNCI,140.82,11051,169,3
2025-06-09,Abruzzo,Subito Lavoro,AZ_IT_SUBITO_RETARGETING,7.95,1172,15,1
2025-06-09,Abruzzo,Subito Lavoro,AZ_IT_SUBITO_SLOT_PREMIUM,50.37,4765,72,3
2025-06-09,Abruzzo,Subito Lavoro,AZ_IT_SUBITO_SPONSORED_ANNUNCI,17.62,1321,25,1
2025-06-09,Basilicata,Subito Lavoro,AZ_IT_SUBITO_RETARGETING,8.45,1198,16,1
2025-06-09,Basilicata,Subito Lavoro,AZ_IT_SUBITO_SLOT_PREMIUM,13.62,1292,19,1
2025-06-09,Basilicata,Subito Lavoro,AZ_IT_SUBITO_SPONSORED_ANNUNCI,10.00,774,13,0
2025-06-09,Calabria,Subito Lavoro,AZ_IT_SUBITO_RETARGETING,24.63,3377,41,3
2025-06-09,Calabria,Subito Lavoro,AZ_IT_SUBITO_SLOT_PREMIUM,49.27,4277,57,5
2025-06-09,Calabria,Subito Lavoro,AZ_IT_SUBITO_SPONSORED_ANNUNCI,21.62,1630,26,2
2025-06-09,Campania,Subito Lavoro,AZ_IT_SUBITO_RETARGETING,36.45,5215,64,3
2025-06-09,Campania,Subito Lavoro,AZ_IT_SUBITO_SLOT_PREMIUM,126.94,11815,193,8
2025-06-09,Campania,Subito Lavoro,AZ_IT_SUBITO_SPONSORED_ANNUNCI,113.67,8999,150,6
2025-06-09,Emilia-Romagna,Subito Lavoro,AZ_IT_SUBITO_RETARGETING,21.04,3046,35,2
2025-06-09,Emilia-Romagna,Subito Lavoro,AZ_IT_SUBITO_SLOT_PREMIUM,120.48,11319,143,8
2025-06-09,Emilia-Romagna,Subito Lavoro,AZ_IT_SUBITO_SPONSORED_ANNUNCI,105.23,8033,128,5
2025-06-09,Friuli-Venezia Giulia,Subito Lavoro,AZ_IT_SUBITO_RETARGETING,18.66,2611,25,2
2025-06-09,Friuli-Venezia Giulia,Subito Lavoro,AZ_IT_SUBITO_SLOT_PREMIUM,33.87,3097,43,3
2025-06-09,Friuli-Venezia Giulia,Subito Lavoro,AZ_IT_SUBITO_SPONSORED_ANNUNCI,16.03,1261,21,1
2025-06-09,Lazio,Subito Lavoro,AZ_IT_SUBITO_RETARGETING,43.02,5987,80,4
2025-06-09,Lazio,Subito Lavoro,AZ_IT_SUBITO_SLOT_PREMIUM,219.60,20627,282,15
2025-06-09,Lazio,Subito Lavoro,AZ_IT_SUBITO_SPONSORED_ANNUNCI,76.50,5932,108,4
2025-06-09,Liguria,Subito Lavoro,AZ_IT_SUBITO_RETARGETING,15.07,2147,26,1
2025-06-09,Liguria,Subito Lavoro,AZ_IT_SUBITO_SLOT_PREMIUM,47.32,4249,66,2
2025-06-09,Liguria,Subito Lavoro,AZ_IT_SUBITO_SPONSORED_ANNUNCI,26.42,2091,35,1
2025-06-09,Lombardia,Subito Lavoro,AZ_IT_SUBITO_RETARGETING,92.43,12705,152,4
2025-06-09,Lombardia,Subito Lavoro,AZ_IT_SUBITO_SLOT_PREMIUM,605.84,57826,844,30
2025-06-09,Lombardia,Subito Lavoro,AZ_IT_SUBITO_SPONSORED_ANNUNCI,190.53,14439,247,7
2025-06-09,Marche,Subito Lavoro,AZ_IT_SUBITO_RETARGETING,13.32,1925,22,1
2025-06-09,Marche,Subito Lavoro,AZ_IT_SUBITO_SLOT_PREMIUM,49.93,4480,66,4
2025-06-09,Marche,Subito Lavoro,AZ_IT_SUBITO_SPONSORED_ANNUNCI,28.47,2284,38,2
2025-06-09,Molise,Subito Lavoro,AZ_IT_SUBITO_RETARGETING,3.56,505,7,0
2025-06-09,Molise,Subito Lavoro,AZ_IT_SUBITO_SLOT_PREMIUM,9.28,885,13,1
2025-06-09,Molise,Subito Lavoro,AZ_IT_SUBITO_SPONSORED_ANNUNCI,6.20,470,8,0
2025-06-09,Piemonte,Subito Lavoro,AZ_IT_SUBITO_RETARGETING,48.04,6756,72,3
2025-06-09,Piemonte,Subito Lavoro,AZ_IT_SUBITO_SLOT_PREMIUM,143.31,13238,175,7
2025-06-09,Piemonte,Subito Lavoro,AZ_IT_SUBITO_SPONSORED_ANNUNCI,50.05,3862,64,2
2025-06-09,Puglia,Subito Lavoro,AZ_IT_SUBITO_RETARGETING,45.84,6768,74,2
2025-06-09,Puglia,Subito Lavoro,AZ_IT_SUBITO_SLOT_PREMIUM,216.09,19925,264,8
2025-06-09,Puglia,Subito Lavoro,AZ_IT_SUBITO_SPONSORED_ANNUNCI,51.20,3929,61,2
2025-06-09,Sardegna,Subito Lavoro,AZ_IT_SUBITO_RETARGETING,13.45,1966,23,1
2025-06-09,Sardegna,Subito Lavoro,AZ_IT_SUBITO_SLOT_PREMIUM,38.15,3340,53,3
2025-06-09,Sardegna,Subito Lavoro,AZ_IT_SUBITO_SPONSORED_ANNUNCI,19.62,1544,30,1
2025-06-09,Sicilia,Subito Lavoro,AZ_IT_SUBITO_RETARGETING,33.18,4576,57,3
2025-06-09,Sicilia,Subito Lavoro,AZ_IT_SUBITO_SLOT_PREMIUM,77.92,7418,115,5
2025-06-09,Sicilia,Subito Lavoro,AZ_IT_SUBITO_SPONSORED_ANNUNCI,130.04,10447,182,7
2025-06-09,Toscana,Subito Lavoro,AZ_IT_SUBITO_RETARGETING,48.85,6918,82,4
2025-06-09,Toscana,Subito Lavoro,AZ_IT_SUBITO_SLOT_PREMIUM,100.73,8926,124,9
2025-06-09,Toscana,Subito Lavoro,AZ_IT_SUBITO_SPONSORED_ANNUNCI,75.70,5815,111,5
2025-06-09,Trentino-Alto Adige,Subito Lavoro,AZ_IT_SUBITO_RETARGETING,9.70,1376,17,1
2025-06-09,Trentino-Alto Adige,Subito Lavoro,AZ_IT_SUBITO_SLOT_PREMIUM,38.08,3650,48,3
2025-06-09,Trentino-Alto Adige,Subito Lavoro,AZ_IT_SUBITO_SPONSORED_ANNUNCI,12.59,996,18,1
2025-06-09,Umbria,Subito Lavoro,AZ_IT_SUBITO_RETARGETING,6.03,886,11,1
2025-06-09,Umbria,Subito Lavoro,AZ_IT_SUBITO_SLOT_PREMIUM,19.97,1839,26,2
2025-06-09,Umbria,Subito Lavoro,AZ_IT_SUBITO_SPONSORED_ANNUNCI,15.77,1174,17,1
2025-06-09,Valle d'Aosta,Subito Lavoro,AZ_IT_SUBITO_RETARGETING,1.14,163,2,0
2025-06-09,Valle d'Aosta,Subito Lavoro,AZ_IT_SUBITO_SLOT_PREMIUM,3.86,356,5,0
2025-06-09,Valle d'Aosta,Subito Lavoro,AZ_IT_SUBITO_SPONSORED_ANNUNCI,1.58,122,2,0
2025-06-09,Veneto,Subito Lavoro,AZ_IT_SUBITO_RETARGETING,39.07,5606,73,2
2025-06-09,Veneto,Subito Lavoro,AZ_IT_SUBITO_SLOT_PREMIUM,236.70,21235,306,13
2025-06-09,Veneto,Subito Lavoro,AZ_IT_SUBITO_SPONSORED_ANNUNCI,79.66,6428,109,3
2025-06-16,Abruzzo,Subito Lavoro,AZ_IT_SUBITO_RETARGETING,4.47,638,7,1
2025-06-16,Abruzzo,Subito Lavoro,AZ_IT_SUBITO_SLOT_PREMIUM,21.45,1931,26,2
2025-06-16,Abruzzo,Subito Lavoro,AZ_IT_SUBITO_SPONSORED_ANNUNCI,5.74,443,7,0
2025-06-16,Basilicata,Subito Lavoro,AZ_IT_SUBITO_RETARGETING,2.17,316,4,0
2025-06-16,Basilicata,Subito Lavoro,AZ_IT_SUBITO_SLOT_PREMIUM,5.17,447,6,1
2025-06-16,Basilicata,Subito Lavoro,AZ_IT_SUBITO_SPONSORED_ANNUNCI,3.17,247,4,0
2025-06-16,Calabria,Subito Lavoro,AZ_IT_SUBITO_RETARGETING,4.16,566,7,1
2025-06-16,Calabria,Subito Lavoro,AZ_IT_SUBITO_SLOT_PREMIUM,33.55,3133,44,5
2025-06-16,Calabria,Subito Lavoro,AZ_IT_SUBITO_SPONSORED_ANNUNCI,13.61,1082,20,2
2025-06-16,Campania,Subito Lavoro,AZ_IT_SUBITO_RETARGETING,17.20,2547,32,2
2025-06-16,Campania,Subito Lavoro,AZ_IT_SUBITO_SLOT_PREMIUM,89.39,8239,128,10
2025-06-16,Campania,Subito Lavoro,AZ_IT_SUBITO_SPONSORED_ANNUNCI,30.73,2327,36,3
2025-06-16,Emilia-Romagna,Subito Lavoro,AZ_IT_SUBITO_RETARGETING,11.35,1630,22,2
2025-06-16,Emilia-Romagna,Subito Lavoro,AZ_IT_SUBITO_SLOT_PREMIUM,52.15,4982,65,8
2025-06-16,Emilia-Romagna,Subito Lavoro,AZ_IT_SUBITO_SPONSORED_ANNUNCI,38.61,3157,53,4
2025-06-16,Friuli-Venezia Giulia,Subito Lavoro,AZ_IT_SUBITO_RETARGETING,3.35,460,5,1
2025-06-16,Friuli-Venezia Giulia,Subito Lavoro,AZ_IT_SUBITO_SLOT_PREMIUM,17.46,1578,22,3
2025-06-16,Friuli-Venezia Giulia,Subito Lavoro,AZ_IT_SUBITO_SPONSORED_ANNUNCI,6.19,473,8,1
2025-06-16,Lazio,Subito Lavoro,AZ_IT_SUBITO_RETARGETING,24.12,3297,40,4
2025-06-16,Lazio,Subito Lavoro,AZ_IT_SUBITO_SLOT_PREMIUM,51.69,5002,74,9
2025-06-16,Lazio,Subito Lavoro,AZ_IT_SUBITO_SPONSORED_ANNUNCI,33.26,2587,42,4
2025-06-16,Liguria,Subito Lavoro,AZ_IT_SUBITO_RETARGETING,5.12,734,8,1
2025-06-16,Liguria,Subito Lavoro,AZ_IT_SUBITO_SLOT_PREMIUM,21.32,1884,24,2
2025-06-16,Liguria,Subito Lavoro,AZ_IT_SUBITO_SPONSORED_ANNUNCI,5.66,414,7,0
2025-06-16,Lombardia,Subito Lavoro,AZ_IT_SUBITO_RETARGETING,32.56,4618,54,5
2025-06-16,Lombardia,Subito Lavoro,AZ_IT_SUBITO_SLOT_PREMIUM,114.02,10483,141,16
2025-06-16,Lombardia,Subito Lavoro,AZ_IT_SUBITO_SPONSORED_ANNUNCI,75.83,6028,110,9
2025-06-16,Marche,Subito Lavoro,AZ_IT_SUBITO_RETARGETING,6.55,927,12,1
2025-06-16,Marche,Subito Lavoro,AZ_IT_SUBITO_SLOT_PREMIUM,15.89,1478,22,3
2025-06-16,Marche,Subito Lavoro,AZ_IT_SUBITO_SPONSORED_ANNUNCI,8.15,633,11,1
2025-06-16,Molise,Subito Lavoro,AZ_IT_SUBITO_RETARGETING,1.41,202,3,0
2025-06-16,Molise,Subito Lavoro,AZ_IT_SUBITO_SLOT_PREMIUM,3.42,316,5,0
2025-06-16,Molise,Subito Lavoro,AZ_IT_SUBITO_SPONSORED_ANNUNCI,2.45,188,3,0
2025-06-16,Piemonte,Subito Lavoro,AZ_IT_SUBITO_RETARGETING,15.28,2233,27,2
2025-06-16,Piemonte,Subito Lavoro,AZ_IT_SUBITO_SLOT_PREMIUM,54.77,4934,72,6
2025-06-16,Piemonte,Subito Lavoro,AZ_IT_SUBITO_SPONSORED_ANNUNCI,21.32,1592,26,2
2025-06-16,Puglia,Subito Lavoro,AZ_IT_SUBITO_RETARGETING,16.05,2244,26,2
2025-06-16,Puglia,Subito Lavoro,AZ_IT_SUBITO_SLOT_PREMIUM,58.46,5110,78,5
2025-06-16,Puglia,Subito Lavoro,AZ_IT_SUBITO_SPONSORED_ANNUNCI,22.42,1827,29,2
2025-06-16,Sardegna,Subito Lavoro,AZ_IT_SUBITO_RETARGETING,4.10,550,7,1
2025-06-16,Sardegna,Subito Lavoro,AZ_IT_SUBITO_SLOT_PREMIUM,20.76,1894,26,3
2025-06-16,Sardegna,Subito Lavoro,AZ_IT_SUBITO_SPONSORED_ANNUNCI,10.11,790,14,1
2025-06-16,Sicilia,Subito Lavoro,AZ_IT_SUBITO_RETARGETING,11.93,1707,20,2
2025-06-16,Sicilia,Subito Lavoro,AZ_IT_SUBITO_SLOT_PREMIUM,46.66,4184,66,7
2025-06-16,Sicilia,Subito Lavoro,AZ_IT_SUBITO_SPONSORED_ANNUNCI,23.39,1892,31,2
2025-06-16,Toscana,Subito Lavoro,AZ_IT_SUBITO_RETARGETING,12.76,1824,22,2
2025-06-16,Toscana,Subito Lavoro,AZ_IT_SUBITO_SLOT_PREMIUM,46.13,4443,69,7
2025-06-16,Toscana,Subito Lavoro,AZ_IT_SUBITO_SPONSORED_ANNUNCI,22.52,1748,30,3
2025-06-16,Trentino-Alto Adige,Subito Lavoro,AZ_IT_SUBITO_RETARGETING,4.37,627,7,1
2025-06-16,Trentino-Alto Adige,Subito Lavoro,AZ_IT_SUBITO_SLOT_PREMIUM,10.40,963,13,2
2025-06-16,Trentino-Alto Adige,Subito Lavoro,AZ_IT_SUBITO_SPONSORED_ANNUNCI,4.56,354,6,1
2025-06-16,Umbria,Subito Lavoro,AZ_IT_SUBITO_RETARGETING,1.92,270,3,0
2025-06-16,Umbria,Subito Lavoro,AZ_IT_SUBITO_SLOT_PREMIUM,7.61,697,10,2
2025-06-16,Umbria,Subito Lavoro,AZ_IT_SUBITO_SPONSORED_ANNUNCI,3.33,259,4,1
2025-06-16,Valle d'Aosta,Subito Lavoro,AZ_IT_SUBITO_RETARGETING,0.42,59,1,0
2025-06-16,Valle d'Aosta,Subito Lavoro,AZ_IT_SUBITO_SLOT_PREMIUM,1.02,97,1,0
2025-06-16,Valle d'Aosta,Subito Lavoro,AZ_IT_SUBITO_SPONSORED_ANNUNCI,0.72,54,1,0
2025-06-16,Veneto,Subito Lavoro,AZ_IT_SUBITO_RETARGETING,20.78,3086,38,3
2025-06-16,Veneto,Subito Lavoro,AZ_IT_SUBITO_SLOT_PREMIUM,81.35,7586,95,9
2025-06-16,Veneto,Subito Lavoro,AZ_IT_SUBITO_SPONSORED_ANNUNCI,23.28,1766,35,2
2025-06-23,Abruzzo,Subito Lavoro,AZ_IT_SUBITO_RETARGETING,2.18,307,4,0
2025-06-23,Abruzzo,Subito Lavoro,AZ_IT_SUBITO_SLOT_PREMIUM,13.46,1157,18,2
2025-06-23,Abruzzo,Subito Lavoro,AZ_IT_SUBITO_SPONSORED_ANNUNCI,6.72,518,9,1
2025-06-23,Basilicata,Subito Lavoro,AZ_IT_SUBITO_RETARGETING,1.74,245,3,0
2025-06-23,Basilicata,Subito Lavoro,AZ_IT_SUBITO_SLOT_PREMIUM,4.26,400,5,1
2025-06-23,Basilicata,Subito Lavoro,AZ_IT_SUBITO_SPONSORED_ANNUNCI,3.31,268,4,0
2025-06-23,Calabria,Subito Lavoro,AZ_IT_SUBITO_RETARGETING,8.28,1187,15,2
2025-06-23,Calabria,Subito Lavoro,AZ_IT_SUBITO_SLOT_PREMIUM,17.69,1635,24,3
2025-06-23,Calabria,Subito Lavoro,AZ_IT_SUBITO_SPONSORED_ANNUNCI,8.00,574,10,1
2025-06-23,Campania,Subito Lavoro,AZ_IT_SUBITO_RETARGETING,20.59,3032,34,2
2025-06-23,Campania,Subito Lavoro,AZ_IT_SUBITO_SLOT_PREMIUM,81.36,7507,105,8
2025-06-23,Campania,Subito Lavoro,AZ_IT_SUBITO_SPONSORED_ANNUNCI,22.07,1762,33,2
2025-06-23,Emilia-Romagna,Subito Lavoro,AZ_IT_SUBITO_RETARGETING,10.76,1499,17,1
2025-06-23,Emilia-Romagna,Subito Lavoro,AZ_IT_SUBITO_SLOT_PREMIUM,63.15,5754,74,7
2025-06-23,Emilia-Romagna,Subito Lavoro,AZ_IT_SUBITO_SPONSORED_ANNUNCI,20.57,1538,27,1
2025-06-23,Friuli-Venezia Giulia,Subito Lavoro,AZ_IT_SUBITO_RETARGETING,2.46,354,4,0
2025-06-23,Friuli-Venezia Giulia,Subito Lavoro,AZ_IT_SUBITO_SLOT_PREMIUM,18.02,1617,24,3
2025-06-23,Friuli-Venezia Giulia,Subito Lavoro,AZ_IT_SUBITO_SPONSORED_ANNUNCI,7.81,600,9,1
2025-06-23,Lazio,Subito Lavoro,AZ_IT_SUBITO_RETARGETING,14.42,1989,24,2
2025-06-23,Lazio,Subito Lavoro,AZ_IT_SUBITO_SLOT_PREMIUM,68.95,6085,89,8
2025-06-23,Lazio,Subito Lavoro,AZ_IT_SUBITO_SPONSORED_ANNUNCI,28.80,2182,37,3
2025-06-23,Liguria,Subito Lavoro,AZ_IT_SUBITO_RETARGETING,4.11,608,7,0
2025-06-23,Liguria,Subito Lavoro,AZ_IT_SUBITO_SLOT_PREMIUM,14.53,1357,18,2
2025-06-23,Liguria,Subito Lavoro,AZ_IT_SUBITO_SPONSORED_ANNUNCI,5.61,441,7,0
2025-06-23,Lombardia,Subito Lavoro,AZ_IT_SUBITO_RETARGETING,22.67,3129,36,3
2025-06-23,Lombardia,Subito Lavoro,AZ_IT_SUBITO_SLOT_PREMIUM,111.39,10003,128,13
2025-06-23,Lombardia,Subito Lavoro,AZ_IT_SUBITO_SPONSORED_ANNUNCI,57.83,4644,74,5
2025-06-23,Marche,Subito Lavoro,AZ_IT_SUBITO_RETARGETING,3.63,504,6,1
2025-06-23,Marche,Subito Lavoro,AZ_IT_SUBITO_SLOT_PREMIUM,16.19,1445,20,3
2025-06-23,Marche,Subito Lavoro,AZ_IT_SUBITO_SPONSORED_ANNUNCI,10.04,789,13,1
2025-06-23,Molise,Subito Lavoro,AZ_IT_SUBITO_RETARGETING,1.04,146,2,0
2025-06-23,Molise,Subito Lavoro,AZ_IT_SUBITO_SLOT_PREMIUM,3.49,347,5,1
2025-06-23,Molise,Subito Lavoro,AZ_IT_SUBITO_SPONSORED_ANNUNCI,1.24,93,1,0
2025-06-23,Piemonte,Subito Lavoro,AZ_IT_SUBITO_RETARGETING,14.76,2099,26,2
2025-06-23,Piemonte,Subito Lavoro,AZ_IT_SUBITO_SLOT_PREMIUM,46.26,4155,61,4
2025-06-23,Piemonte,Subito Lavoro,AZ_IT_SUBITO_SPONSORED_ANNUNCI,16.86,1307,23,1
2025-06-23,Puglia,Subito Lavoro,AZ_IT_SUBITO_RETARGETING,11.00,1501,20,1
2025-06-23,Puglia,Subito Lavoro,AZ_IT_SUBITO_SLOT_PREMIUM,43.75,3909,46,4
2025-06-23,Puglia,Subito Lavoro,AZ_IT_SUBITO_SPONSORED_ANNUNCI,15.44,1218,22,1
2025-06-23,Sardegna,Subito Lavoro,AZ_IT_SUBITO_RETARGETING,4.52,670,8,1
2025-06-23,Sardegna,Subito Lavoro,AZ_IT_SUBITO_SLOT_PREMIUM,23.28,2160,33,2
2025-06-23,Sardegna,Subito Lavoro,AZ_IT_SUBITO_SPONSORED_ANNUNCI,7.72,600,9,1
2025-06-23,Sicilia,Subito Lavoro,AZ_IT_SUBITO_RETARGETING,17.00,2421,30,2
2025-06-23,Sicilia,Subito Lavoro,AZ_IT_SUBITO_SLOT_PREMIUM,65.44,5903,81,5
2025-06-23,Sicilia,Subito Lavoro,AZ_IT_SUBITO_SPONSORED_ANNUNCI,30.43,2395,43,2
2025-06-23,Toscana,Subito Lavoro,AZ_IT_SUBITO_RETARGETING,11.10,1566,20,2
2025-06-23,Toscana,Subito Lavoro,AZ_IT_SUBITO_SLOT_PREMIUM,74.02,7039,103,10
2025-06-23,Toscana,Subito Lavoro,AZ_IT_SUBITO_SPONSORED_ANNUNCI,20.86,1658,30,2
2025-06-23,Trentino-Alto Adige,Subito Lavoro,AZ_IT_SUBITO_RETARGETING,2.57,368,4,0
2025-06-23,Trentino-Alto Adige,Subito Lavoro,AZ_IT_SUBITO_SLOT_PREMIUM,14.78,1367,19,2
2025-06-23,Trentino-Alto Adige,Subito Lavoro,AZ_IT_SUBITO_SPONSORED_ANNUNCI,4.03,305,5,0
2025-06-23,Umbria,Subito Lavoro,AZ_IT_SUBITO_RETARGETING,3.25,474,5,0
2025-06-23,Umbria,Subito Lavoro,AZ_IT_SUBITO_SLOT_PREMIUM,14.24,1302,19,2
2025-06-23,Umbria,Subito Lavoro,AZ_IT_SUBITO_SPONSORED_ANNUNCI,3.30,254,4,0
2025-06-23,Valle d'Aosta,Subito Lavoro,AZ_IT_SUBITO_RETARGETING,0.30,42,1,0
2025-06-23,Valle d'Aosta,Subito Lavoro,AZ_IT_SUBITO_SLOT_PREMIUM,1.32,123,2,0
2025-06-23,Valle d'Aosta,Subito Lavoro,AZ_IT_SUBITO_SPONSORED_ANNUNCI,0.80,62,1,0
2025-06-23,Veneto,Subito Lavoro,AZ_IT_SUBITO_RETARGETING,8.42,1247,15,1
2025-06-23,Veneto,Subito Lavoro,AZ_IT_SUBITO_SLOT_PREMIUM,53.23,4906,62,7
2025-06-23,Veneto,Subito Lavoro,AZ_IT_SUBITO_SPONSORED_ANNUNCI,32.93,2595,47,3
2025-06-30,Abruzzo,Subito Lavoro,AZ_IT_SUBITO_RETARGETING,7.73,1100,14,0
2025-06-30,Abruzzo,Subito Lavoro,AZ_IT_SUBITO_SLOT_PREMIUM,39.69,3530,51,2
2025-06-30,Abruzzo,Subito Lavoro,AZ_IT_SUBITO_SPONSORED_ANNUNCI,17.51,1354,20,1
2025-06-30,Basilicata,Subito Lavoro,AZ_IT_SUBITO_RETARGETING,2.67,371,4,0
2025-06-30,Basilicata,Subito Lavoro,AZ_IT_SUBITO_SLOT_PREMIUM,13.71,1262,19,1
2025-06-30,Basilicata,Subito Lavoro,AZ_IT_SUBITO_SPONSORED_ANNUNCI,8.89,653,12,0
2025-06-30,Calabria,Subito Lavoro,AZ_IT_SUBITO_RETARGETING,8.85,1205,15,1
2025-06-30,Calabria,Subito Lavoro,AZ_IT_SUBITO_SLOT_PREMIUM,39.80,3494,50,4
2025-06-30,Calabria,Subito Lavoro,AZ_IT_SUBITO_SPONSORED_ANNUNCI,19.68,1516,28,2
2025-06-30,Campania,Subito Lavoro,AZ_IT_SUBITO_RETARGETING,32.09,4499,53,2
2025-06-30,Campania,Subito Lavoro,AZ_IT_SUBITO_SLOT_PREMIUM,128.64,11272,147,10
2025-06-30,Campania,Subito Lavoro,AZ_IT_SUBITO_SPONSORED_ANNUNCI,55.16,4221,73,3
2025-06-30,Emilia-Romagna,Subito Lavoro,AZ_IT_SUBITO_RETARGETING,38.59,5239,65,3
2025-06-30,Emilia-Romagna,Subito Lavoro,AZ_IT_SUBITO_SLOT_PREMIUM,83.89,7494,114,7
2025-06-30,Emilia-Romagna,Subito Lavoro,AZ_IT_SUBITO_SPONSORED_ANNUNCI,55.13,4166,75,3
2025-06-30,Friuli-Venezia Giulia,Subito Lavoro,AZ_IT_SUBITO_RETARGETING,5.16,705,9,1
2025-06-30,Friuli-Venezia Giulia,Subito Lavoro,AZ_IT_SUBITO_SLOT_PREMIUM,23.20,2096,29,3
2025-06-30,Friuli-Venezia Giulia,Subito Lavoro,AZ_IT_SUBITO_SPONSORED_ANNUNCI,11.07,827,12,1
2025-06-30,Lazio,Subito Lavoro,AZ_IT_SUBITO_RETARGETING,29.48,4090,46,3
2025-06-30,Lazio,Subito Lavoro,AZ_IT_SUBITO_SLOT_PREMIUM,113.65,10373,142,9
2025-06-30,Lazio,Subito Lavoro,AZ_IT_SUBITO_SPONSORED_ANNUNCI,77.05,5735,103,5
2025-06-30,Liguria,Subito Lavoro,AZ_IT_SUBITO_RETARGETING,8.07,1202,16,0
2025-06-30,Liguria,Subito Lavoro,AZ_IT_SUBITO_SLOT_PREMIUM,50.53,4215,61,3
2025-06-30,Liguria,Subito Lavoro,AZ_IT_SUBITO_SPONSORED_ANNUNCI,13.96,1060,17,1
2025-06-30,Lombardia,Subito Lavoro,AZ_IT_SUBITO_RETARGETING,61.93,9192,116,5
2025-06-30,Lombardia,Subito Lavoro,AZ_IT_SUBITO_SLOT_PREMIUM,266.84,23960,335,19
2025-06-30,Lombardia,Subito Lavoro,AZ_IT_SUBITO_SPONSORED_ANNUNCI,126.06,9514,173,6
2025-06-30,Marche,Subito Lavoro,AZ_IT_SUBITO_RETARGETING,12.88,1844,21,1
2025-06-30,Marche,Subito Lavoro,AZ_IT_SUBITO_SLOT_PREMIUM,20.45,1774,23,3
2025-06-30,Marche,Subito Lavoro,AZ_IT_SUBITO_SPONSORED_ANNUNCI,20.87,1592,31,2
2025-06-30,Molise,Subito Lavoro,AZ_IT_SUBITO_RETARGETING,1.81,253,3,0
2025-06-30,Molise,Subito Lavoro,AZ_IT_SUBITO_SLOT_PREMIUM,7.22,669,10,1
2025-06-30,Molise,Subito Lavoro,AZ_IT_SUBITO_SPONSORED_ANNUNCI,4.21,321,6,0
2025-06-30,Piemonte,Subito Lavoro,AZ_IT_SUBITO_RETARGETING,29.69,4345,50,2
2025-06-30,Piemonte,Subito Lavoro,AZ_IT_SUBITO_SLOT_PREMIUM,83.79,7516,98,5
2025-06-30,Piemonte,Subito Lavoro,AZ_IT_SUBITO_SPONSORED_ANNUNCI,32.20,2391,45,1
2025-06-30,Puglia,Subito Lavoro,AZ_IT_SUBITO_RETARGETING,20.06,2892,41,1
2025-06-30,Puglia,Subito Lavoro,AZ_IT_SUBITO_SLOT_PREMIUM,94.05,8495,125,6
2025-06-30,Puglia,Subito Lavoro,AZ_IT_SUBITO_SPONSORED_ANNUNCI,24.83,1782,30,1
2025-06-30,Sardegna,Subito Lavoro,AZ_IT_SUBITO_RETARGETING,9.22,1331,14,1
2025-06-30,Sardegna,Subito Lavoro,AZ_IT_SUBITO_SLOT_PREMIUM,26.54,2337,33,3
2025-06-30,Sardegna,Subito Lavoro,AZ_IT_SUBITO_SPONSORED_ANNUNCI,14.07,1125,21,1
2025-06-30,Sicilia,Subito Lavoro,AZ_IT_SUBITO_RETARGETING,18.00,2590,37,1
2025-06-30,Sicilia,Subito Lavoro,AZ_IT_SUBITO_SLOT_PREMIUM,120.81,11180,156,8
2025-06-30,Sicilia,Subito Lavoro,AZ_IT_SUBITO_SPONSORED_ANNUNCI,37.32,2897,49,2
2025-06-30,Toscana,Subito Lavoro,AZ_IT_SUBITO_RETARGETING,22.28,3279,39,3
2025-06-30,Toscana,Subito Lavoro,AZ_IT_SUBITO_SLOT_PREMIUM,77.75,6764,100,9
2025-06-30,Toscana,Subito Lavoro,AZ_IT_SUBITO_SPONSORED_ANNUNCI,23.25,1751,33,2
2025-06-30,Trentino-Alto Adige,Subito Lavoro,AZ_IT_SUBITO_RETARGETING,4.74,666,8,0
2025-06-30,Trentino-Alto Adige,Subito Lavoro,AZ_IT_SUBITO_SLOT_PREMIUM,26.19,2359,30,2
2025-06-30,Trentino-Alto Adige,Subito Lavoro,AZ_IT_SUBITO_SPONSORED_ANNUNCI,12.91,993,17,1
2025-06-30,Umbria,Subito Lavoro,AZ_IT_SUBITO_RETARGETING,5.06,726,10,1
2025-06-30,Umbria,Subito Lavoro,AZ_IT_SUBITO_SLOT_PREMIUM,18.52,1657,23,2
2025-06-30,Umbria,Subito Lavoro,AZ_IT_SUBITO_SPONSORED_ANNUNCI,9.68,780,11,1
2025-06-30,Valle d'Aosta,Subito Lavoro,AZ_IT_SUBITO_RETARGETING,0.67,97,1,0
2025-06-30,Valle d'Aosta,Subito Lavoro,AZ_IT_SUBITO_SLOT_PREMIUM,2.54,243,4,0
2025-06-30,Valle d'Aosta,Subito Lavoro,AZ_IT_SUBITO_SPONSORED_ANNUNCI,1.01,81,1,0
2025-06-30,Veneto,Subito Lavoro,AZ_IT_SUBITO_RETARGETING,15.54,2158,29,1
2025-06-30,Veneto,Subito Lavoro,AZ_IT_SUBITO_SLOT_PREMIUM,82.02,7029,96,6
2025-06-30,Veneto,Subito Lavoro,AZ_IT_SUBITO_SPONSORED_ANNUNCI,78.00,5710,87,4
2025-07-07,Abruzzo,Subito Lavoro,AZ_IT_SUBITO_RETARGETING,2.43,363,4,0
2025-07-07,Abruzzo,Subito Lavoro,AZ_IT_SUBITO_SLOT_PREMIUM,11.16,1062,11,2
2025-07-07,Abruzzo,Subito Lavoro,AZ_IT_SUBITO_SPONSORED_ANNUNCI,4.80,367,7,1
2025-07-07,Basilicata,Subito Lavoro,AZ_IT_SUBITO_RETARGETING,1.09,152,2,0
2025-07-07,Basilicata,Subito Lavoro,AZ_IT_SUBITO_SLOT_PREMIUM,3.69,332,5,1
2025-07-07,Basilicata,Subito Lavoro,AZ_IT_SUBITO_SPONSORED_ANNUNCI,1.40,109,2,0
2025-07-07,Calabria,Subito Lavoro,AZ_IT_SUBITO_RETARGETING,3.14,446,5,1
2025-07-07,Calabria,Subito Lavoro,AZ_IT_SUBITO_SLOT_PREMIUM,10.46,944,14,2
2025-07-07,Calabria,Subito Lavoro,AZ_IT_SUBITO_SPONSORED_ANNUNCI,7.05,565,10,1
2025-07-07,Campania,Subito Lavoro,AZ_IT_SUBITO_RETARGETING,12.08,1733,23,2
2025-07-07,Campania,Subito Lavoro,AZ_IT_SUBITO_SLOT_PREMIUM,32.53,3067,44,5
2025-07-07,Campania,Subito Lavoro,AZ_IT_SUBITO_SPONSORED_ANNUNCI,17.61,1313,25,2
2025-07-07,Emilia-Romagna,Subito Lavoro,AZ_IT_SUBITO_RETARGETING,9.25,1316,15,2
2025-07-07,Emilia-Romagna,Subito Lavoro,AZ_IT_SUBITO_SLOT_PREMIUM,24.26,2266,33,5
2025-07-07,Emilia-Romagna,Subito Lavoro,AZ_IT_SUBITO_SPONSORED_ANNUNCI,16.05,1233,21,2
2025-07-07,Friuli-Venezia Giulia,Subito Lavoro,AZ_IT_SUBITO_RETARGETING,3.09,426,5,1
2025-07-07,Friuli-Venezia Giulia,Subito Lavoro,AZ_IT_SUBITO_SLOT_PREMIUM,11.34,1037,14,2
2025-07-07,Friuli-Venezia Giulia,Subito Lavoro,AZ_IT_SUBITO_SPONSORED_ANNUNCI,3.54,265,4,0
2025-07-07,Lazio,Subito Lavoro,AZ_IT_SUBITO_RETARGETING,12.90,1863,22,2
2025-07-07,Lazio,Subito Lavoro,AZ_IT_SUBITO_SLOT_PREMIUM,43.57,4030,53,7
2025-07-07,Lazio,Subito Lavoro,AZ_IT_SUBITO_SPONSORED_ANNUNCI,21.90,1666,29,3
2025-07-07,Liguria,Subito Lavoro,AZ_IT_SUBITO_RETARGETING,2.80,385,5,0
2025-07-07,Liguria,Subito Lavoro,AZ_IT_SUBITO_SLOT_PREMIUM,9.43,812,12,1
2025-07-07,Liguria,Subito Lavoro,AZ_IT_SUBITO_SPONSORED_ANNUNCI,2.90,223,4,0
2025-07-07,Lombardia,Subito Lavoro,AZ_IT_SUBITO_RETARGETING,14.11,2053,28,3
2025-07-07,Lombardia,Subito Lavoro,AZ_IT_SUBITO_SLOT_PREMIUM,66.91,5881,82,12
2025-07-07,Lombardia,Subito Lavoro,AZ_IT_SUBITO_SPONSORED_ANNUNCI,39.71,2976,52,5
2025-07-07,Marche,Subito Lavoro,AZ_IT_SUBITO_RETARGETING,3.42,515,6,1
2025-07-07,Marche,Subito Lavoro,AZ_IT_SUBITO_SLOT_PREMIUM,13.70,1265,17,2
2025-07-07,Marche,Subito Lavoro,AZ_IT_SUBITO_SPONSORED_ANNUNCI,7.65,582,9,1
2025-07-07,Molise,Subito Lavoro,AZ_IT_SUBITO_RETARGETING,0.38,55,1,0
2025-07-07,Molise,Subito Lavoro,AZ_IT_SUBITO_SLOT_PREMIUM,2.01,177,2,0
2025-07-07,Molise,Subito Lavoro,AZ_IT_SUBITO_SPONSORED_ANNUNCI,1.28,99,2,0
2025-07-07,Piemonte,Subito Lavoro,AZ_IT_SUBITO_RETARGETING,5.20,734,9,1
2025-07-07,Piemonte,Subito Lavoro,AZ_IT_SUBITO_SLOT_PREMIUM,27.52,2506,35,4
2025-07-07,Piemonte,Subito Lavoro,AZ_IT_SUBITO_SPONSORED_ANNUNCI,12.87,1016,18,1
2025-07-07,Puglia,Subito Lavoro,AZ_IT_SUBITO_RETARGETING,11.43,1707,19,2
2025-07-07,Puglia,Subito Lavoro,AZ_IT_SUBITO_SLOT_PREMIUM,21.52,1934,28,3
2025-07-07,Puglia,Subito Lavoro,AZ_IT_SUBITO_SPONSORED_ANNUNCI,8.60,646,11,1
2025-07-07,Sardegna,Subito Lavoro,AZ_IT_SUBITO_RETARGETING,3.76,518,6,1
2025-07-07,Sardegna,Subito Lavoro,AZ_IT_SUBITO_SLOT_PREMIUM,13.16,1149,15,2
2025-07-07,Sardegna,Subito Lavoro,AZ_IT_SUBITO_SPONSORED_ANNUNCI,7.15,556,8,1
2025-07-07,Sicilia,Subito Lavoro,AZ_IT_SUBITO_RETARGETING,11.59,1628,21,2
2025-07-07,Sicilia,Subito Lavoro,AZ_IT_SUBITO_SLOT_PREMIUM,23.73,2227,31,3
2025-07-07,Sicilia,Subito Lavoro,AZ_IT_SUBITO_SPONSORED_ANNUNCI,17.97,1378,22,2
2025-07-07,Toscana,Subito Lavoro,AZ_IT_SUBITO_RETARGETING,5.77,848,10,1
2025-07-07,Toscana,Subito Lavoro,AZ_IT_SUBITO_SLOT_PREMIUM,36.60,3402,43,7
2025-07-07,Toscana,Subito Lavoro,AZ_IT_SUBITO_SPONSORED_ANNUNCI,7.88,620,11,1
2025-07-07,Trentino-Alto Adige,Subito Lavoro,AZ_IT_SUBITO_RETARGETING,2.13,307,3,0
2025-07-07,Trentino-Alto Adige,Subito Lavoro,AZ_IT_SUBITO_SLOT_PREMIUM,8.03,727,11,1
2025-07-07,Trentino-Alto Adige,Subito Lavoro,AZ_IT_SUBITO_SPONSORED_ANNUNCI,4.06,297,6,0
2025-07-07,Umbria,Subito Lavoro,AZ_IT_SUBITO_RETARGETING,2.13,310,4,0
2025-07-07,Umbria,Subito Lavoro,AZ_IT_SUBITO_SLOT_PREMIUM,7.87,751,11,2
2025-07-07,Umbria,Subito Lavoro,AZ_IT_SUBITO_SPONSORED_ANNUNCI,2.24,168,3,0
2025-07-07,Valle d'Aosta,Subito Lavoro,AZ_IT_SUBITO_RETARGETING,0.25,35,0,0
2025-07-07,Valle d'Aosta,Subito Lavoro,AZ_IT_SUBITO_SLOT_PREMIUM,1.12,97,1,0
2025-07-07,Valle d'Aosta,Subito Lavoro,AZ_IT_SUBITO_SPONSORED_ANNUNCI,0.27,20,0,0
2025-07-07,Veneto,Subito Lavoro,AZ_IT_SUBITO_RETARGETING,10.96,1505,17,2
2025-07-07,Veneto,Subito Lavoro,AZ_IT_SUBITO_SLOT_PREMIUM,44.09,3905,54,6
2025-07-07,Veneto,Subito Lavoro,AZ_IT_SUBITO_SPONSORED_ANNUNCI,18.59,1373,22,1
2025-07-14,Abruzzo,Subito Lavoro,AZ_IT_SUBITO_RETARGETING,5.46,775,9,0
2025-07-14,Abruzzo,Subito Lavoro,AZ_IT_SUBITO_SLOT_PREMIUM,26.77,2381,37,2
2025-07-14,Abruzzo,Subito Lavoro,AZ_IT_SUBITO_SPONSORED_ANNUNCI,17.22,1330,24,1
2025-07-14,Basilicata,Subito Lavoro,AZ_IT_SUBITO_RETARGETING,2.20,311,4,0
2025-07-14,Basilicata,Subito Lavoro,AZ_IT_SUBITO_SLOT_PREMIUM,13.87,1250,17,1
2025-07-14,Basilicata,Subito Lavoro,AZ_IT_SUBITO_SPONSORED_ANNUNCI,7.08,544,10,0
2025-07-14,Calabria,Subito Lavoro,AZ_IT_SUBITO_RETARGETING,7.82,1122,13,1
2025-07-14,Calabria,Subito Lavoro,AZ_IT_SUBITO_SLOT_PREMIUM,44.53,4029,50,5
2025-07-14,Calabria,Subito Lavoro,AZ_IT_SUBITO_SPONSORED_ANNUNCI,31.14,2419,43,2
2025-07-14,Campania,Subito Lavoro,AZ_IT_SUBITO_RETARGETING,26.08,3827,48,2
2025-07-14,Campania,Subito Lavoro,AZ_IT_SUBITO_SLOT_PREMIUM,98.81,9223,125,7
2025-07-14,Campania,Subito Lavoro,AZ_IT_SUBITO_SPONSORED_ANNUNCI,82.89,6401,106,4
2025-07-14,Emilia-Romagna,Subito Lavoro,AZ_IT_SUBITO_RETARGETING,17.28,2420,27,2
2025-07-14,Emilia-Romagna,Subito Lavoro,AZ_IT_SUBITO_SLOT_PREMIUM,91.80,8916,114,7
2025-07-14,Emilia-Romagna,Subito Lavoro,AZ_IT_SUBITO_SPONSORED_ANNUNCI,46.60,3795,62,3
2025-07-14,Friuli-Venezia Giulia,Subito Lavoro,AZ_IT_SUBITO_RETARGETING,4.56,646,8,1
2025-07-14,Friuli-Venezia Giulia,Subito Lavoro,AZ_IT_SUBITO_SLOT_PREMIUM,29.34,2718,30,3
2025-07-14,Friuli-Venezia Giulia,Subito Lavoro,AZ_IT_SUBITO_SPONSORED_ANNUNCI,12.38,972,17,1
2025-07-14,Lazio,Subito Lavoro,AZ_IT_SUBITO_RETARGETING,33.81,4884,70,3
2025-07-14,Lazio,Subito Lavoro,AZ_IT_SUBITO_SLOT_PREMIUM,110.48,10063,159,10
2025-07-14,Lazio,Subito Lavoro,AZ_IT_SUBITO_SPONSORED_ANNUNCI,54.87,4292,80,3
2025-07-14,Liguria,Subito Lavoro,AZ_IT_SUBITO_RETARGETING,5.88,787,8,0
2025-07-14,Liguria,Subito Lavoro,AZ_IT_SUBITO_SLOT_PREMIUM,22.82,2168,29,1
2025-07-14,Liguria,Subito Lavoro,AZ_IT_SUBITO_SPONSORED_ANNUNCI,18.68,1430,25,1
2025-07-14,Lombardia,Subito Lavoro,AZ_IT_SUBITO_RETARGETING,60.88,8893,100,5
2025-07-14,Lombardia,Subito Lavoro,AZ_IT_SUBITO_SLOT_PREMIUM,152.11,13914,210,14
2025-07-14,Lombardia,Subito Lavoro,AZ_IT_SUBITO_SPONSORED_ANNUNCI,65.85,5316,93,5
2025-07-14,Marche,Subito Lavoro,AZ_IT_SUBITO_RETARGETING,5.55,749,8,1
2025-07-14,Marche,Subito Lavoro,AZ_IT_SUBITO_SLOT_PREMIUM,27.15,2475,36,3
2025-07-14,Marche,Subito Lavoro,AZ_IT_SUBITO_SPONSORED_ANNUNCI,28.63,2183,35,2
2025-07-14,Molise,Subito Lavoro,AZ_IT_SUBITO_RETARGETING,1.05,145,2,0
2025-07-14,Molise,Subito Lavoro,AZ_IT_SUBITO_SLOT_PREMIUM,4.50,413,6,0
2025-07-14,Molise,Subito Lavoro,AZ_IT_SUBITO_SPONSORED_ANNUNCI,4.11,322,5,0
2025-07-14,Piemonte,Subito Lavoro,AZ_IT_SUBITO_RETARGETING,23.45,3513,36,2
2025-07-14,Piemonte,Subito Lavoro,AZ_IT_SUBITO_SLOT_PREMIUM,53.75,4940,65,4
2025-07-14,Piemonte,Subito Lavoro,AZ_IT_SUBITO_SPONSORED_ANNUNCI,35.16,2679,47,2
2025-07-14,Puglia,Subito Lavoro,AZ_IT_SUBITO_RETARGETING,16.02,2320,31,1
2025-07-14,Puglia,Subito Lavoro,AZ_IT_SUBITO_SLOT_PREMIUM,127.44,11919,191,5
2025-07-14,Puglia,Subito Lavoro,AZ_IT_SUBITO_SPONSORED_ANNUNCI,62.35,4830,80,2
2025-07-14,Sardegna,Subito Lavoro,AZ_IT_SUBITO_RETARGETING,6.46,945,11,1
2025-07-14,Sardegna,Subito Lavoro,AZ_IT_SUBITO_SLOT_PREMIUM,33.68,2869,37,2
2025-07-14,Sardegna,Subito Lavoro,AZ_IT_SUBITO_SPONSORED_ANNUNCI,17.33,1354,23,1
2025-07-14,Sicilia,Subito Lavoro,AZ_IT_SUBITO_RETARGETING,18.99,2640,30,1
2025-07-14,Sicilia,Subito Lavoro,AZ_IT_SUBITO_SLOT_PREMIUM,118.01,10909,155,7
2025-07-14,Sicilia,Subito Lavoro,AZ_IT_SUBITO_SPONSORED_ANNUNCI,52.27,4131,74,2
2025-07-14,Toscana,Subito Lavoro,AZ_IT_SUBITO_RETARGETING,12.56,1764,23,2
2025-07-14,Toscana,Subito Lavoro,AZ_IT_SUBITO_SLOT_PREMIUM,59.27,5426,74,7
2025-07-14,Toscana,Subito Lavoro,AZ_IT_SUBITO_SPONSORED_ANNUNCI,46.95,3498,62,4
2025-07-14,Trentino-Alto Adige,Subito Lavoro,AZ_IT_SUBITO_RETARGETING,7.28,1029,12,1
2025-07-14,Trentino-Alto Adige,Subito Lavoro,AZ_IT_SUBITO_SLOT_PREMIUM,17.91,1619,24,2
2025-07-14,Trentino-Alto Adige,Subito Lavoro,AZ_IT_SUBITO_SPONSORED_ANNUNCI,16.41,1268,21,1
2025-07-14,Umbria,Subito Lavoro,AZ_IT_SUBITO_RETARGETING,3.68,532,7,0
2025-07-14,Umbria,Subito Lavoro,AZ_IT_SUBITO_SLOT_PREMIUM,14.82,1387,20,2
2025-07-14,Umbria,Subito Lavoro,AZ_IT_SUBITO_SPONSORED_ANNUNCI,7.00,523,9,1
2025-07-14,Valle d'Aosta,Subito Lavoro,AZ_IT_SUBITO_RETARGETING,0.83,122,1,0
2025-07-14,Valle d'Aosta,Subito Lavoro,AZ_IT_SUBITO_SLOT_PREMIUM,2.35,219,3,0
2025-07-14,Valle d'Aosta,Subito Lavoro,AZ_IT_SUBITO_SPONSORED_ANNUNCI,1.03,79,1,0
2025-07-14,Veneto,Subito Lavoro,AZ_IT_SUBITO_RETARGETING,25.34,3682,43,2
2025-07-14,Veneto,Subito Lavoro,AZ_IT_SUBITO_SLOT_PREMIUM,75.69,6769,93,6
2025-07-14,Veneto,Subito Lavoro,AZ_IT_SUBITO_SPONSORED_ANNUNCI,64.21,4954,93,4
2025-07-21,Abruzzo,Subito Lavoro,AZ_IT_SUBITO_RETARGETING,1.50,215,3,0
2025-07-21,Abruzzo,Subito Lavoro,AZ_IT_SUBITO_SLOT_PREMIUM,5.95,542,8,1
2025-07-21,Abruzzo,Subito Lavoro,AZ_IT_SUBITO_SPONSORED_ANNUNCI,3.35,260,4,0
2025-07-21,Basilicata,Subito Lavoro,AZ_IT_SUBITO_RETARGETING,0.56,80,1,0
2025-07-21,Basilicata,Subito Lavoro,AZ_IT_SUBITO_SLOT_PREMIUM,2.07,192,3,1
2025-07-21,Basilicata,Subito Lavoro,AZ_IT_SUBITO_SPONSORED_ANNUNCI,1.15,88,1,0
2025-07-21,Calabria,Subito Lavoro,AZ_IT_SUBITO_RETARGETING,2.01,286,3,1
2025-07-21,Calabria,Subito Lavoro,AZ_IT_SUBITO_SLOT_PREMIUM,8.66,784,11,3
2025-07-21,Calabria,Subito Lavoro,AZ_IT_SUBITO_SPONSORED_ANNUNCI,4.13,308,5,1
2025-07-21,Campania,Subito Lavoro,AZ_IT_SUBITO_RETARGETING,6.00,847,10,1
2025-07-21,Campania,Subito Lavoro,AZ_IT_SUBITO_SLOT_PREMIUM,31.04,2749,38,5
2025-07-21,Campania,Subito Lavoro,AZ_IT_SUBITO_SPONSORED_ANNUNCI,17.51,1378,25,2
2025-07-21,Emilia-Romagna,Subito Lavoro,AZ_IT_SUBITO_RETARGETING,9.53,1300,18,2
2025-07-21,Emilia-Romagna,Subito Lavoro,AZ_IT_SUBITO_SLOT_PREMIUM,21.66,1978,27,3
2025-07-21,Emilia-Romagna,Subito Lavoro,AZ_IT_SUBITO_SPONSORED_ANNUNCI,12.97,949,17,2
2025-07-21,Friuli-Venezia Giulia,Subito Lavoro,AZ_IT_SUBITO_RETARGETING,1.25,176,2,0
2025-07-21,Friuli-Venezia Giulia,Subito Lavoro,AZ_IT_SUBITO_SLOT_PREMIUM,4.63,439,7,2
2025-07-21,Friuli-Venezia Giulia,Subito Lavoro,AZ_IT_SUBITO_SPONSORED_ANNUNCI,2.30,179,3,0
2025-07-21,Lazio,Subito Lavoro,AZ_IT_SUBITO_RETARGETING,11.19,1679,19,2
2025-07-21,Lazio,Subito Lavoro,AZ_IT_SUBITO_SLOT_PREMIUM,46.76,4226,56,8
2025-07-21,Lazio,Subito Lavoro,AZ_IT_SUBITO_SPONSORED_ANNUNCI,17.75,1371,26,2
2025-07-21,Liguria,Subito Lavoro,AZ_IT_SUBITO_RETARGETING,1.48,209,3,0
2025-07-21,Liguria,Subito Lavoro,AZ_IT_SUBITO_SLOT_PREMIUM,8.06,745,10,1
2025-07-21,Liguria,Subito Lavoro,AZ_IT_SUBITO_SPONSORED_ANNUNCI,3.86,298,5,0
2025-07-21,Lombardia,Subito Lavoro,AZ_IT_SUBITO_RETARGETING,6.89,974,12,1
2025-07-21,Lombardia,Subito Lavoro,AZ_IT_SUBITO_SLOT_PREMIUM,39.99,3899,58,8
2025-07-21,Lombardia,Subito Lavoro,AZ_IT_SUBITO_SPONSORED_ANNUNCI,25.43,2035,33,4
2025-07-21,Marche,Subito Lavoro,AZ_IT_SUBITO_RETARGETING,1.68,239,3,1
2025-07-21,Marche,Subito Lavoro,AZ_IT_SUBITO_SLOT_PREMIUM,6.33,538,8,2
2025-07-21,Marche,Subito Lavoro,AZ_IT_SUBITO_SPONSORED_ANNUNCI,4.54,351,6,1
2025-07-21,Molise,Subito Lavoro,AZ_IT_SUBITO_RETARGETING,0.31,44,1,0
2025-07-21,Molise,Subito Lavoro,AZ_IT_SUBITO_SLOT_PREMIUM,1.28,120,2,0
2025-07-21,Molise,Subito Lavoro,AZ_IT_SUBITO_SPONSORED_ANNUNCI,0.65,52,1,0
2025-07-21,Piemonte,Subito Lavoro,AZ_IT_SUBITO_RETARGETING,4.87,690,8,1
2025-07-21,Piemonte,Subito Lavoro,AZ_IT_SUBITO_SLOT_PREMIUM,16.51,1465,20,3
2025-07-21,Piemonte,Subito Lavoro,AZ_IT_SUBITO_SPONSORED_ANNUNCI,9.51,763,13,1
2025-07-21,Puglia,Subito Lavoro,AZ_IT_SUBITO_RETARGETING,3.85,536,7,1
2025-07-21,Puglia,Subito Lavoro,AZ_IT_SUBITO_SLOT_PREMIUM,28.33,2527,34,4
2025-07-21,Puglia,Subito Lavoro,AZ_IT_SUBITO_SPONSORED_ANNUNCI,7.37,557,11,1
2025-07-21,Sardegna,Subito Lavoro,AZ_IT_SUBITO_RETARGETING,2.11,303,4,0
2025-07-21,Sardegna,Subito Lavoro,AZ_IT_SUBITO_SLOT_PREMIUM,8.32,750,11,2
2025-07-21,Sardegna,Subito Lavoro,AZ_IT_SUBITO_SPONSORED_ANNUNCI,3.30,254,5,0
2025-07-21,Sicilia,Subito Lavoro,AZ_IT_SUBITO_RETARGETING,7.79,1134,14,2
2025-07-21,Sicilia,Subito Lavoro,AZ_IT_SUBITO_SLOT_PREMIUM,13.59,1208,17,3
2025-07-21,Sicilia,Subito Lavoro,AZ_IT_SUBITO_SPONSORED_ANNUNCI,13.07,992,18,2
2025-07-21,Toscana,Subito Lavoro,AZ_IT_SUBITO_RETARGETING,3.83,531,7,1
2025-07-21,Toscana,Subito Lavoro,AZ_IT_SUBITO_SLOT_PREMIUM,18.21,1687,24,4
2025-07-21,Toscana,Subito Lavoro,AZ_IT_SUBITO_SPONSORED_ANNUNCI,13.59,1086,17,2
2025-07-21,Trentino-Alto Adige,Subito Lavoro,AZ_IT_SUBITO_RETARGETING,1.72,252,3,0
2025-07-21,Trentino-Alto Adige,Subito Lavoro,AZ_IT_SUBITO_SLOT_PREMIUM,6.37,558,8,1
2025-07-21,Trentino-Alto Adige,Subito Lavoro,AZ_IT_SUBITO_SPONSORED_ANNUNCI,3.28,256,5,0
2025-07-21,Umbria,Subito Lavoro,AZ_IT_SUBITO_RETARGETING,1.17,169,2,0
2025-07-21,Umbria,Subito Lavoro,AZ_IT_SUBITO_SLOT_PREMIUM,2.61,243,3,1
2025-07-21,Umbria,Subito Lavoro,AZ_IT_SUBITO_SPONSORED_ANNUNCI,2.70,201,4,0
2025-07-21,Valle d'Aosta,Subito Lavoro,AZ_IT_SUBITO_RETARGETING,0.15,20,0,0
2025-07-21,Valle d'Aosta,Subito Lavoro,AZ_IT_SUBITO_SLOT_PREMIUM,0.74,70,1,0
2025-07-21,Valle d'Aosta,Subito Lavoro,AZ_IT_SUBITO_SPONSORED_ANNUNCI,0.54,43,1,0
2025-07-21,Veneto,Subito Lavoro,AZ_IT_SUBITO_RETARGETING,8.41,1233,16,2
2025-07-21,Veneto,Subito Lavoro,AZ_IT_SUBITO_SLOT_PREMIUM,20.74,1795,26,4
2025-07-21,Veneto,Subito Lavoro,AZ_IT_SUBITO_SPONSORED_ANNUNCI,12.39,957,14,2
2025-07-28,Abruzzo,Subito Lavoro,AZ_IT_SUBITO_RETARGETING,1.21,175,2,0
2025-07-28,Abruzzo,Subito Lavoro,AZ_IT_SUBITO_SLOT_PREMIUM,11.82,1026,14,1
2025-07-28,Abruzzo,Subito Lavoro,AZ_IT_SUBITO_SPONSORED_ANNUNCI,3.64,287,5,0
2025-07-28,Basilicata,Subito Lavoro,AZ_IT_SUBITO_RETARGETING,0.73,102,1,0
2025-07-28,Basilicata,Subito Lavoro,AZ_IT_SUBITO_SLOT_PREMIUM,2.98,267,4,0
2025-07-28,Basilicata,Subito Lavoro,AZ_IT_SUBITO_SPONSORED_ANNUNCI,0.94,69,1,0
2025-07-28,Calabria,Subito Lavoro,AZ_IT_SUBITO_RETARGETING,2.49,352,4,0
2025-07-28,Calabria,Subito Lavoro,AZ_IT_SUBITO_SLOT_PREMIUM,14.33,1344,18,3
2025-07-28,Calabria,Subito Lavoro,AZ_IT_SUBITO_SPONSORED_ANNUNCI,3.12,239,4,0
2025-07-28,Campania,Subito Lavoro,AZ_IT_SUBITO_RETARGETING,6.17,907,11,1
2025-07-28,Campania,Subito Lavoro,AZ_IT_SUBITO_SLOT_PREMIUM,60.45,5375,87,7
2025-07-28,Campania,Subito Lavoro,AZ_IT_SUBITO_SPONSORED_ANNUNCI,11.89,926,17,1
2025-07-28,Emilia-Romagna,Subito Lavoro,AZ_IT_SUBITO_RETARGETING,7.39,1059,14,1
2025-07-28,Emilia-Romagna,Subito Lavoro,AZ_IT_SUBITO_SLOT_PREMIUM,35.83,3276,50,4
2025-07-28,Emilia-Romagna,Subito Lavoro,AZ_IT_SUBITO_SPONSORED_ANNUNCI,14.75,1116,20,1
2025-07-28,Friuli-Venezia Giulia,Subito Lavoro,AZ_IT_SUBITO_RETARGETING,2.07,291,3,0
2025-07-28,Friuli-Venezia Giulia,Subito Lavoro,AZ_IT_SUBITO_SLOT_PREMIUM,8.85,769,12,1
2025-07-28,Friuli-Venezia Giulia,Subito Lavoro,AZ_IT_SUBITO_SPONSORED_ANNUNCI,4.51,352,6,0
2025-07-28,Lazio,Subito Lavoro,AZ_IT_SUBITO_RETARGETING,9.78,1406,16,2
2025-07-28,Lazio,Subito Lavoro,AZ_IT_SUBITO_SLOT_PREMIUM,28.29,2509,35,4
2025-07-28,Lazio,Subito Lavoro,AZ_IT_SUBITO_SPONSORED_ANNUNCI,16.39,1242,20,2
2025-07-28,Liguria,Subito Lavoro,AZ_IT_SUBITO_RETARGETING,2.01,281,3,0
2025-07-28,Liguria,Subito Lavoro,AZ_IT_SUBITO_SLOT_PREMIUM,9.10,801,11,1
2025-07-28,Liguria,Subito Lavoro,AZ_IT_SUBITO_SPONSORED_ANNUNCI,6.04,467,8,0
2025-07-28,Lombardia,Subito Lavoro,AZ_IT_SUBITO_RETARGETING,14.46,2048,24,2
2025-07-28,Lombardia,Subito Lavoro,AZ_IT_SUBITO_SLOT_PREMIUM,50.14,4449,51,6
2025-07-28,Lombardia,Subito Lavoro,AZ_IT_SUBITO_SPONSORED_ANNUNCI,28.57,2252,35,2
2025-07-28,Marche,Subito Lavoro,AZ_IT_SUBITO_RETARGETING,2.12,303,4,0
2025-07-28,Marche,Subito Lavoro,AZ_IT_SUBITO_SLOT_PREMIUM,11.34,1028,13,2
2025-07-28,Marche,Subito Lavoro,AZ_IT_SUBITO_SPONSORED_ANNUNCI,6.58,512,9,1
2025-07-28,Molise,Subito Lavoro,AZ_IT_SUBITO_RETARGETING,0.45,68,1,0
2025-07-28,Molise,Subito Lavoro,AZ_IT_SUBITO_SLOT_PREMIUM,1.89,173,2,0
2025-07-28,Molise,Subito Lavoro,AZ_IT_SUBITO_SPONSORED_ANNUNCI,1.10,81,1,0
2025-07-28,Piemonte,Subito Lavoro,AZ_IT_SUBITO_RETARGETING,8.80,1229,13,1
2025-07-28,Piemonte,Subito Lavoro,AZ_IT_SUBITO_SLOT_PREMIUM,22.76,2089,32,2
2025-07-28,Piemonte,Subito Lavoro,AZ_IT_SUBITO_SPONSORED_ANNUNCI,10.28,825,14,1
2025-07-28,Puglia,Subito Lavoro,AZ_IT_SUBITO_RETARGETING,5.18,766,9,1
2025-07-28,Puglia,Subito Lavoro,AZ_IT_SUBITO_SLOT_PREMIUM,22.71,1989,27,2
2025-07-28,Puglia,Subito Lavoro,AZ_IT_SUBITO_SPONSORED_ANNUNCI,12.74,1006,18,1
2025-07-28,Sardegna,Subito Lavoro,AZ_IT_SUBITO_RETARGETING,2.58,339,4,0
2025-07-28,Sardegna,Subito Lavoro,AZ_IT_SUBITO_SLOT_PREMIUM,13.64,1292,18,1
2025-07-28,Sardegna,Subito Lavoro,AZ_IT_SUBITO_SPONSORED_ANNUNCI,4.20,327,5,0
2025-07-28,Sicilia,Subito Lavoro,AZ_IT_SUBITO_RETARGETING,5.41,769,9,1
2025-07-28,Sicilia,Subito Lavoro,AZ_IT_SUBITO_SLOT_PREMIUM,32.81,2957,43,3
2025-07-28,Sicilia,Subito Lavoro,AZ_IT_SUBITO_SPONSORED_ANNUNCI,13.18,1071,16,1
2025-07-28,Toscana,Subito Lavoro,AZ_IT_SUBITO_RETARGETING,5.54,799,9,1
2025-07-28,Toscana,Subito Lavoro,AZ_IT_SUBITO_SLOT_PREMIUM,20.02,1885,23,3
2025-07-28,Toscana,Subito Lavoro,AZ_IT_SUBITO_SPONSORED_ANNUNCI,7.12,547,10,1
2025-07-28,Trentino-Alto Adige,Subito Lavoro,AZ_IT_SUBITO_RETARGETING,1.69,247,3,0
2025-07-28,Trentino-Alto Adige,Subito Lavoro,AZ_IT_SUBITO_SLOT_PREMIUM,6.58,612,9,1
2025-07-28,Trentino-Alto Adige,Subito Lavoro,AZ_IT_SUBITO_SPONSORED_ANNUNCI,3.04,239,4,0
2025-07-28,Umbria,Subito Lavoro,AZ_IT_SUBITO_RETARGETING,0.67,98,1,0
2025-07-28,Umbria,Subito Lavoro,AZ_IT_SUBITO_SLOT_PREMIUM,4.02,372,6,1
2025-07-28,Umbria,Subito Lavoro,AZ_IT_SUBITO_SPONSORED_ANNUNCI,2.25,163,3,0
2025-07-28,Valle d'Aosta,Subito Lavoro,AZ_IT_SUBITO_RETARGETING,0.14,19,0,0
2025-07-28,Valle d'Aosta,Subito Lavoro,AZ_IT_SUBITO_SLOT_PREMIUM,0.53,51,1,0
2025-07-28,Valle d'Aosta,Subito Lavoro,AZ_IT_SUBITO_SPONSORED_ANNUNCI,0.26,21,0,0
2025-07-28,Veneto,Subito Lavoro,AZ_IT_SUBITO_RETARGETING,7.50,1112,13,1
2025-07-28,Veneto,Subito Lavoro,AZ_IT_SUBITO_SLOT_PREMIUM,16.97,1509,21,2
2025-07-28,Veneto,Subito Lavoro,AZ_IT_SUBITO_SPONSORED_ANNUNCI,14.05,1105,19,1
2025-08-04,Abruzzo,Subito Lavoro,AZ_IT_SUBITO_RETARGETING,3.36,465,6,0
2025-08-04,Abruzzo,Subito Lavoro,AZ_IT_SUBITO_SLOT_PREMIUM,11.16,1032,14,1
2025-08-04,Abruzzo,Subito Lavoro,AZ_IT_SUBITO_SPONSORED_ANNUNCI,6.26,504,10,0
2025-08-04,Basilicata,Subito Lavoro,AZ_IT_SUBITO_RETARGETING,1.41,196,2,0
2025-08-04,Basilicata,Subito Lavoro,AZ_IT_SUBITO_SLOT_PREMIUM,4.26,358,5,0
2025-08-04,Basilicata,Subito Lavoro,AZ_IT_SUBITO_SPONSORED_ANNUNCI,3.41,258,4,0
2025-08-04,Calabria,Subito Lavoro,AZ_IT_SUBITO_RETARGETING,5.32,724,9,1
2025-08-04,Calabria,Subito Lavoro,AZ_IT_SUBITO_SLOT_PREMIUM,27.28,2502,37,3
2025-08-04,Calabria,Subito Lavoro,AZ_IT_SUBITO_SPONSORED_ANNUNCI,8.82,723,11,1
2025-08-04,Campania,Subito Lavoro,AZ_IT_SUBITO_RETARGETING,17.18,2494,29,2
2025-08-04,Campania,Subito Lavoro,AZ_IT_SUBITO_SLOT_PREMIUM,36.27,3347,50,3
2025-08-04,Campania,Subito Lavoro,AZ_IT_SUBITO_SPONSORED_ANNUNCI,31.77,2503,39,2
2025-08-04,Emilia-Romagna,Subito Lavoro,AZ_IT_SUBITO_RETARGETING,8.91,1289,14,1
2025-08-04,Emilia-Romagna,Subito Lavoro,AZ_IT_SUBITO_SLOT_PREMIUM,57.96,5144,72,6
2025-08-04,Emilia-Romagna,Subito Lavoro,AZ_IT_SUBITO_SPONSORED_ANNUNCI,32.98,2603,44,2
2025-08-04,Friuli-Venezia Giulia,Subito Lavoro,AZ_IT_SUBITO_RETARGETING,2.60,368,5,0
2025-08-04,Friuli-Venezia Giulia,Subito Lavoro,AZ_IT_SUBITO_SLOT_PREMIUM,10.86,992,13,1
2025-08-04,Friuli-Venezia Giulia,Subito Lavoro,AZ_IT_SUBITO_SPONSORED_ANNUNCI,4.71,353,6,0
2025-08-04,Lazio,Subito Lavoro,AZ_IT_SUBITO_RETARGETING,23.68,3271,34,3
2025-08-04,Lazio,Subito Lavoro,AZ_IT_SUBITO_SLOT_PREMIUM,40.43,3482,46,4
2025-08-04,Lazio,Subito Lavoro,AZ_IT_SUBITO_SPONSORED_ANNUNCI,42.02,3285,52,3
2025-08-04,Liguria,Subito Lavoro,AZ_IT_SUBITO_RETARGETING,4.05,582,7,0
2025-08-04,Liguria,Subito Lavoro,AZ_IT_SUBITO_SLOT_PREMIUM,10.78,948,14,1
2025-08-04,Liguria,Subito Lavoro,AZ_IT_SUBITO_SPONSORED_ANNUNCI,7.13,554,8,0
2025-08-04,Lombardia,Subito Lavoro,AZ_IT_SUBITO_RETARGETING,30.61,4146,59,4
2025-08-04,Lombardia,Subito Lavoro,AZ_IT_SUBITO_SLOT_PREMIUM,77.59,7051,102,9
2025-08-04,Lombardia,Subito Lavoro,AZ_IT_SUBITO_SPONSORED_ANNUNCI,46.31,3578,62,4
2025-08-04,Marche,Subito Lavoro,AZ_IT_SUBITO_RETARGETING,6.44,999,12,1
2025-08-04,Marche,Subito Lavoro,AZ_IT_SUBITO_SLOT_PREMIUM,9.39,821,11,2
2025-08-04,Marche,Subito Lavoro,AZ_IT_SUBITO_SPONSORED_ANNUNCI,9.21,719,13,1
2025-08-04,Molise,Subito Lavoro,AZ_IT_SUBITO_RETARGETING,0.61,88,1,0
2025-08-04,Molise,Subito Lavoro,AZ_IT_SUBITO_SLOT_PREMIUM,2.35,226,3,0
2025-08-04,Molise,Subito Lavoro,AZ_IT_SUBITO_SPONSORED_ANNUNCI,1.37,100,2,0
2025-08-04,Piemonte,Subito Lavoro,AZ_IT_SUBITO_RETARGETING,14.69,2185,25,1
2025-08-04,Piemonte,Subito Lavoro,AZ_IT_SUBITO_SLOT_PREMIUM,56.41,5214,85,4
2025-08-04,Piemonte,Subito Lavoro,AZ_IT_SUBITO_SPONSORED_ANNUNCI,36.23,2870,46,2
2025-08-04,Puglia,Subito Lavoro,AZ_IT_SUBITO_RETARGETING,12.80,1868,24,1
2025-08-04,Puglia,Subito Lavoro,AZ_IT_SUBITO_SLOT_PREMIUM,25.99,2356,36,2
2025-08-04,Puglia,Subito Lavoro,AZ_IT_SUBITO_SPONSORED_ANNUNCI,17.50,1314,23,1
2025-08-04,Sardegna,Subito Lavoro,AZ_IT_SUBITO_RETARGETING,7.56,1073,13,1
2025-08-04,Sardegna,Subito Lavoro,AZ_IT_SUBITO_SLOT_PREMIUM,14.94,1367,22,2
2025-08-04,Sardegna,Subito Lavoro,AZ_IT_SUBITO_SPONSORED_ANNUNCI,6.90,531,9,0
2025-08-04,Sicilia,Subito Lavoro,AZ_IT_SUBITO_RETARGETING,16.08,2248,25,1
2025-08-04,Sicilia,Subito Lavoro,AZ_IT_SUBITO_SLOT_PREMIUM,66.96,6162,91,6
2025-08-04,Sicilia,Subito Lavoro,AZ_IT_SUBITO_SPONSORED_ANNUNCI,33.19,2536,43,2
2025-08-04,Toscana,Subito Lavoro,AZ_IT_SUBITO_RETARGETING,10.58,1556,18,2
2025-08-04,Toscana,Subito Lavoro,AZ_IT_SUBITO_SLOT_PREMIUM,28.55,2506,39,3
2025-08-04,Toscana,Subito Lavoro,AZ_IT_SUBITO_SPONSORED_ANNUNCI,22.72,1749,30,2
2025-08-04,Trentino-Alto Adige,Subito Lavoro,AZ_IT_SUBITO_RETARGETING,3.38,484,6,0
2025-08-04,Trentino-Alto Adige,Subito Lavoro,AZ_IT_SUBITO_SLOT_PREMIUM,14.05,1297,17,1
2025-08-04,Trentino-Alto Adige,Subito Lavoro,AZ_IT_SUBITO_SPONSORED_ANNUNCI,6.48,478,8,0
2025-08-04,Umbria,Subito Lavoro,AZ_IT_SUBITO_RETARGETING,1.94,286,4,0
2025-08-04,Umbria,Subito Lavoro,AZ_IT_SUBITO_SLOT_PREMIUM,9.48,873,13,1
2025-08-04,Umbria,Subito Lavoro,AZ_IT_SUBITO_SPONSORED_ANNUNCI,4.18,307,5,0
2025-08-04,Valle d'Aosta,Subito Lavoro,AZ_IT_SUBITO_RETARGETING,0.27,39,0,0
2025-08-04,Valle d'Aosta,Subito Lavoro,AZ_IT_SUBITO_SLOT_PREMIUM,1.22,109,2,0
2025-08-04,Valle d'Aosta,Subito Lavoro,AZ_IT_SUBITO_SPONSORED_ANNUNCI,0.56,43,1,0
2025-08-04,Veneto,Subito Lavoro,AZ_IT_SUBITO_RETARGETING,9.21,1384,17,1
2025-08-04,Veneto,Subito Lavoro,AZ_IT_SUBITO_SLOT_PREMIUM,49.24,4542,68,5
2025-08-04,Veneto,Subito Lavoro,AZ_IT_SUBITO_SPONSORED_ANNUNCI,19.43,1421,23,1
2025-08-11,Abruzzo,Subito Lavoro,AZ_IT_SUBITO_RETARGETING,6.65,963,11,1
2025-08-11,Abruzzo,Subito Lavoro,AZ_IT_SUBITO_SLOT_PREMIUM,20.60,1859,26,1
2025-08-11,Abruzzo,Subito Lavoro,AZ_IT_SUBITO_SPONSORED_ANNUNCI,15.36,1146,19,1
2025-08-11,Basilicata,Subito Lavoro,AZ_IT_SUBITO_RETARGETING,3.15,440,5,0
2025-08-11,Basilicata,Subito Lavoro,AZ_IT_SUBITO_SLOT_PREMIUM,13.07,1207,16,1
2025-08-11,Basilicata,Subito Lavoro,AZ_IT_SUBITO_SPONSORED_ANNUNCI,9.11,712,13,0
2025-08-11,Calabria,Subito Lavoro,AZ_IT_SUBITO_RETARGETING,8.96,1319,15,1
2025-08-11,Calabria,Subito Lavoro,AZ_IT_SUBITO_SLOT_PREMIUM,26.48,2495,34,4
2025-08-11,Calabria,Subito Lavoro,AZ_IT_SUBITO_SPONSORED_ANNUNCI,18.69,1423,25,2
2025-08-11,Campania,Subito Lavoro,AZ_IT_SUBITO_RETARGETING,19.84,2860,34,1
2025-08-11,Campania,Subito Lavoro,AZ_IT_SUBITO_SLOT_PREMIUM,144.79,13155,205,9
2025-08-11,Campania,Subito Lavoro,AZ_IT_SUBITO_SPONSORED_ANNUNCI,59.94,4575,72,3
2025-08-11,Emilia-Romagna,Subito Lavoro,AZ_IT_SUBITO_RETARGETING,26.60,3738,43,3
2025-08-11,Emilia-Romagna,Subito Lavoro,AZ_IT_SUBITO_SLOT_PREMIUM,101.75,9771,128,8
2025-08-11,Emilia-Romagna,Subito Lavoro,AZ_IT_SUBITO_SPONSORED_ANNUNCI,42.76,3434,58,2
2025-08-11,Friuli-Venezia Giulia,Subito Lavoro,AZ_IT_SUBITO_RETARGETING,6.36,900,11,1
2025-08-11,Friuli-Venezia Giulia,Subito Lavoro,AZ_IT_SUBITO_SLOT_PREMIUM,23.04,2068,30,2
2025-08-11,Friuli-Venezia Giulia,Subito Lavoro,AZ_IT_SUBITO_SPONSORED_ANNUNCI,9.13,650,11,1
2025-08-11,Lazio,Subito Lavoro,AZ_IT_SUBITO_RETARGETING,40.26,5615,69,4
2025-08-11,Lazio,Subito Lavoro,AZ_IT_SUBITO_SLOT_PREMIUM,73.01,6429,89,7
2025-08-11,Lazio,Subito Lavoro,AZ_IT_SUBITO_SPONSORED_ANNUNCI,53.66,4068,60,3
2025-08-11,Liguria,Subito Lavoro,AZ_IT_SUBITO_RETARGETING,9.49,1325,16,1
2025-08-11,Liguria,Subito Lavoro,AZ_IT_SUBITO_SLOT_PREMIUM,22.58,2067,31,1
2025-08-11,Liguria,Subito Lavoro,AZ_IT_SUBITO_SPONSORED_ANNUNCI,25.48,1969,37,1
2025-08-11,Lombardia,Subito Lavoro,AZ_IT_SUBITO_RETARGETING,75.41,10987,149,6
2025-08-11,Lombardia,Subito Lavoro,AZ_IT_SUBITO_SLOT_PREMIUM,186.52,16434,207,15
2025-08-11,Lombardia,Subito Lavoro,AZ_IT_SUBITO_SPONSORED_ANNUNCI,106.36,8284,137,5
2025-08-11,Marche,Subito Lavoro,AZ_IT_SUBITO_RETARGETING,7.12,1061,13,1
2025-08-11,Marche,Subito Lavoro,AZ_IT_SUBITO_SLOT_PREMIUM,26.21,2413,32,3
2025-08-11,Marche,Subito Lavoro,AZ_IT_SUBITO_SPONSORED_ANNUNCI,17.13,1264,20,1
2025-08-11,Molise,Subito Lavoro,AZ_IT_SUBITO_RETARGETING,1.42,206,3,0
2025-08-11,Molise,Subito Lavoro,AZ_IT_SUBITO_SLOT_PREMIUM,4.71,414,5,0
2025-08-11,Molise,Subito Lavoro,AZ_IT_SUBITO_SPONSORED_ANNUNCI,2.30,179,3,0
2025-08-11,Piemonte,Subito Lavoro,AZ_IT_SUBITO_RETARGETING,30.80,4381,56,2
2025-08-11,Piemonte,Subito Lavoro,AZ_IT_SUBITO_SLOT_PREMIUM,61.35,5698,77,4
2025-08-11,Piemonte,Subito Lavoro,AZ_IT_SUBITO_SPONSORED_ANNUNCI,40.39,3068,50,2
2025-08-11,Puglia,Subito Lavoro,AZ_IT_SUBITO_RETARGETING,19.72,2799,33,1
2025-08-11,Puglia,Subito Lavoro,AZ_IT_SUBITO_SLOT_PREMIUM,54.51,4923,73,3
2025-08-11,Puglia,Subito Lavoro,AZ_IT_SUBITO_SPONSORED_ANNUNCI,34.48,2762,51,2
2025-08-11,Sardegna,Subito Lavoro,AZ_IT_SUBITO_RETARGETING,7.82,1125,13,1
2025-08-11,Sardegna,Subito Lavoro,AZ_IT_SUBITO_SLOT_PREMIUM,28.05,2686,33,2
2025-08-11,Sardegna,Subito Lavoro,AZ_IT_SUBITO_SPONSORED_ANNUNCI,14.70,1160,21,1
2025-08-11,Sicilia,Subito Lavoro,AZ_IT_SUBITO_RETARGETING,36.39,5261,62,3
2025-08-11,Sicilia,Subito Lavoro,AZ_IT_SUBITO_SLOT_PREMIUM,101.41,9657,126,7
2025-08-11,Sicilia,Subito Lavoro,AZ_IT_SUBITO_SPONSORED_ANNUNCI,50.62,3863,66,2
2025-08-11,Toscana,Subito Lavoro,AZ_IT_SUBITO_RETARGETING,16.84,2331,25,2
2025-08-11,Toscana,Subito Lavoro,AZ_IT_SUBITO_SLOT_PREMIUM,72.14,6772,89,7
2025-08-11,Toscana,Subito Lavoro,AZ_IT_SUBITO_SPONSORED_ANNUNCI,45.34,3484,63,4
2025-08-11,Trentino-Alto Adige,Subito Lavoro,AZ_IT_SUBITO_RETARGETING,4.46,632,7,0
2025-08-11,Trentino-Alto Adige,Subito Lavoro,AZ_IT_SUBITO_SLOT_PREMIUM,20.58,1816,25,2
2025-08-11,Trentino-Alto Adige,Subito Lavoro,AZ_IT_SUBITO_SPONSORED_ANNUNCI,16.59,1287,22,1
2025-08-11,Umbria,Subito Lavoro,AZ_IT_SUBITO_RETARGETING,3.14,454,6,0
2025-08-11,Umbria,Subito Lavoro,AZ_IT_SUBITO_SLOT_PREMIUM,18.36,1628,22,2
2025-08-11,Umbria,Subito Lavoro,AZ_IT_SUBITO_SPONSORED_ANNUNCI,6.67,516,8,0
2025-08-11,Valle d'Aosta,Subito Lavoro,AZ_IT_SUBITO_RETARGETING,0.53,74,1,0
2025-08-11,Valle d'Aosta,Subito Lavoro,AZ_IT_SUBITO_SLOT_PREMIUM,2.44,223,3,0
2025-08-11,Valle d'Aosta,Subito Lavoro,AZ_IT_SUBITO_SPONSORED_ANNUNCI,1.80,138,2,0
2025-08-11,Veneto,Subito Lavoro,AZ_IT_SUBITO_RETARGETING,20.72,3095,36,2
2025-08-11,Veneto,Subito Lavoro,AZ_IT_SUBITO_SLOT_PREMIUM,103.52,9579,141,7
2025-08-11,Veneto,Subito Lavoro,AZ_IT_SUBITO_SPONSORED_ANNUNCI,33.96,2595,42,2
2025-08-18,Abruzzo,Subito Lavoro,AZ_IT_SUBITO_RETARGETING,5.42,836,9,1
2025-08-18,Abruzzo,Subito Lavoro,AZ_IT_SUBITO_SLOT_PREMIUM,17.54,1595,19,1
2025-08-18,Abruzzo,Subito Lavoro,AZ_IT_SUBITO_SPONSORED_ANNUNCI,8.71,709,11,0
2025-08-18,Basilicata,Subito Lavoro,AZ_IT_SUBITO_RETARGETING,2.73,402,4,0
2025-08-18,Basilicata,Subito Lavoro,AZ_IT_SUBITO_SLOT_PREMIUM,12.10,1094,16,1
2025-08-18,Basilicata,Subito Lavoro,AZ_IT_SUBITO_SPONSORED_ANNUNCI,6.70,529,9,0
2025-08-18,Calabria,Subito Lavoro,AZ_IT_SUBITO_RETARGETING,7.36,1022,11,1
2025-08-18,Calabria,Subito Lavoro,AZ_IT_SUBITO_SLOT_PREMIUM,23.35,2159,30,3
2025-08-18,Calabria,Subito Lavoro,AZ_IT_SUBITO_SPONSORED_ANNUNCI,21.37,1659,32,2
2025-08-18,Campania,Subito Lavoro,AZ_IT_SUBITO_RETARGETING,20.46,2973,40,2
2025-08-18,Campania,Subito Lavoro,AZ_IT_SUBITO_SLOT_PREMIUM,111.45,10572,151,10
2025-08-18,Campania,Subito Lavoro,AZ_IT_SUBITO_SPONSORED_ANNUNCI,29.25,2291,37,2
2025-08-18,Emilia-Romagna,Subito Lavoro,AZ_IT_SUBITO_RETARGETING,24.32,3540,42,2
2025-08-18,Emilia-Romagna,Subito Lavoro,AZ_IT_SUBITO_SLOT_PREMIUM,65.31,6268,85,6
2025-08-18,Emilia-Romagna,Subito Lavoro,AZ_IT_SUBITO_SPONSORED_ANNUNCI,38.95,2932,51,2
2025-08-18,Friuli-Venezia Giulia,Subito Lavoro,AZ_IT_SUBITO_RETARGETING,3.99,557,7,1
2025-08-18,Friuli-Venezia Giulia,Subito Lavoro,AZ_IT_SUBITO_SLOT_PREMIUM,27.25,2608,39,3
2025-08-18,Friuli-Venezia Giulia,Subito Lavoro,AZ_IT_SUBITO_SPONSORED_ANNUNCI,10.20,779,13,1
2025-08-18,Lazio,Subito Lavoro,AZ_IT_SUBITO_RETARGETING,20.20,2833,36,2
2025-08-18,Lazio,Subito Lavoro,AZ_IT_SUBITO_SLOT_PREMIUM,138.84,11954,164,14
2025-08-18,Lazio,Subito Lavoro,AZ_IT_SUBITO_SPONSORED_ANNUNCI,83.35,6196,120,5
2025-08-18,Liguria,Subito Lavoro,AZ_IT_SUBITO_RETARGETING,7.50,1045,12,1
2025-08-18,Liguria,Subito Lavoro,AZ_IT_SUBITO_SLOT_PREMIUM,22.25,1841,28,2
2025-08-18,Liguria,Subito Lavoro,AZ_IT_SUBITO_SPONSORED_ANNUNCI,10.12,778,13,1
2025-08-18,Lombardia,Subito Lavoro,AZ_IT_SUBITO_RETARGETING,52.53,7414,88,5
2025-08-18,Lombardia,Subito Lavoro,AZ_IT_SUBITO_SLOT_PREMIUM,170.85,15835,246,16
2025-08-18,Lombardia,Subito Lavoro,AZ_IT_SUBITO_SPONSORED_ANNUNCI,108.19,8069,154,7
2025-08-18,Marche,Subito Lavoro,AZ_IT_SUBITO_RETARGETING,7.05,971,12,1
2025-08-18,Marche,Subito Lavoro,AZ_IT_SUBITO_SLOT_PREMIUM,30.74,2884,40,4
2025-08-18,Marche,Subito Lavoro,AZ_IT_SUBITO_SPONSORED_ANNUNCI,8.97,683,10,1
2025-08-18,Molise,Subito Lavoro,AZ_IT_SUBITO_RETARGETING,1.16,164,2,0
2025-08-18,Molise,Subito Lavoro,AZ_IT_SUBITO_SLOT_PREMIUM,5.66,530,8,0
2025-08-18,Molise,Subito Lavoro,AZ_IT_SUBITO_SPONSORED_ANNUNCI,2.38,182,3,0
2025-08-18,Piemonte,Subito Lavoro,AZ_IT_SUBITO_RETARGETING,33.59,4893,59,2
2025-08-18,Piemonte,Subito Lavoro,AZ_IT_SUBITO_SLOT_PREMIUM,75.80,7092,101,5
2025-08-18,Piemonte,Subito Lavoro,AZ_IT_SUBITO_SPONSORED_ANNUNCI,73.94,5584,101,3
2025-08-18,Puglia,Subito Lavoro,AZ_IT_SUBITO_RETARGETING,18.42,2566,32,1
2025-08-18,Puglia,Subito Lavoro,AZ_IT_SUBITO_SLOT_PREMIUM,70.69,6632,94,5
2025-08-18,Puglia,Subito Lavoro,AZ_IT_SUBITO_SPONSORED_ANNUNCI,29.63,2337,34,2
2025-08-18,Sardegna,Subito Lavoro,AZ_IT_SUBITO_RETARGETING,5.68,835,10,1
2025-08-18,Sardegna,Subito Lavoro,AZ_IT_SUBITO_SLOT_PREMIUM,24.73,2250,27,2
2025-08-18,Sardegna,Subito Lavoro,AZ_IT_SUBITO_SPONSORED_ANNUNCI,13.87,1141,19,1
2025-08-18,Sicilia,Subito Lavoro,AZ_IT_SUBITO_RETARGETING,26.27,3634,41,2
2025-08-18,Sicilia,Subito Lavoro,AZ_IT_SUBITO_SLOT_PREMIUM,83.57,7689,85,6
2025-08-18,Sicilia,Subito Lavoro,AZ_IT_SUBITO_SPONSORED_ANNUNCI,39.84,2926,45,2
2025-08-18,Toscana,Subito Lavoro,AZ_IT_SUBITO_RETARGETING,23.01,3355,42,3
2025-08-18,Toscana,Subito Lavoro,AZ_IT_SUBITO_SLOT_PREMIUM,40.45,3754,53,6
2025-08-18,Toscana,Subito Lavoro,AZ_IT_SUBITO_SPONSORED_ANNUNCI,35.75,2815,43,3
2025-08-18,Trentino-Alto Adige,Subito Lavoro,AZ_IT_SUBITO_RETARGETING,6.47,939,12,1
2025-08-18,Trentino-Alto Adige,Subito Lavoro,AZ_IT_SUBITO_SLOT_PREMIUM,19.19,1784,27,2
2025-08-18,Trentino-Alto Adige,Subito Lavoro,AZ_IT_SUBITO_SPONSORED_ANNUNCI,8.06,618,12,1
2025-08-18,Umbria,Subito Lavoro,AZ_IT_SUBITO_RETARGETING,4.29,613,7,1
2025-08-18,Umbria,Subito Lavoro,AZ_IT_SUBITO_SLOT_PREMIUM,14.19,1280,18,2
2025-08-18,Umbria,Subito Lavoro,AZ_IT_SUBITO_SPONSORED_ANNUNCI,5.07,377,7,0
2025-08-18,Valle d'Aosta,Subito Lavoro,AZ_IT_SUBITO_RETARGETING,0.43,61,1,0
2025-08-18,Valle d'Aosta,Subito Lavoro,AZ_IT_SUBITO_SLOT_PREMIUM,1.85,163,2,0
2025-08-18,Valle d'Aosta,Subito Lavoro,AZ_IT_SUBITO_SPONSORED_ANNUNCI,0.91,68,1,0
2025-08-18,Veneto,Subito Lavoro,AZ_IT_SUBITO_RETARGETING,18.57,2659,32,2
2025-08-18,Veneto,Subito Lavoro,AZ_IT_SUBITO_SLOT_PREMIUM,70.07,6078,87,7
2025-08-18,Veneto,Subito Lavoro,AZ_IT_SUBITO_SPONSORED_ANNUNCI,40.73,3145,58,3
2025-08-25,Abruzzo,Subito Lavoro,AZ_IT_SUBITO_RETARGETING,3.10,454,5,0
2025-08-25,Abruzzo,Subito Lavoro,AZ_IT_SUBITO_SLOT_PREMIUM,18.58,1669,23,2
2025-08-25,Abruzzo,Subito Lavoro,AZ_IT_SUBITO_SPONSORED_ANNUNCI,11.03,850,15,1
2025-08-25,Basilicata,Subito Lavoro,AZ_IT_SUBITO_RETARGETING,1.49,207,2,0
2025-08-25,Basilicata,Subito Lavoro,AZ_IT_SUBITO_SLOT_PREMIUM,11.33,992,15,1
2025-08-25,Basilicata,Subito Lavoro,AZ_IT_SUBITO_SPONSORED_ANNUNCI,3.43,267,5,0
2025-08-25,Calabria,Subito Lavoro,AZ_IT_SUBITO_RETARGETING,5.46,781,8,1
2025-08-25,Calabria,Subito Lavoro,AZ_IT_SUBITO_SLOT_PREMIUM,33.49,3043,41,5
2025-08-25,Calabria,Subito Lavoro,AZ_IT_SUBITO_SPONSORED_ANNUNCI,12.06,905,16,1
2025-08-25,Campania,Subito Lavoro,AZ_IT_SUBITO_RETARGETING,21.18,2986,38,2
2025-08-25,Campania,Subito Lavoro,AZ_IT_SUBITO_SLOT_PREMIUM,77.98,7267,108,8
2025-08-25,Campania,Subito Lavoro,AZ_IT_SUBITO_SPONSORED_ANNUNCI,45.12,3282,54,3
2025-08-25,Emilia-Romagna,Subito Lavoro,AZ_IT_SUBITO_RETARGETING,12.81,1835,22,2
2025-08-25,Emilia-Romagna,Subito Lavoro,AZ_IT_SUBITO_SLOT_PREMIUM,49.08,4506,62,6
2025-08-25,Emilia-Romagna,Subito Lavoro,AZ_IT_SUBITO_SPONSORED_ANNUNCI,22.42,1730,28,2
2025-08-25,Friuli-Venezia Giulia,Subito Lavoro,AZ_IT_SUBITO_RETARGETING,7.30,1033,12,1
2025-08-25,Friuli-Venezia Giulia,Subito Lavoro,AZ_IT_SUBITO_SLOT_PREMIUM,12.91,1173,16,2
2025-08-25,Friuli-Venezia Giulia,Subito Lavoro,AZ_IT_SUBITO_SPONSORED_ANNUNCI,4.70,373,6,0
2025-08-25,Lazio,Subito Lavoro,AZ_IT_SUBITO_RETARGETING,22.92,3356,41,3
2025-08-25,Lazio,Subito Lavoro,AZ_IT_SUBITO_SLOT_PREMIUM,94.58,8744,134,10
2025-08-25,Lazio,Subito Lavoro,AZ_IT_SUBITO_SPONSORED_ANNUNCI,51.41,3814,57,4
2025-08-25,Liguria,Subito Lavoro,AZ_IT_SUBITO_RETARGETING,4.64,635,8,0
2025-08-25,Liguria,Subito Lavoro,AZ_IT_SUBITO_SLOT_PREMIUM,23.51,2077,29,2
2025-08-25,Liguria,Subito Lavoro,AZ_IT_SUBITO_SPONSORED_ANNUNCI,7.50,589,10,0
2025-08-25,Lombardia,Subito Lavoro,AZ_IT_SUBITO_RETARGETING,39.35,5582,62,4
2025-08-25,Lombardia,Subito Lavoro,AZ_IT_SUBITO_SLOT_PREMIUM,98.39,9162,133,11
2025-08-25,Lombardia,Subito Lavoro,AZ_IT_SUBITO_SPONSORED_ANNUNCI,89.20,6898,130,8
2025-08-25,Marche,Subito Lavoro,AZ_IT_SUBITO_RETARGETING,4.96,709,8,1
2025-08-25,Marche,Subito Lavoro,AZ_IT_SUBITO_SLOT_PREMIUM,31.09,2848,42,4
2025-08-25,Marche,Subito Lavoro,AZ_IT_SUBITO_SPONSORED_ANNUNCI,8.99,720,12,1
2025-08-25,Molise,Subito Lavoro,AZ_IT_SUBITO_RETARGETING,0.85,117,1,0
2025-08-25,Molise,Subito Lavoro,AZ_IT_SUBITO_SLOT_PREMIUM,3.91,349,4,0
2025-08-25,Molise,Subito Lavoro,AZ_IT_SUBITO_SPONSORED_ANNUNCI,1.62,126,2,0
2025-08-25,Piemonte,Subito Lavoro,AZ_IT_SUBITO_RETARGETING,17.55,2389,29,2
2025-08-25,Piemonte,Subito Lavoro,AZ_IT_SUBITO_SLOT_PREMIUM,55.61,5182,75,5
2025-08-25,Piemonte,Subito Lavoro,AZ_IT_SUBITO_SPONSORED_ANNUNCI,28.26,2293,33,2
2025-08-25,Puglia,Subito Lavoro,AZ_IT_SUBITO_RETARGETING,17.47,2564,33,1
2025-08-25,Puglia,Subito Lavoro,AZ_IT_SUBITO_SLOT_PREMIUM,94.78,7822,110,6
2025-08-25,Puglia,Subito Lavoro,AZ_IT_SUBITO_SPONSORED_ANNUNCI,17.75,1414,24,1
2025-08-25,Sardegna,Subito Lavoro,AZ_IT_SUBITO_RETARGETING,6.01,849,11,1
2025-08-25,Sardegna,Subito Lavoro,AZ_IT_SUBITO_SLOT_PREMIUM,17.39,1583,20,2
2025-08-25,Sardegna,Subito Lavoro,AZ_IT_SUBITO_SPONSORED_ANNUNCI,9.14,664,14,1
2025-08-25,Sicilia,Subito Lavoro,AZ_IT_SUBITO_RETARGETING,18.53,2576,32,2
2025-08-25,Sicilia,Subito Lavoro,AZ_IT_SUBITO_SLOT_PREMIUM,52.97,4754,65,4
2025-08-25,Sicilia,Subito Lavoro,AZ_IT_SUBITO_SPONSORED_ANNUNCI,48.48,3666,63,3
2025-08-25,Toscana,Subito Lavoro,AZ_IT_SUBITO_RETARGETING,13.75,1971,21,2
2025-08-25,Toscana,Subito Lavoro,AZ_IT_SUBITO_SLOT_PREMIUM,43.31,3851,55,7
2025-08-25,Toscana,Subito Lavoro,AZ_IT_SUBITO_SPONSORED_ANNUNCI,14.49,1057,19,1
2025-08-25,Trentino-Alto Adige,Subito Lavoro,AZ_IT_SUBITO_RETARGETING,4.30,603,8,1
2025-08-25,Trentino-Alto Adige,Subito Lavoro,AZ_IT_SUBITO_SLOT_PREMIUM,9.80,877,11,1
2025-08-25,Trentino-Alto Adige,Subito Lavoro,AZ_IT_SUBITO_SPONSORED_ANNUNCI,5.64,451,7,1
2025-08-25,Umbria,Subito Lavoro,AZ_IT_SUBITO_RETARGETING,2.18,305,4,0
2025-08-25,Umbria,Subito Lavoro,AZ_IT_SUBITO_SLOT_PREMIUM,10.33,954,14,2
2025-08-25,Umbria,Subito Lavoro,AZ_IT_SUBITO_SPONSORED_ANNUNCI,5.99,458,8,1
2025-08-25,Valle d'Aosta,Subito Lavoro,AZ_IT_SUBITO_RETARGETING,0.31,44,1,0
2025-08-25,Valle d'Aosta,Subito Lavoro,AZ_IT_SUBITO_SLOT_PREMIUM,1.99,179,2,0
2025-08-25,Valle d'Aosta,Subito Lavoro,AZ_IT_SUBITO_SPONSORED_ANNUNCI,0.70,55,1,0
2025-08-25,Veneto,Subito Lavoro,AZ_IT_SUBITO_RETARGETING,19.18,2709,36,2
2025-08-25,Veneto,Subito Lavoro,AZ_IT_SUBITO_SLOT_PREMIUM,68.82,6493,86,7
2025-08-25,Veneto,Subito Lavoro,AZ_IT_SUBITO_SPONSORED_ANNUNCI,38.30,2791,48,3
2025-09-01,Abruzzo,Subito Lavoro,AZ_IT_SUBITO_RETARGETING,3.66,542,7,1
2025-09-01,Abruzzo,Subito Lavoro,AZ_IT_SUBITO_SLOT_PREMIUM,5.68,496,7,1
2025-09-01,Abruzzo,Subito Lavoro,AZ_IT_SUBITO_SPONSORED_ANNUNCI,6.56,479,7,1
2025-09-01,Basilicata,Subito Lavoro,AZ_IT_SUBITO_RETARGETING,1.20,173,2,0
2025-09-01,Basilicata,Subito Lavoro,AZ_IT_SUBITO_SLOT_PREMIUM,3.32,304,4,1
2025-09-01,Basilicata,Subito Lavoro,AZ_IT_SUBITO_SPONSORED_ANNUNCI,1.14,87,2,0
2025-09-01,Calabria,Subito Lavoro,AZ_IT_SUBITO_RETARGETING,4.54,632,7,1
2025-09-01,Calabria,Subito Lavoro,AZ_IT_SUBITO_SLOT_PREMIUM,8.05,710,11,2
2025-09-01,Calabria,Subito Lavoro,AZ_IT_SUBITO_SPONSORED_ANNUNCI,12.62,967,17,2
2025-09-01,Campania,Subito Lavoro,AZ_IT_SUBITO_RETARGETING,14.12,2096,22,2
2025-09-01,Campania,Subito Lavoro,AZ_IT_SUBITO_SLOT_PREMIUM,17.97,1704,25,3
2025-09-01,Campania,Subito Lavoro,AZ_IT_SUBITO_SPONSORED_ANNUNCI,18.25,1368,24,2
2025-09-01,Emilia-Romagna,Subito Lavoro,AZ_IT_SUBITO_RETARGETING,6.03,855,9,1
2025-09-01,Emilia-Romagna,Subito Lavoro,AZ_IT_SUBITO_SLOT_PREMIUM,22.75,2104,28,4
2025-09-01,Emilia-Romagna,Subito Lavoro,AZ_IT_SUBITO_SPONSORED_ANNUNCI,19.43,1487,25,2
2025-09-01,Friuli-Venezia Giulia,Subito Lavoro,AZ_IT_SUBITO_RETARGETING,2.84,425,6,1
2025-09-01,Friuli-Venezia Giulia,Subito Lavoro,AZ_IT_SUBITO_SLOT_PREMIUM,7.13,628,9,2
2025-09-01,Friuli-Venezia Giulia,Subito Lavoro,AZ_IT_SUBITO_SPONSORED_ANNUNCI,2.85,220,4,0
2025-09-01,Lazio,Subito Lavoro,AZ_IT_SUBITO_RETARGETING,14.36,1993,25,3
2025-09-01,Lazio,Subito Lavoro,AZ_IT_SUBITO_SLOT_PREMIUM,38.76,3593,53,6
2025-09-01,Lazio,Subito Lavoro,AZ_IT_SUBITO_SPONSORED_ANNUNCI,18.74,1459,27,2
2025-09-01,Liguria,Subito Lavoro,AZ_IT_SUBITO_RETARGETING,1.67,235,3,0
2025-09-01,Liguria,Subito Lavoro,AZ_IT_SUBITO_SLOT_PREMIUM,8.61,812,11,1
2025-09-01,Liguria,Subito Lavoro,AZ_IT_SUBITO_SPONSORED_ANNUNCI,7.79,593,10,1
2025-09-01,Lombardia,Subito Lavoro,AZ_IT_SUBITO_RETARGETING,12.69,1729,20,2
2025-09-01,Lombardia,Subito Lavoro,AZ_IT_SUBITO_SLOT_PREMIUM,102.19,9241,121,14
2025-09-01,Lombardia,Subito Lavoro,AZ_IT_SUBITO_SPONSORED_ANNUNCI,37.17,2930,52,3
2025-09-01,Marche,Subito Lavoro,AZ_IT_SUBITO_RETARGETING,2.97,417,6,1
2025-09-01,Marche,Subito Lavoro,AZ_IT_SUBITO_SLOT_PREMIUM,6.39,581,9,2
2025-09-01,Marche,Subito Lavoro,AZ_IT_SUBITO_SPONSORED_ANNUNCI,3.54,278,5,1
2025-09-01,Molise,Subito Lavoro,AZ_IT_SUBITO_RETARGETING,0.69,109,1,0
2025-09-01,Molise,Subito Lavoro,AZ_IT_SUBITO_SLOT_PREMIUM,1.80,165,2,0
2025-09-01,Molise,Subito Lavoro,AZ_IT_SUBITO_SPONSORED_ANNUNCI,0.95,76,1,0
2025-09-01,Piemonte,Subito Lavoro,AZ_IT_SUBITO_RETARGETING,11.51,1632,18,1
2025-09-01,Piemonte,Subito Lavoro,AZ_IT_SUBITO_SLOT_PREMIUM,25.95,2358,33,3
2025-09-01,Piemonte,Subito Lavoro,AZ_IT_SUBITO_SPONSORED_ANNUNCI,13.77,1110,18,1
2025-09-01,Puglia,Subito Lavoro,AZ_IT_SUBITO_RETARGETING,5.31,771,9,1
2025-09-01,Puglia,Subito Lavoro,AZ_IT_SUBITO_SLOT_PREMIUM,24.47,2306,31,3
2025-09-01,Puglia,Subito Lavoro,AZ_IT_SUBITO_SPONSORED_ANNUNCI,14.13,1075,18,1
2025-09-01,Sardegna,Subito Lavoro,AZ_IT_SUBITO_RETARGETING,2.50,349,4,1
2025-09-01,Sardegna,Subito Lavoro,AZ_IT_SUBITO_SLOT_PREMIUM,6.98,640,10,1
2025-09-01,Sardegna,Subito Lavoro,AZ_IT_SUBITO_SPONSORED_ANNUNCI,2.51,186,3,0
2025-09-01,Sicilia,Subito Lavoro,AZ_IT_SUBITO_RETARGETING,9.98,1418,18,2
2025-09-01,Sicilia,Subito Lavoro,AZ_IT_SUBITO_SLOT_PREMIUM,25.94,2391,37,4
2025-09-01,Sicilia,Subito Lavoro,AZ_IT_SUBITO_SPONSORED_ANNUNCI,17.72,1351,23,2
2025-09-01,Toscana,Subito Lavoro,AZ_IT_SUBITO_RETARGETING,6.72,963,10,1
2025-09-01,Toscana,Subito Lavoro,AZ_IT_SUBITO_SLOT_PREMIUM,19.13,1771,25,3
2025-09-01,Toscana,Subito Lavoro,AZ_IT_SUBITO_SPONSORED_ANNUNCI,12.86,1003,18,2
2025-09-01,Trentino-Alto Adige,Subito Lavoro,AZ_IT_SUBITO_RETARGETING,1.53,225,3,0
2025-09-01,Trentino-Alto Adige,Subito Lavoro,AZ_IT_SUBITO_SLOT_PREMIUM,5.45,500,8,1
2025-09-01,Trentino-Alto Adige,Subito Lavoro,AZ_IT_SUBITO_SPONSORED_ANNUNCI,4.14,316,6,1
2025-09-01,Umbria,Subito Lavoro,AZ_IT_SUBITO_RETARGETING,1.99,282,4,0
2025-09-01,Umbria,Subito Lavoro,AZ_IT_SUBITO_SLOT_PREMIUM,6.48,591,8,1
2025-09-01,Umbria,Subito Lavoro,AZ_IT_SUBITO_SPONSORED_ANNUNCI,2.95,226,4,0
2025-09-01,Valle d'Aosta,Subito Lavoro,AZ_IT_SUBITO_RETARGETING,0.23,35,0,0
2025-09-01,Valle d'Aosta,Subito Lavoro,AZ_IT_SUBITO_SLOT_PREMIUM,0.58,52,1,0
2025-09-01,Valle d'Aosta,Subito Lavoro,AZ_IT_SUBITO_SPONSORED_ANNUNCI,0.52,40,1,0
2025-09-01,Veneto,Subito Lavoro,AZ_IT_SUBITO_RETARGETING,7.93,1108,12,1
2025-09-01,Veneto,Subito Lavoro,AZ_IT_SUBITO_SLOT_PREMIUM,21.11,1939,27,4
2025-09-01,Veneto,Subito Lavoro,AZ_IT_SUBITO_SPONSORED_ANNUNCI,16.73,1271,23,2
2025-09-08,Abruzzo,Subito Lavoro,AZ_IT_SUBITO_RETARGETING,3.80,541,7,1
2025-09-08,Abruzzo,Subito Lavoro,AZ_IT_SUBITO_SLOT_PREMIUM,3.73,344,5,1
2025-09-08,Abruzzo,Subito Lavoro,AZ_IT_SUBITO_SPONSORED_ANNUNCI,2.25,169,3,0
2025-09-08,Basilicata,Subito Lavoro,AZ_IT_SUBITO_RETARGETING,0.47,66,1,0
2025-09-08,Basilicata,Subito Lavoro,AZ_IT_SUBITO_SLOT_PREMIUM,1.38,127,2,0
2025-09-08,Basilicata,Subito Lavoro,AZ_IT_SUBITO_SPONSORED_ANNUNCI,0.88,65,1,0
2025-09-08,Calabria,Subito Lavoro,AZ_IT_SUBITO_RETARGETING,1.45,210,2,0
2025-09-08,Calabria,Subito Lavoro,AZ_IT_SUBITO_SLOT_PREMIUM,6.69,576,7,2
2025-09-08,Calabria,Subito Lavoro,AZ_IT_SUBITO_SPONSORED_ANNUNCI,4.56,361,7,1
2025-09-08,Campania,Subito Lavoro,AZ_IT_SUBITO_RETARGETING,8.44,1216,15,1
2025-09-08,Campania,Subito Lavoro,AZ_IT_SUBITO_SLOT_PREMIUM,22.36,2066,28,3
2025-09-08,Campania,Subito Lavoro,AZ_IT_SUBITO_SPONSORED_ANNUNCI,9.46,724,13,1
2025-09-08,Emilia-Romagna,Subito Lavoro,AZ_IT_SUBITO_RETARGETING,5.58,835,10,1
2025-09-08,Emilia-Romagna,Subito Lavoro,AZ_IT_SUBITO_SLOT_PREMIUM,17.86,1640,23,2
2025-09-08,Emilia-Romagna,Subito Lavoro,AZ_IT_SUBITO_SPONSORED_ANNUNCI,7.19,562,9,1
2025-09-08,Friuli-Venezia Giulia,Subito Lavoro,AZ_IT_SUBITO_RETARGETING,1.20,176,2,0
2025-09-08,Friuli-Venezia Giulia,Subito Lavoro,AZ_IT_SUBITO_SLOT_PREMIUM,3.62,336,4,1
2025-09-08,Friuli-Venezia Giulia,Subito Lavoro,AZ_IT_SUBITO_SPONSORED_ANNUNCI,2.06,159,2,0
2025-09-08,Lazio,Subito Lavoro,AZ_IT_SUBITO_RETARGETING,8.69,1244,15,2
2025-09-08,Lazio,Subito Lavoro,AZ_IT_SUBITO_SLOT_PREMIUM,15.42,1349,22,3
2025-09-08,Lazio,Subito Lavoro,AZ_IT_SUBITO_SPONSORED_ANNUNCI,11.90,896,15,2
2025-09-08,Liguria,Subito Lavoro,AZ_IT_SUBITO_RETARGETING,1.61,227,3,0
2025-09-08,Liguria,Subito Lavoro,AZ_IT_SUBITO_SLOT_PREMIUM,3.37,305,5,0
2025-09-08,Liguria,Subito Lavoro,AZ_IT_SUBITO_SPONSORED_ANNUNCI,2.82,214,4,0
2025-09-08,Lombardia,Subito Lavoro,AZ_IT_SUBITO_RETARGETING,12.18,1725,21,2
2025-09-08,Lombardia,Subito Lavoro,AZ_IT_SUBITO_SLOT_PREMIUM,60.45,5560,80,9
2025-09-08,Lombardia,Subito Lavoro,AZ_IT_SUBITO_SPONSORED_ANNUNCI,20.53,1506,24,2
2025-09-08,Marche,Subito Lavoro,AZ_IT_SUBITO_RETARGETING,1.53,214,2,0
2025-09-08,Marche,Subito Lavoro,AZ_IT_SUBITO_SLOT_PREMIUM,4.83,442,6,1
2025-09-08,Marche,Subito Lavoro,AZ_IT_SUBITO_SPONSORED_ANNUNCI,3.52,273,4,0
2025-09-08,Molise,Subito Lavoro,AZ_IT_SUBITO_RETARGETING,0.41,58,1,0
2025-09-08,Molise,Subito Lavoro,AZ_IT_SUBITO_SLOT_PREMIUM,0.90,83,1,0
2025-09-08,Molise,Subito Lavoro,AZ_IT_SUBITO_SPONSORED_ANNUNCI,0.61,49,1,0
2025-09-08,Piemonte,Subito Lavoro,AZ_IT_SUBITO_RETARGETING,5.23,776,9,1
2025-09-08,Piemonte,Subito Lavoro,AZ_IT_SUBITO_SLOT_PREMIUM,11.75,1066,16,2
2025-09-08,Piemonte,Subito Lavoro,AZ_IT_SUBITO_SPONSORED_ANNUNCI,8.74,677,12,1
2025-09-08,Puglia,Subito Lavoro,AZ_IT_SUBITO_RETARGETING,3.14,464,6,0
2025-09-08,Puglia,Subito Lavoro,AZ_IT_SUBITO_SLOT_PREMIUM,8.46,736,10,2
2025-09-08,Puglia,Subito Lavoro,AZ_IT_SUBITO_SPONSORED_ANNUNCI,7.01,553,9,1
2025-09-08,Sardegna,Subito Lavoro,AZ_IT_SUBITO_RETARGETING,2.15,321,4,0
2025-09-08,Sardegna,Subito Lavoro,AZ_IT_SUBITO_SLOT_PREMIUM,4.72,395,5,1
2025-09-08,Sardegna,Subito Lavoro,AZ_IT_SUBITO_SPONSORED_ANNUNCI,3.49,259,4,0
2025-09-08,Sicilia,Subito Lavoro,AZ_IT_SUBITO_RETARGETING,6.01,831,10,1
2025-09-08,Sicilia,Subito Lavoro,AZ_IT_SUBITO_SLOT_PREMIUM,15.37,1355,18,2
2025-09-08,Sicilia,Subito Lavoro,AZ_IT_SUBITO_SPONSORED_ANNUNCI,9.20,666,10,1
2025-09-08,Toscana,Subito Lavoro,AZ_IT_SUBITO_RETARGETING,3.49,513,6,1
2025-09-08,Toscana,Subito Lavoro,AZ_IT_SUBITO_SLOT_PREMIUM,10.88,962,12,2
2025-09-08,Toscana,Subito Lavoro,AZ_IT_SUBITO_SPONSORED_ANNUNCI,5.54,421,7,1
2025-09-08,Trentino-Alto Adige,Subito Lavoro,AZ_IT_SUBITO_RETARGETING,1.01,141,2,0
2025-09-08,Trentino-Alto Adige,Subito Lavoro,AZ_IT_SUBITO_SLOT_PREMIUM,4.14,388,5,1
2025-09-08,Trentino-Alto Adige,Subito Lavoro,AZ_IT_SUBITO_SPONSORED_ANNUNCI,2.39,198,4,0
2025-09-08,Umbria,Subito Lavoro,AZ_IT_SUBITO_RETARGETING,0.79,114,1,0
2025-09-08,Umbria,Subito Lavoro,AZ_IT_SUBITO_SLOT_PREMIUM,2.87,270,4,1
2025-09-08,Umbria,Subito Lavoro,AZ_IT_SUBITO_SPONSORED_ANNUNCI,2.31,168,3,0
2025-09-08,Valle d'Aosta,Subito Lavoro,AZ_IT_SUBITO_RETARGETING,0.16,22,0,0
2025-09-08,Valle d'Aosta,Subito Lavoro,AZ_IT_SUBITO_SLOT_PREMIUM,0.43,40,1,0
2025-09-08,Valle d'Aosta,Subito Lavoro,AZ_IT_SUBITO_SPONSORED_ANNUNCI,0.22,18,0,0
2025-09-08,Veneto,Subito Lavoro,AZ_IT_SUBITO_RETARGETING,3.29,477,5,1
2025-09-08,Veneto,Subito Lavoro,AZ_IT_SUBITO_SLOT_PREMIUM,18.66,1694,25,2
2025-09-08,Veneto,Subito Lavoro,AZ_IT_SUBITO_SPONSORED_ANNUNCI,11.59,899,15,1
2025-09-15,Abruzzo,Subito Lavoro,AZ_IT_SUBITO_RETARGETING,8.04,1193,16,1
2025-09-15,Abruzzo,Subito Lavoro,AZ_IT_SUBITO_SLOT_PREMIUM,25.79,2231,29,2
2025-09-15,Abruzzo,Subito Lavoro,AZ_IT_SUBITO_SPONSORED_ANNUNCI,9.11,713,14,0
2025-09-15,Basilicata,Subito Lavoro,AZ_IT_SUBITO_RETARGETING,2.96,420,5,0
2025-09-15,Basilicata,Subito Lavoro,AZ_IT_SUBITO_SLOT_PREMIUM,9.34,837,13,1
2025-09-15,Basilicata,Subito Lavoro,AZ_IT_SUBITO_SPONSORED_ANNUNCI,3.69,286,5,0
2025-09-15,Calabria,Subito Lavoro,AZ_IT_SUBITO_RETARGETING,11.46,1604,20,2
2025-09-15,Calabria,Subito Lavoro,AZ_IT_SUBITO_SLOT_PREMIUM,21.76,2080,28,3
2025-09-15,Calabria,Subito Lavoro,AZ_IT_SUBITO_SPONSORED_ANNUNCI,14.60,1103,19,1
2025-09-15,Campania,Subito Lavoro,AZ_IT_SUBITO_RETARGETING,32.07,4501,50,2
2025-09-15,Campania,Subito Lavoro,AZ_IT_SUBITO_SLOT_PREMIUM,110.63,9758,133,8
2025-09-15,Campania,Subito Lavoro,AZ_IT_SUBITO_SPONSORED_ANNUNCI,44.57,3390,58,2
2025-09-15,Emilia-Romagna,Subito Lavoro,AZ_IT_SUBITO_RETARGETING,14.79,2188,28,1
2025-09-15,Emilia-Romagna,Subito Lavoro,AZ_IT_SUBITO_SLOT_PREMIUM,103.65,9580,125,8
2025-09-15,Emilia-Romagna,Subito Lavoro,AZ_IT_SUBITO_SPONSORED_ANNUNCI,34.36,2703,46,2
2025-09-15,Friuli-Venezia Giulia,Subito Lavoro,AZ_IT_SUBITO_RETARGETING,5.08,733,8,1
2025-09-15,Friuli-Venezia Giulia,Subito Lavoro,AZ_IT_SUBITO_SLOT_PREMIUM,25.44,2312,29,3
2025-09-15,Friuli-Venezia Giulia,Subito Lavoro,AZ_IT_SUBITO_SPONSORED_ANNUNCI,10.96,865,15,1
2025-09-15,Lazio,Subito Lavoro,AZ_IT_SUBITO_RETARGETING,25.63,3558,42,2
2025-09-15,Lazio,Subito Lavoro,AZ_IT_SUBITO_SLOT_PREMIUM,111.04,9990,130,9
2025-09-15,Lazio,Subito Lavoro,AZ_IT_SUBITO_SPONSORED_ANNUNCI,82.15,6030,102,4
2025-09-15,Liguria,Subito Lavoro,AZ_IT_SUBITO_RETARGETING,9.94,1436,16,1
2025-09-15,Liguria,Subito Lavoro,AZ_IT_SUBITO_SLOT_PREMIUM,25.81,2332,31,1
2025-09-15,Liguria,Subito Lavoro,AZ_IT_SUBITO_SPONSORED_ANNUNCI,9.25,713,11,0
2025-09-15,Lombardia,Subito Lavoro,AZ_IT_SUBITO_RETARGETING,41.87,6123,66,3
2025-09-15,Lombardia,Subito Lavoro,AZ_IT_SUBITO_SLOT_PREMIUM,190.34,17785,241,15
2025-09-15,Lombardia,Subito Lavoro,AZ_IT_SUBITO_SPONSORED_ANNUNCI,84.31,6423,123,5
2025-09-15,Marche,Subito Lavoro,AZ_IT_SUBITO_RETARGETING,9.01,1393,16,1
2025-09-15,Marche,Subito Lavoro,AZ_IT_SUBITO_SLOT_PREMIUM,21.48,1858,28,2
2025-09-15,Marche,Subito Lavoro,AZ_IT_SUBITO_SPONSORED_ANNUNCI,17.21,1273,20,1
2025-09-15,Molise,Subito Lavoro,AZ_IT_SUBITO_RETARGETING,1.21,167,2,0
2025-09-15,Molise,Subito Lavoro,AZ_IT_SUBITO_SLOT_PREMIUM,7.11,650,10,1
2025-09-15,Molise,Subito Lavoro,AZ_IT_SUBITO_SPONSORED_ANNUNCI,2.40,192,4,0
2025-09-15,Piemonte,Subito Lavoro,AZ_IT_SUBITO_RETARGETING,15.38,2204,28,1
2025-09-15,Piemonte,Subito Lavoro,AZ_IT_SUBITO_SLOT_PREMIUM,88.91,7575,112,5
2025-09-15,Piemonte,Subito Lavoro,AZ_IT_SUBITO_SPONSORED_ANNUNCI,36.54,2780,44,1
2025-09-15,Puglia,Subito Lavoro,AZ_IT_SUBITO_RETARGETING,23.25,3252,40,1
2025-09-15,Puglia,Subito Lavoro,AZ_IT_SUBITO_SLOT_PREMIUM,69.02,6220,84,4
2025-09-15,Puglia,Subito Lavoro,AZ_IT_SUBITO_SPONSORED_ANNUNCI,41.05,3170,52,2
2025-09-15,Sardegna,Subito Lavoro,AZ_IT_SUBITO_RETARGETING,7.25,1074,14,1
2025-09-15,Sardegna,Subito Lavoro,AZ_IT_SUBITO_SLOT_PREMIUM,24.54,2272,31,2
2025-09-15,Sardegna,Subito Lavoro,AZ_IT_SUBITO_SPONSORED_ANNUNCI,10.36,826,14,1
2025-09-15,Sicilia,Subito Lavoro,AZ_IT_SUBITO_RETARGETING,25.03,3512,42,2
2025-09-15,Sicilia,Subito Lavoro,AZ_IT_SUBITO_SLOT_PREMIUM,74.90,6960,104,6
2025-09-15,Sicilia,Subito Lavoro,AZ_IT_SUBITO_SPONSORED_ANNUNCI,33.61,2653,45,2
2025-09-15,Toscana,Subito Lavoro,AZ_IT_SUBITO_RETARGETING,23.45,3295,38,2
2025-09-15,Toscana,Subito Lavoro,AZ_IT_SUBITO_SLOT_PREMIUM,73.83,6794,85,6
2025-09-15,Toscana,Subito Lavoro,AZ_IT_SUBITO_SPONSORED_ANNUNCI,34.95,2795,42,3
2025-09-15,Trentino-Alto Adige,Subito Lavoro,AZ_IT_SUBITO_RETARGETING,5.22,754,9,0
2025-09-15,Trentino-Alto Adige,Subito Lavoro,AZ_IT_SUBITO_SLOT_PREMIUM,17.03,1540,18,1
2025-09-15,Trentino-Alto Adige,Subito Lavoro,AZ_IT_SUBITO_SPONSORED_ANNUNCI,11.97,891,16,1
2025-09-15,Umbria,Subito Lavoro,AZ_IT_SUBITO_RETARGETING,4.13,581,7,0
2025-09-15,Umbria,Subito Lavoro,AZ_IT_SUBITO_SLOT_PREMIUM,14.09,1302,17,2
2025-09-15,Umbria,Subito Lavoro,AZ_IT_SUBITO_SPONSORED_ANNUNCI,8.68,699,11,1
2025-09-15,Valle d'Aosta,Subito Lavoro,AZ_IT_SUBITO_RETARGETING,0.69,103,1,0
2025-09-15,Valle d'Aosta,Subito Lavoro,AZ_IT_SUBITO_SLOT_PREMIUM,2.21,212,3,0
2025-09-15,Valle d'Aosta,Subito Lavoro,AZ_IT_SUBITO_SPONSORED_ANNUNCI,1.18,89,2,0
2025-09-15,Veneto,Subito Lavoro,AZ_IT_SUBITO_RETARGETING,18.53,2811,37,2
2025-09-15,Veneto,Subito Lavoro,AZ_IT_SUBITO_SLOT_PREMIUM,63.26,5842,81,5
2025-09-15,Veneto,Subito Lavoro,AZ_IT_SUBITO_SPONSORED_ANNUNCI,53.20,3982,77,3
2025-09-22,Abruzzo,Subito Lavoro,AZ_IT_SUBITO_RETARGETING,1.88,259,3,0
2025-09-22,Abruzzo,Subito Lavoro,AZ_IT_SUBITO_SLOT_PREMIUM,9.82,831,11,1
2025-09-22,Abruzzo,Subito Lavoro,AZ_IT_SUBITO_SPONSORED_ANNUNCI,4.47,350,6,0
2025-09-22,Basilicata,Subito Lavoro,AZ_IT_SUBITO_RETARGETING,0.71,104,1,0
2025-09-22,Basilicata,Subito Lavoro,AZ_IT_SUBITO_SLOT_PREMIUM,2.50,230,3,0
2025-09-22,Basilicata,Subito Lavoro,AZ_IT_SUBITO_SPONSORED_ANNUNCI,2.70,205,4,0
2025-09-22,Calabria,Subito Lavoro,AZ_IT_SUBITO_RETARGETING,2.60,384,5,1
2025-09-22,Calabria,Subito Lavoro,AZ_IT_SUBITO_SLOT_PREMIUM,13.55,1273,19,3
2025-09-22,Calabria,Subito Lavoro,AZ_IT_SUBITO_SPONSORED_ANNUNCI,4.43,348,5,1
2025-09-22,Campania,Subito Lavoro,AZ_IT_SUBITO_RETARGETING,10.94,1538,19,2
2025-09-22,Campania,Subito Lavoro,AZ_IT_SUBITO_SLOT_PREMIUM,43.55,3980,66,5
2025-09-22,Campania,Subito Lavoro,AZ_IT_SUBITO_SPONSORED_ANNUNCI,15.72,1182,20,1
2025-09-22,Emilia-Romagna,Subito Lavoro,AZ_IT_SUBITO_RETARGETING,9.94,1450,16,1
2025-09-22,Emilia-Romagna,Subito Lavoro,AZ_IT_SUBITO_SLOT_PREMIUM,35.81,3186,49,5
2025-09-22,Emilia-Romagna,Subito Lavoro,AZ_IT_SUBITO_SPONSORED_ANNUNCI,13.69,1057,16,1
2025-09-22,Friuli-Venezia Giulia,Subito Lavoro,AZ_IT_SUBITO_RETARGETING,2.33,345,3,1
2025-09-22,Friuli-Venezia Giulia,Subito Lavoro,AZ_IT_SUBITO_SLOT_PREMIUM,6.77,639,9,1
2025-09-22,Friuli-Venezia Giulia,Subito Lavoro,AZ_IT_SUBITO_SPONSORED_ANNUNCI,3.73,301,5,1
2025-09-22,Lazio,Subito Lavoro,AZ_IT_SUBITO_RETARGETING,9.79,1368,17,2
2025-09-22,Lazio,Subito Lavoro,AZ_IT_SUBITO_SLOT_PREMIUM,41.96,3801,57,7
2025-09-22,Lazio,Subito Lavoro,AZ_IT_SUBITO_SPONSORED_ANNUNCI,19.27,1505,26,2
2025-09-22,Liguria,Subito Lavoro,AZ_IT_SUBITO_RETARGETING,3.32,464,5,0
2025-09-22,Liguria,Subito Lavoro,AZ_IT_SUBITO_SLOT_PREMIUM,10.99,962,16,1
2025-09-22,Liguria,Subito Lavoro,AZ_IT_SUBITO_SPONSORED_ANNUNCI,4.91,377,6,0
2025-09-22,Lombardia,Subito Lavoro,AZ_IT_SUBITO_RETARGETING,9.96,1413,17,2
2025-09-22,Lombardia,Subito Lavoro,AZ_IT_SUBITO_SLOT_PREMIUM,52.64,4785,63,10
2025-09-22,Lombardia,Subito Lavoro,AZ_IT_SUBITO_SPONSORED_ANNUNCI,25.79,2003,32,3
2025-09-22,Marche,Subito Lavoro,AZ_IT_SUBITO_RETARGETING,2.10,299,4,1
2025-09-22,Marche,Subito Lavoro,AZ_IT_SUBITO_SLOT_PREMIUM,7.55,705,9,2
2025-09-22,Marche,Subito Lavoro,AZ_IT_SUBITO_SPONSORED_ANNUNCI,3.56,255,5,1
2025-09-22,Molise,Subito Lavoro,AZ_IT_SUBITO_RETARGETING,0.70,99,1,0
2025-09-22,Molise,Subito Lavoro,AZ_IT_SUBITO_SLOT_PREMIUM,2.77,252,4,0
2025-09-22,Molise,Subito Lavoro,AZ_IT_SUBITO_SPONSORED_ANNUNCI,0.78,60,1,0
2025-09-22,Piemonte,Subito Lavoro,AZ_IT_SUBITO_RETARGETING,6.34,959,11,1
2025-09-22,Piemonte,Subito Lavoro,AZ_IT_SUBITO_SLOT_PREMIUM,23.94,2136,30,3
2025-09-22,Piemonte,Subito Lavoro,AZ_IT_SUBITO_SPONSORED_ANNUNCI,10.55,781,13,1
2025-09-22,Puglia,Subito Lavoro,AZ_IT_SUBITO_RETARGETING,6.80,977,12,1
2025-09-22,Puglia,Subito Lavoro,AZ_IT_SUBITO_SLOT_PREMIUM,24.69,2285,30,3
2025-09-22,Puglia,Subito Lavoro,AZ_IT_SUBITO_SPONSORED_ANNUNCI,20.04,1528,28,1
2025-09-22,Sardegna,Subito Lavoro,AZ_IT_SUBITO_RETARGETING,1.93,271,3,0
2025-09-22,Sardegna,Subito Lavoro,AZ_IT_SUBITO_SLOT_PREMIUM,10.23,949,13,1
2025-09-22,Sardegna,Subito Lavoro,AZ_IT_SUBITO_SPONSORED_ANNUNCI,7.82,580,9,1
2025-09-22,Sicilia,Subito Lavoro,AZ_IT_SUBITO_RETARGETING,9.78,1424,17,2
2025-09-22,Sicilia,Subito Lavoro,AZ_IT_SUBITO_SLOT_PREMIUM,25.00,2208,29,3
2025-09-22,Sicilia,Subito Lavoro,AZ_IT_SUBITO_SPONSORED_ANNUNCI,21.42,1661,26,2
2025-09-22,Toscana,Subito Lavoro,AZ_IT_SUBITO_RETARGETING,6.10,857,10,1
2025-09-22,Toscana,Subito Lavoro,AZ_IT_SUBITO_SLOT_PREMIUM,14.64,1317,17,4
2025-09-22,Toscana,Subito Lavoro,AZ_IT_SUBITO_SPONSORED_ANNUNCI,12.42,898,16,2
2025-09-22,Trentino-Alto Adige,Subito Lavoro,AZ_IT_SUBITO_RETARGETING,3.22,449,6,1
2025-09-22,Trentino-Alto Adige,Subito Lavoro,AZ_IT_SUBITO_SLOT_PREMIUM,7.02,623,9,1
2025-09-22,Trentino-Alto Adige,Subito Lavoro,AZ_IT_SUBITO_SPONSORED_ANNUNCI,5.29,406,8,1
2025-09-22,Umbria,Subito Lavoro,AZ_IT_SUBITO_RETARGETING,1.15,165,2,0
2025-09-22,Umbria,Subito Lavoro,AZ_IT_SUBITO_SLOT_PREMIUM,4.31,394,5,1
2025-09-22,Umbria,Subito Lavoro,AZ_IT_SUBITO_SPONSORED_ANNUNCI,4.19,335,6,1
2025-09-22,Valle d'Aosta,Subito Lavoro,AZ_IT_SUBITO_RETARGETING,0.17,23,0,0
2025-09-22,Valle d'Aosta,Subito Lavoro,AZ_IT_SUBITO_SLOT_PREMIUM,0.92,88,1,0
2025-09-22,Valle d'Aosta,Subito Lavoro,AZ_IT_SUBITO_SPONSORED_ANNUNCI,0.53,42,1,0
2025-09-22,Veneto,Subito Lavoro,AZ_IT_SUBITO_RETARGETING,9.29,1320,17,1
2025-09-22,Veneto,Subito Lavoro,AZ_IT_SUBITO_SLOT_PREMIUM,33.46,3174,45,4
2025-09-22,Veneto,Subito Lavoro,AZ_IT_SUBITO_SPONSORED_ANNUNCI,11.31,868,15,1
2025-09-29,Abruzzo,Subito Lavoro,AZ_IT_SUBITO_RETARGETING,4.56,631,8,0
2025-09-29,Abruzzo,Subito Lavoro,AZ_IT_SUBITO_SLOT_PREMIUM,15.05,1371,19,1
2025-09-29,Abruzzo,Subito Lavoro,AZ_IT_SUBITO_SPONSORED_ANNUNCI,3.19,253,4,0
2025-09-29,Basilicata,Subito Lavoro,AZ_IT_SUBITO_RETARGETING,2.72,393,5,0
2025-09-29,Basilicata,Subito Lavoro,AZ_IT_SUBITO_SLOT_PREMIUM,7.73,670,10,1
2025-09-29,Basilicata,Subito Lavoro,AZ_IT_SUBITO_SPONSORED_ANNUNCI,3.33,255,5,0
2025-09-29,Calabria,Subito Lavoro,AZ_IT_SUBITO_RETARGETING,4.99,710,8,1
2025-09-29,Calabria,Subito Lavoro,AZ_IT_SUBITO_SLOT_PREMIUM,17.06,1553,21,3
2025-09-29,Calabria,Subito Lavoro,AZ_IT_SUBITO_SPONSORED_ANNUNCI,8.54,658,11,1
2025-09-29,Campania,Subito Lavoro,AZ_IT_SUBITO_RETARGETING,16.11,2290,26,1
2025-09-29,Campania,Subito Lavoro,AZ_IT_SUBITO_SLOT_PREMIUM,89.98,8124,109,7
2025-09-29,Campania,Subito Lavoro,AZ_IT_SUBITO_SPONSORED_ANNUNCI,23.20,1735,29,1
2025-09-29,Emilia-Romagna,Subito Lavoro,AZ_IT_SUBITO_RETARGETING,12.96,1774,22,2
2025-09-29,Emilia-Romagna,Subito Lavoro,AZ_IT_SUBITO_SLOT_PREMIUM,31.29,2760,42,3
2025-09-29,Emilia-Romagna,Subito Lavoro,AZ_IT_SUBITO_SPONSORED_ANNUNCI,30.58,2337,44,2
2025-09-29,Friuli-Venezia Giulia,Subito Lavoro,AZ_IT_SUBITO_RETARGETING,6.60,975,11,1
2025-09-29,Friuli-Venezia Giulia,Subito Lavoro,AZ_IT_SUBITO_SLOT_PREMIUM,12.45,1166,15,2
2025-09-29,Friuli-Venezia Giulia,Subito Lavoro,AZ_IT_SUBITO_SPONSORED_ANNUNCI,6.33,502,9,1
2025-09-29,Lazio,Subito Lavoro,AZ_IT_SUBITO_RETARGETING,13.43,1902,22,2
2025-09-29,Lazio,Subito Lavoro,AZ_IT_SUBITO_SLOT_PREMIUM,51.39,4805,73,6
2025-09-29,Lazio,Subito Lavoro,AZ_IT_SUBITO_SPONSORED_ANNUNCI,36.37,2852,51,3
2025-09-29,Liguria,Subito Lavoro,AZ_IT_SUBITO_RETARGETING,3.47,491,6,0
2025-09-29,Liguria,Subito Lavoro,AZ_IT_SUBITO_SLOT_PREMIUM,18.10,1648,23,1
2025-09-29,Liguria,Subito Lavoro,AZ_IT_SUBITO_SPONSORED_ANNUNCI,4.48,362,6,0
2025-09-29,Lombardia,Subito Lavoro,AZ_IT_SUBITO_RETARGETING,45.31,6141,74,5
2025-09-29,Lombardia,Subito Lavoro,AZ_IT_SUBITO_SLOT_PREMIUM,160.66,14523,218,12
2025-09-29,Lombardia,Subito Lavoro,AZ_IT_SUBITO_SPONSORED_ANNUNCI,44.81,3537,57,3
2025-09-29,Marche,Subito Lavoro,AZ_IT_SUBITO_RETARGETING,5.78,856,11,1
2025-09-29,Marche,Subito Lavoro,AZ_IT_SUBITO_SLOT_PREMIUM,19.81,1750,25,3
2025-09-29,Marche,Subito Lavoro,AZ_IT_SUBITO_SPONSORED_ANNUNCI,5.98,446,8,1
2025-09-29,Molise,Subito Lavoro,AZ_IT_SUBITO_RETARGETING,0.64,90,1,0
2025-09-29,Molise,Subito Lavoro,AZ_IT_SUBITO_SLOT_PREMIUM,5.31,488,7,1
2025-09-29,Molise,Subito Lavoro,AZ_IT_SUBITO_SPONSORED_ANNUNCI,1.33,96,2,0
2025-09-29,Piemonte,Subito Lavoro,AZ_IT_SUBITO_RETARGETING,8.39,1186,14,1
2025-09-29,Piemonte,Subito Lavoro,AZ_IT_SUBITO_SLOT_PREMIUM,49.79,4622,66,4
2025-09-29,Piemonte,Subito Lavoro,AZ_IT_SUBITO_SPONSORED_ANNUNCI,17.66,1380,23,1
2025-09-29,Puglia,Subito Lavoro,AZ_IT_SUBITO_RETARGETING,15.45,2311,31,1
2025-09-29,Puglia,Subito Lavoro,AZ_IT_SUBITO_SLOT_PREMIUM,44.66,4132,64,4
2025-09-29,Puglia,Subito Lavoro,AZ_IT_SUBITO_SPONSORED_ANNUNCI,15.28,1198,18,1
2025-09-29,Sardegna,Subito Lavoro,AZ_IT_SUBITO_RETARGETING,4.93,686,8,1
2025-09-29,Sardegna,Subito Lavoro,AZ_IT_SUBITO_SLOT_PREMIUM,16.11,1473,21,1
2025-09-29,Sardegna,Subito Lavoro,AZ_IT_SUBITO_SPONSORED_ANNUNCI,11.68,900,16,1
2025-09-29,Sicilia,Subito Lavoro,AZ_IT_SUBITO_RETARGETING,18.64,2669,29,2
2025-09-29,Sicilia,Subito Lavoro,AZ_IT_SUBITO_SLOT_PREMIUM,52.52,5028,64,5
2025-09-29,Sicilia,Subito Lavoro,AZ_IT_SUBITO_SPONSORED_ANNUNCI,22.89,1845,32,1
2025-09-29,Toscana,Subito Lavoro,AZ_IT_SUBITO_RETARGETING,10.61,1559,19,1
2025-09-29,Toscana,Subito Lavoro,AZ_IT_SUBITO_SLOT_PREMIUM,55.65,5122,73,7
2025-09-29,Toscana,Subito Lavoro,AZ_IT_SUBITO_SPONSORED_ANNUNCI,17.19,1331,24,2
2025-09-29,Trentino-Alto Adige,Subito Lavoro,AZ_IT_SUBITO_RETARGETING,4.93,708,8,1
2025-09-29,Trentino-Alto Adige,Subito Lavoro,AZ_IT_SUBITO_SLOT_PREMIUM,16.40,1478,22,1
2025-09-29,Trentino-Alto Adige,Subito Lavoro,AZ_IT_SUBITO_SPONSORED_ANNUNCI,11.51,911,14,1
2025-09-29,Umbria,Subito Lavoro,AZ_IT_SUBITO_RETARGETING,2.08,296,3,0
2025-09-29,Umbria,Subito Lavoro,AZ_IT_SUBITO_SLOT_PREMIUM,10.16,907,14,1
2025-09-29,Umbria,Subito Lavoro,AZ_IT_SUBITO_SPONSORED_ANNUNCI,3.70,287,5,0
2025-09-29,Valle d'Aosta,Subito Lavoro,AZ_IT_SUBITO_RETARGETING,0.37,53,1,0
2025-09-29,Valle d'Aosta,Subito Lavoro,AZ_IT_SUBITO_SLOT_PREMIUM,2.38,210,3,0
2025-09-29,Valle d'Aosta,Subito Lavoro,AZ_IT_SUBITO_SPONSORED_ANNUNCI,0.44,34,1,0
2025-09-29,Veneto,Subito Lavoro,AZ_IT_SUBITO_RETARGETING,17.68,2558,29,2
2025-09-29,Veneto,Subito Lavoro,AZ_IT_SUBITO_SLOT_PREMIUM,83.84,8114,109,7
2025-09-29,Veneto,Subito Lavoro,AZ_IT_SUBITO_SPONSORED_ANNUNCI,19.55,1557,22,1
2025-10-06,Abruzzo,Subito Lavoro,AZ_IT_SUBITO_DISPLAY_HOME,5.59,1130,5,0
2025-10-06,Abruzzo,Subito Lavoro,AZ_IT_SUBITO_RETARGETING,2.88,408,5,0
2025-10-06,Abruzzo,Subito Lavoro,AZ_IT_SUBITO_SLOT_PREMIUM,10.84,1009,13,1
2025-10-06,Abruzzo,Subito Lavoro,AZ_IT_SUBITO_SPONSORED_ANNUNCI,4.38,359,6,0
2025-10-06,Basilicata,Subito Lavoro,AZ_IT_SUBITO_DISPLAY_HOME,1.98,385,2,0
2025-10-06,Basilicata,Subito Lavoro,AZ_IT_SUBITO_RETARGETING,1.50,218,3,0
2025-10-06,Basilicata,Subito Lavoro,AZ_IT_SUBITO_SLOT_PREMIUM,8.31,785,12,1
2025-10-06,Basilicata,Subito Lavoro,AZ_IT_SUBITO_SPONSORED_ANNUNCI,3.90,299,5,0
2025-10-06,Calabria,Subito Lavoro,AZ_IT_SUBITO_DISPLAY_HOME,8.38,1606,7,1
2025-10-06,Calabria,Subito Lavoro,AZ_IT_SUBITO_RETARGETING,4.32,636,8,1
2025-10-06,Calabria,Subito Lavoro,AZ_IT_SUBITO_SLOT_PREMIUM,21.66,1979,29,4
2025-10-06,Calabria,Subito Lavoro,AZ_IT_SUBITO_SPONSORED_ANNUNCI,16.04,1257,21,2
2025-10-06,Campania,Subito Lavoro,AZ_IT_SUBITO_DISPLAY_HOME,22.29,4710,18,1
2025-10-06,Campania,Subito Lavoro,AZ_IT_SUBITO_RETARGETING,15.85,2247,28,2
2025-10-06,Campania,Subito Lavoro,AZ_IT_SUBITO_SLOT_PREMIUM,71.01,6509,101,7
2025-10-06,Campania,Subito Lavoro,AZ_IT_SUBITO_SPONSORED_ANNUNCI,23.05,1798,31,2
2025-10-06,Emilia-Romagna,Subito Lavoro,AZ_IT_SUBITO_DISPLAY_HOME,12.11,2366,9,1
2025-10-06,Emilia-Romagna,Subito Lavoro,AZ_IT_SUBITO_RETARGETING,8.29,1211,14,1
2025-10-06,Emilia-Romagna,Subito Lavoro,AZ_IT_SUBITO_SLOT_PREMIUM,40.75,3606,48,5
2025-10-06,Emilia-Romagna,Subito Lavoro,AZ_IT_SUBITO_SPONSORED_ANNUNCI,19.62,1499,23,2
2025-10-06,Friuli-Venezia Giulia,Subito Lavoro,AZ_IT_SUBITO_DISPLAY_HOME,7.49,1438,7,1
2025-10-06,Friuli-Venezia Giulia,Subito Lavoro,AZ_IT_SUBITO_RETARGETING,3.23,491,6,0
2025-10-06,Friuli-Venezia Giulia,Subito Lavoro,AZ_IT_SUBITO_SLOT_PREMIUM,19.45,1753,25,3
2025-10-06,Friuli-Venezia Giulia,Subito Lavoro,AZ_IT_SUBITO_SPONSORED_ANNUNCI,4.96,373,6,1
2025-10-06,Lazio,Subito Lavoro,AZ_IT_SUBITO_DISPLAY_HOME,21.29,4293,16,2
2025-10-06,Lazio,Subito Lavoro,AZ_IT_SUBITO_RETARGETING,11.82,1731,21,2
2025-10-06,Lazio,Subito Lavoro,AZ_IT_SUBITO_SLOT_PREMIUM,57.31,5162,71,7
2025-10-06,Lazio,Subito Lavoro,AZ_IT_SUBITO_SPONSORED_ANNUNCI,29.60,2352,42,3
2025-10-06,Liguria,Subito Lavoro,AZ_IT_SUBITO_DISPLAY_HOME,6.15,1196,5,0
2025-10-06,Liguria,Subito Lavoro,AZ_IT_SUBITO_RETARGETING,6.18,881,11,1
2025-10-06,Liguria,Subito Lavoro,AZ_IT_SUBITO_SLOT_PREMIUM,14.60,1288,17,1
2025-10-06,Liguria,Subito Lavoro,AZ_IT_SUBITO_SPONSORED_ANNUNCI,6.31,508,8,0
2025-10-06,Lombardia,Subito Lavoro,AZ_IT_SUBITO_DISPLAY_HOME,63.68,12881,49,4
2025-10-06,Lombardia,Subito Lavoro,AZ_IT_SUBITO_RETARGETING,32.90,4567,59,4
2025-10-06,Lombardia,Subito Lavoro,AZ_IT_SUBITO_SLOT_PREMIUM,116.25,10730,150,10
2025-10-06,Lombardia,Subito Lavoro,AZ_IT_SUBITO_SPONSORED_ANNUNCI,66.48,5123,82,5
2025-10-06,Marche,Subito Lavoro,AZ_IT_SUBITO_DISPLAY_HOME,3.66,706,3,0
2025-10-06,Marche,Subito Lavoro,AZ_IT_SUBITO_RETARGETING,3.05,429,5,1
2025-10-06,Marche,Subito Lavoro,AZ_IT_SUBITO_SLOT_PREMIUM,16.65,1679,22,2
2025-10-06,Marche,Subito Lavoro,AZ_IT_SUBITO_SPONSORED_ANNUNCI,5.95,452,8,1
2025-10-06,Molise,Subito Lavoro,AZ_IT_SUBITO_DISPLAY_HOME,1.38,286,1,0
2025-10-06,Molise,Subito Lavoro,AZ_IT_SUBITO_RETARGETING,0.61,84,1,0
2025-10-06,Molise,Subito Lavoro,AZ_IT_SUBITO_SLOT_PREMIUM,2.71,237,3,0
2025-10-06,Molise,Subito Lavoro,AZ_IT_SUBITO_SPONSORED_ANNUNCI,1.15,91,2,0
2025-10-06,Piemonte,Subito Lavoro,AZ_IT_SUBITO_DISPLAY_HOME,19.45,3839,14,1
2025-10-06,Piemonte,Subito Lavoro,AZ_IT_SUBITO_RETARGETING,10.73,1515,21,1
2025-10-06,Piemonte,Subito Lavoro,AZ_IT_SUBITO_SLOT_PREMIUM,49.30,4555,68,4
2025-10-06,Piemonte,Subito Lavoro,AZ_IT_SUBITO_SPONSORED_ANNUNCI,24.62,1844,33,2
2025-10-06,Puglia,Subito Lavoro,AZ_IT_SUBITO_DISPLAY_HOME,19.25,3826,16,1
2025-10-06,Puglia,Subito Lavoro,AZ_IT_SUBITO_RETARGETING,9.02,1339,17,1
2025-10-06,Puglia,Subito Lavoro,AZ_IT_SUBITO_SLOT_PREMIUM,47.55,4256,62,4
2025-10-06,Puglia,Subito Lavoro,AZ_IT_SUBITO_SPONSORED_ANNUNCI,16.22,1264,22,1
2025-10-06,Sardegna,Subito Lavoro,AZ_IT_SUBITO_DISPLAY_HOME,4.87,1005,4,0
2025-10-06,Sardegna,Subito Lavoro,AZ_IT_SUBITO_RETARGETING,4.62,685,9,1
2025-10-06,Sardegna,Subito Lavoro,AZ_IT_SUBITO_SLOT_PREMIUM,19.50,1788,25,2
2025-10-06,Sardegna,Subito Lavoro,AZ_IT_SUBITO_SPONSORED_ANNUNCI,10.73,836,16,1
2025-10-06,Sicilia,Subito Lavoro,AZ_IT_SUBITO_DISPLAY_HOME,14.62,2999,12,1
2025-10-06,Sicilia,Subito Lavoro,AZ_IT_SUBITO_RETARGETING,14.62,2208,24,2
2025-10-06,Sicilia,Subito Lavoro,AZ_IT_SUBITO_SLOT_PREMIUM,77.21,7372,110,7
2025-10-06,Sicilia,Subito Lavoro,AZ_IT_SUBITO_SPONSORED_ANNUNCI,24.64,1903,30,2
2025-10-06,Toscana,Subito Lavoro,AZ_IT_SUBITO_DISPLAY_HOME,9.99,2021,8,1
2025-10-06,Toscana,Subito Lavoro,AZ_IT_SUBITO_RETARGETING,9.37,1308,16,2
2025-10-06,Toscana,Subito Lavoro,AZ_IT_SUBITO_SLOT_PREMIUM,45.88,3956,54,7
2025-10-06,Toscana,Subito Lavoro,AZ_IT_SUBITO_SPONSORED_ANNUNCI,18.74,1489,27,2
2025-10-06,Trentino-Alto Adige,Subito Lavoro,AZ_IT_SUBITO_DISPLAY_HOME,3.65,769,3,0
2025-10-06,Trentino-Alto Adige,Subito Lavoro,AZ_IT_SUBITO_RETARGETING,3.42,486,6,0
2025-10-06,Trentino-Alto Adige,Subito Lavoro,AZ_IT_SUBITO_SLOT_PREMIUM,15.36,1349,17,2
2025-10-06,Trentino-Alto Adige,Subito Lavoro,AZ_IT_SUBITO_SPONSORED_ANNUNCI,4.84,377,7,0
2025-10-06,Umbria,Subito Lavoro,AZ_IT_SUBITO_DISPLAY_HOME,4.93,998,4,0
2025-10-06,Umbria,Subito Lavoro,AZ_IT_SUBITO_RETARGETING,2.12,288,4,0
2025-10-06,Umbria,Subito Lavoro,AZ_IT_SUBITO_SLOT_PREMIUM,12.74,1148,16,2
2025-10-06,Umbria,Subito Lavoro,AZ_IT_SUBITO_SPONSORED_ANNUNCI,3.72,286,5,0
2025-10-06,Valle d'Aosta,Subito Lavoro,AZ_IT_SUBITO_DISPLAY_HOME,0.59,112,0,0
2025-10-06,Valle d'Aosta,Subito Lavoro,AZ_IT_SUBITO_RETARGETING,0.26,38,0,0
2025-10-06,Valle d'Aosta,Subito Lavoro,AZ_IT_SUBITO_SLOT_PREMIUM,1.52,139,2,0
2025-10-06,Valle d'Aosta,Subito Lavoro,AZ_IT_SUBITO_SPONSORED_ANNUNCI,0.67,51,1,0
2025-10-06,Veneto,Subito Lavoro,AZ_IT_SUBITO_DISPLAY_HOME,21.60,4322,17,2
2025-10-06,Veneto,Subito Lavoro,AZ_IT_SUBITO_RETARGETING,10.23,1543,18,1
2025-10-06,Veneto,Subito Lavoro,AZ_IT_SUBITO_SLOT_PREMIUM,45.48,4053,66,6
2025-10-06,Veneto,Subito Lavoro,AZ_IT_SUBITO_SPONSORED_ANNUNCI,32.94,2524,41,3
2025-10-13,Abruzzo,Subito Lavoro,AZ_IT_SUBITO_DISPLAY_HOME,3.81,761,3,0
2025-10-13,Abruzzo,Subito Lavoro,AZ_IT_SUBITO_RETARGETING,2.23,308,3,0
2025-10-13,Abruzzo,Subito Lavoro,AZ_IT_SUBITO_SLOT_PREMIUM,14.36,1295,19,2
2025-10-13,Abruzzo,Subito Lavoro,AZ_IT_SUBITO_SPONSORED_ANNUNCI,4.62,352,6,0
2025-10-13,Basilicata,Subito Lavoro,AZ_IT_SUBITO_DISPLAY_HOME,2.15,412,2,0
2025-10-13,Basilicata,Subito Lavoro,AZ_IT_SUBITO_RETARGETING,1.13,171,2,0
2025-10-13,Basilicata,Subito Lavoro,AZ_IT_SUBITO_SLOT_PREMIUM,7.99,747,10,1
2025-10-13,Basilicata,Subito Lavoro,AZ_IT_SUBITO_SPONSORED_ANNUNCI,2.93,224,4,0
2025-10-13,Calabria,Subito Lavoro,AZ_IT_SUBITO_DISPLAY_HOME,7.70,1570,7,1
2025-10-13,Calabria,Subito Lavoro,AZ_IT_SUBITO_RETARGETING,2.86,412,5,1
2025-10-13,Calabria,Subito Lavoro,AZ_IT_SUBITO_SLOT_PREMIUM,18.36,1612,24,3
2025-10-13,Calabria,Subito Lavoro,AZ_IT_SUBITO_SPONSORED_ANNUNCI,7.66,602,11,1
2025-10-13,Campania,Subito Lavoro,AZ_IT_SUBITO_DISPLAY_HOME,15.05,2884,11,1
2025-10-13,Campania,Subito Lavoro,AZ_IT_SUBITO_RETARGETING,7.93,1162,13,1
2025-10-13,Campania,Subito Lavoro,AZ_IT_SUBITO_SLOT_PREMIUM,63.53,5670,83,7
2025-10-13,Campania,Subito Lavoro,AZ_IT_SUBITO_SPONSORED_ANNUNCI,26.22,1979,30,2
2025-10-13,Emilia-Romagna,Subito Lavoro,AZ_IT_SUBITO_DISPLAY_HOME,13.44,2668,11,1
2025-10-13,Emilia-Romagna,Subito Lavoro,AZ_IT_SUBITO_RETARGETING,10.05,1387,18,1
2025-10-13,Emilia-Romagna,Subito Lavoro,AZ_IT_SUBITO_SLOT_PREMIUM,81.24,7226,102,7
2025-10-13,Emilia-Romagna,Subito Lavoro,AZ_IT_SUBITO_SPONSORED_ANNUNCI,30.25,2384,44,2
2025-10-13,Friuli-Venezia Giulia,Subito Lavoro,AZ_IT_SUBITO_DISPLAY_HOME,6.83,1327,5,1
2025-10-13,Friuli-Venezia Giulia,Subito Lavoro,AZ_IT_SUBITO_RETARGETING,1.86,271,3,0
2025-10-13,Friuli-Venezia Giulia,Subito Lavoro,AZ_IT_SUBITO_SLOT_PREMIUM,12.32,1160,16,2
2025-10-13,Friuli-Venezia Giulia,Subito Lavoro,AZ_IT_SUBITO_SPONSORED_ANNUNCI,4.61,365,5,1
2025-10-13,Lazio,Subito Lavoro,AZ_IT_SUBITO_DISPLAY_HOME,33.08,6789,24,2
2025-10-13,Lazio,Subito Lavoro,AZ_IT_SUBITO_RETARGETING,11.99,1777,21,2
2025-10-13,Lazio,Subito Lavoro,AZ_IT_SUBITO_SLOT_PREMIUM,78.65,7072,93,11
2025-10-13,Lazio,Subito Lavoro,AZ_IT_SUBITO_SPONSORED_ANNUNCI,23.69,1908,33,2
2025-10-13,Liguria,Subito Lavoro,AZ_IT_SUBITO_DISPLAY_HOME,9.09,1728,8,1
2025-10-13,Liguria,Subito Lavoro,AZ_IT_SUBITO_RETARGETING,3.56,498,6,1
2025-10-13,Liguria,Subito Lavoro,AZ_IT_SUBITO_SLOT_PREMIUM,11.13,995,14,1
2025-10-13,Liguria,Subito Lavoro,AZ_IT_SUBITO_SPONSORED_ANNUNCI,4.84,380,6,0
2025-10-13,Lombardia,Subito Lavoro,AZ_IT_SUBITO_DISPLAY_HOME,31.40,6340,26,2
2025-10-13,Lombardia,Subito Lavoro,AZ_IT_SUBITO_RETARGETING,20.83,3017,32,3
2025-10-13,Lombardia,Subito Lavoro,AZ_IT_SUBITO_SLOT_PREMIUM,81.61,7362,110,11
2025-10-13,Lombardia,Subito Lavoro,AZ_IT_SUBITO_SPONSORED_ANNUNCI,56.10,4364,73,6
2025-10-13,Marche,Subito Lavoro,AZ_IT_SUBITO_DISPLAY_HOME,5.58,1158,4,1
2025-10-13,Marche,Subito Lavoro,AZ_IT_SUBITO_RETARGETING,3.16,456,5,1
2025-10-13,Marche,Subito Lavoro,AZ_IT_SUBITO_SLOT_PREMIUM,12.57,1144,15,2
2025-10-13,Marche,Subito Lavoro,AZ_IT_SUBITO_SPONSORED_ANNUNCI,9.28,731,12,1
2025-10-13,Molise,Subito Lavoro,AZ_IT_SUBITO_DISPLAY_HOME,1.01,195,1,0
2025-10-13,Molise,Subito Lavoro,AZ_IT_SUBITO_RETARGETING,0.72,103,1,0
2025-10-13,Molise,Subito Lavoro,AZ_IT_SUBITO_SLOT_PREMIUM,3.50,330,5,0
2025-10-13,Molise,Subito Lavoro,AZ_IT_SUBITO_SPONSORED_ANNUNCI,1.21,95,2,0
2025-10-13,Piemonte,Subito Lavoro,AZ_IT_SUBITO_DISPLAY_HOME,14.34,2886,12,1
2025-10-13,Piemonte,Subito Lavoro,AZ_IT_SUBITO_RETARGETING,10.29,1533,18,1
2025-10-13,Piemonte,Subito Lavoro,AZ_IT_SUBITO_SLOT_PREMIUM,43.58,4014,58,4
2025-10-13,Piemonte,Subito Lavoro,AZ_IT_SUBITO_SPONSORED_ANNUNCI,23.54,1858,32,2
2025-10-13,Puglia,Subito Lavoro,AZ_IT_SUBITO_DISPLAY_HOME,15.10,2871,11,1
2025-10-13,Puglia,Subito Lavoro,AZ_IT_SUBITO_RETARGETING,7.24,1036,12,1
2025-10-13,Puglia,Subito Lavoro,AZ_IT_SUBITO_SLOT_PREMIUM,56.32,5416,72,5
2025-10-13,Puglia,Subito Lavoro,AZ_IT_SUBITO_SPONSORED_ANNUNCI,16.25,1204,22,1
2025-10-13,Sardegna,Subito Lavoro,AZ_IT_SUBITO_DISPLAY_HOME,5.74,1116,5,0
2025-10-13,Sardegna,Subito Lavoro,AZ_IT_SUBITO_RETARGETING,2.96,433,5,1
2025-10-13,Sardegna,Subito Lavoro,AZ_IT_SUBITO_SLOT_PREMIUM,11.81,1057,15,2
2025-10-13,Sardegna,Subito Lavoro,AZ_IT_SUBITO_SPONSORED_ANNUNCI,7.58,567,9,1
2025-10-13,Sicilia,Subito Lavoro,AZ_IT_SUBITO_DISPLAY_HOME,18.14,3521,15,1
2025-10-13,Sicilia,Subito Lavoro,AZ_IT_SUBITO_RETARGETING,10.24,1512,19,2
2025-10-13,Sicilia,Subito Lavoro,AZ_IT_SUBITO_SLOT_PREMIUM,33.15,3093,39,4
2025-10-13,Sicilia,Subito Lavoro,AZ_IT_SUBITO_SPONSORED_ANNUNCI,32.23,2425,41,3
2025-10-13,Toscana,Subito Lavoro,AZ_IT_SUBITO_DISPLAY_HOME,6.64,1411,5,1
2025-10-13,Toscana,Subito Lavoro,AZ_IT_SUBITO_RETARGETING,7.02,948,10,1
2025-10-13,Toscana,Subito Lavoro,AZ_IT_SUBITO_SLOT_PREMIUM,43.19,4094,58,7
2025-10-13,Toscana,Subito Lavoro,AZ_IT_SUBITO_SPONSORED_ANNUNCI,14.62,1176,20,1
2025-10-13,Trentino-Alto Adige,Subito Lavoro,AZ_IT_SUBITO_DISPLAY_HOME,2.74,533,2,0
2025-10-13,Trentino-Alto Adige,Subito Lavoro,AZ_IT_SUBITO_RETARGETING,1.72,246,3,0
2025-10-13,Trentino-Alto Adige,Subito Lavoro,AZ_IT_SUBITO_SLOT_PREMIUM,13.33,1166,17,2
2025-10-13,Trentino-Alto Adige,Subito Lavoro,AZ_IT_SUBITO_SPONSORED_ANNUNCI,4.27,307,5,0
2025-10-13,Umbria,Subito Lavoro,AZ_IT_SUBITO_DISPLAY_HOME,3.26,639,3,0
2025-10-13,Umbria,Subito Lavoro,AZ_IT_SUBITO_RETARGETING,2.14,302,3,0
2025-10-13,Umbria,Subito Lavoro,AZ_IT_SUBITO_SLOT_PREMIUM,6.37,555,8,1
2025-10-13,Umbria,Subito Lavoro,AZ_IT_SUBITO_SPONSORED_ANNUNCI,3.40,271,5,1
2025-10-13,Valle d'Aosta,Subito Lavoro,AZ_IT_SUBITO_DISPLAY_HOME,0.54,108,0,0
2025-10-13,Valle d'Aosta,Subito Lavoro,AZ_IT_SUBITO_RETARGETING,0.41,58,1,0
2025-10-13,Valle d'Aosta,Subito Lavoro,AZ_IT_SUBITO_SLOT_PREMIUM,0.98,88,1,0
2025-10-13,Valle d'Aosta,Subito Lavoro,AZ_IT_SUBITO_SPONSORED_ANNUNCI,0.49,38,1,0
2025-10-13,Veneto,Subito Lavoro,AZ_IT_SUBITO_DISPLAY_HOME,15.08,2955,12,1
2025-10-13,Veneto,Subito Lavoro,AZ_IT_SUBITO_RETARGETING,15.17,2123,27,2
2025-10-13,Veneto,Subito Lavoro,AZ_IT_SUBITO_SLOT_PREMIUM,31.15,2986,45,4
2025-10-13,Veneto,Subito Lavoro,AZ_IT_SUBITO_SPONSORED_ANNUNCI,17.35,1339,25,2
2025-10-20,Abruzzo,Subito Lavoro,AZ_IT_SUBITO_DISPLAY_HOME,10.16,2096,9,1
2025-10-20,Abruzzo,Subito Lavoro,AZ_IT_SUBITO_RETARGETING,5.26,740,9,1
2025-10-20,Abruzzo,Subito Lavoro,AZ_IT_SUBITO_SLOT_PREMIUM,18.78,1716,23,2
2025-10-20,Abruzzo,Subito Lavoro,AZ_IT_SUBITO_SPONSORED_ANNUNCI,10.73,832,15,1
2025-10-20,Basilicata,Subito Lavoro,AZ_IT_SUBITO_DISPLAY_HOME,3.43,687,3,0
2025-10-20,Basilicata,Subito Lavoro,AZ_IT_SUBITO_RETARGETING,2.07,279,3,0
2025-10-20,Basilicata,Subito Lavoro,AZ_IT_SUBITO_SLOT_PREMIUM,8.26,758,11,1
2025-10-20,Basilicata,Subito Lavoro,AZ_IT_SUBITO_SPONSORED_ANNUNCI,5.55,401,7,0
2025-10-20,Calabria,Subito Lavoro,AZ_IT_SUBITO_DISPLAY_HOME,12.35,2455,10,1
2025-10-20,Calabria,Subito Lavoro,AZ_IT_SUBITO_RETARGETING,6.29,882,11,1
2025-10-20,Calabria,Subito Lavoro,AZ_IT_SUBITO_SLOT_PREMIUM,14.44,1303,18,2
2025-10-20,Calabria,Subito Lavoro,AZ_IT_SUBITO_SPONSORED_ANNUNCI,26.27,1986,39,3
2025-10-20,Campania,Subito Lavoro,AZ_IT_SUBITO_DISPLAY_HOME,26.10,5166,22,1
2025-10-20,Campania,Subito Lavoro,AZ_IT_SUBITO_RETARGETING,26.84,3703,40,3
2025-10-20,Campania,Subito Lavoro,AZ_IT_SUBITO_SLOT_PREMIUM,58.40,5386,71,4
2025-10-20,Campania,Subito Lavoro,AZ_IT_SUBITO_SPONSORED_ANNUNCI,44.59,3480,58,3
2025-10-20,Emilia-Romagna,Subito Lavoro,AZ_IT_SUBITO_DISPLAY_HOME,26.95,5215,22,2
2025-10-20,Emilia-Romagna,Subito Lavoro,AZ_IT_SUBITO_RETARGETING,21.61,3015,35,3
2025-10-20,Emilia-Romagna,Subito Lavoro,AZ_IT_SUBITO_SLOT_PREMIUM,49.16,4488,61,5
2025-10-20,Emilia-Romagna,Subito Lavoro,AZ_IT_SUBITO_SPONSORED_ANNUNCI,40.46,3192,57,3
2025-10-20,Friuli-Venezia Giulia,Subito Lavoro,AZ_IT_SUBITO_DISPLAY_HOME,8.80,1823,8,1
2025-10-20,Friuli-Venezia Giulia,Subito Lavoro,AZ_IT_SUBITO_RETARGETING,5.72,834,9,1
2025-10-20,Friuli-Venezia Giulia,Subito Lavoro,AZ_IT_SUBITO_SLOT_PREMIUM,16.19,1412,18,2
2025-10-20,Friuli-Venezia Giulia,Subito Lavoro,AZ_IT_SUBITO_SPONSORED_ANNUNCI,10.84,855,14,1
2025-10-20,Lazio,Subito Lavoro,AZ_IT_SUBITO_DISPLAY_HOME,24.65,5023,20,2
2025-10-20,Lazio,Subito Lavoro,AZ_IT_SUBITO_RETARGETING,34.56,5133,61,5
2025-10-20,Lazio,Subito Lavoro,AZ_IT_SUBITO_SLOT_PREMIUM,59.88,5073,73,8
2025-10-20,Lazio,Subito Lavoro,AZ_IT_SUBITO_SPONSORED_ANNUNCI,35.10,2708,46,3
2025-10-20,Liguria,Subito Lavoro,AZ_IT_SUBITO_DISPLAY_HOME,9.62,2030,7,0
2025-10-20,Liguria,Subito Lavoro,AZ_IT_SUBITO_RETARGETING,7.37,1068,13,1
2025-10-20,Liguria,Subito Lavoro,AZ_IT_SUBITO_SLOT_PREMIUM,18.42,1738,22,1
2025-10-20,Liguria,Subito Lavoro,AZ_IT_SUBITO_SPONSORED_ANNUNCI,13.93,1116,19,1
2025-10-20,Lombardia,Subito Lavoro,AZ_IT_SUBITO_DISPLAY_HOME,68.10,14027,65,6
2025-10-20,Lombardia,Subito Lavoro,AZ_IT_SUBITO_RETARGETING,29.74,4312,55,4
2025-10-20,Lombardia,Subito Lavoro,AZ_IT_SUBITO_SLOT_PREMIUM,92.68,7818,116,11
2025-10-20,Lombardia,Subito Lavoro,AZ_IT_SUBITO_SPONSORED_ANNUNCI,68.43,5256,90,6
2025-10-20,Marche,Subito Lavoro,AZ_IT_SUBITO_DISPLAY_HOME,8.47,1669,6,1
2025-10-20,Marche,Subito Lavoro,AZ_IT_SUBITO_RETARGETING,6.01,837,9,1
2025-10-20,Marche,Subito Lavoro,AZ_IT_SUBITO_SLOT_PREMIUM,33.19,2972,43,4
2025-10-20,Marche,Subito Lavoro,AZ_IT_SUBITO_SPONSORED_ANNUNCI,15.11,1175,21,1
2025-10-20,Molise,Subito Lavoro,AZ_IT_SUBITO_DISPLAY_HOME,2.41,474,2,0
2025-10-20,Molise,Subito Lavoro,AZ_IT_SUBITO_RETARGETING,1.30,181,2,0
2025-10-20,Molise,Subito Lavoro,AZ_IT_SUBITO_SLOT_PREMIUM,2.78,248,4,0
2025-10-20,Molise,Subito Lavoro,AZ_IT_SUBITO_SPONSORED_ANNUNCI,2.11,166,3,0
2025-10-20,Piemonte,Subito Lavoro,AZ_IT_SUBITO_DISPLAY_HOME,27.55,5782,23,1
2025-10-20,Piemonte,Subito Lavoro,AZ_IT_SUBITO_RETARGETING,14.27,2037,27,1
2025-10-20,Piemonte,Subito Lavoro,AZ_IT_SUBITO_SLOT_PREMIUM,91.25,8238,114,6
2025-10-20,Piemonte,Subito Lavoro,AZ_IT_SUBITO_SPONSORED_ANNUNCI,42.12,3189,55,2
2025-10-20,Puglia,Subito Lavoro,AZ_IT_SUBITO_DISPLAY_HOME,26.74,5321,24,1
2025-10-20,Puglia,Subito Lavoro,AZ_IT_SUBITO_RETARGETING,11.62,1658,19,1
2025-10-20,Puglia,Subito Lavoro,AZ_IT_SUBITO_SLOT_PREMIUM,44.95,4078,49,4
2025-10-20,Puglia,Subito Lavoro,AZ_IT_SUBITO_SPONSORED_ANNUNCI,34.00,2652,43,2
2025-10-20,Sardegna,Subito Lavoro,AZ_IT_SUBITO_DISPLAY_HOME,9.10,1822,8,0
2025-10-20,Sardegna,Subito Lavoro,AZ_IT_SUBITO_RETARGETING,8.20,1193,15,1
2025-10-20,Sardegna,Subito Lavoro,AZ_IT_SUBITO_SLOT_PREMIUM,20.70,1959,27,2
2025-10-20,Sardegna,Subito Lavoro,AZ_IT_SUBITO_SPONSORED_ANNUNCI,12.90,986,15,1
2025-10-20,Sicilia,Subito Lavoro,AZ_IT_SUBITO_DISPLAY_HOME,56.94,11308,38,3
2025-10-20,Sicilia,Subito Lavoro,AZ_IT_SUBITO_RETARGETING,13.53,1959,22,1
2025-10-20,Sicilia,Subito Lavoro,AZ_IT_SUBITO_SLOT_PREMIUM,52.21,4794,68,5
2025-10-20,Sicilia,Subito Lavoro,AZ_IT_SUBITO_SPONSORED_ANNUNCI,54.21,4146,70,4
2025-10-20,Toscana,Subito Lavoro,AZ_IT_SUBITO_DISPLAY_HOME,18.55,3707,13,2
2025-10-20,Toscana,Subito Lavoro,AZ_IT_SUBITO_RETARGETING,14.90,2156,29,2
2025-10-20,Toscana,Subito Lavoro,AZ_IT_SUBITO_SLOT_PREMIUM,43.49,4110,56,7
2025-10-20,Toscana,Subito Lavoro,AZ_IT_SUBITO_SPONSORED_ANNUNCI,29.16,2273,37,3
2025-10-20,Trentino-Alto Adige,Subito Lavoro,AZ_IT_SUBITO_DISPLAY_HOME,7.62,1537,7,0
2025-10-20,Trentino-Alto Adige,Subito Lavoro,AZ_IT_SUBITO_RETARGETING,3.27,493,5,0
2025-10-20,Trentino-Alto Adige,Subito Lavoro,AZ_IT_SUBITO_SLOT_PREMIUM,11.73,1053,16,1
2025-10-20,Trentino-Alto Adige,Subito Lavoro,AZ_IT_SUBITO_SPONSORED_ANNUNCI,10.51,824,15,1
2025-10-20,Umbria,Subito Lavoro,AZ_IT_SUBITO_DISPLAY_HOME,4.41,918,4,0
2025-10-20,Umbria,Subito Lavoro,AZ_IT_SUBITO_RETARGETING,2.90,415,5,1
2025-10-20,Umbria,Subito Lavoro,AZ_IT_SUBITO_SLOT_PREMIUM,7.33,663,9,1
2025-10-20,Umbria,Subito Lavoro,AZ_IT_SUBITO_SPONSORED_ANNUNCI,13.76,1062,18,2
2025-10-20,Valle d'Aosta,Subito Lavoro,AZ_IT_SUBITO_DISPLAY_HOME,0.77,166,1,0
2025-10-20,Valle d'Aosta,Subito Lavoro,AZ_IT_SUBITO_RETARGETING,0.47,68,1,0
2025-10-20,Valle d'Aosta,Subito Lavoro,AZ_IT_SUBITO_SLOT_PREMIUM,1.64,144,2,0
2025-10-20,Valle d'Aosta,Subito Lavoro,AZ_IT_SUBITO_SPONSORED_ANNUNCI,1.07,82,1,0
2025-10-20,Veneto,Subito Lavoro,AZ_IT_SUBITO_DISPLAY_HOME,31.54,6282,26,2
2025-10-20,Veneto,Subito Lavoro,AZ_IT_SUBITO_RETARGETING,24.98,3735,39,3
2025-10-20,Veneto,Subito Lavoro,AZ_IT_SUBITO_SLOT_PREMIUM,82.41,7396,98,7
2025-10-20,Veneto,Subito Lavoro,AZ_IT_SUBITO_SPONSORED_ANNUNCI,39.66,3095,53,2
2025-10-27,Abruzzo,Subito Lavoro,AZ_IT_SUBITO_DISPLAY_HOME,5.09,1012,4,0
2025-10-27,Abruzzo,Subito Lavoro,AZ_IT_SUBITO_RETARGETING,1.64,236,3,0
2025-10-27,Abruzzo,Subito Lavoro,AZ_IT_SUBITO_SLOT_PREMIUM,8.60,792,12,1
2025-10-27,Abruzzo,Subito Lavoro,AZ_IT_SUBITO_SPONSORED_ANNUNCI,7.03,544,9,1
2025-10-27,Basilicata,Subito Lavoro,AZ_IT_SUBITO_DISPLAY_HOME,1.76,353,1,0
2025-10-27,Basilicata,Subito Lavoro,AZ_IT_SUBITO_RETARGETING,0.93,133,2,0
2025-10-27,Basilicata,Subito Lavoro,AZ_IT_SUBITO_SLOT_PREMIUM,5.20,443,7,1
2025-10-27,Basilicata,Subito Lavoro,AZ_IT_SUBITO_SPONSORED_ANNUNCI,2.44,184,3,0
2025-10-27,Calabria,Subito Lavoro,AZ_IT_SUBITO_DISPLAY_HOME,4.92,1004,4,1
2025-10-27,Calabria,Subito Lavoro,AZ_IT_SUBITO_RETARGETING,5.19,715,8,1
2025-10-27,Calabria,Subito Lavoro,AZ_IT_SUBITO_SLOT_PREMIUM,10.77,988,13,3
2025-10-27,Calabria,Subito Lavoro,AZ_IT_SUBITO_SPONSORED_ANNUNCI,5.17,410,7,1
2025-10-27,Campania,Subito Lavoro,AZ_IT_SUBITO_DISPLAY_HOME,15.31,3039,13,1
2025-10-27,Campania,Subito Lavoro,AZ_IT_SUBITO_RETARGETING,10.26,1412,17,2
2025-10-27,Campania,Subito Lavoro,AZ_IT_SUBITO_SLOT_PREMIUM,38.02,3322,50,4
2025-10-27,Campania,Subito Lavoro,AZ_IT_SUBITO_SPONSORED_ANNUNCI,23.35,1760,30,2
2025-10-27,Emilia-Romagna,Subito Lavoro,AZ_IT_SUBITO_DISPLAY_HOME,14.67,2798,11,1
2025-10-27,Emilia-Romagna,Subito Lavoro,AZ_IT_SUBITO_RETARGETING,10.21,1493,15,2
2025-10-27,Emilia-Romagna,Subito Lavoro,AZ_IT_SUBITO_SLOT_PREMIUM,28.76,2557,36,4
2025-10-27,Emilia-Romagna,Subito Lavoro,AZ_IT_SUBITO_SPONSORED_ANNUNCI,17.21,1367,25,2
2025-10-27,Friuli-Venezia Giulia,Subito Lavoro,AZ_IT_SUBITO_DISPLAY_HOME,3.62,690,3,0
2025-10-27,Friuli-Venezia Giulia,Subito Lavoro,AZ_IT_SUBITO_RETARGETING,2.53,365,5,1
2025-10-27,Friuli-Venezia Giulia,Subito Lavoro,AZ_IT_SUBITO_SLOT_PREMIUM,8.86,831,11,2
2025-10-27,Friuli-Venezia Giulia,Subito Lavoro,AZ_IT_SUBITO_SPONSORED_ANNUNCI,2.61,204,3,0
2025-10-27,Lazio,Subito Lavoro,AZ_IT_SUBITO_DISPLAY_HOME,15.46,3241,13,2
2025-10-27,Lazio,Subito Lavoro,AZ_IT_SUBITO_RETARGETING,9.91,1450,17,2
2025-10-27,Lazio,Subito Lavoro,AZ_IT_SUBITO_SLOT_PREMIUM,46.40,4091,58,7
2025-10-27,Lazio,Subito Lavoro,AZ_IT_SUBITO_SPONSORED_ANNUNCI,14.76,1155,19,2
2025-10-27,Liguria,Subito Lavoro,AZ_IT_SUBITO_DISPLAY_HOME,3.59,705,3,0
2025-10-27,Liguria,Subito Lavoro,AZ_IT_SUBITO_RETARGETING,2.40,341,4,0
2025-10-27,Liguria,Subito Lavoro,AZ_IT_SUBITO_SLOT_PREMIUM,9.14,810,12,1
2025-10-27,Liguria,Subito Lavoro,AZ_IT_SUBITO_SPONSORED_ANNUNCI,5.15,410,8,1
2025-10-27,Lombardia,Subito Lavoro,AZ_IT_SUBITO_DISPLAY_HOME,27.98,5428,20,3
2025-10-27,Lombardia,Subito Lavoro,AZ_IT_SUBITO_RETARGETING,19.97,2796,33,4
2025-10-27,Lombardia,Subito Lavoro,AZ_IT_SUBITO_SLOT_PREMIUM,42.82,3981,49,8
2025-10-27,Lombardia,Subito Lavoro,AZ_IT_SUBITO_SPONSORED_ANNUNCI,32.90,2561,42,4
2025-10-27,Marche,Subito Lavoro,AZ_IT_SUBITO_DISPLAY_HOME,4.62,989,4,1
2025-10-27,Marche,Subito Lavoro,AZ_IT_SUBITO_RETARGETING,3.20,443,5,1
2025-10-27,Marche,Subito Lavoro,AZ_IT_SUBITO_SLOT_PREMIUM,11.20,1022,14,2
2025-10-27,Marche,Subito Lavoro,AZ_IT_SUBITO_SPONSORED_ANNUNCI,5.02,414,7,1
2025-10-27,Molise,Subito Lavoro,AZ_IT_SUBITO_DISPLAY_HOME,1.31,268,1,0
2025-10-27,Molise,Subito Lavoro,AZ_IT_SUBITO_RETARGETING,0.58,83,1,0
2025-10-27,Molise,Subito Lavoro,AZ_IT_SUBITO_SLOT_PREMIUM,1.58,137,2,0
2025-10-27,Molise,Subito Lavoro,AZ_IT_SUBITO_SPONSORED_ANNUNCI,0.89,69,1,0
2025-10-27,Piemonte,Subito Lavoro,AZ_IT_SUBITO_DISPLAY_HOME,15.86,3127,12,1
2025-10-27,Piemonte,Subito Lavoro,AZ_IT_SUBITO_RETARGETING,8.14,1146,15,1
2025-10-27,Piemonte,Subito Lavoro,AZ_IT_SUBITO_SLOT_PREMIUM,25.33,2278,29,3
2025-10-27,Piemonte,Subito Lavoro,AZ_IT_SUBITO_SPONSORED_ANNUNCI,18.42,1335,24,2
2025-10-27,Puglia,Subito Lavoro,AZ_IT_SUBITO_DISPLAY_HOME,13.08,2521,10,1
2025-10-27,Puglia,Subito Lavoro,AZ_IT_SUBITO_RETARGETING,10.64,1496,20,1
2025-10-27,Puglia,Subito Lavoro,AZ_IT_SUBITO_SLOT_PREMIUM,22.92,2058,26,3
2025-10-27,Puglia,Subito Lavoro,AZ_IT_SUBITO_SPONSORED_ANNUNCI,15.05,1147,19,1
2025-10-27,Sardegna,Subito Lavoro,AZ_IT_SUBITO_DISPLAY_HOME,5.40,1124,5,0
2025-10-27,Sardegna,Subito Lavoro,AZ_IT_SUBITO_RETARGETING,3.16,478,6,1
2025-10-27,Sardegna,Subito Lavoro,AZ_IT_SUBITO_SLOT_PREMIUM,10.46,951,14,2
2025-10-27,Sardegna,Subito Lavoro,AZ_IT_SUBITO_SPONSORED_ANNUNCI,4.84,389,6,1
2025-10-27,Sicilia,Subito Lavoro,AZ_IT_SUBITO_DISPLAY_HOME,16.74,3210,11,2
2025-10-27,Sicilia,Subito Lavoro,AZ_IT_SUBITO_RETARGETING,12.69,1880,21,3
2025-10-27,Sicilia,Subito Lavoro,AZ_IT_SUBITO_SLOT_PREMIUM,20.54,1874,30,4
2025-10-27,Sicilia,Subito Lavoro,AZ_IT_SUBITO_SPONSORED_ANNUNCI,13.77,1131,19,2
2025-10-27,Toscana,Subito Lavoro,AZ_IT_SUBITO_DISPLAY_HOME,8.37,1603,6,1
2025-10-27,Toscana,Subito Lavoro,AZ_IT_SUBITO_RETARGETING,5.80,817,9,1
2025-10-27,Toscana,Subito Lavoro,AZ_IT_SUBITO_SLOT_PREMIUM,43.06,3839,56,7
2025-10-27,Toscana,Subito Lavoro,AZ_IT_SUBITO_SPONSORED_ANNUNCI,12.32,1010,18,1
2025-10-27,Trentino-Alto Adige,Subito Lavoro,AZ_IT_SUBITO_DISPLAY_HOME,3.76,761,3,0
2025-10-27,Trentino-Alto Adige,Subito Lavoro,AZ_IT_SUBITO_RETARGETING,3.01,444,5,1
2025-10-27,Trentino-Alto Adige,Subito Lavoro,AZ_IT_SUBITO_SLOT_PREMIUM,10.27,1019,14,2
2025-10-27,Trentino-Alto Adige,Subito Lavoro,AZ_IT_SUBITO_SPONSORED_ANNUNCI,2.91,234,4,0
2025-10-27,Umbria,Subito Lavoro,AZ_IT_SUBITO_DISPLAY_HOME,1.76,340,1,0
2025-10-27,Umbria,Subito Lavoro,AZ_IT_SUBITO_RETARGETING,1.72,242,3,0
2025-10-27,Umbria,Subito Lavoro,AZ_IT_SUBITO_SLOT_PREMIUM,5.37,483,7,1
2025-10-27,Umbria,Subito Lavoro,AZ_IT_SUBITO_SPONSORED_ANNUNCI,2.52,194,3,0
2025-10-27,Valle d'Aosta,Subito Lavoro,AZ_IT_SUBITO_DISPLAY_HOME,0.62,121,0,0
2025-10-27,Valle d'Aosta,Subito Lavoro,AZ_IT_SUBITO_RETARGETING,0.23,33,0,0
2025-10-27,Valle d'Aosta,Subito Lavoro,AZ_IT_SUBITO_SLOT_PREMIUM,1.31,121,2,0
2025-10-27,Valle d'Aosta,Subito Lavoro,AZ_IT_SUBITO_SPONSORED_ANNUNCI,0.44,34,1,0
2025-10-27,Veneto,Subito Lavoro,AZ_IT_SUBITO_DISPLAY_HOME,18.13,3674,17,2
2025-10-27,Veneto,Subito Lavoro,AZ_IT_SUBITO_RETARGETING,12.09,1767,23,2
2025-10-27,Veneto,Subito Lavoro,AZ_IT_SUBITO_SLOT_PREMIUM,32.20,2755,37,5
2025-10-27,Veneto,Subito Lavoro,AZ_IT_SUBITO_SPONSORED_ANNUNCI,25.30,2065,34,3
2025-11-03,Abruzzo,Subito Lavoro,AZ_IT_SUBITO_DISPLAY_HOME,2.39,483,2,0
2025-11-03,Abruzzo,Subito Lavoro,AZ_IT_SUBITO_RETARGETING,1.12,150,2,0
2025-11-03,Abruzzo,Subito Lavoro,AZ_IT_SUBITO_SLOT_PREMIUM,5.85,522,8,1
2025-11-03,Abruzzo,Subito Lavoro,AZ_IT_SUBITO_SPONSORED_ANNUNCI,2.35,184,3,0
2025-11-03,Basilicata,Subito Lavoro,AZ_IT_SUBITO_DISPLAY_HOME,1.04,199,1,0
2025-11-03,Basilicata,Subito Lavoro,AZ_IT_SUBITO_RETARGETING,0.56,80,1,0
2025-11-03,Basilicata,Subito Lavoro,AZ_IT_SUBITO_SLOT_PREMIUM,3.21,292,4,1
2025-11-03,Basilicata,Subito Lavoro,AZ_IT_SUBITO_SPONSORED_ANNUNCI,1.05,80,1,0
2025-11-03,Calabria,Subito Lavoro,AZ_IT_SUBITO_DISPLAY_HOME,3.11,633,3,0
2025-11-03,Calabria,Subito Lavoro,AZ_IT_SUBITO_RETARGETING,3.36,484,6,1
2025-11-03,Calabria,Subito Lavoro,AZ_IT_SUBITO_SLOT_PREMIUM,7.65,669,10,2
2025-11-03,Calabria,Subito Lavoro,AZ_IT_SUBITO_SPONSORED_ANNUNCI,4.33,343,6,1
2025-11-03,Campania,Subito Lavoro,AZ_IT_SUBITO_DISPLAY_HOME,9.66,1830,7,1
2025-11-03,Campania,Subito Lavoro,AZ_IT_SUBITO_RETARGETING,9.41,1321,15,2
2025-11-03,Campania,Subito Lavoro,AZ_IT_SUBITO_SLOT_PREMIUM,13.59,1220,18,2
2025-11-03,Campania,Subito Lavoro,AZ_IT_SUBITO_SPONSORED_ANNUNCI,9.14,679,12,1
2025-11-03,Emilia-Romagna,Subito Lavoro,AZ_IT_SUBITO_DISPLAY_HOME,3.11,625,3,0
2025-11-03,Emilia-Romagna,Subito Lavoro,AZ_IT_SUBITO_RETARGETING,3.07,434,5,1
2025-11-03,Emilia-Romagna,Subito Lavoro,AZ_IT_SUBITO_SLOT_PREMIUM,21.26,1945,26,4
2025-11-03,Emilia-Romagna,Subito Lavoro,AZ_IT_SUBITO_SPONSORED_ANNUNCI,9.17,689,10,1
2025-11-03,Friuli-Venezia Giulia,Subito Lavoro,AZ_IT_SUBITO_DISPLAY_HOME,2.11,406,2,0
2025-11-03,Friuli-Venezia Giulia,Subito Lavoro,AZ_IT_SUBITO_RETARGETING,1.87,265,3,1
2025-11-03,Friuli-Venezia Giulia,Subito Lavoro,AZ_IT_SUBITO_SLOT_PREMIUM,3.80,331,5,1
2025-11-03,Friuli-Venezia Giulia,Subito Lavoro,AZ_IT_SUBITO_SPONSORED_ANNUNCI,3.83,283,5,1
2025-11-03,Lazio,Subito Lavoro,AZ_IT_SUBITO_DISPLAY_HOME,13.78,2793,10,1
2025-11-03,Lazio,Subito Lavoro,AZ_IT_SUBITO_RETARGETING,5.80,824,9,1
2025-11-03,Lazio,Subito Lavoro,AZ_IT_SUBITO_SLOT_PREMIUM,35.02,3120,45,5
2025-11-03,Lazio,Subito Lavoro,AZ_IT_SUBITO_SPONSORED_ANNUNCI,16.00,1239,21,2
2025-11-03,Liguria,Subito Lavoro,AZ_IT_SUBITO_DISPLAY_HOME,2.30,460,2,0
2025-11-03,Liguria,Subito Lavoro,AZ_IT_SUBITO_RETARGETING,1.85,256,3,0
2025-11-03,Liguria,Subito Lavoro,AZ_IT_SUBITO_SLOT_PREMIUM,7.57,689,9,1
2025-11-03,Liguria,Subito Lavoro,AZ_IT_SUBITO_SPONSORED_ANNUNCI,2.90,230,4,0
2025-11-03,Lombardia,Subito Lavoro,AZ_IT_SUBITO_DISPLAY_HOME,12.30,2418,10,1
2025-11-03,Lombardia,Subito Lavoro,AZ_IT_SUBITO_RETARGETING,14.13,2008,25,2
2025-11-03,Lombardia,Subito Lavoro,AZ_IT_SUBITO_SLOT_PREMIUM,62.91,5830,75,9
2025-11-03,Lombardia,Subito Lavoro,AZ_IT_SUBITO_SPONSORED_ANNUNCI,24.85,1937,38,3
2025-11-03,Marche,Subito Lavoro,AZ_IT_SUBITO_DISPLAY_HOME,2.94,575,2,0
2025-11-03,Marche,Subito Lavoro,AZ_IT_SUBITO_RETARGETING,1.21,167,2,0
2025-11-03,Marche,Subito Lavoro,AZ_IT_SUBITO_SLOT_PREMIUM,6.12,567,7,2
2025-11-03,Marche,Subito Lavoro,AZ_IT_SUBITO_SPONSORED_ANNUNCI,3.44,255,5,1
2025-11-03,Molise,Subito Lavoro,AZ_IT_SUBITO_DISPLAY_HOME,0.38,76,0,0
2025-11-03,Molise,Subito Lavoro,AZ_IT_SUBITO_RETARGETING,0.29,41,0,0
2025-11-03,Molise,Subito Lavoro,AZ_IT_SUBITO_SLOT_PREMIUM,2.24,203,3,0
2025-11-03,Molise,Subito Lavoro,AZ_IT_SUBITO_SPONSORED_ANNUNCI,0.73,57,1,0
2025-11-03,Piemonte,Subito Lavoro,AZ_IT_SUBITO_DISPLAY_HOME,8.72,1710,7,1
2025-11-03,Piemonte,Subito Lavoro,AZ_IT_SUBITO_RETARGETING,3.91,537,6,1
2025-11-03,Piemonte,Subito Lavoro,AZ_IT_SUBITO_SLOT_PREMIUM,18.42,1667,23,2
2025-11-03,Piemonte,Subito Lavoro,AZ_IT_SUBITO_SPONSORED_ANNUNCI,8.90,674,12,1
2025-11-03,Puglia,Subito Lavoro,AZ_IT_SUBITO_DISPLAY_HOME,4.74,925,4,0
2025-11-03,Puglia,Subito Lavoro,AZ_IT_SUBITO_RETARGETING,7.15,983,12,1
2025-11-03,Puglia,Subito Lavoro,AZ_IT_SUBITO_SLOT_PREMIUM,26.18,2479,37,3
2025-11-03,Puglia,Subito Lavoro,AZ_IT_SUBITO_SPONSORED_ANNUNCI,9.00,670,13,1
2025-11-03,Sardegna,Subito Lavoro,AZ_IT_SUBITO_DISPLAY_HOME,2.46,488,2,0
2025-11-03,Sardegna,Subito Lavoro,AZ_IT_SUBITO_RETARGETING,1.54,230,3,0
2025-11-03,Sardegna,Subito Lavoro,AZ_IT_SUBITO_SLOT_PREMIUM,4.57,437,7,1
2025-11-03,Sardegna,Subito Lavoro,AZ_IT_SUBITO_SPONSORED_ANNUNCI,4.06,302,6,1
2025-11-03,Sicilia,Subito Lavoro,AZ_IT_SUBITO_DISPLAY_HOME,5.96,1217,5,1
2025-11-03,Sicilia,Subito Lavoro,AZ_IT_SUBITO_RETARGETING,4.95,734,8,1
2025-11-03,Sicilia,Subito Lavoro,AZ_IT_SUBITO_SLOT_PREMIUM,21.25,2033,30,4
2025-11-03,Sicilia,Subito Lavoro,AZ_IT_SUBITO_SPONSORED_ANNUNCI,10.56,839,14,1
2025-11-03,Toscana,Subito Lavoro,AZ_IT_SUBITO_DISPLAY_HOME,4.25,815,3,1
2025-11-03,Toscana,Subito Lavoro,AZ_IT_SUBITO_RETARGETING,3.26,485,6,1
2025-11-03,Toscana,Subito Lavoro,AZ_IT_SUBITO_SLOT_PREMIUM,14.02,1283,16,3
2025-11-03,Toscana,Subito Lavoro,AZ_IT_SUBITO_SPONSORED_ANNUNCI,13.79,1072,18,3
2025-11-03,Trentino-Alto Adige,Subito Lavoro,AZ_IT_SUBITO_DISPLAY_HOME,1.48,291,1,0
2025-11-03,Trentino-Alto Adige,Subito Lavoro,AZ_IT_SUBITO_RETARGETING,1.13,164,2,0
2025-11-03,Trentino-Alto Adige,Subito Lavoro,AZ_IT_SUBITO_SLOT_PREMIUM,3.73,337,5,1
2025-11-03,Trentino-Alto Adige,Subito Lavoro,AZ_IT_SUBITO_SPONSORED_ANNUNCI,2.81,223,4,0
2025-11-03,Umbria,Subito Lavoro,AZ_IT_SUBITO_DISPLAY_HOME,1.24,258,1,0
2025-11-03,Umbria,Subito Lavoro,AZ_IT_SUBITO_RETARGETING,1.47,215,3,0
2025-11-03,Umbria,Subito Lavoro,AZ_IT_SUBITO_SLOT_PREMIUM,5.82,531,7,1
2025-11-03,Umbria,Subito Lavoro,AZ_IT_SUBITO_SPONSORED_ANNUNCI,1.57,128,2,0
2025-11-03,Valle d'Aosta,Subito Lavoro,AZ_IT_SUBITO_DISPLAY_HOME,0.16,31,0,0
2025-11-03,Valle d'Aosta,Subito Lavoro,AZ_IT_SUBITO_RETARGETING,0.11,17,0,0
2025-11-03,Valle d'Aosta,Subito Lavoro,AZ_IT_SUBITO_SLOT_PREMIUM,0.76,67,1,0
2025-11-03,Valle d'Aosta,Subito Lavoro,AZ_IT_SUBITO_SPONSORED_ANNUNCI,0.26,20,0,0
2025-11-03,Veneto,Subito Lavoro,AZ_IT_SUBITO_DISPLAY_HOME,8.31,1781,7,1
2025-11-03,Veneto,Subito Lavoro,AZ_IT_SUBITO_RETARGETING,6.86,925,11,2
2025-11-03,Veneto,Subito Lavoro,AZ_IT_SUBITO_SLOT_PREMIUM,15.54,1386,21,3
2025-11-03,Veneto,Subito Lavoro,AZ_IT_SUBITO_SPONSORED_ANNUNCI,7.92,633,11,1
2025-11-10,Abruzzo,Subito Lavoro,AZ_IT_SUBITO_DISPLAY_HOME,3.74,774,3,0
2025-11-10,Abruzzo,Subito Lavoro,AZ_IT_SUBITO_RETARGETING,1.45,210,3,0
2025-11-10,Abruzzo,Subito Lavoro,AZ_IT_SUBITO_SLOT_PREMIUM,8.86,798,11,1
2025-11-10,Abruzzo,Subito Lavoro,AZ_IT_SUBITO_SPONSORED_ANNUNCI,4.44,339,6,0
2025-11-10,Basilicata,Subito Lavoro,AZ_IT_SUBITO_DISPLAY_HOME,0.67,133,1,0
2025-11-10,Basilicata,Subito Lavoro,AZ_IT_SUBITO_RETARGETING,0.42,63,1,0
2025-11-10,Basilicata,Subito Lavoro,AZ_IT_SUBITO_SLOT_PREMIUM,3.10,285,4,0
2025-11-10,Basilicata,Subito Lavoro,AZ_IT_SUBITO_SPONSORED_ANNUNCI,0.86,66,1,0
2025-11-10,Calabria,Subito Lavoro,AZ_IT_SUBITO_DISPLAY_HOME,2.75,534,2,0
2025-11-10,Calabria,Subito Lavoro,AZ_IT_SUBITO_RETARGETING,2.92,403,5,1
2025-11-10,Calabria,Subito Lavoro,AZ_IT_SUBITO_SLOT_PREMIUM,15.73,1463,20,2
2025-11-10,Calabria,Subito Lavoro,AZ_IT_SUBITO_SPONSORED_ANNUNCI,6.33,492,8,1
2025-11-10,Campania,Subito Lavoro,AZ_IT_SUBITO_DISPLAY_HOME,11.10,2265,9,1
2025-11-10,Campania,Subito Lavoro,AZ_IT_SUBITO_RETARGETING,7.76,1095,12,1
2025-11-10,Campania,Subito Lavoro,AZ_IT_SUBITO_SLOT_PREMIUM,41.66,3950,50,4
2025-11-10,Campania,Subito Lavoro,AZ_IT_SUBITO_SPONSORED_ANNUNCI,21.80,1685,31,2
2025-11-10,Emilia-Romagna,Subito Lavoro,AZ_IT_SUBITO_DISPLAY_HOME,5.88,1253,5,0
2025-11-10,Emilia-Romagna,Subito Lavoro,AZ_IT_SUBITO_RETARGETING,6.88,955,12,1
2025-11-10,Emilia-Romagna,Subito Lavoro,AZ_IT_SUBITO_SLOT_PREMIUM,25.51,2435,34,4
2025-11-10,Emilia-Romagna,Subito Lavoro,AZ_IT_SUBITO_SPONSORED_ANNUNCI,16.54,1290,21,2
2025-11-10,Friuli-Venezia Giulia,Subito Lavoro,AZ_IT_SUBITO_DISPLAY_HOME,2.39,464,2,0
2025-11-10,Friuli-Venezia Giulia,Subito Lavoro,AZ_IT_SUBITO_RETARGETING,1.05,145,2,0
2025-11-10,Friuli-Venezia Giulia,Subito Lavoro,AZ_IT_SUBITO_SLOT_PREMIUM,9.57,860,12,2
2025-11-10,Friuli-Venezia Giulia,Subito Lavoro,AZ_IT_SUBITO_SPONSORED_ANNUNCI,4.61,341,6,0
2025-11-10,Lazio,Subito Lavoro,AZ_IT_SUBITO_DISPLAY_HOME,13.65,2860,11,1
2025-11-10,Lazio,Subito Lavoro,AZ_IT_SUBITO_RETARGETING,6.36,862,11,1
2025-11-10,Lazio,Subito Lavoro,AZ_IT_SUBITO_SLOT_PREMIUM,54.21,4953,61,7
2025-11-10,Lazio,Subito Lavoro,AZ_IT_SUBITO_SPONSORED_ANNUNCI,9.99,794,14,1
2025-11-10,Liguria,Subito Lavoro,AZ_IT_SUBITO_DISPLAY_HOME,3.28,676,3,0
2025-11-10,Liguria,Subito Lavoro,AZ_IT_SUBITO_RETARGETING,1.59,230,3,0
2025-11-10,Liguria,Subito Lavoro,AZ_IT_SUBITO_SLOT_PREMIUM,5.28,498,7,1
2025-11-10,Liguria,Subito Lavoro,AZ_IT_SUBITO_SPONSORED_ANNUNCI,4.67,353,6,0
2025-11-10,Lombardia,Subito Lavoro,AZ_IT_SUBITO_DISPLAY_HOME,20.94,4069,15,2
2025-11-10,Lombardia,Subito Lavoro,AZ_IT_SUBITO_RETARGETING,10.96,1614,22,2
2025-11-10,Lombardia,Subito Lavoro,AZ_IT_SUBITO_SLOT_PREMIUM,52.40,4788,72,8
2025-11-10,Lombardia,Subito Lavoro,AZ_IT_SUBITO_SPONSORED_ANNUNCI,29.47,2273,39,3
2025-11-10,Marche,Subito Lavoro,AZ_IT_SUBITO_DISPLAY_HOME,6.01,1256,5,1
2025-11-10,Marche,Subito Lavoro,AZ_IT_SUBITO_RETARGETING,1.70,246,3,0
2025-11-10,Marche,Subito Lavoro,AZ_IT_SUBITO_SLOT_PREMIUM,8.32,731,11,1
2025-11-10,Marche,Subito Lavoro,AZ_IT_SUBITO_SPONSORED_ANNUNCI,4.14,321,6,1
2025-11-10,Molise,Subito Lavoro,AZ_IT_SUBITO_DISPLAY_HOME,0.67,134,1,0
2025-11-10,Molise,Subito Lavoro,AZ_IT_SUBITO_RETARGETING,0.33,46,1,0
2025-11-10,Molise,Subito Lavoro,AZ_IT_SUBITO_SLOT_PREMIUM,1.45,136,2,0
2025-11-10,Molise,Subito Lavoro,AZ_IT_SUBITO_SPONSORED_ANNUNCI,0.74,59,1,0
2025-11-10,Piemonte,Subito Lavoro,AZ_IT_SUBITO_DISPLAY_HOME,6.80,1382,5,0
2025-11-10,Piemonte,Subito Lavoro,AZ_IT_SUBITO_RETARGETING,11.43,1633,22,1
2025-11-10,Piemonte,Subito Lavoro,AZ_IT_SUBITO_SLOT_PREMIUM,29.01,2595,39,3
2025-11-10,Piemonte,Subito Lavoro,AZ_IT_SUBITO_SPONSORED_ANNUNCI,10.17,803,15,1
2025-11-10,Puglia,Subito Lavoro,AZ_IT_SUBITO_DISPLAY_HOME,6.42,1283,5,0
2025-11-10,Puglia,Subito Lavoro,AZ_IT_SUBITO_RETARGETING,5.77,821,10,1
2025-11-10,Puglia,Subito Lavoro,AZ_IT_SUBITO_SLOT_PREMIUM,38.77,3378,48,3
2025-11-10,Puglia,Subito Lavoro,AZ_IT_SUBITO_SPONSORED_ANNUNCI,12.30,937,20,1
2025-11-10,Sardegna,Subito Lavoro,AZ_IT_SUBITO_DISPLAY_HOME,3.73,708,3,0
2025-11-10,Sardegna,Subito Lavoro,AZ_IT_SUBITO_RETARGETING,1.81,269,3,0
2025-11-10,Sardegna,Subito Lavoro,AZ_IT_SUBITO_SLOT_PREMIUM,8.26,733,9,1
2025-11-10,Sardegna,Subito Lavoro,AZ_IT_SUBITO_SPONSORED_ANNUNCI,5.88,426,8,0
2025-11-10,Sicilia,Subito Lavoro,AZ_IT_SUBITO_DISPLAY_HOME,13.35,2603,11,1
2025-11-10,Sicilia,Subito Lavoro,AZ_IT_SUBITO_RETARGETING,6.28,885,12,1
2025-11-10,Sicilia,Subito Lavoro,AZ_IT_SUBITO_SLOT_PREMIUM,30.85,2846,42,4
2025-11-10,Sicilia,Subito Lavoro,AZ_IT_SUBITO_SPONSORED_ANNUNCI,16.83,1323,22,1
2025-11-10,Toscana,Subito Lavoro,AZ_IT_SUBITO_DISPLAY_HOME,12.50,2540,8,1
2025-11-10,Toscana,Subito Lavoro,AZ_IT_SUBITO_RETARGETING,4.78,699,8,1
2025-11-10,Toscana,Subito Lavoro,AZ_IT_SUBITO_SLOT_PREMIUM,24.69,2261,31,5
2025-11-10,Toscana,Subito Lavoro,AZ_IT_SUBITO_SPONSORED_ANNUNCI,13.81,1107,18,2
2025-11-10,Trentino-Alto Adige,Subito Lavoro,AZ_IT_SUBITO_DISPLAY_HOME,1.86,385,2,0
2025-11-10,Trentino-Alto Adige,Subito Lavoro,AZ_IT_SUBITO_RETARGETING,2.35,371,4,0
2025-11-10,Trentino-Alto Adige,Subito Lavoro,AZ_IT_SUBITO_SLOT_PREMIUM,7.64,685,8,1
2025-11-10,Trentino-Alto Adige,Subito Lavoro,AZ_IT_SUBITO_SPONSORED_ANNUNCI,2.76,207,4,0
2025-11-10,Umbria,Subito Lavoro,AZ_IT_SUBITO_DISPLAY_HOME,2.36,466,2,0
2025-11-10,Umbria,Subito Lavoro,AZ_IT_SUBITO_RETARGETING,1.56,223,2,0
2025-11-10,Umbria,Subito Lavoro,AZ_IT_SUBITO_SLOT_PREMIUM,5.67,553,8,1
2025-11-10,Umbria,Subito Lavoro,AZ_IT_SUBITO_SPONSORED_ANNUNCI,3.28,256,4,0
2025-11-10,Valle d'Aosta,Subito Lavoro,AZ_IT_SUBITO_DISPLAY_HOME,0.27,53,0,0
2025-11-10,Valle d'Aosta,Subito Lavoro,AZ_IT_SUBITO_RETARGETING,0.20,27,0,0
2025-11-10,Valle d'Aosta,Subito Lavoro,AZ_IT_SUBITO_SLOT_PREMIUM,0.76,67,1,0
2025-11-10,Valle d'Aosta,Subito Lavoro,AZ_IT_SUBITO_SPONSORED_ANNUNCI,0.32,25,0,0
2025-11-10,Veneto,Subito Lavoro,AZ_IT_SUBITO_DISPLAY_HOME,9.97,2072,9,1
2025-11-10,Veneto,Subito Lavoro,AZ_IT_SUBITO_RETARGETING,7.59,1162,14,1
2025-11-10,Veneto,Subito Lavoro,AZ_IT_SUBITO_SLOT_PREMIUM,32.62,2912,41,4
2025-11-10,Veneto,Subito Lavoro,AZ_IT_SUBITO_SPONSORED_ANNUNCI,18.36,1464,23,2
2025-11-17,Abruzzo,Subito Lavoro,AZ_IT_SUBITO_DISPLAY_HOME,4.48,951,4,0
2025-11-17,Abruzzo,Subito Lavoro,AZ_IT_SUBITO_RETARGETING,3.08,425,5,0
2025-11-17,Abruzzo,Subito Lavoro,AZ_IT_SUBITO_SLOT_PREMIUM,12.54,1130,15,1
2025-11-17,Abruzzo,Subito Lavoro,AZ_IT_SUBITO_SPONSORED_ANNUNCI,7.06,536,9,1
2025-11-17,Basilicata,Subito Lavoro,AZ_IT_SUBITO_DISPLAY_HOME,1.96,401,2,0
2025-11-17,Basilicata,Subito Lavoro,AZ_IT_SUBITO_RETARGETING,1.13,167,2,0
2025-11-17,Basilicata,Subito Lavoro,AZ_IT_SUBITO_SLOT_PREMIUM,6.65,580,8,1
2025-11-17,Basilicata,Subito Lavoro,AZ_IT_SUBITO_SPONSORED_ANNUNCI,5.81,459,7,0
2025-11-17,Calabria,Subito Lavoro,AZ_IT_SUBITO_DISPLAY_HOME,9.42,1874,8,1
2025-11-17,Calabria,Subito Lavoro,AZ_IT_SUBITO_RETARGETING,6.59,965,10,1
2025-11-17,Calabria,Subito Lavoro,AZ_IT_SUBITO_SLOT_PREMIUM,16.07,1445,20,2
2025-11-17,Calabria,Subito Lavoro,AZ_IT_SUBITO_SPONSORED_ANNUNCI,18.90,1443,26,2
2025-11-17,Campania,Subito Lavoro,AZ_IT_SUBITO_DISPLAY_HOME,20.98,4279,18,1
2025-11-17,Campania,Subito Lavoro,AZ_IT_SUBITO_RETARGETING,11.68,1651,20,1
2025-11-17,Campania,Subito Lavoro,AZ_IT_SUBITO_SLOT_PREMIUM,52.08,4510,62,5
2025-11-17,Campania,Subito Lavoro,AZ_IT_SUBITO_SPONSORED_ANNUNCI,28.98,2169,34,2
2025-11-17,Emilia-Romagna,Subito Lavoro,AZ_IT_SUBITO_DISPLAY_HOME,17.87,3628,15,1
2025-11-17,Emilia-Romagna,Subito Lavoro,AZ_IT_SUBITO_RETARGETING,14.50,2011,23,2
2025-11-17,Emilia-Romagna,Subito Lavoro,AZ_IT_SUBITO_SLOT_PREMIUM,34.22,3170,44,4
2025-11-17,Emilia-Romagna,Subito Lavoro,AZ_IT_SUBITO_SPONSORED_ANNUNCI,41.63,3139,57,3
2025-11-17,Friuli-Venezia Giulia,Subito Lavoro,AZ_IT_SUBITO_DISPLAY_HOME,7.36,1502,7,1
2025-11-17,Friuli-Venezia Giulia,Subito Lavoro,AZ_IT_SUBITO_RETARGETING,2.60,389,5,0
2025-11-17,Friuli-Venezia Giulia,Subito Lavoro,AZ_IT_SUBITO_SLOT_PREMIUM,14.11,1291,17,2
2025-11-17,Friuli-Venezia Giulia,Subito Lavoro,AZ_IT_SUBITO_SPONSORED_ANNUNCI,10.11,778,14,1
2025-11-17,Lazio,Subito Lavoro,AZ_IT_SUBITO_DISPLAY_HOME,25.06,5168,20,2
2025-11-17,Lazio,Subito Lavoro,AZ_IT_SUBITO_RETARGETING,14.54,2062,23,2
2025-11-17,Lazio,Subito Lavoro,AZ_IT_SUBITO_SLOT_PREMIUM,50.95,4660,60,6
2025-11-17,Lazio,Subito Lavoro,AZ_IT_SUBITO_SPONSORED_ANNUNCI,25.28,1980,33,3
2025-11-17,Liguria,Subito Lavoro,AZ_IT_SUBITO_DISPLAY_HOME,5.72,1165,5,0
2025-11-17,Liguria,Subito Lavoro,AZ_IT_SUBITO_RETARGETING,2.38,326,4,0
2025-11-17,Liguria,Subito Lavoro,AZ_IT_SUBITO_SLOT_PREMIUM,27.36,2583,34,2
2025-11-17,Liguria,Subito Lavoro,AZ_IT_SUBITO_SPONSORED_ANNUNCI,8.99,697,10,0
2025-11-17,Lombardia,Subito Lavoro,AZ_IT_SUBITO_DISPLAY_HOME,43.44,9202,37,3
2025-11-17,Lombardia,Subito Lavoro,AZ_IT_SUBITO_RETARGETING,33.12,4866,52,5
2025-11-17,Lombardia,Subito Lavoro,AZ_IT_SUBITO_SLOT_PREMIUM,64.62,5868,87,9
2025-11-17,Lombardia,Subito Lavoro,AZ_IT_SUBITO_SPONSORED_ANNUNCI,37.35,2848,55,4
2025-11-17,Marche,Subito Lavoro,AZ_IT_SUBITO_DISPLAY_HOME,7.71,1556,6,1
2025-11-17,Marche,Subito Lavoro,AZ_IT_SUBITO_RETARGETING,4.60,668,8,1
2025-11-17,Marche,Subito Lavoro,AZ_IT_SUBITO_SLOT_PREMIUM,15.56,1345,20,2
2025-11-17,Marche,Subito Lavoro,AZ_IT_SUBITO_SPONSORED_ANNUNCI,12.48,953,16,1
2025-11-17,Molise,Subito Lavoro,AZ_IT_SUBITO_DISPLAY_HOME,1.34,263,1,0
2025-11-17,Molise,Subito Lavoro,AZ_IT_SUBITO_RETARGETING,0.76,102,1,0
2025-11-17,Molise,Subito Lavoro,AZ_IT_SUBITO_SLOT_PREMIUM,4.41,396,5,1
2025-11-17,Molise,Subito Lavoro,AZ_IT_SUBITO_SPONSORED_ANNUNCI,1.66,123,2,0
2025-11-17,Piemonte,Subito Lavoro,AZ_IT_SUBITO_DISPLAY_HOME,12.58,2592,10,1
2025-11-17,Piemonte,Subito Lavoro,AZ_IT_SUBITO_RETARGETING,10.87,1595,19,1
2025-11-17,Piemonte,Subito Lavoro,AZ_IT_SUBITO_SLOT_PREMIUM,54.54,5073,71,3
2025-11-17,Piemonte,Subito Lavoro,AZ_IT_SUBITO_SPONSORED_ANNUNCI,31.50,2293,36,2
2025-11-17,Puglia,Subito Lavoro,AZ_IT_SUBITO_DISPLAY_HOME,14.85,2979,12,1
2025-11-17,Puglia,Subito Lavoro,AZ_IT_SUBITO_RETARGETING,6.56,945,11,1
2025-11-17,Puglia,Subito Lavoro,AZ_IT_SUBITO_SLOT_PREMIUM,50.83,4509,60,5
2025-11-17,Puglia,Subito Lavoro,AZ_IT_SUBITO_SPONSORED_ANNUNCI,20.92,1555,29,1
2025-11-17,Sardegna,Subito Lavoro,AZ_IT_SUBITO_DISPLAY_HOME,6.61,1342,5,0
2025-11-17,Sardegna,Subito Lavoro,AZ_IT_SUBITO_RETARGETING,3.20,468,6,0
2025-11-17,Sardegna,Subito Lavoro,AZ_IT_SUBITO_SLOT_PREMIUM,18.79,1716,27,2
2025-11-17,Sardegna,Subito Lavoro,AZ_IT_SUBITO_SPONSORED_ANNUNCI,16.41,1211,17,1
2025-11-17,Sicilia,Subito Lavoro,AZ_IT_SUBITO_DISPLAY_HOME,17.10,3506,15,1
2025-11-17,Sicilia,Subito Lavoro,AZ_IT_SUBITO_RETARGETING,6.56,1005,12,1
2025-11-17,Sicilia,Subito Lavoro,AZ_IT_SUBITO_SLOT_PREMIUM,51.55,4577,61,6
2025-11-17,Sicilia,Subito Lavoro,AZ_IT_SUBITO_SPONSORED_ANNUNCI,43.78,3532,54,3
2025-11-17,Toscana,Subito Lavoro,AZ_IT_SUBITO_DISPLAY_HOME,16.64,3436,14,1
2025-11-17,Toscana,Subito Lavoro,AZ_IT_SUBITO_RETARGETING,7.80,1082,13,1
2025-11-17,Toscana,Subito Lavoro,AZ_IT_SUBITO_SLOT_PREMIUM,46.31,4104,54,7
2025-11-17,Toscana,Subito Lavoro,AZ_IT_SUBITO_SPONSORED_ANNUNCI,18.77,1464,27,2
2025-11-17,Trentino-Alto Adige,Subito Lavoro,AZ_IT_SUBITO_DISPLAY_HOME,7.59,1442,6,1
2025-11-17,Trentino-Alto Adige,Subito Lavoro,AZ_IT_SUBITO_RETARGETING,2.62,377,5,0
2025-11-17,Trentino-Alto Adige,Subito Lavoro,AZ_IT_SUBITO_SLOT_PREMIUM,10.21,930,12,1
2025-11-17,Trentino-Alto Adige,Subito Lavoro,AZ_IT_SUBITO_SPONSORED_ANNUNCI,7.46,588,9,1
2025-11-17,Umbria,Subito Lavoro,AZ_IT_SUBITO_DISPLAY_HOME,4.17,848,3,0
2025-11-17,Umbria,Subito Lavoro,AZ_IT_SUBITO_RETARGETING,3.30,470,5,1
2025-11-17,Umbria,Subito Lavoro,AZ_IT_SUBITO_SLOT_PREMIUM,6.10,572,9,1
2025-11-17,Umbria,Subito Lavoro,AZ_IT_SUBITO_SPONSORED_ANNUNCI,6.43,499,9,1
2025-11-17,Valle d'Aosta,Subito Lavoro,AZ_IT_SUBITO_DISPLAY_HOME,0.65,128,0,0
2025-11-17,Valle d'Aosta,Subito Lavoro,AZ_IT_SUBITO_RETARGETING,0.22,32,0,0
2025-11-17,Valle d'Aosta,Subito Lavoro,AZ_IT_SUBITO_SLOT_PREMIUM,1.54,138,2,0
2025-11-17,Valle d'Aosta,Subito Lavoro,AZ_IT_SUBITO_SPONSORED_ANNUNCI,0.64,49,1,0
2025-11-17,Veneto,Subito Lavoro,AZ_IT_SUBITO_DISPLAY_HOME,28.55,5705,24,2
2025-11-17,Veneto,Subito Lavoro,AZ_IT_SUBITO_RETARGETING,10.92,1532,17,2
2025-11-17,Veneto,Subito Lavoro,AZ_IT_SUBITO_SLOT_PREMIUM,39.36,3716,48,4
2025-11-17,Veneto,Subito Lavoro,AZ_IT_SUBITO_SPONSORED_ANNUNCI,48.31,3680,66,4
2025-11-24,Abruzzo,Subito Lavoro,AZ_IT_SUBITO_DISPLAY_HOME,19.42,3624,11,1
2025-11-24,Abruzzo,Subito Lavoro,AZ_IT_SUBITO_RETARGETING,7.49,1084,14,1
2025-11-24,Abruzzo,Subito Lavoro,AZ_IT_SUBITO_SLOT_PREMIUM,37.07,3355,47,2
2025-11-24,Abruzzo,Subito Lavoro,AZ_IT_SUBITO_SPONSORED_ANNUNCI,45.95,3338,62,2
2025-11-24,Basilicata,Subito Lavoro,AZ_IT_SUBITO_DISPLAY_HOME,8.83,1810,7,0
2025-11-24,Basilicata,Subito Lavoro,AZ_IT_SUBITO_RETARGETING,2.25,335,4,0
2025-11-24,Basilicata,Subito Lavoro,AZ_IT_SUBITO_SLOT_PREMIUM,17.13,1535,22,1
2025-11-24,Basilicata,Subito Lavoro,AZ_IT_SUBITO_SPONSORED_ANNUNCI,11.87,896,14,1
2025-11-24,Calabria,Subito Lavoro,AZ_IT_SUBITO_DISPLAY_HOME,26.01,5331,18,1
2025-11-24,Calabria,Subito Lavoro,AZ_IT_SUBITO_RETARGETING,8.82,1333,16,1
2025-11-24,Calabria,Subito Lavoro,AZ_IT_SUBITO_SLOT_PREMIUM,33.58,2970,43,3
2025-11-24,Calabria,Subito Lavoro,AZ_IT_SUBITO_SPONSORED_ANNUNCI,41.71,3137,60,3
2025-11-24,Campania,Subito Lavoro,AZ_IT_SUBITO_DISPLAY_HOME,68.72,14179,60,3
2025-11-24,Campania,Subito Lavoro,AZ_IT_SUBITO_RETARGETING,29.05,4212,54,2
2025-11-24,Campania,Subito Lavoro,AZ_IT_SUBITO_SLOT_PREMIUM,124.48,11342,133,7
2025-11-24,Campania,Subito Lavoro,AZ_IT_SUBITO_SPONSORED_ANNUNCI,111.99,8145,137,5
2025-11-24,Emilia-Romagna,Subito Lavoro,AZ_IT_SUBITO_DISPLAY_HOME,62.60,12609,44,2
2025-11-24,Emilia-Romagna,Subito Lavoro,AZ_IT_SUBITO_RETARGETING,21.70,2990,35,2
2025-11-24,Emilia-Romagna,Subito Lavoro,AZ_IT_SUBITO_SLOT_PREMIUM,158.48,14425,191,9
2025-11-24,Emilia-Romagna,Subito Lavoro,AZ_IT_SUBITO_SPONSORED_ANNUNCI,85.05,6663,119,4
2025-11-24,Friuli-Venezia Giulia,Subito Lavoro,AZ_IT_SUBITO_DISPLAY_HOME,15.85,3078,12,1
2025-11-24,Friuli-Venezia Giulia,Subito Lavoro,AZ_IT_SUBITO_RETARGETING,6.48,957,11,1
2025-11-24,Friuli-Venezia Giulia,Subito Lavoro,AZ_IT_SUBITO_SLOT_PREMIUM,32.83,2948,43,3
2025-11-24,Friuli-Venezia Giulia,Subito Lavoro,AZ_IT_SUBITO_SPONSORED_ANNUNCI,11.74,897,17,1
2025-11-24,Lazio,Subito Lavoro,AZ_IT_SUBITO_DISPLAY_HOME,66.52,12637,53,3
2025-11-24,Lazio,Subito Lavoro,AZ_IT_SUBITO_RETARGETING,29.85,4056,49,3
2025-11-24,Lazio,Subito Lavoro,AZ_IT_SUBITO_SLOT_PREMIUM,185.79,16377,216,13
2025-11-24,Lazio,Subito Lavoro,AZ_IT_SUBITO_SPONSORED_ANNUNCI,81.91,6525,112,4
2025-11-24,Liguria,Subito Lavoro,AZ_IT_SUBITO_DISPLAY_HOME,14.15,2914,11,0
2025-11-24,Liguria,Subito Lavoro,AZ_IT_SUBITO_RETARGETING,8.80,1182,15,0
2025-11-24,Liguria,Subito Lavoro,AZ_IT_SUBITO_SLOT_PREMIUM,59.65,5065,65,2
2025-11-24,Liguria,Subito Lavoro,AZ_IT_SUBITO_SPONSORED_ANNUNCI,31.77,2527,51,1
2025-11-24,Lombardia,Subito Lavoro,AZ_IT_SUBITO_DISPLAY_HOME,122.67,25146,101,5
2025-11-24,Lombardia,Subito Lavoro,AZ_IT_SUBITO_RETARGETING,64.00,8939,113,6
2025-11-24,Lombardia,Subito Lavoro,AZ_IT_SUBITO_SLOT_PREMIUM,219.02,19716,289,17
2025-11-24,Lombardia,Subito Lavoro,AZ_IT_SUBITO_SPONSORED_ANNUNCI,143.86,11691,171,8
2025-11-24,Marche,Subito Lavoro,AZ_IT_SUBITO_DISPLAY_HOME,9.19,1841,8,0
2025-11-24,Marche,Subito Lavoro,AZ_IT_SUBITO_RETARGETING,6.67,925,11,1
2025-11-24,Marche,Subito Lavoro,AZ_IT_SUBITO_SLOT_PREMIUM,34.05,3092,47,3
2025-11-24,Marche,Subito Lavoro,AZ_IT_SUBITO_SPONSORED_ANNUNCI,35.00,2786,54,3
2025-11-24,Molise,Subito Lavoro,AZ_IT_SUBITO_DISPLAY_HOME,3.18,634,3,0
2025-11-24,Molise,Subito Lavoro,AZ_IT_SUBITO_RETARGETING,1.83,263,3,0
2025-11-24,Molise,Subito Lavoro,AZ_IT_SUBITO_SLOT_PREMIUM,9.34,885,12,1
2025-11-24,Molise,Subito Lavoro,AZ_IT_SUBITO_SPONSORED_ANNUNCI,7.17,557,9,0
2025-11-24,Piemonte,Subito Lavoro,AZ_IT_SUBITO_DISPLAY_HOME,34.43,7093,29,1
2025-11-24,Piemonte,Subito Lavoro,AZ_IT_SUBITO_RETARGETING,27.92,4114,53,2
2025-11-24,Piemonte,Subito Lavoro,AZ_IT_SUBITO_SLOT_PREMIUM,87.60,7968,109,5
2025-11-24,Piemonte,Subito Lavoro,AZ_IT_SUBITO_SPONSORED_ANNUNCI,77.23,5923,92,3
2025-11-24,Puglia,Subito Lavoro,AZ_IT_SUBITO_DISPLAY_HOME,37.27,7184,32,1
2025-11-24,Puglia,Subito Lavoro,AZ_IT_SUBITO_RETARGETING,21.36,3095,35,1
2025-11-24,Puglia,Subito Lavoro,AZ_IT_SUBITO_SLOT_PREMIUM,89.03,8354,109,4
2025-11-24,Puglia,Subito Lavoro,AZ_IT_SUBITO_SPONSORED_ANNUNCI,81.63,6180,126,3
2025-11-24,Sardegna,Subito Lavoro,AZ_IT_SUBITO_DISPLAY_HOME,28.90,5713,23,1
2025-11-24,Sardegna,Subito Lavoro,AZ_IT_SUBITO_RETARGETING,11.48,1552,19,1
2025-11-24,Sardegna,Subito Lavoro,AZ_IT_SUBITO_SLOT_PREMIUM,49.93,4453,66,3
2025-11-24,Sardegna,Subito Lavoro,AZ_IT_SUBITO_SPONSORED_ANNUNCI,24.00,1914,30,1
2025-11-24,Sicilia,Subito Lavoro,AZ_IT_SUBITO_DISPLAY_HOME,89.57,18654,70,3
2025-11-24,Sicilia,Subito Lavoro,AZ_IT_SUBITO_RETARGETING,26.34,3597,48,2
2025-11-24,Sicilia,Subito Lavoro,AZ_IT_SUBITO_SLOT_PREMIUM,156.72,13839,218,8
2025-11-24,Sicilia,Subito Lavoro,AZ_IT_SUBITO_SPONSORED_ANNUNCI,94.82,7080,112,4
2025-11-24,Toscana,Subito Lavoro,AZ_IT_SUBITO_DISPLAY_HOME,44.96,8586,31,2
2025-11-24,Toscana,Subito Lavoro,AZ_IT_SUBITO_RETARGETING,21.58,3068,35,2
2025-11-24,Toscana,Subito Lavoro,AZ_IT_SUBITO_SLOT_PREMIUM,88.72,7310,103,8
2025-11-24,Toscana,Subito Lavoro,AZ_IT_SUBITO_SPONSORED_ANNUNCI,67.33,5175,94,5
2025-11-24,Trentino-Alto Adige,Subito Lavoro,AZ_IT_SUBITO_DISPLAY_HOME,14.50,2970,12,1
2025-11-24,Trentino-Alto Adige,Subito Lavoro,AZ_IT_SUBITO_RETARGETING,4.89,698,9,0
2025-11-24,Trentino-Alto Adige,Subito Lavoro,AZ_IT_SUBITO_SLOT_PREMIUM,32.61,2936,41,2
2025-11-24,Trentino-Alto Adige,Subito Lavoro,AZ_IT_SUBITO_SPONSORED_ANNUNCI,22.12,1706,31,1
2025-11-24,Umbria,Subito Lavoro,AZ_IT_SUBITO_DISPLAY_HOME,9.52,1849,7,0
2025-11-24,Umbria,Subito Lavoro,AZ_IT_SUBITO_RETARGETING,6.65,974,12,1
2025-11-24,Umbria,Subito Lavoro,AZ_IT_SUBITO_SLOT_PREMIUM,21.98,2060,29,2
2025-11-24,Umbria,Subito Lavoro,AZ_IT_SUBITO_SPONSORED_ANNUNCI,14.04,1081,18,1
2025-11-24,Valle d'Aosta,Subito Lavoro,AZ_IT_SUBITO_DISPLAY_HOME,1.41,278,1,0
2025-11-24,Valle d'Aosta,Subito Lavoro,AZ_IT_SUBITO_RETARGETING,0.45,66,1,0
2025-11-24,Valle d'Aosta,Subito Lavoro,AZ_IT_SUBITO_SLOT_PREMIUM,3.49,297,4,0
2025-11-24,Valle d'Aosta,Subito Lavoro,AZ_IT_SUBITO_SPONSORED_ANNUNCI,2.18,159,2,0
2025-11-24,Veneto,Subito Lavoro,AZ_IT_SUBITO_DISPLAY_HOME,76.10,15140,61,2
2025-11-24,Veneto,Subito Lavoro,AZ_IT_SUBITO_RETARGETING,25.48,3697,47,2
2025-11-24,Veneto,Subito Lavoro,AZ_IT_SUBITO_SLOT_PREMIUM,140.78,12759,147,8
2025-11-24,Veneto,Subito Lavoro,AZ_IT_SUBITO_SPONSORED_ANNUNCI,89.75,6899,115,4
2025-12-01,Abruzzo,Subito Lavoro,AZ_IT_SUBITO_DISPLAY_HOME,4.18,843,4,1
2025-12-01,Abruzzo,Subito Lavoro,AZ_IT_SUBITO_RETARGETING,1.76,245,3,0
2025-12-01,Abruzzo,Subito Lavoro,AZ_IT_SUBITO_SLOT_PREMIUM,5.92,549,7,2
2025-12-01,Abruzzo,Subito Lavoro,AZ_IT_SUBITO_SPONSORED_ANNUNCI,4.59,351,6,1
2025-12-01,Basilicata,Subito Lavoro,AZ_IT_SUBITO_DISPLAY_HOME,1.04,208,1,0
2025-12-01,Basilicata,Subito Lavoro,AZ_IT_SUBITO_RETARGETING,0.66,86,1,0
2025-12-01,Basilicata,Subito Lavoro,AZ_IT_SUBITO_SLOT_PREMIUM,1.87,164,3,1
2025-12-01,Basilicata,Subito Lavoro,AZ_IT_SUBITO_SPONSORED_ANNUNCI,2.18,173,3,0
2025-12-01,Calabria,Subito Lavoro,AZ_IT_SUBITO_DISPLAY_HOME,6.71,1362,5,1
2025-12-01,Calabria,Subito Lavoro,AZ_IT_SUBITO_RETARGETING,2.84,391,5,1
2025-12-01,Calabria,Subito Lavoro,AZ_IT_SUBITO_SLOT_PREMIUM,8.23,761,12,3
2025-12-01,Calabria,Subito Lavoro,AZ_IT_SUBITO_SPONSORED_ANNUNCI,4.78,380,6,1
2025-12-01,Campania,Subito Lavoro,AZ_IT_SUBITO_DISPLAY_HOME,18.21,3718,13,2
2025-12-01,Campania,Subito Lavoro,AZ_IT_SUBITO_RETARGETING,6.53,968,12,2
2025-12-01,Campania,Subito Lavoro,AZ_IT_SUBITO_SLOT_PREMIUM,37.55,3337,45,7
2025-12-01,Campania,Subito Lavoro,AZ_IT_SUBITO_SPONSORED_ANNUNCI,13.64,1023,19,2
2025-12-01,Emilia-Romagna,Subito Lavoro,AZ_IT_SUBITO_DISPLAY_HOME,20.72,4035,15,3
2025-12-01,Emilia-Romagna,Subito Lavoro,AZ_IT_SUBITO_RETARGETING,4.96,765,9,2
2025-12-01,Emilia-Romagna,Subito Lavoro,AZ_IT_SUBITO_SLOT_PREMIUM,22.72,2167,29,5
2025-12-01,Emilia-Romagna,Subito Lavoro,AZ_IT_SUBITO_SPONSORED_ANNUNCI,12.37,982,17,2
2025-12-01,Friuli-Venezia Giulia,Subito Lavoro,AZ_IT_SUBITO_DISPLAY_HOME,3.61,716,3,1
2025-12-01,Friuli-Venezia Giulia,Subito Lavoro,AZ_IT_SUBITO_RETARGETING,2.06,278,3,1
2025-12-01,Friuli-Venezia Giulia,Subito Lavoro,AZ_IT_SUBITO_SLOT_PREMIUM,7.36,645,10,2
2025-12-01,Friuli-Venezia Giulia,Subito Lavoro,AZ_IT_SUBITO_SPONSORED_ANNUNCI,5.59,421,8,1
2025-12-01,Lazio,Subito Lavoro,AZ_IT_SUBITO_DISPLAY_HOME,11.59,2300,9,2
2025-12-01,Lazio,Subito Lavoro,AZ_IT_SUBITO_RETARGETING,5.42,742,9,1
2025-12-01,Lazio,Subito Lavoro,AZ_IT_SUBITO_SLOT_PREMIUM,31.38,2932,44,8
2025-12-01,Lazio,Subito Lavoro,AZ_IT_SUBITO_SPONSORED_ANNUNCI,28.06,2126,35,5
2025-12-01,Liguria,Subito Lavoro,AZ_IT_SUBITO_DISPLAY_HOME,5.54,1141,4,1
2025-12-01,Liguria,Subito Lavoro,AZ_IT_SUBITO_RETARGETING,2.51,376,4,1
2025-12-01,Liguria,Subito Lavoro,AZ_IT_SUBITO_SLOT_PREMIUM,5.21,443,7,1
2025-12-01,Liguria,Subito Lavoro,AZ_IT_SUBITO_SPONSORED_ANNUNCI,5.25,405,6,1
2025-12-01,Lombardia,Subito Lavoro,AZ_IT_SUBITO_DISPLAY_HOME,25.35,5020,19,3
2025-12-01,Lombardia,Subito Lavoro,AZ_IT_SUBITO_RETARGETING,12.29,1759,21,3
2025-12-01,Lombardia,Subito Lavoro,AZ_IT_SUBITO_SLOT_PREMIUM,53.61,5003,64,12
2025-12-01,Lombardia,Subito Lavoro,AZ_IT_SUBITO_SPONSORED_ANNUNCI,29.17,2284,43,5
2025-12-01,Marche,Subito Lavoro,AZ_IT_SUBITO_DISPLAY_HOME,4.56,877,3,1
2025-12-01,Marche,Subito Lavoro,AZ_IT_SUBITO_RETARGETING,2.19,321,4,1
2025-12-01,Marche,Subito Lavoro,AZ_IT_SUBITO_SLOT_PREMIUM,8.94,807,10,2
2025-12-01,Marche,Subito Lavoro,AZ_IT_SUBITO_SPONSORED_ANNUNCI,7.57,562,9,1
2025-12-01,Molise,Subito Lavoro,AZ_IT_SUBITO_DISPLAY_HOME,0.79,156,1,0
2025-12-01,Molise,Subito Lavoro,AZ_IT_SUBITO_RETARGETING,0.56,78,1,0
2025-12-01,Molise,Subito Lavoro,AZ_IT_SUBITO_SLOT_PREMIUM,1.91,176,2,0
2025-12-01,Molise,Subito Lavoro,AZ_IT_SUBITO_SPONSORED_ANNUNCI,1.03,81,1,0
2025-12-01,Piemonte,Subito Lavoro,AZ_IT_SUBITO_DISPLAY_HOME,14.26,2941,12,1
2025-12-01,Piemonte,Subito Lavoro,AZ_IT_SUBITO_RETARGETING,5.06,721,9,1
2025-12-01,Piemonte,Subito Lavoro,AZ_IT_SUBITO_SLOT_PREMIUM,21.96,1900,26,3
2025-12-01,Piemonte,Subito Lavoro,AZ_IT_SUBITO_SPONSORED_ANNUNCI,13.72,1047,18,2
2025-12-01,Puglia,Subito Lavoro,AZ_IT_SUBITO_DISPLAY_HOME,6.24,1262,5,1
2025-12-01,Puglia,Subito Lavoro,AZ_IT_SUBITO_RETARGETING,6.19,934,14,1
2025-12-01,Puglia,Subito Lavoro,AZ_IT_SUBITO_SLOT_PREMIUM,23.60,2115,29,4
2025-12-01,Puglia,Subito Lavoro,AZ_IT_SUBITO_SPONSORED_ANNUNCI,19.21,1451,25,2
2025-12-01,Sardegna,Subito Lavoro,AZ_IT_SUBITO_DISPLAY_HOME,4.08,827,3,0
2025-12-01,Sardegna,Subito Lavoro,AZ_IT_SUBITO_RETARGETING,1.95,278,3,0
2025-12-01,Sardegna,Subito Lavoro,AZ_IT_SUBITO_SLOT_PREMIUM,10.41,967,14,2
2025-12-01,Sardegna,Subito Lavoro,AZ_IT_SUBITO_SPONSORED_ANNUNCI,9.96,741,12,1
2025-12-01,Sicilia,Subito Lavoro,AZ_IT_SUBITO_DISPLAY_HOME,11.47,2218,9,1
2025-12-01,Sicilia,Subito Lavoro,AZ_IT_SUBITO_RETARGETING,15.76,2248,25,4
2025-12-01,Sicilia,Subito Lavoro,AZ_IT_SUBITO_SLOT_PREMIUM,23.82,2159,33,4
2025-12-01,Sicilia,Subito Lavoro,AZ_IT_SUBITO_SPONSORED_ANNUNCI,13.74,1068,17,2
2025-12-01,Toscana,Subito Lavoro,AZ_IT_SUBITO_DISPLAY_HOME,10.38,2163,8,1
2025-12-01,Toscana,Subito Lavoro,AZ_IT_SUBITO_RETARGETING,2.62,383,5,1
2025-12-01,Toscana,Subito Lavoro,AZ_IT_SUBITO_SLOT_PREMIUM,31.56,2806,36,8
2025-12-01,Toscana,Subito Lavoro,AZ_IT_SUBITO_SPONSORED_ANNUNCI,11.31,892,14,2
2025-12-01,Trentino-Alto Adige,Subito Lavoro,AZ_IT_SUBITO_DISPLAY_HOME,2.49,506,2,0
2025-12-01,Trentino-Alto Adige,Subito Lavoro,AZ_IT_SUBITO_RETARGETING,1.45,216,3,1
2025-12-01,Trentino-Alto Adige,Subito Lavoro,AZ_IT_SUBITO_SLOT_PREMIUM,5.03,477,7,2
2025-12-01,Trentino-Alto Adige,Subito Lavoro,AZ_IT_SUBITO_SPONSORED_ANNUNCI,3.72,273,5,1
2025-12-01,Umbria,Subito Lavoro,AZ_IT_SUBITO_DISPLAY_HOME,2.87,581,3,1
2025-12-01,Umbria,Subito Lavoro,AZ_IT_SUBITO_RETARGETING,0.95,138,2,0
2025-12-01,Umbria,Subito Lavoro,AZ_IT_SUBITO_SLOT_PREMIUM,3.14,286,4,1
2025-12-01,Umbria,Subito Lavoro,AZ_IT_SUBITO_SPONSORED_ANNUNCI,1.68,125,2,0
2025-12-01,Valle d'Aosta,Subito Lavoro,AZ_IT_SUBITO_DISPLAY_HOME,0.60,119,0,0
2025-12-01,Valle d'Aosta,Subito Lavoro,AZ_IT_SUBITO_RETARGETING,0.13,19,0,0
2025-12-01,Valle d'Aosta,Subito Lavoro,AZ_IT_SUBITO_SLOT_PREMIUM,0.83,77,1,0
2025-12-01,Valle d'Aosta,Subito Lavoro,AZ_IT_SUBITO_SPONSORED_ANNUNCI,0.38,28,1,0
2025-12-01,Veneto,Subito Lavoro,AZ_IT_SUBITO_DISPLAY_HOME,11.34,2369,10,2
2025-12-01,Veneto,Subito Lavoro,AZ_IT_SUBITO_RETARGETING,7.24,1013,14,2
2025-12-01,Veneto,Subito Lavoro,AZ_IT_SUBITO_SLOT_PREMIUM,25.02,2170,31,6
2025-12-01,Veneto,Subito Lavoro,AZ_IT_SUBITO_SPONSORED_ANNUNCI,16.40,1278,23,3
2025-12-08,Abruzzo,Subito Lavoro,AZ_IT_SUBITO_DISPLAY_HOME,7.24,1385,5,1
2025-12-08,Abruzzo,Subito Lavoro,AZ_IT_SUBITO_RETARGETING,2.98,436,5,1
2025-12-08,Abruzzo,Subito Lavoro,AZ_IT_SUBITO_SLOT_PREMIUM,7.32,660,9,1
2025-12-08,Abruzzo,Subito Lavoro,AZ_IT_SUBITO_SPONSORED_ANNUNCI,5.91,461,8,1
2025-12-08,Basilicata,Subito Lavoro,AZ_IT_SUBITO_DISPLAY_HOME,2.28,434,2,0
2025-12-08,Basilicata,Subito Lavoro,AZ_IT_SUBITO_RETARGETING,1.15,168,2,0
2025-12-08,Basilicata,Subito Lavoro,AZ_IT_SUBITO_SLOT_PREMIUM,4.72,419,6,1
2025-12-08,Basilicata,Subito Lavoro,AZ_IT_SUBITO_SPONSORED_ANNUNCI,3.00,232,4,0
2025-12-08,Calabria,Subito Lavoro,AZ_IT_SUBITO_DISPLAY_HOME,10.11,1986,8,1
2025-12-08,Calabria,Subito Lavoro,AZ_IT_SUBITO_RETARGETING,7.29,1066,14,1
2025-12-08,Calabria,Subito Lavoro,AZ_IT_SUBITO_SLOT_PREMIUM,23.05,2061,29,3
2025-12-08,Calabria,Subito Lavoro,AZ_IT_SUBITO_SPONSORED_ANNUNCI,11.08,815,15,1
2025-12-08,Campania,Subito Lavoro,AZ_IT_SUBITO_DISPLAY_HOME,28.11,5567,26,2
2025-12-08,Campania,Subito Lavoro,AZ_IT_SUBITO_RETARGETING,17.42,2566,31,2
2025-12-08,Campania,Subito Lavoro,AZ_IT_SUBITO_SLOT_PREMIUM,65.95,6410,104,7
2025-12-08,Campania,Subito Lavoro,AZ_IT_SUBITO_SPONSORED_ANNUNCI,36.28,2781,52,3
2025-12-08,Emilia-Romagna,Subito Lavoro,AZ_IT_SUBITO_DISPLAY_HOME,19.86,3972,16,1
2025-12-08,Emilia-Romagna,Subito Lavoro,AZ_IT_SUBITO_RETARGETING,11.44,1687,22,2
2025-12-08,Emilia-Romagna,Subito Lavoro,AZ_IT_SUBITO_SLOT_PREMIUM,48.04,4468,66,6
2025-12-08,Emilia-Romagna,Subito Lavoro,AZ_IT_SUBITO_SPONSORED_ANNUNCI,37.84,2756,52,3
2025-12-08,Friuli-Venezia Giulia,Subito Lavoro,AZ_IT_SUBITO_DISPLAY_HOME,7.65,1547,6,1
2025-12-08,Friuli-Venezia Giulia,Subito Lavoro,AZ_IT_SUBITO_RETARGETING,2.90,420,5,1
2025-12-08,Friuli-Venezia Giulia,Subito Lavoro,AZ_IT_SUBITO_SLOT_PREMIUM,21.79,1975,28,3
2025-12-08,Friuli-Venezia Giulia,Subito Lavoro,AZ_IT_SUBITO_SPONSORED_ANNUNCI,4.49,348,6,0
2025-12-08,Lazio,Subito Lavoro,AZ_IT_SUBITO_DISPLAY_HOME,19.95,4113,16,1
2025-12-08,Lazio,Subito Lavoro,AZ_IT_SUBITO_RETARGETING,19.70,2757,30,3
2025-12-08,Lazio,Subito Lavoro,AZ_IT_SUBITO_SLOT_PREMIUM,48.74,4385,54,7
2025-12-08,Lazio,Subito Lavoro,AZ_IT_SUBITO_SPONSORED_ANNUNCI,40.28,3173,53,4
2025-12-08,Liguria,Subito Lavoro,AZ_IT_SUBITO_DISPLAY_HOME,4.19,839,3,0
2025-12-08,Liguria,Subito Lavoro,AZ_IT_SUBITO_RETARGETING,3.45,506,6,0
2025-12-08,Liguria,Subito Lavoro,AZ_IT_SUBITO_SLOT_PREMIUM,25.44,2214,32,2
2025-12-08,Liguria,Subito Lavoro,AZ_IT_SUBITO_SPONSORED_ANNUNCI,11.28,811,16,1
2025-12-08,Lombardia,Subito Lavoro,AZ_IT_SUBITO_DISPLAY_HOME,52.03,10262,44,4
2025-12-08,Lombardia,Subito Lavoro,AZ_IT_SUBITO_RETARGETING,17.57,2597,31,3
2025-12-08,Lombardia,Subito Lavoro,AZ_IT_SUBITO_SLOT_PREMIUM,115.11,10108,131,12
2025-12-08,Lombardia,Subito Lavoro,AZ_IT_SUBITO_SPONSORED_ANNUNCI,45.81,3351,57,3
2025-12-08,Marche,Subito Lavoro,AZ_IT_SUBITO_DISPLAY_HOME,9.17,1821,8,1
2025-12-08,Marche,Subito Lavoro,AZ_IT_SUBITO_RETARGETING,3.47,501,5,1
2025-12-08,Marche,Subito Lavoro,AZ_IT_SUBITO_SLOT_PREMIUM,12.84,1190,18,2
2025-12-08,Marche,Subito Lavoro,AZ_IT_SUBITO_SPONSORED_ANNUNCI,9.42,708,12,1
2025-12-08,Molise,Subito Lavoro,AZ_IT_SUBITO_DISPLAY_HOME,1.26,257,1,0
2025-12-08,Molise,Subito Lavoro,AZ_IT_SUBITO_RETARGETING,0.66,94,1,0
2025-12-08,Molise,Subito Lavoro,AZ_IT_SUBITO_SLOT_PREMIUM,2.72,245,3,0
2025-12-08,Molise,Subito Lavoro,AZ_IT_SUBITO_SPONSORED_ANNUNCI,1.98,149,2,0
2025-12-08,Piemonte,Subito Lavoro,AZ_IT_SUBITO_DISPLAY_HOME,22.58,4445,17,1
2025-12-08,Piemonte,Subito Lavoro,AZ_IT_SUBITO_RETARGETING,8.88,1286,15,1
2025-12-08,Piemonte,Subito Lavoro,AZ_IT_SUBITO_SLOT_PREMIUM,42.36,3795,46,5
2025-12-08,Piemonte,Subito Lavoro,AZ_IT_SUBITO_SPONSORED_ANNUNCI,14.40,1107,18,1
2025-12-08,Puglia,Subito Lavoro,AZ_IT_SUBITO_DISPLAY_HOME,17.00,3392,14,1
2025-12-08,Puglia,Subito Lavoro,AZ_IT_SUBITO_RETARGETING,11.32,1590,19,1
2025-12-08,Puglia,Subito Lavoro,AZ_IT_SUBITO_SLOT_PREMIUM,34.93,2946,37,4
2025-12-08,Puglia,Subito Lavoro,AZ_IT_SUBITO_SPONSORED_ANNUNCI,21.38,1723,30,1
2025-12-08,Sardegna,Subito Lavoro,AZ_IT_SUBITO_DISPLAY_HOME,10.51,2070,7,1
2025-12-08,Sardegna,Subito Lavoro,AZ_IT_SUBITO_RETARGETING,7.60,1061,15,1
2025-12-08,Sardegna,Subito Lavoro,AZ_IT_SUBITO_SLOT_PREMIUM,17.50,1580,21,2
2025-12-08,Sardegna,Subito Lavoro,AZ_IT_SUBITO_SPONSORED_ANNUNCI,8.69,671,11,1
2025-12-08,Sicilia,Subito Lavoro,AZ_IT_SUBITO_DISPLAY_HOME,20.04,4078,17,1
2025-12-08,Sicilia,Subito Lavoro,AZ_IT_SUBITO_RETARGETING,12.99,1864,25,2
2025-12-08,Sicilia,Subito Lavoro,AZ_IT_SUBITO_SLOT_PREMIUM,53.82,5278,73,6
2025-12-08,Sicilia,Subito Lavoro,AZ_IT_SUBITO_SPONSORED_ANNUNCI,23.88,1779,29,2
2025-12-08,Toscana,Subito Lavoro,AZ_IT_SUBITO_DISPLAY_HOME,11.43,2329,8,1
2025-12-08,Toscana,Subito Lavoro,AZ_IT_SUBITO_RETARGETING,12.24,1754,21,2
2025-12-08,Toscana,Subito Lavoro,AZ_IT_SUBITO_SLOT_PREMIUM,34.71,3215,44,6
2025-12-08,Toscana,Subito Lavoro,AZ_IT_SUBITO_SPONSORED_ANNUNCI,21.21,1479,28,3
2025-12-08,Trentino-Alto Adige,Subito Lavoro,AZ_IT_SUBITO_DISPLAY_HOME,5.03,1036,4,0
2025-12-08,Trentino-Alto Adige,Subito Lavoro,AZ_IT_SUBITO_RETARGETING,2.80,391,5,1
2025-12-08,Trentino-Alto Adige,Subito Lavoro,AZ_IT_SUBITO_SLOT_PREMIUM,7.88,706,10,2
2025-12-08,Trentino-Alto Adige,Subito Lavoro,AZ_IT_SUBITO_SPONSORED_ANNUNCI,5.36,426,8,1
2025-12-08,Umbria,Subito Lavoro,AZ_IT_SUBITO_DISPLAY_HOME,3.08,613,2,0
2025-12-08,Umbria,Subito Lavoro,AZ_IT_SUBITO_RETARGETING,1.86,270,3,0
2025-12-08,Umbria,Subito Lavoro,AZ_IT_SUBITO_SLOT_PREMIUM,8.25,754,12,1
2025-12-08,Umbria,Subito Lavoro,AZ_IT_SUBITO_SPONSORED_ANNUNCI,5.62,428,8,1
2025-12-08,Valle d'Aosta,Subito Lavoro,AZ_IT_SUBITO_DISPLAY_HOME,0.56,112,0,0
2025-12-08,Valle d'Aosta,Subito Lavoro,AZ_IT_SUBITO_RETARGETING,0.40,58,1,0
2025-12-08,Valle d'Aosta,Subito Lavoro,AZ_IT_SUBITO_SLOT_PREMIUM,1.09,97,1,0
2025-12-08,Valle d'Aosta,Subito Lavoro,AZ_IT_SUBITO_SPONSORED_ANNUNCI,0.81,64,1,0
2025-12-08,Veneto,Subito Lavoro,AZ_IT_SUBITO_DISPLAY_HOME,18.11,3503,13,1
2025-12-08,Veneto,Subito Lavoro,AZ_IT_SUBITO_RETARGETING,13.57,1882,24,2
2025-12-08,Veneto,Subito Lavoro,AZ_IT_SUBITO_SLOT_PREMIUM,64.32,6171,82,8
2025-12-08,Veneto,Subito Lavoro,AZ_IT_SUBITO_SPONSORED_ANNUNCI,32.41,2502,50,3
2025-12-15,Abruzzo,Subito Lavoro,AZ_IT_SUBITO_DISPLAY_HOME,6.10,1161,4,0
2025-12-15,Abruzzo,Subito Lavoro,AZ_IT_SUBITO_RETARGETING,3.79,552,6,0
2025-12-15,Abruzzo,Subito Lavoro,AZ_IT_SUBITO_SLOT_PREMIUM,9.30,869,12,1
2025-12-15,Abruzzo,Subito Lavoro,AZ_IT_SUBITO_SPONSORED_ANNUNCI,13.23,1010,16,1
2025-12-15,Basilicata,Subito Lavoro,AZ_IT_SUBITO_DISPLAY_HOME,2.83,559,2,0
2025-12-15,Basilicata,Subito Lavoro,AZ_IT_SUBITO_RETARGETING,1.65,233,3,0
2025-12-15,Basilicata,Subito Lavoro,AZ_IT_SUBITO_SLOT_PREMIUM,7.34,672,9,1
2025-12-15,Basilicata,Subito Lavoro,AZ_IT_SUBITO_SPONSORED_ANNUNCI,4.02,303,5,0
2025-12-15,Calabria,Subito Lavoro,AZ_IT_SUBITO_DISPLAY_HOME,5.69,1130,5,1
2025-12-15,Calabria,Subito Lavoro,AZ_IT_SUBITO_RETARGETING,6.88,1019,12,1
2025-12-15,Calabria,Subito Lavoro,AZ_IT_SUBITO_SLOT_PREMIUM,17.42,1551,22,4
2025-12-15,Calabria,Subito Lavoro,AZ_IT_SUBITO_SPONSORED_ANNUNCI,8.42,656,11,1
2025-12-15,Campania,Subito Lavoro,AZ_IT_SUBITO_DISPLAY_HOME,27.30,5433,24,2
2025-12-15,Campania,Subito Lavoro,AZ_IT_SUBITO_RETARGETING,15.19,2102,25,2
2025-12-15,Campania,Subito Lavoro,AZ_IT_SUBITO_SLOT_PREMIUM,58.91,5469,71,6
2025-12-15,Campania,Subito Lavoro,AZ_IT_SUBITO_SPONSORED_ANNUNCI,49.49,3910,68,4
2025-12-15,Emilia-Romagna,Subito Lavoro,AZ_IT_SUBITO_DISPLAY_HOME,16.90,3484,14,1
2025-12-15,Emilia-Romagna,Subito Lavoro,AZ_IT_SUBITO_RETARGETING,14.73,2103,26,2
2025-12-15,Emilia-Romagna,Subito Lavoro,AZ_IT_SUBITO_SLOT_PREMIUM,66.28,6104,86,7
2025-12-15,Emilia-Romagna,Subito Lavoro,AZ_IT_SUBITO_SPONSORED_ANNUNCI,37.63,2978,51,3
2025-12-15,Friuli-Venezia Giulia,Subito Lavoro,AZ_IT_SUBITO_DISPLAY_HOME,4.88,938,4,0
2025-12-15,Friuli-Venezia Giulia,Subito Lavoro,AZ_IT_SUBITO_RETARGETING,2.81,403,5,1
2025-12-15,Friuli-Venezia Giulia,Subito Lavoro,AZ_IT_SUBITO_SLOT_PREMIUM,11.70,1081,13,2
2025-12-15,Friuli-Venezia Giulia,Subito Lavoro,AZ_IT_SUBITO_SPONSORED_ANNUNCI,6.81,531,9,1
2025-12-15,Lazio,Subito Lavoro,AZ_IT_SUBITO_DISPLAY_HOME,15.27,2908,12,1
2025-12-15,Lazio,Subito Lavoro,AZ_IT_SUBITO_RETARGETING,20.65,2959,34,3
2025-12-15,Lazio,Subito Lavoro,AZ_IT_SUBITO_SLOT_PREMIUM,52.49,4852,63,6
2025-12-15,Lazio,Subito Lavoro,AZ_IT_SUBITO_SPONSORED_ANNUNCI,31.11,2388,38,3
2025-12-15,Liguria,Subito Lavoro,AZ_IT_SUBITO_DISPLAY_HOME,4.77,904,4,0
2025-12-15,Liguria,Subito Lavoro,AZ_IT_SUBITO_RETARGETING,5.69,860,12,1
2025-12-15,Liguria,Subito Lavoro,AZ_IT_SUBITO_SLOT_PREMIUM,13.97,1267,17,2
2025-12-15,Liguria,Subito Lavoro,AZ_IT_SUBITO_SPONSORED_ANNUNCI,9.89,779,13,1
2025-12-15,Lombardia,Subito Lavoro,AZ_IT_SUBITO_DISPLAY_HOME,47.81,9447,39,4
2025-12-15,Lombardia,Subito Lavoro,AZ_IT_SUBITO_RETARGETING,42.81,6285,77,8
2025-12-15,Lombardia,Subito Lavoro,AZ_IT_SUBITO_SLOT_PREMIUM,66.91,5784,78,9
2025-12-15,Lombardia,Subito Lavoro,AZ_IT_SUBITO_SPONSORED_ANNUNCI,46.42,3490,48,5
2025-12-15,Marche,Subito Lavoro,AZ_IT_SUBITO_DISPLAY_HOME,5.75,1205,4,1
2025-12-15,Marche,Subito Lavoro,AZ_IT_SUBITO_RETARGETING,3.38,488,6,1
2025-12-15,Marche,Subito Lavoro,AZ_IT_SUBITO_SLOT_PREMIUM,14.71,1343,19,2
2025-12-15,Marche,Subito Lavoro,AZ_IT_SUBITO_SPONSORED_ANNUNCI,7.97,631,12,1
2025-12-15,Molise,Subito Lavoro,AZ_IT_SUBITO_DISPLAY_HOME,1.55,321,1,0
2025-12-15,Molise,Subito Lavoro,AZ_IT_SUBITO_RETARGETING,0.85,122,1,0
2025-12-15,Molise,Subito Lavoro,AZ_IT_SUBITO_SLOT_PREMIUM,3.78,339,4,0
2025-12-15,Molise,Subito Lavoro,AZ_IT_SUBITO_SPONSORED_ANNUNCI,2.80,208,4,0
2025-12-15,Piemonte,Subito Lavoro,AZ_IT_SUBITO_DISPLAY_HOME,21.44,4424,16,1
2025-12-15,Piemonte,Subito Lavoro,AZ_IT_SUBITO_RETARGETING,15.09,2222,27,2
2025-12-15,Piemonte,Subito Lavoro,AZ_IT_SUBITO_SLOT_PREMIUM,38.06,3320,46,3
2025-12-15,Piemonte,Subito Lavoro,AZ_IT_SUBITO_SPONSORED_ANNUNCI,36.79,2893,56,2
2025-12-15,Puglia,Subito Lavoro,AZ_IT_SUBITO_DISPLAY_HOME,14.31,2815,11,1
2025-12-15,Puglia,Subito Lavoro,AZ_IT_SUBITO_RETARGETING,16.15,2219,27,2
2025-12-15,Puglia,Subito Lavoro,AZ_IT_SUBITO_SLOT_PREMIUM,34.95,3007,43,3
2025-12-15,Puglia,Subito Lavoro,AZ_IT_SUBITO_SPONSORED_ANNUNCI,27.68,2187,39,2
2025-12-15,Sardegna,Subito Lavoro,AZ_IT_SUBITO_DISPLAY_HOME,7.32,1412,5,0
2025-12-15,Sardegna,Subito Lavoro,AZ_IT_SUBITO_RETARGETING,8.40,1234,15,1
2025-12-15,Sardegna,Subito Lavoro,AZ_IT_SUBITO_SLOT_PREMIUM,20.77,1876,26,2
2025-12-15,Sardegna,Subito Lavoro,AZ_IT_SUBITO_SPONSORED_ANNUNCI,8.49,657,12,1
2025-12-15,Sicilia,Subito Lavoro,AZ_IT_SUBITO_DISPLAY_HOME,23.29,4722,19,1
2025-12-15,Sicilia,Subito Lavoro,AZ_IT_SUBITO_RETARGETING,13.56,1915,23,1
2025-12-15,Sicilia,Subito Lavoro,AZ_IT_SUBITO_SLOT_PREMIUM,59.34,5190,73,7
2025-12-15,Sicilia,Subito Lavoro,AZ_IT_SUBITO_SPONSORED_ANNUNCI,33.80,2618,46,2
2025-12-15,Toscana,Subito Lavoro,AZ_IT_SUBITO_DISPLAY_HOME,10.24,2153,9,1
2025-12-15,Toscana,Subito Lavoro,AZ_IT_SUBITO_RETARGETING,7.98,1103,15,2
2025-12-15,Toscana,Subito Lavoro,AZ_IT_SUBITO_SLOT_PREMIUM,34.29,2955,40,6
2025-12-15,Toscana,Subito Lavoro,AZ_IT_SUBITO_SPONSORED_ANNUNCI,26.84,2079,36,3
2025-12-15,Trentino-Alto Adige,Subito Lavoro,AZ_IT_SUBITO_DISPLAY_HOME,4.13,822,3,0
2025-12-15,Trentino-Alto Adige,Subito Lavoro,AZ_IT_SUBITO_RETARGETING,3.89,559,7,1
2025-12-15,Trentino-Alto Adige,Subito Lavoro,AZ_IT_SUBITO_SLOT_PREMIUM,11.10,1036,14,1
2025-12-15,Trentino-Alto Adige,Subito Lavoro,AZ_IT_SUBITO_SPONSORED_ANNUNCI,6.64,506,8,1
2025-12-15,Umbria,Subito Lavoro,AZ_IT_SUBITO_DISPLAY_HOME,4.70,916,4,0
2025-12-15,Umbria,Subito Lavoro,AZ_IT_SUBITO_RETARGETING,2.66,376,4,1
2025-12-15,Umbria,Subito Lavoro,AZ_IT_SUBITO_SLOT_PREMIUM,5.45,512,7,1
2025-12-15,Umbria,Subito Lavoro,AZ_IT_SUBITO_SPONSORED_ANNUNCI,5.86,442,7,1
2025-12-15,Valle d'Aosta,Subito Lavoro,AZ_IT_SUBITO_DISPLAY_HOME,0.47,94,0,0
2025-12-15,Valle d'Aosta,Subito Lavoro,AZ_IT_SUBITO_RETARGETING,0.44,65,1,0
2025-12-15,Valle d'Aosta,Subito Lavoro,AZ_IT_SUBITO_SLOT_PREMIUM,1.04,96,2,0
2025-12-15,Valle d'Aosta,Subito Lavoro,AZ_IT_SUBITO_SPONSORED_ANNUNCI,0.74,58,1,0
2025-12-15,Veneto,Subito Lavoro,AZ_IT_SUBITO_DISPLAY_HOME,26.01,5141,20,2
2025-12-15,Veneto,Subito Lavoro,AZ_IT_SUBITO_RETARGETING,9.07,1289,16,1
2025-12-15,Veneto,Subito Lavoro,AZ_IT_SUBITO_SLOT_PREMIUM,36.28,3413,48,4
2025-12-15,Veneto,Subito Lavoro,AZ_IT_SUBITO_SPONSORED_ANNUNCI,28.87,2220,38,3
2025-12-22,Abruzzo,Subito Lavoro,AZ_IT_SUBITO_DISPLAY_HOME,28.45,5994,26,1
2025-12-22,Abruzzo,Subito Lavoro,AZ_IT_SUBITO_RETARGETING,15.97,2345,25,1
2025-12-22,Abruzzo,Subito Lavoro,AZ_IT_SUBITO_SLOT_PREMIUM,72.97,6381,83,2
2025-12-22,Abruzzo,Subito Lavoro,AZ_IT_SUBITO_SPONSORED_ANNUNCI,42.30,3277,55,1
2025-12-22,Basilicata,Subito Lavoro,AZ_IT_SUBITO_DISPLAY_HOME,14.24,2841,13,0
2025-12-22,Basilicata,Subito Lavoro,AZ_IT_SUBITO_RETARGETING,9.94,1446,16,0
2025-12-22,Basilicata,Subito Lavoro,AZ_IT_SUBITO_SLOT_PREMIUM,31.66,2863,39,1
2025-12-22,Basilicata,Subito Lavoro,AZ_IT_SUBITO_SPONSORED_ANNUNCI,20.72,1622,28,1
2025-12-22,Calabria,Subito Lavoro,AZ_IT_SUBITO_DISPLAY_HOME,30.56,6322,26,1
2025-12-22,Calabria,Subito Lavoro,AZ_IT_SUBITO_RETARGETING,27.94,3939,47,2
2025-12-22,Calabria,Subito Lavoro,AZ_IT_SUBITO_SLOT_PREMIUM,163.89,14896,189,6
2025-12-22,Calabria,Subito Lavoro,AZ_IT_SUBITO_SPONSORED_ANNUNCI,56.88,4500,79,2
2025-12-22,Campania,Subito Lavoro,AZ_IT_SUBITO_DISPLAY_HOME,115.63,23591,88,2
2025-12-22,Campania,Subito Lavoro,AZ_IT_SUBITO_RETARGETING,100.80,14092,174,4
2025-12-22,Campania,Subito Lavoro,AZ_IT_SUBITO_SLOT_PREMIUM,315.61,28991,340,10
2025-12-22,Campania,Subito Lavoro,AZ_IT_SUBITO_SPONSORED_ANNUNCI,253.85,19335,335,6
2025-12-22,Emilia-Romagna,Subito Lavoro,AZ_IT_SUBITO_DISPLAY_HOME,98.91,20132,78,2
2025-12-22,Emilia-Romagna,Subito Lavoro,AZ_IT_SUBITO_RETARGETING,66.94,9794,92,2
2025-12-22,Emilia-Romagna,Subito Lavoro,AZ_IT_SUBITO_SLOT_PREMIUM,385.06,35070,493,11
2025-12-22,Emilia-Romagna,Subito Lavoro,AZ_IT_SUBITO_SPONSORED_ANNUNCI,175.26,13190,228,4
2025-12-22,Friuli-Venezia Giulia,Subito Lavoro,AZ_IT_SUBITO_DISPLAY_HOME,40.09,8309,35,1
2025-12-22,Friuli-Venezia Giulia,Subito Lavoro,AZ_IT_SUBITO_RETARGETING,21.55,3123,31,1
2025-12-22,Friuli-Venezia Giulia,Subito Lavoro,AZ_IT_SUBITO_SLOT_PREMIUM,94.15,8135,122,4
2025-12-22,Friuli-Venezia Giulia,Subito Lavoro,AZ_IT_SUBITO_SPONSORED_ANNUNCI,36.63,2814,46,1
2025-12-22,Lazio,Subito Lavoro,AZ_IT_SUBITO_DISPLAY_HOME,201.40,41841,159,5
2025-12-22,Lazio,Subito Lavoro,AZ_IT_SUBITO_RETARGETING,93.20,13201,159,4
2025-12-22,Lazio,Subito Lavoro,AZ_IT_SUBITO_SLOT_PREMIUM,257.03,22931,332,9
2025-12-22,Lazio,Subito Lavoro,AZ_IT_SUBITO_SPONSORED_ANNUNCI,283.33,21669,371,9
2025-12-22,Liguria,Subito Lavoro,AZ_IT_SUBITO_DISPLAY_HOME,48.52,9634,37,1
2025-12-22,Liguria,Subito Lavoro,AZ_IT_SUBITO_RETARGETING,14.79,2168,28,0
2025-12-22,Liguria,Subito Lavoro,AZ_IT_SUBITO_SLOT_PREMIUM,85.61,7802,110,2
2025-12-22,Liguria,Subito Lavoro,AZ_IT_SUBITO_SPONSORED_ANNUNCI,89.76,6591,115,1
2025-12-22,Lombardia,Subito Lavoro,AZ_IT_SUBITO_DISPLAY_HOME,357.28,69077,273,8
2025-12-22,Lombardia,Subito Lavoro,AZ_IT_SUBITO_RETARGETING,112.60,15783,207,6
2025-12-22,Lombardia,Subito Lavoro,AZ_IT_SUBITO_SLOT_PREMIUM,503.73,45202,671,18
2025-12-22,Lombardia,Subito Lavoro,AZ_IT_SUBITO_SPONSORED_ANNUNCI,353.59,26916,439,10
2025-12-22,Marche,Subito Lavoro,AZ_IT_SUBITO_DISPLAY_HOME,31.91,6339,27,1
2025-12-22,Marche,Subito Lavoro,AZ_IT_SUBITO_RETARGETING,20.38,2916,33,1
2025-12-22,Marche,Subito Lavoro,AZ_IT_SUBITO_SLOT_PREMIUM,66.85,6199,84,3
2025-12-22,Marche,Subito Lavoro,AZ_IT_SUBITO_SPONSORED_ANNUNCI,57.35,4315,72,3
2025-12-22,Molise,Subito Lavoro,AZ_IT_SUBITO_DISPLAY_HOME,9.16,1809,8,0
2025-12-22,Molise,Subito Lavoro,AZ_IT_SUBITO_RETARGETING,3.22,450,6,0
2025-12-22,Molise,Subito Lavoro,AZ_IT_SUBITO_SLOT_PREMIUM,13.34,1229,14,1
2025-12-22,Molise,Subito Lavoro,AZ_IT_SUBITO_SPONSORED_ANNUNCI,7.58,578,9,0
2025-12-22,Piemonte,Subito Lavoro,AZ_IT_SUBITO_DISPLAY_HOME,75.68,15761,69,1
2025-12-22,Piemonte,Subito Lavoro,AZ_IT_SUBITO_RETARGETING,61.04,8654,108,2
2025-12-22,Piemonte,Subito Lavoro,AZ_IT_SUBITO_SLOT_PREMIUM,245.07,23441,339,7
2025-12-22,Piemonte,Subito Lavoro,AZ_IT_SUBITO_SPONSORED_ANNUNCI,183.52,14237,277,4
2025-12-22,Puglia,Subito Lavoro,AZ_IT_SUBITO_DISPLAY_HOME,54.69,11084,40,1
2025-12-22,Puglia,Subito Lavoro,AZ_IT_SUBITO_RETARGETING,46.50,6726,82,2
2025-12-22,Puglia,Subito Lavoro,AZ_IT_SUBITO_SLOT_PREMIUM,214.88,19853,271,7
2025-12-22,Puglia,Subito Lavoro,AZ_IT_SUBITO_SPONSORED_ANNUNCI,115.17,8277,128,3
2025-12-22,Sardegna,Subito Lavoro,AZ_IT_SUBITO_DISPLAY_HOME,34.62,6583,25,1
2025-12-22,Sardegna,Subito Lavoro,AZ_IT_SUBITO_RETARGETING,21.52,2955,38,1
2025-12-22,Sardegna,Subito Lavoro,AZ_IT_SUBITO_SLOT_PREMIUM,54.44,5124,74,2
2025-12-22,Sardegna,Subito Lavoro,AZ_IT_SUBITO_SPONSORED_ANNUNCI,59.59,4609,83,2
2025-12-22,Sicilia,Subito Lavoro,AZ_IT_SUBITO_DISPLAY_HOME,123.87,24194,91,2
2025-12-22,Sicilia,Subito Lavoro,AZ_IT_SUBITO_RETARGETING,72.59,10563,120,3
2025-12-22,Sicilia,Subito Lavoro,AZ_IT_SUBITO_SLOT_PREMIUM,264.92,23521,340,9
2025-12-22,Sicilia,Subito Lavoro,AZ_IT_SUBITO_SPONSORED_ANNUNCI,114.93,9047,161,3
2025-12-22,Toscana,Subito Lavoro,AZ_IT_SUBITO_DISPLAY_HOME,122.62,24146,91,4
2025-12-22,Toscana,Subito Lavoro,AZ_IT_SUBITO_RETARGETING,37.75,5483,68,3
2025-12-22,Toscana,Subito Lavoro,AZ_IT_SUBITO_SLOT_PREMIUM,174.06,16524,231,10
2025-12-22,Toscana,Subito Lavoro,AZ_IT_SUBITO_SPONSORED_ANNUNCI,107.56,8377,135,4
2025-12-22,Trentino-Alto Adige,Subito Lavoro,AZ_IT_SUBITO_DISPLAY_HOME,33.81,6928,27,1
2025-12-22,Trentino-Alto Adige,Subito Lavoro,AZ_IT_SUBITO_RETARGETING,15.96,2354,32,1
2025-12-22,Trentino-Alto Adige,Subito Lavoro,AZ_IT_SUBITO_SLOT_PREMIUM,52.33,4941,70,2
2025-12-22,Trentino-Alto Adige,Subito Lavoro,AZ_IT_SUBITO_SPONSORED_ANNUNCI,31.02,2330,42,1
2025-12-22,Umbria,Subito Lavoro,AZ_IT_SUBITO_DISPLAY_HOME,22.55,4440,18,1
2025-12-22,Umbria,Subito Lavoro,AZ_IT_SUBITO_RETARGETING,9.92,1473,17,1
2025-12-22,Umbria,Subito Lavoro,AZ_IT_SUBITO_SLOT_PREMIUM,51.70,4666,68,2
2025-12-22,Umbria,Subito Lavoro,AZ_IT_SUBITO_SPONSORED_ANNUNCI,40.08,3252,57,1
2025-12-22,Valle d'Aosta,Subito Lavoro,AZ_IT_SUBITO_DISPLAY_HOME,3.84,792,3,0
2025-12-22,Valle d'Aosta,Subito Lavoro,AZ_IT_SUBITO_RETARGETING,1.48,216,3,0
2025-12-22,Valle d'Aosta,Subito Lavoro,AZ_IT_SUBITO_SLOT_PREMIUM,6.23,559,8,0
2025-12-22,Valle d'Aosta,Subito Lavoro,AZ_IT_SUBITO_SPONSORED_ANNUNCI,3.47,258,4,0
2025-12-22,Veneto,Subito Lavoro,AZ_IT_SUBITO_DISPLAY_HOME,127.77,24677,103,3
2025-12-22,Veneto,Subito Lavoro,AZ_IT_SUBITO_RETARGETING,57.12,8356,106,2
2025-12-22,Veneto,Subito Lavoro,AZ_IT_SUBITO_SLOT_PREMIUM,299.47,26983,397,10
2025-12-22,Veneto,Subito Lavoro,AZ_IT_SUBITO_SPONSORED_ANNUNCI,150.37,11632,193,3
